0 1
1 0
2 1
3 1
4 4
5 10
6 34
7 112
8 398
9 1443
10 5387
11 20482
12 79177
13 310102
14 1228187
15 4910413
16 19792582
17 80343445
18 328159601
19 1347699906
20 5561774999
21 23052871229
22 95926831442
23 400587408251
24 1678251696379
25 7051768702245
26 29710764875014
27 125490472650111
28 531258537380459
29 2253853075723198
30 9580847573829709
31 40802036119570027
32 174062866944947654
33 743753062684860429
34 3182776772002492025
35 13639509753326113618
36 58528903272693886703
37 251471066137447344171
38 1081736252335192606460
39 4658462837096800596803
40 20082886480641867516101
41 86665890974572673270471
42 374357857762494113971726
43 1618534924134040240634721
44 7003815843983811739876201
45 30332439847016275555965129
46 131469075884557346095335680
47 570253891513808218067712073
48 2475295342909601364233596255
49 10751933216659749325621019491
50 46734148946684827021084536572
51 203263131130125680167815967987
52 884602836328620582336560192485
53 3852060388094676617251898755549
54 16783521474031488886696354522232
55 73165961825366626710092521696797
56 319126115738949137761948260102899
57 1392626360348062658827349988012776
58 6080202820372337815492921990822043
59 26558607877179929234575514110471211
60 116061802437417345846170184534544748
61 507415130803027444679911223800004498
62 2219326928092962228809216408883993682
63 9710842215695422309890707443364386584
64 42507398713467427598508901083480904438
65 186139575271239787672412567340556262189
66 815406682038061973267112528843530863817
67 3573273095504423600556470871893365688258
68 15664257454120449325787894792173430582095
69 68691112635876851253712780389900713516435
70 301324261008136998938564308852008092123060
71 1322227918758018499621045390135273831597283
72 5803810982094495322170762059834285118373117
73 25483033102927890096860406001086092168137203
74 111922206569917763677973878952233522227180826
75 491705663792927317794258993502729165781617513
76 2160800220019807846145788432155895736535486157
77 9498199060011246164769917760713034978197433871
78 41762076277299055476091543316412092219019679870
79 183668253843135131388843542692053377932014237661
80 807968560532735307051161216435884795821041555297
81 3555170512740573923973683402469237754038506079153
82 15646938583890550826579955839039813605293188046128
83 68880889860260229948664686673926583691090222970781
84 303295593329885033095830134239851710238467399447479
85 1335761961955217077653427077070111194010147773583615
86 5884172399181763353412778993839625973783944132469800
87 25925841081376090016657624236366789603495259419980879
88 114253457506039724075552426116372798265052393850865201
89 503608246944391587935759085081907605333847890689664160
90 2220247166066358846319484181217819070120592449080192577
91 9790230458827357946907800716062652379789877774765347769
92 43178321886283965216092627299844999302511137086086365148
93 190466268286338488267811642422762773504622375028870174101
94 840326633446907578722379330036770233265296592128082619631
95 3708124052173238822519521794676499405325514369508154182624
96 16365709353705279820808789480715365169205853778369123834847
97 72241756972886874166492415826807415786741143345565029198591
98 318943043419250386660631651673078671724270995574887263829152
99 1408341139874662654696639144710177797183998706400900772278435
100 6219723372435434707210202244890565990787415039518039315058249
101 27472701165682930265748227286459934190119652403484397698475719
102 121366101711035808012941782221918764615984472313587025317453490
103 536238373926007581615420753154821589610008861957194991975401313
104 2369635565877292201974345341728945839184544626434312262696384049
105 10472905542422107536915012303439257914327288369880768137398858044
106 46292813827711974972897972678859231591044882860380947696751198853
107 204653690745431456424907151183101200849574472799843486173764676137
108 904865578002208709664320095845299235462894915435919840249887795776
109 4001344515901824163785024351125432848208193183663886394896627964757
110 17696368508290282988228963426353177548689495776429549163157602630771
111 78274023334718728863877890843096500699532491371504173885790824820196
112 346262493892614618580469925283559316082926575034787498194705087785279
113 1531956950112429293247145760498896773464548591803063571175085129727628
114 6778600379638395105575458966566082322589807998427189740383888795587251
115 29997491383198765374826183322777864058899043367869488586052470261282623
116 132764014525457553620031803432390439094565702542630816799995340951629024
117 587659105572144299250432971755379808078087454015409877423654677138827206
118 2601473236547440105705700629489622753777323233558762920409549659428663090
119 11517579532776614994361733331891324359728748889679490480964570569392434980
120 50997657723177084064381503260644609092459136726825409067904103476274606690
121 225832061949751945151107732422565003307655896834224265333986257876225692771
122 1000153266382179593496016363737775888529080243175717903567656986652991161087
123 4429883957948724319635805959126697046297002852565443875628893569240059687718
124 19622857131917754313424495300020142425441012995359862003245555515591246866617
125 86931168395053126276863132531071347012266245298382158011208540213994367654870
126 385151394891347163531865611782816813200036204295747643976285434527088008548939
127 1706590933490103439259271938712321697430780313158898961579697413658624607032781
128 7562558153653252445789887935698304527127627551678750974473417453619604444825014
129 33515731609107224036076224150101083229248265167499029951152785226422403078183773
130 148548656633814119259349936301771544290204418878589059150034930853458142283463769
131 658458155012612288370168860035154527619768967744281384199328685364036366231331522
132 2918948642048904453031865841044583307481301662545007864344387308715705052241729439
133 12940854528900883468260647021383977102505967810632088456396659621941847794108727939
134 57376903421995849215078112498685003043754920940266574189134513116426559873667570580
135 254418296460657396508265691555229234374736156808918023474902306011463914931384185523
136 1128226002237724028321886885566570101963883381417624665684672696284814330989594168653
137 5003568596549795553113610031798763174480949461469964127791779490524859800711547019251
138 22192134279637656642543614113455678427281216287319904841712847407041981150000516717290
139 98435834507544434337983588470658636406346059673736657993740539344887105902737127870073
140 436658400466260377777393995871252143824493539195283702711022334084941362477295237500301
141 1937154913869866543745971933295180546149557715127441945508611890568768681137909974539831
142 8594494572740990312953776842719492809557091809857485405278454196588579849508460553803926
143 38133732215863221152918099327665025869370470257253453308829069333129911175608628809229021
144 169211860539553792783674226169121103765545608148238236180529113988895246948418556452340121
145 750903885484968158139976296952406750962228749927036862580230987687147882377929018696526669
146 3332495102827387769858501712029987869909408195832764956130573628656372443759227074361661260
147 14790602643965664374923316811124777055631925325183152956701941770827349626708960535336342437
148 65649734493557246942522330887644980268395990419590456630537255595720090407474847386031332971
149 291414001571200082715058778866336632208202534196518469610573498164096604798044182543468926211
150 1293652944295621473885364223016014208614931338635422903604463317282407788602681366304044726264
151 5743209686722480806706282240255802353657324168703160502973428311662901617187683207521878232947
152 25498855952785837074408338114602606097107517938913874632262545180931051010867188866510440514797
153 113217996072542174106675323253754265172423332442716583200500962628529460626624332778520149070996
154 502734395400398433199690544789456073593952968412847171613551112565790735946512107045007149503945
155 2232491074790481891613682198799326823283840528591165252006680237373982086971480256755521662488517
156 9914447023350442643720299436777917888132276485526779327931632203214127102209441487529226756286312
157 44032621118103273141934626095697372130573895970408227041073106193851965915190676376751751699695835
158 195572373850952105021389509871023265942480923645654169525233445874022480990738764418291048563765429
159 868694476749272169240161958505130671309411891107587182601880339482661953994063636314979046470052012
160 3858805251628193968574459988629617074627799328777874076338185422521208653569039459291495140732215457
161 17142121903186352274029688241897425669305741281244951403154077737139995113154896518056572846850113477
162 76155608255902856099903171234591834812748095322182405221187250978518019926813267437547230324375079196
163 338348674198204054606571393042379411075470833492676608487199671893200030158130543025290655633522924173
164 1503322061434775616170319014172450571977671946880997278918101375047946817041406748022762562013499384707
165 6679812009693351098757812381431310752300607384800013554686438391496359615849646177291279960982761262725
166 29682522573668319511570102220217851125908430791452205667210066950142381063247412883686828751103219995886
167 131905053717426527204088734377945235373089672522146584738611532218394480689604861418833395808510596020763
168 586200028917079028073258481220193347078675036239025815009121571651787898882202222943684057760348971793027
169 2605275907706687147586645921286126636992884024400589145158512358162858686961303407486999592096457806521872
170 11579367006670601486985283230733187842526471831080392679982823482646047883476304461615672343735663151889443
171 51468184374329544580636060541156912304747695612384137837620495582720617195914380015634095009961900293358011
172 228778675117201747551600031753369420039365831416799882547118857010094531391277449494923217050785492680145396
173 1016985197564067685358009235027443467417475637522767345985881815750088302104688887931847498759316587282048855
174 4521014094629867599260727345014597814844650463517400885471427920703894333774193639543560045740875155461271189
175 20099209293736426992351331526525111426911325601529551554758662521578398527742179395884405504539805846076982288
176 89360114157837076741741016695232651736849652662954594150517082070083445431266045614478432671297180122533599253
177 397310315540460968716923098895306411536064966113082444066552852685175237602492868507834398384473015713764570220
178 1766595450926652865092040775421258510218405142970875605158739459091033872540300269322107518644284053089651174441
179 7855345232302290142494993567337026341918214510190490636790706196670370685530665308353026631462498905441900322613
180 34931248820748420004015199280031186062932272376704008571326484272536505633394828389443505078306623531239227927448
181 155340029884151029046165192431293487099183187799148798556924763338936839252819011953669565204422145240772341686826
182 690832667091932536243259903220368172311326044224382707632936627216132475423630315873468112411641063548853272754614
183 3072432376476107775209368437524494467214527019592592970240021894105844397010049590243173618177121470822983823373732
184 13665060745734162851584282520637926966541453393745658601684433264175642698733693704001391075581497568779425222966094
185 60779951712099249640760328803744359098362741223252038036333271478235333274171082242445802488777009801855180266719737
186 270351306548224149178320435733189960854932473868855895554971316446588835092043243487238170697886566410826151705763797
187 1202584837293447507858772892871317467776806665968189259502545701296102463810925299338578333960370378581822147392403098
188 5349607241636297943357183046263852284424344133678967170801251640675183083243799432285502337893253477960654454284038331
189 23798347041030281806255198768027054396894410126154893293617772725041482742133129382445743312720882398141363261968472017
190 105874216754362382035306031276577821380098866166847409382992495733466527746860267988421393950228097162357929213286585826
191 471033671544126460350953096535482553811859170914905913597336247227141176088961472454452353203382204614701094225079920023
192 2095713106932919710116307080167868315995724757630321149402873023826981264206300418530744640716165268995303898045149336847
193 9324587932695878472488737385920545355800768641777385737498291795972550032386060175689859594309359720054947231759860109455
194 41490170961609654843704772047154491019545865834304839341413901819039950502082618482215544636923413283410669358477457812480
195 184619840864777438595958251070793541040599013204045189907705376980574654513361563980012634407889096530405355955348848958995
196 821540374145487210726142064669318526542283605708187951472902069324697073834208415497795584746791375423172726031912988575737
197 3655919829438015440384961217476895262503343732507093584040265533353968881349608751506959755144893802706869543214712525106131
198 16269771476135603813112061197523556759161318357931349913988533302164950737542710003985143212190270295142186132036257284782934
199 72407425595946592133565926627033856543786256192168408448757674618614742379972500540049346528143885430196643911154352169939409
200 322256328241252767510983481672254846047813173387241292341117457715414570986125529300088051242512538889869853388195011548886421
201 1434287880125834107712359480526252850040945898867907343519849637088093817125712641771804298438864513964346530134460219996734696
202 6383921878388606235555637319470980232415453042237293476131005463405571230392500195692546505091439684038855882615187772207628285
203 28415480046034154735774505055790752327928179208800209978632114858404929151929873793490782318914970377677969183828266248469648477
204 126484837996217885758932333639932813673486447735637351619543076699583156394749401948117749247045618667174830561737967235630756436
205 563038147178707835415906786396635834548206188851649350170783385659657322457785714830259700962076121087447449804842550734764617631
206 2506414510577474218695500102875639286011295424192088234297471968264315974031338776117583760707579314405992223539574250911691793917
207 11157927699773483992228624915392694371743514477869937420640455567550862012562160187136073998925430986192943245850874119869404174648
208 49674054515448888295476553169118124673724539232955706114849596920438119004988290726734555083074788523934567016792028514524833150989
209 221152038597083739351797458329166872502944801573339956155449244189617178802319374747095484288262157964461201299876571970128824237908
210 984617178595439424271571601428493619909723944906722067218482009742200573033099345267615352878891222595489735889181562767581375031289
211 4383881936503366414966273339248739536188031585766521950081223995154959491163093563830696835845855025260576425055764311671230555900429
212 19519339919874459158705079659530974841824313691298691845320898792718423984108534762738745463960344023162447065758275057009789775906896
213 86913272183523471421716498949570208568179856395260954764340968431217854318177221493966757659616001838304122674213189081457643427160942
214 387009505618265973921078245511542876256817339795312649807464350243330011220808989578542547100317311709217432237323876918268504187647914
215 1723342443731467957419685541748400228375280747903126032220010670262966463976617195451872671775998043951058216305514600593199941342826172
216 7674247872090694312584346216864726099128949911146439601303767635571696398040600337802107045824007467202663800745642738657067490836545306
217 34175447803282095484201555463710915124477501058956995785927854368535407173210436724707251269477310347997506246920099203190605092780289429
218 152197187653785003156910085602045562507595307530960934419645403709484803477618685652892091018285533971111231687181607763131071700909071365
219 677817744652112550994207895252369189300868867492334237819608841216159031883833222323781826495144285916746670363526811534433244470941194710
220 3018790719823736611575577100835004551539214671818930344792182458232582720782207266743804510967338653461692087697085864719908341490295478975
221 13445183017217343156775441846440360424429569190621365448476272936649509805307685909301306949068219336483263090905177765351688794893424659649
222 59884433587643180959843035407456728070840432539304473281350849708440174225017110210466272869475782887274854988941085574626767995290823828086
223 266731659923629233446839871845158408668375322468576370798758277943372330163977785796572099374460239611166274538497572027500667170360303497339
224 1188087597082426834639143001352814114996483281789738501076266664709338159314310415610706437247942269431881983936047245542969024145678234183983
225 5292191007870719880672879484850988451678133539392782967734532742184535126782095026316474307915260883608006229285231567341253038636616398118784
226 23574125728516973498412040727626974383087085122400655964927946299050166596918020404010294316936934634941496670015322045728227963991333138754735
227 105014338490957282237898037941467444664175361885285960748640061594468968520042851805053594306974950224237892698218048455074122138808918411078639
228 467815290833656950590510263383280562219374727338133821378406173113639166623534148217881276418634789809649617084092305750560760300589980786171004
229 2084072957449639606495191708366228845324882222202803350397551914719579214584334873962068156307462589583837790645084198361087831422260723635729106
230 9284617268563987953819826101116847081758784498310739418654789565292013718286287940823156071220159089379176042503423103306873318169448439980863170
231 41364479689644285839200622546951546871474869287086023673938647945132373939315524227400023762705892824859687969230946680372887141510779062957480016
232 184290729717075881044796956274077859772639354816456304775167529087518100365150811696244650616086232630126509644940841446842674629474254444516597318
233 821091715641041637608260988681422458690449286529848197840252400249961124501985883090737925266747961099553670733152361051124041419026260092249610357
234 3658406856087433039872064943203139296870704481710973897602445090620675202680329008338591695547783817937649628372300270775132547771877693792201918577
235 16300629677816900891435880991872382881353448426796817785891853001160956100099663041223097009800089133307206856283239700127490073249804982722210066738
236 72632117211166718055272617120843193641160370144754840462191144214220402767156882665363799070004913041955458066241174533053562249784570121580421043663
237 323641994649017621558150860233265693084525804882922782157291715263158027892396549941911369684462257229619486680608206984679161738402237703478923990978
238 1442157777113863024376555161651638514299081118917764197340341928889782489628731757804642989777873328793954220815581733120499218971758374588467807521093
239 6426467661211779167108866761021477890881714224842082776017908371159597462594549566670737906900051691619960156042298700046260770671977808424025549226203
240 28638048596598284643769841067144562067176951759588750186875062073016835358780717762446953611355779151346718337921468509364165746471296072838735562678882
241 127622123187908064947571535531633930493383802834727205961358301583986574319406983487206095670784351666410733372489005207891731150524973484388545494823393
242 568747973725137917026014019399504032961776282853734175195013208783418486848387404105199353509498416264588952582191956399386429582202781817114018159355905
243 2534690973657431142852045222684237283158006164324589913575346536817815850866583667892875185843130260903011477049041849413530849368206223183702533239460814
244 11296433238710184955977734834696852806623126352436334106285421976715877479971627863909377422300933668558419159113964475953203201831813983356544306824829099
245 50346436381889646105735201805109295589354783449110210238721498286284998532812833550791458951045719869362878673131718615393275167492527147881478638069968941
246 224391868433305938244567176161998964331670671601575259107864258333362166399342932397397622535374359194281262194133771411458728556543771150411071140220486006
247 1000129845317338172064726044767482292703103957990750645624735255932852393264428221961018203348278118386514630481103259266681620963557764985331699608027162607
248 4457757764715680589833226995709671848023725439162242653646216327359170158724019952055564978582976808077063369748545304042263976781756999700470670139625456155
249 19869514726149516771416087305025178970788102124687272379322683533904376944453589897061272543181429675300491845273107907161184230809564588113057140353957251701
250 88566337771129905381401180669054377466919144420831179548549171109217325275594012751216745240989276517909189666293805073506503302337105158441006483107770576022
251 394785014589159068029016838394150910217672734797518861586682061830614893688978044443056702154516913501362361311177855126221794520941169734836760767258616344287
252 1759799106615609449814976688791409996463729080604833335133014656422557556792820138944155171630782488736122830360288800522584662173510161126173657651990503867035
253 7844692140880462657585387352044256588835367240855345792802551004514272488722268302684756090939123827107713997835070050115376210041413235509513603910312658178574
254 34970272157961952539050008484403935677847155242168013797154123488308731752578142015716015285755920718533107359481857813827548346618383761994740224323238994637357
255 155895053060974819278856898415200510430946121951294313805243109970223138138055369537834393123167340374428495900604742253440665570053667785252204740460911560243547
256 694985574182883018025867504636590143809774742487581833866454917451222617195264859288315715802368839489852700586695102086000010570484965213303558467476155241015734
257 3098341616129966857822984509620756333360709206627949239253339057677382047523398836468403995487461483303652490381497098438794354127342432183226141276421471873725981
258 13813151868837639774891848707201420258476467585301752463432039868615409463503481203900467074861418478291081916613749226522818195881370244688663953888691314769762713
259 61583755756061552186034533027187143991667980055075261674919905143623750622949225262187188772667246644800431926691179451200306204383471171287169200476388185400119106
260 274567656900240139580005125811080986463328728951512166288552916846898258085901190756543443274338027835555533237297689363313920878935120918104627560037209767075851103
261 1224171683561704726187822058377016839592864982489719922812736558227130011394578950330771208559907313078728961516312742883371242571371592756759594903039673755672100883
262 5458143536269009777821166609005061990383594118361034631337978150729457424753556836577422639966154086321489200958915141560538303050574206968272350632165874952086766532
263 24336446902969746159422258792099906825223885721523450856734838594982065896480618175886207216126018040499983839558891315722797796791156407101513606148026884435090680819
264 108512286562696035480387083330831501388391761426914336425377508308163174430961390488426376676714541073184929490478179926969620355439218874693242401805096953481777773053
265 483849291116958205778474601356514467279697219671755380015250747765301971736142679893921088716374157014795673452115511476580346323433155305667316913654395844261068640739
266 2157499395454298368100405834936993851650000529579021020989066547009302395824196805722989358453531882453796167332364493416776310442403004505985959871244545265513700954282
267 9620564707572156825169890113555999262397494787682727614920226598731830500275825911514811290781158993036877183061892216762765309649816103793287697936617605902242632442473
268 42900236464507306351463951396674874524147004042611652825706281552556121776075743969182364228597160417090706064159642972914803585321120758815060798226133600669281093525405
269 191305729260306002846046799124340291453876538526986917663035165325862156319607385307803995683010054816632620074387690073886940524169120656359906534901408874499621380211015
270 853110659063543163838049845687408272776082166407178897121712381741985486129719618379338706340795852678335115338438193340913625098409210364541824216903020001117916640387990
271 3804449234185131369330436457594686415423118388341618572030853475858952071137561657926697422414725883882319441320497663956106804236031089039572328542314957987727867719996653
272 16966301681020441926563293111336419367958888562167021194994706582168776198500701146935638457097269244347878355751040960253885111992242042209968294698567829887871763652542985
273 75664379875392937846871187843902944119194671029280208555597631856552980117259842479730033123746034006871512811370983795791469365135363097178968022307497070363700669967615645
274 337446248320248587667850244601666110022807683405446172833590954093272539497377653964119070251992401568602755634618989818891627720721431362671691876396322299317982708468016236
275 1504965351353217697620965604248008022865020355571875220444152937931510051554482709848353098521871150730695637615800937262507661795233805910028303746541665441978025908141855957
276 6712079701608476901884748554184147773411717411215445416959299988400934458344341478192114391133114532224798600890415792781980452684826765671251172051409202625381255766455774619
277 29936177914217628956716956899932024368135902212417801233344706391263962683734148445934565994728089099940240408743968714880149587613734006609627229213414183863360690270997939363
278 133519340315260910988380730558626929713087955793132218587386454745887505238245605268925000285038362722508727788352701642166886243383042228505404243986423334120386654401808261256
279 595525720220879487665466699135680835233341871945483001260358117251075019689745137468276247938974370044728316134170468526152332835475216171315756426582517925841432812669497328931
280 2656227845707680400992161207080696260838170178257340871865912025150766658021382475429302747325444406904298596274960728604037747034884907224402449607979978004061442686670141885069
281 11847822082402832520118705724713185351808041398685849672157389555846816412232499683166177644676601767349288882002423552609777853957986745609064739285302310182335491979138480026740
282 52846965986068962715792195436510798621191702873128265555663878600610845049056030765365282749841771054888469060795917198280843870271630705827264374370881792343660525380576304063113
283 235727294246538300031022065487618315188765273006415863835718956222056430745307217835852469613580849634269924958930889542531787705418777632584689594812352986491025040854284085507045
284 1051496670986734088238040436535005029125171836946812337207300844386513636496709862576285960168405003564008934635765847872700663473693058158742757011186249051633825704184628071177736
285 4690445491037784354548708560780025693661638713391874124350153250113086343910572655418148563966166046038435875824339652726912909741047929691495879858479566247280859375489717100348707
286 20923213540010427650653683810954415061077909140881269573908576229427695856663997829009941690852410093039896813651984952294394606475259902075850362577656580182472257633719194926983437
287 93336331579198057682051617630593108534882611283274255517375115484087739538708059213498360077697148619827275611385123309682944994100586588279899077915461241598627574872885922992760780
288 416371560160904975012678085048384534814483510951717035547330363568025251098440026982357245864188580262250185061747557462157884318927002270099506177141267095388712150569046849238567289
289 1857459366937291963409207873526383879603581474118904310500258884021782984888216288704521036602195597635047070521741990289309696156320366537680798269271617789048850894583716939454216577
290 8286391829057386324296265156676860189662620835354658172543800838088692993364411000485121371297473841243524619238399654738280596077301196129395046767586413916303999353173129730386180152
291 36967444824380486631725963702656406205781322792778832483519661863363848592814864435596562701446508066172827502774422583143037828111474621537287871702813471226933150233795100598540513525
292 164922979382854189782073365151153998854886983616085701749180264201285399973440021256711708384617559755057904950825234006023004735331610035163478140746690170220660789388819512063664290391
293 735784487832672386727548036366156460290300561820387390444425291575228036770871896176139176689122498053512247502842002610120388233336307441756342924963318341818870740547978290876187137673
294 3282673941547004083683068036754104360022462131772560241893240591392796885765178630976708890829717288902649666845252503100590761097362459278701252782855264246179867177605551133018145930718
295 14645779111385061469176542538109325927685238266244387780139889841518616155504316716314467541581869705030113040843380266182870136128185440873683643620060524630686319640798668073284013056287
296 65343857984021861017758032808370104345630800509616819526849993910084285361992333642431053990901596790759943294763028357584067689062091337660162478147132276817990368221281129381605348983743
297 291544312548193337088269583916486270940507526891247790308527371864866934836115015229117379149614467824102109290805141419042759321895032368777371242520791274126139904514380213554257244365524
298 1300803908989729770137944234388011517868941690365847322338303290726902547381940006597694898759605471431156475030939834253989574146302920953690214936898174557660993272466855879776474643539035
299 5803987936931307208307454046973831305534436745288953466659551347030272529884627576121744590944184251205440499270556796543361965958018962839616971580571076612706619947559295590328131693121799
300 25896944573599569306697306430092250594441561695514507628172654817131325586483735984594428392353285839909488961536651266728115838280093622315420374476810891352419845073706973258961678416494128
301 115552105321633981147943653640354027071219346776801814229797770171040223894361623409551514429944261515206011791171928393740033480914788543921642137454816195651329080107988781900749174074908683
302 515601839766498460658950654366394108972757198400942329761363771037291285683771771772833543057418804006709344151697009381367208347468191496334093182918590280247924543670479854212858294556189725
303 2300690855244867288642805331237178077029455689248424312907621388853599099446963433467907748855771062479835403500179941244029429420037719028489314305264123763959838748711082331208260782516418316
304 10266188605258531519579181058919634092280477555121512955315779996964224282564573588143566217415015198023283688777107808512817279843555855453512689380338888956242554399104248240515168748144598433
305 45810742214466893357824004372963456305692115680214625353575963633551088285888859485316045402568815568322147319055432576542536495629575310811441014003557879541025319696840655938190040568488116488
306 204424285285315578823222851080592390103110560936187871627335072483481969006906655125137668584799467648315801002727734791322642280445646588245146936739662695014926697869551064530785270591536819481
307 912230674970453970878436720600633073034451380839323317917504559605192994198040406819730209599605280063001909888796192512856382739718651398564321671572218219409758582052326952874669462965184371409
308 4070838130664773178368975210993145224023253013843097100538869120973563046657965537096016913191276557914912289056589872468870387361275588347767347673659601606186474442228954416687502767745429947292
309 18166444164442322165129600297525409109586881644580791863350926291281744252991706929921470295605937307123039772789433664361330883368444431049562743300702037028170855928649554121854576487538291966014
310 81070511014115832320551557576441341989183240928518934722347920925739682638357839455378260266243808481435438602022986275265421492370563893231760118001885168526333897761860125933264686370990568062822
311 361795145878375801385058935857982443112553255041531950358800156598445438004549033758904742333444306947880536183925499542498629514315211329623014008036419549976628493958726116669552539103844296594952
312 1614616401669237586017603171367388789957103836961773423417685232251576978488144873142014582375955202394025641809217042610632022610617260962573769052582074593742117468043185039733664346479487715325498
313 7205808879976851219259219762843029184907708878120917516192328381743403838496416215673199030365052180625744285166178323106520323591442360698744031440019433739786893881231083081788245697435674186273401
314 32159021815557633141213408675518850282823509851595722387638905893282898305955300600711036574486448092061648879071727990244983840274446421500140748559891235711894474430517621801877552573074020703590017
315 143525672501348714473642711733996366301958551454836184977735554776632943638624941942940117918805766705724207668441646023220921744017248217630126320471142062283987022404503321848207846695274288965124966
316 640564663302382328064797927760317844240563714202456853539362566472754345034234456635595835797462593702895455969045861352782792381385540419215523675089538998002393528506694073166612561078175644639455243
317 2858926224088265852186754281453892889298242401649382219913499846687265834261865560134400369363264187299749985679035186297456737905279187289185587495702553418260065033147232260968075620510331047237382407
318 12759964387526085037273023835498380520361274341451614291476333037460593470747782637146657255374686166607433332968718666566719711540325363802163247854822639635302833192622378054439898358057268314056308700
319 56951147333730927408213997395218085791188801422057004982276221542259859695485311269195926600833473149993516607334683248149893733386071445194085846455989824292405072338198629935232211696916219468045791255
320 254192044297193022962937359403827150977549263168958077684394518651267381119653751726288544786752531532330707129379507047919256011403397629517295432286368786176570498999712390306538077126660182131646791985
321 1134560998203459614935593521329999781050772183063246357480842392438815952133738005977995891734429777809011516479956928004482836146981201028655038766063830674797901653173265412014764966991415688013932617557
322 5064074969016392615178459864119994851558090323854007160973959750014561926589029108566501748688326012621584443906886758316239270399639607510792884953123961857708443038984348541874985014876666348846640158812
323 22603658793656473395634434707268297476841563890133682461041566202761664687110658961577347687510278589501285982882179740202088065334511996458712863993215061594696793048202347840991021913056602866361909435933
324 100893609735263345574593829788639591837954246527651721670544566508487627496489971282532037758984904406652526330139050549198345447212259497911734853699340855416698324527789479386652587647068350221192841097459
325 450354845337253857905731231366868909823522189740335947974978357895257500688565048847545231030940731434655101641054696089857089480171590016766813983911187590131676661445290679748658026480074362851191902591449
326 2010260050948429599233394236144716258928376627574010886387458367388376201073537034646682024842276489207319334353478831455432417876732564053273024082553250233802269718030822037644541025854214313284898089148042
327 8973375253049851101173125721855057755615319338563162328761255866679336120723420922805093655372093235447465767412549858039348244040963423719559931260934081377733258266130721671931208350459230688850027808390667
328 40055814222970083223489872057988153985039042250222239918138498511421452114959303364836618851429575706669000375889097516961780300301129804243000836298951364565607709438221808505712210574177740732906017230401471
329 178805720114923752013653768371562672767729312002468428097512035351627423117173756978384541083907665655077590885791715454827212273239626918609798196463704892754757992155091402498618900839288613797275458448108700
330 798184562815657538208720061510126786866980953388641015307467761083461037326349842039187107948817802907313742069885994342660786880097786291912262313395651508792047631457454294597064046086823674822369014157521427
331 3563126781010625005100176806036102596472548329326539953828083678887649963032830519457805763974899644832926771814896581932185701520855107986987088760586167855571276262495366432645329673672214862617191121518583367
332 15906155558083106849251454877398171454167670118723369785627988118405278181401952371448927140576650833252535890173648409704950659374434987860356449291006802956154530495094544490652159536805266941189123734077637960
333 71007649667038503900710629203691228062956937227372343958186175831786060027693710544136487692272466929232023364709742175029300742369326005709509143901935567445222919039809136736847264560644782886001137577593753949
334 316993952390562043019098243585086646747581835170509094771850492920474688050899311141983251438118831537050086133310993044351908718892953257050073410161604994179700250082523040216526140603273914027764220056006988387
335 1415150752798243683360657881523673643282343725093065299806352569532361397429377260124753005578297989717230332204460073260167686121972709754566706645234776250680690785669776047635038715382005821055425799642088122372
336 6317718809195896498086771260305618763878056395388985690141031760728898882342341778940534518529808691563994433996235869480400327184803138456883582343752542544558226605743346016401624246154895567696060191270110694487
337 28204843777713037206747963394742308645099292328221337777610056978167072003548248473163842434698057569668045231283376544363308711225611204226364034590264310408982272832197648089229398843486088925767364226877672602976
338 125919471121859923271763482921698445527731204789611195455440229931929523469669530489803396624474910737761741226304145505939211575760989181307953903891786878400603239441848173186044797529221664868521046964297361469623
339 562170218872943527669260468417690976234520066142782566500841433474208883305346699641696764072812338806470933269606933988165837938759744580434891955877645913045827847084342076445320985740507154766049841502809787028487
340 2509854218437426130227996404895253911929998008310367919531410238707215686488408058107566172285245211529476069367964121842181258855945258705574021429743214630708129534094133457952996622709497623844270333760020944525660
341 11205592953825424370390575927389945811241385181455711109333391985693660204696905432162296707286336321721321019083115627803588815526568572724095884460267432662763244047027482953546466529397479554314551553991404590581886
342 50029577912397022300554923883935421672053842991371127289121148612841223268637937318799352648401331223705503249794109761441103453094807851374419848356013415115992425462966808317371609768229838613494750014325589416466518
343 223369798571236198050029812618896678361083300153717838557720582045197609332753885583835659227535119386914182094885952433507346339018944447438503860243069963646191063617860204400385144675584668289746030402704438256814992
344 997304206511738796128536397266537909880426921720157104730804240040717237219859053392835551790562909363833445337283469748912910883074594128606839878519881975109887521415515839227894562964588239486304093168108476492783162
345 4452832933965149319301736661246302656879649968632996847118827103482349684771809490602931005668705194874785394748292758696477783831789388540631344584947601093039589533558545919402666942302789349061973270093217946323139803
346 19881569748876740420707044342910067401940435527016833772015743707008893666859132429501059615593630767146541967641471520050458198553663214513510976803507586999177337996044696687916193715740370417134447491973874202898652831
347 88770860321734620833564444616923701437155700222144472528704379625658841693405576047300403082652505006272056858772864706971873289482054902153246826002036534299455183065707714315125202960110496117443300818977313663995501150
348 396365314294210162864378002820920168184381029575785396950377978715269887543596927148751067944499213801195347943252933769593152271690515968784492853843056055132245741891114928845208769273266144554194858943616573929976051521
349 1769808517684622964966058126583183321169779627855737410367531835499870643120568622326479104104447627073577006459330858465167954000446523777749960763927826399543841423888436346198226142383538472413300926266690910666571338619
350 7902460116648467357064727969779675983281969754018945497214000079109133556505081791084257184771706098344892535449700870817780048704982819399179139566712619756363825044573436326466595690543021606135574002696658454275128429550
351 35286103762003852050499252427582964654420969711812708420649555386846902713694833590501827822438917663797017639525760443701735493273572583671738436152186729994283561204463934086735433552219603561654748860970638970703499525653
352 157561618368027524652678596841888292056928143242230659842382103754863753320018722058721058892319401323075885441473657212989979066450357420658046638232353942819956730387914179564999972799574813450453341540827905980735101700037
353 703562138840183034812383371520620571466673424150656278153790847696523049012434571456710731656895244164580305764573751925661453435036662241360918505436024593691931467613563625329861964850094178627934061439412523313454143807848
354 3141664172776213745067257460577352257039383136513241347181672555612512593817647436243633865178073711763271632525834805611813962757699599047521012383053631337456384370179582891988875370986758893314184868439660362108624343706461
355 14028857370194943787173152156339132958425720151823352899699701682105425714870824720985723567299965802187507491497905522029871116811091916570509417249922412375528380960637884148137829027058054429212369533209115494096969229922533
356 62645524846273116517003475867334160804696731366792418458617815437578908417805356718163342176734283825792099685024846830860608283007993743224987212001820171426929268152181679326528239003827406118596097425205025635164050711078284
357 279745421271932436853026136581037899232212782571238448987141205745340764824497724708867046923970985953992824973952356115581408317838344302927020444299737334679913584199308221231545628398680224274731848460736666734713805793309438
358 1249226174381866290510698778106904378681672121865244038447415227859770440072275504438470642852785005074195459694189966429738633947587946237412956858353575348800712117918114672545480338741090714076515343844525402852836433863244758
359 5578587996200506234575330278190505691401184019952976193721134129239403095065343034420760386140304471893797433282265970458112310489579598247538464905814432665919359963203751097297638754834576344621101135934836304248744975537325320
360 24912229534654766936654676223631851205644294093442162668170202803885675553473320782786276825536101943725782564656825191052763546404599032988548484025915629830641529322044744607819204729853867222219515073986719672977988547366898826
361 111251525029029849444630603708127457497049360182992770991963968423238225667718469827388240356336584664567329674053481582763290470964312773546506220063831950333447648587045267244021173344977665789071732189021460647211172112753779551
362 496826083822598059210696619145181322839103857328562272608004453916394762117061914917426757938741808333573669500395151270867655944920376679378937341974008399037726659569749591785881911131251895814962825878910201857453243582279872907
363 2218747166345624003871268858851945548187293083102744572767645940090869812754664410026321326927256753304005163221856754512044977083872298735864146439277971242092954456014532344574979448525264581614109244270979953526110324358242247310
364 9908689662840749551801503682723073690484363430425061803323871923453125019475643066105680906915963304957462047971237282964473323911011609514426056177447507506810737554570014741171496257000139246521296831187868730653578359666041683981
365 44251662749870456776600332169888744014162444535419598227515853348679832435216855203646938144816376769729815707969261765478820308349603890639932776541229234083455611440236907790326247123641348514697622189806900700136588519539519433182
366 197627733629433806212185206395495308105184463469212564788864332685995399861767482630694182784070853412303618941672348980115613655246225045399671786594076998692816733795611976627181778063571678467585332269395956262342433652516669327767
367 882614562425161648137130637914999670771585571645466806667893945971469071221792433721410179843455393085284150929560828992650412102606066489809101857614326471028315268215339287324992643977453178465729642360433319519428608885679885027217
368 3941841544999692054234806598045405830201607497050153367873000014373325792558223105051042217783443113652688114011493457765960540027929600147621635264929996934588675928549956576267445606015495889706064825208343692062156438231529857127662
369 17604840103498182046538342323024825922206500013717857680757453127992844351944190319755179060188955830283318396367997253037069858451773855905314971789937848353961924919390361753285188449638832270797782596211398687229726434148816971366947
370 78626660410448887930188564003052158720319089656018726586384270074888740501042181058928379796253702894383974977089398808567146557663462756122338717705492643246016939673702958833742971433084479971344684817980717098943672186125537755871563
371 351165927427330321727797752336778307847782009931220442449999550167997795130578216246213396155914494085212613194912605959022028487128507838492093850739132089265334468311301987892178682338040339572129397492436996577149461779743985758729010
372 1568410288359241698275942750604791565623148167205303333605026191933771348912078411693893689829628384777728005499980749250225030828104040546399813070705658033677431499425824663491849966814433018581112771199889463988632366924059217182914849
373 7005058050762871494941004181640863403992370232746431931707440526121465286676875532315530592588336718826086528271770201169716633361216505079083593548144231669566487433238339082439851529038825216167217897559497508218868197684887193544842567
374 31287330792311529951954148580571924197125226703197875630400085357151183640091833010508240389626087636553443155128438300309334182950631098996186759608871298728145230039955915095092521048287323337306157848996611127483732504244951133399366402
375 139742974421301191198096186341674698367397494988662022343493799560992915416605066112606137156383876508907891876472511747170881472588545144850154264445919163591033264981857534393203745342769787488278973064891011948024185442162798627430744013
376 624160269871071324243297648667255319797835881700026531412560121316260236043415330126689648562837052742908670989965245209502972671684148391555718746833896270871693642706323727123147665818496425769902989200065848092180778481503822113149011857
377 2787833948585621958267620718923594380837012165049245148002884911456584588362219698472322296129946076529553768289537752667475667908952293264274276238434277185686397263937300297829948570884595754340525668158882158477037024438426945433436555031
378 12452091495025703012158446889882587698358645441943896054455092227099859678194056512440275455344749241481711296383620087661269015370802506100442141105279395860935019230233043141195627459150127498754216770327962600498933708304903241857784091210
379 55618887592005186863630099904301446431735695401299028348282552617231118102392612817902631550119179564024398576650432794642270158867569548835116303492863181450082933124768221826959381223120095409672323050147590229646774308454135684824861537661
380 248431615889852904614996493469302751355388105772760997538121209949806343975835633449365143472926736471713415884637444768869070618153981702102445349812526350268269515833433940746538412412530946187185675254881299810191344093121500051686913854777
381 1109675445106500492284960581356263749162496447578720534039186400062246075019663425409285091234903408774799200554712730668701007445547907387000017320428064127671630429671824671304259031607639408974845937167639260989647542886514637485972270469113
382 4956665484774632189192341597328820235656574243671299060744005657525177096019490766820007096898162581963509902573148337130944355997206790701590858238484867119698394813596596498123356506511564416873860557079680817064406660250049304883946197702368
383 22140516243035935007333548884259311605595219262738919583665869839402837036752379250347646608443872216261036484576598099655589241386143855713551784854801930245051375094218797977095511428402292727346929878140941290574309551966011232510947466026201
384 98898647106577642370208844947723934677757295690567036986159838189094508204939342302411914834317831315752630589668001474521954102057679291831185521259255368468672276701652084159218731413063858223072925340059027599588525330828944176089696153126319
385 441771210288733326342823563026921844549194545434427967662848043519480189406406406139892687125516488571675863890680553065190497085789871329250808606586375637963566221561822308738657633948123635735745813647357090620019731512029990002379510691418335
386 1973371709307696897316586486670127002653318040158662061487444642381409624133285848426346935422252427430974928686875298707466708494939987483181097229925656633521937170819727264935177035128046659560177184081879719518745839376331972610229188437425360
387 8815050222693135173258792616422019307557997260506126159112185259698802502201164293579492490772469943651528405875860816999205391009801184443964048146572085682912704837980207684347858572600142707388835908402188699950826462270822216040044952293850419
388 39377221339165461877004415364867419055036909370407347704328575568750312004732961144556543585429261472860132710802815761108235654285116651312820163621936746908666069449907104415230180705931336448308962840123523685349426794075178048404049048424340201
389 175901564680876678887622700822839296911987670936105581195524231505933783883209306159442879173127653417917315715851749644123813905465974162487249408621797668606372641708659387083300637047016678340076515231883583377375695765148983733188839669215427235
390 785775847863370989418521472667533372457773739337518292306068696322082677693345966350310696490118718256574625090064723288293552624263934450679435488500113642269115634649161355676203870607841229571311866102890916028002408307836831668081979271298906102
391 3510200828670365613716755938711974716128568565594638701608970232290538072774276581393837127648678141818039534929368973031391171215908218272829286171354178440046589094955186833122926525391750664901705049677462227897316736846354843930056934494622808449
392 15680848033026697989242703450815389594605343874640941532612575083265916110844421144838484085649792973880152272446419243875789049291252727290366706261128746562816391407909045697840171341938896400801605636882590332010067886921551723672262749640833229573
393 70050525673684784223072217429122337473550646792724714306380970157893353688223757394619213804684912714121582690244618055936915457588796653175410125632708189570463397702642658746110547730385282740280391870697871843908082114332612345644966456933862626776
394 312937422136455041086461165124874519989580055811753858125522916620841362358564419154533539001979840495035128249217920697067556439855329302524894181101364821309408945518244772424138895022315195279888699814058460748866993336452887672289633667533567430141
395 1398002121306994252535135972724768608573989588144583310097709661652811955341074802187482124189150291290309310225592375916020777180305776902831295330953508553967246984750484737332889383930151225526794518979498800022527178602303957398451260512710883678669
396 6245430306335127380052125244756773039155706783970896532892771068715485709613059765199050948845854129927312236444243389009836833725721443703664530733730344484947549007029082789820411147870819790895705697509275531262034249263555000367772452557012434521892
397 27901084685516450555306213108296853386530494631883016134649527773097774777116864948587074876995641875217808965096942312940320020350332491012445769007413219310328763828891182983202942549942625159328905533373306465571681737539734924595481571492668680549307
398 124647614671714986701934153348659246844603543431510639830354040746767039347525190439299091394216328355548128248630499929974780779499365861735053051541679616143379845621774553808053479125553891279000789685221343642820030407838126338917068056902504940980401
399 556866381028910166618086319055209904950565771322257445889482920812985525633761239361634685086544393970174953100061100085924934593118567862916659109710008885992575971876059267786973094075213445484943918065330850664635129939317391459547931918110518409252680
400 2487838298467872386234541229926096099053534088971439654853940189569128071130067720910729293457578154461003204112219915435445589067351033878177083456289988770433415413098688036041606634753974829247430860321462388060206057368087830341753769128314924612998817
401 11114691173690116072609969517243417437347664783753565031036794931365566461122428952253849695871092940055937630625515685563628249445967744668201502124894514139690902888323094550424177746076496118270829417491021292425312901925523789682184291216699950762240128
402 49656571643494198621132217542199273572661581567111286942340675638095002878909383306563216673320785201316771434380486506823964759511127608689248182982037838792408389185776070684457187388001507367502225631072578407017890987063069863684568632764831834988713569
403 221850353117914839443759040225549362691008268170448226340968509353136907002390763639322980694629341351880843722299671730685004286881449675451213575395040659737829379779405273013871305509284810160041424048177183713278477065628215810335295856769400721329072625
404 991168649600993198286329574451586736239440958882534199665306019375274560010959918511821874368893258692017314075257054411430013054067695344918844251378075133482619122377780929947664274463781941348796744210198125351906637387127432970822850081597838136682314404
405 4428320137429012423105805374386064317483471064834881061174790676752731618928704443149061997549136678978592258979366748392111018134991721477832097415251833227689206047919362825179011204895871555741508813440117493184520034655909358634788136449647720265457591498
406 19784927499041750138387908007751180991138801321744782049324158024848008673002707248714362574021485007179704842664098590270959119826097513642777359388741481253826451441101361565007451385023687666045814186711120397487750949683690268554528593903388161960676057762
407 88396261304360745739345861787222317491509780127255026808144733394971271914132598062291857040344473029196081926592009701090472692218748665590443015102682689369151849305813220063070821228007120228939340775940424148860894411332800534048119222320141970866009173392
408 394945611011387629540807723723631332949264622863054218919829088922048017253375237250569016906117689464455054338048149371051716178769632552513621319484925674810526486780921858665762135302484309170358164135878287234008511988860423326254354778153496923156920381214
409 1764593309861874858378654224027247953822497418311691672601374414418500275432811521398223862795232090032969181565371319937210047489913882901283867396949032236836203895979772303558989673642496033960331568213266721435627078937233694532707464833694029340787323025581
410 7884168310572424486540571594685615971666271856291644081451609314270995698685877205211773599732744873038930513493297941961545324732053552619323519463382075597575500484860230684742856122151962120651483148174889235320603816597155350409713414510205058397028596448945
411 35226626012302810213604772912544532090905615531385391254075957248486454450655364122828328897735176898866091124651993619639521652881075487307618429186757915732443592977813053475054001606335681958174683332001274162104156807368107556115245453225446882303428888542810
412 157394696459544778845097976573520498679588326027420558444133750280458946689843579307524734086632782459384732322500095226420612686838265526262742714727884050100929615502908997181474353254408678148671969350137068921475071408282199367490829668911137991386308166248311
413 703255285928608563549980023620897225480808117148267193114132061771655603107443484687615679811536532271888106954650826171217725252962319187093277679501081632137338219326366392563912963547426447024593068937368929707043609334135648996380866475849571767186965362655179
414 3142242963021606896884323258059214404270910257361759739501420267230969668440109058358339535441802328135996673617359594073279278277073965126357058575634492292712999309838641259111780545081332663728377427963126336280191026414115199807879161228053591548269426512813700
415 14040104724288035032381196157849445799728461152631382322381948320104458605783353487411121151706936820554519090060968020118499408045701283786513850200731275234992867573709212934487544399592151679100455554355776655696573099074769111784553124398108387404853540603266403
416 62734254477366190677077550747779450756768078626976075394575634462363984988366040919412283613972454268701176238968869649725342358810688668932355336455942338349216502803205149104664424453610725561088447745085094133838026481144731562583966569076161124173603127976015981
417 280312797893971057269093527248430925641422495234939978186901411092612323568913808195061037195905488033019483895574428514114346886767777777519682943151356349245987723661936321049910966642465982413924846981193177536505372401252639090169968947089029537282822640319106872
418 1252520618800085184318344845108693360618816172960965208973060644889026555976747642701045361297810560205425606534455028365420759582073840055479348009312192975971781828610767780566807695006942358576573645311823492812516752811709988724452870938196028563820975830962609589
419 5596681546522609308249067135634175388304455936143725782954129461219266877866291838670325932725789760993113185415678342137122758190881257673387161331125561802647450161808730803817851204447309785585909253147039872093341035444147477373507131910014036772046527134215494989
420 25008062430864962862099315387994374067102152180345436425681512870794364539060648666271015183531452797989921756845325925149956608369104541155645929629033955152244021224890303525066250664842990459847302721629162309409060142647289041273405090287501209662722438340523890396
421 111746315482422213763429089212489402224715624537745595534236685255897889894373011238449727503594667043526135295919009539823766432326305910874526900874085658481820199293599186060165267410284102618527218829184639091317755540206532585302737477460118487092164468676291990758
422 499332784181283467716271342916483115753609618145708378000005080186327152636761141156094538168313297344314898241236512416773611671394318093566405608406794237309835468813045584137920505857085889131952611488644554129966075457946107423627228106094361058256428753507950960382
423 2231262328561384351571163813416342569526055498585807535361199194037585794528629211353698776440742077581732477182793915960231088156447215090706100426304499558638145263832654895998067994107665323168470642203108110752242415517170707400775806274342300803929021632032253549240
424 9970452095592548779033501178303421294014720607873810855547449630650134211497750069792672853314620310300074169448137851434248737503200109801723674938635537345035545287716022523035963679513372604148808974717518792787026346124209260377757302195985169924839398298300939067330
425 44553591438212534610412625857490913133571241503485175992654908579390456861415437418136972097676338921719377771208184712766261708833979389597220788702068372506550167370478971957445921149804826495649501552304817479480058487565761714191202339016509644470536907366554640705055
426 199092186535371129465644220433720589143269207014628063096983776626165880915298440892383030129093553293597489803842891825971519580841374966840122305895100608600663782387561659662516837889724109750910578856541128628736354327407719655937990037487833070482791054385046276320515
427 889670783967894056904431087248557075364001360936599856818398853160391759295140179090802999130545910477525192155442367182845367588819060132524258390649837939515183412724031990615423853617389610109575367422991085425312739833799813143511217120588817126624611036174857718849670
428 3975649040062252940172170742094544584945880269648397456589888943033459687341871174925226205882502280431656908983567028525308870803777966506071724537727356689215021502364385017597121477230939653440211701749273588190884060736536339860940658560321165702630511864939135580150765
429 17766027487046825946146250498485537388677703331503315002245048710182290379555488681239791185147524315821240273064264234856085590491548752356996839857887533323455243240633056813951740203755274157474310752460163610646182067568483242481234983815826361838185021770798656903910850
430 79391897925017130978098197747080022105783473142889622362052219892016804054307858530748225944734835169756939642269949095081325258057454861099627871384241044242461423147913282744024971475153743925282854059407433230917226343614718291488361341546451554313758724220832018306937555
431 354785274492828371831417618567249985777582796902660325642782495805024697007721009779286954801379697424451751729384303632991102926138218600638228773600582051744454790640281326684923170817974400649056005781317803313584212499092048097776207123052331145255885976055989224149045585
432 1585471787583527553977695689481921165761229205485402815974884481762778944706212655354186445701723387454321998397989865907650513712405114150779377140526411918672011994004300490877877462086786846494156023951950498490953080291389060766955279063068224603090980177185472736849505690
433 7085246517569646812298681944403810616687387657462786444129412961495611081582065405374546073162672441531385795153158472846534245097391007128469823784248025131789075947240638848876579613074686124346231622744775857870842852583345079151012137603857491819026128914190579232343863895
434 31663207733005360740953670146574536983940736726097526090680285965601168706861621544581726090823211145136436791137640555204257419584695240856176875464238922938714341262663431998542874395272898934559119808368829111040066756465308184174899659549910301173482735909271551338598789315
435 141500618142741939451322341678558534478603780057117518942347584653772315128917866454483544576733158866658356878597724290585405853024939832913094033367651155866321739560539872479012639366051675341037523674488424988601394503477549271889494010957469033937850614340816142740172285070
436 632361221678656127069702644433419367060111726781133320033126195009504434328756508292962518530018190365197817420681577568473638471870794251309939988121189759624081780785276041246290111584612159239077442171241765637501091617556514393534929369191485548904596339249780614520666730925
437 2826022221809675003914364148804489827284812184030458014435044529338396442970406386713508451176308806789936097880041985998183819656637675644107888990062885566548544813584061971484865673024076605067785469133417381336474278656272541479913994290102010646607240739131837650346163820195
438 12629592827751049471807259333734178891995499876067922148803294646577439166191517533217823837232475187960195863125393933719733515130674976229879005219155355140829591212229433605366354797371997883236356597586299514725255995593120602159654623877507021498624546106388047211377122785970
439 56442539366812814658329624589326593305334811507087382701465403388353245676448248070920648028966659030566249340885665492495128297553739245699909596222953381314071067749474215359026406757874447702740661634978678181038247463279172089881714149523722309676671648814909620648648139642905
440 252247657936658442513164611779376944882018949564354676067013742306658227388759938882220125825845811159691362141500862651819437636831409958906081546206356449638017160461642820356207525191853376236625864925773245473990318616580644623436072777121678136368323787521821672175102177998325
441 1127330164929971874015746558109118643505468705769641018769096510825015859722330380258549230643845803433424227183563528103258676758471935476909404512857865468569933049294486311488332663593344430381787564573626279138211905314167040043990897124451324833577680315383756509590398473753775
442 5038235749700955891381373752780762714023173849928041950988968223617636540030890380104190718334317376420111657649135991152577231535388189050301690086685616292917395767999802072788352471706277700949744989357107407984387948782746356681347117949455517735985616468292205464216452122128470
443 22516931107630534838671941198905951522934653155368092835568827113393845912094499869258603061973281671213894295901852855177769311006983556065229167027733090326346328725750117395318854681604958109163367858182805015256619288302146122066766480132616352820435460428969459457793337880775905
444 100633656824561828958229077212861512660276506779154248252508671518413853343230544878445395877831590981860400435901858070612665636788393873198871952113771987643894294737720679697398389858373839838374789351564805859508293502732449351062182274401065913908409485652628789918350594706031025
445 449759800901697640984860213825461128638751528217507610114197941000286599560223244384306513606412443277210774370430305886921473551450055477035934743103291261591094113320847265348961537780876538415127544877312711381028735739401636382894159939105293339781515711531720918154141533551589785
446 2010116965334886946566660925796832912652402846883733287903748641151730578004797312315850260079387901520861232304051185159569981899787276773226754379381703332835679357618397914452788089158565787688156443628094310975884029792548853452766954721443173419252312112374107456609170575177275160
447 8983908468530564449444287125117471293978161592986174444623423157449142457585079177466167322886212891795644995991916301982675065943811478724729886077653391372693277873927089113974151756448550852026079938186846354242928684445775695526303390121167684755877290824501282533337588088861731009
448 40152499902616310430658235766470288927397026489289456523282120435375630613706188525045787683723086589096231983539459633722459323782848979288581341068250524252943347105607169089198950825585950978967210055317149636167073276301986437943556318141756234728761407639833365475697415966447760111
449 179458125850486059337419145327795198943342220237066544269480052001221000568242180950236521243638709518948480281425788898321260793683207770360998783112358671316442763945997205395861291991259551776424575689266823573897726232187917047222328254965650652589301371418097269843286461485314904960
450 802078580364689251791450319748279946297214492314989768800739214497162181632477574472688695212822802458050911997738983937678570971773243336875100277752069518084899334173043494224874892759359533671744991751450052141706588453357114171530070389654392140876481802149506414650607430939795029487
451 3584874424033302304913831896160223541880746498352963660868369484003711997751679767207539767574670402032118683266091612183740735243795231048639308885209519267476677673378496605010347544677009369039531041263315905630398336037954578601708745955987868249778547797268349951635278332010590809519
452 16022644589101107327015429834485552370465488199643669240550675787900043323458802116336226448756116216367810543582134464595326167117503667203089625453854879926316424804214363169103040141936349515994206405591032363165745199230779140762246298880975009192825063333435456361957885682407124390268
453 71613955293282109166793528652750806242325995298730837761777394258321232898746753318328000794483002562760021419289113284237366095302233312395648213359520750608231078740679593964044560767256316045226277222702856159947909635479235131596792694315910302543965995586740194169049641742864003971686
454 320084259171355493628785741719002391896924962595678486055068724118744272473239494723578920994177669016684203910732583253557235909317713917280518969304761553430466544608842499990827276045364946094062130607488010791594645252590029377878588815973821080702302649803296050848655402489096659298926
455 1430652489030397209432271787458641840150710476091382498993329456150217759832359182181250756570438358773928349315653427525616361272810894299836284696351416492383527949489535194256135289442898245353532101649630480144650451666736236064489918798550199540331998395136322907959180134681925848656144
456 6394508355718904388929604758929157694304799604116329124937594959700970905547215252783918138469010425103615812281405680494456358242618006174484508627292752701247515241384862007469557096398056265214949334588828184604691931169340418683440825917038718306532801526488176060892052360106599049284930
457 28581388066344064822956352205154131865818174013018624489418370295555114722723515860913191861228195800874579199997873158550766711813481320676389716544121267696174218933993676274951451455452683849645780387424193018733548989976908231244561955209397838568828425650671957172203051697006698708953933
458 127750501388514557564651863075084410304296825700383990621107110121231902130126930926385676364018773302596763439942481846119368132193063557570545214119559283165967043281245148573386417474210527797758934526015937620454860553861036446029304547953821959578111357572283764206477429487458125807731925
459 571011737370376900555907533173350039630333358256103389587034136134075237693671990140884831604811623273615980251550289398026895140720745317693518493090243496041281406181204006437275846340121028499544107585311083706835586185169902164530459373981019566737637169969920269575379676857558401139937166
460 2552293235129820443037646433661929482918120453641781361959553041484181826836892595366023400843731247527952800453105430927534206822740763101977058333122939179746479019554900618352126262257015700388778407464255122558229918053062153186609264044769184030786627671887032932536269194680699737260043527
461 11408254514431451084524766415034708166800939075766058978254935318817796506755984825688707343060364590542337438128879353318349073190005133530512517282770755835336655858363211090703827216121293032059785807871889359774294497359460102195817991479424474968970415709314353853393032705812492676402023702
462 50993041755909380588005751453842718520148839467695097445291228387107964329351079791870376575324924445838711011469833972879337009136649743771170305637025484098643942741398883497285562256058587919699492894294831869915464354326241082456447308551286846699177215448034931990600816716187601852438573385
463 227932212945575570373748060646458825804273289792964323064974922770757904153323888992896596083661339407101810936572532249804265573681683545945669978883100120714810155857135636961998724777963123683183834029418505195461097108524734551386525760251375585946086389441469870020766304215080773603170940099
464 1018834290759471032999136589077303209271368125139664224854731007018591001369058509261499689873554711610458676312854952828703870945075893413177587227262126777268469633837524511017888874548776645807972277333644117835467963260073919246589511241603657440197650577651319890007759461707099318109346091262
465 4554119737549403387719708925199306562052201932390121300846691131397093908476455539634514355425354145316534659420663346808915719145112986740197399112610892549837198827217406718778185663670242138491055342854544654390176119497202874491680917080911654897414562376112756059443738796958906088229646323267
466 20356746486944846686534110732105854685063254285134364402772021152001634559747920558001411212633143585693929929520919393454331854413353298999646985211055651896585567225059736970405069067073256782936111299013035623233173451020759069466569435084998592365025751331253228552777113664679048283988230474235
467 90994535028868329338324370364761081403251494027676099201550661627365198019319199905307311080223061742255409652471629101214605634088150740275899708525492349535516788004336643993920304882393407482065821021166164771256524990240618279576145350271384208438742039820012416976491993115552691357864755701346
468 406747842405739590005149653525643384300070175838117416458629686017365921255500984419473503576121826012416219347664913750393920995725725747743861581972918788029636183242799342008678177648999653233178872518664496750814892246571900624495099829943507749369387488533605175766710266761404828662796582115073
469 1818185536097449576257493163810000519699698538857652577376182567911307057008276822612523364590358956723740487643675465737017850248447546115633628807613945266025043809735315705939540325024321072002364274260753868189364742695860693642087785051489246024311275689839087378044690812754763000639960349480723
470 8127446500014670299591322698516401588448588972600511167379523934783869446218371448153845635048949588317890986776970184295060022303602436425409505051362958235345445753623418460435978118618957326248064261989556719722148597530021946760359049473630299338449960351627144433908950129568252215023117970542422
471 36330636582538841134183004376323248521736015617463110843104261019536139528746080225332644001983988546312616226872987155125274039891874175620459942575646830590108822414742178969948011022097733746925189939262272225828327091918407515806628319364219391261520541275684124850205507504302010741214858653699053
472 162403300321588277666890285980261283056066285159263859175798761392449660799547001553460751338104217809548790852223108001900329457575519575080785071126230340164744134675705613143120930052659183956053360852972879674067208297959146655189827339537900308794104314827573096122001097504901878727069476228889941
473 725971607454709735575353258067630454519531250018783710880081087302271131386962916189076484699343952126187872934535988173476672648768387424906562802987213938489198114005013422963906858182700629797078453121861059524474781950976765297700840942788634266913553170818620806218307208267428667882195325525040063
474 3245243964969873768255823136899176667470277812385581231623688902333175791027186491403893611527655408108393445397428807704544657723993735859724449980875254469042755117602795543245428777807917007186455609884889722327431192240568460935208260413555727588965284985480675500385969718046373098974122815886453734
475 14507012438128801914630166439901972626491011130020312575758273148343182074094046801672124817164282177150494830470070550576826533985685521265337664890105815141257580941464351105093135029904221720350155394540999960980138966883334077218268890170030252075962583956797358023266110334038085636670457193203613889
476 64850230036413365887570347436567752400608455501971594788638263004938791302244356075371782602557843558953692899397336215853149352474210646647911990210425092829913561228325609814351986565550450273607276661128962049664604397394861981220054574489306749578146557516927230888297523816424268453279110671316357857
477 289899823771748586171175012074698858218343165063242366534665032218371647925805341379194218385789578051356807616640608949723633309655741407628525799430244264897999509765499747341904735756121717645356603515625301203026063989828980451992304971196429398612167133203993704129998072722168380761476792677721953082
478 1295947064999871596949246172112623928851676118900946698532263938876689504044876834588239571548473727312187937416668089507125905352180482486861212964856504428532463230242357150796001107031235194973622275263895339267704283856447686871791506687320512091280649611693370056698364138375495562723907971069288579111
479 5793345669742232222968977051728275384916695926528239793632032030074575189443722681169700045723445568981838367923384676748345116049098084127949647332523561302585523016828677549055818638448981679537907298340936919291019696093751297868378473183198306510104314677993698722451779473961075613726735098663289646065
480 25898492091280949768782407403928464082850768380387016236146704416963821878305201571913952180941353383326915904037795981667981714599345938959630916059255012642191025772358094857791672413203299210144614878519209363295377110674787532278593923217504953809982479287639733353471085594329825035879394676374550519762
481 115777018022805347748090308381196660030596960202413070129344068668711304523632588249779527987442086048121734747757819511190900426334787887615729042865191724462032657131361325864399369094899249853347113402953470651568812951238892103772784479090051095273527284466798610062274065195764186554376101401265077746977
482 517574741028309408964957264717778062413048259085406005889262015228451368205018315921574659477010268021162289041952766685610562303742783040447503742968579051669228104548654708262027691727339000376561437623052847835833027520877474942489802929238723410939590634265869099027897034196776528312920324542077953991665
483 2313804218109884890450087323311027438778399738374900321752347805082056150794543366590803193397305850243349646396541697817366537733988022462010807273786390630585658710578209874101764425394998973560608108213381531247907723817796731625813222069674450747208110151507229235736615342136109595944482515366565511928014
484 10343867595174162145281074291858282589176352794170601180687492181292126689271413898465158362851574541847577811038509588043555820842350724847672084746440224596231593519086579303574727731573107334216961945055614879872511320945871546626102821627677031565216729048766524860722062472733186072715661584066647747819547
485 46242584078042217357342929326941481877150768336996018109182591484537670992566880730173495416020361470242013446068178876035589850770051614237159502754378334005063939489223837335293265062495519665907971897273256767338219856650245084368022638990668320304769862294601369880543906468613065523656616172472066725269847
486 206730246798054731283570291890426832924175297293082880030861745091453757414101187710028191609159464336005518772998707029186648698422500527915428395449842272787256198377331757877149203399900576756605837658347675407038144736429292983939899241750418222061509202474005768696678507462409445092252278078428711549410172
487 924205877353609287591994969017326719632476567377199909410404841681525788181165940669910681952013460459448191700265274103023880292985468860431199989173509519343222351510149313461197739781043404040209348806247523884384826167466579129071502608341720071761583522809006232139647046663849329012664011005098877139341231
488 4131770515857219759013574179672174873668843636981485246650332079731530155472023054923617325936762090215258773546341997973992667657334244267498752798971694866586166930665647658883344532650399770410158352517744460651936257583164997868143274955862726088474462303206678320753527180435725883461744476595113535138434393
489 18471680594746163812785911246438477257853936775973883565352635349723386869642133332156411980744705919406944244219898858161648506390896929714324401334965185237214384798416547440717427606600321385469118966400353341155427322670095430088827525650956875219734775401622176995689707284094148562488041293045516239512804207
490 82580853867322115096807787974556538166180494237148875763176868726920195611972321788567786321343738272144143302309527880008147676748780517385845291354939614643568577968365296943495526939116649012412739485965851778814281016964423905858984295879549394999190691314194963680024400294362196748825407047540756079969077690
491 369194359446412422608252112500365076368377094948644654018535057112463640416318037772843262572497833125174891484606344914746071320300125415002464127064938034680775534417227992208271696490475675625057374070792256213287406370276436276618772399585347959931275634286453871696474151525381257182402494166554139124688684661
492 1650568162112673333730776322976976570874111805462996978044808908217840717000505039916769223607918064788042311676719116708188419412210909153030013557799406948791557938693632525235056106333017262573939205286136664727585942074476402274813634633294432255002002572602164954044653237549377014881952928655222174370846253713
493 7379289988640987030141274741179944226692107474140808484750422248478085802842174511234051121500678651297445402515263913634174078416385944492571429453241942405139228033158627274777553144646593265625658319569996103292528573495243756994719601018021961870788686989062755972534774635184975478267466230951185293413583450457
494 32991220873041220938849802831630530581010145891733795620904012406394231923351193243292828599825342192399830665570216802003913725717899215344351502479474492905358889271899649181585213591308348416937326767955125638657846098257681524716944500035263798304315753597344807824786091719855331289211919983011005486894893744632
495 147497575808973869231952126053599706155513572447806122741240134934075159122575902601326200562022563547737396290865288936398758821085598442302194605803897335067108893464826202350056592810991200010266583211084585310297691755302620613445046434340602795081619062555804442032439952072457559320817175875028674762190988739873
496 659438125236507641840103258382824680504586426436623677168463872458639655869824613551748020767404507369115518366455876711269563853491796275147947839305002478961035726056116188326124887677082994782054480074246659140613016171526597124046765284810293089658034948736424450064028143614019733474052684021475895285949465340591
497 2948260713469039171836204358946122887357672981208789678450428526292575061648772716798450128023427539523157134542578976158658259987673528005495989831380161124615946840799834023355581572190974551464172872055724335563894913108237447852126176072297502988068428584935182236064885367503863181042424800994129842166493090936723
498 13181364556007953934135296286355144657283029230704434130317964070559290997557222017379215322396042534045379882814142396928698644145067025450923162397839547525714627803504289857024091493954904554690227347910902268208997456619282186283519315454739482510542434521745596243895411945614192540580000509529002122527538763890588
499 58932857542266125979339381392700196656084633598171147138532736251697534233920305150870736522157024282565784701213374231855570574327746797622388098232826158076920582565112685815783111906545280663065171939450766316841559199413279437818322835253400265862662846413893865001081224676436545480319399061475464143130602248225219
500 263485827156520557934447583577327077132721054396088135352642374693014363938431536579947107284941800404017189378353775595163180879329723542171821171655876433768249160895277590852531464631464058512262759806966215528280394047874336021402110529439624915025345037851446665438308237115489199065840856986965804827837141093946549
501 1178038924265642362524384842617491207822906769276038802954319963337484633287143985173355899868886484228431725886935549115001930403728625901605156031124066195989743767039215208313803699931607229891686742172982387587564618797374801414044867657909387553523007441120787636121652521642908113318929481314263836755293215394749869
502 5267015930345529219726625003512821338401801144584461479748318016556343648409354147628982648650511727830907708326056058046850851009415500220749411901471206418797307137417162765254514135788416792043113649711100517046017984444086167345206681286431302565096356699720209353557409313957119221232034941369232494989169146706594680
503 23548986649186578934956171747737524942103276562224766872625100842729491382765547659302461448856433547863419792243027716623227449208595068604459061151593138317654729166379018894888609339288769880347396480244647008311317679800028151265012287601041798753185124349570351491149569477673878732505919348081547647671089275916046573
504 105288855483442292579641419958131579646171601134999314860829481963444625998906174164272129688769761785706167273653841430538104143801335998992217212873979292938752070813842105559921667064144900521260733744946524299694531777960074389015781827388439800199990826966194466693616479263609797077502937663220849145100692899198588899
505 470755243005875140674040619647215712561550033427263723536262221255650167405813147887347880886627265512703203858632986686451369467235404349904592331010134927105257779021620239343850290852876797186264106314163878180757505379491951767332642454339119423611384184819065761356070095451416427781750158425409943152320244025322858664
506 2104798355235601149088067889019318965201076215053549675984979493552803856322833636806608967275790538391675436375371288666676239109694048596003758313399671455674389537348506333080925740416690218804618254647277988020547797484194701395715940312911647688580414763069580566430074286375365190244762443710371705627059217859842562123
507 9410839893503724755619161329580334643366055616717758777946851546111200533539651961435261060571661539963683821601502270258900190072515799903328398838648161242201904158681519972434157872048411164952755357731394407175303952154218093322672550883860552115187046821882188350875203909401824839983695279133215534680509198452780757467
508 42077392867570768765890403226821619351487077100291646968091946840080325661129543694198510256680058283344239860642280493598190305239432448775585459476147003630425875950061283356621140289671095518534172944861108640988102358350342772990118010954105357240958415745223487261656874590492494110559191973203126016253424142439344401836
509 188135953967442478363547711491479794008684290298157268140681182448372975722650087410913375594982798017830822091766174398193849982342884949372419583953111428440509056012178465771504383237484001736570054858606545213818736787921902052196346692880713571117122722884708183597180449392378627620537416274003239955177562089047707976402
510 841196207039025485296688530642009369399118089518594618272766593368288006488597003840457234213219697565460923731125172268156588636993342164612988923002120593656625507701326495670942590186115647123280513717468003022376654866167709461263675833382498489040028471404555719301762963434642937101425673099752558428290598709354158449106
511 3761190501166910721561532821374815827877351418224714684952179565965988834289404213585583354836669139522626141038295517749968792991578868818333658988104944934027457506891085943600049161999889127303090123782425815624708360950282575645052895243651856628841830460117510614121479889361887080377007992786710468675934719963817147997016
512 16817284241347993086554060049047671335963059330518552215459192338098838354508398563096831924960435145113481492483811140359851361297095839497531022310942205592023526722720777043303791213073610493152711697642580537542947932522320057642955788777908868463861902268357161253375665266698486952638816818002598930876756046131717018745654
513 75194988593418801362362520050134864820363666864762805164353356524116562262959184427627525245009862067039887193884104847509957264041964127660008278545675670593269335693897009870753369871565878200747116030510781747089078507116890043313452143086751721791629953104443593412241158960349297316332352008956277560731992623529135575986973
514 336220678714203102585243019428990389880992189959952139662375066788328479083694441515755970795475739505411166090289427040668185218573315893061614603417904937075327310838255074589649534063999077187110455747398567601058238044847343413950776739791351525698192366761708304243675476997309925878899920604873681256783437078861863491629081
515 1503358034758765177992891950792249986345218086058987985271968675396252623095861910007549556760867661673061398365402335415421253459091035333592776826525394849085815683581914755391091130972525001092476042817575889097752924588181706894286649367413115921468063079683418241788684802869242926746701505012965904092049167774059691635464898
516 6722067911288225987145752085282358104791233547945046856951156215648343016683988315274210620550322488287883010273560101000574725332806105668433449511068900863576311774022700710327647125989078736634793904549027480804758534105493445462673367620610299930241610492763139106495599685396915530588497437537360728422955041776512828763216479
517 30057013678341509808774636578437579791693663925218909398922477959233687012604564996659043622728984302932977675925090531633313809077864378477645377394160603318015736024346857295176615446184280604015399419476008731613118690697751769824751765884160393936117550621526071250473659233298271133537760292397573553321802244261512917907655251
518 134397507113945184976047373040073131573432126350756000715289550329276014739316636384146789973022682862965389189584253309165663188994459558050038896125317337610626155783006048734988298074341535317102657646653004196850856455398779274655569859929260903613198642936340164523016565601724427521484343895612792069018345154022394623648716420
519 600950967986698100614667465153729506327540996884863085667020768191907499091485458008921801132901203234976170863680843652253301893231577038563208155946344839294938458713463099762025095011584585062740870093124625853421195192328205644060563649900379478902900710854643203563538335584069471130173647991993854459041011232909408376247350515
520 2687133832611553678249250150299787918152735124803999792873915223226202843859392055399670773077298336724573668621040762645861544586449572124254355864409553002033202100173123318096116078901176352690362843697257760194423970443759088988951197508613419257307646203391508282175770409920337135563516053804351654102227045870950280039669651645
521 12015503594064252122129242847549127525333273572449201310614874600492085659338680837050372925018517187115145701735268013623506481000115374280315604035618368196905407787291645646120594005093356790221890645245170967276519902823306270257189462652005291543203259415295267735936473115565947903447992504920358243208130172780868416841063469251
522 53727554305233087136760807458717405333711468105770073743291712616360248879902695744261721470454115186044650182689725811791659658747658660534507654199604131936154378490129294876608085019778242161842876952252139373350353483280820584394021426646192241357767285868209243324538620048742978727706361260124513419959159848055854316983437402250
523 240245117400549280876325700789210325180761960602683594861440587599719644662891421005051015101608734635949103442400966094595719010532745001895292475855936289841519691189825175204865588393420015501838378821127064125362861358449978967884405818334047411440941575405386683875619838571967427414531791485152848939052357940385536217136933898665
524 1074272511966608202891806541394008945677339682681564477858295672822564442134301232948772113098378775291690149592149977374257407580887642215226030588403928192894780069232024760663781423144198738564185338425176491370220781688581317727149893973757018474852904069969429543608952584262543748676374287502227210629946445533186889951722657953597
525 4803709570930975294305805892964245830906290418376494369174266881928998586904695261799657523357466034779145364907229872893804434858516134923169773300274671400145698083639133584741424151545389057572977764328967526865070082108713623571156667511527226008816790126819207882968320250301273703752044102676990297325044487899860779446431787007639
526 21480352208039284736021820565683899273522682642807016410413546163978356524026068343472239032567841168137221628815670795699059778586636815437987589226905696051973933517028014928581781875703136880198772317315771697093712579221174556443417988069279096615651093498427486213213277143813031175772927458755872034203983000931532590673406863756518
527 96052444390397463251748858759588600372911417817294435426185777826631365946442365351462497207238784729182709152491370129664927274499788304877256878483428519436100469455964178796629127575927811424645210512859433845955772693409805152826053357579382935574853283578846304327379384606355426326121862682332039938129870126411545132057953337361421
528 429514474000703589780924397954060098090796232462203751226422754880719007205168340316126855827141584365096293669762477297594058847304880253540214547146620126983632223911409496583160155531306763560487825054395833473992796355535953730429183582243352899750453626314783103512163253872001751473170394352646242664501506613268482329144994934282617
529 1920655769529676287467070467636404972604360833242782385328803217259916689887386641472419067550858976173297604653636655742719313798048590233277335321782545598222061922985889930764734796520102122866324315040626545197350331132478990765979750127815457307584285645736848648432496785070362597716504990319784155727605112283301616205004590589413997
530 8588624344810980853580653583848990663814239822406703872250815167772879108263028449481900638356385307085757508659882397991232011676566365207289986921154882721275284230442028669587130420400791095659858705876829566075135721891262803777939561720972499466198886837145503068482467641992831399559632475757873691070124257857645484354152021606880268
531 38406082643765321935793258151401593512195260777827994928927040238283739655009628723180115181056901203290062224316912904523272201899675658843949062138146477452258548159161466446090946947547927590656769100922033652448905832797236802662184023065607751749461573350861721651777408869549553648513800564371852806103600994712233094989230725507850245
532 171742879313149827062074486795864426664247003949069959329826137189782787540829406861970696235789118122617734010971482066393133941113311118860473865260137128986184575153315373942349294082536797146157244286380362993611447587183957139019888931468455459423037804070516445033475917632149158224522366307291300885025895215303473525572031645871837131
533 767997456374755764892715737795706994601128478171870877007080559544385850365053380530746412919787990429571219687703016481336609381061874975112230683915561998744665059390437106930056886497298055367392882487534039873751194547540335930100792056089929975860854943265783224184124909064668183989646574787218958885300441506291664423158411117713566995
534 3434338743760021979506558421618858001229438165551464749498787895734930611199126319425412988525382165350801403791756403511031183801777580701633518335308026256909699417142889822719548858915289759436204666880158713151975047631341624421742213629497130259739413454102705128116205059914827758765520273169988499076204236717429497906085773894503014472
535 15357791738437660078117900556681644519194919540908835177483106455380994746813047385891689092148643731220082443620608544364019523742081480287988619243777838718252203227859683196391502226792043327736046674711100703993106094873468741756707758816697342833435713979737581124088500885333361917946263533250078885604068691485707771306264737477774633299
536 68677852568973735828203189637704047455369138792497798073221573613091018632479928241925508702081336203959191922597333320792761942532262858600970966024673013128910907726615213515071249208160986869371841753556005386538548017260522322522653455667449477273853465705755568000850714507536508563068086306970265279127944637606577487406375165905035233309
537 307119166251748771041527559316952677646833118242238258632338115954232227710572702361825573868065006604182850997760976517928059610886709375156191451776849250226098660385939825041700834529168770151523563791656592579769359120737019616472948795496137674588629651729680941771254836438782630716798577109615644626558474167154920124828342738501852454580
538 1373407467775476505022413751533434115073938749625830717973012698197065796074020420029464881930453197205092067290817457065599917810801914787142514277973175204018938252117319699800894925258174154314365362490615125262374655870782438643016418041675345180832599988766961231272850667846925765769532668167334303434527174390555312010635618205198757339353
539 6141778528501858130019131170938960876376171307118343276903668299981042083456830285898393343025017188402451377771894861106665349679614756950285736470732061047075967857844961033859114952212350534124063192646488703614273835614706787490994466958604759273838674986830977390511323997957077396174846200133161803791724363015222202238047803896201094803189
540 27465730453626263061298463937477727058741044885008897641527884264505923964262762245557533295778566586338789567720136990254924529801291076606248240830232689917281741043693986969499715654562082053759960755092837633530112545914712137636213293820994308280000049733570584470971350239723227710757473646879640418244329061920194892889471205506148086732424
541 122826026270921220348072380469034953230887399136156108136479162814416682273990367241915859682840289615125047054073354762971339751917415565522801137092012840331915040717670236374410759046824711599228257089570610419019791171973562939079090292726678640074852365744015023207009132409695085857266187305011944052535601087913556236940020298113452835985395
542 549277598539423838285948443697909866952673988197594287815160641401764674061993516804198603739123422866501510756290890272716188958862962279681199566691153935169079968020513492917354858526037996186030733861669016702246549617954640119175105078659808379871064583505476460584509134318072780156195544121717260265328762714974830827176988510405155613097277
543 2456380282726730261054598441048582959563264764001430135910780638830594802815056519622912291582667472930902397284535567972591604496981978137717874149454100698423934474399448705234261395877610267685268720509527939014654675036060010661103920543739395935549499822027200053454828688325881266847071432756165740383217488172823269185323964264264742821023116
544 10985037385679195661074805618592524628904013040485685311162290820461530253512910160967873509919057840549282417314334005389408078367285694789571951994409333763026463945686516914707937272740253085174555475747549892782898121982274730025341910357216199935487352218528949522064564652256687839577840509669795664730964664746253283735674055252622547239503081
545 49125806027868981705066664823662031218415705748181448474901045739173384604299527546517802010235423341536773080341877947240725065258091151268734192844887058589033358768916214790022031822029496668096106739382359336122606403296344059479760317004693977482507831706449678984401760868024514059620258644667150627259280648340774262034405067968975758479335729
546 219694934687980778237843473443646135217146265562361075110801366874199275070656031511328348945374075298797787570990256350355634044991537547964398684278390304253131154416088148188120882750201556963723135443217880942435493505809657326793275060191346622552135250369253718897936259615523148267405112436046382596441995711082515577826285867244581512575455736
547 982500082701754712850376818266738528311000133047673540401772968773781156990848132145556319370578285460504635332774421544152825879527992646640299662705913700576349979318519822374637691547350633835033966096016119997768822026778621167410922191192690538140114724760766073412769077900986447109886219655638443097061100401061635639276589008153317030793823653
548 4393871342968116257283669800739279571857808268465587183117229056353369782153424157319304406330285326633747194467097721564639074082476989174091992313363798920976327681412982219733084014514968618435408964257551992615044531399350503472538846960754257142664647949152794760660445847929642561665772739137265196105216590224989157115136185212128656838560219175
549 19650077050212742048209540259713683678193134842745421214221941820949467774078530389531212362049121249682804769780132105940056441650185884348948988579730365857535461102837618881228983631640693148603017296969545308879713151458172509747032909749936744991704232504737096883253895272160321280777519220374752101193451249685833334638592174430224301572318826393
550 87878645014453590110350605452786234429635017764029417592323503848969312408553860310749571829705769620851890852589278918390194293814726459429194264026483593364540420097506238997017660579674162178057724301866267491861172331921239691934353056335888027953434699839376858963204161721021274493598098925897145363019256719468638184680312827653313118023653551006
551 393010914307967507235903676855834478652953208303551017921680557353921373319024679623433742692071131163532919557147698672228465384843310115108398263738831008151166778969579157624447052099209802954280119844271816296442544515337345464630120355327271141600654511240115260457155509864012184680435146249097475194846764523956617558833110440926181729931852967791
552 1757632311299711743177389217143347088610807149061955988468639795404553112355218062305500390717759124472823335140933589511969817789762645597932898980954888057335593408393147515157888715866289839474128626258655244215849049183205441290666478028670989500582840770833883486299871551295714254949496370184295791623277451521122609378362200972145731105432996332975
553 7860561928099109772463823480717497796871477560452285864414244386010323705819143506105295087101379569564090146713372384209001756480645340575778275919427598985451196153985021949103170313390285073518894036063873729371263696957475920651415031146325620905007819091251016870656665688400398504071594953683406075106207803140000567382045050873254040472183771727732
554 35154530391550154230107036283162690092061166951888386539427655025964534410816978323142404670808110644702492421332094530310949880478122991493775637950497018813669022304649367611311853658574897478305285972007765605319736002865857829871860239410166166928326257756501675697229355640100477967651225692383235566778716595521026773136867429752045137300133970258091
555 157221212714683925592314505510983196623555474563639371774347073259992383541070277336300314304598814484483059322968373006733080686678945010420864248307372586941590297302505113532265397775732123180863933929417604532773226311769039712769020834078218250042989429485313227495049645371739951028002491039396748482213802900890836986708884278202015728185186204629751
556 703142111703464782135725979464193170226136240890281934311448224842106235513601945998834820856203915916958391282684514270748053332769792875558128998019764944388558772545124554743724922756426039859866574125184213111468319428414187103088030330342534835010030326702793532081393221021080762957168606635765316744978293331926730074558354999372016593625818265516112
557 3144685328025498138854488694742347882096023170561764751326556430161680986919772002518228460657748807914758922498046817294804083987293881563118788834830672579578185458845393837328236366171342555276680171367989589435600117696895927415453991723557491445620143977975165189406111669922565425783252760125069774785943110782933552448839839497243824087574149912316843
558 14064146793353895702145899330519104481942520255833808486116804649659621051180299361058766663813637819191832521233028762983483118466639676639212097849809100461371019829522523821765671259074674939042527700629876381123781676638313436541275344081309047565380928009659739658759742433729522045472155513798632760983102033626949630269111744371805891202257579765774109
559 62900151302937902694218391075693045355204602594612823032892026593414900466594323538558575526994253773355495830223563316890252695667833448272968390827914848286619369421013791304617816229994965049589809837527740173308051230384707369469262993769969077384291144448996682337354812757624263600634365864798597944660626503243444339683381620867409914240815592666424428
560 281314478838270373645529555773828761410359195966230985100025800471226914248015087909412518960638453027378251166938992260378455617965246487830988286500737104300072608745739765603985313132339980987922142207419593327181717046816199809100339875834279997551694096966989899798535810905202853787232120566977575832978542502295257772663215759867764009648259260904826369
561 1258156218611921571841630775224628567535337655087778726181012149447903652877275021111652344312865100127864143451344713620030902897439377924332895206772599286083214017896132453755644941774581665992006064862711467135181545972457482321725338037108491082544239208464154388123675438636660749969241589404891005829690523734480535626839865895886480159327667876416378504
562 5627028729338841700878312137637469244129911052948145838047727652398166403559985185649168618967868258534380635729044080053820521419566649307574113401693450804977739957248787885940703153090863019189976929705338285011753707614794422319952443869397640391712310190050148954468151238551909127960374891983032819122044553598076896048847452658403761521953562541744035321
563 25166670888462420424555071037468526745609899633020328753697550695691880924326495342633232845525253436995247268139741442394341664739237730300601591629360369341948105983603666706507736297648413321199746154386533539557026455229461939994638690393321683579545511139702946085095129161742528653319915886031512251055831025186419691689334483395669969466237796301094608177
564 112557508934051485414278615524652181142114187448952579274710054825581899661800601979645545947229419459198948717110264212547693995331520927021995394138453306254240898828277930414907467208739689173397866825933046098962736392393401449106195512996485141243727555023193541519307756682113053662378880130731150644521260009917515860071719181853348594335353059802008073884
565 503413936876963198060099467491737505228603764422439454794040697582082742354666885151231884547254147178784936972967114831034456539828652190182669055781821586843828776516350430722222662360743403390767502746947143129832678126824488945859429740095950424563912279766210861925838144907255760073453392807530394267972427721111879432632076700556373562188491683780650628382
566 2251531605776757051949400036867530126232885944840061703801111400895521686149281378795914930130057217826683259387459770900934053099166038131116516240362304388102075740050276716799579324702669406216118194361481379312782396286228561889326257714003469540321356073392815060487971112742233334405031494039142671961495029064297932107782431863634435464158258988715924119686
567 10070079629677953377241867615123714155139174011662754039753707182518825838454567050172809167429746162539239154671389519907531801924570797866848296590894667622763459826668419092413618604818925981421127041433990294757205571267850578764681950370728602792854524502911381892715804896609541477764537221271221954114340331872978144039670615850855085783259143061627252643464
568 45039109854687606137453574796774105041130905176206430162564028730188579257383493499498957833553574987572730421619134405468250961271792627279249900144944460911426399907319589450556609688327107172126242056847886735253399069990183576967926518977834809553664769171820516227451139861649513311759754765843495810847310071223950613618863313076484196268109527268642599922650
569 201441395807933322270230834990815666651014776167125490777041638323964472196636588909499976136833415753492607942712581590447329920469393642518373732705880249096831982036901993982252148986194390690466260215047166006288652172367315596426609863788693839701213454166889135357725130661883795846083933394734221058887796576935899580070240597380552329752535083229870137982585
570 900968625858042437781909223065592410406344568951739304365103534629361581313456813391812737944325689668969928254873546767789087490723199629088277814777227153393079199348186243014296217676423949395426289482200700519398528490933834521571009201255936071701275317873557486493770130425135460321902347921173499310696224489550922990567585073253359978875039713909822612083745
571 4029699200853477469995489173755643578131787275200581951702300832301612800677362024004835503460878561202332944811094128091942906592391340040846015182007154288710637074321136561884180434138532756257659179914850819017647271380428702126251794508138614915497571812828452600215156355853177227962822382749055250433026439601282085626194417951687603761602516099989454860855814
572 18023436415071255082076217294185144101921669617925629412818860968771507396866874900922196659178158400961339115255234114319019194762207481388931004716254706806214020268001215174671286724716706628042358987474212090849749388237313113761392541946417114809254569605642269805807056593697630726074119085657298461393322889374128135724110400473295436223167053124108507363987339
573 80612904565972198193082700591530527012396909054670877813650320482487820195309306692228625644931827968919728657160037930613132079065327157443753614793580905736577525872422108515602172445260107177271187933331910294833117324831101609385397218427504905122637017527238159966681170763998188049903485086273121855806102998465654281154423997230859096128591819060412987673055951
574 360556670402545109722824038831807277901491764488839764738518306797723269628387436394921391181250426042425326626545822555145964162810572140976002964468657610427794573197560790686325302331674427262315096593390392843562997226162964055925560790054445188898711678002173449275977492780443511704791549919053653471774760047557527584692683762033868327180137820286105294289643668
575 1612666212015670098004403055167383685592489670330239971964095730797278716194785760638157936497101431500047177785599158151494276289190567494810100216496535598298875050121199052834824348789659662990577354456184162253016483919049478775833185405014049556106192786204801764462591897266678014037927666312557463225423949000541955037954228498490214158572750670607976892019269143
576 7213024703055608691503526293011852619654026838795175434549416341848487815949078767141921057888691259839848915927851177968007819125071929336162421972904368936912632162654463494767079412308917476948395220596976868660018253691706592482681118683543318439133285253242759985679155540876013070936489263312814422428676496665113038397927423314283220121427940375647914288294323849
577 32262077173284503854061348122713717292536252677427866980747411403652247340529118196918414870125373775108061498052508300845409735519851297778014985612975149609080401670190999469209644640555063422661081989571882284554643498288333816618174524429502638822660797780564460394623008148613602259193619323263243314048768642155368009773155617920439066771884970703751068207262943089
578 144300952743922485081611976234204184606528768648897001741895036860311756822412345559653193084454341543180309752964891248673983455709291768654406503772134843408496555401790908475603346123692056754824941484718606797509810761863470939143586207782936941343252660900900632055845611724035755597077978617316727784817536715649631518887831762038171002447188798141509783821946707352
579 645428340420837186588287435474984734126356861388919622817575678789317332410208453533095391153435315179346110864745569882254342850891454465930900341494697964954838799484493071464346969900080752701101450424684652971916722562621571209680320359442192022082848135488495282658319563875516809972681971764302570311455090979860777267939279576284811375200347643363262577303893991685
580 2886880564950223352437860726459444945831844590062830802267387961342059863760327662208062561406600395760670455759187604966075068179091539461515341820109586986464259047466652627328211138380999756831720524542682804657620221060304037664486907988726714854045870896135705738428429500728735111321366998211986454406082181973100557060798672191101138976488647935060802949155901337319
581 12912536099657733501920226837860931021901125177549282690900623653839752587969231531242598893255504783979727495342037316198078603498256023351217376634767325222905711077415841496227704930551984615893162361888020316342594296457748908860343807185173219043904756090011456855724163318083812278443148524300523944225235997379439987731961546168962563331881129241193318071366424968509
582 57755881967784375792290463859595733481439240234849680197706651592143356487883831235981994726985807741173666918492089093644572682933390665601772242653268366616163338429723840244707410188277606758608540845490722492420712707820237896613917886706144336759323146479939814381944990065936350926365445984204145344097663747309815966675627614037781024759436203222946961052072597915450
583 258334747134081574166297293678430616070608929133082624596020099629644092796587265902297176494756412311680943531772389681953130139677247363576900272313519295166258836930457496943318641155058189869082729563459853675741951440238271928514685188478140518972298126994296566073877924557893464569645381149947267222012155398810632538971550346751994663679460366510279631518417489992623
584 1155503739292201705013146275874644013980451324090170372569507135131485197903021970378280404790825492137513212297375905317026608646720967535183012834729844800803988546952489552739037626475161356403196744431987127111519797318801175016529117404888661122651053856022084479606418882311905699937317260002249881170927175101728999553991305582647209405583984429414651267322020502232859
585 5168467688077475026143948351880596669267785499901393227601663793961847164053230837361789897639951964897050149952589433397330563877923985137424255737652296613693711650994519435451553765697715714408196828248982110459205919446209825164780343858229076139208633717243682123741158334662199784594257905197343435807346132796503242055170958531113174606164976455794369582257740927734064
586 23118208107903514005154381315223794338466832374811865220256966432942160671614602499694672750667911334845194977686605228688692502525451723420551927972771279946593984850583888917956555663064567363488517782956568856175316794163555242560047863771006834839964384825679298743741575664753383893379028552135922383790363566218176557467897596792909800280284410027873392629622920172856219
587 103406642858179117990236658920835902700367198510517496267821975905790967521877905312180920299357505154050046563035626086896827000177235013522406312319559173001738576742315615922884379608710164154018471958692762837129169608817392658382268338196406403957555081887573376400196084086941202163162356213660310852231042700981975100682697006273268067228431264079590663060095823632439027
588 462535007848298579299980189563980619903877907224576108813066859124832723620991514528668840718895882064653832966087416627005743375495563266760080030241067821089258394743697056899013727611504615903829456994100666089697637248983121316043698495444258625111376691294372903691741139605308467716087943180949513178011449740220399391493965325664926143105395130674945378376735140177365236
589 2068915113782636291678527797063527705302659506853187269010847745625123445724904992238333743531906096694167016291579238291240063155639711584354968296224100000622742816342658502692813463311121235886323741628851564796020869321669589537166160357401311711439711717965635902124914080483171563684722641046349656632494647408158157604547888247202358818948127826089148309328308565552996369
590 9254279729884985946121835236283234340727426257958990003176144884114395615372286177721112755634273933405315959543501350817911798967079441245708054874541178151237453890024579383968626654258423756000507341926029749438991982142808862882926900873082778559430914664647039884118432511203595738380567451650338951141345590713372813787852762254246131357285345973333124745416542617962237915
591 41394672801968660391568369827687937936672640803934903789387496621499426383263330235195489168743587444821319847588413286676973581145390136812209640975482897496247770236047981264475917823390636504018994844935387797671569478598852073442014012314588689994723665325909763120006374358455012159998273296868727729456064455810109394329357482222649778250919243271003683200883821462417191472
592 185160421084471506260725720580078709899212238570228427447443496737198091148546674554798902991779306849808598070243850696768892831716787448010508058521526719397724613108620322495842505394159386015048667452817627967054563393590146924590101471318551642442865094452377336769168143218662273235038072680251364968599652076111434234490478717371106565604469297547788955364560569303427073571
593 828235294060033375111260360683167144358392417458591216011579997271882227366393154162841388706987479359356724491647406538100989551857604659158013654175228879613466537670017456000986999724657892903761885219691775499390407155417532055594594928334661446500244868118176534390248230264754639618941013496613401303527529039443200250797227280825560738657666672713064731110267996808610322364
594 3704769296060822750787551920137549912346101994478576753622154220258397483143222505138383785563247703033522520900979440183247373154593829695935893745769526076649974920839721982041988998119695635862503240047734822938934847414976032507584258252477871732956275316321965694099302795388213775035765629730211300341978683169961606476755151088256081248804006048122687272962816797089019671079
595 16571829615502392686111597045409225610428728655424127818505472340263344302672452226357530107933528751785551917535972228469849752742177635956796250965431106970434420608295818522472613185172613959615396193409575813159347273140146758924287531791206137733416352745286944866977696718713820816488611022232904191797990371595137552909318571953900971133527865441588973480701353349524586174051
596 74127883323250969993247929087771262589349035938198160953175959267139373524602763153262929617081069730384802543758346633993289378623763780673650872993896198106182825479600370011401500692105274562192446255858688598776665992879058408251812980800526930235244631662920945620572815873500155110151085176400085646770139692508016115369888621057336681922925828595413058341371572503176288648992
597 331584775577062630483116252344936730951665444202561113040050371675961774057941782242018242448385320264588604971387983550005501685368172436752097724530693651761295532586731563976351796916716541152721089511519249627842454637342517455641037724434896273005889565947168698051631591017502876260821259623812656779234660986432790358321463518572308903807041369603419453113415166838281489653570
598 1483233075999207118758701969511633452034801514014790588937639941517250012280093494152610944617762252562387567917191978809731926841228225245155306774494941475576647674133980009062916401552078637521590839690126084494866765089886096254434458505920916897580736898763443368917068192246879798284383197356356147499449243813173332251911896241692586840384653068738772961384121724851106012138262
599 6634772742821481836788809763231024372693439487986455332257177457949266336823646883162443998379545910520631979170624126795953388040847108296226662213923713592483067275727834858900155550647798907570183794242492947811503865772145358431447315528029542572839304555017427140377502623873540439930095633232674369209144037301739692974684175668366999450228365952597737919376794742642712218891828
600 29678676258920059391419365871300862867602367849632034986119632672848452420504733649741900767733165739704543637362609259602830262522967673997641739451916020265191785716577140653993717905858839971620146269044822407496756591483149787111454629894112643259667384031819690361350428062261448057071842309670744559992404020987877457736019894356213993540697641056440694570570678526609995759516470
601 132759258928304335122526042632088824958497347033444517585384174599875061710155590823487324018380413826121537962344498807176400707941301530286421042444531059808117322408289600147107843484680927556483968138456986142807643321693644213164629010244263391544297831306482997135209825663432570381022144116872747550830778198977957332622491574368194390800559220619556625893946740547030934187711211
602 593863898358956408883959641631139154668020940817173913245623969953467282855436795993027303670527672932021528126500711480179074050080745500108859426830020364796116529358082285522351822105728724669216816768048079498860535507169815758037206626894485750857412854232742235108067572486608236929212423976065029261085109778624902792694900208324316912907097013887221208678394414157313860564353739
603 2656506216220310292724335543984524554217562008736712936196833896437455694138615222992638091891273352489130969525617540621477587458967212705808153558555295814767386633649766928454552125186401573054247756035449321120138883746476606732493251686921565580970590707501998062091190830556292813637309533455985679451636035723543828435985407204962198573359375416065925859426058218938543337257994746
604 11883285968594601281639882077411528649083819180605077568666594845676202587443825881317800204398946316013966758087607480077597359547083603558445391504067249834156390239368442907915930109918601922617571148469061968525700384568680767320215287766418713620283997469132287163200498784632195460077895435580218790351023962001933157974972068611455178424006347797750922410716581093901797815707387137
605 53157439640936074010842248884571594900235849168263945082933419622436990852642373131485521862041641023412049981791691543170438492016530264892310998954913374499047947638941434276752760374373047421206427773680634563587584123189637927663155353428105004655783073138439408757637070451227648421053612539595456391485639635575723806304944714189054303097303259691831443882244587692835514810071895871
606 237789869965403448299743816879344219018733336365574210016691507489990972103344739042213584757057215346353156181522930548023055410414726570228136045067732048932825782408412427229922075455027720298219092042991728562495052833930736445142365251323467085337912063430086525864709616936981145917120833440294336154857058109862643441863210422118666057101089467882014886234507046447935605400436411338
607 1063712901035722346618086709388707331020488378292725686534220045613618350312803469930311333683930285795134919325007342443870058442593581220658892884072947433299050676711894438403021371270741286210866713580801382404344334347810389731322097859484510582773709176782558084775396962622518275030910045554290813827090972851459906496987050864424194856793872251150247072909395854875190185255421212421
608 4758359826805357328220329925214908024489453238480227861286107052126150259529193257030122031412624488395716138329181018193525532417929886649273807650157010744009233574616063657673146112226851968624447809986192709701156246024023182045211284371954651565521273326812792799919567092011462661900101693053684933926518754262972604745115178118675288442966377478131895215159023909346139214473405049681
609 21285894471242971567453947848941357852097045190140342545251671498098758546436802043479067335028041718651948761677252375392252981204347861324556747572895683099001830852086619904084461567601976866676374920509474334497786976331185865132313686384317909345089053402307795641256970069763986624362251140160440320616411874086885730203684404664950088303504008411474514992254222805224935383954667485300
610 95220025645236543313794549108221246179239778866332732792970579111611355484564086173917660567213006583196169375738417174917937745786605175477604022474684755045816089836059746373247069941986262631135968665355785548469185066979366485663330498173202235595314754620733503885089980569691063818538960954578582827036816944505116810661366718254942377880449750549551944462342816803973800314952262240477
611 425957669838972711767438533313746839658391881333396950189128618761119995819495301451677708731831328941821821113492717684686307377317901564746765902815689810635196029933206921489183566407915305967755555994136908121068977259962982901051122470159721898053426437073392857830631703012071805769818631359052563546218319524405084460437448384599419467955298834741342309815691298573160583731648182387777
612 1905488554355954232718827786767228854752792718593753429796833429323119335705068901603028240170886630657113993247111749528342468623862478032327887560896158424281795203820028232496715578383411518866246490388646067929009963723723440875172455650868817474588143425771740726013134236667045844293895070105174415914924636915285182489855829339019670489996341263421365402939619998630031033155620792213024
613 8524089360711344744383758250391611113495323450573025992984393838252783419944697712793448234978177288254187195121132507421560897984496198357910261333667323497822495887534615715511543574672981165748999538855020426008743130270970087256525512411468678530664991447177838270470981116934924578236101516028612958777905365693019434054895770458245579591355239284832357730956476521161243353295235077744810
614 38132158125249240355977783033860946570990325510328096317460421832889424746320387229096224955782588600420286601753424033866429025436755428317220824413465027013811081716249338079304331344730303067931856497835711700150263342016770532854088603292815239214460532999627739519307415645328352647252548621843328707833684956604466261217615872648092476783108986077272084654540193640260804874588119855604862
615 170583300432636709460942580617221020294073890830742074691127096634630608253852088805695591135053185097850714375556013015602900573227641367265337052139313845005322772769211462240327643893575139612127991881458443327481555659160633443806333108776801043064242617267286564802790687984888077096152946535186297815300572478489686120659440474184383931985852698635966774970705200381201700179368315345317244
616 763103369145293220272874627307117203963538555243348048130088933686583066740473040306508838438512998235189622070135977720899659180194805876341420141709787080235505997555191652085849308005466752666950974776191585984988836670586600172405727071601823996986564431440420731668738265022434635173540281217545775798368015953953283850251875327088250150324441089076044552021840134471255451575479311464140094
617 3413751893768693301634985338208361189911563560549257901699582363309544495554410541435815480598092936988001120502842099699099870875874907657890697704103022113712448657779386271233822348109772587041120401968560316039827740199074095272347406761326096911318325919503330199104564633839691921658864841895330401742433643916902152798120284232239945008213582329498471220157383987336315893447431339567016079
618 15271519691210127061735891499480626480175225558074599538525084582999266014286758513592029810995261290156221258165040595814779785812523047455895452771461556011479005957846659365716013721892324211387937554865685263167583587897507715146867865581625120157073934691052433672461147896810011476717233604889781403835133249716960831189564862191917209219141675023934195147119110262703338965632224478048284239
619 68317862938319395393585401660874259197197705834405853171388313812448980299943279943691526351135926355148831193944466419763917545469532189062061020327789551074045820813929987765197734951186647969458059504891931357465203803897665586972612738750588568245504084558189976365271748895678362926891052040465056452699478989641550966758110313119685146975275813155853834238666052905546068457273899081792214434
620 305624381132206394615229981517460835852552415373937197298977742851192391901057513856488708931582470255585871602608914037893424955165611288564444499738973522691434218572377963472984089473501349450582292661860968039809114966361787936430291045132949125389712310692228224625001263670402121344255601808021567034580628361476034822092853266330371435695372741910873740923697443275610819919183549972160450061
621 1367235808250261710855680688522475073660710322436114194491329892769146126188147323004383780217477495038386019389997771167927269949009323164091492190650195685171044916722314902952799597268180396327576226933974443848419672704864608260360821749147755535273729279605200056145154218470847378154214408161026191516463806067053070350688356162477028798314018606227732339762067277936957564931377256727535708050
622 6116465753595116550678657765201209248880040639249498053261301314621053618297868304517837995299399858434817551602986558325938561906117119616588835089529805479197908620307553568807558761321416677363998865854338162990545024422631766633038713736858636622190159365598862377263924567745991727861913684228044611336570823639066275067794946592565612351985834839892627010255008965219430687304438895668292719491
623 27362726180755523490407154960669717591553019409819961175296313492865390336588286157148227465500461026907840420519192311650245490538290071642084328095018630732953833172604460089928078023676969394648575616153507717090778937362063964278397048064907324169795723287953660649168830091824706084376250757386660088002391511607375960751609912103470098222438982469896694379124563629011118544214766440384809025761
624 122410836809158869583822265254801288086995012060355465468143003807373662500009562265656861925117306183107929159763196015057994692489199630236450007945734588054622782808880319284157967860960343433905680549196523517773031906865677852146984240216435493661569851850022882928583068373063198211450439118015441612768572505795689923919151037381140044807663471601030661806393609718101940923430712629314206278154
625 547623466496705989155659109236893857201845540715120735585606005025418867696743194895281432783538869082458746726735313538509927815873542589920470124513574954334884411935424074747192356697535883172408665684905876509766510968262219802347615504032648863062390791445393128690924866431780216661665388651605212138705984186205489141464821311721194422248578521378936963613027015741953517681916741059397778522995
626 2449886185351978463438496012564282582269228611189039950475551106813728600287580794108788139163134656750119071683705384573910135058808029164582976028890330760544232235848307275924294378348322475175743169958530763821381464491286396757356704900419689066324934890560078068694644880823108189066246963203595464311963733834126386229603102391595004682184318850560420947520215778289605525107071170254710180764439
627 10960022295822441865245552961056417571696568974968954050853099502673034876079589217627791577414441954014862855124312969337879091305028401707767669632379213815656764737965255241527351696457199103981821675551899376533545915975009553137579429240715487800775495335799023191489587416939421016066873460949008162732108604027520099225865579520286400531800509363148843578891202391811025843750283726787086479673806
628 49031889691166937203605363877911470969795128202366069198603833599224193432629789224090310661097268730411321470391433516453880468219744463320638600595364052548387149089387376101082655066653131584598888146897389863487407569561475795461114551496657844126801649046748785193847544262278289935056344334950969856104175400423797389100767302167480581529788361520081628002702069569459912638259617201737689409807489
629 219354972853353788843244550577032989405846230032195049157515548694462298338592200508097203562950999553147545407939079714461097750379992009848145681145364182812859304787903679578478566883867470924334921784632932588367260369675942201158206921626542160240304362507757793300442654359912607964763611229721626008121579952205210012627587123255701660773813647214435753437528048932049404375370044877227073627513023
630 981336589166679916623473823389665670247393978378788441582385209545271593845327705281429192875696439084526336836705194746703899355963678790309000751974004319336981060721218151163013637990334611768040082923186075520559883740928604108246045693539174515628714084700254227301841681374546447920977817751260744914381945369208124657662017950798683120506796338405077748531853523282260589536786597272211131870027594
631 4390259063482140406508840925430555190943059358101116378984643502844078521179483466290070032223102204378456797110049992128246766514769826872350512878315124739260899507984806917055783113433447298082152962060305944829482400150541876133983825851401381337424011870874317768178236125406400058468681305903130207808984930984940646415740065803386387129816316639419460690043974605133723280367977332215904088483361597
632 19641015943909329596987369134640474190054447315429084454705810902796142241565429278716503186718416527291487080616840658371813520083334475146000765659710880350936975706459303956173799671683426060983624636736718177227384974193160249854291298149948876392476987768568032328973626506395130010525584350206325051245150169479872719987478733864725797127666661210291223635595418940697363686625287550571310241397909689
633 87869749179759817149061134215485870919394476975733662804213577422454234898706587350067003314691400910309245997564172947237602379771824216944619394274025498942728095160212614476458439803083332909375013706122984799865936065510554136741976617538292202898160876200216231199158883624515526806585985181312870449762848905976738375321931166543409665448184321602074087356301128541894008624874297055779682236850342339
634 393112142516941659827434375879064014427963006503382890509010201837819015704333641768316901054545480245030346560651293536458623644226179393946086178335546210336794310441138862729513269181872760694382489847077346401193479373321604978465667069403811099141190094467452433939979086161934449983689681991680057390297314096573212996463097126523316469710383075278257887628992145597331286806600666227630681697396409030
635 1758713748410265768009679000115423769955263398078942690637494641308209126718949721542245833081109630432205220770922206067310637095439037242770392296985209272008938223788255629399136103651824392971291468137792789648479740294328019626869278559650355918396667082021570153965355252067328532188477191171710338942056510190573684160497518956786364087745070174059004037629691732090195124040296126802607021403836049973
636 7868201649420438417648841281620552161703369049652444648079141589262314201831039213219861603627919531885951872314869801214423457222385881632043076381460323811979883611476492140562901493879072761665844411023696337078697911002011109828346149764028481507015559730383533180743069554940918961602290118418719284876796316762175865913498138664943305558827136741856668667941711424711394553633541054313039524796664576253
637 35201196263783358153647915747529597798683054829363753697898846026989306435635151448844164589654469679509228530648068012114680428717133603822469580097057120011492718502299803916130219660742032489293615244555762985938514061238867922156849403583929459341083272580964607405050178522972117615817632782044058437789753086657200791808133719638767727506378121675502491867337786453359743135945834852666302844639759713151
638 157485646062209774624859168942245021526318029874293156084224336585130463670493630715648171221172214491456123159156896942755687043511444745271513643015922211496914363713726808759505281975762505514336538329698638334262026661981756547300956244947827242475494820386308331841470870606592790155322721069374650266571646623775435583296126832085010628262790475197914724253741663520863683183073807161651433177765323033790
639 704573229448897489556378995524223249591042489943508417522751099730523264079104721491928835189676027035386291277739359003976424651795782704419568298788597174866507144554238815399024453905094289593376157320324923290588614737029081099243563893472923248674738273522997299140561402667997867047557583294104270034683800317590537491710283583082174731855723077501120734793446321408864291427787545757495827008419641358573
640 3152193740037708614633596289516757649391817590296494036730522875903710052411333134734369809614183010761591996164074985158549281951033442041359802747210564617464013263746665099053843169003748195591588168405717979116422412619127696197555561980845177502275598024054183954702295487326088839812459570680584312622671764670362115165665133532245432062635018250362323267600716345658360058474913205540765819072116169190801
641 14102667421634805331878379361608894916858502924474498241601689583738757747932421281510680496010439832714717026233041443736879613192044852556143787078989520897982761016666081283680784764930180030822451355516585557714881263121896079895036865913098431718807357822834154900666090308509017840099887589611530760859110949126416435112510589899973029329096280668831357724773740997476427991343977501164716919670080441307781
642 63094458714293981410951362205551037877033254186189499375496951213471549495288767611015331928112833001904174087647560536841676112144615664879582694750521973539460847409973379967289658180123866657840751885099752647879923643972348273318647023884367711805299213419842216855891337252709705644275356249843646042504357921403621897030921911952848287945446012360908218207150647447788262789795696164922145864743118625924876
643 282281724112136803829404663150161246050069802193347763682201243812853703621019646026894747811790312097362738225574366866717814938932906349024606697249766936537045138648902174760539830057008750705737670500732638908212530367509144445921475000673428328713137080405665206084083837502113961927203990383618906430966658006330145037831845162369812216582783666582341754742674575133738751011330932909250286172376842518205821
644 1262920132749125170381679879700287230828812141793422262959844222471564196271729247197509742353511941518063448821904336946303547827176991996913955252777526500086750999240937040013686133524291816245727981560564125582385299114448269572254042180228378534285597814454174688169647254979251727459940144192858590699297923819242071821032837695768040947534410185889656980593839610610982006436374944253324154639349923985920771
645 5650288064365828358099136330845599439791897639392942623847592642334236523176274150239432735705359472483472896476899636206932646235905799996899982850057055594207667180125067947407859375136416261762697223532286715869308796786113118933462810105241874035812349392365616671640786097758084307971921211646439743748641846440458504056400858116226310560586979550715978598064055210803411665082442554311426835423909987993514569
646 25279406048659064413555607239623740821214136247837823941959787448655975266937443081412916286723377877142446678946282623962046669092526623794145834508407303077210354433518479282506559705502412652101909817829095450391984252529927698480300963037870190681617665221694806248968666676558744215719573520910296502718712955949613157178212815356034031273550165019326168864748982460934067787548117734355852794152932038721482410
647 113100548201720525253116064609728363611879323205111632315828032308997424920566889586070477404746976913058642880667839452357512203923525352536764965120753048966966735342616283340592377638222986078757864868775865458712400632484103296638965917593303086853132905564541808580009430075090635846574692196105404503245204428085335146416436586322191474448122290327283811991463713467897455420273383848843656118624702666292793307
648 506015846372585432982428071709590870248398305529762363369818578959449226253197789286751096656528600599956226662338105790946646100067690431962849532660752478782342279022482850638072544031771962245967024392463016713000469191269449544836768194295214263881788711773174963779516802991107572542677782225389707179401615238825187747062648353327052064773294182156827974984188831899315970954276006751104358810886402770489467151
649 2263940888567397817852590038586817858166907163188736505315386389857761112415149841825618815308268792671039618451610879315945302479593699535331663265059846266926123587411644201977527937523436719417388135146369409531183503412662181839519860561131906930794523086421920457441708675715076347123907801060063005866871087430714893827273068691479612995545225459681909067198794062614824192886103420209875083289399481347474218236
650 10129024059056685215667478321254179035468443482009769667735097577549633697467385911394309497370986725094511292886707361904596810508261732787951612046859718805495102234455527678239300666740041192519144388154289154109869950288337312452805429614767847851500283908364866878166302339175505655002435547190800199259183540240981145432530640272633214879851024428870513426999652106266268351949496036172289068162733538494899904899
651 45318097657844277814421073745872478633885601731080315771513670840671773003250290851750020674552554106901949474421532101893586731731069396110040049872782865529676009727168090307126429457389111336945718548841144386526971942552446269867946365240492388390508630841382830279023914614875417839082112928588902384098019117855737194978256286725411366763566731097662702798139387106918764449144047226176780287541132414456712474967
652 202757665990944279289023020104688758178768380925182583569450590779192004036084536373525589896495535625815113932121646212162253726193264710591866745980778667565801034470058919298653086826421417528272703284966620845415428084004263513807870281937140770392354920020454666375651756295170786887259303847851919509466495145417780661011749174055199828240957597839425945759521676997759491685718597056298290164284772107146815041512
653 907161133302947207640320138560917895613543797103843700070423202305915704886808655481926762130744060598365044697398438951785044098928819228222357223465434958896123244560538205279104799182517729083690653507608145425875197670843379542068267300995363942336381149382862747313186996110625436815674344943959166735578624410840504033165734534331320646287342340673469879096685419994226886420802376430308019851484159911088561687201
654 4058757658474945518522201879234969408636998126645645253711187671690339950865088045535980156487184604839313232885352312300460155917827707460936676382629751877679440443238635145420451927138477460872537348014566982712208604585041946446146000223920870787310410684938239154074424636066354437298779619720193176229858980694551112131329061775455935795691490300394113505902557444440406278141908624350592496439368185081068368390975
655 18159477028595905299812423284443660641806361780866704770038115001511282194032148301028516527482453068240357601345661030208545748803496633118523572200389388358103475542327252391793832068144267218226240275982960842320581286011034532835759906820320964080795689069903458497149529394300740695564972094173840635298943532241963064418117816997996900437210897298109171386742746077730736505512185307560190772873746101315957273378212
656 81248448864530565858019654125141586739889125830250388341958259577163901101809900821610124520699556618326864381439963996792786215542909050070828616609694751265369654356507687568722859191871375428508765929256997026541196209946012496044487094022782573877010794935930780872622489675562666094821650983928000656947265607638297111113028046134965719068769021852939370585095535058563348843586329512383384860414483045009674291252387
657 363520025660900660675023630617918630643300173359994907926541587320657291286464651860167468224037091227756056281626243614311923446703232989942468694413628229821820037663786991961302692691824186489023266856204759487505226961669663528285053582716368098451871651330864236098087219977871498165111398927498636421656559278532202169178082080384016836553248782961457837352145477689140593648565319515546900854815911648955424805090300
658 1626458992949045748376807448988606565786188307389235416554223264308220621330693363756429859185160176480781046997501917423404789020442186584334878899972477054663170992908714931885669136405110322138800129271818839884649272440851215279246691919019949819493743639962620047443022741148986721248374618578627605204675731416439437797038031457188597476921150891019393361574467871490505399366493049490466868560394256941060736980863079
659 7277117832964293223106180204527319768870006895036581837508438407378610016074755024153175569021392849382244745128647575525613926611597184279261673850645097274639347174432924857556076700976776015589888495138944456101076875110231137980253707001931436926468385499734570043606570241803261053610215623191655381740354011143550966230665220090192555111129021407413375811779127787943395482791565222308581746255027083997452738107850467
660 32559460710480762790407256946235772293982048749635714205431761330803133079749346152546335829553693749500487872623656972562392106625214991927134261800469436434118079726688747553514105507417633885298900932200038303619346131373857754409394563491933923741535161900999030924369362250256399354081956739878829855784068820133562693142717237884489670515520672246093318357290258024448312190190759454371133599403009973536272623529623392
661 145678848800927060569970841132782431325544744967545491225440685420028288837666032174471633783387894111509495914982271240109814152594029928401350743920370185477720798450891448417957957901417364301695157772007261288940171498924384548326304750506672566764692534645495121124571323865193567036793097759491045817765508653480253841664630514290545577207309084058074727473055780114098948815274709769798364217569289770681346416769883562
662 651804412795151213259121500069974189595145009918337578744620656573294527356689412426017748540296518221777794279190330486289174716175340272289650020748259098596965062308526863047343262694327966943364032469414716473590671135040039681217407115244979849622787751125729895480289112674745910548737639571302802868176766925265943326069389673777240497097199302914850815511883232992592333094303169034150888371230194452288687932479560046
663 2916349604754904741089135225955899112703152169451959560359200944758098341912487578773310726710854216996130547909821006251521381067966021865738181710039186743638333854156380022171457780551316426729436301842241629702674774492229779030232827571097233206462035057518576332649412205389170061537618499130464802892355868781706784116110222575554767480439509414713660482049657597575184013830470568814131087951560717344672236496845476468
664 13048583288810168914366631461337689570988550282531346117928911340253679069660135462610102665836251823903717000300242272460128076606943609390429946677028211720052906459824552434102514741000900615995640134108863232232894204878026663742084245649239612370874721875384603434278483779178367192293473819581829377861974344073505948443965110063358209237802419582282783802975973465465151484812721964149411051981737884815910878914921221742
665 58383297870822509590346771065930652917162631889510285445992292414877538531504621754025243313766697194128673627531560644454817284903878241261148065170274055841661790770742918670171360534659557631917596546514011899939079287500148879068854720099444957847453677948313711653961856894506494714901661198320228396330948224937449653975571447904443185459268246940588974812019957005272925726046881213549807339920903246433234403320544094235
666 261225376542196144172676385832691655800394262182793026462348341446196223293244968557289215738096118536817155035372487323556345433100882861046132035213410168183156346500562314108366637133657602488764065255632271658334291400392359488166221686157024766212373018574589317448147610968367060628865975112101191258945475002745130295783798544504089411026912690697181191265540759561747932699657662785284642136614009941225278487609341149011
667 1168809087862809668478032402972481888357491118002418960595819537630626077357058705890347208692306914746964419209494348907197977680166407752878105789954061124730111870296349913565680593196991565907263710543551870994442164229228251382744034905207721050240590583103494282752103716020172697001949997358182988087203150794012949943098418644218745553399234680654885067042422183126618247133356065976346823006635912007587969373122079464818
668 5229657731566185081673199280815108515668499528318914585584221556558938372248298841840922595522996272390535753957263092698240240030747261926375308845948481021405937862292831094827452429814783793627655305230442358719491971722509301803562171074518088855506302361439847181079921856875304026093725156152070115469166327390625862329558205793631411541461025791849563872237647870767331325823440962716598523879327653098897449880215044594417
669 23399383707785672612755961802083532092186617681566836778343474279922633949533281800482424972794873839769944545161292821441145806527201194080268118888008708483343333024609157059740425024743793657114962718146294930217401428263106391145649220456954023918382308342549958952764250216753016884035368560991127928460895943875378138002442763548786489949153515298074413499147244335442476630834177363837360076264853130295253928749897922546337
670 104697674128552001334247389633193558823570758849481204793323506205173785939769385128279083419483394432617092326823907026171009431489778912385937261964142179818685668722722921168504432810182188866153486576187197497916779991407294156894014203696704364142917862837420181713783975708810435638972275470624983368164187582732629824033352027290840947094702125286433128040103000453421879004338665992933200867128444699918237917620677231211928
671 468458481345473993833320644831289489767001873730790187116977506124760235307887366419761715038029084752302374207548207802630366763970971961701549627136987848291191907263142310915967749898442547593384221473329543749711121820098973704360198689573515919527883491829403052216980489077291545210626375073539018928889160146568736605146788002917800567861509827622164868815985363884420146387798176368691536350772752244371695601523715714364501
672 2096074099832844866337690839241560504249663996994600943922479159283247596889202813878369585702598717047124047574047458240832922920993139481053900219377598748855200511457932409740655864706600202077890116117056158741308426147289491896501413372120796315417805632332762611408665827105580007471279391155797888769053635445383748641504251007671274472987307260657198369390895301814039763274622066088333699385822770873379636535971983984169271
673 9378720770855874095879098591859811546439119638934652332591565999942529810699625408442449531684275181043532121988593753437912885584483507038852790003177350858818737184515610060127560656684986303722754838199756739724793005315539854567273359506813412801327911332958607046798205513505945927281484617574177123979947952839004937229076447659472949445420475294033541085063648395236993931267909118076765207683124776888685715954338159829799500
674 41964497284225607364140495400845971096512169348755811910150078266757921625078460638852582850904191845450127083979859093242293135615666424872135269893245041474263169272921486520256291334858647260565079496930285963295601546618811399544070913190178363361297698850659635884851507296383556189904803664945493513168283069775961129547444914080436744686486638973841096590174403033198136694666660763201834986041062930187851045241764902215902059
675 187768131220355813919977530705352828404427306795354291872052617960187052456658712646237401375733388993396795497179141848796779961219022975655406033887871357880163226520106599797207328260267073969395718714674219208823306984903687728820907968033199247349630357371667593726482795458999522935219557002433430758294042632107289013135003410397643343855924310031666884946392739773467927547758218189313680430489540940469780563880587044478371143
676 840162279046025726640942768234560204330526441663920968964128484850862615747188036209814996921748373041649711930198692828363230157883845730923339339389528552333793710299587102964135600304684968054093243610456202103512648575023814500561088089722821822713154225558528600353236442372165090820964057530634431801059432533373672479471909717315849264688697876537989880876434508966137683701698368768068624207836754376536035901189514764598204928
677 3759290661132004108185590898568093267478494133915218852852203769194841577733218195581391698715457940774359443264386772313823669480386410260033170761192950915517065849121356224813938846771474391744490662329240606322377107212440353406205335801152837854353126596792226787827702510465038201097679558850162480224784046982516527684161769845062921744223132190275210920041813830719276872308162964717224054591483248157468303168474403659864469950
678 16820932192274536405651086170843626987751864411904094228578694442777731722921856307396015760243465987835109703926660767999073196028028017262186016347357648547259766772713434780834438335883522253242746957277709407928996548454805162464124018249637874915409290751595004603087093343570571635711161976634762753628169250060370757143058564835371352661592917075168316409340418750283408388533322149193260316441973733170002481857595123170023879546
679 75265445687792959769914507783139852541713336975203231279522151659877342773995638331691760355766647491736393639070534467081685368237832066179799118455855639547104442547231697958887448588417449997926060604884542410621307539105146220294710706988639738345182951679706378058461140651385395805418519507126243865430264221539214280168800691315197597635259375544764303996788047107991503613908002198942666016553964817165054599657654772140323005508
680 336777163122110497001317498443544330708014412952748491546259494062423811089328204238896735811538104022986934252571134507674979697875029663340253861416390001085942792624537026714249891969359371515996302027209957186616897531333200490939013826524260921345973019654365308061883316408853237638814033428451960460947029096474380310778217274660706425622532452537647171063622029302672764411611129941852196553138233141081432848178495781798976288698
681 1506922945481171664515068047427878730758587530705718177190898193780519436619760199745462353399567762595579952382944881423073668828809222410506488100617700764830340796717305888524973666788952383913280582261176593759850001871380252083425016804389546816818316180083198956340412829010659668330906081372553880236366647487555667202696334205782572345748671832253039784381988106619358790542049932438000476523219810958540137204938334485491479224721
682 6742809158793723397884232341540080698386818874289017231448474332941189877393847651037112839448920330315782693638346303967230750055935119796890722914500670394587714155028628513425056601628849786844089013103217125340548551744407863454997367284813313974506337461641668486103945460848706123050595756893193051765941414167293662517416333079089698109914536533578171378061311252767316928931362814225544602526261595503141945172446132582500110336649
683 30171166177579646778789463719019667815819517264113051980865553355165788027893816251377804533769593824210572728491616860162158193357484058896803840389549786791731528444394841896210020707248928874280395491986198461665823172504652163166788942380797656377344216170328020906050228256224196670822746373651099546128110982505746042242721000197522779536521043124369175852771186443098721237957954891542224651802884207728678626469501352350120786416022
684 135003406843911362057371305107758154947162730990446425108005912969831965331395557929470135416783234308272060983189574885325549829005375168010727833834329046653785694469640520644607247733341072173195445536520222417016632271327698242035571216414946676163325062429151189766316366877223435265375009686742106241615954346157219726927834000938973266594965336673961404283929464147389898941880499719923665371290641437803045781837568515139898109155059
685 604085981848796842402439718983601153989094899792554660285719592919762991009548412653733319512850242451860800232459590788370902383601329693470118690007169529836186236341468119009986740255720520122508643459506047525194281763882483254649931395953805763159823402189673629457741182146099480618691295204917708913639704136773994828476540787411365002607300329989258563819870212358057845083939531473567240534385926392926665935889504692503961052680522
686 2703050638079733164731760884009387094472602228408214958216443820534344766154184048027972803546300163531237701822339817418112691994773818026092953509598148475503817312163814795184380623718197037477334327392053280609768914918649307722633331043083664363519568130690812373841466082142177818813215347642486858663515287232938363884668526709353269519089199577488891706615018034458932040091918555802661100668306050918065305262971309743672058955391457
687 12095142678296742888535614621795970826683842993627706121221844458900400938045362576367731075887708759660311469375841806121873371384505695723961790327657717309525238746477883619306320251595283775160565890322548504643666130486341582289883161839566629522898665690680323131951260034500641476833382545010350545522639323217022476617596109894790944271248804476991535119858990939057918086150240551022852453048031130181754205198646083616112260028051583
688 54121421652768786813237539074422220008783252171106097864390545291307177396645859970556332393789010277928739110507532206861516580180079204371384352160408456969642302318308124638859025158886435840781606002030567662195253083716943324848507066203626726790921003063124217194057194648407212003615223339001092304401452302618303558652715718581240314611303893695658037326352935123567582797412193499041055174769564129613548180280191225551456252478989066
689 242174704453993559394750622772803384867159968360377457379629428128984118035821029242915903333111544518954331956982869630948966464934267717243186786214566486774933770704205896182209350951747399288799260696273888305749227860569074542888298739838076639770957906438542743022210140788111512347213693567558195425869185691210377523965583392841595456296581231906180353505116455151498253532661668869908817228620125686799809239528505694711633293680035977
690 1083651755413942444219704075138632396520254985461263474438443441469955645780755816134781837687507450891121363066042186487081638725057220362258367129921636572860083912282389270679683525272980357450861800726697335714906565230754153103438988479359455224872455836639604053768257206969030802117710574859723652362530579495977607996217522622654178449328312726943164951092527343894842460717561859088046723288931389131646928293781781173404478054234576641
691 4848998763535982837695740306767321911645039656114936043688361702797315106893656243360282015026997818067504669485495736837560428080982566950489351066012831150089296949524574462078086663372572455073237379861460814136200666529740552238853499111135909971253561376686152813025671284360084619148946792825980357284877213822675665256762429787607169109470844051545963742029966064776842152783020354560420473372176095867629015565851349636067682977204998358
692 21697803809459800669691315651157401174764855245692689487370691598505224494360283437861959746279556816923470467760575871739679389002024666010209756372340618017649173308181938144067183885415620982800234436014120664413693307377719617498766706729878546309008950912675257299162230670343990694857429345115065729385424283956453066970824119020464926050663511452501843860237206643904663396767714669292465674497527029724119357133921320180310735899919958147
693 97091419089479262606966076643887259860641505313232959985727011218193126198813786974347693874604491668304778652281477467077090739853520242092636721423824014007458092249429293166976949696151040366404455661615115807407588175511228598091350959412079181625505339962144767044966198385540071864608193770193537329754608321750611155021440749349975774638581020970097233494555455372176587269642069965726498903198702244542318921946709976601801280661312080885
694 434457482943564940334840029052522494513221347237715589151155393364094213876898172854462478596893974176323398887691927691302015263229597767582141313502403096694884765954172918158454083677302451171547122968571263778502228447423099170922210009575202272667876008632419038839782598639568250421804376902006601691798604790620977600469500411852122224605938591026126636874772140323425329558259082862080580168816990599487674841962172343387593911479394607110
695 1944084210380633927571757451324235318569601139434601231428617760343225522654156518119429236428240619059263908466438733930483833116284311377537943778617665016271727587748436422050709243291108602497651285508626729940041589293534968138453311573088666924887262315067245427675463309782989860538012618419153985409960396713072986137097151376212383579647440195875354887012786929952751678790663341167664649063249114994684007580670443711676076507323228697415
696 8699298209177147853783460915176236300646642365579863668814317103154255308904045926245431013895086287313896402272206435017864492045870710606165984010754241855492446714199236149557229814515619737292797390750154068104729305665472103117714090561181875154889088254412094874323109092982280183811753046283012482704615929984731841838773481730608327983817302753185311980325534956894903527961922634037824072651881811798477463617501674591958548687027893034707
697 38927338769956110198263119068910759960266921015380215818584540451309331547698474185821304704401983116445219940569510256705475711841542492865754797279120880786577223445046077241241285960569647578344294248958940450792075355757782198100650861060770740578839549965402728895712117603548026690813448086482869841385242996481560753218218244083909356910918752682676659163188832390651449531978147839187705955260723060053272055368889901536549027512416499516341
698 174191338856069463570411653991193793910798189548948699881017689840736722895876310711548492910005235833459887441002201872485176301248675484973277109086433156345613625720041287164690782259734557103505268934971797851666176244622828855228797746635911530462262741922400784046226754061484118083893633250930238705158077087664293642326280339768019099896807895610784688366673348601847818808237328738723595813075425652584349374764424293681890988343744532358414
699 779470606047102891676508722832683629153426247471285338825771072682160016785963378696598533007362130817254663175838361232228673472492512517996370491845324387401201987214958172398006716038794007094536283193401402377254954681835059714029928030831824707111607913814738984795410916877999267301387472777312446504255216774765230109042409923818638247921766317255538243976274628421150086574209023022179855305603538622925772634593116792369258565743218871408279
700 3487982254103541135562040541699875228310341620031175591966552005152525358062699666177482507526360419556456077289148943940690375291475302110022772431668441969572445456231694757577570716264558006374559867206831423648126301936108491897846971019902057934783813730610178977917331416527289369783988494919741460354568736377665702697253038908102741173339552497747163554089597643813512241586666785462521929438019020196665427693733748202113352608419865862306171
701 15608103126905402589452661632738945336732833124037341660822839359469447573070647496583034692190835511212416014905045585469955403351939334761775137953110821831916130803853126437350046209286139046655976002055700396852306388919527409219784734066629006678702559847105206346387736860833582913860696049469711437676816413024841844153995822629054396020630512096465700004774380622251857385851498205358159939334990198135794872526291214382044783989914571864435731
702 69843712554946131840769944419448917688114600818607079804166024436113899486838340254036082244002014740690794357653126609925722543560129305016629946109701288547099909140841511793659080117644121015587991517312374417504870190163699444931437049750111117219339115746248049000643666053700948148852286510656415865607175862422513007502043109550531641849695379840296234343220967300045300968908554660180049469100439654371376536467181796759483150192415032254400200
703 312540162877249484815751157338240636874576158627601769657716203321365690621659373621944264106736248722513438613347676452864918418392209461438254428415190723561270694203799746618416255173672180684621715666878717004875923843668303121817861227860806700269528372631890852936112517702573159643277274365087401050716994572702291024249370322168729061530631685818685416288203270454630673419098807049863910415760718847212907419282836569632998829613671783719535387
704 1398574725629548433250124813463860561069324727040006338104152972344752727764841174006648419249075337057623442953307678232757226282993268232628528572474109620529637201320309671087717719683998330939797172238300033848436608048054095350360443244575684645279219082187409716064438378679915862488404646858207506569070035060634566175995753636871407370230182288526340494327211548023885133389334455495683962436202765428632458038810969034059810917072204885871310981
705 6258450721062060828003009177301425722112252184421369853384428346135226886648430889271696412620598119492813616581229518705682170622720590566648324525801655900885635019946544577740442512374168443341580874456087077335011901553592955544737055511140873622811510196696510924355070943749981348929992416174683247603266426283418966399478723912279896995344611833930276623334384886234183404723195824264474494439225505906203090495529919364825209702850107208926366216
706 28005885855687466883401204233417199102947781549887975459671910943344127137372353784244611977574700644177931214782340792414185234500395085117688657198750161300868670348191787056455120586355276112918598167421119317697673431957801502514446170690706783944060715907315593472677887449647174373404891029729570454395294554127961102549580493190738090565077713494879722585025532851131716345337070445413651129374468103813768323413314152895861730293487012809329625597
707 125323669974588926113321565094268866989392492535042302834721689979777421413811168932569796405697489313709857400502359834166781104641713182522354213440724980887174900548601591227319391519808199146640863038074536410764227252086445973113970382669849420817388265443995041322252569095748155878205163738233124740414726671485192425081185427711296017488171508938617638873692342017731716124424427949099176552028981271952285144351470457549872769017110801513594106533
708 560813168497391660192959337969983791470292431535578024718222674040057978385595105704561804389807214585661015842104214205560518910643257041535969871691817214662863333876610323781522464462547407350779109731471774303738625556844224170519602426873831649010882761571918108764785834775695115401056865902767294998594693607473974907466871778019957028903448215408825103743620868957679759980101375567962739471383244252555248475189191064137828329036197642089403254124
709 2509600581192918352200482480934109433152004314798842301174485204644049954744225729485859316327861421853499096280813390591114922869552457196468940917120859342514138595501742376930404531383319871305557793487178980377858524365571450591860837303486156166993186469182875391482258580827527439014652558406644997962798384176328741831218643220732758034626305265426044644202475003316518122337687710860777892867417628517405972760605262448825130849216869748262852327258
710 11230324646420883414816338877165202018005294692140162870029955555839105993141312644907016398073905554822969078542702543514630844065825144826247837195763711614652152196785828280866163410284937129325656732939389579369701144750410799169474883495720796734411990390850689858085215905513000942220698992702842014736937654416004113808299834778475529144071705705357680127008514223602227180833775479620539263554810012431935085021420059029443440740393597124311555627034
711 50255235609726091660417640034208603598724635391859876670126357988050586116185894982698305689662153948181629820221828355846969619565629031397342184941360751869242603910389635944946960418732838514977203846938779817897695311773469885011843902841644375151448443403981909244950206780231470761391767258790286592346452069240247483911296200985743372764753623504640839703553962588525714380597355495096763510220047570856996910276373875539103307248202745472666053440424
712 224890758777614917324594834352452460919121230317706186220779101107540902158373496529963270621762651676906077768627845077475099895255498413919154283639864608480539494236460914631854475576048183860811186320629882109483352319615722951196810294996138034641922757281211680520086350052545158366840894921170418791566445413019647856654301784473658098787901241647063650341430838792229541302106305409510211507344295877310100465567726017492497228291493253682412133153886
713 1006382778516330266800546098678444301357644113685556838767012584816547767756580631310751236744724152605716656510225092626103986172352622755486625104742770263037128985420899764034543703975825291114545791627743505338700453851695012227684678502816644763218697970331231540604564444629110187536032850535992932855601247930771265346352747220451906589830533432709239385625987927925339547100541636403201408448659051411780795969840169950386563680464528174162457646861367
714 4503561209292821546027726381103693097034886638319949171206932328669982067896535947189743805487974087750682816249223736534145237236674112406798416745513732471667874505659027265007177748909565179608923256694765847763984518964016025227726148105243196263264380862035368805901755574188184548713857561017996430125733524077686098727374814955009916826134254525245984909444935048830549440086650997975320408578330390096333649846151365869376316607212584388324812968498759
715 20153488235707779282205312926099870084804637720480164461467180696159699744539539903054192526905954802417031488282566631620009583201943469430377132573976461445296326053736530878847107139433668598211308037858628630828647176428156114505939077032778889093139098703058529687980511821914836372353834713014212787205469327377376256142904740279911408462789028384228353505289333247376366968722161331372923090966500543705331558064169824222095717922391537207522505382624962
716 90187357471974567035129060700168639966818625223973097877389722052094022397823442778586562968646913434541251475535919856385066477074754214137400520472454306106105938084786346779923473490923522528283896229602043937803422349434154972246271964261958846048416007888023963809183743864682524952330000038730827554105429880335036938891938208595544924495099090130231926914369510825233200779500523460465934780772068349437630980521761766546970711175088891406790041674240421
717 403591837244328225149728726451177328675030658231284197065522160807373180661080218817872806147012144941386228954967598726602625700420594925283641941349775293326743765863788884860951610590517754551013884852022558597474387884517193890417476498440066244834139105844316148685141897203099554289168272283576742625599081711384406263471606789713380290097801775760771332829315257256029978038146172375375892026255719281355220048822367941628861039878662382866613391052937994
718 1806094034274518112892305595743682784232320202160694927697431999434469561439378318910500714469573476589436963384319202993046362246030035730592954468315230793748620506493991468178051293688188766509369525443637159603632549981800021607517442657387762680675538438509162264482354162472278686005041520630892228984941761797757315717656025379979015409364992411942119343860228047741914387306756029951805861074284803858945133303704774828379318521468504110629114443676515555
719 8082386434874650861463639584672243081540283120285250081096701619878668389011467321876749481960655514755859259128868359709616802430427051011494552464263122277068052738247507652038100693189981070879769046756806776049976348789008293936782893868256271061815616207558849578249420642756368091284797795457565147511863915693135809594190176834166818783458658880807941341976330873533623382139182990071368681236815544944888201646131898704725140526661144668972608046095570425
720 36169302129124402726169215023018787903144011533847120927218586956740600450518722964170224528884569322839250930177274517250523747181337070609152148314159261687192513148988085519886197749411776000006054707305550547135475384746343924694110553732769061345927089230201831130901837017931329671416446660065026229165951920661713503452376017501064669140232558807591480462099563742393372370366012046989251476898235499403323277709968970326854722731070889225768259535147089810
721 161860884503461944300645356285773923832291207298514916623613452367704286273582291390781354966606976628207059202557337573606984212273539038833289395207148744873988369894809026165326725628614446173928506709268173048614652800049431337949147874006415346158653003788254394424589776592118800616888156411308908037412281895290917600012484409082035341470413042601017524384069311476591853630723615019993201044451901019192252564154351503683910545402777350588704954233962433449
722 724344134220367899984511072145764265389083394096049886484794253293365184413630594505834568432263854432924978800950230382330607676060731169458117182290431737120284060204938637125898939417949127864013524743876793744277160339757923522647006432031224427489257333485142049636856560677852093906482800548318436880451230801020882392407180781587334383557265130791412023035697051122841460712394214499214167053624818661442633576482510812465926435271529005463698166610884505001
723 3241523993052973577887106072473723052554619167518518943664949201234078761383389093362825822874359994953628065056499035716790820882427736124665127157455095082706572553575089757265505059044421814075946159798698507904086058583633291205490748489259161557183204732584280828354959120887531272057467897807966444095376670607329714169700932501831634793558846988134332459893573389629820088252154182405578578936247861505484097234920638479264139996125675595215833694476156040894
724 14506237539538827257274645567450804229652307106162059882079302646553269790029295094957420274105551912387488162316258340292767496471750587660641669616658560153835597730526508249300934714834674649918608395047056761428156118784305903474639045260299235649138907763913591845680776948480718070387371804276814562477937619965061673376793279368112597069261160098794622051565777484484394632070827862593257418570106538353771706951016152162873944064958199160468921523524857419523
725 64917468639696143641666257363840804911888566565626216599588427617101803771360989716519118134859958749188392996099835415336056098145456370552206214332133091229928377619322542976699273421752018278695751192483376578437461223064608965739844168438074592712202619681518488738437270469209322873371695402478021205305380341192906306108915899745837776416961345986779387679288281167343368227615567638576816521105844079224573976835208703793299547980709426419161646989797225444649
726 290515703890729800698918310655991081160340641798174366915499537431192320866774997322596182319111591388785049096947865206622226407654313419414896511559886992445561293795805379716595986074518596132273347820075621967002158242846552319580798336156601521948668634666587038251825078286666601958644302671952832514621649612815416897941009504847436541290020221747673471579866062752828710538930455513542076319183336114841913980737191598345460487667083075259225840554972760411090
727 1300106383306451865414318488116274162474596235481142687630101562480923572222299192898728409551963624254005512686050915123196190964231775300954540440953011816401929370804710617008382262015363365101339607389656698500745375116508852305973820107496768103571623983309843924047908847579222393072005009673126969876663967496784186723543650988984054486169535171115923822568657406755404333983053583747106455935195762427286098848020886795643818918496862532530041252699452960900199
728 5818210174880184374654182205016224103596333311929306799759558540561867377812082600770610449318787777235536736212870691616420334996647343363696023668245835148698753378782379856274832796988600477631344390050011349513756658930656540660280381566710855511726427110397635899100095975695530073860818417105392330166334133422395500665241287480966638571688501825082802215824104932644153308653099205985425272911353847597986539053592861692917515099595871911015601669362848420088399
729 26037612204724738243539133993097870369509136690420686460345241165620524110523338027891667586396715358837818098994679165069694182413114834212351413268270919546006056541158886828267704463015567332924491457212101788240018359685315207528365947235014721455851383586117927852487488173158904435360022976659518267977042858363123665784548556679739792205186507802508143640733647890057714567436036988109952889448003740545393504371086912999008433241156427992437840808451460086287701
730 116523664524209717077323046309164803908682027550387361429927605962516077430493892009510273349735383231533762084823388412304332173540310208803154404160783358900281684347335071541478548468352335389950784598087042469973535439586206446618440129513226514970038522318692659484975479138351138313061005107221815403907469416916596556031432120041257726526415328326442055476595121331506818159573754790067689060563259009520868358147781483511866972003565417108053994016574255190531050
731 521468814387073493554893176518554637781029052849074904707177546690009652612821348293845459445414004535327509263210155229383232677705332517602488579388261906510929166723542935613908138361493241101341345167401003312147888224893176098195635903766763618532912659174430542455827133426248111693758531796792832455855047248409106282824366189269036536670283984400055383859502828983251867863938980200050276451197835344839338247089870749736248702791824488344938830207490779966375091
732 2333693262015089884193188166788348360478942568101861819115298049478354362745639470973737570245338058113782409479273527499556372235082314031723174175258725750856468055515930353124278618959758897148933045769895512933693520697462899068476635698881029222390967121863011778951227056832942597487261400350704533556250706213235601178854618723254511953223130976378918483787537802607816759287655488056705307513668853323181795850423706260583089172754665300285812114472016278360196203
733 10443845150259001514264088459940758929195077390615205595475119575611155082995645916013614966019851909883800485857568584678226585596646932342261257558977724197693722678714159681075330386902737299834025015998073345551048289187866586346825049484831056603083225183957555353551536357631055575804593992182988055875106579637724530837878623585030302379589719302245877962449409018796900677926247424423948195453755679429114459082756413650855106669787130861358845969013479411921281382
734 46738879108679173384287216587401950352758364153238829050096984468837791540535783659508258515864763053702681445749883236566790833151731233375745710417806982582086216836646247097303724938197699472385596243595625022532968865226389370911335017121402774843261661577479552295552443063197031171675819652346225801491610484036379230545630120961608819248447736508477485554232213305410736936620795058634458075773676147297268031148602175261952509333712143994761067538812707155684934597
735 209169026855918505678875196148827960184726832024800847609763739509101213130586977583440151218451292932586717016946393432025185641163750422555547576037176107482919911057929627232622928956471185675217250431843831187576943068555843286885287998048790065456251939429004018644827830221795273811017695737461305912129005988140745198518994249921206119511369583926427882954621806649208838060442940136520915889728862251932770642332164753489978220151637751591828979046379451850459852603
736 936090137283733781756804725010876263539480409134907760662768034556733188896082071756695209908216269238558097879576496146602792562511013654756853787831222418245214394685292186050277036054987807260807616609866704376949272790031290768659598933294756185355454335180202098121830134410663908569796035337039248628380618650102681733283785547060745354938218139652841932377562670312016688749681095474563006028973534433725947272418450353009611970543134938628020374735955431744129647678
737 4189277898292509549403044305914487951498856426190618408493133487151683487628707969559356305426795930350124410267320548720541999310336779200652265714869357859549259482942858750921699842928065352223553801682537174285215952846831465831587812142993586094963053198658689364408512380860133623836331592714091318726165916595783582692217244144046064654603442187310691958469522413550042180390035793212563832275699176402603735521970228499284477261062838715038511913822771020823153576003
738 18748299194979511207392280587112971258564104221306081679810909073310995237156194443114346157031905561785207859329104615816632569608997758464700288615237229170272430487562024481760270150736556339596114622049648986288512434451585011449144309800313254803246437590729499616189964715801193373223735213829375937022118926644701857058785734376466891724572903863320456067028074677873813921060807888265216126265333932841475591869390037899507524947953797568834449327972931432084961454523
739 83904601971167557967473209984816632304845728452679456361267322161720656985314971069859099409179743375482998841548331885032302346387402198843135921085721128763051729058456650215465543896242701739735967439583693326306163055885947259274080057731879203740245594340705871456030382764509228553994722154109831493000266021427358081004195726928369441162296348843625123604277227215467227721598725436878655725591538735664235138452450716408121612312853078378608215811240634879662582544818
740 375500815920136516677815073192156033979840274730120707058410715291432706208140635025336963456188007726292683874315075329549407120988754024127141266640392306484106021611473772576713684801295409108673002702229551826626263819873637203335956517295959679814594020787674960516035885300634216691240450980792662890910161686978563384980296296069631211892176392841608414239278550081956918874904515605523766807652768475397800840198629455527322301142419697569638648136019785946708546004497
741 1680494838240060947848785570535463471631610398153941992330755329144554875010350779480775704770580716803822182443692503258895472647148249103990627744130811082080955869440408268648932514769152949571660860348395767092858852574492916550316764921810825157134873631464810352346416808379592682692763400168893568396082993557847815359798349483062522703606115374886913253389818158734036879103855050782572533946756957673628100183106132492444142433907448977661045229799147913854037374265493
742 7520810946248009274630592314879258745934961182508768983041326628498357032259226823680691102370153572327915357014905558855585573933707717635674124284339483091868250699755657082187077488198594127543900946360661397801919178161090986972164292057651605085073322775907252018018432317308378534733956407405930270774818281142202906408644838834628430802235163734621803820082168550568799903370945669050429969041741083922985716593770957585327262452642706791743523710504277614990123473392100
743 33658390798603641756367846676481291975227930389784429482529717638099608180254658360257681042896260968549101316534978244917935239511233115108042029620555854867239387593707889114106318495146208284873312483377496110591202716727260407516960445838796710223243822464169415409041488391120853327399656688809078826395538045715399026591900161764944573690444632390521676710332492977574284682985134192950282805036534745260158990032407831594113929444469434898677167882225974238219283033029549
744 150634069862396752272079412778243034668157439679304646742598914911041963536039517662739476892769120416130057032939148707601361082225638019776917266711165251652052215658503097000263530853406656643709932777109064401874138664753358001410381662290645198850865114759443896935668458642008878440432912088629604371885305856420202606533022188158190931865053705904544236134528612043467288622326175852832874212264166430754457033664976697724422111493834876155976724704364474909822184599990459
745 674146451894003900097899453497906768452053199041702644112743629110823723450993723010766351586641551375125745198773446090860974455147899362837954116398101671981238073249564056085521185484411234267384719717366256057053283895635592783953683562734397586219363078602286829903575700556802609550986577154574734555949464568130124200816793102918276120149657134662393291740435640388563386252970132985536351700473652731107509036533975830211677446331483728974101101546822788627774211939722981
746 3017077558163177255455063245217011633919309696322164398113555769113975782507538804883984888450150354460764357073122380291404399810359201152845171135301580012968805303992490296346081819359754161465536411144150471046903850979876191269984412790667839750292168189373856389747176408422020045935748401722955970947571293981041303075317833810783215831241768399142468980149334792657798929119137094336507326686122824537805718754977619916256391309518858194894231775200219900463606380190250566
747 13502676751705335668606044262055138862575272652125051011778007426749472873947881119661611153398590714262953548273233046204788861054448245567731047264766690447436291808052087911042200925887456476482405314854929449076124332902153770228731682944466011562121025458042888227639179885443632748861517954131730901068045414603921140491845078832917435412709140404708513316557932250078057345527689974514845050186271273436949380874421190967752146500886399022512501546561131181334565610083987631
748 60430256754009812971980178656822929639069707895139329076487888124917712415821856709350841008846827512572623176627095388477416370292495422957322979625014751306856214953155166694145428107300514547551019446320741597969555901917873672968318037519173496796910519432796582696437020585374081877792123707279889321932415828583323836915593692159002410185985501093552018188490058648298570942462018992717457096458282046095184305955838447472510872832401770602254060085939198718967435683869804411
749 270451987196783266587818509815039723353082521687493051032399044445199049614489347788429842485001656164422472839171390742509382985935646245537118381209731623803839697297999203277873252231708482402555996434684581018771629885742683827081916325949146346930983667090851205112202230252509446526316612649965805882512483606083038817137089533767711490161104323040635903649712357170349181297882426335615143592890810233631328119403133878264149702238870814262050773541457933482931421296385135531
750 1210394885678452814843903848488618518956862721388603412264984964586184439645361609798185324034608587281071705001604739643530792035208618494673009269781392293236860750821301166260166022598302358843230618286458435719395207307774423293720735119149566203383840954186656073765027588854563435920301270076950722333971286736527981960623895791062959473071682359858382665112967853312266799844223399301940241256301477373514556330908874123983873891734068807654702775197687580853160135189916502864
751 5417078707828965050589449494004455322674072355659859435603945894207763444381507061986444324857196150136524827629642121307500777223271816997837040768904430918279200113589127186454667137926193302248764420911726441521222353558084983559168955191716179316391342929016238186555129560282544160797982723164773688285251234559879839298206116148989456778031025706741953185018053940915183905454185909643922833764913425928101824157558397404401183693249835822154906357632754220879268260083283356747
752 24244005342787565466386311660192688432563598726931342773873835752528933337330576772682708300886568914826837358548348323503776996587745700144263197942760322023171972435439634899023790357100885092661420697466190660108594787811965230754336865307119567381043065446020834819380306006997789794800069346244695908058192632871837398162912436169759629151454112775521538413689219393334428761702470074375282497120009605756757444610395126296309017757807379287993313958752248801899705093083704187917
753 108503751171859459822445654145760300623890816821938205183608334842830416035076135763964370616198032047972549200768219430104940002963141912007433472380114641795138509394797208197458004537258899160293846210870232315797247101213044329788591690144200458489933361404395047993419759522916436142244838655266950317315196726314890150518853939878759134401748402543214839711970983962433048014670671004113873183764931878708658244284684567066531153133702114391557591891187659615433722486926632879201
754 485608508911937755022239777729605521587367411265019921469466510661214747518079635712537834031433042046253973471990925428832982475825357043000238764927661988942179659218157745848601750707525151012507728232562013858773289473699487873757909357155947986515310381485938930874631755686437329487877224700955175995750011502716265469715114098457551369968985544403360050894034513886791882034211528881963787608840039072005946410618105563124645551175424969733859355718051496817804706885900416312620
755 2173346506296356552301665132933079238091478659660407196899288325274122000724459829475057335359951087874350396554202895981483077585781290621396875018034755712167669801371102238797418769803092086582535871324464786766975486442345236330986373017673362269467164253375560239728970386629131853634044369447124677257637309958117136047651120693112693267668399912532836596221527472200771565810941794470593654095074426613599488407067005655163478865311860563623980230327376891752211655299710500814377
756 9726863157176768090757260393512537903349437545066905769494831256464371274300689139997340109526234284526844144455282666873658302432263770896745849720267696894274996743206786437449839400254056389109652660719840515512185133314260627382268170388474292561880002772115762446390311842488271641278746833250613706105990017167230060037003227824985056833294295757185453284624428989920990077346950981760609066423420879008505096849692101085324121890606626715612538049127646261725579024079836079558167
757 43532918416291751585082044573834853594216338602201429460868680554076788446590951390017178243658408424018156313391707378373485163571311446976762160818679014982456245464356396486450458139412129644047748888371120108529425254267524136802351996224632248970232850830665598187177145227279011233028975873751267532898308974243817952104807902222393261774183853588793088982996153315764105216723899232545900500409976880299941202670987511815040066074638706947488873280281313906700086152337499721837295
758 194833620561876399266221618739424650725686887561678724778283842899768724583303126634147554276822448580289770492783504238745079879109291701231973411705574711851832208992743888912156000691991068120903679442474833882250221475869100540611515148720056013997988970396567580528964162899713552008630426538213877313551055729836530980813566705946045017637333577712200912156187503449249742462398122959433257741899738815806848770051224343511281950194689720447536049917758063157692785551090475251847864
759 871989302954062906811470827810515239422988667564869463951553905450447520000713356306563697383464152589099905974699679684479203271633762784530247465486084285532435957646649811302122250403689723386109005635267192581568281948946022197486547474336477058571811361526902860026986797785177975502198712686848611567217720059101905220297921334874698126785842337079602447269292091247000401085942179042534388947842922153240140967566024003033338667964163277086769636141118145901464739716916059130633887
760 3902649500354540293019222363304211703898937736236076339853968981290866789471831488298105673352569663222441434040465459855611004446148333657850917594248483321781645227917798994604014004997249002469186272916998513566987388693578699539520880237717365684825183944497629194483000645013333409936673029513567576272962039925559223271961590115560937090931485366561857948842214413492037124729237650888469330718155913893748023595341637276609228917098055686710054170584994533004547239601382432605646977
761 17466628061415294333627728689368904465085759984859645097761478600651610031704544414758651992578292941614552622618474906118740385736893108342002588868346290533691308866742801450512863604414928027140516829604217884687061627348155685946952654000846722212121778098253422254058486059531075463239444897843717398839825042805940998712412626552744226501391568581960098781175053203974013118787431860613773774639471841367519615126863396238341308150919649268392117963940053616978345162753817970670965072
762 78173530329027461658793110455558403292737850516270146250648337442995184079195778322349478991451688928323588727099668057857828678781236307093858943355920205136873269905354804674830272563009163522465057616549628067883799633936169167979553272777575282296303230509508093880474566199513103578542112971771490625628580963667169719433362252547396472204225459809139414455955806470418940359408626290232718215207381997648428420969012517494012388912619235226459086843800061871084658012977146768336627681
763 349873866339567763942191270280171886822813690528478414030463600479820107625807208091059244002178118610721695107509308799133233463124729686942240989625902964541434143711632532968625927554077487816615730711533126474142290077878987644332699384877857249208147986958899014688729053268755448464859663318951753107539568632231994515165168466875130501872515066390485070534625783011334449590885827820720554679809725111575313765522929615455036283000501062893675826161265527153916919275791366494350788553
764 1565901379203000906260649288111508603314263182041270624612745895195663212133250446168321678809254805092081319748602902299223476305465134903759360658467595184303328603496079861339761090265715276597950335006443251517969588675601516725079055219771603930315415657266010668449667900486925391736378740618889252987860188557629752218006570589492151955925715245946713638148222877704065037208312176652774293448493795092906884727249586967617751361228642840961195437836663963274744004380965539953593132652
765 7008392711698003173644351294303248542655941929024772709309095282048305679837900016640304899113055937924989408958152144641523657622644607534506826028519193482577794299657837455954584387047326499471525182668445112228380077759441364113748335633298732311502284782403576607382022641786592684046442166357437277642794478525477857051196616050937768105160935474035741762800444666600545782640184552884980398152862226139696733075810298894227237585434408215239688245320905519551588505063784365834103398725
766 31367042285851618493437711728426810764244608820144097397431873699378900989846796216977073310028078780385736335489824515287272426578364149510509516993732805660797482212966876928580794982451576772871931208170862920697208983542240552330169956904617287666746890842861286749235852406756908624469794090906120987994603539181736909608175847740135451996037705712427478250452261446000022430784152898263700357638107355444671778147658771818235444720918496746666946683500825931264906490911631476016814120591
767 140387947292899168598461993355962010725759169559374089924638034710053569268407671425976571253203477587856906783916265897101706466960032253663597583618396674600175396055581257067130191344833782244714606582000014276299873916287015706642496913275187744449832068567187068470193853697721293911190509471058561861530438256457469189810132848174009722724490667882967513812123635475703123958824711732679086668710970447309881288727046168262645196007278007365920691613083434226711985945566284502948793390128
768 628329123606463642820739811998338462383782495980410246046780365338577810117048558524015374387345619529753756121920044920984620540730714412483554412467612833252643355702104492259045838084912964049025231035654125764306499338221239245964341187943578793778353745518961754934129019210248748871914304378103091785783195898393894063497525014052016863441947393814122267968805693988369199448654090779909791434670477446949589200299870735444794112704825145712398651402261398612687430926109971575592220307887
769 2812196509969636245294755530257529779172405629058007204834157467474400338598629605116438356006973205132892788047017262881529065366302410809605235534101654562282238984078315366520332742710273267107736159788591655780450800805348107072558292120665180361304880829805090027973811282482258894050837544058630991311875139804720129538597078566698367844836092974626583805901637802369958287780234993534972244828666009601508800290585476055066040060086877857768329246424835047998676097302573340170763598879807
770 12586507691328503428688804945329362079717188791323489666837500581104079123193608676763335133441424232477373905588198692888398626236730945080554550465903568725702437652176939797165467165515421559596851157433161005086723425293786170438511223733801842948944484704798293548044818803239241418215191111046983987549588268947063629080240706135371107569610677949407663179758126118170163806078980357253471264476276125758644925953275350644778629842218772494154503511243840788403413094345348478577184459133808
771 56333395485798403010423049953084790123894079758548140305655100971525718415884493182748466275066650258219730156265659824620377815594827846885267919535690134167083175265101083712898179698659806213361765534568290814866876825955530141423753769110406707936963804246443603476176744564475365949033625813927099419527831456705546495296747095462057447488257386920682670202551682727660838926923706783884610046481947707866665769559117948374868594066576868327590288030615971885836320043318410165286387612718771
772 252131851264356683863799442094747706023699640924754316992350591582670007865422537689033426785316299378325281504011689952140113212467021870573076899032930113222348754569097629362973258205785738383664663282741932607081117449940843294789957665841127383824412427538438904622663700647056071491652938513484289111326040725530635992586742619128797049091537999762161657444432286633661117474352776243685584014989023719661355187728442070457166486640456359814932109333441755376743942885358729166669581209507209
773 1128471495055881745340509280131958796922822692243312414816359079116544612348710193801040725094802111859979345806031089644611572216893447460851281920131225740777403373305453394770267409146853483387912705514026637585098811132041508403749284124113457131116513593717627674024019840858625834831474809697178586382522062486059375773343623442866352808315810760944631622090442308521582669408457506486061904238339992055238617396519418032168790077053873876867196782929794447709961751519352422167942175882446547
774 5050734834382423965627192091136343936678633555659308899202541094619662475247570900296665827498331700232112043178692143582367054578982554185235549410173774193700293290459956995408451803964696366555604025369755424270741724188394383479876197562904763617074611170649101599785803240085988819991923706908721905322993218973316864502298015620829676989065789862902598816438123722187075465302201786851532534412094019583316602193024402027982353399981844886237550948148667106079302755923096479390000748713966694
775 22605787202970655317955248002686817462546241424751475410042570285393015525385871913186979237608917147768565161363591793660631424258683936535841967311254482609395414095020384095362052483055712407105926415538075745715110570764749935265158842481978574614453224668923409386609423725149409914522846648246728702987069472656813333518927486162765810334860056973056613780460505894733180698647160895184887583727031694112926174737319382844164889939106702369710310746106186619323369438959468061168063256994577697
776 101177930116167101535379739252486044554753266315084261121429950880479080299153205069219889089947699153149559908642392533621729681047974711728934722418944711152095767157661227316122804796108648368302879035408450601275199916469683356989760896474668017573290803389742381807862425343618981340845457331143592732261336925617400839054258775501396761434217800202769621070342873423913925849609596473215147023782920249866152598967672559205813823456364769374321914583544933590878040619933615768836881597237159317
777 452848602296839615420778338369456663780187679199016269362718980949578485029443495617917426732335162144681913385879876505804962134513361108559989559802466122074700331260335988077011363716517454773974716474460732628807490814476297800632446868886971655900846704662401066235466193882999439559858929623101849365655495595768216471511356951176686855387528774538569486472488562204988116128459506424290590350806521492576830094823182623796885301568804682327575430979942832977603506409614380364797204093921613240
778 2026848817703954592462907913748073362791359487060007117282381530123172101866145083956580401247918572764839883997195947325339641443528626702617381452011504521901882005653380708289140076790282199403881041598254090914971276459022339724335863080294445566044499177178865531731848763169107543197482254002017654215441537930648587262818647290435532470955602886859433048939005525409961401721166717772254772994289920157177578456469216262551670076389673398659160317074873669587379519467301333522065780650825578669
779 9071743465494030213021957819936351520441786145821467069129258495108931722855095765898487194484000933458345751088405424483443021036266884343708975242274993898258557266570998204165372186992810787476688005837858043202497806462701570710452069743625567980329088297707151149038581155469842499409417206796384650300231103774343801008477863683543658268763573759134707621540461191564809458416651424425518497084039212565303386252608722986925377490925941104061549493524312555713658336788672027025627605498205281117
780 40603291656900993091389892420630006736291390095090936316695577077265501582165833499534856668228140871351523164593513307711517623845697843892036727274864831417512055391555028582920776341614873919242647261270755951049695335966141592789608723923759017171606169815819235929111705489152942274271687678406745811480989835510841328392414369301807429887945900952568527548816587621738662462866152626698621240799779563379301024943681917919456724787282519987183403913956765141533362490962261725582012054269428246532
781 181732583108723455767588439589195277145594906816827322756456451050773874135078175041201570217833583933566720525359259110925215036152953568440498594483068086705574059311249274143911021289787190477730453768735382695632477408403931064795385302617043640139377107160856294918622443814328772745693423782437502625688047370308346186308497121748915765246196155569209839965186049242370870608212199624098835690157992269560209109741778993588500071365203088066768099676036806517284260514622823651198544497105548399979
782 813402360704006434540595135159997501581397380058127550634907792658250295173577173255620747915533192505863905381635353226960611995156813429367285938101545634777850024350885750836399816338452283691819321756816673149963415317488076915638013209256291636668346607104536580604330539161649608050957476426768094790998486201033281723788615270520583281456593668908642501485026726459134236362711726120899084769105592135727456019979201943258221367235159344170006967995006858420265621588949800544053662292344475980641
783 3640651654429549820498986424811819283089988790339275083027053913676503255384223781201917269450729978209502560609343007353525984545413011099331253701288415732255336064111666228298351119358475271773999515287787969152450980638008113856859566049594810189984052895865388761203757529181558736268382336895462296702381575166792326762857820902130604962290440105256792621685589833663365164588913035712462037468403069143215538550532596651902699571876036992767016758838393640768548116229369248847903154099222307999848
784 16294982236131630714822310950484086307993163125594904635686159543753634737708511282650279542909773775358559245315692888048607895110723230739079095057164379576979653930577600290030754377814166596304985653032857071013590680764765617448336039982186387372293489385329182063264614798917890041416554214534604027716682327663633718860309374536114123970728647480897239446104890057685865209466585826123011902008573062175077295428686901536394187217652736079842034115899958421407907933486849833558517983535325294851761
785 72933947459301416217928400279281223092347234927048603346984643361164341880754338903950162120528739566330420712629906459676810197483127323447696575292796876323046839718277300932934229908370019795830550608668332349663377681551570340274267569492583269773153282955895573987478380041303914038251128061344052623557074360380520563539659078370086115685910436195841035840699207025998213122625044772782202690176982997725880030400649927067012861479566359273513953278849440920307314883329159843969142432851976344984208
786 326442435556385931822064532528452872259396425482409914422422412833684392886151202669156936882152964408227838846131269335031413210095794979264108915429523816716801535821407024528101207820870189696864015170606346341583906855529155693079165125034248067875344597243871685661899440048856531233954368931291734454458814053904283123350439088037182641279004832386619040255539869273792986825180490041108886522677493572175260373143440202069222146285868377726134142892476084783482928949443094354673656698456965923624033
787 1461115531858273161736926346312457911599077937845626535748880275419064468507045276566169318727567126979922798762262622136875652084703910418818404544587072537540604043360427548190691083306383941430763397748212882051071965137871831036716485897470749465175381965445374739632636679826476366232863802855261649019266789246624378421802742955093170246208632443304045636692665991178860607075581538571746046466454527554504300681929070385401981087748233960186109100352483949589720343622294436955551206724247415654752577
788 6539786358536952674254954119857751660445519075392741540253901538241909663477893859499166004719701040526050231616488554809759185860645803915673470428532196289633007207983858350310857162411372184623326084433171942737874956619849496944432701455688239064305921269716753477105911896918246587012152983739608464223696366234178342536987243991302646764155844199913991172226388286962430058903574479714194364426140215817503825201990133447613719177026856678711186564801966435000740146811331614556935970692244727128132884
789 29271408305466021306223269945701894111048736853046609675484342745763739318481098030297265736161367623507156579389831259362917631316776747914921685082428905293476515423412757720742066014751262941902352629284186073833563052081652518537573040694498009399712699386659395635259650373202082920905838482871436889632049287517080231924753328542973793428114737435624558016781201980880134319201369141647182284803771465326207943219033321649575162919844966051081688496344619780514321816074888385715062927774164933143357498
790 131016117257020887622084401443477644916250692555850175476985733542253426554307849476343361259941676043031782804400441269058981423275037816207055553069348264159280140981643357989007263513700041302557013349759098951309881612526499421691429497787482837799492192382267094670292106641048637670986214777681362977926031324865832391184873484841176265172525566768880052909012083826999197679898314191608902537348570772649004103989932613797153344710648110415023769951026106074900736848111168361494393653033966559349820834
791 586417442259510510069732287769864244257176476683898509115456352332091260997281826529087465518833785193567105555951300242650210816183588704919670705779551260786054506682432239260200559637355967424783201906547974444454280592648916495573984855646997551280551229601287590528890845498746296512660962794663043410584393327045447576291071850274963825195208336899747078873380403562492205505567256003795818925269237666941062886779135524127950121539196132771701545765539595940535827828876596685008637512642994234711878272
792 2624762901402096279081732578116766269466233309365578340698663735854233501704465450103731223377669877505225150121254782344185813997199998153264570774866798159152770194906296526479034229277235149264018197312352550417851205654956618355980061666620535097982073312290397535003897221909063118821157664549447448722116399533565731346574649427008664326856400366657042647215344566694143049791369201084117340818770098789268476560550280108270571681558052473400233562887202205149939629443953485760949393586259250666340100398
793 11748280879435428492298521529344872472401981587373794826692370453965716298552190221882906853111373960843583652033418438020958705998235814931649376888680622699108483042867419421056517981350519711566277938514329048051608611480857533028050567470086411949369649768836917178878547740040350247775079427125212605829386611874880970157217255381570683407446198808839372689683550513826539619432773452643078449029141482227726315210860837975387464234479886283723875853143307644903343461929467749373628394162007166829679177245
794 52584724505387451663732624568248909438663552631343830209789257081595957540453478212696185430910982656457987729503303307067177541482710886817939977911557767289832598129223301203093556518314695033100551363703621202211809077121935517307689011687450467517363792723425350728003031118314850299790249916019080835524150741285995214840109092203868268840848650162274668799875381022022898362232829291345220126165339960522537289141465494116601394082851834259444858626625640793318433958433198556615874931501072672489664537425
795 235367189725010508452729228547449906055679906962572082580266800886934678880176829172807786318687383208417763872269251549635345424892614561747649100806009507447278671849947385972281441694439686538393025364502225725787421602040094796811673000426001004222923158393168226611001530774108278742494958850503767951898765663974891903341364771488587410032977827431516157117175525201257598353633746048251690523549250084313895655401445579428639404141146219321832644273940877870020469201071712231055020801453914918138485330090
796 1053496932438838883473637355420521926829012509639333030385205900514216260051615523498575491825676505523748044928430818220860366344582392303121065911781093674457690125665155188424688727881888169635689999664051751856230878221824856568930616333400334224068249352019062342344003104545244006912786626224475400040343494082817013497461387054273975632627510937505439505104684741253034754860222942272126662466527965665877438397815319419007902013299888020290268605349572949922376070718548871655952724986610802581496034583303
797 4715433893075834675950592862904768710491276032317086352448463397272455620688947057188341942397899528990124199153975082361033672704146675811743190891585479596059482937640990576524353062805062819139161074823697498350928317866037135168925649057156223470508053999450451855645060124794296085852470267654371403216265891075557704178504832113309395238740005451268356412064639018901107523328731162326078363674019007058260282426434699696932185110570988305150948001454814983976944469649492927636703076820501515895435279159335
798 21106249876123618202054789735873377562966956502977453959497589219265282313951260724076803132131425795998284592933137759294510317294076849977796446842305540043933076669562059601678904977102360903731216546273501158418818813106560936616140053360270730325175270392035432227223083192220728534745855940955181347914754680967683267778775136846350160912057654228930915125119250658967163328187977623404575007087674052743684478718844145604258945567866410200907254887974160170155084927538335670420698787671154796815656258075320
799 94471653531905646908173068439025314801683177535337864441469152621904507866529096317103763731353367878916393993663058375040557069561577427329439688507979764760330782343951231514824667691149987550678025835418340883817680494770863092599884355326036452960211771393839886535106598028576834461979051115100836792452077694113322383214063277827682071794737763251900412748815571255071824495834387055265076243454136942825622717075413842046144329006283714741372898073640249109855781391367914883919058329044018122679636714861811
800 422856472387229514378504305622298924481181158130633816159311834863741543135465104242297020015046071668461350063210328063541062237969546178196477361743245025297792089895435628137365050904493379438299607475387887911271765077736382020465141765853598817825966889367218875122062691610797358167852282435605705460387507465866408181840315654344403564806172715848273387724652734895835978147482020897261599813573757594662494294568717182538110679997467198325400816053906055302011374864762498882355540992737714958755016520462657
801 1892716070563238006172552836876857988488341343291526093915921002687664406434792027178924738029870172726530126668199593212475827552169914650914517397038201019826725892278106790593419064257677606752873515205242664402144451713101828594990118890546308735425668932424028522205037280518156524215935639519697109771403369136184440590536102788107132085879865161912277335281122485011582721092005075521262630069312486150807807715971881793514861001904020142582329024262397368060688671551593586862040726368432166013998226855164372
802 8471864009481697959574039255161928337825642018982333626724750134474544193932333349896089795358537405788440573900217761490430103904457164235116485535767011315726330783632794222912778521746759308390618806824687652622751852518483459478913042993689260028193205884777332636755293123497276391544326164091239468282574933156481757784734940762597720590250719470709649761729170492422827195405278386041210820036136651769945743954509489203871712559185819270206516945694332942628852958076044285105085765174560916117059389196777965
803 37920451408817293830096144541087680901506895141551844832464893068340024344975229091162878775022624230398322391352879933985585329084532901479702225117060275485235221221679719686696974431605377650233399633566185163388839569295047981846908355393913245511346838778775504185737557248315652367624739110160921129542503314309443154402260579245560808730192525108733046075696561565584293696606042089626121619376476487632709785093284428708903169458511689364423131381264339375788033214176774749767009231990013287760467407499191089
804 169734073954709283558211976518033595506204277732765654196454157815118791068672642132622026601574936248377209947240059923892646092297614109370342919035220801604895090414216438542875144666186827358307418825625873348684169889879894073486483607555997815289247861706610535318195265808627992495629600565957447351910506660979561849034766931329898784311410830129555315872390779194793921384801780499460417573783322259742575144126736384032511059464754407544693518015558740312782772527197690240455581963166590988059160524257299392
805 759741033837935542584372982526706802214009722166808735468056342789899246594095958595734412209017149821519720064452493753413159032513863767213118877282575001523932759098591868394433533697192255610000726769141990140873603353462851113517395549842837916896484677114960902704267453974621737949354644178950480055821387820457358021895781394339573120011137127384192177390471363587657054912562879713813745845996124515363444191761730597931003735403737558865790079964311666255082849419753242884340406857949718019935045545549819122
806 3400659431416112602905204630230350051100437455159079237009172074664646458242484583517585696373513477761340806639922206254571822483035221536570024218563096448332387949836210256123088474199722886640063135656158760787237032039921289340337563443218194247798539902355652489312922551635759548937464525677234341214441633373394666625878956273242914391910602709193355095686753515622504510639323767853854754889360185925694142973331760612720539898077463518304473106768910129194659844015875869872341441798792388782572472349664707414
807 15221649025849439196707846911134935608225590267441101556583587247775941863066924861067669296560311083188036434289265455597815824902185101123285344245458862036721066481365668641354609691609259973089474392793616203975331743552211750913737000324186605423167463756178898181132771617500695843198259836895877955339904574940658766179331952366715103845690180442420011853861104264755819698000612355501488347517304212333892348107026076856743050305658046248301215073444750286910620840489456675489674872080877274246507244017780986396
808 68133589774891110146845149377281794957084939877904669325333989801209344724390198745222564297370677552099880434007077689759671001878753907484546649252504399136141768662389595848620335257800600918738134295690508325346597271535176083798208951271335250012097551488822664926862264036042250650452571782183095269688758818932706792246439288393032717608621988785878669914512346713619256472980923047012590395378371582101611659614194748727568754412775751033468102133116031142895210079556600143029172214245231634570202457507365914198
809 304973314789070992889699378983248884229610565947966485739529519834915839484423154630990446050706659498481525909028365324382563152924579492064039103372482092870773284862629344853670735426596547467710615091887036265796211190707079816240532992025026481591086953600113782386805872458566336837672064570543870246607649943111284316449668819173430520725620929224525859518347586616385196203580298427806922845864089651669111227223781656180728236810720847130700537215428262701780018046848779821840414512894912668413473460589982563191
810 1365096672250654955081311086171497550587100494816456983032712395068523315150837628526724439890340542498994534465303596501729122742748506792027037694140170263804403830992219781023374321911488208728910276019367333039500158270669204404443285595342682744677983123288656237748327327966851396355634567295754416464223869718872183736074549902190254391769126181784376155432335409179095469180835870832495956271699644259160749512523195527106009605032298718434437424321887628522167625558783948199576485365982951414459077705893310927743
811 6110348381272681704683606378411743837885981069097263926885987201485960485706204305046795173011168603160054727848010535917610270191660751397311069106075727491808730453699497777256432697940400469437088203154406522297849547222843273497359184118813611562798184875561876825903113202038315663980796741428867518282234298594098870550291296247395765858107927112474893685968533026932034763037979083369349201302177020584747819429606876031913499846814599455112877764067651905556868835393624546820612064478452092198452762409518903787098
812 27350768305275389654451275604559537842459160456629206148601354555215510563285032074436007761318772602434201271111692549995209429464010012704493408724513891755969205185451829322195668813878236578859879271427947235716188902496578430053555382982782431672780559945150952480624843429496556096349279372906670088033313778853958660980636179784917491966923425626976938475817100155621197861318371359839135032654628359575885668892359066838791740725577261290463014620567662820522887688306219820154937991530311022896148124802739335543717
813 122426118476413642476146301844394895935458258774795557825412348792947581833445792047110991405851122252415745773555809987971581300748847366042673631433327066464982141368461699930871446200109553963261408384962768207008932619971280563283537331900734559433058071205842498387010735382820693699005483003662485398534826264248097934051507343497702730596392060180808717364025756059985287931788721397869769467608223989371382006859104171568270893940128731048987952704383599708114729101911352229568032974673197867214859480689690019954814
814 547998815036649525577897337696559675141576853749110012388503034317678650418409678805594566639727795209314635116675203353946086515039066482928699133499971333042070617608201864768655387362140241478058875600819548201972521499433315530585081137917185228085221195025326568363043662334551500941276639928417244505284229300973511389098542019677875977162860661909737430274105090201084029877431272116360377653910597353255989565989959892215411933329768874774534740162787845341813752829140961660263924575007063159201574230326603792212143
815 2452935593270464883434173754436163476794786586709822100413845802427242616827256113049515217299576141495851520248503347169830443835434446941661145066641271504747543613346377932973673894083278432864763068380900452556127354160916976019226889599611097933581433836263067370447323668434163547189391123963909847938860852489018728513206658308282139245132993465213798679280700815788612513696873244479674059722346081039866339048899876803428021573700002926543027925194923511737975050479422838028503863091439234395658952122191179310146809
816 10979780423200400294351123113748287696983397157751139554832869654456988700407344653175850164743310598648852387254913071544101742630296300617146203803908283416332606739447360465604507560882246604287620537347478195729278650196350118677364259318617260994746587591893379342738235182340148652212062346200641067537614620206474600264471779646885591275279023266294955710331322694665146020345049051608420203275088950962959303878850421514658496101393395943951770399613156065279339794372047060127596925117629816280935438008866738814907182
817 49147580974517077690599190709575024052837980418549364726406272091852328984456998806605207316426415822653159999017808125695020608195103536133748479327287286036851451808373364333031844091049928968966726930461304665198787501800558367118798348116953126563633891088154412228598807260648628646129763048594607108250880699580615215309069658427034226039109448558751529172886627968279261514205339391706205145878872836166085847900379297089117337865167220526071979110037083959491447394576807580452733138278349564974895070589325028677566383
818 219994396073933183723281323979123351695578244467850274085149840526759563850599985231971133316692773333305795826717178830616612631624824047014516937456867033143607292148578301452830971340547116188116730609411891198402017231647496661023614227339740537164987268919420020322568755667518016701045709644303934109182928517889564078410882028211304302990931478206331507867932603983368690020744033475487979971276677089209625260508971319522033648649665646549628284801932624230106932919669821754281508829824730705117133379386032179106459135
819 984741104786866614502442353934584187824680992656381890842482590717167869339997262599855439087592707056311049414357282100071744964639021778644714083022899626418232971080763593960777735929584751440423762908723154555431407844009622315090338479454657741520600469441655658542372568683476201031035342974390634407886538077222433845519182312487851237453634211286738085846209497720583325509121426453286062387596156132674805007233829821290417675627507030868977103037640874697213888183947538333318302023840177512280773257614888729516759170
820 4407917824492383488547615070372060135937877813940179262520927028704291803754360016149741970378970733131119773334014463790459548377383103850664603616932173247763955889107795499493507050888744867544212348591724302475108021090859555708059410372077409940143160992415119446605596977849815360710718810362424559488997387131334857031327476093074029728009869640994086488959456235452026304890936547749812178432364880924764338503352221710339889249151989888983638697467672159452482608801030860692022379655776855424980175937051044402509434885
821 19730854081139310371572565392406412887012094668366557184489308221689512398597656662214445461962793439914551569973461013360149413272461592008009363274573721512449123076509743254602876213935978643982960809385477391449624100171751004530144478246556278490393602372706013344358610247157354000150878908005625400385535344283259412861763297689022356518469704843790624546500451063086392159838439950273724475557209427560320387324610941447494068400794378695233892129921348682169127629084086616460521212146213284408661597953154611700454849363
822 88320038556842979628669407389552998398444033551276018119110850435168321614581178368585663074402293570652964566848487748298510700094524523600755233685799385970485085468115002829407019335813096617250687449649158241084517171970929406084390514051640084432231410056707171317341970457857713758238530223762111137580920154792563086589971494442082581085919993651390848458227936425729081495038798748979410110190684324084210551803794291249148774159145882479725722882400553615548654292048105444744575725235436321906677522631786998201779735226
823 395342571434848137141586803323387145677327207988598699501218042679670964489142940527103738182660331168380709735980379990439039568986285071722367760017881313457423525639634289939813737501166536309473396214939835456881213239194069609303545049808611902733151494141153292089984764357760040811286900741477004276424355227849870196564837779747316744652906548932032959909458671116066330935764376619902874581909472799740781767189059951078267653164270479365737853427319427580395975069861253220309150344792334450974714630999208105166677930369
824 1769656113181355760805464573952019487932105052619563267596760892906876662542070854918771513444741544749047220450000689711590043130767125549829539154982753609641903528366661750943431152297715403472077262674480048416589849729289581131415463895165273145841894731182026209310730416686348834832968590193650594076432948898513545363370166921396707730301333289799379151203214115381398317846944258614173892826105828397830055654852875098100417624154469303103770198931644574556067077674736462129607033786032137676663504432770086680599947765861
825 7921458320706502141783110934156262246440511442124684461104224152916888757765547154897106166317362116312937893790204949546634290638682946637977975668758954923796525854052947972137317887542939392194022361569514499852263708681933555834044876308103433803369513907561881188050781962944106684113122266243420435360106773789875224645062476111070990019513215631603035549114805094817611331292424891880095885751946399324922507007788018881570548967470772820260702846620739318702084306553652414667492427581134539095272230692372359827121745883835
826 35458663545150701914892345315082302584664514371113069304915099026604688716342273445348842565558676241276392406360729829961276989568415482393183473492436233293576070131109852315845905084274970075641553601481251378725923605241839985950726053312528917059141502196342371566521408539581817934892555441014006207505666214396428661852923639694821106957420773242653934917177900624625017098008462990699480712688721404294821281686646024304578053545062325207197332064449456615083092716138481803915388617243530562113368122829647186762817085270586
827 158723248110928472343030141009592818650148954403799073397834070868068446311372594973370703271015324855865215762130039659145359935024761830421074051067622152028261212056912315430330794347702288351899455299149703096262125332262987741904996064856880834347209479672281497367017048252087683436480492427102853257579904868625453759501091288989160609684075478858474089807881269877538423261013620361082007042610099546842828198345308685419921556564840132604034313458511817703819314737031600608944702704197421708172570848539929304375565149091489
828 710492794177837964136210383118704173671952406913925845188971648363956525043458151313003288984728249968607426846693362685765007547681009295375359689902920718108354645436237090548080384594213363252595362361935221777138328975211412050734070769237463629148672108687097071515074368149747220575351178226484578872606997663197565061529545304468779907876791042972600994656941438331130514458841333733157766238987917727294499798708688556141636654105114639121899796125236863729262755193370573275407255615810672290782047854158454015717724701363701
829 3180385513452686184507548515980412749061265993198122142927840377185483146965627465275641193332641417092781287475777809904033489562546733412999951421320015731760488247170980422443648402231865713328533061567100285208307463379450832933840657685083009859392228864944320223714111565561727141768353756403225171012787198874643412122605870332384761457575001577315689803100596274059565156678034420441209042660640217312191200002670620920299901171042067468091885210172955759547302513077296849673619586291728557930849065327431582617500487199959347
830 14236420484552949170549391282272077141512116521803206206768236341784150678581063483904826819761775294018579972769368010641613818433857928975887833787535890763692411097484418498712037673176320276416041202766145744808768543839712122400067154199403920960371260958932214320632107270922063992125215075130500421946833216928142274875479659326487274918930729755547406088479917453156493888839851112905479976455393781096598880886701334275457948362467117563066398539192865508569622578078850742791154785731193008901256901328587140841807907244427426
831 63726900469675143987242188655718978793677620084695589299395249883587738477016084283395223618310776401144222290405055287638158069133079811881750323626854544469775747069526892779722629504129328327396732755573201727637839609013103036793851801920313647661557941692636008487491444092103650249775762585840744232181632247570805548946463990305229628966058451347130011121313761568803625649395344463634826000062618002424998747505808414902754521672412490493100455546988667933319710602183078366485381712244669920015160292286659002777090261471828853
832 285263188192072903074218713031143498753107200584152351650191383476307574530479420371169573995972718731314432853455497789191407809997920754250148957439516680615191947168270604076874007948445426762678171404671664864740498570667678510093358144543780137012774444886221216024578684783295132945599187339057263103510269018362467637884136188211502530296732192344008037151498508070801296435076951417040817664992980057994086706367697355097964646853060591488727453327874656306912265513260493444918494346732251786000608706487516531949869108025756941
833 1276937414054088350995739883071672020546893993768821859698663129635024184590035441693482243549680141619772079139761355666501041892236854757342522279636849136182675263981115712636203251838361571946257832832089281889220355149326527713320899855250898957872381059809072432888600922935741146633977419475955939662986574356817394092526551221099781129355188968083230434430633181197588072718795725452858167640660900683430469958283204820117860616540038266899299463603420087246246833275144748265157903687967753141855800245761626635129170240004392296
834 5716029141267830636460574014757157312119746989678281160904816413118747930723410095776063099739331535452013280831131089839408859156737846225637942601458305186450770908714434952977138197975218438601459293608134415279376164123967713410660754589141789222108066227818359320099616513136091617848116243607213420312619820644697530052865256268160010313535302330429762595370263411837073791889631526403561189497031467443320008689727163246776515991297321372941254061261535501998510199386882068133418300453692302763077353102952321138953330495278617125
835 25587048740377119317709736834957569874812032039710782071750625189908236228614168657048020057962156013426986353011996597986954971166919570588091724865222641926385929243462177787039469470888644812505351638166246763619869781310039262067847579009793511991339552066204312860728964545614098620027044932756290709160625206629104354286942374300203198509570666201797075603759861579348342839854585497700142310846596404529079723105212073084692035097718993984937490691829665046558829835064230971020791138016243117473053643727516620184746180546105725357
836 114537288124655773457711658002342584513342446586589930316338281820580507904398821797094965520479235964109884091792296444080427373731454490402448232118757488889443912795837790966696591220785927975502136684970246087391012199979162032839340962080298835341604326653668333508668809999581480788607374819985165195779790258131348694610477109876585009149966731188617575612393105335366673497638026450266273906077524170201500215137611378403565140667355244710846819231506821907613990532309159787425481060623567754536437500829392954854511738722305717292
837 512713238586937793374328280301402209894407909195403600754430026588395588349692407053032798022171183924904528552500046820841170423952941141792208257490565424687888514491002871139856845799717903501603899094902349126127915095194186301071604663108028505774936187633947142514184681439332316633989744772621177527818592464445319572209878262262200749928565926558792000152463479390782824220015327724930390888866033235039393866258977615256658444346793931414117675990546782235901348737313919060966450311407423368830478771343728833820556517541245677274
838 2295107856481258586882872496819768938947406585640288814987564918053248492218239020776680312650601777987979331507508776560225728607404783460204299621420705591774345720488831237723940017070120569983925173039442292413726292489682430921474114294816921561238636966559532672023968759362860618439267946630728711342811043098233563658997936364086819536860887589809923246702425204573309836325063624683930436554756814228593609136831229223946413234475571818066273776826670380510746812891564768161079396640490585511719649997604477044885222071622381020570
839 10273835288796290798055107536019286022039704881572364222662583140862364284052648220727877252825871778034319456830262896074267742914455304543696177492473051339511203642285572089707721923793946842631787792697069108906295704329188989667164605881270829970479535676216224395311425091704514118750567253910751048636218756085265475875452529896892787394492062304632370559832752939725153286890089484992108429739018468381363685678230540219655960055370902082148031690957264910388575977785858151818487708892781184801504820676837853677282352843017730823112
840 45989959447731662442623035000086014092961017429938786096243858308793477821858595748029228347249515173468352923281091497897695747900128694074169663376538948829109181658268789580573029817330633840237892120217674935938686922295875369697282396370287846211646514385019772547942739237455549915929114604604244968945962420260609802267583683943793120603343579464360278229932715160465056390235168810332727127603905459347743600755873251765963856979891329390202473354625366564356613625387151125568589904805579056242508686143825577118807470268631082955614
841 205870624021256430465609902397744285240982026943302172840755195345132433045046880813366446558218293254115487845894727352239596724519151655154115467899493309717184314513345388471426844083438788615894339899785586392212962177476900030783059479638322758540234614516384308060764111346753476320399114470848573321288400639791066647598634731582558485102690329017100434781294530515822364265155030518821254180205276316206658366203001547500549955072901672743444918931108074865936450706711461159300065108486073246096845322023744021446604406857700100398239
842 921566458018835315128355698891439396985668836691313490413579002845993456718731879888913185621851648245788758056207133998895330762253333893843229029534099640886378896904531334578989728469600012890163553117956181404367118289600429692428372875458260507803671412105175090955655651849351538588837301074576993260537567559299832787455115116230005663924330335768629257841354469753328697576232832641960076958947007871531012997291378895195953509977847878687498581016281227365742267203972973975534690950747061735908056371811576161645017873773466405576159
843 4125341066557479189696038757606207117489894855216403041499470885292943250027467985364819919142381545592389578540219925200643235678205889735464650576599962267543711218639216084675338564468010055465882504736598170501235346643495903801816945202053917472096358543322122526212527791400245921183697739314324393990123812448855395206693794192510797905032740283066580901638943373217574391623102270337410337717819454607283554620021934215695510394905083199852076603754614397205435369013295143384881991372092868726110958004405984116457458388780704522400674
844 18466899281748370936459076789616260287016968329944015777992109504130185428654336968232009352674912091862889836747636419570477976091732168774037782869059581265335227423795208712821877874545681534212991176881872741692170571392652779522329419003912633925198328707349232305230910343436263064165039379699805014872635530342234262769686644066966302011262788002282701794599012899061153459317055788719828060464838827855709261950882422177220969290430902161478753188575271443850090886900371041491497736881138866191318988968431181430456662744056947326201629
845 82666398773897807085027573213345921813974257817034040652992591767172280621281163597838842800091444159065079197699623876159235272288902237201386264447212881007952590834060062083013130011701007159048630787615715608734956221987982208867198979302505518328862932568164222628713092767470257576084669795680515526752422075229267489966335936031464886630026815445599384247316586208876407733744504996580579959203477704784748947641819288465716077429375598108603758051206737334390294484792772908741443683202344172667883676386055832960141616578049394689563346
846 370053888731105559403002753366080938481310373380162505211594030456490930151851130271933336784283987558174598331717533436803163722069697912832562439120810902583414074771385903520525806581463457710571878777203944189168237249386255291284724926357198942086417406710366751457033317508348420452692119885368025880202796207842839217421010350215707602472265548917117431044060052701369352657605324723905374623150714869682410632373550331126349226828062576862400701127490808942857875009834008998805910474912652401979995268095534148587612973173987184754754515
847 1656539665297941929393971994116074918714908096355274930945208294413516171984158427362760986838268200235552901899976101271048807389026222825091967562572232329824416739623157724250128973922913374447218812743722389495117093912034680978720590893442355283489446623727337004657805129181668756762245965941157513198462392692278069806717321204343060829140047586678033962159279919361272966428820891492389182105908212921543538878271944825406155397108673420499335940416799077051583661087715193931268620979014869053033472290430274068899114337008378364170325777
848 7415485970162649085497431090516352312174312429238455188416987533746416026298167896802262209229996759858780042071071553388378625683565210070917280965552075513268080752026907361745918614137690238471869436742641399919646722709544424973089382625658789494761353657250892169706961852804912552137717024113852593672429241803154386004003541520044939500232295590185186904540747590726139522983061058251438003894112794127626899888156108612326538063631755881540117053443064586274131531047309420755917704112049003640750098696045926244646939115420807915497594570
849 33195430465873750951409699203941455493096298590465182943831531222912277842962973574703484580697608865310385346006474621757316151107059678002861076324879790995618729226736546980366085830180452050066620190823897425182113209267905565773264614499056002362639971456605216531146306229800467860445740117378592377253976228610035611071953293777282791796255134296585359606792045634656231866376008519557460359809647907914160668999866957803390296204395830995949393234752614479528548076162017324043800468927333697876785362282054981273357767287904390168771869449
850 148599688449073418695610908434825239319571291463764468102824527953777346915737952625808705541150717316652858853950765498156817251411250947012304245761372245470430948823819963115087319540266539332268586784303306916499683681164662931347036943756323010897974211297007054536517565954950007709686725988740141610842110300315012397160130550135315542881503173621192455927899418299426902051068829434536540570436366536792625571755354049807846322148136816380739047145329630478370853467384153326671028295222661385484729712870914012805943494080708508906695119233
851 665209430928089181606960253263381672470827446035270386204148484535129109892048637598359509284166137615303257110420863510418198374833778644719647706659622590543985349289913147530886367662564695813656678650375009841246514322173499173793726775218864126572435874116177705459246003131593643384525005314816203744839026357073074457231528031623851936535260921359196433396081070413585864890977376962341813407744672478387981338440396452847631762821013367393058822774951886089208397098124735331751380357373801454582545609127565001617436390188626548131215908086
852 2977829303000662905827348339212682576805734353377624820832801176297496291458033986109385210440938556336587666822667947208859582419407523245665074629888658533068386010995604834298683008251164799274814361674974784290240988914165432569002561650486111775846847369599146778335483990752814664124233942355568907820787971044559007046012588413885619093025966558763080390215058722999114933378075039856622811247817259340160653025511422733066823716233739303730132009815534718806796732344580693888176352337158930803830302668543240837233283673915292214980866149507
853 13330366846987961277020090598213686154137665744300171812237665109920928507038750773234697543486921949036580508004085020075204405474213838898049371655377777274474747751697901698393087111751486866232173176181117981083860119435146215549661797734748804772063413664486650985301492293007649497026289173963507030545635831658140740575107805246982257042542787241693364238672964750046050327542002615877444193138656981118688678032060237509698085276374366143578317549942120465964630839252343156395690632086804678699378655273150123548339776109214392649167112203129
854 59674020833375492101062382885676047610253395254314064230490425294600945158872350572644042070326462743793227340026165953747086604003523089545527075000031703648751093468073557112277871044403128756040324031509958043967759748717549530965495831012184249081146164753610182175515269707568319815405448923919293024453327853501400795936586292306900305906325176906724996561979899911227068376314689197111704285202817993029961330274733197009375392840138473764223966299276913728464793616224460567020461999721475100742906118677874564898168729410149906712126479154114
855 267134142093930916469642331290247331813752219861764174253534428248182652810271920372909740111847217640903502834969004489417362897465899223083171338574106350545323496337603480958874955325404577089159253466918062106502491543353180745036817710502060440222360682780273976525221239724410197063110186571558199737466363006873782351121765995106630737810219545908816841252912904649164668579339905247522863440153407637724601932926343523105582753629746373952491899112104326493643486742012194618863867828048689037888190594991961078897027582067014314095688932384391
856 1195843615067854621421044909611742945364004025784854526571224983938088120977286209696524747309566934745776438345874551631980060466905706018513266804009311684964924857952795022187035790416753247858131198075147184038436178948352027541247571705613732781460656879687424816330554183391594508066435619264839724448073753573744787846238657984676510367752165377387495277977923563335448700682387276438620965212916286277360324279394889866044143646871707498186892618333337199665978446973768645401902374684180374090827451480273202929868783064690277982663153059985215
857 5353283851932468846271477760996636088645967679740009757430214230201175907623430922681958438584404026700871384961150596338519652609556896078796351574380854752100942922758965647369399143065206657249260676693040298274485208593882214993180602543266839834412099137145714245765881607745796559226699114279045061113954901964129035530040323992274797866000726897829790163757816008444080421090786669783277645207767506615945453176213407554371941180538207606643575190841495498966581453707826578994811249702089646987304084347187006293701229275628599671352229677901677
858 23964426758552608644569727733661024847051071905184392165792559907520572895262475804427701764895858245301413873040633450873592456564029275349656132402955022970605578122877337218234884893326940834825955668725546337732841228130498555493795369127340679302206444442976782610197507128785928787147928363403172405881750915853017390354043053674778887419397764500894341811960360250814583824268207233591761989134807433670725199457939731219634998044349148197342591815606933703339678224953098225704874909175983285255935485158940094620698111791217419207791315943452610
859 107278997324682880851014112648467065749947886066939316139956656593536648788139177886386479738326637498142329379488098376901168037789150766735281229955749588606052304027633739591453234095119835821857171572260376575807484160515441013129230876393354654963312992826792784857443051257888434822670213328950362191903168385500268220417043519525993102255131103632284550047173643716549733973932610877646504586877709603320644155531968319366296549321902911559483126926948828095569225224196075211016828869478044035220408272680573619098260580801470778687325890942275139
860 480245442889493647160003394678036213512133378701291532382083268149048956105568213483367727520419284523380784589101784980763160259902323993792876328034694119398538186840131492452040782633078638386319060457280260613600875190587451329246083871679839161663513255651364041614022811723419478096054944342107526233304366461413179459156741830788878444264594402547806662547778511953086631588513574287297142520140106671008486166862595490100950360631078004978695058258097392996424547038400900116552795837681338457779776489456622215654086290687626718095087757185498803
861 2149872393628455297458442432786782669474826506222489549844234383024441282223598546624673912093455433345949837774521965197628253565978419775412561377020491556193869952806374545008054857127668455039885738879593311253988737816037154016966353005589037452827686892783148965107375127480536692585988530746045247274222247444943663031197842896529214045439209423344351291216008381854288997129416798169025337150209173575633671981682826146252829971443438106058118358785880621398092005877558226401696631331568796552809322267389529805762285690238932112376224333806843178
862 9624163563051576456388796577668059600221536676832800092774589182605928789066752999307445045402502710126480369594742637093803605928612183333547405409275511973633020432717726816752508005027278700172677648899721331452958376730509358818732184452390410860205496418677057786239566595409964373143664788931437661438359059349771298344557698684907248217993327566272038513785115803756489045434758580558577479968457157928617026231832495086230944791249049693832425734617600911758154676694249862126942567811539078238847548438705443398188279818234098037014955288198947465
863 43083818453851105053365901949120141486000632731569056734760057574497959292142372789512775707230870031801288539423650692221841428646581008816001660391627974405367013920412794032918262339061327091508838382490236102668106812095718760529374627268028491789355680236896061330125268902325542462264769579273270184896028344202041734692339054851295634090972780837652658570215033156577796655032518755971502991091576140484552404458246398257082461156581064256652185473168193181454811529120874722277618180551035371109832107289590450803618271220905670103834423902246146211
864 192870700043568548322876886581636364576158285551250198533124294732869254773895703315431557835575652939215851735955866260317567395272248933783895367778085883357082653211559356417592262767148891900462678365575792669157823901262359464407113588231357088215221815335948416100808432655287548787598247716965482718665305190423687305336104065360908534312603268087535057330682855662678440477726612121735082136215155509281360706538294175261593428284358580071953042621632249591235733218055155761573271825875005439793392750282838926092570633410024426221165941415447643818
865 863414229999015849400322578955863598845225993656349214139165330198640017801157195703346395789337887574880680463119805779448352130915528331071032427144597730826104100389044900859562139212796242502783842215579181341474786928589971791761837705911351006873945956584111792691757524708362658932496105121505218855973474649386311292055216838374686654998078225493315688982114029435501599953829979748723540632807379175211220740299672793399189375300705506023622806875396891585177819503623051546968814069921444003699018890609742939025986688430382710554490712915612599863
866 3865209344678423528513487370241404849054869773114300167281099012052579636077764944590342951175670356174828220050156623880740634047606137336207015904241872442911898700133298044714785124028955438004161302853568515870438028399207342159998538077621190368020032124528109585902873909101246088736114183642797086133908078781739544418000406265441256972851752035313694718845666593912767604810385390428999896025237547354584022603512347923472101090352386510764687892338319512819872964225465094350888882090845093024227147453352144096933227885160867090946745866401725739315
867 17303251141181722620244986746874852173914009416468065219078375130426519984835783372235171279808756747051514214243645915678828910264778652026142432619521890734705372600901968027166209362771093196811905122014942469251335764256788683487910472325417408564898579353228505797012770988137988904123668930462436383326063480337478219958313059505120370623153227847022898152714837100178839163428351774737230369065783334144026014687571439629947565884906890351971909312218340964177914906520044072527849577548030263977228064779984839256726649294509439822459948322494887037134
868 77461030653337484826862096510571813278817631971024688478219644245938473328971720532443431783441549691931448185602574056631782639804628162376115863171207886584518482447868230599095429755613332562391196038285236115311831508810478291000337030610597365816342565653503928994730980696068227570875808321922975087084781516775260784033363536221780061216534087938296637479457302747337749940581904873716122513714222343802505827672115550841129856820469549033741223886328555960873284091712614024790660393987448226302534267317976114192891128618020621468797983240858306241757
869 346768546965842694537333701164178370244578420602401381700638689193144963418329420549341470931598572337175392510080871430278486521823426266058344048115117591377868113065521436606220349076051614935204631776202437467964847040221787776757530838683628536681893643904427859867014503333854077723542768898112328032775524173907750896855831123432683718378084770420276931517969858672036986402658761052783999179311545830582854563464721439886647083868561257554233858024441979862475644662447480336496485403138024955657145736649329906262441463987274067116081450831193434818697
870 1552376256908113014489259883314126075091664552581984166675929242760533224541765488989052446752607369210440846218301144893648621575609061402020122252550726610360569554884134768970627447739410160993479148854409822784300526342273779820667637669263452838599490971862012726444428218674357098252913046737036168574824407320641625665197389431319658515109931449568086409268685857596153638021179772500301618318049190903120715765213203273870817595295714679855261460053305494600533234287674570658059359413727836454762445722478802473059482051035638259738762755027502326621628
871 6949525428297578140134142108270255506658203172238043189658354679532653440742315292977604513443162968920881480427226241326732582209881639847595952525905635532168213270061074894572594070414777868377813148883596514791710837433402128675103811648024321819790182078585040959407348800069317043386030448734307278736190875859670913777863569108172928809089246447219972876675329449715579100422003891564957861836246601999068025557168105872608769617218893087208902065654243964415530580349496891089032632581591360769519937029776749816897263499070673761901502389774467643090617
872 31111014018595771670930523738653126266150306395562607803071128809553768787333442504523264872897720235357929169581851930225507083827672470814089918884805329716316141979919954175798452465738125901742894162067981498446345105352071770058481866889759462697492673517721168415260537852902886468671116884205157234764507564066647601685526328944987985587833659418343057185103882782481993282442821026555584108654257995165373765457366130326605289315456281091519492145126699386476753322541180753035282256444845648097343320030029781775032062617963572839939395885311769115514983
873 139275281313816175791749907601141650132864416806986881268316685679453852894880350340005310730648786716459164529665294763623456357096405678718437660744060788983657520305846016832341317492327248346821402835459240304379166564669301768169438971646872080258784169037075607738088263692504915616798599039841769504114860020802173917746280640147594718738577608324724357802349787474493215629168897268723349169569386037657703147794319193664585681022323944365756421035690282018473646061406120008209827994711648693271460791165283292738190363656162317722845390282262719996511213
874 623497590889834410613283193890239228708146318832493520825241873158494832258686376362070738979715115060789224996751765824784270055881779552120998091006394650094941852635120113730728935077831469151638305619045452236173909488789537877968942062845329633299560562761963689531285186592535332519256222069405669462579262154687360635636667960500826058619396281226161585186430583898434268177332052693167579437578808116644757073798851171425249834415442098239672793638110264281019533042120123059523401631612978205077271662585382670831278522840710593765253306338449060623265706
875 2791234798505907248252982105128722116441522091108561479099390700422822908821510281852941907005044449020399086515515790792788028415601921856621813968312040467606414880646250628111199025338880808205139081858961399590777105136258580039081598890910674405037194842259833499511505543134487208461095236612267869286262005073227299159342221155202428348498157924543371048292713314378986714104704994797292222418720269438695726584582330158178923096706444670916268421721158563937671889222109210027586921195431204969078551396407569912260205424568155129039846396521047590765633563
876 12495648947531426816757010634961413281357819036370692094573557572911268162935148387965300669986050140837626651596888725056458104169856346726447340894662397385463410395902776318152493987755454678144716493487815245872973526748780807348324733819430362334824149037870162936689958096672901260332015272673295066216008012374767162432107898930912770125337606071397979885921680120210385759270204541341300006981888631063588382578523601496638498356079233129458779180445916295974384018117532955669147511053601127912469501368154066270719909084279495219771697100988041774904690403
877 55939954938155970995264836434434579242768908370444463603308797368628292862210513424293114883201184431910981984331180151250563240230904743664966672481789337941326757766329014881723036462968227440206832451614581959680598541817155216945318973785214431083789350351613385839218614548053848053417408914910899207650213546412390705531173127778773487255204340390121188647315901891914626538339133220588443364246537034098396271637415014136180081154365005276351382346489838588441418904442044984511719131643484256531220957096252604211835226275889799934106386699205191505826783335
878 250429945245286736301083007467578212160117659339720249870023021328584778775966290625028634373699722521974665351835739071016067339727194992478878359477261298599165850935039079051228807157609099910951487441426240556321404036967765039845590719193754986928929112566420855360443564056214755175503228367443154795426606526561813659204153594470472839500014557107908860266713865538202110862636985891679210643930789370555422305497687324045093745944183324505920551581442747231068541385923838500377825780008694987051805272735852985887182217302268394444352012372021254687076565276
879 1121117812548263710376631191058365555243283946710531198387124986442276354674684621625351296147831864606576137189810754965135621199990720023793433044244196863482304584668648696192735463422745016459098695141865230703588530512591527702679634222147421266295572381656680625040692315624514765042895961244800085378094977732418055839001493315184210001539900814725383844405955657875595141181506140759419819916994363819322811361415306568690867767624318848899952941852026439666279169839468965580423861934060017610643184373576819122164498393536694876012458015686917208436042941763
880 5018998812811852236727478153688401133120369644611759796609910066998621392499697367692285627979014810463496843217538278835462362413878368739572640907704887701922401892521863679652248188026029569279855675619774932179824069412237618633458679047120994126715843065060706708787668229302582257118439972096751010704667927174153089477211044858734066689065899505992268029390741055310410794642451549352019308205521022671696367241942000355118212910341679007092886513071177365008675942677250284271290261395845164898570202448360101328606045499922696014193068742325826710883925658593
881 22469001702142525090875547502185300247038541766716023905517339946083677281726363187746229979321269931569763544552459135591550007520808997272269626667333531542424436683491004096196562802734188196434944765555742658565144174987687940380575130484147411805865589430535745520215154257647655571110571066833324763505892623169680530025513617392544682128817351369577319703886072683195772538618485304712782502761498350524452213833928795103802387871380862092078308385472665572694544359863641256699410324268923170035683841584530289830713492270196660785071898661622224986665039657801
882 100589188250050691167882419324696270062254929347924076674229747121630627474710007970979427742819931427272160765513611404251561591194531546330924491056502032065665185721459934353550002360810982423976112422014641704297671787040483119161994558690902838263811867547661267474015394216709996490223702762359628978979976023706820583094527340567785693749801438514555845740635789747573932879889768570707484101653495731579320414499017921561771963477218184039576725552678784489394457941662639339967348508733736105036415487564931588392056182705929078117187368411171089567951597678104
883 450318376472540056211916624019411268642151912009707498891250247048742609930779694428673655287534551685895658057182024647128837076624620171715250059839749699797738324801308862286220840050544918304152081356601160032302157221108308669194112454947910951330542812719096670004235065823855392037508475239763547961423384347520452145809117447930167615824434753855712883838326145981193548372251056707829342675196115798491418878329788895932875817200461958613585460869691285492745109211012796012916348569331809059644113864670386264027920089086420623613261653024942428737861719184157
884 2015992326200184275910138573593078424258458210958456518837326076681562774703731793241863507132475433544001332011991079889884053681485794463156373326081575872843842557765320310742801022252091201933069412939758889115379910102731984488109559703169805556099729969144674123940487512504149273244225577109776539200785730117620699482457143983137392340028779283869894106522454763629812955699055780362965050070048439070153989055403761950702474553861274007377800495748228144336120688077776312254414599445731437262165902314474589099979855817191729467937359063539844221374217304253599
885 9025243247227014212815532631058665068298888032072674608956850610469329974197567944894259201038011361193895024803918801482202364134165905034198451235658687231732406433834591653042433728628665036820072526527214629131667657543173043471498476338299529014533360548346634983541750090120801265337480725311262885554114822323689570818087569904090537584534207237386113535624356797206201484997516136477860349964213392688012288412128143205635218070680078335793817767393314014859227571275307854737117511492925094699527315802356027857027011580257755284784520218843322434491452839500447
886 40404505080581529437529183227843250949100892873814339504415186818833655931578643267163055759857260616156244595263295478646512982017467842609854514621406610128335156342834563047482092495383032182079498332402204788773905714752915587627101585558768731046896757313823654353896597056590314973845651342581733552947145675177369515432621685347816304556064230770957557774537721751071448985135127248474053029094323212889849797631859584818205468438607640537710014660762052211329148165289842461849512121091608958041175785152658341936843699939096689236108266265187162057156732025633392
887 180884560767195183974834454701089887158111694812800959077645396271183257124282053156757032911979608492898114941957064713702303901669591450071053992222409774762511122191844899686388529949193452467181262094732277733766163225196162947016742656348487380444598206371427960348633464707266884122616188368687052352097083932786126567382882190988324447766013097129529039061542281658387554597777766800979185682258445578129234492904452524847789943734620147926596376461431906322601339985017086178897536610522342888611403863961808960915272622256467763608265172713145023955271788549608823
888 809793037795864319076700818009893366383692220674557951225203816764218077140301120865483891420810017680726634913388735651316800423738195523776230836339593806985616309792405884791105491008851941092570467924848522983765434485807221515421128508119391519513948039694274128628803264114465357645069569904238191266735514780030237060893006195115037505761847062430663675071053268001353134164048030800994596466731422106233617668512691914996091613707224107010581110404845208347228715716193001759810967130118079549495878299865290987968481882433449096198083458007707899201665822312154801
889 3625328844050487450669667157951224654766906094540858084298892803949038014791122180875768680575307647224995772203143692033489223820180445294056608508451085897252070096165382669941374711569799616608192914601558549081962872380819737181299946789314571886169865752777127361597947047320452599423244175349198468293336785216331895596964663082899327837244436029774138353983016533852612113419145966626828333627092564200872379322220007875774213904985545366677704005525053042410166743276169349159132991433758487634499386201519019726253591375001879948700474779781350617001439587315000572
890 16230115154212115097430308627647857937756236863511780282799360656140014485328411506914386894396435972488621004547147322075580682699755433247168180270867923636532861682909616593009686087655827483340192874986552110649627193840853048124193168755372981916687171108717474618035959236408710140949392837090487183084797577621228796130556888212728953321432383816590472235439077705341505209716234922492505572716272774459599962708517575024504939234801017158924015838253827520329454483125866623124460194109464073061842271405920610965589387430659388944286236715779289223217791074796624101
891 72660205383163514773927239662149176455989870039253047786251759026959315568752377042460829094481028788363166613728191744995516971187978215916280299731301690013145680157504288480185248519118692423271282411191606240685711716680202567045639167469737645359274416793035166201514879316163436040402941838775571735235957408772216573315174343483389795865841659996636830246241389376883457520555093685746273500684744918964360568948530471198814205644051126714076350941790002583467521399642933650293733073178013406704241272100973007096057048939788778709572259991039173199980155164477238473
892 325291312123895645089399165132854209023034853798818167700184668722624572458870287597723882601710946821277715776895907116050099919970899249856417986215031556900066319154367740007135905048006815833461043176490259807394931497698247105549500607208537721786430755733098478147637708705843318774970870365937837991789911557024328503991011526458355614484760403909284554371317718728363624243950490361806700452655512177351296579622876078898891421214163642864635810047127458919315020175694146773309474461907355018350343134960058084705582100724131976936584132027489226211122639449667917712
893 1456294230418786814152924968883726039557574875380838012344141490387714947183767068897508098962667867224098284968680305609582295527336276397960286677570575059981901728656656666544180351666645747423225820981544013452023614683239611810969049639787162870452860925804100942761450446719279797874400035692455549956015600638878555818179499293865108821072634460975201613224179940290073302477052221963104271370740870762900046118018720500882974784688298970271610224503469459593963895300135894548436411619116337361897345039662678957017355302538172472151406586190547403296924537319838749365
894 6519684998577909554021847716982205643679241335485935029078817897737160445173335165908875790277070314230521206859374546787976064942933937477811782214415815416232856048186321479896209903803933744873698321434793606012037729193964729349864604618280535546495416633632531804029745386999404069756206506057277721830880712912591731476558395285804260478629872099497770283662279499296887344591291348300645745678087069260898755347625310466527520739458348824524733737212327138662830139629845695418806251970668691234339770831203662747995114607729334341931390985452091463827178143944856203555
895 29188038810599914593008233291921107331518305481457046794672195141197193738805336141956951380546710046192215283272059346071317480898974302437274034728565255287684291526296207448617772894047221022400998629547127637258454686750877457049693523190395536391388815522187308953792144833857542600281688165582806708292841630774629005382820814483038719966435787686119978468907891836499955428545945848950407371521532123118286020813182020548829523284119541813769278671491480033864753654358925233265907829707855448783902978724541057980305049278453437097833670235671719899854164402466226755140
896 130672449720197007877635114536159778581838389438514072151392735899849602097640748463422250235221687923662601582055442364166489397124755350673832103717360571752929703794093550169500594001981152855931998777304497699952254025006837806375541634082044383548671297351776801017757952143504745446048684896745382883845160640367158286369481184712492983921838627381433420590030343880843596894218757881623198656655215745236640149369881908424135590801568117727325388218640431629202303330939782021301371884900559523148796848072794617801519624466801240824860569343490662058263023623377187713487
897 585010909251898224985296302721052588619560644668823183175159711297689112534615817936890466564092882265992945093491965843359551909239844597128447353973496433307352290253862668482201820277767820619364323841692098181553066394454512842264046072328110048301480000951629103612616485794516057898509247746972784484381194835744321163649881183266103332522867463227166886818305733074371683007006321488821321930570212575918985442381953866190782345063256866279788930696944235297768529479304885393786529552872604467247773129860445462453488546236078097509848078869727683933867444362997927015840
898 2619055545193868705087800990247524429381814297622683726439399468584022856360872224312607155044317835712845621056771269413813378543127364009708006421532763749534092367601720124753127074132309530707743731598671196574529483446437259350869780218117236547219366435728568280224542622931093169906136229370747288987313281909986989170239653133769653775226156348663240829882392881776328093679861258414483025974591786988059747302105099223584098482251622732385336473638373659215876321404814738446852153204402601857625152457897114901230225759307961811264273173882277585938343359680646598048815
899 11725362110710981507423281734186690814920796353935413853143672357378086343135040623412603220431405704684104848866934397896700322893757885051000643616761990522363803335146742124541237546212714488485729906815908380705412357492291556370833855667371193321381988835716825442704233640283965362387351146396921853761940074728041138783478500951747432769464696247851478306972839402298859276064599240290383257023170950983338376975644087895140027320879376757094706659223716238340635662620445074339235754127280366112164300163408716347264832670688812186976621266802900008628152686239798835461839
900 52493874319137069885928641272913223996385516309808018495102627206702957459835847317437208897328704163969074769624289741068475280347086234345279472564643202365915607917442048534126794128090903913755934523787904744245324509157771731044700650704688924292562817459421341260849584178536663626587600920487507821647031955224379312266875177570460505753306822620023507121133959081622054386615122100109862503460707974883539048081910654161360142142127542555577194707946134456490732169828735289332754556886036784658100361554767594886471350443102311706468281228875165420035785098524148926287388
901 235012951802341798440068010919249068873604973555470706179064627486067712620746562709995243824594280003378831189430152108861211606852163235318741423452305697762957700976679141192714825729507136535504131612366332755254227366527996417609591035665330272158802590095559249724900199925380864083501406550062231131033589946356618551814264396242790574547656711090875040445039961625264672303311772735539661002769234992895040271335336697969202594156918455261523467246128210017940151100850716244362928573907927055418147421188454726174864747980329158219215414874938001449715629375597660745970006
902 1052145428687027036881886868071780749487600906191845534413418352633979865749653815153839214170827795329990158151547741920273851933398028930191059768493137544279783761804901295673113573825102058084866585111205299807527371156737486332414656117112938024251547573033461044661667925724091116201648955134144771120738335929669168855021337683356258103319697185576382772720164600671189873225158735109458710650140326186442638406393971343601934187135108720489274381255097059367267357050146867835893194365004265848613152313884142320587158809429203417981168104891734996687986666567629023121949982
903 4710429966397429664415408257633436814591519769234149192611520083171759561919616567708670029580715248104202313755115846878718166681217080145522153715546430771817103398150862473134471309825908491213536317654229414064700918062319855015150647918943905146407479203222547940480916857810707111583860963047237697439833872165718920570221608157877167458939987529939929646622875926374379416527416484402549030181704700369272905359481858585965576764632264472242909175156265969509898111398753196861334871524654120698332057330555658173882470119031182593312343697356044228620837759212819746702740464
904 21088521426934163110955414588104698005371212565216675264685495471382044141127737272060530594683953354004726477087465612469244629869864927317163549049469218941401853609524247313408632983400477321464309996085531328242741121640140485954146495140209301464390045261774079239989645684544793267046979013414565892660124049117160131110770312129728531199054361842063425648384901276503086679742913954360169834181554131212980528948225847352579573181505620418323188645481198269607041076374355923654356861600598467481855709583968899494681697539082207443897459115258888021442798406206254638241981074
905 94413155079560836684846652674912307286696797692829231408621064740186636002694611788048183446374671372062967314930271098063410372342660785586100363360897253177159405558320472928251170971928760922634072856567069583781527873826094333435930014795357935111640720785733302571982056022233037183069085448259035837974522740035874052895080376590901423383936283541506938095782827682684600545832601610929071117079728141547182855947807252571220035957981795153360066457713955096431507431670120076135949400706210030212495809184190475345203608977440567900706495167183778466783199318834229603328708381
906 422687776425392250055899134855128629900054669398050079340413407325149996530020755139609672520738305857248708618780197799575187902588698280569195156279413156655446162141042676683692268307150346301277299561105581587065393813133047909972055016592650519285109106676673957117348176633655986289980846930545527762752499013678726005166511948136502558001958343353204712197421036044741931229768869089265993923128176487225093595304641073495048902281837401926128452938071019608158075182079324050480045110866424179453609326537906158006939747823262158804756023419028979408799719661710495158916814165
907 1892377007589160426506144301535916795278937402590961760962073321662940162544938536765661521944934560765427596076696722316571499941949715022005327891811390533207413706285371908063855783837061696930522668385448125269559830040830738958195073427343521035733443064216725550055371334711254675182180751185197141478690280726160367232071622775114982807788915889460626914237340946174889570940628191078805284571064473742023060408542133615409140677690767252629851639801815504850967025293216188154032498121096813103326612166034261732233632652043835193829632580796719331495882923681453820750888102302
908 8472204519067362187076463400566628946569013214095577595895690324786034902085001528339372480840813688278761609369565182306930446712784211264952568560859906230424678938420666705594795821707401199154961943360791335549551729897780170776737946238237449632920677432898296258349002114244606001892686303814117231768485160885901697561408714857120942913677975476469328063956722853809803050644835110524797688843469914665660369133216897756663341096520333918351215606736343226298121481208922412271150691816728376139536123937848218123139337766949960769271523060289361344322349794604670184476924298615
909 37930275064833094739936777882697104006239630437572508838932798296550599178474776798074814727846553694868347005830882668904721161362299946683344015952507171275316954275173707835500368875940383224479017644301697414886761808566503932947317898353558526897844438633357282899829593640988818249865740091403128022333286183538903012621452960703740711299648484222266196731852799633208584868156106426370176578949587293609730813980717671404752763263544716003545962032109410686240854485386973881928983791810819766084256629388478270446112252860754923791145587480084768693140338751261280259319645842074
910 169815115231360091359975336955533055931748987773063433504586900047935652860268711271330787071759310210412941279232777661280058481588892368704219512501749547948750318332541469688000393204807767882521580397569426400395994641646767146174621333463593390293906056523186005705144129127831209144149826924882595439713341838452251889985145707054542392947674681126309403407470822582120182963697278143466686732786965129515789229014035111466087969239815740324180127275904826304364424354100190153174152690797597526602141447471461691599379394211935262517244985340529487157152150764287984460231018177333
911 760269355140392410050554588809188227499611930699330516648945151106468144507620792417800134368936514148749786404820276297627485421351052571581145006146114628362982893052587881188016469532283473461369645378543430128010637354428561406315802093028889494974743961983647946165789012576987491999794533186745796703086069590411633522625085487096927225504194610027007851576265008079827647614764461019611968542015371135663975472692897751866319561317019491797850861729474357401764014798694184797645643554866829446857632482114925013156614819298825918244853582013416640776802308484193007607296405167603
912 3403763791146047242191961565885270761408718891092165870019254891119094113706962197593576208570161474656802270459061278171391986068800442158889055640018102243162009324205972614407680524197942021147727234270240762630228411095466346786824073821564782355898366011649872581743083185634651176971311292214230057940268700767598010334761086462737292856139996166133555178121623803255516063306485795666032258846394464191499532946667384254723565080818799046988185893089079238982621171715842255577090141205263263745905683962716308304151203204732203776993863434541979939846015113282452146268755692124810
913 15238847690649373972856634999670362409594615995757900380976805027017547001567193241984392396218338218302844541402498243836951620851708249062465401238317826058243057330695324391172946189397258140438885104947204740185855951136467645282742038312167111865064249186009258562293586016974719462796855336177225954218557762555145461356310014517981287507387723784920545551328156558551317034164851093993778056260360791401012402366288910165723466098597220363913198403219837236545275329297492635087826126505299977703015919097673438415374383731233073700589893934620210689847589469258942983316324735779051
914 68225327140369731373958871976588155942529339566646266323511742396393873617238922580895879893410995419426096168529470512961011305244454968914659608605430479917670795640004656495868042966983881085007342456545602086505023028864155468549345740720938114731202521289127635710483089951013623993445788010140714933199941235687717388868654929979152275161292075361044683249732509363222715507535505033775398990967727647096581355838550616153589964525053490848035970395237736665808246163471369980799524065984104721399391171873199972464840976548041647249849996303036012106059617596241963317419289866637663
915 305449843873021376647660418348374979995530144606841995833448319878472904894201612490106673501325736583059556532015878730535287232767105646375819954732091637281853206078876582879905467208476426130670443922843885625202498200936387723020973278427726306078496449434559051844730490181603364571975790899300860303253663046387692848259203603310163368893008396825838692284187706515147892876476147168002102164046590888219196760316534895745872064018985387674544032734083081103932611045279213207855752506673317629612914777958687644790932505190519008417221576341174481375717448798033471798079620438898958
916 1367524037267811134835200167730006886004873664851557898745374814118278337152000070083779442709757717930518740884349657571225401564960896741803761435716499856709221062526902478756669137824088725710627309289739041021701426558146686197051429082735639322423511897859064844364907106630691911744974769625859488133873485118611370160592881366844530243295667529558518456435953500853378077067627606229609744809769328592113874165861066570306045550675063227164587775358667401006427559397094761742477771214503078032901054929081582639142984642433776630976687158418355494285079557712341651336420838483549865
917 6122528408349829240411980072368394464889768133887687322619102403556075033192780715008562671719396882606302081031456871811770598084619661490169684269654912029534673585673782784868249518272596809869734991249471898366386569317674446373076132480272858328158763776406165069833785644473854981263645831195695829177615695232013714794598232090438726623660960811622976872397818869158947054331072179044939010545174088056872534239782799262696219960127136349745690684808349675276113598824781240027195209783934755367022671549270348558769887551894919281623784136930579550682064497258990618274208001696817459
918 27411160732891261582833159449755535587428100810631703436070729356712329290124769873233904566993253473841937373413153207221878771006821416369560865294328355284211028620845213633398645410250231086368551573910551018598420212335680639018038339412428085994701065009896844923508271866829127649886945513606296781926119803572675394060954204346855342401496409248633885853647141155134564268969844991314139775934102825154387361901843933702743567898580870271501698513504964923089848138952380750539379850846134173778178977885439299791934093079125314097068810792765221918473948711137277072841618688060084222
919 122722676689901669474116743514228011659369195431317000448178605386379522194416979286361676728135062593501461927498277716615023119603704310367983045193172869851335014944179501752955753207871526321422236580685398470368762242579754346620381731780049051792168524272634391585191803919318929710561145722055665250259741925341170563467226787739138336420565360196878833269657437967259572898968278990957494535031328719828713475890604953607589530564460850114907515457498753819151441231728273514718529221643689170054886189574289236550959075730472232720193132751806679964703594213181223996953398253641340677
920 549443431270545087230691565107077942771395931167979854006093228355201930925620341611511187753914052190065406312443666808277064200490568781449162299914180847583351576127319030944401339516711397921230566053242074735479079921441149295252029509131373127762136944081670188316475394066977392125912551100681746369749190285117400992981265427349089015990903485610135624216865342245973686876175384656301029088153939637222857937537743740819049394841549325159071254743793645793211065799441654706801372534598270317169214627169553195660359858475627770991306613501624547690806338796431887719467831628218833493
921 2459925329360427337384617030917162543731331029652424330102124844404283212893131351603752333001164242582215971483302793700656698337084211742883817793653761925817374948871452302255288680194114888648845238819031479736248294884705765148919452506763490123007190796182631422705660802280966020288003495243755527023446575039560560131329455437310097213073763912510437459040569487898178167827311004845807840842814778426260261292743491261986185446697963985501520077100867940498038980208639593058259958648755097585949853347825681224463267068997840767928827039843935634228641638720941016100885367426973344987
922 11013405596277610598449866026413088506755025113760013180260922938587492303644698741560979901978525452540878071033660292982445289563712680950993838442531236357831847223876881196628668930388198310231827053841186566692286352845045927677595699084508394436700359647095817692377955350693264097554876265447443662488627687007348478530679823878832279255020567166809690235553870854784678710103310876416571029669270642504201240609256486329587728691739014750367981473897000736406884341888014281854742985276864913969955949447740415922953442375545886371618556489060262775977973896600551304245525879246915104586
923 49308536356046757791235719723668487088726988594900657839025559747369536368562858620032035230317817438883739665662556692385177593042630114347043967037495891156889087348183836294124916825144897267555223278348930680716576799579117943033898276766281978163346387404695852957280888871192119651770809761697475239356107124633473850640587086689631733222644139169084738559165278908901533356353876045448752782950008245311628022628932425356524672988133179743318860693153981718524795556501555421605491589900168704157681872987866223153631757962700143934648032127464012558070653063657337676674949974982323034065
924 220761510211655266905930315927053069432590177588726717603566865595217647704616225411882404457163236188731661774884976317600454499767189880347661314048173008202552322432905188131379405563603021709773111907311995948837718344261914273696847828043443544241265345392189843078841305564258211354453198237901616103611131836108560559322226739955741747007299713679063178046412884992819009436605019205489806825931293723946218602993425864680881828083070218085815236046801593493939351311279910030908934011231344940661763460484010490392231225402263051503208609303211342216754624882367066167600926975865504781781
925 988383227068199095533420756680895022658291655583291778167500896973527311765078088000504134946256220580675103447053164700754139075547671398951099027021348693077463635420165808074194056475581662271450067602083337594588574667908573768201598964717387274476489424058002464482928283440803454630306231628495003743656757461604109173948561744225849994766049947340325331381812764036065161219513049532031223508472491944409054489300524244568278126064863395020799394439120414335007300549816924358852564605613360473501604015315098205341885871934003231801140647143127519010857553034365914566453436066374014928782
926 4425151470639575543722471585710504771012204159104321794738756511319312617793725740849572220771219073402314291524803002145634448177581079433205214284277452970744260137414606380378514391339248783770181169543508518096268337020816430110520300055966325380119840709940543847330513006018697014316363124636387662897705475591544299547142120120792430615909023835272172776021431367630992753614381709407776936312201722119240318871288759995868156608722051929042869973998802546202377436163519022947602808034008697335223791855255028394446499219257288807303815383730229323396042956331582046501851768293291486734887
927 19812153186251553900667970953925644357848277622591257728166950959686004021397779388548374674555340330658496809018516997309875859880500929248215608189207992942546259494682290945669966236925886948877782035118498240015767822359635451680400952389491731757070600964424581389408613794059960860892285362923775884320346768747946255121555655129134185538058436075737082557604815136640539721912254120559872473570529508986497845939176770588174536845748314840903132949674350005638577646216369907535325511812938402587814141202014869362934753459486023295525279690008307581576274893686925037319730280855604692719765
928 88702523248301431212565818201204862748856314463210226798883156878843465588531204944387819977408687191117152201999653515906090032798894359797687317863465537338879682270145112949645130070361359041747726085092405330981568255343159757423462950929589580246977973494961093663253963114350167144786269993629503715497945745384729097648356898098028299778566563663695047233603533680047981234495270109000185080230099223834560043260192527535181311369924551991210485063961917289694233921375120894889461170623773913006480518532622660983002706707014643868745488896272992790692563048389954852851188504901614696496414
929 397137620755180162458737166902744349208607815663360127350180780661149113508139387211089378097609194861012965861056320318204505820512114468850529465980706904006041332009024558170553127276888638623569754366256513762586381288809611331956598837895356531042142753301436256968370937456748732429538247549931622876674037518678856509823942505970971298232944274716645661024623116162605041090134092320457454628367538444331834169082601039446973615214850702670290801181313335217179238599220741695405122025529287082305075768276367310585885232678488269193171591836462084631452011932600083857742631228443537877595547
930 1778061762246763559226171123484128402560197558207189292967077369444910603964452888103419619646327529496138071121270600102809740816670389051594428853687612098130668462273974534991335631467615249149183957827236877272634189935749667716299602450246502004068734779660391061735722928556061517571476762870407742061398105249336532597060786674452160575383071301639269385410741074435011763455734195484586647832808787488904100534238914032509934216103540365769097072730508264786558410224356694442866915465098611299008940535035577609252826706813963708544871153621539087049851961588266387441305883495805590196787907
931 7960739465078621232419798781658800463634122283691818281971345122076998545909037209586020432278722503945789755791538806009304242909861615009407377052330554920261790974689366532769740959485646468299309525348783270539733982010051348984289477052655347582275345169182338936902255923608014720473268277333795520164588213492238123113757610578200501754451015614282353428399562876319355129871035752469557345330544657871457003865944569315067435097207310350543373687906315481281676263932754509015473653601402806250292055356507500397139764170118641995564758106979248357531789669760708115578705776283378842242532594
932 35641890621378570830585996603248697696295739536681470651767576236771863034606494864200184755146304852583713337750819482411413066048952339836996974488955984466534218917957126427103804010631431618875180328678304919536015244784140257317694583835334412311813271898384276471298207421903439180147700664831173247688924611699446821406177027144095376349443301419371573725611347577584081024231898214213997037367904575783318334636560458854821158210100219561781927865908081467476843418927332080832438654514617078260041361195903783206601419384590075657059773024016552374508034944424830942994373881540310061227805081
933 159576453071958530572372745095666341568578142634011980564144330054111971619978453581440961023849532529508316667393701898282853473530542558242927051671710810163507696090809500034341495611840990453288986030175694488167642622666389665637928405167230057403703891277977666056879304869343862575631804057627256253940947389112158024967118815089324903891916980954281705491395578972997532925702302297313427036462896993745113839551260702078388921892221948246710700895244441147399482545281371497534651989135874503856196158671211480735586497055418238393714943567973023189442459995840969489632801732365521466078601733
934 714459529180125601109501751536638592927307228397997779809437538410091807626333409519476135741006445818656971693432809514434798495246386700940688048335844228119763903803518402058238552609322092066948763653052013679382358737568074311782149964948496247221626797139749328995631244124983061594306977399364546036523977938376965160712162098369331520901398999451270776364118552472249620085827950919346462015750618768343031425055705629335291128976653387820572801541798976082719607750492065418180706878457831018356305715821318968241244526130378974777958182510175471397584568503711224331803982612448159033353133116
935 3198800884910897354944935387994734769373497987357681263356391818821836170974517450452730593204780648582410743679976271723923667354931746057166816165090385874996353826354462885171986191203002641940883209882691602544481336844513196459925872199604577089476968926135942076136050729647642740252194915497872342568169097390199390907913380115643835538860587471105645231102263172659713458095216209639360395063104898343495926628301514096037874473702281238835761708891751950266309033871770034876982652482606571183847367890046552405679045616961313049440039238539247421448252153373017187040756084128277009007940240213
936 14321797519636625343936453745072571348430547528937694825277247476280273380591021477311679951725449685265893888058831029968318325740750866605985530484679240476180963481290740911701104113073376474766290100338080941874075315584583511980118567171009808224108023103043385756257592914296642963517904485328821401653528412625897543113363034856526091863672341719658461877745912903265062601431235265335892139327843310331337061344243410311586482485776360374721295523808219694510917505729814227320222515184653591881640686925491445507220561031801189669864535586484800597195737151452037739060546910960194523587796432683
937 64122227001370067077745146725816925257744569330869742979046054904764638074510406119946779526819021688063463372377111510389509826169509405893554354578855270831356382000647928824503493484546337524095408970825551633891597086997479561961231393504057804419270125594958433552065456377535648839768386696641227146336372990314841393746122326572866305773813124342172421618454239543084338442909423330075203884235680845847595824172775344017960091144897489174730723300422532756357344192532506971921554301536935514385425118869439980118368187999926168110351576147533177065156367373931826251089446307734030412802608906477
938 287091549550441393712836744879767150673398884191134069588992768275791934109111694650971155690226444385468680899152915366713867120086155968330925722577719544083830596031758965646501432474899319131054647208948331840914239966282504760390663420962231090209953599451742081903224077817566674189612548249755316624192577175570302000469168929081577770792652174604039225134840620532584555679447645847583566171700216251175492099068815852842844025959438460427662175672612280828102976848708735602324530797114517235860445932842032767474389622949018255853900409153260838789377338924486725462141751732598131204805879330094
939 1285384220603086518888310022656562975112207276288531338641122651181838278532338538736176443593682794367004558680280170767196155146762444186563741454929674633051419227109285550464234230695158217216569233144315080763693850453577572245359507811852162767020048096843010899936745508907989454255933658379710411190427153270371606993070588665495435014689789825933317024749672236975514592348902340193608412033268997972626014857066982798131106152734549181519525145288133825945673544178672097108635782168365558332562928013296734278089406304622902933938276224017803208646566310257987149245194698148000753411336076486143
940 5755012352991438983218417429418791109547399233079532701023837948940910845567607057776303994517787548508452070209836192568147672499714290509731253199379028237552564348967387173805355108222485971669789164860032664924249056681766984665938443091823588917330342331884119325361816457894994644882730720241461131649268113747887066467558085314734570532320300429976049909363209402924021599828728146767386886943236582024854959255253545335707971551558414978977962180796189406299004835800296964346385134286298165804339417007591701957582590465294859693108338093065245250070579462875548120959602037158074427738505290108819
941 25766788678371653316032515587216204452147021032899282476014210999120880070926615810326549962155053663058828336953947524944193094413312574414068646355071255432160356838905166867487124358879326436658126209716561621975002994511740332986463443808600146557643855498889212199625203380573480021510262119809834773131016866379031388529282060452035066271350568468688633537242934653138798008809269602739617891992453747095693549517038807678867907807447740783264521484996478545764288981515181599345114147686491411857891341351835417136717440358193369937777228953881424057215285240879337875269722716380999440696087179198007
942 115365265312561166409504633974786067639874266891548784774308569763095781974089154543438895008328923052180343753780726606693486637357517027074816955790178738577100990648604174919293824679294697881982709494332390799505475046835985456574286179998248389102115542125768261497764243710752697884147256510290338927887614178686288183503136142072151696948303281897367587724303018055439385518450190972210037842557393195820166160609216670698744602355586220295801789312604435663868768815527891034333221568608188724623836971349397631072567610371336162392382137239166441168298640814019512352237271521466449776238377505365148
943 516524087435719710984340135853842026158955601928664211849892911135833663948198139634380109405233740070807549281492345689475736776559974853716196667689551218386399471634290732067963773129757998579662850652588085969237017332430448543084562563636107327474969661282703767207889184861877662744516105010218382407465706495948754373415989161901910983962480501521529737866665302027459702314137979887022819698634363784745274932213610162067657530764250733683539084450146455697824664447328201773767348955704534284302426114613659695956173958870874606489797564555680794849223547403465873402779891455185596290076512577602115
944 2312633560991661554666096698327267530794371271893396774025909805384411480682195374590146125467793175616116430735629821778508053477833221834860688119737347560783167314695710793612929339513821521018149164548843470769950478899979972080407326625853437336428533502966595989153089052103374194581959499087478590583330842390933561214166396806915501925278708747841422747228670274523687435939079573055279185769275548248840949186116096590960811768200455581784725970822230233614024204406001540419640005899079168203624711110547135438903143311474342287951128176918314735922079285237811077983320408499092263732674796095479185
945 10354372908946234344127361113659346330225027342760821334283537194512262531023850180570700988545704733250612285515569930686569079210689434119779543974785516382658455800165602230809789751062145784856021286973599385340454866320446149314064381763592613150909089930394936593165127878262603608909012405160741742483331042047668098129294391615420638590527697607366082277516464490273398442484687608161928821009015805632130900655270246070079817456378037024096817428520495255336130414300225410896868397490234657458142166509592954300715914287711943925393661468295755888658666432990396774096330215231495325665968436864246425
946 46359795510699442729339914046844909215374846599383281534701183559940174808746634563353143564837717473001491393200477806307187485011104897702672106639634102909883120171684056110611790231769901724737413733328733694351909218004900947804021194387933607928248473693200490283980460037662112874345629935782693192325431191390981731379661780363163121550330696590302861415753623732568771241604261511665396530483578936074646261168950956597148246423338898541552860810455601217619906622555390914873290169862155435591531603811783041013210896016072464911062376847713481795866661856469808669913467518480478272432452297022748408
947 207567785343299016900312030667670106713405532208529656934283896292067742501405309905229584108372969351596995364781282759330210884993632157327571762908763772773921309021991360224422896505481534956105218921349937165985665687020713160179338535416485950830981804431364122982720572630905147944696927129796481643280805116324688870570880184920748813361987289225468015448822599951041727333893540811242043760780495364934618055206210948797551172449578304589132655259062706963120709196774810325805672197833282395363086500435542127242993809289696901618877668804167516939870467870909963467228852114666840154603963194338678733
948 929349608276047247597275905114041946948637597754351648527044089881582176852046301168064733341359389599844907588398073962021918079835389628507250866507122679385782494565698359767162639670252709148789095796901129125977420986958140214564825419161302032872153737295628204395141947082920413006614697219570576161602653586202695042570209998576442321575945859990523942715740418524553614604652149403526898974524689981534268972561561034848432271388126791508109302732111866869382952430240284419553197200943498723763898753045119776599569121757045203767793021161031537833335273882579258305181591741136694154586674794237442767
949 4161012456633325965272084232107963638731359507479903653533814335068519309838633963365392270522974094385781412244694832809502073410125130770243241138604998900079113781855375797493110197162925580808177475187005789549244504156593082276725749453822477931480780287450830235207087249517336963851284954170004485600198970887901249932948739152407695540188276322915831279841848733347794561997770977386688783002470634309332324081907471016342264542019272777518024068543597703101360041989384378408658862385710398346717483982469686585250354907375375787893510226757578347127544467273325191551206626153113153006171767694815727311
950 18630290943655830234897908933579269256341052930792796679754988913045459650094846437162497387343791942869894473606755122787609030175888846518137017341182370407325621449163630818422716910227552052502575473267212079767408692756823467785200710161498608326229900551546590590666652711574063691491081494675913341572607340924885383688687474226121936346589265400267877120311410984511808727196104170795767193852141327122402634101403850206528116863549731562188904268545773150613923660184600572220048046719734237252203842253177598995805983603900529490088317585544885732296783859340458352670247434708331012066299070212569602416
951 83414390828015135682809888308651317825613456851284855074592458034930261060191830335180920843220284532127442054979093466623597855199994799655288507074105340180709680341089183118272027745584065905453700009252296539290106176572404852436140205306805360337786120740051039204597113744834210178505999874710984447810065473281798268780798561647321928992572379800735196101740648375458835390337473434998586746109223538631131201083318760274715787942837522947773112705817959305201297089963397473784065843802526394711938706723072431380748417168565563730931891011652634608055088020532568157328490248473928127379188837667848195623
952 373476302324069222236258765844517119464842134502876373748552876877915211322299797451261309575698022529647036055390857125708959708065532132787678338511469855076335952602639624223709699612316614655825089762327456234743540178501761955835680572587769411239580729786428737652839330036436250749250869835321290663342414882212155181295252812850187426328792558396651541921860644984226938908507833844585604434686936516817169605780922705807918483582517382678794885408383907546706231694184495471940590334091103304309544282945279136187383813947898274890031365830491298458789701966313140235721740680188565099890000504241599133633
953 1672190836368807525522029442051297996000416130696991351950480588111787367832792160349725588813687476995091968700428979937419945250104069972085524845032332697145616087886224847091009631988207121437071699502847305774594186966856309375085660666452070220019078900920580131828516107008520153652575586293798940988798873165439751510300068636917142451985653152650083916832743612946412073625190038895538950030278633990456953643088165541792702135621591078565743765849501334763466233235294053932953768004012322194808616407965634958254987294884259208662292008057584469302691063234692542070653670926262062563272155243319227423884
954 7487026106478361216421012610783654685083921567667305951491289397884970946407385224109084211872061899035582624194369445356225425970799429322746176070354004508016893912657467915195224574357998020791720263848729518413756771682999735466821699260050146505139766267105419419054126317498954615208881814944166207642066762776927388050014360033490040669057030109547617417565204313527494606251963945341766607017675670934857323610875149645714781950396752790013345516308303985273427719135197767915202963771471071240411571936202703622077363598123421618852400742844268545882431462689282674812907420534046697787016702681571712891365
955 33522281889462915206065563249280282549732534912899137620040498711165665553093730522228158052506151183171690680155243710161281406401596423089005215027560713275365588467807150880978847698179947430708881459645946554885122130549437276479598864890188380561313277062752181903556954070852763479370925656767561658006718591040143472083663438965686226579542511472757623058495578913835720439481674610590735354869235178073004627424619649004728624948621840460156640610282286830560555864846278802574634620596277028272205839922567746256067828744070893209015689463713129620975371130494865468526531917805395353619903338547546311281113
956 150092335857373415612845030250443137155898732087561806963591540967320920916324908948290977663613105438350211035097604443876465000655353297679324202188691233419327348725403261830541572484986598830749435702134485335002753109654646480900061617584481824714311680393607304233806381744714060088235880792082393412454134494636973166966104038255122640047822842789957930108616621948355539689881958611552610749051561991030525322052850016894404677685322373930294483416243248339501039347657745052255758100620518786855955454873274920219564156350844394743347861015924039462537788123828898925682129765083500864623149247089880416861888
957 672023057503939524470488759507697753606368741113349723151271385449305316805712395654867263133370459054139820950041839407419977071708603440298775639575195507855445172474205436671013145607019544628691252014965682099681577993617423021188581316867704144477816009338320740376287267929305042087767048283405902497282797349327010369796251261466523427801613985787412761550275137851526425661421336651665348845941845672130725228886311925407001689008662598014937503130235127010666892656228583978959105773601087227277491029120455695842554951703699264273985229696683118695210659938944561860660193380260232520814772474250150095756710
958 3008919337307127676772145656215075353619086902965702945867471757714867703389256064243206234719508878145093509267134731159235413386672931528961597572386436306734127821248418439054786359090604947877110441768804700027715797062495130021311123167051221562002550979952421777419393528525518788703711301599902754145057558609098305905189684654923900885717528195504620347501511186123308316253246309536957501713331664950247924071341704537457032226698089866040422185902539525885430117393681137190061802270404876503380482493991974777285859267282841906310445533887615098997267349022955862812217871055160798073839860458533538522111586
959 13472172300857115227567673917280345150051825393643843317382983456758871244141095741212271513527239434230555415489605242673343882672993480635713418011873004328545003554312084368590063799443056492567590841968212486120762901059127092572717683258863948121448023051752979560800156996294161350563216600724969826322590152058330286847614029428802526209299447759349094658583626606023965207289039760141188287912089579475999118632471222408387918568628091599465821848437008309133116150027980795105618336255449380086273417103749902320515175009547785626645724705268126864830433337836890048123770818546264366970282241462010185160361908
960 60320567979912577743271157691538685109014881648268454302988367675503484883123518729726954115017819090346238224941554864654807791862953351829376673786244425198877381393544591999911477971351234214855666025370176456996003929807378365479984244351209882131355637883417900453498373930791207857445328431940861464811277211800357275632623133441055644632647932203776062705578119780580962871595432163433091217653173949550421071063486685189074192092804697063886778997622312809014482415682796287531440395194231971415096350932024365433718968519580447156734540101955283913615482195983717031570664888878345860295601949317015446054938338
961 270080932781508008425934440498868668956030756875996057435686576047721525730196930196217680276164827290381215285197678193657217672163997798461699419705502346374981838495453819610509303872278504825250748795146087103383269105604654599332214920271766070850531913720628253484167532341785834285606235641098512176562007927379831586422933269232633740942322583893863281728387606960641606044435705519065622212763589479085218565431934381266327559715637177482806813133610525090379325901346279078175475999584103287954541308184114879522807098839709782113488978980888478915264558870538994128177169226461664681490378753345626077286228273
962 1209269599606601960233316300800419329334358003855313187952775627164547781888006569505656336472078312519658044286666449221640198270672177764300526445470274381870710809594101126631262777716532860817637636651378061674190522748565284612975903139921335175575792356178025691441258840037181388468903621998526487743956721564562874988962898604362285916266742529344659387589152014313846743468718849211072081245911217856560622234911715979097103057771817913717739700980629240495980825569084602536848465054087247348767193477788384120669110465149837962154313469894139978449130160121798825356570710427479774749351355108175287554212423089
963 5414433839845835958929720376482147616660046765725933192510452587629329720975305405652180065216010991495490927460256777966062414922921574534425361398447204137535019528288959355057040691765229926602704806920367898930668997274656146654770563064191308082127353453328736202156040314871732203427587389791813004817587193069747585439213332524213325553606918117076778950082515566557046121134206614751945267935904950468105657072897383857798400682043046874306849175472937485063128484582914842997339833473007905421243708548469528256791144956787169844162164666144925172196057225745543846124790965748418868558065266003159004253436196382
964 24242849880405563146776287300622201300746466251903979615515906172373737281946577882972786787904398531387516031012950096211620204972139769990286136006060150690548716567430381190539576432873949718040276709128411984426893427582354817437422756305020901743529725788431471333808567234935374401923731486807226426366554237464774072910300273084809256509548250100782688786925216350515879336383384670775184915099778695971858652184009076352543748636321343465606016638430190150840127156807038567982966030665652757281195222408161337741702107527603933746621592670859046926435960856320646945492806166247597195472128729333809392068443890123
965 108546292970222171262948056072471910262696988869511536207921116297359137574924960834492413177287167645584504275621134639852738701572795598368698816275072528570302350052986717481640848497852912284106079305536156143437572440140938950542119997603498398428817387442216189790757331367932250315812166523663555394769206357521788223320101813053701744267029235309345584713957622198356904228296684777796265550715359743812268301609774266175049084557977106351094301690049961390177114412941271468671782183364669871424643951100823989842142284170135633343490557798587991745678826934242746615524651922568550681579638956934141817586737597095
966 486012032904925359689026800965432472363143259236375928124711441726088660439367247543223708960375389906893910832516912347374323946584531586887872867731200681368113799963206318509609601822635941660708410110540120501653337252488936413302699914992416789401398443595030056116160254231120299271254822103423154436832484745143994072519418709115574671230000031320116878916065957450969828278343209300021498488500624399759228867744688749712355444799855411995644942154067453119254531550677410314856216848597822421681795395755157836492644587322270828923429480616925490059323719105524031488693456080854688688983866213245285044690548898204
967 2176104503485902220683215842495083651322730431886627485691136682301841225089621088207524151024352900183252810498655406856750587610795509312188438428557630279719483490595705337337618309989770734277722356412453679218612053139798584763748002541058395145644874461781514259471336027572947295339520739870424089231954434424989051135510965480240181716955648613893985041803763622981148498782014956012543777790255977148670373519245449916844675542011261388598715200721829633731304183194092296013890168519719559194688429762716854204147388265338520691181726930529057382635890673140629910007640018083522723717441518677829127802112116620767
968 9743459232848923471721319345335397908911594637424178540987901555729580877283849173424231238129197655256657269365111917169796915386927798481297723852263689451451512926350360024505056794439054547055347348348851989675923529057270402352057379729299217975228306286609231907783080987533789449868215502128524416226292148935263619884463221790254402798367405252986905526541688327405367011489362325197614033896489074095676131838924907158100755371652837089657500175014366010546675764913466383445137957296044772527594835173812713151018107561610621513359294284324452417384639689995650371328221364488215741580124699218515168247113614508233
969 43626190792895052553882734511898327932019681343453151373684065570112481249489826848147053510556877009578844607091413961177972433835834769928416662104992633626566273723458201067248511225719977986769352680903884959015703658285453638796754415595286690488609314249612043787842628743475728097391906707151532372707293623423749999215488718091219004578623956893776329665314252462048346997289275814940238245053541616585886662928018549736910437358112971609205806272303287328612170813920694919382054586087342490877727921081817118662578650802453508362714745754601547868447447115019352797913553229087465807901581054511478330716445684391563
970 195335919948032926424420107333358540415613425937298860856239570812094311156887764640150707000228615023265934606201197804219673302800408451482504237883650142126378702849714254643466810747266809467938640041792464528374552948885735901224924896957003305881986352377109455530312612615482093159659728914282087222063011584178109210152370544806903876904349395372406099361489654242713338575410981555420736372369996365705306340892502293422753048343433653605341987179084095964748856785620028041425296878096483969486158038825367466634933665998936561267219602135470162025819678120809595242549694950851046613045556193401641620459728020638222
971 874616415987648249595989962259157677913760975535170345744627106991560989028656483888822849403516911001964819579604097282468088874203768857543644911767534037469632589639692094012905496550737945328488118120240439551208486486252020390936979727920436571006639062326855760665494051574755208464938270202511677552436592190812564515615996036951861889781294348908951507619715018972700271685650415453820998991673106241192367265394799945141518686604950190925361745061546481259459505710329171244471519582439486795952960496262210335257332046898494999233690423887384826571524103621368543296929464894895257612498776758701288192574403899880629
972 3916100510217539184851418217264648983223765131103958811550646054629125206469983594704513234428535922069752892822430058295233872787186341379922509799170786805087211043019357399345688229546135099201487033889383479103684206371248730686296045224102268774771725112899684772895353541676207741727485879290944621090484877919581818444794207200948761189646953244748451303147610390038968746089301227274458529504425403667261668574919372474669199113408489441617549224875678112268979419951605375569670862239220871802408313754559071330017994897120673221470003072847978421630380530354763825252626923543889135697568236947920580824053529737071205
973 17534392617382468964638848870148694663858666701229803006860369241582774212694168534642368476757517890662056907511956840481188204706238654241448632457106817220373763863012551141884025317931795188648256634867332172841541727240506990706390164312250630644393781055343275198660686769722556606177918683377081610159334546730889971638130165555429934934288446464808194932923211697018956922953952955645066705016603263895510158287999409117701565345323241922523068758881527992041891299049025743322220050095811354112825477819190304103382935993551473871818465993828391907286483236097499656475976675246835494524615411776539794542775787773402299
974 78510603150879711463192616790820880805732865584337555104443195920474924991153409807720434828715026430042144433305773505307185912659298358792926823306172768829108424665897868882999325318371343081478152080432114368798200402275945348213952551141849824320994573056717838866507176631159465217508843246190811349658742506015325428062608741525795464123076722668859551254961052652428113801862765100745757971993425591121463490856961336605339859976667589225287292194189825319986156778805928262673296358416110379022773837683338444306048067630264327919938482320711728738271630024730482741607116664735079335224548371965162801115915960004604426
975 351533395935188221042104590363502106618732503740761359395285128002696417117577774427043918082723824685654615148065807771483396677967908986203622499087947114318122242133679244044439597868866512375991853008408105464513556606687169581896448345250290763692649661625391401519562728035158994696955105201874968459531710251414388572627785205112437518883952619741803714169562179514117197497205413233035196099493361471436263232465423382726752077627231905296241503125669045682200321589514631896538768623587993980343762471478974804331352682620446072711225211005490139764115087870995782303810635325883070579719920416750208877459199323196641605
976 1574002989076820504267172916714926966618960767352493524945267124679801857887383267446303003609346364894560777265235929161330855415995906161262005291484200389731387972273888371922616398761401626254760047192655448593949192088808614062849706474654160856986367442925238476774753885626057967499616080012763077420218166920560783184976662296747755692970618305436419427320697862254020500237326398717350012993180342610707198219937388704414502026868054085193198891050497914720837014209290772767987402031693701460208737681267763345740803136169092934951030767149799409794678237908814012622063557622952861957265839266201194832261761501359598917
977 7047664179838592451043507086770914521377217748030332307481381943913297115455966028962318983057700832020057632479745605883610499366886635254752282508792597198317553380267259760940870444373513436042900019889534088327860411834406909204801918668095624278953403462806346150493534472370532089995669862094340343295931458394674811029085591723618309576001680536956332063270402772949475289521465334681381335278804606998327840892647547805118538207496935039242505910286825963252530779693044724867149118912799791890899756305495269058669399577635839127831177039976729006194977085655312215749274913377949958806428878753369351273146705002596336873
978 31556260708252089279871465677031207837325256230225052528329979717856129919835382362265639811098093928432340686182890130979672260859489134436752214840477279383144029238575329713617202636686576109883168044088895442178981861715366905505286613344089185592290662301540915228486053552007166815385015336437719950949857474535113921444869886019704815873042218557024889554263797930883831884886316994482132314347375349810951386447081870986428142141987243744273281158433789374073641230516683157301245334603501473375241728643609902876498827168816022092703752905563111187921994514017604059547344961987990630452999895337479984481275756590850879452
979 141294921380830689059951910248130988905976111554005998092140159693557383993026987842289535395216745959117034314463784407503543108346625076606253358316809947244217607273069243542261704741861937841671882053190013386973179895394381595656482223902143748115400248766868510070485582030359026631407271730217513808499335248918262977649113591785311685405461290412141514757499601419526376222669730578054022843588606937078451419357205898148334649575817493566193950068706502616232519744617180785422272679521575877929735498586366859764111439270581396095251206132771219290181509030348863964815579446321635850247588883675392778559644562247539841249
980 632656902247899324992927201956243350508956711565783154467005664588082437690725952173832092857769834449387525934927195241722362234956367023583365039490350875085178536217982059264582470337137089497261987272165323978939104630482387448390263249542271679236150481251973188482243600023569522336216945602930576099542024971640526064103719212825966027866567997956161042875407466131573738481250694339230366219456885007061029687147892657446639089715805937470519354908788878807742351669472698363682698412704518835036231367774612777383964202078375956787679199558337061682053279844098775703222008506546468426823402172705881314484868246612113023087
981 2832765530797928737253185017989819142472947252961695966045719328077648345075415993270818682385434614788153715829643162762791124556695034739165696493463482651197437031919614746944921815477786468792701634370129304541780429404128431586545097609575289360013186937094771102661998320405828779833693181170389483059681788759040024211298948163852955235753196816855650314778337164982109437554265639697646055355174166902787205693597039406933145884492971108694540163017171121771054365079435379855786144393549931474735519739568232969693101713744196785494434675051812817327668141172484536762549742334313136643959842419359391740283752569406397439871
982 12683925629918214547449870962246196898365411818602309782596636287776013667215646761089600009096592644738232705940795091016047983627079469827250238068979246385173275376357483033570174299572199492281711914599476051029761596379997452713112068256845367858255799973682627566006898241571673074915455142452373752318165526918803902536549524020530928680558815327533451052722676727557203310563845853746141928471453412402929906386486732420522486692967874060093633723178467648683032930842840829142064059196048658549299160694213677753986876994206309747713413526237310342174755580308847546104642742185709968096217136329191868027605269677739250153792
983 56793341571025239569474995376361101739997389300611798471889791823532061278003245187070985746350149096590641068907052874671801970037064356628340388850607171512358851009954121687407635659836479323901649142711932597583145434620386399686625978696081486258474801890114699448551999908582729203076079725279056104097921037869588056950416151226283605996605417878451613618435353123368202360107275192212525607520279318991299376894817666612836749926700684400829113343341008596135459287621245891067213811252336797602178278060393845847293967482447313812264381290301023000161125254985972526115873018309377056943943730627311846736592954159727120493527
984 254297349481727038785497599531070395002355679913293137611189442411894456559613850344014819380375095555352942510615771066322825943234533666727377971692943012020857916150216933901698392534235227763287658225142054162268677357489833010613423310969569138026001673487779001914235833157317680076719865695842546061119522944242276012769136826960594694826953363397567224331823658293667407804148526770295284423348508525202606659901473575826745647671759695097638540194681362840672364697209613680259622506387900738696119833333215377211552529379360270666268236225032484340096813848272966572046465486537760545292724861007889055751555576992045019404945
985 1138641267498899281474867187459484494920944781020471308463711617175772463517664082214453228944916341975888842494941276789442361452547879179506873900739898840867989494043795739833050213162504856488193541611704775024709439254227333313146400839397866240862524393109141641940910938957393808640411289177831660722947180494795450411169788254672152818380175622135275145970003757518743247126895364343174102943297824274797896504226727297217842219979252428821418307353726522647112993988954640634369365557508716006137287765197522612800011754855298372164598879493449813389942690827050183422587029892605539671465665556028911808451551381186111307845724
986 5098385606775570712520491917691017401844132417726925755669960459867330397598852345804661069924970862069139773725073624131724843014952516391653070468358804001747322387558151911634573198989969119248171585915807473716573268787896834198186536993471685924826221809547532181019450736118262812115199284633630666945211545357091327518584220446604392379171087240860523940707614070591727894441728717726708347423660689148758532219474731372379500030450378634788540502606869602894031078834085686764032387375455497652298849389050126261727394648132108584265520496564387605061117781323907582055858228685169032541568858765519263247073232863881707521672549
987 22828591200440720878756167918973852472771179752613146313810354876403798378513079219305681529068193105519460437644623888424033707155483700589259422932887781744276263340500490098227143839687866152440042488166667024357843168049274830454117256119210140059558188489235278259362148191902393751294328443928314247272689140156519436560089705859800532628609476167878993781434026735963580077671188269065174816079099796511232443710764071505835753307290994461775725643831094956171026229723551037480038305397526157885393583979520127315220258840692704315426188972708598392773277086693148916019242806541199348506257025742897215390912079868058402632926633
988 102217725612187454832501588175246966771130041675974583175653031053367152665386450931064598587157724135132025957244183584572933820485488014667349752602721930134730421739546321729975782406589143059321132031062700559715289910772839314840394162774531706329882761837007924811845332989389060228505622418358117965630524686775921105055530428321496669771891506990327965607381872966283795041720652885709373455222769387989860343245819135288201968248231190629158715016829554651260049249551965564563890418007058739867830634943346650971817086408068381946459818547049130601272840899306211767612480564517533504895508416471912230936676059037071621797174000
989 457692699510786844696706319337111969269261335229520202212581807472481567077645469022580864695123739327106262224330072784383258391480771515505321595018800179925306975162206322222714227995915614468669547569773779846841758173414257562062760412488107077468105830228275426914289828536706006875329989901337589889618430391591832450752406217040047071230474100998302611293690633256566872667417383313181108059740342586452377851206404526299537804511428292911220316883761118365621749359407912074941272908673128384413611130643667581840280409576615880648752400688624233631592525441357438644649155600114145329146129237466108913862941164375900763161327669
990 2049379675913247643413196836341353011780869633750538100387647776411797524511019418081988141862176326047338697191694717938277885288666166614531991551781741253564758156042458235347418378027423527026335342193897139676218889837445318996186330771125959420436812363240058745183097933226095855354352914994537894971106604876362901418982200431813732375298486329103032430154321883987951787525883552721255667370879387948309514832292408835516681402692114523917774319277512784804040169969125099450968050780955554158293713992008114744255936801549165946615945725816239469438809147153591531827758798137261393001687320068597589572918522858046065365784228163
991 9176382990960619421335464007828048001336817743470285801618480986441487697071386644717764128093797972766564078765554253475861053016407184172899702862221241256712951257841092228776427069797410786641814675354174318835208469316623156246806393379184331422040109099103889447590627468603433529382692871463284640142274291497121168526984484751022804224856393594937000735846205867824139929956285252606188597729180600049184701705368998667469647186550522269024936369829328839876536998719951227862586892361670263070706022562937951090060869680043844763396832231456659108528287889025409849104954883582872357671334432562370827662376231717945458769133842148
992 41088596114976219594391231399098221336821273013981417853345808138486536351407393368772643783764598142819122040801349374224112058367711461898638386209747127268793179667481793812836298154597298123631730717460171108418050778240018331713790836490465109782955147566482337918379119416673747957149538520422000051063605675273504361171089863460136091564338102961856043978822123934562390343398416679616417751948004382714482510956003463234016688009661004940955423499779682344913040881902455065475876338277939637535319546104366853977417362422204536291231982901332842213486970788519281032830914658749271460955610484072929834175495714300499073129715091663
993 183980476116330371462987435831852302957984255144925095016117864364285314735566346451712908726286555649753892026605925011619959107421165020386403570783167232967373142625212272526905765100654983242399323455045472576177520198947217107955902707185088315165697829237538060805478644817519702267729893724687930623274092579421715154610433305010749550558600936847640684580525182615719923670337314344899232542284811961155026447413421097858511835968823583563655113810824451515009192422863505348066277008387494929167802791650771909642748573003912272291160798037527670153756523039462582866875352883034623617931693770280850849567993236552415777287254340223
994 823801989740689799820229051884271327860452841798264218679622467209818681350234062453168387491874553697511801016746669614921128807520061965519800490845006998562910872438088014515566258953027058120956197089770233942735075908625630246413040645038754789515063861223423161215945531628375157661643060782267131204610652032704784500548666180550724723981054316448566044734103532176507750240388439772072861728185533192960102901739819154378475226030373343148217627171774697176656094527166433581016648798755335732428783866235123340991659376323241456689219882535954405025750741497175131612377063840091840628264666896371151291515041433064860845189150121488
995 3688710704297401069679602812367078545687421927438828094441564196475550935458678144309050619477260203872885185020570693657728890563755059494157512763305546348824104600959845208295180276981432109683203094170666606353387664901692263295011336293373291806847651147258736262008455160391977221509065035112701801805909274156333249947280524124317115897965662172692562399324630396892063302482928385348182729198500802200076017948730776070825599560865111199873318739146795794865116892327062107255032589448753594801714177158624638140508786274642857814491911032564941480768604875151748311534705069622822242418221786674951320492498747957470133831578620833427
996 16516842039155871114769993454853555960302161231019740162667084262990019828647175733957322348634360277902830848268983377357277580505848148711094017611290937264180306839052871586895076750988437506924221737660283161573759023680346535207750862629823141347724946829568950685997394950261958924447451765078751310762477267616779668708487350763484995720343939305754742189831623242325106367316492990350463747550838377473817252134660171488760207824875185848721339122885272702820924964907107679067882127577679204536973816219855426039228810568538889571498128067210210331050502490532679997326175521919384383195099359808427737446077842704879614785904877874185
997 73957137474049997725664181481439049136646651290127317486094637149200850934399690669240351756128128873065410811452741842838485890282318583698330469063204731576442101843952888978941380319515188799710069390702363567932621716219759471361199566353131153872242591231890623941263484831435264961245917611968438669391566423787436629814458833358491487586806910608987683767605909699159169278512897868930484652947458507250329778900960170166987550707218259386127910169661017117975580677185308213914409276757786511933466455415723455712983572488116678357865637555105228170517393566858710791834042706972069617796637457031749344237092099427340039832333309874359
998 331156915379334167304382073949354218783995298612833803207293324009686687967017500755433730136565280869293397070170984362561331719247812960968835859804054991679207073030943922621365985385210349129520609714585161395681459772371631326226825646957869677229618437919416762808840847133491751808989927602210074895107628618627405403929351394858314437840165882660276635577522189439324615832835450750640006722849903206524954062671907828171985308531471241693465596056327992243237106249544761128699080208111040119087609058077501586539438483273879387701311778466797351797400017117732966756557550101494839738217054005409253480354688851467328889474659722422530
999 1482819265187889820705920205942061254631980915309185464000795338101620524776357902219679758690582095731771517001326217039385535350003677128155324718594276558200875066572756243224249378169271872777609903921920973663089909033677777403674902101244796755410705219990072503390787173039313211971104059081704352648792283771310933203116007561853978629903918441811028143792375598833580390118469800058167329385001605664479868928554563530678768900312594702817238411206290810155768927416385799180603723207187976545722270142650036759022875595715534289607690333043874260023442125438166243982865536423684710260747837790287149043126065766167567973090599439970273
1000 6639620631506771707749247227657595690120023829702104256527177048094054893604348174149802031696477269382688626756983620018276300803519608273734395778726495924664916871236389119434102527576017510698490288493993998036036443736889210535804802039889003698104660723231243913595430467018524659063142196922165035994806541589831047419549882268058345191011912769183749995303511451006592505040605248964304656705624267744017608618760828279967900329113381311236649157542659522451569394298506740432851323527527736547503480550901894784182152894287933691423606117906348811615636877077024282581611401241924776249660563128151173315146734220385463856687668993019521
