2 0
3 2
4 6
5 18
6 52
7 146
8 406
9 1126
10 3124
11 8684
12 24202
13 67640
14 189576
15 532786
16 1501254
17 4240550
18 12005780
19 34063896
20 96844082
21 275848044
22 787104288
23 2249633916
24 6439678858
25 18460717684
26 52994100984
27 152323413890
28 438363476086
29 1262994621970
30 3642849512692
31 10517893133010
32 30397728759526
33 87934060694326
34 254599191592372
35 737772545738280
36 2139619204222066
37 6209878721525388
38 18036304033131104
39 52422279883744264
40 152466772566005378
41 443724373070207560
42 1292167202923971536
43 3765136802073419174
44 10977143049422949278
45 32020999880697088926
46 93456278395638012060
47 272898804182910868060
48 797271669222236320730
49 2330317006642021210308
50 6814287872880733903736
51 19934986534391405262214
52 58343833574772768612526
53 170824985873924968984574
54 500356351115932809089308
55 1466133408110560649453714
56 4297623214752147421943990
57 12601984190671181179636886
58 36965831234639685790767252
59 108469690262562085083887388
60 318389203340896888221848650
61 934858966905421626540436856
62 2745792437263506245993171592
63 8067135115385093927664183506
64 23708131023799376992095405862
65 69694444731841239325280362678
66 204936115953176229880898152628
67 602774831983317255537731173048
68 1773392619942311253788289773906
69 5218730708510239901019759459836
70 15361450536444215707121847296000
71 45227665268612159217117008356344
72 133191979647970175385082237169058
73 392329892318628822307831511234392
74 1155903815735358747829136464674992
75 3406329152056687684365580935495366
76 10040234788686281440831325888663966
77 29599970551397900559221668725927742
78 87282409848310903148371467759218908
79 257423492367669081299086091815489352
80 759370388888087187060425560630222322
81 2240481010259972389686237488280983176
82 6611639532840816022613154604406811824
83 19514417094480259646152654875715737306
84 57607469145669590494560565508789121878
85 170089358872794865651158571068162337642
86 502283624985083633933673552902963376260
87 1483518158323160877203216590484065613590
88 4382351174705058354685501418792558342014
89 12947636224508072493548291240909458691042
90 38259684932212277588506715845667391030332
91 113072893362385894026088993785146956596072
92 334226211704318536954711096778273995491042
93 988066335012405360287155926239896133952300
94 2921420288660992878372144673117772459304928
95 8638992695833519950565794863205784113295484
96 25550071498834607955669379151833554163330234
97 75575309422344807317829796003071003611789940
98 223576130793306494663054489715551892199502040
99 661496489931100136582646280342862700222287302
100 1957425341784945025267189184264102882076650766
101 5792918270222528997787379860581107866404464398
102 17146012410909608248366871218012621790171759740
103 50755304408309010385778072198836263037028960950
104 150262762686041342501286214661748510040416291614
105 444909844483311500138354281146095055984746575250
106 1317475304604573751280711747627760997234152553500
107 3901772152227540645084294804311804821534133709464
108 11556582767227962146236731837592978785873290051170
109 34232943813634198715972447948830272353007431494540
110 101415781527581988406025072451434117191613626818976
111 300477899743736049872088105551592618074672554582034
112 890357587955712076496938413938213439643431275423174
113 2638521186799868052478346089142416326651033919196422
114 7819881542663653956538569011696427160295075375089620
115 23178350300581074300317457680908537243555425737810696
116 68707941794748995346380862931968836916564918679766866
117 203691427257839071306896215338742497911686096598666684
118 603919845423246478103699303200747001937421164977735680
119 1790712836815392353783884390152046915691082667207745164
120 5310214465679636461783391619970684656731298731518733418
121 15748421598201476559283070845363191716457461499161353252
122 46708966988538323288666199580991008146253962304283266456
123 138548288994098297153737367765806148776816761015673971458
124 410997494616909206980961323653646907329557037565545074102
125 1219308854341875819120953776085628887876207811443085024658
126 3617631116787253871212414142823661153491367389653197858164
127 10734215259713270560459798762324823983038980037944728335698
128 31853067724271677369832652486113064663906628994305506658214
129 94529348523828636395905019186504500571386571596129323526902
130 280553700151356973440932494004231353648330649879731653382964
131 832719596295028490690310484550778450662878250460138869179896
132 2471806896050687164958156280796840300021602030847968731342418
133 7337748074214964185435415403425143607210224471917447411246460
134 21784274467425732152593024722013248823981503800760652387409152
135 64677764528089477426125125485295348215893634683417891360138376
136 192042813815873068150864012202691407539072671635265797138942018
137 570258608518678983372224296162025401562289507250887328500033480
138 1693463920832395567082478107115409155650723385839521200770208208
139 5029327812471584301221924001287399047395748550819441111350095990
140 14937345724431349855543086729510867539793036581761345249724343422
141 44367608467409902117735467818286952258168151114058964610818417742
142 131791474513830100599348709747270385248569767737648028580451566012
143 391504668228865471825766304594531334140561755963895457164791279288
144 1163093238485595581513122846677338079074364852799217443204001256018
145 3455570122963407065751315903093134385201568118667916735883499672216
146 10267202441227611191557449103303771891957790281683668689833094510224
147 30507837499706170845345447650189255449369846442863854130747078560682
148 90656148440887406730014685425558691404008868945162189164747723925110
149 269407266952768631934741695838599774212707581147917632472183676179802
150 800658317923386043968864252427027131560243444724174726685701557064612
151 2379636819942942107259483134547986969387897422434936181057083847229494
152 7072930134021906725709448277549521177882113480035285312902349656546110
153 21023884943422240957909839911113542032466455861365343360577359127521282
154 62495850392610653617457095315461119716676437661984040477268425352247036
155 185786305792669843824580282687039501121830005739079917719683063377681224
156 552332027652955772618457525474053031141423943150509648361133838571954466
157 1642141115347037708724981595942286788319687278103593612451052275578944780
158 4882521424460874890927252565355803092311142193421407422689424842714842144
159 14517806213155065285398585317388373004084886756627484668884949990808484584
160 43169867137534087087227017279954771947691509297114387369093190154904784146
161 128375763169679330373449887180050973202430521966604792800483129390357116792
162 381775195924088011790110936745459903148512346052503361960956218246364827792
163 1135414567891746114257008815744584130774200828704089189692206736551197734346
164 3376937652468779172551618876101464271238880387149413031767693626131331189718
165 10044150184890148337265291662222626071224537366948364099753382493079917099274
166 29876153419101691232886711934853247340454372355542985573634948275449329242692
167 88870423242013977110986184979319565573167099667349078630405896902641728460170
168 264369081046425961696833212954318342753577461879247614607043271818110329340102
169 786474570201848562811694837088827114060629000582149397058591808097240182528206
170 2339801889932399173665479949154480781170049154235092149334660147269232595383780
171 6961352768303704611909144221002132740880281347243944425229290319234955539089156
172 20712290371899947182410992163137568499630504272411734328093050679257330508885498
173 61628602367693869364882431186576316835293465698540646943624469339499210213993632
174 183381704311046947325899244690734303620032661310917062402346669290687355131269816
175 545693739174424523175917721965101816859691268853199731720585885640976568505486038
176 1623906458365603059122159726913772742371200252012009029004346450845835335794593998
177 4832723107660978642392716207614316674775823892174974431718147321445779873439839826
178 14382735046578366999673299900812437108366828137370559196720552755610136113980175228
179 42806479486403895580746930648043124487894912200040698331722706871354448967827189972
180 127407739970003083162929145509329129623160285972511051265171348131097336271853741098
181 379227818597481489497495304372846576580917362584362983337231295806401733061218986928
182 1128814162745091385539050326465078914496046515730049298693834635930489096386824903256
183 3360178979155439896164257358312167532286837126641499077121817332589941937923388418072
184 10002760875969242842832014958631306426207902450450443137257804524367653230764473516674
185 29777943199848565888974441991016383835377950044731431310875757043064814456179850303176
186 88651617430827252821297470016580102017222569296932676096338963977434643791937280846608
187 263934164660475333898558531970736953322861998482412501513033325491531942690790176597878
188 785816901341187365998609990185860675464538579451915854827072857525934986508278068899550
189 2339719301256969673111929043593325897473655393134491000043334369627912148044705680102750
190 6966627986824823289922690649074349382921588908786358531192812612660884750786595087213980
191 20744252377128215195445082590530513013842348660671999252670753435171271404946545978313084
192 61771635086249953360046799611098680026669004028942154457973016506800188992607550926837114
193 183948558622616365725968139370416001137946114108672051802938767080408655971013252006608180
194 547796818393493828333478370596353456989955219934269018891938728046626431335748467561533528
195 1631391859620529679717055571161248283223527592201707792832386460845590254611985461795347894
196 4858616180076095776838236131724027166884796421068941687941774309509657837120096855631225390
197 14470457371869771680774518584167133922968959786947882775007672984098097662730412536783090270
198 43098994725538331715252714267290920375032530885422776520305169987951657289844977539545616476
199 128371049644906573738853894334953267034457287791583100477882283297082690570167160272788811350
200 382368378406328426598327975529883710605354220789510912219169608972716993993765625702327074334
201 1138968279138667092770610583210501881573091241833590563785246850276879304778436235285060029810
202 3392781809361442522499846495987911688073203864626761664097916591626311679004948432061853476188
203 10106824791640128084480780858329689864920448578584548675040311500961426837110923542016913253096
204 30108416185017637026347565379364955781351384241952957876347754752527071362439756348805630403394
205 89696462888038236824378169132542844206371479522980962174349235546004773987334160576351351097020
206 267224839251011327108747279590499146982276642837407276190401963688155735501364928278914453834688
207 796145237274730882053933882251526158995810412212911064052028090246055716427067851874840894460438
208 2372037874041871739388305477548550685061856694963905252461603608245064425829881241428273758242446
209 7067481012045995129070212487174839528175485350872008830207578109558561949491986080821489326010962
210 21058201151871275941767119829489422640430478657446400461497734771160518786370310826062580352615036
211 62746766985150961746067457303934223558530052482417150069810949236003942944748736835945443835979204
212 186971227910309484795025473910376933906116419144952557131473399795574202985024035525952828802651338
213 557149094155236102794257961929943693553419464902835686005678550913142549703280541375061382363533184
214 1660279404777860383344233333256497960440841849547571396292994992939535796881172074131515120187851832
215 4947706381389810512414971431845108894336373204126588203430961917977889314874900490608220579127480808
216 14744821777703008760492270093317600412147705548492312074191370628088100024307304060750681447609907298
217 43942816854273275036102515787182917470319909027725768549809599671142967148413911783700439288502564024
218 130963086666317884331943190642914290223494132303474190544781714030578979865948727760229321492592057136
219 390321473771139949479002923562886378498324077283251743041864650912758254293776019534990417467506040982
220 1163344687327733739282165228920566226774738852910345774748487953360416450999190424113642626267278619102
221 3467421934576255352300487813908098272104654952882336157281002109138948834112636198973666884883015925566
222 10335159467708118700514884110984932808757464030224420133336507519135859978466275198233293793045236207196
223 30806316649169945784475130171884179166499731293483543479572066652389228666968464666026594979058129210546
224 91827839692329777668459392664271332961009033103236528953707090304592151013027027785390610180022537180966
225 273729028624703506137709970082664986404504950910864080228144092555121619229447504808472139065402603058838
226 815979297627853450663627697435815714425069657884343037410614461964910371295275186008627802970109605781492
227 2432479111727405032308180089278435431698329826622402301763660761881712169407163576922364511592663619030856
228 7251547485116031918244202445991562776031261578571051424012246642728350434936182816974546656402532701194802
229 21618411023357675293451263383393846429776544841987000759233888583920839496241792963845398579689753139105068
230 64450790244626738536111074723144903927289139382079634815677959835587320385630361311801794686275197141079328
231 192151611540143542783067855442801313776347659482721365270791514402433866283040574483241341816989468474801528
232 572889719829638679339133619401888620480588002660276286388012266106104307436181466073836176912139369550471138
233 1708083698602202791867561673636120574419262862320746337715248087256125897260661302652841620721397310643927896
234 5092819637756547475296366883144314411145517407048722638318826200966215662300742881013758798918531319477401008
235 15185125395852397753685112145383314304686067109582772556819192926526219501972871754486892391334924856688345398
236 45278217218059373960405762432907773097618887142089447159740935763102247336668910333786252247043157538177713982
237 135011578772085107104117678100039511288353920889309989040946544153678041364990254764018425886363614683499095246
238 402590374155832285176894757180125256263148909602109888287126853111942490078018440616210115969938977358181811516
239 1200511557944630127038897083507882185229464605223767009055380160672844111080772624066940099120883687907216241260
240 3579973460212118240244528344576664641613764865138568584391721077986443958300341055544549644939875349178254202490
241 10675880087812331130619355259208747855788558419435730169625540675018795248077748768118860815841274787413750020020
242 31837422640773195207989327387271807925521450775753113606603073374655985100007166473614855595853989525210883732888
243 94947245886263850133097715731586906587220781399479699498473930738016904164080164723248913644754443932862792357878
244 283163331435415688842511221940744187476740962096179689427497262432237890231812744142859156660379203793443778324494
245 844504069772153543679697733513202797902059703963228507885104823633591749642177141306682423066811412180385732972878
246 2518700297717155185219163422900829825975857026349277456680361155765259695008277947241215499632850442730281857912188
247 7512096789274424838640378591281095046406849943449793219592589480399337459074439686679012685098656647447231701587602
248 22405555395281321486070529360423218454602480333921273976367134359252375324987341707378617509537717919002940216599350
249 66828241539375327558294241994589834552015641158833028623104954284769576589475092401220033007507476512742400700239190
250 199330638940496576010429258225171744093870786166765902029278914085752320503510125468187077514409455649904313452194836
251 594562774808814275016896203130190043577816385355030719025525585285632676294181182992525349379395207739115508853161948
252 1773498917326458079584782852081515163702650112353975138098620534073866049519858913763291266366643478891122422312955210
253 5290218677189459296980671915403190366844803575895511633667776110065562564455445603459799942248085226147134859168471160
254 15780680715751495000231774768710539913858852036554866903964674769547111538873460937028332563407434096982833611119362184
255 47074658919880837517151540161665073710253611062267229157051293064507029203925947901016888027868825990172421962858906962
256 140429354946607910445696363345204993456036611352486192978824398731795229105791910690754402215655037775269651574591406246
257 418926487204658700047774387894481107394732312720252830062103976036442613337171297990111152300095339973787064211675973878
258 1249760719608388712017713655624013008851458318345243842578910339106768377188900394090066790079757072611323730314697742132
259 3728421331752350727754118768324576968815832600007852860464994785253673986578354657041242238947176526894539152803890864696
260 11123260118266435272498773247589126245226766025959489707551431284276233224854496822040251620396487455843054392601133839826
261 33185482136852048776756353231824474462681990601444828217240269137991674971873597013851147350752191641517069776705888997692
262 99008625908322798131968744180785292509651915604405927726363214528130483121363425969449399949693805050107776180166795599744
263 295397443678027897626658848841942534784910360856005310423208763000573827965084301248681771226031347335257354699795022750024
264 881351535892510926256589199191055489605256658809926703975563548135834993600238999593830434314547255091981436121763718981314
265 2629664045349470081410011321568545814964797492584244268609240163104571243422494313821520190528146850299904563367056400816904
266 7846210907679173610653153603984317554382687601671611632738685810407355672058971721082260551927392324514915396004743228096336
267 23411445625887148020101066802683153945433834909586336459458222690270409686062933285234461195881660406921649296009629531957750
268 69856201704337957531672816301476286583632054002446602500353358982914963757702594474695136571786727420107607734580686444142206
269 208444349121478322571078415347192521872956558365904904573580944587720449620955523475929219898066740364026444268823998742560206
270 621990347706696495833735744135483133067517940199730002677902924586445270456792506546488528559116246150388392450798679190529212
271 1856032026555689863540532817775154849006866848598738653771000639710795252425577592646272240035361677573874544445564470034409160
272 5538542963296648668815579920145235652138407616057782516292347499212713513482783656232241854680673519475471741244509387972971378
273 16527751557068206475921399285716379816056873272670105661632083557105864389693374412223895467323646014971292839751884902348142280
274 49321939835484721984276371984420130902699244563611152279211032506234525680393193759665203145671296867318026993944817418583740208
275 147188741196978802446019358772392663473815764143080349087460536153028579886541767559891300687573809058098915608264231939763025946
276 439255335408435260137958376464317010500197392322168838851094919628001458660552448056368402486773149678505473412421989774659017046
277 1310893638216357563689010838768627384336707570592440852458063387636427539669613059827641479604594355946326064267479438348127835626
278 3912242503988159647008198642212005665735611870678094046167034746157272103590708905814822907646165115599266793637182980943848477060
279 11675941873884216122879124436120577910861491359144795211393374689498081597298940130553331108208396169381031639378906588017450236262
280 34847038332359201977469003202258137168156848903479996945530989662975474240682654882627210839853246590748586032065703215126405501086
281 104003405422120594558621677246871305248395755859741665301052669542802856124094900010782847916713562089253617344833118421864426750610
282 310410877289384920181278434871032133202831042428560788031132591062391969301544700428592076353930604381300952008202837296743300166876
283 926475490485650134756289947691611024865293458777694212120888402872860984535242507294675427396611574448606335915744292094251681227608
284 2765276215529021224198282850711416840689038354065482668385048893852925315719901009180074609262836227884407347958112867590936999275330
285 8253737074897645979702672267781569417767773125631538504225971297107684759047648510858009251041226343470743184197548228887236781730556
286 24636001368633675549969167351026050303852169370988690525763567712351622640203623133619003261349754420745148894448654928233390802339136
287 73535531505272113696045325450329366624435242236285446258686463287490776782839735354963853353701654356677755530722254377884886412569304
288 219498536491150654404621626364937619784260597838238411255870352212346526952208952901404373464664473775143726140197825932553254835908082
289 655199186369884968754608056607046799524372546949805195398774511802200270994936305994641381093820231680388311199953106448993105320776776
290 1955790572395840020916363234169776307544411929646524100830613266539934120627689452925122715654294218371302668356457071971780590752618992
291 5838194737391778437753326728007231480587177722455002812137920442841332740221151433730534162100647853153004301149588915377702825124443354
292 17427776739608541842502317999056941605745091219731554652238553495308702495790446690486580073557397493432208569400735756031978280200406518
293 52025053156314341571323910625551695590251755989666879615716962358096949465601843262408943463556603982196233445595384912613292030242663930
294 155306690322810912248352725707976599841497880385174807006705083635984556131662444012557343802727080092451058489488104788578698621994105188
295 463633530856560824676259247061568025640620281343682324654114676200753307040086892538518649597075533334312927811427978846989323283126862554
296 1384096927468467316668519076268400611795374961853340679853531008249476939683597106589467440365395180585906770563104582172610718412538878566
297 4132045740994536057691482966803983886996738249466285898697583929081031973482141500393903380129819008216433307540202634665790310068170983614
298 12335894308750672542353750067343620139344825573663314527750538677194783062021297115070185267708101375785738349135450805260360104357487869700
299 36828414105301972619264081792417900716855941937413444944019867183999049583541503749541625042326775200934841436272552397237391448404022598900
300 109951766220774331504467698825128113444471374945320116597672654525934577848224830726414643020180812537659974509730040765543984815620403869146
301 328267715430589883805460803959854788045440218842363340882099145005858325459293749026127597777174232704632077337202713786229127252363667125168
302 980078499925014223173310709065400383733169238097704759589984965214919782352979448291054341452127004013318774679672822246264850535685544181656
303 2926174593777390518996562230393058314383663208109376170109251075205085256573860974073710913683016396796717855329949243965217611169713040968566
304 8736676386865551277436733164779639247410523584799439240443356206758962799820749191170641044561909619107053566771717192811962291985309414837006
305 26085481782157578914500967797393367104723298814938578308661286547831587693440411792191529851352241302513377806021261405505872176305058306487346
306 77885754605918545349801422911534255533302068991143560259060688070257777931312501109387387485788401416473956383005011466477136634353350769705404
307 232553948125419140615351638781124170549910288356605252980553917406924308909896287347134062908662925387469681671182842920885522740598099873878772
308 694377878065610610878681234457983960817813746682978908316754979807689200921731460797039387603086955251590131562078161131475844344219762196393322
309 2073358823314677424145981857541869224226676889711441599393788273322854521234288406547201574132681480035878149838002170899340608661415204645882256
310 6190980774715888679721917408890113433760135994981964633763638287961806742515511286140261376480316232445050845823719244317476094800596913896286872
311 18486333976724649005359406350425055883596137320411422269907745257616846411874002972872532313810568823420436476965904705496990757071517281541645688
312 55201190993866239660013908870537291839134902245178406471855241530823087025268910508699659131840036026376007291599060683913124529925976150148308546
313 164836117087569791556150817672121487753126229322199454042837415317253742804394878142646883137913252974955136922487970631486829905459914627758174696
314 492223720839752007535164413182602820042005158714687427538393694992294724932213417315516722911123125356850189006945718502008459282991800747252495056
315 1469869910603122845747414219626159298714535052028220562135001969314064924559068222193885781216013112921812832800315242727074024434192629260329036118
316 4389362200534822511521002336377674742943848798521653654310363542761740469374151023764436235877579424809817679782956141333104013796159558062652105630
317 13107807670322959186316144836995828358274019567786489978357998830896030472636773153696169146180761690519794003956482552602058858526179018482399489662
318 39143962378219204851623526023630473710650162957102556443014741131325975888756495476055040421420289057694722456777339543879811717748943745534409945948
319 116897589848084472872305007091377293752599958879191151811672782761193504238517563110052168623469944201571603161580985089253707680497930744511816798568
320 349102001698301133602906851153402830832790044970653351048698196432875355174887642074217493565579521498512099966262704467635049259079967099071822157394
321 1042569689425877218614672989790154794780250508871199810801836083942122665198585294235964482812397908469563872743748492309550628221203693250203489395960
322 3113606947970658136546351335797207683083553956826500117526593664182094103873287837423470678485718419999784037810117130797315282662788072083862584002448
323 9298831598431960695185840373938683907228706756529653501592665837199745299529642194473806484820646751807444844400938790536670694074120725518676339391546
324 27771468447104781257981662716199173823358842033061939611541965542261503319544165914542037817439352359366555758594750290189384634622030188945050038340214
325 82942120988287845645395360383102913265756177403137429714340560029503041282954976523810855041779559307155610110553541546253800504421851645072765020476442
326 247717806744200772013963158882564893589734635738998514131997163269227476460237504053390500394157263436223345889617077250961232576678863431546043533568164
327 739852383869398760759335173215592811266486387763905701643514624383913176410933803732108566021366491534712467007160815348234569186039190744635108653005402
328 2209727175071731889095336171974847712451524650611434153192005822500219947274624086616243204149489050114504483311211248433523832954801162028352041398424998
329 6599908730652701789197093445108686002289290970002967372606915306061121593332832116078335554492879861365923466658287474856177875410783567921435430948532606
330 19712552515349277289103732766266689421884156817537586117273623658796668529411463785618577794497786483469767227834887563659254442649338534021683523332494212
331 58878050808255254467711587149202367492881988583680839436213971995720266320618601231087720763492433621676393797853753428613180418952261775027838546622720676
332 175861016382055521794106255842861238138410801857931859794981910036314463276134083977587976451354528336126023011804117359390137356640627625074323040621217018
333 525280519722637120909884678529924741682980501380125122185444271428912409227164689903772721626584420529104544075538203598893785740878452227995537037825090496
334 1568984092404917221461480553218518689875394459806502836128153294040565507564897255529912088489895190196543237427933845509037489370624972468829219542779155448
335 4686528717752030774761948107872772269117877421292597018158178877775779515656654372733312846414125394132276739592275844710237006962378090832291061742096009258
336 13998757485664219640763097405047447226904831087795742740929610055898535081098337211486626210166868983484788668904753841047791422680783554371335375525289238454
337 41815099126955774758092767749435535662457678472604049913758573473828501938081399719442189636040822359279450075060346157462560739348724503945877177561310727374
338 124905675847901172190365501224895004964055395471917273016171249327799006954432175875792569935388043084753247332328159537083600890597084238327260593457923314116
339 373109741162184074787626529353066367304759061623406585181163566882346855997465037393197058133436235454154901801241576427466130225146426254880070718409727570112
340 1114541752047386465523851165071111165362560387492641863499341994323728738882203581252873841583079607010697984925312257897645180826096516566530823614914004529538
341 3329364977434678224664920492561793695660446861641517561253884658346630003433646912465131436448091298957395672858133064319672370691670734644271282172687859347588
342 9945617459870569324548957339854361441276757859948532906648232848280271254266996668689805220387179611339037612981643616725778963030309460671029892069896147204976
343 29710321040247391230384007146024871903553389926480431633923373458536349600623794903716113778511496231001291442707209813638393314547441339921079310072669864302100
344 88754045640523643003594270349437442271278227166960239174743782841496799942302181763350536532512605571204485030484763999769503502346482530290724372728855933025082
345 265139335021156043362827143961634303959962126191071191742932929368501800682502939617309149023138896086970923404550278657519490763462836152116854566459698698559612
346 792073216759056663203078251896835842697018960745520462165274630691383446826008238519286305539036324519896846426279991831326875090716690400803551283958490269918056
347 2366255443733117612150419208478263385641609912436432208045085642770362949772568124029872419072132398710757155378337286707633373095170142657185237737540991211724586
348 7069082131354095654776412125914417518128634552422861326390112595873939249546746910139479119705763562587961164372475096997921590394599560025313466083644826947997638
349 21118812965154119087040452072166844006466684073858137108202601408272266632988150240924534536669595807045521913917010255166207595865450876440185748659985910450621226
350 63092978082569724516538743753845016684350618210822589462490554354242445833895535668022584967497973019030250701172560388945054452570795695534846762056068995988090948
351 188494016790395685320901448894182020708007170862122998155231811010122864712229727740439665979827992522298149834090272068367515743278829555080202546442345054107871478
352 563143534614302222182944185963402868452865322538041056988037095883033673265530124913522198997539384240644626504571439948902839544697513207044769102421469790482087598
353 1682463297313897261993751538144301736651548837623693946159920354260496287195698382172482537755149459686437554642438644712659323535438117585116572128211452361379017314
354 5026631304653221940100342657937761986931573551493174962914326227408463875736372841638620408495223926278277586626561275696648884547901958618569819158705305751496897692
355 15018044030577853179045701348916601471480772048455816302169616941703652398348563549087184284962042446072677328760888058721553655538041425512108618368826813614240854548
356 44869847873589143551363195194458167773561894085170061065041515425684187163976731348742487329069524457478690068109522466632218473428179702071697760537737369048859740554
357 134060451100526238421431357095764747766048008346847683202456077878680508015514796753637115226253704877522906241119212152585204687495166357958166652450894922197515124768
358 400545248983511261258446769207710470239997553991487836472291320878670359904053636640046182376882251010828368213541630832969608506635510388561688826023116868723403250296
359 1196760636161835069429453711117595686325878988811846825014066950529066842086252319436435580720034715469365876805438635589386971679881031360752096330751333610302569531204
360 3575755241505803341188185038572615931056942030520663545387443138121953800060492021126791922093870923618861709962257299690567053375852013694712540689633629040086029940218
361 10683978930624319792457835562622169624384714123911201982608085825706227168408371441375180423779651303152342957179160133636872305198114430954558830889786684365410637209788
362 31922947765126804008631705855570585554031149217694501984003169448740195066397317801493686307585466860982424068000108749608243862625348616930570101106375595263345305650600
363 95384465780258580101245827623133883739300562752499238370180536259643020168208138133986643243867397551024086022783494893244254267087337282925247026912293214169964066715242
364 285007960875326461492832474058189695181314686432675000835870730574256780505351187641536782178308752354182721253203054501405920100440980500925678760203125915009591895376998
365 851610446235062459104077256618095783639094657238797326674169994300642576516727605414452241930307975296826743108773639180343376695723751360017551806730247479721832325621722
366 2544659010567160980634752192433989996924109925773601406075387885092224119471410522697159038104514755493063550434274389854425993097852844538864997977937863049907301702604260
367 7603662099273255932418518438056361790871854179291225554860987282596781881057835276052724306304848057337681579124778303629604756648321147300249667053347313247833955403758776
368 22720642050620942837340118947601961254891462245273166904441095193909234010513622856842696984909519413312761305479091971238949135607846572189583126724827414450914275475047954
369 67892678442422168212156968895273697744709020760312453523957485072552591877585737342400900987562139086829366977998239515369626565554431496041753172100553022839705310089044056
370 202875598030988088989203831140136077880684498782738522063638395827275668611162680466345406896945656789380435564866082212983933932161541796215345465701194880442448360489388560
371 606235253651099318130252934366198398124091574390681997307271316904624609852133501904998931445420873955558453635618441854056338704513071759960817757438769486477938087397931738
372 1811578020978170915393653190187342914314939147088406905196054695160319784970429777229096596242439606763847260787559598205937326550526891187068624054417980508358278148791667990
373 5413490203338266088781332666173708697914127887603210647248237526322063755992314126245939989078323109209695407796530716868577645482737102269475649790390947535311233818705573994
374 16177153306138947416724967997682529154068590031619500454420915409366288284787135207089899524610939631727182527441452065112849031955248019173459149854504461234292287450541049860
375 48342739546649789914828754284940103225527905377169719408970791007641168304437949536563180567748426956192744993439264639420621329699563531895086019577780166641576782993049059910
376 144465718683934386194882119816796959701162437162393390594617502743555332547444940583980434982992953278203657278106570954394658804011380731169080260285215039556620553978241598494
377 431720540446944402582787786215526033972442395135670535210397046032316283727913876314232730116531028140670579202340468872722859508326464745638500669817816186819915096190330201138
378 1290164133120872241452754184954215162530703566292929053286081069454564243802741027632695883807508709695220024584670891378872770466757031364504350480127553294972022444722519616668
379 3855596138102753297058688134689000153079063125517699657952591017658500357449024409632683367208173297297119064322148009937846777134457536418755140144318035467094465750281588848936
380 11522385653748915062149046998042035808029731926996873200429501451452133250363756224070729303042838148713496726247061158825503697700903385907223341466486536840993954944866942966050
381 34434799077532482208223902093340357865085194475596050878957332277892915137956105224181881051700003201745725172801867713705207908944147594982863599418283170394022909073521548013484
382 102909852024228210507425727423448088149241304050786560376886208909200790039397744343382527519712013387153260778452294450799524710114871448951609984068483332019819106216823589564000
383 307553438303387060881932535047072573343590496525606936968157426492002654560884430202277821957332089511797845487583745432510431558023944042595031326120817305214879475129732350644220
384 919154315062013777927720384318532872391022941516578249653722002650328414222403197874743188333592784509253224112067667281633517104939479673083527221887619611176118009806286887806714
385 2747011412530886558690598317937548342790141900685133428638737084451878426211227612319938789940875628777824620531041952371980536978912722979517463482126867467853097012482939197432820
386 8209877280039982408202669636670162004362619085288956079813081149546099957074989945488314561027906428674471678408641164124081971501472021271811345619382317461952175773963004702623704
387 24536748667739683217519444842754771038345781571879581950414359102320293628741181987444760689356900480523070114261685703414520250511910202230238700297714863413764843040914031911512246
388 73333344100965772082777536630767609627586373192346151026462291654427278581323182186723288101705925284284164438372183982510911921823483195010867461538782184155352638004651127869886894
389 219174523506457981684210189560196390626930000923152227782513148931853508316959220699985672902863774705142201340238449163800483079387052230908882316149057999419391321847195607860197022
390 655062498606895697486217284953181405299025885836658854286148532120909675298295873401809974110070256054867734262994710790163594486553934976147243551024165642822408914517703838116911068
391 1957850239334424061240792961214728532573173506439230933206230778149241742087778785454395136190403139620548738550912693255624539860502484113321501455246701493655997868610014013868322630
392 5851675627321010710828235895086793227332601584904792794902892150938943993575373769374011545142543958461244841033886210842996212303464802322962044810244384495897216661426473298591156862
393 17489808089443133962170301555143600696782646297214853801971645922276540998646120936142059529312795063197438167494148433350125635882827092359795309891592874764546409140922533246400067714
394 52274976777689150698395898670502956282389099342169727851760336262656508082544987179273020250738224517175759101326720865713342286827144101787636595394775679037664613571037587061690002748
395 156245183218327073751200008765408598879738151256871716678807242956180440742763741979849108494852068314102057989666738973001951252022155942544040937211424153223683983674722552962745349368
396 467007001511511773071714600596329196128121643936685609261499780249691605477362483435116001658327012376456054625212978421278770434034610286804516865962572817181748144979524920902641356770
397 1395867164171712652969691560339278562090826836367689143579984964766480804031311780137722112898138524650541527160156957253444904370674711581253558363672223471139939884303446667649166926572
398 4172234566134125743394514543094658507774898037027953960387595563142786994947479727247462959500233193182911205060909845399158591786745165672686684824064821957216886710944535096658733168736
399 12470884277854683757813502092538203416853676234052425021726915528794463711598624235880676901276187556738904148196605212845448219240681169428010526344344471947249208952867994890296418419766
400 37276031450918303793570466804663799999121053859442109224435290058838433275619071451856197205622663839951194716109383549964958142253521173929123524327181346141641402084539970111446483206478
401 111420719487619343183426516055760180511800572969826789759415564436973696488887488703945496325743198416607385420993802785056216987193043037535663681349224488712689209383282964260315480222962
402 333047438352360050648935853074315798303139685839511279379948776097453413392416792993486929283095147613850685425746473909500547496416720497738777267133539039790054373670451602678697198538812
403 995520180159135830324827793189635325368773925941129817365784691185476021434913889330946900057764866491769035872199138001261653394514884559225389810261070687231918120345416969946952742871012
404 2975759654146209791773069683875831706196178376018099398394620234724514813308751925224261124331474678499696690700871727514724937699246772326733842356642365058831032935824941524045623383679626
405 8895071202852058430613963299295348605110022889509947506095234793220586712044047526003827621783774946999972641818096271757110742953263998670060352122812731937092232749739052206973743511820704
406 26589170114655580477593137073361652700709283857371916487592050442544801489209158451142447104343850695258691769695812403540463118401331612224280089865657576650400128490860854323005934861371896
407 79481104635675866179874713122090914889764605597632912045743974663519265144550931656903247255473201086053699020588506723807608004738271305981565360837044302363455454534646867275589866556491576
408 237589227829377435602903219317127831366136762398461343682619546621846912780267945484563192506126000631687367979240451859678131950475607163307477919685220374000223473710037244260314895405607810
409 710220689970769881138908385007674210673269811456134854582078835294322171903778811044445954958673035152195488735627035090285506395664681142701865916670644298506961552571520455775054810873138408
410 2123066502352915103345426993428515627525968715961199521215834315774011289382246693260234792866765426786086072928538551525300731369466667864282801566789472277164461692242273282307847487776534224
411 6346547912107393558866107483160286644546951173461458423292808103177046616648451574839730123672216880763716755588145103072663992960461364986473944959354575351731555819465823698673780494742980486
412 18972090917050652683827161892587950997904028612147067722659209590468873515185294047248863242484023531417151417434276926557688235511596081376820914828265786365291883386850023372431134948770003006
413 56714810224348949810284879093226081938248635537943039475345134959842534850949832257973461950413223446967957446865985412722809101507009958024314031211000540135062129156810524260527900360836785806
414 169543601305474786209337815382710674168822345306579435145470213981707047363571459830796461359000042534680822134044544812375066644080252818877464196144623284316420404570848752573687706930950583996
415 506838902650357133832085837142141847034383781312321620380754717153661962139167856852076106235178126227023522513230500677240483393699280760967123710320025717743130192723832455329305994504346125878
416 1515172504037089633375044655496467835343085360555878253879893715051699073856932047860183621929733437337959318568292860363724309644036658879789759047129967432697330361348467084792675507178173076142
417 4529578626377031257719677107789589268391078527771381079096820627300383859732733284063563995606797677943323635498515352469839668929895645890196470569011156557409774244806973361836701541964848235618
418 13541198103396181037589434154930813672077588385241395537610853641893307043591971981213769288345966060171582348151724269840805135560018652973326537603300826606378554474764025031548273561540364792220
419 40481810809922787400309515070145764974778511146742874695177301007293785483620428295575780718857821712911484678759730307300458927130887909068041422603359451438658366339956092538013022362190911626580
420 121022551171230766479281482827818170289795254569748399376348579595404965399609620769385737096636382268722249919453808138397115581430906997190183522409190396358296267428256065314936299182828040889482
421 361806357382513827797763097546332344594158353643930080124361546872355311517737248992178285049423710724324694406866600956024075570859122760432228482173128279211980777365251792128796993303276848286496
422 1081657048316083011188106035471411324029442984195928320126738860541041462502892262498749309992612417788619842840722922756010810594290165218410371828824827001018246060817541508938312063637533942569592
423 3233750137582419001820754300569300708520046427006099694627642976277924242090314414204297881529234465031254556319468420848332764700049601263794938461930392408664014011828171796790965424451853471534772
424 9667781010819237448458109687855318210820630911783375505928503653964443140576668441901642526054836235946334403169462113221972142503334722290501664378494836237487238857053717548527916305023891205734490
425 28903511019280438100660118228891357458045468344356259705668134679755924119901888720983026619515901937826169214932855160073013233467614956326101834257362045549937921616054332531887756443273977457249868
426 86412751736822052289723987500420266401220411103214167848308302146144237195568296780097340693769102951604469916702444444385239334981876224029961748841659246815231811900417765223154870687420428479456392
427 258350014252765609238406258491491494115388184200163071733912070715056116614259987395903414431685787247593951194992164631917007970599009359192957402191978757544055895926834121750882430634701334946658554
428 772400506717851828418205234291201406242567777646767946078686561033060796200155443553193929055950518821349965179348720506636584681098522305933505685138365712957971447599234322871170466896210682424200454
429 2309298109733731303615403113318630187669051745473088343812159778200145198923879282297178092810760263135386541122711427226314035087208559734907833471208573741199555219993538106968066557583085991032663690
430 6904318613777565026484971649169544794859498797305816590557878030999210305339771800625634167946798565161458379328782025838512907447698089103734146848063633471856026793394478579084326960816417365651100548
431 20642629043709546799924307087707442272466722250095224171426869350386987632964852701607912313799875074138980028845186440150043880484768867680150239540316391158734468647081079306071351187903412379124321160
432 61718098285232813952029309238114964046944849070445609906663781123114889284775496433230015397148785015742065995758021490307244096102513218325878724905995534732679646195583082886865017044152270462244605746
433 184528474751219325851397967328523808720149804598557656365196180332431758599051685524888345237793327279745029502104516179230088902661422922716195367580629763027695886939303103278941282464438915653075575816
434 551718519473557491400288374297810339772221497128095993094615019949577288409590121810134739195418356941024847326829128838986294196054659281988658596524019964883347759237427212551958213326661380193601198256
435 1649586261920316114750470832085035580788769800844135652692078456551405446441083792029218914051759893679783245268886252147605218904259317040495098116501416349771908882688515673587683265746570641382354387466
436 4932144411022057535963779832246689350922030683610075027183233161301524639656598530958079521527882430982521457129968927422310084068447818338290124873019110728718311445801494344148693080344483895842310225142
437 14746868459153200318812612317826116710390882714041337903690791660438809276513648100656961920867806948796656355609469987248214600133248704675369251875281203457249363480306202696344229345102201036025068588410
438 44092739590733316295707445963448323036654333159751293149123650930749024587680091332560061902330515199930718383784042095179136970451815614891140263653097669799555144081709404774668637514250725843280720642276
439 131837087665088186215612558009555280842971602083294772347752067698718869893898828680078260951865224934949960467081502261037594499254117819865074015955173271199894954705662720217707244131990909970821713151462
440 394195210957220457877363646294241686860564575636842260153856613384106585293818536354312547218779146418360075244635107023659545808237968540265080395276700308041726205069952111308383593607498494653558530467550
441 1178659329898474882552397531430541470952795076399004057722326117151354191555813210444174694519116804285938937066810036984424186133897411845951067098019826559846020000127056928375029007100766452358747950146130
442 3524264133165627810018484890261228486974743266562369255061689470412727642094347437965310177102281717246024090258529922373675737927952070100521812393284096498977465262340810097666320540654973570129633388834140
443 10537844481073282238233230586356757982067096110454420295531425287088585920293667483537723018705217938909075087159975446622976080872710361770100181378201055557047809978567710597863562514775839365700125186756552
444 31509266168174853476207066834522297374610022812173642615731315753211095781080671981554743304070955089962830515027682718084258910086224665316983764428858812563699725608899149449675395358151218871752727667188450
445 94216712832847919940734382288953787095053794215115608590889386409869008590419739996871472295753939980155179298086874222858105993533391763716454093359154444778016764684224464908847659193714229268317337014066508
446 281721990475223919373439520903028178071967316100239850113117535621161938721012261300925184663064490113604487911365612728348764256269124039192550543194088097974536588587184236411155633795067064592034994349049120
447 842396737089645947112410959825081114631196865361695294298743815606598192779656942989470079068295264640757722133985827098360886197044995736370863261756481746944620056181286383018418928310804986934529026345189938
448 2518927789191533939563967529685595748756444333373715086274197370407010085026463693259555810505278158290114882641742388043556532050925489542764719809639451604490788641420287037860341553153970995704840960109107430
449 7532130909554395980835993117861164410570185129253753005113014271873348414158285180257959530043007842749275862028526262195473880654315358798954881078315392405339695878832590357458616653165011903735341901366704086
450 22522836705831848971366216643641014145790793349412073274960055017559888077504739648752999279588739624613187385608277030257289882360013913320808245966683031388957493393220187515058122305121209210314967487086761076
451 67349036972384174109546852842911855023572685464100874963151458689654692639434863911003013665014695703312608135981395097127130405741546533729525728590612559681112329023141495422125155166271268573292417753772629272
452 201392249127586937372512594120879121453273371650485667791535822398141779314121346205255079701192760692557559945261611397748551464998536427425550922654001930216008435530985853396491604967319154212292915483985432850
453 602222754368348364035293014586376645717882492764273349511700445192712032864551122543050209526319587337305228887777567170994326616778280014185625072305442355919010363379218635947358103134989073321493383323362898588
454 1800837821717871315656072437139488222327896935180353583750522635795704760081103792773996741804745257126232947860691606599545421685638821350032794439064551107731299063575015494379460911632379163809788510626851649216
455 5385116042683687093167427922399725803390313485964085788204421571933435199446783462741655909113247573038344707706738281022767957797704032932443247005779340378994233875808008351439608940422341345173058891974690594968
456 16103435452471909247575126814112973716622725524953366375047939816796788155279028973417068819966670491750153029636699090718843921340069579268683758649529066647349561069283585891341694459825828671838118852230870076898
457 48155400827467802170683526724008515040296681369316882971940898005479802222375143053241832153752643881478082182282777012961243671868105765726063150169143368251796064376084327445754105942737094614977781076200314155832
458 144003964727761377185933454007872702731855457445217830960089635386828845141590560822120198255083771949986626525374892958940965611101766207030228845558948406887175475264196369817158064320446548842340237250283598227184
459 430632561995922443012244094299120182387802184125824966871967997680785186341982418546387770444800224299559397292062509261643364296071547291817366906407084089931709652253217441849924646468751566082315422961976814320742
460 1287781667958812858222340206460949503934503688461296323699779092713145085900639049087942557032109909003207496024506287541182964323838611205122012718670721484733884608312612163752640063814332574575815086582412137905118
461 3851062396015280204643154913327053352381224860668229269014032099262161493730743799633425842184890216466512271863704318902215055555868276897886207630101945964929286242476442621194232721762373641603643908552610104122270
462 11516534249001686567347995043345536364810241758855984010416537716072766851476753501470265906451439000173955983601537258072771245841864190983691198087949569156419170757792336839527894671913396243125830719080738364992540
463 34440224262539553814947153576472367187305371552563029465892439446584743787319066024144151256812672110831671019122165374123330536484297680376754150871260502743495541111629450028038315270736075038089385513873357047543352
464 102994265492314889364080119783405180065865414031283131178094901697909516458806092351701087561349455780550108362179169596726384869386125353521963762614222631380839551436483880843631255760020941278500508955856760289297106
465 308008720910154403291687539770497474604567602348378761366622622636447350745431127419267210386617284382723630483816401796713633985922836443139250707438769446187461707022569191719272695106781176647019194316079851297409624
466 921119261603057771399083076913068637667278982478674492948587745210776693581878355829388161090987458558914973331904746520490853231470476433311481546154555617739544987637358600519863569864809430548394290148928826461855760
467 2754682721198513511428716504180062266777321544622215491002504997606631233780770696866053220359274973819102126463991346273025020496102926473536978905395224754132432118723425321019234422153705216048058166468050733152228074
468 8238158890743194802639759953925933086663765974231457567764785893829462231654319972411589809121594818398158991209942637325132820945948053859121201377411720070410148976591476509641783485443816876459990054439374906123098486
469 24637213631800052122536214937228572727586692851811070356622128207402468368473016152076566366935924297361196276230062135420171791110851396516478844365283980547542642845525960773675093915399769015242113776396433315700732250
470 73681057264672596194904620436354717365426004187593118768290438759687176482845311960222422724164207538812599483830533050556104912083469747696693408890622371963925494848890131220773650281113790593592096664092297553637247396
471 220355011090025881707404930378590429602309590593150219147239569933575755481186528829611338969858576998920453394078213124073029412842950070193033887809154621204406099930300031763899265896386711357028134054802426604128961062
472 659011243607631315632130927260545789694673097056578136130073235680849965895061846350304812131308024728315614705252057992769773452228575494599737628518879358694760195057456939371175317695575097316902921321555234965351563934
473 1970904207020212200918273720258066405121990459535602870922879947729737534933910117168322746250687671267831324100439858490786517291563562014027995098475518689101051738857517322066476513804563417003878556417201023077967910674
474 5894418895184061613305988612649082958079862493961620580982843801409684517965921091021141123255315516164493596747529173989317089933163574253471157203222906539159096293560440783656430171361806652487964261078676806527220765404
475 17628657993637319092422953239729554485037287120930328390764324611549899462490598813774316628610322998884067024341452680985579416733359115312286230414629392491827562105184404034948436273298897844332527495848427430500131424920
476 52723019266586197858404113289019343184540104064075042424573080027745563084801592254386904831075609035121071187045356167625911396693152418477823862328871963944595958287089770244706913876472436518683697511475321587365083377474
477 157682699622672571417908903517945922212445469848394244321985630615782602209985602853015938070671893037630958053504148755866082795333250425501546613957390338230951405117943135421822017634720675570073758739522453728684873106172
478 471596488380070133421345092654113376976161208042230139381848324586374914171837743440261985983547148201162025894469709027771534698255885231394429294394225444076521548741629731267042517824625063833865260897886229333151751363392
479 1410456865728523852409463238439393961811019621182785042622903272833810472499562624113662114204867987969431262558009150813612169262532377066876406577096042649976816926300263420406544964262698270962027585048425389873314794387724
480 4218439019279621310826779704822909627124875260173647301527329744595619348728905264393977707956842190476094919511655415196479941361156141727037750433577299706836760700558566558548646213198582224803124654970729450967985537434842
481 12616719570696215866776142358588335891053345349596508652265759294071595221485407241687758167450170018799820915070975953106798851508813497246820417851325875030335964528763747591664180864584927847585750845508404670886138353033764
482 37734953785921808177623151244112289695960829967281659425475232391788132899788460155803204643132479183164425429136090412964778413919981693264138664033215353011210506660536757233754529234933482681375871815672743049661338454409848
483 112860996686673696314128403497506101739743765060703606321996663440672828158898812808759202223125011970770361910648386445098497370809157597242493769626626665497999938681039322758361187351372149813104312705903016836422990249375926
484 337556609215066908324696563733756549434811360943430678812186665501299333797536524452577538130834296038033331511125735957834140626516725890179165366231484805090938521255044410726774495445022989469089169819742892342670378660355822
485 1009606214165874604795388165102179306046910401080917064557083765405354566891463799224725139451981983571081159521954570940443802135220390049721339255155617347835975420670815784642501585371992089751522027933006132373855514750750494
486 3019674060881194691448979278010056106967833389978206838961032204703591285483077447154609867429295458920302938112334253404130041915051541215441056341188298465001163842923126834239482613272810242585597540218249623134169871230017372
487 9031726238133796690764782092309126102744148498810724496483453945396953609825047368331105197694001950766197083930473070020600541844074158567693728821661442733573106715839271072812220541506231752225548408588700779135588406242141094
488 27013701379950199923183938572703107750505738335941999842736210039540661235032673711336451973025049868286363878949773112121480486649127528926456290588614197054498229027857949155320559563068695693041092408712933700225486852171077118
489 80797895006342482301599654820345629520307347559188319950182282137870446536205258025182809635192980944623922500978451702418207134041746493316219531949088109017743680322632525570121691208578184499000082581018416201039966772590097762
490 241667700578581796067615364886932490067399776629426047521820564815648529742429761728228108760241399430320981485266228201695069333250370373150507893137719426791491415780162672526561227022291168080250048025162574887894755833942809468
491 722836001036742073895078267574339508672978395610489855133036574764202699222443558747186809264811228347009734018588210818552718381128539933475366871957065364484987294285827506653222923949781997919947604900249076316881631413679054056
492 2162039032155244343678216160599742612757599148127600910287747679387309524597915958970680559399332154265569386406448426337782471327514922659411650987063651642383044503718529305251784098149212904402176276620242109555563840852319531778
493 6466806502931004401661182608940828969159462494347346988686062516399548520146021661014636831112466193629505122155777985270730092958969461809759458048569930325242607534755256715849349692680251165088964297891674837831521055183452366140
494 19342774681930170590543132718417415843941941489258904282401975029879727980305883639792336333813157019131735429088946339727061303422173263092544921050468153933503406375037542610426872798004846823352978046308849506584237463995674727232
495 57856244467204065505947738690857668124373191560821419903940228699597280282738065888563364924021112871615669201056994454754484281512618086983984042004295880108156215859078257875456807201541904587561057876318583837373400124871065258898
496 173055041653027144693610213170614434734483032670192615554363865368159131701160746592887601168882416456341346377445844967952946078339420786733486962280038014774691354534769400251837399475626146391927148879686299770192921757642347021254
497 517631637989689851827657475809739917234981456022795160954068902856370948977541985439518806768356431045158782472706888282838837056862977327316442207751635529921585506985751591079388671664533359188286993875151772436967374052128600907398
498 1548317061233220343696965110891080508211999076843608379099633275407723182703812293688332542074768131308671259572146662237427027733772434934926825359304155802881279852812225745998560946589147264123018129458200241853784356296713219672276
499 4631284984189626934402357941035195980588529290597851205690748861300734637029358750066669612933409269620028684621806496671686131037879089531323779710750279480089145694258015231043284157753584063605667440814825892171346735368280401467592
500 13853057044991241985700012531191977070222733713938340730655904636351119363245854061282963491766582173006452796041220661860415494394851195204899317412106981373982789589329380179488631167905109355385991653068162997822886228678586857999314
501 41437375366235465939083232747787294379409654103753349398723793746396102678655182386490629936879547490634610243184981937244825384837094724430835424992791353939232339531215362305262654441541033781221974797700231469938324341274789670702332
502 123948520406382689022535530187879837325271196325911083819972568595360482962914921912455013882725846028332179882198113737087384850315694490583398436215800225278260469276456146523000784809963684627552517300224465071040670729980349457374080
503 370760052561570526677403670862033038019766079898364849224492188920430381876051533660759721674479664697007596364695977628297141265093537186867715414751991728835922922742160591036545087443871779332523684834390530140036124264869847893583052
504 1109039448658989699495193917640666922182525619554666135332635816845825229729509144398688657415589433070197770477713453166797643289652491778897577271519144552393301202765650577453659632555315095202137412735779979792259302495262350494176234
505 3317443347643738061380920634829751152901330008669953219765459515579908584862908603556311175534549150141698717025895941100707150209822175113632990618689737458345779913061569125003444817475071820714458866815126197585598517164320497342199012
506 9923445476290642320298846256193060165539107431710995351374006985085572710239617011425240206070604592870065937924143035173428145424247490940318667967278978357338052267167698129048019217179277495557133540417418831580923259931860250729729048
507 29684101165396893370333398450716119603507370750766051338714077861792851663614789421793604238430148153373618013043701429776073109005725539070479266239168703559023759220771887667715133560882841180331190933497484624855537423050666210829003010
508 88794844543380383416844045099945658923393756802948913673642621066338889129222176050458012746547774603791002189123251516199546148008976281380983349769071650634487507893491133678394982186703768721452566695202061541141211740937282961610472118
509 265615872089523335531272799791038682539960041360750012533897561104304349824745433598576083031545272545911174439713879304673417550877194525286550830351057665541247103736987659035301928438081121557194023357214934555702546893098610403583587218
510 794552702668515178259699488205799086033354890584848721952176723165987419988602300960312440771542578957206867492728004416407862210860708884687971995043752153324399195048446032163668893969375130829638464056241121425613649120633216261521792884
511 2376806357415537046585638127876287721594391190269857357009199827754271897715970724613752277589493729962574800855557288192126593381410155162929467463771864467154720161978208790064559126170444271477433974511214825412067960870576345636110849874
512 7109962128299117377625906769759446662175835506507888526675390699450518873817832924579060776316715955112327730593459155625877094828698970638960055259197096160843832094504180554252790776506103652531526883073997616688438925669945176132579009190
513 21268808505190501614483880593993684573344058222761979009564705675440728401775114259980848336934456590295576864469972213253822445589515718755422805233571315349845066269581858246346969537650419629073491901235249616101384740938746637379545051638
514 63624064869599720654758614253341886630513266117762523293216033304081100261516726025963000939590644657277486132559189888196669513945162343790376514595569553408272203043866864016269515229612902096044211889164113461717150854822756099179929788724
515 190327714211175706203621218728933716870121974927829587547644712989831795697797352480061329844197583446263378809354249804509712131679064573228329428270022720307945294819890572198956638779239819460560911109655859052951232321830950912863536824120
516 569357454191208162020998506814773887609925685570428319576432952067259654143248241728761641151223476140993595889861488889485589981551693024167691788085657162343815302327434965774203297122633839606937867552807997787788124385913793956625699490258
517 1703218401214777476588048348786044321458733956442056352723887712108132859464981270721989703322822629118181910315177442798109002630647086833182432254771873782784413998277686000724398346368624311319400921957695172046108204222016991549465171943228
518 5095162172562324538144930341653041342981241487982261620692899460943115108479085828467641937900161192213769196647688280676332406879585947822167634715905347889062662944995732311329041715026030289324312842226173181361371592586348106599976766165888
519 15242212618394850766257242290192544632183126009955960200787932127851138225682071417373340757407689921946154275803965810931043237424739830192016979014852337308259736734774559107944610888044729678207051241011306236395372300094529305186058758362504
520 45597427678815920921837600377015783223528636193471437948153982935395716818055759874306157352537067469517230074191133760079146054137088935873859604091559884778542001823786623714670446611662092327138737095007916268198599595140679901263660632921410
521 136406474993930106795281261953068265976997852395836071083535075715855681264662088234488546863271875331841728419674457752021357831167644189098424825832563633302789325980880687753924478682349864271104404023316403338032007740484720266951978801517256
522 408067432386382014008407421907200167785614152434480632918379835976306105338689673108109061600555896057607078386433448454435909933912981902314420861534734021139248857614784992315756277710098766543270441032419963357154766656511494664172944609712080
523 1220762507095578697215106412915912724382459946604938882446424824967012834115682214333343257845764180718471100475711978935628205000601868522065529642484802585799041558864517473373249753118576625039777437469492677578338232178397152464435402899203766
524 3652016396341861864245529495041891317447741270217969734169920984351542919058813916357038321276791945281506163314137439747909735809581769390542723396661589321579408463547963579698395476653778592106233451791891222549449995043104831143473125249734142
525 10925379604176386088657188380227045782287607096062017561446520245717064952415614394097509838853831036812300484778313777269275349567508291887266898358712740320835189200651861192947636727521984527647442421931436193487953927728490568666691379065494542
526 32684558614478260915783276022621998538836003742913017111053645490390812962416261889958959491622787286697397699137575170267690682898066343207588885156483267978764155210280229391435683066231553652409639385639161848257062108616837369524177693541553212
527 97780212549052738495311571504262518586110215075668788787066695025189516127109697134653661530470215493743115551282388952882338784737819412903628920028846607196150668047167195118167711927429240399272758484854806505610785281818795709189662729545730440
528 292524054763978107974430129317349197327772538025938941225221821099961547977058871400264509823990402831572982095837988888932959033441054471184087684959545478060657967968810915982440069186824808875192373182983238399215078085600040651907308364608898802
529 875133762567274057737862884290309287965849747495175521431259023272863758640236312698585198851206503100271980483083448591357940316444539163057553704834463152874989105035499433754776267398109893722247397397324838421796532812415004810869360998257407496
530 2618119902927465454731535676311475473055724001718600476415960264382372096910802432557252802313666926484008718346691490140537571693188013089012137825925396017816052031532532255469868073859746569639915943554410906043738395364206246978056408292996286640
531 7832616360026885550888391285215178201092430739853155370037698173561498378885330020006375524668002744441875031641117621218896158535957845713041510661217784280354221516823990986774745173291409342728019842689708195448768099097103207807302288887084479066
532 23432919499936961113484377811874165827506254171649890302179124334914288414167261857044700711783923672487328700513828690997572454563335891872568348580780402325837755461789123449266141753459033573601532396445428125158419105147917775618152936893278798806
533 70104865354455748419448403608993653395567984120110438156321958946457526503496992405373600759710920816653865150900950046424841978475193652359131558638495277007850530418557645987322443381262315329065436700937733261264957324795144721321600297902430119594
534 209735586146524670586579678496150925861420249577491322915655915801843299664978844141781679894632476320163000991801301249024289162152295749378800725893746339912668478534922173862160215405236815870785402132633870928832670556639349394513136598342800800772
535 627477685875965435319247882056586339213053852718384083924468748234006896730653100057337762289647815989832328323763049324583948253806601016100957639653116952813250401211876521409191758864263043652953386271359168506211320011809602295228181087976000862950
536 1877269558654475853049028681491313252233024224851804264776007090788533943642837371593923158282512459371904781230223035607159113597042199355219504050496714817665365063763449434724106539754197544332332304455395592052156276159211145609249452307120448666014
537 5616388880433768732862996599635390671596962399557078896008251290487819416148347432154127839713333955145754596601276750925502542019373257385501464735225272568009617739912606584697541569501981492933334645703021955864076917732114729879499978416715082115602
538 16803118005791253887496081167854516244718944718531168515483193889840195391903082247223811652241380971064666617711721352745797062344678298915083782335526702614832071398157081360324997141139232420488722733636215340595435159972316730438971273272526971437532
539 50271836338041501190795136724757377473351007235805638420899039709032973228993195374537736007277930771406429254238778937161775509937793636492018830743711620100317216154413192718778823047252803913333517495626123495467502115063530347419022430288115874465240
540 150404828678327729105199295183313588430006169791120965395415342690867279129996788264396698598701020348599578669399357098134601291280013948627170314761485965071412086694132725966295346618244970677157309512993481991153961945982051479368103734924541842803266
541 449988027489226782375583775014941436467464164295360574238594113103395842530727173932828785965820503785077846361041667515545045602653203317072342625481920451743583347435348628975211183673731943486732576266346162451576532801339488036414170275515956421918588
542 1346301348151302020318567124473702746553657176011536388754927733845996691074186287034965374527501524728975127640831817053309459165751651051331778314853548412669159516406619763347969914467306346798006970236868695096283168701461832206233590301760506523061312
543 4027965449862109880094502428689621823526729643049020176920797505615811404874756027475280878180805225580198767365656657746180012622913158980638987796190730220314569173406436622969091782378919661614654611871039859629872504167493338643556289644963843670880488
544 12051228451750074653613464566984999185146769974525340712278059111094201773497010111965582212828595892213069418383534384046679014802086766766743739764732754690200275314398798848950958800417504483571892017131828943542864402373221787753018818922616948500252690
545 36056122524981337846767828754980192969342547983575323447890495424134380281955858205565290151736132524636461613221488913382438071088391730020525641716952647641140738337266128926301676318356518425617092799264692470698313655211130647996626261410796702997982584
546 107876993357911116955025042756418380542327416960354024202675869865245731444303814831815759181119890684359355926128600773109861218396494524643594368847465800134570525700600616414635820961957766994381508898696287703998948045702737037845023334326313756991009936
547 322760775497472000422462867639100060211981129025682581407717058778725496254612311764905604126789999982987552229350230222501010290287817623367756722060769058829753104060986941854640151189370149315920233959782527522731209826818398867442616562705041439623603722
548 965683393346804053918976511122676189006332906187575081735392429794711738475045107682786416875041684113984027467271911776633129600147408122747047072907635725327213057082349012214697227254135581344889637797431888115775274428587125396166119263475356671370433878
549 2889288203205768718139980898010993237124749155359170524668316787257964741394420614926615646065289312613446637107087322417285450133598561725472273945045768628915416101571120869325442835448875411185338309955038307441259924691341855452630724550254310954561361610
550 8644682494755762775948535050474569282809868440090594443545725570675040782818371045935482028157355313069189965876457954393586182106601985049453245625797915037697231311867706128154626616275289107603160444433240692259147869076193629044549246633326458607537466564
551 25864810645795491772129216518584910653154509113311426069807787011716863993197488748049120700279935129862430818614594631322333109553784264777982515376807863681159573760731007271812449748243263770538192821489577761334572716174525877494979430037139418733623759178
552 77387644164441409842836581143603247131928049039892822158898381621220875319566524518144423213496454806989430511994841567464677668838205456110905325146816840071217618018617455484959325741809443726076304125733957862854984707345925151821270026134843042270688987974
553 231545320212656036062464501649327871967713787209762434705880704143543477594301871315101707103260350502891187590200777060710877939080966085551359212215190577043153487074032817930647103340291884605498565034412655783235319079865106071963693395722453476566348363534
554 692791325753769863548987402113585969860382187949221432002659375494281409228479640661400026602287464309519510447019026567087709091895643066332950919029380749397092256823528922175497702586365057540034586463966462319940749391069354092993454042662828751818424378724
555 2072864526233167713498068881083242268587653422523412060456281542691249598469008550610958581815984987111892397255691226852377370516208232531080658603260371159084574478690044270513161528367287107114689471434425459693490291343388830474926149040338747222858463672196
556 6202138133369322658932089237016576901468516613183324342603330992326925617974375077648704813272664866399658205429904829419135725663049716393540693576723248634450644194881909305339592646911128770107063385231613853632788547767434867926422326339977182734370255409146
557 18557265438800693530823021365167717841674966324395906407561152004510290535991259204749256859704531602637550156051295335892486781921866768588304090085665093139922296018449436265311467052181557082995546228069241956255938390740123789559060841338914707650301785910560
558 55524997542812437408418533804017364234874941678544289293903763902386707079394422590543112326406244250377894500737926842471458038393613211312518311996790330877496319166112120957190173472929396017957659696750255886043479322203475979306904278144488247865005171010488
559 166136528692646635135088007531617685952429488235018924719169426069770846594319946838960173150081114145100682039593420302612247482681771530351304087691248292514341385679635624362350988726313966384360922546247287355684757117262284260265050843462123286279197828049830
560 497099955870099872666289943520210673497544492748852445249369616683774733697619128063813658084523143192772567149751762296956565861959528546941816587349685133303219265722115730418402210663139194887948869584995512503840990805079222994684655772381054955877376444866926
561 1487388155958962605453529975147430926659727828003097600427426241359869205433242807526724794403793661618566055217341069494174673482719821013613139981764256628731036339009871926666720910062562240036884598266797784291059990702191056848364493566761801635656671541873346
562 4450480554855368587104569871548815442534516427974635004949326465392056555414616175693934678641478891982998326460521189790935707501029116441301251420946012115433711589907686232850146521181859092426767674892519173316304658878540271789108895319529099751672137544013724
563 13316542653760603710957406990161859084079259691049098173479008941327380924281547651186946827684811285486800234834790274707207854138492632898182412782612972188700042182148556977702165640486631969614946575240619362913505129215842104097288032182678425316973365863882116
564 39845386323055533612734166640320567572675751274286748055677714515659931846887014883495977866480133174135937461910055904536193645185031926967038135005360575424991743916166637810051956457737666380785621778676760046811867472807091494423571687459034880453164118570220938
565 119224791930751009262063905756429977679419722078493225995351838808391024076111788822524944753030966341453801543565181601305518898141413957360250250190137519693098704035768254428704394878794464126100592680203377247873111052498550273264443002853345427930561800455865856
566 356744323581360338817773008795253725743757993361736122580335760421319110508992886022358703673723369292124541313646364532825745967833479374415010672952098557046243451520359526387046158554158254407357692134500746458793366816604535692506743952600541667718289906187005112
567 1067454887229061421208438242973664535951319315328684601268293841058032739053920532536965793656123113041817576892787289913382962671602623055709565314212587536378959604987292716544800479016263213391103221170358579947864482837374542247057473028037471592379443997378313352
568 3194066411426115362869781897350865038287915855826729577227750700795685542570261136186914185501516769475164430251641311365389925492174471720335777558011231033556730267575538926032339699812212922650910094553462936618291002519882451647705152636104011238310616663857550434
569 9557411832242934048916747662135966797481518667699003497543602534562607701289648535948741135879339780646250546274549068112700127214314924717649101125243610213961509239975627371774346557944547127500851539901375984229420675870203821550097212008418178522098312034720031000
570 28598193395716724982951408137887846799773340586394580247827329489155836697176571233658877933411729367720058193025200097197066240491253101555716594156934491218440215445339437718282683091891575248248559572805678916431074253649799251523938166704521108579966813972071740784
571 85573408421008375330593588799180551241702953491145871044502710766570188099314005278132752411920211625043750686029921924084778563421007492964821203321695439465217567126278316143025475891659874537058357976499919642388682362348249387085865779987810271074423535883938352710
572 256059556374021375377823858606481612127957681742752364188720661055543396728514524496281084223329320816708381823474599034422442590568872773679930480639389838184986237831060358670526140165876922612391385331892540459335322320782324387027746389206887354196366571618335765630
573 766205150477453795254079239550566565438953535497695591785695737431801203487623810036865062146008375937927512124330799376819754119752866635691950202982778101155938469948672613475645164374234093265146691147748100753375410056866013774460176631511168706801345650289078910606
574 2292720207130670554904718704617263602467692311242095198250737341244109175478056045542669533385240709724778851989591694522047392647774873841189102705562463620315874817623507254638316860778291752650207559860770057757210425416063807223846898448900306892579679249085133629500
575 6860550369592434597807805186684384179059391148210614051209035309390770964189729748490199998171327994518212004209539354309843985937111581400227216175338829959567151012880517185411020628429388014375773052163069785568678320168161306218880882488345949530263706540739829007192
576 20529045445766203125346129497319121818364899497341407486598365217575173641486641456550362930229190535320708226619346841491187789730068235793590238048631274704670435365329832023924872688841902636172415649969327020072359577340193312268683526385966170793125107433271477346354
577 61429990603680065809724061287269380574142786171027014829213488564218874262352077267876122518937682985721533647059695969673013173768332008157656527169887566395015295405558402588537916210678568720051037814720209321018339905098888707290301536667878594405763196847861062648264
578 183820536403429493038532772403492106824536746642408896687484285755734866360329227018303298618982220775557810633477442233758775818971681996918165359489832550707713260166528713428843606362477281670760883023773688498915837274509940583752480506190324980813203846942822349973744
579 550059272722346285743241199492428189766427832697801670204935776832584595801218139822988650399696748785358606393402942476405461021843330294034841558028082285099596803641119267667836751505703586590701307972550321681958785311029101414077189951820957321350900590912671979454986
580 1645988611788146409917272496002854293787442785964564178159456410101754223520802069344071987785931471536818132713990408155280067138933890256251507378170189610775307626350555820858222061760706775611686720346487953392856760483794264093134877437292902682581164665565397580961046
581 4925451309545025008382660766937517702147381825339081523220277501457290284774330498948895622450740808512410504970158492525910459157447609993503181314305818569279771216875870583093200241096252567501992288321702357083430020422924876680373176346907514018558072337315877223385674
582 14738968690513567113720284430781284792914939063764732756179315493507945539004482658934493001290531299438083429281986324720002130510654489663652397461158265650397902474158880746030805512243628991385661360024209490303995783345952218592892564644168649819222725652306262852089668
583 44105222574733805105128744293939427700789884364617595758051063353657364271322117555110649178712296386398554767372533096680202399403948097770532788958947250410793101572568465250804594281497354552072752604142809152244784705344009182307827109851262122604226685921780069895798634
584 131982025548679896719760968849879344610846660757505069066727971454613011853306629022493861205420184226373823598919959248413705152721446041191243973907868112595678131172331336069668718696085778911355310238406830929080992799718487876412013617231216246985476968736056407895297990
585 394949350239841776779185951048696211904105319584016378105951015535771904718613618570671078527684683487376648109188748093526434818463426005309088871934966701492334686441093784294686042418449365505235729809577310829315413454734891963529094788416384443659325411926553377702397870
586 1181870397950781970469964128529966991165764428719040800941145567276563824146462232247143393080214082664796097853420945469301148306341594714639717597418296369972862182014589152124915487341336584311942673062671432863133409181834424722931258934216693346780601420327533103390639140
587 3536715594831634887998833079904698869788527845401805739938242985431138571192602854540879942679488564375542995165210828158945453989817595107454968242030022412113975899307967250470389331498974850781623840133107238579320954096454579845703704173795224466910649444488974911032750996
588 10583571410060349831640252237480963337752325256883178346396948584216646015180253436515256640087090382944448708747326033394981404968834111852874344984967973193686486942861586793366050370044242109031964726210694887019009925677448332821562521574726255632122581456982666787875796442
589 31671320423825935367589484985573246491738519682107195088634396781307814965063308694099636723057130160624245810056333714394771046410111305493693799230421542009471064785042255169680348448524255605717511834542726073222949247322720106604026726304681415479945808086076916302449141968
590 94776770994308456998163215417916290958474179729588670426766892976362055053300552878044809701683471608853954937757123111816437303213972578100837849750043204144375773599453324449797486473470498957259100986279543988293162346215932905829329122682613054215820996735089436894158185176
591 283621698280612072443155645618308872358497269259053787303680851180603062113693757604262554813843472988310198773918130286202680511436344923021436247593537748328260909295415730965473404702847341935467731987553325178017760823450610237316017947750190766282563023587888842142397578874
592 848748067620498211327696956508912588278713857732410613119578052395054224458611489699154613852040505175171027489313477258551010365956915458337491049988779773337565932894077203894571893406757083308218826989693184959809398787489601967699718187670577618384239157404308569977412401750
593 2539919418500236916955998786447396457571256613391008181648325986571298079287225958658553040136409156152725621558144710588421583179503583844066871880208016509667234384222461587759796927686600386072341625402884911147855022126911541865556328890143993883869627129785371794674501015486
594 7600862337687310379002697915403026638289278635659514458180690439959492568870877992101296266174377964523647008153196068024112146092256368284036231517778916612384528458302393701299284916220626052326553624747768110803148694256762941715030640542753901257029750056322421678166119418084
595 22746133205698605240882615121557565272465735323109863746671569592307736312190525450943124692609086637485923342888984849646951249078703834248317958089574915344358569629344797799554013724913514015759680312562949181474730339461557713927933417015168823549317889143443173395449588743856
596 68069735984295138522206662624960501870745106845340513002783135613333949109608400144313150825347939873052456570088288163150904657434350506647427837496710939608670880557729220951118427715561938384813439595604484797746371002465967443310138820008313687721853830523961573425349355914850
597 203705298365489618050841639667528558124314738812805269837131926731264835403740721146691422729753986117977377650799976461999135353326305097228008255536093797701682626156298681252685538843673458768961787923295431391202108214382274764427446679228194429928515007215016333425977306003860
598 609610374364162714970228349876691134512711402519699553575767683216434631682358129098307943267870438821683614275468860746992454370261274221065275472493351375689482922502441528160739952774281412924103835423656882049818709453801352701894057783763631362401273054813366846180928624432720
599 1824333078070903740660444554336076971667196543531553890577450114726298769809264818222291032371282052918860787664363845890853816763677014634586422013284831384685315677383348143834746122558154892801738614898613468762617033444690800665640984455382732139010326950475548730666662546541828
600 5459560332294849712226707964426799649119645275963923192207968512501288894160444819230068819575334296952605504791781684049721647285439593755333216854840619411056936813657572909166229232813468240306115270737364502539108516018878949303661268950105551256604672873989777959096881283540250
601 16338529042461984065934408021428776379972476086678379216368951368831111287416836842015762124147498156528863918224633687683350381776266946360724016287440799601468246984429766721560289715843518759121968357924135602086728918095925163461469775568711337091680366525220956005353557110324556
602 48895622694676061271631868660836088877461904004279416009094001882552137246899468481017594178540212834838829528891467725446095227204770250898054457035317552563397155740685757070511809612640792280493203554515618709915324621103745106532548263776043398159008491101132856818485968119640264
603 146328440669385378553031570678851213057904902504306020283226147730263845570790479664093194366787788715141301685102344219379502425015325814261580945848568749418486871184078830549411182754834504957861733504668618461317858436209072727567354751809481114450840174210259138295218489682187578
604 437914412374818405789958310078579901581057712291230544197371247735299131365470320468511182353437725002157379571123603519987736907830404492500873018157253566410856591784367057535544654377197399512748159420748181046376254668730996497936302954657958100914934218130541360095101472816902374
605 1310543551485722548296705581484138099790944142002972988592970516947980540898876609380713282778620781835931530105229494544966935830621243875938569579792631527913176286170678404645118955209204850118918366671170137856708635040878597804190935539715881593150961955032911996049507189706338842
606 3922070505245995006003645912891091716763924103505258139498814301910391145420315139252317759374798621862885532696019035270328369873147300790792383899656930769084520567723644651972387898951665429571020364346525965184764419741753912306525026269841296786740975990731260395007639749872069988
607 11737647129837445364903859653379790801138271373282918428270114052966020691069451993960288634280526275348397803646156202151527560205676217821892311489657530378749240879448383797237307731526268352356324882223701605779613387701245561622048188909210912090580421499979098484114863932431224726
608 35127594447296912604526343927613122085983511536901653439662931440608122853995993307103208616552626743723634361522697589498048968622120030731285314232183978205468509391122430203905203710517738782739868349057494737891205655498094202544647281105491235860127403774011215952620213604802271726
609 105127775295481081000636494320500522664525127327512019782330025182433505046961445467200452584399156234944469190752708499369352007396295446130068680366561771938292733534567149345662012758950615700595985464664991801385375895825010141698633897996911463788957209826186967980330348939907609922
610 314621382616865760820558568324333035692992902152953021322177236536213959886768175973926088527708367351138245888020763587622227919365422607299766254239283952766430406441218362373833335723301651270143778740453094358659080920557047482222774948850075592206952749905115403958646298762833667292
611 941587508617079237520695510869168265096495732344495922662156969842063371448987695785379297641280475357044480948339166684805970347024314032123600063655293736730754572828577674601372007324430463637759532716353023179027589781087801097930146006810589836603222812768931059438346478498544596724
612 2817960024903354604618931152948001233999696368800444365447463037489128786427587477975581706136958894317067932173348839365203789394144227357332815585011183170044838846191905284726255543565884850265590762471116397292062467464100676202237304202558538732927730403379370156058500932887173700426
613 8433554360560398715322147622095163824606010314867554192774115867768070686417344791717321746769549465538569334179332316390140720015827278826004053967252606958973645245531821532389540494817805740110593614425471937471379794858042183850735479980782017142575709668976080121128691119657832820800
614 25239929930598093282001076253278860840915819126437539520416575164273067234373764607427608474107403640846693914476568882784164455601833763505564285818917507879533246125560759418570255335078410757327577722462020736451572449303754755246938982698464091198539152301179526890877656631405906873400
615 75538318218159400161453343665750982235141763866614474650331293396227480522070028888894618449342141743830770918056573367079896522251699604108570033065608197053540075099528296260017186032169596924066538335923421582986008511835354333082340205661727050350637554878525901490714697246987984152932
616 226072711377180651455440315923702353019390878371028297457847574633436645146264843803989108931217828103565257586162428277829358719976979871715059051085207870543844412718412475514615423588863931484391954537092463539466122507303535404937093318334026841789747171132316372294044902570377985768506
617 676597882307083167042191636023452756710853589938060351626818635220264886793444715048728987816860039651125304797894447657366166124969377262953904998607264619874871011227851215865123127713647664626300968779108322598055511254810713674263209190532143027632587776959264382802261372244375254363676
618 2024952217280089600877042048271035801160465581328519301792768516467549522318604847936134165956766205931950043273256493645022546966233425767664029558579372709786824116136898940603938519301780245853357855344367240865741406511891766235247643242224982162357167599612995036581994030245710222987496
619 6060390018162968536186893691652977137012393322797808079970314973558289706020352296306154048397314214367682339755464486663596639550699797107857832067287643301511345159107654909675370158624422871756414003266783089818356672006856790494090660713601755525480928447938983804085783440682323717018442
620 18137942159342784054238523486985884762860110692407027445036786616033621205786792254557048219740768149066131197424372911754911689480655565364231488421114362900589230354228877666801873961914692433255694880822569442140708957075154597593253448562324651599285135952735682090421532431537276851679782
621 54284655951204758887790236510681694154174608413275343628125111002280298611465575217565624403243463675707604583713413136030188153513826381869046350070094515632389440974942170425862577972588720224789723812921876272169951404638442137244494599611946111115949823313039992971654661474872682475359226
622 162467987232872077092801480686921720155378888646357580082760416539459615491454675189185291987940017744960759929716062654410847289136676758026190189071453698260362472978578055634127792134440654442757832435163147888105570528289731673904103298779336418307722976616892574809266682274727087975401380
623 486250587348675039493550630851417377793209549882321942222693920137913287894964449471780635682831676550508347711066671700237578893667844099273035152816666239239670332857351966012074319529610663087507285565930625550002298500129710018677429530394019459750572359051377624587352529898027621567628824
624 1455305265971979122902565030937870836598826883100998723583632668690247130783533017905455490080020544405111645586053566131369877842468548599005529814049150314715288818343745636074035803328382249172816524312495788405658021734771349559000342175609440255316199658377831999856728139313869365091319506
625 4355616965542753338698179191230233035903680211846937352162250046343843898389753903567300102550831915447908095111042129841415187994612225519776056255003675676462652417830097788803889639567076249892354185423455514538435580361126037101723277573321124771531185905809382259648012234744586753024433528
626 13036075696593404292390776516400407270878133799506812054620008392502094621204749440122074794989292221511235553085208274734923811887700726740614119522822626195810978892371697359441276035113832197629811474059938836334409734269552104911024303024635829047032602201694313032590571969681521856509995472
627 39016263383738621678823789166945901063134783814553513774591428555895327132067974076659134930818057582481735718735449374362522158973241762912751416383928750189757715595078215800859704809564848485630149835767459025835418919887086941700529845421889133662806834240885502326708763470752529434903825146
628 116773978765926015599653998523403828523419166400022951232661653962916865288387215540066911542698118707442664669106117774326164263245849262386464010206042961331544186052922348255942012647270548790847473554054958668707328906727215432001753422618721563999527145493112180997802751030347953745632006486
629 349500723617920008861991088632209396894326842765952385627911326172786539262154419084278732290743197108864517072136331521163385494066017800753605423116451256325081522772920020333698946843548676594125646578310795938078619411172987686240719063089987732147886624758647462385621098134092908059461036874
630 1046048144448212296879456194844173311186906990336806831302442639540459330089747859369880033465810310097624532349290110337861132011228858465855274388031841644001165139650065237050566110147068081437252600220063406978209664471528739946259881330817656211447091735673174269399109527650782620658885445700
631 3130811031758857836791648231047079787170617390929262043804143408571922489302254961238382470468737059572948113920054746770031754977938169550033619987680552504765390957008847976533926421086760122587583263729443193400681218126016908082229374479809322983062967754370516676988420016805375879478418152998
632 9370518454902087042512475834675155383127979174084822074046550908111011713923347756378454685490767541884759435895321742752828034664553487078260582583122003906248165025592491729922164852613103471067741931277829969559471485050531638212570766187599843062256040123428391988860273208633581453747415932382
633 28046066741029128335987409859798481325589924435813132990577530024336692202589908678808694354165419757306397067868566634641538573009303159034118215171276285312696570013338065781201641028933210214921374209992338986575928000340955439522794012895827483906687955309354819163458745369552926432417174932690
634 83942496086517721180705192912657683703819086463161384238889888117316348273817138838955213496852507903369070517277845995739744578262169075842329553224503012736854306344616117603561097361312559852778052136213633605380755549588336803879313171207283927810392244571076221618305941129670309081602807055708
635 251242648666538829672552269889005170752326702013931165633699399258965085108427517626537302742851215950213982607697584554902192668344127369821057584800911085568390580663006057891612293313727595142566693648847573142969462476701304544775042655714420390920748752711065071879467768210993031767578686594888
636 751980208769190616953850073978400868961895414438389957735849925765001312514699004474236137807884701991706933330372719266740525603519573893828027173711019244923096464584170364390115152446633614535492903746773881289481650294166703110422086946181237075270688948503852952029470738490793315202138061761890
637 2250717649326969977986874649982255436366990591048476967318015034210985263666816138645388920866775298243317679841706670628425899179222867224525490075976347486389700102737049486579581758029659277740407038108396727151795130475764502626448194442371374564625359654390843547657177695367312788748117448141964
638 6736544393653708917455486834691718714739941264578503102360608234876979072412450054846588482632652895842138685922251082816357777313310514029435548248134454933302319586131864818358675043598218767000795908441239736187912478115217605235295605221365538816240613391671067983680052941421022262510165785219744
639 20162987672077259109628979908374381229464161684461498845047998734788393849796788083475189242624145034856502467150067553198235771503746070544765081796547641309923863011685167010433986261007076552699640866906576989945422839776961917663851706765242226566603945250459446039178756731749498137011561583676904
640 60349564044881086013404704048699598481910049120399193075511190174322471583900778180582107365737644833412839991443592671571853838002451277450780073844772458874815064167620176581718759778729441920844409858748285950727362147753679240879182611677132521262041943310589254991775834963799745527812699309953234
641 180632099225742140495261623005473072316235519249354256411654630982307123684332590945773775809940985675110686883911172875514128904939668129786288626729581998178247569627027582594627861087578760465090889082236112881490951802045598097294172719299935615134022482565690728451108535500063556027394342750086328
642 540651305162873093115320437511024380850155754841078186681754615458463717344846441309498352772222534728712397976176608004147368933979184707731367213313677577789908587811278287345013506163680870170416389274120748503710507451359248012690103603551769868080216546417379738253911721198730998461167148119322896
643 1618233219706235268398378541001968310662043926705791061934380340655449626018012450482182737975031695292927559896079004549667385132779690319784427623628735756435708620534121864426643640654172880217957026558951388175638035527561246019569242068788031323119467337254658174707875322188087953550159354260902138
644 4843580188009828367649819283716393348732539995872085306150030696324409891009605181102874880438125952690653805433279674542089792399833681824138681060432167337180174789523363734019561136490596330676377227527602306086907278924397013290707631873502390481993154084863783264278189007659019484196218982015314038
645 14497509317002620149128701292600424026157761062344243554223137621758338232694811578386462853802052084940376011762385155102828088299142827250758050525568408270443213396091435248145620796321319889644093345500623623662251770888810494254494423636632312694708285910054687963354322363404971960467833040629005210
646 43393213675611484294120524450752808783444204639911933621199298748065479903926453547494663031262967769615574081852458115044035297598911789017215812887574598487070556690000559885359043335761143778829450484220064006746722265148636885529702518700191380455654198367741286944416563957278509376204408293446535076
647 129882830539790929273913088558006952742034944915793670775463934235460212215206588722800290572444303185670661233027392128241336408217131915790780171040608599532423328346339582405794309490579760257870638972610173860663814198852368550837098008797364018474532358758174550919700624488874418941866525351405782602
648 388761439126126723401453616094079207038318000970816444863586062336943786329278906997327565229527647616662527983301519419469290197208010941947369767374786148159929791304962228665078433798039237490673994820773248475188375702926747886942271514896776453804086026796537589090605031473998950936853665219112751366
649 1163633243023038778192904328622269552861991623380787128231771376535682220464994233081729441835968530037382872064949877576750727933665300357670943683439085887320845939483234363814716137633519619060822215177798418743477040120202981893710146171147780722521864137612168003542075776337134347075616700250144969102
650 3482976595137485748538753701591414135199848835036935855856276253988883399701802215260193551011384048370650849527512722924462613695787195138600822924810976763541021374572395789040922996789128828128142153462974797730668467116496037884674847487627889866475271683934532619301340838275201841874309678086923523428
651 10425250173573866015668666118447643658187081664832047280075875326555607616457622704049731570398820289941731010005463592996656446819636127492252392154548680594841847204282308779345182010850571645413830911825749180244296212776503544215985907269373895786518266694093305535334803297674528072251027573735155470708
652 31204979632461193162659484943026729582659758342146662487319005071760812483829755553864354704369651145300234738440586817418929885801928425818127386765609093358424189749988415948783985823205892074728991213131000731984259031209288382979856525969296024641237090982810572713950261979330908443851743349926472028698
653 93403425835467321866721179528143855853369888282342481972548630700905615068037594080019463548956751338069830211409263567181155542548034893883543595979855818533089209216037582124266449980690008381498926726120679265961130902325324291686788145216212004781309119379255715959995260908990339035178781133321579344176
654 279578124498644436039006743444266458912828203470076834873211401058783666897979345803751379336890600666074006528384142813969538638942457092729334934274574119394109158141068804801054096423940835691837830574446042600486610630844916873058329352238476889077167240811375154427787776102307782571729038396682770973720
655 836845035370988502035824171771051086155686660481414881924560274012751690267945490867472369409083130264907989876549675878328179349686825200417079431974180772823107504483660372203052923900706210721490620426996180081330757070064250655702646180185484177427219492189281151115934516854480626184497693485048833055738
656 2504888342288330279490968353907728230567200676196067829676301633089284681202737435342005239330429396320877978643489509953133584560685014031391167158193725568064162559199538582465786453457646727593132942380051102464106177525035072931523470190181093655393429516607369164722448226131173130806843357604519945769686
657 7497788152874953206940547406984358572975322416819336940128985838645174107898905756219271170074817849925211338861829297728424922225208516110729785115879557109790315150277048898612615071494741026072596272447934299421174947864578472840999014522875658003412775186075238593152096517230448306118643937947839208995198
658 22442923093353066292293268798355346778767604511924093687659271851002753953181204547480694910395740629337029167835219640719411976917375859155248099497036654751249700047116740474881068028920328882243789317609684188172992158418684001589116196016939471908066192528554054845579022108172424283673292842631505754778212
659 67178009987153371471200753940858448229750408007895696304904880746980988477127723563343410029414129151916982562028097817466238379618469155209853537421063427475868968554190788682651953649065218103463437281150309929961649855449380140352136039157295426287287488724713591711519531803217369405707796640253538458470576
660 201083437649644456849103483875608790971880160103288678395859688165698644919280955415880033507249828145393489310621491739706154194232284958957048952813379271954234260520110350893440344634626391553442183617893235165643017134422835572576150027594299206478977025396427422120204693044442005352174342099312175969398498
661 601903566366432000237250917578709711318318492962116766582176493151983443262782338209536673451057971104006582049725212169840956802764389038414267171737991968401524899016371166194308866908260956904666670030347194731287278526386544166866148166595511930272197298059897811081000022078940306564998668357359928811959508
662 1801685471896150934862970299225161655130264809153561571776313738447276316076323104305874191285630045772892840610778043889218384751078443472656032166652075390780410084850535497175339592569702392217747616527770283610995635380200772174152438089374961723381706911171830782400751651032913633202500998453656790479237584
663 5393025537742113162811784136504885847347319503868706469962920261044085973779268017048983947781718485816239117500684946586040807691143418831889152159335646736806841949585169629776567324568165916114001564989465871961508949677317423301780728718618373367940754769936016783366116209797390400253691462659192544464827700
664 16143117693148530566788541627459829917000660050150697076590022911350820739925388166296101482599680098245449108502930546794351792700785832626197502079889224500636228093122407204597146467848927470688519537705854645539649628203895393792062990698072846216919157618333253013582238435269458934657230009915837498130214138
665 48321875382742819092660163847709615444615209725758561497132847203835887729392480103912364434760157189825009823968680398632771923150408175534555725643040791711005540626906947561486484033751054430464561341938396713265323102935227689722311610565749268331859742020411128237447398100604902137594191441782209416586586140
666 144644384056907182702897397158569223835448149314767074266286759864867813217527394900638962302574369757419510985204245602148480263083195400029079903467277323560189274794531421260555497694043827703410132756929927255199124081830381769541875732521770996788097064843829381084509098647175561405059806251280250925411668264
667 432972980441056638333903714539823470494723214278886919196160689480583167258350392750150707257308301907066066096936607746852078870811677708848708446918757037775494287347143136769206641470587638209930048611101761689640718427267726729597148458768888705120367409202935408024206502991498052869370024528829718105977615882
668 1296049034777943469294104919133235165407661702583947828688333902344369635967367531559858728100129537153530298264550947279582530812844920592808200313696373549196657591308467944183836550797452986618419131564955261017842814759009280357507315337370468364751430852612010970780470909119785672639467065184783027742675781126
669 3879569046754332882837019623178296191382937534483572600406803146065738187332896941525354195872890373560238623055745870438857014997880942579313015190742809427002156694720703396829603536310382977562191016235172908167621323077492613621259488172948525602814138409993252068071158833702931602926515804334535588036301580682
670 11613067465317988093971707670210462439980427960003978273095736931466822027782871958745924543282893271172715717279314880985173046004562245678568188355119100433638256992808086232889976080240673275365592594986198644924033593191274280094583464204531485660988634287717717801262377784377059096596699585986272479091838340484
671 34762565409046419343348822807413154443424354460019603994395168374005107245767709412117041346901685503813052479166377246058515115867470025549831852651372458435822558615997708099077655796037134700961353462155383952445190743866368598229599834717137259290256053010758554379867923179229608643651156438024309044691551147338
672 104058627042623087739347244589224139894219470026192167935114328689073230367267973482271585651492098607294873406959955325798386760108211608711778607973285270863967191085821718251985651640687361986725503085769008346338082981361700007413338816853071309566724077566052736284728304060287464138177841731987089559512938071254
673 311491185975866045537525951462367019677038837975774201240397546104256299740336610255519586091441645646155044111201640609970913413989793047305493350724237374634529186356047570157930899717013148332834726292242997549262824151313842819709128285488492505622562187244772872374651815973966238125829966799722595415657998681246
674 932426971149899232658151949094611647433878046774341914737318726823507685674327122849547739711675858310716258557890556169411653123800010820460501507715229706551048628191698990348930044626239070319332908614773808568393098938265736218396532723851007985553080331625338887047380256039962720197386763375174083798749266418276
675 2791163534331114614562383961332696213374107485835191814688649497610799902417069527827322529972413499913664348656578437111690723474951372979082666385588742052784535005045722585545284848362952505067756051822951959262325571237980177747877793960125244443669527530149590300561553521999632819845985524319171600796715623117648
676 8355205267077319980640786230499618694640173998340279470933750687209955809721372677759312071671076461829174396309142099899919634066715248599402728501015286555985794836208346970088936428830267931445442533194271118297500590456521403726873876228133369149438927165113417541779461869420375250614385875095104186887170939810882
677 25010959177909766286865174622327581368436478321107580471884974512386066537868576847051315683612308291247922175267513258804159507287893677258393173118307618793327990132724200863035337284214831081506610785247338951159704745093303729749243885000147039760239692030931411573346721699710583645504402263392632292294128341287908
678 74869502777353917706962700831367039946941647912870481692977938179466144926666611265713994562071223034584514315777732125148973663155156357365664760008983897486124155174498688365050956640858821672594249224032142671220972125258433704987730060821373175538430674914039465199078912018396254297532125015006245619429060555974448
679 224120160344151889738437241583726116986708054806639495825871946116919421753786635845996762141369813017288915151772044593697772064390386540467782958644668454664173660015242063132415819768686138452089783385861982605223165283074963666486944377550844266733408219330383691653490722022271661066158786338577231330888178292494128
680 670900738910787220937823397597405405329272828083473043646736236702463931721544292770448725509182340843847266830211549519553109457200022360085332003302423754386624164388103028351873907294328281887331957862147244495374870002371723154937643325699535067938039599813985065675184055116519390252723273096495723648853757762452178
681 2008338815415804454224012182888069587357970170260675351128214019381314598665775353537561724639718785307195077638880354851498736344119644576145199871474595193224101618477230611484948415742364667443498842223921954892566862542070859045115212745768796377938139578749519378986487200261740453497332309410985687359689894715948224
682 6011973477578407745010842534083312315053558322576409991269849797194527033701923821215423158967618455879081403993550453698560737643466324806417625973229651489598639778089442970993384821483657023423060783553274676796127188183919745122646776103552903554971007982349060466354548015272476690485305368304058480184326678505530720
683 17996932517644436808774837656368869285331014895681729599854775492369884401444810192751141455270538086690754025478566634973419106580167834332662924116814031187574969424917064923801864906353876602348086564427081526888869441017413097072378077027092894652629528697732821278302188200969153822052369938345626732260980732871973950
684 53874254649526245767020960500022873063136525180645784461244101960273566463493404615060290395673030366721719387149769977457182954411068781034373993925440909798721101631027935482787144858864015269024763153128713535582771871539904416722031039179755485911599785014729145519710214295665678660130360280941240081338337602493189198
685 161274391412655374796801987122929178458086455318155277612216912940349792978648696271861339569379657073099218839274055107089372255682940414380247700558724952071445986857058278739541847915572407353499075116906842854277889099115963029927251176831939720313232663134097048637865380414588122194381688337642660413737714573892114310
686 482781806222272271817183741472136416537639791597591151461820362088969683553925329705320743689124354683656158026364791360748086435399953246564463063783671799578014750679266922755214008276536261796045113120915338283956493913392466330297564106076761581783284450567849522524378162980707799723489500849263832524544001017426652492
687 1445232506969831715915170832909128990776712611602196819569165976131280858963672645776786850887736229083577406956097836112163146527771261660848722516026471009806300273608017386599184807817717403210929146114480762443422186405073617633849426914342725479179733963722720036246095025794017057463912736728244045157200754738631194868
688 4326392194680738865836224005069929282286527019648398440698727754508012752464125102141311004615499131607648692287541322400844418530327227193099212862955881021279569867704157760427817478086084347782835479382911614257524918291483784311385664249239694063226617835345965702166914663034171259458634313604970479505491562131916691978
689 12951360330623477430782284923119346287843600462539754347772269717007558403483481444949897528768463487141249202085406618333023661342978838286695048512931760811007472441330344484403957150103362989436748015222601580772524698770644349859937846173607751108091338714894337983307026491054136257744983625157869553829388440465239800588
690 38770929913118782333300426086608144304276673818881581015428349981012328769791018710128621190136505459973047974555347267033853566894508485097755104283948506866683100409465894956706301711843801936668103569963201515046344455483766460167901341616033563276146721217132261423314006498168216524928782298242885034104824945426514318952
691 116064225093471410202467858385308616456116641926394510959578414145004970574193202503993530794096130766262489885203469144389777014512530006246354645601345377063287993764592037116182104276935233129171108746275556535754612946466220068127423411951956812511776791509103765062049151002078675086835170666878800909232911122200589132046
692 347449633837014320561327756093288429040915577945904483871430826930027591095783889792708064762352318941593489021782069237460706092350505705522031871417069594189983427534232191184680016952827995061216189502881901718674075195890445042403284458127775138477114409092179151751189733467561928088747819967242666354783833083915907257150
693 1040127695087763435042375145796286954258954057692721233602685078978252110144075449789483970416063225036351949686794941668144235288101428590347676428728162017837110705250170592764468654762225643102642724468171382251206251169826723832501327081640239305880860965516140359407987998495515469061101094025513371329004470447419131901302
694 3113743101744876538077838412745487716430942742388705765155920511683926965963204694579485407215135880363564749158904677293097204556631226035248500741462079205500726659733532037088069658624518589626148125591818790713139232276264501467456387268881406474936287156301244595316463522225342965759097113467720792928607100533886191858092
695 9321379910282518128510160010499158045529223870429429424987623723941769369543317200927298627967425388036878048102813931889837674995513830965542803846417795919928111458356698337604578005964892602804895649288591939820978378328630192785363977415621405969689985105920705978021945895756809472134016843186507105922847321415157429062714
696 27904802164565062232000382586370518161890404559967454149190239401955217733355322536858532343146547227141268138707141230607399693433395762334561598305242750523495782786506512109999860588652512110791022945862618610618796001783725968554640346785502403866336651931923334193846723172888875159981685188133886098289607125061071752583686
697 83537022525859603682009930681906720967256307647823691330250288557125851294742393392014716953887064694221170218599444064086759891635298697626855891454538707561700645499318458468830748095769768519262480603236098587855601164061579677216095550471504088071180201294548171448906890035055452536650483676379864963746840541727248188524302
698 250080792552504220642857285526198130324634545359687637451241365798031622858181375672920479512343441681422684129385037708491163704725348376916934052924333207664020351699455615199038596922491110476404364847656416944593974884934190491805537135127936033977713579680912866960942231821792324511939085628907059817650559041028246923989028
699 748657155450966799633247902148071633988604114979325528570579157027230097046239909575093760219855942922253633869749100310779130957563029462521024576888750514541682521164219194848232907009308276327269726594790216326909677574821307318339467476204216162059317333017912562349657315807897094465636644300707875690748433779555599352005684
700 2241232525566902405683189935299843347359078020264138711040023412274666344765970584154272598991053027505716494235135389187123576100384862765422466557497266641669997587913176593869291710124690066774949116237548218162375459456533022973896508529976520265470470555515567454378583972307426195760060297990290671012861569274748406587710970
701 6709530685096603805159441721542440306331970288713061388274436352543976003082562386824235323187961214301278648416494759031799564719149405658652799806998639357418603206510721367347713544475321256347720761940900502815612976723731461851189293041495933195635395190508207745577992002008551646223224066629413651992504103989620280244030304
702 20086240437172193970422195575305924780767695854374669756172881221808336696615783429984498429924235659720984016722774059361328869911932174136084446693416181521101958272689665428463988643786897780621700190302539602708441105231770872183543534996554528026393723284192175396536804077137378500039576130516802435734311878732769354719475000
703 60132111434461111510456605580294562858834170342104048875046505001642779618348567660730828833134145062123384143645332615355956216516042038199425065846804133865052605428721121825809694196109758394097883544244334392276451561364919557208355219536278895508693143102138837453337291698002039882708190344304182752490567028536194090806773622
704 180017833067170419622291579694591990814647488306666794323981626608753374356982122499806748223523336474058453240630747018251452602024303046737699026544704226266755209035505473824705014940609882676371067207497414846095839157975781426135570587877544939779742952492490865189419463910820644500637621741429099478999172724117471805701609838
705 538921961190226286472436233125018225714122049800512160647991403086421734045672206213988427580368602993323581753316825406097715695034650521195010270622245678102316625119806577662425509952112025686168360961189552324775289254387167700234346028491265263274345953951892667659695569856466846723480485840318824196007308546226641588835308450
706 1613383108533453535889343155299454834239124133682106792212889402383464396260726998466546442118235355158702594295841162050305941118081955593778235457660320533313227502558738992294163777654090047223009736617631452912169407150487400552285776845663628054083058389359578032048518531836964739607096534701134959666291730893884896756990900508
707 4830036344285102880710746598480547020749554837340046182399264488599107504448456259783440309462233927529343490727299483453484174763968175148466605752063025177477473473700190731471313024292703293609328002216423249191407608039714217441571943366859869411032010006630892378074490297509493684870743757614687204947302973604392979729506175332
708 14459875603971759611227154827725116931526332751618372226178203459719853374878250218745945164422005601938911066604146057383656187694584404943326972883957214334829157534266810157193551883018198647938098673723070961716991533543859121939569566059305049475572365803113848887573201057368095952952325170467085153886676562335213617856988485738
709 43289241531155756991536436366933253685218133185246042701448873188938176001802816644149063719763204993245643200266821788783222811749608994089914871279311604973846155204141201883601456588388094146778301403180373725954566191490267349392276389475839595862708781914927705921490046225649470487958172383933142646342742638925363785654502794512
710 129597509179810296497001338217355524049732035655736648148938760525360501980089239914802241542688045236897109867838304439908545078926753881845682357074283418425158454658004189216741864076068040955586691506453096716960354042615092767301154766967442492028914080351439989583210591878571370155356739036488507400512600863276851536149370583832
711 387984688903014619355450515216272586140899684476555662697232459369776805397960188910310905646135703491236820393815721733776241736201466353759417355993151961032327696279660510108152527390224729285578495718332683650755191569764411995567994942003685433600107682150015148757667084546023057984665835924282225103257453815514402636569664796644
712 1161538932825104136172696776559645017846360013879484565876125811507744920780111666898553012577519959889293664700076187249419570870553282720427881063385445374347928210445117304901184445536757856676776485027368667620023555953020225070051350514738565558530539674621311802881986525236865145992735934500777938755689555077239831248513934328314
713 3477396421295254545491625848918115294452298239819691387631428987558679220953896637288913146003280035068226846057698748024346591842941476401469882011145576017408985718906573864747495212791654132339228244718428883286653255346352621504859517555631868125086954001116617892674454179800452236311547197213731391623825233811116792043310702842908
714 10410602843213745431609526705056864780801142763571348806353757240460364497430802245102289204891163708720730573598625752419171368255115488523246496654863481937566664077814303907366445668603818574588706655635782996875297295121781188599397974418148421142894730908360474474518411171131452406044937897066644507893440846601292892344043484847080
715 31167272319332856277772433771472447237502766774892147688989378166870444980301818725278322040839870219854765440963680485760858721920744502802586508587948082114340791178946960219581069497649115539740960729557338238320000854388340545168012292707132658211894134958512360460479935601659550141097767823188485091878449353741698806175357526455962
716 93308874259586700362703826333895571404931412292963010755548312665821019560193102697523567356831323680163769526877970812273990948994281417051331183512630337835820125433097497441555354170657308688925537400165365075901179306022014336272890566115549452892848523359676701562363598902392217967757946577472417087556406669863499574304366070107142
717 279349782873021547512636472192110004668584519182751609201862926765156113526893360572983514328416212752192864088401278568576439262575720267444758736962653971531039752629973410128718180942495030052276592810375392438388958509729096816071781065299423905894220389945615410748982205135799410375634517218921416713660997193841642596360839663003818
718 836324764824217397584058704049948631480121002213993055794704310493515858337865946197097846369554175320252460522584950271548339672392422584527432269408602741850007274593830687561768138270716326003559089770970928350453644088176641251208402453513743235887111775543133392310542082916512059442100621118507663655179898218867932068691828470203076
719 2503818265446838526358212583254677199255483854268293111821956981593574877526700008108048347943890759218184153679956504686462950067426661126323612875737102052515955180895883097891446571691942372363121337473062140811676655998905182362241560138881915504528302812988744424591157320107757380291118925716139540937393700506867600059809269584568900
720 7496039621692131005521842029659323554811572194297211095686073695959226174461178802713280968846193555389927175837957880941233620603200307608043856561548613632003134968759254339341520622425232211324878435878887857461528138478042769819935830873286173895956816626621552139438373375826777625769906964046897414436945719112651593771449016116643050
721 22442031319175447471821072822704931471983972277505576357806577275551044372315176004676138224270947015053162924953814897367095978672327613058368343283038399964991013655606461050625195893714243477798708268060029130562575668535195268901068012489238481222197902392245864960145357824446538686430347067102848385290911928867224429463649350376487228
722 67188302990216694006854569752027805777507322336381367334130931444666385274649404094708422577847981036020038239441098698497888526394210224480006314883683972693070906828913958099218724363850327309495660404534144197357946771346897844295816382196034590564163394527656644771829986456846046356799243967789113521615402955229665475895781887715814408
723 201152944330336087507679087077503609854599891351993105147789453682173618343627877404321365291209768313729923321473261925684323245027943147763646969730649484347670329317053178920570717978840316342789484388887199716072545351440837303639566782225396005824784546198453681221572931868889189633209358469014614698102490695260021701935607953768597902
724 602227143730242788948827264536372265739483434878813203347600281554893238584887606520660130299132956832883372799813314145331084051512940663953569058155192742136470583004011075789499329397354730412415515409529712842849338951096144129609447938666734656845238742075345559681246040232632529866352604120071733922580272787541080284772126933809555198
725 1802998917384250996981286507154182276765350902025827732927216484254550529929159979826679395550256642561713587686699431506964778815044316522527325078441217861798135168254642563553307167648780165815195939214303242060371085597493636695496567514321467874588920741797030008934670697251118713827113912068552801649959222351547198759176701962670777782
726 5397986693746258037484493004999083600506512984394175064915599354102426793831159617122032967066263291706981527348018222627718486141556591357333348370244771757531247891500474390696206009406452718834456387359543549983197016773961172767482612485150672188238504192599748024595529594392683211259255000282316382518923514717001110735637832168319323052
727 16161041821588777160274509175172516048789648439668144057301943115339461778580123696067158650947649936398235978203567536040223196179241691885033580558174966071205487331145456469490221393932836339876101349777479138797628110774934521416599285214809711005229570995024611780372474403129897617855622636470357499735168434903328537306298996188911943962
728 48384704841866398750289210957816077560547769613273673253943051189504805114884693801505924283219357927239034253788192690314094086431638821440590079525763945415989482345072274645817336478608682973807700586756015308380671864402650195242354334019285349294300308344806745550163322290918985265211380195568105007624798071919513075481426660149231721734
729 144859850382105546930450707082352487153989576065374234276213246927199953593069171161301658216957048747287283817481753672287079187611117904638831609516488227959393257928031972859835284408832811524550910600794037590705490193022560761046332765381094522480495691416896862918953521731383033848937059236471737120661724777576577159751034399604157359790
730 433699737749068852289801089043757132573593487585095231285588682190706899191397908417568141365452080199844049257516540236310625499163436026209116569350320213691578908954830940965113014632608702662087227647289672006086691182376766992772648884711774756436145791212309266281638497907434534027513219099194549685924921110936676044974059365744805020132
731 1298468667985423831195914654777784390361737989686307354212581126691876025769928953016459784358676266009027752751256832604284507638568762037758332218933951420575353433514988595749307900853598614253017497548231749585979632949196836228772562768255074254213386446043833835020420745128900956238222284103959082268405133784392781910067840371136377920804
732 3887540927218120263116775718979924270208487876637532193307919561188042400878622733525592780154157010991149763759714552131711312710093796845263055577604396146205970203704195315854072965715119910487779468944924734825222776707623465896522942076590928270472801455139797964330772851166429050527017821070779585867792344637121526480054212691661987158682
733 11639106853636029068682767233176713594061038120494335123696267501378622166338928344495907970904138135361504333814394753545125021088677649512743865118653125624444142939999391908938079478160934269704569399677576454505600568942670943681555167248650564366774302620951429164025962613254458484498568939436186350359122425039227387496261192715070467610608
734 34847009565402229231270060921184599917098052746024103115404760947292358667287703524699563481995242596449860096173192900266669892449266102555911720888071705947325711249042699711511991380371596709929601003755435943292040762034875675227197442084939585243875377529914343854460904635755446883230299084907004442106401712690724572990602038690133496572824
735 104330802741459954950993337968299719304509885212974943997522899204682413622343827468653839132365371616955994593972319239453845296666362343737470779386461654898262768783239548099960629966810148069472894036725273174854899169208501009239373082574621293906649995637563793316152381000853760359154334348094808885431609651488440634602296241399283140108632
736 312363841514098501848457207045625158650717225920092889176469960444768324963912057764001978528666262873401957368103537413580373178450625068637038654808018090097532548473517394975574211981455652408957070558665304731608382398165296220669102115645993120568135209562921537737843361511389847728148614731291186256498994173558269669057582145199342274071922
737 935212128228764620695948853046661016471147964681818125767970116297718319154093434931980134886252528797007231779811323911675351763298941386162743218183308195956782779402734949075659374470695224016747294178290435277598483922377702354876298587033450071850763419871909486150808422288203787685882249809308774085366158432004409736694740793837464921523976
738 2800017018798487946147756908129574505278766343527135737173947890872980699679127080839524581590805329065091176284103419180297766986029298544530943013059823861163730068850608839080065309128780285081742741207510548310426925844872947530167601192419865619563484016789698932755225761832681559139219896947654194502698238849468499380668703424113661660363120
739 8383249164284792923023048908480310515132880895944102475714433712925443224661011647322445425098077785029035843206958905931739743208936968838439591449029048688211231010613029557454975250912988793405747491304132273179624775129782476841582533272023808917637630217147180473403468773255650692792998191441211339292373207138946682387006693955220934501392602
740 25099509647104310213992366208622303594354362752132575127935233386061610694817294634285148965457858014864297520708629401288967658713142108531507906747549318292532765017399741588283473707323665331975693505225057182800824035750094462923830651384903729611137871388515411236424147721760378692465162536413142840012088309948472322029632984777688448136278390
741 75148316551697232472911577010973651100017499152437769465468786031294330222279597198640096720988120504039900498446914804607494336637388722969952131141014507248401189045222309325241577876168067094394368626620346278619976509206052372807961080613949203212079741440472612150809059912185178678119253154396526600889221039839591154772760787467944153054144826
742 224995808938857335223047810175090532134775859265018063664612742807409342837997903574732814107106594472610823382287796830363631260793898083199133111294913644925838882718492719182538115493180611750780657862787931469715825281107968694245201687670738834014362211467782849695367928206044447989776846748960574370069613945385204314641648137488337880390069988
743 673644473180043790554166921436941969783358815579681643015422023568423969574349660621217252450592444628747040606862978539753436108342435716976067671396293564492532105621759628232919807824970090769287480564595313064143293467993790793879240312899357229075621428921276015898925925420079404592663313102265796668547385732072384431495419625837666930366045194
744 2016917902002970758317634595920764720031553540801738510361624421313457211525737845967635536448440450084379279214460483822865084666787376325780861411613230570043779718065986627700698598950167739247261837713740927765685559610136036785105428155698624782726060143458809938418485936732008664366538658919317875886594213174179508077117592454237239984755592518
745 6038746998132926400552372635627346296398058522342451545196431584663366381833286463556336740336940393839604462892405112998352941771611473998104130265892048176783033102121131579590006828954999491192353094099107132746205675432179630696114850537491105457837672649058782734990962071105944858955159999503491322273176282536091639093103670449440764925046498446
746 18080339852139340114221536965864037655753141023952752727853939916242034614042861897747536710608414861330086068983538132255283689765231753126197808965769755052288749773243541147043907099642782516420816105506005542402836750268803167068785870717775771990220365981245278388902996051406991516601536043038286990935659052671264766871201417776693816106501841252
747 54133671425081397621231386998813238678460837781424556093196046439780624809387705923717080978991448566991144515742775428332175456665700767775282885780921334455952542518950190902085021961520041312510275441789541042323631242676854791249620683499354670891445169198622556268977111361815275148792271580832918815251147582620514546180937516774804358382094922436
748 162080030850903727629841609945906209645782218022313305756959624032041140369058881557935882582175839243909068055167824423364534588273908940119577962119513620114496836942018996094236663592848979604892735628350196039798001909501204587957820579464566874651973236742506818574480936274176078907232191874784984433572075339111390952955631609882677877981105223674
749 485280310526101445960244406463894441829060867440903271588812650892570985074408392130857418592164373241193476035743104778677669277241428133486121738582334381083180475497409827370293114603743686693554414876182171607573956788476715102313990300292994329711275985600504893358795788784436448546091435824996663899274471113187267095659376233900759769594369115168
750 1452971046510136620905533245360565185766797584858946966579757101068280331037047872457254891745906354706970586615546698448779981508258530630536830953958939447882814650120524342828056045188947594325190212156673989168661553087725923050204454464989605250176928407456961288364484743503707796533554437165892177409858791533858015314147261694019531570492463147960









