1 1
2 3
3 5
4 11
5 25
6 59
7 145
8 367
9 949
10 2495
11 6645
12 17883
13 48541
14 132711
15 365073
16 1009647
17 2805365
18 7827167
19 21918997
20 61584891
21 173550677
22 490408623
23 1389206065
24 3944231887
25 11221911849
26 31989733339
27 91354992405
28 261322661051
29 748679473641
30 2148051747915
31 6171399939137
32 17753202460351
33 51131788604645
34 147433651044399
35 425565349642341
36 1229631034915883
37 3556306825677125
38 10294807303953023
39 29827178398358049
40 86489401072526303
41 250988317636730929
42 728900664913794291
43 2118326046327671269
44 6160461782003202923
45 17927387478805383809
46 52202597141657688211
47 152099371860662633681
48 443417122935254034223
49 1293413475022401037705
50 3774791059337381747611
51 11022252022666226243637
52 32200409887102457546331
53 94114887001217720558033
54 275203373924968172875747
55 805083119675253551960961
56 2356202569757055515891071
57 6898635625328683918720421
58 20206287194347089794390543
59 59207526826346819991105157
60 173551763684320371161420747
61 508906197862138181311405837
62 1492788131912572700077944631
63 4380318461447692315781630017
64 12857479599799850207923862463
65 37752386753465422694815489509
66 110883608000663877094854026159
67 325777270971277201135045730533
68 957416718878957415086550088107
69 2814520924788146328432103895269
70 8276139602430683666181783619295
71 24342642869027456125085510329505
72 71617823146777254871692772160095
73 210758439422056485556097809531793
74 620378045011551346069647828190099
75 1826554708492921961797506469722469
76 5379118429986742149595075055452651
77 15844886151085961441921249865888321
78 46683592588432008622774051754121555
79 137573305993399732625059888937753681
80 405505310866885556167350927964434607
81 1195498907589023184015642889470920673
82 3525250307098968670471195866660234531
83 10397210142796959817874956622164042229
84 30670989822676529204043657564298134939
85 90494244297230968132098880560057694009
86 267051162233923207529307326706232207643
87 788218368573974875095822229962672270945
88 2326887943011988558021783989181063438751
89 6870360996806260062619861630074539207821
90 20288839232240353888034432446021782769351
91 59924833674869019000370738187989778567077
92 177021882003774281953453034771368126166443
93 523017336078284108006372498717641596492741
94 1545513523494469745822700761816925839807711
95 4567680865675848682409757611732001300697793
96 13501548489986773930799448481601397898923071
97 39914895613005511196750553431476968726909625
98 118018135590648274969688208698346872851416235
99 348998545661348911998848907567442817528815365
100 1032187078429258451264334304395240347630651915
101 3053177149614156548427324680215851383132857249
102 9032401990042563501490371657534537842547462611
103 26724592829715934593919780739128456341622105905
104 79081421631620278093634266490222775607060550607
105 234041216107670168053029972366152214364362684317
106 692729584742993409242870934670094785659316368759
107 2050631705924956745625639441694589326357534887893
108 6071041484620091066672804806290300892144472732411
109 17975849200925085848092673298303089187927809927125
110 53231097704621192273911746586069648543963335494287
111 157648683733739761402041989080336371625833818337617
112 466942442198146122761915627155343903096987742964143
113 1383195609153097745310175816419201882498000488803445
114 4097795669460814143827883898606316567978838525578079
115 12141229261366745739404927709729552986276907341577813
116 35976583685615681940137833530335040442824735142913211
117 106615742809511322019582604311611220902489401301690229
118 315984793770240676592619997236218975621268708947050383
119 936599133904941463245577636536926413249619704747764209
120 2776408412291915772638216237410858368366999452597336335
121 8231032353732583406697140290788805026248404196508355081
122 24404278109675687875540356005551891076445000564740494587
123 72363186013543807807500778277855884561856731956079911253
124 214589676209971830135913889450941683007254657694127433339
125 636412626225256040058390181538265749684601643637635198761
126 1887586967879018114292140607747442930358225034156980213643
127 5599029929013281832650828522995232205479843944318420660481
128 16609466098345825803659938024137440373179028791938776804095
129 49275956475798930589881192594777552750216676756465074796453
130 146201024121033936936866373615278562824387992328953641721071
131 433811634120289070908438797177842669467594489034142438367781
132 1287321082665070891664036532416862502413031773451513028575851
133 3820383543495706014861535095874104742673977252440075643671205
134 11338639500927222128105920722301510347543244861039039163507743
135 33654902736348562528699821720900007047311648309754085273343073
136 99900730673054471090097712609529525390361145633353468375176863
137 296566065201930550999747607021920235916771711619697421642139761
138 880453154179785629481671056646362101775639346156935952670377523
139 2614102501621004698225614863014253376733761783898105452954724005
140 7761936651645367091353913190537795891586487247891019759835895467
141 23048797279830545090248990919141100739845507917326112888445535457
142 68447362031983978984042990759238427602604555576630842907566013235
143 203280173526464873400011908234094533598631873639400997906093919633
144 603757846618093032566795309247112159300980520267958740882129078127
145 1793327530128753723018351734904363894779367779474551651023899475969
146 5327029700336130951178188046753264371530058525608904019196160144259
147 15824825006520452528717523322748260931491930321893840793010958440629
148 47013289289647936814188797622862333458467627936478986211069467749595
149 139678614302101183562314739568737366220191181465994376058585541752217
150 415017489763171870650721705665579415945144175229276726810219925101627
151 1233189252272911501644834576480253696810941700457100743871758360965665
152 3664540867646027330884006492665466791821716940364003650863601325298143
153 10890193012077734548692641914721948124219395186148077500721285741688461
154 32365135015413602661879551455151924063627056026946655428253187705376967
155 96193290926413553675084515106822904376998758121973497150850477443796453
156 285915261742462066233757808648048991937605745499834888961893703559044459
157 849874455180628861233087404235773802935263273221941718702960785201999813
158 2526369033971464538937518072479977849093322650522630793349015869463997663
159 7510400175026797678853656072836099031603223753173701455657041991025886849
160 22328181091891476538583197348507660914412153441061777887733923415383566463
161 66384593868255202467087680128956604985788374460664150136817907379052309329
162 197380690327106329718708109385881470709995699937016480650472134519629010547
163 586901404402975395399783244003896627086433492791554366525074208058447862789
164 1745213176905364078417421336266579374803449584770594051747930913590435539467
165 5189845121494807097731005455763540890524718227761881164182492802809726733737
166 15434146780243093599669085880499628182609378171601895331213741882253260192107
167 45902137393013004469661680116471962106107889361022385859085492474032547858129
168 136522737791702574134773275747177713152235390415312147668782872789437726727727
169 406067859061756537296069005938760768510785368472055076647765651542786279364325
170 1207851496738013608959281983341752880322411073061174601199417940757882391499983
171 3592936355265223809174809669396928645465239811169583548612132860037935315285045
172 10688243128606049374424333534389395968450160265762117049680289036092165289052571
173 31796821375743906216592241315187518741141202582589172997363135394637946997800973
174 94597888376755899330262892710241447677302531658936875752909814825336938593677111
175 281448735863631450493212237713769118830171868221196515634885024293611253017266321
176 837407921239237143805536512515720621424842254160904391945397992525659840467160175
177 2491692871315349091143796431873462492804568528309696886656339812394835483512664893
178 7414321630525029496999188910732449220396653540655523728555828699137825836036173239
179 22063153588477684964072214189708007555557438381624866365304802966819056549941182677
180 65657266942684477957417191812797780213084401737677032215857565876314980449973879611
181 195396533092447639047055481488300044299989102901008161609912585552661991485510624909
182 581526546917822761287748156132553863972478478321384328571970413567486624929165866327
183 1730775250297681018376849727854847105734291409292126618466258176285614074022625090001
184 5151456669623509312030446693050112662671341397394993872997868275281565516654606629167
185 15333365128529751141112660865384141938713598469262245264174019293032677540546633645313
186 45641800219715255450837584168746980116472086164953119284685364892331115035384793936995
187 135864416876471889511011789881548031664655183192940472434784917564526099028837761833973
188 404451252177556906055281898252202195932044494116712063196833575304057616683481911401179
189 1204048415251451352874422541956772165907078857467418011092470061416173700122737788264881
190 3584584722288939896982206318832897908700245004604673847140282927076158906506257748866339
191 10672120155305781948954909489933094035461713505808491869411891789164330602841144685601601
192 31774545573533308322764703425747588618705381332590556626078082868638417917426850357762239
193 94607290638401302611564687586674802717313505665551538870243373317309621933002231685591609
194 281699651957967825977187693660367340008062276388616961038345572068186835753071034254790315
195 838811350480003162652253347574548947718581515937064142384709852863623391561102001639189893
196 2497804291182926471273585476087990541714616508582836102245278453093249925738741005271837579
197 7438210711383992156012203313559585003598834724860379972679471080511677218084915932140913153
198 22151051653902036652235846529183620420797660584163935553053576605717492743802591653947039091
199 65968387820409564325809290324637058273933249607780461048427864734937042505433248591795045937
200 196468480579290301060786411917586139865593632546953885195145357922275342572728386978780357071
201 585147355509922577190112781236766790482374707345681008247765653986314808723929204707948071645
202 1742821073481160032508341556131706491424270414018610603076395587776299481856917230070162934455
203 5191052342778339372429788285026243835535202312377153747142420596302687708861648110056179137365
204 15462258108463544482446164389265480194530150869667898281491044955107910030585379434320211958651
205 46058012377300479396267302675977347595441452651591303125856509149636139122530522738466396739573
206 137199360964262842413854762213238219547204522874833015441534108564906101908580794304718081463663
207 408708311494940274855145705830278603150830387223977546041945597956187928128310160934353577136849
208 1217556711925488613900349789437753336209792718648458129305817742462311602948201606101618647733551
209 3627263809464830927718508965601362860503074317522235349493765118866798892058957631720007590928125
210 10806452981399551634295819499573970903046373144746962113028607820281550949615123326779792402880119
211 32195942624421203747873262405126375680403492481535450472431294277132272632717010751862786236758293
212 95925250890962858899999141063253162767357196085922175621483979460016412104687879057547531747748603
213 285810670110107189887880580481374361245224286013827376705968466486288843259619374233163991893223597
214 851603627712651877277929810428634554592171516475576842211883224997470073439043203400164712994023479
215 2537523156243338462642206895251270664189459018308902967635177259796332859364843034616615461507537041
216 7561289221224362983886533182621535694255485750355199444644933695670344600005273589679975127871287663
217 22531748296490660934000889836814294811307150195226181786777212051218788948484760640129647209141323361
218 67143970294345404422758496388692567024113532792921204824449820698735678197109915940990960360103713283
219 200093100595873276362965307636686991587367651238825105497623444143459190390907260788651133355391488053
220 596307214517199853872368681699900706082582981431615896236086513602088506517024548191091697060783028891
221 1777136363251226305556305144099047446253966438475769593315062703714523395886391108838374798706578086961
222 5296440166941093491865372965339981311968610107159692935284211637639533310918821053447843445362701382947
223 15785556762596056807578958881354272748685852889875904436476341263346477770916875669071926812541889408001
224 47048756031894481192339473034004100990138001164644130573717779576897264349687068172434201289357764588287
225 140232502855426486376447651140481004820509169531363026405814595408368677225457748842631244872557801825381
226 417985694303875004098045382537031872722803238067124345460664335171347507950885940758280867811318405363887
227 1245908757264134989126360624983323855172831478951578558728581711098328100860696448060487635687239215132325
228 3713838741127591898649706784929019029468577270854513324471139305370843859353018701594304977250095237423083
229 11070614479110671941518788213452537603210899882002475045455624251330924399888738751560009271809900905749445
230 33001386931597919575306606675293701214210577580853604542422396147529312988467141788697712539115156782985215
231 98379437936534614045246709868986469280185467028832556151801421818032840780728205219508528242114464872694241
232 293283792288983930268082072665863679563184900954699034868002133784266107528923211420507542692895172720823327
233 874345891242340243924711203289439245676251153977806877713188006225199521656460770826007282811103039415814865
234 2606692915479585463139142587424943845763796961207757520225216806005940351586670125814694722021172123958403795
235 7771552095168671534723688341276063485954824993804863951082088992968591189420914272772392529086172824077889317
236 23170577201640937411594707282414579999773453730317824268170175006912903217195740286429299570965579710949498923
237 69083932183683075988412308255733335581055237937093097283972738845902524599983312340947869411807775072481968353
238 205981521023083698732413247686378041775839919681907640139794960385932825707712613581378973047825249570736394163
239 614172542934620064917473220397923735514658237334713812789633526385093957637659747791311563644168029082698521361
240 1831316333292452032736089230130930331592635895902748869643477153380844589209121856186489741679696482940534932719
241 5460684535050952416648829837942542173080881581019710513333504527496720726645986599902993067209799916920364457961
242 16283264122060092962610064987357732119493683103102345421403900990231297821664912423365071840448943581157942728379
243 48556393367786660057146435181660312177232563104013226787321991395262329771112383159408779606551092989826171684341
244 144797766893453236398345219930919392267262830861724144843335940125036895614456540953368634479156959202563824606875
245 431805045401554256778833521757413829796169519868709997414927784391595363484841636718684020981768033047941752691313
246 1287727242059292107260546405500740989284177105784517665956594189506144935177380206911139603260840359039956958554051
247 3840345472406707708177608916041974244680635553448394676556659405556519161431417762961872491357999249496611929882433
248 11453200551959602293137028572845115875200703817715984921830570096099328421802734071266582697145380853037089562814911
249 34158085075321867386773003587491254457375674811512360714129067868011041662814448970548353050058692646924776825754981
250 101875596969803714945188119454027923116982043114786878510524476778714449156394600527838753463424890191004836384583503
251 303848250199198104835322610618190101135764675055477657184992521084275685660973683271375525578557228510339191436571845
252 906260722019798686746557365976589435557470333618583218264599302813209224980783135263427187534225920192157491110128523
253 2703082772035823446450994993473349724984632454439599970685635515553025948891092867791228937450130792691066891689596109
254 8062602050728336979113675429589558923504873346384716683412075189327176497892376965844665845251869590857626718535763575
255 24049204949178902465977009247342639107163745407054939892118898440564353524585453908346723604648301628534030220251898113
256 71735770482138566424667909643942836781891196172934107066872398358312929598117129714092720421966909004214950879562149631
257 213983498220258046390925008461958262416725909111578445165212781368455695055139933332819943687001164241627855245783759781
258 638313749077751000131653554440253922892581524162419045256606375548672012462958014142514188962245057800597060154090871535
259 1904133719927584493009052347153132662515497967826081595711239890358468629247580476788376380936438066231426899069010338853
260 5680282657299863917307786767281666526003577652841407371382273319669349408551297293253538339020442327055268480006587566187
261 16945392760659734358834128998237085788666238788509276283734742670893634640203167560912775578787671513307200583752389973285
262 50552478311792332738447249027978671331126926146111070441602151878784799907014755791500355497621531079103846328967832785311
263 150814228106815899009628213488101791833823384926019279443552175496555419131168284941028201356701257388752387049884390727265
264 449936436547046160750460199905629719515381068427053275779482908310385985187924648462927712251331929647175632068153647497375
265 1342359780116733754023034324565718372752848559991102455513004785304644479380429820842347657416797139095195115567512474451953
266 4004935724995847928037133122759088790994124014465062415023097698197086436956757116955863950548555508573509251947347207409331
267 11948983375928255598903224415027617166429416119615755863267587595015517882562605386283599646438443487363708609816484957947045
268 35651276641278298676283797868514429857183039351889103958791154612224402100594063062359848651390339153540557905720665828958379
269 106372134644909105914292380303935972080909541410293288604242775182796257237845140405395970336030546942111273717372894808767969
270 317387091336141618330205608643917404962539728118964701522531802373074988954438455479505940782384680089407604997975599354969139
271 947020058868916475300947199946174392870271927671361087878179241914108402672039783242156321250579254701683040970369386457625489
272 2825774936954592703628829905504975468930387264308750496279048695833148921494501707294145259933581107181275035867917943548622191
273 8431879107803805381311789940947633952684664816848949979577408459082956231689736459071002382505462971732390206699785656532691489
274 25160514908306288126200609592248056194822254577582016004720200849174681101644307186123776611733972225045883760924640319575878627
275 75079776238050311840666988045576083732305330756620127287139184881552322344410528928713572311392190198453249853827981437337546165
276 224044685725632332061620951198912457927348329039006463855001651592370735908485530820291531826202728383181071363566896913656783835
277 668581720595690560634993644834849952339590518838407416604201093661532540370390123797501277824134726896285402287751323667857928057
278 1995181762863825745034152300161308889194681961560758022016394236102276929508466081550821146450086483019658491839729097044489529819
279 5954132480487921993682161267368263562547278140422454560140923198698197089588472448801106661307544648704881424950190621076461057185
280 17768981014191892777766863152114892672407865804900158696507781163217295155786822423532394769500047845942731995904014777053137070943
281 53029129722936169010889434559092575619225404804034658239576376939609852529561647582241270308531929482114558124562209195240959657837
282 158261168416038358521361167267838635300354834220794969523653918591995391322500602194560481527238518355497194180501645179600044801895
283 472326238706151885660383390879766397035597155548347616604912011556820808629813697380608717977729501498233545119292300413810817618789
284 1409670330116998443065662595157507934041968908847059131714485030865595529877904302626913833740067746971829837496701265366497507556331
285 4207273788500602483899009272300262777843750137499142789166085859724959116208016711977482124488749898865509599566774450382622505249125
286 12557166879792641818426900164038112327305764663324226389365153709162000807403627335591459010494557848577983970476402716297491518912447
287 37479188606589138745630263244201776718528811189585588976149268022827288557914957781262441761554510333250489538005048074837210092871809
288 111865525103441773482422398274330101980844679258211422806406710865854535453129458719683366305243134871896755267855163363898974735374975
289 333894965327164278365773575663392388666772786109953493276078173486490666134638844992135956535755464251753245405309768269343167746257201
290 996623088516349134139861624941927832196983340302853161400632299642892790945315668234311436075570681545834208221415746862247626888823315
291 2974811391910447628380624889482806208579274006422370538750337670220274665204465970207866111334722073410117321431941496298920173022891269
292 8879638713734825938493074607706214488062064546321125063212828802585928488350476212526734414794451873244391074587687133966976608305775883
293 26505650972339278070760977842686289866394968004075871764989345028709143299201711020403534961665191726370634319750747957320222604600445129
294 79120481879026013632751763056212602054009279536181231195892109624498405267483556826430163938368890459723833607727593737318132381612809931
295 236181890136333252916921539992688572967302727523666733957304724398110590797090665392055120788812481876857569138419859477185161651299028049
296 705036234540007104679130517521066976758317047366378810362499110919076513595382667070030136271004422981207353332851256528978823658512858287
297 2104667076525795259865492091629580173974163065101076927585337912116804309269737782931177677042780453403548347232546933177327793527364639493
298 6282933400542744102560791279208515351081547083540515908017398150453911215827697330250172830315579660537776595024458610580506877669468113199
299 18756359035583406737674741396075643473023349712675241560583241832849583781331455896900334944660778583777739904569957746266743084860539359413
300 55994014454170240027503824089179914453876095027082902432119115488146972337029444787541051140708140656424769792889776577948477048914451325211
301 167163560735940998741381470466167002833634678327260275441325333521844239066775364080424971114683248225849932474574796864956746115443575241837
302 499055122085830141805324516294783058630329618272066313500908873550007339437283915108336359436461154614019421079814431551941669844513285630551
303 1489917674418891906899009065146826640388479412611313546147757830605412468489422141321441497220176116474983440703369452854313416580127770364561
304 4448184918440580636856279515867193525115477125350855692329545508135266712069948868120222898997352433729659832222343960450726457340525429988975
305 13280369454833145488647422106946963434659762366792235124843563319756262162196515098910527720803737460273062424288981354089788512840207052655229
306 39650092065445409317233447468240628979711763787092824990389366749544721185977911217492255607922261565946489222277103660615166011491876742307191
307 118381794539426858123530227276921290058477886150554451857399066484720420897251764999696370752234219091519369682897589179806487389782407460592341
308 353453487882154767457599968036471059084505551707027222356299176124325419131832589653455656939655545056360260893461819433991092681472862484617531
309 1055324973211846764935363700152561980301281900721346632032205143907614878746128694347116524261449834014338363601622683635375112942233877153559757
310 3150987705107377521607926105141472020105920497501358893378313455771644118853256795248106613346934834630239148512702644766308986993619126515581463
311 9408355298160425899770617220530334429161838078366935356230300290232582918814090997036742810135197462730672175391952353835740430200917290114465489
312 28092292257806958302430304248593505336893951063333582410514203777699484641551627159813478789789699596881252164064796132003310593789349370938202159
313 83881670807577108112690351390504285962409901860890297662790294873398343302927815099632029037681232169183469468780510250668772968334218514250424513
314 250468637310923504037578777628765880314467608477914275427529185490443486636568890436658304880940703415697988380108223882501643215764869556423445923
315 747904213101217303375261115754017427745539870844093778838784605871747658851214276921216129232129673703975201162645185646812848963353135840440644341
316 2233288929402568326520747497376754828458485405229297184770630366837224081988778892425566184816257331249071555936753070415833053960866476447792526299
317 6668837176811248624766098168137108281378635250973925866718203517208849248809343890655770005712542904500647623862673927163606800755958006649331887217
318 19914139436686030300849597835645967424183303658475827544880191336406778351535203723035774847100216416618426095302092350661480936270010075670221151075
319 59467429130954445923014083845911840703488613295996659235032596032616537794427437811739653150886825606659309350940405310192812254834284125933683904833
320 177583632760764916227960331564464722973155546527153427210822460968082046275010836209921283687927836555285606455099269099275397562872191768342946098879
321 530313670718842753818598513439042991885332690877529049304233218555702130340900838053504927236641376171747431480142049898168437433536621509233947505681
322 1583684939636974853480332878874778099497223873873142605823274533357616933240697794621782481743656092279342844322865997031989331077440939244063484018227
323 4729451659926414798346875885333173672828390273370600326035413138353266524319670059200721301841734661561965452770647081447427462386921568762938357821509
324 14124035435141680778400244314677145237989945934769885772735149533432688598547641323291227622300483686120219217036613337106036689867379591418790493862859
325 42180601951858431765465676833220860398104139994570393427991307484538712246246265830640283195625246512859039811379785081074233002789464179982019888288969
326 125971609716351355838229490894973498520801715930234044196545537635927096082429880306306814075104918603832589762642512335665075651768283740709700952695115
327 376217055596643910659951565327621045848522350725649690481209272664010603140832365015209090549914530243861889606509165590321142666190915390819270770225937
328 1123595888517748166364336864882697830069595054064114807138294674474319748226167133734603719488438894323973760911028344763573759123085209735330759742752495
329 3355734767449833509202910341969125544299612531043225591387742468570167307329699471229239032631000937881122474138368306640685182827545422006239518589215173
330 10022380894628793620122256415684216629341851940394323512048343462519246698331281911930932879906856826758078962582847493034880366983318165533605120871570159
331 29933667890833864216922263989839839722519658942486709440037659011781824499656345086546082054154618425252170844176159056028606483459976145388955019947065717
332 89403534710790006035374242353741651824971676458350528698681593254413654955141836481645103402963905045707863225011629169416876102725289544499532308355194459
333 267026972108968243404641944631826066255774971510685626451184855269417836595691729116912709038258009139564992509071454138700449907549765385333119441494767245
334 797556074294659299063602941025031846182539928143250403438511861850874073058243570035378868746894875903232764982702947196314476826281599724480830139447590199
335 2382171057957870027692656187348533462060050873924871900711770115247534564703956408076749730076579735240571838151922262671502948123138034951138143098087305681
336 7115251391357023068742823175835634534175919649824378379845100427030413725950238059207331644550159867440123842973195848082206880516951179337758242462540796975
337 21252650942776824673652031766278245996531776240259316217584998413077041886671459620827456797531570126185820998461592062845686790687983430904616652142907426853
338 63480668696819310092663872928044409518693277715499558459134419378934939500768610162215372506965627828035646022217491441105683397083452898322803888118567497711
339 189616168836284508956153471959471972836672187141226290721821563152746027150274328842754665374110412798966188169261367881722178457156868768023791547527003806165
340 566388857925725473522212220265350801802169533516059953672432900566213920060675900918770550258817754624543974878352669838100747032517943041323920510679985429819
341 1691840677922662641009772222890427482085032031045325705478403160636399686356154633390673997273911051130786154819358558456477364397124533087131645042553448182373
342 5053701897868886519101898993563351416414491873062729339821952950416285004241913597733962780957705774401270074426688413927969220114353452302841133293741428101087
343 15096113208583568250451284424467793771905449658436415873286528588382344383821516689445573648401710474577633729781671659480268690291943987765646987724224043161009
344 45094751924062479937752997091303219487287949124458940366226900185775456900839337222293109651091481246058249104598335720787765056581269813713389038451499193773135
345 134707620421724398899423580232288550838205628294292635380646704279612844869729960408616484504917894657216099449576098667025089066260040469086841634045287008699353
346 402405215550896644782118115113769874355337980877130994462588070334157358556012998379903776872126068291741567719742298108139626184115545157095068456405997262295787
347 1202099126436657529306619563501615583951673489847858648709747337630386649660478798431755043928239649780115613427995052757228785843561298399502460857415968676813717
348 3591055991056564145277012297522827018056387373093161561965472739681468260424521272230135208750564435403392441720039632636161788393225769515299700338144943741241403
349 10727765131396114428191089841482584957242954177661743275475138700482967459290615117153390134751308532385137979332704311565886106270688651628675097528058863518318009
350 32048041376217434028297938688357074029612998028693789052186309371593782479233151481892618791663964528367845191517733770834052863846339310709901430371638404896796091
351 95741197569317901058761022515655931957032274531733549819541789589104250663790682198048468134505773207229164978017162904298240268118618366847623122747727952834674561
352 286023236486892218148434387400060113384959507010766306848895517040776707290048056497878875652829648302025356763397751223856454900952888379337119507603142754604448639
353 854493665206319390907759330219736018715038397798479402798442718239230938042088876374855143881497179761079986387612621169187966923747784223192770845983288768489540717
354 2552827207408708271570516476946661982390688056896094130472307944086851699153245239197657293182235244846419952923551003514706555815048587395956548066032513858662613191
355 7626741132449141577373538213674737493123862527740440828389034089086306149628819756292332656455528523741455034983653535278401136733420391012575234014421996118399729253
356 22785658156573002000715256483443585431768385744518979015162302432076937299408055917964888059810446865990850114083878093701112017459321483041627968463897635338718751019
357 68075228482626991513553735608626263360977654896911493276279604493656854395362822528723921942645588805619114841572961281701021602002245116090995673230395254803999918621
358 203386240542951282617710638964429769771638214556289573436687240209179103322132397062138672720405531452558195205959762402367682583777247486317647131233665263579156901767
359 607657599709257742487680824373211792025689541043807926394158604953853828143887635626860747058204118818842237371344109270940135162772070434415971782596245617582186988545
360 1815520578762182830239995640717492272048961078139362746212115727129552754596259703031230457252779683745615364210346895741614717343597586184174643697109809882187307292671
361 5424357050504368454074264711699107228752098137850672249028566838095394095056539613157823112809257352322031592563912385462268931028903789774510779923804968337956820332169
362 16206908691040340796930626070279323634963904355170724832227684568598407204370043061473867871502558567050985740909120776326632472467802989532285148697291846182503494797947
363 48423580653297717289994826618921877341237528878694473295500989896201649731299865170539874944680375877999734840395265814524914944921839430990424370324475151589238409881861
364 144683293565632006901119490470621695719227636024424926927962697930878854272834586896474983302856426734066554458213724866394667615108142643916134869931810034480936010778955
365 432299386432744601683600798954733217880303819286812350259325750242568194071850593505528019679951973592114196184571246281933006039126496071747477664405346765999340963973161
366 1291681895314661538471504728012355999681388464201012205786992607252839463628222142581551550642282331768612747607404805017534181470224742361431104924675218664980396776285067
367 3859501560650275660046860839158014002720185417252231559653984096339261004805378540421512073862802229546494626194094575942086946939925237224961163866946407156422743355474833
368 11532183372413920698259374680050705995931182197201458783378745081029388171004643870978933251356396404069847222277452965686007296076080411025553369672172570586198140313253487
369 34458510692260983883190133234479457583115261390288373012408687838901473942731071503927406011691696977838199632915198724829390703252573180075975031512760011394711537831720705
370 102964161538330710954389120489784792084760550275237624388048368388778718305767604959570666484223528612603416688428288598679303566620427146506248024306759981468936369408323587
371 307666539807697015145083324749291102740409114576439277460780714211686849946401222652227280482731200741938549910255165079077338104234436498741704431533386049937770065249853109
372 919346058946334615032269228009132842671299212692391570364154242643795623780261793504059427245069571545906254416843906702403813101798374384184891411549295773760539525045277403
373 2747149645863927281582941746240111844400300590626634119900258304876418543377331242618511851101373720940900261508591120568671166719293390901589935789493606846591955830340847097
374 8208997805712938342434786582633063358372777310188231071020676180484649360878714384084823898076392077560407291917398130385353446023943922044096966721428159410829591178014737883
375 24530277504117325083163335407460704443001634266647920605317667842881613959618005121813727578435785737861598630527641805259851070428004908386228137881197268174635970476107580065
376 73302579727821096601482844568091889467884368950263383656200851022583489250949704304163174423810449156436778269245342196256256026386388790821340371033062509464879727733219155551
377 219048613829355326597467023952893504804943448237898663684777768723629053779061613620916990716178874544545465517179155085617200826641525671383968685951017379097305234671532435501
378 654585210652866292190196952722671203143037060463212212186414476255906697375850903397204209529785679413826336611882981386919030487437064715364809948587572477140305798094453943591
379 1956123519205465750550706573059510280697808747210350609976764105767797372389801883267503651195205484784258426050922229303599151157373045549409748660125239608974746459818179216869
380 5845622206752942817836608848413283012045290000722633140921755197188739254746985745327303837869794263002351148444029974835182753065761237709148069517555491153199402945452126337387
381 17469061521369380913055398263910303879599033746178733676780465444041334714424638331127677874676551827165106129190170453318074609649422401645477847126442041305337827365651662468997
382 52205077242373096673026709956820941519749077601617746359482978741323079724646122269923744156501816650596801878572352720639447511182751648878220669094526097293724543146289801075871
383 156012798440176822915585310671322265009117534045167315470958574185191579429407609380542862009254926708418464482556429054686012548369891642134903562183976520692446016024636222040833
384 466242656973379437276490185431860324347098297349975928943696949486239318957495342607155405361682586783918589796605723397563956990965137837794564868509995379319533314750863003320575
385 1393375130460507204871525876868650001052514358491524433821928950840627786938079421772796773294856619224351209736886072371956845203752809207254434645119583031134184297059600148690681
386 4164169074531293635279947016369436394528756836224632791016766855113763253297876502736593960685407361810694837554232853730351793395562044229010618825914813012125486946173899930945259
387 12444942160514081162404195405981833082214069354577948515938098925698775679596490570922065087156871857815046498090088903218226557760893108602554415080407714010100049565258978623192261
388 37193034869656633249369428712061029879996821197605126257597794935018502100342223467371882130583499438785379530015836938927094087554961239604198343971001974958255375005532787890330187
389 111156416526164162009216709209534238121116523050520187190302710991056640717017568584105533683611044115461612754719386152192587704100567861269784574727247129805985160217878808959739201
390 332209174467408972673510639895191517136282911830422741758422884169948202080348379892295874148189893561600700691495427995068599722857456730499916185746815448033201186238246640480173363
391 992871054532653260060364437434652774632375959777767571704054604015768500148301958460478287321139531202808328881411098627054741289832696914857249967499425706483954150368395474120045809
392 2967414400681262600379820287131398619502993555111930763793197436597484254905590465048689983837659830435745198790391376197519129708655480328151569441041387888195174351880296431314214671
393 8868856988415417242982135084430161233914092487545927773613768200927504739377751952878436830860745172082459333655038959962877692009325842384509072286533642288475078389837115407290951549
394 26507037044419963865398247448866544927585282767579374891005947376000361236339680421723839888821152749876439413303594134043908376033566407686736300789105187056659860416450654867101694615
395 79224367200137066275703120728014068788978760337100938042176775622408452712387426199764832609168233220436234415601968920669915031817872277175345065145358221162702835477969952174483733141
396 236788394844355295403291412966753071208927524556599143527709342899722191350156761401758552888286987754540631444862598920184416357539293296124090857513119953351351783452946436032067127867
397 707727495681283575457097671953598406546361347744544452969677380056899978260459097760986435096327590823617216255400014707528148925219349735562862862226684702124125421758331446306525292885
398 2115318288393017712407109699079762941220459684731113958548095626355727571915497587434735544189555591085610588395551169390454522508367156901420078309178070243190325278623274160175942262159
399 6322507608099010169260688163665516878494836052955581151647420316002489136499039343232152640178487822033928075226665113312400629100155279535052920760975886589718455890746830388087326701073
400 18897613317153297080863936648014359776485551496473716989518802694999518270224993972596549647558065390570971662139587142891626857690379924683266447027461670990532879869882448901756677562863
401 56484397089060684935012317160421800367182576070489729336267474384593423966420321130822208730467416148116636108986127795207324554372052822609393341238102388064468209557112099458524167804541
402 168831686625203886683881124065778119918395786782321381764175659892269327058108451979727702436828874609160968865484069180920494554259855019834173283947388422328816773465956937484930489343223
403 504641919778563942920758790498142081676362084862954419955541737535403567968724071649263112549250103738609011925443930341447577637390046740124287329122042175883131611346747064922609785398229
404 1508400169733691817586392744778329918119433030106619742243790609514849048869774561595692375989098148184632320507905016522289661738743197775270188431283897100120873905619564145249865161162299
405 4508724369609091364077565912153884732209705051714788216886443466956608227677050483556112401203128088645388416103191153207708123802553060373969542710050122826350973369003892214988990217700781
406 13477044017368894582796490769462207980840927863964226498163265155435335952034103457196019401844273742014046438520744641281737322678533000577977604285902647144254787051892903553579967307384631
407 40284635162291194172179549192360674655480383746413697944126621675789725831476299476315899447818079813304768554363319491211375056190167118666037393951628356671141199289378792397505434766427601
408 120417063426340144292958804878008396018580807189085983915637252871750000713962823292992832460194328687850244970796433580855775938349896344270552782254748804260451030374886308150677239103940655
409 359948543022274264997067329506911575109070785877179203895378445550367982666017285559431125866776890486567180120700086010893742060206773193565758291832094122329644338022937627496867841749779009
410 1075961125533709424788791377897184029878505925052273859091892044537561809654478823114543175799417549125642406020773856891961557837857780208721819695712032478850993346192784732318852110768875939
411 3216299591519797717060742806926355601443187119718901976046806606226942118794071016322297337450317400403167743733428099094320054749600688881257068112717509320524205127381700898862697416014710773
412 9614354847293046773329179549577754916252136401745848736662259326850088316867522049071853274782683352226624701632052915928844633164249585027266310637720518832555115204251816928116096613105531099
413 28740049854547429325182880129751039408232412988106569535341488745658065787752567231395908197027751914560393700275199320262812728584373692762728336781864688177066637097946866123189052434620913617
414 85912941383234828239495563014082451236544743015892402453984426580295989451858199424037341231561165681847945938407859005235878465936065025570902787713837298572760634280150546724283515558371981827
415 256822661541027586510431081460036693929506840067991620475357673991297190729262998402776081526443116404904648232690228471207122126118832327144987523699567755197018166789665327491717421149287380673
416 767735746918446815408097838253622944740241016712935295674266955115303264360122316912443686707565532837962184377595036106429012346151468016041721491416488920975380244491663926087659866127932512319
417 2295058875301216256093131675457980026668022259473561777386491737405221570096984027422148062230808018101818525869436494403324223385787694192265943959455675866855676963518659491729706697435199525421
418 6860875377212289153659416662958161586834675014011188876494813077739226246531092756967402679505405958453661531761212287343630867366163947983928905036548588574201098175198921513490377444047410702343
419 20510150380568784181285034229453300176952876588501074589461437807150437106190527379938826795180617350543945854497115981089958651997530628148853734093482253422732000591850187220623193922847506224421
420 61314297341785724563782735865231250694777403387006243417672771246415503686436656856301170730883361387794433614322989095458830657849895830063364619373181083783891305891776080310700495934023057213547
421 183298219722768867726971834464429380998240178857494141986950248875303948866058568207330385758960239514705294680836681672239665816106732904497154932766864493506672039755388639827972928504099892915549
422 547971916748801849813100271850528222967385494771003427574992950558944887038151123458704201413999726827738661748390276139951558294668338559004251216331607453791047186395452931079246518737802089121607
423 1638181070959367240862570135872051674152182559773851871797616542054263407805742757857721543030767627305798639923796841396479041068600049888863018046211592999228352820636733794992786362352555571525697
424 4897439001089136962864982750515930768145839517707715367201080164254236106887829529772628565843991916538515649102023239188403778846517057443692264136524461908846939315062722675027903527103227634908095
425 14641301418172709448231631623398635533490297491267618500051599200918611406679943873896667414963996101212622041588553763678027390383816359749008177152808432724631672979992533858595407100712045721029033
426 43771741441989458270877816500141133491423238350249800246310766837355969901608939817245209598761652406182322146131524468498779233083519919217396034182847029017300029324225414305707046764966283402314203
427 130861366316895753368661316204721119474494770021497556657750234598705040954772605007004597667721448484259904659174342316000860480786382551367616057003187985566439218516319147086673373852938329758872005
428 391230352674518774489864924205843919259782068928425492846988372565705455149127078201689698252782959199833488784842280141768897616917174837862331623052200537231502900965605506144397208757711753522413195
429 1169653113813841499704000073598269146439547977371746749630312983193227770287192263007505722451597430663541200493175294037604634519687958658983478541442534023452493129851912043819508817732991082933474313
430 3496914832598582705520140390592359797444247670522133627481662850390760272985757306517272977069064386705908108421557295334415599115719352946575153157823666523831441826981591701850644169040835954826701611
431 10454817279693728312158946764426158465661447116211803814366608373177506211407900397126640607593779774303763591653330737862252938329512389734357777183125882053135538526672492003425794919672990102758977617
432 31257284172446023776169170843949967650268940051867704250445690135957447368058958611412454897625505678038496567154009380208109951456347273834976377194900482044510475767424632565295737179387496743714581935
433 93452176819252574000335678548217169126525278784481760222032645583086435056804464808881560740412815374923983808151043736232703589084909788663992410641785028468250490114931775184290029394540301707481179489
434 279402941734610249456732638712347032520952857029108388536251588101231108362473374898166501329961396762485108933975105477263411684202630772985702614843577062022630734040947206088611537841619836119399554851
435 835364244875554049160199930465828988214303023795187221710709239932267495674185675565706313286373682071823135554486225308188996667695296195746078171288406645014523488149416963015074161559578270840513065461
436 2497607167291889530874241956486143732800651732109595984972442456033884289218312668982308794337133189478843048076094693940688408428209876305694800594023600698826480474706165800296213663896140703466514571675
437 7467508180883629858695583481587872870806797381388241733778017849001230173448851604172159249013400340982055809722839648852276839572119102778177153169603246688399345216382031073501728518508438527912249477529
438 22327011337511523992371627059053539038252162212827583758089369083672048031198674004052935880743431581904784820134966891578273824565434492066147004103688669543488929057397351362391542006989687726529899071163
439 66755764617585184347388018657881518200647522403686743033026988102552126931123673413711178220505846161462209150799586163779256703976170106973239814193457569834786346450773818902083457734210966854404535203041
440 199595266474074864923546164702885242350460513148844496847453028131394272168881204086937173786653739725133215558637604137294078294010670320887814349707030248520874492728987331176203816776691793994025774629919
441 596780971039421606049547318037758840437698762122807527609011139733936265818926208274516052131395881917957554794399780986927780700471246174564442010004291930590237095041860409415785220509095547644478271338925
442 1784361925902012251651366940032012698859748939694181041611630422764937980744325689157015494142261654204944136400945203308835028904968523896870231499971753043715438490639739294384960041277476124939646881533863
443 5335242527777805228855256638968613321640736616737804212274304936535518895493804526594396987443287026612737120123364839251538962573705839937901249716019990024587952680977573969966588496497200124946099324503973
444 15952494645913085352194960299555095693309721029250904805620944722890850141171150780839048329932373769514673573442315090616560496239547027932685337502531689109973760186938672754069149660362099515084659865239979
445 47698668663615260286371934750205838300725386483635353821232405170139059772746094801103288342229383700558297988008995662365590583132379431348688199690973780273245285506029241889729451682908178496377108887761029
446 142622190291791137943175989018360624436564874166484448663936926122342951617249740325890871610236041419513306164948991279767229395783922817848026403553754783620592257097704886297218541719934815270051883952617887
447 426452953284717498397388623096679875228123235563986373488180509282359088343581409921840392886202688780940260737140731050214622549115465207978310989654011233723116357478212299894372763473179630799440775756272961
448 1275141314818747613030619642939457480245187616097434971042289432769368869020105413175472505432803751847175848889769939066446609853221558922059464883149696996913374048847990545311121114503183390523614532359606975
449 3812840695567474504050218808782979459963827817948798306616138082547283431266582118998093449341799658690571814632023055363597627345542480810757813385970682958248846876166987911136704498071152625991554136562532773
450 11400978903588037609239393154033085917967091716891098421249111688900041339359720331868150081217963478965153277695047709583603911153836577740406182771548980161057172256703543077479629833385461398448465121499961583
451 34090922113831778579011817007321373659035117611296201044707416397741305030209454930380256039987578481844848631016146344701746927153552256959831571700121130888234257766702699614670272135857790457902257197358435301
452 101938553332671551740223036602669573786550887743902544437125749810661163863938374891622554761600984689001529957622795824383534514181253239082260429176585153988263589066550160799745776412871131675429122414531880619
453 304818471505103457117340376303136031151766493894696696452843499985453159203227012574389094171605533059316443491617878708041289179971450820460975029758052535126956762646238550873336631017129249737818472316794009765
454 911480076425620435342811637750233421631415012683473120910166644403059045559346454768144363097193023822434623297386693152305461138331030153476597733419226703535500811841310579265811393777509821513262548113828636703
455 2725562528172524077648078419529258775370712986001413212839254534759389429694902725003022970493043264615677968056177584910376692731830491822769797937546216485627435063892224952907200862081746467631886259394142453409
456 8150198324459507579645846569308702063289336881729066622160633095156917040975803220087305180296919826513013110372334184414078458379770194829788582282513772108161034814724877100197745472901524438277988376875503025247
457 24371555466171929921276859253166671220811389825660064624247985308542566299259175595576662939509501501821058461898165916280367759438839244340214672169164885837404372694125343708891365077909700063887878679613169122001
458 72878823020034763575718806020010022780635514639024930618665131132449976691768839982585410940036682138347390741916232466546212518878518792537159354033250563348425564462142269691970244943364406284120093137825915326291
459 217932735607314227759639577974360395302851657028978825811042897760494713735037477280222401126560972904945672030278118325029435381492408812669714998709867071526826438602561612001261186984657995641851412649452881881957
460 651698311102906509282944098030125846327833601197464348968552430799052357401756278889633619516801881081613706564860369176003791641452978811804491397894265011998028518055238891019517805512279905894772073425671908988907
461 1948828906309379850826711442577087001709141283507071934334574221681612157555796070542853962659524275490623845209541624349349390996580891020778655208128167334915100699766796998721889472419099029343105744648531301394305
462 5827788864432818585837280051559237702233815862824593279671237268706007044160586726498006315757347855660266250388274937783722902927164071054631663441258140328378926952502499108266205211072323990284280064664699395182355
463 17427571469082138696777012763367518410414548151175195686368449910593554346733666466850565925446176839574538484534766824286851796032062406891961389117718366928067700836988978348098449599435269332177779371066982206215505
464 52116217695951149003147562953177066544502663394536350266543999880151102138008346922787110369863750551242982952514391215999840093570118930968607112176133785897663896257578650243686649365406709798998000938557857726565295
465 155851809159194534026595895632856837739942502802012800571065778594507698406113811904776544734381448452055401959828255612820204758602839105506038192154091525240790380154815506995960179105749398539532330708438536234083009
466 466072775535726610761051261106021330960678657653651763460343581750628935599742690453752940596807861115641584589215377238272654684515327674487179941734804359797797275542940569170595989356604700694529350497267772265807811
467 1393793835674424485397618131912729955649698867954434887335720384212539033902832569101840450838805326785199649476504692057340332173566678771777757740920526302654301449897709966601061737781665851067632400546304547328793077
468 4168177909951993249717886807950909892905614148219087400153583038135350292266074661668122654214395966134312765318744939574867348005538286987375080716699246257728985976258308305981980856224494113553479681838697744784120219
469 12465131023697869243370556080136494337759654973372388156830033801773690827633281193603909996610556567342916317199737016235598053344877497478004554009330748371302453113500578881222573176095236247784860815867408305746162521
470 37277804625088245348085849603890180296898415218273478092666771665703315875474070461763334923282538136407859830257112170035598391247850179170997118197552681027580723019200148512470101859431858227811800288423553607560599931
471 111482493936084088079899391638620314427591110868640395119571095684055634267686665153124287650375499865816085017116710473347138080159307967159963914946782138865270914937253227822265436042421868753865749472951236850454389473
472 333400217715605771165880331719110109752239949680373588841485516534836618984325429997095802945268991216257003645292000914530544686821947820895344969123132244848283350673433787288752940323513166396673543377982939172850084127
473 997075227767825710740488975753531597812041352603954817375106847770099398482071817962567056185737144945730080467681848109370879672826463895601340574635005764987637380408540306461082344201130326618461310433490266082016785197
474 2981898150414299884336511493712843396705867446077858267318224352201472568240846370657368286338891176834875317168769965923971515950927510526591505769919028972073724471870321759780938860239306854045614239832566614358420081319
475 8917857019990375707654036885736039402573931070356973643914197943201146435072810240919147891211740809261998126305013379124286309879707562345850177116140077880251102710402437016836056576250694341290293973533949192678389473061
476 26670491111187098702939037098459892112145390950435931340516334250423460607486345164276166710400154195260735954137611658950863521647889731905975503062423948902716744241263962103710794639452921354357450975356436034449671166507
477 79763521138442488303093017349391079887367827333010535409873379359925552402613163273663095750044281811552866255430543779170594974874023087222248318123962889646874073872437644207279780338552105725603093914121189280806712962469
478 238550541893989081425779318124349550480738817362032482940052207916263599787189038110989238832995808272316480537796479432324144811556107387989847048906554715341499478929145108904115197370402821471685390887784704524436222050431
479 713442983416219200867783159859023554680365411724842042403770227867679909012386570364347306474428157970684129155665864502397500351970654413437436913069261171097150436909906668162318793316948384063039096195071990543419394187713
480 2133737043964337630562031981415949409594165462533367287047571292872956936930440133466849756107514070917641142020198241422588859371594639652205989599670821489933192492251456348504634223707004154674140399766413858258595341015359
481 6381536742253823737116524778012784442576935528348621457100918294275937699954338522422868597466106362797871925447548272054608198600600702612833676580001429132081127218671796525642361738866297464724273762253408619092063718166233
482 19085888868741741619894148150490502516015016973762650634250720369213090271273029318144523525594818885585344048511255585292745800066102265371321156646497671525621033604291842339748922612677470223678803871727695237545225475066635
483 57082401494641820827679482423692743183275578729652910852984075545908156114152520846365777055427371648780729729548304035615559900284930665090629345509152279850455217099162930574362007819579920848298853087251321817501629617466629
484 170724086803968920422714081212898327607227272611741530972435981067910602456275499794261233392881967786280268684842996032130608328257098582361548986868578328924118297628820129721368911514801826658408204462052198391914757476419595
485 510610883166599954706329853055296017453265960192454565322397459041072571002378167104511191949986735025382451965236376993558722870445275107027795217140136219621028609189224636386815301856705967981214536048360875699763997210104705
486 1527172275204671612201151142948605771537343227302798984891642752179492443510002215598188734997419262674009652357173840973488220779992924052109223923340262487651142246956953717283102115776355600236209284611951057168934269483655539
487 4567606469869620731204587179263556418537695949849542244650605201072346719297686148256661397801356699866936875331555736841493270791324254365607492867931769622565150306677034559341735890233751715701682412574685073316173293405365937
488 13661299142041353338504848021180880175548049184411553892355955114838514177283845473762258602654786143055562056270571925596729796181413184900708053396988891527869762486437195662386905348332083401345296062235086433922381574832711759
489 40859964558048188182443586564326245218111738081732087374624073407777114835529312506937791793645503444321829974794629539320917421452210010767310496776175316240146276531469806926694818211812050337199757704561858138825904974127725821
490 122209965602031294705821159752094221070219313122439194844808403716535465660162350877135212945005175467005681845235319614757337987113291438421639184747381493404882259560060096562109748034613608525972534646457898407121641828135303575
491 365525684730812635673907642521437970547057484404280009494421114807830588403631491941376415802682144244897186796781482098235587098101204446588699242197908343920662173268264761555742766875394078198372215217618447086853385321570950741
492 1093281017092038817220780691799491392822295663908010494227679051872198579208815717152103059213175294039550513457784577731140401738828528069732993397968110184313409523948710299733084716989203631410817380560859393676886180645727176827
493 3270004388627148236358752511991046351262367423937550223482594431016265154460965818529229509348162039223364355088523963564717012697288016829861125626278057601124708459056894836151016098639555783647457020796594440484356214116227186421
494 9780644487121714558156746216789514362422157048008773032513447893535281362074429170774796746573176935833604154816989971702562758829974918288150414396341581254517616514391374046120753728916388855273444335158797446949256257112320603631
495 29254266270238019834196616458653265003265816884578567456850761788366908711288404129862529427494433401539343109305593869373456970142489875567391581746037557107252248502015677150121485311556002752746286972535336003581010795711679708753
496 87501104608341790131596374329067125415994013959113922086681607635196927396049029750996795588267101311470022277117466492232705094646786238328782252639657027483294294280873510463216738365398474109999131735470629910647998237927670370479
497 261722126083225960811885084628088991671272030849913896808263588611125305384101969787848584291298193857780046897842643140488587597957002163431533500140323901914111223003061380514373323391594288790613821433178469592556820079093160305781
498 782834418605963830462298259627452111972226124108526972090354534617837423578521522475617377805597229393402784206969266060859889943929416213556071929979713986430082520634347201944481599073643529794466382663492328954238660070233195089247
499 2341541946751795455741383380503109929784733097853945087615019517552829932301809432930352159924906479199280442948068328907514739253569375195052023345763632850101475980611973145132005589185898825752268013280152813013287048332676717515605
500 7003844906430163804059910121540175170153183499758215789994995137603951144866477065258251999685637200603428530506300185504088574608973077492017817924331372428724200727505119041018090680511480413587237037523537954629333081066569547038651
501 20949498768313008584347392764616786990899708276661808376606531895311080283528813431252295545402268698242046785646049836662490315191870006944769424037359197089105444077245095793368670174390446192303107945713495364998600648468483785005045
502 62663302671155820163867238070081091471651542704054921417908331443221221299753475684334726528306707445461809438741091531391498453199518552338603694710235904694519424710914094234382113871223625730249565326896897269903039267958796595080975
503 187437050940252769210728489094889254212270267464885236968568982726635587224121467319820577492870339823215123496403155079206129853257448015089813392770537006751194991927835010431644763103086585677299730813724350939776889247445343506495729
504 560660697095329787583534025610811111806115745524817247444330782803798995749458262513400058314935446770803102138281565616163896460287874100933817654622609266696754779902575491946410560465461206392903896067967075621664309243323635611405839
505 1677054904098976379359798345524655696270188440251317419830453126097930933949804264474560656649635455811248541860479831031170438696989844504848875269667666737870990609242566694882790261559377936412550727364196837781290336267954018411563401
506 5016455195607615353517254232027611764247471170410284185384386325397179384907739078298738088110685215493250287092469868597093518196870576264511665121951174376051102574579018833682930647600930539602633344971690948609137559745125990622727547
507 15005451699093044234998692192736425462590508068252825464576211608752858422533164814360481752479054427399144804865221412860848696010494615501475396898665982768484643619187290473455400805669830053856652533330337019342915266609675022130252373
508 44885253042889559582630893169177769322163665272495384538092998229718362612827876993808438340841634044125777254898447220401892023252730749911136063077126288235262953302680724398917300535230246124176186304108556579723036905963647504835165563
509 134264358771869434793295074456082859454359422910533138144673577170809782785123785466116610322660039205671302890716292905675735633285171059055045389352795660890279758982599080681258369268335588592551873237764199868119942285284329970753676329
510 401624553944409320792244950994329715945474267061421734568144815762924286269223891554649512497438856501504861778759690378878611975808585121639284215045191538629780681374942796835882934712203618283809379236385436109848439579086190903644951691
511 1201385015667194861441380699488572799934113195603988035925287092313152551488962329684034899205849480004669816439620034799576918344133316290322476654452898191492834406814116276269003530125037038583301172426343704957493417935852071652319478785
512 3593739528893043859545269577888830403891771510896528948965930170170975964004614714713958805743812350922093274982595424390149866717471904302976989074630785575401194159660893934268107187488194536810196859011596820028417595335290885982652967935
513 10750122275058507675599307232618551446948780282644219734834904010305824862414480823309533159334498770856582509572950070373556890168558847209480877311080310892696303297245544066935232500079157156931667152886713880767540352948147720559513625253
514 32157525589442830149941659927915105579083994317453054686117545749548814538059376101895572323455555382925424520725059230405610813260900597093354965978736074365186355805575693043977028428067753535615114637057902754201253394958619844789977579503
515 96195387149940848730108035581139577619669671328265452174916765121041921066438566268476335315993466105229743268810903797660369484777049729023162331068039326850269094939230497670541432503526907107625432745301829747939103582732408560668094933285
516 287758568068025950339508583943653562038864192198696608133583923228301750665590770524193481842085866185635564575379402034864930139189175610790625292216650582397186212638115611791034519818888218370944085797745862179775912082295160448607909669739
517 860804770790259060206967092563800151018447484710886687578706879450049184194062608021268812162467965288621808731709709239205093372101404215293608810892774676713614992156357751530030662384421671507316773507661239781556583891421879395671173184549
518 2575036815308727284927981274080655050316027240249136542998740630041171993811740632527179058149086649941880129662191491087906133613583141485210242971497390166195618022087458906660506296267465787463080680208768959716684656827839788206138391504543
519 7703083159318800358518012156780343995270390122555022623603929813157536081129828390013696089119667838755487567755965795162534325619080123582162325102826687085191676002955546411169364313773557753116516071139481783372014233054717530096411081760097
520 23043481135060904004663835388247736781864927579017818950987209995126110285711481312003338081218163523066786220375725338691011406605418302196918080477632163195708237937121928847148460336360549906691303116009366065528126731883093319708641397100959
521 68934072690488206254214344282193514036771959844039784599770933877143458899335280926777411774272879044470069907495588550878166532693058209745276688712990211982611063412582139885376410739997124769338437740310942105062899798181586990273581077346161
522 206215890318241856107217215812720554047559087389018298398053319738187113106869763299396402641783341029638102496629306748418481454178072685886832057851374307931111542934399245009014224636042409236998518162345506772516352452229133432218185137390899
523 616896985687078482206208428283244114075098711868770009764665338924185393434864501621928319916872849782261699150969399354217530181899477483574235086942481998501912321721324900287616003480736387317884201689600197658706167529561747946669304895117733
524 1845463631096326222437457703723085557741445191515767872397531650353171830325983374436939248401551323956752060917094909759926312958081586659976740925714698656642633122819693374937157008173018738878422120079131137918048405747043004139451564389323691
525 5520782616661640581280087386121399234656562508463185656819711978135568285427076806347482403926825384958217660170457666339617783323084278671256270384569267825244540883991378122258888521371644763593745398397316888392137205162960804961660979977966689
526 16515742671538016754646061783651352985034935431930660869954617247544997784196671387935437543283511923434734108632922365355289880858410990772295199029321843781688624056726692031529993491025239425563056542139361609327134006743256475527510359256082355
527 49408067113214070094520613316348243018923274640981067306487081695250264259882053788825422028844824766975770398530465252573076146639596131889341536515885860073848084226013170661943043988812498008045432182796867773087316272526159222784215077343004817
528 147808669685246625435379288928894946066665152990668423268503607171121885753107920344614216098657423187240034014071460323819037274152550799849109704887496083594753642760027013507874397103326084163990824038353914688255708503246346912887591182938275951
529 442185229009780242615043658570116469276732132423968135455611160612001446527091422191572383217287503708677805913697168734729867136907381889435050617976961018134751147306387745068095908935809560978627205373657263245651911611936256776835346796715746465
530 1322850677908229709434662495062604756065607514457182864443062017154168313987425005681329835062583155746303838133516067160233859752094592431501445397671044141445574368764063604048724841516111347056993599816331569420593484789629031906425145891810095971
531 3957488661062338310140475580783456270550771274295470178216802384923898724322080475461644999199571169364203410927077301812409474658798434536486654043293892483465054873447837961694469194183950256458742805358295772755490373638331555081834561481756403893
532 11839429822733728638472871923531616728793434306647036859934846947996979546118535351938810273952071333824828523887492416413952337549363645577513820490486772801988307674041029680731655024935666089852561892099780723684154133946002112850797669851369169115
533 35419639864912176360530605655528885672079838334944287956443848064967773752533356342874851321687219161436985409023882262476563603938876206076570149899510126329626860454584687577670083759886385288226087188195788660092671079416871638629071370589050935033
534 105964338510253555864445105126340450784679215291538142280671790630790309673104950760841873293159209174061299857826524477299613188164275280976734488042044476585278986726244993837665677316675784615134275765286206357777817557604711415566972584078346870875
535 317013348948989405424403123655385528919974860201647594506203404653640910185165648257338777455955489130243000977676189095102424352992414997848137905118055283260233768472529660967650731598973185849717323543553250200493074366028744135468315921061308980129
536 948413198262545858326452690900368282212173789939706524898858817518908128861333238062585883831538860118691602676931840547750229053625557058559208332989636916256128698994863996367302517042798386821556679339393404773714050594516865755628534285903604323423
537 2837395267912455539813754702324312018478231215779769881760203123294203742692970734691938963322745470358842261279810317387122974267223589086457399422531981388403097038363676361120987497969270845826898098969218242187122839350193558617021528303978224009581
538 8488760781746498962564717447107675087368627245362791461109934939909087887701311954004957047550848109340035029094120069696941659568559101914014824189504684856246084563880303223303805611563262708134676066558796235838863492857649581346777501490026329988455
539 25396329078438947507918220051027080467519014476036489016646843767473134205383948287697090653623006960349228744856294206322192692141752794857932552505019192769071514120432869114940863746505767385655141555903276631941263007022266158339820514931412942238821
540 75980086653514453208039817280951463131694158403824408969833101426971700764592736690154628053207465121158632038467977051207670135968227596516129765555081967711227826044507638282198469251910757642901939156293299784809860312682198781911318064456519545090795
541 227316417486475350605466530832520379013434201827508663844924868379983915633347024014624281375009340584669948036658123338175606540127320459216032532052543593450005286594199761949637842839427900240879257259352100039627390556853791793429003954895577178498917
542 680086248150159715231944755761050482136834858217399412575421756615661875422526073923726934678826311524186369452392791636860149394623803549502632692685679459015285112071480490446625474579739356880997754597925663591555035074182292315987847553657699954287039
543 2034695138101563981194045367455974113098631590463137888742459719582421391750674469818633069360486000263681958247792373344301453680184851102079383007754607549402462380130577272296323527606059044336221421649322188573962881790568851975674196014480767155122049
544 6087470330704487452295069127925480570479615658921009491403158700505738524744099191736017687773141672770004952434241590724640670800935760303748205022833063292771351637086777779885514305700150451694230871318910905949639289341857101020117071725317180109818751
545 18212791506631835174872164720216672443730338125945325622729673150902204117994960186323845582855724124457766403661139652905603603407131780469184946630723738832205414744160805570416344925670107863595982938359635002357310061257981482258578043044206401761823825
546 54490189071540959386689232110037631954983109392838026030092108774102084714477178793727045384059199254423915145296691602448242974613176834610168836205855374798148668647131958828089291137905417734128228715261114701342317444688139259804849824340074658981966707
547 163028017134767305429969219060431362781128881611879324171332445924175253514378815577505316853242912552612371179061948735024326323604223855589590012901208147744840974809985827821525333625958670312554380190509769647453564877626363520315258433250080868501579525
548 487762381993671458113397768793343387775749934318263424636868403202870885831940802828590925983601092430178913321912533486140534709623566574097116423007850497610279363505450978306975557825685039769573855418424574458136095858408116115615004750582857700447532811
549 1459339967258150069818261942192406233761969955593387235794967412608672385369923057513412767943666917501378760138736891401191207937407649532011809892931804910759467521247396517659306527456342679026523083719009168798505645267297640891130754742493102316697899305
550 4366231517939101093883010502024445387326135636605064248539489078603837633983894878536167453660952470589704641717105781926738536556949598925700136884762777356634452362422996498702652097615983921255450070150722093946328385841288123914693002770609531060333832683
551 13063487858866938669799496182431244329099573858510179769466057478337111887512582223416224281678864930819355436208754209563691852698962021440668304560717924435984219608060031272672150823426420101679172857498817046425859525758567116602215961356104357602852354513
552 39085315884256666409462587287429273669371582011901497153636486776894868721117114072359523245315480498137144651395881682204341290026065189390975069581839309224647586956641436526386708251208966159396393886666742618836812035593530622520700460163976336938594953007
553 116941912893581527293320012689461583633879747955544708832184175757002820482537256015290213209233080619500717161042579363976391214531557761828276709456890885458935173694223513615355909394548333903831125244643532234357676519459716610715091242950463889611547180389
554 349887832990977679797918349551526625236479010059133347457253912553234308563904533196298106126856951229753867487824025863314429132260099052832037498914203184050665583644741297638047977380585153674776521269444933197741270005338628159399032215548102648030115062351
555 1046862299203452806509487378229105536439666080389747634533383672354326904717582787857081946751843813474537676990310738712688967439485146747591309342258366109054842905181253960730054002850265590693435901827557309232927261203988273524756601492893937380385906150197
556 3132220616692947893203298881559330726633388476406457193453210248449358340302351135572478212210132644553084432859996843573493243887796630985921286178145533975950358586117794400357145362784166013123058117294380100268291299996804238029541574009315800180082985032347
557 9371674267566188933218411400184026336688027482232776583432540678540511346675533812508559269345790245725944581352000774703625919799183389543265222069183008512229193353860390862843576425219271408739308863818345638121126405091558446028907075075781169386571724677133
558 28040391767690730037489187637335841592891837661412339655545623160093079263228986238950925320311385267631429857931804120688883858900876084302189181578920573733031198915859798274237052444609860975199551868870333545923286100620036657940834875774367135215478205560119
559 83898271180424494965572053168039329949617825274669705637533008526194683028562572273466557578412028964358419332738396341881109262342976400565327805888616777037334177660479452530547139399411517958669262052645508734677415692283401129116770708603758889289225226735505
560 251029049801430829857387496050745741605151383954582963536431782651154255713809389932454632871847288000377068050077858268201793056931954991794742793040038586258389213824423290993401591234490031944983685183886687598610946537930426403612249016441469655450191979876719
561 751098649547573090058707617450059773409246010973960224249836651843085314959574428157308094328833574219295270794741491557188506546981450853628006580199768725361740340504653444779197847485941000631044054381672279779335292157021797182375892120573234006587038089447389
562 2247356660890634495106062496591972603614637764380831041821439450512943293782431464149844676241574436605594541194400732687505224384764417931101125340979216164484957299597731487602805451281199454296909163919436679984239166843041095978969701698218283229242174938934679
563 6724330271903705886130537681786954003752585442334946691175965236918852334568065935517910453706828908281317193218565854790231584444166961665583418464907266872670510658626782230494642966378205935632766469216376808125029732561466804040450473072888354513729594201576149
564 20120004703395712050551802418068530096050893827045878784717497068728852032962161215205469163472935565458502928528409699747113448215754030410388171988757723432507848437637617671400546911304323029080120146840288514726117384004629539576607667108383120475558219167472955
565 60201750554724331244727691761966156271714584093813968514027445425221318550661388388615183726256215952994737784635121958741992325381073219537919834483798201555248954119188296087794164125033998839575546235754280856803187107559247355852084677619516680136964139298389485
566 180132532607626822571299629878744351609167874296479222194817868593998886310359740586018077786162353432183618565512053167308606512182645134292772448472034799270248138826796807050699170863117977659307030086788377979879156821182689423852443386754352681994408814773777271
567 538985617578577503584882824915536619511436486641093611213576437061223571563906095008298334744736718021080697221912660287403628959227619488089112617819906241766943455136709908083696288870774903590659307918703694189231753141298284682085498747700076898129460694282287953
568 1612739329956551826363028102263532774217288221957524300763883695091859565202611348225051897664508163469697016980229495687672333919259868505504678860668172954399926635831022574959186947705327367723988752361281943066576800416872734914803873426409865597554858136203852719
569 4825620339571829675949670238041935085142799825897080725727624251330372186438264603315580154466227825595493565209629396089245517180920353593102034724733160510691732756079027824216180483479403601687513810539406491340769272374218388773089816977884962578572667519525055329
570 14439231822337164054415290237270730710153207981465588481710893043105462401984009572139512320798277691485216459673371010195370036003789034044782947562091968486605046562892150826199233778514484182437311504368896250710504878247728761898107869102912716250303617119647861635
571 43205296165966691504148126037626534475401844968657756928253346614891422177439835850668154901489412903968704682641727938599261324794259590666285219262045509935911530555001461218180287861362385640814042205250461201850884774736573182544481927075518998451645576228138034293
572 129280146602074469578881522787943689495254942104378094387329791679414020375760997462264935409909427022379253988038870153384133877784343861867284302700098429346002054571464638307144121602174504502185784359599611536134043038531629209388573998690386648112186438411577239131
573 386837555776024603248364952461557860929464539023985350332841906442337240929268679719866750036728676080404164725382169878752213654214878029129497147867580328148260249934024193029555649108219024857930584723100373224613177312701274348649269412817045187164324662635730013137
574 1157516961728216293161775715250408464175889786718246267484942811912252075137819723636958789303206171758579436348409108254365366590921311300223926714546556863210236834739074186984896172644321879087084924106084677215551908031329181541481910188611593191781430682695556022659
575 3463602374235173090166664099274657316912725935761608151722018099660528963971604703150422413668680275795242790047835046765509302138856800629866821416247273721818634274504467799995297799609228115333239475847781625171529082770463757787700802277268020979712771308545173870145
576 10364076711952946786299652939010001450199890131682291083193378405973251465203356241509679059045574038761959366723836652318334820616249170912692880256465314688870857579229630683241723866454455378807824443781491095117053749665249735318358419552291821148434991172106553174463
577 31012382199608162162248591510928084442144124299626735489055485224075851321526025144790923882725590579388868955238585454469041396768185934972880955439637522051642428153999600654054360722531687638225849499803193916597468555542499863331521789083519762168387946870676558929137
578 92798626515046461985540156383586330979273703557674132628638972471172701534906020540911007861275119727554204141924952442088086617460820748385447192049830700838725014043118526068387553833124403668186329687304830146976295209553385958505605680960035746051508144081432619970771
579 277683372121622917929485461979981261011847524498981633265176920047762152702662225366245100664601666857775009346521515290372195758533856634646522157268880877732040461162234532553572107699544916384740104316351636622207912130836163099749252332462832459199810431518507863125573
580 830921697958574827977631319554138136619468424899147691897423436501577288493132720484673713625116347863999038897326304642065920631398862125253747260348207380824917009581529011548034428090748287062634529738508673913992177098962816184265424706763553912929234413567017803014603
581 2486406987646513235323084642498957038176019139292714298837648830262270785500893450863141215753713179150266270377175220175621234192153235982616474690942133706488191539188236611990852146501245293013517354316312590522325571982693345211918309275331133474030656458429377488175721
582 7440227607139955711112892273612941898989841561020138038951408523468933809528763030520632618575808817951900613599808645770313209732818740745626983967978927689688640811052406276803365126204155418362159854486305845136023447148207505766718913563444046665051454616694208256127019
583 22263944201523032198524383092485891379636643490283729683067261186908055950079210930144706294984716793277254164294476071173376596432020432697866295978474832241224566323180620666971469901399151139393179139762335740347534631959443949551301884807921341650228912208184717679249809
584 66622336796830077848190736501274344763446204739853471273328709220861814647145702309054957534717397028057222250058066012154007276918966893516425058836749218921397652893603194712639811178294719958888821568783366411227573092947763398270524841223146734618777272746185659895683183
585 199360670349343752455496991274124982924299260449656122155565358301992655089948359279565668482111423387408840113392084347861165268590903954453223228711593384225432988685101366548191939544087731341820685056593656196412211767554669661988782830541513663127688469006115235045780069
586 596569395040363701591400401976432361672884991444373202835678719652942308090853021942663305962386585896270931811348134868996590127871729823868561294200828047259584556816970428112808999292848729082308948670974050877029343552887172211353859747450239626336196951970599370627742415
587 1785189436218734760060766286622074751329694151511718203358711467328471427707976977643136799981978799645841908256509799751771790301980389743393185495493948218695119907069360729798564963217922922776421778403315984928484593997466295462389614985366035839910224713835936596124098293
588 5342069022201026104183495347634873457006992991838546210912360041187483692182607486022750198067180136767975967586047960428367267170407038820409743278732197053160013384732479890274013936486293549564925021870606952408810099466909489330959852348699901786143821458432201544160861403
589 15985879084301765400302694080688420699243436985665594097506268946706703689983767150390783683390114864810745774429489216249801755754003008522106050753780138314778204997487135850811922525920089096681016258943453399424421195654751239947146490667022422399785569775082024558474559981
590 47837159948824517271950189250920094288762073483109043212124886197514963104709488995466797359698655904235595127096237203896499100032485309868674227281180478808471205652675269218092051138981160413874795755106057078280061245943466884252191238513874737236318375605911761222547875671
591 143151558965079918807734547383443428670725986818654621584406217653544000414803640684447638172593145955105578296067883065185644704360713937900273927249583839456969745217734051259076593087869849818671851942078416023574802131898409577354537672457282412995781131328229642944395279569
592 428379420851345867347961356721116199165198493244050048862189776001298036730823724431470852295357400981284678425774603696611517510853629713839298081312031205362663703721991238594855668312773168560939645424849618156721249316217209157517578394850257995900059876010232039177807401263
593 1281925935342729849849741742724620801223645005399466866638363913669592161787818521008891238268230638868116232565746630399388167942447747435682718430998274380933125012748290803043955663894207552069218813284113100559906375226915248786858689635265204354456748185842469009351393118149
594 3836180912286418007201058369184678376111469707352388190601899570462296684166688949270142170563026451181027644395922792309713223696068837780036296693599896338333584285980427688022810787333268055807535758113198706792967671434328871037293282800306875583025346252671550227661832724175
595 11479871619972351540812539427528712893701272944933338287175279370944077166316777908605030727372306041222711352643705474285332725939971500339535477316012478119534303079921932469630315970494883932090656635487194730208490466141982452342123319851125272059678096883927231835713620991445
596 34353958119919808313220051996704122922502769630957143584740459391787655672391911791347907600847114872632060657741943194952983465516621912467680533738770104020970528568487575248274507377602672148358835401209128365400723197524166077846771166537246825739788289501915175647369525275963
597 102805967771261721876610361094876679254836786167043547652434157318291282629406518510444218440809900230049330048807323842817551415553972581643387404549944890948756273987021035786643166768419468044059509297309416188767164808731246410386884640269835016957780261556655986109695944746565
598 307653355979691615547463790338205928841332539119638860827481347328534492193407142381766335293200009721418364504467786559025327661455917419873604147020906978208039092239454628185429036954748689110404059290936642515061353208711513452700704613360956043881064501608409484255133707128191
599 920675888253194295402367791863016403599635589079336495806613515427646728259701621696037617634327782417471779903682387168658701199216472777616395467192984355508916892526094062264086448178934542736446653732146337674999899254938555802329367252357014937653655039151754123326480208629041
600 2755203348940902956437752072292810530307723472358013324613111576517584976011232164656186174756468679503675737463555681780694265262650856059494154706221501063303960922009886374956424427636994746805462443161333386804760024579964288111518892046606189750218330151995306784198604871750863
601 8245221281589099028563376764690997280841387737579794097381238836825475972149165044492843474767688350176340872599648147899719301188437830883899789667177132543692426061828770787154089569111173617881832980422852999679993889979223001047459595462085683903546294131249912492184890382092601
602 24674748644060604365892296838130217639696125234223667131023399014863223712492519012265353463431294303088903357110322879560551126284618730513554532789301373492414221533163689355399396890012099592104988408220248778367730971176909475877819917455509165917192300183220081978775862692674827
603 73842249292162770554887866410369764961323852882740013758523779426176398231624522785282564661261667316499312938758886550726690492214028285002802144698537237782735567625680764372828155459921484346112591084914225981901176587327205804895678659517103207907645621496161818973852757677509141
604 220982991969636101829936197408302377995639911359746180038758581221007120150408497771848459945204681592354778710762467760739983199192806247826020124347775089894358322173379657224650568465227268091308975010385960958467287771888514969716415021980208336060047204064867696568376419302139323
605 661324371892732400045775071586744334034097422133838248122258435533887607755238502670599978001303593655636007958484929300952369033651514446354786305441987064296803199792898847069129244894739246699257624189551649844905357818961072034642481844633376980777018795477709611106518914021532761
606 1979119180581641415285564086560508893187492669435791696594518093446500110786996139151319262598588406844660324522257071862407809247697935927008572590452044376907233027708392276589519690579588581907371893051819933854592442700200094969947917797909709854726981639868527724433474698259616155
607 5922855027338551311970525392702273760837575797709414170024975998410236408095226363253945784158437157827795400649685919554246418976243452571595284360921281561327191999635546780018016090787476775543723874773263509257820428419879434647614752566608227002582943140889770938745526905715359361
608 17725234398993824154548945391605474980740409343591513842211640789124018920509848920061219828105211215242887115086238133819718777217933926007197197341139231853310699190499620637141831269849984798500508389569955307336534153303787449200560640702110240285518858402089347177627755801978731647
609 53046238713345817508297715483769604104692103685576179038801820891876533118839205634489688664983138081595273523677922377231266735581773266794172389042296855733463564948667481791652478914477475054300605903563885537411401785546037441739886523653748518471845587683827086023348537478271899821
610 158751896405927291026448294122206798238139945446562513602550965351340816667850890088818545554298813999528316476895793823866802227261881180271137412188943275851021982111911583473746548875212922216781359380818785627866881403149800745230302367268951470763138112036028212283844476291833906567
611 475099924423581088044316713730747051776574407472738911244814657499960892999452192292198828053063402632607801905757055577068039713218018606119619551006660531194534579078380845748375532222069103726574542117276540305460436765891895912107343210570271435284743707056056320291202249128192926053
612 1421846482469167191738330438623826719638840102671769981094271061275070446108690324417688096217077765333940926635590170400046100006472626181261426883863114988429439356184640737443535301419098250700424818359820300278512361413305592367013497842808325561224925430938343552776183799237528073771
613 4255221348550487842868354887823657353384980382306239648908214315959118975005570100572844347605765521313245492343782614923794120126957291457747866113187023524280017659998557778143030380512097385429092968027079427247488414507264986387088476277570048105000858470588318312235281254491003119325
614 12734834363295531435582878070967313260662053325250668341991682513487517440078125705359383952313838840615263209961660634454293898928190998534936351050935619841228574064751649822482612070482063587361124129688952822388638072262077523525590080368303776693306170139223745729904650718740406667719
615 38112385781517304551963883090804955616644034719598256025356342880941896762923955489939716141064468814318892863007890497082163579213760139102440191211814880807735899875812408443547753821141869838440497294594055551826374490992691864001237992885007907188459306418352542596632595467038078547969
616 114061914369304553987131791739297303819799779622974671750172858236463066111827736115513700993906953777242807111884349531559080288273809663183441464951521136249259540256437226925653488632262818527817900998896002669506795534124356421546296119018543642972149951299159087838197210167330705630207
617 341363322368657963413966245252409179523371376795400133101548130790801820681815704873182370174720174893542134674013277259883200491204729149605461913506367291971811490207118636332783368338885752052831972259930956939131561539780448815713452516112013558050343673892915976012891795595382831032009
618 1021632573861628374299110460578408493201752692783406071517588996530601243198000864712187990024969738655158264070106832878660078507706308219402462945579825305558019396156818041213321192781139252077251683331907889357077397622636232468680231390817154527574137918755866896277376021070800213829435
619 3057554983213110635211426223130132365670202626250327040974322528552734658148521704556010706008130167744493143013922282713158811740054521044521196769807089129251384399026757745609134184886206085435517565409986448431451543211818557448633554804105467698940000820460227613907682356750316384620805
620 9150724565496546585563731240829020954394639174474177787595037554549036189181733129852655017971602056918709757700648935760524062687933989018654181778125485159941071423614191709243653609052045081296736642762536708877089151480874554856489304070189741078802611857197951479626422459383337258254667
621 27386614568248704928360371070395239959759831072570448029484312558771084917519481131576984526782490821143060723239422474514034965269442625323412239452314950021466530539883017019812662296073302995680599780116075785376705581918225250741937735105604187527644470393996374315613354054248617461533161
622 81963948017927366207964880526025051394269330806332858494747960899936399707456531900396391002207231233112742633489466169544906469606621734089183579850794646142527134095569155771903717438006778024785462827286288087412301799030283555641423240370632972883819966013863641455709263836089845681402059
623 245306489056834293840266095688178919622138209778024441809966808022039166765426644598681608862259140226814073247395137390633352707173159748474100758895613577450239077125219530663254197975330824465726110013362192202505615772143618331614287909805733570171008553427936376030245294894332445555186833
624 734170359558433180441798818114072462721434648683405318964983562900831197163249058777844974842553638182961078373806195038544860224659756732704848296740110266256018291273513953475317217120225689400812700538261064153541360426783648790705340988105672352554094438689448808560197187115966312868793711
625 2197284512369451847109432271193265057552130168004098087030305019220736106484031246918769463932735271737605920290729813220286723426341764428199120120164669899635837111238656946825974252130108664507279491696846699658557188971330305491288775868505178412397256263648076809795392836700686447114425025
626 6576235763430276453798159969297151656192653231572906172127537482402892762377595400285370393777883636913751368210449335560116199560598375091619876341743191061578451330473176125924680293027324541654537941398360404776955953294440302190700142195935403628137844457782638426629243489560357803034651459
627 19682038719254686825413382894144147843104273991274977050512647613532052772125165701257509526745018011284779399013993221683520022402506354987570229092079882213775430388610685597184408076421694370453805295638964833170941491959352987376724249079588009995994728796697556565516053632450904203312368565
628 58906661639302048317791255865539265697245848053434413504007739363342027539289855382072399904279369728134753241605308442273600045299104558652038220821211516728554290834300432567916320732704007849022504126555563315393672867087337801580173139520730475346335622115651459483955684550934663522401662427
629 176303265845288665326265599987719363509723963665091395154215891702196787347676134937905688819405520915667783477104193634365684408050600794452681511773228781535620582801678235364004546504677093561190414389368411033406393690780217659734681328523684762663938748190817577268405318757341530798834049849
630 527664546655744793161156108765605551951053992572006124627554678354714573003030276782184311713360497786822619298527046067565213025140508436529685973827737737655817536576123797011721213264626206840930369750589455001608397238409324126898534452802588841355664283408344858231922189919906765334901387675
631 1579272525582162141537669486005463072759155605434093686191809114104681226222691384826553153933657933835887220397008096378623352829373745626942259843607097813377221747725320308407128199961077747151562491685947868944578423442315734818849335236029933830979315029307274937539975023702775643051491561121
632 4726697907790076321618894093225020799035077571251719598051803749895029032408247657130681844291999549604781523692642409189476042902112479431712180567326256576691187100177698376531702846784466323707928431627253592904214546862191862965166166803270423936584827067470313192802038458844154415039065227871
633 14146865022472116278277529527330106518894623563978431058043708795248236463458140349260553093096789536422452192326768095486786258516736309785663940229901557212976412509646034946413812088880142063186219942458035717594733829998857148767323586234948937564669392634825896421858828539860457460098884656109
634 42341297747856443006540269383130458883220737054651514402240418111260317956121331176278826152662323719401534111502696399371394413650068242805609466530798078178855116761186415159321547487675281652737560668268202842522105893824304151122797452216689471562351127016623306785183451874815929197671846976615
635 126727161274858932235070148157387634572189833054234642499482895750430175288217429232417321047186742306859232631893365859628044076702147180445173777333153763230201081807154616614552453723301986208952748973168952250863429554503929327703032650478242314505065822904984737955818599693642696982703966154213
636 379294748943607260609561072748963919746269480089860439781743508207583507748094369262885400346216405552400441889454450649850322060526621817741051816843755945061619928018759682140317743421277669219983974582132625146669152441329211237707253897326189113250552566080383794762797385702615173541253274218859
637 1135234368826402784424805908841749530395302550226192056048108098226374028541384262980794647926292322066546872368636351478910795550619170918273514541111885642658803252959081031152647237495336831923022859826165675934334936503739678982663404509711514524102181717312483414433370121511886631041818579717061
638 3397784284251998539551628202296479107811632339282692851083294966171543669066971010455037724234494537154761622808290691312092490878711562341411672522221436022628236038164941124213513029231159399433976616483978688806636541974731507678922086196726366901144664746480956908017906369898703608528601251678559
639 10169688320558744064374989319944489041336218621832030897815541231046262253483371813707404861820629777774490727228976735526765880338395638627009681756397902280725242749557202159677971020281151618760836412353103494978896675933739870897145284100892145078599747489887610832199002003657102448108473307396609
640 30438345676370158978389219393920884686439365829554422804703347633143307736442213944310657275554924643768291344690060283783666416722439791368704123297109684192586353998150814044822347165939907951630381462203540344967994716113638096725580666937075956513370303766191660615594920626296554190186007381193215
641 91103697661642165326397157850558625228040126442141482290430427564812619943002533738675845484444474269030277733448148861233669720406723209712253650403000771373884565520635552385046261728516364294551336020722901314816633747535041673847574648669344699803777689246885774358350438097109755360426077163340241
642 272679517104144655309985004735799591564738956342048714050859503179744178583688517988461374767029613223392540405715454771944710229856505347351222044686765057508687401852177533638128475617855064039500918662626553906207347475269676349057101205897761655354602183400447605573091949277302354796423490545633139
643 816151110878913266953302566447862986653290247725040191455029620273983665838358767357360617355800533111674469640434098245440307480549288026348306598951930596612951672147503803597476721250045313558785368868544582298822518574430955891340595941836322285230202527025600611192009896471648977572064330372486277
644 2442812755412948763803913450941510931483079670091293992920257857550399457695428685953280072434304829015884346404218223797624465808220668136513485114952815867210143651474415445563760684813117181978619984742039187118658228427688804614835005560735385332099839986661255298846017237423715684087245607702398347
645 7311581416583245834507275665841173526113748018952956499699077779409266041408171121632366783095969285825088405477244429387839851034878624828778953560114148573307464236837666781612001408621553569532104775597031128067579336631673208436654681581984092548799179715221772870645787674743189546331692976969175177
646 21884367303428800097414741135156982086544987350879715097839654887158884738818238855744676688840830849238164709152240226067268367450987324750083285910884114982088101118833225140778645051228980594842099200136314114478710351335844844247739956450459644176985167858271849996894200164908659882898622156404599947
647 65502548770600532064686695052040177191088005513474115205684085689494093287024204255782335962636873590769093543631499395048604246119030228909157294082249228669589456384691429200293889461114727513194495442331623617938372566376812249630038166887692454664000099108824771664894420241204982896497674191600960721
648 196057710728681100847757226223859758931066389495057412643761992959942822572513589062261015402844470828476571125640896077271211576218828456443755491679166655607906772002358999252569266235094976260537594811044379860389237799345775709184923117188994503929278831560851045547515948485579321414703735091303230767
649 586828469349464023524956793443954018797312290353592984606058032809851433576975175019426268473006824381356080678958679123851092884891152745843630421924882312011932341464421022464745664138483951802667863640927974817593611329804137310119195468559107450206343747294849690716706037945738125091432134177316717413
650 1756466769059079672023378478079831950736081071285340699620754143403624651380560167138603429737751061271634278896843510117332096431744831542625880940032787919547605468079063478300041064204752379305091042904563231488748838334349184502373584732730649365673073464009626959992947997864894669794546934798148681679
651 5257390193804085275459100722212279094054688898754100925296412962094691959464498983340914850355701770109112184384660623518535738068857737749655029150760724318213162029974374250858964667748759521032071200542016018610890141234363422910032268012144425711129489233823662348510511626430639614128644603653072054709
652 15736276922197216116583365081554771265926548711398654036250473756879708061629223748138508811853971989393682441233373089602125158323921791112108436880448253684390415715277292785540892789736521935898537593277092077049724752136053867684129132452861504175426179529711981507099089298710832637466357829423216464923
653 47101557656953118698838898762874616770410089838570950446995050334180307213473467122919801653363016109495368830013621522632509528100909521595923279491067063510500434183790658845949186146935184268790341818012622474760097460157787801936165483015898147170721691385545917274789719146921168010225702184199671515757
654 140984070766269937257324598812037618467582703945661583494134007991461348304391425726925528685810262378883203189361541336674619616352609955456394926783181757596129645114322076314598943372820012290045399430828808092828065026848472303264136799860213204804048232410591025716888421703004650172861904542899048502999
655 421994037751110818388444755394074563715142660187488448333221370061633192867413548132804059090449797274013601272207311516301949757650498786415328677725027521683308931913978558255030215628070397590623936519095411574270521751814696490510044056324433508708109853940194292186458381814827664263670871177941550222865
656 1263118428280939564981107439906682718475964475018965285067912188162123223272155091194157875135851523363928020707698679817590266268240632882786788399840539275663786538424760320486336295221592093554390396529645112960899873067201474843154976360521813696470540800384126652475810777425452529752852757057105189176303
657 3780796574525138205829645294236934018217623116356771945583475476310892989542873169194710732134917378441771203005212654606850524482915280856451604619238955864676619411220038181402502574279145310178619510421828296272102430710959369135580356833541649068741199492643077539080596574764069110649189886383085955733509
658 11316810115663677894773796881865755916303953418786838175071903118813708798492658222267036961067479217811383201707589034148298226140766574684807515735307485552132517606468635987306748071637622952473666188241220727122114531895432464684937249934947463772469140126626069173477114581877320431768582115706336225625487
659 33873979570463860720314182284308341098689844485139055946496825748725842993376216073095000765486949674545348285441672938818849119557014168619170295205544511501066386729462810147336983363185395624976097753980745918508669289046508148638095992647782077916777089484062701437942500765866355265304249764368186555082901
660 101393445988497349094448313644750546488832960346560919671959175688358768496723941612590464508413389368842173024527290288554269525673299036299281525670232792107830822036633563071712615564301299294411008765682555749098882669674741081186202884551555949277847754794422949476054774145965844696187999681043870515890299
661 303497425103731813477478186095084125145713465332630424174762588679772431437731820885467286098215547021766834719466831801124444524024265683957329190923448670061701532603940760731690489588802526751290078835944667446039520958666517659166666948161710957685976911211975535774978839284133294038212092490287320542997253
662 908451192380015425364581781135802800067139706232329620310400316387887258269741614942408282129541982050238159389764395857645291963835433674469990147890672798185831697717428588661996409986657908446996463603096249275523320566861670966691372772453421269199626471593676278967497773664948994134936776050999413513574847
663 2719253175320343052794039988483390472995203622821824001824278480051399007670769933132416201228089018301784992928148483799576094617412743119213182873213554075112284560958052442513995122980784875758909961335679973630176919536967794618757003001967867045115974890137422972679455496391096195341358297746293912223488369
664 8139526503872675773249144149205319383390012653593606385997706589721726156362899371628981148058433073948046992929233363293303448047240497413465227502299050453044768126093980614188667128093505477088398121597413039403214831431092680900444624725624633030278641655668437095415954345786821450016233846755606320209113231
665 24364083929997588204460792399181872024075058906974667329572104071912696119262975271991781446078048082184095213786900224064537252664352821315669897567397452076883021147180424758769792023191407060834221174247704730586586569859663116741520088166797113856392100975815316607507097758163794641206333367566579233585745369
666 72929372324040000884536163952512170624856404314463274254747563074057789911839550347841946707394274426571087416651228044239847734160405481394995356731774001984245013585613200396341419215076272956388056492854240100472315489129639266126535319014192072350787699523818696825503483320276355410553261080909466870264400107
667 218301290949520815478778076446295145562236941579929731908157465625554957609150461099650238469070684970589297492162389289634466085789927475095446603152650489560022137133787945036853971328961195938985621525226442988176134834719420879054198716479284836727291385516271586515412475037813748968154310699607044170609063125
668 653448803711415182653645198668457934482846048838390428950226111503406163867884351596612056489007973338570494295873336582411122080277129237943597123550753140648890713894077188350647805147201397258582000024794777699519013976639462950391020819551210975005060914251567742335437638972717582599380445363986479761961199867
669 1955997346492570090279008780640695166596766360556023731158862421715682413602886059296213947941765947093881221474071330655384211993480339605831907223693568195319923562855939351962769030746299065556413340297451187055152720500613758167693715170047558058700378503689981731414675595031341186274429115820860004315134557881
670 5854993023471287394174509016244081366377781863400700246435982449411234013273389825609155517120040968078082806594919898379371517779724439267335502098187821575011020173261029617031737742635607833310415603476951264489876377971911244783490387483890916738213362037417139157646492691216347696752124136918399019324408519867
671 17526125809965093340406565823882064082337189653479892909567313584974075215144955827252291804749353609386322495654554300567853971762447003637625346927060576819655180688414315114616482876748971919547624316542199454935424465128123988361396794169883084061242395864783606756618161548684893275154013977229190204027280796993
672 52462246787543644316698999196791151695053609300289249948630752346730187297257479395962451925555222087887919543403023859296943099331020373529432727833674420836953735020552546814459910522501534136899640713468499273763244407454495038117544497546727888859646388515053320674435902499871706861851661423038533200859774517695
673 157039629225566669684209776459381588746576697527288243756555716264688552219082809874701118228857300314286669493044886952549681274590854431904347126990540491347909213629376593241848187868073747377917596270863666088524474825443480211299537755320768575562643286266137642947408071955700710699462002253545531698297438406357
674 470081376885900133796302264031412171925122856180251079524045878336295387548133715631169193382951941704652255393770845322740340993469318396386769798604459874749751065842125123374739312194451539625167883869338681328727129603075870302361304384120366972415384218428349756865736485076019052699521008563596777219042863584255
675 1407143007288765564239773719874909388772353927186375969517952403074185091466972555891610602023549833625535682602263900447781530370630613354806450754034015606714627865812973450174297487364625331046672528995552008604301727556590516364378636465738889134785795165450170787509856260935352950350104946670133031446953737759461
676 4212159703360364297148682146126957027490355733095561958040681613393791237911894232853044468212805433656272710505586703432085518605169271788500993366673394769316227253880621677621636201006006550935674113963776988398542184639273729405894310681681639050722724265557548075336089743167316496143920490547674753482537997764523
677 12608772786600124654752997508542168231783278559138697526453885414763761225679978400290910732204732100734672773023271378551030026296333244456279227645918910088314552995598013749060800872461162223164531275600784924131796782228415117630407171533409906207633369656757070251478909309037288036536101432526284017969876719518741
678 37743502727475493210331934261795319676044338022010380384402750015971255320946512221515623811972495891705566986652728985215040331640102285232086671381296272738918597175775951044481946132133711187926764569916881137523882332420005383895943545353039922607956672518099001485710012534212671530052714163811841898709294594669551
679 112982966656495275093568278523534818876483851782502936381080469870270910848043622716200076643606576675670756883234298259925419398808556128661431472909749330502203683432420380268674222445485697797269048691613128888106885387063443078655245658420153814543702795893475965135361274551708414894133721555649674519237304716282849
680 338208977666154096928157548709859538122455823652264660535841846261145711343269869690659313391694014528250919488095220480653447388399073413856934335690309670952289188132969659087740027991470763518311076279511176505596594302420321256422592870768980010836477490757752898504939123656926266549303399913285849555514015017570847
681 1012415231667448426592168588924381409848839636830549524949746678235526376546930386815052990961646793914170263558107906187899830314796958752115363198799145241285043875028294545889920112419814436017028740434461399492256695642697134746706972942710976173390699521205472212082643116804886418469888415701739661255764981035124801
682 3030634664821331062324130481538911296752296940302024933314902844162745662676558711737269068763399504658366636194721446188312944005995150299999895876784612091962870580070439920769147982991412526828314808717778241494199624252281223569427445335648006330939733702348948140442889474351777732073941761721302807664500526595170851
683 9072142758987836823956492025163813291165916554484474685470824239396427613101970192442498499966130663101097318588697968267110077323828356956521022017332092960981161567081490235518885039315770733749369974034544950263846740621817211153071816712607551433597411902258931322581150108485031476008383211946753504895410278097316901
684 27157359043787314438626438056408260514777627080241344534640329522110973005858935258347882955428166584175993398965241768040857440622751307169356065717360620124104182283401256019043950648265909834252121158576650786844500365494219148537220259591009371205418895271654948536176025087733540321126877471997476080593064688298720043
685 81295509597051861704089097419473625667771489980573753105291528985643597034952496028735162865901504083759696087099770974521915808430743689747723957985652868421216444267398366337685450539605204506447034235499903741149932728772679764988120047070410263377872776471638453737942701706641910917248383772582236554905846710237301745
686 243358736983678982115383894532335892823599794502348011097060391950412675973657175775551509568103897985555121659329794465517996598498383866155184077271255928266867012096256749341347641553865054713000802858910632386004477202840926895506622644611939977611910137044406641849715180473440348879762859278459668878768651291821120227
687 728498539003093455117166063617141501075315685099806072532077275802399456000859560376744514438666220299272951512077446628740572726725752074411127394360011569252191874345170039495802238464220278432893021563724125576860120858618212485337365092416639944994121016255877646601331344715900415103023003498909462816055773860079952337
688 2180779625414995962982301335626086119797794857299684397649838783881164175056024571338489020953122725637695510883466618281272738794522426299850421676469867024941955399896217383688925538125022911450984853523376066916782063091084998936945738593794043063784510191480389975349518031624196712309527723754356465622681078478575497775
689 6528241717360846305046975128678627103501851450703690181852325287748524804985088983645551751605927624403396227819817183763080177303516453770370121497242832183058939695802592235878899630688898274738629188879785842957346677618468659175319322607312773912132220151437585341044370772644031657443399204208663481569194135675997792185
690 19542585357552315962684025810070657907670495204599855858549458364526878660025388330605151802743171338894084634161833065127314491953215760756269390576094328275501990231003342524112385663111112793206269854692361205305960640383606225671982128293380248166154476205090296696077236161960767600979723278927317371825539416896982171691
691 58501789453520963434342545913666604690361399031086744917798648374039045076962529187796050363491953561983375493972280669319522169246206344870399730596443514263634814505269215964678099224695635321557024262897136052765703393161832243742496465855221298206601593937754143344780030689357103431356488937660383442622704569179457357237
692 175128819994863160026311449707024209114255737078049618665754265065117459936595343269263596349251307159717640711406641333641858286941654836578448720316529184548004995786207690926315473974605464781305771112208261493470313584896577615422263405674048921091203988782199259583562516009615071683173500092000788254483433293826450338523
693 524260849088847907299932258304974651407211818993012130420508390103205491238906806652842758664427475816209371469758140961060456654459127538811957472712106967201850612325930197088035880977867201682762037130553646670510946264152682239162103161288405142527960759675915076397220879392486628719556819301079156958194664676586543317089
694 1569417756752602868475210669905599927717554449040920335494878574093495593303665272776786080887634728018831630936135562103265585413043448623012918656179304524677827458966809961310026862832734121367805958360733973094799723825726727554813198888892053261664597555424671899066725378346840628263399459419566066176729197432071258508435
695 4698194845105825553159825478108123139049886202412387063541265512256410796069629785661439539048616129723954273249241727361674969298164560881332186459059842494755750094119011541015035934312919810938615481558184030938234118693685539698140059374749342158482241005808782770677143134122844823824715286072751122751127467680082608945217
696 14064516562100784366265923643410298427346880585271639264842863683811255914603369720373982515254157346488747033439322206154400549237513910197855025254342609955112858331519695537811228977227425232926523649463289558554112030897667997742679231690296261631684010429260615759443520935267212011869708431847324840961800063611997509678271
697 42103666072877471729605894620624860796505100730955272241900642156207616245829263693551458849286240382010411676143433524657425837824870693891605005865297886784480581436471115295050456857783050060413545911156841500072537024942299462709687305271037757888028462652719593256841698995026520603787172690365841298309749641802477585694133
698 126042303526209164926138507080186493974979671021433459069966848327740563541746648208016488566087649529270442020436360398181026323166690038956438252984468607741697863672523530590672635989542924747848639101808657838418353090305087395304326462222635088884069787375087493163422187211338694947489959930328263176812564019148616110218047
699 377323680723683315749370157685249657502502487778991386214268709754407498622889962379148840172434259681733605809922115575669397782087028821993360047624141796434060317544102678118435045896648561907200692130594538014274629468312845675155892173707718780802487115269623022574919365271502641228365272663819675700925744386208067658654917
700 1129569872881110086887361742898018906101730920541233579256685138005951871422746010141022776329296442103119858109564911789013777837871105653740104659441745427245496748288060969697857511720716632355706700029524687580299285418791401449375619368408861026526053849381623742823648203337764680147223363782290321689851990506561793727069067
701 3381531545230410317652597862564661489083944126057867408826380871569227062761005754049507977113876847311094337468907343561910835317171222222768873908467530049196982425704704715631193417532630308824647537480294196262667899505059707436366338668232730912249662745956694912672801565496564151535227197711345424473200346838089127748390269
702 10123136342126435302793701218960385996005562007668611989419797972130463495138438942640098727754575786528767042158307945514185543193683159061094016342345554187027971098107179842765491861223443707085959170014440007748017389255708556282910594465003493496242711555751077307077265916786945903349794521256507409878627466400709528377950343
703 30305260802780463548417780387174589586837390837210469583621432420356869626825575224387585328358251909753513013929112150701606343266324414823937363773277893000259142362538032008723305785239346837430695768856829405904579141713290894858021857884460821712012827428680882623578853051797177498866697049938025562810036368056128344362791489
704 90724014361377722094849573975707211140383906561297033074806790808234470010334019969636779643715874802253015131691276160452635169477555081218294289844801364416519001104131722551182266795260029812846014489490788626817496130688249751790930116807576864757285697108567388030806993039645826305645438353484645254035915058323086110557642175
705 271598758835860872212598345910645516031727028919926069992142665652233768500682305739873607966700668746006809446840165692567760289042287987265019149084965418147142496686650030220248266757958240275903173115693116223179557536844670655923684271649056299198697638170206828184639282539244261068795213141969061884637121851507730980896772397
706 813082453692957155646880653251243919941789818655853724789719500486209457235314590678760663701179091298629746191484212049975935832046004243177005781863976599513690916965924422972022830229698065254337336509669523169006228114172733011776685681019299908272754937372323334625092196440177202681361333331796551350707297416388846813415276423
707 2434123893745131473016949811322571403433487976096730186069987637963520462328023614586484734795317634777290528591798194247306887800199881260097064621278398792012609160578837638737370383649838597178480404663434860264915921696636409724092746281299943033218842121616522326313761901231599418265912731296372323511996158211857591952879438117
708 7287055018197952856089397428423968911795315880772651220075205443702868169320106792877098946434146527691955209566448942447870641700455800934007547100326993057666445999628164469269743599417414822133174550918036812427267192225956676852217671334665798957930468775080325059660983357785883302842828467362235345545994214832405079093691791979
709 21815375494258421563544790248030205760161401507646203957013709696828124102873066541616949034949249652305223248204644297849452766828791913751134887847009840996646611268186221209687110415302498603708791364677753031339914251698657931183547050630985423846432173031575154468437487755268069509116141445184354402464592478464906222458463018877
710 65309236738597846498177894760328377446804698772428250849520527503673567191269780564863037256661553911566955800545834297512506425618872325505803927815578255781637818335976170462613701380173725543851337813959968579628431703238289528767121525418927120713437842187963502362905856585576028020706448720842995401329934032800143616359823574311
711 195518470789426203608340347990255296337563768158212744166445693275206167400621546936395062766086463202668688697488766470777857582775674141187903446068221147722623351280631016649190835387554911044825523349676222094217392589616140089918768405632577160131719752080969223142760924547411108014855076379077989498944604267580683632585755201089
712 585331962626242489598698813945623099330637237014542542163364269333274305743339587895725620364785661499596820034257043945619960591866926555890876015847944496136215897268591736007901966300038444043701581990502352687394964081322904682055320990405316385616423597159776207034993821475705904366981451893740995102629674059734673937604143517375
713 1752338282011124135526280540358678864287564142284079355890720574623240251340503059589137557189229994887407838216866020354728159229821207545785517619970690713646117992389174789522588691855597724704509620126520164177340132400084008853028847685677841573080078465621744950835849839662574236366023276500461424307033790225924846475914983512841
714 5246080072913817387069071721369215098641558644072133571969700736305278704387405569177694823073841237665188807685532482744807222154661626098423031778437470454614406207816592871340761515529190326145465754162262204792177172468770268357242190695965605461374005009183920970669810533087716337085458049289499292023672248499873856848151139204219
715 15705549479526574749104884499922803416121283408279675059013999860669117648976204962933796229458861297576458176234662019502956724300186993992933831040670003916724613630408090179880929324823694040232941483852160299720163947961643529073018921178585024857708069942660646657690418572013769282440598996717884923885390296573957133886602511915717
716 47018915311781700386462081352774963175006686223566639815660915814200404052612620591493764285388871190348296938802978489830913905119741223236272887907271908701086754201669883737295343693089711841701286303448250703055112883142746442986299251406813078066245541777749437548066861980452106768701390889430172523719616486776290632270991760018315
717 140764558909500562440216717895565464482254786589910285311667671869279529311168667967918000825986334225210744173199663500358544797561604216827313567164508080763217563820379984536219341338035331001649090730267247779135442487842714591468361679178248444205449951580095451784407570327798745615778124529242912555247295787407602512394911836761673
718 421420138052237363938548533268906533642130983622969586454086128829322376536780114545952664110426723966234877104561562104568354505789649497402521710004312573837031323089914746893920737065529372062902738137494479337048026866172236149986741314222973506123638081854947730005268492093487395088696799463048091777799342100687182925545627497012587
719 1261648821617281583844254913444257471943809595168293375481147326098193662212904171627755694419231817921042093627763446242438322626064298465946666318258636678425545955990621536223795781626590094170754105218779759772096828861315858965067026803178318206322978764906369455072048043020683707071522082959376750315615928063185673143057130496543569
720 3777138627370191106889469388081967802188313566842218659978728204743870131962196293113856715379193616494016768882056470994671710982428442629806574277084467309799623151358112405135173532299081490303677761035710575147100170770013613767457314338651751690344478479702531699703669193040682616133116924122488261181574408702295903131532042430974895
721 11308072801498431327294404381479837144586900465715391634584936820127407211441404652585464800105438770772469263497496372852474256369410361814347132665075944771682625425131121673365658238936146423371428646419394376314647140490455696422074488222772219112047041635492759459030079919297564790858398941473520843687593665842402449537264842593199833
722 33854429299623075552117027216962419858586671987994251145914540621533599824288154844239740168556213114540357152937525076724284919540667862290047994342342106655288141665365855162319046548384773826628541040248591241531903758986568463596860778646648070284649631848140927137314165057032485274664446717812292194924633921472297443343226959688435723
723 101354637540970833150347981625331957091728417474436187130697568812890502991801316158762946217308984686191621529840147617163425389624143812035478946238570796128635419826841020610300754813685553628968814869207438255286349377037870394243145780070669470953139519903618175975665040544520692229241938734965030652881645110891551201345055345627809845
724 303440102120650372268291175563312408363916406123187424090788512945290473189676434036659271710117372987312412314597395167607772281493899985575587564690622954825353516815400647133376296638155755901217217758772909133066050437704803010028500101756034792650765572655213319793953343572277755492169320106167842085961718864295477039823073040436310107
725 908455265863264213584345312968983542256573023776046008647762557935418715860534821162827894727154878987155502017224214253303269550798073905173839396629063515777965015103189046195119242223207495844733816274962185075783839894662218405793925226348165746206613704859357034188429288399097519217071914514127132787929990476598622846384399639229125601
726 2719789757565050536018582193168352890463372705780047263524540146935786139409662902277466698745655538627547072246045632879180982216811755204232152642320694909701613214742012492040870494294228468471999282611567429027614618672264112685069821307193704645198622334320474793138828056008918089934115762966606284805013973780271737495574799587720856211
727 8142698124060080957149845833414684528507220557383794746674498231315724630989052504256481279300478581725285251653892924399717078948496536059634481592461257664853813581457675711537723314038203791791858793590098283299924469656575822887650806788532971886789691227633248879385028027309350556022487416131966153680792399436563380706697002791520662977
728 24378251026682698104155996229749557510446991937732239403554777233392150497470697543055480610924316242394342450842020635413516015665233229182765483617592190999319535793942649477011876321439566166404770133532320241321547740549026393792755674373221725553663944281473694514853743328112553158409228942629811488328667376431109077169122266303601021503
729 72985730917980414339004706246923958665040729931836117011507659926702523316609049943702760471420573278641384910556941556293396565920709685072101607918864638471438137619148913839067765737381646429740690420267475085516652901412047082401255858379907091337702468726789415834368748188991049506165449047834458795160589045110892913195114264264466235381
730 218511642655078608047895120622055228807030253033847942326503316772496434541319832632825570259707921617908138319817368207748616770114453786318812734205576911302056173897178762084726191337478144710165631860844146184921092111315400260471475875164921241033630973979350295964402879427054126353406667324230291787067519941812137218496212117170131721855
731 654202805255250530586805947280608120445090865028268644901945130480301388360676274842834407636463165669765475775894758664909568277178108965740679169076282644163718964991540535482532291629907060618748833902967171537365378300184615947366653122686924468670027294266722853471047419267802293063611683892842683618712147587187077364388509444907378912197
732 1958625566063545451262198366612232843206338346266154992126129128406708055826111756943621830886783169305269850930562575553028052815733888590796537776188076894150989130695559941582210703570080755363254552919234807919380944887568950453854902642440316463609580824650041977963130173936779613825451456739692366564697029692684703891329052410737252396171
733 5863968512544894174827639570729017864819996055695306990355181642751062884087322212662210214877062032662856307984865758091416204647227630597794560552208545023629133927708618204045891088537092105106787215821632650166070967386331854806133334424324313909376408305271155354946066502730186112429119392733295898338931592435844422440241752042824766062173
734 17556301499108225603585587741913332091649648501502681361223279021940563797496791193600639436958942393255695537365420013460894935698883001469913747259793491104343052596508128718918458427107493436808855259549951735655278410576716687506889023862386803377541172864850835239533872552936603441134057948354239803203910341095456883183008282247623245171879
735 52562452231470072090606401349724795009411716853881965589326177310199933898349292307916875808521342729304416820963941036733977387170693561690990598601516832400489606331924148944886399560503546186431568490548369944998621483234722284482266027208336559929842594717296004277477930784905892634989434612693204300600018376045600503056014171763413712517441
736 157369074360490981760317698675920659026907119348935534542582257248665778827918281744517281646429712708715528088041166864189107043466991769742641534897247226503827134023025805805747299175461726479908481017159145302893259828457907009950438959102989337172675695506826362465467485162289993283718148679215692791220642483617963415403234813638927196006847
737 471155584306351035843517177311969687654750323482649353716280410278430473869304521297658711528203141401236350917913687416564752411141103580599564290873204201101331884253353199895441358230089114991717406071706431542600301133344353597393717178668905044845660876216545957652728108733809299272005686600791719163283898538686045690719855639964320901258993
738 1410621416055530003061066988755061323009999014020706201154384845665298681452965200314697231878395092565471321830203095972103712854976337257358924670283734834304051249246439601458084380543923872769448509223355331611603585586590760058632799328166869960327282686356041758059349802081168981295739213421805477258723171853038511859641489557640859841416531
739 4223356841125761316139999049472322731261795590349641160122885898817596267499761112773974924707306432961958487225653118628583921203856427190883539688396759628420280576558615899400285845945492550786377909723349065252001155698034871963172830859571580193720131278532952645666422864125195155211515086242006463756023285794419422714470682425244431486982469
740 12644633710833797214557646843241594387839326305445325036779551371894155029763945675082418551645707276223083483454266148933386880885867698794663275055083877019355843212752712780476585225290900866488760410585080825096062178560962287140773631900745051353501664684824434027295573991952896236081433306980925807278866107199433445195091068388753474490541771
741 37857845721654905692883742759146860880628679278032812308454190595380234014085491195275259251256475712205072144319490198054034209711454490853309537329935493652618866387096003694187107419007863554873011212640043501959314040216596984750284360163935829576217187676184700265435357266714587932090459862347361413375659093066165655398045821149684206467291913
742 113346132437531120549983768862874656845016057393188612637883760111291765463247971814010394285463606294379834152645281298498743288909474105505651900935201884276396082847400912431707225284236995951801919044260319517753086468838710484879492926735233391505496259822864390792874800694141137789183651549135498707957567927361977189847493927482568051720932235
743 339358456984235396881574408403115680806308414254129776185729713364640893935978148601841106229952798726869779438178091303821800381607160533152175237877101886078436193712037538470564595874588857250336678722781099078911667567684009199995983808291003457082090118056179015625363635051940671009603077582623274736487328193173490810189107144717824770763805713
744 1016042339737012308427637566479046058765892247570543128790722719202043110538469899379327523015093200260851094508044247561546549481013904910561745262337332944482906124843824801699055277429424072655501832536877601053849491067577367558245373037102947908121807060637473496601849092852311842567524074178815420892541691938667853819167391274659636634985810159
745 3042048200065570683299120226159161359945226707238165967193026193068172837559125517825444240376183686972084734598126387248697022460913097410818231080884123845624842723511419135106024084828541968694750151111630425339959413138932967545995821279483669280437230154592383559650428213796351993772056855548593563702611119789159604302536444815770620037245511973
746 9107968683545536816789664550958782917540118283982729245497720474099173481687541008519370359303250987662545482043135850017520290756515659883503444428785250874678214409331041993905531837587725592500277491612867482979029514494359776232697423665086814662132964562784950429691098272964993007640182321744860157260882930014854328095106412273564373276728317327
747 27269559079942530984492650274531798230226688743143964270276636029562251920472364971282932320729499149285923877024198850511620219221564802701348167122337594919493966060596143423297593665154808512274483982034342599151359691636584972716918767299036364138682770170087283018973878842769586713094616031849029929212457734665356814886386642803987143201312338165
748 81646176151312284846515053308177439376813207359014928216979956810244668111933170783816746460552830847271186979077546815057228180265059628720750673911447606773427894425745309705196471539615824730116671176272088649915092221162910859319885356064761537443389431258147740656162067491513555761578052761415324225605541700037595004819002302904503521967772655323
749 244452637161360142057963127854867513194188260408151968943925321748930421571653312573816773059994726279825323764611495372744819532039590769674012779717965465524320911584837978355961702792965524379686190023919855932865074089789790387252964257661543607503645309995567419232064047900683279485351827986779221714532752334609337726953650622062086525134587176525
750 731905051165792167010676454363034811239379111170808436891804483433502038533637417257322031145452066462185833833102237849588345069117527907354670051779887919300170374320366589954827973057895133049705003633164425312291262351118021281808376128720200431694370645996876537693350055432062548822972317259179839032887986412907309642502918447636449325032342934519









