2 1
3 1
4 5
5 17
6 53
7 161
8 477
9 1393
10 4033
11 11617
12 33365
13 95681
14 274209
15 785793
16 2252509
17 6460433
18 18542169
19 53260481
20 153115765
21 440572993
22 1268830877
23 3657435745
24 10551936125
25 30469329025
26 88056216233
27 254690980449
28 737246830085
29 2135733864497
30 6191632910645
31 17962887629953
32 52149387574141
33 151500425637905
34 440412721616217
35 1281083211479873
36 3728694347091989
37 10858980007082305
38 31642100121463093
39 92252291474485857
40 269101770295545629
41 785372625570714337
42 2293228844037240601
43 6699222533572410977
44 19579429696498155781
45 57248991973729205201
46 167464075218959256929
47 490067129066095302401
48 1434709442611736072733
49 4201858353463561600737
50 12310700421913955910289
51 36081374831083694991617
52 105788294788669211438085
53 310271471657480753441969
54 910314409657739095883917
55 2671666007793347106081313
56 7843503438391290042545021
57 23034106024955684901216241
58 67664720829870977612639297
59 198828828836825347296253025
60 584412027256432768020622709
61 1718218545231484141968322881
62 5053054547426137086903476769
63 14864245801515151534113050113
64 43736313322550842753223004029
65 128720900719255111471082412177
66 378931647123215161402353387641
67 1115770817916479297107067752129
68 3286161705402508870058813454997
69 9680555066913716491050128686145
70 28523752453182860732286787000309
71 84063192761186600398132682084321
72 247796836027101664016353566844061
73 730590788941584095828301284007137
74 2154463614630208301003178997442937
75 6354607273653788408402883681631713
76 18746532809176410348254058596729989
77 55313871626204328356866562771183441
78 163239873570198256761424046269492089
79 481832201192184407216678015149660801
80 1422463439955962546644362839618693917
81 4200108608973641604905626453937163457
82 12403735279097309008314060355987565953
83 36636629307703792154929299212521302785
84 108230115992112749844042787968331476965
85 319778243821218108395723506559336527569
86 944966698578192471179639219200253370157
87 2792862553407537133292453774941900855585
88 8255564917966205956909086469180032905597
89 24406581208213838902995114283495112442385
90 72165362974070635034418565037548779329841
91 213408230938260722757407038623358955063009
92 631179513274497834901480859770233503933845
93 1867036752531981737399248906939961433130145
94 5523444532215507832584666360221702170645917
95 16342678107294363992645754497249365870308225
96 48360582992396372217334283385480565600399357
97 143124472648865501434226343822735736622531681
98 423632595578378381602858883295920030621133105
99 1254056165290701219471580828849666858308358145
100 3712751087631659089140324751135934544743227237
101 10993222282129194361792620610587795807874552753
102 32553946032567831867537325292146881727350601013
103 96411950881319117771335064800989374514910972321
104 285565589435266964043690876540679959351009016541
105 845917167695884407091787388242779913095547121809
106 2506086037732762802942769255796870623511242986545
107 7425223292390982541932170939145271198681913333217
108 22002281305421361495072227426720816074016094514293
109 65203337902473116677794079798707525951377433372705
110 193248063997020330700382670619576193376834413742921
111 572799967933406792061314065584391195207658620469505
112 1697980304335547175993367457485149067935379996611165
113 5033887180129356611061110116171899934470852132561297
114 14925016683491836082401915328941969128270941740106489
115 44255378288689138213414945541449906342902147526470721
116 131237079089346437427438082670215747731127714351216501
117 389211547156843381513685929347909325141898448602784321
118 1154391044532018228620689212329375310018294252411160669
119 3424188594674794891332729007133260779316407132560529889
120 10157792450541243360215066789399874727137133910964118909
121 30135428632748677995649050913714725424377866587136549249
122 89411061718560045333689647468848476301139403076073304585
123 265301951426765632060384730861443248873531492894281961953
124 787271327811455359968710770742110847097025143179242651653
125 2336375905410254460057983244437452436782323636778130235057
126 6934175077653753125844347653107906766517659359124145258293
127 20581650720996252803533562378078577152396834795815614796289
128 61093984331332016491380806950921974117826217595685364805117
129 181363160901036546465467707093390609584852975434504429990033
130 538432953741816347714730669416638467726864413448632638032505
131 1598621587225464046093790764273901291401939366204467699437761
132 4746688859727673050907631182286443249768922752528556455066901
133 14095045508431711646965703265005119338643422817570327362326593
134 41857415420042922386260211636533177140543167890430140953459989
135 124310591983397010101225769911030926462997005240951241392478177
136 369209834956632831870447012706616832713976602680348484960908061
137 1096648366164069177158487265163318099077612953973336775284240737
138 3257542980695234143894537267188328543595447303708095014562950585
139 9677009345758715502875546055367174651388280856441629455020026337
140 28748821361988848629485840066058147422250202074725601831677310853
141 85413485350512936441051566223208086847534962843712702959858867921
142 253781525832923477702020706156360378077662647886707269191172174457
143 754085130094427688089940059521379380091567581092608804912684714113
144 2240821282258906430768106226639943870982103044809639127328506561949
145 6659171500551463902232767436275178930301263275880919502256652047937
146 19790601140013956599644058069651891147810286504060162237584257088321
147 58819761153036709306683807904977911674530189089666425638543726035201
148 174828686575145010069172996675115148654167984171743925710753595162597
149 519669214892565880162539208459022483554227195687972522117131709254993
150 1544777151175735928336178718871380861510330240742444018812460051861325
151 4592286099099337848330466780131800179601529109323527320824690166575393
152 13652619759896507569022509148754547102158702167645612017675801394652157
153 40590716990712742419076456697454150994455922347009130438316744674720529
154 120687095895069818868778044853601655563071850871357204396383339674039857
155 358854221098453575147098183527528336602137334478614023352877694860839137
156 1067082790035494989507947068279988279196124820327585683274848871394938133
157 3173224055963176902192834606715115471631068105285246032814774096971903393
158 9436819801579035069129262228749699123248460541175148722622194993391494453
159 28065489989258996534881922420355415698645953749259509583409377788881535873
160 83472108381803085249329793323716480856646920882230852598209635293996706941
161 248274247891799424403867393769727569239933180793611582959998331313773270977
162 738487685508796587597232800353580863910798666178669856114246404616496988673
163 2196725997067011780293274093479481512925106565878400256939268595472963393153
164 6534755350683894846802849267003197823607922658749175081374690543672929555013
165 19440317514401461423188326734024995907045818731608766586922630052403070079185
166 57835929859904912961079944694199219342796464758742914831716267530758907231381
167 172072794737459575675509921389120250048398247421343904783989351392993827992865
168 511972461904642093727806001057608486161027350873426969330427562096512146877149
169 1523353418610148093155255515479123680887637273786596081691074048279028014061745
170 4532879841928995511453332364758012361578372669533579998133819087157268837428289
171 13488603733395453864085311968465216067794323988101057359112830537553198204611809
172 40140135237713708093440134432621690507855636092737178423199004248330549523088533
173 119456423400842597872754933399842231352770383738840893791015869864800967006839297
174 355515731838025009550662024750311195037516165707117102207940673936804153722127801
175 1058099673681850817866548365341551482237962078108533976167092278772590478982605057
176 3149289489457182708023980401899843008596888542128896458239054674326074365812488029
177 9373820679091801653343534586279669259613308661767653735155325487390472119699169713
178 27902207483396919635875309150347160436689989610257455056200519589673932521566341993
179 83057368171642007068071117670159518841153009737661742323395025752634687472549053889
180 247249409579344851518077932758283338329929478966658826576117087012131171170611995541
181 736053998740736657234701147106425253740934750741006507780976745544871911001407850401
182 2191296916874726984685918670221204920406344164690774592218643057041081689534604714141
183 6523936754047192357906897993499514068736923563853503983627433464800262004422124720225
184 19423838015479383611642144933741345916623864564738353717900710455846996979884620297469
185 57833166896386244114196773641689222993264629172106010441338206795843112172900053481569
186 172200875814967779670426221250460589892072644475175413221439617960858064136514609832313
187 512755145588614633925232381096331638575708109512072349494491235696221521850364057306849
188 1526865655867970516937994973643374671200101843578600402280346644656085200128591138668645
189 4546818245156353725756603816737976586927564677237172876075160489637758715532411838088657
190 13540358795396099489207693118198028805359320178193034708561299427634857690069083046772833
191 40324445771603008414213243816023614510288854230361392923105426774060718474332334241379329
192 120094230818034295655019657605869319030413573769355354765994592845010924152317980918172797
193 357677182339286111905577814611385841284247742825812174999737839887876208741508266294649825
194 1065308840273183730820887926530529666181628991437552769366691146163737668182865952219380625
195 3173035161412989818125075412167404899434354434102695879645151670139334406847686864435327105
196 9451247861270372996387539526733772556853719088731870464191884451389491417849130567366679397
197 28152579483347636891606590786418170468190379032636817575594811403693385018316148789483171505
198 83861353246363274985798682337829049580324719896763749263811021560143316254979884017349085461
199 249815875351092166324598914663629318116673174136301924576671848474567440763291251516894122529
200 744204958424072153155662809785477291610359410213956831356144844882379414587554011532418762717
201 2217069509119608974855253871555221969831189053900728651387944407962461194581281538929785552657
202 6605111468169345353866939349338857338810472768983372631602190468391396221492949775632102935441
203 19678634283603288079928806859597900790945518102104158092598046667408282280436253633695282340961
204 58630499087915771492294886255806772299188422120737701124690826366213671555683680192985941444085
205 174689150782231111145034736836133093899947532502949809747371566308290059594382440341742394526241
206 520501346147568203286460065331619674571731071675671523059791598000958113251243768654223306327985
207 1550926576425487739895788098037914260897773298052691739895075804099653804514762198655741854966145
208 4621404201612868386604662661443579167977240083465257612145053677616730278878800009345035266779613
209 13771139808563630218393682313049369489696166103585021666712469567767944048210927760458973031281969
210 41037313043039368570052239196315219526602563382343262426976430203653430527887871139163975289616201
211 122292810897714370262160472452891009304259347001552338187893099275752228397589970510083055298859585
212 364448194106452879596297185509994524425525950981921993326980030750227894412020677706832846166438805
213 1086134050317106663125722887777732617524504497917894760657253607765104938609407063463457448235923617
214 3237007416773562322261426994629592947322323478945063262689471449001558081272826109106502000029020893
215 9647537782341123067284566956122488948637026975906761876398295500545988811025750644898609322058567905
216 28754227230552087012577241490045121020589688805642872255696127794141289348067547195487874612092959229
217 85703631320416090140232145015346593155900710703287966354443213921665402489897442406258904563853601377
218 255451790589845424724922903024724886617698678212668214928876427750452744923334640994741801239724201625
219 761431392300487705431791522379426670876661424402825157072733484241510820167579535912461879659141639009
220 2269679839541202491411513811133276965116571988304211120174855567744489740563828165757862972221146375013
221 6765662274298630567024274499380311502303019040651879792888030128211887743741653327504639095801375834193
222 20168231689280193098873563885162955910749629034466232056421809578662895258232241047848411262389098851469
223 60122498532086082968620861030947232000099583527555301253414669786485218395116638071893261295544653884033
224 179232933239830944401011601546713342815068935446212679326121080569551518583183442800710478415199565454333
225 534330666494488421745117943656560341493395241598265020151873102655575741947273047013754182872253799215377
226 1592992707295906238794073866185836242700802786457637976231452381488068430641265035595862843558172813976409
227 4749290992657630638526309444848431289219286684652271289255244410005711749014640683672477336622788518292289
228 14159730361979119159495384841486922270233211439128730894460996932146670074568537306569704873828990666911125
229 42217479890088679649167337947650510540049977331057446000475888729027822575094476302239679777476835791475265
230 125875339243520986741018301836128377481092495723395933803405422837963352838886483572690895513647142909024341
231 375318471978083275678337760091476257578413867257868478105456342932640734926939229976688944522872643304476769
232 1119103032261239319499053854956534873902870165114097302987628714960235763846287877574823188526654664339316125
233 3336959722856848514487496049300772633349026864088796812862312840238269522176128364752823988539336402090049633
234 9950445589408520751491017337190602913453498701152245950769519624138346489403675880247057950018380887669764697
235 29671853768844079713494718542868678518402484594751036507129007848106746314379331117737056912453676888317877345
236 88482489250692982120240492876937525767967169956401813922391559080110908331700959674551813483465635153920806149
237 263864157695358612704495124879270502405556341517608168698344273457398066603838538734881893206825420335657731153
238 786889599131300082090448615634052955593472050328085357332501554125213742363993392716214378862703746752194575329
239 2346699393134307810317137924058959667358332493280676563836498087507074188573734227633893944143408342420082808577
240 6998601869949785618701159287660588323425031271628649906087270105446001621972754345403046894093758646213242889885
241 20872535447204301606164809211238730028139706233806520416107371456977924849430290498410360567162423731163616740193
242 62251402211041300603554362133673697291107273490653135093645856401978304234249309441351968991297192011234393283409
243 185666266115869233379537495341079204340163940144125045342468767851658070108424220867864954401244312088521696771329
244 553766558523838879573148441228084498891536586825275820945140561554716614998575319900506337036403164627246631518469
245 1651696422200325532643581751977347960239143783024028555532113853327511236170702626010788847313991496635152484412977
246 4926556133909060322800073190498622065738376017597318291150611174775720494015044726621617053241389696350077025746733
247 14694887768204422786183746180441249864736358051414175966524502676337171751185405450422149501752192352764207400015905
248 43832744917068429679668284416442702117394924340345367289378728712242708276407064729674200935486631437286548671391229
249 130749653467329954572550657163538309724534026378449485934275284207107658817071134947687717312037817499069530010751473
250 390024453145429205991833625615799442564968171754114851587354604976388408766111745800161653889435150815938446180365889
251 1163462706839863431342570425764289285244210991739977646804760466565583561860855181005781746014260361486922726013675617
252 3470742291049513661833535318023901497191228155958973030832907690949059204780199013867382193877049568844374447444332021
253 10353840457366019452301552324977828108889465752593604044613413741500071471144237822688444390724004502161553829031814977
254 30887993773749586562011964207061950101720939346215780540126559923408436283266375064733171871000608448374659545884972577
255 92148229848294329849523447945664611531458738407672756719959328242182210420240797766493801927856775708462475516553639937
256 274911741396728105429684601938271993036370500623337012173505943439221216511963497407746478158670966075478524732083633661
257 820178744815119484803208288724480723766391182637160074670372805511071228326653810363743328860374350403212698199431180945
258 2446992257765478100051474597985472796063585321973554810555768977792727056259814172083051131625027656173419102955728485113
259 7300716407040578072261701147702213153647285401250730557491437076131714024204130878803943481215396932468939956786260770497
260 21782468589398499070428382169684530155112422929036751773862735850764003458878482420693448781644777991803317126739869910805
261 64991623299050530818856937467540101133704078583615784174163276370398162341637716992256239257637360073329517831220698074177
262 193917176894203503519729187364909677371655665782072978059710387748826742854838916186093077517124138621524452741903755472405
263 578607049299508725728118562455665184084782787844827603707118426090094403134560587832776891906197278323851924362847822278113
264 1726472417604491729565319571221698885715273704638724349490782194039289036260688504721283164460906030385551601610109457668381
265 5151622018606113561634292070756385521641763567498001239524494310679579369243433841307261320040361339118136443786070636978529
266 15372223821998313412381344236179388466783963488706795006159996639335655255582313721555887978846528477426817861974729487249209
267 45870947418620854862515490015651535743423559359589695531862219031926137224059702711961478072121821903978050361394065715570657
268 136882196146679024900906552186872579920745324076649375873617764589904095147163620271394317890846100529112057599536149030444421
269 408473986328894001970486294614305667363020750823925222771285547646694959670665953452578207300258570107744791672158278339482833
270 1218961447145085364056453033022799343726314679713024280140973415870692858832709575910228864737683584979655745064376811699419545
271 3637672580718381161195016874856304198568919319015277650145203409673069730741639299447071045401743671731671217663570679984051841
272 10855885557889845547005779115284524569453619105031779748835039488944384192661845536707390118629317602229263813621764078691223965
273 32397751027591490047132386595379896877939256163577047977881706255971406208587987679345593886265592984599595769707378577752715457
274 96687954565150164416998388875936718484673117055590168331055524615147336090988367451464031268652704170241321811803254683801001345
275 288561063040436707031459304901247573835564064841162363345931791591602366650191769907322417115277220912436606193870004391910075649
276 861213598217767651276318962918099305230171103617594374550943235645269577341949858766436031607622654925372423082321550524507179621
277 2570347056187643102389525295006260826300303864031960454705606896886513356900261282477397209851635109744031615180923334536101357265
278 7671500923712238416305158670277470053743767491317394732210350884758441081298118841996013807789417076010902053640084582202499032013
279 22896892741909666260141888010044064677633763754013608061573492135081325979190954320170172032450322403801133227669222992006763956513
280 68340844195164871884956186787457959426165923494897524970034413883661782347660360802700938474045923759799252698253588847304779941885
281 203981912137517313616763024345139953854757681226845909662979291726738347840525460261889431642649690314740954443888218499906059159697
282 608850205271797398883766044975344008053795400727107980151196697276988726526618103671909822773514677803750826376464599876540845000817
283 1817342083113984695455918333174598324852080315222204770186293172409539797287295199666535188746105400451518554392072930929932328340193
284 5424632085828814217314234619545210448497236245959111728934377785931840781789996789092460688299654433353877063639315641693855548939925
285 16192399951967601547857517978063146930407760490278025056490146366259629702996229423464982155562911619588780223883196306067458480921121
286 48334745503220738482563544248641971770073324188229040222372462620916349140569053949939758392075127817891453110225728968780945151916533
287 144282906244887211270593559470282544896038472420789693354953758072102616552443549758849374535101933995721716811346653492954308478298497
288 430702616792006277809235988594745202635941450881975970630925655643941493956287269216751125949008627896264697440859187345419434838053501
289 1285722591846996465856835139863116083187998653466820101638526265054487949817032815129583473401611798811626563918588160201806883872182593
290 3838169311561597017802240533992380442985031711837720275501828590814525290300064021265509264692128861593412625641043798580460579594832065
291 11457979067653452987342529025342753151465714076697111502887241011177178523433365947954159579502489227266439044494978495623361349140141697
292 34205734185329316027920303274443271159731921465520037197830569355910446782192182145694898350165454097301093709575513356517963719366819269
293 102116696982372637631878638441900149776813112335635711451466392377952289770795938740698472804601059536729113845070019792061693690829029201
294 304860744921133212377773842115280418720523930061788461651037413382183764548164003939572552956948556796507689980140616804894616584737902613
295 910150295641698680560367061833530378884677663127330669581188249420685392410957313918725056247055205185196475798088927054687482397186081057
296 2717262145020976794536990167600744570511188574521149574478884404523730956713484356151024267027824478549165820061980104231529069038012517597
297 8112537824488559176905883271791079559861756037698770585972126052168936518132512210021396814084165019032875021436908882906082465529665999665
298 24220809809556429499105530873911418296111290042227325613568627040706817052846182944952325467535184500891139595499883487958564931230228738817
299 72314813367760792346358670381537608056325028030043631169635230305471178355318723551502832177780329176672133353549775281286651631957550589665
300 215909883351512720251920810817824381785001331149457783518475658965381661581375204864398441166184041515199879731390731641393630210945940039957
301 644650578005676056705958307187663665414003184116241642828506223390880885105741723344659737887968487144578863666624830304684623560098979767681
302 1924787496016125626782917140786992558332140021623047907503593499505881833913374550979636880468317430173085789405133357143864227243271818683417
303 5747086293805445395046469728413758841236433224678288854335980129016613879947736930202336841728577735331945222335873011650840346891908784695041
304 17160072716364356297333586495013560079117834281419067703404075063977786213584495314250354548268524287682624272577603512501504325487509716314973
305 51238565784152747892890155780894781323443419409248926899334906739465139788251720970769328011678886808021703491335136909276585036457723897802929
306 152996396170254730003327470788310722085954895537912241811096048768903763433860601603938179802639679502723439826411918173823488299089573902606697
307 456848067893418852382965199997178428345058233194900671495396266657845322643955066859909068254475096735103688284194002473981228238172765000112065
308 1364170643932294867339802573294951408229864038291232530483864242949590860132281895292995151295498337910653354348928922606179674843766650205898389
309 4073539041644904889661742392296536049815639226455481867233821506680994882708739658298473496992491877333813150003264398897773403122450504263946913
310 12164137037424036626777981970395576400995807246757844680856297286304116415940281412476442091794265675900624300490776853260890604160706818065864989
311 36324272444159563901708644926376862193293692036943900205902804938180524288151163294612439367821903967759504313223441616334375334752480674724840033
312 108472264233830857677645438506817578101440898334574832629501548051515026885987047870686722416778495222945957655165820381980002878182095056358933245
313 323926598217417028545233279133972711498743303035820421344596029585822935374632767198208131038490245722027410297706247608564923254906156997144463713
314 967343239015684452616695569389627104063186514608042366672626208059368148330790380736945885376841287873106145595168125445422131052476582702818398585
315 2888821048756070056447311944365414836251423181627440908334995757489202345947165220415247144010974708069529980813468825233306436926355668010458660065
316 8627136927110171971752136004487801540775822976772399651880855907442276070619949425713664800114976592553750244833555255787809300741078382020144865125
317 25764321981398857384533776030512276568251645548613202917323067723848060492073070388393869088080119056426752121442819446522048535395307472861447422673
318 76944341004188481358581200427206631093537968250541254451678623020479307661830970958516504170844908529168347561086740261196537936024340405809014264953
319 229794989372165954175511753968025687517869961063705544356429934691209126287433554482928636872546625926045465688479521746952228594537550610638271504897
320 686294144495097907952436093712347089195206889155854985080645217804199901213488349598800067535335597450969957737290409348903304151007564308324799371389
321 2049679065718253990658548050991445310887331679408756449756417870286208089170229778364351125755577169885413134527680139693912071217592445883272851922241
322 6121632245996779082092152653397376456459916337504479041644546555951529908163709714589104112309186208339690457363458148235539726651687913732650248540129
323 18283290955844156118579580595321236237307632154663350011342177854096914466558394196877913412371397412937654998310417510995840795654192360945370139512577
324 54606863834589955689129013790598555922211288864287837092299116774200715738336631250220159142525504631343379346998027001506185403542907940090978294292421
325 163096933396026221988177336628029051442933857811970173319203701602753747132346184825923545109425468709079721665523145409349639779070211483564668273058769
326 487135767209584276608080803543626598460151435506764904650613255447145761874460315346943778790703703756895670774434950275950123776248991931776211083878741
327 1454989536393685169537813819987158872361131752054411235504620003947075127709182996993028592052207437682547190685280083466719720289958024641036595616903073
328 4345855862915065032122741949639013208863310706411079302418665767268571460218365955717126166553487777183030191477013228328224324460652280529709935664322909
329 12980646700367040513932617141875474831054164102327949482004702150157595461833782605167029153037907534590552129204367801006622202156224695872511887974782641
330 38772416762060883135563737976125167132721453018515073307226077980477942928253846670454413763427769254451652640795573179513308449817191062757082657247819745
331 115812360569378439101973613473135138962706349012030762223676548308816042725966564252831927089239371955497821524676373005658609689817569258369959143265548641
332 345933341893650379941863551259005641593177737464156845546100978218743837080059263569170936277117021716146398937896504390676843654568290707528304429594496789
333 1033321263887040528133099499446892060434081927703698707599486798408101941492304134129374032105573546761206086009203461402712962881368439594157762749221237377
334 3086623900958284794179821367144907702246608092854303382199979109084209346582945421317590462704565135009254072676629728466883574086549527566960897992819931809
335 9220138317803729168143256992393839525333919518470860086936294681981762131408425767017083488997657052158878707957833363322332853659591819897850317250473319809
336 27542065079960426420556708117452624811300049884811309941848403856048664260590196036143336295295259308485194944043681469333021937111444683297754777776749536861
337 82273671056468081420067709081257538807378026048139956183687628899987819997292984173549383440983714181866877391247649696885581848818773066479966408360448935889
338 245770941678590039491952906981891459033888895353871693642060441469438892825169869639332384378533827884156064375779408265002985153811025629506478946159063196793
339 734184890862908578550948017116891744798237500584038467780997932226045892384399927323466004768900788432421773016226776278360052412654664850793910224288072789953
340 2193237050825296807677571886933517806549175603809613512971505798336102977512606430553129853061321957129153636199317645990939141378526106985579153396233192469941
341 6551954874103324346510815034353617070071124053257747791667670531681108439972855385081025484117966647857404144499367714731405570216915835806420853615121940573569
342 19573179755989413855717772376410037564661722452414959495074485261085103555275379028916691981002867168020255939989451578070031806922528468015162639708754898642045
343 58473219418369496272051655932675235099914494777148444560161386269476625231483971065793006656865576040729152205394009487332392732208637551313579580445859473131873
344 174685852129754473797441795483897731211153124635217241068856731093302875763009100922953307467870820808165258822942592820622761414055973211017486160694763092398845
345 521871447719212601038695302364038691394910512721009245679465501404078514868827835723390338342889449012003268605372871139640146112917459942974227856348321981795393
346 1559101500213976166448790627529489361380803529107248232751055889403106686233543097274643329299980944246817835320322764522769153118688186639373525827445998233703305
347 4657901099522312418308301024933761759892196358649579436436113347456735011446306201094338640088843016395939308667655521529785119271060423738678298983022726759897185
348 13915894563118277547335308589590121843492621996407087500423472914487338945806364141754137103015752589914159824516705535998129571243514855861893629499016545403845701
349 41575450286552063428640348382931976500718635621921189717931596345540705237199776502779480175727601741090845000196700593361673066714061241132826667259656164515539057
350 124213194691178071549515129223568684546805149326607821123484266077598849314968540561159603849177972590600926266954264172750895352854076762738936876293226862407665453
351 371110645845960218054433896203169971587564645043155778745417095999039842980817348769019205325079127072434515502128054135297350212876741472562978158433518260633114241
352 1108776411916228371718182500454547678051796261861404146619448492105758697501220971572094796443149617265300519364010897127325891112975301427235480169910886065505879037
353 3312755631840604931072917649585770953502524615992230063265950827144101487716930764660402527507593719373984948444081112549803129997856681623051585332647449610671717169
354 9897822352765835360352020848916906541187048247991091189654039230599200345920719770319247712852011976234439487228531539390793242172749645374643549919156858764906008009
355 29572954384092451655138226835669302613597498137814513451399763249371783585080805150224127608734740425433155830308410186244130931963254012098863314020799130624275626177
356 88359764719603888148817899571992331503520938016369678375538791252050309872261322887133538899443560132777616709121661439239221030901894574595654030589542716987434952885
357 264009248659987876908217542170912929104508324461140033742606756970827227882092015741510810741218447547265962143847291612863016041060867483335371153785133547823903147425
358 788839154470028988459669252884271974402542659032681510223065501869768762733780536753131160829527951356585932510175569910732596744660349142720467746305449572556242344469
359 2357015717998676007435508400272706012782260560801878757748258386395631501940571560658489737385770312649348564799074624952380531887461276827343424405582996668402528082657
360 7042732209443246183517208760500505937146875029172333794058618755631374967842535302307324900234737212914424574442162766748901175890931838352254347853514391261872053112861
361 21043817347283564282139901395834494559231051881362904122715979648967706378361574059487049453127115019440367270500960584608824183839331130251657687579481394233681096263489
362 62879995080186639067167780232069331698822344447402767603166330914731688189016741048116812587565627834965253391234458273600550611191710560521782573631683660328274836316105
363 187890610235357457611816648237699919100942171243694555232479044352215385416804814131982349849963213604336448352300056852654745912875236221095231171715463553052548305026401
364 561438554704667653217066944546300917275551479960432219480294722754189662265397293078860424918763634566837134014665132037812076183485648856331461627257907961961830001371749
365 1677659972210499858273897689543753205332318228932588660463111149507012814288580985801476600090224020791090287487145289159213642765655937783848460660413914547909647987087217
366 5013144030984158986930374761497709597723288680137240427713429299405409898150740573993669882127592326943765339884339208730989943434481926585707191287863925457520257023720145
367 14980314394611955663124956305555139334066133718826195693855034049442945653384412859188893774367636312705159638154239965819225699878713254528837463307598925027422639581889793
368 44764749257379786863365471194466890065173907338216236092423041965281557142834123148421620293108708286036346700162950973554825403701808650324488759798038687511870635169856541
369 133769111753835264434598507485523784117947680628599735382269156236415266189556802010875658292791194910532221007421898788680493058968065214542001172768657616810877236535762369
370 399742170370951162585606507451789211211572617401136310656624659545497240288714689718131516333119735657723464856742854139216369084753131394283214010685865556717043689863191585
371 1194561466875188127863313896671151770583583865577159559144836222710876204473383672385575052500071687025551311718723840460821097072096560222253755196030020694752033277287327105
372 3569779791788771952474186633810759054954902139402253082520051848947880044139455005681827162553052797667183270700882441374865712177264907539712064917955692562499692297449490917
373 10667894667045986976010566674582951341652544051134487031168781979299715276351734565425327437680857741353289931088406031430727427845611378608342859900392471198393363313252000337
374 31880149955722300218616612238711604202664752963944664392513559679244849346709220214326018921259704890657136631888168432493637263934308129350272677454455278288131613125997286797
375 95272226396738734082442060839543282639092718966427525393599688950484639249233771960430139383495290674488316960118500131583535104326881400420472399648780117487905792289183372705
376 284719080804043297179065583412482065541525383008876020758499296746289823292260491000971187745837770243761660001697782424715516548089765865520627871346602066116014027939568977149
377 850885473618767184972153105910316877899844267792692186862655124864882888732492612542914084530142362607947672420325423396921530907720691447667602171718362182512774598763575065873
378 2542903630968884502286475244452636327304009551684397076178378434498821019949333881810474221792160202356137446520885739503044532096948798782808197182488379931854670787207916617297
379 7599638404223362502247830586562823173695075111014529080040101712155612208508994905135518021537160916888093065496793564824005586457618727200344945892880704139885210454605119223137
380 22712250441179856627397187913183027341514624987215443210211858602452414224640866647226611252295822846795516124473571320920927377536820334854867471544395761269809616896870607619605
381 67878400416591446115816361638624774719093806562270462567084671116028995108343275066578241365096175136425104356698959407463441466687636961913552698179033955841257637188895800742945
382 202865035222918812630667341201212234540086078088381708821279655308424489219647125601797163375565602231610706708197683954590434290410038984883864270868099511161754911977937161845661
383 606299138563328280857444881866668980727429592145202733965635526263310790870541189405901908171775017629978262622736789066731227323638646087176783321250035818734913385770598710234625
384 1812052724354086898712370419174034224027411501745550505653424260684353025598435827092235383757188978391231784960882137796691979768924922960571558116292853384177306338547741982367741
385 5415752593106190602308315387353617028935884328587437934622193963876566101788707679115077603093147846375286083036689155374723052871596767232800152200813228971214897552989352100389345
386 16186423152239637058792565495702417957868885648507389724464191966813673348885265255648546339702825018731215500316197092359883792592139295288754576720563731953444571712713323842886161
387 48377901919087201057634136384631665735144233231045254961050645057495557709234388178273220315097132511816288455443195380636157255871607494897315220616483747583601130155401980114478209
388 144592982526247137298418655670673491224640568534624659876686457431999036724616610835068080690764394072253219091660037732968623912915855824231484328957228467148591126877067149529595109
389 432166828076875954881454323932166050863265110659570977629759219711183597258050538143656529706042174504382525592372894463616093266115414175349520299017173346582498247231235458393989809
390 1291694015371691674576549300365809667173770693818325795696653379320768676889630896085141040817095105539632766856771357992443643896049555045411530116655719778406710670802868227948526709
391 3860751534387627996892026920142112619978374819831289905661894813831099773260316986597697667397716595267614940010279728979849171004077057776217903338045073785913753749188000550663100449
392 11539527455973854522870333752975993859639998077020671906565899131932357997651727352520439757403179973325120708136616854698586725435154376827796804505617690169393506970335399411783815517
393 34491187276779477684562433316007571003490618800421632065798731609424699188711915177066331780464186015190826945015325252181457330128568714669301035152684119208378215825324349783008574609
394 103093715392774719388324801230219806636142817179427335319732074356142218158715920177199448929456013530307995749717781001688723260452908532052671655621788250289432767293912745251909337041
395 308148563393659347714811216913734861579281926391180681208949604707158281196664481753299624398028039589735805489815693108724407122066273268030925645156494311332003632279196209462917244513
396 921068633445595902899748151346579532588745871063382872500520159891928590363162440090690995594435627355254157740274218768749626857812451862479639553181480515622957260088285789898092335349
397 2753136276930567860946079528051170488767864370082631946094314753404678410903832628095813706308485106378415241110542987052407641823500592715090625915938766166691962898023563343977165014689
398 8229383034092821574088305079124000857441217318755273477906582241953085864159876143699447972161263389523259786189582649235299132909435484996066999225871331925778351116834857301517404079185
399 24598616283274139128968797396192595471828446120281491896539459749491062565571521903089778533163179377415960275891938051502548377934231756224312628021518815715663480555249918399201990193537
400 73528870309166264884991672109243882064842852082953720988801034938188529031044030813498763616788961449813713100117437736785045386672914427914427265545440967951682380375870800828099162735965
401 219790494112264560443009814510103593375925138370567593477608531185501095988131119758452949508644127726082889706043422474074747935204965397340893069103261382864764054602391987425490462115377
402 656997466811783740923027592382815179446163833040204791874789035839733976094559322398026088221912622439261435370404103163207210777973368808117438029267862124200300036957903781646935008955337
403 1963912998053876251070944568277025784007607823789436009703267101615763885841450639772637686773237728001122522644520128522350190647007063971463451916158217941205872461847538118785471600842817
404 5870627649527293605454035540906265363286738236342426408767060285955175251920814149879646019477484824092649975412181737096160873695864375081344312235254435164848685408323538097004388223136789
405 17548926326444547723294213982542464765190288865523904798307096466772767399245078804797265919787491078595374162330410901711096216260481049224387747395816504217633192927646726726729892329743265
406 52459031922913920873166954834709269689649675920299176590756573766343042307639218613964547335856257978335260201194849400819526624025784279998114943305378713363687233239550398995921526511769277
407 156817195055517968262727743446818375225354758356235929265520582433997588201866089205558530107099286167095879183833351931347482651777524090961134996422127272793652561788236950376431259389907169
408 468781821367283851984394807619723482935320937628345586582146171036374673210614655831091768379035972200657950762603048010184899234584017792927920099668254810561320457201170637553686164561802621
409 1401365741289637311932809836202783716910151753518595871509109998257191752805805108778935564097925590629331056573242561548739768813512071785782684287112117472163137506322436591343724317580053729
410 4189246029721796147044875665841314290797696827640199160493409415872304765598550923617188885929436807409329745133242528462560441679083406770908292677132673478776489958765900970022312122087907033
411 12523446258405384754336844981333443529542827573037444560669026276398822524262090795243767252710910690796557282947742059470604968096794221191241156118681262194640043317943466181695152283629482849
412 37438242093163577890456452097118134544357160410166831385408142322917376478308489411131819303570054626147828819373903691691144090059260528222273807977641066488358016251412370370172023521897879909
413 111920753533146313441483037017346353596497652512959406237519848467365747411944088359548691556825101219656579318207409018306337162315409752940390044813487642134153015500765356459980170673063265745
414 334587237470138224618764805171230337613350792418639913293032972630904957197738274511630424866115701674684566907749473560480186939388187496856669796619614157699315031113483587682728035759061350965
415 1000257159768114787298550556297881145500356092371430460484962494630161991329525990016178261046990553391072786763188068711294331681071165750317782173297617649806465695924272291880634639019032019073
416 2990318871151579791808013754290418387857114822654005033037757266453283201054355453371210505602773026122741969460510649568819285630977946405374684434708652487959763274263746097969428154268406155133
417 8939780452592877429680181515287491777421470894987770303169762640108640184493151500874241087077723312718076108462289933935909792609255587792998266088738587956752079254943099654050998306963148768049
418 26726353455192767370568077761147090677695520298987675199888186020947101159470217775333103040996178660319601224126042654296763361920739990439843713777352084151931220847109507629985012068925638201673
419 79901705302849755377252538551924630844395238174028319621276412986598981232602603072953041663182987021961157174700336199781350156195566303725004771497677310477654373612913279126651423082372973812929
420 238877837777516283714023890650127636943043657705341974477260710499148199243784612545240495278612047725082382973785683744322862658551662946410783949356816215145774607097539721893720230577272254289973
421 714165924682605957817344449214733349654917512014657321370173737525694719374810947865498523924649000963563685759859672811157879751491979240604616146988154858459600079303362860956763887287462902368161
422 2135137402613467650312353779573423126172346992689327697820968200769111380860349165895207461876787705730612395954671163649246653207533575865798654005778247451110255041836552559583729400492720476952053
423 6383457259519834129910474516333209333250367953928511985154665940908635196262680483185557462744423646388770310391683258049579881847187947302926784907157785751480302519947269199941515352285929445660897
424 19084882410189224967124481078212285301861191979723489786070613451809978763513558958938264852244479283464075911470345913370953950766156210908128395743979793148017742838698160703175544185854752907866525
425 57059296583993682102990423715220329861211294705450241620100034807864913593098146871817782263344262254448718995039331425943122798025363462725887663378292042274116947720866013048679541064575093369140417
426 170595163549170387873944433685599641626119778958217627993408866932172415696192573226686434959731653954482960943954320396797581382806336615981495763471967426341723674795640086778697612077760435527420937
427 510047210148472734266666410208117396859880577356816428095462507975487458228080200703450105634776502399377900386048035679371453654359034358854665213551452976271904556907780223623188298452512789307563873
428 1524956248386340469792390590453192139028034150945575174398921177764158617886947818784017097090967004049413955666676426038379673118959464391478127874149617042325209076545234447837768439041185074734760293
429 4559400279777263044916471014862121197168394351126173184457840850008916777108206989557311774364828172496655101108749755993371370103217416237461677344789036432387795144240660300688505407142353473197825009
430 13632056414206813689507253171385784438824153415612584912543846398782359437021246678288109632199142501818165806763903628805042272161099709839996209398033130911686043166311961193679256945091637533923112913
431 40758512728992279544053720676071651257307407843742615934965949861106756771526839480060914613942236090055417668329314386635663806733761070563059537296248340715525277990249005104462981757059417843429575937
432 121864880663421898566506863720955027428238671544211520574432811347618053011628974291500824934527812837330289127865961992839575155628660939287939114594360969459392251908931752498825314608646560933510162333
433 364369551219090206850710482349220969805220796537624468598598969921399345615033481992237916548386355400782734154762167229617533698411528280106261105643742854273791234413793892523892746453566028771856109633
434 1089453865618125564689790181307617693140098065883749389107651308933075909830572647689105680618335851379834909983016897815664022639387400829824532173664428298957058014453897841716773226221214524472618382817
435 3257458207028077996319318501241893146846724824567641763438467232634509295744617536084473241326737430509283574597028864270320710944982356233056423360190936822131897371106840905197644276920091117100178275713
436 9739845953226131759842962918794917689498484878701829477509341156571097300194815674706838621626084946208753548193619831837400478280195609858670755646018408591545384969669961688706773895646482906193602038757
437 29122492139714465732449319269882099657576905532000093240239450756411169580157709454028734254893033163633428736096652186386858846219713594812419064399949455248403727650445256905846714099557019685254317569489
438 87077947572293719618668469646038170625216907292788363857768412525977624274604943431468644872683940485924902089421521630403076346980839810940385779180347424405888892363069586151648769920220820243335381723373
439 260370043875407482773659169279502938097760688878289698665077019797075582387551941834115689755233594337666896727183050649125021801541625801037959633859365070300388044693919216215891654261092242854642377350049
440 778532987585264944874249301613219307849649072926913111895877836106035491248634871484803730934551685640995481273566614449255734853282184742742811575816053072552748796829203827403697409950559091765662725871229
441 2327909959521103523330104640719027267684958880854480738018671475783167701252989098487388913876170225799363904267565557157706418123869278190416261864447764010515577729687550547970129432657070812830487044600849
442 6960789179555821710293677430541177241296708952314624658255506360766966225470772674337555834017811072831958524206360433076283085892412711385403668399370456011627396116830536891873551239596556201008875498078929
443 20813921474636247665110401706266818549339172361567096218134960271352141335676411230014451900923551113965822894487684222538557105200037391672548391699385121935418113447533407352065924828069579420951316479078753
444 62237545718872430206427551091358935912463720577419286123223080808360143405749434526110114727656321992473313803745067963895085441135623213715605316186252352244558631878065555646515739656645463000746892651420309
445 186103313920001516068001697417984317298108170055595653062917236214773615379357018536945486726661110624426670831305732857935562184791465547321246517432391859637862519017087773814950817486487491891721197931167009
446 556491894687740301298924492079647518892953079386964215641387219643878864167097029719407197539827133349497834864802960494239649730777192070405756129729357984852433344198933461394932459754716900490203199192602697
447 1664051084989079208516744993720284893548919114706124845931167383309919002923660797971182631511570943521553943425889213609472261519546159438170518486440639516947122034528782189275010217148366541796858019928243201
448 4975967413453887868374475996944552845342857894669139058618508846357833312416981466949371751108291455487136461452796210380979430890806563471430301654594570360224961921607048838679208248275742279072030501780690301
449 14879606590331728116477197543521518187376454444853838030868750388884573543936312551348030172198012381122709156901427555225495271219975526753929710233741424442866834899312592944351294336754374326162370080519069073
450 44494712524508618084922476656481769369116039991176362607422778640111013980981063161769836008008120953121855527460685289176036475735079937914431496699967184211457425469994311166249203747759106567881827392056764793
451 133054137356813394310025362450816275621701536354581777033469310655102036843813246866979891383964987815331671411171999197266875039751483188135764645021775383031128370735847787060217549274850994433138510775336923329
452 397879323733437780477206919184364115414785329589593090998723851346326616084028748164601530134670710896692071613258179985885133010990105421883240196223174064136152980081081926782849088179217384505346209783982433685
453 1189809287872659239161763324774295189960379430302996801005879635267260956653668512420769726086588589547730272992806001543295130502581200335416761233052401889941187197535751371615290911450924106633410619123698311489
454 3558003097391551695330209602520057227945507179157751091515507202234263651586015115085914732208978310720131722134727641100814538169690181827095320992589012702084204125684247940471140915064383038199062356494631136373
455 10639917474151005469182153249347969956861395029775216580921062836738584264662019140945750272298140724012906434650246487029564391673601746169073717745815894430000916258383340618401096044618576998366331735256053438945
456 31818020337841374533405865736805700245045839819293165201456122766844266999965936148130136426257347818237571376799921026085244042675461874228240191061794039427115152724985023734439562705376001291657000292463808050333
457 95150482767170519501021029380221354420725534575212866778336853958560759187671862627128490016665146006945139677840412583742065775293110410672720427967079246603379139403821668416595854579580025317225807294752347791329
458 284545531628009314313237532481079880809127651582682643858624958177399775777333551136760916175716287289075788287154867612913663972592882190572055367188489933796267148665784207356567487810281713584761030158794371635833
459 850933192214899770399729399832462938737077270529820651447109932220717642629992271039300448422137883174954093354788552236707956960366785616769904213477770407158479809859908615121315786311964803791586316794230281870305
460 2544732093195969299374828149297018151750075447405952130657864756956197729209458636789034560350459429165977285144344004461036269888604063560649545399966378289844049197303516913041241244149676296562816995147087231051653
461 7610121059446931349480516157210836017201976087342428421444461638758058299523730319276272871942092163670257594507907305272356999397676672368133263472364992776754821398881011306379395250592324822092048634670141804495441
462 22758516404856044299767499588252394219082876632403538737473466133353953382983024329763785865993721493561257837208123726891259176851708790546809908184666674804245319171571033721264885820036862465000387328496644655784985
463 68061137223176296381188149923995402695768360793324907700058695757850496866143268129060982688973443150292900146779768440098732298308991695829633866566381936901157732173061676774500551004198484207108138681577003496339585
464 203543535922390336144207807180699867052108061190028747792299417435311027647726656568145284152626942441573280621201207171342412972193653784790863220046338534399363899681282416328920598183007857322574680701497624492017949
465 608720987623640938312679568951598194657138704811447302177831245842869824563433456721130787029169295346410803438274496253939210927956417452035025627826563234804669282262934482345351811341850659584644161405490411297631809
466 1820463905052040590375565049302515945653190054323212607165348653330807920337632468155135425402981856840819255309222266806608996186344642962144249541888340260567593910166304499048288334560024458886583521394887390988402753
467 5444383299621055353089686303344337132174763314329835909665973682730132718743134111721568038504069727298623293453150752961011911392322652496136294627180208474056651104854430141385424925152309449078329923206330982435025665
468 16282388994469214528730285715037177767561134335411436398554397526854727761163809623106315531352837990069734608863855919050808307766173214112352195080154090411560184969411669472059684496446024431768689105386682078302872421
469 48695671556139621517638562487275841104124687266098269732269034950146722884372786193090184914035586322559524741398718680760326890936751596064454896489669257651353781994374831215649307231774654610672956063420190534793678161
470 145634873182180730670833221838711763279811029649747924062888165515348491672256263586167269923588209299183014379179668009161982083767778579246266700409943850335638966344692320929559061132444554410118230060916239021481522221
471 435555178762512611360824289809979027449574448815007799153960421110066626046643011919887208377324233079758164428133132983736559699429374627842792930083926060824366596255387855508710204001850909340769601383029992135674199329
472 1302638014230907536550871712070150920020610034407727248176117250901664747816668376906705891326073414919359258911677330376273186386573442482572345350141128973865850025873445831243075280057417272168586107847722554857996098429
473 3895893429398097175053926910718148898941506538046823493467071620791593268990832630138658379289560089255346972859023335611346987632521019290617818058557749999024797962335513119444646115141275511150644605020645336854939613841
474 11651802975285867786266454433460286350211452998137573299556798904057789583467784392411111796394451211867531836491492147366262235760988964376763491822750149791048668330918516672764391856683342857866649201418396984494509017329
475 34848326609839090927093340060372242333354657383793781694862602030111549621908703695195266184474857842180615851947473132887509718461635420574927774713230073183845104263498575402822707570450119990523854094311521909144143802593
476 104225369983881543596477259933825875237662177922191060334003317729238122660918964469318852435885169160548289751844581643546524413824245068596119587535983863622242818236172947760963776183744946727943468421195502285367112165397
477 311722156748111597687554837312619375921175872053884178186186196546106362083082623758460171267269687089458101346427671126891098102112806887105774227493555581630114734323319097129072821465113929682311595983103780433580093465121
478 932319135671019127723991311748309318955543369835394121302026851441010397962593730497655874450988116287949109080415891721563265649343545457642991742964780548720199657756479257194893058432636206236577050037023739384133311358301
479 2788458669360827239974388957727122152558741262974995592399307007125914017352840454707114795778442026080053543344474875053907563987865451598463553419233466790407994877437815779488790413102530368243162080928955229071049055771009
480 8340008674634757335675594731649969487401628799246947694380404025417779937218211547821924832216535425740210651482283793214519558058819211241705541749331515895606435997210656429262235944120811796660855634088058582216612251448317
481 24944307931039023296686306870323385015992488924894070504835393093675162085045305095731294349660778088321295470156887782631282626069009555073815783567620590030454807154294976863674172407605831801914722834279336796047157817252577
482 74606913118076755885761239990784280330874738060645533892324311752462010018977217886237792352363022200907719688766948518075203586025012290405098758690051184224749967006219020136819497744557879077967579621183297579066579873379185
483 223146114003482489332555147419308789968048198066829730749870431670093489073295734925282169595768397032923294875856010060558220397199127978478016604297584437562629934117262868418387129540619443799272734016171950279058664947227649
484 667424614226174769730177684685933448986159500745341386270510384642852562226333168360867618151967614656570638910113586946717939650047855898669165301919696708156870472624218173600613756276192709632677299249244975901049239640923621
485 1996262890803762711798567479394112708925570522358180708618179722842039033903167411694974336198122041154143534598314933039296927457878620963022593933673981367446482422552270338031615095263889822457672645171343146842559961310374193
486 5970845876998420510334780822995766881542629705649766927098456016513411466485464449505866118479920977696090333671643340345709524479287634482903053376480673766753281625792208216158940172825907449101761215043234967543867812518612021
487 17858977539797704228199835259559922009969844011504028857942743809114982050155944978340757564524807976962690852453558659232808789729398845386023240683776205834878342758764906003753934637743292631420240007582095497882481773990203809
488 53417051624808293077392597850662432730059332303106066226975932180839820435957597290670827363966907431257533292140724718881220354394953326991800238128928071474031433605991474458495246331697386358999665045041696438236746386125477597
489 159773893059680393087322510551597947469454261899341747963848184573019394493612904712046816543779540216186464887470080590511895853090416179155845352897941962196451540235445918554660982609447055678873027259023808962273571483277354001
490 477896987683875715076139238866104364412757229740237945138786793924035470898312509891431960456323476816615683357187032084288732566016928505672483859319016885510024320039088795069614462581952576139349628978092604947672699328751910257
491 1429438023063121301975177015137304672004407924508412865787764767166515066303978924280587693544548256447958789805984140837787709575040600314888730157673426979377562834437664598956532916862319213940262868547491966259927180730937171937
492 4275618214592063213305911012075259660084008828397809077020691590649528358734898153219471756336239927301445513400932495561626108088681665602534457581258981129137516941847160147643324940435595601984228368416397496894484419136672261109
493 12788954673376593423522023681887891119881087777324542972125364594647747778719212350713233561705140081908961459106198819379613955746579546744619047424163995017179873748274747895124052258286410490681172173820013787338578322021179034273
494 38253723015560324809449324316330394788977962905159471037582975387436713269317713835495523700564500260742927330612827504866492042989108242300728738363731957825998205176847900320965347335871258068636157534460713311143092418134149506729
495 114423411234865757992435996530905527377669862402477771209096138208025343533553046992930949947464182533072008899864397001000289214847685837157645263944436865278295394408052248014699852575815140285370337071962886090797208866593064251137
496 342261921625471715297970060577909710955320770337391990238901109945639894346395865042345406387680086188322159502120640357656362114384914956144123308604471820208633935992866430276150853721960999269481818458324925653775886438997962924125
497 1023775610863967228109943324286386484442482361154821396048554708174424076923672258730661482007813186256770032766907107982892834390151370283849353317160511766763966529306608188080928835419021754915513201779750314136267416217865749886865
498 3062340414380276458371344040126823522197116999349633066326920534669894204809713190883509084075860805024444421282186875118599220562449565877324065540108426639464400395976059017390885321115547307088131229086526643078127113671685056493945
499 9160193219398753670626353278274015598890334471681657165698750412444761526335321888766444051710445030538378055257310535815630821486450984191365263868253318706028769187295899040426199617749666392679746540560101942549857451952591504620097
500 27400486601528481107534077770802941958368531129140496881445515429886954753256330763326945453038123385675170496332230507198213383459735442510789550601519862185466362599842942562885182344317635092441379816270692449695705173104007053296501
501 81962345714040308699563189160841227631856194110878266333138697962424535660376149669525347910033403444861587873459241746599495668906918614947750595058593348226794672907229650679227055201815521283557376899404415437235281417414885472004673
502 245173166424395605983791995857192706535763013845805835883938091856390755225304419938515785726006162767516168380779380793276377622583188769475839393280611849226440686173589323709585457137304528641388335300916859125977337053387251678922589
503 733388231346268772232121710159345041455291862646034410305926712633821166031906014708276753969584634653522887145715096198952228419446364865988670360341320435886080518681729251412615186491344522435184789760791861826707749432032914505938913
504 2193801713464504341390261867789056977924398742798107575697836541463050197509210106452228203111569683501445587586573203716902476577160605313723094457102735644899081284595376159235809684891877577854207121847428086918457232885574704285038973
505 6562408045317018610511869168520760394909800678398509749579202854954897664085925893500291828164791433232841669255732681447609892115107324176070412772747181043731115628940438507116819027381064438621412776453433308084719002147702447478699393
506 19630506537901415633918341373313588714706406331710094180355180415804732754081058377350515140724876716186366217978642525928001777734344001087624262142033953329026645268323216791644799115915610813482600203740558096902884393748188469001159561
507 58722182370783620229989312987995332367150171670570530136793294088966158949213576964468601622779427356015875166374480295114145795216297309886759506962596826962689001349013569664480528248096928684186598360531730104554564895806523518349340641
508 175660965648725893440571814130844280874213482602751354903619220424907838079242317480011410377034583749952311248955703789018710073245462734370805461747245524729035074974567690841530395791992018448601094259060153075791078389841476416973465605
509 525473394607738030806667504873524579489265614056519713902887286165252378592075402682620230946362806615259990333211303275973459294165711612703888715670078200442751379576086982978237901093622627936654594206715341133905723392105191900093159601
510 1571913257990980279197124149434962751153053212620042658430545407868973808158822900406341153806350054596477362843543522381562820336085035712511670956686043896615335906451921337235797402451814203368187127514652561749629424457213325167519151925
511 4702283308827545844130388507436854442063538176020912466504050981115468466309510676364966550401720901282440083428424478474666927816829276058211799774578825453991474480314071053708441645443513640213611209835701636884543349385319640746409150465
512 14066672185563909815427632607901642733258240169447036800364962052872278278679533500813110310705111078232145491191271601207243801880378689255555299517542200222807524979409856539813686906890998194521952846026432186131301346139987632840328787965
513 42080054482704741974725444360768486205887952813997526029786077625030626866748928643969581376895522023728341799244699942662989388287485868023974142302348987104261586923245355890322483236454407740614569351784989570927395082004702331953116074641
514 125881979325564888068491036241894148100608573760515370038989420635734667801788238819060274275659388219870282795107466162676283252571827709038250231289598330737511804986817106871445563859351677037725063496783385744369204622227426455305516688121
515 376576458155916903376696615914047736919218649643438540571120680040368112961582145256042438819762086366880011311252669202816153121245154179143204162103756045302228353195731761531990261436615898419699878228832932299729920818601719028400876553921
516 1126536052250903514280544011045832557379620078717196290319998725712371034554259870977621208676961720404104552076480433172885948289621278952615830291443941845715623141487643054508910607174470280605534889818582006183292758544915205322274990100757
517 3370073243203489274244747284551159997388231936312774310752868065144723220327799382510697684170714622030825455501729153530519656733862477150934956951542266783042442942499106271830904353691764106312152356307350914910325273438202397021217716509761
518 10081749259933021883668831548311302736763594469790486913411974334963836117142406013308272677887142963967078943786569821055572772109466568221895015354417799646873643626259358661760900340956498589844125143631094651567218492414864349450206359307925
519 30160236541156941707756030511168092714378525558471786173331657915040382775705230221081201489302535258050166562274232229637527588323396482430082397292862522264178266636730300611202817066185142588791024128561528306227794022622183311202494384213473
520 90226868557902024143434960515523702751058337124772718121263523581893623299301973962519861847013869260884247788952792998531263758663735937855933682578981449886896994267831233993098200648966834282918388058883985511748136702939027959996971957392157
521 269922637043820838180263978968267283600480103142515926101359887195946222027594913797328103066988994684075135868311606996570370399254285104886144411451617181050618764002700058968699633106849110931106470912986993819509155408768480721935415918707553
522 807504599377982252281139919048107229554884733173670347789835685738425300990860947957989381280827603899861279066771643162474856084917068860787114752219028161749665380188022142744047724969367343513361758011869179069214507903622673922193776842504249
523 2415755438336499715449465757293484952881791809925641781657678302415650151676288844951857899821459942299094888189613675450580374029139218902077363888271220961099546849293575939978100938564060260978126668716142279727476964530978812728648288606623713
524 7227085346357986634299973055238668856216476045168038225840473581104011023045099805803531051322665705586537793719250732606750600345529024903688950738204295210669386062644166064549109045281443233828430074855230971416099863206393605302796543942048133
525 21620993633804072487743598149622969229586827008119067875816691311051659043085507172420869959333286194705674587283444597794716498415257673624636564753729614980142555022705571675834147149285474329011329430499989866713030897574086525024117290143310545
526 64683029738792453158072466883431227080694883524874593826542038041431051311846386334490594493443570837368208378646175381201121341947736612549358238859680471206026927309046567237945755105669045920263221983531748563299236381466631736484298684500005785
527 193511727677349677119431421597498537320999544816927948651219224184536124419140713240052323538222892574486224805026486532436371762164593694934744785143543030709922653830940553014254555800821246293148239916510562144980774729592767711590911761944137345
528 578930526032676049886911043094653417697346016338558143611731101244517114640004800953842093327766629021209736454297729390256799813574589931266478173145217160857836557222061908124264975674751860430380035321312242427617539384627063052282061785980138397
529 1731999746464723660101151334813969142483460130641777325183112970991453133666810353426777494633228485187199935153473746871687640461970316288990354376253100511173468569767967144765068192835736228511954281214882238083928409432572736288554478094625799873
530 5181689735681558464687127960780096512315914203755830419299171623054902152487255768201395334093159485073007086421998382207349925701678296312016787869014744548572566674673500101218312720779448622184137917071073831216292536006825887064938068408509927553
531 15502337399313093731466635664068866767783905867647785449491895768807866685945497559617774601249194192939375565569447408096284188555808742861024512877294762881851767909979798747081550256136245096767318898156916873939448826938430167612390703644319638785
532 46379403105874642830071285855424678966810486968624492480566727774234734464502687669626819172117152103320915337107990342094100729987829006572018411381918752636011976422420396713055438433767883382393145327990200510936446906577483640247267209266688471653
533 138757129790743374278219030716081031909008262961246171617364242253743481731474600394286276078518821063460885010753680002219132786751463552068099255577025669390333240758104694879686083322440999175765071662215649190105316133452216403419630477387075188945
534 415133360584060926123244858404933151546363921453836043850501866021910575967241619522361962577243588307071754084517509316274324647503608189604646816723170399480223696577859026824396355756524655827079660259877484424251579490276416901171213951407066890317
535 1242001525220667606874309154690492843066082248164835935234387792199025698668898636249064818870106047512442848909297147178425390173506306711049972160016432890553155916256667797275796366297221743325255772534088164251702099767614515386809766785056571263265
536 3715855199374452018364275102928735506103537745667591039976100888558982413834316398436744358124746962806657521530676155166240916756924635260904687692026756504992486166150499802517736926828048493899568134535499571385509418394027838672138073051215780606461
537 11117255467856565186663629277302208834983973436857503262762708187755589778835174515760252103212037819809823094273024819325156693378751902942804331652061055648662465285453010521800671121925989039898088654111484367012057623823243446855655549456285272372369
538 33261247386117437451830016487800745173239368337434717413182342806451035432654074185862444916560800290883315695204606460571730483932949566439590612081821567941639407144990019441287104441764657405963257412934273552977936118687111187381647777947457815453809
539 99513411422687064131503200595467888695745425614734319027127096670154963492461686857705809260628761851684386125742692879863192602351822563228597414588149839145568592453821711994851279059872181186917063532065939889423986723325381875951974268358900906119905
540 297732897791074639311717448286294508833255376042272723830952419542391381881036008752231174752223871396951429965740098823104282172408988509303647227305194733517840156554843201188283415958179631577009354271190597623735027437557965603050975372859764015850645
541 890787582036430574550344312151129092333989947576503901596126166754120140547948880218469695745519324087815395179915385666772065695132331006228721224307463697029254895360726215392807040301140575807443618228222103858933069601186629202511335190428155777238561
542 2665161900770096514412947459657255327526957597862834449838078525583071810935863154858152523575611417935619874058600045712843194079133154209522347262664835962309107325102529993502751010755454909730509500650150136673910110097161323489888871436393328541776661
543 7973980020451505295561852444769069307370342264386196542048707741483632276987071896310159392625654554084302844995306607800374288872902104608441584344271829143706238431866897169022094194201303639370732193150442788793989432046620766024906962947253400961436033
544 23857711757480749897068756578460619930389507218231581195188951453276942013686338574384043971694180586568397099267255171309841673972760892532016655937198825475371735249837534687559319443612675425459907854404971451733561894161784324179404074999380473427321981
545 71381311167542336385051508442303603831076737001408803775692847355349414121276495076125866390787278151223481333684518536421402316831203622407700167140805168006110522466786259240905193011384554429634926500516015219475028731475146296732657318216896155686584769
546 213571027483443960294727086982845065170832143643314312085786757698337066102956643398872352230165752017878306497357931280242173106754350499920219473015316940471619074188161369387994478743151647764484126369506329772893240014387795324405848748334684742838847105
547 639002015293089647971591663301001436597104585755045289962787689904866617220445324402025392666795723068359645801869589944329773777954440759351413641876421269711170136996243751853233406698599594258009054602628931656401110775429680877231001726963162679189247105
548 1911895654301456916082124387343657788658886838606637684279426058337142256762761448149725614623275528981799184518086288670807985675144440769676820222369247774450609405543889272530476615860496056708919586184084507843516109360408501864882712537351724438996288581
549 5720423792853101563765371184352392303160966028569409329572770833096043077933185338160430621883505093770161744625461726841195476423536373526682102677380118184088848016131735724732214406002032454640848468040022742304067489426415037519876333608765897507069621457
550 17115684617617567828614757511629452342190711414955461389280261983259163840682390900164035208626456526498343284780794308853797733709273814021719942156853659577611084794782231807570587561963839448576566512292843518219428324278979983669898826585248767458948508565
551 51210898053356702997220394953002392333310922062910897883803929537457827724922461446203214026152054800208216092300923663153288631390452978178850744686087761334491869126772224591039108271575538224358712279679896159930912008311576066376674908216791673736920828705
552 153226029008357960818514929551416518033480380179793798147442597228521668229523558355837364825821520902913936339277122168926412547262472540314448624554486751586428914897895017957652688354267429732333857150532784492897939743025636279795296549364069662845703096541
553 458463464967148680766075109113002326184748993251892346142497319696614755196044561212820691290691235978725986537931232662717161916132847557807672359741529718295430627912997329420387241008502728621358058325796638001608462909637762225385892989132554576566928824497
554 1371762549681775739915920483286666318464007143462285985063547518099997539049967726844504685594093076770982827250145008559149584707538742385924710375918975877483626084333002920140242317097624113738346935032207579746921036310472633624437986756275808874738790792641
555 4104451880888563937546739696572198845900809771510214733234595045275230468222318724854807671235990988481218223726109378864188310830607693405906110891775448281348820345577674046793522534586478352798119296537234041061125446546153831408411826049233364616231922711265
556 12280990761611441679526200537775162234263728249071920447781889972905314925853498504694819099033796051743158773154981598091576849327328168187946769399183598326420132852878242971036703853585372454932973427147233835296975095511653839352714730365754453209445319764629
557 36746302295414263931378935584147619685877773274218962862810920911203797238026193163514444726268376620659184491146474137950975048603085263944213779022291837391647073112705122538840801906084610452914759758638840578623111966791818120231678841480341292184566229907457
558 109950163091395825489606370103197720136301522046293378933619935575910310109937816872361678612015124450153915835178117215153120497429438363111295188547190317356938075607722822603777265626492283729961812751528059264103154336133955758596750655626951064741165582112857
559 328988033229770549752899193460578354941668940688203038245894286161036287646080141883841583705333030912444216192992512626022607063094996762577176199308565351695459669568673896789160639457278002307429948010952036979521652602189531964571045061543809754220477877204737
560 984387988580806320728445305511841707923069544120996753497915319874262023894155361158139152182786460684205908480183006553106210893787113717702791815209425690835768314162664503458826051255038605318066717023625735550258470727295739689529509115248208488040299454096221
561 2945469198122801977324959486749700461817021275395829977260877460328323637999969300958890572922856851439441160861854359621112425814999014198367048515214907704343014101859655912298621310936845677109773957492267050114602645320292020616601841708509574170198649591126577
562 8813423377331535474308884686139492590929125819392109892872358906466558080125402142666531365785812601506140733462859446978388789562742507903439862323411514294880876764499956791689971808780435142264861428369228800734103854949866637141681851065473956453261250936481449
563 26371615918753246773798894692701366893827601284418142128628994623982635025905802570895906224573470046939225333353662845619974568699346467754984535474305184909679635565496318689211868365698510105293277995582200732320742615071043699913247494077074116572804210247657921
564 78909775013817079166263429459338251051698341672515791927867773773177083216450422854064754275978809242983082238540032443966915196276511335159103278876357768943955841213145400690793487317759292481393884040933129621123587169314093305956860932164918652758756608426818581
565 236116760383170469424406949157633423563861220424536657831999697927409055371914192174790154942716578791633281664638689951512045879140728395068033290164287229924593363366877953846591416081154633450893404927713519335563884921719817648251905247683504265297849007429155617
566 706520499888378523016768386045617733611539520962080656844367471710015948704696394234740874003602406639666830056365622480940750894551012698969883209020582688529144442549466814473015100097314379765513891461052734310149781086081158134616138833109795366031962619969562397
567 2114095751156804356514190450323994848453533212372964216505480421267428979435733205426122089808839096189513478246624977902709447339515461259070634866380566150696718385622799836593575564652375648689418133030662413944005614683244615175727790343367771010269933391558836321
568 6325960368483580843214953666119810204302309072115596509612175431997266723128683085790249991225315818578245885811473799790069067883072710630543090161170937941188050258235059138757953957003664062913610255044460884126716212784478020538052010171075677876862250524923357437
569 18929110266083388796802105150376751864345415005767492810008269129175588431863764085715563180705693827553849964996686743870965456586274477506313627200787028535564242225431433303018672280081235363868483058756530672632662864943856812426325903544627331586125994366336053217
570 56641643958105050070283800372624057629254765660974412580816771062092064381409532755879611029288085608720323903580658367394443381659895068238712406591422518532770663337523890152502805941572381174624585353920896068772437850090688664926137212924316957529714540748784191673
571 169489737168183644499710506691305105358152956719326067802000230879545794903214517790291629504418983443714900842943196710092120830855280665369004792905959818047369670063467707421553634783201694656292996501633630279697303906493560887467157875926363276852288709428081256673
572 507169191428623283508583428772933474809776056735232793987361362045523999863175209421677731205699863622287899716028762034549549898092088620191822723175281889682186074792734070377309052386656007432101072612227578285620579027709116721292915122940673239644990361505813054437
573 1517624106751668412209801308897995824567066650139698245845108825346253889355630535415237357379468059215214597654122790154924494444814958352445839870137630714773451840389325663270282289379311936753121525067331270042631586697888917845387192321916396588242432591802317599825
574 4541271399712711186678072508423145872633069627059716658682310917728877965025380847049267908560754910656813081463319652533911603649216534164893062801035408570058726525554250591309383095421871496222700568412586933633388297348543596705629242892523912894577175345597629298553
575 13589159002410095375260698889086736419953946726237825396387913304578927999502906051198337685812602303944799432980867777764806549911368915009364027403630723094487221434853822589461493331593024247649845107524521117472472375361599861617099535539036301674492065950054670227969
576 40663951488044640921413237279160353966370428257268261951508866264293150884673545129812680022547472293263225242709080070895312123535829495375754416815491611956378704766108185685705530789157848397214789198021831192993548807383754822882315498218536804362108937316993115316861
577 121682590308360698336963681508708769005343679259503660219587134053539383241578090071640343375312057597617083954925296667506461370026298904672508936031032970519163068291943540609760019547769629214826395976561788110942204471550212706854795179418612043549699209963603392537793
578 364123892407458131305216302200110220308735092651926989039194413276473774259063535316276183404240922143598367173642773981883754673951326989887202259216223142584205985649002635968708523761669751878540199104443035549533248026194445717376893168463339940494271793328264562228257
579 1089611714280613751050755127650190182093100092540124467601062389231460894221877623782127785604387295222875850712130805175887623546291751557677829312769614828781023664231459984932415222490712742768982425592228384105246820429926449414978662776677032615088530086491601457740033
580 3260590065708253128486422233700160857462606371415177556948107883265102595486948009930623368636119866435817632769551658680124122057116308568855566025828390259471752438793167460100261097378678464382851460358239469375782039596477593647328878099683889042034439230098488202059077
581 9757138787047450199053564139928569561702134969315134561915983013868851391937726000004612484092768645327626641151621664579811931547877572151069629560245783593900786274301975600519618746802667252084961358298977625843318216200332400595256409638157889807172647196755092602236497
582 29197831767516506820562057136400781912587131281399576057597900349784200908119226313066134791519757914466328141112171028342833243998842447347441332147799487392153237138524809354047341036806878022909559344492198548213050567819030922495229105243438847586637017592437181294107349
583 87373664990685554271624547747817649043070058325542037325378615154734213418232857343165964345754429555378887885524423908740478195450005286723182962881271945745907809978450143847844461740279406155128894209738784439367815975130370573209337981856766713222137729906624043065335201
584 261464258243817485590252808468176993998784642368108188280569375892498973172511973403767508111647862372495175185915545504797192463875071119757149900439806680063196878197154006720969716061759186830204439015770854905036348199307211888587343414779977358648099599676439379182334301
585 782430778934529278048093881019206547615094789197420925827469717157004372239477934315568772565741747114130014741258780389909651660928503368551971315162773828559671209026469495539319985669461241659789320388226704696797872794952444817133649970593547555877032737901106361462089009
586 2341430848957785549404374726382307441225037153106046870963579010125666349234774691908333195132939840048930711739203269585468334672634011628138567707278323421252869307176027337901254678971980099844971920405922578003504834804376239628010408353738992507600527065591955892743816481
587 7006781154338981935286368643111780399368449669462525333877150865910807154648772007960333307577470246217175679650327315327232890242863712866159003794066209135991723952015702285728862460925109596173093778549619817344092352443588949204101233846873407663015712452933825687409155425
588 20968027225109158496370169059006439960690196346831632256450188048893298482841548334460779974954473243977514656794708630174316427187668055636767039438554738399494346641927859345886376133332751223293405957574305140567849689189669653876070299931380525472755395744008585379387073941
589 62747782989232393597010597902394428141026043256860821418602278184887702281106058523985518820666733885014284439096680921200884253557976218529256577598240304115003878718951489886529862714064868615479901612663880563701325362120198549653303106659307916548820427406536896125643998209
590 187776391702596683885542409195635726687537585969080384848325689516757015114860477394393116914450237783603370711586939578635759214280057541933772341592945083110574852452726407736557303182739056618946524706748719191597490656105497775912683361685587516988668064745914295984914069601
591 561934086074654243807529045115375600276459171216692261133403823108362235948860751359386946226285081513069203420525387873345882083939939124727713409166688240353842696675280568744876057051288417979490815627787439293544597201698743411589329961818802928550942702482604881729856050561
592 1681634239307173236407067419420414765755707321519690630870134349228077312335353306234966306246814727529029330447458331452192740305066364148948603747523094690829338938450931447200694940702060485298207819856561328546215076382128297174619739480320107660958866187765282201257323338333
593 5032450107631901547833233826027283418734065508908983780454884763087313019396085535811848827561453839013070476772496194806086679335223996664793116915330840381634328627450496330450325917345495959963620066144855982128125845759462840644553179419443089498236093288647499377241888143953
594 15060145943761066484963802901477701757141219926457843375989958084334689462714249994275668536203888104556887072621122524553646968640147182359917577343246953343712575647460670199472771393439603586881195487282424529566453353735059500225987743309526687381118836187509241230962822634297
595 45069282405798609771665298477808726893026223194398699742094614136392377143896276550386618298989729945125146368431463699810989606250593087750657944425854887502275101926801028543404359997587841058675023435704717044369072446183922751728945178939823090807190103324283933409129019155905
596 134875746205300978949806833939979419252977527518420604561344090152122189981278624852530737796384768355898077096828294529353253095919315012106650964418978415854526418363238788742717011460710615597652820557854954683983727635059427932460909219081228648708030085385096832318144557266997
597 403635007932273407654722848136843927604986030406686245673186534881470566054940960460283875587495242202728092305783630676561040742011327728161959856213399865934005610658079852136237286823359275750586050553140432483588844832591380567618379543165935998096209797705109884583993897738497
598 1207940478999276070199952130013788022359185448704729480175998970028902264568577314602088903425810103804203804617131276285320534261157652902907325162726520687497499280564660352734331771333872609312296363961935819455775068702980205967932991187985085634426023216024155747170689682597245
599 3614964036487404532042286408213052731079321082921634659299407596332027500315957665139046831519025714481028256678616504810746189181172566698965713961184461280149821162213357431157639058494508028001398563845169503807509225074143316649289390368215318894425402980617405409746276626776929
600 10818427990510959442212104732962919853384588390006819787447932794929788042307362957635533920491941436912619477491121741725450679811260780405532490704031750912489290010028353468740478786633353934484921283837666033282737588355664666421197394659267583809833345229746792313908664853328125
601 32376214018797493559728271780014298032205865683329599991591880794166625140176613472758962899618662296122084124195779136020182150023777954215068012708641882582258266891329824248719588544586088262958023144286384790811482871063030031954658556346493562157848933890852234117778899344379329
602 96892393920047469476746642610337182648197666171563388895529870311905869248130051152602516290382510498159888122066735449019661054571742718393082609886500405888878022431604329123405091848991026363548278651528241729772402061799642406266735355665364346421715104962488422354018276485298761
603 289971306165243087533062935618948034042164167276763146025025147492020805903313651696650353201143974786606392296323638271017375838150227120773035943172395511693917318128756156979610679820519594247020586578465171260244833602532599640632565945506890456363618078996428406656147133174666337
604 867804849455995567989544402015793793304835122895623508402438734825630803639884946242436434309180212541805213752162101028715343465993965484750373019354910584796654438476648454543236832408677544612174794817741318497415745910128736742129896039492682755239064220826765073119998144260182981
605 2597112869452544033968708371645906925449272042032901276853489322873697414766404472121301716229791742259797245617922376320339698570553018665774703154269418610533159419094271420746431932961882300475966282491536363262570668563310312262306782644828646113274029414766271696931168697113802481
606 7772509724284537771906968788215961816495944121946843378786392616361212876191881376711294227424530000539067903591150967188764632151912877271184653970252486111765892404512558936834520886294586016250176502679103058514212196754754623755767271911935734472598937258317343153644271676310680397
607 23261269692222213968074618455205734665641619531134904498382119463245472639938348468664645171613048127813178421597950745546967216710738758467412726764113222065269178456044305515948959492417958627923773934470347832227030628235355303858818189576424382635703150527526072330172146564712298113
608 69615708318138856627818492239501736147587084162219063318175223126938995035248576580294099883255309930861013113833834616518618544232082258107576900823266791228242896881813197755930195780757796929031578267954024266607728495292318567356883273119275781752693817033888116640645113532941837821
609 208344844317697036140126307037561966651948929385691940001179875018405116897023843264399846277169509517241110918892719869940049829662224809967878032074373526430321166010077265463807732542581336791783157292373350527409334304325742817661657102020211244605678009490029890209770065623055102001
610 623533721972494646724128579805131044483174427210231130472766754985209346346802209700797432561894441943558830819664953124590662048019312700354342424793282366037256152634927995034546557352084659271174414445713852345278648436389905943385628326984294327373963996865372186481776582198445730633
611 1866116724536816186760460559850914971922526688476458287606125284385191854169557920350737833766683444642075461471660015660025678267009768949073799146244324788012495020018998071245431762586938785500844586084811381230145626919480052643445492588972229374813263865453190666266193003633118309569
612 5584950522650365279821934204350499907681695228824260629383780717713533863803838798852096727945795579120289652102281379043122102562617061136640431056058159796759634697740657491686483291626874712486642691914096812186461050127029872178569725900474950774766579902207967271930108364545389737909
613 16714812736598659609691375425673407583914709171736811665003726423084012238139565451626780870633151696214637225166121289690677569687677535868805108480199137191560432353750209195635869619831369985286626212829868263663798547915623339455260697009393746205079060653913524090439355739447879773345
614 50024799405557137440117631196289536941278125971325042218377581475842036549334577721940367286377621216747869411329779796742417104525251297692514060914554383872997343378371013821853268333721229895179890687525957304826187500662148938601392232309694313015659296553015000824837411279169199357077
615 149716906906476342596307399651283214068082376739778599988473805275600744027305441698094296635780636566093560022959241127651720901579690572871958861224059446699580365667711767584172330217886684285014164845605076761015883028411934307087407954384665403583716154794630598673530439919020504911585
616 448082498366188029715192878386613369408115704318483631273276527988195815348162551408142807101848080449803292589499410868620856996414135199102711311525501640798397241019859485227607463513936899784412388673089739968857707417814665279852609266784561317240080689384701988926643299300629279794717
617 1341055512087501017642529277269441530109155365302002869291207096212235278615984585769993260146901467233930727403002197759590906466681463254098516327790410369716749112897855149962355615513451829120267602124416209878943481007835563794982323564802506067607090988466051510193643205798571149253697
618 4013628428833804181179714031616717955447868868181647779191111420207312251320804311287218168900784556786582857221504782824281667453401487531373353833325408976452720064224017678904156846584513089303159100570359996533967068310056376089783609089957586517750773561618614386919145053919722285219401
619 12012383861890908643658924778798484835054679389346019234864383306724915802228343340074103145839490994346763364485769964476484448226282368182122240041782370367319998298561054167318518343725120204475917695110583888590725747968300915720732893928115619078629167509532697602403306489477646939678049
620 35951984136797446730295556421328026353484687606070492142802275435550088749758263158922075400391539405537615827866810292273192326310671160548616440573670074204065276802009272076599361566435838468347057954381940434522505108451867470288445227869628580125995737637539777458357279899694863230768485
621 107601454974106370057325782645955995209049181228235300059315412293421181491945138013773523784765939556774661988349671510703743538016341846695141839356379130069294724533307534277271002928313297024100433105576851418813520491301302602245838234164708802452533214813499696240783920323307439346168433
622 322043870768913965832266793065251640404233762538239430440069099440218081467167247084312539269540728648649501050195831664830401929142275712647859568690747324460548448638903772835180516182769198795352962922711987487851025262153261006428464054364527897789801467021530401600755834083209799744632785
623 963859074937188386751928069519607865879835586022041671811572795663554806854177362905588585684490600110708758959461228328434242213405998288201465036884905206377197365155938769585328951732555061999238276859443562157331362579376652839153443488331274313671178658955793181833507461468597220115356929
624 2884786300891742491570134075560030394799879113243761940125323748444941788639659806098012784186656010464092293047181223262003007371712750873614568483755089194931931799703328119711658666590055099398283663678991382652172181474146035086617939348392649876532546125687166903983913187586483554191632925
625 8634065757337716142458699423597238881677809479186486611627639024369498091775984925504011181754934602931772333064507926003442901078525633209146530006879731048442288110180208849113751048596357943822905672733875920316361533475049447131989310346407027398886536446989505023832159979842995162613633217
626 25841555410067483652103375254542865917283346727636037864832858708105650264309329893231369027090313379462054519512710864788520494116391848575756954743417304625311592017860799383364672676014088926231245246739046325173272534771997544561586301237016750249064455098343393808683562226548802237976082593
627 77343449478435532325563947562130874962232223621441329719427390224998291271416893051797154686168322779238801507833766828425279868690316966811249888421342791991285509394000209084808302559720628376835436004678750049953830525115361936651387855831853038706178389748241142476177971831267740664113269121
628 231488813099518475698258015561905046112963439436601120967368710106076322100566544799978307517261331119221899220136460252566998207301925670457921654718324898673944011632927585303885427404580228038984300950103478288553298284955317899468586345666582544922596549388709399596569457251331541368023110373
629 692848143544623355493307343961956496218388711186536059258146977637896714090879914371112383023791766799610265277249359755536881847182351781867768522105929655750959976379539483686044006670536382655361740709367852105494067464434200295251376876506896047666485011147650815682440896413075782018325982033
630 2073708371339794248119672842426112746499600448229372074707661338022545165459119039477245025867809319230817460944376010364546695664913125553999344345357623033935890493414383922237552961752447046054927509012812262828277010093006618817572955513970188427249890745130576639224610376950676623368081921293
631 6206673113812332634864244380370623198331099539402034512352904589515318824377849170454401871597612593574846278612042618479135033831345538507272086252026760929994288080151329005018942267780399534038391764207297151586697374132240302604842195551143016635907091208923205649948979737781486875465749797281
632 18576830961551795815345763628551385240457323025510249948857153961792486915719823709972077526588560234681864013404687166190123137170791241245721498537987342483303331133419104459533326195940749637634215342449633033796060249892065886067130046866393261319266661557411027214929111067899521264826375108349
633 55601427889359023189168427187261581431815341545786457743578947862801536303021553091172816450415291887646730297603817565824370502586984828996803891604994290762848211868128282402395741827927134309049508273352006954195703501640584554488276984343100578862375617016878784102383867036363469250912107388945
634 166418581018296377837733108135375864611904680065496893604600887465313998541439915600834594087492171435606313443669061788359267859391520888301142334444569648882999667471143016505568008442481092124761245721204955587713014628080278748367472920427878970417940968992940074885980015972499736598434570191313
635 498103087991256379121841696677582070944184001748211765220197075450435266479130020007956501849020718814380680223729453384838470364082818584777354493062688802943647289113612329510441513889728559093844760560783238401164314459345611296342159215396254756593737983528875197436411990759301585927102752900449
636 1490864585572758490754471694645765168042893634300004840395507938965588782571937414585971737389654893929153173062195463719249525313406744338789230547689235800560957816040219500330396913504287921601913397309465729639991138954614238080749683917750748012518487533837607317341450401175493427105741406296853
637 4462299367772328109240685545225646200637644853567215018388127004402438673600453776624275062253822169666127658180057119994372062136583608747360265091249299015697665040603229721154594371822949326704871701454374224772276166790889670695730305340837402702817907760322268441449191106735837085431007290399009
638 13356133237342430995156117191036939317869879914592937625219220862600502656226234729906316243834824652654656049415235436721528841456511036574562634790291057099478982313905253534470704280208951457855004662949362463698182817102598762246900018155735342243411190184679360251782584591775898846505129578835765
639 39976458116147062373557739897989089608394161467010720882087109349495888744606502530451900451071744837844489277290045207554133365697171148210174898531270329860345302037978892687490008618527030726238128475014493801704337624711929295137103210927695657535239166915869553945834557615926745353439739744202241
640 119654602904491625328133929484943721873552870970589954397584885932707057766737961074962995814711092354295417501425943074623512928108934985375598238591745879653360386109757569112959903290936393686464330363591362239985104612270606614742447639749457975483543969837335229446679407363148222733405943280120317
641 358142637541995783580387914184280188315988009700363614896458927473005258707043435608335440618377317173283755622079532694481923316836032614532041013186789906253860602404717120794505258409352669636316132819754895443214653927200654963717893589793524831567612278231786845201429935383180861527902184293912897
642 1071973778327457465358822884200303309882538212746163426444193330211795512743932349118348557915884945112502376310739311012351471320622413792938026858894396625798672356414101782156324551050102401194531108902084702916634517398307426832547362047512020493084464465664055190872837808220993826438443974780099553
643 3208586919970924624650130155022835426340113211837179783117709026755469738127512944158217029343028353890458308765159259946813587635121406426608216944446415725988803731942144045103878231427482381783190226955804499693453088442944979443951513207079074147917671226293387294994864274574455905562853163571959041
644 9603841032310326370753660763351915389049871149879220404784456664977104569673087496133952751644655157895572168056241370032263460609167547624199875024663848163842760916503836005133716400862456480178922602261751589688479077428639729938307984679033000013943615235892249843703624658645908478220746307058734405
645 28746013136891550585619157868737382970461108324467738624248468558028693491667386272291050986870650191232543609375882547580507056347603719295145848903417233154533968203955603574078244311601327885328312459782854249120409788182857012979203254558360876663062881807870353420372675601616222154441027649874123729
646 86042253237450053143786550959571901281746114732774576978295794506675943885276850944170234915951116335933625554819730513153330769804684930171604526880515688839889582960868679048110399945542731129091673850262772968842980849479467276442204240330276037259492519579393175735946812895113803626717225251412585781
647 257541620509969234360952019023869830466298595233093273652026123623507266509172435398367975684211932546811701529239868218098633599409231990447902460019556867789304672072850839358667227485510227670819542235155310514295614710659360530830959611130013973647321152794753705055240252754464598831451941549102720929
648 770876066704991383761679307640597019574824364746729223683970557653612261472307246006791845018299881504041999498729668367661753234733224324064772244266409527190184739203963837676156405508081311180003530280298678822626475360465782422215632399700579568245891420650482204795889619267273051251139668527245957853
649 2307401579193503985754398186441719953295875376775284944588047046809108268193262140273793958997624564719336247655193408287701133433984562151612860790123750961310467434897654533728785514833479703910082898196535227523396778097116920766525108617717983857917129039545471112277208455229546589966403087439465699889
650 6906583853224635296571282718502414017421213674414429963160796169039499639430855028983793497894552972695067969595006387462001887629746717551878878940515814695089954536012218218485513509679130361431891281627925493710562183318338806296183938402188709721245715494243262061995910875084204381749820234381242857377
651 20673064911411882552850368327180818516333672040101487114695743707894826685064747089645547387930887809899891324938710481897751928442660919530388554341189545067231920308201766813151242389499740940604982770610048764208387539745526188049801751277524693178438827017488917748128865187382618393779800423376322475361
652 61879660031451341431893222802391096348731186900473302334064870178309163229341961823085783498235998236253042975369682118512725595017500232754175613746997566089810846470080280942723464446282066925176617637898701847596148883563121250337928272212553545642113027623679113817681925151445714392777217562867292694549
653 185221943450830165771936671299371262568529288240732474009377136302865300187779339645591028203675410030265788910451908127991546139742656000593120572939705531720489821980937380881793777857136097341354328221200308805676470298763645476825146474424624522320981162359680718908113772830895355144927750250379258526465
654 554419398199700266532092328722998044972455055433026122207094289877617860898212869471966694503622868002883945343685468007056295052196490949962963024225547316964698372974057854513122847615259439396117656782817177056501398288018113399889608608160854692841735177841482899556511046005543835827164390932610986930465
655 1659532858120313660654413194455711143842191204922976071722610248104786246003607354009866698889028403124011214671857061661638868717911863784654818955156184755449754843147260321840606859649849513082821990024476362840977634581570528611861199851168763771424192303021157500897594016825393293837536084792125097824129
656 4967464226278904806803544372854690086471571820154278651932504056757732810713269666682758489555280922916897904031817170798395231885870358303986141018701549985009239859701700687305578017773264171288109096208557146375327997138371598562019576037003149364581409397211698109067564372423915610400546060689369023116253
657 14869113967294583034109208967928213127285003426287361953124077037305841304630824784767209905154936941459282572915073160852870917625938385983029760408145699021440798865933806798410916120661880682135001202403367016967091765141608469092432513376698828368726825961503991874784983005008168442693022390028733032000593
658 44507876824367304809221224327006582694208382196873559280453790482235677739428870343057930299529807807597047133034222908428783292702149318363462424853602290791407970829971517651196374330721647445506816481118966844373656770584235028931091537089772651541679876439395457958234132193979435646720925327230231776034745
659 133226342627781194746909718779609312217522115066138323404568551785654575446646309971691889108795680028325176541332863681645077036992949827516454395996104091609624308671702679685974540147737023112513333614925548605012309649583367219015670805167626423336320582236235322556558530724381311981792748025549508955556289
660 398790469272525939272221144815816744428330929804026484739799295255868432796000850803249105446092008541679522502849418316318932775604006816059823146135217142724321822446341000331408998173914976463621658128018448998745361464724040459035754517320870144480920141362792621027995788826348351670948061764626862741651381
661 1193715595395393853709084150986034889617254956693094425010034054635188823058063008059608112601923548114697008254019139553344900682861967414252998221472509695955447673541192636040368658726611285009954780029414035234246914345717485670031655440336164121816320368061819992120064469562615152165307822058011317595220225
662 3573208786079919362871981721185107146967364275248001793713663099186803916114788705179662485260379860691977387317113013841848295103879505868957388081604527591046833027573963947379782171878333413774933234394241835282642315670214539625634589764344503079871777370541104572906187990859375480633926901097053598695468893
663 10695900213240255097196970892655264409016443869954702653853235928092826718084293836627999718446652272268633761147909219139115518832000257980664074405094250281753002831123959176734705396576342126732701053044218921745947530518710391421176682241393230857006013142178607071077599887962889132291853122711629401939765601
664 32016784411271076802879521137145825095132800197108182859484587065016010149257684699745160941024342847008177448924838744272763584020304349639595658027024986137214885650222749220788172835017289607744071342508840456748989768621258878316557472329130366561599029576299249741825077180935298827717094671200829113610721405
665 95838387116890325306307925681266540445066687320039174810073381772711777071535493917495069235268240935557784449824296981812108809732105115367922568391973126029952337225506978395197102398585489458847413116217393566049511531470502696096480077294345651030366558202386996222210794937716485746677107713641393353984155969
666 286881598631885358681387425034128679335321559935245450471089115905076669520223015953869963651206986475330123495264938242025159572599284848491557812925733264917518571893108932344021005848732342676041018241147537045244128894544429461701386746887402042763274845975368787749278636471278542854995351509417076070124421513
667 858751078654513121469905949436748946632565772150949213817778761393147893941766460416775968252821785105598933960741632285264469965350477162878824153810520619260162335721076694530932426872873229838743204134618924012113365281428854109854461509778738373844578826115033292253316020132855469496371545519412530311575109217
668 2570592889755216430815692754458973084283456472672206330368454769959461752795556761317651257820004625584525791639739272667534752497031154679394344979741433430590934445381242803834686484735648882431372846433591626220467065689643475129010367707809102880307749170473738757428796709039908953771451127658839630131150995141
669 7694859727612221779932819522029735981016588563806295197523656462934878078698887799110945976368968174900916084508352186628136913816884141489724096374374080148319136691426570439604968665636525277123596707616303360502000110542648075984538217691017111472832941461809621293642586140064715919416172744090221612417475204465
670 23034007696372117468693853709134279110130841143301087066666755258883299555728717339675209774061028628087316165085289573606077466139964754221009792514765627231714209429394297530116676919953724720076714050477318986660042446180030330091791444334358909783159878623178426838365018695986831085813156098577521319069804170133
671 68950861806708862400778499673940621462783562552155491112576795473933993403287721230280582426684616459066488953693762624956094240790222477840786492393573398362632340662962205578271141989480803547862360086758381791852373999328048694941632409874672218648343144009773755454566333257473520738140677203227905529037603679873
672 206400752644175476851775703436845613438615665473200224651001236676717668338911698268766592029106530913753505457399275291407131764144532971079921213044850894650237616936527220106387649171845993685986114371868129980408057980260880706711805566245284681961932184946312480534490780162868209812855584655926764688982359930749
673 617851687605534407909873026993022621844993505243973372767425998772219903278193090684082973753965174798604587585610734364030949761337604552372758030166348315270003935913203043715331238974655844798742007117323310002888606398021530826419243423906107194343366273901523112619665517392977408492588661354417968059017086476753
674 1849518060693697461343027054067618710009688143218638701373838855992867990959401973254557122972817575096042579502546014025295341844925360841969468098537201261830250165611247289744929069002219441029349346574344648869199085470260316079464180338224245162666376243962946569846232825546710551153965916116989566188259327568889
675 5536487078324249107461397602170681396957212004876225732599727788147947973285443809387546685594654856783357060690765453441817301726902437006556432564246952850005793308675504925095477203120856400415517386073855362131335897930624276774994977900230732170565082978835509594119230611203476866938435303450797629729156171637313
676 16573390964029284414474155392817985107624472008706054712366786850514697348795958684797160408106626534945001406804969386263413948789751789209951679778452817143078672154571162561910821122551733007588960371427047388065577356671115774003716504576125591978188872261493579005046236001275004836655600987288107594561835649557461
677 49612353210743889512537644909592569400831884885904929303457072081067995345765492163865618005051512493678888598068326064643259549909840557561005815988276862272911288007082483075260107659608543537595226050189455902931617255878412521983206612394968396020959145252181074836044221845050981433491050842674951914481272182910593
678 148514768052956904111596155580132934034000355678268860107704359338331408686110912680790751242143822896793828963709271991079947880048396924438078336019261831669298591237581899939856197023021554447291324857457880001097680454919619439990383534177229878032926517343788483188897032920028705246164651681343629007169535293364661
679 444580914141635154569350541999161424204717705245143955382585125587583155227081043698969485913759714119777521891727246365192319848811903586172172088987235369562231826550946322455801896168925680092808712385518348411133017013673583664384365036704211636147815425383760367835260522145753158107713636085019347971956903223650145
680 1330862973857446160504426718181320348880321194061214071011704231404862712962494313736403598029272957568418593050736756370724523009038938222493631921467711597329882890031434678189101230752818352799765364595182801779101157810090996447919046519143488625005387807175312011840063925891510964805749742397870592713187694364499997
681 3983980663312583455673261051380113347881013993920494936492506326319962205776513779572709515254820893445238342951977215615739982972058345351908258740948098574408612037255519779146363625729824595849354785625255577039416463523745873394139227731545699408957092788432574920958107353435110043645558013580258034827099361637064993
682 11926209889499086274490405756951568711356822234636219120156267502869851293154219157871281568346534498991179844987465084854766507892313275496176678727687713101847929564346528436841631617114658264268355542522274572374477997164120754098958530345637707526153236261281487592438666026278099161950076330257864625686563450033629369
683 35701709995298548265699532355487089626228868195352571001296958754989285487760593140136402425793682981553124115584421278260216691152732461037889291048990036088303023144544396582854125622631121761661191285022116899663026122638923960232554579704326110117308114803405160494644250549733187925152968644657188799539586127505251937
684 106875196692895684913729915496015708787065418653577136880827958458915998120699464337173031555684197010543276020153075974749356180284095472862655186249257272996911464607199413828488714990496228634589768381068782946841122344362330712342837465242239646741682276865951123326304530089954819702109686908110168815248731383152613445
685 319938254986446441450276136726471135063219086483187944255958877410022080062055562012542150071129466809191474093663843835090933021274297632519947528646741113873463233224362380880551914825832335371753625926614226313356110446843968141428386008226473469791930056228802131133181879656577726797469956308669982608188254900394062737
686 957760117102630853332621079949846138007382358406791072531946603857844411791532005782380712753329565775137768340824570013520530245173310811385167939464498605752132382555366873649272896331914873531568452732292400169865086406672801745326094562959224643384720730296699703446863202960782284497601895722963216395975325392172371425
687 2867138369887866465642567823278004218038051394888275783174398560964867876127005511383730083317177411620864413097925578748087271563914577819420575155195710320519318417836953239660414547633661158874260163140103868927562791477903459568307264157652609438536446958513808294894973220368769756062076393554592855556693862207644245249
688 8583054723639857814319744947759344190649559725290551921652437352088098076927477750964635727821489895342213330190065275981931609484597942671812102041873228645129738907957998011908767404176218128127828741223214346721950212720567224838815142176187370684054895665401228572942211007743028998170246028841451274337961532643084132125
689 25694278709213431991014812904773680054343886640092929952760103595275728170718233020126148813124545437064995091471449574573686448459768016493889040600535802215661482197205977792272461594318569884579597367089000383436510723413155769042075459009078048549685903325464711586344030876148560647527155762155618780010053138861058230689
690 76918763915331706618024480907639286662476501994549875199593701646419035166108694363453171782908679237933909463672330694581718454833585134703280432935057256096972429703579682797879943941857555453608017911518359448171669543008387862309791538414859925627104863472161737687390598214959284702372531241664493009192608781183631830449
691 230265818934443270036067890611366787300536128171020307816906317223035624600502725275317451607095561291904532732240061223045595905853927188025894688955956321883915432280496276936912793098433616422382642344178430629502902011327090696491649276556108053378520859116880072803405286868352917219258990545989766999251341265317536252929
692 689331243931728015060437176403322216418690411360687806142892445144246967334136117253187651399390728643386392621999823346580528000434997387683836683550565072472123325330719545099306700767190113299265414718744019817816207065554616888284829275035636437107613087992881409457750394484424639437247227207132869433617973354281827075525
693 2063610632624758482561590137296503589321988246068410540134454111238724610937052442819292737660371161151925216097490727133701683410522803715683342006054493962725286120455401073164183918099267123161245200280025085504720344906490788442234355616228693560429845726934854422876037790638004797378518852349716695843341522680407484668145
694 6177728988433547052443159838407688581231899626593661846408195191123754891392449590867736923460019200286956480010844195659164744823536972802385035217509203938575583994997850183941832723246428293940396402685890828443234774768707736734602868463790368413123269926171200648255004701694570020266162140316183964352206116078638924112973
695 18494016714783359656746572339830333151861135616251668672649051055185381514931856633397534072531701859451908298694623757724824328227756428360810447101977399838124727788748891784347530327734119610473140499359606927693088165069542544616083837474567419010150650851998111923017754295649189971822865577150815245596242625033263471759137
696 55364952780034077066826454708725334801415456030917920511111670611204680158082651169024815838711708822421438458195790111938145199649343309213505319790376469948560166294522897179278823763030262956994844385788695557646219253237550949695279324001147533669990226226340752100938023567780289001552273995048052309759602034176694423373181
697 165744800309146776294995671543081288365708228956648151925746499226677555341652034905144203227367552969199894376378358984844036652601579920608067775419086532469494240764747581228275466878096921442366808650706572875966287129100251281921956614779377530890690753600561761519153993729621972013404678411525399062197071008888684447016497
698 496187910836972537666021298636040922256233523234591516340561015633519510657404334213604976864509430212738810970571084168719925908811624122498358230750904171636250362057148015246728564256671898412576768624123329374463025807303436158699699198936501702358058100456534199940198507966111447269412338958622398281382683723760430336056033
699 1485435260039997752472639531849670092357963037815234728411609205183141676901057653011746412914675946380337493671072942193136212862127626868520859324008851263116580886825229343688204166242917974874923949733676644554587605627633681098343090002421880566822264282532239334457428788906520770119701564568581133849804160779212006518503521
700 4446953194512678044576636335756111994006379860803734603445104513540658075594010160657819898537697839581426083032660569509974326840317265517164293314150505915617708242209258165755881130822362657353172496323328266503494158870016334895032032526091933162060409356765969357843505070270668620499764047662139079337206306198650680704399797
701 13312899840393177070042531895708489864961240183392103722188672390863551687756738993163630363509571706832337469531154997423912518189436218030345088775780769651966527540329511083409034718298063316464533890415034613114443994309145330936141476287430624029739589124232512379820501366537803863930368922638421399957633767393499733595608321
702 39855112896634604779261105589658858193418262080914052340763523620017691591644259997990953091665872035530044107853757307425646667069630317495167659666184772084872606834900074418190264018640941381881784586092019756379665675748920851691826373575790020135096085828936624022874422388890905554075389652709659095218040510995310521964587705
703 119315452349532724652352969882189172573830029294583017471719726758099491370427268653164204773151211772615845996584103283426896477663019777424179988227159602489041570372644086871183602536322721076904527420937792532189630776040261690654584840764168697145960547398951120725560194913887423279487829309312036513641883288244868325645392897
704 357199305863498600383755771455192370780229455610392114767778592965360329133096168259713131302196904429661114595876999950399475762581711599049360714616235776035197907471846122592732426513962671504217582739610195607894291021651131096477303626698676472356560644778326538653931587489957897596269382796436376598547302872521868604088023421
705 1069364549491376464898026993618144137468368800058240456647104695950750008072032845536279013716073383404720179429378737448493674420944449384158378167440738699289451931544226006249903545455555336127973846553094871024705212787064851347639802443434326065745394985773288243529429133070506511795246819946883988245350159464728881029365526449
706 3201416787102651623940428427332114348150731660080834207647800504169249514476084368250897594143306795305277894288579876803123665359670396452386316949171237215173573346846489863587272830929790799742085453096746977492034824831597043362763468589307269914132363765323024950393391779582196221534930107725817240689313289595937423943682357481
707 9584289167765666136649871255984300481549298106359020384624591494855583514298711347475773833043269117120531794090148540659325654633152266446503875996154124641377039691624508941559484117333483152036618675508181158300872062064908821792790791141936591165290633989934886343568138578789302214466765583948539862994146970449687620031005747777
708 28693191086089038533440851385724338669106389229346846794973025904716458099005378576299998977485197647964999753622356818537661714448304879355634097568823214432022953540516890940306585261753647839113475823392106199099278923825886111653168551341447020795768867323734195582141825903736976764694700129095593042965388862477564085058439289013
709 85901162490820146835400454983215793524912032819978764470561426708157494835617794193020418358137075455462932990541223128648347035987568371584104493305869149746630273030861077732630271932849935056785141120111408015711132267411431872249684349557497449781134356136407194438054392174316677852238812922534376409590387768257672878665164507297
710 257170101660420716836702341272393240080020898171092724416593987402297068702375623403218796117621027502853022612129489286158641462614974344806596946310656628741731470200006768610687329723211029162081735318649296789001064448969724425548774645513396697075965268411349055236535156368443659300640445919159423899419306347101651912048131736117
711 769915660296113673697269262229056901447067222392650790627348975044038423509857525242402834637023377705230801766680232097020562639840604158145258380441563957534891479198291255430088241649990507120463999122880287041769131939457286570129737034969974287881912961559431548340015760123110640369224748060934003704145156149414674990596087384161
712 2304979505422489213022648690119460083814808855361896241158982495709796092897830902885574937791353240967896411429187635568883177657890249799341129341176227762663728896616078091389135436391759230544755423482396202208367527036739637536376517766771366432282556977890404903551830633888900411917229577243589467224037015359995083755668221333277
713 6900685228126917661742780114734446889571958785083827566479337543121570061411914331459207977275358530171519056001390934421579113603663074901679944183670058119173437510651380858515905926003417771852437226180552172864138344126670132977513526252701450527575415424573163496501266637161089494831075225066478468394151635780217933935250346988225
714 20659442526595853417004430058532593471997569971562174495668625023652713506694416725548199022352423189407500340710922533113567028657229167209851766261799829031296321053595016375555001099119079842923639057936918174482444958844889059939725036832359840325795401198691706768567213491543910929200008906959779199997508872152561606316690207826665
715 61850926115043951753465345434907906786494593485085045393758028896353310304862936196626222147315453778527399700000212112826590742524765064149787727458730244165189999460852767202438986069336784939889693733993147002416976233748482347640974449273626276431241838835071458857803061662557034292504415761467411559662461521814623154518486258661601
716 185171881681851754855288112885878298674678117112861541246217527293706465966345116549309467199326851437896503426081401918922717811376695413802687643317478946378756304742927163815548255461127020825396267840011820243143303633784611549561463791094459210223760012699371154388716999048472374189911199988905560061184814035308017511086151602285797
717 554376859480084281735469898913667384481270551550218405301040027147891051171432560744460297057911220922336109276527357872283642407586800946196410599477377929123234170296542527893926265822875910855967274247133022946993153540080987613711336922518019021704630218418466516277201126399917635623025599236649014567773262400833669140301190275118449
718 1659725879057376954408799663947097743607900343979998616583985660823312854304500059417603012497516463177695927583651968215465800553978981888276597862085492094546333250137320741077854160731021418694052206668536889982491483907902950234756313324218255753460223043146481544996388875289688044619267051528480902236285709899387596211271473293831305
719 4968998344115254260967538374049133698958093752858588277619605691993441984139041351224958178038322236638008224954855875403972184040929517942759836942457376328465434497321224083581041145502006140988686967244898447507159337146530847063161655120161482845175964186271549914999642535201157225293888900473594675359043260710571671006021604836354689
720 14876561070970228928180773744006502462743615543011043987517611973160980862340452571743047227124977729837036103407125230837716598353979029609488670153704888244253243407232689201844446939766460062758298155916769482152385411338634313642095246692149230901582144474390685722456294485761483812240114447124163172976911421019357223984171351586677405
721 44538691598859379696658662285758794091904726153588505479195283948279971250002045057195638026852070814050374141511973765694255288531546773573545852982328617866418024425374562138158736984420015264310742837818579985053553206068215987317998028413446669188043686427992478463302466915045728869966349560558563165929011118935523328668398805834516129
722 133344026341907005481936795121340694115138894868914174652009128533971399107594990055852765982667957825950243756209701444367663015481185622772603643138107554085828026149193980567610153670810555596679518908099487173403941717572248233548431479797378909492106138645476177919548463283817430244470339648400929377851112916076040371603462823236440849
723 399218699636879100684185411450046629149298458049532848802738554887710968009536188984405232491617259339584600038810532904042371235535577286321700963362698113321707106074687021199189819076447290467983866414661221188615498803020130871959691509975911670182686312301235186343158574928423980004311278265357759180067366325662897197589729056097599361
724 1195224219348843934946735742441921807737591869942886388839428861389075401810275052623568349500784217817111949247577635183085174130353244337687450626818859406352292469150227928743607370016881638121811979789131090425930503972150506248263768195056058490051203502186394853950926491253971560929381361852442274139642187436642268106180076708023530053
725 3578401677930769982309386235642840357645275995136948435703585244316181459773737753726331366495690914833189270143611709346849030587353450113268030879158176430237673279414823880634696115842390755345926851648555005525172790146225256220667000541164680284700106637753779704025916590592517099492954371714646444879234142378289295390990457155989014385
726 10713465719557451519705145584258323552670347381803240811042366604777582594595672721070266616693758671811189881930818207331746580090318288787671791300870018048034957033520653611610730581395380190790238095872180073879548768093807836595709463355968591208698949444322055962331374287971658676894365399043596768660393289034400799890019267732904690061
727 32075399051880144092186843944447594850862275733455625442209612457096739719952432849029250735670996606103611290642457098681660166966054496344907875659036444551915110415132345756072493760810975379140189527164139452992605617284861229948114781186954664460977203308088991855535406215502881549342036539488693043595212582347130936786688593471854700193
728 96031859234677818886281287891115950199487827796293174337497617322906758550796524431115937939684290337076788177841616233370630548420690521039108057996008739728308116713095812544433359676293839084397398874234528309440302608199488642146237029945289562460500785336935075927061272503743516667966359910616078540998844183292667699264109623965051003517
729 287514523870852881888680351639387669343136734147033116758304713665002848602011814991646938708522167192522946833252609322341361320234725164965414611083670511433326547237266011058407785755219364646914373491444914577722554999742549954627675007924371389970832384556013129348759543749417910494188521433229066290788695918046501929854850457449713616817
730 860806262264586959675745538794982684453102134958958601205242704783736539510983049307004700112883612034720369288890158304990231247318527577464439126926173896641941674510657676866517460794235044345938022827739544130214603135125019652406755494855210228251324099567102570492126279614703690369783373731291774050620170886789525349139316372690519507713
731 2577224332792339060951673343619119460841089545711184027185808352574384589421612587400465030851002630242161940117280073404583942850112107233067282548432215571770358909069374583845528156696204937470496998907255764613811831605474689489710576354541102581691556067954134006129850637950627010735762910786887158370524741067795397118000587974793578293729
732 7716141812753834905939476061326049442489105751335383488137651015536013445772352696720789543408360751505456367783109329995736837537006076469840455150532981005240571600803940933759126071288238736475044480639382196118238163778473027221587192687940780170205065252664695891785509802763048037841831617103473155891915974887758979838560129474105995460149
733 23101987677733885266911721939388623955141613344487626126182185982757603814454518227029503872701688946720829470499629525539486022301021716737378046904698765430330501551470105894052450009595673462529418020885619853718744756716788698816663235764690774670065492525060340227513631863239104932313022182223615590963429289012463211858442332639134069688577
734 69167114955456388256756070375845837675090330791227397039083094864573635081395759565624381834394288397649879012119547874192303603609704834532544032042772845094683141112708060142004318691314975175232386770327317314574421541782071539531555352430660396635017557278213709773337456584781815496974733124192084893425899804973212830749173653058576270927773
735 207086189728437949381439556844797714082066879775575640137452049388872972571319210474155254748736723799782213985467141623332540052190711846993863931162886289904372336841329956522394004589621800460636340515943552231694563498250328560884352778471480722892818347930526251844110891826936969398429736911339216860692137096643938705941171623150238046163841
736 620017251626013324560632959195029108913455991119107444918594029348796475838088314872059222246754009375496400740998684993026642093535510769148971503316006553113285847095676100727221361719271773949658269142148647262683959900064852394618589012842864694756619791188199691606569051777787503880021281256597443934358311257607896241669304205925100059998717
737 1856340187818394305042233860891657204718688871899757111281558931385095382586932058372849720930386211303915694525423576436303582540415858059971144951050537169500384616576657883629253426228436201890792596710095392494262598186792784907281655828866085777514214411798163806008383310392289051014632948277503612432803320207899734602040366310625360772269889
738 5557922846334805368411868267649461771382494966067184559392807224180663873746380483116675752905055409063251503012547965854561201112684158917562176523364357057275668574642920853615721969624577378962556399831505423534732245818335755349769094649439125669759607586600392587274407957062263360353414241068395932553807229115323254386884787966309074324065601
739 16640585824525962002030186478147991322231141454885141909423625595862814718255205016041010008047192866949659690366729971898611461864834758931270103688876039966315607475424230029022774098449798704458023726648618902223207682447916689732586309003742534324066492757667676669530725750075465384205220355316346738865480041157333091562918214847513338296580737
740 49822539104130738139064491416880165539728247658042075617312174998039986590083670030167601176464162832158432608016003755312991605476060406283192347456515603921222654769683517650106612666176633816292693213225264852707784379945437017248563020149984163495320190948594977539470164228184741810224016104545065833269149611353158341239762251808558296558842693
741 149170946943492144025781852891720534072611741479375225179871529814792428207868916583089857861954886086826662490474745146633925834813351907464180986971164664176612492942209102413255822508902360411166726625434666836826888873580647427887198899129106757957250153967985540784068345657345555259988952842428456804412934379575524233845609589138414580882617169
742 446625770276300275447765703988013521298874436173854969644471508937976165342941940103313171846320491210781064664817017166377917688388017317790822432684428782530956625539383180911130073699095603930383251268039040775075693972723584556135178903201062404659395350559006476263119370985498274868271362143906074469430940093691510845070872063992102954772819445
743 1337224880070072472201515847363460577276638824092904248895094327461338973484612503024206267419745925734012152194979027136797573236397433094762671686347314168365028557352646928757079456406112616321865549537634907091912433712822250352951316672029758186025171277701452262967026359480189539901138906860518161782078590779216859816853576245629974570741397281
744 4003743569108503525850414414293656896317452846004485629767223519534947423507337362929593006211023073531223260000961935269302918893944825372217810179203299085567071680958261378386077514649597776123903490844248176608080052360015979123067690620362537340842913696962288786152861330523271526513649996341858442024961756348621288722771242073724280043358708317
745 11987515795095799393125887261699988963618486120803930618840795388725258669762742396312764098043768074048045564646212500788584835817793977911027848054104196735249053376799340564315246466567666754488246872893558760780002073886448684947822299112222928969911315465263225588581957449966140623706443843161688158931662545845538492557485231581877085677809470129
746 35891636470911355319700282755825776211515445358233877808759807821857842638013706202168836358368983874960232186446189628102275501222492346096612369534745490998209408777529234657575413676860584294110937968750800065250186632432002558242924380431382173974292750953996430712242822541877191921352468056127139124189467899176763855478136768426127475709309866049
747 107462874912966556667794774381141509263854226048511422547285111026517693851083015290971390746750217619266973395369497396922734872485380029754730553659776724420129500052194108015436929883769193153037588719711288762762491994548145952086287479099367510765506917438409303672293858064295852841589502092106528044107728843782248281347355527158680414797666398433
748 321754606356011268919540341074499240138741501123660504442772256975173825908435058252337840533961623244762442678193766791470335192631632390005692386670236926912410831534345719604011863010209505156874063734067149039075703365249669662090006472194980155988136040452106709683245677898311193663871773853386639101976768104425523091992869741619383986495586546197
749 963367990597579198806875935663984875874166029900633376864292116752987495595139655926951821088623104071877131627388729514203172380550104325461806666214532894160115037817262031061882496641919001786809198370024149420723319103293635811202431084542802790692187588522077283290944243599682509249659964330639873111909428024046258707298985033886213812236031240193
750 2884435080909156064574460071202817062184243416336191453719008319953122348808474784118691088679458059011856375753884810977558949870413746980178231133279846939651908537736268143708524495373045242715820967872438398383308098311016877996028770116216550470223804496690144772497831571813822357701082038024417201349127181990223607330096368673134346626630422385689









