3 0
4 2
5 2
6 6
7 -4
8 50
9 -258
10 1862
11 -14824
12 133506
13 -1334950
14 14684582
15 -176214828
16 2290792946
17 -32071101034
18 481066515750
19 -7697064251728
20 130850092279682
21 -2355301661033934
22 44750731559645126
23 -895014631192902100
24 18795307255050944562
25 -413496759611120779858
26 9510425471055777937286
27 -228250211305338670494264
28 5706255282633466762357250
29 -148362637348470135821287798
30 4005791208408693667174771302
31 -112162153835443422680893595644
32 3252702461227859257745914274546
33 -97581073836835777732377428235450
34 3025013288941909109703700275299942
35 -96800425246141091510518408809597088
36 3194414033122656019847107490716705026
37 -108610077126170304674801654684367969694
38 3801352699415960663618057913952878940550
39 -136848697178974583890250084902303641858468
40 5063401795622059603939253141385234748764722
41 -192409268233638264949691619372638920453057954
42 7503961461111892333037973155532917897669261766
43 -300158458444475693321518926221316715906770469000
44 12306496796223503426182275975073985352177589230722
45 -516872865441387143899655590953107384791458747688518
46 22225533213979647187685190410983617546032726150608166
47 -977923461415104476258148378083279172025439950626757324
48 44006555763679701431616677013747562741144797778204081650
49 -2024301565129266265854367142632387886092660697797387753738
50 95142173561075514495155255703722230646355052796477224427942
51 -4566824330931624695767452273778667071025042534230906772538864
52 223774392215649610092605161415154686480227084177314431854406786
53 -11188719610782480504630258070757734324011354208865721592720336750
54 570624700149906505736143161608644450524579064652151801228737176902
55 -29672484407795138298279444403649511427278111361911893663894333196148
56 1572641673613142329808810553393424105645739902181330364186399659398706
57 -84922650375109685809675769883244901704869954717791839666065581607527154
58 4670745770631032719532167343578469593767847509478551181633606988413996550
59 -261561763155337832293801371240394297250999460530798866171481991351183803608
60 14909020499854256440746678160702474943306969250255535371774473507017476808962
61 -864723188991546873563307333320743546711804216514821051562919463407013654916374
62 51018668150501265540235132665923869255996448774374442042212248341013805640069606
63 -3061120089030075932414107959955432155359786926462466522532734900460828338404172700
64 186728325430834631877260585557281361476947002514210457874496828928110528642654538482
65 -11577156176711747176390156304551444411570714155881048388218803393542852775844581381978
66 729360839132840072112579847186740997928954991820506048457784613793199724878208627068646
67 -46679093704501764615205110219951423867453119476512387101298215282764782392205352132389184
68 3034141090792614699988332164296842551384452765973305161584383993379710855493347888605301250
69 -200253311992312570199229922843591608391373882554238140664569343563060916462560960647949878078
70 13416971903484942203348404830520637762222050131133955424526146018725081402991584363412641835782
71 -912354089436976069827691528475403367831099408917108968867777929273305535403427736712059644828484
72 62952432171151348818110715464802832380345859215280518851876677119858081942836513833132115493170226
73 -4406670251980594417267750082536198266624210145069636319631367398390065735998555968319248084521910850
74 312873587890622203626010255860070076930318920299944178693827085285694667255897473750666614001055675462
75 -22526898328124798661072738421925045538982962261595980865955550140570016042424618110047996208076008628008
76 1644463577953110302258309904800528324345756245096506603214755160261611171096997122033503723189548629849986
77 -121690304768530162367114932955239096001585962137141488637891881859359226661177787030479275516026598608893414
78 9126772857639762177533619971642932200118947160285611647841891139451941999588334027285945663701994895667011750
79 -693634737180621925492555117844862847209039984181706485235983726598347591968713386073731870441351612070692887148
80 53409874762907888262926744074054439235096078781991399363170746948072764581590930727677354023984074129443352316402
81 -4165970231506815284508286037776246260337494144995329150327318261949675637364092596758833613870757782096581480673194
82 329111648289038407476154596984323454566662037454631002875858142694024375351763315143947855495789864785629936973188646
83 -26328931863123072598092367758745876365332962996370480230068651415521950028141065211515828439663189182850394957855085200
84 2132643480912968880445481788458415985591970002706008898635560764657277952279426282132782103612718323810881991586261907842
85 -174876765434863448196529506653590110818541540221892729688115982701896792086912955134888132496242902552492323310073476436238
86 14514771531093666200311949052247979197938947838417096564113626564257433743213775276195714997188160911856862834736098544214726
87 -1219240808611867960826203720388830252626871618427036111385544631397624434429957123200440059763805516595976478117832277714029844
88 103635468732008776670227316233050571473284087566298069467771293668798076926546355472037405079923468910658000640015743605692544050
89 -8912650310952754793639549196042349146702431530701633974228331255516634615682986570595216836873418326316588055041353950089558780818
90 775400577052889667046640780055684375763111543171042155757864819229947211564419831641783864807987394389543160788597793657791613938822
91 -68235250780654290700104388644900225067153815799051709706692104092235354617668945184476980103102890706279798149396605841885662026608504
92 6072937319478231872309290589396120030976689606115602163895597264208946560972536121418451229176157272858902035296297919927823920368164866
93 -546564358753040868507836153045650802787902064550404194750603753778805190487528250927660610625854154557301183176666812793504152833134829750
94 49737356646526719034213089927154223053699087874086781722304941593871272334365070834417115566952728064714407669076679964208877907815269515622
95 -4575836811480458151147604273298188520940316084415983918452054626636157054761586516766374632159650981953725505555054556707216767519004795428668
96 425552823467682608056727197416731532447449395850686504416041080277162606092827546059272840790847541321696472016620073773771159379267445974874866
97 -40001965405962165157332356557172764050060243209964531415107861546053284972725789329571647034339668884239468369562286934734488981651139921638228474
98 3800186713566405689946573872931412584755723104946630484435246846875062072408949986309306468262268544002749495108417258799776453256858292555631714150
99 -364817924502374946234871091801415608136549418074876526505783697300005958951259198685693420953177780224263951530408056844778539512658396085340644549088
100 35387338676730369784782495904737313989245293553263023071061018638100578018272142272512261832458244681753603298449581513943518332727864420278042521271042
101 -3467959190319576238908684598664256770946038768219776260963979826533856645790669942706201659580907978811853123248058988366464796607330713187248167084552414
102 343327959841638047651959775267761420323657838053757849835434002826851807933276324327913964298509889902373459201557839848280014864125740605537568541370698886
103 -34332795984163804765195977526776142032365783805375784983543400282685180793327632432791396429850988990237345920155783984828001486412574060553756854137069878500
104 3467612394400544281284793730204390345268944164342954283337883428551203260126090875711931039414949888013971937935734182467628150127669980115929442267844057738802
105 -353696464228855516691048960480847815217432304762981336900464109712222732532861269322616966020324888577425137669444886611698071313022337971824803111320093889347298
106 36430735815572118219178042929527324967395527390587077700747803300358941450884710740229547500093463523474789179952823321004901345241300811097954720465969670602782406
107 -3788796524819500294794516464670841796609134848621056080877771543237329910892009916983872940009720206441378074715093625384509739905095284354187290928460845742689359304
108 397823635106047530953424228790438388643959159105210888492166012039919640643661041283306658701020621676344697845084830665373522690035004857189665547488388802982382738050
109 -42169305321241038281062968251786469196259670865152354180169597276231481908228070376030505822308185897692537971578992050529593405143710514862104548033769213116132570221958
110 4512115669372791096073737602941152203999784782571301897278146908556768564180403530235264122986975891053101562958952149406666494350377025090245186639613305803426185013761062
111 -487308492292261438375963661117644438031976756517700604906039866124131004931483581265408525282593396233734968799566832135919981389840718709746480157078237026770027981486182924
112 53116625659856496782980039061823243745485466460429365934758345407530279537531710357929529255802680189477111599152784702815277971492638339362366337121527835917933049981993950706
113 -5842828822584214646127804296800556812003401310647230252823417994828330749128488139372248218138294820842482275906806317309680576864190217329860297083368061950972635498019334565450
114 648553999306847825720186276944861806132377545481842558063399397425944713153262183470319552213350725113515532625655501221374544031925114123614492976253854876557962540280146136777382
115 -72638047922366956480660863017824522286826285093966366503100732511705807873165364548675789847895281212713739654073416136793948931575612781844823213340431746174491804511376367319054128
116 8208099415227466082314677521014171018411370215618199414850382773822756289667686194000364252812166777036652580910296023457716229268044244348465023107468787317717573909785529507053129346
117 -935723333335931133383873237395615496098896204580474733292943636215794217022116226116041524820587012582178394223773746674179650136557043855725012634251441754219803425715550363804056732334
118 107608183333632080339145422300495782051373063526754594328688518164816334957543366003344775354367506446950515335733980867530659765704060043408376452938915801735277393957288291837466524231750
119 -12482549266701321319340868986857510717959275369103532942127868107118694855075030456387993941106630747846259778945141780633556532821670965035371668540914233001292177699045441853146116810869428
120 1460458264204054594362881671462328754001235218185113354228960568532887298043778563397395291109475797498012394136581588334126114340135502909138485219286965261151184790788316696818095666871736882
121 -172334075176078442134820037232554792972145755745843375799017347086880701169165870480892644350918144104765462508116627423426881492135989343278341255875861900815839805313021370224535288690864938034
122 20507754945953334614043584430674020363685344933755361720083064303338803439130738587226224677759259148467090038465878663387798897564182731850122609449227566197084936832249543056719699354212927640326
123 -2460930593514400153685230131680882443642241392050643406409967716400656412695688630467146961331111097816050804615905439606535867707701927822014713133907307943650192419869945166806363922505551316824600
124 297772601815242418595912845933386775680711208438127852175606093684479425936178324286524782321064442835742147358524558192390839992631933266463780289202784261181673282804263365183570034623171709335791362
125 -36328257421459575068701367203873186633046767429451597965423943429506489964213755562956023443169862025960541977739996099471682479101095858508581195282739679864164140502120130552395544224026948538966531158
126 4468375662839527733450268166076401955864752393822546549747145041829298265598291934243590883509893029193146663262019520235016944929434790596555487019776980623292189281760776057944651939555314670292883347686
127 -554078582192101438947833252593473842527229296833995772168645985186832984934188199846205269555226735619950186244490420509142101171249914033972880390452345597288231470938336231185136840504859019116317535097564
128 69259822774012679868479156574184230315903662104249471521080748148354123116773524980775658694403341952493773280561302563642762646406239254246610048806543199661028933867292028898142105063107377389539691887211250
129 -8726737669525597663428373728347213019803861425135433411656174266692619512713464147577732995494821086014215433350724123018988093447186146035072866149624443157289645667278795641165905237951529551082001177788601498
130 1108295684029750903255403463500096053515090400992200043280334131869962678114609946742372090427842277923805360035541963623411487867792640546454254001002304280975784999744407046428069965219844252987414149579152406502
131 -141861847555808115616691643328012294849931571327001605539882768879355222798670073183023627574763811574247086084549371343796670447077457989946144512128294947964900479967284101942792955548140064382389011146131508015744
132 18300178334699246914553221989313586035641172701183207114644877185436823741028439440610047957144531693077874104906868903349770487672992080703052642064550048287472161915779649150620291265710068305328182437850964534047746
133 -2379023183510902098891918858610766184633352451153816924903834034106787086333697127279306234428789120100123633637892957435470163397488970491396843468391506277371381049051354389580637864542308879692663716920625389426189950
134 311652037039928174954841370478010370186969171101150017162402258467989108309714323673589116710171374733116196006563977424046591405071055134372986494359287322335650917425727425035063560255042463239738946916601926014830900742
135 -41138068889270519094039060903097368864679930585351802265437098117774562296882290724913763405742621464771337872866445019974150065469379277737234217255425926548305921100196020104628389953665605147645540992991454233957678880388
136 5471363162272979039507195100111950059002430767851789701303134049664016785485344666413530532963768654814587937091237187656561958707427443939052150894971648230924687506326070673915575863837525484636856952067863413116371291109426
137 -733162663744579191293964143415001307906325722892139819974619962654978249255036185299413091417144999745154783570225783145979302466795277487832988219926200862943908125847693470304687165754228414941338831577093697357593753008644994
138 98976959605518190824685159361025176567353972590438875696573694958422063649429885015420767341314574965595895781980480724707205833017362460857453409690037116497427596989438618491132767376820836017080742262907649143275156656167092550
139 -13460866506350473952157181673099424013160140272299687094734022514345400656322464362097224358418782195321041826349345378560179993290361294676613663717845047843650153190563652114794056363247633698322980947755440283485421305238724568168
140 1844138711370014931445533889214621089802939217305057131978561084465319889916177617607319737103373160758982730209860316862744659080779497370696071929344771554580070987107220339726785721764925816670248389842495318837502718817705265857922
141 -254491142169062060539483676711617710392805611988097884213041429656214144808432511229810123720265496184739616768960723727058762953147570637156057926249578474532049796220796406882296429603559762700494277798264353999575375196843326688374054
142 35374268761499626414988231062914861744599980066345605905612758722213766128372119060943607197116903969678806730885540598061168050487512318564692051748691407959954921674690700556639203714894807015368704613958745205940977152361222409684012966
143 -4952397626609947698098352348808080644243997209288384826785786221109927257972096668532105007596366555755032942323975683728563527068251724599056887244816797114393689034456698077929488520085272982151618645954224328831736801330571137355761795500
144 698288065352002625431867681181939370838403606509662260576795857176499743374065630263026806071087684361459644867680571405727457316623493168467021101519168393129510153858394428988057881332023490483378229079545630365274888987610530367162413185522
145 -99156905279984372811325210727835390659053312124372041001905011719062963559117319497349806462094451179327269571210641139613298938960536029922316996415721911824390441847892008916304219149147335648639708529295479511869034236240695312137062672323818
146 14179437455037765312019505134080460864244623633785201863272416675826003788953776688121022324079506518643799548683121682964701748271356652278891330487448233390887833184248557275031503338328068997755478319689253570197271895782419429635599962142326566
147 -2041838993525438204930808739307586364451225803265069068311228001318944545609343843089427214667448938684707135010369522346917051751075357928160351590192545608287847978531792247604536480719241935676788878035252514108407152992668397867526394548495004624
148 296066654061188539714967267199600022845427741473435014905128060191246959113354857247966946126780096109282534576503580740302972503905926899583250980577919113201737956887109875902657789704290080673134387315111614545719037183936917690791327209531775691650
149 -43225731492933526798385221011141603335432450255121512176148696787922056030549809158203174134509894031955250048169522788084233985570265327339154643164376190527453741705518041881788037296826351778277620548006295723674979428854789982855533772591639250959438
150 6354182529461228439362627488637815690308570187502862289893858427824542236490821946255866597772954422697421757080919849848382395878829003118855732545163300007535700030711152156622841482633473711406810220556925471380221976041654127479763464570970969891059142
151 -940419014360261809025668868318396722165668387750423618904291047318032251000641648045868256470397254559218420047976137777560594590066692461590648416684168401115283604545250519180180539429754109288207912642424969764272852454164810867004992756503703543876730964
152 140122433139679009544824661379441111602684589774813119216739366050386805399095605558834370214089190929323544587148444528856528593919937176777006614085941091766177257077242327357846900375033362283942978983721320494876655015670556819183743920719051828037632935986
153 -21018364970951851431723699206916166740402688466221967882510904907558020809864340833825155532113378639398531688072266679328479289087990576516550992112891163764926588561586349103677035056255004342591446847558198074231498252350583522877561588107857774205644940375250
154 3173773110613729566190278580244341177800805958399517150259146641041261142289515465907598485349120174549178284898912268578600372652286577053999199809046565728503914872799538714655232293494505655731308473981287909208956236104938111954511799804286523905052385996685702
155 -482413512813286894060922344197139859025722505676726606839390289438271693628006350817954969773066266531475099304634664823947256643147559712207878370975077990732595060665529884627595308611164859671158888045155762199761347887950593017085793570251551633567962671496203448
156 73809267460432894791321118662162398430935543368539170846426714284055569125084971675147110375279138779315690193609103718063930266401576635967805390759186932582087044281826072348022082217508223529687309870908831616563486226856440731614126416248487399935898288738919151106
157 -11366627188906665797863452273973009358364073678755032310349713999744557645263085637972654997792987372014616289815801972581845261025842801939042030176914787617641404819401215141595400661496266423571845720119960068950776878935891872668575468102267059590128336465793549246454
158 1761827214280533198668835102465816450546431420207030008104205669960406435015778273885761524657913042662265524921449305750186015459005634300551514677421792080734417747007188346947287102531921295653636086618593810687370416235063240263629197555851394236469892152198000133224550
159 -274845045427763178992338275984667366285243301552296681264256084513823403862461410726178797846634434655313421887746091697029018411604878950886036289677799564594569168533121382123776787994979722121967229512500634467229784932669865481126154818712817500889303175742888020783005308
160 43150672132158819101797109329592776506783198343710578958488205268670274406406441484010071261921606240884207236376136396433555890621965995289107697479414531641347359459700056993432955715211816373148855033462599611355076234429168880536806306537912347639620598591633419262931858162
161 -6817806196881093418083943274075658688071745338306271475441136432449903356212217754473591259383613786059704743347429550636501830718270627255679016201747495999332882794632609004962407003003466986957519095287090738594102045039808683124815396432990150927060054577478080243543233564474
162 1084031185304093853475346980578029731403407508790697164595140692759534633637742622961301010241994591983493054192241298551203791084205029733652963576077851863893928364346584831789022713477551250926245536150647427436462225161329580616845648032845433997402548677819014758723374136776806
163 -173444989648655016556055516892484757024545201406511546335222510841525541382038819673808161638719134717358888670758607768192606573472804757384474172172456298223028538295453573086243634156408200148199285784103588389833956025812732898695303685255269439584407788451042361395739861884263200
164 27924643333433457665524938219690045880951777426448358959970824245485612162508249967483114023833780689494781075992135850679009658329121565938900341719765464013907594665568025266885225099181720223860085011240677730763266920155849996689943893326098379773089653940617820184714117763366401282
165 -4523792220016220141815039991589787432714187943084634151515273527768669170326336494732264471861072471698154534310726007809999564649317693682101855358602005170253030335822020093235406466067438676265333771820989792383649241065247699463770910718827937523240523938380086869923687077665356981278
166 737378131862643883115851518629135351532412634722795366696989585026293074763192848641359108913354812886799189092648339273029929037838784070182602423452126842751243944738989275197371253968992504231249404806821336158534826293635375012594658447168953816288205401955954159797560993659453187975046
167 -120930013625473596830999649055178197651315672094538440138306291944312064261163627177182893861790189313435067011194327640776908362205560587509946797446148802211204006937194241132368885650914770693924902388318699129999711512156201502065523985335708425871265685920776482206800002960150322827880484
168 19953452248203143477114942094104402612467085895598842622820538170811490603091998484235177487195381236716786056847064060728189879763917496939141221578614552364848661144637049786840866132400937164497608894072585356449952399505773247840811457580391890268758838176928119564122000488424803266600307250
169 -3312273073201721817201080387621330833669536258669407875388209336354707440113271748383039462874433285294986485436612634080879520040810304491897442782050015692564877750009750264615583777978555569306603076416049169170692098317958359141574701958345053784613967137370067847644252081078517342255650975778
170 553149603224687543472580424732762249222812555197791115189830959171236142498916381979967590300030358644262743067914309891506879846815320850146872944602352620658334584251628294190802490922418780074202713761480211251505580419099045976642975227043623982030532511940801330556590097540112396156693712982982
171 -92929133341747507303393511355104057869432509273228907351891601140767671939817952172634555170405100252236140835409604061773155814264973902824674654693195240270600210154273553424054818474966355052466055911928675490252937510408639724076019838143328828981129462006054623533507136386738882554324543781112584
172 15705023534755328734273503419012585779934094067175685342469680592789736557829233917175239823798461942627907801184223086439663332610780589577370016643149995605731435516072230528665264322269314003866763449115946157852746439259060113368847352646222572097810879079023231377162706049358871151680847899008055426
173 -2669854000908405884826495581232139582588795991419866508219845700774255214830969765919790770045738530246744326201317924694742766543832700228152902829335499252974344037732279189873094934785783380657349786349710846834966894674040219272704049949857837256627849443433949334117660028391008095785744142831369393350
174 456545034155337406305330744390695868622684114532797172905593614832397641736095829972284221677821288672193279780425365122801013078995391739014146383816370372258612830452219741468299233848368958092406813465800554808779338989260877495632392541425690170883362254827205336134119864854862384379362248424164166292262
175 -78525745874718033884516888035199689403101667699641113739762101751172394378608482755232886128585261651617244122233162801121774249587207379110433178016415704028481406837781795532547468221919460791893971916117695427110046306152870929248771517125218709391938307830279317815068616755036330113250306728956236602239308
176 13584954036326219862021421630089546266736588512037912676978843602952824227499267516655289300245250265729783233146337164594066945178586876586104939796839916796927283382936250627130712002392066716997657141488361308890038010964446670760037472462662836724805327254638321982006870698621285109592303064109428932187430386
177 -2363782002320762255991727363635581050412166401094596805794318786913791415584872547898020338242673546236982282567462666639367648461074116525982259524650145522665347308630907609120743888416219608757592342618974867746866613907813720712246520208503333590116126942307068024869195501560103609069060733155040634200612856714
178 413661850406133394798552288636226683822129120191554441014005787709913497727352695882153559192467870591471899449305966661889338480687970392046895416813775466466435779010408831596130180472838431532578659958320601855701657433867401124643141036488083378270322214903736904352109212773018131587085628302132110985107249955750
179 -72804485671479477484545202799975896352694725153713581618465018636944775600014074475259026417874345224099054303077850132492523572601082789000253593359224482098092697105831954360918911763219563949733844152664425926603491708360662597937192822421902674575576709823057695165971221448051191159327070581175251533378875992180848
180 12886393963851867514764500895595733654426966352207303946468308298739225281202491182120847675963759104665532611644779473451176672350391653653044886024582733331362407387732255921882647382089862819102890415021603389008818032379837279834883129568676773399877077638681212044376906196305060835200891492868019521408061050616041602
181 -2293778125565632417628081159416040590488000010692900102471358877175582100054043430417510886321549120630464804872770746274309447678369714350241989712375726532982508515016341554095111234011995581800314493873845403243569609763611035810609197063224465665178119819685255743899089302942300828665758685730507474810634867009655373294
182 410586284476248202755426527535471265697352001914029118342373239014429195909673774044734448651557292592853200072225963583101391134428178868693316158515255049403869024187925138183024910888147209142256294403418327180598960147686375410099046274317179354066883447723660778157936985226671848331170804745760837991103641194728311851846
183 -73905531205724676495976774956384827825523360344525241301627183022597255263741279328052200757280312666713576013000673444958250404197072196364796908532745908892696424353826524872944483959866497645606132992615298892507812826583547573817828329377092283732039020590258940068428657340800932699610744854236950838398655415051096133299700
184 13376901148236166445771796267105653836419728222359068675594520127090103202737171558377448337067736592675157258353121893537443323159670067542028240444427009509578052808042601002002951596735836073854710071663369099543914121611622110861026927617253703355499062726836868152385586978684968818629544818616888101750156630124248400127278642
185 -2434596008978982293130466920613228998228390536469350498958202663130398782898165223624695597346328059866878621020268184623814684815059952292649139760885715730743205611063753382364537190605922165441557233042733176116992370133315224176706900826340174010700829416284310003734176830120664324990577156988273634518528506682613208823164679538
186 445531069643153759642875446472220906675795468173891141309351087352862977270364235923319294314378034955638787646709077786158087321155971269554792576242085978726006626824666868972710305880883756275804973646820171229409603734396686024337362851220251843958251783180028730683354359912081571473275619728854075116890716722918217214639136389126
187 -81977716814340291774289082150888646828346366143995970000920600072926787817747019409890750153845558431837536926994470312653088067092698713598081834028543820085585219335738703890978696282082611154748115151014911506211367087128990228478074764624526339288318328105125286445737202223823009151082714030109149821507891877016951967493601095565144
188 15165877610652953978243480197914399663244077736639254450170311013491455746283198590829788778461428309889944331493977007840821292412149262015645139295280606715833265577111660219831058812185283063628401302937758628649102911118863192268443831455537372768338890699448177992461382411407256692950302095570192716978959997248136113986316202679586050
189 -2820853235581449439953287316812078337363398459014901327731677848509410768808674937894340712793825665639529645657879723458392760388659762734909995908922192849144987397342768800888576939066462649834882642346423104928733141468108553761930552650729951334911033670097361106597817128521749744888756189776055845358086559488153317201454813698402970518
190 527499555053731045271264728243858649086955511835786548285823757671259813767222213386241713292445399474592043738023508286719446192679375631428169234968450062790112643303097765766163887605428515519123054118781120621673097454536299553481013345686500899628363296308206526933791803033567202294197407488122443081962186624284670316672050161601355522022
191 -99169916350101436510997768909845426028347636225127871077734866442196844988237776116613442098979735101223304222748419557903255884223722618708495816174068611804541176940982379964038810869820560917595134174330850676874542321452824316054430508989062169130132299705942827063552858970310634031309112607767019299408891085365518019534345430381054838104604
192 18743114190169171500578578323960785519357703246549167633691889757575203702776939686039940556707169934131204498099451296443715362118283574935905709256898967631058282441845669813203335254396086013425480358948530777929288498754583795734287366198932749965595004644423194315011490345388709831917422282867966647588280415134082905691991286342019364401806066
193 -3561191696132142585109929881552549248677963616844341850401459053939288703527618540347588705774362287484928854638895746324305918802473879237822084758810803849901073663950677264508633698335256342550841268200220847806564814763370921189514599577797222493463050882440406919852183165623854868064310233744913663041773278875475752081478344404983679236343116250
194 680187613961239233755996607376536906497491050817269293426678679302404142373775141206389442802903196909621411236029087547942430491272510934424018188932863535331105069814579357521149036382033961427210682226242181931053879619803845947197288519359269496251442718546117721691766984634156279800283254645278509640978696265215868647562363781351882734141535240422
195 -130596021880557932881151348616295086047518281756915704337922306426061595335764827111626773018157413806647310957317584809204946654324322099409411492275109798783572173404399236644060614985350520594024450987438498930762344887002338421861879395716979743280277001960854602564819261049758005721654384891893473851067909682921446780331973846019561484955174766123968
196 25205032222947681046062210282944951607171028379084730937219005140229887899802611632543967192504380864682931014762293868176554704284594165186016418009096191165229429467049052672303698692172650474646719040575630293637132563191451315419342723373377090453093461378444938295010117382603295104279296284135440453256106568803839228604070952281775366596348729861963266
197 -4889776251251850122936068794891320611791179505542437801820486997204598252561706656713529635345849887748488616863885010426251612631211268046087185093764661086054509316607516218426917546281494192081463493871672276965603717259141555191352488334435155547900131507418318029231962772225039250230183479122275447931684674347944810349189764742664421119691653593220835774
198 953506368994110773972533415003807519299280003580775371354994964454896659249532798059138278892440728110955280288457577033119064463086197268987001093284108911780629316738465662593248921524891367455885381304976094008292724865532603262313735225214855331840525643946572015700232740583882653794885778428843712346678511497849238018092004124819562118339872450678063014150
199 -186887248322845711698616549340746273782658880701831972785579013033159745212908428419591102662918382709747234936537685098491336634764894664721452214283685346709003346080739269868276788618878708021353534735775314425625374073644390239413492104142111645040743026213528115077245617154441000143797612572053367619948988253578450651546032808464634175194615000332900350734788
200 36816787919600605204627460220127015935183799498260898638759065567532469806942960398659447224594921393820205282497923964402793317048684248950126086213886013301673659177905636164050527357919105480206646342947736941848198692507944877164457944515995994073026376164065038670217386579424877028328129676694513421129950685954954778354568463267532932513339155065581369094792242
201 -7289724008080919830516237123585149155166392300655657930474294982371429021774706158934570550469794435976400645934588944951753076775639481292124965070349430633731384517225315960482004416867982885080915975903651914485943341116573085678562673014167206826459222480484877656703042542726125651608969675985513657383730235819081046114204555726971520637641152702985111080768824514
202 1450655077608103046272731187593444681878112067830475928164384701491914375333166525627979539543489092759303728540983200045398862278352256777132868048999536696112545518927837876135918878956728594131102279204826730982702724882198044050033971929819274158465385273616490653683905466002499004670184965521117217819362316927997128176726706589667332606890589387894037105072996118086
203 -290131015521620609254546237518688936375622413566095185632876940298382875066633305125595907908697818551860745708196640009079772455670451355426573609799907339222509103785567575227183775791345718826220455840965346196540544976439608810006794385963854831693077054723298130736781093200499800934036993104223443563872463385599425635345341317933466521378117877578807421014599223577000
204 58316334119845742460163793741256476211500105126785132312208264999974957888393294330244777489648261528924009887347524641825034263589760722440741295569781375183724329860899082620663938934060489484070311624034034585504649540264361370811365671578734821170308487999382924278092999733300459987741435613948912156338365140505484552704413604904626770797001693393340291623934443939017602
205 -11779899492208839976953086335733808194723021235610596727066069529994941493455445454709445052908948828842649997244199977648656921245131665933029741705095837787112314631901614689374115664680218875782202948054874986271939207133400996903895865658904433876402314575875350704174785946126692917523769994017680255580349758382107879646291548190734607700994342065454738908034757675681514598
206 2391319596918394515321476526153963063528773310828951135594412114588973123171455427306017345740516612255057949440572595462677355012761728184405037566134455070783799870276027781942945479930084431783787198455139622213203659048080402371490860728757600076909669858902696192947481547063718662257325308785589091882811000951567899568197184282719125363301851439287311998331055808163347504806
207 -487829197771352481125581211335408464959869755409106031661260071376150517126976907170427538531065388900031821685876809474386180422603392549618627663491428834439895173536309667516360877905737224083892588484848482931493546445808402083784135588666550415689572651216150023361286235600998607100494362992260174744093444194119851511912225593674701574113577693614611647659535384865322890938604
208 100004985543127258630744148323758735316773299858866736490558314632110856011030265969937645398868404724506523445604745942249166986633695472671818671015742911060178510574943481840853979970676130937197980639393939000956177021390722427175747795676642835216362393499310754789063678298204714455601344413413335822539156059794569559942006246703313822693283427190995387770204753897391192642456050
209 -20601027021884215277933294554694299475255299770926547717055012814214836338272234789807154952166891373248343829794577664103328399246541267370394646229243039678396773178438357259215919873959282973062784011715151434196972466406488819998204045909388424054570653060858015486547117729430171177853876949163147179443066148317681329348053286820882647474816386001345049880662179302862585684345903658
210 4264412593530032562532191972821719991377847052581795377430387652542471122022352601490081075098546514262407172767477576469388978644034042345671691769453309213428132047936739952657695413909571575423996290425036346878773300546143185739628237503243403779296125183597609205715253369992045433815752528476771466144714692701760035175047030371922708027286991902278425325297071115692555236659602100262
211 -886997819454246773006695930346917758206592186937013438505520631728833993380649341109936863620497674966580691935635335905632907557959080807899711888046288316393051465970841910152800646093190887688191228408407560150784846513597782633842673400674627986093594038188302714788772700958345450233676525923168464958100656081966087316409782317359923269675694315673912467661790792064051489225197236811024
212 185382544265937575558399449442505811465177767069835808647653812031326304616555712291976804496684014068015364614547785204277277679613447888851039784601674258126147756387905959221935335033476895526831966737357180071514032921341936570473118740740997249093561153981355267390853494500294199098838393917942209176243037121130912249129644504328223963362220111975847705741314275541386761248066222493547906
213 -38930334295846890867263884382926220407687331084665519816007300526578523969476699581315128944303642954283226569055034892898228312718824056658718354766351594206491028841460251436606420357030148060634713014845007815017946913481806679799354935555609422309647842336084606152079233845061781810756062722767863927011037795437491572317225345908927032306066223514928018205675997863691219862093906723645015950
214 8214300536423693972992679604797432506022026858864424681177540411108068557559583611657492207248068663353760806070612362401526173983671875954989572855700186377569607085548113053123954695333361240793924446132296648968786798744661209437663891402233588107335694732913851898088718341308035962069529234504019288599328974837310721758934547986783603816579973161649811841397635549238847390901814318689098410182
215 -1741431713721823122274448076217055691276669694079258032409638567154910534202631725671388347936590556630997290886969820829123548884538437702457789445408439512044756702136199967262278395410672583048311982580046889581382801333868176400784744977273520678755167283377736602394808288357303623958740197714852089183057742665509873012894124173198124009114954310269760110376298736438635646871184635562088862913428
216 370924955022748325044457440234232862241930644838881960903253014803995943785160557568005718110493788562402422958924571836603315912406687230623509151871997616065533177555010593026865298222473260189290452289549987480834536684113921573367150680159259904574850631359457896310094165420105671903211662113263494995991299187753602951746448448891200413941485268087458903510151630861429392783562327374724927800605746
217 -79377940374868141559513892210125832519773157995520739633296145168055131970024359319553223675645670752354118513209858373033109605255031067353430958500607489838024099996772266907749173819609277680508156789963697320898590850400379216700570245554081619579018035110923989810360151399902613787287295692238387929142138026179271031673739968062716888583477847370716205351172449004345890055682338058191134549329583634
218 17066257180596650435295486825177053991751228969036959021158671211131853373555237253703943090263819211756135480340119550202118565129831679480987656077630610315175181499306037385166072371215994701309253709842194923993197032836081531590622602794127548209488877548848657809227432550979061964266768573831253404765559675628543271809854093133484131045447737184703984150502076535934366361971702682511093928105860527750
219 -3686311551008876494023825154238243662218265457311983148570272981604480328687931246800051707496984949739325263753465822843657610068043642767893333712768211828077839203850104075195871632182654855482798801325914103582530559092593610823574482203531550413249597550551310086793125431011477384281622011947550735429360889935765346710928484116832572305816711231896060576508448531761823134185887779422396288470865873947128
220 799929606568926199203170058469698874701363604236700343239749237008172231325281080555611220526845734093433582234502083557073701384765470480632853415670701966692891107235472584317504144183636103639767339887723360477409131323092813548715662638166346439675162668469634288834108218529490592389111976592618509588171313116061080236271481053352668190362226337321445145102333331392315620118337648134659994598177894646574082
221 -174384654232025911426291072746394354684897265723600674826265333667781546428911275561123246074852370032368520927121454215442066901878872564777962044616213028739050261377333023381215903432032670593469280095523692584075190628434233353620014455120263523849185461726380274965835591639428949140826410897190835090221346259301315491507182869630881665498965341536075041632308666243524805185797607293355878822402781032953102134
222 38190239276813674602357744931460363675992501193468547786952108073244158667931569347885990890392669037088706083039598473181812651511473091686373687770950653293852007241635932120486282851615154859969772340919688675912466747627097104442783165671337711722971616118077280217517994569034939861840983986484792884758474830786988092640073048449163084744273409796400434117475597907331932335689675997244937462106209046216729415526
223 -8401852640899008412518703884921280008718350262563080513129463776113714906944945256534917995886387188159515338268711664099998783332524080171002211309609143724647441593159905066506982227355334069193349915002331508700742684477961362977412296447694296579053755545977001647853958805187686769605016477026654434646864462773137380380816070658815878643740150155208095505844631539613025113851728719393886241663365990167680471367100
224 1856809433638680859166633558567602881926755408026440793401611494521130994434832901694216877090891568583252889757385277766099731116487821717791488699423620763147084592088339019698043072245528829291730331215515263422864133269629461218008117514940439543970879975660917364175724895946478776082708641422890630056957046272863361064160351615598309180266573184300989106791663570254478550161232046986048859407603883827057384172178162
225 -412211694267787150734992650002007839787739700581869856135157751783691080764532904176116146714177928225482141526139531664074140307860296421349710491272043809418652779443611262372965562038507400102764133529844388479875837585857740390397802088316777578761535354596723654847010926900118288290361318395881719872644464272575666156243598058662824638019179246914819581707749312596494238135793514430902846788488062209606739286223502458
226 91923207821716534613903360950447748272665953229756977918140178647763111010490837631273900717261677994282517560329115561088533288652846101960985439553665769500359569815925311509171320334587150222916401777155298631012311781646276107058709865694641400063822384075069375030883436698726378288750574002281623531599715532784373552842322367081809894278276972062004766720828096709018215104281953718091334833832837872742302860827841098086
227 -20590798552064503753514352852900295613077173523465563053663400017098936866349947629405353760666615870719283933513721885683831456658237526839260738460021132368080543638767269778054375754947521649933273998082786893346757839088765847981151009915599673614296214032815540006917889820514708736680128576511083671078336279343699675836680210226325416318334041741889067745465493662820080183359157632852459002778555683494275840825436405920864
228 4632929674214513344540729391902566512942364042779751687074265003847260794928738216616204596149988570911838885040587424278862077748103443538833666153504754782818122318722635700062234544863192371234986649568627051003020513794972315795758977231009926563216648157383496501556525209615809465753028929714993825992625662852332427063253047300923218671625159391925040242729736074134518041255810467391803275625175028786212064185723191332245250
229 -1047042106372480015866204842569980031924974273668223881278783890869480939653894836955262238729897417026075588019172757887022829571071378239776408550692074580916895644031315668214065007139081475899106982802509713526682636117663743369841528854208243403286962483568670209351774697373172939260184538115588604674333399804627128516295188690008647419787286022575059094856920352754401077323813165630547540291289556505683926505973441241087375198
230 237678558146552963601628499263385467246969160122686821050283943227372173301434127988844528191686713664919158480352216040354182312633202860429244741007100929868135311195108656684592756620571495029097285096169704970556958398709669744954027049905271252546140483770088137522852856303710257212061890152238613261073681755650358173199007832631962964291713927124538414532520920075249044552505588598134291646122729326790251316855971161726834221702
231 -54190711257414075701171297832051886532308968507972595199464739055840855512726981181456552427704570715601568133520305257200753567280370252177867800949619012009934850952484773724087148509490300866634181001926692733286986514905804701849518167378401845580520030299580095355210451237245938644350110954710403823524799440288281663489373785840087555858510775384394758513414769777156782157971274200374618495315982286508177300243161424873718202495844
232 12409672877947823335568227203539882015898753788325724300677425243787555912414478690553550505944346693872759102576149903898972566907204787748731726417462753750275080868119013182815957008673278898459227449441212635922719911913429276723539660329654022637939086938603841836343193333329319949556175408628682475587179071826016500939066596957380050291598967563026399699571982278968903114175421791885787635427359943610372601755683966296081468371600946
233 -2854224761927999367180692256814172863656713371314916589155807806071137859855330098827316616367199739590734593592514477896763690388657101182208297076016433362563268599667373032047670111994854146645622313371478906262225579740088733646414121875820425206725989995878883622358934466665743588397920343984596969385051186519983795215985317300197411567067762539496071930901555924162847716260347012133731156148292787030385698403807312248098737725468164450
234 659325920005367853818739911324073931504700788773745732094991603202432845626581252829110138380823139845459691119870844394152412479779790373090116624559796106752115046523163170403011795870811307875138754388811627346574108919960497472321662153314518222753703689048022116764913861799786768919919599460441899927946824086116256694892608296345602071992653146623592616038259418481617822456140159802891897070255633804019096331279489129310808414583146041542
235 -152963613441245342085947659427185152109090582995509009846038051942964420185366850656353552104350968444146648339810035899443359695308911366556907056897872696766490690793373855533498736642028223427032191018204297544405193269430835413578625619568968227678859255859141131089460015937550530389421347074822520783283663187978971553215085124752179680702295530016673486920876185087735334809824517074270920120299307042532430348856841478000107552183289881583688
236 35640521931810164706025804646534140441418105837953599294126866102710709903190476202930377640313775647486169063175738364570302809006976348407759344257204338346592330954856108339305205637592576058498500507241601327846410031777384651363819769359569597049174206615179883543844183713449273580735173868433647342505093522799100371899114834067257865603634858493884922452564151125442333010689112478305124388029738540910056271283644064374025059658706542409053826
237 -8339882132043578541210038287288988863291836766081142234825686668034306117346571431485708367833423501511763560783122777309450857307632465527415686556185815173102605443436329351397418119196662797688649118694534710716059947435908008419133826030139285709506764347952092749259538988947130017892030685213473478146191884334989487024392871171738340551250556887569071853900011363353505924501252319923399106798958818572953167480372711063521863960137330923718540294
238 1959872301030240957184358997512912382873581640029068425184036366988061937576444286399141466440854522855264436784033852667720951467293629398942686340703666565679112279207537397578393258011215757456832542893215657018274087647438381978496449117082732141734089621768741796075991662402575554204627211025166267364355092818722529450732324725358510029543880868578731885666502670388073892257794295181998790097755322364643994357887587099927638030632272767073857024550
239 -462529863043136865895508723413047322358165267046860148343432582609182617268040851590197386080041667393842407081031989229582144546281296538150473976406065309500270497892978825828500808890646918759812480122798895056312684684795458146925161991631524785449245150737423063873934032327007830792292021801939239097987801905218516950372828635184608366972355884984580725017294630211585438572839453662951714463070256078055982668461470555582922575229216373029430257737868
240 109619577541223437217235567448892215398885168290105855157393522078376280292525681826876780500969875172340650478204581447410968257468667279541662332408237478351564108000635981721354691707083319746075557789103338128346106270296523580821263392016671374151471100724769266138122365661500855897773209167059599666223109051536788517238360386538752182972448344741345631829098827360145748941762950518119556327747650690499267892425368521673152650329324280407974971083931122
241 -26089459454811178057702065052836347264934670053045193527459658254653554709621112274796673759230830291017074813812690384483810445277542812530915635113160519847672257704151363649682416626285830099565982753806594474546373292330572612235460687299967787048050121972495085340873123027437203703670023781760184720561099954265755667102729771996223019547442706048440260375325520911714688248139582223312454406003940864338825758397237708158210330778379178737098043117975550154
242 6235380809699871555790793547627886996319386142677801253062858322862199575599445833676405028456168439553080880501233001891630696421332732194888836792045364243593669591292175912274097573682313393796269878159776079416583216867006854324275104264692301104483979151426325396468676403557491685177135683840684148214102889069515604437552415507097301671838806745577222229702799497899810491305360151371676603034941866576979356256939812249812269056032623718166432305196156544166
243 -1496491394327969173389790451430692879116652674242672300735085997486927898143867000082337206829480425492739411320295920453991367141119855726773320830090887418462480701910122218945783417683755214511104770758346259059979972048081645037826025023526152265076154996342318095152482336853798004442512564121764195571384693376683745065012579721703352401241313618938533335128671879495954517913286436329202384728386047978475045501665554939954944573447829692359943753247077570542000
244 360654426033040570786939498794796983867113294492484024477155725394349623452671947019843266845904782543750198128191316829411919481009885230152370320051903867849457849160339454765933803661785006697176249752761448433455173263587676454116072030669802695883353354118498660931748243181765319070645527953345171132703711103780782560668031712930507928699156582164186533766009922958525038817102031155337774719541037562812485965901398740529141642200926955858746444532545694500680322
245 -87278371099995818130439358708340870095841417267181133923471685545432608875546611178802070576708957375587547947022298672717684514404392225696873617452560736019568799496802148053355980486151971620716652440168270520896151929788217701896089431422092252403771511696676675945483074849987207215096217764709531414114298087114949379681663674529182918745195892883733141171374401355963059393738691539591741482128931090200621603748138495208052277412624323317816639576876058069164579118
246 21208644177298983805696764166126831433289464395925015543403619587540123956757826516448903150140276642267774151126418577470397337000267310844340289040972258852755218277722921976965503258134929103834146542960889736577764918938536901560749731835568417334116477342292432254752387188546891353268380916824416133629774435168932699262644272910591449255082601970747153304643979529499023432678502044120793180157330254918751049710797654335556703411267710566229443417180882110806992784966
247 -5174909179260952048590010456534946869722629312605703792590483179359790245448909670013532368634227500713336892874846132902776950228065223846019030525997231160072273259764392962379582794984922701335531756482457095724974640221003003980822934567878693829524420471519353470159582474005441490197484943705157536605664962181219578620085202590184313618240154880862305406333131005197761717573554498765473535958388582200175256129434627657875835632349321378159984193792135235036906239471924
248 1267852748918933251904552561851061983082044181588397429184668378943148610134982869153315430315385737674767538754337302561180352805875979842274662478869321634217706948642276275782997784771306061827205280338201988452618786854145735975301618969130279988233483015522241600189097706131333165098383811207763596468387915734398796761920874634595156836468837945811264824551617096273451620805520852197541016309805202639042937751711483776179579729925583737649196127479073132584042028670681650
249 -311891776234057579968519930215361247838182868670745767579428421220014558093205785811715595857584891467992814533566976430050366790245491041199566969801853122017555909365999963842617455053741291209492498963197689159344221566119851049924198266406048877105436821818471433646518035708307958614202417557109844731223427270662104003432535160110408581771334134669571146839697805683269098718158129640595090012212079849204562686921025008940176613561693599461702247359851990615674339052987625138
250 77037268729812222252224422763194228216031168561674204592118820041343595849021829095493752176823468192594225189791043178222440597190636287176293041541057721138336309613401991069126511398274098928744647243909829222358022726831603209331276971802294072645042894989162444110689954819952065777707997136606131648612186535853539688847836184547270919697519531263384073269405358003767467383385058021226987233016383722753526983669493177208223623549738319067040455097883441682071561746087943470342
251 -19105242644993431118551656845272168597575729803295202738845467370253211770557413615682450539852220111763367847068178708199165268103277799219720674302182314842307404784123693785143374826771976534328672516489637647144789636254237595914156689006968930015970637957312286139451108795348112312871583289878320648855822260891677842834263373767723188084984843753319250170812528784934331911079494389264292833788063163242874691950034307947639458640335103128626032864275093537153747313029809980583064
252 4757205418603364348519362554472769980796356721020505481972521375193049730868795990304930184423202807829078593919976498341592151757716172005710447901243396395734543791246799752500700331866222157047839456605919774139052619427305161382625015562735263573976688851370759248723326090041679965905024239179701841565099742962027782865731580068163073833161226094576493292532319667448648645858794102926808915613227727647475798295558542678962225201443440679027882183204498290751283080944422685165245186
253 -1189301354650841087129840638618192495199089180255126370493130343798262432717198997576232546105800701957269648479994124585398037939429043001427611975310849098933635947811699938125175082966555539261959864151479943534763154856826290345656253890683815893494172212842689812180831522510419991476256059794925460391274935740506945716432895017040768458290306523644123323133079916862162161464698525731702228903306931911868949573889635669740556300360860169756970545801124572687820770236105671291311233750
254 298514640017361112869590000293166316294971384244036718993775716293363870612016948391634369072555976191274681768478525270934907522796689793358330605803023123832342622900736684469418945824605440354751925902021465827225551869063398876759719726561637789267037225423515142857388712150115417860540271008526290558210008870867243374824656649277232883030866937434674954106403059132402702527639329958657259454730039909879106343046298553104879631390575902608999606996082267744643013329262523494119119734502
255 -75225689284375000443136680073877911706332788829497253186431480505927695394228270994691861006284106000201219805656588368275596695744765827926299312662361827205750340970985644486293574347800570969397485327309409388460839071003976516943449371093532722895293380806725816000061955461829085300856148294148625220668922235458545330455813475617862686523778468233538088434813570901365481036965111149581629382591970057289534798447667235382429667110425127457467900963012731471650039358974155920518018173030748
256 19032099388946875112113580058691111661702195573862805056167164567999706934739752561657040834589878818050908610831116857173725964023425754465353726103577542283054836265659368055032274309993544455257563787809280575280592284964006058786692690886663778892509225344101631448015674731842758581116605518419602180829237325571011968605320809331319259690515952463085136374007833438045466702352173120844152233795768424494252304007259810551754705778937557246739378943642221062327459957820461447891058597776843506
257 -4834153244792506278476849334907542362072357675761152484266459800271925561423897150660888371985829219784930787151103681722126394861950141634199846430308695739895928411477479485978197674738360291635421202103557266121270440380857538931819943485212599838697343237401814387795981381888060679603617801678578953930626280695037040025751485570155091961391051925623624638997989693263548542397451972694414667384125179821540085217843991880145695267850139540671802251685124149831174829286397207764328883835318185754
258 1232709077422089101011596580401423302328451207319093883487947249069341018163093773418526534856386451045157350723531438839142230689797286116720960839728717413673461744926757268924440407058281874367032406536407102860923962297118672427614085588729212958867822525537462668887975252381455473298922539428037633252309701577234445206566628820389548450154718241034024282944487371782204878311350253037075740182951920854492721730550217929437152293301785582871309574179706658206949581468031287979903865378006137432550
259 -315573523820054809858968724582764365396083509073688034172914495761751300649752005995142792923234931467560281785224048342820411056588105245880565974970551657900406206701249860844656744206920159837960296073320218332396534348062380141469205910714678517470162566537590443235321664609652601164524170093577634112591283603772017972881056978019724403239607869704710216433788767176244448847705664777491389486835691738750136763020855789935910987085257109215055250990004904500979092855816009722855389536769571182667008
260 81102395621754086133754962217770441906793461831937824782439025410770084266986265540751697781271377387162992418802580424104845641543143048191305455567431776080404395122221214237076783261178481078355796090843296111425909327452031696357585919053672378989831779600160743911477667804680718499282711714049451966935959886169408619030431643351069171632579222514110525623483713164294823353860355847815287098116772776858785148096359938013529123680911077068269199504431260456751626863944714498773835110949779793945487362
261 -20924418070412554222508780252184774011952713152639958793869268555978681740882456509513938027568015365888052044051065749419050175518130906433356807536397398228744333941533073273165810081384048118215795391437570396747884606482624177660257167115847473779376599136841471929161238293607625372814939622224758607469477650631707423709851363984575846281205439408640515610858797996388064425295971808736344071314127376429566568208860864007490513909675057883613453472143265197841919730897736340683649458625043186837935672574
262 5419424280236851543629774085315856469095752706533749327612140555998478570888556235964109949140115979765005479409226029099533995459195904766239413151926926141244782490857065977749944811078468462617891006382330732757702113078999662014006606283004495708858539176441941229652760718044374971559069362156212479334594711513612222740851503272005144186832208806837893543212428681064508686151656698462713114470358990495257741166094963777940043102605839991855884449285105686241057210302513712237065209783886185391025339264006
263 -1409050312861581401343741262182122681964895703698774825179156544559604428431024621350668586776430154738901424646398767565878838819390935239222247419501000796723643447622837154214985650880401800280651661659405990517002549400539912123641717633581168884303220185874904719709717786691537492605358034160615244626994624993539177912621390850721337488576374289777852321235231457076772258399430741600305409762293337528767012703184690582264411206677518397882529956814127478422674874678653565181636954543810408201666588208573700
264 367762131656872745750716469429534019992837778665380229371759858130056755820497426172524501148648270386853271832710078334694376931861034097437006576489761207944870939829560497250111254879784869873250083693104963524937665393540917064270488302364685078803140468513350131844236342326491285569998446915920578847645597123313725435194183012038269084518433689632019455842395410297037559442251423557679711947958561095008190315531204241971011324942832301847340318728487271868318142291128580512407245135934516540634979522437804082
265 -96353678494100659386687714990537913238123498010329620095401082830074870024970325657201419300945846841355557220170040523689926756147590933528495723040317436481556186235344850279529148778503635906791521927593500443533668333107720270838867935219547490646422802750497734543189921689540716819339593091971191658083146446308196064020875949154026500143829626683589097430707597497823840573869872972112084530365143006892145862669175511396404967135022063084003163506863665229499353280275688094250698225614843333646364634878704600578
266 25341017443948473418698869042511471181626479976716690085090484784309690816567195647843973276148757719276511548904720657730450736866816415517994375159603485794649276979895695623516166128746456243486170266957090616649354771607330431230622266962740990040009197123380904184858949404349208523486312983188423406075867515379055564837490374627508969537827191817783932624276098141927670070927776591665478231486032610812634361881993159497254506356510802591092832002305143955358329912712505968787933633336703796748993898973099310021446
267 -6690028605202396982536501427223028391949390713853206182463887983057758375573739651030808944903272037888999048910846253640838994532839533696750515042135320249787409122692463644608267857989064448280348950476671922795429659704335233844884278478163621370562428040572558704802762642748191050200386627561743779204029024060070669117097458901662367957986378639894958212808889909468904898724933020199686253112312609254535471536846194107275189678118851884048507648608558004214599096956101575760014479200889802341734389328898217845591784
268 1772857580378635200372172878214102523866588539171099638352930315510305969527041007523164370399367090040584747961374257214822333551202476429638886486165859866193663417513502865821190982367102078794292471876318059540788859821648836968894333796713359663199043430751728056772732100328270628303102456303862101489067691375918727316030826608940527508866390339572163926394355826009259798162107250352916857074762841452451899957264241438427925264701495749272854526881267871116868760693366917576403836988235797620559613172158027729081893250
269 -471580116380716963298997985604951271348512551419512503801879463925741387894192908001161722526231645950795542957725552419142740724619858730283943805320118724407514469058591762308436801309649152959281797519100603837849836712558590633725892789925753670410945552579959663101546738687319987128625253376827318996092005905994381466064199877978180317358459830326195604420898649718463106311120528593875883981886915826352205388632288222621828120410597869306579304150417253717087090344435600075323420638870722167068857103794035375935783533478
270 125911891073651429200832462156521989450052851229009838515101816868172950567749506436310179914503849468862409969712722495911111773473502280985812996020471699416806363238644000536352625949676323840128239937599861224705906402253143699204813374910176229999722462538849230048112979229514436563342942651612894171956565576900499851439141367420174144734708774697094226380379939474829649385069181134564861023163806525636038838764820955440028108149629631104856674208161406742462253121964305220111353310578482818607384846713007445374854203510182
271 -33744386807738583025823099857947893172614164129374636722047286920670350752156867724931128217087031657655125871883009628904177955290898611304197882933486415443704105347956592143742503754513254789154368303276762808221182915803842511386889984475927229639925619960411593652894278433509868998975908630632255638084359574609333960185689886468606670788901951618821252669941823779254346035198540544063382754207900148870458408788972016057927532984100741136101588687787257006979883836686433798989842687235033395386779138919085995360460926540656684
272 9077240051281678833946413861787983263433210150801777278230720181660324352330197418006473490396411515909228859536529590175223869973251726440829230509107845754356404338600323286666733509964065538282525073581449195411498204351233635563073405824024424773139991769350718692628560898614154760724519421640076766644692725569910835289950579460055194442214624985462916968214350596619419083468407406353049960881925140046153311964233472319582506372723099365611327357014772134877588752068650691928267682866223983359043588369234132751963989239436720626
273 -2450854813846053285165531742682755481126966740716479865122294449048287575129153302861747842407031109295491792074862989347310444892777966139023892237459118353676229171422087287400018047690297695336281769866991282761104515174833081602029819572486594688747797777724694047009711442625821785395620243842820726994067035903875925528286656454214902499397948746074987581417874661087243152536469999715323489438119787812461394230343037526287276720635236828715058386393988476416948963058535686820632274373880475506941768859693215843030277094647914495850
274 664181654552280440279859102267026735385407986734166043448141795692085932860000545075533665292305430619078275652287870113121130565942828823675474796351421073846258105455385654885404890924070675436132359633954637628259323612379765114150081104143867160650653197763392086739631800951597703842213086081404417015392166729950375818165683899092238577336844110186321634564244033154642894337383369922852665637730462497177037836422963169623851991292149180581780822712770877108993168988863171128391346355321608862381219360976861493461205092649584828449062
275 -180657410038220279756121675816631272024830972391693163817894568428247373737920148260545156959507077128389290977422300670768947513936449440039729144607586532086182204683864898128830130331347223718628001820435661434886536022567296111048822060327131867696977669791642647593179849858834575445081959414142001428186669350546502222541066020553088893035621597970679484601474377018062867259768276619015925053462685799232154291507045982137687741631464577118244383777873678573646141964970782546922446208647477610567691666185706326221447785200687073338070608
276 49319472940434136373421217497940337262778855462932233722285217180911533030452200475128827849945432056050276436836288083119922671304650697130846056477871123259527741878695117189170625580457792075185444496978935571724024334160871838316328422469306999881274903853118442792938099011461839096507374920060766389894960732699195106753711023610993267798724696245995499296202504925931162761916739516991347539595313223190378121581423553123588753465389829553280716771359514250605396756437023635309827814960761387684979824868697827058455245359787571021293350786
277 -13513535585678953366317413594435652410001406396843432039906149507569760050343902930185298830885048383357775743693142934774858811937474291013851819474936687773110601274762462109832751409045435028600811792172228346652382667560078883698673987756590117967469323655754453325265039129140543912443020728096649990831219240759579459250516820469412155376850566771402766807159486349705138596765186627655629225849115823154163605313310053555863318449516813297598916395352506904665878711263744476074892821299248620225684472014023204614016737228581794459834378040014
278 3716222286061712175737288738469804412750386759131943810974191114581684013844573305800957178493388305423388329515614307063086173282805430028809250355607589137605415350559677080204006637487494632865223242847362795329405233579021693017135346633062282441054064005332474664447885760513649575921830700226578747478585291208884351293892125629088342728633905862135760871968858746168913114110426322605298037108506851367394991461160264727862412573617123656839702008721939398783116645597529730920595525857293370562063229803856381268854602737859993476454453961079750
279 -1025677350953032560503491691817666017919106745520416491828876747624544787821102232401064181264175172296855178946309548749411783826054298687951353098147694601979094636754470874136305831946548518670801615025872131510915844467809987272729355670725189953730921665471763007387616469901767282954425273262535734304089540373652080957114226673628382593102958017949470000663405013942620019494477665039062258241947890977401017643280233064890025870318326129287757754407255274064140194184918205734084365136612970275129451425864361230203870355649358199501429293257934548
280 284112626213990019259467198633493486963592568509155368236598859091998906226445318375094778210176522726228884568127745003587064119817040736562524808186911404748209214380988432135756715449193939671812047362166580428523688917583366474546031520790877617183465301335678353046369762162789537378375800693722398402232802683501626425120640788595061978289519370972003190183763188862105745399970313215820245533019565800740081887188624558974537166078176337812708897970809710915766833789222342988341369142841792766210858044964428060766472088514872221261895914232447946802
281 -78983310087489225354131881220111189375878734045545192369774482827575695930951798508276348342429073317891629909939513110997203825309137324764381896675961370520002161597914784133740366894875915228763749166682309359129585519088175879923796762779863977577003353771318582146890793881255491391188472592854826755820719146013452146183538139229427229964486385130216886871086166503665397221191747073998028258179439292605742764638437627394921332169733021911933073635885099634583179793403811350758900621710018389006618536500111000893079240607134477510807064156620529133394
282 22036343514409493873802794860411021835870166798707108671167080708893619164735551783809101187537711455691764744873124157968219867261249313609262549172593222375080603085818224773313562363670380348825086017504364311197154359825601070498739296815582049743983935702197884418982531492870282098141583853406496664873980641737753148785207140845010197160091701451330511437033040454522645824712497433645449884032063562637002231334124098043183051675355513113429327544411942798048707162359663366861733273457095130532846571683530969249169108129390519225515170899697127628295046
283 -6170176184034658284664782560915086114043646703637990427926782598490213366125954499466548332510559207593694128564474764231101562833149807810593513768326102265022568864029102936527797461827706497671024084901222007135203220751168299739647003108362973928315501996615407637315108818003678987479643478953819066164714579686570881659857999436602855204825676406372543202369251327266340830919499281420725967528977797538360624773554747452091254469099543671760211712435343983453638005460705742721285316567986636549197040071388671389767350276229345383144247851915195735922534200
284 1733819507713738977990803899617139198046264723722275310247425910175749955881393214350100081435467137333828050126617408748939539156115095994776777368899634736471341850792177925164311086773585525845557767857243384004992105031078292226840807873449995673856656061048929546085545577859033795481779817586023157592284796891926417746420097841685402312556015070190684639865759622961841773488379298079223996875642761108279335561368884034037642505816971771764619491194331659350472279534458313704681173955604244870324368260060216660524625427620446052663533646388170001794232189442
285 -488937101175274391793406699692033253849046652089681637489774106669561487558552886446728222964801732728139510135706109267200950042024457070527051218029696995684918401923394174896335726470151118288447290535742634289407773618764078407969107820312898780027577009215798131996123852956247530325861908559258530441024312723523249804490467591355283452140796249793773068442144213675239380123722962058341167118931258632534772628306025297598615186640386039637622696516801527936833182828717244464720091055480397053431471849336981098267944370588965786851116488281463940505973477342838
286 138369199632602652877534096012845410839280202541379903409606072187485900979070466864424087099038890362063481368404828922617868861892921350959155494702404249778831907744320551495663010591052766475630583221615165503902399934110234189455257513148550354747804293608070871354903050386618051082218920122270164114809880500757079694670802328353545216955845338691637778369126812470092744575013598262510550294657546193007340653810605159220408097819229249217447223114254832406123790740526980183515785768700952366121106533362365650809828256876677317678865966183654295163190494088103526
287 -39296852695659153417219683267648096678355577521751892568328124501245995878056012589496440736127044862826028708626971414023474756777589663672400160495482806937188261799387036624768295007858985679079085634938707003108281581287306509805293133734188300748376419384692127464792466309799526507350173314724726608606006062215010633286507861252406841615460076188425129056832014741506339459303861906552996283682743118814084745682211865218595899780661106777755011364448372403339156570309662372118483158311070471978394255474911844829991224952976358220797934396157819826346100321021320444
288 11199603018262858723907609731279707553331339593699289381973515482855108825245963588006485609796207785905418181958686852996690305681613054146634045741212599977098654612825305438058964077239810918537539405957531495885860250666882355294508543114243665713287279524637256327465852898292865054594799394696547083452711727731278030486654740456935949860406121713701161781197124201329306745901600643367603940849581788862014152519430381587299831437488415431660178238867786134951659622538253776053767700118655084513842362810349875776547499111598262092927411302904978650508638591491076408050
289 -3203086463223177595037576383145996360252763123797996763244425428096561124020345586169854884401715426768949600040184439957053427424941333485937337081986803593450215219268037355284863726090585922701736270103854007823356031690728353614229443330673688394000161944046255309655233928911759405614112626883212465867475554131145516719183255770683681660076150810118532269422377521580181729327857784003134727082980391614536047620557089133967751791121686813454810976316186834596174652045940579951377562233935354170958915763760064472092584745917102958577239632630823894045470637166447852620218
290 919285814945051969775784421962900955392543016530025071051150097863713042593839183230748351823292327482688535211532934267674333670958162710464015742530212631320211767929926720966755889387998159815398309519806100245303181095239037487283850235903348569078046477941275273871052137597674949411250323915481977703965484035638763298405594406186216636441855282504018761324222348693512156317095184008899666672815372393371845667099884581448744764051924115461530750202745621529102125137184946446045360361139446647065208824199138503490571822078208549111667774565046457591050072866770533702085222
291 -264754314704174967295425913525315475153052388760647220462731228184749356267025684770455525325108190315014298140921485069090208097235950860613636533848701237820220989163818895638425696143743470026834713141704156870647316155428842796337748867940164387894477385647087278874863015628130385430440093287658809578742059402263963829940811188981630391295254321361157403261376036423731501019323412994563104001770827249291091552124766759457238492046954145252920856058390739000381412039509264576461063784008160634354780141369351889005284684758524062144160319074733379786222420985629913706200460704
292 76513996949506565548378089008816172319232140351827046713729324945392563961170422898661646818956267001039132162726309184967070140101189798717340958282274657730043865868343660839505026185541862837755232097952501335617074368918935568141609422834707508101503964452008223594835411516529681389397186960133395968256455167254285546852894433615691183084328498873374489542537674526458403794584466355428737056511769075045125458564057593483141924201569747978094127400874923571110228079418177462597247433578358423328531460855742695922527273895213453959662332212597946758218279664847045061091933227266
293 -22189059115356904009029645812556689972577320702029843546981504234163843548739422640611877577497317430301348327190629663640450340629345041628028877901859650741712721101819661643456457593807140222949017308406225387328951566986491314761066732622065177349436149691082384842502269339793607602925184218438684830794371998503742808587339385748550443094455264673278601967335925612672937100429495243074333746388413031763086382983576702110111158018455226913647296946253727835621966143031271464153201755737723942765274123648165381817532909429611901648302076341653404559883301102805643067716660635822750
294 6457016202568859066627626931453996782020000324290684472171617732141678472683171988418056375051719372217692363212473232119371049123139407113756403469441158365838401840629521538245829159797877804878164036746211587712724905993068972595470419193020966608685919560104973989168160377879939812451228607565657285761162251564589157298915761252828178940486482019924073172494754353287824696224983115734631120199028192243058137448220820314042346983370471031871363411359834800165992147622099996068581710919677667344694769981616126108902076644017063379655904215421140726926040620916442132705548245024505222
295 -1885448731150106847455267063984567060349840094692879865874112377785370114023486220618072461515102056687566170058042183778856346343956706877216869813076818242824813337463820289167782114660980319024423898729893783612115672549976139997877362404362122249736288511550652404837102830340942425235758753409171927442259377456860033931283402285825828250622052749817829366368468271160044811297695069794512287098116232134972976134880479531700365319144177541306438116117071761648469707105653198852025859588545878864650872834631908823799406380052982506859524030902973092262403861307601102750020087547155439268
296 552436478226981306304393249747478148682503147745013800701114926691113443408881462641095231223924902609456887827006359847204909478779315115024542855231507745147670307876899344726160159595667233474156202327858878598349892057143009019378067184478101819172732533884341154617271129289896130594077314748887374740581997594859989941866036869746967677432261455696624004345961203449893129710224655449792100119748056015547082007519980502788207038509244019602786368022302026163001624181956387263643576859443942507342705740547149285373226069355523874509840541054571116032884331363127123105755885651316543791666
297 -162416324598732504053491615425758575712655925437034057406127788447187352362211150016481997979833921367180325021139869795078243386761118643817215599438063277073415070515808407349491086921126166641401923484390510307914868264800044651697151752236561934836783364961996299457477712011229462394658730536172888173731107292888837042908614839705608497165084867974807457277712593814268580134806048702238877435205928468570842110210874267819732869321717741763219192198556795691922477509495177855511211596676519097158755487720861889899728464390524019105893119070043908113667993420759374193092230381487063874663074
298 47912815756626088695780026550598779835233498003925046934807697591920268946852289254862189404051006803318195881236261589548081799094529999926078601834228666736657445802163480168099870641732219159213567427895200540834886138116013172250659766909785770776851092663788908339955925043312691406424325508171002011250676651402206927658041377713154506663700036052568199896925215175209231139767784367160468843385748898228398422512207909006821196449906733820149661698574254729117130865301077467375807421019573133661832868877654257520419896995204585636238470125662952893532058059124015386962207962538683843025694150
299 -14182193463961322253950887858977238831229115409161813892703078487208399608268277619439208063599098013782185980845933430506232212531980879978119266142931685354050603957440390129757561709952736871127215958656979360087126296882339898986195291005296588149947923428481516868626953812820556656301600350418616595330200288815053250586780247803093733972455210671560187169489863691861932417371264172679498777642181673875605933063613541066019074149172393210764299862777979399818670736129118930343238996621793647563902529187785660226044289510580557348326587157196234056485489185500708554540813556911450417535605380488
300 4212111458796512709423413694116239932875047276521058726132814310700894683655678452973444794888932110093309236311242228860350967121998321353501422044450710550153029375359795868537995827855962850724783139721122869945876510174054949998900001428573086680534533258259010509982205282407705326921575304074329128813069485778070815424273733597518838989819197569453375589338489516482993927959265459285811136959727957141054962119893221696607665022304200783596997059245059881746145208630348322311941981996672713326479051168772341087135153984642425532452996385687281514776190288093710440698621626402700774008074798093442
301 -1255209214721360787408177280846639499996764088403275500387578664588866615729392178986086548876901768807806152420750184200384588202355499763343423769246311743945602753857219168824322756701076929515985375636894615243871200031868375099672200425714779830799290910961185131974697174157496187422629440614150080386294706761865102996433572612060614018966120875697105925622869875911932190531861106867171718813998931228034378711728180065589084176646651833511905123655027844760351272171843800048958710635008468571290757248294157643966275887423442808670992922934809891403304705851925711328189244668004830654406289831756614
302 375307555201686875435045006973145210499032462432579374615886020712071118103088261516839878114193628873534039573804305075914991872504294429239683707004647211439735223403308531478472504253622001925279627315431489957917488809528644154801987927288719169408987982377394354460434455073091360039366202743630874035502117321797665795933638211006123591670870141833434671761238092897667724969026470953284343925385680437182279234806725839611136168817348898220059631972853325583345030379381296214638654479867532102815936417239953135545916490339609399792626883957508157529588107049725787687128584155733444365667480659695317286
303 -112592266560506062630513502091943563149709738729773812384765806213621335430926478455051963434258088662060211872141291522774497561751288328771905112101394163431920567020992559443541751276086600577583888194629446987375246642858593246440596378186615750822696394713218306338130336521927408011809860823089262210650635196539299738780091463301837077501261042550030401528371427869300317490707941285985303177615704131154683770442017751883340850645204669466017889591855997675003509113814388864391596343960259630844780925171985940663774947101882819937788065187252447258876432114917736306138575246720033309700244197908595095500
304 33890272234712324851784564129675012508062631357661917527814507670300021964708870014970640993711684687280123773514528748355123766087137786960343438742519643193008090673318760392506067134102066773852750346583463543199949239500436567178619509834171340997631614808678710207777231293100149811554768107749867925405841194158329221372807530453852960327879573807559150860039799788659395564703090327081576256462326943477559814903047343316885596044206605509271384767148655300176056243258131048181870499532038148884279058476767768139796259077666728801274207621362986624921806066590238628147711149262730026219773503570487123836402
305 -10234862214883122105238938367161853777434914670013899093399981316430606633342078744521133580100928775558597379601387682003247377358315611662023718500240932244288443383342265638536832274498824165703530604668205990046384670329131843287943091969919744981284747672220970482748723850516245243089539968540460113472564040635815424854587874197063594019019631289882863559732019536175137460540333278778636029451622736930223064100720297681699450005350394863799958199678893900653168985463955576550924890858675520963052275659983865978218470241455352097984810701651621960726385432110252065700608767077344467918371598078287111398501898
306 3101163251109585997887398325250041694562779145014211425300194338878473809902649859589903474770581418994255006019220467646983955339569630333593186705573002470019398345152706488476660179173143722208169773214466414984054555109726948516246756866885682729329278544682954056272863326706422308656130610467759414382186904312652073730940125881710268987762948280834507658598801919461066650543720983469926716923841689289857588422518250197554933351621169643731387334502704851897910202595578539694930241930178682851804839524975111391400196483160971685689397642600441454100094785929406375907284456424435373779266594217720994753746167206
307 -942753628337314143357769090876012675147084860084320273291259079019056038210405557315330656330256751374253521829843022164683122423229167621412328758494192750885897096926422772496904694468635691551283611057197790155152584753356992348939014087533247549716100677583618033106950451318752381831463705582198861972184818911046230414205798268039921772279936277373690328214035783516164261765291178974857721944847873544116706880445548060056699738892835571694341749688822274976964701589055876067258793546774319586948671215592433862985659730880935392449576883350534202046428814922539538275814474753028353628897044642187182405138834737904
308 287539856642880813724119572717183865919860882325717683353834019100812091654173694981175850180728309169147324158102121760228352339084896124530760271340728789020198614562558945611555931812933885923141501372445325997321538349773882666426399296697640502663410706663003500097619887652219476458596430202570652901516369767869100276332768471752176140545380564598975550105280913972430099838413809587331605193178601430955595598535892158317293420362314849366774233655090793867974233984662042200513932031766167474019344720755692328210626217918685294697120949421912931624160788551374559174123414799673647856813598615867090633567344595154050
309 -87987196132721528999580589251458262971477429991669611106273209844848500046177150664239810155302862605759081192379249258629875815759978214106412643030263009440180776056143037357136115134757769092481299419968269755180390735030808095926478184789477993815003676238879071029871685621579159796330507641986619787864009148967944684557827152356165899006886452767286518332215959675563610550554625733723471189112652037872412253151983000445091786630868343906232915498457782923600115599306584913357263201720447247049919484551241852432451622683117700177319010523105357076993201296720615107281764928700136244184961176455329733871607446117045358
310 27012069212745509402871240900197686732243571007442570609625875422368489514176385253921621717677978819968037926060429522399371875438313311730668681410290743898135498249235912468640787346370635111391758921930258814840379955654458085449428802730369744101206128605335874806170607485824802057473465846089892274874250808733159018159252935773342930995114140999556961127990299620398028439020270100253105655057584175626830561717658781136643178495676581579213505058026539357545235488987121568400679802928177304844325281757231248696762648163717133954436936230593344622636912798093228837935501833110941826964783081171786228298583485957933019462
311 -8319717317525616896084342197260887513531019870292311747764769630089494770366326658207859489044817476550155681226612292899006537635000500013045953874369549120625733460764661040341362502682155614308661747954519714970837026341573090318424071240953881183171487610443449440300547105634039033701827480595686820661269249089812977593049904218189622746495155427863544027421012283082592759218243190877956541757735926093063813009038904590086098976668387126397759557872174122123932530608033443067409379301878609892052186781227224598602895634424877257966576359022750143772169141812714482084134564598170082705153189000910158315963713675043369899124
312 2570792651115415620890061738953614241681085139920324330059313815697653884043194937386228582114848600253998105499023198505793020129215154504031199747180190678273351639376280261465481013328786084821376480117946591925988641139546084908393038013454749285599989671627025877052869055640918061413864691504067227584332197968752210076252420403420593428667003027209835104473092795472521162598437145981288571403140401162756718219793021518336604583790531622056907703382501803736295151957882333907829498204280490456644125715399212400968294751037287072711672094938029794425600264820128774963997580460834555555892335401281238919632787525588401298925106
313 -796945721845778842475919139075620414921136393375300542318387282866272704053390430589730860455603066078739412704697191536795836240056697896249671921625859110264739008206646881054299114131923686294626708836563443497056478753259286321601841784170972278535996798204378021886389407248684599038298054366260840551142981370313185123638250325060383962886770938435048882386658766596481560405515515254199457134973524360454582648135836670684347420975064802837641388048575559158251497106943523511427144443326952041559678971773755844300171372821558992540618349430789236271936082094239920238839249942858712222326623974397184065086164132932404402666686450
314 247850119494037220010010852252517949040473418339718468661018444971410810960604423913406297601692553550487957351160826567943505070657633045733647967625642183292333831552267180007887024495028266437628906448171230927584564892263638046018172794877172378624695004241561564806667105654340910300910694907907121411405467206167400573451495851093779412457785761853300202422250876411505765286115325244056031168976766076101375203570245204582832047923245153682506471683106998898216215600259435812053841921874682084925060160221638067577353296947504846680132306672975452480572121531308615194279006732229059501143580056037524244241797045341977769229339582982
315 -77329237282139612643123385902785600100627706521992162222237754831080173019708580260982764851728076707752242693562177889198373582045181510268898165899200361187208155444307360162460751642448819128540218811829424049406384246386255070357669912001677782130904841323367208219680136964154364013884136811267021880358505768324228978916866705541259176686829157698229663155742273440389798769267981476145481724720751015743629063513916503829843598952052487948942019165129383656243459267280943973360798679624900810496618769989151077084134228647621512164201279681968341173938501917768287940615050100455466564356796977483707564203440678146697063999553949792728
316 24204051269309698757297619787571892831496472141383546775560417262128094155168785621687605398590888009526451963084961679319090931180141812714165125926449713051596152654068203730850215264086480387233088488102609727464198269118897837021950682456525145806973215334213936172759882869780315936345734821926577848552212305485483670400979278834414122302977526359545884567747331586842007014780878202033535779837595067927755896879855865698741046471992428728018851998685497084404202750658935463661929986722593953685441675006604287127334013566705533307395000540456090787442751100261474125412510681442561034643677453952400467595676932259916181031860386285222146
317 -7600072098563245409791452613297574349089892252394433687525971020308221564722998685209908095157538834991305916408677967306194552390564529192247849540905209898201191933377415971486967592923154841591189785264219454423758256503333920824892514291348895783389589614943175958246603221111019204012560734084945444445394663922441872505907493554006034403134943276897407754272662118268390202641195755438530234869004851329315351620274741829404688592205622620597919527587246084502919663706905735589846015830894501457228685952073746157982880259945537458522030169703212507257023845482102875379528353972964164878114720541053746825042556729613680844004161293559654934
318 2394022711047422304084307573188735919963316059504246611570680871397089792887744585841121049974624733022261363668733559701451284003027826695558072605385141117933375459013886031018394791770793775101224782358229128143483850798550185059841142001774902171767720728707100426847680014649971049263956631236757815000299319135569189839360860469511900836987507132222683442595888567254542913831976662963137023983736528168734335760386543676262476906544771125488344651189982516618419694067675306710801494986731767959027036074903230039764607281882844299434439503456511939785962511326862405744551431501483711936606136970431930249888405369828309465861310807471291403750
319 -756511176690985448090641193127640550708407874803341929256335155361480374552527289125794251791981415635034590919319804865658605744956793235796350943301704593266946645048387985801812754199570832931987031225200404493340896852341858478909800872560869086278599750271443734883866884629390851567410295470815469540094584846839863989238031908365760664488052253782367967860300787252435560770904625496351299578860742901320050100282147801698942702468147675654316909776034475251420623325385396920613272415807238675052543399669420692565615901074978798621282883092257772972364153579288520215278252354468852971967539282656489958964736096865745791212174215160928083484828
320 239814043011042387044733258221462054574565296312659391574258244249589278733151150652876777818058108756305965321424378142413778021151303455747443249026640356065622086480338991499174643081263954039439888898388528224389064302192369137814406876601795500350316120836047663958185802427516899946869063664248503844209983396448236884588456114951946130642712564449010645811715349559022072764376766282343361966498855499718455881789440853138564836682402813182418460399002928654700337594147170823834407355810894659991656257695206359543300240640768279162946673940245714032239436684634460908243205996366626392113709952602107316991821342706441415814259226206014202464791282
321 -76260865677511479080225176114424933354711764227425686520614121671369390637142065907614815346142478584505296972212952249287581410726114498927686953190471633228867823500747799296737536499841937384541884669687551975355722448097173385824981386759370969111400526425863157138703085171950374183104362245231024222458774720070539329299129044554718869544382595494785385368125481159769019139071811677785189105346636048910468970409042191298063618065004094592009070406882931312194707354938800321979341539147864501877346689947075622334769476523764312773817042312998137062252140865713758568821339506844587192692159764927470126803399186980648370228934433933512516383803526234
322 24327216151126161826591831180501553740153052788548794000075904813166835613248319024529126095419450668457189734135931767522738470021630525157932138067760451000008835696738547975659274143449578025668861209630329080138475460942998310078169062376239339146536767929850347127246284169852169364410291556228696726964349135702502046046422165212955319384658047962836537932432028489966317105363907925213475324605576899602439601560484459024082294162736306174850893459795655088590111646225477302711409950988168776098873594093117123524791463011080815774847636497846405722858432936162688983454007302683423314468798965011862970450284340646826830103030084424790492726433324970726
323 -7784709168360371784509385977760497196848976892335614080024289540213387396239462087849320350534224213906300714923498165607276310406921768050538284181683344320002827422956335352210967725903864968214035587081705305644312147501759459225014099960396588526891765737552111080718810934352694196611293297993182952628591723424800654734855092868145702203090575348107692138378249116789221473716450536068312103873784607872780672499355026887706334132075617975952285907134609628348835726792152736867651184316214008351639550109797479527933268163545861047951243679310849831314698539572060474705282336858695460630015668803796150544090989006984585632969627015932957672458663990529600
324 2498891643043679342827512898861119600188521582439732119687796942408497354192867330199631832521485972663922529490442911159935695640621887544222789222320353526720907602768983648059720640015140654796705423453227403111824199348064786411229526087287304917132256801754227656910738309927214837112225148655811727793777943219361010169888484810674770407192074686742569176419417966489340093062980622077928185343484859127162595872292963630953733256396273370280683776190209690699976268300281028534516030165504696680876295585244990928466579080498221396392349221058782795852018231202631412380395630131641242862235029686018564324653207471242051988183250272114479412859231140960104962
325 -804643109060064748390459153433280511260703949545593742539470615455536148050103280324281450071918483197783054495922617393499293996280247789239738129587153835604132248091612734675230046084875290844539146351939223802007392190076861224415907400106512183316586690164861305525257735796563177550136497867171376349596497716634245274704092109037276071115848049131107274807052585209567509966279760309092875680602124638946355870878334289167102108559600025230380175933247520405392358392690491188114161713292512331242167178448887078966238463920427289638336449180928060264349870447247314786487392902388480201639679558897977712538332805739940740195006587620862370940672427389153693758
326 259899724226400913730118306558949605137207375703226778840249008792138175820183359544742908373229670072883926602183005418100271960798520035924435415856650688900134716133590913300099304885414718942786144271676369288048387677394826175486338090234403435211257500923250201684658248662289906348694088811096354560919668762472861223729421751219040170970418919869347649762677985022690305719108362579836998844834486258379672946293701975400973981064750808149412796826438949090941731760839028653760874233393481482991219998638990526506095023846298014553182673085439763465385008154460882676035427907471479105129616497524046801149881496254000859082987127801538545813837194046696643188486
327 -84207510649353896048558331325099672064455189727845476344240678848652768965739408492496702312926413103614392219107293755464488115298720491639517074737554823203643648027283455909232174782874368937462710744023143649327677607475923680857573541235946713008447430299133065345829272566581929656976884774795218877737972679041207036488332647394969015394415730037668638523107667147351659052991109475867187625726373547715014034599159440029915569864979261840409746171766219505465121090511845283818523251619488000489155279559032930587974787726200556715231186079682483362784742642045325987035478642020759230061995745197791163572561604786296278342887829407698488843683250871129712392964164
328 27367440961040016215781457680657393420947936661549779811878220625812149913865307760061428251701084258674677471209870470525958637472084159782843049289705317541184185608867123170500456804434169904675380991807521686031495222429675196278711400901682681727745414847218246237394513584139127138517487551808446135264841120688392286858708110403364930003185112262242307520009991822889289192222110579656835978361071403007379561244726818009722560206118260098133167505824021339276164354416349717241020056776333600158975465856685702441091806011015180932450135475896807092905041358664730945786530558656746749770148617189282128161082521555546290461438544557502008874197056533117156527713459250
329 -8921785753299045286344755203894310255229027351665228218672299924014760871920090329780025610054553468327944855614417773391462515815899436089206834068443933518426044508490682153583148918245539388924174203329252069646267442512074113986859916693948554243245005240193148273390611428429355447156700941889553440096338205344415885515938843991496967181038346597490992251523257334261908276664408048968128528945709277380405736965780942671169554627194552791991412606898630956604029579539730007820572538509084753651826001869279538995795928759590948983978744165142359112287043482924702288326408962122099440425068449203705973780512902027108090690428965525745654892988240429796193028034587608898
330 2917423941328787808634734951673439453459891943994529627505842075152826805117869537838068374487838984143237967785914611899008242671799115601170634740381166260525316554276453064221689696266291380178204964488665426774329453701448235273703192758921177237541116713543159485398729937096399231220241207997883974911502593147623994563712001985219508268199539337379554466248105148303644006469261432012578028965246933703392675987810368253472444363092618762981191922455852322809517672509491712557327220092470714444147102611254409251625268704386240317761049342001551429717863218916377648282735730613926517018997382889611853426227718962864345655770271726918829150007154620543355120167310148216902
331 -956915052755842401232193064148888140734844557630205717821916200650127192078661208410886426832011186798982053433779992702874703596350109917183968194845022533452303829802676605064714220375343572698451228352282259981980060814075021169774647224926146133913486282042156311210783419367618947840239116223305943770972850552420670216897536651151998711969448902660493864929378488643595234121917749700125593500600994254712797724001800787138961751094378954257830950565519561881521796583113281718803328190330394337680249656491446234533088135038686824225624184176508868947459135804571868636737319641367897582231141587792687923802691819819505375092649126429375961202346715538220479414877728615035944
332 314825052356672150005391518104984198301763859460337681163410430013891846193879537567181634427731680456865095579713617599245777483199186162753525536104012413505807960005080603066290978503488035417790454127900863534071440007830681964855858937000702078057536986791869426388347744971946633839438669237467655500650067831746400501359289558229007576237948688975302481561765522763742832026110939651341320261697727109800510451196592458968718416110050675950826382736055935859020671075844269685486294974618699737096802136985685811161385996427727965170230356594071417883714055679704144781486578162010038304554045582383794326931085608720617268405481562595264691235572069412074537727494772714346934146
333 -103892267277701809501779200974644785439582073621911434783925441904584309243980247397169939361151454550765481541305493807751106569455731433708663426914324096456916626801676599011876022906151051687870849862207284966243575202584125048402433449210231685758987205641316910708154755840742389167014760848364326315214522384476312165448565554215572500158523067361849818915382622512035134568616610084942635686360249946234168448894875511459677077316316723063772706302898458833476821455028608996210477341624170913241944705205276317683257378821150228506176017676043567901625638374302367777890570793463312640502835042186652127887258250877803698573808915656437348107738782905984597450073274995734488158950
334 34388340468919298945088915522607423980501666368852684913479321270417406359757461888463249928541131456303374390172118450365616274489847104557567594308641275927239403471354954272930963581935998108685251304390611323826623392055345391021205471688586687986224765067275897444399224183285730814281885840808592010336006909261659326763475198445354497552471135296772290060991648051483629542212097938116012412185242732203509756584203794293153112591700835334108765786259389873880827901614469577745668000077600572283083697422946461153158192389800725635544261850770420975438086301894083734481778932636356484006438398963781854330682481040553024227930751082280762223661537141880901755974254023588115580722342
335 -11416929035681207249769519953505664761526553234459091391275134661778578911439477346969798976275655643492720297537143325521384603130629238713112441310468903607843481952489844818613079909202751372083503433057682959510438966162374669819040216600610780411426622002335597951540542428850862630341586099148452547431554293874870896485473765883857693187420416918528400300249227153092565008014416515454516120845500587091565239185955659705326833380444677330924110241038117438128434863336003899811561776025763389997983787544418225102848519873413840911000694934455779763845444652228835799847950605635270352690137548455975575637786583705463604043673009359317213058255630331104459382983452335831254372799706988
336 3801837368881842014173250144517386365588342227074877433294619842372266777509345956540943059099793329283075859079868727398621072842499536491466442956386144901411879490179118324598155609764516206903806643208208425516976175732070765049740392128003389877005065126777754117863000628807337255903748171016434698294707579860332008529662764039324611831410998833869957299982992641979824147668800699646353868241551695501491224648923234681873835515688077551197728710265693106896768809490889298637250071416579208869328601252291268959248557117846809023363231413173774661360533069192202321349367551676545027445815803635839866687382932373919380146543112116652631948399124900257784974533489627831807706142302538226
337 -1269813681206535232733865548268807046106506303843009062720403027352337103688121549484674981739330971980547336932676154951139438329394845188149791947432972397071567749719825520415783973661348413105871418831541614122670042694511635526613290970753132218919691752343769875366242210021650643471851889119489189230432331673350890848907363189134420351691273610512565738194319542421261265321379433681882191992678266297498069032740360383745861062239817902100041389228741497703520782369957025744841523853137455762355752818265283832389018077360834213803319292000040736894418045110195575330688762259966039166902478414370515473585899412889072968945399446961979070765307716686100181494185535695823773851529047655594
338 425387583204189302965844958670050360445679611787408036011335014163032929735520719077366118882675875613483357872446511908631711840347273138030180302390045753018975196156141549339287631176551718390466925308566440731094464302661397901415452475202299293338096737035162908247691140357252965563070382855028878392194831110572548434383966668360030817816576659521709522295097046711122523882662110283430534317547219209661853125968020728554863455850338997203513865391628401730679462093935603624521910490801047680389177194118870083850321055915879461624111962820013646859630045111915517735780735357088623120912330268814122683651276303317839444596708814732262988706378085089843560800552154458100964240262230964736550
339 -142930227956607605796523906113136921109748349560569100099808564758779064391134961609995015944579094206130408245142028001300255178356683774378140581603055373014375665908463560578000644075321377379196886903678324085647740005694229694875592031667972562561600503643814737171224223160036996429191648639289703139777463253152376273953012800568970354786369757599294399491152607694937168024574469055232659530695865654446382650325254964794434121165713903060380658771587142981508299263562362817839361924909152020610763537223940348173707874787735499105701619507524585344835695157603613959222327079981777368626542970321545221706828837914794053384494161750040364205343036590187436428985523897921923984728109604151367568
340 48167486821376763153428556360127142413985193801911786733635486323708544699812482062568320373323154747465947578612863436438185995106202431965433376000229660705844599411152219914786217053383304176789350886539595216863288381918955407173074514672106753583259369727965566426702563204932467796637585591440629958105005116312350804322165313791743009563006608310962212628518428793193825624281596071613406261844506725548430953159610923135724298832845585331348282006024867184768296851820516269611864968694384230945827312044467897334539553803466863198621445774035785261209629268112417904257924225953858973227144980998360739715201318377285595990574532509763602737200603330893166076568121553599688382853372936599010984322
341 -16280610545625345945858852049722974135926995505046183915968794377413488108536618937148092286183226304643490281571147841516106866345896422004316481088077625318575474600969450331197741364043556811754800599650383183299791473088606927624499185959172082711141666968052361452225466363267174115263503929906932925839491729313574571860891876061609137232296233609105227868439228932099513061007179472205331316503443273235369662167948492019874813005501807841995719318036405108451684335915334499128810359418701870059689631471030149299074369185571799761134048671624095418288854692621997251639178388372404332950775003577445930023738045611522531444814191988300097725173803925841890133880025085116694673404440052570465712586254
342 5519126974966992275646150844856088232079251476210656347513421293943172468793913819693203285016113717274143205452619118273960227691258887059463287088858314982997085889728643662276034322410765759184877403281479899138629309377037748464705224040159336039077025102169750532304433097147572025074327832238450261859587696237301779860842345984885497521748423193486672247400898607981734927681433841077607316294667269626790315474934538794737561608865112858436548848814341331765120989875298395204666711842939933950234785068679220612386211153908840119024442499680568346799921740798857068305681473658245068870312726212754170278047197462306138159792011084033733128833919530860400755385328503854559494284105177821387876566855366
343 -1876503171488777373719691287251069998906945501911623158154563239940678639389930698695689116905478663873208689853890500213146477415028021600217517610211827094219009202507738845173851669619660358122858317115703165707133965188192834477999776173654174253286188534737715180983507253030174488525271462961073089032259816720682605152686397634861069157394463885785468564116305526713789875411687505966386487540186871673108707261477743190210770947014138371868426608596876052800141136557601454369586682026599577543079826923350935008211311792329005640468310449891393237911973391871611403223931701043803323415906326912336417894536047137184086974329283768571469263803532640492536256831011691310550228056595760459271878032730708500
344 639887581477673084438414728952614869627268416151863496930706064819771416031966368255229988864768224380764163240176660572682948798524555365674173505082233039128682138055138946204283419340304182119894686136454779506132682129173756556997923675216073420370590290345560876715375973283289500587117568869725923360000597501752768357066061593487624582671512185052844780363660184609402347515385439534537792251203723240530069176163910427861872892931821184807133473531534734004848127566142095940029058571070455942190220980862668837800057321184190923399693863412965094127982926628219488499360710055936933284824057477106718502036792073779773658246285765082871018957004630407954863579374986736897627767299154316611710409161171715122
345 -218841552865364194877937837301794285412525798323937315950301474168361824282932497943288656191750732738221343828140417915857568489095397935060567338738123699382009291214857519601864929414384030285003982658667534591097377288177424742493289896923897109766741879298181819836658582862885009200794208553446265789120204345599446778116593064972767607273657167288072914884371783136415602850261820320811924949911673348261283658248057366328760529382682845204039647947784879029658059627620596811489938031306095932229055575455032742527619603844993295802695301287234062191770160906851065066781362839130431183409827657170497727696582889232682591120229731658341888483295583599520563344146245464018988696416310776281204959933120726454418
346 75062652632819918843132678194515439896496348825110499370953405639748105729045846794548009073770501329209920933052163345139145991759721491725774597187176428888029186886696129223439670789133722387756366051922964364746400409844856686675198434644896708649992464599276364203973893921969558155872413533832069165668230090540610244893991421285659289294864408379809009805339521615790551777639804370038490257819703958453620294779083676650764861578260215904985599246090213507172714452273864706341048744737990904754566062381076230686973524118832700460324488341521283331777165191049915317906007453821737895909570886409480720599927931006810128754238797958811267749770385174635553227042162194158513122870794596264453301257060409173983366
347 -25821552505690052082037641298913311324394743995838011783607971540073348370791771297324515121377052457248212800969944190727866221165344193153666461432388691537482040289023468452863246751462000501388189921861499741472761740986630700216268261517844467775597407822151069286167019509157528005620110255638231792989871151145969924243533048922266795517433356482654299373036795435831949811508092703293240648689978161708045381404004784767863112382921514271315046140655033446467413771582209458981320768189868871235570725459090223356318892296878448958351623989483321466131344825721170869359666564114677836192892384924861367886375208266342684291458146497831076105921012500074630310102503794790528514267553341114971935632428780755850159224
348 8908435614463067968302986248125092406916186678564114065344750181325305187923161097576957716875083097750633416334630745801113846302043746638014929194174098580431303899713096616237820129254390172978925523042217410808102800640387591574612550223656341382581105698642118903727621730659347161938938038195189968581505547145359623864018901878182044453514507986515733283697694425362022684970291982636168023798042465789275656584381650744912773772107922423603690918525986539031257751195862263348555665025504760576271900283386127057930017842423064890631310276371745905815313964873803949929084964619563853486547872799077171920799446851888226080553060541751721256542749312525747456985363809202732337422305902684665317793187929360768305051650
349 -3082318722604221517032833241851281972793000590783183466609283562738555595021413739761627370038778751821719162051782238047185390820507136336753165501184238108829231149300731429218285764722018999850708230972607224139603569021574106684815942377385094118373062571730173140689757118808134118030872561215535729129200919312294429856950540049850987380916019763334443716159402271175259848999721025992114136234122693163089377178196051157739819725149341158566877057809991342504815181913768343118600260098824647159390077498051599962043786173478380452158433355624624083412098631846336166675463397758369093306345563988480701484596608610753326223871358947446095554763791262133908620116935877984145388748117842328894199956443023558825833547750838
350 1069564596743664866410393134922394844559171205001764662913421396270278791472430567697284697403456226882136549231968436602373330614715976308853348428910930623763743208807353805938745160358540592948195756147494706776442438450486215019631132004952627659075452712390370079819345720226422538956712778741790898007832719001366167160361837397298292621177858857877051969507312588097815167602903196019263605273240574527592013880834029751735717444626821382022706339060066995849170868124077615062154290254292152564308356891823905186829193802196998016898976374401744556943998225250678649836385799022154075377301910704002803415155023187931404199683361554763795157503035567960466291180576749660498449895596891288126287384885729174912564241069661542
351 -372208479666795373510816810952993405906591579340614102693870645902057019432405837558655074696402766954983519132725015937625919053921159755480965253261003857069782636664959124466683315804772126345972123139328157958201968580769202826831633937723514425358257543911848787777132310638795043556936047002143232506725786212475426171805919414259805832169894882541214085388544780658039678325810312214703734635087719935602020830530242353604029670730133840943901805992903314555511462107179010041629693008493669092379308198354719005016559443164555309880843778291807105816511382387236170143062258059709618231301064924992975588473948069400128661489809821057800714811056377650242269330840708881853460563667718168267948009940233752869572355892242095164
352 129900759403711585355275067022594698661400461189874321840160855419817899781909637307970621069044565667289248177321030562231445749818484754662856873388090346117354140196070734438872477215865472094744270975625527127412487034688451786564240244265506534450031882825235226934219176412939470201370680403747988144847299388153923733960265875576672235427293314006883715800602128449655847735707798962931603387645614257525105269855054581407806355084816710489421730291523256779873500275405474504528762859964290513240378561225796932750779245664429803148414478623840679929962472453145423379928728062838656762724071658822548480377407876220644902859943627549172449469058675799934551996463407399766857736720033640725513855469141579751480752206392491334386
353 -45465265791299054874346273457908144531490161416456012644056299396936264923668373057789717374165597983551236862062360696781006012436469664131999905685831621141073949068624757053605367025552915233160494841468934494594370462140958125297484085492927287057511158988832329426976711744528814570479738141311795850696554785853873306886093056451835282399552659902409300530210744957379546707497729637026061185675964990133786844449269103492732224279685848671297605602033139872955725096391916076585067000987501679634132496429028926462772735982550431101945067518344237975486865358600898182975054821993529866953425080587891968132092756677225716000980269642210357314170536529977093198762192589918400207852011774253929849414199552913018263272237371966912250
354 15958308292745968260895541983725758730553046657176060438063761088324628988207598943284190798332124892226484138583888604570133110365200852110331966895726899020516956123087289725815483825969073246839333689355596007602624032211476301979416914008017477757186416805080147628868825822329613914238388087600440343594490729834709530717018662814594184122242983625745664486103971480040220894331703102596147476172263711536959182401693455325949010722169732883625459566313632095407459508833562542881358517346613089551580506246589153188433230329875201316782718698938827529395889740868915262224244242519728983300652203286350080814364557593706226316344074644415835417273858322021959712765529599061358472956056132763129377144384043072469410408555317560386323302
355 -5617324519046580827835230778271467073154672423325973274198443903090269403849074828036035161012907962063722416781528788808686854848550699942836852347295868455221968555326725983487050306741113782887445458653169794676123659338439658296754753730822152170529618715388211965361826689460024097811912606835355000945260736901817754812390569310737152811029530236262473899108597960974157754804759492113843911612636826461009632205396096274734051774203745975036161767342398497583425747109414015094238198106007807522156338198799381922328497076116070863507516982026467290347353188785858172302933973366944602121829575556795228446656324272984591663353114274834374066880398129351729818893466418869598182480531758732621540754823183161509232463811471781255985678048
356 1982915555223443032225836464729827876823599365434068565792050697790865099558723414296720411837556510608494013123879662449466459761538397079821408878595441564693354900030334272170928758279613165359268246904568937520671651746469199378754428066980219716196955406532038823772724821379388506527605150212880315333677040126341667448773870966690214942293424173400653286385335080223877687446080100716186900799260799740736400168504821984981120276293922329187765103871866669646949288729623147328266083931420756055321187384176181818581959467868973014818153494655342953492615675641407934822935692598531444549005840171548715641669682468363560857163649339016534045608780539661160626069393645860968158415627710832615403886452583656012759059725449538783362944475906
357 -701952106549098833407946108514359068395554175363660272290385947017966245243788088661039025790495004755406880645853400507111126755584592566256778743022786313901447634610738332348508780430983060537180959404217403882317764718250096580079067535710997779533722213912341743615544586768303531310772223175359631628121672204724950276865950322208336089571872157383831263380408618399252701355912355653530162882938323108220685659650706982683316577808048504532468846770640801055020048210286594154206193711722947643583700333998368363778013651625616447245626337107991405536385949177058408927319235179880131370348067420728245337151067593800700543435931866011853052145508311040050861628565350634782728079132209634745852975804214614228516707142809136729310482344345054
358 249192997824930085859820868522597469280421732254099396663087011191378017061544771474668854155625726688169442629277957180024449998232530361021156453773089141435013910286812107983720617052998986490699240588497178378222806474978784285928068975177404211734471385938881318983518328302747753615324139227252669227983193632677357348287412364383959311798014615871260098500045059531734708981348886257003207823443104703418343409176000978852577385121857219109026440603577484374532117114651740924743198767661646413472213618569420769141194846327093838772197349673336948965417011957855735169198328488857446636473563934358527094688628995799248692919755812434207833511655450419218055878140699475347868468091934420334777806410496188051123431035697243538905221232242620550
359 -88712707225675110566096229194044699063830136682459385212058975984130574073909938644982112079402758700988321576022952756088704199370780808523531697543219734350864952062105110442204539670867639190688929649504995502647319105092447205790392555163155899377471813394241749558132524875778200287055393564901950245162016933233139215990318801720689515000093203250168595066016041193297556397360203507493141985145745274416930253666656348471517549103381170002813412854873584437333433692816019769208578761287546123196108048210713793814265365292445406602902256483707953831688456256996641720234604942033251002584588760631635645709151922504532534679433069226577988730149340349241627892618089013223841174640728653639180899082136642946199941448708218699850258758678372788708
360 31670436479566014472096353822273957565787358795638000520705054426334614944385848096258614012346784856252830802640194133923667399175368748642900816022929445163258787886171524427867020662499747191075947884873283394445092920518003652467170142193246656077757437381744304592253311380652817502478775502669996237522840045164230700108543812214286156855033273560310188438567726706007227633857592652175051688697031062966844100558996316404331765029907077691004388389189869644128035828335319057607462617779653965981010573211224824391692735409403010157236105564683739517912778883747801094123753964305870607922698187545493925518167236334118114880557605713888341976663314504679261157664657777720911299346740129349187580972322781531793379097188834075846542376848179085696562
361 -11338016259684633181010494668374076808551874448838404186412409484627792150090133618460583816420148978538513427345189499944672928904782012014158492136208741368446646063249405745176393397174909494405189342784635455211343265545445307583246910905182302875837162582664461044026685474273708665887401629955858653033176736168794590638858684772714444154101911934591047461007246160750587492921018169478668504553537120542130188000120681272750771880706733813379571043329973332597836826544044222623471617165116119821201785209618487132225999276566277636290525792156778747412774840381712791696303919221501677636325951141286825335503870607614285127239622845572026427645466592675175494443947484424086245166132966307009153988091555788382029716793602599153062170911648112679240674
362 4070347837226783311982767585946293574270122927132987102922055004981377381882357969027349590094833483295326320416923030480137581476816742313082898676898938151272345936706536662518325229585792508491462974059684128420872232330814865422385641014960446732425541367176541514805580085264261411053577185154153256438910448284597258039350267833404485451322586384518186038501601371709460909958645522842841993134719826274624737492043324576917527105173717439003266004555460426402623420729311875921826310562276687015811440890253036880469133740287293671428298759384283570321186167697034892218973107000519102271441016459721970295445889548133528360679024601560357487524722506770388002505377146908246962014641734904216286281724868528029148668328903333095949319357281672451847531206
363 -1465325221401641992313796330940665686737244253767875357051939801793295857477648868849845852434140053986317475350092290972849529331654027232709843523683617734458044537214353198506597082650885303056926670661486286231514003639093351552058830765385760823673194892183554945330008830695134107979287786655495172318007761382455012894166096420025614762476131098426546973860576493815405927585112388223423117528499137458864905497135596847690309757862538278041175761639965753504944431462552275331857471802419607325692118720491093276968888146503425721714187553378342085315627020370932561198830318520186876817718765925499909306360520237328070209844448856561728695508900102437339680901935772886968906325271024565517863061420952670090493520598405199914541754968621402082665111104200
364 528982404925992759225280475469580312912145175610203003895750268447379804549431241654794352728724559489060608601383317041198680088727103831008253512049786002139354077934381504660881546836969594403550528108796549329576555313712699910293237906304259657346023356078263335264133187880943412980522890982633757206800801859066259654793960807629246929253883326531983457563668114267361539858225572148655745427788188622650230884465950462016201822588376318372864449952027637015284939757981371394800547320673478244574854858097284672985768620887736685538821706769581492798941354353906654592777744985787462531196474499105467259596147805675433345753846037218784059078712936979879624805598814012195775183422839868151948565172963913902668160936024277169149573543672326151842105108746882
365 -191491630583209378839551532119988073274196553570893487410261597177951489246894109479035555687798290535039940313700760768913922192119211586824987771362022532774446176212246104687239119954982993174085291175384350857306713023563997367526152122082141995959260454900331327365616214012901515498949286535713420108861890272981985995035413812361787388389905764204578011638047857364784877428677657117813379844859324281399383580176674067249865059776992227250976930882634004599533148192389256444917798130083799124536097458631217051620848240761360680165053457850588500393216770276114208962585543684855061436293123768676179147973805505654506871162892265473199829386494083186716424179626770672414870616399068032271005380592612936832765874258840788335232145622809382066966842049366239878
366 69511461901705004518757206159555670598533348946234335929924959775596390596622561740889906714670779464219498333873376159115753755739273806017470561004414179397123961965045336001467800543658826522192960696664519361202336827553731044411993220315817544533211545128820271833718685686683250126118591012463971499516866169092460916197855213887328821985535792406261818224611372223416910506609989533766256883683934714147976239604132686411701016699048178492104625910396143669630532793837300089505160721220419082206603377483131789738367911396373926899914405199763625642737687610229457853418552357602387301374403928029453030714491398552585994232129892366771538067297352196778061977204517754086598033752861695714374953155118496070294012355959206165689268861079805690308963663919945207846
367 -25302172132220621644827623042078264097866139016429298278492685358317086177170612473683926044140163724975897393529908921918134367089095665390359284205606761300553122155276502304534279397891812854078237693585885047477650605229558100165965532194957586210089002426890578947473601589952703045907167128536885625824139285549655773496019297854987691202735028435879301833758539489323755424406036190290917505660952235949863351215904297853859170078453536971126083831384196295745513936956777232579878502524232545923203629403859971464765919748280109391568843492713959733956518290123522658644353058167268977700283029802720903180074869073141301900495280821504839856496236199627214559702444462487521684286041657240032482948463132569587020497569151044310893865433049271272462773666860055523084
368 9235292828260526900362082410358566395721140740996693871649830155785736454667273552894633006111159759616202548638416756500119043987519917867481138735046467874701889586675923341155011980230511691738556758158848042329342470908788706560577419251159518966682485885815061315827864580332736611756116001915963253425810839225624357326047043717070507288998285379095945169321866913603170729908203209456184889566247566121700123193805068716658597078635540994461020598455231647947112586989223689891655653421344879261969324732408889584639560708122239927922627874840595302894129175895085770405188866231053176860603305877993129660727327211696575193680777499849266547621126212863933314291392228807945414764405204892611856276189043387899262481612740131173476260883062984014448912388403920266059250
369 -3380117175143352845532522162191235300833937511204789957023837837017579542408222120359435680236684472019530132801660532879043570099432289939498096777027007242140891588723387942862734384764367279176311773486138383492539344352616666601171335445924383941805789834208312441592998436401781599902738456701242550753846767156578514781333218000447805667773372448749115931971803290378760487146402374660963669581246609200542245088932655150297046530780608003972733539034614783148643206838055870500345969152212225809880772852061653587978079219172739813619681802191657880859251278377601391968299125040565462730980809951345485455826201759480946520887164564944831556429332193908199593030649555743708021803772304990695939397085189879971130068270262888009492311483201052149288301934155834817377551178
370 1240503003277610494310435633524183355406055066612157914227748486185451692063817518171912894646863201231167558738209415566608990226491650407795801517168911657865707213061483375030623519208522791457706420869412786741761939377410316642629880108654248906642724869154450666064630426159453847164305013609356016126661763546464314924749291006164344680072827688690925547033651807569005098782729671500573666736317505576599003947638284440159016076796483137457993208825703625415552056909566504473626970678861886872226243636706626866787955073436395511598423221404338442275345219164579710852365778889887524822269957252143793162288216045729507373165589395334753181209564915164309250642248386957940844001984435931585409758730264685949404735055186479899483678314334786138788806809835191377977561417382
371 -456505105206160661906240313136899474789428264513274112435811442916246222679484846687263945230045658053069661615661064928512108403348927350068854958318159490094580254406625882011269455068736387256435962879943905520968393690886996524487795879984763597644522751848837845111783996826679015756464245008243013934611528985098867892307739090268478842266800589438260601308383865185393876352044519112211109358964842052188433452730888673978517916261105794584541500847858934152923156942720473646294725209821174368979257658308038686977967467024593548268219745476796546757327040652565333593670606631478609134595344268788915883722063504828458713324936897483189170685119888780465804236347406400522230592730272422823430791212737404429380942500308624603009993619675201299074280906019350427095742601460784
372 168450383821073284243402675547515906197299029605398147488814422436094856168729908427600395789886847821582705136178932958620968000835754192175407479619400851844900113876044950462158428920363726897624870302699301137237337271937301717535996679714377767530828895432221164846248294829044556814135306408041672141871654195501482252261555724309068692796449417502718161882793646253410340373904427552405899353458026717257531944057697920698073111100348038201695813812859946702428644911863854775482753602424013342153346075915666275494869995332075019310973086080937925753453678000796608096064453847015606770665682035183109961093441433281701265216901715171296803982809238959991881763212192961792703088717470524021845961957500102234441567782613882478510687645660149279358409654321140307598329019939165826
373 -62326642013797115170058989952580885293000640953997314570861336301355096782430066118212146442258133693985600900386205194689758160309229051104900767459178315182613042134136631670998618700534578952121202011998741420777814790616801635488318771494319773986406691309921830993111869086746486021230063370975418692492512052335548433336775617994355416334686284476005719896633649113761825938344638194390182760779469885385286819301348230658287051107128774134627451110758180279898598617389626266928618832896884936596738048088796521933101898272867757145060041849947032528777860860294744995543847923395774505146302353017750685604573330314229468130253634613379817473639418415196996252388511395863300142825464093888083005924275037826743380079567136517048954428894255233362611572098821913811381737377491218350
374 23123184187118729728091885272407508443703237793933003705789555767802740906281554529856706330077767600468657934043282127229900277474723977959918184727355154932749438631764690349940487537898328791236965946451533067108569287318833406766166264224392636148956882475980999298444503431182946313876353510631880334914721971416488468767943754275905859460168611540598122081651083821205637423125860770118757804249183327477941409960800193574224495960744775203946784362091284883842380087051551345030517587004744311477389815840943509637180804259233937900817275526330349068176586379169350393346767579579832341409278172969585504359296705546579132676324098441563912282720224232038085609636137727865284352988247178832478795197906039033721794009519407647825162093119768691577528893248662930024022624567049242145862
375 -8601824517608167458850181321335593141057604459343077378553714745622619617136738285106694754788929547374340751464100951329522903220597319801089564718576117634982791171016464810177861364098178310340151332079970300964387774882606027317013850291474060647411960281064931739021355276400056028762003505955059484588276573366933710381675076590636979719182723493102501414374203181488497121402820206484177903180696197821794204505417672009611512497397056375868203782697957976789365392383177100351352542365764883869589011492830985585031259184435024899104026495794889853361690133050998346324997539603697631004251480344685807621658374463327437355592564620261775369171923414318167846784643234765885779311627950525682111813621046520544507371541219644990960298640553953266840748288502609968936416338942318078121908
376 3208480545067846462151117632858176241614486463334967862200535600117237117192003380344797143536270721170629100296109654845912042901282800285806407640028891877848581106789141374196342288808620509756876446865828922259716640031212048189246166158719824621484661184837219538654965518097220898728227307721237187751427161865866273972364803568307593435255155862927233027561577786695209426283251937018598357886399681787529238280520791659585094161529102028198840010946338325342433291358925058431054498302430301683356701286825957623216659675794264287365801882931493915303910419628022383179224082272179216364585802168567806242878573674821134133636026603357642212701127433540676606850671926567675395683237225546079427706480650352163101249584874927581628191392926624568531599111611473518413283294425484643139611186
377 -1199971723855374576844517994688957914363817937287277980463000314443846681829809264248954131682565249717815283510745010912371104045079767306891596457370805562315369333939138873949432016014424070649071791127820016925134023371673306022778066143361214408435263283129120107456957103768360616124357013087742708219033758537833986465664436534547039944785428292734785152308030092224008325429936224444955785849513480988535935116914776080684825216411884158546366164093930533678070050968237971853214382365108932829575406281272908151083030718747054843474809904216378724323662496940880371309029806769795026920355090011044359534836586554383104165979873949655758187550221660144213050962151300536310597985530722354233705962223763231708999867344743222915528943580954557588630818067742691095886567952115131256534214443314
378 449989396445765466316694248008359217886431726482729242673625117916442505686178474093357799380961968644180731316529379092139164016904912740084348671514052085868263500227177077731037006005409026493401921672932506346925258764377489758541774803760455403163223731173420040296358913913135231046633879907903515582137659451687744924624163700455139979294535609775544432115511284584003122036226084166858419693567555370700975668843041030256809456154456559454887311535223950129276269113089239444955393386915849811090777355477340556656136519530145566303053714081142021621373436352830139240886177538673135095133158754141634825563719957893664062242452731120909320331333122554079894110806737701116474244574020882837639735833911211890874950254278708593323353842857959095736556775403509160957462982043174221200330416383750
379 -169196013063607815335077037251143065925298329157506195245283044336582382138003106259102532567241700210211954975015046538644325670356247190271715100489283584286467076085418581226869914258033793961519122549022622386443897295405936149211707326213931231589372122921205935151430951631338846873534338845371721858883759953834592091658685551371132632214745389275604706475432243003585173885621007646738765804781400819383566851484983427376560355514075666355037629137244205248607877186521554031303227913480359528970132285659480049302707331343334732929948196494509400129636412068664132354573202754541098795770067691557254694411958704168017687403162226901461904444581254080334040185663333375619794315959831851946952540673550615670968981295608794431089581044914592619996945347551719444520006081248233507171324236560148248
380 63786896924980146381324043043680935853837470092379835607471707714891558066027171059681654777850120979249907025580672545068910777724305190732436592884459911275998087684202805122529957675278740323492709200981528639689349280368037928252813661982652074309193290341294637552089468765014745271322445744705139140799177502595641218555324452866917002344959011756902974341237955612351610554879119882820514708402588108907604703009838752120963254028806526215849186184741065378725169699318625869801316923382095542421739871693623978587120663916437194314590470078430043848872927349886377897674097438461994246005315519717085019793308431471342668150992159541851137975607132788285933149995076682608662457116856608184001107833928582107955305948444515500520772053932801417738848396026998230584042292630584032203589237183176032002
381 -24111447037642495332140488270511393752750563694919577859624305516229008948958270660559665506027345730156464855669494222036048273979787362096861032110325846462327277144628660336316324001255363842280244077971017825802574027979118336879563564229442484088875063749009372994689819193175573712559884491498542595222089095981152380613912643183694626886394506444109324300987947221468908789744307315706154559776178305167074577737719048301724110022888866909590992377832122713158114146342440578784897797038432115035417671500189863905931610960413259450915197689646556574873966538257050845320808831738633824990009266453058137481870587096167528561075036306819730154779496193972082730698138986026074408790171797893552418761225004036807105648512026859196851836386598935905284693698205331160767986614360764172956731655240539953494
382 9138238427266505730881245054523818232292463640374520008797611790650794391655184580352113226784364031729300180298738310151662295838339410234710331169813495809222038037814262267463886796475782896224212505551015755979175556604085849677354590842958701469683649160874552364987441474213542437060196222277947643589171767376856752252672891766620263589943517942317433910074431996936716431313092472652632578155171577658321264962595519306353437698674880558734986111198374508286925261463784979359476265077565771598423297498571958420348080553996625331896859924376044941877233317999422270376586547228942219671213511985709034105628952509447493324647438760284677728661429057515419354934594675703882200931475111401656366710504276529949893040786058179635606845990520996708102898911619820509931066926842729621550601297336164642518246
383 -3472530602361272177734873120719050928271136183342317603343092480447301868828970140533803026178058332057134068513520557857631672418568975889189925844529128407504374454369419661636276982660797500565200752109385987272086711509552622877394744520324306558479786681132329898695227760201146126082874564465620104563885271603205565856015698871315700164178536818080624885828284158835952243898975139608000379698965199510162080685786297336414306325496454612319294722255382313149031599356238292156600980729474993207400853049457344199732270610518717626120806771262897077913348660839780462743102887946998043475061134554569432960139001953590047463366026728908177536891343041855859354875145976767475236353960542332629419349991625081380959355498702108261530601476397978749079101586415531793773805432200237256189228492987742564156788700
384 1323034159499644699716986658993958403671302885853423006873718235050422012023837623543378952973840224513768080103651332543757667191474779813781361746765597923259166667114748891083421530393763847715341486553676061150665037085139549316287397662243560798780798725511417691402881776636636674037575209061401259838840288480821320591141981269971281762552022527688718081500576264516497804925509528190648144665305741013371752741284579285173850710014149207293651289179300661309781039354726789311664973657929972412019725011843248140097995102607631415552027379851163786684985839779956356305122200307806254563998292265290953957812959744317808083542456183714015641555601698947082414207430617148408065050858966628731808772346809156006145514445005503247643159162507629903399137704424317613427819869668290394608096055828329916943736640242
385 -505399048928864275291888903735692110202437702396007588625760365789261208593105972193570760036006965764259406599594809031715428867143365888864480187264458406685001666837834076393867024610417789827260447863504255359554044166523307838821785906977040225134265113145361558115900838675195209482353729861455281258436990199673744465816236845129029633294872605577090307133220133045302161481544639768827591262146793067108009547170709286936410971225404997186174792466492852620336357033505633517056019937329249461391534954524120789517434129196115200740874459103144566513664590795943328108556680517581989243447347645341144411884550622329402687913218262178753975074239848997785482227238495750691880849428125252175550951036481097594347586517992102240599686800077914623098470603090089328329427190213286930740292693326422028272507396426138
386 193567835739755017436793450130770078207533640017670906443666220097287042891159587350137601093790667887711352727644811859147009256115909135435095911722287569760355638398890451258851070425790013503840751531722129802709198915778426902268744002372206406226423538334673476758390021212599765231741478536937372721981367246475044130407618711684418349551936207936025587632023310956350727847431597031460967453402221744702367656566381656896645401979330113922304945514666762553588824743832657637032455635997102543712957887582738262385177271482112121883754917836504368974733538274846294665577208638233901880240334148165658309751782888352161229470762594414462772453433862166151839693032343872514990365330971971583236014246972260378635125636390975158149680044429841300646714240983504212750170613851688894473532101544019636828370332831357926
387 -74330048924065926695728684850215710031692917766785628074367828517358224470205281542452838820015616468881159447415607753912451554348509108007076830101358426787976565145173933283398811043503365185474848588181297844240332383658915930471197696910927259990946638720514615075221768145638309848988727758183951125240845022646416946076525585286816646227943503847433825650696951407238679493413733260081011502106453149965709180121490556248311834360062763746165099077632036820578108701631740532620462964222887376785775828831771492755908072249131054803361888449217677686297678697540977151581648117081818322012288312895612790944684629127229912116772836255153704622118603071802306442124420047045756300287093237087962629470837347985395888244374134460729477137061059059448338268537665617696065515719048535477836326992903540542094207807241295744
388 28617068835765381777855543667333048362201773340212466808631613979182916421029033393844342945706012340519246387255008985256293848424176006582724579589022994313370977580891964314108542251748795596407816706449799670032527967708682633231411113310706995096514455907398126803960380736070749291860660186900821183217725333718870524239462350335424408797758248981262022875518326291786891604964287305131189428310984462736798034346773864155600056228624164042273563144888334175922571850128220105058878241225811640062523694100232024711024607815915456099294327052948805909224606298553276203358934525076500053974731000464810924513703582213983516164957541958234176279515662182643887980217901718112616175610530896278865612346272378974377416974084041767380848697768507737887610233387001262812985223551833686158966985892267863108706270005787899010050
389 -11046188570605437366252239855590556667809884509322012188131802995964605738517206890023916377042520763440429105480433468308929425491731938540931687721362875804961197346224298225245897309175035100213417248689622672632555795535551496427324689737932900107254579980255676946328706964123309226658214832143716976722041978815484022356432467229473821795934684106767140829950073948629740159516214899780639119328040002616404041257854711564061621704248927320317595373926896991906112734149492960552727001113163293064134145922689561538455498616943366054327610242438239080960698031241564614496548726679529020834246166179417016862289582734597637239673611195878392043893045602500540760364110063191469843785664925963642126365661138284109682951996440122209007597338643986824617550087382487445812296291007802857361256554415395159960620222234129017729918
390 4274874976824304260739616824113545430442425305107618716807007759438302420806159066439255637915455535451446063820927752235555687665300260215340563148167432936519983372988803413170162258650738583782592475242883974308799092872258429117374654928580032341507522452358946978229209595115720670716729140039618469991430245801592316651939364817806369035026722749318883501190678618119709441732775166215107339179951481012548363966789773375291847599544334872962909409709709135867665628115853775733905349430794194415819914472080860315382277964757082663024785163823598524331790138090485505810164357224977731062853266311434385525706068518289285611753687532804937720986608648167709274260910594455098829545052326347929502903510860515950447302422622327294885940170055222901126991883817022641529358664620019705798806286558757926904760026004607929861628422
391 -1658651491007830053166971327756055627011661018381756062121119010662061339272789717778431187511196747755161072762519967867395606814136500963552138501488963979369753548719655724310022956356486570507645880394238982031814048034436270497541366112289052548504918711515271427552933322904899620238090906335371966356674935371017818860952473549308871185590368426735726798461983303830447263392316764491461647601821174632868765219114432069613236868623201930709608850967367144716654263708951264984755275579148147433338126815167373802368323850325748073253616643563556227440734573579108376254343770603291359652387067328836541583973954585096242817360430762728315835742804155489071198413233310648578345863480302622996647126562213880188773553339977462990415744785981426485637272850921004784913391161872567645849936839184798075639046890089787876786311676804
392 645215430002045890681951846497105638907536136150503108165115295147541860977115200215809731941855534876757657304620267500416891050699098874821781877079206987974834130451946076756598930022673275927474247473358964010375664685395709223543591417680441441368413378779440585318091062610005952272617362564459694912746549859325931536910512210681150891194653318000197724601711505190043985459611221387178580917108436932185949670235514075079549141894425551046037843026305819294778508582782042079069802200288629351568531331100108409121277977776716000495656874346223372474445749122273158362939726764680338904778569190917414676165868333602438455953207566701314860103950816485248696182747757842296976540893837720345695732232701199393432912249251233103271724721746774902912899139008270861331309161968428814235625430442886451423589240244927484069875242428466
393 -251634017700797897365961220133871199173939093098696212184394965107541325781074928084165795457323658601935486348801904325162587509772648561180494932060890725310185310876258969935073582708842577611714956514609995964046509227304326597182000652895372162133681217723981828274055514417902321386320771400139281015971154445137113299395099762165648847565914794020077112594667487024117154329248376340999646557672290403552520371391850489281024165338825964907954758780259269524963618347284996410837222858112565447111727219129042279557298411332919240193306180995027115265033842157686531761546493438225332172863641984457791723704688650104950997821750951013512795440540818429246991511271625558495820850948596710934821335570753467763438835777207980910275972641481242212136030664213225635919210573167687237551893917872725716055199803695521718787251344546949250
394 98388900921011977870090837072343638877010185401590218964098431357048658380400296880908826023813550513356775162381544591138571716321105587421573518435808273596282456552617257244613770839157447846180547997212508421942185107875991699498162255282090515394269356130076894855155706137399807662051421617454458877244721388048611300063484007006768699398272684461850151024514987426429807342736115149330861804049865547789035465214213541308880448647480952279010310683081374384260774773788433596637354137522013089820685342679455531306903678831171422915582716769055602068628232283655433918764678934346104879589684015922996563968533262191035840148304621846283503017251460005835573680907205593371865952720901313975515142208164605895504584788888320535917905302819165704945187989707371223644411334108565709882790521888235754977583123244948992045815275717857310022
395 -38568449161036695325075608132358706439787992677423365833926585091963074085116916377316259801334911801235855863653565479726320112797873390269256819226836843249742722968625964839888598168949719555702774814907303301401336562287388746203279604070579482034553587602990142783221036805860724603524157274042147879879930784115055629624885730746653330164122892309045259201609875071160484478352557138537697827187547294733301902363971708193081135869812533293372041787767898758630223711325065969881842821908629131209708654330346568272306242101819197782908424973469796010902267055192930096155754142263673112799156134241814653075665038778886049338135411763743133182762572322287544882915624592601771453466593315078401935745600525511037797237244221650079818878705112956338513691965289519668609242970557758274053884580188415951212584312020004881959588081400065374568
396 15157400520287421262754713996016971630836681122227382772733147941141488115450948136285290101924620337885691354415851233532443804329564242375817929956146879397148890126670004182076219080397239785391190502258570197450725268978943777257888884399737736439579559927975126113805867464703264769184993808698564116792812798157216862442580092183434758754500296677454786866232680902966070399992554955445315246084706086830187647629040881319880886396836325584295212422592784212141677918550750926163564229010091248565415501151826201331016353146014944728683011014573629832284590952690821527789211377909623533330068360757033158658736360240102217389887216823151051340825690922659005138985840464892496181212371172825811960748021006525837854314236979108481368819331109391841035880942358781229763432487429199001703176640014047468826545634623861918610118115990225692360066
397 -5972015804993243977525357314430686822549652362157588812456860288809746317487673565696404300158300413126962393639845386011782858905848311496072264402721870482476662709907981647738030317676512475444129057889876657795585755977703848239608220453496668157194346611622199688839511781093086319058887560627234262016368242473943443802376556320273294949273116890917186025295676275768631737597066652445454206957374198211093933165842107240033069240353512280212313694501556979583821099908995864908444306229975951934773707453819523324420443139529888223101106339742010153920128835360183681948949282896391672132046934138271064511542125934600273651615563428321514228285322223527648024760421143167643495397674242093369912534720276571180114599809369768741659314816457100385368137091289359804526792400047104406671051596165534702717658980041801595932386537700148922789710374
398 2358946242972331371122516139200121294907112683052247580920459814079849795407631058450079698562528663185150145487738927474654229267810083040948544439075138840578281770413652750856521975482222427800430977866501279829256373611193020054645247079131183922091766911590768877091607153531769096028260586447757533496465455777207660301938739746507951504962881171912288479991792128928609536350841327715954411748162808293382103600507632359813062349939637350683863909328115006935609334464053366638835500960840501014235614444258711713146075040114305848124937004198094010798450889967272554369834966744074710492158538984617070482059139744167108092388147554186998120172702278293420969780366351551219180682081325626881115451214509245616145266924701058652955429352500554652220414151059297122788082998018606240635065380485386207573475297116511630393292682391558824501935754150
399 -934142712217043222964516391123248032783216622488690042044502086375620518981421899146231560630761350621319457613144615279963074790052792884215623597873754980868999581083806489339182702290960081408970667235134506812385523950032435941639517843335948833148339696989944475328276432798580562027191192233311983264600320487774233479567740939617148795965300944077266238076749683055729376394933165775517947052272472084179313025801022414485972690576096390870810108093933542746501296447765133188978858380492838401637303319926449838405845715885265115857475053662445228276186552427039931530454646830653585354894781437908359910895419338690174804585706431458051255588390102204194704033025075214282795550104204948244921718680945661263993525702181619226570350023590219642279284003819481660624080867215368071291485890672212938199096217658138605635743902227057294502766558486188
400 370854656750166159516913007275929469014936999128009946691667328291121346035624493961053929570412256196663824672418412266145340691650958775033602568355880727404992833690271176267655532809511152319361354892348399204517053008162877068830888583804371686759890859705007956705325743821036483124794903316624857356046327233646370691388393153028008071998224474798674696516469624173124562428788466812880624979752171417419187271243005898550931158158710267175711612913291616470361014689762757876024606777055656845450009418010800585847120749206450250995417596303990755625646061313534852817590494791769473385893228230849618884625481477459999397420525453288846348468590870575065297501110954860070269833391369364453233922316335427521805429703766102832948428959365317197984875749516334219267760104284501124302719898596868536465041198410281026437390329184141745917598323719174642
401 -147600153386566131487731376895819928667944925652947958783283596659866295722178548596499463969024077966272202219622528081925845595277081592463373822205640529507187147808727928154526902058185438623105819247154662883397787097248825073394693656354139931330436562162593166768719646040772520283668371520016693227706438238991255535172580474905147212655293340969872529213554910420903575846657809791526488741941364224132836533954716347623270600947166686335933221939490063355203683846525577634657793497268151424489103748368298633167154058184167199896176203328988320739007132402786871421401016927124250407585504835878148316080941628029079760173369130408960846690499166488875988405442160034307967393689765007052387101081901500153678561022098908927513474725827396244797980548307501019268568521505231447472482519641553677513086396967291848522081351015288414875204132840231348714
402 58892461201239886463604819381432151538510025335526235554530155067286651993149240890003286123640607108542608685629388704688412392515555555392886155060050571273367671975682443333656233921215990010619221879614710490475717051802281204284482768885301832600844188302874673540719138770268235593183680236486660597854868857357510958533859609487153737849462043046979139156208409257940526762816466106819069008034604325429001777047931822701684969777919507848037355553856535278726269854763705476228459605409992418371152395598951154633694469215482712758574305128266339974863845828711961697139005753922575912626616429515381178116295709583602824309174283033175377829509167429061519373771421853688878990082216237813902453331678698561317745847817464662077876415605131101674394238774692906688158840080587347541520525336979917327721472389949447560310459055100077535206449003252308296486
403 -23556984480495954585441927752572860615404010134210494221812062026914660797259696356001314449456242843417043474251755481875364957006222222157154462024020228509347068790272977333462493568486396004247688751845884196190286820720912481713793107554120733040337675321149869416287655508107294237273472094594664239141947542943004383413543843794861495139784817218791655662483363703176210705126586442727627603213841730171600710819172729080673987911167803139214942221542614111490507941905482190491383842163996967348460958239580461853477787686193085103429722051306535989945538331484784678855602301569030365050646571806152471246518283833441129723669713213270151131803666971624607749508568741475551596032886495125560981332671479424527098339126985864831150566242052440669757695509877162675263536032234939016608210134791966931088588955979779024124183622040031014082579601300923318434000
404 9446350776678877788762213028781717106777008063818408182946636872792778979701138238756527094231953380210234433174953948232021347759495111085018939271632111632248174584899463910718459920963044797703323189490199562672305015109085905167231036129202413949175407803781097635931349858751024989146662309932460359895920964720144757748831081361739459551053711704735453920655828844973660492755761163533778668888750533798811885038488264361350269152378289058825191830838588258707693684704098358387044920707762783906732844254071765203244592862163427126475318542573920931968160870925398656221096522929181176385309275294267140969853831817209893019191554998521330603853270455621467707552936065331696190009187484545349953514401263249235366433989921331797291377063063028708572835899460742232780677948926210545659892264051578739366524171347891388673797632438052436647114420121670250692195202
405 -3797433012224908871082409637570250276924357241655000089544548022862697149839857571980123891881245258844514242136331487189272581799317034656177613587196108876163766183129584492108820888227144008676735922175060224194266616073852533877226876523939370407568513937120001249644402643217912045636958248592849064678160227817498192615030094707419262739523592105303652476103643195679411518087815987740579024893277714587122377785472282273262808199256072201647727115997112480000492861251047540071592058124520639130506603390136849611704326330589697704843078054114716214651200670112010259800880802217530832906894328668295390669881240390518376993715005109405574902749014723159830018436280298263341868383693368787230681312789307826192617306463948375382511133579351337540846280031583218377577832535468336639355276690148734653225342716881852338246866648240097079532139996888911440778262309198
406 1530365503926638275046211083940810861600515968386965036086452853213666951385462601507989928428141839314339239580941589337276850465124764966439578275640031877093997771801222550319854817955539035496724576636549270350289446277762571152522431239147566274250111116659360503606694265216818554391694174182918173065298571810451771623857128167089962884028007618437371947869768207858802841789389843059453347031990918978610318247545329756124911704300197097264034027746836329440198623084172158648851599424181817569594161166225150393516843511227648175051760455808230634504433870055140134699754963293664925661478414453323042439962139877378905928467147059090446685807852933433411497429820960200126772958628427621253964569054091053955624774504971195279151986832478589028961050852728037006163866511793739665660176506129940065249813114903386492313487259240759123051452418746231310633639710769606
407 -618267663586361863118669277912087588086608451228333874578926952698321448359726891009227931084969303082993052790700402092259847587910405046441589623358572878345975099807693910329221346454037770340676728961165905221516936296216078745619062220615616774797044891130381643457104483147594695974244446369898941918380623011422515736038279779504345005147315077848698266939386355974956348082913496596019152200924331267358568572008313221474464328537279627294669747209721877093840243726005552094136046167369454298116041111154960758980804778535969862720911224146525176339791283502276614418701005170640629967237279439142509145744704510461077995100727411872540461066372585107098244961647667920851216275285884758986601685897852785798072408900008362892777402680321349967700264544502126950490202070764670824926711308476495786360924498420968142894648852733266685712786777173477449495990443150757204
408 250398403752476554563061057554395473175076422747475219204465415842820186585689390858737312089412567748612186380233662847365238273103714043808843797460222015730119915422116033683334645313885296987974075229272191614714359199967511891975720199349324793792803180907804565600127315674775851869569000779809071476944152319626118873095503310699259727084662606528722798110451474169857320973579966121387756641374354163280220271663366854697158053057598249054341247619937360223005298709032248598125098697784628990736996650017759107387225935307067794401969045779342696417615469818422028839573907094109455136731098172852716204026605326736736588015794601808378886731880896968374789209467305507944742591490783327389573682788630378248219325604503386971574848085530146736918607140523361414948531838659691684095318079932980793476174421860492097872332785356973007713678644755258367045876129476056832050
409 -101661751923505481152602789367084562109081027635474938997012958832184995753789892688647348708301502505936547670374867116030286738880107901786390581768850138386428685661379109675433865997437430577117474543084509795574029835186809828142142400935825866279878091448568653633651690163958995859045014316602483019639325841768204262476774344143899449196373018250661456032843298512962072315273466245283429196397987790291769430295326943007046169541384889116062546533694568250540151275867092930838790071300559370239220639907210197599213729734669524527199432586413134745551880746279343708867006280208438785512825858178202778834801762655115054734412608334201828013143644169160164419043726036225565492145258030920166915212183933568777046195428375110459388322725239575188954499052484734469103926495834823742699140452790202151326815275359791736167110854931041131753529770634897020625708567279073647058
410 41376333032866730829109335272403416778395978247638300171784274244699293271792486324279470924278711519916174901842570916224326702724203916027060966779922006323276475064181297637901583460957034244886812139035395486798630142921031600053851957180881127575910383219567442028896237896731311314631320826857210588993205617599659134828047158066567075822923818428019212605367222494775563432316300761830355682933981030648750158130198065803867791003343649870237456439213689277969841569277906822851387559019327663687362800442234550422879988002010496482570169062670145841439615463735692889508871556044834585703720124278528530985764317400631827276905931592020144001349463176848186918550796496743805155303120018584507934491358860962492257801539348669956971047349172507101904481114361286928925298083804773263278550164285612275590013817071435236620014117956933740623686616648403087394663386882582974518662
411 -16881543877409626178276608791140594045585559125036426470087983891837311654891334420306024137105714300125799359951768933819525294711475197739040874446208178579896801826185969436263846052070469971913819352726441358613841098311780892821971598529799500050971436353583516347789665061866375016369578897357741920309227891980660927009843240491159366935752917918631838742989826777868429880385050710826785118637064260504690064517120810847978058729364209147056882227199185225411695360265385983723366124079885686784444022580431696572535035104820282564888628977569419503307363109204162698919619594866292510967117810705639640642191841499457785528977620089544218752550580976154060262768724970671472503363672967582479237272474415272696841183028054257342444187318462382897577028294659405067001521618192347491417648467028529808440725637365145576540965760126428966174464139592548459657022661848093853603447224
412 6904551445860537106915132995576502964644493682139898426265985411761460466850555777905163872076237148751451938220273493932185845536993355875267717648499145039177791946910061499431913035296822218512752115265114515673061009209518385164186383798687995520847317468615658186245973010303347381695157769019316445406474207820090319147025885360884181076722943428720422045882839152148187821077485740728155113522559282546418236387502411636823026020309961541146264830924466757193383402348542867342856744748673245894837605235396563898166829357871495569039449251825892576852711511664502543858124414300313636985551184578606613022656463173278234281351846616623585469793187619247010647472408513004632253875742243741234008044442035846533008043858474191253059672613251114605109004572515696672403622341840670123989818223014668691652256785682344540805254995891709447165355833093352319999722268695870386123810082306
413 -2830866092802820213835204528186366215504242409677358354769054018822198791408727868941117187551257230988095294670312132512196196670167275908859764235884649466062894698233125214767084344471697109590228367258696951425955013775902537917316417357462078163547400162132419856360848934224372426495014685297919742616654425206237030850280612997962514241456406805775373038811964052380757006641769153698543596544249305844031476918875988771097440668327084231869968580679031370449287194962902575610571265346956030816883418146512591198248400036727313183306174193248615956509611719782446042981831009863128591164075985677228711339289149901044076055354257112815670042615206923891274365463687490331899224089054319933905943298221234697078533297981974418413754465771432956988094691874731435635685485160154674750835825471436014163577425282129761261730154548315600873337795891568274451199886130165306858310762133576950
414 1163485964141959107886269061084596514572243630377394283810081201735923703268987154134799164083566721936107166109498286462512636831438750398541363100948590930551849720973814463269271665577867512041583858943324447036067510661895943084017047533916914125217981466636424560964308911966217067289451035657445014215444968759763419679465331942162593353238583197173678318951717225528491129729767122170101418179686464701896937013658031384921048114682431619298557086659081893254657037129752958575944790057598928665739084858216674982480092415094925718338837593425181158125450416830585323665532545053745850968435230113341000360447840609329115258750599673367240387514850045719313764205575558526410581100601325492835342695568927460499277185470591485968053085432058945322106918360514620046266734400823571322593524268760201821230321790955331878571093519357711958941834111434560799443153199497941118765723236900295782
415 -479356217226487152449142853166853764003764375715486444929753455115200565746822707503537255602429489437676152437113294022555206374552765164199041597590819463387362085041211558866939926218081414961132549884649672178859814392701128550615023583973768619589808364254206919117295271730081431723253826690867345856763327129022528907939716760170988461534296277235555467408107496917738345448664054334081784290030823457181538049627108930587471823249161827151005519703541740020918699297458218933289253503730758610284502961585270092781798075019109395955601088491174637147685571734201153350199408562143290598995314806696492148504510331043595486605247065427303039656118218836357270852697130112881159413447746103048161190574398113725702200413883692218837871198008285472708050364532023459061894573139311384908531998729203150346892577873596733971290529975377327084035653911039049370579118193151740931477973602921692028
416 197974117714539193961495998357910604533554687170495901755988176962577833653437778198960886563803379137760250956527790431315300232690292012814204179805008438378980541122020373812046189528067624378947743102360314609869103344185566091404004740181166439890590854436987457595442947224523631301703830423328213838843254104286304438979103021950618234613664362498284408039548396227025936670298254439975776911782730087815975214495995988332625863001903834613365279637562738628639422809850244419448461697040803306047499723134716548318882604982892180529663249546855125141994141126225076333632355736165179017385065015165651257332362766721004935967967038021476155377976824379415552862163914736619918837753919140558890571707226420968715008770933964886380040804777421900228424800551725688592562458706535601967223715475160901093266634661795451130142988879830836085706725065259127390049175813771669004700403098006658978546
417 -81961284733819226300059343320174990276891640488585303326979105262507223132523240174369807037414598963032743896002505238564534296333780893305080530439273493488897944024516434758187122464619996492884365644377170248485808784492824361841257962435002906114704613736912807444513380150952783358905385795257880529281107199174530037737348651087555949130057046074289744928373036037988737781503477338149971641478050256355813738801342339169707107282788187529933225769950973792256721043278001189651663142574892568703664885377772651004017398462917362739280585312398021808785574426257181602123795274772384113197416916278579620535598185422496043490738353740891128326482405293078038884935860700960646398830122524191380696686791738281048013631166661462961336893177852666694567867428414435077320857904505739214430618206716613052612386749983316767879197396249966139482584177017278739480358786901470967945966882574756816946234
418 34013933164534978914524627477872620964910030802762900880696328683940497599997144672363469920527058569658588716841039674004281732978519070721608420132298499797892646770174320424647655822817298544547011742416525653121610645564522110164122054410526206037602414700818815089473052762645405093945735105032020419651659487657429965660999690201335718888973674120830244145274809955765326179323943095332238231213390856387662701602557070755428449522357097824922288694529654123786539232960370493705440204168580416012020927431775650166667220362110705536801442904645179050646013386896730364881375039030539406976928020255610542522273246950335858048656416802469818255490198196627386137248382190898668255514500847539422989125018571386634925656934164507128954810668808856678245664982791990557088156030369881773988706555787394416834140501243076458669866919443735947885272433462170676884348896564110451697576256268524079032859750
419 -14149796196446551228442245030795010321402572813949366766369672732519247001598812183703203486939256364977972906205872504385781200919063933420189102775036175915923341056392517296653424822291996194531556884845274671698590028554841197828274774634778901711642604515540627077220789949260488519081425803693320494575090346865490865714975871123755659057813048434265381564434320941598375690598760327658211104184770596257267683866663741434258235001300552695167672096924336115495200320911514125381463124934129453061000705811618670469333563670638053503309400248332394485068741568949039831790652016236704393302402056426333985689265670731339716948241069389827444394283922449796992633095326991413845994294032352576399963476007725696840129073284612434965645201238224484378150196632841468071748672908633870817979301927207556077403002448517119806806664638488594154320273332320263001583889140970669947906191722607706016877669482528
420 5900465013918211862260416177841519304024872863416885941576153529460525999666704680604235854053669904195814701887848834328870760783249660236218855857190085356940033220515679712704478150895762413119659220980479538098312041907368779494390581022702802013754966082980441491201069408841623712456954560140114646237812674642909691003144938258606109827108041197088664112369111832646522662979683056633474030445049338639280624172398780178085683995542330473884919264417448160161498533820101390284070123097531981926437294323444985585712096050656068310880019903554608500273665234251749609856701890770705732007101657529781272032423784694968661967416525935558044312416395661565345928000751355419573779620611491024358784769495221615582333823559683385380674048916339609985688631995894892185919196602900324131097368903645550884277052021031638959438379154249743762351553979577549671660481771784769368276881948327413409037988174388482
421 -2466394375817812558424853962337755069082396856908258323578832175314499867860682556492570586994434019953850545389120812749467978007398357978739481748305455679200933886175554119910471867074428688684017554369840446925094433517280149828655262867489771241749575822685824543322047012895798711807007006138567922127405698000736250839314584192097353907731161220383061598970288746046246473125507517672792144726030623551219300904062690114439815910136694138083896252526493330947506387136802381138741311454768368445250789027200003974827656149174236553947848319685826353114392067917231336920101390342154995978968492847448571709553142002496900702380107841063262522590053386534314597904314066565381839881415603248181972033649002635313415538247947655089121752447029956974017848174284064933714224180012335486798700201723840269627807744791225085045242486476392892662949563463415762754081380606033595939736654400858804977879056894210334
422 1033419243467663461980013810219519373945524283044560237579530681456775444633625991170387075950667854360663378518041620542027082785099911993091842852539985929585191298307557176242487712304185620558603355280963147261614567643740382778206555141478214150293072269705360483651937698403339660247135935572059959371382987462308489101672810776488791287339356551340502809968550984593377272239587649904899908640206831267960887078802267157950282866347274843857152529808600705667005176210320197697132609499547946378560080602396801665452787926504005116104148445948361241954930276457319930169522482553362943315187798503080951546302766499046201394297265185405506996965232368957877816521907593890894990910313137760988246282098932104196321110525890067482342014275305551972113478385025023207226259931425168568968655384522289072974051445067523310633956601833608622025775867091171204593960098473928076698749658193959839285731324838674305926
423 -434036082256418654031605800292198137057120198878715299783402886211845686746122916291562571899280498831478618977577480627651374769741963037098573998066794090425780345289174014021844839167757960634613409218004521849878118410370960766846753159420849943123090353276251403133813833329402657303797092940265182935980854734169565422702580526125292340682529751563011180186791413529218454340626812960057961628886869132543572573096952206339118803865855434420004062519612296380142174008334483032795695989810137478995233853006656699490170929131682148763742347298311721621070716112074370671199442672412436192378875371293999649447161929599404585604851377870312938725397594962308682939201189434175896182331517859615063438481551483762454866420873828342583645995628331828287660921710509747035029171198570798966835261499361410649101606928359790466261772770115621250825864178291905929463241359049792213474856441463132500007156432243208312100
424 182729190629952253347306041923015415701047603727939141208812615095187034120117747758747842769597090008052498589560119344241228778061366438618499653186120312069253525366742259903196677289626101427172245280779903698798687850766174482842483080116177826054821038729301840719335623831678518724898576127851642016047939843085387042957786401498748075427345025408027706858639185095800969277403888256184401845761371904800844053273816878868769016427525137890821710320756776776039855257508817356806988011710067878656993452115802470485361961164438184629535528212589234802470771483183310052574965365085635636991506531314773852417255172361349330539642430083401747203392387479131955517403700751788052292761569018897941707600733174663993498763187881732227714964159527699709105248040124603501747281074598306365037645091231153883271776516839471786296206336218676546597688819060892396304024612159962521872914561855978782503012857974390699571762
425 -77111718445839850912563149691512505425842088773190317590118923570168928398689689554191589648769971983398154404794370363269798544341896637097006853644542771693224987704765233679148997816222214802266687508489119360893046273023325631759527859809027042595134478343765376783559633256968334901907199125953392930772230613782033332128185861432471687830339600722187692294345736110428009035064440844109817578911298943825956190481550722882620524932415608189926761755359359799488818918668720924572548940941648644793251236792868642544822747611392913913663992905712657086642665565903356842186635384066138238810415756214834565720081682736489417487729105495195537319831587516193685228344361717254558067545382125974931400607509399708205256478065286091000095714875320689277242414672932582677737352613480485286045886228499546938740689690106257093816999073884281502664224681643696591240298386331504184230369945103223046216271426065192875219105058
426 32618256902590256936014212319509789795131203551059504340620304670181456712645738681423042421429698148977419313228018663663124784256622277492033899091641592426234169799115693846280026076261996861358808816090897489657758573488866742234280284699218439017741884339412754379445724867697605663506745230278285209716653549629800099490222619385935523952233651105485393840508246374711047821832258477058452835879479453238379468573695955779348482046411802264339020222517009195183770402596868951094188202018317376747545273163383435796460022239619202585479868999116453947649847534377119944244946767459976475016805864878875021299594551797535023597309411624467712286288761519349928851589665006398678062571696639287395982456976476076570823490221616016493040487392260651564273541406650482472682900155502245275997409874655308355087311738914946750684590608253051075626967040335283658094646217418226269929446486778663348549482813225576586217681618886
427 -13830140926698268940870026023472150873135630305649229840423009180156937646161793200923369986686192015166425788808679913393164908524807845656622373214856035188723287994825054190822731056335086669216134938022540535614889635159279498707334840712468618143522558959911007856884987343903784801326859977637992928919861105043035242183854390619636662155747068068725806988375496462877484276456877594272784002412899288173072894675247085250443756387678604160079744574347211898757918650701072435263935797655766567740959195821274576777699049429598541896243464455625376473803535354575898856359857429403030025407125686708643009031028089962154850005259190528774310009386434884204369833074017962713039498530399375057855896561758025856466029159853965190993049166654318516263251981556419804568417549665932951997022901786853850742557020177299937422290266417899293656065834025102160271032129996185327938450085310394153259784980712807644472556297006227464
428 5877809893846764299869761059975664121082642879900922682179778901566698499618762110392432244341631606445730960243688963192095086123043334404064508616313814955207397397800648031099660698942411834416857348659579727636328094942693786950617307302799162710997087557962178339176119621159108540563915490496146994790940969643289977928138116013345581416192503929208467970059585996722930817494172977565933201025482197473555980236980011231438596464763406768033891444097565056972115426547955784987172714003700791289907658224041695130522096007579380305903472393640785001366502525694757013952939407496287760798028416851173278838186938233915811252235155974729081753989234825786857179056457634153041786875419734399588756038747160988998062392937935206172045895828085369411882092161478416941577458608021504598734733259412886565586733575352473404473363227607199803827979460668418115188655248378764373841286256917515135408616802943248900836426227646853250
429 -2503947014778721591744518211549632915581205866837793062608585812067413560837592659027176136089535064345881389063811498319832506688416460456131480670549685170918351291463076061248455457749467441461581230528980963973075768445587553240962972910992443314884759299691887972489026958613780238280227998951358619780940853068041530597386837421685217683298006673842807355245383634603968528252517688443087543636855416123734847580953484784592842093989211283182437755185562714270121171709429164404535576165576537089500662403441762125602412899228816010314879239690974410582130075945966487943952187593418586099960105578599816785067635687648135593452176445234588827199414035785201158278050952149195801208928806854224810072506290581313174579391560397829291551622764367369461771260789805617111997367017160959060996368509889676939948503100153670305652734960667116430719250244746117070367135809353623256387945446861447684070758053824031756317572977559302598
430 1069185375310514119674909276331693254953174905139737637733866141752785590477652065404604210110231472475691353130247509782568480355953828614768142246324715567982136001454733478153090480459022597504095185435874871616503353126265885233891189432993773295455792220968436164252814511328084161745657355552230130646461744260053733565084179579059587950768248849730878740689778811975894561563825052965198381132937262684834779917067138003021143574133393217918900921464235278993341740319926253200736691022701181337216782846269632427632230307970704436404453435348046073318569542428927690352067584102389736264682965082062121767223880438625753898404079342115169429214149793280280894584727756567706607116212600526753993900960186078220725545400196289873107492542920384866760176328357246998506822875716327729519045449353722892053358010823765617220513717828204858715917119854506591989046766990593997130477652705809838161098213688982861559947603661417822392102
431 -457611340632900043220861170269964713119958859399807708950094708670192232724435083993170601927179070219595899139745934186939309592348238647120764881426978263096354208622625928649522725636461671731752739366554445051863435138041798880105429077321334970455079070574490678300204610848420021227141348176354495916685626543302997965856028859837503642928810507684816101015225331525682872349317122669104907124897148429109285804504735065293049449729092297269289594386692699409150264856928436369915303757716105612328783058203402679026594571811461498781106070328963719380347764159581051470684925995822807121284309055122588116371820827731822668516945958425292515703656111523960222882263479810978427845738993025450709389610959641478470533431284012065690006808369924722973355468536901715360920190806588268234151452323393397798837228632571684170379871230471679530412527297728821371312016271974230771844435358086610732950035458884664747657574367086827983636044
432 196315265131514118541749442045814861928462350682517507139590630019512467838782651033070188226759821124206640730951005766196963815117394379614808134132173674868335955499106523390645249298042057172921925188251856927249413674219931719565229074170852702325228921276456500990787778053972189106443638367656078748258133787076986127352236380870289062816459707796786107335531667224517952237857045625046005156580876676087883610132531343010718213933780595528525235991891168046525463623622299202693665312060209307689047931969259749302409071307116982977094504171125435614169190824460271080923833252207984255030968584647590301923511135096951924793769816164450489236868471843778935616491032838909745545822028007918354328143101686194263858842020841176181012920790697706155569496002330835889834761856026367072450973046735767655701171083373252509092964757872350518546974210725664368292854980676945001121262768619156004435565211861521176745099403480249204980047346
433 -84415564006551070972952260079700390629238810793482528070023970908390361170676539944220180937506723083408855514308932479464694440500479583234367497676834680193384460864615805057977457198158084584356427830948298478717247879914570639413048501893466661999848436148876295426038744563208041315770764498092113861750997528443104034761461643774224297011077674352618026154278616906542719462278529618769782217329776970717789952356988477494608831991525656077265851476513202260005949358157588657158276084185890002306290610746781692200035900662060302680150636793583937314092752054517916564797248298449433229663316491398463829827109788091689327661321020950713710371853442892824942315091144120731190584703472043404892361101533725063533459302068961705757835555940000013646894883281002259432628947598091337841153918410096380091951503565850498578909974845885110722975198910612035678365927641691086350482142990506237081907293041100454106000392743496507158141420173450
434 36383108086823511589342424094350868361201927451990969598180331461516245664561588715958897984065397648949216726667149898649283303855706700374012391498715747163348702632649411979988284052406134455857620395138716644327133836243179945587023904316084131321934675980165683328622698906742665807097199498677701074414679934758977838982189968466690672011774477645978369272494083886719912088242046265689776135669133874379367469465862033800176406588347557769301581986377190174062564173365920711235216992284118590994011253231862909338215473185347990455144924458034676982373976135497222039427614016631705721984889407792737910655484318667518100222029360029757609170268833886807550137804283116035143142007196450707508607634761035502382920959191722495181627124610140005881811694694111973815463076414777366609537338834751539819631098036881564887510199158576482721602310730473787377375714813568858217057803628908188182302043300714295719686169272446994585158952094943142
435 -15717502693507757006595927208759575132039232659260098866413903191375018127090606325294243929116251784346061625920208756216490387265665294561573353127445202774566639537304545975354938710639450084930492010699925590349321817257053736493594326664548344731075780023431575197965005927712831628665990183428766864147141731815878426440306066377610370309086574343062655525717444239063002022120563986777983290609065833731886746809252398601676207646166144956338283418114946155195027722894077747253613740666739231309412861396164776834109084416070331876622607365870980456385557690534799921032729255184896871897472224166462777403169225664367819295916683532855287161556136239100861659531450306127181837347108866705643718498216767337029421854370824117918462917831580482540942652107856372688280049011183822375320130376612665202080634351932836031404406036505040535732198235564676147026308799461746749768971167688337294754482705908575750904425125697101660788667305015250288
436 6805678666288858783856036481392896032172987741459622809157220081865382849030232538852407621307337022621844684023450391441740337686033072545161261904183772801387354919652868407328688461706881886774903040633067780621256346872304267901726343445749433268555812750145872060718847566699656095212373749424656052175712369876275358648652526741505290343834486690546129842635653355514279875578204206274866764833725506005906961368406288594525797910789940766094476720043771685199447004013135664560814749708698087156975768984539348369169233552158453702577588989422134537614946480001568365807171767495060345531605473064078382615572274712671265755131923969726339340953806991530673098577117982553069735571298139283543730109727860256933739662942566843058694443421074348940228168362701809374025261221842595088513616453073284032500914674386918001598107813806682551972041835999504771662391710166936342649964515609050048628691011658413300141616079426845019121492943071603562626
437 -2953664541169364712193519832924516877963076679793476299174233515529576156479120921861944907647384267817880592866177469885715306555738353484599987666415757395802112035129344888780650792380786738860307919634751416789625254542580052269349233055455254038553222733563308474351979843947650745322170207250300726644259168526303505653515196605813296009224167223697020351703873556293197466000940625523292175937836869606563621233888329250024196293282834292485002896498996911376559999741700878419393601373574969826127483739290077192219447361636768906918673621409206389324886772320680670760312547092856189960716775309810018055158367225299329337727255002861231273973952234324312124782469204428032265237943392449057978867621891351509243013717074009887473388444746267440059025069412585268326963370279686268414909540633805270105396968683922412693578791192100227555866156823785070901478002212450372710084599774327721104851899059751372261461378471250738298727937293075945990894
438 1284844075408673649804181127322164841913938355710162190140791579255365628068417601009946034826612156500778057896787199400286158351746183765800994634890854467173918735281265026619583094685642231404233945041116866303486985726022322737166916379123035506770651889100039186343111232117228074215144040153880816090252738308942024959279110523528783764012512742308203852991184996987540897710409172102632096532959038278855175236741423223760525387578032917230976259977063656448803599887639882112436216597505111874365455426591183578615459602311994474509623025313004779356325745959496091780735957985392442632911797259767357853993889743005208261911355926244635604178669221931075774280374103926194035378505375715340220807415522737906520710966927194301050923973464626336425675905194474591722229066071663526760485650175705292495847681377506249521706774168563598986801778218346505842142930962415912128886800901832558680610576090991846933735699634994071159946652722488036506228550
439 -560192016878181711314622971512463871074477123089630714901385128555339413837830074040336471184402900234339233242999218938524765041361336121889233660812412547687828568582631551606138229282940012892246000037926953708320325776545732713404775541297643480952004223647617085245596497203111440357802801507092035815350193902698722882245692188258549721109455555646376879904156658686567831401738399036747594088370140689580856403219260525559589068984022351912705649349999754211678369551010988601022190436512228777223338565993756040276340386608029590886195639036470083799358025238340296016400877681631104987949543605258568024341335927950270802193351183842661123421899780761949037586243109311820599425028343811888336272033167913727243029981580256715258202852430577082681594694664790921990891872807245297667571743476607507528189589080592724791464153537493729158245575303199076547174317899613337688194645193198995584746211175672445263108765040857415025736740587004783916715457268
440 244803911375765407844490238550946711659546502790168622411905301178683323847131742355627037907584067402406244927190658676135322323074903885265595109775024283339581084470609988051882406196644785633911502016574078770535982364350485195757886911547070201176025845734008666252325669277759699436359824258599219651308034735479341899541367486268986228124832077817466696518116459846030142322559680379058698616617751481346834248206816849669540423146017767785852368765949892590503447493791802018646697220755843975646598953339271389600760748947708931217267494258937426620319457029154709359167183546872792879733950555497994226637163800514268340558494467339242910935370204192971729425188238769265601948737386245795202950878494378298805204101950572184567834646512162185131856881568513632910019748416766195080728851899277480789818850428219020733869835095884759642153316407497996451115176922131028569741059949427961070534094283768858579978530322854690366246955636521090571604655017522
441 -107224113182585248635886724485314659706881368222093856616414521916263295845043703151764642603521821522253935278109508500147271177506807901746330658081460636102736514998127174766724493914130416107653237883259446501494760275585512515741954467257616748115099320431495795818518643143658748353125603025266458207272919214139951751999118958985815967918676450084050413074935009412561202337281140006027709994078575148829913400714585780155258705337955782290203337519486052954640510002280809284167253382691059661333210341562600868645133208039096511873163162485414592859699922178769762699315226393530283281323470343308121471267077744625249533164620576694588394989692149436521617488232448580938333653546975175658298892484780537694876679396654350616840711575172327037087753314127008971214588649806543593445359237131883536585940656487559931081434987771997524723263152586484122445588447491893390513546584257849446948893933296290760058030596281410354380416166568796237670362838897482354
442 47071385687154924151154272049053135611320920649499203054605975121239586875974185683624678102946079648269477587090074231564652046925488668866639158897761219249101330084177829722592052828303252671259771430750897014156199760982039994410718011126093752422528601669426654364329684340066190527022139728091975152992811535007438819127613222994773209916298961586898131339896469132114367826066420462646164687400494490336331982913703157488158571643362588425399265171054377247087183891001275275749424235001375191325279339945981781335213478329163368712318628331097006265408265836479925824999384386759794360501003480712265325886247129890484545059268433168924305400474853602632990077334044927031928473907122102113993213800818656048050862255131259920793072381500651569281523704901756938363204417265072637522512705100896872561227948198038809744749959631906913353512523985466529753613328448941198435446950489195907210564436717071643665475431767539145573002697123701548337289286275994946566
443 -20711409702348166626507879701583379668981205085779649344026629053345418225428641700794858365296275045238570138319632661888446900647215014301321229915014936469604585237038245077940503244453431175354299429530394686228727894832097597540715924895481251065912584734547727920305061109629123831889741480360469067316837075403273080416149818117700212363171543098235177789554446418130321843469225003564312462456217575747986072482029389294789771523079538907175676675263925988718360912040561121329746663400605084183122909576231983787493930464831882233420196465682682756779636968051167362999729130174309518620441531513396743389948737151813199826078110594326694376208935585158515634026979767894048528519133724930157014072360208661142379392257754365148951847860286690483870430156773052879809943596631960509905590244394623926940297207137076287689982238039041875545510553605273091589864517534127311596658215246199172648352155511523212809189977717224052121186734428681268407285961437776295000
444 9133731678735541482289974948398270434020711442828825360715743412525329437414030990050532539095657294950209430998958003892805083185421821306882662392521586983095622089533866079371761930803963148331246048422904056626869001620955040515455722878907231720067449867935548012854531949346443609863375992838966858686725150252843428463522069789905793652158650506321713405193510870395471932969928226571861795943191950904861857964574960679002289241678076658064473413791391361024797162209887454506418278559666842124757203123118304850284823334990860064938306641366063095739819902910564807082880546406870497711614715397407963834967393083949621123300446772098072219908140593054905394605898077641275401076937972694199243205910852019563789311985669675030687764906386430503386859699136916319996185126114694584868365297778029151780671068347450642871282166975217467115570154139925433391130252232550144414126272923573835137923300580581736848852780173295806985443349883048439367613108994059346289922
445 -4037109402001109335172168927192035531837154457730340809436358588336195611337001697602335382280280524367992568501539437720619846767956445017642136777494541446528264963573968807082318773415351711562410753402923593029076098716462127907831429512476996420269812841627512221681703121611128075559612188834823351539532516411756795380876754847138360794254123523794197325095531804714798594372708276144762913806890842299948941220342132620119011844821709882864497248895794981572960345696770254891836879123372744219142683780418290743825891914065960148702731535483799888317000397086469644730633201511836759988533704205654320015055587743105732536498797473267347921199398142130268184415806950317443727276006583930836065497012596592647194875897665996363563992088622802282496991987018517013438313825742695006511817461617888885087056612209573184149106717803046120465082008129847041558879571486787163831043812632219635130962098856617127687192928836596746687565960648307410200484994175374231059949718
446 1788439465086491435481270834746071740603859424774540978580306854632934655822291752037834574350164272295020707846181970910234592118204705142815466592430081860812021378863268181537467216623000808222147963757495151711880711731392722663169323274027309414179527088840987914204994482873729737472908199653826744732012904770408260353728402397282293831854576721040829415017320589488655777307109766332129970816452643138877380960611564750712722247256017478108972281260837176836821433143669222917083737451654125689080208914725302799514870117931220345875310070219323350524431175909306052615670508269743684674920430963104863766669625370195839513668967280657435129091333376963708805696202478990627571183270916681360377015176580290542707330022666036389058848495259901411146167450249203036953173024804013887884735135496724776093566079208840920578054275986749431366031329601522239410583650168646713577152408996073298363016209793481387565426467474612358782591720567200182718814852419690784359557921766
447 -794067122498402197353684250627255852828113584599896194489656243457022987185097537904798551011472936898989194283704795084144158900482889083410067167038956346200537492215291072602635444180612358850633695908327847360075036008738368862447179533668125379895710027445398633907017550395936003437971240646299074661013729718061267597055410664393338461343432064142128260267690341732963165124356736251465707042504973553661557146511534749316448677781671760280383692879811706515548716315789134975185179428534431805951612758138034442984602332361461833568637671177379567632847442103731887361357705671766195995664671347618559512401313664366952744069021472611901197316552019371886709729113900671838641605372287006524007394738401649000962054530063720156742128731895396226548898347910646148407208823012982166220822400160545800585543339168725368736656098538116747526517910343075874298299140674879140828255669594256544473179197148305736079049351558727887299470723931836881127153794474342708255643717066524
448 353359869511788977822389491529128854508510545146953806547897028338375229297368404367635355200105456920050191456248633812444150710714885642117479889332335574059239184035804527308172772660372499688531994679205892075233391023888574143788994892482315794053590962213202392088622809926191521529897202087603088224151109724537264080689657745655035615297827268543247075819122202071168608480338747631902239633914713231379392930197632963445819661612843933324770743331516209399419178760526165063957404845697822153648467677371425327128148037900850515938043763673933907596617111736160689875804179023935957218070778749690258983018584580643293971110714555312296032805865648620489585829455685798968195514390667717903183290658588733805428114265878355469750247285693451320814259764820237536041207926240777063968265968071442881260566785930082789087811963849461952649300470102668764062743117600321217668573772969444162290564742730996052555176961443633909848264472149667412101583438541082505173761454094801650
449 -157598501802257884108785713221991469110795703135541397720362074638915352266626308347965368419247033786342385389486890680350091216978838996384396030642221666030420676079968819179445056606526134861085269626925827865554092396654304068129891722047112844147901569147088266871525773227081418602334152131070977347971394937143619779987587354562145884422830961770288195815328502123741199382231081443828398876725962101195209246868144301696835569079328394262847751525856229392140953727194669618525002561181228680527216584107655695899154024903779330108367518598574522788091231834327667684608663844675436919259567322361855506426288722966909111115378691669284030631416079284738355279937235866339815199418237802184819747633730575277220938962581746539508610289419279289083159855109825941074378735103386570529846621759863525042212786524816923933164135876860030881588009665790268771983430449743263080183902744372096381591875258024239439608924803860723792325954578751665797306213589322797307497608526281336538
450 70446530305609274196627213810230186692525679301587004781001847363595162463181959831540519683403424102495046269100640134116490773989541031383825025697073084715598042207746062173211940303117182282905115523235845055902679301304473918454061599755059441334112001408748455291572020632505394115243366002588726874543213536903198041654451547489279210337005439911318823529451840449312316123857293405391294297896505059234258533350060502858485499378459792235492944932057734538287006316056017319480676144848009220195665813096122096066921849131989360558440280813562811686276780629944467455020072738569920302909026593095749411372551059166208372668574275176169961692242987440278044810131944432253897394139952297576614427192277567148917759716274040703160348799370417842220172455234092195660247294591213797026841439926658995693869115576593164998124368736956433804069840320608250141076593411035238596842204526734327082571568240336835029505189387325743535169701696701994611395877474427290396451431011247757632742









