0 2
1 7
2 31
3 145
4 701
5 3458
6 17298
7 87417
8 445225
9 2281565
10 11750245
11 60763950
12 315315014
13 1641046720
14 8562466432
15 44775095601
16 234594444741
17 1231249999640
18 6472043549400
19 34067089542255
20 179543120927115
21 947310804572940
22 5003371132463340
23 26450965024210350
24 139957316003461086
25 741132040196564658
26 3927492928443973378
27 20827246304367371344
28 110515739172078156080
29 586777674010340559384
30 3117190634628667834072
31 16568311183260603051857
32 88105778156850011455073
33 468736977067260219322725
34 2494831472387273654473965
35 13284030365717917270958220
36 70759619183027154581180980
37 377050224098921690566663778
38 2009846121216109652711635890
39 10716888759665944037010798319
40 57162330908299366959524143367
41 304986009520398370822107316097
42 1627693519740498904795658766825
43 8689253049940812868786370344500
44 46398516336071174894418038320900
45 247817898848614423870730783773200
46 1323925607697497028747877504189200
47 7074447470467994719430298366877950
48 37810764979594182698651609804031750
49 202128988548919638313596628829494740
50 1080757789854989116557976177067711220
51 5779781475367954267017457033982805270
52 30915378418513459717681328046930546510
53 165392125212427628638090951527247497200
54 884971683451437184352888734812120923760
55 4736041877696679964905486163797908044080
56 25349580283241188374196100333846559750480
57 135704013405308312777470828364680705544520
58 726572595731722760882277948544338271557000
59 3890698477450973225448580108968816985645800
60 20837054192549949933351761222406755802549000
61 111610048508518081553676185281413176480296320
62 597897366503552391968351819125733627667371136
63 3203351372109155143927935186955202136771174705
64 17164668478501145174896218637817520744723344613
65 91985113899778343452053451033904338473477285984
66 493002849501181820131107378124869838062056106144
67 2642588764666139068462868217882155618859161220015
68 14166305605558635952529521149911751457805928763275
69 75950239698447624140592707512716524519265007397580
70 407235773161596197549733017095597699872696898127340
71 2183763924462979394284532551746185881363972133097540
72 11711358140877830368270707834572692826824093425646140
73 62812996124086904801441194001550432768962312865484350
74 336923526592991157353344577407034264042494424082980142
75 1807389271292051730374928350635926250341833408360215326
76 9696379154675567261512237615770040247327891226784626966
77 52024035580293549494208538422051361829383949343470689848
78 279147739684528693611657829710076374020116620708131768760
79 1497955550308998464126354768236019941532303736121861871943
80 8038918178436357867238517421220725067546582156373357803819
81 43144886488457520389245416524849840372926649088404803521914
82 231575864099866020119879147602300359283195514308226472431626
83 1243050361847828459656771361528772553239255369244376031409875
84 6672904043139089372989695625829434678350810653944417189098575
85 35823749653335627725230172385299818088099843596553787099250600
86 192334200161904274089029324037742440924092673510541070284877800
87 1032691574363133311005054784294770056587693906871128594070521460
88 5545142972118916978968793062314725903031712306473822992849065300
89 29777088667549488214525154276094503479180879143993893183866434780
90 159911054477263345389676175493267492932977317861551699523232532540
91 858817573146600179672354038060050019504904141124978444353948946640
92 4612633771484432040852111695610556724449393082478860090281189198800
93 24775481037524234478136581321317988620022463458503966593691086658000
94 133082133748701689496788757700029014097488604883407030094508393515600
95 714893652162697961460675498737116949031696583333019857458289268727550
96 3840490135639527104122948261996088980515522864221629122267383671061550
97 20632645319569403920675595983647767842016589352726474393886851044388050
98 110852565641987857434061665817976253300420392973388133317438029696073250
99 595605514489729526840058695458760012218260007887966097576811252207180580
100 3200319629865923155383210430084915465865898680935026247063372601463184740
101 17196864053908769875043073318401108676967149871022563111896983044512674340
102 92411496588713016179472287572446588990456589477682257869823973174313127620
103 496618838200505790948317822288678991878121676712736618166293170565512676150
104 2668949921188115217884207330141457574171398528908820472404737867604537862470
105 14344232964431568365307219254525343526726026318666411950327917774260223955010
106 77096299912437198714995994339608776955698422560566693770653398823645359521810
107 414389442715832605266603286572732716497987636892074841621866789830190736258640
108 2227421576212162852798648973370243913129689496862241218012843343080569317866000
109 11973315190431950705231764851974527986205840014211668933184248257244529800138400
110 64364193428362183118658294305106559146467778592493908362553778321377278463735200
111 346012548533120389104095533022288496240104869954287539256691229500569347469532400
112 1860187219811964693293442708965010510380360477762851098335017931323203360283993360
113 10000885335467128300070394674431317927629109118866239390662378365383190433272113800
114 53769615103422240626172317288260087409966481302491949870897025219717453262830235080
115 289102473080673279028559119772579488980544614240189232605652425328243436238540952440
116 1554471642550735520672061089677416297502763044009555174485209433361685074435437542040
117 8358524978657767464962760726685957369427221875122374295683731253437769690582462917200
118 44946104994751617299479648078382246552191517239061073204105329000662563427204266082000
119 241696184909138501919983518248957027058758015025282181509672322839917836232361828199400
120 1299758273210090509611349210562563939148016689606037607376403020531407556613949417596200
121 6989887722694264958948953521049515026131307365266858471171054070074689776351325342042200
122 37591735954144480987066142293741196223240188293713907686543465674225225073646340223026200
123 202175674076386603317892081889053896986631707610340255190714803112327118843741540506808000
124 1087375451984959252529127064257712905710234808556623176119292966652507360649841475059459136
125 5848493756932385620080878872395213754860690014338358770128338767065388851706021596140909408
126 31457354696540335822801543429772614209089505294150008243210775019142328044064813542940728928
127 169205242998230598656011326790278332406308597191238708366074793170292400942539195172189680049
128 910161941789452166460562227340533283947230506064384590941901203565578182129848942122906672705
129 4895945354722350942220421409458910279442815760208921617639918866301670338842628687931998321029
130 26337059628456199149265195653616994580906137956030009419698422651312782238747028690034198335757
131 141680686323263756677456033874803941700446724354113293508131090328179252943864661878961743237492
132 762195650401183067921699986518942469085970189737806880252240919554366110057260636602427656373468
133 4100478535603390919813546322037440592238470193374426152467020300415179719519868768346225167990650
134 22060466915292372311530445401156901259368772115796652768512521706036326228060079458619821013270410
135 118687985796749101906759854771163254274781820771199049123055546593481295779128697998851920863231055
136 638572993084818288620748800046667772883594935261746385773105931604885952190906000132005526790579975
137 3435784309792112492974151030555539581554889093737502932656050183557467977264084092323889048782543161
138 18486411992926611334100430892286375746478787692935708380385100249982615524082276486586283767006039905
139 99469650172176965543095405076746497416465214334169139866169645047366817876547476687567965771835563268
140 535228981095035556758289838036622790705993200545137992578483356150912976178663624543184004075414163124
141 2880046920193979003023696063670039139214984809046441791146624925847841429394461745672723159872244978984
142 15497807539808846305723210534685110859845439908855560324366562050243666056335005861314135344895327395560
143 83397219600904076574863469629071777076833363190262002310581059716352105722287668607207285631131276450100
144 448790176352145137908578340711556640272215815920678745292508558127970843089556400007166128929940027775020
145 2415157346170676425062533058627761537943853446171600757870180888695998076500909266064249293218808825117710
146 12997436226769995938935411152946002448651285703126530047181918941126935490704231174039780489655191961048510
147 69948756692927038547463235842847548156193489015154147190430514212102470280787211122006696485336147528454610
148 376454252901044410053842168406534107100034768281055910269961241722113288571301434682813398419778675737792650
149 2026068795236028569902892163956699536175773995633248297195307771788947433889932210688533737912189167023340924
150 10904501321747092386335145261366143733097754084659444492700546317715395957292478579276114272075021563299153372
151 58690383285959916335082975802270271013444290565818815445523098238824615269729918291352014924214014884437535102
152 315891159437268330876005372605535515767446438603435675768206106478335173436734633788916480454220810342709248846
153 1700267547073051226951441473127730967601670756150357206486930363643506526208248821033261638784071954068036422970
154 9151793387629432141222838956119867406475117954515665671105971083656307663362097009019768006890269075503191720906
155 49261108258709205411576064030093424913309295815693459294659011010567622348001321113526650631554452802156802780248
156 265161864586689404427825266824426472983037713604630677305351534979059915510920591894751966872171127156920773769688
157 1427337749203053858729597875036814516376928765363092734614616290697128950990894151790146146502806481908040753207832
158 7683359073927248892717841562778181172572773441053718087739170423237623658888002659595012074721905299110193557885400
159 41360339000338593701272839770830702731135546361354888964202796668806594755310803373541287474327535473465802675038535
160 222651448127188618621511512028705167485399085862484922017370026036512202651874707631050794470940173468634996604434655
161 1198602911733839385906776988316449738545367599846530938773207274919464858578272160297108512275813066901720497911519345
162 6452580026452669891594363558278623038000874166143417125533266707345454562462163622049320244825316805463745946889760857
163 34737586108612709672799178635540910988342862198787317081730557453684546864348045251243339569273957581073709466600769410
164 187013922646595502599753702933022007192340083937753556786502387961564748376747717147086148561293367506187709294734108386
165 1006830149895733171411635292036826278585952854536178226551840798805024754207587801633360225600913031559998615547867323698
166 5420587484790186444071652378970996376843629420770125720169023176808597606397460871037477177182254501261544609162199922818
167 29183964162897000189202301526952687651060410622193930158221809374879365971075488845609778368093325597377951995211931023075
168 157126666099551148216036550423657362307301343283021092617998812009326239922422795762054254557291830010288880611266306728875
169 845985860924281074148450943533518605075632621434374478666382322976526661130119403228086349644508106133518570242926466764025
170 4554952170167804937434366615556481126970956564660876568772851509253730309816427388117633280455934261518093607834002725233825
171 24525166086727471723106790760244430025492388089378787324932125588645517216618224370172371307760133895299744346026201704634200
172 132052743123133139677434674767389180679597581788536127063248662359784051516497684755975814239247003215042805218919821661494200
173 711033637308320632306437585428923285518150116593677109540568136469008713637634623606421695467188759033132361037074579879988000
174 3828600329899767113411612499943937222880771501240471456495980493620437205423188354848323404780025594989683873170483818763684640
175 20615648598672027249056046779876298836908088386909076150326465339235998285623784651352511208434383977069699676584503931593918420
176 111009712479532392411861636621451569149523106786335688675276686396919276613796412943829785662915093704853725495679967956037249220
177 597766920637216629635951998173315092739266416734215816427745433855802025272812303761426024356977999968885569836832650626839744360
178 3218915875044984163968595239523601831282553160251093012508604509974676135781049403264839600958860950462365410184654795171407244200
179 17333814592486209033581767694740549188660642417958028798525436986575235651396156942963873587097335290697413477245485420447606219860
180 93343775688073582460314600079228605558442480565363623817557390945425518327022643443967574730009368620831360549156571231824599585380
181 502670274195844377050258836091385475659719694842860664606326686623403314240872878526777383653438311650448307446332711447707532353280
182 2706995874348344857769465053940672070971951935120718949773105678167167838613830817609107642156400818388289681108139733544009023550720
183 14578017362594861428445193758640833076622770033207802173457946804343250794218601022161206769184302178494741655289709368712547648842000
184 78508330348459187427718369004129347388405141598817355085502214727134928387039673441123958308079073248438636184642890795978629460254800
185 422804264528640297879799826324818175937974827624198668846723412881090239106098218358488091766529888249335777641715112642804843344969600
186 2277032601658602939205383431415251038555001905469418797068438450688341213604696253650308227051366313255620321964329523468405879837818240
187 12263243261043952201818819833030655507581379251186646097357865063068035987102979162739705413820283653414257714610668567830387102442621872
188 66046160705188098864089195307132951453953009826748470937897727496008937198581119573333342040801045830801319403282796975143423247141250160
189 355709844673394909494039018592090031953406322793079820344095390617751754489500958452583189820809549137173075911160476691071379109602061376
190 1915800152711735550743217690921993763321673836200620500754705669137728594434911090679018569130181935778864116158107030086533463699888175168
191 10318355104773181538778199305882759018787161228259268103572779191476892154924067546040903686139922587811512769103551168956849190886933234238
192 55574635440219139449995340876675815230212094177052107123485350926468432855849702199925889677627484077848188856437596735137650546076944967430
193 299328865914042797797537444041649155373285960649347802485446416096322138219561458302950738181704056248010256918426416973994891628844809079300
194 1612227569317057966561451557428293478019573399719203470215431233511961302424440595160448418518352432908365321531836775314797158666035068711460
195 8683799608767291856878354894535575485435475459912160929762853455834845359440435500095629610135385861437935197062566334691612678147384661085830
196 46773394671118426841603424719223210295336726887356833991607281075001221052531786945590601677145915937289162512353747940024084453501853507383230
197 251937943442089258489698237120884961430155404245305227753695183142241242928621606640398911106702082794963070299594309288797756365423266512743680
198 1357043608339903574327038602779257494609584805817246396341538209211590123226110161086938185997459163048153293246390092446666141575992801213347200
199 7309699224198485859741049445575226729079668683443323297236507872434837766265520452746767257071814627249057984620838129272179536998246712087130964
200 39374099577701671337238465835746600078769940363377200966624874684773858514301234880993774124524968495014033214064532955636014845777135798859006692
201 212093390298898556578853551014917425259353859767912323619398397924816169117668241811119709685731575007138217855027700688642757154866682664516627072
202 1142480907892597599149067375879957422000507382073347974410463688969064197835589232273512002875019820225105894747134979381300294278643930646353750016
203 6154262747090112156425253263163376125015637583115645099397572930606881129632205072801928223435744878480952863879400409592874870536721710896919435420
204 33151892895052965762632317491063695655439753829752822304044212483683575766157904406224724622499322130287362354238203931956357470096052940738955394956
205 178585334208816013971869705020161793832118545091258150353867336779642079375994307835782630021272690716584809416478784182690049116862508471012045090448
206 962029444536324170126022097213466585594244251897292287333470082182730594563549389415398729896589365793420308742854126834108412617511041149181689772688
207 5182460521346679699739136302548084905985319042073358075045507313954165825348624837669287362910771488074631379184497930933166176400348089990606837383142
208 27918279829313481994826281274198367055985261704121356333738179460508380068172785373469086132441859369370373382653236576433698085232906832498376721208750
209 150399460089737741273320255157756012552252170439299117397375078030278687821726406143798432914688763016171400051685143073197541425231258745943579107903500
210 810230931877213975733713866835731024608256542257465910906049369504825264820298485028921737529558405500311648468590167281622199880442393489000244291275500
211 4364919463118909650717662521936896939255564076332026451922204793846363939512527399561189298500754176171182070495679223858078690766041530011787937314607750
212 23515189293302585830626325216314106915369546300622509081057725688169696020884389093330331044384030262169578063747330855815678768282301778238819073471695550
213 126685090558205585605752440113056311580706148595111929412411695813424555020417073273782645642659446171856250328886954497113128538854772223481427395118124000
214 682507254178208364844206990309316721331085196875230958534302946822060454386440712612949516339381642262010007670113109063056793784940594983674190863913202400
215 3677000862213448665012785595070296532019950480675713300041459038706359148226565175272457361524307545451362439843175647968302519621396639467970422617248213200
216 19810016751311027022642992163085826938227019704430491847585454963786975541865896715421243765591571692101652585123240263787812667104304618195181331439115541200
217 106728538447811435756931344986785824332704066556603337507291065569501828376183962418067853168553524151727349811099626266362151733592076202976467506448897714000
218 575017216172783616160144252264109719078522682588415717648550139143841747170787631410816728399255828705851218486474723121192657029593601870097899435582831490000
219 3098030278103479287726148338322472267432090319049119623679664210772883033594124561043605517602363252242799561949994188277612664902026513936633984642073296268000
220 16691484046072885315752319299514786407171560251824272571004637153512222112983522954521092648791088521623266577824597221577925521782160356390796410223315587164000
221 89930847978685935985542209975232544167444829940803653236592880925232438472019064796541149675011326545533392193792026280725562414458300478835122779418397082184000
222 484536868813064650555057012942764892101346989295628265446427041401148532057086025672249886660984491423140613964079098136056870124175902622159197978691876656904000
223 2610654091970105607570029606594228371294116567868802368086396209814840806617776784469633995971591782332781738110450378821864480943430349060200852893949526273510000
224 14066179684245301141855356653823018847198621370527031634589192272800215382048590976008851775424506702705638434245490040203837897578737115903639848453629517746864400
225 75789191840894851681855882540474595844349866668709147851285403219893280593877955151640188234500072566080219373167559466335127031809587256664908750625137521279508200
226 408359478050471316806956373340647653280096896467157906586217629807105511880571420037928742648261082665848436072474236930049792885674042098573361192104825996482236200
227 2200301604094797290744915341778491921370591630504999849074749759842213540562325776776250427890286328086455059731711570056763743896021943704498829155270253407187276600
228 11855666258150547468754560343594111405475082202680965780579155020707694138065698757251975206521506410733443786113594397549694834496757351281115656633337342706742007000
229 63881315844420067701274475974715115407418926863311767112397981521767358422273205620468521841310593337507081235130162312600762511130807909434952221541232819929072719600
230 344211870686777002066026113673010941435701122428790390799690902666473397575407478981268805105640446075107593807117282058810279502024822348055280441915875944407631026800
231 1854735142100669697775752159685462973067580618180319408111512075016575458944680946171445679299455740898994404439445614445334701562274359037652373681130796157440699375800
232 9994060858588114534651378736867759241490669079026624212773105452657600188379716638825407810788798651293085086629408480200254717855975981532553570899594749779833541270200
233 53852525631350391352421476256104420359974705200485180445399414577719676081475243354304168604798538711276772327790997334946502404834326120176153210172071774267000715155000
234 290184442898237373433535866856474843306607857772826119825584952889807642237283880680614682852982750906000176859449234535816236262149476699061107473104203621024092171147000
235 1563673603875850377632084767974813292999737025095897645723900472916711435911484467623126482264633968006682422129847719393313884155389781654276820434116841189410407173966000
236 8426010201690819400162622162344564659176184963058864602660355430494231582990651803412446580840929048829798771578284465641304258862838641711597643781500945587796016733702000
237 45404795066383254163963314988564353982799237389403163086054666621451986302151893686631065714115627822342875936008873468870699580366161709893620483367851108283367001846276800
238 244672573670109325558321318806058159696842000325784458683463675311609354523030238937842472924716830858638456381076131316121580355517703409806245672831108416276573413628344000
239 1318477308813173607873838396776804693827936684145499935822459648294951918812951798240550642930727601582022257817333737280715120179604763372246051648527520386892576805691295400
240 7104995336552648680959763186665596829305669308140290982063555127024032431444422913928867078531842990000242495040122091010228088956511424133733246431952243530482746425642472200
241 38287646445306551728813473783025386393178014660719425915189214232847399647318540118067853032361266210637955844937735090688532239002388747676889070398064551065325829922043745200
242 206327563799675583278735895952594923207899275802890533136425088890026704755080059700097970870558284903963090333055367717029007321224059915741633905792277743859971207004298846000
243 1111884061678911249532386167591771305164987481951233142581436760850483431294193388191452744278755692131871352357045690729839520393453978913635582360486573103378933747149784885000
244 5991911697994471332562062736108568088785605857450674767998278444966049962445534449403348717028929912502561322150431752366248057906579220155754971288536953744997492693546768217000
245 32290511146642842567592748425766504431859596832338525196271073279062236341013255639479039366649665656315281007663233686574941336034404999658390765799247008029413013515059055416000
246 174015535023866360001978529136603026836253016345335100869775582458650535566365326193803922817027159492505882770864191266769218176000648867741054163686740180676159584934415960696000
247 937788018239960866857995439755032441063522380567090313474138092966656005348011709976462752898358240592969560298696814313061048169872745983312183449701249820647787085891254295016000
248 5053879312413710886914361758110892108879143323043653497121152874016735451778085068235842420145925789589321597184025557898167122891707854600023340922777825435708268584211646224440000
249 27236327897400247959453512465258986781037471663327134215275569966003082993427060192768162191060682570123700692933878958411875141236441581841715648451571351570368193751111493343406240
250 146782984434006328378428268098234649849896702545791059644456455506038387599729034535261961723460208555029182877745942094709955623358725571723416966269557486495685251954102851466978720
251 791054340855494178113845726239205768711432504458341732728973267326011505009397846883554574545714340663153096840543984088654877207415675105151135036516934955177147737693142989181455520
252 4263245476049323254731413133810006963939073798753960921596527099137630241200734521551866193339432247708231102164456693094230447397137333758381663161972995332156894644411222770681168160
253 22976176153153758673397066762510916049827962410368403785479862302096891960453357086334247317817649114090457003745356190845945438505249983496264375465268478633420553843291896194270707200
254 123827905882363031336998658175176371150193091209933649852765142599343647893340007407037745340280163092322323117359604011011670342669048878961964732668010108319360125800638609376493263360
255 667363794987222868210445214446219770227994751184520025821396334077223207296909972789245638394615548434520213909946411665537131268032868928119025201226397306705759764907771609437658163505
256 3596748468805297663028102023785737305737396331364616573144512359549395470225371920500447625306215211424911124471209974220084199460691477362491627509975607909431614646688335975057716738405
257 19384775622760639538659430178106158190160353788055616220647898290475140044621421966681246503525420540953733973279477667295282214524868011808912224915036907388825568077387556929285035285120
258 104475570154484035920677175810562359593092373786552397861321938559277685537528512134890597715328004709611864050487390129509113491943115465820023976305023250553039179917743838138370425336000
259 563082404667912414071359550211689519732743069978705805765826329948693786650213590115473207733925374656815383217594749688207569508613908411853180141406043563057020006151234735255121930489775
260 3034816060869529661514927966453256943618285235261346830456318761772540969926852865959899895831584451879472800978051705320415986728731596734827623774720208628093187963998173746823760982696075
261 16356710866084050201654427876424014205229593508026089303462821911555753335305858825026516581706578922982750709216138553310321607348937011217308447266884933205176044264179312333560876934343500
262 88158205531660156724698978234711070072432822514350995950499535538142466661441754300208023794775678917193311097900665744130319359605513602354636919204670412180860035686900005838919905145176940
263 475152089901809617165620807992766426209534833675268164939497521766450621469198983485380737196225731298484743541571888582140539111146627244682751906729139158098242643565976683064853838409778700
264 2560976893323145214923301673640162335024394405956122296415327862027402449401152332817230576126056038570408623176138141736693425404930109193272289115530257326686999485498457109339583318016549220
265 13803263121595428740459513210827105160700751400208046139114994481315762541102185670005975222049909531730155646120556801237102449688400734255024043653744212394069379628580010908398146511029341710
266 74397945157587375866479542503730508445561528953422965385670127680229197572348163330441310009304450261523107381690236507868076866089230832328034062045251604377452946548986929883680037986038186110
267 400998879402338300905129081184848715665003476125267558794166994156165369777725268132166697702933801568931194412015830437101467310600952223663949321930450723085568236897417979591299405404963734150
268 2161366415969819026781880857414903027316704238214462948065857772245423811097672014693263057015503283286971591259513843732568289182625013037557909573104660441780649544843854447445618147495336302750
269 11649750874185926968909166893303821734112094134035789435562234837292113579191197574368910846215321505609208272183117937633281837724784614766281329362639432092602314898182897850277803025759101311800
270 62792511612095129010956145235053002146284448023326553745564813797234245994297430779686183224659170034997238775802444082352569464167389992043234555941824776385154434280871594319881990757835246761400
271 338455850840292170396142725011285711107605138307414796036515020611758438886999501854086525196015141995818553000771110531777619715455324606973365868797038668456911433631909106073945071294792106592775
272 1824312068183897241533906208740043342194763528622916955489307190204254458653703091227469225541003121045932089199375870115892387774380337979805133352794112121681258649988632274789328517451529731059275
273 9833296808597811005198032430186456099358274946987798417734131129112721828677760813010214815953785426952207647648320017831075319963191123337600852375514859632302130929675735824010723745454027219757250
274 53003195804077382625794999917354508104255915563267775846708778456952123832299536321608822336541746893897611183449837429654827566101877432276985640682415261734908627910971275493498630909297571998558610
275 285698416765081840835027090751590513583159872777248753466332097315567444608883209248188902559679957104058845854273722203366169288335046537325764657293464130577530853952892665541326140442814936791432955
276 1539984892967909167072680827282766689248006613375554661232723833254186631726330046634738571155815992876496879760749808309190479152851406134016693951837640536181387572029986145117423440311736536841757655
277 8300952253860383814670905684877131683214689800696820184844315159472759819786168096456744702224383585006984849913797109400131846245705310522912474400674604925275531134177572950160788009483418064812556440
278 44744759639608094882462113391420967145342943477167935207523078188128456288038015329424424601459738003134771375024415605306230563681532824489498462613100759748747587704468460602445686428143923829228755800
279 241189963204520662015443032309807928886057696063010655955724177393224532538249579223994125448949000682281061382188565043399098958516587275421248116397897985409327087714267642579022091379342033592685970340
280 1300106864485001031817513016404288472686473897875975813918613022666240838105010951379775460316293904082388145299441621122144736540769514846585597335953148742730526157914991378650461546201416687354870125220
281 7008121458889513253366289057470794815036127725636458174117437731647562435798996799427091445446185946577947902045948571485423172697268267120952363760992291938534408141676114737650823840944108857051838166820
282 37776952313515289651506109891916425030019123225324287336425967755465636173413059024137507102532187909310907365123708944813465851120427188828127470416483297394114380507058767363752802477344624317489238966980
283 203636172596939263507845607728240548097785028721998260712531317690249709647542733913586125024319680851438598197415200008493615373018656171807241402390626384196999057579355291703614048533765252824834414291000
284 1097704954587451397833998172530640450585047402178769126780704670461595911543923198801699381617209759479397901352081633733811333601803413942416388690011779335004407964468261349513135543453617635139230057261400
285 5917237421920278509921478450795637368222824152254707608767987271235207262676469438918067650834723658450732797880079510139854318729970938728875030448271053025208613596747999939799223709222501101196452396261200
286 31897380514768289681315651471502762702866726096697109412287047883511409901749919127481103106955821143680406034165389445049507955317515971834102126462243559371355056078951856291831469235660969528308731045806800
287 171946633903790658705568600014434188366153050249119060297426325279985067992316383011416319720997621037208900023309831357290541620532528521409795268380554675715359381703965819547647726320996792288184416993100180
288 926904421944376058450411862797035442603630163788894987638547717127306769178667833518376873770792741154086099422833038095348740670802673684947232459871477391849450499173952530184180649159998546377517967047865900
289 4996648836090960584521900895358975104028117638463725627281847442102558638035760878630767443043393102436083659174969462612394316968386203993207464983492669941170521199445132869127062513557863772160072042552276390
290 26935514988646988149724096962355846050818314728336982228942468845942613950373636244985923693810203320457970535319962820084996518388764297670531505669847129246259719470224480023372448045989833180032459016538821270
291 145202569406013461135982136021666748752467264757274326117891320562540872009060935685611375068213482766510304703393737663349976165164811287219745347630447348466092766685297954168901252489357509411287683495769077570
292 782755026135167184016093384225327963865077472323029272374219229396209041541810100896286316470985769585358302367150153793673030919931511606647129565093118088451365987804958514153668544370158414480845284649373060250
293 4219684267189518197400820312296515447145487143957398914927398848911941370250148992205320744217900272455635387721816738283155328661720175141532601995229084021802333467911605959237985917431800010623767089988117502500
294 22747651141052981142518145944368952710519799412151156043902239497617792077038623068458340224130493143581899511935726768421270660324238956782259966403392172953938931992897334593882303111466199359558964524601345490500
295 122629697208313672671763936602978315105523789366900244325741195358884452383620485106120846489753629937928148001805417384531302089114780987705474481393764248715123721371687924109780516695044493606816730948501681725250
296 661084888279226279457734566787843628771578869551313762532796185672798009764439104489750826789471446933610060459796666898897868870417733137580034738717785692354070381223879920320912369832518280317680603408056393445250
297 3563865160794684114662066483576481187753382374243457804404321303434531023200966738600287518804049003799402366231051765742466113616986841534738410614945120945100242434734282259894660137895262501081944874559837807195250
298 19212670848831054209272044988741132756438288183979499573528834155383676415705735486725802488465199662769244820956287032245342357372136990169563623071359262192708941429718293125034912368758780625173875931807608147741250
299 103575407017977728392734003401299815543194449701478328081752383895517750961019970384327384145485212973192095749973469626633873523942298607275018897672584659968158595741792397557459142779171945842528460618129898037559300
300 558377572474703997710746250546738199948252133710260667773308575896253289185296596061888083866673562428412157586516685098659869697429563670534809505896607188931692380024983245153517277511451339065740529459331406485642900
301 3010243862325613846359080764129588648728326070349742996091859750547768888633960638279039862980136576167120979616756936622163945249272182108773209245127773846020512306776077353317602135960873403862639591736361033185876400
302 16228477308061720445745698918555065929547285863485720585397917526211583615398036360027244036031352985033810561367268039072299964752026843072473845220180637652190382512538365748270112367836964998002065218142687246132513200
303 87489559449792495120096046017895394532212098000159527557445943166963013175527987571790419121261149057366735135726795101973860024862746212557352385557856019136012803423944577966150980517036254578955594063796925758179972750
304 471668676024450536989395043737052176441114133783616818469648976620243401643708725621236169790265174883877371768453809508756943237348151360627325893584939883298431990150193730066575375618194667204455003244266836078112256950
305 2542846672596331862655577848604507387917539467310393853922017206267729244316228327610220591771291686285441617170821491984005274508451674257959721800017244775217291915894762268515546068173603167340601702813327849032376823100
306 13708995403554230910455456815883191624955661995912653163215467344053072800528793929955322015239313283221063737787388513775407065690667328898300771330712795694308194071728745303805199790415854336875218589073923087411343571100
307 73908330199130800045159817105073560529804386495203301201400845252068010649362092565476365700741992232410453918596058252487706458410017212184433667683536609366854001859310930090217695983214673077266582700967212619536710195150
308 398458814037096659885093611899618688345416623946812693947023798369176835612205534804080532377415817074601720257741381627576758254058178218744327724359250144012000462260845675364055499187006755690425940330403136095600342483750
309 2148205176382573418870512786363344422359831993630801963694844768884390858197943369931658686202832871691584349712019149739030416166481169187206640163044546647778540952480105704097722344045224026808016306843651048160019205376000
310 11581647378176699042440834481746336636629261220947050092325168681516436202629275129663830591457883990060990286301813168253808904141607042026031105982231292399057599238539604701330127218990558681563188606367537148219935039494400
311 62440613472373665336088091591847943885784781527272843361333933165290126089943252844730496996518825925692793669566411413020031817181063468989565059019030314006219692361983891119609956380171207085399001412986582092942666487105080
312 336640384584693009829316308623536131431144688304773310170411645921552858180690642069647439152961806804626170001792210323493200584670689461617036824752170340409312709408343115680907077622509095082521588972640815749401681317491864
313 1814961774764480478060908124677460886222751010089277908614485389835079924448182903949690766008594076721288920655068797186968305318093996691918678267011944183064164735639283772907686345071259868501565890686826482152873846593761920
314 9785228071047178115240953609287732231988297979424820865032455409417622668281376762046566834214537799079704510121541859616017877916367179768976893832830970345173851746680609849219425891844278821661492548378263741875794164229270912
315 52756577027502886040953540245586132189732017214985174019681948272299943113548194605871864460706770198885070200328864205138822628110603383895920431385749904438749791904839470278261562408053235644892459671078177394941155272870290216
316 284435920081205564081026454088953355034478588248592692523108864818707929272516919509036081058053158916466556926746333511582106682306656813801905974819721062907369349715338246674320186603503783270036337138180319769675767067696826056
317 1533537609083024564317409798027230252338240974059769384935527278417361412886810098633705974585166104700075162987388278928071516138870657956120491043548976956380311568731661563422194187549860209094484270990739760191878969071259700960
318 8268116138317250681806174869801270642466529196738193917288864600565534569371009417513471420268365578736867354783866074253331994798895179128133854958637275591838240398670908608022479534107223765234426876514569437306810119750210789600
319 44578026526509376024867459785127120774515535646772200176785031450419176484071961436228560392762181029218550483045115184560994704274204736260895485771901268498843631555813015911103422404656914876089292765484351301663855941676401923495
320 240346182185669338955527602249263825892813893177364833974141252464728107971903368208028849957685911651902196685169425044481252489711162914090782677478464376654747819895170415585130734621153640991985037511674495063790850369375910638635
321 1295852956547242051241954156736849627723359850993095462347912620046135107641585360821443305936629156135418438716568485078955671197448871101479664121199517491683244169521149347404430898981472100273923270511715089819115423524314879315810
322 6986767852563327779782445276381353743545932197523982199837841414546673590967930314357534635028919253898693379700605367866271918032615913070167568852429522799497704741986940621374620208337185023115891900159883873027919557679936291140210
323 37670291695206576723343316184394308881373202586354985114966904025355415017684046948024006335004568327310689908765703279667375763091632457495897167031726385163364387794862635289448217757404919854921638666579589947115752484282523415925275
324 203106452402635037873510761164681085911694733686037508132773629584205106649665954043799403352378333311090859571736128451690008654690441345363043581420472238200919650026255133059992280590876832314999339020464791191526374065825082821057303
325 1095091764372603026515488013480351545741188436851278312696487400478912305554595425453354088551184175156023476415176900406824127382958065740791594159140272252171949395240509691573349862980747203360070770030114590148962790509344278493532384
326 5904448616605387295074105346627391177858524224848220344480766821870134357197316593126245780938101410464252485911517514182642307799469147272162080017137473161388192799959159410929997383723062483286949167578208016878016441546136862470106144
327 31835392745030101678092255566022652398360538428150046364628911282739128694276393511886605211623220517301389149822666849679099416734749020176816567582728474047074402559408090081566090937891318426946034716017019625810193337288601651156893082
328 171649717896682633754262818013916098527615908888913998346314176186797396540404708324427440682942603784069908603542238414367877373325640069609567999750005400915056446825813120702044774884481334642166620917601558876544309163059712270463477090
329 925503320524469673787345925428009625200716368693762233593773844145609016447052094400445548694863227297280294913485990220404317528053036510213102585051096057140235943839733536020118675302747022361107899541502629476869954049609512321111768112
330 4990164492128012976139206733724361179449450410449197406298974114731504378107229650942151443484624478463948884760195855068343078767926211801881351762002836235641480961879832708355686479358763594484152878527456359395989713272514538653486480496
331 26906284072159655264854158573926632555004325320931764533423209665769877345007993373354803864096482577149587221786674406115653829740678283379878273689887622758611010646061921342152658236390043625045277085258073007652918861578201880666221655726
332 145075659581708001769293516907569673823522661271364151586576837845896848204780073537918411860679802679398545112351987304547620809233492472913710209442766428406297853424029351200763727924646703775005279785701875077773652979772219340808705677734
333 782235176216506513662998975752350242616739276159128376513952351908608996128597476335854554935571732924107741820327140986875908173237723111743721623343939683992644653587011261577853776827048363328485358290193992916491135918621438066146424893000
334 4217762056093322210813084195241722796416136851174874577961517145346357135880461824207424568364489284441945616698606973275927767716143540239458956261608923891118775041962358257991743442268876549698196875523521744773201492093698617349954386736200
335 22742004612542131340466690337311586584127642737951583274423878243898396880345881623376429041968788164371238036312627233996409287785024512377782818890115600105515174951155358126997417813295855220056710039208323385585401477651660971248660716508475
336 122624523745857753442248849686436468332742054219489798487927277189108101956717066547933586403198339208158492048362894301001218964991313079549312552631148372844882684329582890890066582291156304034778780550177876301070425501816672939127760062818175
337 661192372990153208400113856717868372731051840669354715578437480025427467433872645431660020191135966350318869513082829638386440632432370174141973278608131094529791176038084252235336852336791719216593838993458447973108605090291540615542673394802710
338 3565169945303523926566128949788791663289709619630457211243047732051680390390828907529876825045050130038289950758100711742442917406500449605924773573265689488468349353735538356806158359687859320532558476991286172145821471091428167955150551259436550
339 19223591401085708823814400248377210854287071325163056994942775228450327653543238336378742406010798928644411651421104911494067963510115622200228509043015296863427156075014540229630320298533157453026090262256559336783977679538101180751442096398950155
340 103655104728411861471355480261130001773421559867196384175818426176338397431420871355615468107736992358266160857688508630410808558596160006804001871712262154084821409828684255175102884718946358727192849856022198851048521327629347703360223131262857415
341 558918814513072559342262101762243915920837338959965547217588875673486730566847323441182936075879875529577325595149384749952825177717043540872831716647458705862320919328977908896625858261200611781494546901054365169890564443465929172650691429997214640
342 3013759687744170604762322216337975919255468752682337795366325893406474408844154702165351105519487013267543411032580485999563763725113065025366400736032393730128422906424349982368165671197502765935735757064015035832864215210218628343542325691945642800
343 16250635699242096941580507234912065071129417212804825617016383691114632241302731861461510377215867915631405791189435207389009118071273471807172055390468737420705224893223200183486229259594069314033193707918363287219085553410478524590149577975752023000
344 87626188992332256710221717946670845650814273796572465489170501257869304767443533418792786341827756445945869350873156013067247786797676353803341954845278061289760115664946928716318451878012248975575026788460924109411143962963532276737478722202823288600
345 472497284474833981678789948221853312536750687385730416234552485421632615661026266862637621929092927302786177964595611577682668065575199282930373650046777463450813005709874774862670516817992232823499164638898140543909488565458210210402602522042522937800
346 2547806979179327328870279543022213437420821268852953037253080830904064993465813399530483145405901899586043611936125912500320549854485847136864604675896924712741103062985469884065154597326920097716076664045524951188017969985600944043480129328076669441800
347 13738380220189181557937308638905279516150043106498646132482929372055798060582413211480736140828256097302367763214013995904997397608992648184269972335302186075213749943653679863363335412500455577934324731040304754959015822136218369902757357500193501120800
348 74080914115814666402563501476512033991339655905232659474155984345504619873320028151072494127464136183428739387996452727770327512228453765237299383967758134439986000776838627205877863764244752094394194439483530555028601989862758725084243469348692197652000
349 399465167460638385592366796643884096646286320002052642143021502079112135778849479920795692953435488943477475300169294535356855219302532201519095896552948665882546034791690749505427421527517638307162774155152342927045071447847040484775806954742841270141280
350 2154037554253858848654897441178034586877466499918611931545581544889398216888393954099652023628477183640627788377556433392323321707156292314623223238483235614814474384615050865718960134518306522190330713378386682722224484351287069674945836058522382953631840
351 11615272083234458157564144691784485553389175138111411479118856779156245553843833754866673338404414109791982632463689916866270807523414271139457533388342558781328932610695522605611859586744670320774456064486383291325798253729305181843849693761216500626377940
352 62633582923035809165909314332171863615475994167847449632450596919427489233834719796994596819362991915886306151110223338329183539343534156324754676294215758815006122893710964997971492731461099920672840375153115955186274788700774741636093765853667918849418420
353 337743396474938356865735783070057202943358191068453887591600060444429611890695946251430306299982615690985880199442930584190388310200631843202013224897667480617899847622238733180257736187297351771516394723334577329031216809860352714320698595579703849214615900
354 1821244314680973879034293746711937090375147223069042806836009773776312437437895170270844536943661392051961679843447122961546961031401345753078566081289196011326157526947955464992411962838581190813649257603282100453482000181920384429386710066716023306691769020
355 9820899661639817850244937186520525227983845072221050377361930207903231545577276844353448459561055233509614045160890222782172161274708418139262971515783115847398999894190838672233690138936413282597074203974056639056002432976347356137816050408224219678094941160
356 52958545839360194425233600227250081398573333574021945959732147102831677824692773636853830148994370709987866517704537385857036141772282015447770193102718430379265989470555794838401134832921462220309829017382632132460744968298075908184826757939226030940529169960
357 285576543128629596116628384007212581902578480975668934232911326038506974707678355975472896830769595913491262857041353696293226870315678096264499692653249339716785391295862398212166845628837010621589170257965090131602434952209879048362226975862390183943136133240
358 1539964489687766016657410128076589163357914298737465070148426194046061367778530713108867034143854358481359186354723803321447732919180757919457456381068367465475085636913950744514151359697679738969212074425746813261346231770183925635724916812665553056351487091000
359 8304252863660645464707966733565977477664649925805970756092881459995468598370712850342934457206171166883193630385104859803845721985734883726994137963303493823638938020167023965543776250171267021855587971193622872262615469270602478558897052491845750289543720330900
360 44780825810787303881770453210685054965624610140863752784264617161037274597768394254181112318745250468374197961409504707096168785077359749349947007286079374358297306382969087819339361899347967208595523324410034566957920644022503468025651882888184457875430860307700
361 241482296347339200565235532547572585811800826618349820668268966869515385179616390152601489507780027147361003143154152275244352764076999022742624631775926486560905850911815894329046272514398092773377679245048541516942075177366351861278010976880962836553567180343900
362 1302207380062541685340669183006918769120522998164715589805400153060512517053527111268207954906082871900868237132161949992201562841488425431990072767058680121969918011955779693617893464171039213964976380421484727725018682249071434990466018264071217837913814996208060
363 7022255951201852425239235747379536567342122130587966744193168252477644971440910386894815018703232627770441757676235493879017589201892986786425404292479164162475410559143896770443736794144440924282005606333248642551850979999369381472225113113499446688388577315804800
364 37868211633171125900379041742678414884265203630052272027350257140684722168312782982179251374009131825623627905337770418148762657111525970805929544985017025916595400521701052828591854871491638307571854761787984676967644935347734820847871037954097999752155945479287680
365 204208852822377662146518435780712490682246774983508749369054233561145270508126045005794627016843108697950134569856378134898638796361504311519332564937493893653090209901745412155854105298752561779946403088302132373078618607785990970126746280618332667987154827072914240
366 1101224730803388040622908950978139638976350871979342653774766646564868027544352095012164239862809040808531973852923701856125667143636685871003544425562876468928663048550889454152133497718079151489742752970926185101866128587649103996466245216578005278574463382966635840
367 5938530044208412065663767867112409888022258949460380970537130258362891905169623730779764506373141087130820361328748811875953906328574278909987226264430920135067366508116850052808432059911388216735111964012579560512621192946262855973808336596437844222188568838251165200
368 32024588854769208322036739455571395290998285048726647681738593647333777617753777082339641115478103497332321999251289474453012946878714717091715322789179165440988870026870218529380085546337617487456527990551275932686201332041055307479610148407403371364823461348046762000
369 172698975710683260742814427675906356716148141260074181997089277693668320467753048897104551259061540517551585692306037165542382405105818223147206712743303626076047835219432170907893745097216980720237514616290735251528450375754188238563593024942755495502573176979854000400
370 931317033714951775331936919918515176198818082781897327654995978976452965524988739270080155196346916148486892105687023654841904677547687600136089461273186922039484971710706526858695794415018712332066180230216818246547580664935717037450210312726968428749538718879888269200
371 5022349225014669712201871462233107709779680210870037507547436262928538868714620252077103938531966001436088850176621795523261340729528850756862826053968485906484703762757521433445812359625194585658784718019337766306712650401257322530899148950156371919366146968173943355200
372 27084313855269132917586097417559463497653161774203740557885515430160155648936876497676590806099068163242402171783794462384127514455243383464835393476359185648428424699135014540912968280506623964387030989608876785881687267840945726304044240706125078028915869859395531179200
373 146059674341902106745612720635309223693111449450896021694137208163819451277648746984512158627161801172871404298079903334007783078615528195305377930477864543675562358324716272011074390552410480935393298248694500677940577612585660786497140573197876292547482083805892707628000
374 787670118262377535845069059178182314268719264158368359838324495023831868149619379343982817332016831066982849970495264891219680043461939216433874699429723108076297223477525863226144166348080437030100475334624145835961603670349233759449523215761312405475587102534262048020192
375 4247759849474404893920521579012534901380993449169337322982891683807895931004740454140288302291895904470857410930862043427454384846140443940959320827694249242485951802113995825672431841263844262238505375830854840387292406820670687021595446014273342994671575998832919699622576
376 22907467364078078707472687468470933230474035034077454393725986773155849928638346404122674054969285865787275178041114559834278998002726874054407047485069899102978782763357923404048227208225107692475135460669070197589104180691182923562892243810806160403173738370993997858740016
377 123536622821855428254320208904745696819417425662247655329271587554748531952337766650776103590243405069059187602801380569228843551397428030227974941113144242027360260174427648004224437570169582320645946456991910719370310049442845002517359015540895125321740804132074362291552528
378 666217278389206147384699184571147600994290459027262317286712400076522778318684375918499285851479160474426338400032568512177966151842773533997732115617392570785026333420724846327883759284067559168875462623992684838307220168595325280122546709602929473056026049249306563359311760
379 3592837462057612596204789369814808167044995356141983374873026052268490526300342997222614106971958085105429214845249970401886839885092535411005620488966024893206167487341467959732755562917255023042475842183614108540277299302913340623359446037344467048040716558743110681103764288
380 19375849482232996818359012864085964948465584937005120427402157296598906926467530671068964775923433309965363985796518481607198821683645393445394200455953648830617892421536785153631563678830470869561493309587298618112978547248519344360740943899336947955123156613145824654482743104
381 104492574394181613911075448495779093051956453111611073830259830685919994384345938249817103328457044034388085391030560093345250737274224908012054947886680984574638844277636270994950028438143477724582591693840419892667614511525200793525585428675955516571451109009684770196728393024
382 563522931549326492696874587448151003235852154667224733936394668443637738316236853539664166320592520222479988771688747605135501277733542657328715256155387066136747034004664132306446548504933436071799336194091621715875746921082042119309643931548558627558388348533055239142491250496
383 3039059744001758561587614668794170435255399411498703679374872709992872670781548331272539605938407149850840440386295742113191038971015346051568055155613241744987057091482390770565117670147379212329929178709085758722149425735388768073531709410442712230614743587511075135341444479550
384 16389599989697498637404196643576767786312647771863663233911518365307856854548142566037963688674731488416880171743665762944439115555064835884542028966069081829155153863563034750737907934836217628830890293869258952721326700292883082759810863656637063304322837491979085303468505557870
385 88389145401788576755068300094527745781831469835538001956807423886907080636781787558276962127617247721828184400582059247995444479548150335987843327572125019793998714110216486425665613802647514625038315561369487986083030149602759188437431315071120879346252813804326005913938963389010
386 476684436316967996411130498556488029883622774724656399333591535232299949470607667899937877403804855267555605670565824002854266335589003467796418734975780637889191315303149340181591446351924912476737586876341372946400521545863006807736770964632278141439713526618885532687690408863650
387 2570777317762578293248027687101996968606143654523142098335751086102492941776105806730355699052259010697211035834122228576406709328701739724043592243957898625914352079848119637403067834657616403243947018401056976235768904402603622128496754136542681042548651486699714108761608329225812
388 13864346002907915151855536309574783178272940768818203221977997255982068307385688327177405861982998866135750088213212895524632389202584146475804459826682487410855366043619824095806572264536900065565615477850304948249304300066538235852482200342095319729218733936101495200731355413994260
389 74771441175266181188348390416848491324240840911624897444155669501412338106705881501801019750869751265524842644906397737297739440744196734773728216486898466038719040165168206026132696663141180275242177550103968835876704786074841095995504199833718520712072666645300733825868742584378356
390 403249225456267562069400983188828421533823434658617830460098860901831316069863709992075646581625941722097463121194190551447078330203308426860686427543216683921834360232736927678165178611418267164898702540509318571882584493808130807270659233809450029726336241538137426034608637912287508
391 2174767088809916579122236892262217695302438605066043026744567120263038880643980868373956178781964726985673479489904112185867576360694410327040949358415780262321271912432715262289971189079497002151496414590227725633601848259244669930070110928983055982185447465303008311425903862718195878
392 11728794442043050322630987327771236814524184509696477795253264634289367253835567459875692981796660568407703952637351749424008875879497569673368356667888737324546991794906629563892025970231328903986367891040223600379680488744989974793859543658349132529393315809961828818146047089694790070
393 63255079105142361405288385197591455212635335274229145991489878700933285158024056975228537256589756185227631630439441865286427060802602558276074229443869420423456400814601842783772258831443266091131357438955209510786164337790939041627909085483046013015941678574246934211422938534491878450
394 341144858073575892316363181543150084902661441051236509585543542333691761577759895045028965467388724632931843205683244930000279365305616674583409141694094831241032291302388779741036992529018378863882140747873918312749193790150428211601071730110679922320301923386631544632338379167240162690
395 1839855212432171258114796083697315679389390406188947414878168562740979789744535199471380483950042790281977164098937280035945719106278933019401716247723170153422482658198480904639664176413341328458823028280940301785887168210251673461060025886185300187706512092537398052819391577524867225120
396 9922699732192273761709997160616514473542533409630900302448594094221701045377495333793442568018807481860492529835496034934842899480385524115606533944115280752881895792204319002905144576409090907591407621346934981520824815973620102323616023928021462345791589594848322361810552867136082922720
397 53515233997772054794862370205355941355873045823157302772996896261458668468439768848850131207070305038299779296749193636153508765588423054623078069475206893294784494472054208719037682675200101765763647305900707307765228228535523491943774341349726051233961226906120313923004609900473962999920
398 288619970734412830476941645761558988148978939076377855201761250236217611580419148688766286859911783262006853846847241470784234662496835953509095141192059150673897596117941342159142893590810640051164990808496611152927883943717122880406633208253739312828380787119523859486487854072016859170800
399 1556598800220391185045087889490420623159679485263569487882270757073148576266923089817282050714791890884544006124709895453944811589036993803569824396717108626830721159807621124835503735587370990914364068563948913582595483973877264287603897950633782818863520307928268027232379374673601046812948
400 8395148082744320377237590317561847558287185422658270742689369066606955915893894399594790340255085499589312000883558981129942978436285500858015647361791879755297558015860432108566190053474749309389966934170241075846172620751258108460559413937861355431023575731025172163195926643346064544017044
401 45277389645623470957734461595022691585081416856823871845765187423027562874254736165638557479654524210124044407053687567744351747469798064011948382436231425095706385315112924811923582178920530363709158670517327280637196372312415692609407968078979412938052009784120183141467225287817442654986004
402 244194424374914755390452054279342982802033904528897462908035004827270727817276588323328120623562765007104493481098525489716260833241823771720405613007875078708391296197561084541776546234563129373966260928663972583957975879814922949045802115571847135075512567099075515851942157613894030524880692
403 1317017188455735195709942307832626383775706404783603316138890705936321745596490074498903865375673599096841202978817690939926500391747698227739720488659910987945149832633144386730349056824595706176516027246231770314471277596441204295170900467538392048592264567332094556297876133512978418154651440
404 7103108888826225594639100973897375636460705697721385530147521658320644552916560550679297908602444697592767387776427737873630339847925949680910771032010708442785599168277284355380673199446844347769076764276964603457946385101617680110765474731568672798531785863062067600700481301884211709997956112
405 38309530105915705668690385530101377554517369297353910885571481748450918927000670828044311340725283318996393713093725353009084989267759497966727464111755635852925892482453525812143094439472215465475952119484366365436007407575438390299778247300643988199662958493558490182768874705016887306081227896
406 206617210866438784508805391252343418507874463388050929360843985740471781232034366124346453697416588138077791053475947762591351561264488111423400597267554816339070168108858185895641565443339251738986319838060035400485270643120986847613359501492878641146459114811578735716859482472220757591518526776
407 1114365029294051270903370446038315125804492663147075269997319371872003196901067329979692067132981692303584001947553518503734444919844112419874759945319976323220031933538251900203037170987932209774336870543919920556855484796381379151851103845020630075764327832971214894472500169450982864397932326364
408 6010211549812232011070616845377466339368434469792166203597753000383418712538565187304301221536623026004920107960370771543788948044068011777342136414258272323783062749388128410080504715633564913714585222758951677927416859265872732739769370406810644268156435169458145184147419916322444713872989794300
409 32415545943410186103506171283964874127032267563191945887748408594429425575389972456042497853415182216853630659947496075742271837812205199529643649562827613979030910104193481878347027311589695634888064604604207295648919522069064235788106384625707686841642900344251585572624518455069657031758434887220
410 174830908098504512000801814376318589076109453244104097502516725447963607607402418454783383895213286493754300269520951675263705829803506996197605565740497382330148265178936543643987821868158484909137190731408550377949505348208349386169218914014721851331754013466648465975799423796645209735705798098260
411 942940677953656094870599892328277363159904976504164103238728547609039445039958978971620564876034823818296711886465499327963846205841151840263948671989033765538645256968826907389413761085202636509675983580050715872408016973101109393916683665001816316107083181881946957184040261331035507479105906353040
412 5085712531798840087295793395893685941885923431655916004884938286470921600072325807842929544298957073023357585870769249126330132039774852793165055966801006397996978348957435300491873590688288450395126925305074870644472542093379164304906018709652587260403335341371132854307149383413694849781087963207184
413 27429665886894193760387702499209738329549597431101049380915077848405928408727643588067489141901987631000054258640196923384117250343072316435064243204527672594113659386293346546348241605936428585610956413595245210889117243531326959773610089451098756214036335060148141321281975193216112519070340781215920
414 147941662070751609859592601268759159066165242356942274955854544791459067590136086260435454094133996159300854383236150132026172677570142292394137343080436933925486847636704276509157538004729739596676851082545236237716085015419746878635200352987325193690597431621576707497675638558727868098420466990045232
415 797924370832683250917170693712462893618721118873638708277020308550228448964492659033851442785162736512351662356544056028185348230006121974986420946722064050841973742395234358053499265746200025282556335651349921991123118870379325463604749197988443938745986647359762376127109701459320692305469378698253926
416 4303623006117950793919441907154988467435183276245804042541330745278596505604936593528683922200248736904031902217199298890008474320141889825454076222854127898007898468246962795574715131210931520414363338016269925775517454973562246682577089023610124521232575438440547395952186777561908597285838713307013366
417 23211754011836732819956395116362790889322375955070716600509380836818849458819329870931621347231770383717567725922199248443562047539593779644645619255215913513255297954040500002714388669882675186527175823067838217866618583788798166310467019089485659830018621483337360112427743988928896214405827556443317250
418 125193834315617163648524052196497702474685553317979668876223217363592801725387570575036915583657199939710944979091678865752943494813716892310938476652128056870984801952296103682414548789579465825373418201123824697519478013374552267092919549421885084472641641965894776634866118007461496947785015054483991250
419 675241550697696141813234459545074673905088171412871857793433991425211467430911661291553831891297572433585215114294589673636143167602586523742694024886732618981625409044482988043253187465146573838607879646267929751734295990921222282548175516123778089761006819986945040187198063667860427426006007844156039500
420 3641972036475127877358984105611528744760498965472840502502199777286934530005134809817810222162826792669172603277711607466538255253105247101280416010205471670054973092366498349929782452731224384053206059348682252049889967217885492684712042748060866454077123588651571390885455673311563179262442630580197683500
421 19643337566553730565878557245179191560647720126783302886226480026546037843180148671132247611301471323631736707989073900872610410743979470450441883039469160578434940213111911521455572039627129883209986102301805606533400363547842402698638495910503435975157339329758883534360524702786962575145387468831049538500
422 105948587710249087109815459199093137461176263081017675194675446908361704658540198096205815451813359756308555479326428289289606764976736103524228462920483892162403702200202681974744307636630673203642447259957755866230484490394986275914126449081448900411968750854239512286233501543639029979860542637184551238500
423 571447421110730846779615177659992688886732317491734558709816378048385061319724122271970770395234411542798192793396057809623472595921095196440363134557405722857615678926406951069732813209255010773843861029509921104649802754244695640427126117565818945223562735502485258904251915996358753939192916284160127483750
424 3082184199500511276756018356564122718232685680901850896451795108926070761239579526686322667111227953912647495000596391622357391721380748094106891368754360603771309147154612731880896389831328612880308617888161927377872805777778527986668342290609276937907353839713475817891564600088959808278805262978293126496950
425 16624251640354458864636779956909661529199352832539729849965495250653262687967975892620589830267654861477134756162960781513687249517388721259242018528348272994921250591322711298777351535769337379711308992610964062344466857195909509792989253224630832083703167883456198213548147012538467413974314821216766753050850
426 89665797334117591713437877401940564098241834048456061885095140944840648922028048333876072749790131546882396814803547114556061674819751695167464665153419941864261690071759346823247961987105276205304935755443774274822072668053317162954950817518166664158579476842603302108542571378210411725057014709970487278204850
427 483629424401636676811912384633115496842777886171575897862377058710377379578161034737440774666829354455746848105902432947059936288857078562796062005281923356143922550936786223497619947613290278098723956120862362095851011441641252323775263776489077575946758407361097148796629998336582474294862636063986799701056800
428 2608553822134234164687411820091584876929609074714683815796633855567789473563615059635893280380775780916465105250273365374856403260393696047102474812375930762693210343368496420808706823528330506354549716015830744894057075977371291052182720503960730610823421451613112765399198011339868633452456000276329899284996000
429 14069804647620650106878162742228561732676182991252892405736433259815335109552057009797689505304781413623340246822975438248822206169215244951074116464618281681739534351086327320337582083993224581068334805586607338978513401029953897015050699598947159679462111173149057307758533529471059967698758626697908334486316800
430 75888768816980238040417680066719348918500776618579233467598175384822234578453146250356398684172850874487823724139130723101124658582736165326510824939557232659858371488768826015035472723946278019533749204469635578462862377142079310178196617826998318999559760734593151217475377266294784397371693585007737287338054400
431 409324853678457385671059195879088557543012855001299677501097876557467824236047889307517654391235386603690905982248924991787121119985618337380643379083288004454116252135599340144518577186799474922788260621594701371277633694927789176718757471489251067455813805769886195278904094887038725745968459774563300441368856400
432 2207800800925994546387019735739573782886823266790723758224599385758202068290148071300929943986715640810864125632279517259028085647957553048132726973115938158663904047740559403791253827425606189315318251300743042501201009725046933181006653334327173490224581055394735432852282430972316340192251207291520739721554003600
433 11908383591876129849697350548750628441770113295575645614715534512017271430054437393728125821210156121880093167692578495893978107327474870011998757485697823259878798962830444103874948978289812969654312966931105551352365068589987277654137902547082993477588748159568259683010271465346633599863050989143766260730784360000
434 64231327402838148165249908561279263215912758689092260192272533462174535734823137010943565897889407674877299519955642674167041380389018172165452402965249259458924324477256835574108324499147508983912214874348752313567586236047793941157360632212478678040412820693720352992746968916789748542567720570597704467451599784000
435 346451244696916152352251872460164202426485626536434994779726439410834869414578159325882838852666427239528569644081927315998258466938637030078787870298297964610190356755795623770726515115656777188775085341723486797400840233447568809840937180740997290238718999534963984878389414690190008380382094078560389831583658246000
436 1868695314328752414958634480986941597896141928188623578729026899494108304849712724748839846462825015398952663751725078196522888096979687324134859236628382216584907868279986395666362779009706628162744692148337277379517095727574835944189499250894275887465261896562088004052109758232795479184258686515173536802902251370800
437 10079430716683683227326184997581629342316882411398577989705730502361624934287499899837705024513136146256766731889144307681060917676989731371307621017735160974474064426072020333224063275994117642705012079210132470537549445615831973862745358372804941643226051420014257079300371953568055689809856643340664069277917371743040
438 54366909088962192626994031063181953120323981027585917400005547470806361603081302745102665565042499854553078859408579616389066795385530844178494475794605418416001314756062857424582126698555718808735451719525436011390628800172359084420024601410596117889018907884922156988530453319947766184625579622416785579948997089531200
439 293247560592072304997552475569169953025798126720025505576217625715297133852693991713606430470215498709696821109846148283430386910155576866455192572497680844780605365032354994417615855676069848502657605792393698400655991928970518756316459152495649939037849549711141352222097518085249752897118437137451035762299481391716320
440 1581740717883886451974566458073736890751297996596296387913668630180424303231669328282519834256631723419987206477439302244501990562695204711238804187162695059599538819485923289071649542113227223429525629839160522506973216691720544133136911417447597668174781635308707652798650692141051860752750645281736358365526214680801760
441 8531733814528426142057750193098830090363979917197201769265612572922580510191973890698368466045746608722103818230507826396328260225776916215432853758483149146659977962893056439442698769288005349030555715814855740996542314237933850328349550924222369278055719446482960537935116477543160753110087897484232379766550835427704160
442 46019342672091598170345145660661853451804602033389611994726998950600513064239178914977177543308981198927617960769896725307108611900150781809734439762979060151578171978792764510559627766325543024482839319455565797041153760986287515520913169426591947093180250860278239097207063152458367896900543162715013772766019455086613600
443 248224492215728623748892342193218779868359857342441871016378445332245673556344766089696559909445606709740725348674598356780034378876430386398213993695370808064906239281661153057459964564550597484525925557034951766078759110287932789055359485487344637811651169897606385129024429300155489584907985622863769116619504598570136000
444 1338905581498027797648152399577817086919861869311627958013636342100179488883762046471301822381447761017137779433356420946498554782152429970815182464772424529649544544207999676367786030155013638318104874605146746228367586232097687109376543408683862397244234449734351105130088961332204324464517825174341184946894950234030699200
445 7221981461385051932053352035146917963866694130048693316267471287321390565254812795704520572292948389468633002553412389385234255996302488814346987354300517258102658542216691584251123867302621549561263388205146054728539875325921583707029424087768703290394387274492258769384075728189448673403840606618367966850364487857188201600
446 38955060020183302315145667318185364642337722526208494713972003632419598297511209947423648238637131559705821869215456055755649881902443975501858719776560065838460536999589571847129539075413647210703522367545950903419099787361346632305086892048509875420752198510750870950033094260269248053729470492418381470952686880526191849600
447 210122458138767541335190041710249829060288615985951992479159114045131314625595578589500821106695508077701161674061948767556522119406938694356283271049146850383262925297438542850532726860285137530490330668679378323388477741167464457777064322524303208677328316712267629023076804700715201916656115902410139438293113144244781023600
448 1133397236375822332394336560867195631577439782579846629670221786044932642419842063306628893056206285901553981053355886939753002166696402468717758112904814191191905770950503865372796763712275945063610775830930809991680199002715605112129818154179335596982878203710582418050206979954420538273568670576610580472388899839596161594000
449 6113542035117234529441645512951737097096687248078202015119799485285022047471132715544861470734411750558731388725280467523416292950777275687804365870334059745828372490990818644225865767173838392338493871492537751095764335750193053954742070864467973654051229958437618572538818535146582729128022220780572017901117361879963049012680
450 32976512797505041031294609752543582504162818459558134600004247461633741711634012893005290912592957113888117807168769023274837730497055492476763658543374432415066799476059002819307151188318558625478666551972129594969183520950476829719504196908191913243065616485733676404723689738510032636758515051134649919895891390534410921164040
451 177876108864079550826259801496510654936672271794189307568300371077479818087561194801658590850019498429953494425864891334319764892234186042143618443832836984736938104672602138864171138787880368029385787229044113596901874970286779381531931089773616763418396338652508702150720524133613138848871761350020371809274547421975821989159640
452 959470387520984819581782917176896461848647876447077995675152139496892684363740607631554664862843640659446647486756657953260716677166334652893636047379806437315477130700168796821588405570296717562147634633526971399031406952359860183015868636291186054979204904424463709867477897492686375779239258752745692008761047512560410305180920
453 5175431780698644330425986343821730273547303416842486380659714206077019898432646093741512898767299156803217054392631513479936897351205074690705089515056210397206481367345377101271139069187725788596508741378834183521465037533065332952685203669152011844291293667525400542932371220745744354677816419386854034714425603905889812276060400
454 27916608391280031653471775873604867783695287527328815352865330173178601670314209213195199330079219345328060404248291058234473369113174089894629972747448308459470787546331803597055253660875210679110452148342475122661399305016738595464053101510951961425646661943642822379989027617972483493785535397450507389726128836989801428996036720
455 150584325852992102624426724400799898588979535693993046265832287679794012848289066469738970018974478857130049898958679175018388454355869610520288101052458396817193666176182292598773913949071025349377748697980534069051801649028083126800917125942950899243632313204705616451707457081069530228264393636728007984472368082331076324938144760
456 812265350531303033918345528782784557254474514580863387246500479418878349041297456694044133189239367774721354907071664559323991636647653325466175691611982549641484950613018595019942841117728974125481993263102122956509289162009236977596614254436833418208446084173011556387064623847804049185499663444765790243205377435748901834261373560
457 4381442590254739219815322969344421619043402180081244373413356092882467662809075943384945239100729588008486215908705331055589050273515834887639261372284541761524925488526234507331346848423673808307610480094478508153178733581350946858642655296827476784451993493528651196853634009411387435501507005523559386031355980097132912545068782040
458 23634006920456751073947763727570090362084828020023779000426753119636674650736069471339827137813351178244577075060293246263315078293557226136453642702305022589502764864451607939630155340152452259113566737747113618738333632917642598959537431460853459825448647943062485207469011020189167734661433117474402016372597963969108372673074735000
459 127484862989160289266017944920265881128319793073093603531686398673126137582805430961910531640719410810099702077243620463868325889746456104980661193032629287110134735331497615334795976269305811388698856237812017777405450383708164070776996800298988810053491191370672217268524262690509389117160564363524197687867515057066897981316231674000
460 687671317749337248595489305470456959187601076430489073138207233964265656029165869455391050117430919198884841949394219841310808444877897063092896299084674012600036585857922676343535036308731358222965821347069939431286593549919672730835744192058482064739237179070565820411711321357923540913343498324093442271108045324316090348710316482000
461 3709404727665816652216250247989947282372444708680721638782171450935700074200447817967387347319197734681815103937900318333831960855752019497976581493453998059777806080265969780179616995853260124413064083964765157584558194023767698839428808770704180704211674720339129144290333038256783655359646941811634440384011019701930026699122195856000
462 20009145795066821468080312976081497229357475463556072187711875956930044299429529695674568632784924578256428399754578564270970735115478102446142448466114898137205225105808993928125473721649747398395971938949457789042251189588971055058510792864084408855514649682900198621021408826816481393099739484960720835930575968383422894826388224643200
463 107932910634014132771578179810905371306323981884287742109628964444647387611910005403936321528741159410956874035970534144273100651788933904441394798073387988699758036638818392126265612594720887742430665644909769514311401661892280188092116464731451713724250641621268890604070630375055322265504044025780135902680781641512098216439207440651000
464 582210773180124610923424565606755878171077435608028954917140260266492904788166441189779191081121915678049892474418058509783182262811769815139920065095366662841819525688390036121858730172216057424986094955747788193440479197830714400722025311155212522317477426917422344779939890237347393989326639776433205415320183893561015373954165526352600
465 3140563577905785756824298895911391690345814377590888888100538206212024435738561432211316032988572051765170042312204117355884400035833219668516039740436426120534120807121921658475465553713798340553165657316378217601034498524069714910026948638446537373988246691951130308834178225556432127041462009144068106383836782141667012997267623754176800
466 16940879049087740678674800865915502419992661047741281307881283406612289833893108976738747764582886283616333910014007153688711801361390988540933608442685658489887019315354973209963355615959673859914937087470896472772848376109738427906271082295749183630330202258649352328077047385505346887211532729152584484198126719561585263077624141882848800
467 91382974298374309289283122692522850754483642580709389703586344981281789897346549755662320738062083859097556000529092604794782453897893927273428715433734336009882627942843984832305882218184347682365642023784288037894726060453874519294962792761887021835105615281226453117057633483216751625261506020955627134137218165067509343905368695972241000
468 492941778594648209245748245299922866770486748388844120278170135762934434154388005352798364473151091911341081174660437911602569310255875158396097602389225724800599009944834330055488636738229108908806079227319402422370944898734236743351950330938067636378032493670771469546718299997792284134559449482605684747484072880441607235798671020569685000
469 2659052751658025127277997164146884807563837243588017140788963466453654138697527452149610892462325460388510668166110521696478620641177072468498375938518131586506632970314890898061511351839447798340216456845047099155430957436833968657572146797974271175462347758684074702784772617479160596784896005795821859520725114369975652399426032534052092000
470 14343636190157036193631955380405590159399115493459961860404993925152424103384269155033483467857306399088976854177062040528199237707280988311193231516706156125049150924610726799143609507816789716751987951092316189798685160919668195771827209415363931204259661583425070677878380804314837874467876903782473371182637957829394794582032100442273116000
471 77373554395672321049625783838489171946153684635217487041689046615097004322903478259652309463736650999500511342724953972739723425433584685642407564530415483894368600729595919951839758838354293822246662213224965259641960486820851705551714725864232923503792658864432070262285027945474122084136937392094949660256562210774287087732961582713811246000
472 417375362307714725250899119809025957667414784032703993300601918100119944658326871361929501566698310847219018715885162821316535960528275336919855946924165582017723533831761539913857058747401756324220905865902002809530580868999344499643761683007083722987888967921931939769217361166803414610697369365085647038589476243488883914353986777985763326000
473 2251448619835268667121180592345362744515514989674318945523873224114471870911401731167887538888629070928965879354100420676062856883849063860319384429613287583072892830043608443694548311236511241929763001374605130639981890314267769045172688481186245190602434834869935473889731872434226562450849934425394548450531456085813601384403364946277851690000
474 12145020101266113661608611072477745465315719699299535907225679540586222736012005647761717866882612707844895581770368069241560288447887328182320468408849100375069578901422629261961637115103274008557800855700787944532154306447200210853297240216140168852710546065882287615215452937234352865073610782906362664026938441567300342552657532092248551379600
475 65514193276642489936205287221888645572777838537626118725302495467268906084733082020806387779795398160452820165537435973051570217708740451233652621321363498740442710244868235407145326428733862523342075670369051337047318905600114557840208446118638358310602452413618240254877593314217154287021467779330088486028797524529384496893348500625799874148800
476 353405671926269334466320764090202354380004719063617055814904660339063178580968845499701861683453591583162719935037881114146429110502577309323238453193728968173371994915286456046281900158842598745656616139822524603455858159582189141645470215470652127893323094845137582570536003475151489401714144451022039725090108196016033001381967095968126380900800
477 1906393669514979958789303518955724998676543165907344609673176027597765059264569973302213389407834683043788892793011561192760770404225692511585708813498587593788082682060331064050914344094242676569334664237837319943562299510831132785954395284141916233271849166208505720661765684776816504207657894355501162220492372079490680427933397886263481005534400
478 10283776018842827696814425937671209616393297979200134543553071428859346844320742099751030812848146274490676869784641741403695930164078603567880542975780259906601515247713280309919439566304464836901523100001995008729168869746064683330524524032309546984711441089044182355477542094440865892092183758708004648294980633197321602608863799576231661957688000
479 55474523069828901716428513853570706437139118242688050643152751139501571976371969244451518634813731109574372978957715223610186165545427685651889833928401056654906610341082706538223944468977832150099220966221631928746089209241355830857747079011934430790131909708062184528902498960676536187860129541649892590276384070210392518741944231933374758643231400
480 299250915284280742951288619234173060154180998689356111061768840969553544236202482958929856932788356242116969674493532181577001008631423007841366449060791767536164204539803969451929922734105725487627278423264436404813578504572286276260582288338483649359375374936142732073178949953513323398883125163940625741488416627546257548579969494992119553288756200
481 1614278029174190468339282044371742175732634446746898646112486372594819542309488396131925385136556388656218016977283655105585534293241701474765539745997352742789655647468345875131247280732141645259421030923137232730420047795738570131785298187921886640101461400857285623854921766526131282930547734385705380688471735341249168133046590765498264116337322200
482 8708074157796329919036877983334129436124637628014500151388071381489811627868363939060475145070363271254931012154460892157308842895845344430127893386756285475177080577207873345423779020584681674772803676237782765597388562832106333667861263137679992004703733989282884440615303391906062961899885924130287520523907602172200389800293729094121248510714011800
483 46975004703495480060573677147008373293473788892848732185645288814636069924587694794650672353516379010067904713874251068589526172571419770665414478728108276921619793851340851390221338033616139736137332185012490426013125940082918804544518447414851637530157549160015185752297588984670016586617657316601556958274010537164803675541652504473515077970580470000
484 253403420250246622213814510277960396808371778686827674608801341710181533128614674152926273918144001387205935571617429213038708003108683802039651064544987592426529177277866703054639382618106864783712606873728195442867576390010864111885537674595925467359555071714389319329503924395030343317619490297878911306400183654181767091849651668721322419952412278000
485 1366970163214658852134985589529626831173521026674200157578927968254459669989203802726551211215884268829311108517452273759473270241863803186898076044249813808432334143402359402675488270551726932936623606831846330517521947823970340471578814288124419144893598452159814322710521969351719774348610272522512447927462169601532397641614636085929681924821540334000
486 7374057460264708582044599230362299331831902461786846848517050062722946734684391396313253019025138315331111868219065092259942258995172964627448860209992304892563481551016623973174756055090562479766132197383866835168416163119538155935822361135733100299253574724870707759705771497273357569994926803202267829469341227031665038083908627860589604043269003678000
487 39779096496097906078628289478315336133014851986303421236400020530990204457339471976753120468890795173060380280963852615082724469002070828792749448112138236430742906634972692683594367704815383242118129379150055859366455598481776548937300335841357454055013363656269605416603066152104737828726711927087622311316797804918952315791443732403358098911918916632200
488 214587402916667532150139762304183037214021955378982884307464414791276891626486250997270234152147383743646155456326771288310481098021271218360731873345358548639330875591313479389871526976706918433750811659100131057912901494484874912414598600361717781478618422931617914528885785762805578861268074923344776757832356672778071525360505503432728575721710182301000
489 1157589131055024498591054136273416516369850836102614208306830360579471674030074144391547845424961552083109347008768890791411424153449490945095885593069576169969289196557171145994620078953562812193579389959393750788305559667582131956141325430670928323808723191030608647588925603118431880827058559608002935546422231187322430481861785667626935198919305848776600
490 6244613466667506086014034377141381422791200364258442026142285619798321501451540160138003277866324381932750347605046298795071647588467933522011075354634315750061845480781378182074792087240685551013181780689261511406736133306516814048550389457363633289682175226049567844833740446268472768655642181477868630294520871695778568780927191205985632953256240159123800
491 33686631252379522205431857092548043855861604934361121735177867102966197806418056852140834805189362590630413753975133033553237312049859142051420236586519748036485595693122086406399517301209931782275188189134567402369954119202324884615449397884968856035218808517253716031499471958230646159751735873802040445193874396420874390979337706812808401366903441465140800
492 181723252284094171700623702670349627113247956479603421992972712054569598267877233391507514629298338300445950181425881289328914759407761480635743004934225548669499500906255069661582604292510146232727091605449227347979023272980774226603507347359690626820123154219135026838666772255083842738160052649674219679147863567696742134584482024703525411243831044065864000
493 980311984556171568957194797243069170913787887623325580495747895316782575327146169218880933536225836890604619213136136149335870781762129410645964199857962331657306790369910517884094438153799869288056685582194430394486923078350696361956313932312018503621164534921712573542459862258308090953883096700473921722122119066015604952068510666607690708739827901901840000
494 5288335660932489083174745084722067066915157906027058332238932935851092780454029455823130174793398000402879390903947760697277223002074147907338133591145496936055189490110257764816117679389797252939382050765569853942084555451472269048962081877253120986859525128454224072755100676533214267574409300293655437925322408477706975156215292310471301864986540139158928000
495 28528215052959269254282994180802459936922983563638316322493926091117886839716722993937090769291624675950564971194539391235277006026927507707880142249337401611308618703873958632812341512316821606548965543776463754857525691851902690040871992527599338745124820155104350816451979654636789502444571910579246903577849486015719663627109774914669461715248677265049544000
496 153897324201252080478698213718819492331958329822906925369548513787892537372580296399696886647495669840787309153930692817837910223571180650046793851419123605818689947445323925256182834803006524114019706394479085079777089182500631400882829638904110394315048462970646111542580878459908057944617317816069047970371270153557982455461692305455600826974843466431087064000
497 830210873008506115313194300167281693114056139951724001541910661000516852626419268210165346672473712975228408127670896085142563107088022610047419423510791032718864910685364652645321771353087176979750473162289726503322316953245642062030297181350785319194777336606915612453147335668626900077220261507789223281230517247572619015955565251916807504843242291370833044000
498 4478645008441188721203431914426720747342342708617993766970967283621751285216756724572413457521104348820632987747581125815791940043636762291323154752139753468416485350960857411514980468008287510050461478523586554761242525018450264990856741208543432426705621977104504797884187622493960328735490762556718844022166204338476788008816593416139074845376449798371489460000
499 24160489857911241157512480874387932577455124014568259932004512544237518806698247264822562180723045820861056470695452838405853823719033955639285945182286720013942286604153725350501539586737073689384182111423699205954794973315393764497057328161193194421121280167873100677144191325891509095875471068190971212637131987617883608714264747184844209884972688988017992234080
500 130336393304132879697032086226602842410498891360532150176576552241057650802976933596129286488452905489735406637793428069485586048488921634341874799273613764412893332437111763885095296067922106352057960985971167313176986307568279707053181195682962382104626161052848760954436458191091563757822019354763660146242594431406543269504509603008496127560627018544253115542240
501 703115265839763205028378543267126907738395982683568206766399510024174811665149004770594466903327597167336763913641350648192606656469857484822892123908836070796577611285973362265218296208156047328108012688250342480563500122393034754874051362239562467428948660933005893865773542555324824229207811904087650761155061042266137834898851104143691321826893917281715562667840
502 3793046938898409096139770912654946128349838224933842106312714712225117006838539019388328490463836456045983682908904707069490327256315693618976522945621120892488951314303466519284862779417842838880746389602444033816557218944160512488461026096563841240391526302645118722737070556319851410780826394053114365193036429874264043018311982752928314586748937383919051242086720
503 20462126487040932464139293526468078618700773450958247493291483538748655280898882268075163010469007746858644922691526476956114084499593290073539351009327703831988095711288390293399598958170206562685222274939004087106071572788578799945618084409347938115335495958673635392907246159106148490256391321614217119144583571663533156094911120105168894098888361678999008503562400
504 110386043472214153553147014196244443402282762626834668324786121229174794356269199147976536795525842755041047424569222754451533349005787473190678800212364359777338503161166217420430808158611789255588975391498116914459635336659305097595320291383926610668286379823702547600163501477091956304999110601407834853095263636806473299679302958506378487604865673832833070074953120
505 595495413645552071656544427008111156193350773777175066001668213419015735876350894470665013813857335888987886034865964825000416344156997506952894107684079540408010961322730379093037709506873648073609019838830345272704556258915706201056836893684382152024890365330556654940485839614001731019107964444777674574229283238963167753556167877322712189053573009565510836391076960
506 3212502856583421797349716351021434766762105053681284401328744212498841657544390647400746838839901083249795053759374439892211119265817497713717558603947327642538905453786583535943389912073944038168084790270184733366566067771238676517194964470781999091314071496185741455970880501146621658466846347682691851943608292230520039803510234991111770297995424702145985374255057760
507 17330435189909150265739192673236580465286220356899397063187499248326211644980644922861495614713379757333251266991749579929042170811335728599928022172944313095122019689663879234726177485280038330879834340517500551897407949978443909157924978857584381527829543149509214114205642658730062797129858891300021802269646075154494022389155163411045440333490482117801001979109815040
508 93492388654366562985134676253177959839769727518143403069110542097522122235113775478024393997244808341954594811009788057724813085329602238672618725159580516369010813487607440437423731515470591214297265100239700686401246028286962160368019724835506424170377090450858716466629987652411914424553503774047637583123478506003193097663450556290226424785597352609276827087520672000
509 504363768396660916625061004307800764635056740276200826687142988809931162815144717676545443488716849175268890388504673214882289583890588486142204582295183206870744858979225732360733311948986957724170200327487481784091632740425495442552588489763198681174185968673681595497511937768277937542224344838703809008236037504778842773346864085536346061940249131954695309970106940800
510 2720898496672828135393508636920817493009739331735381463634837137036554336765237222021938098415991708370774250656108449523388212088798015249971292281478209217352646494591413884311381691679459272589672952233889226341871629232039328179451165257920007503978227213358945621319741166220898558048708317471136435289347589246279257336481811647805816098901493854143717536289281878400
511 14678498466747038137485027074086679623184158734543468954421113374845096412499924036049750262551182285853825215205596807159730635881168585804710481343621785249162526574653346489090416100917948893367142115988488633063289974088027634939843767237869427352278074936221593970171580553863508826069211673838951984954105707143977074693062763047828075391554230658081322878260933880625
512 79186609988552958115767270527425692836216806194469243750406795474698319969290588158020041906459786327384997064518543429737878025781054733208289876110306298943418673641093390239101192689984118134231284270851797203198227599503281132084840806926030584082939479873878552525023317494737475861581848384788354678627817406034275605731559106845249519562817704221470067132323461139905
513 427191590867111217286530078606207928829672478743002936619626665656927495166313270051271264012782245229839245544074573889422124452287928465487925928299024517691673037376660312714961945895094717064985039531266405478311556662161961565159237912393378703019064338640166752037631619536972668512198406147493534059793292148201758257131575113866595734216417058086309673094475759147525
514 2304594180869985023711441123078103135573069349216905434838085090629079959516899317576030443791013953003104453301929117208947557067108987089654825110692131132115888904213987902445111791064745925874842253128532122932300631708708056193109000788294388120875566652048982836666515772335276652045327883271346643885421963307549191279917467595534817355266285846911870493727755441594765
515 12432745544936022096362493370303495075466424580435977678686582119032334517873587574895339231957199174400019111019157951392240159535408474916807176173203589558506825496709171091058368682588556709574990242941022393697092238324584262620099378066446184699207208912540088798056093603334100549375337814559050741086122418439482948954148737692182728880912384057513549694909868734016020
516 67071874630784023531119417546864028613552440643735846331489144795566334501983346899798631497623698437753903706686649895905414584815582319751923790374529888166064989231705066978923398656068516249388608392088235874774635499016676808830379204455713019902130943785225610703852553225263082738480074272622579727609818134373578638023718727500072888877640654162491676900840622919453820
517 361838401915301739355050184351319388512402402281423244880408976644740579856729014795125319039831508306000843626006680895933737049279866580048394703914003003109231336709799022541370237957869802822726598310627958995483642172376384366426978008533592896536607291534198904459875750889686859647168704625199127432004343159205410773681422206465523139411267238005758788029827030790713050
518 1952044336378159900657134216838637363535886011690900700141124310057096152705934400576481955032727490126439412446833400861420588342252652571058560903088855472367523500528664814353046439263291118913390973861416276601384515340062971797525095944746148630553073413090386769423934982875332520757523607771287427531898498988371316106847196616332168793019858287264835565665152683391734250
519 10530900374841205418123468988505210500670317794644682643302935483478842889554467336005736440098021103094784579372774030881921578948122211663525106771833886620300827819207124387985952889592872185869957593589237804652918575584232288740677495097326326893102081862240854981751013804189166777141478851514536324804116689241082835359698414000405410147643449563657862893306203935949344975
520 56812268884703482459883893711347388065225244488560003801083363436399556030759258217122299477485858907401513650075349092000023454469809986417354253877065628174867617248963488769736599421149075786139619377711700609391073122429860504540084660962352624543655588374040933631380128117932246232208177070641332455998591480115023602874807736368972978511752587076624326844158904983912583175
521 306492296445095014605024973015250406349444971213857997351310676831654780275370549501021411386290409820660988212024421959579292367899474620695889261383283073863041436415239309958148050138119636631653628220487597343524322091116220983460059864344094838299079755310722499466605305285243774213646854496709399933223124847496099612108154215322420196366282781770352927322131650837757238425
522 1653475595119151570733686638938464614858672847115093407614582284861649654943660008108373741908563557689812131500085560740131247922399913230225171954305186797687291212381347172026914318510410384496016482871299143618264643128840239967575164968727676189666199115103279670409419436605315543594706918738984214663793094069051814914621656598056543052407992493249607009354259483175569151425
523 8920245538203574869823034621402692453086527141901304584123672186221419996663085056770427676539249337214978430627657255922513490221611728979854849305816192142896880276906379062868102163510415622064968030441002372585144408446563490964672016783912953211779435421721545505456717537375726612174881233530401868544912906735074725369632719906165005969719253485377662726911684082260928354500
524 48123434995729865627444998795314350025710251546464926103323809365775124983565175348194715573683577650762387028317283608918231528881353167879290795699748290082684603248301063482351248547128775358405484131852380220856036925368458858076417265185856410722967633902631777385362742149176983987463714137556067546107996453535864814162272192304788915089693152718428982986189655967553050642420
525 259619444981540796890616474825138909644839190634071607325236165414930305626245727450744039478073781442825301222785696046405879559293191643545492355515325258897988795134923338170559010356988779750984079521755747001453133519800386478534703135872684221801914388555693263436677934577888392505977294840384355329347039547454258041398513997872701832022730466940732001416169419770000929082760
526 1400614440587141479153221669350501962113139468803147990975773460755568627133779988827603121753904831481453828327006185294672100324367424074621174247235648940689540227357880146337458235484677074282847299318253702087084551191430566108139279892095248958580706126403900697746771913994224608226948304144573779828886666040324199472490243637140815677503400571794998851118415051945896287001160
527 7556153361521448351640066351214560787113733164449600608835027456510044403238603985753971195424329105021951148619843753564972157933295392840987438282957348539075326029619011774954540651890261396043982080875887387746440594744065628758930716900617392469654297578886394453129916274290799444966705180713801702254230127631458156069683675619131699604347206093834556098922025472860832103885180
528 40764648957398213818961564807197348861817588823888365967126456938147844806825697075197159459248545989344994544674802791344923581947822745437455571963592556124743145058278107482682311206277011087379863359833060177082824852645330837611838148680977149968464769227063861439771188412270916615708578600631699658648807251178556371208484987237693977333404191035715464530892389555844045882930100
529 219921366520361864477477956645989665647105167460706425426543326603536541428634326419451787289102850290365548016358014836459877138268953349753004340546680593547800823586539950234316256161223129194168048986849931673153029939727601835994715703350741660800801063416618964663307241287452253169793583065581535896321544969758393258383081891391223462613281815507760496417354812029984375962084230
530 1186456764755323562473317145131492639123190539980188954226657546720653802129284617093646183569967172590333918624096033366990109978067019779342323950729922293227176496910318223097896134370342587422292430954184113519890616677200805841360513377279707174953551949804195766083702912421873649525476633211931841335940755581552700357305071254836052752657625735711983692069548603425777712651737590
531 6400843048796044517351273343042530505592171776561391603699256705215120416692276739420864894814808913581128387731780094023540361120601547888901547562067112952267556069856526851729422203805609442515368844200150110829947183577556669054092934413392042531633887613693887836625130401570989941624067669985330001058616659401292851090332432734359023836837021566197873045577574240141546837626680290
532 34532117235796598061430971467864053235995372671604532197731417739568326491448082759860788749621856895701365689780562672481820080567020251520684475133177300561728459249807051148857933339292298583271022057800623050517017326804742678285913527396248516986616922954985665785105821361515074397479958257233224873926695759024465631787716562327527133125777528838573730995766757036583300167373894810
533 186298775000946553907838664275666077026101337148147253941150882430924989689165796501271003970989677138913883091721271541133812685577632114146136300533636846651571894993207485553677573669317873059094101490216702277688871206548517791105484797537124921207049978763829688265591636797425044591673700580932872290549840818853977901606565735309176001273844102277939136167173084817915886675588679500
534 1005072876640454347526565101160417377913920823433516582113758708064973293132820078522995620308605121323383146199013510339178468422706439367400517753725456013347944503051975912812063873683414675794512898471840091344653742492522108704636929101633139773769007551516948682412374297177056538962082850397661748843478134809749970186612586095534094903510126422017346336434305743681965090340631904300
535 5422329006263951602654847722633532732165173545910319886819377148112648430420065659491062547401511214353326993809696875930435386704546613672306656825699840198783864475932636920503005362267102098347695728569160226872013705738536157787855710819462649794212427759922740846396360259676080655016244478615653965730578861119949386818691457739206737727827740316452978046291108104948752221249241778150
536 29253304602175702286621536532425362501501041706063751858785991222419078711841181174562898524166969416122534734333952735987768736213432153355571881090781585059230396492778322179427928573091140700541386006469042199472645888196221680067799020072807903573398509312236679932040336828366509818836459155184570420953425780378894737513164047708851006224571290015713292549949990447873201837627451247350
537 157820986616423977777707579817131185615849312689295467859341050212622893346989786153777721160867793694207630912985786949060936610731354774972586277953105053521017781813773304863155496282376757786624375068422020954610131737572282618195783671590586003083550431105017314801593171107749225954267019111403046962408449362375206828960941725185751948321131508336192388282466259838513866009556330389010
538 851442500939279375002693357752597428284782446972019248726673861500255294937901025953709154694708516770694466671541851110444134058365183363387394876584425668374067055019276314033457336885056005640232747598258461854524086473021152765525193105583001422764029500761773471927940014180927541109076928699814836256551833626377324386839649814006571697332696608605026313682710723963679400624805393790050
539 4593530906678497325917641511402617475469169322763730197604846461419746620795394283487051780599866843303922129953372807004798940467006315628306009404635619983098590924540366927899848239053466968588992719561322054095323126812517477986684633914047341048942271725998645030867570322235483719323530582527443888864356914568207185576430297282085751452169663903470635508880396303250392187919357430691480
540 24782134246387201466490616227651706728811572839394464797823826419521543262756650621513877168862333369772661499938128933298026987915839933093315894065882242545929828436312322756914306837260736359069235375532531891327305819115470256947618212046556702158175246893330705983733787066190105827017716724869606172370634718950874390995975597121319877032437490640178617059963190884173999418795080955871640
541 133700031453966329674894915636777617928908847429356039232506196412160205837576387336326184414409178406596236053727368020695221462085053118814583257670539842428864812656113568185433137953849056573366922026638620273145266411786627246283703551912746976185995747952204874493741826297314173400038452857755306660657371842460412723214384089388360707870463229004938394639516463439618327866068340834133240
542 721315147843316831344800968966638453488522402071711296623946387443443063834432797310277393109044172505167493997814256035097631661338813720274089190412998925083498040806469604111281918308032478707022339986446573556199603668061553857964624355160665739299300617879979869967162239185496308456106208058519865273106256364748731758976887261960501079958424076702411406293913383161238333590504592404227000
543 3891520584696667193750531359081547289419026050741630269255339503045650422851685603333129525374769659904805298635781165790559093556720815526336367242741834931754684813192024472196554132565605012690066097640292393276725772914793191461454341241357681006842342017511850212787024350619632655700703220401367694479084161415253432247774508959615041051024872600025311439528429604809285685125495242978954375
544 20994925846182805227163547884099763744953878838534725183548571723995437115551087752531976452141509318481695931760786643242204565271834785343818915103474983842626921245608494935311789681615809210596442264107942141106262312455155777614294353875488437705332572433972829089230616700079162444338708807774145381166090377794511998677397582061922593314904247369652442466704726728162347069061036958492173375
545 113268745082034804856227920974762597331546332707689507563144789970557615547729137891926251698011850136790821304407923553341799194597035252756707807963377472622179307306658267249111751227785990945962573493404448635598078353456905530755575144760791222373208277985927026561581982167773067419012741876998080155944300759091986625195273427594686858770968825635057896865832446702122753309430165074071287625
546 611091947588027014913920176589367796001395715265636642978596197650335058070819157699125336932736951105080090065934753798353222884619023387719468280099291067254521521147255789657863020219726144718488321160607007646251245265036158387827162342744918331110187549754510438086522024461579274234995833404439843687115710880265950890284362649221963509596848287524765736564854310966787496862797608582432272625
547 3296884696682802931819047987247420936404795128639815784542313432970351715357570679881185061515264117895462191881611921316434633897348069607728559334226119101000306933572197482363986438479271252101001782538449024739820873834237920299333859787569241450749063504958221966487543328490139318836633910270106629198500089482735826267635570171201946573863927489902903468739400086022566225923122499037347088250
548 17786957983448996480314599957164975554216046991250985031030828433902535304806320638686649460753697029400996849931065155080432112677026369503656489851826768065582061647696164530111950967730223572215568774123130612992167668221726079489847026640049637440400968917018726758544061154254600391807152584090703942739549482665327314841116878426956507622985464556050896683817165753047215692233542751174993136250
549 95962227409644940752636879873197503238046084076469047941177713452432374896685460995837990215319619453786636800804124757673705499879468240407100424495422776698311970394070405079938360555725446005908650717180207634812185618400856444342314442812060540382215326747851722813788302636545650642320758378838486392081465420308370539774348375569849268010248661102404731880532568814915274316396802631950948567650
550 517725645666380984744584552387478826808938232935386334321307998684866920775045497398322941608088967597291762832796316975091817270460893620209240164434568656646920520769214449572198396475715682311853416722962516081756252793224441621504660635690203148768565865660551202794625995741978766231595675315416436659594096983204930716308205568548472603557820120982263802520757373811243662114826873216897738310450
551 2793185326482488464040862591154651402321682533674733982516647534994154078259163868515464701264393953765924235192677226529046350720827841566775780893746247588116570685922347429600329404669260790977999354309541036340108460283331978646657503697320385769074794907990619603536211860640165503284157831813605990821630423660603382064904433493738617234639920922561000520736654287442491667758043663454056464384075
552 15069558814343960521970111584035931396009371981105697627130485865215422857461052423719951668325930835363412916510420092259981639212253684034773138961053848941880333957466473860492371451860578280605337966322213603084877626328092872610010558878477683405904069835138521949325036743969045392011893039658364107701713539810433832265384655825537960446264393092287310331098448650252713012868105840580731252995475
553 81302150596156880335449816335270586466745356180886757523978616988768513267025586466661005871532420721339994341454037056009424621073039617190549697507921794135959061148075742529045274174394524382623663504853839274716982515871275021017291199437565380825273674786182431659054697280587717220421876911896401776522230784895060106962773819539892397621986556096351488145266806940772540341907845463150942417282625
554 438635963973403857171030469493849851964831485788585745195107457327120389762068725073304847042589394920148951719851712800735806532544234549149480753474352939182394645186726785582602723085537989082765328173787047065385463457049651012159058208375345708794445395084592785192801373931009938421108657201129086916662567981152054822288610583230612666377765620305549704615864984520252970718319248712023920050429225
555 2366503465308536419172790170304871986032504067533760672019058234639263521402995840518769713580442279240260409500596194896302810788678132054626992105996425072454896443063161920262416722274001210765400762917312145088356883356371294677167989909919691153369039075619025274797252957482569276284105600027644882808610371808457178565516063122890024460400314303633940688716153321284080657321948290155202557747173800
556 12767643711288831199961465556745735371105857458518994612331174183836906279245909560848911228039241933463735849725326574276851569193274049345738367287843327187860783481090996755456321586329614620613635118666430862490522442214400274146178348596255044254280825755556277334527275493918222810433672844546578375410834700549959646740605021436789683465771212409248088557778992639945652123385453121164851703309177800
557 68883477658670246071805361035616370427362468248410431317954474705619766124146779929004100748968044355242482159692335134447088264449266004670076502037918864958747984932048592362163020790858663729988578671431946455812859328035085963366407577406484322374072324035176175387251513983131412861551504539144940663802122739428170094097204964986158834941900700864428556365905392027256803268608207881368684988960507200
558 371637963842943427441863192600438115528797573761624535687402524994478113076490445602100676455225367554701447780036163762678416242257619544168182302527406222769924728056746883405749431832351268371358888637385312448268013251251372170722713964942621583409951639392718424292989520191283221001284523931542111990578012098995498126142747683055239765632325428651278952576798007467729898310677272070816625272926120000
559 2005052616428812669669975147608580545817013544341798051091551283063200510283306957894254551852178409085253298273259618994587417600242600879560668734127889458388820170519509653424550121028235362720107711617254151038822533779798331837255817197234616209486321626935924710885995106812040235177797913291872722044999877955631682267051483221846766569116711426887898590265233648411722055816627930259110359425843490500
560 10817631119294657597276743382934771725898908524087642362867698611458292565792747805707442237280780102534312307886787180352787765488552289354705351877400028941587632686340001228264536739122425397111433328615323097138704758294165892083560528729873116581081467201370001077984221664270045636269149778230306902219057704244004566345434421651354066921293455734888086100881811844976403465955142088884982544627229740500
561 58363220963897792212631898142648934983869364350209038579051838326079201374945215850604065491051108287097372874526263102892782902778101323009460559857819652405881689872794383108699934899277814899685580868265453118210533015218647014460430541588663209569978361607959291666661011304691372583820186559923917924354275827441980488523206384316409881547342403868696710434737014804000883731705308504962638992252095154800
562 314881411154421745207828677418562726388878212486914814233596881864755896518860986526630517242595379878150114945869563643932336899260790999602608076226017130226376112606435407359709186649501666167603670629845924003948963789751181236770311082621700808384279836614258565984888565759219584837127097048662825686392016305202564561830980630637561589634061959281945114285613821478048133390456277185772922870492179590640
563 1698851739434235710745030380401477662962922223487287883321189436396718376317004563872484862050808738950841960054132504378469774121857747500051962271746211177686325721425692505788995452530876928174336711469049904363901250719329459201500940971064788997342169434807275805314171383667414115520741548687640867688661993112291189676412891343777162271960752742507924220283000297958667981245250626113867606924571950026700
564 9165678460767597263803244440883551527180228558678232702481232408322543764261378821086210024108187977088444692582581137033865421141692489984404099238788744371237327185287568008125501942762848442390689224317815505566416081638458114159818884352596270557981205014782736074950984040889622762794812564035567779616103412709408704051070048011604687623654834857247145284231244847264490091492045329495936603755012624506620
565 49450926908817236400476905672963223237221782922006778585071514543659173000482980362722701425777662256582723930852675609200222147108242973592897106040688893990057496751040325931451688924401519146205374082188942928697777868264337730253619165098232882450353487464464204231260463333124532357507826453754000476697361427429554926928339968424455117423744687488530231468081019531083756264225972696718220560174865296062160
566 266799451704339228029356362124422973153094123451178397211800116886854551783015817224680566549238642168369442403346492882325580837785063988476155126382564416022097101873641952953916263797630394527797873783755643010745051511682183397193701454109053862430071446648632437951949059629480564554930448172141494753695110277035057102062642211789110280083304490522914468768964821973309944737950769981271298408845907816500560
567 1439448409913788174089989652305988338094292085709433749993237814355454951008209365062213919476978319584266767408101734986437697189265187493791573003450789573379385025037111144925068778268345374477841655198849567183612333061911803476507506717634952583366968643569844477692131657212126497783967818223976988534908794218022717376410271716874501859022894516150204310243595436881948568497314563622697808551430502468980600
568 7766188880530282474068048454384534913239258596604278260170941552606599886547183370665185958281781337626802422569766106122633889096173293539034564601816255243251100235857038560169789067032752882434117440377659931378547846938039904403231903036050607132578092988666161237968888237801934240821729675732458936213537830028756169172329992612701301931441494286067772813947570579002083307063958718700214140442048881345131000
569 41900621400513103438783657075889309113914212712053707881049998216776836977010788745728132126306381441478299397100976307131744169288465917496645012536969114565119856547084006563359024414094193597055876356860604930887207018781186119833981749596970074051054666066637250969346037439222686143554935568125353303723431981127956501424529626226149506258383487553856528211677389629516480638337425926959911187116065139020618200
570 226065165541205404832475081699154172912570077549196372732125279734901350154140258276702775819420985335217194659039570568043823359896516891739435123618968910665590991666491640205754779316282431440489364813158812608969628300009049041289158982318180189652548476098322155984861807779385521088693946200764486961148490747437023661396643067870752527684425349790138493533845606924695073625590080173898338543352080576770888600
571 1219684475206676381862228017881898851673430334230283866486985415961123945420311551469396535002560915715210215580600133348614318893062190702459896991619039863631060625580097221200865713570426436715472816255502096800896819400902685697873751614485736147817069532607789969451883998200315049991772189081888938073042820754827093930483779748969288590489483786450077971025081481989493482021588129911037149643162409217301471600
572 6580547198850611876058942925982891024317009695737539865035689984330196556083587815633305838243199640695565863972234393294189001598774564969995403748364079374961286163298491277297082742276000848357988293258499692047914714679961900817607623712927330388680560781608579857344567901570208962322534754507510183013687627354237740081360962678441969913557697056494042336386502615620921697264669592878476198560424739780226695600
573 35503991601977670784556637648310280515897004717167571995354435573706454703137495694894286639242953408523526676085272468404504547775454681033981300373725212898467237420803994787852366745755804135259180533804766744929734738404882314973781532110881844808154717143086008453321227857473812992006979775729778121640310256106249060084369794502979410504286497895394458015067800831977888958165755380931952728547785825949227924000
574 191554789294652657265397307203688861450297128642028388816530573850958044412835175363462807136742672633590017612712215985829613600122310821592651553797887447683568987803675674313224686157302581044819028913814390906159933162610587932373922802137340874520811964086425087228134668720780719939322361726211545049860024287950300921430997336746605997738236610004136421937670524607794116436100075160647447440593630412286787208480
575 1033497675122992814869971628018978914220556157543658238418524421309531145772380798458848062822717762197179188268937642648630909957755902552594119280361280969238269165353825158440828907714091820785058145409096311870497225658592947013519098816605324617663827273354557138824454465701859383915973363368997575280240702393436029752775919033774680847209008743832869532577760134087149908671801454190236671494111902524306908633940
576 5576049848207640811742141093817389885475332638574040843196756966362561216352682424088657150098499924584349058220947833655173574770500179953963053782887727966575621966927968564334418106991020914264619870280499567388205377875570379279450064512614272942235667723635446044038667985833265180402839387269409972943380733435162048373001713312424377380146866682488979688038342970390031248260019425672404688487612127457406599270540
577 30084613968020179171202230927499785774927459610975598366515468345862427222341029245177015491844630206315964393982626889753617581216087448941239948011509719215501696540713702405266157152740016784313217020334939355758315848065078035619023877993472146982725235973100847581573332539821130936194618250756938386981608325996868484186690464703738973046653590278949296883529810771976991586506354432935800872770470226619221891867870
578 162316581894653526001824046753460304874491189874657606742076422259463330843744918423584751465778352250722881385287653350181503350856329242047396289742624838992516538261962400439152296665442393409914336930794614086326280026887630321284077045001746058190168800881023112768976379435503676969868879541536467368060849128351347661251940650830865721620182265533999725066301159364968708931412103437063279282436498544305015939403150
579 875753701579871143050800549307257446849940997312397927997212665925229266150584115813311168830032159698498604249384928230889362856903804578666288140105476094041687916125855399807316140730590724985424273543924255448494452902848721631194057063484748380745749152875329476544917317951654214594215805425883060785330595028200813817248169631568792966291390243224944299728807695422615477641929691900378047398495597717544002239008170
580 4724998989744087950061213216207446832040503116746937594644605842053124620407738293728960811585049804494416642025428191036896956369755303285689677748511857696698848833270201288314972769404616188279324833495958341262950494510189097625171096619039185437657421425712444234293446115061314861725016053171534255747072319125955185074581604295068318072673604007221153502000677025649294740098480883987560264623556049099488655132472610
581 25493067826531321431368774352351708166957537961362908711220046615877832875178976027632714984114918961230395759239762750401060153064483778877936375783409100880133778485991321656938868464963969260381798813042853993687254908217690141499355586378941201050310468013577152784024990236975570437970429150545882842781176456340032124375424785300002919501320460315121508134987355313636767334618687932258648534783596919909035613785930660
582 137544466719790907628062525925971183335223760414606229545158110204823462016651256792348045491581719686970682587000042743769544628788319619901844356329034769901700875161069638641004079075358092791292425097913479487746481402977632583512714785869192792875255127536852556007735665886870975904317504678834300005145514901613580480812894330659585398465810507631302673873868027937910706058348061126930992816237758443528752627387423940
583 742104021270220829688185612489145907302308868199265920121000371334592549870136348567415155172606422080627813599683329111730431960400058790177295333113593433827246706981500834550441352550939041691368829066103538261924286280965296305996144641004107500687128407247645101857271724526360531787612945597927754705052929822680674259530977945655566079095875726212356315135125972868722146282062779044199574601875452565173296505121071250
584 4003935590343848830047494478818856329626785418686931818314414308206798525534855386071619856675888021137990613655118849032276109255364265799161657937821451142349308867143966311593191784675824347249423127521437333906426104562956178816864609399013823463797794247502993337858373794126710405353861317936355813790940653456534073887168947845995273416420736729172123495650103542180501797045820798579809564628028732597535534456513867250
585 21602798487390776255886366070862358704963539292034676538416418478303935732904920262875034699108002730026349970694011288828717127905072479964525572129602526309050739054276221124251958993047824231642223216142424360214827726256099030688332086004381804506075708739356948968630315616802289687810565353102416774435675936325540474433217788619663238558625984168300752496290051575444768378469567219569005408442253008026665549834326204250
586 116555716567944259293151924696316875327756237756911454941646941899892577619908585919675091091951111546973351475456155971638400594351852777956633013211837027115758661114339769288926137826973946999631383015068890754830628518819060230798217810234082604649895555218656229517971706322076840604476423748096793497532666983782886592125469921091827716258327391355232617616158946691142815036431416319364452052883645265059782255676183110250
587 628865504671772964837807388384567028898077516721031275584985353242190216136217424482003550581497577880590348780171466191178075680062421032174930632357303756834296587750561109539359915019181111082953282780266342271293784964924942698575579862711074537949040670962214573460596630118550818363269030157390786517609188637603713957757117035730258094211205380993482964110826368212681737473377842244660745763283855285118564592428608658300
588 3392990119935861563971403614792856490520830125495444054770526628383314124946774954004309632912342738928863951482878598944306647580303025096336756234897558185452536228767403038410554490619388898114149560656863429694801967380594995780514424411692240086210368698635279185871568031399211011845535294128284888045645799587584209222778400208391469022920941863382713085862518198050926543257536624614711938175747537404159386494651350531500
589 18306614779366621252536164913413064469481710344494803744549379879112717656333568353708232548516287203227545601770858756258767768666444409924149076400083284912531747517037452742690497344727962766705029133737305724034558223373816221655256194323022302747940095033018170544948269468270799013047009872233285436066349056066275626790393960014108255392299999329379488289754952243732068429931602966397502404158656446144154707820787189514400
590 98772060656541312340044794781475039074136371399936465794857454750043341552247498440818739476672043141193915749449447416997659641936258904167180498526088432638264464773269129758228820054872149986208077276220531614645415189958430592686597306883790945757629334408359117154497603196518044008901980711053999368649777811736000050088273361535953040969248892604178228485404957865905693317509091761917023015550124103661287967430534647079200
591 532918513125291993223278853777974003177883110324752443217059208343560928041044557304640319218942468537557546700063973197767064480929714182925119421859207404989040357513585080495828324107497625106543314716710080148000858927589708232403635849126478669812553650684582926692583821715874061436945819285957914014018832322062705886980159546856739295515125954777580955951588789588214720421218555834238871120514661509795814063841961721478450
592 2875332809939302968142041512763298156881584710835471589493861036377037037789597858140166768874077755545551298037539030968090912372535534159395347193374849766708031598129215520774608582316861841585304201807629059122354189609569778218154133428613617809399496156167213009154018411451437439073377188085225550405249188303119971308894359949839222364923147016837637197822031713575204462525846157275099689184407775846352804132862253858920250
593 15513723612066025088446222627887988142505352629814158617303466348712946837211587873598609189454362773802821884627448210948043099462384878179261830229906762813216954845988981167195370141812851687964008194357781730494218573785348742671511086145428502532483309846410988438856650101473349413819698977491954423156492354881434948860610755060622109611071592850867147998400116492186790193188531580305690894632870754963905187264253779207865000
594 83703688301340334159162267395822256001667302728056673004967342104528125155995447288553261076641465429160995150322609909051559107199173623711313331483244547790763156316325518486891406333701972767560310327576753363945014390815438767222929802426723380001976166244361824742192677026656778727191947482320030016017038339073002110871236742802167081104112621442877130100375299277039045160675761552462689188773838681978583614064647844911393000
595 451620610448734803680837228839046104122258506358843647013640574385056170460370055916569805443177035280067653409712078056905792998629001120947398348356132151656581806943880431692560005465334017409355099206022376562554325439496625076979710128948358740447505158249846114159484594838236669454267166758571734403759414478395711700654068361849965683012813568683116768748056225744186515632135095699696579383959673227675214325250733043443507750
596 2436708189864238809237699905379928387891585309972250778517021688988500269329503160713888885551437483507896163214869869632069873885626643673342677975967949332117224411404637303889146978185390771021269162995301967697015335960461707392467207328153854523173916317555943583332799806997003326412148683909272421035932049623805180796297025409341291718321228273140355745382362984652300672141123381397926312134836784535348296253099764379304402750
597 13147219132178561974401064999500816183386898899740356915343385570684495300282543721040569251367450567552216308472015103717899034224407415760222319685769194784719920092239297194765950088232740393645223963549154662669024053945652350676286326711690772913443626183512819031893190147178107364190046274711935904861425547639273192013119822089309745553794865356628382164911090153905985827730844218102623576347948941867171019634156720667227429000
598 70935704671592889966453189829573055554122254397839018884342604075985106344366065340753035078581639160255136578718133653612489062115962143845095324871806815981426361595306969789262147951174603104603529631965268301740884149993110481229606713166819347965074992763532680255871793268718734545638055851397103601955842009506056181828717446969996416322209386675013364691871229664327906575180984239029608566962344030757969887335065624006467885000
599 382733501055261671359971093464552450597267320792145516011839943955573458520827950937393881616102513542462786725175702294798633851099792447545582399708604214483242359669157643449291262503052629278568302268906813616519467207441098815611887966262673682363136970011632162031483196932572655946175648630927469799833032870061335292873178938135630910373555014547387256308291318248960821391605806355211216638215613632262067538927454168845043592900
600 2065040967867186105308201895499687664949871430853771179849134790411321826798096298140668950977258340819550389727642484261020247662066984228693780807540048685324759538518390795828121987483164868585757965137180172483083737007355700986467299712508618155244899747223464124794360999743495182709764084044111966057854964408484510236626423073160045677167931977631775755224191249134667106043822449181002425001520425605916269418826789204534892193700
601 11141956710979734781867378298556703952865014343429836070493673146834604939400661323933380033157336844848384142126887287028727496425234664728404974680023961879926839885553779597553634848741902030784815220725189195276197904626589276111526936945229160041826012965852127011407229821828532908495533318656058489198214163121916675817657909838049212183852394105304151837419563156808025710999461845471661295352837909327230096991366630889804730166700
602 60116662340608148945804354661246414593277181878119989421499183014294773332470605773594166644859366647366150788287353774167458890850385354399360613528106452539025095462585118950279753924913677675204486333879521178682890262605291322130294779101872146556559264393076436751926362354932365576129901405690373912802901297149688897796094549761159379782510660435933195985176056013908828757070763937101545334377414022383633652373220531551068402633100
603 324361165022407523588843263135018419366453666066097699313587975538777587454422019678638691501413726975210050758325005593021120201680087157178951447264086212603914252102577010781717493506904313544232382858676471954637575540647115272391361523044574850337320753898195740695003233920443731752112083297165316555843038047422630713961898957520189548119337119281036338864899978634404904940895021812154708456226725482130589800114154630313518862862000
604 1750102308402135049845254144236282780217894208732793652653448601720215565707601242892806718642466714239853367192179258005595364487158075877333319703466253043720545767433698983239209135195359373130235030354651994778703102555502111470772446195743525182757756905369330862360429968996426315334692805227166331234100756410738051188240733570685013015647083660298332040751976338829634460557544696597561193068157321067503528393532016527874678352343600
605 9442752718534287172511315885270017231785092121264637917156424818867795078499279533675237236540691527987870600908358225307951042648641075512677522351205545976552208362565403329969063386983741634367882538680910766666921887089312958127365943225830300782213235684092185250094954858997018210572342628345777750766684450930497578115705738913406508190496919037807539485101041947316215430220104872877021610735575648880791670038780014385059321376918800
606 50948850159626916685941198871840968373372283424979147163359628621249410628493434777832454099919030146364043976460066286684737381870013280014934337788836162798536719405267655423113446512652232712139286124489430661078965612891413155067632803946728039364673786913384001964759073615132899126049440385932020578007783260435666812005011398478091044016937625175904092177759189681519616682933818726098377512699759407810924942531363208516578279067302800
607 274897472346432811368106254454218106419813076290065363782926051424586869847736743472400497200540614324518000126321713011351488362843659874497733539750186536217000081959159804189542043546948598582542536828718453570851044464460632124468656789974819441100461570083451052294265726228264012591635689870807745313573353021189702355944339532991797479677832688941683549093517073103604582869952805964516268149158998863326897172088805850088519119098471950
608 1483227241704277111398522050584900171632406215945338841008574364545413862429435586953707314513045408800674507816569724996596923404821229939305646939085837875951884175655350156146353131560273087672826963998190186327519742328009425398911103091735803720882745360414445068304350298536662781504813917221859823416482602943934343448603401077539529767802243789736228095317217647464934077435725317735803000917525700065863729732273278313508108295943398750
609 8002860109622318417772482897511652867117631516366015081522899051178762470986487660559277912972467614836985277434072402624377719958704714056849988098725979423036774338344165060895203923463130512963379246640870922061602552060606807220594091677964880366860648012010101159973948744884629773794254665200798646747002505316462244357223326847431780017585014912874023897656866923438594233737531396863350830560991567070392151335614566388051979946313888250
610 43180069899267352751453968822854106479755495357214415672998075477198787899502208585861639382710668887162250039514132034616774728643682391439876761277657452333348767439074912946446014366682504636614871705828488005692377002284390682519617670140789244769158194141588080797874408035241539314813596859017950034045441431236500293826183829248349728132317317397826565377634133684306583102236099486123783016802648428253249693604991402348650860837825402250
611 232981822444581641005582222619989855135276308013575445645699940410034244916937478190633887485914282958187291398186083363075945838265565904871221381819779770188729742336527646004769468342962194164924490638730366839176297162136341052550302380121292545943060908163718999567883172952857225866503752782833414009687988505611803049575918285090009114427536281482011826709299171563525798211860453148656037364203842382289369473488919252715178157835375829500
612 1257075362798983064295360252188861134556216090210448207550170817602346607234707142489401088126377401178773257341413955865923240571934026809852359860764101654437128193058450781122831248645652432004001627225453593509094326232107378167234433410830924850288521889020537058008733912697496562097664465629227443228146320431648388760126998856932236347451139722485282197952819542091185857538823666343136423658529601302807570931430783086071351411717443102300
613 6782677521116160362746544443546665522267526693650944456768639376215130682154987866321169583136104934223022513557026860284769313254312937351121094657570938015166936795238678310860207436018838888242740291042482267925621496580497048200664259717613697698335513260264624799531309362868124693015252867329844353688074804438297944634088816963590601814896021613108314658344607755398926677382469546620540944029510188231003289020074741443091502308689502996500
614 36596672496417763211489714262895216631600024233260090662411895656914492624548430134107860599487108240783066033877220237808768758648023922360570387865476979583810407962732340430814335551042790975697329906431565283674277380176823259306085202472942739963578031571678457045542093409839707448558332644221815839518579785438439492574147627169482667835482421091069813664190470420049211849306266318144357443994785146203461228356851945841037871149043407566900
615 197461578225551165842583000741888974866863068007570922264785105091958074732607044200466433889743815994199953049134485039698089029083971606033345455046987075474544328112199180506943003355466963684611225598827722286158838342490156059311065333911688499184486536399686822472451457649139377205391510782753627230582495879717968049335885214770989694664217507875016759812746869197773314653870072908583342209688624956292075818362035680320778413861807052027950
616 1065428181877718683843935603008674133081452334025402437299975304153226985189994186281453908222251476245017395282012689473246634254704500111500224558733925960171293851004621606100610677135749678468049914305467402207925947106291797148493131852403197232905594884509281811642073921810331668596304710228061897744206668583275214426250657278124748811764426997000278557675997346374492513814188711698859873868609484845400606481695387364106836057606143862405950
617 5748656075183117215458739764728725185894782335765720236293446121463003871930562287451892789463176455455477468232015873862144782660485346674181601150720289707735384601204595759044660984667322723996216011764193712156729501976543544890640044809316830233024156133809070185100916341515474302744310930130309612772339579444230899120863935259122676607694863887086063236849877638967735636403405060603979135939931909391670226359368824943071566023725907774592250
618 31017660773798586854624774767098426629243819523728258866769905221711236255637386658160657343408061924251184094136588880227862847116822881050005300012891069722669080464453678251983862892296556478830681375916843961669960814807850724384625288414221708489695477493531230024855719533921060053268740097215586491732640615511978270409218647183381100179610273257535382364084456330232464762664153423732279246961795095419732303981700412242472678827318826787066250
619 167360252982297609662850442338188292608055948871193609530513426436668997222292357105074954864529691060336608438184951990303465348576914745497339392572448307932272725326150945866805629566480842635114597437626408464366004872734836253603271744313149071943322790006839840367443383781944131725459605404736425460557713358307092950192180392618890131497174898443010040380983874208328399224424143156303529741784476977226922368602053938495966971778924877068872000
620 903017506916333395080401537269590096655599758192287036859386712923721780529654158152812923627204858451320947586044433608285788894383412020152088503348653650904998202039541848498740710717759838977712910168326994313317898982241859779414778748510993439632337408521291905263694407278887404222925373283937210864796865003489263778297086085009798839880528150845508100857886996722391690935810367128994427584915211613183300428806408901272971771257446793588856000
621 4872373578966108964029410284627950394919480123654151078116906333907250279323090584526996120509923153981151029875991053947121273268461849840111582071131079117579303417360549278617285427184678495118203410221679819446700986937494802337997759252931404479922973106867312178629845149526199260579106236314759073135090600731981616906084603011156518058548568572761212275766349570367382566746481854564229145961044712559021981947020412327880001507398489554747836000
622 26289695144304439526090419068341657649030087538895958515864296708670437689713934331317931951523546520141822088634342735486942133605091006312521143458750797322033909310604870622818618851438298651314708345166155450474566942528043408260279986352256650654082375146277296876644522697778710008903764216354027362024596852324389641600558050038965968943918574452579287410301582749146877690239214018729480574796394918544177967553885687553585271207850217465510556000
623 141850568255321545151995534542761736949138541876002484338442408420508929247325704224997717684505225075094689214469654541048474071539408777981949602878000414514522154201378532339926912953667920022773876140028257294387760689058767147154677107129490294081218180866137920598820623944752703057528027985759831891238081363134240914902957785470548697522786549836358204026710131216227544063376383829652584913077651684359307592311237174945599420419546874181470915000
624 765380101825101272263216421616929672837960909379824406734911228228733338065297145651861511818069406435723872849037188963582521102744841959620756202129443341257057557934908463654562293818896391904136632217364087821484638005290827475047139715030488844832277782845115812008561816270879274438162737604499233703328320150344348786356626009245422261372315212282329445051023350235327097205659004887056717400134793605603159680852898004834346857633490964342361118136
625 4129750462974178910262337066630689497643609974063829953639225372983642984284517379573121184689191929194536342710058975894494798828682251431208669459044670333195416843969902160741277874044581954364609216394029099531069048555220411008905107335440951869446976365304876363388972425636953299908521374378075721251532200441381878228983474125564086451780731938269306815680413949267054331734889480783013673536141358867582917512375489237906833474180833331973164764408
626 22282863901410907859216282563261913613002937041457408870787718979430904343867383069645913493423007883455511029655840791105493623881567453413509829289151079254428698784668142896594607231508427475243469729198947055831228740912085676251419929135417228196344588656779635243475912880577116322794619469119599289652575040699009973432490638856059080413133504353430131207813635449062153005189329101994029931745254577719080726510426434653804945091381820111406843967928
627 120231636138125890688741844454665665926920301053075606431427006733146940297072072905550743294505012937120684622394971572534413285159889172498841828611622283502217761375834566814004605820888836890731765432014905145280810409962371959644997828496676699061628240363931865296180853016961727975854657565898611981782638952195810308536879481283109131385856359931373635546101281671417867765635626338118165416000173747191417680256154727698038411113236614150317889153824
628 648734593316855014311292327145569523366318243272820268029850354533781915621792110255523070111260856787257746944302557286388542093931744247748122252279073637324764373374968178556935475058542743684919390411854566026116798928003918719218683391055341893824359563794621111577409370871942832197722232424402412955723926529727664777025965906547679144826574182488472152199543792378241452129485635294947205139425224750398628524801417331083320128779465908694822329482080
629 3500385737282949387607112088168011415079411734473318388473970969760442010039202086250481974888453484593480587809758334472886560144520207886873983470230176659702204246189710482105765928625477808071867126398441164545667637517514536142667010593341337860755530633146787394711674262434340515995889172269067955629971820467525635163499394086655587011354066486158365778002337066919589878394186059765224545772952529088799253965968376641243341534566052913725371746239504
630 18887100931395353705823734828617599187223803438885797288003568012662692616390794369219690650625957869460562432020017513737087113184790796435114146442082230652465014028089465974744237107706460087096599632723450806808944828336735215639805587998674455058739209422181917400596856856032925260279114955206166239287269030003298509993582478128323149995328573955162545770847457840575666190256608567551049789308501466975886836506345835339665784516085351054510441295692432
631 101909634030135239808335003975584829561574266487221745718708917991741922751784658471550442748683814188752491310698783389139119068496354200751918347432149586085727470413626388953774540414334706213445307377198779278448867405595254345810388105861919922593130420119352303710261424847957854963943638286142860137100528096288905471092827419926091579112947239076427579916134209405199941335816431420355078186299976583315340790859944240795221310677245728334727004948090792
632 549877217447823006470142760153190176497246493793167505166320373612220852361855116465601084172694203583168481235629061240150515350751953209384455200870295367255930325404924996415793395260467429921858278428847093753968487102062732152732116784506664702440347616626529209082887932724994398787020053835803518858837060098214893553058661995525432352500059581402223812272397279855722538836112455417191225573268518659865236991235340279544295642735959318376206220417246568
633 2966994576755827823451030580264083696123116854487361684753005923280888826835242063405507971017349463459368517729622758761238255066696698442860566287124897313103770625436399996250875253037244276927476296814005838269230209056555105092605012919653269860370935000759633188450346829003156911287972381586949154179295170998623108752275025154196901618317792206844978999030520243946837779846627805654886234984175022298954457103602151316689753576453694817328569584696193400
634 16009151655864045816217018796327153389785915718380285717965011245270112006557352150543278438911715417311229034354055601436217281569487532281364004927309600050772437023740024484402752879396258789781517439912186924997942505724925797572618571724303430896218695076511028898795614518606027673092276342117317181978094458951555507548697628886328222160647297196787081869410238052849620447975915447285569851205472146741659663709316385772663303421526256261732707200204168760
635 86381436784017709402007572992089146402027716686165751497553750496938606099919933718465560156756416473696841330453734176187910322314411499417672662298841117379788825600280433192573989537386805356259122971316607824837841079571276729264626496797753943420705967552101287186689833972557918995829361506040495744112454234049425393559817781520434900846378566211606374562795482743533871957644493228504223111784750843758989018499241314245265095543682249220187804108188848480
636 466093519672459676900178072006834260316911742273724615185508242571476472561937149473998755076383945228575124814855295725443261462708892230616647118121512114605985047089044553699704852611269779519396827699122019577188175311801749258280351260835628003607358003171262563594469041588416621842754049734129024527478432500415850243124324931234790544065836318047910721866553270536134812404195415408294570823747628393268698255674475501196379305172800273216985932356288424800
637 2514931966865168333465033890021592842696778639417520213806040759829442313911070967592231379037129205185383480697020448358578542701436868419489110939831670431672050541675718035479185447467145069752575928543523695181033001572696237126186771132477015109992531838240900977957998223322104781696716761186493743061849307821223710081345201149033767628915990315006989649805753272851053410496477427231379147228571585876096593370381056980600729020192339222197969084444657468256
638 13570003225739348137865355114771024165965781341711843949746052227475367507528493623224778106119333899980439585203907428995619142746312199452763410105431458933591811544192024494063647996170678851622485818274573340579398880380448648442485852274924392774473281825227660019577709641940006395039589464040546542671610362463330460232479623369069318105559919144440514376710401733574598756270396569846072106955609774920456202792293176699617467364057359635252761199378752182880
639 73220753249463954073502781059182267430894856075592238710578857468368552020960254587197717633385085703448369287025810799133880244917799301292431847274263935550738988356536918351539827072897151520568227088346101703504018859176617375962809269206327041868055140195142085075850574661471382060985772197829310493514372997035716106353726211025435628167407585747355572096402460566861045261854358419899626429270297031116807414506860056852245616488133286769494557744591657825703
640 395083564849258010149101778319886107264148437414696695309205968639164760572651061014767477372391611194284677762247240510304509092082572368910090042264653805433010747191099464669454678510841279538862527150385572109828248555922584915840873603194518961831542000604009856245321421628707146979232230800310580254132457320565563734769428982928751049212118783634187152479704454577313535933633238196255372733878857852333295256063814179658815723585286604478274668249151867830079
641 2131789229008053797854085793847081915478506223808502571440146391823376834403848692788946719440824042127720550525297304778799450573515158999079087558120950107837856554100485448877886923561706867906531246678686031878914175733323267098303636117619951933316322270466623690528298912828267450203846365116145541224985249292026347000966422691098107243184628412273019631691165269439630451179631050110995276277933098831190525445317125620559046325744636872847521487715087208499889
642 11502707864825544692060301118601250213966320557241046882455801892790678227182365101702428514325806081316995239734242875786743357019996017347464755436987842713142435101260290074942536550179912435464491191880246380012021255624542383729246025421740680353476465227737407285288020236263375853150048650763715866954344689277431223624178887464033746140206989182055309226294855312041454036278290856397144027595222426444946866981263101948354206321310515721892708936319321342252185
643 62066383672839823720983259355433048432993513165993011609900113061934474704298854016333124249494527083442557302193581759629013465785661803728321478464597221396148196782327515091605422394950020600166326907761871077038451783657099148380886046246562872766565992140701086906277093139660282094322800999709243880985169821669174226900028944936489264724122345049907364694039910935643674347658876286909514798203981118734683261942950401980813674083748378142155177967087212147183850
644 334898588283143521267415853295222547742915732300191262040688821884947688563369225372374268440640316050667587449586210171733577989353135403879099596497527930450207179860381822337974118882762726389174654393324381371025679201267355285971967887831576760894396288652876731922877427992412379438676369882183660495436477415575424359438258073009271702302396775148086067933035849888095922627641756658161681821098635066642426125912909382745962586992767820823765813453503943831893770
645 1807052265047192035808573981227027040614178893134287485618289535033445037205256724348476311504260204110451769133330748255123036268120018029362063904471568854026012551361892732579885027250045011468574831591784437865577753329568624024929701352922220413182403416980649706747225893959229743496221001232167198623808306755436544468183846969558901096153512356733646345146504198745703677299823112679819100878669600222729843539439745024031615576491316197803481357135779044512315210
646 9750539161385668046449541303828228745293113801738907857923171239749748571803863550296108471893358530145321051091880185550358861434142069967868225744011916815957600981562330526380671987602594932260816907811792561847762582912488621825460244489512175309751051247228729182258021844039975392947259901829168112421139352345578050793944626828486786634728822833478329687659134421297195486713124341756682068962763280558978561485051332559452970983765593978205490330773010591409426010
647 52612273208161820654121080826577052720718450102378770597621109146782050280554750988868114668784789831523222771829894743121095474402935093993162467008959786161880366032790014689030018034550768560511450886902308001191829212536532972812997498148375701067411732266728066445015455900255977063938816958903130236744281726825682516859623490618288627697803219348544765194512530103240773459123846170248705084450044628391104831349917867637526014064909560510276690546460726038747368235
648 283887336035214938912014433288603325586057089110676363481936052475930057161596348996565295226095710407127465693618324925956188176741239771303509574872865372597154287585657762046885141564247033393417392010588510760642451696608568198689696149287163384333179808195484545732754486082753321805384233574861984953232214047716088295106102504072118271689762879048108348507948624178721675023874581218825532346978810193810042555869991760684609065022683365600323573249063252099453308275
649 1531812071489145655194194610721330440533246067955068776917729512164795785293970462551486552630230525067136863535664573703143541887962608239800049812127321013632066152162111884844001752196850864740260359023968329594420420465840130314277246346312984785916977960304648489621492330438854077588331791421307913838470585533050217417439737707746732572211462423621055138909832661387686526764196273211051297900548637972009278097470673074760448793501166461408822763940188314840767989569
650 8265430333604851159232790976687107417929202775630985771471520288710054147331350452966235647480316827237443133369666832914836154079526571618040401536974492267173427232801574474105018728822513265585300977683915434411603667811297387361258414742991109981210359644947927902625398210397034234047281856452604532132157022986829398934298429582149064209075818020331003149754151743864751545474637055056186315824182049949742347724211727273325854807628147181346949888593106589961205718057
651 44599086567931641494525109986007970963953007697608296218245166770587061275257222432694820798771111002152491475552734920797105122929905015270923955494702279212932642496622895601198321734986418400695788167156197387529091620203342146083600662016875921036262937655399253017065275777455523228643379641822772096583602948315330396367429050882341607501411758063421092297984023622543189428531418090789407909697567769152738340803201910165041763962736677979504833380956497751577483099312
652 240650611208663434009459645223272698313195588472161018670644437233643232279220405591070526921892091503897664455636511903392379272688294413883417932663908334039224799102754654088355648136999202891215932068145030847980630798152881005206461810981321743796832627714485799979823343805241897306051466553538149522551359062260341240927284330016975560523496030836927459556207752803815334118371704568374253123944911136430561988154086190568509296821322920026205203399992198969774675205776
653 1298519521897212608822722113911425214747700242795428996171586074463603057312743513848213377740963295593502411970614354825140493715914615780687486267567364789059082397748388730060243494343156048639527984967507958207650864270914134145937630910513010703642818344154218028546217599225925296084819294641438806431883407001741924483762144425350965385399221406745501347984904131297473774889193953692855912054552944579710423532080551116273714978837184747155214517041639706049418692187320
654 7006651306422278424101645554466969919183640855120980005007348925227326348997932811190240947408246835886031666451876271027510288798603783298459614734837989119519326053644318891430812276582798586580428924406905131800027518918954202946747034842085196915698957208301218212539806195830153218652138645460535782429434406646480425326781420122330483144524594042072580114953581975026638022166912119785978070819181215374363185025554165341106350506793373189642436277878132451666822307362936
655 37807070978789449127109168836012021004318568017648755695015224982386016418046981229490258601878830139695961583915489987734898997542206524305421737726861599478865936992957479404162519909455147271839578942194060945773240112906161112479869214134878243360490947857778176248786793654003383192978255592283171930365161861885049451057823896396363060536497869683305144656896042796358611019588922193537154890154189682656358775059065013700307284661891435845891841487635910230362286337855738
656 204002770207433036506024042520858551580720431711114362616968587819983851423284896007323039067116795534995225870674507712990193333273159512076873465269550479992321275375076813563748912104321743326366219953951216534357490038297817564408225227480136673071095963064774635504482528897673656215353642419542357138451728853433587513440349387656120889731470380175693912538845343966016601465807757507654575330248467770278726338308250258944281564307914429391634537083344490183076658913920378
657 1100777642149989764815802308481394541480209944798908173776444485533329069159540175367526390804727669196616431003125390749031049223800469027784707860700688594898439781594130531119704832267867503998145412584803482355429259316244554241102472930770477982893376994398779082468505147550290523993840324930054521363391188362830868171115214011351282323879495108956210861117827936331695586001639021280516785019561369230564805979215712825552167608245211875432628765633251493523472851293824842
658 5939688050474953043875652938525935557385068244992685696315441670459262993052938708275465815513497579634111694460735164441154992985872510903224107965203159175440428522431829781598835683968978995120184193516364796851789306873824574832642925737410445343210495830925805485453946596640544096385307180675382101361833949454868352232318485632678034468534216889168615274507426013321407588781628048383795981021747885263399790011442333052371602922136964668474398996063931078716879353244514650
659 32050010279730779664033853527319581491732400292400815129407904615150987685806505988668408216822293882508583202895831569078203159202768460940850056677773993163023179098283178762826228324147256976834295490557390301484177373490486588130921408544517179600136699329100425560360454287401608276490080698698960065349481267923678126929296933791051158921438682332439002687011393360506491773181263527456621027588275906048328643169744814504452611502818851638192174447559635441079579476367600360
660 172939105388241569739615396421080265060222552375998148852675044880575668777242233634899609166883565723208335957728439003395896640475907549453559508552218207613652942891000391307456604704425085302082610531357122361289926103783441606164768488929185251119230294797172746482744577391349342310841113773407900881573903653623215169453369896506920108149974332214681873795662452089115993255350830611501676180452515472597586919645860620287210957358537462470779371991843065616320036223014473880
661 933165641121648978137816189847988855336689404155426557862091974181874242965571532798515235732897696030473442267281321026519702507407930170498392803384069552614363352899107981731198409911872452588980787668012560287864484268657949667682935113231117802897071675848167410731575204822215585249583611182454345318440738978889734348760512939207347188258886155282452996905717540952663668457534154724822732255510139539164975037517619709569594075919616011815630799587570358090192590555734711420
662 5035293232852329542227758270544929386335008180053301667772847223296916724331694488786088828553683715579210386057039141326846212027553202098524125549566655285816998736439481871684494573301500649232674131418579278945482786179185830874602889182049397674856838728453360995400861005241986774495960095480785030637183617600087434800199382229197779028561368455883924622439083536523563491845669126528377491902426230255965010372238243079580035744867597001400811633431128230620523413288507054812
663 27170103202399625865802375386390938542454704235438743867325227492119161809159956898231378249984892017954135157998307783501566798879672704049112226098528684713828312111035932626056507292612447230424734244214739687441688680630223817131349139159851961559112508127920809537714806155953843944169940930308637015179053844304182535989043292861034543477418999377354709946423537448356327620672042468220728103447834767614937771741157497930953908560667332185664310972977349120313709109705143743310
664 146608213440678378073631877663444949161849850619247764696394901743786244515196309309483388496065521223819991520104915900449315883539577094797726083403191631508474245435020033270017191782949322965479726455785104747706560316369140259618751768431182477476184139795041289430485616145301548775841565491731483051405798299084354512204292350394606020551975255761959812518980135918813697251183750371220074456448351506387742135972361194545596979344558256839550114684866633184505985429359982028126
665 791089838151658234435624018524893399727010464793418265358171609554464987650750722178482136864641765832967877549666764236442666765555870916689939346234298116489067517240517045130248707275885697011256171649487020654317437166099712480766607583048729543143088693457234277107269720973374476635195458912952744094633063277404339353216091677934699809225487705868162005101125481737793392393940199918740746561786698040981414012858931247491457687229805551093042975460861205502201617743411048617018
666 4268681969752304368500217240311361751790536204816022698020612594670629846503107984203778491054507104079305995597297223746872720212394627090558738965616400600369346443050275601906105381870020980461226795540293610828808022947237636047376834474649788601991745723508657343905809773796394219657256645344453911254985642429663261680835081456583524514349101274746686223550625758701548472080972385155065864690501088098133285948703944128740988123791970844323073812092590746209377518960347004404938
667 23033624443718358556375069615690425954299977655758765961066136071600484471083558864838994689116980912532094610298618273887872502953744080045876227630842220287572318449961528710124849506778712419293293095429510194911368161470106511063554727809107823203345568134089437275476107509676027688709757153082452632473837632774332879095773058020801274367801656979055000958957151277179317490382277286496111820411032699542888017629740459128539363153005163092896020761222088253004662257765416805081800
668 124288586764825452594570592096023900984389053824337215229213122118822358664934820234362449878448696116310567693077274056341268970205212668988773531501683900300626288890864693847085625992361260786561115556616631514966109855222642707915135443771098465830049136975871017049195746247660650210755339352467992709081767899570942245795216827068526829717535126299008798096332044103981421921229744527224766608694526775934617128490361800644037146838765999661071999181380683260044568476042936309973000
669 670657372726251626761785457588703467726006343229052729900108160089510775344287490859779735173545155391972892079722272416648536976490536417989739705227625182525972694064199736188592770758817185927249216207741949920408473580106077278865302485662692528103390025188991563788275187024541729999706960265040683672204736474536603420449376241492797289689120249323784626775285278040105496054783417727711959256589073554769721682567469999065243731705282814304162478943779563516537282139451077655872600
670 3618850484755114129912078319452396844236623930565658210907480300955768216690034481299492318942049273317878350404417320437597158046596335178311746775788947865264619749692985601694712699957609831201881219106459532025832506121156107438927745157038922851120944092336034854958325461734920628312267461572729531160684170134289253697609390813957519253561074549885812068950881981215385150596709193750619773087289293233776102620652384578431467935294170822057953908515849444480875434827018777124939800
671 19527248791717380542379780015651553575794143224048163682417989372242936051858043382608957375367145120666422173287764341788204296368990673006042718419511279532206457445060733042587242851051450543751166496154710634505297040473090314503272435178120720123006864003954413718264324258726581412439702946628308104505592890799045027424717807909208446412309329570670231710971189456799510642257347141433335883622600318492680597965531055138774426252435301290755134376985005532570802713641371077786135675
672 105368781905404304757204010130701312910168331553581522475808986611883965673451293504576276359702353031890959427923862416866310862395448098568168779048116926054797176237101210480946664000879609763016158979919744636394916457464197568180365503524289243928498428711066568987297230917335615660874898437474550111357143757236717696965492621674546987459579559844506935902585698336106508904709409048796693111441581171381897965928100302632676310113417082944280129102720267659217778191125138241224140675
673 568569211791674319658525177887839131205517259193246490898355219394027033156279576360623651552383447368680374370559411246718223207722992820711373172403167118831046251303072759418831715266437184103137029706893879735305900600583209754017532169783585433404547280513144240057349084548288919980502562340409224063667349423439448055390719696997000352906702824717172988445921177261843747694424905386971188424591771277162375544905901771093155578119344590921201946670739663260708063935251846412852497625
674 3067998874834829778717916107448417272336923508912969441738704846993868955528056788621589924800461365215872083068194024096831041384121804080217301601120790592854147758368641082589021766491009404229375300341578342683020055415352118284886205889019298213996611065688990098531984609797346570341578539408052487400925132434986804019587928540140194704512821431845044029926526331303635783238581523884233927126035720799700704081304607109038848816235003021715624564490597764962844425318543253510383017985
675 16554936897507798933666589564894135323832239520670313672992651087473388412350778692345638173174732884332668895875551394210649547658280262589894682020108134395488994962336347030667006335861320190854526559293369603145445652857817495133591083167060425043973065675900627889435134887504221207808287629056197754486979958364042888872786209675350690259935549691183264403981204405314083880836848612222798780872474080359826985182798975414135088228270289749652441135518183948617321250383674682688145803830
676 89330617990806404825904858800330430878667294113738563634454836153669756326903052032523201935934960367171992241050278373151522583548706211337424610230367546338203291649228318197680548217596456108003788741832755395773900050340744668354536438098632256695455518432206693569926217706483907207939048741347879307579695043847904296072958492089585648165613481963428705221348989081675302672292406875131330388280770084023993724486337838571818900909747626897695474924345203647786304055223913344699904453030
677 482029503562537575986023619364467807308117726900587047429816501266775576392303337991760427475575394060718487412045377020042597795596812701885978070890251027506882945582000304015186534064226250124649027022753855410860080495718671646902445982004379353332960020777618922581361413968406741397107015638013370337783066503832241777497906506576927227767604301261081155310096780433910995377265449990036788774939502637190776709464480797168433667337461614296077929952913698504158108393910997530025010823890
678 2601042063811582632290787678691072995555688069859142387721891120976252271295542908003419870797769340522825286307401461463197186437960714201479442943673035930664325463684839978601014914209902983244823880045706891325969720824020109311376336478689028009376500739586856646880082001125868278302867384803161328133325071430231514958539292764841151593583448270315873255407626886501742549919185040447498023734088940627622735787646977324232263551079284845039192475101873526836283002029540745245068280022050
679 14035296809084802395960969298460725558358111895535915319831982473645531668714459101192599274115225651343557750948905632633933719649230073429516454185101386691040790587685056711966239410865110025593873305074877592541302874544737469823439157289332279188631388145089020415465660389799933739704753948640136141193748382434248175851448954753632473067089504030574523149120521877849576932856120340844077027847769512773278864642259123083875191822179060509067735945299106669885493995883892148348888930923515
680 75734941860940131553301520942695836828909308546798930426633859199297494008188071487325521155953264275225246485711546581569819210512545055793436379167974888918385760423009060775861652882028165119929726421559071474413291759473752046845072800338749161858333267600615430341934849418405206033413438190815519299761127710940292011612870050721313844862064219076926864111767057534502375390963969570022625418079971182659580409096277342211659906718456419391482469257991581667512829453364235119951408353840995
681 408668778391048519923796536705324179193627598072678015451675565103574747723665853226307081401866546171380100923619668210949426035065773294470252693141778096081942608039846050841290124594340562644339576151945107484559830472761408888642907976094598635292579447976150097810516207570348098566634079371258192832236030378100565960023033987310412862278557011686109261224250732816701557196684726157385263209807190227262804949290895703411916866614952612496565451790034710222087723114943843390982067001134345
682 2205195459612290309172495921911132810445527970571642614752732801012199838879374293709359187808114756339356095156719389207428305799175389102931233500210868266280455286586631707173011587285682048285945612118960850509629321072311829576323356951425059493397824331598778856522049813865973606200271746109752462321158336952103525753401368156059484309925644237462034962272695704978954693275380677850374934127731338934334823661826018889209606549499707770248825214053064146873884292201554945348344707687481905
683 11899348527026322090204476154311413260788274210727772558147837966792888378820340456359946960715697980708571752848058295442320103528962940613756412668437821805014014480054397293966437164780987699977492275981270788108960928315309025125379618021778505626787495254423396298420619666795265654736148965610245012466375910533159897885715947489703110806461638532970837813323044712317351675137344029283345150846882560736555512112655689294693620432948086029831609124748754391404486422480678060633081174834898000
684 64209567474181053839390344728009788532500382271187572986918614201762536202398596470884567496524392714650838969369443276168875178618496999885401803413067767534183437798921170146983032138969480591625030680350117999346919381197814041357959883060717143518365220752775820825607812717696906785845563949215812932140556952393213515255280698241329315348282171869615992353725544956512161698048461021558094390225870929048757490683257676421739862832334404905622938913541897729065091469050655132624597758842381200
685 346478879762675134488094089901419113043202154033506835630939770503262273912290471453059306861543258511744403392708152989599947353928029376348173714363630940956612734931840679569108738532398167251963393901858393841584792260272437608670128258035962209997025339656326572058364598883442791938680216664034759225401073085953820053297636543990729527280946712376959835795505992287807387206913245530535270015187506357422255470778609346066054382822649361976763194740038601214422580741127990026950346293183672000
686 1869623895082636602602889337767267517002337932001599951054137921055512159762025559754562644629074874977965746708589794194855643121735681439808870256600575006763934245360453118831891476788327186963460343024827668603691613312192473171150770882104632888081180175658121267727910134097584189613717411228045823025672278834127746087122782547708793724641678685909523955950038357815656315086029703360086200706755700611011365276653057805193221490355874751382265104205893236630414084921800419973766883716233983680
687 10088629972942120888306212577535319176016081713899983323978987400467146622352269052824276787694737868870369258549213692436408290961302763024388427161082954618609779601838036614074594539527995733358179376054265279764816473891723198515472500244572873230575371660068723078603363771027448492889545129111368621263194354027102820795195578511743102163071523171621013532982015765202450883324316390712184735501647362265842618065246815550482536039133883538951058590338908454470918384950147528258150489245294711064
688 54439057228422678018076632338040261290450484368627370798050169013231364075421655561549495656630721538879352473944469271646590870421839970005536222725968895113877215196750734235828439976952954888562509429703321639792442458217662114039987624718906763104740740289132022458500347819032461919185398377943158971986590260584442780657766400192266793502032560934249727525493083301052135930218387426042569406531158187021263331909050044257085029423497012703874441847251364130750563669159211253051055444180272196920
689 293757832393829141190512799188914659926439439229411827087870232475540283539209730072071107096034774259140304600082056397659872819481465202837050762046577232494934056911321600968091420480373966346929871775952271068832740851171583293288132032600673862441612118556087758278270609447595305400606347672247816468875748949405106456665360190426877696368129306535018941223212507675914052420054676842669267140910201762602330777131661809265980964904275361814571192640270314297013053062509278747758961961449961792112
690 1585144179422938768320645755647112648450123123663030588263620271759685080229993279700481346697333655231658095971553694868348539203575193061702573504510716232089466443388774551933590912595690538966794628726487702188471099734583100668111787194525970687767486437916430266262975965238432974478631204783289948366488221722948062418369935948422492572205598610663743809453249579143388054351355053898054427162299368205816543146983851585314380349166257773689684664604321605023887148157385914528375256814101191928816
691 8553592187503885729567782628513408752084648382697377639289464843007147037390298179557922678391920141184829988270416029966139058608251046548892707362614124884365952452322068535813567261625174432546108350004074335824734497732417797914779555911135275423338557150497281016627840481624559934820607316368554643286422491676334794983599463002048430916809075128079798876764317340453775341165158220344574773878395641859783966908756619292813861985579088512774368447798983716088065594514769672029911292146753667005656
692 46156063679775865577365452829068481074326573155146494353808862699827947722711781831127662628380519638802836048323021921433651649546291525696299836274819008997782991586209918470657076939911012202013996237372864742511890124557722889226131347583528603829017324426936680729707215487897062624139896166585532839603578121179207935149337447323089898955693633217262155906020310161072148775903067802014879390899394348249789582081220716449130408518053369057998316759943646950371521152999652789213220210467121754546360
693 249063128710894118603739645839711174544710114804434909577551181857894674436415524934769760247045740475753338066770540581041684366142160681014784850694770934294548744049509988396933133678933939597087800935840860096065596166034311453430099933313182882405476049097136296240242451395289861666976770042123856299056161148050946328991498110143548794822888900583346891412704193899331286825015716204908909814435672944301280133666916670019742972910238574816707888995273872638001818526065299324016950505501977170953600
694 1343973067061725225771567398277184487894940369803665564659777104073526892674200960146116018025675177468992849022651485050014710575762497301504989813385117066622660807051608754425467094981818284160511301794429921151859514414311889745202809811277385166627163169314160233160029354938161433803713609947229128986006521190016988827252642597491412810482196741867623956311784892720575500030799462456511315571463473861047395767290199033866222587733993667784069865762990435967352289679082428391993506300141559349953920
695 7252239557418707818756903161147559024520440451622586928177387672154135181535995955709700487759020570080444305143220827353841757045511599910251619489762522351687566952277658945781154348299543243261743680480646443272002044616947469128047039370414540682116801901804783914532366286541907950757073615029643156079868406206290593338303895462338949233268382117937740085019662606737467420377094091354494584114239799541645835655803559658950786108001180820046273831749091748471422881688553159174736947372106276706432160
696 39133993204685403949402691363415525475326603640273996895715153028922260704598700816904851292163884997873798411452672358863035541053884633476602598518620116321080674222349900871757587134157415582216930696301556707925352585136471490018588470537998853481629036343492228990857969076012936577688506162364010026862731231410146223121213436355067687226002249433201475178401897816678302923211842485572509004747088971119774735696788072926563830677073697952417407238538100223323582895156232456030585554190688566825596960
697 211172147291975232662128562711609354850099518355133412327583846476323982690838470122675104191140846244717916173372914083579552633464705517351978072815600834992269740559259549207164507124284254577346586554964873139081911687611076462595572790055198347333801530062680817337303549190024321117269353017638764702821956219786419535307095300438931565457781486676741122224703087424978233167028554118639780811977497130234900730199842459324498817087372260479759563428908261262444515682301888608890571054484732587080663360
698 1139513703952381349580267496293813771940044219835736874297213995484496305633443628094339216773622121698086413334121527829241236374585043091175008080153281944966525507526425197844508101475325850010151581154041760123948497981942470484848445641129342631012105504278565422261374493760436230125358202620396000335142776721136861440364495564400561089799145759653725276804596749929855108144076350411536324091620474700991336226052987194796862611609889961410871597612654275701742749192930622749162015770633330682735214400
699 6148977631053304454740516836255304396382617663875167757824531237732184099808564795791162517057794904525122874094141914032081005456288334236345973804670971212128947350889560891914108544268918334655105146960688364280023950048430560422867623990347629319730452001469014115510922983067487256451543615294164944355554165620739398400062074083993784683978699352862197957614874998458473342482399229611334272088954870111120989365940611538925972823153440752817710349162623819695894866622239863533274162369608850325039163808
700 33180789620584176060795827135106016944339767515407596578370693200243474305406433926247930726561054831571512381662530153130076121571973581360262476387483555733661515424995644691978618003575224711780778394704262506345040904984753465025391867520741227516375465658903354262717319025895427114586352969373064711001807505317711898337050666884994862674610189029335468620360607950300724893686714778876159184430505958859314319328832837624810214857733771601643926244320039356329209069522811302069884560601886778726292949024
701 179048613590670557178449517009244410158189231156313052217074107088543366796103207913578746464322505445599835987991630028384225167979584780383163788667508951446002247053016336793693819768225542333009649600417658023866411149884472900038299091853604997798314545461658006324030325130304338756683129849302869535068106778904598757836306453693654532135744384006584250954834416675364892698874194119275588700035278744690869512374051312722802372806730229913093604889599733923846248917618138425253985851229599550402717536384
702 966174672604618709716001273059107804215559627727831079905324873815642348967673141863595364412848515985635768140919572061879402844985431709515649691028832521891322619601357444997184958412682423240293509973873072647814978776226187812923913241782546295399959208213869760891312847524078130577912907139728773480729378989679328321128695759529057730664091660818358984889520630614420333330671399133267981600156820936130120188200735938707540741553277306134401952705752122941357650687752269353948647606709311880915617357952
703 5213636807880377599132657654500152220104324403178152044976992498980962756252817307109920117510319663745921336685973945590901840667390154208253343222745077349179169049072492302886485334313724563716567711183567918585492621216118404128336712242673355411667793284308736746631782415829783031593745489816785337298724637159969888595794685556664951570576786076318551054939504644701382100515413158482285387767515286273866771767775160553463008099205097729060014542261472645516961221016562887202141432398783512053861763974740
704 28133666667029539437752080299856225023604230349414387413987859403753466882027668571837617586978795094279200023223372953628389706292922701372053976911644268476415237432020498199485105800955476159041852174708057043101342439122120036748222196614453502722292169452726153796662497559069795023730636312237721923460073389712768953712085270152917423339998085602218704123709981048738296304920845552696975665167909720134072510441858004681916365300095834520479324355996277361037894371495495677623886134989885583246912358881732
705 151814179884818639483722230416805522554203186425689402093611429542803436476814336282416403073954746120129758059118087297245327206725229996953978471850136458347978938065071145300652650104326497183941464401828976390382583043607795490315648278169708696687419199974799440507377222233354306936267205884603580975618731666770963186862185150665844265426342981342109530763965919522411176385745891128373695892058766036238166971056758216472432362059154086021706892413914218832763791739187623889365971490725656753833732567432456
706 819216656040808120828709080169866503644174895354129797237009967525829941136344224696412431294751028098358881564417431811703364769260875483302481347526126338233776286339191894527214087906222773197777443790486893112288447483431840290384853668950401054517916594508124707882868537508431166405166280329986862663561258728201767401876666234075869579220830072613157389188034568346863646851091997813513095912506517466434658588435268174002798034123403765569629601291164566699697294700910594461050243813637624869075399904465736
707 4420645036072223005112076129480268197341834134403338313839720166133753659428647740265626764896069021534071953007770330065879864321209608962833690629572710057307704894658036052583324223718885549226934780886181279997568851719310721966709068396111053626046374189953920933489151161562648991263260576916472535027650951343328625200221132816514080520203633839947393036113396916146227029309684992651411851760518051814886142511144572801685366310410061564237480397488163628619066511557740512066372497103867782077657751192028724
708 23854644408911194343360447768567097995552965827791168326516234639090738497169969969194604868393307094787682236011890869000584786800672414010858297688659290466759948018734837842030890521892587607081497976032944097083626970717680191211347383467011876347345431404106882488931322391193332636547391977696245208188418707471983444079292611619490312204447254723921992706232623414854109038021846522122321557281040523640893736647580463433536645514271712768639501463643380344304556073890002638139819179341940152908259735805714500
709 128724342516421611386847282243120942772522004972504691103871684454259736878622881885261931698185397558250282414553076323929012440667063436495805048967440542812226844898079394588242286503230382424560885594317709400705394844729090808770120654412007186492028096205483112873476335381843830991694062078075247178283581802854339490395483640102077808995153235485857554933558979508598186366011257122169659379532403205431900187881994603828071916870640360027672711454299960514200804456429452221318078189767148868079453050469536800
710 694622502185195232694424899749029171296930369177588934684999762142883261451981349746018260740513514252133014138214541197438874793711733659662239663950718564297341761905290776700059885859878059456706796419754523977674164540714123779989894767691586497659900245172727372513935835806580195521581150296430342226224740562881357324806852301804350575713368548732530818551503089158412199611754090218546204224133307206958138912155299032726007150932062623064054047191204751438208283940902394899877211099438552289894930297222842400
711 3748326759658743938854587024306725844888909486974865515524214900263043188329354806842375965613040085573728380698403531595901295633220221723301971325365725145143694778623487602513622609057951515976658282887054026795575047490356910768183123987952760677979337477256798672671859174948833912578377208990042964178677879900373562879034672709112717260850094951296768437614912291976206790449232461663068622959028408577168558807900427242802902109609724629039807634478001089132775031981501580765283402267352423609206830027234936200
712 20226766779944418639161817004507959113235523832556943685799499180414787541384723643532261776120878315031168764994139752207709222546169956800697488623719610751896466799168535560101989719883363179403279880040175044670687304611530186650625326326070960478349926144302879509168402478386642623127748842457684525608801975382027436455633529232667110282741424316732799758857163747309385697214258502170463088620494649511017110364120452647924553411282845405910598521994178559928300094661448458761363277853910006662111998873707428840
713 109148034018022495270380723909084223896199701944715452469561419367629892996401682317860551457744894615751827695457230477158979302558037003159342068850124726659098833206766312415390739676726053681769046759106323680124821643119152921706330784295192857516881332104227967719100474978927850203280807684691958030401556173838607328354240819644298998086297079665017409815616605506878512586219764076464278855609812867693399538807255144686041540373986031995183927565904271127668545410242996845054532486706802704075753016782820901200
714 588987115022715388853065375974116499638830814223471728478918419749933167039579376883789358564384951767498112771321258693309199684876284521549986493914733256498265569009743176934673326407771706881292815987688946206116983238387434606799177578950184157764290878017789466440513197247839004517538222833389323033337633174773040056078354717772830280109823329893906510111904366129959465244314021179886702954042504844253792809964103528620409273030240145022708418480187107186824012323436247013359178940308226878704790504383394023120
715 3178308835358758942207733096353865151649577147298525401000722380858293917050324227032116257482161181774795948942018184314070988499337638308843674244211891543541612618088964933878003709898341321614307376130397602227033111753595019322462824941419623239640128304752727165556131864864760141417404352421752323265155540195262739304888283691134527095425361976022587107563895923284064382814035923673526503831860524400386953118654818967297919587333562214759370852188261174837728483806448536731660637995789241571846350837135896017160
716 17150896251380862331290918824633833705468200805280370875871680168972526657909600933824488390725038897792528007122253330420457655724548335178188048987760125750829876175440485864193127430748711194198564888609871806952413829181493684849282449083102923229643755184920999478475730073805759245004801397273060668813764011167350269512585492973367826511457770808344165261480658526602203574856764173656963250593548741674403298544826009319124545548731230096843131929030157182609111096090755407474017306939383971699811284137117794603560
717 92550328963003815873093184035816332586824465882561948903085573073342412565793934917799748426832797873208133102690866824895309938350931005366654312849848198214692970650418434314773525060793793260736017322352442181362239732551995985513552426564213481600878690933228758856945301712106321078452327824079788600908550462436001941866897886226643962873364956187102533168924979143362770940615467593513419881837510035560587920830430898632252475376686702540993472111376049099429951621856071538615816225410700202052057921697614553775200
718 499424145043767596266299283522602288664195639447753785119829504841607000728454361321872331177124424693091150991588277029065349985103504201672276834692307257520334840600582465093678813705639496171179659120376681699322918143114628371744325604750739655573912123774914280088085134934008985862675575306605053334027163902196700504270371010234234043143047040239636491313680359909158926644293531187085821031839787594533593975188284068393928495613367729276425901022794136951813435542217478071146829040712366537936058539586020807932000
719 2695017085719559429748835845314951523716588066054176280976660946851380367953814923023726355689198985053426191700964503713786100139332435029509826061750894221563919063309105867912987322659821674430232835738374252435834436341432836660390032133955292965690020975800329315885784054246569654455746619555726681105080798241466666569189917364548984625433529372754158867205501357825272872587813106741976644490088885949705243444354769409110334294002360040347989217741521851489788821907750902657936688598402272325701954974226767984334900
720 14542997506795947646053601880717941060910771945093398350407464542646050535047381416136772996794581780940848890188982236019629343201521355044007131638392493857695083877997000630762196131199279437017675930987170849851333550936610497324175926013269462356875408294873449447041714623836286418936546613829259458643605509505492864618038343329757033796980856440524443782709013935287387171806103671773646919409767968724961405705037977753953475504494857799465700700880399171378996423336255438869493853091577500182172071423457247560177700
721 78477788132819580074443267358690712059624089624733384738951747122655665413951642446105697691363511824995523136931455197526070007824549064492614366873720017172030731385452053462685566182511437418448042541018018394448103241152681708675300895727418137045618171560906395431339236646907780945644074713705719987670591482315921138337351291503829514968486951773615716436019898372792895991422303273254363187303802737938541880946497484345780405592055557444914778473413716451297701546018237111382540431164312601857660620798865209909976200
722 423486914127229160985834152879287237824691459475570394280406483542376361879970022877135515620192659067204971108560073809252340919883980446020985515169092316586752633603552539644042164570205819126842980143208359828275813510932882956053502605409350753757553783819687978555779190882470392006986010338731306832255113825308405134674490284343186926569006389305726275901844361255245555464139720170289746120228044647803419059152105226321916689481738084090332803491497680741788382113536147065107018341792418916476633621134363438657632200
723 2285249651042726433664798256025309455915120051287034543709693564972291348587435735865963148226443983664037788520600630860238651689423582444700813970552859157941632586995149581252609125695059009131832608992553519361386419707052028215214966356978430363995966869378334383128518697124414290598292475142410117329645644292402585027991850010982505263734486900190837074708435200767717941727128914974458078461034770155706133955177073289602394157748863260444708795589718317704240559178793542811258703637605718333176298562075815079716180500
724 12331835468489915804865450799558245897672506056549652665530743674896669453970192227886031075589199015069370194696079028387189139675825971236453267099061964820048570834086364959231498987105783981420383878385633434147020364980802138116828520835112151508936088197709240886045008174654872683033959582943342007169032345775905357974930674145046110174265803945112542628651787282312086409315465074070093399829999394207501070673714343660462707270006648335536642258256312324659005233569597896810050444643730726241133374197073798137383510820
725 66546038234107750429530592167081824582970755675437205860149496960049199201274966181923018510129069428459400468611313834631017860372868169467140189995535169384220068606888287678879033443882406550728383451777560764462420486765509900966930909429037664470793425776983199413254759148832686285508253539465710461385230971088182548698308622113985504516038664851496427939559974941957385179897039428750294984181623273296674167985782900042906311508037714927278137989242506382722911516216816790081326802873667607306120013344251558773316216960
726 359101401896335209709339892898278911668093448440695464590794532084783096150827350762345042660197891679149670061256877846955994282064725450427616848055589575590404306432408842357686589656829226007560613308021194340894244901815452447771314777005707808661278133937529160083483342446542360957934724562706404963313059851448969577443288043273291682001622838546634944797994827621702026535848574232903028242939336498640480906709313909247850611735584541503738894116455388230754516702501243240017622470060165506969489183307174990157644895360
727 1937815416728677137137279420922551211909737755177446647842671982834488644036891460278787117673614519451604104529407451464889071849811853022809874674739519706464916392656738476794506427305859985467740400362617005013258296640604683586276959754650020235941529242738655173554981729037498159199138522432595457248548872373297136420604720800274452118555287755374441818384822839299719276425936645200042789823068634422701263284795327830180864445031118110981758059752347126029539095461696639311121712306084516522061023926688601993029993284480
728 10457024426649092290870646142642224606105273841843425407274630457604987280296234523194043445397249933753560026502710884783099488226179705438150350705665463379258224535559043435336385509054827003654123036530598264402885862724957118872408020350048787282595588198448658424584099981360830694015071785956930903262579617937852699647664187558289762263054013451296879574598814211025807552305576045910944246126710702448608824518261856629295617110647099164785355067326815488471708939371510158436936228719936445664633064463135585445331821609600
729 56429245930632904168528720106131185233980962183830703468849492893207105715684314524554969804352419876203012397032605527838035258258198889457524536718981670341669949201857650323096804391745011465338287783422387739877369182515283545914153728973923219848485967182294137648516964588953974223411495139564162031218961430385298877740300114053881399146861189581081307721527734968341120962111200934567984501861295260018068785150299512004818149611894716647563624962907895543548029426503972227135221171708893529951575123970228980278853938098880
730 304509452540981175035400235619300265763816473535089188527542182548812094219861993101802274846651955756034960589356964977233449813498622822092602176412049398097056583663783766776457256367754635894977018818540247243367298023110353516730776073498585036775565858740816213307170468311829702177122252154318363159588526068867927780409999207103489647310554557678843965933913595943873329674416097923731969781867944301995940284905092840073443762956315807356567502981618684145536228483430664305902036538611835268070053023688857348002298913487040
731 1643227583560433155010844599190717373587647042990452959631613757526395296066187361493090766961071954777476936967260663651408530110574440990475109611325068109271011260532700397030253244475729412980197838550861733612206014859046806928089812028397858453546533203361876008031638720441944730074104196566072606134636358096647548743285711808349451984774082073402095206624090252063709163658211747925633181893207000981657138755333945660785199566339516269923670375347167557544996181552309718294454934693485266059756387601679646887012812266114240
732 8867374684107488722553524572959856320908903575153081336896202292052111346992418132410185775425311337086517974461738513779330315357027231623665489277713354626852038576023960572637406898048626457433844362538222457075801221448286465302259116695405035409925215191163493842164208662368922766838185986581688358163873309334763206348461135947462277070263932631572149366784088567130959475528129299132377167573307915452618056076936690422485969489650191670907330191888946706856701577216143343997778773251593203062147075165476539373187663453082560
733 47851197079141047118726023982655343671422776274726733047969488143318662692710305113811163702459331681467754145512498347711228651503975984181971817441857680832498576913100250176069054483981501954373649926712975701761934445945741672301369015660971182987602561320245414555917765335470422002382129766729739553014222498107879868083384756977774040214673462574024354393711270537721542318723917697475028932675383572898146328086739972864340398701954966378884845778283265446873658720390444615852744524890948503402006113372304496333447545027264000
734 258220642306385804224935235510811863635736317195682401583656236817892163825564363652059490874532372094523933166870917055507242976125655572556120541019863815374755871044105307398573304384918933889731168073873876337457615722232456919067838355148296760661845959778277539621856358543082466197043640301522731831304986121231782376684515082928968576765980187772549649373843393878336707108524971986186946943723729588759842204224193883439682829731971119583651042251904429750754519422316648664794257343869780530048485191133234723044964240854873600
735 1393443965540252945786235877900190106077419243959492441073865847011245431393456365333203881850584095180746935297525063708302969847494024790831029443560002842764490371767846514408703502057456325157279646020811510680416845518494431947471592315946874884945958211956876528462284273955906304469991407202166986403668788467008286937352032481411900500208950122983664103632165204703994528631754283155367304905955483889935130308870048699438933851958924196674949776688735388796403087623503987205495365860889958477951280747108678177869128180427350800
736 7519491314198087090615761042235057170567565519614872671907020447111273291612199838021432756103586086084779286803992015731555473673123819918249685990916624674642471548592937375943698516121415288455447202391277620222445390827482988614118321394980530082953049164745093746565524999625716121593976082068651883108737615148737463338412673307133562442572768374914951949314797821633019973837605751048923154745106128775737603401352957079576491197149967562622844698118391700633137267428930798257121178761841572811379890809276278093735565763734539600
737 40577736214098058057142114983673294449070185381484126802671264034577201230746116392965444014995137464687103050081648357393024979530976845640310733641233184528747524731577660396990654636742453039777717387581864401420309099657506312443215176052143115147502748677182276610892337050336237604779600028861165976119413146411344163821624722089503329696173554270855638625283873547377800300678912778171583478265766480903714960301920635851858231029530957417621014225740756960297066362763335124562771663038014532775455916045962295406252316520803013440
738 218971486067900856577743196218811262324849846972280645399502831510254696252746140832268517305215973116030200894878440924721906867056307360872519707819221568213343593725602274531541250769976026602006874589974698156080526926422096614895638738086973533902458561441578888805435880962746094898456736451782821643258529367358574838880136336496373640276405267353421430788995489909210850534897708646722015139047530650445754614854804122604615277467112643098474975655451993107806262921194596970303798345322101005537077297238887411953390135975698555200
739 1181646885084695126592654016342082625654801304088969365065477004501636742900947834283760210647222882539211169838246637096458920560329150530068565005928159890376035108669437727628581164145969471747343632037806331740193458805094290287939909634657594243280082176052621056230085720416658508486564721598519869239074210129905351197112098971238052667342085019556383037624232556886512223024174382287760569370024286572902672001753333615815241177491939831114898069113675005213940226888712921960873895532591105954406919263956384435884728604160194070320
740 6376586562782875834917735879942824521690488407412939259977010864115709416692295715438559434476362682812588799877194998571226451773387042142708651265189796203222512211375243618917132736558001468099273609343332084531839782851967886067727734908626035155568406828646874731923613183168205076858543542393646776698713967081626511109200849101016623922329788527256098653819309417077231683966403902848355141163369118925996475965887488726558663457822779770699526269906327993452539809040392299902837991812966491771524628090309212566386746606040081099760
741 34410358733059026394311300589581835114828576509128637913684771055826608928460850073626560254962060610606915377450649967294500722626158411365044383605546347113034665713926343824251826278028596545942573431584895378523832969220815118275634013512323041351623372506602440741616801373093864457686118431680929793395659682224983512561518746102856821522040934988663748988254400585127079429332468128576108580701619846627738662002509335541846051616045446107071489521122184625530667414407746783841073809554863352599728140544599288950335805375662037508160
742 185690863221676441488733041308438026752029107245334093823008500966471774903662552638882108382043697058221870389040078123470845977785831255292285834855899644040544619921123463700383477760665247372435212578677105192928827986732573516217691283536994978741270212040528128071754600018279622653944812380869370046068994993041422984386616723423493366565250619948658129393544128903421772420724105780995712804655740473356234559778303071204588412583310209162329322450337581627378613389455246603295533329983476180215540554141114238084994853829491238708800
743 1002056624152017179058288958198399377491987377550518567354546084642652755012703431870160954117021378575177585021278872127731986112395798562495151476657195338791852404299714183127964626675387690901560070556134997255895058410470664789220164532526589108400614187159641203117790786764681233782440252886876009662999160040306904737060635474374860711106325578322027875770892445379149676785740120747251840286697727821517004597708779666548113248676323729827114305336048136605097097043352813461769979717617582397378927468014532555644864973506769464728000
744 5407473299486208628040579109946315258653851419054884405966361786931792336728751516015649433366309213091698988712026530644927591155715198051559153035594011561769268248501483557845170825163784639407090872684648210619046667649999752090245033315973033934058854359411775785774516996722305461825390180590447625293196880524361870711537172572591629104947388089910957018886739071977129456919251656277142527786208696152186618170215256321753904377771180607708639187160901033063606944415477729930121585937609346577465894117167395652421034055777521746177600
745 29180779924514008448216982250400312791137301626790857097186360657526584313496649119342835410332433146736186241193080740589418886021920778993282980498618269881905553481060230867736153065743202146142968425714472031485233511467279706145177662781742592737442242097495493533762545802068687586214645604150437385814843599999504084543144101043262542355889442520236588148852317183116453481712425445496840092647521409016350400236627300695973892651788606207895285381786947665417362195198166387512764390624879241140127069129091048592383947760305881618624800
746 157470714090420744342491320453641915492163901015743028416635653608364241222088845824830631914111912011571593138028425606745759127265905375940139674966816121869577913421535718024881281419066523989416923664301736208052641071863656583027006728578651808194120391538407310677520214056069374608513074358254407121826712538475290573973858941950320677360845892631562545388728684458984145878210432954606712073136905592104725437588684887022408156143936414590597972692521285257832754987439845572521832432984454173418799812447639377353398572642060070848608800
747 849773312265770190637826196809537151255734054949085751875827355872369906610719101153521734963576144108362558518007628014625488559744290062447032999911031892117911228860762020460559581032971354350201575763576559443868920267816284046908082891069224139768732773549632198802437582412737810004203169430739696289748742388303931397157081300051083071700441329908021028152399650956484760170488339622363937386466995248822710149272944855878325229901038512154370587755837114958154274840372524424912444226323567657716113222880216426796291858574390280682144800
748 4585711899508457375841235473449977867221032799538667885771181047940956197326193516505618913519849835245286764380332439376675233460870314140132030055282929290098142727349472661361262136924043780144374605015881540992083492802656153048527838434550976504311051064609578507829793262641667741597637133731492060782261346394830785341399442343813376227093657078671776610035641086211876539724461659933830174790298367443056158790112024325144043504447185218434262620398442949158685111154639053239589971798477619259197508174223496918490742006931106058791332000
749 24746331827836995739374038978282585617026890483075093303761853303023150841465647392022443330596296991792335330629867808525159702596367683172408270042381162105118247116411284486504829608023682641451966715212317116303401411671406557143979081454238128633723275811919214631021509426645224198262299865600084882476507127750878986440669616654377359823600526784155853179735189590829532920532532932696222604935698824363120720052273854539806269723953548619001141589757418179845458542375123071857634431678402726937669651203116697093577961205576338392200330624
750 133541202889451884029859850257756863356310905327694915992353175092449843702949246208723957364294790889576697464014636862150644158515872783053763896843160470353451759659416365741733081022082921174561773021410336398660436238917726473308445635438277012737878486327886131396492452945562488206003188954904761212177136691883828009231114510734497292950550329710330143498704684766296625435012375041734759849546237324488342251250675157934966835302206938504014587877726234770191239896756931113120763969202733312828741296554505710403142310279853247174307519872
751 720642913855426532838038133431646714418343145208352124052533596387931621953818713801670846178268871917928551767700188156671881335060093954428936132611322723034813135482526491281226061624256757983159455229256461878276197237725437817302961714622637901713654977487306569871612975502033341924104054187965640473204467911265057171015110742211300017425023129027399939395018346708730969342298287362211167342011490375222413393910703161108580402151281522862107554502805863103200624723272988905670576201933907205831379415475540314458279037288986035951422453552
752 3888887153434436933301278216609089919249763110454187533463226620437597360291272939327961182335665970382261002818342486961736433049514428814060566002889217330018676653602522122812880277043641820847190942133374411609589109856841397241824914844957759563938925243689983177137101075620684638747700509649178038414739236538881862193046510412385109309889956327039519882839593829052909753396515524371575605413298920493343864186944328892609551097354587558460793063906676811112744172422896681994867612169781879869125673604891811108241352204500704127945283202416
753 20986061660940043570822502605423523754205303399282454462269289527473236043928824567242136106770350554086264000917714532153144191633355180861320493741546327301515719810759600459319262402510294141259884194426379329087234201510651432043014488196299479176784251647443061619734675849019582494355692246381646489238737198597942095711805028850458380565686917529983563437998933825817556724290641691527039147058833243874980005237782057213604986838359663570309197715441189011113300547190452328593227241767237027507289259209117975579951903666013923892641576090720
754 113249666015416115814528409347829841785620953698603468871630589135047958016920028391465665402020426065222307612168300771501196513558834306415452880855984539116600149428744144083103886446504065943462111129948192193000680767654510769493708859930525223595592812374114173468034887986231015600348230940382149214263526962696736064623199650263574098824849011659334902072531518069908821462856067746632240896443499348830094042014024545724406459073014863936240274084616037342722041849555204023578532366327117624882776671573417873931223225753661952484256068176736
755 611143639409352383946757022067209033732155922368744460822669357112087850720316595723967550832892864810953026332349319771567898127178872123317826068742245450012678863387529674033273826087217713813621444601564279165399161267893319711777992819225596346990541117234126842773768651395901183312116942714772645032007698782895033776328353506062259818930335686014549234479650097220066430596825460152310242366091266336147938103692135597159972293719291729035989168214864223932744440884812488370924468356270066923055761906763725468984514762131036188733652991613488
756 3297995374431170190415504005957115591674966544711762231521057639995121139602536875457589811508534150243580492403812531358481215237318385236035122438958231458864628757241718295285717501658344312517216470769790504242732265967274046964706043684645172643692762893214232700061015548365901617825791633265102991144989961892096269751134628354969682537813031471819604966699752828696604775127292389215960939953066302767274926408630787285139024798431952609338903690121547369041640539091056414835443234772593280992356292223804051067809348534840341803833620641183728
757 17797424822574182349312504387458288852540491020963440766517644531317139507680639899141284499309654516851217552261637827796816714056678711313566972741359600874628211028643096651523029955054374223596331748598741761869735171028951860484678986275080320775588048550604960561360775149397688905517188181204407091199041357011310610644992023549608445715640383455298388751751005648770175424186965266414735512205085128103497938020005618905056643980957679723123081409133796013858551532879001420460378667198104532862422900659956190542841548368987847798967173884710912
758 96042768391824974722544564576048929237227536911502088736087570403134054318768189141173665998212087725081422779425860068069046304373508836367382652365072633898414281701423786094579533152215839208440456034293152162870465671720549892332835473262750960461727283474556174522593223125475009935728971742269385946410400603536235850146602714808120952917086108042917019364346351612890928715908850445308109575025721836068404000825983298172123557528193223981403691765807366207320474973717766541563269485290416969492694720482834396130067248442604087786443639041689600
759 518289665879719262984554715528766549181152778410301509735696855855099886941212602589597940618636435630226728699797952907750385909295037789575250983741345696293772406155468631633431234209983890643298632331859484753032548282790105115406809239515919413137231363594173778903422111121611887894745108942986523348497576614845694571139509652584490837327094708808753456895819952699965454186532927537256854988053551964701742242440933388194117987227130393771242875793602044453834347905099168113526275071974789168623830721376377656303262341246846284393611053337189440
760 2796924898617960784365652625278433763085384259036829768246302994770733698232592119126429621913834339791461061012791585968184882085020397478556710884912587486231251392695622894456227021035710879525389143599802783723517179327320884818186774418476035744352605036584217203213882123875198213283510424603444580603396462504601582518661236491456146695127857336616048084645738779015322447133083200867008529509802839122757290409793539409183630789572213056100774344916443827782488460260007508274754459776787010058524577652156479188748118703583930868499196727146701120
761 15093481804116920630512544153624533186302468100423413224367227148207375646400003409223119260120133484681231001323987351820701997039533445397990994215122394893058742920053182950414136580692177028017865995931303121335415448770176503564206453749025492398824430194854738647699302567432299601661932602362010671918836297242278340922531563934683745440672094869939746179142065370120172852338676333699481860602332720786003287560111054091242268117871097880038148762590642353108918009377149502767542326974455377115583678817396548055415833324953065672076720902959846400
762 81451378697587016715665072710050529521938685447535955339642487207587995966411997293236212547702608973864560196582892344912800188411811852719776817303587933417742697251022883023772062827833828456900362421435545615237547248560618118599173361668433662459235507711122923754507446563572989299687678613999470720491387907559835442348068377618378286437825833074283808186829488369275461274722543367879844847192838523582253217723248261072285237278582977107559627025878097397507948820875616212049755916766609319667705109171433991486019427411226845482296575317549005824
763 439549527052406894329431738542813438650996459180442511561595053062790362760446201350005602101172940188674695782142159810630320688726205017138027589031303952076557653087293718955434462651483179133166256120605202188505103301110843177003975369012703819366631296206525845510089796212049064261067668720391325775114066398869977319166918899807477989938423269635296311399125508901441018195748624105421361784073051611341306588779315001054131012346427148723042832564134553153958132866980355658909255029142286457360697532186825478793365946334447335646434315515197923520
764 2372015738587719076288555753908369259634923471247111313159843262347263377339634628285896793025791960593421752869001785159141454278648162861291544089054215014358877699704304385108013685666217667857634222586937542964615667191656627118576689570972633408858719164350566757550905834086293556259937723723084710941376229049678378452408398386712778897036649871653572072874156093088540372581620605055155637772432573407380599552131854662995432393349051692931972414388151569323761215352325611514357676795468537177120466969085168298867912536277463310527875267874098686912
765 12800522180061057935089018703565911997663845146750601693297165711051569337429641022989711903536195195345279131544604408995935656599942657746063897473828083062837678505419215266127978530888847557170884025365477981837839019850097935887165758129800262536421806524264224934310472664075524569865753295750092263410391523664056449101539719964515726662210341599515061393706913892947040612921990182237697963953751039191853863501341251286110048217346133456355153201800594777731494421171497425012507278968776620860597109482766175834017053635576268805368421698857756815616
766 69077748944178210756435528659509552667552855221994097720666730114962054624073803318892099139410814373088847999039753393550318408381526619276391565879282936776100979271580196361451457232702452646327935131393414017653754026913770040625947869045275974068374049439188860642662511209518341780779848505753753318049434167883258109920646077819103015060383655566624077431015899176402703604301829618957261346466143258191736854069800343397959665579771298762448649171348901186727545331139956538574833603648664805607657903622748416579285079887098053474681441020827258265856
767 372776937291772168568808322098680135078760578602033409694196010559833543523440599113203136197366531089518433173427496955827088827812379973077251148527488272144561462514805027835972642242363520730696516252946731191165298079198101817400143220700955438724252599563891370074540837937815730493158410837607688795743276559053486098685320404241934063917164883663230090882906297147639490042487380937870846119189598731880953169127382191897360791299119647067460388827146589299502989887578150642391190345960782609205725283842167026000179288841427200073084258563968588457790
768 2011686322702304268214545192917218523122617096108234847834719669619175499817025215083111537002939244283168796751790054434978888473446413321028384341850436526523495104673021113615059670069800185594472378196730602167671495108730770710449867234462219194752307202325499958308084009722750411809268501097924240028945113564515375038040235031802787797375744232803793792211383620570966707982419043676555605989251473910937270325553875576635077048846897788993920051874962704410332081095366634411932546277696873832943147227062269005016538300684493827075963849726695358822150
769 10856050568360471497774608016334226149273648832438197416263428229508005102392905071194622001024697520253436900222312142845698831910184478941551976681748346728700785996621898929174999227220349196742129045507257239965588421314544064923421723334601952322080169877893660514567635635242514410794871482215179603089349464171129659045268892898710681226992607193437875173830707447164185768504240979976082255180025407690700515950999811007207715449642544905081606613698093175419926805565753534110994046241002818693795822537260713232993616756298714928444250326474843023658180
770 58584647109909051497945000214907268481599291609102654619113107344804380888032707334849775212013197708143625239329387202459847357600142191162067687000224716385301250554931441399462465236736115704828089033664263766003989282434888661809322828932802092112230510763779916324522737916574792722385005854980825881279296201230730607308090856995970115742704633043004819795606191924541912782108919197908191184784473731594092138432614653198733061011576697710374309064408011011763961540974616979358917803216108452520771471959103957419257410916554936863866713054749079515687140
771 316152153281534733755820821962158303741755886024429928720846868258917529688100555432145225745114598547281621044319247341564657182967346374833455780420960848405962829262280420752741255678518577966199922436712044228174186773808759846065583171237784478976147846130197652436077874489176211444837472525328127996376271148951514709261862937087412749647822771301305655048577411643033732333525130084224227705615375890004602692436596107106940921842342103787497013343392462754322393295739018892901500940561709660878446512554593602266245924252225081966095648215743873194315590
772 1706117093711253851590543068001282755594753735519255333724636797500935858307211836968029175485708069497410984542647487388956865607418708399948380082360883376383523902293244945324100121945943381371150960547068884015607658295863639779262481365934681743123571139986510190550614048374223070247045903108371310046028375948369942785306167804452787412770279946499654363201219104509926940380851119227180434297234112609421557778427037607625774991508336708066723864842334825876742065453128589547998105033564523023572224413570164167990668229115841196719915827516056966379812990
773 9207079384094812739324902535282295783034139137559345212297573607184625118294730791578691907623662810608761696574710626078141635562390945534269991907249245235269615850957668072073017189910441843960316079436491236339225006844091008568487359709678446243699234852438734928558465746286233218584687874073018879588408341598958436552489377708284470707153866215744850899752665785758404956874223256756491990128379804747172150784765184832117981565765425134965482382574330224216014135266226700426002315865779820348134883985723683638020013817156201014738461726278330144565537600
774 49686145127355919685326180042042265404135717847074137827534460916012137544851564759053170709049964175156576224633489867180163901316623675283185673594924760039444586257629753248914684306073558279393254223480523324467969302551753957091668350549318473370396650910428208446532499497793589067433631153429296494325298051841465900831693152359789173247578535286957668223425741304293615741661317028677767258327023637910437970522868784321378193018499035105920640831968665748041470176519359677020086859566107277843764181973005467267099247769604266373740620981205261434953262016
775 268132267503814970363681127080302749052529412253118428449051535157363953741824454336847008329042335252300428828751083150354566875417941150234070590221282831733200612381383272536695889629552063753271338114643213559112307516323688212923818395087538162772501597575534031112176168682964300563354816973008424679462003886031161374427586962445639865881438123655314180203739708630784589386098980649455313781444376432069271973012489205027520338191328875680956392253275557562638509885975003831809112492000416846311918128097566973493952255727312055290895826241535400059476138948
776 1446982300136576524692423519879514132812701974208700326912283106418401535804668861674484563965145288774619356046957170226600827866009186435480217224226569391742887738974287268965371067577288617741057066297853484547210772093466464562075710877985859320437733565112787756695123088902218989487728268166818993214235527121124056650397477428909990116712022301794939065105894394969085165231771489319825058605941148890016728060967794644217219471983924832628659790026103401297241059980916997293683817628700595955351213483831926531497470995162898029745969760406536200764714597268
777 7808681626019553315018149530551401582800732412793220579396113174172666652028606110113471518674191881971572895681115430471561674870436795288671402929453617554198780006509507098284765325318348967777552655710703659084705005159544638918518786144994397690856551939116187352540151768980889700216749466074030817751154810718617893160243879226311843138571138978884374759870340345816801953997902213444505454674406567885124436440819506030616158343987767260850454067988096274741802689380456825634829954156926532037731371965311459801811370603405244944730273886610555216727231493664
778 42139809927565757133892762551017318346738888616520171283672301962549181943551897393745798411970235259883632174573603958199168520304343357931587917916881557639960791012252327914873176278948038895160230979181377526255051205605011670714869116206467956611238785279438612790759661308427218912831368759740800971871844580340136379136080365568285868001455984924661234364600694968158738143426531162833298879418960042852235744161502629572423549082250666108528709271884331715699880588527786547087496196292805328030691003999469418945054011658661318887964688044490070441095433336480
779 227409072186748076960158566974004209190701046790250720556153238044855699621802674948152964271068685065818820049505504155143245087752414553922274729101318693130087209555820308640164938045392190232530337947487807806145353128542857449992946864615594741695361104482034782006235048893652018615959143927438164829960050812506914903820588574573820166829649045449359383359122679612811563823694274637183524812465751377753789745830624035223595811925002100464243395013556092933120508810052535085033840985162952569203537957289398352579041640697609320014584494311071255160621519824204
780 1227222635659903136435803483883807943437407422711394697533392497203788519044988551448989326861258260775503193384394607037237480132460596799805601965132613255797255848889639711608326869206023416452428755860824735889368780379897951252106276662676253419369548482345209196377184286899025159692658684531096210050420803245791712755552571968505978741911900693450808064641279208104751555455971373654762815256042690676502400474654046442305155592241267535809425096685840228456069167595932385560048992502202494404457119528159386972112938627402182284338201910544903131223561498363132
781 6622764067093313068505474060212551563595672159814604354383722311733180722519003929594803721526585523202655618504894055536528799751260904268646976644107214522311470473699856065821863439772359184746388865830076587040677326279385789807336263093357022653642215349087926922516573649762269794028494419319326566334687909686972204343708182193825067346385264137791643560891877241024482245822129501117314441782275724911080224585109795884580898175766021740183489424649487895283773685897029986278112894811747185247081517302033478019122054754903811024865550579072852329206295073072592
782 35740083721701526002836244367476015323238760036718912232947211485188369737134412837437630545864125626135964615246321301290945726104374471760786856910799448897914007395384698792267841868002717376358477898888704543140475233802844271822859892150288784122726743551736058653095639869497233229460161844899325866311214581680188858659261671683546086266509339514117602708458968016244497554931031755709503174334898884454196924568939921855473167321225022167469208161037817455904483614097064347156028843409990643257263324302188038907891767657236457176767944414616464351232121350299088
783 192873340048502437796257136023689183573154805719709461302881885824979755766678525964462110671041695507664167236161426239487729196207021633504384182971068789304707595646921460704303645985534156567770563840820258857875381068988200594179884438187950931132083316275130552423275394008717600709880748656309268233819479090757182409724229978506576712482867741451024547302121383169313665075009533079054756287772588528097472404859450961299071907250598050123828878604014637579609711231606867445091175107024628593699705224890393509477971333292418992230171473990148976696686124031187350
784 1040852501811692907090272095699809070669472364108552251713379206986744816844804999785457078184507450878774998078817132424166225108622645342102401954586711324400577724393395791069463659711086174010345487601110871412108023646020568051977754269984879245536702528935043977847971946408380943305805109351318790190533719135891143190308276890401260387284470607357721609805630614091872558399639001882488841111415569779098920633387350476679435616146952640174106407785512596061356859820251702477997124854436477602693536344883356401735306420621921643002872438935482065617506398087516190
785 5617027263232053755486861542900728931657964734066509780908418144311240629608842142383379880160002991598205121383233126135661619147943848458645144835532233270857783362281362687570419665832660120596254856111274896693664356645872429722352723672662130127655445971145681521164050511175445232607996912938192332361983428233315919598900365381951452969852087672236546711084583279375269865684445407942725120357479501619730490500424307262809726313401270958371167239418228603386315870414722826351685040127408029160051309149719836984786058647504553135102106276002124513304941302002515020
786 30312672305920803947312486062261453700570821893261607133109492333081307073240610041547476760228427529917372029510724923686571925160707895481289800137455189139953238495925668491767637689575861685190102496353842182825529515115153995871808610747428804764149499657497785037426078106458353821868366974106362066448833109949919965743557900021665544114023237992970886401725101230755798335059593452457488702713715524957751775395286947410010401599025903046706839452045782388291074778649943168438230117560038441551202497920422987732307776316831819696690758828947963765500541492068359980
787 163584544082784210694217110467016071649800465279177156553112030945400399026043770629273836030166570501653216177905911187118307019950178958929195825260182669985984970789690473489421227711514204819235229460767138140085055727191406579623477569182660517960195818301123312870488336027837327856469776524520673296058692449073499205834021936367341338228638892769534133667786816578872770035452066192390237856468491416548422260962104757842690229672305734340095069145811070069196988363686354454063867535479434166377478605782077381493651418910249286394945429136952398283249398620673558038
788 882796618405146367708564374326320677076773264694843896079013950741793908279840020900578049650469288163002864856828921882170925980789900374915603823390052097761074919952739009420709632529230645935974551762576621442074404130981934136522139595878340279292121743104745921487247323978597360190627052104490000626799725511998807638674841546830674404391003289651402903515136093297343580752758565638082633374266344287739283122984010160924936631206373447235494027597424534475819633102005808037167690441042607223337639296240725902019825540750287063865568973170716080783497346027282978190
789 4764083915547558902616678957807092507870416891011466441776230246608337109899737263609453858412071120794843482677414090492447759896411682885033656251300576875064508101408116263985195401891519097211707497010696747249603619981264817944682092870196184613856160943487056521514524237001269902884626391046286180211631210803225680777421691998790227139745083508619071830399591600397170082974054581421251319159372835700092427222413737229876995504130775193253581346565108751386743549843186366367928402645817582586914553954600057496265380718041665291098692140971671349746005747092051961824
790 25709787805215384321379352568140503621149423154369498261749903867212424306568027904162456799466004556922614729159777207208053488021381545220214994693643690563863607956256195035807785889585683299076525668335151016028453548040106287276335299111033381935135140849061578919068075520047002122486201389758120958257014209779300781867696944129055514999585187858659434425873000157775560529170035684036625474019376100858422428322149313032407717745751265452691415117678578696606517192792970325748610990105701474189345320348718897160653076028350817183798022177837259628054623471986597188832
791 138745187705944727333104989141702833522612278941479137200816223546420210194299323981044493849673624426064979062251899190509301400936322046883547021027659930902625500406209971399471905607511486845808967626402981132346655827225937659831710033846480913567093271616481352908613540750105890862887938761406364224202470100143181323588461765776625617167148084657276333625182659151715442443364637309789984519209084732950518187929169238329957307113092101699269368569417215932115834070101433030061593621805646863752112800613886230502603071687403370667264527885544854928758550801696802962912
792 748751510480649581923432054881738847787100423126821877418997817381212588909662792165590712733583039535356691466091407104118985749330311304380371901975619358984328503883536232304778847568781770649023344530474959114601886647777849480424511129960463521405581668987037056762252806158061014744531916107919171402929564988089641245118658250217256242888699340288242848211583470283659305994154889607848205088471887232435358576386475613312276681743389753169735068769602424466297843622426309330847928926202494279805302157084024493377562722591600644237310194934130152246854124755657041408800
793 4040711460999121153407744175178526928489862979044967042576870413477467283537778495853742552473686423879896186882061016919454237159785170226595829797406579022447674229037836994562137737232366995431752328780916971629401630232649371850218614703481553465917085357752233486129751653319121800577530547459317104178742364733727217871845362806419267145721505263167687784900026843798739182743585340783130542042478992734165952972848765892960077567370981325631910799633151309042691956283589446081081159257100123623641928159159031707401704378035072549645219514303284225194438014529227700418000
794 21806115686377932305850958704453713578319256730942846866305384660654920079212416793425841804428529167278328882881695678654627487622797833685830457367729922987761661032161499257574697091622028289529163320374937151500802855161885105518909807417035961412832418987311484110862144103601087097186739305592385848804116535441285459755356255489712557837046611384105107798395164196585061303173038123378082589705547065104127237161744394913203062521642205272885988412653886598971812867933650715007686606476262151301280135250695688317477705619182369126777629102442509524238453016038630267371600
795 117679042917185960171937641880599417075823379705859024303919516913216681248967896276946499041733770300399043942362209358414494752246747298051712263540238173620442613084090947933756348560247638756980930796213168145599877255758145972161666545271863765689480434246677162225868352137090132399015698559892373563671502565050195138497097716387704332962933517093336059888264915970389445339072632813225449841738005778610378748421124365781989755581652553589529862848084829089752662819914638958924558895772207135551561510255850900799199725618800560056689026219957288314678310079854501688166800
796 635068082141883689696540721409504804990651543954375574370637267062013071894380452231807317254065084036211026919449368966483655158499203594334710901581697324964942578689657099144873362212188599317645062937808073349661984558379797523194070860223132599893818430421474966465273990164868084464172759650531853254720990294588646975154787346108409755517560912689278869289170194326871877594986832688146721250905244668908670640048233327638702275089275389615612733271625079558813525337503698072405091004174135187571720556091807811952284688486040403731936478000113332253031761107398096469550800
797 3427218444017428512716403335100943365350505931550897756529624015239871286936883379231930681829705432167215187072490112738437632133822665611745731712345175473722279317059081967246245845965729021633755763397935745781127657156687404384320265462769304214890315119651841725361552106515810840661859060946128129036347118223060350501149036658066651398250168908683270113576456646120469193901388127921469358399111293505797522718055044894839212344080331380058110796577598552294211918644390135978326061735477834965886361742464586354583358262559068482157610637142759159827048730396816271603740800
798 18495395712805648067784416700521968137675690377823522351244163459995939573781686194060735373430215675468615635370041323353937041477671856050505816256755076821731697451496393284406284626818489961836628273946726436353955948048123452691831185335401998613149487933091746117255958347975036422967493087322350652178206172458565454141717746705018689193569178061299197003802989318745514405657130121491149296310910169428454065897677489619505139775997368843025612195314051039869497929276164504458142143561386692265596784990319991970264938781632034262078213850000956217036367744234477813760912000
799 99812701183364136010094038056979315171852674932174774977211108978136806394375025067159611755640365203519580301172866485111855658175987504790030481297975262608546327176457442018692606089798620014137020682280723448468031410250807679789738352009412092132846155828468923220869809089600839044837598794815056223784468532953291550254584875806963740464771455990295932137430716123487894082144771828849901052931449173406551267921275799691994041713424147201542306503083614981824871038832818847326381709261493565840416713210395767067942371989297610823688133405536509059127785984951908165248667860
800 538652065305408007021663851308932247915136405270741020669204652989878498670628669216320860861979297065239074281862763196354962182858541069098290509221566261841048376907206475973950545106185393003865092629029191085418585397338161788788753912474020831140685664903767043744870009376145136452493426020952310546831538314247567577384067245940839686318028744785601410726146052451557982451730294820226084504236455446753020544424722710296751767205827909787048414792463663105178507164970367778513414101084429818697509619060774034262039149744854110597865927651230163019622489284393557603887676580
801 2906907338315646861930641100698943039553349951396927357637419535805788090296908665715467693157490208640504874728633588484546971792002754804398914631824320694716825800656221992960733329824723895475238215367507739136716578497946671953255691070189045440090531335614836182339618223231142660959402966778518174071930743809893708185983468073277443420555106346943450758374505560742769098615879600458091084351977369774569496303430980873163467654724698468760977262521189169850794628321641872099502717873439580104265069561727536781849686936711505194492028299618588175928624239484922767836708883280
802 15687523329768463482173042715456047705715139222390629819534044710414544813718662084503005989447328776308745885309928386789480313681652992927567848356340117622551051963278235796073203370065905583859707424816955922136471821167341815433938463344110429981700966502392449454736775217089049712895703775791711412792593558673107002978006019798177217233320693380632598108233496948211243453435066252519167581645038314458616204143029608963121903571562113502794596287518101933010472123128724263949022510248241347160774125340514692510264340410571949027884513189059278696568079141408793081860460370640
803 84659932490299252863119130003079557199091130111196617844251379744329752079450196564533392193704251913689144082273843925031942615169709214729319945166246713845231829240003847200993641680693446660161712781957612288668273090784456211756389746959654975383113946291424770832562365493448813712764168821879799847953840527109022897844276511884575664171266668828171053504398613043553164902717377802481218615434478528559606641382910249400834628583239487652204884453055657282713611691303093048373469097657665013853687099004632675150090105056408426215465060958412232334342739389034539955336853018300
804 456879620922776993993702296714394786932813750533078181787702872855783978975672730848101057668074405872666604155973933822249614466892606338083566675206892791272934979107246557707312928354748381239200606587347919703068228914658313467628584753007880318779046134549171618838265070476109302332304724786129382123251970881111474531435407496247430695983105273841356943825085870368304157336490117346303690881761658103455038775385029529379286512283402288447515572837433366795994923397148531671748662209530766203245547148164976690218171776155972641731407208910898491147380914448861519969554783860140
805 2465619129411739268304817277411154162034546559510305561219391680807726778259961524107754711762570077678068698818435989926921116009687766115820877131565107987078402389433593629834758656418215829751526960736301406384241063107820226977489700856155883362525296690548299046930428144523900579067932690536776801498581602320706712046572063473272867737051021428722260552579476082669036599191941864625577083323517540941399397880757498444628865900921564940455812863521520298775164181240473785889616053134370656725287962515300876581769100653555639382094554861477048297721790713849714109112726213767120
806 13306092220029782127425003367395025085577135316810625323282857040760395955993400424260252332364617730855500468841430984712604999159160664255511661706314548610264666337586297385824711660429124571717635575957032857794803727871711867062589285558241691309497240477187366262139567503899223728647751400631265854988864633755220250595238354623221286535041878197197318279682666882451824957860576618157128828414081864889903808194026494232059792391975456977920264050236099304776622523459951326426638903870605846879562729402396652838602334529052101188793688507799055661542263117976484951577651107536720
807 71808424895696214716426861951228312288270951789339644625961648930622628887517032059378601105351949926211181206842712211555115157978996342240401990508507461411714931309393125122329295307806206283003564736356182387027298120463800673352359778263690966278453376978310280660920096295310079948754438472518460203558265113774095518219105269119586013409632042870606160697561747239735555076299937622723073584276514160570192298352187927682124722112813298430418519929338909026095687160750847172097284658673125748357857695538300465931870742025493962019712654672797431380937021020244873909796220483139280
808 387525785114875008113848570530114956649126291683891517538028781728998251043874791625298540880438403456856202512024084367409963340845082847550645191579594374234481478268045609326283562230700913668739132683356178619048779419291060686393296186463807940718169849358620583104609255364615290065219257031121175933550023817746687354852503435449069774368783275406961519347007611278583409106706110306600163023330404831738681881666449810546061006282336252551864421078678823740595987773411173243411868993047038366398828939631595887968706615541181055154582305852976958016756358796862571142253756787958000
809 2091347206895670032291219967742156542798697895774627982561002702401367148296288460100552799325673588253059661007904505386883179684168770453136353070753049331301870961897013076609948947024455112269145012173112017594706118402226404227236593812820341744812903584158628814229393654232038729207022043987482306905990020814062773687441099638014209415692742421323835272387678993977215314904468983060592555167448282571790848117727978386191815434745396374936916025832917680717674860687500338222474171775950249780588555191387375861129815564766196370592281852228529965134780501119664220690943252471940200
810 11286310847716884318481755314162881941500538359406025369700533359199144923603463157673265693155846603758503194290155072953764095186177038395691674068928630531894978566026772882193122427743385836609836041717133723068833151893849149204327272699788794581349183812592784146750092614860149647742723990310226719684984815178755879150670871159152061944796834093562423394942219653275718389128072280842386550854931307335307067352975005371605910775756867284859748311922370071203168530782575563668131112140421677985047260055010188661115986140751079398020031884505625434980873719642648811288310602114239400
811 60908542086472443256191218611070373287426887408424118054489545943467588252528936423407456269869669590754044735859785614828379914600580451528248799752004477761963724496965791773348608466309542270607364170391614960601510624331490624543063147649777772480176658006050071118104229609445017721635432653730410889224434863977020324103419390641375723508725712704754446345853862867538038324283267086911380590076792049544381327560003117760534918835120639613276939347428216181423579736697646983391967606134865327008673039653843423211667544783526060301476254465244256926632424046406399389475338700166279560
812 328703804275153761975796578995285901302829075496529017450536195692520800145957010160398260586281173958515422385414985338881161143970920761315872233604654542873276385524822832917586550520382278056629675970182755069533752292621642987936996241720147425895741322300285539107776981657577979091724869737835116878720381814693992543010627283654685501444155700228741510406801391234100995589640653845675534389186602662213613395173789060349371256072623798403207981283177365616157852361953747785137042693864321776016102032245321566745370486379824331200252990090313069758181479780527394643780688280574835368
813 1773910012652722860487603234536943010749126520716462649108699905911178326293674549912560227346288798198036385821466631648785088210259953969091092108640257301179138332155509582481275573147607784644512665134773964933731051043222552949212295702756049688421247878199716380707902629849915326074511724295720598191784203485641921202169051916302611082141875830793481799049011477847666039815379972962921393298454192461200797898793041859452486205579288096443639773162050464159844034101388159983672249734376830591833799042222323207274381295587135839970008271431448230079794461298971977342685641219578627040
814 9573236044724612218884901312366191543128413138871053976960560870566651744347328546343398915439511083875730021564938744513185739373514419995927455616335575469935341897629089093900256519773554755454969868042176054410624682399648178527226824155243360535377507954708498360311628628052035508584947285965913925380847967527749447898790300346138168039800849285649124543377613740205033259734460828848458127794244119951011231136062018012117963022294616672709272746181919402529354159862512809002076738340762485276317343654723787314433453999102803824028012705970389220231875693772743778882395014530157336544
815 51663791674672198151937850616409854802788286440665221100256266285476383251015989575244352689815700515264266196497497813469594787224025649269352561471324845664775733395646055152752228841575045992023487700762604819866463165842029084820213356216781408026363904025333140847184504654953712585478941901562123610489445481592871377328432666736101448441785670616953374523679867685543855008058755765240747750446448489209918158344628829132486852294018553489813109146536506155487342742586988758925925986449138067148827526119962495371371515119050674553498319674250914825796537738686452322541653337572414032892
816 278813701204978329685248192573220080490924220845164110227327738367832096803936053432977643022177099673706587837277442872306142228664611721482977485662745082555738528376892331533136627731349168209355017376948634989116951014462546554025761287366520864631848640016589288873181208015159895684736271496448294911518938590519246122739620016548437312960376032080876581341677149963607664145493580258904811621629140334985595330551072827131012263701507490591230879736443154591066336154691432874084496703500713533784540612762488308865971970701631666278213130418321142788392603704236868691410328644869042416972
817 1504673499180559252262338659359788123534940355603946817985286583875891938433723609760868140465938415676391286903847503398221464265527048835503158518625996814246778636585834376361146776438644689109696800901512983042249522611115094910746336039148155985410418483381073954160038184022755334072972779721220833136542590189524764731111013809168639375563448336650320689211490508851569977185130449186219927323599012548521004505101599356221161826021943334243412986465747976300078888941165764736106993300267643810261945690480529196825548017612410520137620903652646503954601204075310321013603011201013357184920
818 8120275369687924274277126275506093466325248293094597526748701721456039270549370012854120379087093322905362494799420554148943367279727156481215885222496985573403012861742466687923860448238188495678137737686980084927164767210216350500728363217658135888044644769210256182881491782054443506365514745024869781912026084627798723736706940726080681733251763414850424871999715560277088512691814891664347699106813664383620240681479198392919765552036304763641082837354467138186139674095528303416823682087050647771765725088284512719442003711886507160608494951825137419219487865100622616466373804942599527994200
819 43822743777227081423574307927075969659770860141141517800170636454328921784392811527529313240962158799583297605049161015424320435245101674220560896635255496451398677941836325989521862221845906091936725748145851324504226605545440464077324779582714225089907724422202119435890268335636325850759111299421400894540450281156348832399083204352823734863841791369612870560934700012006381134619074323135388497882857744664887250920379212337576379073691486117105075399754798646366264550215490319269912308774011354407615655191091339411219121323035176005733115843605540399258543729538140114430244799320456098907740
820 236498666919508761434981363120148361769555186640525006870415685805157899109258035885482541354512090033513659142717252521352419468225207860113987246698119133528986314627237516295858120935556472940077206730543074035577849792129871351099704171154340835889686690831130571391013746742164074594102081224217952925267537272891716821868315563256750213066980753304810311309626083756905642740140608446957897210125332321537917606881691913692840806141710012411154095715934317292970243332667022164335877695015403832493942653289832603081483652185178456305866872966515720413523836675738265932193447512829416424907020
821 1276315814941612929274600268772981166355740290123408772699100362144877642872107667473185126893880790732400904615976696367417913019724864005272661358431740211945907537715292321911391972302065909330207321970579034677480736400060226174369051669628462838383967384750659041230031166174449053774590273933539038361803156837272683451027659991067645678988959452483215494999009007817155376837193371256622883406463271634277077950762482388024172174925846084764755706079972299823133320573378901940773200272539073430834949240143715579076142631079222988411980541401865123850020509264476909336159494027744040162045120
822 6887917322762591551127391378589827729211092651544493741415743559475350017746836031759173138227010595298035858782708584144312965093959062815056750627459424960986206103493717485639644565858147270645994980029012316079380183882994334069269004538176217486606785639208930029350997106946523615733727843774082878953127000181482112447915539147390603956381561514288568679860220655976164040223315327373399995235397450762770046830474853474086523898496769863296026856026668464419425598738033904367981829968509920029589719771044178063650765430153914251680237052457597332665947243199680358814038680224582147597769920
823 37172179100134927819905949910709262628346468811440018140050773028970015201397683712191827512525856769506626960110355047843387615654924659018891152671293332379640619354867745310762713275641095076861071332319106242773523552817206100298646716471866112105234851508011122317972946629222179105216851605694541100111079132253431459184481273120406127784313332910165778015576878575859859497861976932773478686906072785729690623129841828448609043657921468695307865392319576468670757681082043419860812765101899399016270034380277864413208930092741584826995288671590613264819906881360921807268290135726021295523646800
824 200608086836914972245621688276856287794070231252341336522866262997861793543220012804983528371610240127907416022003602788498331866622391199834732620732055489882862266807798382598651441771522171104929152387588127140407542893838711404535911050230557462872230905490056076761397191021341202332053989607062335010603575965023741159197942508336031479727631685867658455359881996743813769485740166758330235363592822391972848096960738413307235391350184927883930331999804455928227839400828536564841704608251225090816298119209915152994145704416864802346060753471978352843001354072651127592188611594013489967178848016
825 1082627788765718679165004184524419606265452159962448308661312013562374767900146080528314406727534866094137200942047098372164160512567167470028905096130984530318833606042365663218189895416304235070268459696209198046202013293644539832889344751997241944051701268228751522423317670088582884002897744525880943952951800191070749331982943359146463798537518359774404040843804337954835189222258387457097300095231148482032435825327351867136143602429717529806315165176331487882729360851779963882563808712686900879561897637201049886402219954171769627964676191471756868554377032487422410651872215715183784874684281248
826 5842654731848265112974266135269894916093603482166527510074032279163721235455845171611873536119029483827858446409210411969066455101879200981238567305488969303050695371211116779222772902671044946739605431957118705985731711375288325124694997578896184757135692135900001102062896394288436558632514839713974947148439794254717819583396507113530522345767799264862775983314842047988491656721693593280662559798631291058833790942230837397999176536017374342181632477149405190008433436036114668937892752100755190934416681167583489866281312675760605965155107312637680725156410410174075392475504565384562967484391159968
827 31531279375621512990238621694591705964654608230530131915299181390308054672440718045482114357996057872583654931847972284839946022599098129211550308950004965408339416116438022719098970996773667789350170403686534167264995874236818619023193546834928679342965769472476535909075832349554806509988655289744516116310637700406102664652474601863359674301767504495047293631417976916706506563880475544648826983689523712119194498476545158574558912261826164368683743679088957060853630618030800276936258272538918452705382320024875585806777271098738843914908915006286588191361068736072653492549696670552857143870426065104
828 170166191509747048123905388726898463538772238600165524104010231801902641407866331646454685185610432993609090136908117093387209856664172744052325285207362684452438692852397941213243612671160741135050037159512422719465712189433358467797339837230344653288221715051888540242185231631296273669537457228731458158087533161152649924647854141861450251423071501393606795444941898433881098968627014067733174011677811081013921748935892953949385522457726701094981735120685015737361545290799086000174095731494742966328988806795815636907280107994957841248603784787671462126004509351779317803836518933681105827895950526480
829 918343764344542387443530574337254348431357720840066938754640175763170320258578213944347220931486516537778817438541360592076871575880327918105711805925046839758260443404760664621622031392735039402480401582867717198392022530509010722466995949919982090018156658571474471484707258124329810481939701496584930845428736035698876245670209970574497577596691179374572233540942167814407574363616290033361257183876755552900904929656651430619885190616747204180984328862458622321205953419203051050309546790313739482211483588338859560982530984429464556647083547937955419716552448881995993570428281600644684210903858022464
830 4956071908420079703876101482623278224797185331496014581378977283863539526937043539134985583932096866286668087380678883577490753168014741770606819024419945909459462908232681045676564518927709556115829844856642831123508951288976558804179701373110145700879225595560685618107282708468153064909064441240803810598213806784236100522920340148648133858904516494737093609596332561733745992280680543790251487097409976937577393848627191759515443910896336192146764407519954116619499981377007428652708500623745992646453054281957290663756069475228194305008412651491999952891280980736261722419021664089203547337263174094912
831 26746701503830512535478054813245411748339787820801804768263132336729705801912207056963420125607991334955105780467789359718840246208598980008818857996945175886550257421348445127232814733199129251375269614548985489356778109689575534131549564172125112139929802616701280170636584947061733727281509713125902841435218039301171479340939042228584956378760799296452697003368295582177421149425603001880748344066952638778387245616650372440000862589355199671924117602154188051262274851812058480895552261930235566584937657130420431250863582580846622485638855590068328267543601045993876210239336116549653207498411981373222
832 144345475851135743373045060528127165326857556335762010026193148544972056789967110906030159596489150603502488023300606023485843082107002619215506986514312754375272596362849392809529905278671082838792642145976404182961447005504655659242338463712711545146474695289919834563333421053794638287609640317219831227700044283535550190314937088956775947620319060165172994414510282131152426691452865345352744802749237019271695440299601478255584399293022554334159154498282775879483751933225077956852921197669180055114117659546331291656483154327844801514453727130891971457266158555076838898756780968154247795293383114250798
833 778998165687616370273653365116470769648853584441549672409012423566105916864341923797223013849408578926110330483743719793956650892523499121322331740885037515004599740780140366432697098177526423466377888513574473636279524220008855184771511263241176612150820816816894206450637911759518505366021331640257731814523524985118867813788190560039792029528260766014392362117581415776246447302640022631513736359503850988397089228469319281383083311055410228845350153873512653024764695134222758335870255581432939120071451101941961358490488848054671568952978671140330766499452660574360952002118128566310732513160801750177500
834 4204070648659543553038826037482834996503479414840582456010927928701966830649154809264834915493269682575537590374086774629909163239904379657573865600207912569741317446918729971414570925975521073065176196554092721449269776484956482977195628215610927734208667943447325185053819315173290662981706808719173956795337705853616732910421798988424866002668379259004345553021308011778785567032396714632097980039303699636100021732029941224231049749859743311396933530839038003332103892068763800792602623394687382367920503631512197577705033780091714859570659840964942600273067476473797251909757425162349094721485178063053500
835 22688400910106247678381183407753922980141230039694147560953834515531257186490948925295564591586214964320788585024949993741532282847839651658706059620993598199016855566319706080049534126656656953703227111608289867296482043069098855750079732555189457914533158397838997568177670056667203081483472990106783670509637273857779970096635065772277762342077573142669542083813674936184386920969093641791079278940172776862638807622516630192243525998053740646528000062803962893984174911107745236344683933767985732663047519187416731892810517246549237281282674408960679956853294410115536772846627771405990145169351980303381750
836 122444161166929373231555839575367180806892124993350959762834197116100026251715529305059621603079300925780238408153639119900102167028099111554283947394281913951675220882855500351929981813372511593631257175653078426806197090625186965759201445981074163878767068349015459273659649759223709436597427650263546448922962962804515027489635075063548177256932119302444640161642931386094747107624200903554355008143843290158067644901949803704799100094075045458730281760975299908617430542722664682192090608142772921702528679364783186724142747987174458429755001356036521507002636159919211914624929718534351006926816190739432750
837 660803877790568320983768474721066888435046034931470975120739948415155550027659424227142490101190121288564719178023033191742667061436533649448365452646716863051691401630254589355587215607398155854743006259015285999984704273750196949048995063970307555926316024261609019167388063508230791199207343181340986863385104636498936551793440452421609704828286520012445794712157507532506839500315171237375740988649273370536304072561707008180630745428917007507430104215863782532468821185794452698771177626417099922046164619219648222291412806704741293489226907024026619565883390340286684251388110395897519792595113649459826800
838 3566213950843075458753894965629366239623692978587352974988253493857157298226218446681717106440636187747784849101722730439963750455892280340561786062152127442911105027546291182130140406243793050571217676428545079489098577983769867332034511448619186245714877501175141023635107141707137681255286008458188977532587398101865658682936331511507463942653635802787052266775861875640047537761545648876350924412937802181086735782414438737546741014887783291839573821983044575003116939469179980884896701398239171208689976582913385375565407647838082381043805443448158594638292519857374793732195169671336115139193132369990374000
839 19246090107277956215343521003770257312954092191714614287518025576645598396371139175810854885705187414380325983865391787843471406550459727888823239265443159846042520740635992116454062859792444950203135741348062463523698686545542285904710442315654036890066863202805759409665420232181324131468878689659691631077548555238978938894616288690637965096878676905957541858136217697857808602306564482760147639693892787409873303788815632776923040763122403354871169251053726534941607581778579765213865202602979156561016116196606894735607055924902736142456165265065365672119017302559394285962744821679548611239610134051220139900
840 103867084801189773219448196125706562497221467980711579488364809607406508763128632347861486472987372351617664640963671681603779024766522681363151109302457701747612722960860180207162186920883233320209359673756829414812872299921747459142772147300579514505944888953419267053078940172394438715329451119679441024843582799559093344223096154860670471598591148539824400473736125983416883003637117908151792625357156454222948137558880078908477829140429592810358907985893032184596570105663233613008306629168512918867316190125821680165193140636813563853700641926535890885337401365491741440226606293115733505982451888675058650700
841 560549122978923026946016929624989452563497269097538609505254171569646444554711129656279722155681425865606506257655989214128861916218989187870849882506858667233576318748559527269190123894403591074282849096805395660308255517914134681594075811656500667647532776356853345546669645925641232370384670534831773961710609591821314194650160989689530926495448274911094516516021856920633139115316081653220305898085905357088522600696006663851769317431041526484216925184715148953086101955353673779893333994209479433607140090727608129053487307785790570084347428888330656194213261889476997928630286283587179029161661242752459666200
842 3025169536977966406879672730866979045984225359782147770223783368909529532094871184811968981378147522427392702945180762114825174462016143132740337265702247201602873751230731006924098258721073136475897829257569085847715512865146578625694778157149966961333634472133195911439764476692601847044064493990300629604379165540342388890931541288790021078249312012282479989389947887114063460044922740329432840391601526552773113264892813418738279815599429768873775451348060109559515320178556298865070371353430997193148700371748189577659867596387464069297070861615974935881698269729542912099325071590985631787332573098374577639000
843 16326235810760180019485894203068252181548227857735320578033220799913637468067573971341649144191423477419443609643810088017371179957725226834120978969873405530470273758588767767678989666439583222101658873353350152501574293490641505729441328938588500108354497295840516621331936730398730032370390913836090802757930221554724622725557981624380084275074063519195492009379125349873801992363639942302625470398712078979745441551233383498682209894464092353992623312538295376368929062745766292519512366390683273438585465196555949684667180886033017424126088164590694316653849575330729142559677905036831994815908807674225976677500
844 88109495864786774307029601235293023062147553024011803108713082292234954047910417272929376469046457144864947130899091813040258981907917639653957462426922744456700999534879433540200815802358147786958788715757689615500845396932844622145432834056182998653501362638119464722980021123167320072221097859386673561203632912524588769373573821362869759860267310586131240250266266285995613444509013260627611418391772936082124200782665483945172441523876723430354158253846023180399684479700123651304499282191005692191841060619656491940982575802250793479833961787497498411861588494846005261960681739888953049507808050422666936555500
845 475510018773675230192232057384316302434175352144240227155303382452868454136517276234330158990168513980422929033197052984929159445492533028787744476218025793789478850936115794797361713766205674953611654632735669376059961240925580111158702160410747038765602844203444105476882489997811865080221309597460246829390516923743536730210405935529295181201391125590990040652558978311133135957995099377456586628726854575788209362306787964515938258152724623585119607934267822091207526916555890807568652852256608148834923977105020120424429251853070491403640438479992519043606437716330499376580531195883175675619669240592507879714000
846 2566237993621742944456472031569882647816464493920114351782150234330506238717351385272802231246441676376432043897279466381338484078912667596350993201932385248956112475463738153015823123177679769833647583632006533857047857959737672444716985092004024560643395611709264024053949824048064612055913373195725717651064878586133631765765713605888679367388428598587693733546176263170951858946213149959712223053619301585457443431579786681747878951411665145667117029289514186313109301371118017719082678318709121042218593124332227484111357381102733252445764530442313227970745751042954474072235149924684047130025404250301451611234000
847 13849512668366222807819308149245960050871595990094239917653216511196845863807287816425405181413218765338762619216262424644279707276320074710567593511613582803100498896271346983866384425405411795727387724923526290287554697237537509888915114500838616230746075449977788980763220148718715471071395641037770827008617973846358046633198539279762726677888980886631579461908006013305895681873925548524526756599807332605444112714001898957860535156066376022741677793896162411800681819288134327592122706348242547653309959972256477240426453522258146876638913445199202461885242137799484956740180665990637898709645199103430040786297750
848 74743314911311044222747555327999452901201222503127442351443122225129630311079994535855493026633939354432829647821184902389955498899888129344330465943459574643605543727426890160065507499558589002087348705875231767137731566707048663083195829873106884951067620018276865262826324174172813694719827407893288181377480697095909554935518526553547385273972560721671652649375669018684737776545222520499629018812810427586053749444795762895689131999514393550008066795272210388874653968426720431505871041577448955522130883521962063205072686754075441000556636953733795687923862170483064364611354944589624092372849647828222277583478750
849 403376431523342955115424447821396716951740398773771173317339122359739877393809674576210473847401671308954746140355115664111808732864707279380155903629043245918051035772254478828491728818235229783718291250557761148341236182807472181218736013903302506144234571668230980328913423687438358980565550185491111838838286730303785284540013753436275532637164641385953009514844918450920200520730242954546606023751096650975599152279751078488180692689676438901509376963122874994903098257285804291649411000333320364366742091501916082936873924890537363994251614975003193519178524579946676071626174817865786961944503683974175298022991900
850 2176952658385890886970826884830290117787977516507714267861078620035099736036373271914731843198992573293042225205764226921719175404843660206828501094484100092025098917986870810835501686543049815371469268776117170443508828160502333479849788008719003116831153690101145902564982714846740738315406493597306590649072247446319918009659679630954507543242735674141322206559471153257714311966982499033020729572188976237613291030223616837209176722614477855475043054373412551653099332702371361949004071057249939880153958641520470786885386874488141115480711799115301578904965944904611675992103559074456936271206336346711675154819640700
851 11748644139554969785294316820338199780558239967206754743230244715741614763784028982843582892869935569644840586045515026464629655635630683986454100935966016869708144689777770937922747244838484243112765560430244576353942184164052966738046819161388715107335977200604668132629884465859713863136891370738454361613402814648006161139300782999833600189672484166424455326057286910796302617247871455807222895402977970291526670152645218277530054168872988078601016576073873948261107769082842031392605920704498602660129098618955295353132401675229376905835766453875313118385357652267568212933838296661018177984093615841577968329343574950
852 63405482725901326537702185471132533926067606414449564803935982882594984115812207126159104726240989007428280490443885974970601003232842031538953954247896349279951367837995805550448818744748799947682058743103279469393013373801972539140846642706270189496818245947086584208114670968525309763424642734850725550101071006854470614143101630111363441152799353993382187848317602620081909886459082487343998440439380573971084619927894723720759062689193437943209882680377746335556565820928259616810960508256073920698002276381833748482459642197996719600944078663865582917487610635894371363290030938254710368456755555971587867243010480350
853 342189103195184962696587078695449593710532215757686962027214809889464497466210538315345306737209020765362705361367871181202196566026892481224948663048800010724713705583089214460582613297007387480055107565952753434742218262275358833905501533440292840717029105806841496615693234280824303060352303553312619857726098387525033922853096524676196180035686271705338321549179024725695350760968009235847556915872488475291588340078128517954307600185155539815971051617703694844257484063783460405220144442831330876772854125995673744655984517317245180433111809831420083535397441935973494332155532349871293563537552764484760165504205832000
854 1846740338118334885843119353774005143024713373954818792729274968204789219105710894701084194022196022884288972399466420507288181900247154917272267210694298428183149538745955968396947957976431856614903687494889721596409806084116996986044398723953333176256706722361096018515898555575980757940462080999527474816134830880306950796974178731185729734998035534558828611524090867004850348217020589682442670979098812820596861098018514230453464224700110271228275209328448758942740632614301081190791324726904635529545205142629889717041288680610397683762195769441647479723567094608734639664282656187183517048241315827133963991481557729600
855 9966571631984073417297930285280654674811468645440419673291823853195494311756910086190121512377757388538587984513197921578893794260694481464097727622127305032630574035787765222276793404851610588617434719850417391927412748506910541353058416674011337351505290616203755481378909958044670373731893394552148646025705517950229238709299731507165732906264876339685622393120424204422173020139223974171269454154794482457242154850083963308202289763443300274657839354449883961175390622841643518875061173902834903224732325615542242367867129229467946152111518429008168453683977183290513292774081337753363147257183742499191250481198097856800
856 53788080443902444452802342685571967834802030797431349315057440520407051438558642958831534593128583812716350902970533092886700689453375220107294243778828726376569265817286870060430636132576711462024018033076969185231104352179121537274935108373610062461479090200137117308580751390930099161332409807531094954820814011753119757639337856247869300661340506730770668215148127357069841205826042323722513175478095865185440115790695602772646437268630216423055083340250480377917425855043218491108011903493766672994707622717598118535081328036722494132761158610266745006869227880673837432111839958367665918315228646209620394127972848480800
857 290286336559928655960321520433267653830462031543495474208159700841351378269908228976773769220776059667088993784379007524143668285176000280389846636042183693670453198006441749744807926733732113085243579815671220728641366903745681092602377010588333139071324861399412143368478601845210716249699038408679468480463138014919377077573437875409611028234157209518562492182488209896578024955765159826003048762009018909760599637590734812453813335707047321690849941580168665845995659699197679475869437579751108297728238781569562906804566140149231136813980339347153886588103820378635537744212900148468010091689611246145150697434702861215200
858 1566633605835409518785480455098699851544266509378749177533121819460104101040270876437145228031333054726198296991744671931872621971727260847426806050669353177268612615773675485944082906629634633149557263571462506834612971658954826147366062345890245178535062713712859942352645663035758172045893362636548102075617087808407781720489483178277910142699975178235148212110791199867001161760636320575479984070151165363700178719768619872532754276244474322932220972246251450444621562801919634432808453995379886706292254911651356108286028650892672168996118225106774376521340166903293599189617444777842206570224758641294004276428418760780000
859 8454901966219616802981103755179059564739609153393210921083411811908400762052635788091506875593967916506491734500993865287950906470050402776520135553583218671133307041550923816363712209935661165062255393047405556291429743670717719651465801273739985749860174623111484026261737825196028852023468844128623491806879187163290276234286576128716728259461118872824646741074494194923005108662653360184021590175274404882089938388606756020877203711188383339043023706515311403996380298532119964192038493290676450112333665692409107657518570673253631469421034540029877524701609059330636683382044470743822410501823157817634922881100224294272000
860 45629951579520594814414305181086323445055197965132327992960739633768292028111432218734464938368640190285971754389334111213405930936882583708545220197542821702875121362108926607916554125115538871972071560496463521823973137204678702325214287858424104392218250657253783767986834046509836754354682582221811211110703407883045514771332148945564746393511104871098550612578812387310408937048608483080153648870044868297747071660641043426765965983809053205601212728317371150839655288266157590646170866257941895787667824603394603561741299024474953090089539203461945148966709884006279810571281195654000232123099208771495566902108075889216000
861 246258784967493131695841544152222320367360520546791966950717890021932601090866414634745543841046460743573518737103302288508147966715040711619720280323438082030772983984996963622049185438509861520916890824970582534674726851864773149950717213875321769590155482645948352306284625968581151485337763699657860615344164724187616899867010787049107615433489969327842370718458353550077844972088769605298131566928723147768292622478824928340217993817859736157689149836324400315597167198965183558482147330091930618181923405404938176424812181557078716640675101767921155794883706589584251580060516956517206686193779208900783437221895933228752000
862 1329026831605993463744735448608490559386736076538060455094409489755152744969808358049488239017322083636616123346302190169693310582912674065874383275924592783534697398328899943915196930450574355708153435166312334922647334212907432774904471411059418801742223252702084910176550778701174036422198570059628911720720197182511560389874426853344507179788748564530095634349968406452114956169063353321871891236814451276920163953938935442322789235398843709074085412749315976833511282986107145698573905517859020305776871236042387965835883558383968159611471198857412672459003505127588569722920079752913613670501557610729681804980896054988316800
863 7172590837605157452345791239159442054667668599203300109471288707891156850813260905627024615990425418073422226490455530276796959191790230285586155104203965987201505917565743626770995472631408938238539526917622739303627350193584219644675083113145631130853188271072946506406743564256166742889190770893847312403981598206947243579432467576474207630789295338189152169367491031200124193576262085047941023033694340424394531102385309700167398922680305351104420203076405715987364551026058435510863693099396710817177059578041062861725891090518660972199983194477095598279132722399447447838931645963643459096516303177812713363608653443575794000
864 38709597543635284577943999688832917328255600044117763579835801860058212210235335412613360122771822608923715540777422171485424804413261519082222229638401540193617223735368596889296088848735836940648376175577334359844240912374435886968023276181621114643372031445096321742848336757636528137504095959867930903345080900348821849584333672267510583334425125208446324399316141652403269562203565332808184541464857683157175371057413241108411784433284290446482344907848771966783077894541376911065618372266214851173094826722672456826387769970438544123176559195695126765499457302318025192098703617667727367644280841984828319217451205270097240400
865 208911114138555433274949699010784630614669594158702363678485633141847648992630250976403633216000837113102636494441441189710789037919075515951470541461729926946604735784342625224694044616117005208415630068086080701511065856714600980034876246463294088324285008313781397251980520723950644996862230940741750651437131415028011420454520543951927497118611995425873839215062600193577192931523613479185632845830569639482369007587321561012796422228465491946293610376546808155485963647966529596410820755206988670053000881832029570717451863670659819480641614093264043860437674114449929323806925705124549142698159815438703916387493830851834357200
866 1127469296317395872685396961881674617082723077071452569068661033712474920218341032909786040114399751211304081361383715821215904258962184083299634529315982401939932655889055516164799682734878852352197026427820927138467275726983302037423717915305981138347824405571988082505614025933603625796122202380412540219757422406589088829614421260842459882303273717532069965497725769538200688529163162732483925796569353797069437297255852710213477408561748244696201935393968850647700911911096537434873338846924625904589149712017370349426538449922737359512791258296811289066040371941892721977107338281490527235786972272799922707566831914431422405200
867 6084826385564737974844936469361031158078330845032556051121455369655805459126452321110733477371389464493304245180588026945281102808281652308384049549109122625638082446518588261449914001101559900937534183225074076050348908667375870444034662202212363205026112281117121544623060835473042558144035589293140143724588046433693623002668856045983112659986826706332235149993214301555628997999978675099500699743657832580305942453884708468461054334563369030413975874064614707904429793419519333343017072823483374357937863904973583183263661196839081719798213769316375573661260016900926748870734872698036485182468802200266454769354309935878841696000
868 32839152986643117016404022351181178130688712168879867025456013305623877385628746947567732882726505761318273799776310947094638004396283531069617648273019650847603190281795944999834385963922542707003054371767225809999930512708262669386938900139079754478862247857142366038872959322134433732411782424469921124789592085454288762331262430645197784095031598167844435025109308663096605554279630791888812550803819254109553586928266515080100371395341978670641862469871862146590839274630226079815152067327003901112408668315008936604113335187152387677511834329924441881164660856643838922278515912905335984810739550606932176261667640658316687760000
869 177229490942172199886753534734263821867287622093443693854365773224087531336112539877539015690305446398648493363416580115753082259667302314588874391087000042009025010949500902062568217056296900542947477211886199995111241791317901652727205779848899181093255820287350243475755118627980355466799363806202889618038004368182859566376203819027624865127490997780093503383343919482852870681467531274036360758256960897263445421319573965250199445782182674559582101623001489582434001689191749735783657952736884543978021163926426226583909808187631927673152473993355039637132007592161364102564399514381217854000010122344017795026304821530929274292000
870 956489749238378267268839240457659693624545785430145121066823535189327290504397453484347130295576043676317615817755052124970587819835352352024143055928149120999340901483967851345569947512304232024885476284838364676299307927485253639276196898735384231255843756287201635540837274212632769601409765162119237023969333913030369420358004441876508744213217175630699105150558704190983983973341942228363110818024860458928309968224401526192565029035940181064367169988395921564986254687997076883750917778800613183817519234858376867098919687240509525143173580096295017534299414956833707042662385364609165066450515268964497916966545228146732354516000
871 5162082441247333025951937155602743167681783273786020526346806349784479408809452417129300072124810000164052656104755777263560250869289509365574272749246171729029011123844849615102564138832656830190235524464405771835458786549573122308334463350751838207183558999586031045886235667868961277632799421315389787063146561506448334801840849555420533652563015445635107783700908451442668814515723756860519924083764448097947409313024860424137397466233373124704843655644743412306711427201770362297254174606430000660139951632139448676891949449128095728680106724021304929240526513225443384928107085581171947609686774420063252033608148671945586079046000
872 27859276767587097858653918257506717908208145796923022913075500639975471338896175575148006915875641992485841788850914323965008570655144733208827845425446231812339630841965006318696621424520347683660096017493108363598413161727023913930577307487438700442000186985747029169530801288062453462723967818316547810284677793595982573507387794406561967581498711462653534737810684327625129536659725197431424082351734356711601778681286186014214567641305963585837368736292686458713321478150222383421654367097195589886420146570357865342009166886299344054912983132819189386945453545995666730469022831901188839182722487614685650180223303257602249221366000
873 150354013123965541996831505676896589609277181029486738004406805168326358258655109653498184264337784491676189968273772564903883542437528061828163612109615355099936973486388681295153788825554238392836237401600921259173399729353551871568888478689008954425107414532918574744404730375837805158139409697565924007995071187981748551844599635459789250836245985539138379941712043236445263030727991268971161248518325190782443871629483935671281443880385052668054584718255436334634699880968789620097291931435075711222560595852281708185201712306290269933735861088702575438268251780377108329705574996006369473980094050245266208073826257656300796599690000
874 811447628224083862943628506903422765422172171001128218312381624540790359517845234181693240666545451890030877431485803899733543942211326719749141891454536503679985125113824119353134441795148758610242958186325969933310596090219674563102077176142967403846223502301604235705439082651692999736359264807993834925163023487698627124187201807655299742552722537558713155323149141246444165999958004128414171216288781216725579706262256064059495286847300730537477885448882107276659073335661990715368014462249122023046708129460227470240056746714342910171922226145874699996941288721492731398481687151930820470381014031814464678222574502277054556578058640
875 4379315653791553554504383043576882111815988594929708731227616622882359369082947746390938636247421692635951276343269029784462585738157387947568359792853602066993927198501922931359114023516158497526667312872783910720744067874926556342346523144962680732212810503543374897396211845312576405763862123640514740616359706327674254295380956539439640888095020239968612152171177999358487467911449303877226548618862403672325808010858929979839176477526049537642809535327448055484605440619237267499074535416362454812264333086355883042902033602055645278701943140840338894786686523841052406845246218186905471404092272365964153043899979199241074313778185920
876 23634819330855890114757496448108034318316844244707226292153589765289167876541974335067949783593885673637194310811109747318505461993246331693911260593625024688755611376639259550980828958317832627225001449502562105792492102594025079119759020409799958766691236828117717908935702476159226730646424476615734967106012097409301242068169677653728318729415777636439121219481736575867491732674607494426906444527476362980354106095547335229030090657771360961749541285389961808295069244199975994291425807567986672188365572673523822206160568193009456477317136081444129612506104599833608607885088361251303456011118918943008699378529140402411458054277430720
877 127555328741466849230779774403209562442963051933870946030864491709216276450128170079826061184961027686512910914316745985825843500042872276502916985500429524384432045977440200984998672491904776757168676554794518389318673568745440211243476486113248984248420778846396625187686003273698823657977696986499138023854669435565847198986279610661718175305498185859525673444666390732990951773381454273660366621060251470367986076551849685134655773527314016539727364395510809367698330765615681436678716000496948080117526682752875823855176424194891610900350880184245363252271137383446644563232645551613337777082510235610753360699307336936696204191421429760
878 688406888745656636400937780486360860871619538792824728423203055695785146450634970361908958332854136284276963414069787560203750825392215879857892744776136438249489913788807435337351980689188449810695416690254646463339565988669856810834302398326058694446211438208175154917627701453732762605983445859207449343954376760833495060740528731797608684562464459191636684543881127879861635802719006329711907034322492122195615137433183894556063211171086243471493512958519386826283773938257817558996970965893371615691792569619671374004024157598818255609869703321479907783154597735604889322191614338969785243202436374720637060919825656741137750028316979200
879 3715284620209153005750257326814069599476337873097247703795102760050490446511234941707104572997988759309799701433972992806153587802763307036074726140410173665460041748169627577596558747913208046234054318560462364018614410848317526671556662618338880813197935799773836584285840456458941105137670917176590813248846029575879233300551954220650086985790299038687078316446108546421889499453214000063158614677824886652806780065777109858717023366868008804151339530754285295070750436751938882111052151921521183484482818990210236447011488438698468022072493815894427538860265816588996278562268939946673369226947425885842635157108311316897289839452022836960
880 20051148449568545662899190803568125625170949787938073548801629996146342509642076758000778855011277155358325730861242614110721263883431507152381084171697218534395663783240301961144605439835668241912025122509464720551018213147296130160918213330899453348877799875989333099264859890314301786777656396335282017018656020482189338001701382704817902634407475048300466318951625117442064467405771155718609086599532158975803460546684101589333605681624210391589931154872451310813848451178610872864648806421603960052090996649647657211509160980678335403042901437216725636012820528160071293645850788295086868782010100777745395110799641498167029896309314371680
881 108214808339146420117912787209687130418979988239546006364668841500864863223871345751302336303878285147602798983957200757457591233920786616584531319871884915032255853172686524162319957024052192267227395092441611465765562700722168161140563163327144078162529493316609485228316241620980853032579462508450518363425646644635612130524319129369954474725863996316170406174032558087096696167413157766044318457759437272405122560883167770131877868427783007240758964927944082861919558049030760719405968244754182803562732267267404113780207701440569163924782921027631906208413347970361373005018388316391315108067442865250707048287320531772991447360913530958080
882 584029004562864583372374115168706941078586901324521333100987722883575986662926265737526840975305055950611103216705726917690946255150044524941826893260260008977119314758084278551318556037520382829409073522817953505465464068183986230191365928640968649898065421554297578220203887967775976418213255082209100411304257124554181841674099894036498621144923551942816588323395991728659045284459607157676935968700893870931588500753340005978523165249861429070805118688713907714339108085649442619098016505986494958544273417485895197501850157646823196160216764223864783638097974694845397809183627873850453366222246597402701601414316652245785916022383810136320
883 3151972471268755059794867242380073857264836721905774808962478829001672655418278736332796074081600550706791556037142179411108812157382140998751545934121142768289867479835311303873123651862603823024921022565536639196454015264729335526476254371231140092502975502463223558041505468064967472441511804828274024185002673237098603110040213261084667807434433988367703851246753497808696608980299822042179611763053744983991151209373228118596778814011198060949789134544291100420267940220754508968552789016609223271493506232282211100871318021981000877505752737293695779290413705649000449027715807253758533678963509817654365991496740437080456391396641817396000
884 17011033249432060069490074684948688944086697713949038197188224010115815933055799165591064711792656928771333169716215868609498289960538096300785831645589962338402079889385208332669613197139444155269800830189735530216430182695802278379831391151012278850754288454531493474444633489093788109807932459947772427011274721686508417905642763235504665272117461929696535150082129659346893279901153340803092811326140688534905157131116228308653198346190666172838454605356089309236070626766810993372879654147382493705702649597097542669113077131777766286472351574806284006402875577984407572224186389618847193998840333764011030085394254272514618885520356692714400
885 91807729779783231817146922240780084656825928137013264518854959794451793929069039998896483845092899716426233184679635386636475043518994750555659542344373415995599902488261602710446686886485296141107881536679324701767772673676898351722412598734971303872085301776967755463539155004858897918310129435017718372356327849670812183018968188010916197219529699731161613669268817046526968838759317762509495270898050940790795638643622581081193098452747103836202577872391918768575043508650221117764253310529732735121019489827234293568851278540237550583549805609803451028915856836906566311346283947014962280917081623103090275052065505111007909033150873464131200
886 495482225649213079580293213722932791711593823641591377061523794255654769105019774480444668721131532479638480089412553976543729197635170099304495110434153581312140791847147035828128981212869439942571624391092297912231563384197325572418721170209120132347655682241482856697603238559903597180961405756790100730197572390495818715679107058486226887744721324809634325525762792623444787201663370844408923624851471110322461118517660394948673416125487846134468147497981449502901683329418331592155404955967732066569354611924303378594822116884996828389204983471083009009000126144488210315108709321527401870962467978088272444993336129148225005973980061983376000
887 2674097186769247221518615618535474992190625253402276451422119676548377231108302624028497284137491811658748533080582649065262448539436200634820064800819028933072445512449590875026481909258785829086806491284309805966731058032072656498644747147560041487280490769080043095392750015301211478355801102413676076960676706764395887747766097852895953439844456183311838589389006586192180266453362676607346362117059493332589107452514188408334042933106783131772058749100131006218843900980113496555010991007932078438784857526567632577481311702362214159044144455095673358524334325855665452020605325310258682648841089837697040148533353840374337837013544252110459840
888 14432001649179414716671692786047196067885455423971212401661734124744897910894131684407497875718186454988567960179512412435104624833058994622810757229437982224688140132293575326533075313007458899226724662444841491145720124430999554409800124910227405233103201295555471233758303915834627199334233456504905965237856634029833620735908143918671704226881731288591400269978845012696685390183169205261665803667393577851420837293556209872398926126030958834016603748935742306137967328367610249573072307987469398156098758994982891306468296454315139768085188544501518120088327782765941412170530230308287159741795547006985617680788942737295803401442027815519883200
889 77889017789424863999555262823271174463076298656050989198514610748711831019161953288115028125136133639278817424375199007998886491470526141139425575810894527234610888869604861312056672523479220589821807979523073374904948819910986283835171979869598992015621356650633316632514914332860183472044738179974673408040017544691091977004633691309193746542241853735509655359922142432223972575371048197087249136450205774983991402129661065880134247238020030708260117994028237445985493528278442388610858047929015218471237358043944949969703363868336410068177883481559069933639324634420346153237805845492362740805897734418937188593111368003814936887259454725094601920
890 420364622215308237634010961062989522545389765883092867705606340868417622030624461593757091892024263065563368267533827939415252310277655373429209546571184628510351421396768199180908168003983275819091121537808859217764710635452148801787776842383662388548503690782136009119789015483276640712989754527841773772914073821146680038116408063421671513121704719239035657638485407397167387072676474656119196352279118639445361269266354199984501032943014689066560978906731642895924537022388250874016202839586925619204337174567906558125599217636837599163923604870295536564997457062651755800892715295283960424572720187531648108589206602389733050664572729810851066560
891 2268696305328044517574053866368890808288833496973021174843827350139584474617393315385835378252047545230992318929561988015208510232540061179177176844181273151428297525669727019248397784965042665015025201186910630454019343273231173486695686017807075306952682546636722861988928347565385759385755543145669082987759244466348919904600607154146501038667181731586004418365063338596955062093845964996032508252376595533269541246945858499316668380052485940366761364187104075504356940836912116662923728481919412600428625873659344697959233091420221021293938402416582075037352212914058554876914140203191957915505873609844926548240039133874032780346545344880362264960
892 12244099259692521511985470712790900171555646669206417046178961091048133724482106833657807436391325983449646274909701339155392038182779607179192919783375881479551493253253320897441205097564705171334304093070899147177378504954977757760547015904407249831128812571655219691946504320307449382012638060535770676625526451943554087584647760396042059844490330645226114915278463292272248784685242227403987968089893586899922073694696389108494530876740948549518226342652947855586008732094077636692603728176768838025476425456907463189875726190808813461089928631846274917216175566481451680351577960976785361877298004661945797626795677308709009574268915988222438294400
893 66081149915046936166601058243566753348171226125521878556187800145207706911808061053540847363519355244168791005573624778229045836343161489810832665916453420854059005469928321955084960945208831018033799042553280677357133327609664072557228738805104707749662004903495947548764268436461196851223641049199044285799764793077544651983817966752995370418210443875537265674038755661699740044846686685266636323321893254259620679025710006326048318046858389856668084513190097913603585634535627003929330309924083543479561672953648267772679290969076447099854529518171167481466596179457113620930566938152517970231412493583122573427363122777301078462470791867976059424000
894 356638819470033351483986289401714063838665726246713574008882117284049299746032177682428969940727504685666771606601877814219704551997413135699118818004402736734879208686166839300768169366763080952941095515925196743752664364698849191958643847041745508458662087327248258612621667009030812194688472641424393587908090155785739618590785910048970607382860208476357982635608860818539311674554268196535004756634857342502824880783282654827473023471946912442751141722337210710388816679626638436650600557303864022159399078859856522473090015016650474291672322875628239805194496995267586797955796350541782125722935774378165076717005492779695821529564661045736948204800
895 1924774721629045014460419238823255757647145274452776239428931131520652026371884248263945702327286142211811731964767623290981356563072744042639936413689044854009728387484380967787857261849270202734175918507517744146542314998008220390164108823860449113261318687890931836619506204617086911511278102927970438956969310330806251065172307775448310708539766145495711073606460319674572768275093386228385153926732268744310857332544021931150784902173858328483231049503468674677774710411713472082546630796666902211132108949483003235143856200231253963148981824961766989101645182855397409250336698444378245198134568957701824155356782419158636548405286934405144366700400
896 10387988726236063734199107249614728782946221389659731114809278838377623120670066757110439150786685620506996347670049489623259280493316057859856939965456164890467522200350963426382146030716265894938387131347550022477714198959480451366124741713435921143037266355888575273422783005456967895935856489738334932606754084797694216617456915508755441930528862354028445340959012348351875273141640026197772596329170306753871275630931554340708305178045670107710282260826439759869776122905020177898733283549394262250080709669223839547696535349295392669404006787028493987047889205547585289021612666658631585059805391791906846099021799328122324507400248880712375365392400
897 56063899639965951648977723127754250148300655778121326706817864579919979431333566447857042321179671164091639814272974571648724995545107457062261485156320217315057281627600512309506155063301763994556935790925513528144025314440671688591911960987824647469157197868631816364847995924281020619505002906727344005046587323337268463471869822335578740854721510696275652647749961704991821674564865016006599457338041419176551179831199819147570995451481074184127008201883863782084530732524300460553468885183494079533284078640276631625731696271033165392966555335468293459446685911868286067639862780585750391694941855871838409084756156766064490143979959378458727081111400
898 302576646377697795256618070559677169449850597849378316089698750996223330967079618442515513507402081313283724243076514113251506167559242378393231212505926764699355028186203679035783517504343283865123827313225027175710260625652517134159546913129040431696732856732026465489440662881765140882439846298896926083276582474334106576010426667930836161729495944822333332831136966501673468514665507370966038940903182316724733745392539883713603330229417948709667067910285550116533251806844781042984036408433674165776934832589112469695851392225547830098957185555535474612438928344439414132012940581172173351119770714119924902042894427514044486341102959339146855782361000
899 1633005983378846293935433859786986572945258654696089105920610510388483871788827343092647262049955305142848475601860224870095847149134722502434071303039676949421333926234135457303483975827487842046027984679478471980311663931132076092403464528641909198110803306674984687023971347724057097760035835488996965530843663368038133472863909180086876509304260322026918111396442690222297469010381185041965813339268755351211407241855286870936308367682189428936109658218824520303356823166681525110784327173952508401311987809695139171718619146934828042974702567733691676441681943237104088054524447757498227742936352163734888226860242211784357029927429876739053852895571960
900 8813337775804692202677314635869082883731484778730844361450504616335129708753157297605802633545523683973145065549139044474176175372511562936796799324440855915515080699057061897771777516555740661684897042671996193286604248388241236701661765029162311566494724860564072566905433615291598346573302963105929280905088347730376431965439615918048525135566246995204983308316131907586195819661418739726467407653426382530346120068457017825250272953047345539909021677866703887237234193409483584415770048452960717066605161906748927075563045434733532299276471271466006314727721001615725874976405658766197238981084629033174881123118728524955277675308696474846626653776809880
901 47565637465064732550248332409552344336447073235633419828608941631902880069482900722244494062670589559920319469342472266934565875175927066231407608443338274038217042062670290949307253072214686192157331485870292642970310840659077581152984075356668065357320231385140002145976453872700420052818251479867722610580276615680374332561761025101161755965077833891444730316088573599043388960884816187171048576503961644755802167990812071857615364729033853605309333241926654888976299328617061728009962462630318826506508992676150881282297829881707208717455829940695436958266916217914128180349919796172603855365584244331061882536219347571441819212688772950879951148901164080
902 256712191816058068716827893664623935182973439880056607364439580114848250731668166912270449137906057306170491885265273607617307416563411301990068212509554520453468055307052939912579771591960213346937021870444829149783269948468206278738227883928958429652947069055807880595451296620993229148772860922924874782545612407486152315372746639696327614177292375569936211905980358416494577714531346427922922906183886199420369782776004687824007421039797339961795687085222429126909227190571436165301020239633786784340305105590767368706287003350222543350585042068547268614257828467540537641102939524742315818169956856693707610979050453328708079954138433207901003130408209840
903 1385478957969575176857907219730387217170352546237950785555311747085580413897188536391701864265067087235843571660162123735971710939241493398975380425814144296869062881277678311485790680192142739533606256832346603891209064422271246055836746947921635414578983812523793369490355795989594259791976088654357228983154397612286324968374861649538456509390063672130682788350903422673953686343701662634943964624736774974824222350176941942664556015631402756164218223976977991479018381609390888171111483395694683432270845011704521888227118598841270410058434523865478942546843685234487056978576186503373936794097987216702340086110882791500264038823391427240097375965968443800
904 7477452097816702396586718654418061111739659813097190226977437836194970813454784949541150255905408060763678820127562938586413118012859737898101077399336783475453879946490749098036982545614021706018332461111993675692411016804367640211233380540781569165074782791854033582887965709372986422351695152582016010734647797535369051158516438306665199862539700880625550652877369578653898125894447216781810064305439398225435255504728929763092363393970973802270127572355649245688598280478199542793280203880037873264386734499950247177212582655300807324763211158873424134749509417594968032307786301323529490728299382694209113158484264878499100080588550268860978748968392105240
905 40355953211261487947221695825663279907898594651979936020333205994308819270945962911452807526254511255719970598978208181988302134805608775501915077940768505381966975494664539873186384442834184742896509930175993930028667790123278989042361287090875974124751225349142117714222228436637988886866065466813239794477229016179067276522653844293353806455220099788377626639720918025280177941333599397726022495433936303540649680056110106759363121352959790778479747100716228799594721268167040210850845441077842996721291201861825963130287455189453505841312966691948726270998165423963723751376201208223614428865996944980565789240986358789507913882644735686938422502923558916920
906 217801990592786719559273666139276404025810110369257205150077453952749083056345544760059019836446784927785243155682437689393223732258344344195653130118930250127578299199637328063418905890687587766637421384870706987852190434224073742131097533013401599794728248097599714932065775577706168842638384381235726773241300492874987614548270927399494700099484307062905014680871324390333179405326849113308313089544693470230856493808016671741238796323001207408482702288949504562719491131446875997897061011923396589691059290115579299595384564208829131664733685511644989723542166912549075993610398386318823804057881361601413872702162698224271065056118182447347467407793101334520
907 1175482974852083779484336077906367027871530690810620300733820031787411938811733656178897771185616602629536190948541870281415354195199992202707058540403584556830243603117387687490738180807463637877353458445514141315462143596841791459485216550719166923027926992719816155444203719467982662605148243481166769198425695263652853804776276875420487563575196947281050100877303206003798446073035091560474580774245354585459871495549142576972139199098963749533133918737941184927955131941305458432408158308379992238967987862506495219288185205060386715910736563909220493947308767894271708984844058429394879490189891220710613756769752453654837616354447554191003937322347773947280
908 6344115856079638306449582412276858293587208956675683966389778313296861430298665231727159311386846773397332534048482188105435707620810972339017260883591129178567367383845918649627187806401022128606771891779981474525597171180839466375141913244408639158709173434711080881189499274651554350346062795270594979490254174159659159995544887524952992135875101298419548916077335723865317740587846014535409338543095301896241022329295345428455576834060128830049625696623418510505906630072088132708878401031229941493067151531392123871570942204767962286508834390808087497274682811828549308111684475972475809461531168473747935325218374771856596812280387393585605670649138264226000
909 34239398789467073603955984172218995934179309755293806717301501085616634374697832394654864763249935435936341450741759865834524708342852627260377533479274338590180062871358536453861181328148724114103765042027831937256279836469105988448187024576203873256832817667662121950764352379093156669355854127313097856088354532144637412076232845238873981487355673172426166228445087181838272637028645351937458023730960497972955239531140995217680548118596016664207371304580461597733677402405610383068826668475892853951823820324797089926453394960650499185223914817420247095631766184049107792774812758365237664163705972510190418444976552693449548026403791342495669918421073311910400
910 184791255990813079320682596403912301891460628677393290210122018901070509910928066738655044029969703721253726514366672085034321437278693892588737882282965617723861927487312163920270743690018495059253615324811641970835284292962981166387653663268159346500650686536993576135696514195847388269455288538703059860468933262070658286145931996561054424986990410891103744472328432849865260651293548241991288545073200466381246793901739200670552743562155345335782819082676679483791319227052531794924451011933817987732708732840807942062558288619565188121393526253273048463509319850615789019746009614620054396543247524374515259387235627981286631007953714630562476585273549223603200
911 997325597631465605251185038461414788578452657137499706519293395228596660779165939457709298552289196868678340513844433934897357934607708763295543215047611637444475579302245568087489415617521910795666609077831589876017843013747260506074909160058016464713357457641164156531301779758078968633916277334889994051194144948422704790490553574102636388793982155572818973979992835886913782007093447372944204911973260167866438152019033300567814933670378072719858020592190595053147037958986135161281763184909797807761965036523357169076369675052203579621769051072359512448214295773884107369336629830114461415426051545482392381470727712003279868286158610811749136882845460779359800
912 5382608285203587881342924007179690244705352700772062367897757772993887506977061426637673456594856259843893766299472105409437121006787941207824031626869517153097563433519508208513300903170994870798678860985828563684586853237131026949305514902635631743576373099743539761142088059944599008680092450925670707897422013872565587732057860425353423476779531168134765327368681620396795386556814009464059397840279139833632251837779826568264738666814466719798182166245782319927292818975684256535783525190141798932497057850576621038996348134892846797194963699683317034545493998519132546621163948143047019070463233749616549513381454875432609634092046185225736582398744435293283480
913 29050181201104552910316099278032031897205395782512014333317252011028458516940814809921859813772707324548643435145720998163427852555801003879863206787555918997201564072160248729444080064192930980067523876722853687415238006816638592110253404421849424089155587479426394210600089645926642019867648783257810554663885239221375839555691297565688337197383887960530313093719124645081087960372800820595373410029509110928330742898871108310127477097336671161464147195571041469973551367083200379084765106468091528307397248098730330092409491788319669096051485308028250831828626648844023368916727131832921022188529725098743661305936099703917425487794933846435184602328600756487982400
914 156785240187863025908621660109996250592706072293095888003717956978869406927107755332379444796784734297755651481392686578373627962056058956595966684676309945065053220334958884113492005909548474507715718766411514413364187881865050377274059941257411673795568813434052300583158819682388453236434923583291863842148713720899332880138024517133917260309354546653041764368860176310411832532267393365114311231675945060359310911440583478939051580087231643624834801385927798267583731784710006871941668031453699518788294716910041910035286528476100004595052898888534899422370051508745422619126463526405870798510654959482989142625296115113942197425026420884232557872972993161101791040
915 846178068516360983328821538628926000186500012447785551337835994640299437170684962725229596582020900397135449493672073283098720875405963800542517634411971933477674226587990278215124213572537029952051091190341270947054137791610191680978855655257599814245958456235775288352647228259566951022275644597310627468599926509053400620664964032535064714592224248151624263000037310283727040485877230959273465283163516094644121108679371271999844562058319053745392304483037878859086282048728306967000034085309004361512198278323285742931454729847386164467706475549796980143481793555623116553735349288217104880553036632830217803759456631641756913649068720499669338113418024990594603720
916 4566869619815573231373258128160858700846374941199702615947639740257892325594086358345389081967921382393298491142846685400968770794869604822340774389042762916294687185933631636107651537500543238193391151792583408100509855314517141483334561849814331325641974099176176344551026118310015643836536521379610158306950821301185680338870610422319572534933223989639180214182530044034376932668441216757057153637766838823471714951627872136599305343453834591084037569976755505266196308378676479063270334715427187691795550222393177758478135920146306586961893474639154203237970237227589439195222184169601411284604205176408242562393206418908822156088246986597387281503989350502970700520
917 24647661408076521859262039882761364595973991641435373228285370166286006145602504006243842898195417931715725981671153621289883626469717405732682305405459528974423895537029846514772742539856141708481660086031596726721738595419734063311921381088697581386492109250825394601624169089569928751685233085253437524124016058409270297027861057198805279719399411064763047695508803542338261666010781295476446493454832316592652115973028003185023925462458480146591480534377596295527924834250672530232212034027014498002113065674086736963633162337373004747811228698964139595211216424429455868414494690496838064040957195091679240595343911121887019647389134507047594208158054303303535524000
918 133024943527111807584448965035345654201006407640968834900363487156214448415852506119542529770336789053363035893954715169484165144369064938999354070213401208243199851989062019588520873171500986502788461516122756123475529559177320266389064827695278419296496127285644888129584022487910665167047664121516241284962467330247150915866856242548108234508440246032268473241040879366621547439907623785062803888726744927651296614435336826836439457733730628045017926256095616338943475629922781813926784087200525158593844051860260719098970339696004210522177319633853106401149263912577381126378401730361543774287522847033202699131279800861921107455598754062379873558541734558157539140000
919 717944221237098352120493032741502263347703650801681390293736434208489140725746109851929354182454008592483926850916334013892228221839330703770435432640809469781556503232667813486341323202532420666697523750876133611255688042233692366048889192394106376129636145141089208970542013420943412009033366320303645018366151042993673932896081591147668029249743484587810868757336275273042804724614295905829224397173703598129959409276230937453889233415918865966632372197146175693131673338318995610959981426701092225347613585806447122147419091982920594221958870798259960961385169747107638099703385691290648774633224210610543150092531325456939954001468648510753617403172940120148633018000
920 3874793670899912512257421371192948637763345539190139958582994677751485467107495509445854613683468433008672362877696519975442591561838708836773853177360797856608847478999956797751632806281219267991104306607981262658083694055463866421859239612122263213252176769725058966405189550675389772295794955900013036526263187377735106739249621952992331543631881130635622159008848377579599877335264067610255575570616342378924175923321943679465512610218623194834295233978189652153450306776176579879926862828583826224515870235057166693076930090666169888811307326297839080922183906498160933185751452117136735046206709176070450239616431952595411580179717971649547244955840628782389765514000
921 20912536652008281327448225935323228879346883554316352701275834312900068349094365057266841150426045877521081490029030649216854505208767301146319023579744142372482690227376630274077944314505104366898443740731366641166085117609498014346727086444491600527564023449640933214799380571059795953812548879944888782692496212116478759413754998719417439478102134797516400010598391896892433002079361841044089694872644720459832796075575739039831053441397593198659323838200240523416422034128544758008401082383008822574118390746804534175736765886601618841867460479403437008120039280703106388746366260470081089436107418798466059637561365561040660473180058830276354868851469459794014481334000
922 112866512014487298603771716214567524271679714370503795434039617738721426494827801990570421793898650189374130859548567627189599722182000247499330414024197498438950346954592298451557194633675086950687742272730870177948198928475795597644230500757567476984168194626483504121974099257668702559348575380026590852961465384922250553399956338697370488557149424843442895026692698514216416943376942129422716927460314647270473031888230866574437327060981938014655627828161099501308731101671453195298917976852867293835921393463680426706470668998416865702527250047245795300964288347587850845851368614643616863390810407829633074920835218948515790116781476478041899257103010693596605415334000
923 609149297455884461985075372502685897223903858865317548461527556347670033781692810353630163965753587588348172264997976127203174390812379393597715733306840157798366027869006694524590398018042591426812762927680084159817818763379635240701044589732043282556180639891774501639229234080632561629710609582012679213998984149530915126188564779273968894460297280084236428437156542133047615256716835640100649381642423670917566574935112868683914717397138556202265898677168965684701683119486281926920304903222651677956427396588544218773314985704193571408124592733047450645450700506091072683116635303601135859583388433273206920429275826389888920336566164672806387787647856846051143705760000
924 3287627811298731350318696561242923065943400315939908667602235529839393396696883027495647181278921771212621920482403117032809715676987622571036185080460456247569599295037473388220752451542320376823457187578927912334279950497607184345346243928249402263244590511627668035421449335490300312888822757233207894128457432742215692278862821304694854575902852644275275442890880438117797541101710249266208191216426946019355981256343563640078328277784994691977097814338328629002077670278570263512434070134467152968886556439399812943430516022792039051010742564359393182681424398169409448806323370834103893806275433127393120817104722314782869840471042733825749109750134071254580979092940800
925 17743602407319936396779913033995709513533086732526538539429431697536893486589570709532963685336771652950247273277864509080370876109277940663026902462926295002859590166296672226584508099804505934895374112482231809173672922987271837468267348700575279903998573909863939435552291109911921124486328627340052194633966833254997183205223873503285236299302931657980964475659488565299800183296648002244987536947615611478177468768425297188670831342185499085588775585108768126022707161963062514812950048374733358572416679913050789717750732669855913819742167937291002245133805954460185660746587513067042887646973400758045248838207362771896457465310772691317095641414071505293092382418862400
926 95763762814131404512719973193701235438612715104987461813474329703017444340988969732312132925852187529628012828700019022057104931087464960640890472762220321401772783949047525944508609750708718109397809939169090050170071682321642006923637282036015797619241526621405109998123600360293086858638080576269190785817693880944239451939737999291295142831593185180008220518747588425134844021064925713910222182079319158139760242941336574554640962906087847933182620202342308245857565497371093333522768543389552694954657434486480421295431834732337405108670753055056941568935874237685531568899005323127184266378829210487820464716807011160915436149268782529120685426631227724361253268729838400
927 516845643455728235572985977188736478507177761107807657952029797893003946527349813805638896164965545827592666435804111227187531416175860400822831643070112295787118223909900321884410788574019845003343665696830420523082425244226354262580273583812479990307250353270207429331566899778684674268523803256658510522973970999091952116067001554954693101660938856230972171203049692728304081375620706927825429616812002766764749671710950196801771533009456980021151310175879693097595087720039641444400763260382159092078549696553905851767403903955219346350282834606811308678644583996772388589891578650813762465127450710785323800672529276839658997661166878097361830992338931198432091076412894200
928 2789464055909959252643169648487461513469844550460972413662187230018491208378263744768670923768697737840046782969596771566986908022816625478701872162688386622329679028949675785225859324433399189816691932218789176314402236066883857900834304188727387593754854831450565217178689320536717157634862751191437564542248763783584260693356366997734193618113018664736185738556739834523519822559834485779348516461931846618106372633268437908874433702023743955908108133986121984708011916172117726304374977338854628667691198603471899895106206553348105712060919567638041558335349422551820335901015698963945051612776289621822328327241979343180162983921848221804127988910160086512411306610122699000
929 15055005928714152750476998075166051702525065572316693310591351170776358858351779109291036207437383482726141175240414989142292911785722808259697048477865173991096633154515765044743356831930263648746323452611923404554313620157446494379911224202476584935682923221121324559315693513858403573822943862724962599278100020538844880397574699785808604639463774698629468315515008032477571516046156540960488873255585359871243996537742528131337952254732503063302218652231420132509434369378853784150091021809226831046484083674560655781599354970397922199127287864786487003153510039932119614153774360337467832149074383808106439581707403942614556580983214199460956989075313908049660249848092494200
930 81253362645459136415980974895978802135382988384075955505430232747018246450893688014958701280027014573522212642396477088633753519906587379737577735477015597202516495240846626628539683810283565670408507886354218206169255711652285289241847643836172007611546712945257199806482892773780257086192942595272916308426778002605165434685910854399215105212015581463715884504817496084309288710318418961604087626803594366685036075477926260855963378639383960032154599284153493540849444242932988178176630254555572051251133615126777362943123550811307231946009426136070797842128581645020201952759072657663893361027781458322317563486691154650755341502567704456038956996699323106927171823314539308600
931 438532723291153480609779965018515783827088864544048247715677430104590898368289497032025033537172903533275383595383221048815436718467234242129618589080752503466552165051732711811179832541506295414997651556742979293697134776172979987787351569499637178685185437159670757307481322081814022330154382626574027219349201539587141284381312746084784344596802587473257724670598814275739338651760405622866967861607392140587122665161529006222844981628631805364538762682847911670246288602117275996848261575318616447293085496142737340871183708911016547852592576474183084250131232325449940013900455139511254798066874306811040682596320320444015809578427706738005492550234777142223292814336025521600
932 2366807401157304731144139259820517098997831654725666800236154580516477188169249872412241666524859896973236061932642190111769161571346514926814762662288025428271735720212183548148372248428458715874213667912774161305708526962721700494914219163046161189938236291672362773576204871826675035413762436936013642743562038451568598562168552953094083490532745914289137740663235716257737922212623431409967984868914361892706009858779792368092220180318223674073255762349579045618524290434110794866960687458403203868378408115310399800786341627976079379744210023334126064670230772508655853788444524619487978619736482043995683427949557797047024623388846693915372881721141838975963421779779252838400
933 12773916731288222368132579236831087533604580250850615503650087554164180812772310746049409015316082507820877270089704415393565878792699547826310782692310694955921044484975782292613943239681229708299063049182544670011997554213571423721246895320666392916431470190705283195646968235943786027670644922569868785944718840842394096984338730362393407795859493761718155488019061287215074151285831798734654792829218204248039464773319527231126428882631717703508843880344478902202465213257340309723522878071081485588143116989226918943518094801617341452263459556479846364410368733875129888941633530285785258173308097685622793139159533716426233593083544692197563747457978561877951973488619653390000
934 68942256174949141836520278226159516244144347492033019733906971099690501097165179667073840416976386907047958529955221360979101050161536379154371553194953752614417136943711177429316656267296062211294789923680256546096348727826391602632511912370153052700032596358742482705303126843052857518726825935444144487915226032541714688585607155637167365983626378529895856308841767664943897781290861046953132418207500491110576959270974392101367941728255816470715529539601943611660388002064096531390750371840719831911657435658331022979017777988548420978358972201226621940140273384353985624565193480824065212756031440709419281435457866901653447630345496098133906241548437865697462964373558823486000
935 372089274141542296796880490652281282894109851476399477541005059463136893676631889748980551307512567695068414364484215601071188760624976499012542306942319285250087085571064883739995642599771045174974718986472351582029589393441485132383428959582247908974403566304634438701311254333535192039077636548387378755365521733497522240094536473754152405392860955187858383496553954584046198902623136016626265409347648563818983460013705981963811087617820881259200763875546287787739550534872088605750346406077526571758220284844896617662386573967440865556231808082903325072282718283261407072112816883898043647231597238999551166979222666973004428105187333821201551320944076688292865615023649696445800
936 2008209690482240431437105367560743915774717386452224145655951067100379211007769697882637992776499047456573617119317208126289473331790237014275170862027690104645112051475662005716239411481776459368893619123050017041415285424621406978711248477751000596231096886299150744022792607161858955027775063763579384428933038841030971723827050937517624045919180154659738059807554544520220305325752792645524293686751151821651514724035829655630400486474314266641971194421066105391886514255380546892960719625261350929230788924519641614019481955458966444203631203645259617056312418110688172424501459494042219517725312276397519726680922241602631673453766990318391165821860151780717269899189159585045160
937 10838550685485588541116478287583118857455409877511910064922613173178959257757510586711868918117364185541848749758511194126467595203807111346414894650618791611150976276845750158340479026928068580327268160855396590320314001157970388338634603649967452632331717361586362940771067065417261547385522884544444985054898020793168266679689768832201241139338031278934296879239326324242579952514938503432867258540579344549393320127862840598915506801843356548061663806308039532254250838283168197454139495349649711393696484037056408112259511999939148342451656543268115772011361149211787326140394403262951565155717731945695894901066514959465068371696131827898507375812974362201325246343717960163831128
938 58497002711715749265412834793914991109187285736623220371941165410526119671701429539362974950496941441251717399839933189462206676102464932429460620001197996813424090949324418026420545675283306149084277479190145152594177478422012545205528792677824607302254765730262934859776697270069196322043268228656091292609272345632927450500716144420661280434137432213469716656037760732670324920141079641195907955808349388359658318527727145268982600149951309029087995564825351014171248472467577560450761313628662787896103575562028359564007734732136322481858914235570665704372934032569592624272183727446135363646991083867088309869793320511519889882749844306109720824460552920167056431281335011200450840
939 315715759949073469221091916492777835892036326625988713007454342638115120040071547237912217146881673534121007649638078676182391032987060322413848325917324502686313573803686342904026789857332709423095056723342532042128553159370346816564679004527559267334739723484248838961628868290518344194476196733047262704663046430632414885084322012204304597197589230902577656344627427571537598884831737075863647322838804576555998176894490477423183263915542098188765172063858001138742309094808095128615425543807195843454900639740850331680055480389557102102692775122706135646629752460375759215900017055732599615641191416461681019994972369120952968894241136315142989524038017312038646680053157490052613024
940 1703959055238488927874651854614277974974092269229119649172738179484932488122998518258794361685759826587463045065145437602087942125674639447233751698691161283372038302336245609263179868269707385192868293782583535126278760796221141791464784464313944505504007312847810213231322371485803924863397429950838914736867899594640050009281566919834651976582006567926028093715998142222697432348993190960776183212585576411360540907104916183056350377487684927278726192084349551625832210297591141589383560389221895979374870941732939784314410852033620496313882570301147995144859524552678928961223635385981995493152693139502907289430800133631601286020938727773373234579891874323445753659342973924944832032
941 9196494028777025175622892282031092650878627971078379255827387280464250857471334272425594391402149300130121351424857434748031075348632403514186929009436010667292390199885843218039374666721260085861597729883882240466155954453666432456029787289794074848263777568803678691381197708822542698924101811513860711123949674578299032664572941501342419462851757509187738096478043419478910242460760068586193183273463826174018483112575089534931650134639042757081071368881302882387144963171065791883169470472445417231133616469104046135399692169457305924958007549160008760582842577383041039676877118071836288574748584466666845675777922199058134826321144839254376735421426578946010396583681684497045027712
942 49634731426969993244260041852566550869133890941198314298211603016428806675409638444082059650291259834585306583596694461178324369091442723370210686842931456507308032287060410643639503169875326412994056786738753280140105962817265236391496493710338534469954034380291348471963798976192213549233640505361045085635066425621094033672140908739730924693928463647215950985446404933085374463726354060458940921857564274356017141787519171525172520830254496245649582218548261078247792473556075751389127452496722924304160705657592619382319556379915762486821908385026315006270816592891188115897930757524749481864195233596571899336996561001835025688233689012132336321898578904005965941603260399660297345920
943 267885559553298620456812108286304906223104750958058303934265351280658871055516935459024623679020249677062831165835473607726787019340534867202048885993241793866603145230986881451882209986320675564216339661764500353557981124419381886207125957452106644701477311914222885286200552698789212562040767136503515329821680767893234115536066614599648257460777906198504747856832673622464068887785361622009330269216583137103936984577345772673706197559411438525075170540204797056372265738081384608066427548397381390705264620701473628588811129018359940837031040990111675578742098904932744390380143348215908463601068372833692354808200892105675635175827712187051624900590319504765151733054208490686457969200
944 1445816492049973409025339860209039453910279147431038350560199858592275988232024631767404122639328915131351450531896892876546209042622683667246730507319371117807389363966000471336719093184180445354456969610731773235144840232812159610769357317188650296401933132468510812460053815604196690766330135331324975202819904138087839388272594240192674788416740005102432721401414615582782988510150976655424356974602798899198894931743322169765110650612959067637836458785421303525537853270971661984526671584424979079420952787548225513019196664148576524175686007781544858336785876252663029250450058253933203746009125159865849586836496338645435258547858215160549821171129015311606535044799950533226637616240
945 7803281753528778631490402730509068244778893201324763920306617686816359545754616834261156405787332908156218444194814324415756376272398213225819530765528551002074490709390709851389114739998934863489694440257139770673226548512777472490967263246021427329737982505136128182624623043454648271485227258345949009247237525759885119115162875540310413591379915239078185097059634204303261426583293952141427773037203376203310758186490280603610579875004472416668461807997832547112931835873303497230411801621196941144728668395598903701796213395318375868662409644564789589993551181595498323481318881690311592241153520895474694964100778133875009168783100881022817866310657641757622065154902568957098765607520
946 42115469338658973581642741388164184375731788746330107139832537018829743766065948183086867791981246536903940682207955347602585718716221882025309609880523778687525554786034776151065970706049375732667725500868369280869482650720919963151385868376932528876031934743296112509032418804637626635288820531949598400062780191295654445131733474454410363555078316018251087970024271965445687368052275997514292193025906816828732748839005785320699542922032401226585319818212459146301202562491014868731420486822463832275990133407341164021327136415698152935414930647477163910081986969808175299602936439500377587112730921580800560328557957973987562461678949494424908526097927905844385092647437978237039162913120
947 227303563088827409528465540595674827078420624972747689583365223767991168061938566443226385589028933958860526010184277183106362017700475512542078456634557780094220879704526821345076676666035818849816141945454360119256864668995935241662726903891624764153632997118962629747210025927757011734922172342929629535461689994932669732993224283287706679486532425343266907526246601748395766738875098451736813168695989206984584720021117147340530448016184080625334100302555730330788019330763818554274958508666576872886417557545603238239077238420375014256094368477748774881865293738407401660259698837465532992268768422958962937119358159227519168396816085008071178337195083234500079884504358000083963351791920
948 1226792419625090163768292512362093215732581032367879495366043463021778880441821939949384334042216154530885259963901196825219470248331571420386342422004069762101277788258234577580118029424139397899533211724914937830504301899304557425690547052362821053548946099546963667027283399289192974690634307068966306593972019779734386762467237262387973182846911137525486863438339666788952081266273632890829131852982300464937705782639824671767016548994163857422596299590301771766760036700627362637442677618768843679298758892009221989490157739099219293996785739574246771052445316786675426684651328466443929206368419463634215415617946542658075818818720436372846661020701722758050599783471025518138665393666800
949 6621191748301589014319943488674472560280625369590041683049822534267712363505502343500214607589000740724765025622079515108872756899628157952200165654185707734001933200527175362774020406005428254337201228098159183767222095322122070906884250963416894534832693351151208863574441486008334172643389440146309704272552225230328514095647743536427829889404829008493494541025734147465463904363158156780634178186513850764893651991791702414269546523699725874446588441510637140506973975307701087427398205999426469998654242952178596066789512401916313762397187961044561718121242728148537656166179200187096334759026271489467790306970834292893549355951047805533009420721660204478735789879655491315626444892960256
950 35735633633584356441289373114307762375499750062612816991704596923350969132874419834112368562679876153882884779488152536181329555403592287159123724679753704668112252478064712580107441595356329645190374682187947086456711288664346149297373494233094664958639632759890787790799527493421617508869129030123965805020058335308611097087767912763112684988373012549176449889407398437417791441975155040830880538796076594885607550785898965013111252466233123079343167101046671595503917569491508085971512829831945634697939739262136645002102601522465208837702509929421894196767780847771571726393548870394738208762609578201934569196902225947313418465612695888589859557359473745220989318641259445311032607536147968
951 192871051865128754182051396021817447858995271733939569744365422674170675945895405603588153646503852693065975848091884374928886434148125382173772307378447799831306549061178272209681473726659311706052231347159960443713077689638260724570327761333054900903139938730055466889523145993301757612999837841671143355742397873325660627469088700258675918851611509125296537694331690086725764509011877390402432392405294813983622825550983106030281844659453512096592890586542453150162068106285490086373778325276636696621263030080926249769043620053863226871668550440568799124119685264788123913661783867878262795116358905870183541959455119125921602515667887856541630157507118931263685875160211279736989166842423488
952 1040957145136701672130219572901902898948351398806148840167130592397948367936098269667044959648779587904211047247816308779242920475215895027186014163035501541207449470869576377479510565963870959395655259271392243645196210029868094881348346027421449620602391893294509979416149764686644312364450360029084434281402113398195015185039286690437165355736806169496000052935180155241355984650831415314091140685645549566773981521424196624729958149501730035952478951639069911099916036723940799142614429253163469213797152771809634070388821748040770233279719375558662551252116128044122893282342689296920237618000265854341848740062537572158151884185684044168899741353903192867870303845579209555704772904232035264
953 5618221936335026344553015843852205931796562498085321043872497822739638841921624689637450169506888353440729404930116090199276144501817827821943978984694316086613841780179237273213806433546840302124570851401302832560482858314791571802028021755608163926369142570593841899527463914129270884645965169477067334032583602185987657771328326357322660590978262520224082578538050401180510060789511056964109750032477893181479606004463145858093919288458613416896154736504031320439156153167698879048826865044122783290117526466042539368261043202975035358726394760305535425757520405134280371834900316164534017067663637749496989421568174866653412153187475942633628458113475202094733731386407350202899357023592423680
954 30322511557338081004398672769638191305721897114627803047951233908548053357328839011999422865048858105001684153985506716758113532740277689538884681724489958458488916231703396737721262368292246015577369130102073993487882462695631953398288534716931481620239414334454258714633953447667814000574682549039138057400743449134391103072077283815332661865278787289454519026946325392061549924038990549861112553954625918788393508696474912282259546184023638410826234041173509080563510750727849750284563792611210209957367619249659962382150824489727346915665378253455009930123802979604941100183071491694775229768812009609424166278183310395303220783501269609636256390255885703087060256264320548010830656985249005824
955 163655907787036848550945641424437436023349902735780274821447506562976478834270558851645683638510318134191531141998546174904578103042142447982605873300041489740261608433145012869088888928138902128767391958539225250686582302070920497171248946454990954211960964604182940144115226658686663285214626469175106401139634385460176021260132245052541078360675366060672787627971659006050542259824600753914306943260015907206598103877518358001300364800374047082504260014031630108502053528705582616404931024648527157661394845884228977861099697151361682950037563333708319199659218762461524814174930989734440495764668479403455036621721697575565465299524991152900100564854627059179286320833522014308177492786047337792
956 883280092197583324624364478954121652594388885183105940279803825022559578223292844142275552883025929686655795052765960666191951035994072952024678850852057289866655577102163945425801000413619138453461965933768558431365031839349826071512620644497000908698773062508128349301934838782863480171314895537829739693455025157897091960340605223528075346565430312290433273150608355090610581495338333574383734961366848624610823997907448460521275077764183729706335747969650509700174593207147613791806337398608073421205468400167950957406080553358006364423343273035596052647522463160192813872371919960930280024641918370106734130468602685271733477091044592562921368786757723453381943503567008239234684597077540274752
957 4767222630035532853490837281583512283071085488854210181823792911487037602349587299061245489956408675584656253182153496309758837283133768684225805714318701284253027987205181426250162319982010045352570013849833856502867816595517017298885287848727648698317545584831491268862198648404748121861439123233484596750312486183703591655610040729825005382222192836983728653565507399048934922491020113999937040005752609277187173459875206268616256570690251524672964011370966522715027808589096223218430454946155441514628570402750773598683005022735167156286652268142775934346439691316356330886227438657873414559862451391500798042435852557413041040201358104068607541806384462648531053603768606869483978432801821543168
958 25729577949922374435692810537603110485829933168587318108841041868613941276372605778634153098642323127362233526079451710872144056681490135616350394870642068992427297935621203588540573905212594249307405579388719634882624451449760291337422516646542528654241821779613369065978504404994125042730309803763700243239494636454463289766179600044817705265698542369343052009057532515688961623679816479336449513204145640814146796566199660134303092869300274836344753082373860965361833462511843872800216072708493027118784905361304387225383105182742983418629767664928984976873065826101547690997851346850629660256250790957473754254118993766250252688633977428051837100562964531078902324904998692711293775977240238816000
959 138867343255189210506997739807548723900583867489849741080554485262125217647858728703369001633730159029899688120338845454209557536827893131373036026504114567416398698690843071019756028951674700814241264385450875429376788639416250402412561521059239649367363829670261941281630022665560427531239864727234593060262631131926531048380763070256984090453497448965009317752455450493692992322843327377428505183341679057256861407171828916446502445847307713130335815926498143233880188757158011838052277421747671180783035709526238087314149458355697143892348619783012479014639827748728230135627499863421678530096248175074450966706045500193704514807386252882430946052437019493399966250913754141906474450370630886399400
960 749493424299026944668336293080324936517333748733691159620533400332714916182445115474705990245935473222147002031943267028690521279498941083716162069697105519275510313426264661497211717742814440882813164476229765202438748573956331735894902988386988167124771552832142036685766238371536131710793547210948865402139887474378801125777860059335462284337016595971362945977269881754632224698081643260281137322797235300524961382604490263918264221499331651166518369011500847048152066374466688650539326050314512986393018379030659960634523375679119369604601253143041076873920219738251856357305201387977833221716535232766962333911883898810533227640416587773567629392512897796226424357165953928912310490898850471784200
961 4045160539422721056380526545524400458216832553375764441589626172621359823370356864153219824120110652538451062641852460735663906295968536049757782951687977693853764202711630659807120180827558379881390302304072423833498457162822104145893006944260271239326106040682933154452337474856087602415248900337630338115224056137758054232071967303363827543927987440734987332367798967324300500831589130354251471099112021659845266463496906977606953929416236821718758031752419685256165204358232590706354255452778308254050714881470842068384996888195943890566124136838232724989257330828656560298976027354768557039372571373295279567499107712082827523645724295910661769576462518127063229025152517165051476999710403912655600
962 21832523273226073381970517603894873577407133744143536414084014622602864072616239177000887902695739910233449039606921295748671258741685980995343424298416943890229552270462790331337539402877249911506334250097094175223977143425238570970743370933925680165466527395321940217616119259738276320954607261236282817883894696558864508361323297333521838039308120902366713141074675087959060569630309672454126998307172638998463344461708752864726349157464692354019317479865104854617504577334531806885865716326973242335032247149840764591098865796685563279798113054493490163560266882609002056389609765286667243564701032314219095300741219477711598169910446095769259716981359789240948771858120831015307339302331431747281520
963 117834465353465775763901405859284723296099323195645898369626360711031280869682388448963791934746967373709488677030124509694660183180698352851501396554281830321029650170588904405766939266310082578611215418190511370766581058991883742641554498467227003755323456471874555998159434564978637958479408861809678072148042323984033916838155417491696488731315222617448693819764828681725354933477633581568902326584251627223184596081578685800562846108080413938416058851214197924446781305523417613212031600059827794034118198224072741442873279614091243253251068328714452002440413887343486992208153919338049107971583427101938870318150309914192281381745310027690135187394974421600706423578567186447791241014486843164758600
964 635976360630082166150943045471517184026931002977455613933960191761265257706287274675750996874985777924909068709094147612332966902495902344165527697584003365611353662052479851357288679898530508936302949359976231074451220847602293110865491221452581721795154688893049232856675855729152234542859530113611861530006534468830616072688225973117582682752401571770564370635395705936812916808668907456941535412211266839905885766613724382936967527412491021188802148380274357571969728867567308168368340630431889270491195055722659370120659709548497816809277631565492157974440030977065048614640874002649501053486368310173168357032825380163702074959881147466417136063946779595735116133181103918662027320555227756891376360
965 3432494450604426769462385480556756719557059242828595103267050797370410315780627142378364329236938353282740962956126269199515001251460392911344099189652761246658314210677418823828778936230060553830857567317143432229307181640167285527091488124281842001839557627691749719620888288114040425391420531191278453426321562683894147522469907293846814587119188480548561765418430313620430611585211072626025513817024091159835985423954290735070450215926830984409892237048518634079056651199280578116544166340957479425037829417529130210640858381914598233540865618312983322775258637404147248405220363183297198971883545878242636605813419251291921340460443616001785967338077585277120412607065657829292466810266509329433092480
966 18525884285674821494661078735559158286095906083532843807707312374407798451221613555799607539937695818609549834141912118896091404255222882037133645693179434044759745912920737146557768472341038632516228664352495909654490261676323841905028629977311473740969109301789839023227127279146704123021597414719049227245713316621812547293839789360089117838510956040558878966496675482345381168873493202452782381510420718710889285390261368101499644880414756076064878665366743390570988430702963658115120854987178589459537981376057200542800756524141623950356067280728102295673313472810578927272529527563578144564393754426104360151636959150071391737415270906817537022146681154761671684743783853528898859340058525678669431680
967 99988092331542836578738796386602373099563699441246842489785903975396678532183099073334368092307647461906965488912793220928454290945977541370611177090978082708916882970980725262001423613545544279452934041977802021490882055535268512740516488907981075415927981119683263725394799025465711492753583054439936084518720208008624084617087978840223609126292274331227883703536964059783841516341532927945829386911326098059433326533851275241100302686454135440296107415688977800293504974449202245733797691383489375602409916118124286153810947837355347588289626837415596828437812625425153374693941126118877994869572306908522417519795550746984770246665769874204422109893440749402524690431400904903772917422369592450138103600
968 539657043512235136281692672202331824159922386125439618358428314130942486007121995870370030255454617032328460677472333982156414333890830134596119791085371073200423567084590062707320463392334854189336310035929677047284753363322807422527815049798232464986178833382734870444234820805746735602679734957075221804847994812151439717444427467146229524720430596832301209882056000888317478307174038120018615017228894908219511057621648267974832614978646967910499933696322304526635577423578282235336149812310612805234814005451560168657607081771302040380054907859758709322763043908553291310453256481365571482644245342156103604069815912377446578049891913701701567099507935823325957213958665922380056184297701708236803926000
969 2912645624879462889289117197861456852616596512924484547727446668870887523790047946705388387687819628506465178621345228731549248453378476755126807867199307844664867175632231794131390770439538788450890794056702491868855205507357843957191130851813003133283879368477346310758206119479386278793462202487009325508397239393031977263161754346459321966161627649342690043713082324931320485536517297574016106384106795603867416315954834671979655686952875537031730830051916111348066462450008528971414471901029297997248213986696332120721987191843713747362241582694306407623183124456927403071430034784043406568605111793239269134305920285744790972062117598324000014925048213149044898963858258956513860944516215241022479243200
970 15720185895127780999770590723366833328493374776010265496731951997514170499063309086401485281318242706688183590328797940884337484396116417658032286604887333738817289348032582604871389699988839160454536205825187919337330186818372236307490912182998647447867279443730885121233877962611405043941627248575612485390044387846372528058598356347151411605527457381056157923742850022542131550391796310049260605389820462368212619320975389697976774673130401876958866872259133029657983524687380289836357356953574522080174860769686174233970710783907169869052623520861655688027329459876645026535643757294881912360448422776721813414177332449652713470449538306344252162047325631211710053631896693156684488428449414548433022193600
971 84845328762093085263741359607812915906382297388820860514536332013557501848871199356289961884137890123318591275512768820678849235820675063346380863395497725193849669522921991585932074032805874385644258806628995723612386040526153967553549297592018441187161300105522779990476076019123002122582588385990524518748887700314064214492550385862016548714403669430152043964159185208681808715009552825576553964285448390733403216255672114514376556296119295369261869699783334991643070350021792448804259547196865374441198471625792669579567187421189389427104389267580114790801786710620575374544403453487197323037265611545288008448869446561798599457225895402365731025498227653355843788376998452539622675178588915918399391691600
972 457929293579218885581278934846480453541672103719428039710996079447840908925626361716926491282277036108683989852351484544201181258335649564533017487912216721206588465435596569309960137639201447921115220729298612959313294543978757199765231466108566733816113840224186595410979079545067230235937909615878883559608407486103348438744710025972779324037508576160249232451755204698780393095412253141862566845565332035101687751344172289451776390243626818691778379819571213832714250318131611914764347261041699570913671368946170610101379670057877718770432344384853204818287062163413547717234023281616636837107436792237367209631544027359372380215513897055513521296422434518742745885004181352785281061132573685026079501139600
973 2471548542624602711465668903473727628454607841192486406681196883127093587652748897180505442188837827845091583699009909157884569657313301319561757378595856954296038126686281798672466251597493599505548136775184625225942936805036878726901515928214018012749688695120000768001034555776919309496064282227151392628748477937000191495388806735788205901425005974416461571399655752975530162614057827899045334328831526293621600140081345960833958295151871103173428882002265531593491652665910054171292089191992872654854652398475272994450583210574070591688244616524359015075740418294704563298439260527576777318302919580488469630707993207528166362826440847673122027984052465456630694876774937777661519000872753742657098946424000
974 13339516609277759919658498100620584638594893784228050405117273476850276233983828403533805066525720289626325291853091461308260801994381243090372991076247295797824047629867900188982116015494108622763603543439029266429742697349061619580869747661639578048155369586216113038353513219822894043576842167669913589225478779698427589056832550166655810214636402013706238756548549054919875111283680019878774481659928649612801349786881170866720387314692900417874309522450701501244157224680774469465033176028644637936487626616967768235874778515914656882799007534036558009868045121503021652689211471543216687339167502462278593367817703623263012115479922270870626511430130641550653294253660468545664729886366242631189082558983360
975 71996480699708159083271061656188679165558251023917142262554652449761317537285015398745670231921614116778757756032291597091574324945947355796516934900379761804570851469363041851291104841825309262119693264266678357403568570414747690812630414874873722701464804049922618758973735491324087438563314057749964307128110438025106289067106146737820102493914815615385891203792165186904005129637664572468576843038430149125916879025815932682388064146044425840445020012605335032816514828693956605441120128747313293537332197645493820723356234368019533526923474402672298601095453648373411112430106359818683843962347357282677180707505990197428782495827171378512254401931434787725410150121095060294774778288831430597348466406971080
976 388581993286191154720908708441623905574762519930026359701945564089979016918992477172681706639113477964261280559853581973400945785144523753233572550455049953190716467569309586243004140874080926178002114608084237077633552422725119867248505776571812035213267629480127459630541513390112236897475543604345853319066783418248580295165348577351924393983355862483813584910858852728479130968011765656412652686811552979901427408971670527932058113125483161767254584547467474725893081217706031140800581686323675007983388499817708598325676207462733560850797286273839935556602536026732583020906997394935200740796239455532012796856593240571996397480513415690108185450792319121469162211164424590385163885350208756133563125657034280
977 2097269798763682630200297551801583441852652372510237378568513126729140415140566728487196887138675374750909949931328929924811777945888363231656967986140459497328105813115923977345606395112076319535709230887158027824509147163414306091018901589809536941751389097808382053816611628176800394498822286316036453447278004012733524678745142661239002460359562063007624306637406905203662962289270223748572302335926994164780435474887665621360108445038091591882892838308751013481456087974971583894441558435906314412956476510803892754330174473005733861751564236880273747933974908684214515063574368589980897876534231414983203015199522796221611996180905739119101686969978428021987083577494162972091116424642422341351498027594433040
978 11319471781458620286632936993615362428598317001861544887571818137024979200295640599675356070098127950954120700108037649515284394405690685777693577432513596348468768104619297311602892970372829761810249700727449984670334594350506959151363677748609290757926554999644247051571746220030995356998335335813085848273124353351753101249023518070832292756445430631544018391202259774132950740141108957107045089173077567344365768035749408173412433857155475018435428933260334731999703758444037697012124464143146374698131508595175373224505710901315110864149524527406310711470860972696931722153032707581629307276615650286472211028792675251578693416017757800624089473991497280424248252868173047508393168015378834010495483188697030800
979 61093955732264291598527650493052423922878270600859052916725261387591959599404964509889119636196420162601673178824615036168481727533937047199706844574815294764257096085298054410374128519538767857317067120380644434073489120116798477295535428554406701299888801703576642963051661142902213593658960723606354098743384780514291845597204118250939051570121696484513241988474586493614409828695772723630483866087889551201744312683710981535217023929958224389383283917497097127861020434589578108015085738897244512291849563495323563530283708113925866745268074915374331788962546065794585852188842941599076760494056337428457053931250372639190624430174840638305548188852833520205711977810211800599676551950946119870187061975418615240
980 329739182354953178056815797354323127560482781634422020349044561269510883457362425927462000498229765761205248023596037300692922481402234884243379541294149008293651704113019837107828480197492273650699309716152809201022774186978130151500875933644839038318531747054014084437805799810603406828047928769563792132442464074569769165862669618024111712067505340250853623251987811174261790295934685095436825590707231484465885379672462116743401235234746012886955129649617291836270930973487287165123380914940623704574791434116932361819346520303979874857496886425362061789701663888498167548596512926698422247388707146173552843897918142857596546004523499013791059400304973075049425117351057509190419360476845358074595706466761314920
981 1779684807745467800577993993258320048610669062899327408043410734630325193303072314777721377911560064663047637461195916090108403866128356023730379063651233544712308335199312610787296195961237280476459847261997129487119363839934526783530572609866414543399974542472474305644952000495099264278869695939881886455679847253260826286487402642713830889479403804071609675615429121131174687667448192808452371963935992865266527926361622393648280026436586245786000097212135456478836754152046144382740519798072460431289482978318926249846642397084816039664824522388658234227670848420851508948480633779017736610746550264628889649187034526217133889774139110158780798224045851746273054164296962381772878882230781031933591927144465115520
982 9605408839432424785671301963431737027743410440876591671791655795931697692927091577900024536829403989723243516450405308775502498566650170196880901781274669734930596371246931300106666616750454856522544129813025638421412281242769261372450888538945105037191574210049924427281300493130044242963853388452676169590398965480864587368647660111174512940551151016117922129588784648579998124633253399603267587627935864953316119623508528294892638845653644530299393657470487908423640477562806992799004736587127344500011396328272126539399471964071748412955869506577828430910387455387692445856579744314962783588542970473190925369577959400761874085959478248635647279415378167961102244359270514002235137229920455570460099263964633322880
983 51842846725024410790608739927932079674106261408672202202927834822725130448816956563622518283142797175278832657123117462284620855932915164080361775240629837294322601055877752759268045079966156066056537532458684035709676174593757931046905639503547512345447392365263461579695176960019910314439629815327990587766153048903508380796824055662671619918113179800746634620976530815312540684390947834132070287382015741387798534504684038253087993714232346784061781766131068073407189153740759791240371207469843354031735171418335290110752592877984326674255504931356811681489499781286739128521800871977611342697973281755517752554862676307276245027682247748485754779539464221363811766326659555201360982292268694402118571885952269992000
984 279809239686889742579082158669251510217969919232897418366813591353501154679377971355766062636729516346168862340309856512375490568363211346042440787786400994481591943563702383903171308188782131712854913799000228675328100058211198077044157818054983686823907410830240555017770933935015109972934688131247697937196880235060291422343584886086426965806947958068652998970192542819952453402383688360423394996254278648724276631418138009866072979597733525375153526397390958179048326082212372357512614732528906480443188361127326908244674363467204418548417706578445599865005135188786056494199891719561596528699002877282033930766639869605558663003035742194232567629999238318667019545755109226804305616887668711226278099619072312180800
985 1510203545945781015030985871750437283341800629594931936858921316305849902689448291974882707235718334682588414058488724509699830724174446560474412793355560433497557434790802140397618180539757355126756830815527862023459996121072915030248539645364912502495997499651811688079442928294270434401553941471455095206094230888198686231731278609182873366564881110717714909202173542587130931142787608935382514779703638635663263709918068721406729935387220503408017249875454386500495892758043565029028916038124204862367078678094347288972465081481749498377217681456408108257930377528617394404234645350102917737972485391283949284735623299088375537169904133840165311269318823768826797875458093232144277037756386984883619278593504577422400
986 8150967157245589181500434021594437344834193574213986514892815049482060202225776583959301106008291869497745126785445185292377307588907148167682624223138002947713844378269521708847843173013224110423277391470267028651575077146877141257297580480418409796348639291899860407996312395766194003525647057495867365941665935907087466939692815975854100728281291952567143183432511406050336894121806590684986366189857147523737242205146889220262653165164224279218984991929028206486899439336254538792261414573398513419110410310027854454846100076354306921316821030635548393193026178566258811973087355382631792828611188522222066890772860391581183954806741996236909989513997959772767147830337967607625552410201821464603388066392592328756800
987 43992943780132260892411802709689037597799702952157757488560077597078222022356847347298379401446129501419127239962347792656490774712301373994897495532096824185832460895995478927081335323441500893132513943415507537310036998483547128044169524463523543803434521169194328860683232467691814226342948950127534775335813456087875207264369265669915934832316291383951716603527828571365320364308950264403664338954077271202109705905652451189080979342879980934007947498243261056176963672960226010223993193825765653711817313411477713826059221824376513673192116692293212050266453241282552450726626463051512608482652967897633158221668899304282991566902495568372021060425906167359251075363066117149396790863245949747498895511192093019086720
988 237441773018532920823235478403414815660751537841823077416349652624708235322056739011937633854297121235989557707949561614192754081668638802995592919550552334218299939086733640747106352570257428337739565420251019130553184160009714450800167570634906380503498208068038131188089176743812040328036944007380354277420418524687689918946992314323585791572128548616794554884309999332238514059724647487401177145631986371895106074991250821869711189754546482055886030845219067983500010302161448256812276899033323781415106302945428862649928776631523311610989717180322364124382908453890940124731553301415139362406549759131128128849883538397909369757917235142675413629633847548577360016398372300155630042809655698040939104603132154674057600
989 1281537890973726140636014294593891948483737847410812414045327144677283836868949635399848766699147751957402783905358738669243112146975962293739621847295100386563537277167863430793049578962605390143479236934085151519511272469365035478943099232733437798209075178769826549493869922492841062278764428967138882151799768715847862325213847478871974196562313033525836530326357349602798635561300935344727842226192195613378097062617228218806211388656990639031281290597710522116459650343815871538121617132554159868155616111531033904839433321303095896078972893222686659130938443503184903293849886871741727156604127363777435213739637039997054186486342006080316770317704989639278316832434437037351003875898832877396660499301466651609852160
990 6916812416114423902526384503851108116013263316849417051329548763425648910526184338848110795752263132016453666594703519152002844982179870267582456437972908767873841835864810591722498147122287270287550719416192666961881044939312982552425562382299503568563027088058322348159397393225635992904958214058210370697821621944285586727806672832897948024698078771384085211443665596617517172013197317212722878980872811533505335261935404163379127703044377766191335401724307789316496866742769587457938293234922499501067027015294403180890050662952958112492891511850383466564748437892910386524640631736899640339196255702048682153645825650401080781322296006869353443382445800776873940114944355209978804345198497570919797344240072273151770880
991 37331957713193094374180516203525479279056628017210175035064846815387049056829245813598759001056956638239350495253709576296098985113959472629189912129893277084277780989575601279343174350043202727759283733845831034341294965347487158583424863676380044423545910319390672169723501070833268935300501660613134381583758766775434529743054583026339542004744463544988050585901458022720593375517020121095337566585902812239783531493685850644260231255713968772696567158225431983631202220360134984223623043790986607204108354398914432898898210697063939460854752424023099893552646752574979338011263192998365765613578435945834292153268925195017375072013644409429484660624166854985110291326124456604670774278110400347794011291643786179231030080
992 201491046868522992641180498920399580952353599175476839129410450617547383969752757809539855727157184627639572696046115017433285782573223792937415752196466224458621986561449512023290852997205658507442989268844886507661600322555101282631985370078270278860823387369697602401397012538040225628877500706784387010487527124433767128275486276378426567749717614033645988511774531997963646127518616103353284059339060929682850764069967568767671270322976005701674765427289355907888810690979559438774162721943662840863813389539655329868929054346659008343603227739183280239581406597634107458826639451578364009178444598486655473653542904936031638001555106942183790659721774487573906244657125420236866704516093468155311152917811406866955902400
993 1087504246724225649099257082344777869338693013897966401535340549334914684683979815079102852205183428699464969813047398648594558509896194950956840247753860103550931622748529921946397165597874690796777367690906083856868563738181515393449467917620650862789729045793210037248847069906113295093941635067804263288200955630931421950020440646058528450730871549604850756387484638592893098610302670741919359186455265955103667196180020854618271752324353845460810204118823707028969115923466909865994335577981606806231776044756805691204655289911525099737825647813503911793028660554425756992084391440370158343281178520283845869019342828587723133912769372927111726410692054179499769911045753454828131388348548450058950588111376870112337844000
994 5869571394995460893598612150604839343503000088552989224332840885461731747624867800569479019341756009014917579663473552941336534443366505087126587751517083488907862356376548881337312049787873323849237310516632206521887999990899434662408536455371379372204476159011786857628032973654996838790157375260267708560711022064141340147349385942517525851885601595493062116642358413137915504574528680443743277399847136573581589656250594918624212154297589283014975158509700516169704540391929238207569443040652129964957992386336590011924009379262799569475302513681180453110975073406757361474131536556547552483415988103147003578346838797961899198711752102274332957502731037941272584103297162060657113425811895632584301356359739193084803744800
995 31679771239173686812248932479969803263179292445490705044341745165006636230703372482443468195689948000983490039759915868952977597176223462128282324940180435852658533965318484631429181990835268902822824598903977016820833556872129714887031127575523877884142966309824629997599965397443366362271874746062321456483450510666740413583501724625983109816495566172747874009369441600597902872887783372616094054351767831828265748890098239355029585974901387091190748172323722511296169547262319885141965167763867603480319032254962002593098811219019599241632386134071670563197789733009271136038758188317493364420105873968436881180418102859117185047908319217600567236552886687447530848812947313223217337853222842489285911947634487730096715250400
996 170984956821457729350491297290489750443258958102975905779164763081324244920042866719367229916417045605152344188466513083007893235689431127739487666361325894214866369826838454314947751226914810483649453918344035456589393365962339413700685123685379768471143514244343974815572113152876643848940166341644204247686611963533125252034074411447872151368487000585511748899638976053797619246782606676611928195806661039148314192857432714843758555222563381642172736988474845312696634158606402872825871063801112604344459326589217135261690875358544151907578183121335644457945446683066098399845195714230482633761762412271240157571582274503132716914627820291355703443183489935898915040858583333748635328021504768282760770194643217277165066882400
997 922856100896687482224132120578393853484438985739510577127959084901594163708499482767095898638385630463594875597561014297859983618696118909504430394434878196644769165056162806490945124536661765633876756677995418092277535942429289312057289986105280880160691918883280759432720801560255630964267965645926942412104691476257750368212085413652116919352000038476958110524137151870024010884408944058834141384036726916227111840582049411803276179053919290493758195555600786677239216888440841973093730297394190893243359820284677496508864637954940644971848210778810327445422465784736223604956923850830640873316499168027395829938526847022480048972967696043729613903948728290984984340325418860023178577542837314136365021010234617179571607070400
998 4980928300775840569636536888127953495111161411490264553173759233589299506444284753412382856940525658217383035684416376611047945104951724253792850768887357398991861503770004874193182355917633956837534723247056634327172267965089411271424190944479855353284600096361562019230073808675914365579498166848250459728526373758281789161182489212959298876346218732097438404538433814741379383251873242497749732773707432287321686518981296636507557248038974429952598183623854427257148587283366432967785596487323447862039484811742862650416933317275353999990483397217085401832185533623657526947727623270850531481200153772166556442914425699500135068723560536770538085637801560790111615959519189949059264820705476965490382177122121956098945513336000
999 26883561956399436356750025333623421742110272868410076846710189041272119507132601832565848603557810510849604650428300097215085806427054057931630307205382871238206385491829013796052088721358363159701681326497878411031901084411917762612891643534957563159788732284049771526133267299282887826452915790527928330719467137194135983404953417051044112855248467204689588500444583177026690315866545905893632708542661180401670076943177788181201183675123630980165476502470257744384100452625847234543961274082795696229156265141807187869039887996786343403528003182382125735503491624966374490320342459124342168836893460386281281644546683106959718133940549980322057497113767883178475113924860096421673321663251515933439729958355201251782234050804064
1000 145098708740783746785310063520922831795108024632957760723141431040268434999807098728568367440926303803272043645672710695837709785014155632326907623845301578670233269014604492856966536851086832004558060159640526729786796884426287539165024150178184402381438447393653600283761912284021628935136986562953346147218355926760045731450509657225182350804613904598891886113852609673373886587285627090147489812744977007528103198461446725590928157937332020473534506216550112677977471709736601866245821263760180781478149371869690137054365124739905447842631676010018428332581235217113711518938652767649702896293182181416461197320063642694624408157258420755664354793602566624154051561861243550586372435980329960592037057712968185891151738456356192









