0 1
1 2
2 4
3 8
4 17
5 38
6 90
7 224
8 585
9 1594
10 4520
11 13288
12 40409
13 126782
14 409646
15 1360512
16 4637681
17 16202034
18 57941164
19 211860488
20 791272129
21 3015807254
22 11719800674
23 46401584096
24 187039192185
25 767058993386
26 3198568491792
27 13553864902504
28 58333823787593
29 254864864873902
30 1129872221687798
31 5080277627233280
32 23158233174238049
33 106982814023587170
34 500672777985634004
35 2372872023398409480
36 11384982027139821553
37 55283114460010396934
38 271597772975667006442
39 1349618504945869746656
40 6781573964459209875497
41 34448753315849539681946
42 176861806569492947067384
43 917510002860258050229224
44 4808469747389102885711673
45 25452444811744909015869214
46 136047249001694275387237694
47 734179702077699637260164224
48 3999313678118362246553868881
49 21986716379022003359427892370
50 121969558331981059523274614396
51 682630825997042145188685869832
52 3853839342628549692793825844129
53 21943556231550166540294001394678
54 125997218482521008245727299186162
55 729445014850150588103812337539808
56 4257367132360738818984176714752345
57 25046550055590030579942828334636874
58 148510196894051456330483953062454880
59 887383423533957358438797388934242664
60 5342689330355501048353315980807889065
61 32407883748141200480736636343302290318
62 198031252989161732979689431748346851334
63 1218879591055609548122893476562368996352
64 7555879686708785003472955292509468239041
65 47169466396016095317466993280786460620482
66 296513496057406000432074517933598912508836
67 1876690620323945193567218792839945343294984
68 11958149486275749208257752402582308368595409
69 76703975887451858386326800755560422712272358
70 495239207907103080675348134845941215613111674
71 3218230351911644053389949561668336221898780384
72 21046841836567354957702482416122219983970800649
73 138512249681342362906435641417016492083276284666
74 917245397634334496341427490813538631490195908680
75 6111454760684673105332764043951657084613056583656
76 40966779870789383966307008694866125081240501113497
77 276257788157149298521618424387004922838843179584254
78 1873962203117935273207591763486783801007222723010638
79 12786144835325332564811519526773478253141528316588672
80 87744632960042743493115190066244830293430437237014193
81 605583498790718712367981730900570699545662334058855410
82 4203113450152471195585704523616608741576310260776437324
83 29334828649967297758856946355990292772721297124218936840
84 205865593556371087973456536347887859918926328076829304449
85 1452595811179981242724876756477475302759581455856134120150
86 10304816334103938025583507819436653279273413563159794211458
87 73492734120433122084115646726206828949315206892901628437984
88 526904652821006395209789990781419573237345403671932573742137
89 3797331321180280327952936270097623461481872110406055039232426
90 27508040698125568112393485855261504257162415275643020857628592
91 200286615811828323034252086144703371754587596299118525142703976
92 1465656487925604456204352435486732567584058698978697484593619209
93 10778984123175621477297074441215439354172381926887708903729354094
94 79664839055679030918901638909091870030623140778886490679629456918
95 591666584906521051090512674866825239353811282306052663606773776384
96 4415578859579114535197791342503235000823722039692604216228987708449
97 33111408227545385513087656073544259109483569231536158401157515863074
98 249474772346921997737779431856202774149845949176473764996377913577076
99 1888489479610418580635618407496643600069282626137513605853674948799240
100 14362228096956518467524590000306782307561580084961201855672570627653041
101 109730946817282656789623319578887284111060352704905638951283155542014662
102 842204579762065098633377409594533181796700937037926933590584257552319754
103 6493348340852121923298978367907228313516309101340567339581666767966074848
104 50287986488479507052234603666822953766944757827312767886292048160686702057
105 391188774383215908025430967981952440226550985647692553214329553478905631578
106 3056452058272629781793864962323568989874623150495269251187808105995300840600
107 23985051487774680861154421749358024541995100882646820848154439217116752130024
108 189033462634496689078023129714830749995224751009391360412296076940862997522425
109 1496218768718216796010939115054843087533957749113643096636713014273725988608734
110 11893059213615534695302211249370534337271319054630167919312997246021190852342110
111 94933200877476566873909332134914325695405974130437359782650569538212983220126848
112 760944516839946509810833162099664248582599841189726763264178415315399670951285009
113 6124670366417372538186710427722323650373037379559437590983935594224433222888451922
114 49498507826294323597404200667403185819581228327373863097042105267202214467111697436
115 401667053895293244543140050261436795716030877652041524578618401935107124783197682952
116 3272580507820364013192583688970821573251742120639725584207060507432835563875676134241
117 26770103160695018818966276629264874122639548463284154772056237020636602363692740586934
118 219852353122096495597328714278543346944492333581027964240272806959173900632357632507154
119 1812673491183450115325822173719803357241545467146435173177618909687051741272075697429728
120 15003814678509239851165545030432404173911085482008113027593987327237485779213533647858969
121 124670560895107971828377786540480507287024586244367441004839931363304116126174113342357514
122 1039903256284171602749476033396857161895600800646862335688073158324790748658199665861754624
123 8707142751333311870194709905636408360047612854675459957485728937167993890417907636416741736
124 73181144640951951240662223976241552397574862494780924770146264753305020307226286919845528425
125 617377566599283943127831593078517074900550665911997172113004323326304638458345514195891886926
126 5227789678979256871289551703581734875947767003083195432632219002784520917813601590146160177702
127 44431265158033787259906857864067569132132734288495015861807993534004865459918541741585294997504
128 379009804612706227022438166893298601192789822485819523550270009712214204199989043510939546370433
129 3244826407305885505286430499125656810215351184093748046636885592655528026364734985843191073709442
130 27880463707131790261744911347190065887746689645672017077404436223949451299364022814054261587787588
131 240416593385667290858006109039920586956852192203812514132120442542886537026254164386783276915756040
132 2080527198056365448133170257954464935548133708818165641240813233323550322784279670114364541709736849
133 18068230658203240290190576509109183968178804490371697831026822662425505035030181601835452456607513510
134 157463552927979725315112983792058334649903762981188795794161309295103376661576919499497876751159882394
135 1377069122356698444902976898156928252501973066081278399388471839008824966526114177623390917572167044320
136 12084590721459319766330659796016895008695428948802116513391440871075854579513344703589246536651039047113
137 106413825602893163242184577319766480305080583975369686871501761843180364786552165870791524390344481583034
138 940250585383586227119000103244932235905065181442715726295511181947414330772972950418449535419266175833832
139 8336011464784661072450828226968702617108165767730908963864883630048449683438348478438460480548207645854696
140 74153552441635696970780835454113959130462728468721009804550666366367452837546455007729927959896839954222937
141 661842360708954302578564225455407493636588415093750091757024962284783155519950022737641391838545478986979006
142 5926744584065088787504003542697498591899442136372941787880122274296872306985748328286466276991221115736807534
143 53248473374755321421871345662759134386915513815576073348507407077658867926662174954027825793447222863305806464
144 479974083427441714122159600736979033003675347634427882075876210827033674029636054590653397736815143196355948913
145 4340488403097202517207832161287016276055050099263693199842663223957301598712643738757670767761738800786026917554
146 39378596493300447648125483015086485685323350476576928591381626614330759802876075723875368802549244254120011188204
147 358404494120944832662901146869682181975369532772458378779817373575192427308255390522564170233037046111892989628424
148 3272420634625177958624186889986082122689297468039151094542057743035668652721084994089341461621681120916773817555521
149 29973555446635567992010322331777404679854327659587300313638452074387504487186111588020372143982941056252801544873110
150 275405103043523914888824339080733563881551637762523632404292782802062653441267486144720981765609025125010837861537186
151 2538408539264509298285603675129927617210553376061364806083995914418319242223818911040259078636321074872097354499456992
152 23469196370572326829836253445265678472208477846013160868810247407375080903760147858039053692822606984372921031976283129
153 217657449624307288148684934592705141188815811114707568534235934860376502933882294552618873208501169212088368651184743018
154 2024785570158376454046076449878162383548868605257720955432624985228257732523413679621626007555841907008803288113358543952
155 18893237916042191285569158880812810825682093966647557516835909936907436709899291507449588681214682520945651858580176127848
156 176826512388395554701163121971309476742493845176749792040580658784711539846725558517936417270570351267632308331422142556105
157 1659945688797707570618342094115115126558538221558583057112199588831945321573819941852729128745922929161865979229965968592174
158 15629240167480956392010228729848563789215551990521816628318071632824156969465139064769706093120980679304818337412315230524470
159 147594922426898708256168425212000216350619340604429169668737938944963810034583824442061671828421853547673163686194609733602304
160 1397934135825375219616986723599885319487863499846174499934183669570896367591794949623638159278100307892058630679179828175559905
161 13279325391190721234238544953165902735712720418502722658267587754640483075375792817209602741466059518479748307417845911730545378
162 126511990393046114023214469564756613614229663906042857152936464989883088850311183736724293642992184457736497392431411993950897684
163 1208777009775089894613655883247777686574816378014014753801744866993082459493438298339306917072476035213835984446985853799990345992
164 11582760222004871244517242387557820002941648818309529040342534996163495745218955364750698995797835160748228770626361637303963956081
165 111306863528449787550143852755499479145364000004465746228986486523092798653427614977743519654277108065889697487502694575803167500422
166 1072675961954854100845074970922798539389520851924156656577416891204662945506600910252051536305497426407992685449490710472032175855146
167 10366799066580411361282086676007005048027414852297046466697788515882911633067806760893635427437635949909782425655965707551596662140384
168 100471579870788155832268384233522082356747166413926205619200807377074599055622283222065964477099419768181168003413185387202299433972649
169 976466100996832915860604708356114008915063721433026632055163936969180632049851954517578158095579657535557782971342287675312217384835098
170 9516550390013826161603417368205491009238572866616754109687232564020521551777746028393185138649030337830957063261463045587507669272510264
171 93004402025243040467685119932653238771476521049140531150403749174885465592040088139646117655821091057121147507311228641826702255675911144
172 911427735566432090365579013598325465565993787578181384583505749680650319044926246581460039579637700110583454947797050562352361813111793849
173 8956308510749955090820341887772830619298712858328837329093430053308243092756393870660849216808162076551562714330218328080362106929078107806
174 88250521505029546952625716070827146123540172377630617787858430275524820849664977323247872660236641986172323294788561727005017584669804172670
175 871927516195650617399405631250949825312177547481403884083533559939996091465849441006072179130950823684434060798682665434036701940964138605696
176 8637973408638250749230468645483738684183712716712898249415075424186180326236367445451884973231775318467598510740076097410478249391906905800657
177 85803558591953330389077867011192798224311425668817141990807795478875834420964042974489272826320923214540012891423491988322726371167233172404754
178 854583191960757647070589576459245541116661857456265086188749508231445883456000745619707035443948926558156280347290264657855290567046947788663228
179 8534001685940580716893058673961000982192534454815399294366047203590833064132282591836496953399671554259487434129692797612739300786514316718888712
180 85446488962408768953246120555293099682692101625879257051353502944420962575172349697610130143355074944493552665385816616819715451820739617698579233
181 857773641540031323832067930548763688571116469786672893191480774869391354879143924258813104426025350604977165454123014800772622173000285280758007670
182 8633404137119229298577464901080435759696097717741685284864649542811698949219827746741334947471337170553890458004232326931366728288687590491328717874
183 87119692338032095429211680546292313263953254703222255011885140443361007920661496816422734002452656750909301097056488181202061657118213693680686419680
184 881392872953001190898338451445692403155994244735457301219432898382037311248885649516625549169815676441867223233445862258887800659677472018882928464089
185 8939964414220970018100418901977731380071670304783515889818808389392930543910074105035728444396686425900977574711171019020078503943112238684346422284490
186 90909501598850080771645894886427124873579135065181044903226067938922400490056439510081904517189544334994629335421636209096643965293117136440458769444768
187 926796174328510777464035062221345008910280308562439780601284652347161406345648368330922514068279725156736032570916126487473984083974111453426849253044584
188 9472289324620418369998749181545494747026719004689458001504535038605867052410953682278621538684096892646231190100549930142558516821527122278829973580852777
189 97054527798664686840350062561462598089048208163840017268325934685412619952074724489550799118136530919957786268052123883208850012757080654627667227993565966
190 996922013637604431990231234808284599056586513609338527411256763352969989931115324306019845293125735721349749327604367246751909110802157271116514718174579782
191 10265629418410082025243662209427962716560690393256060176536383525809875195354251513058121161075164438577318337926582198093197085329103359788058734991560129536
192 105970142727620107496305860751023284225992995699752558808017032807694994228741322646436026309215235067826894273376601453781380359966110457815244147936319788609
193 1096603381604193022932319263960821686374099618648962365843778043048347950580426593656544718352968603390538113883291783569774899094224584677362912074621872288834
194 11375707226183343450073987756810080256295420201524960570221430225394762390768334890360839270346846404969746858400822124586568794010937299085441594424444891783908
195 118294536932592163185975115992990194677770133019798791239989789422608687572359927771873949309761285235547212962021771022639621455697834305128325521700077439945224
196 1233113845098559821293225916160378059794721312769244927121689951511295401867656747027236197803752232922582405085302339232123363268769689615501601775295676834768209
197 12885125732958887895111774841469912235555079415219425864260684209638251127745109632556820204815238828623982881844446784962126076655006368670641665662753304669372774
198 134963396397716310203141140541347340155232489379374673649307989409256495912643127588253203787386709887959640985289378368942339040263205640605300241417025311311425466
199 1417033406827125655766762737267603607592962891193707547143246068268262483123281536027656814166502973336045937728811833472673883667436339323334145974860979125914016480
200 14913373046598756676080876791402337623116211829131174912074045009193912074387594294852977192905173962132010036257749670366907787693756903383864170116563510257056563081
201 157325230432724885080640531886796500186208982394098783399970274870154291628277388665632487016638722782404626778003338934370633096271109005378945840590091912411415219322
202 1663575908139199309364809087818432600120946377136347449519448820798739411141424412445783183500061292957737640440036055641428319653340556247149227022363006448374128090504
203 17632086797060775145049823074328277369021158090137373964616431720119400011411579362007480615688891655371807258407374957480047578924858120293112229842257335558132772851688
204 187316829427259104700260350031808402581357688558044813815600211441590819947836869431477365332695143537061046583291052632905736183565594857502333386123283993292293838083097
205 1994605726125988557067867215150456832906026392797125645188784462753829321117523754037244128440806538212671290570046985774610613023363552187546336944954660888000903055381118
206 21288239157133676341194683268426722298785868314275741468195606241237683775744721305479412757708406322529959088649025406963901439930619822510286675715652912197107168377940110
207 227729931811173491997718940036499004504559599968778245745234798136259018511408429848334180051331883027541437662648888434636099887848747473921332549518460314105200634609885824
208 2441706804153075831481965999952878123578289904653455358437577847224978131188859445618193106853006140570657182882147530758881849640633209014991146823946363182604346145915657265
209 26239484678420705745243595233767024094304768101390782038814614252464045565631040364769114922217187916948737418628956372178354287920827320039770398248625466006597812462648725874
210 282618699114493668050850025228819227070025208090003594674760288211086749340461282154679391141782832676867741621254447101860948500187314266613840814762993600180054157783792738700
211 3050884332687878124174049322391240269019178242786731099769702091846043556514536040637821015435696157914959539286609344366677325875834596530809617829992980263876123372593233318408
212 33008466438824206937564151996646078338441850300327112135294292642221238986603431949033836476464676421662940151139580737163937866895689908791876744194870301882961864097675263620609
213 357927647870083227162100404831313166988984333157113974260767565423824877755401520276961774620366317239606131085163475912215073072672074439323101043089122699985769003278854612031062
214 3889833556824273369481464668472443549202262315292114972737256878141497449321968738823582277602086694357540727257098614788756424830510894680053912671940245001462688461730107819436226
215 42367055702858220289407258187838609000518078129681867205769770161202671808027632168596973049291465797615199818912172275351876780142758896907287274804020935249932856314206978612775392
216 462469079839879744193405442382862512314362408181230284261393513000484396334800255961543859030316828788229598362678822672537570661837935522353109843373567395407903210181058623111887801
217 5059294623599996645594092955763351588870573885251712876087413575490974287505798346254315434878440867829478778714649514548216201307327275836793779159609838870025618120272515802598017834
218 55468424326146888762675286175495365431136076377005813860579306492543773487999026246062596069182975205746505000246641185854811403447662247773282752087328684969487068030007905721793788144
219 609461185610346521455228464831582364412463916812068373792151093008805457969883945160910136188372250233074431269500763028884485446599998951902201570064606041237292252199848386106276740968
220 6710987861486504285349509944136072561837432318282707898455874807188620541649776832227795703798499522865189981296631293472913739825842846206963304299670761387880869735500718015503593436809
221 74056448871429794906152255308025923829414695126016263202488570584661623647321952772508365752613633173619914636576465608164649381675142730392156577791809728944601663603583964680247173313774
222 818976101496431770579947859107129978193369682455396839931090674182598503770447181149793688874247080211656002560502539183658074502343698659365083355055264242999378204244163664401146044799574
223 9076270150660853902615924325952020485173108189006210187008566294372369540446844915284476470290667179070276484538778454494016480559122113098090541778842049020322463696043775726248705869285376
224 100801593518261212207570084545950578042830512624010656259290721802823401962736929204061369624206340162775748771315062843063720824821616362946979877545031644236252822571390106139177062886837665
225 1121881985467607276251861571215552882624805183887209302297754429919714975263006982173564972531906397808181853281927638973640574887722854086482165827664762159022529988376314875342156473181442466
226 12512462053031124255707281124907968201464653110400413459597605993638759397052279982232499740067222836201841464440529740239841028092565503099490891990253337957719098938943396869069164579394098612
227 139846067403604550110293569457873220379380041481598669270392733789526409089403572458932124122438598987430481811939316763748046277849109441915216713430203843006776252619655135220403924285487818504
228 1566266741449152715260923617697381595346350496067245803664519817064344980353363490433437094490102002314440408758159707151089923480401576795257178400319084370186753531659202378294288686336415060273
229 17578641459161873702889537320623865328785365245710293435124487835965118821090072536981165306509321586375230576225211476600241222294124607894549492088077424394462634456609715361030538017024770278982
230 197699316725814435957895753355822748793615672293443560856544266798364791561726873936826431172871051852535877583413577798975582422540305939349125008124772126965939290597417988864873736945712502210378
231 2228032405259010848641637313887879194268325358172982452613422611852336015397630251958151024074697695078875009137425503346303443597511698151169591344297714644526373570335840113063900877912073469432800
232 25161153145453485419757544703163318054327743344212435511972557560462651836557947628630017040127739709973036808813400528027471004612187187115668092286771281372575331279636326821389254363614723725836649
233 284726928358128249286508291771101244186587647571364891241436291841259797630381871981754611344830021186661975373323471667871822183722300021726925483897455037459897852223761699993333706640371282914757850
234 3228581846376186043398141022041209456542933618844219846142225526415390062507661744531466605039775567253507282004491333447085929723348200914260092281449694958051211611941211938095876467183293958837645784
235 36683995928456255334562865305145605648466982208479594567010989817763416284077531702387633438057303056686289388369999254422025036310718453467173836639400661859589209248233211687312586997426919701321693160
236 417656653800846208455543505906008321520533149232097536411793601934779443659981617557100692832750819992600148664899976601178164743665806161349864725850464666909632179457296220382626010125055606844163895673
237 4764710171322912465601243044565762590863870540936929492602595895339744273323169124290035255242541232209925441186744888250188131546485942897209964367619443097270953475372931805329167569320145591450784535134
238 54465851973623611271810920247380752851807315299556536325606034525578498068860981613585017702339888811329343132309842103790389736042716876097843866743824738459517182830791182030861662774201762805906288120222
239 623848717446711650911159464072989382460039844941519610691616244018677938730979691966244230703823566060415433354125856249687871455847787052314434608674348188583396123137856532767697187307959160984275040068736
240 7159750954281545003528469893758679724676917680888303969764340387088097706994297485596446354984610223419936609231306908704534639780973812184055698617933316803725458062832798376471096720212170697693029614495377
241 82333521406610298938323185314553900311111718996341417058104097791338789324077350367528876154795349933699996328403472586791923150210632151987945068963192273528024690900944510574978607790821249596298171942778066
242 948663386874677244365268042459354146997018758383826197399589284628998611870387346124698885107933186967512326045391608540040614563708463426258684601733123606778805116503713114127981310936493904017154755296718684
243 10952186237777828565371535058177653034797092616439308369959237166276661514745785415779457337915568203912061879946413527835259277314300269892794010480760984840433805060968471148987882157521275729967382646344253704
244 126689119436488452377934236238218858968433381139266104452709129891014492162933041642992721321083417013948565657484189769720214254086732807896353531892202064867448029274421471072601602091773532020060262792543933153
245 1468331933564272451635947280864981355731077226653081379772715682759905527719291755075976245215740521993176145950919846929539475725088515869763619815785422707820589149243059186823617166388129808941064636969715011894
246 17051093624252352094121858338165901008848383106782812227455938659354688063760055877164080967709000814708849721821475188605125828977756651241015104238526276686516696749996900128753614223676274247408476960452618789714
247 198390087419439999871161347524991098441636420598438362629386325480203020737092587629047147251852955280866103746760076284403251081026188361156822151488025981102359456681514709701470334272610305651629959626212422758624
248 2312725696826731659542271781457562823538835925839507078833922719240184340643339516397393187247769056304763469252622999671438853874268013115042695077065284290230429853681130325666918498008468312330281102722337152683161
249 27012291580547011643501859548318954579522570290345083226192520241525460422411366676213763020103461988772593385724252497079643613462028464079067052937324518937474182210529711683499975114948451365958211076185783786131850
250 316103003683888469086285832230514307521877061020283468080432860146548503002828806225887911426074594026868027042302127456009500347745530103459403937570485055216277913920671002391864787366006990407243348916477927871526976
251 3706145597042538430345769205544543107251959632458591412967594150457993786015455324090715170449059073617828496950695815839504773837230102345382319081204712181869287781342149818671111664292037636834998838977793793031074152
252 43535124061212485535217784066589345855008469321014308391102134528923105164371884908552592010134457921003199904280763875296701817653166895381267215215085829139120304935346696120046074872408918428147660802454012704843473129
253 512362542087093596973957588567974048922381362827026122131502794561859319095326983406028061071940430733658504768543784578994055708062774842072130578987481920145585209275128648181941700405351679487775013933144927523274353358
254 6041323297861079259946616165024820972508456966595843287801473879735093674970556366792207246359016586701064892612200796741675186550014970555493066911303382220813863936064159055427793209201284319862527935844804541038395440742
255 71367547413965512874126208707441512210112080727041673859568080186372156859624746751060785033031421505242524250601533330563417289328018762919689715732207327039375978118643061698625360010883623454553842212320782800255875493888
256 844656929540183658147293077830618596691194572451309614698156736792464147255855961700463312566985544602978830504963235313497841167729934994022802280379040251303550561934855420793382890788648016396957418000455764053170491908865
257 10015386772234752062472510896736852915690596945876164705652655040741286303717635919211774189311523208026643196707260268290896962846380346029202930751967681775863363750180488849066741652187193630307126142283676353886050492873474
258 118976130682918443963473317936886651888854696792095105001714874086969161299723054978571541510452658461810912331847517623732118473483541960258144424920863874194021386239776838131413134563922787745514633064342469916745043949117060
259 1415968717687318836053663479064309104470787001283058434383733701862965737631156906516496299026294913901261206305437722367403275162089796771039923957300678664168326991888150144085556178522164362870287468490078557744988582776231944
260 16882865706466716551305194810859573850021897584255422084606667333168956706595154053730796695385140513936679809445615013452578676714950251604598699197012982309391107203059139101169263671832126769787189766854599646921844296161449745
261 201666783364661824656308278828751911983459601251694547771683915426285985467461130354133563718316626778051267232305237782398706085367668730225308775624751547983357779644462732904334344968974576124359704404809851432642854348459718438
262 2413322190911801692877288799051356086336328184789154840855157336071419314031426311392867930813770034103756322269680804544686512735026151690427738370433452230513592823245209955157507885978983182966481563862762405179404457145609635034
263 28932504203364831635181827465032232512161265749386987872831592214628026403002564952961431559772406455417497963317819572930116362960874589715055842365088280790325140846492059332077474249399139943319782693095257868571939803968062609632
264 347491033403722655094983948939811235908556586141555426865712360576055375855150838056819998427190050957113332502915685772828736043984326612851517307262303975218119393514859773412868515198624920094895349122979895352253328147188534434121
265 4181047840349562846756576088056582043769924297935331320015898329014268874252990694324209680097033906299931812642526779186069154136300209750096416420636501179936200555675057634913133853244010962584766555958101562938035352172956830210362
266 50397355283044675974389441297051476419607950254762203093155642285629633862988052155881269470913310683596005035530312986972291047986215649259348218286522929883946079893151407498824646374661125335205847989314427644787727995749031909948456
267 608567241969711316016392349052605179262892844029128934315278069209034528575762309848163261763867337174636902023307638008312523125182293650897219810441495837405428854075771601759728015782736588840272183209720986297015447510838768743031784
268 7361812849897697896584577482857503019490358178167264148798134135483405466216161298736253370866250968776501576784369578262599523555335190651649881060835568441854203559758060206602230629987327383757855813777854290698570998941209044676124889
269 89214106894823869900789348430432899630349445700085105814203034444098549559656191973314212078106407818765164898919246890380633883892353686697325945565216758572884384432949340643285648752765398582774464455485326947647148689149023440613899838
270 1083058841631013085939707308616195807261547799752665765901951142734358287498837967302708417145050288603592877764809139955831569563862604424670059888778018498223201865000287468534586783801054595390084999315495656191954233546212244471890759854
271 13171570325879647457496664020939853707173897692114197603726462309909711752832251979686784153728468548046272721568367093602407460831276528972157725512864889284849035955664923125699792189800766103356024933033757457598142880925904920675074187904
272 160467572787697427145296857992742483494744398458476741766391817721782438852674215532855128885455307798134904097582410127595500921516590730727285870386675405043204489595704018846403594786744191076407584839941166699703918643210770168852217528049
273 1958386922270269305093591496851032514523981433432064714675053923024458093114276610760101165869391264606451130591664518404324119324985836935426815402892732792425097897543966025504425228694548764184504988199049059661850421889596791840999844176946
274 23942444394184816823999261041856752753303964022243378336670732950908652215930644138761253823176768432950932991960454705884907745572758767045064979645867263283344112972155416607461717714478502941652344111270988897521287276009472304973753645519660
275 293220646206346846274368091858873723500351411119152276604490647366771640019143678118275164130218067316337963448314325986479474152758311345666252097543618022241795073884450745114320186659978958017021779988640234601025720285829031183111232219849736
276 3597277972603851567986266115635105603456298446188738487065051794592165645817572569267328191728612111063566716338857075398596743041799021197885219288673300355343282664041898236944037231258012363965045267344036702458963364375136209269489235301562817
277 44208337472182889776986246838089116308254968886191328796787006454890037788468971988648438423763814434376374653930391224526003913198825142572661134798464396435831900397038326435277383083665098049322561795770709194701025623962457028130394897750751254
278 544229975664118257727077236911368795188680452906425978498829205903201062557111559116807057074040897872212148225031524704930951196008889089078706615924053145828548190698862181370498558228528816640463853956591810836496933272106390116589398604667982818
279 6711293053033631381616658670824800520190248612530116345650616606360361334048533151533264217189093011467716412448321100526308497087244996477964934920309836448627098296085708719091693498399809994520961224466605743497290007814869145540779486840897782752
280 82903489646010187463407471838416431846605512019429753335486705432808510092044151427886252207554818713577417163952734559216641664528489468948983861149677276864623844993926414110961491650393844324185900778389459260606860665909763761863295291494415377273
281 1025840163597235396580548015089300904933335442079911099899398338626439277525863059218309874722622386824791573112941849183162985505286411474103057217453209297896731155593968489143344428175567148554380952815947566221976106763898878710342813192640553853930
282 12715232203684671828921001544306017795304712636819506320203023804652439200504088410550271435987851825439207393230277422032709460203803426595909781639557705335808693299737592878788914750881099198264592962568861321967543460657175569133067449293353122049424
283 157871615352693480445068545679442095843371677691126926955967888720293596970413711289941118709238919561147214988711549081450271909201830650181492377909186820988196151816284134092572151337723850718709497786025441942377162567748866906646575516051991492380520
284 1963434588275916880151850764970896622776640872119496824424797268980939963441994265588079662619513878773514664827410943010095015258141917226800681370726380978673030600379022322880598045962839936872281698470803749661768333981067797723542153315708134823398729
285 24460139776034737843574118524291395280457104943105083915650221411622777531725948124404689078686059916236992800718806687116758762319402784877663345222785502969490982234199511431072129611588488664288385132979429226450513999885281331920679164353116922487622830
286 305231285899490851705288777915129612337516749656193129808396230875897192303931128103500080833276544580849589871038571537560345944233696948310160781236657982919734358088399703602997650184274599637024668014304365428083385759177976406387207088499380202233641078
287 3815261343760475732258174786150944835083111308991772671704203003443765768106604683955572963624726142560858056774187331138815228337067996578254850820706377659041690308696029593961848249447222722962407934596852459423732144742715847537004667173171658579207517184
288 47768566513287158377819758805929609011685523259483583364113260249572961459872687130859584603616548562203198998203741632547505044306720357134918003318785127199483437873425586912793509875982765070693960128656681081067739694064344450056762487917082407700851832417
289 599073830686675901689126015404741137681195107408794734425370594247197114951277063962439877847389476162247188202073810982106305539013045862692743946910856698931007687480001863240280581921106448538761906677901861467797034609386784419153936894440387072396338065506
290 7525515975113313866472991042264534444375595980033914322221793330435276526632816697937079645371789017681711042941616347701494536963487497647255854428134700142856106179126711965595339513938607383789386125333120618222619290248716729677384497642417336189019853765972
291 94690758340024657562240826283654369976989484108013548181113214793402456752043629504472081872166957799288676926343355845597961992889885670669050098703664349837317724707466983067056164183459595646179243546967841461787087825914493862664282315783493655222687042297096
292 1193416090706568482067297518454276398855826497192965039225495041036952829640434867403285710096448154380818489195819342610016164389559060327168404845211330570694309226859966930043975733218496273679429617845603451722289504202227136395562418971576424738819585692129009
293 15065612187520180814935578569009641600484785919016949847758581008270412743814826589808445704368907471976609658905120973990117596347927311080184244305298157821861355896503879949367703786095327035844688797476392225874097870698700487275879778233858245228943237388653574
294 190497777521385747678828313781788272232291281006382810613906352040702478700958752098091445088546786165956927570690564337662493761613109179173939756551363751713924812244919018665832136569214279266720842620780099629050654988426089537423555367055592681835422334131617898
295 2412675575180612417881826152710710408303797204061382913158297050760588358413645674094837186482960638282506852259195908001204839222932387563501115791582842030438474806979241311197568445018275017053812440248547952945480090916484411410615822656549683853104549848958020064
296 30606346648345703074348416592415374698682906793006038884016437152784555206155540984612371059587884990844132132721399429975253915941672546081244199761184677284099347019227256073740724657261988348528497148124002698044977029203545662949302016980777400764747055300437468969
297 388888669562666647129799600269955870331796791596121401488023549190731926430581923587695693252307539775796399693211991768154172540547132099261159894811236718804212855855644590786579638742475828381019644525033373710448770530301480757425751681478405452950772707870703448474
298 4949234320166176405207713672539846700435549903754021195206472684955630652147757530294938981130902403411572087468700506834467006015856341465366545659227753634135015561720505745773947612674512092311765719595509775719150347881629784536871752211614238166898083947635886324856
299 63088090419784840151112753912898249315039170247374170717665993288970053653519755106655445122350879599893133841603893276173515800827652590304909949933507643095364837512139372068367603604674648435274202576087999145431241542161701157772021628592635853383038603774306051871720
300 805473238444711300932269804793875254380371655810477349998636896032314651475683384650896292291986240111628946961908969301343566703206103810109891798817670688215617171770215233934459745505851462282039060515414465503303793724406168838302784460334771578417751195919689000600121
301 10300230846622329743674739268685061776293766778040290043007368886022307726330406528202540783205793619895545590123294907365457694727767818650998839263810570974068025217347190730223784088009386051790806548216658336890705645819742193082992039563526467512565061063952749807293982
302 131926689851773736184447479792560225187729886805422369892801540186901820099158597610487880919295715876751516581371549271868336266911889493977592500885278844894626218154649691054327205659392956856378704686044242627889578498205073687666712493074076975853645491647825788897912254
303 1692411663115056692351170478998347084296235553678526311408417926419281440638215186633172809574973449290926673485050727737735177018168714019603916649352580347465932038582749086683230494992814943702685896740867980666831483839896015939740006486948336804007252242836667384702950528
304 21745268520584664592387187407467501312831178348102726535114252034828358095710322023427330709307922262557157193853526217061722289588775917104197976783914964771449117198089502126940965755220544385872249009019592860106047415567067216465080305434208037133761366973306187297185613137
305 279838047145630810175940685454715431668007100284077989024897985813768777793038137984986184169491373279423474900323762197066336784859504805093795265810183467760003753081958737846133616241624823300531848262001959911797848701151209647275431294693829399744867334005897963464385568658
306 3606864130795084492811180358797243132531177387543795148897378547142507566436717407569367782693603479450668525559913273407509847091942220122036085713749173077791718684389652563268101376790368114338985946641999667508023103282912493766432718026127659081210356480921744619933784378620
307 46562004367649413854818075576096061893570267281149766464219219369556014957668071588264747052710529277842171922759610770657192543567876207703933659015612335378952294782470318822649611469879778490970624654859300513968992878909623174623211421761630471942047492250827082011716969167624
308 602019080510092425747739850830871504303371584962894219394415515629502180188922552353947385587525465113245124858986254875413708995726978106497490858932984989358876972178476813565937223495596468099174460437727249310204550784478147214653849997785289970448442390312775753481519763475105
309 7795848755311926866317132527337713066859977879900533138116284908225906491148639612740850805231302238539860686925346118941949956976963852196755241176845090805407006516070141071665302195592022244954135969613489178718413950576014927693940014659957197885494779943065559924291791499873014
310 101108806234376252857216809406122796233882573549149137144250689830798744420431635227602695571297749331092855040068215624631074851314645458703866324311457764156032937203734047174385571837409474800326177337461212821800119322170127745965286764316677143305003350441545801713927354838514290
311 1313363287685380880569530917407137178130609133873682040121332993059927203794045095008804995784765247424041191856959537120104293161232524475299306327310869384396822450452640983818340063251968933890694320612358780112513488636740449002372959043940021414499441631588240369941300933068767968
312 17086337060248076326295353184762293390616290607540947434624440606664531333381380190514825504907214143074526578107601174562551969966317216033102452919898280592737960654235152343022489269887847002741577985256307980313332102895280377372957694277341655770079964300469385437313968287876997209
313 222627691583010184135426941758979261768056620058772186713613054020543138727149437559392807345222975364936973103721768733858873849699207296417443893144049339250840674150073466310592709168820985156635239161090457067921693074545160646244325784653955007139242579644029003333127564313139184202
314 2905182610041958167363797391766659324094814245442700933949650229266874558068026127470220411615655595827637645866615153140179533134411010213614529001568079392310700496864992384165123524541212964587062982846330809977114833229104179893798683786196594963041796974817722516991420585509827746016
315 37969044034366062168693540718805893052563731904699320341343706237502418907594062543074587568488274215805210909702793728722952164462036159399361942171755850324318106675501563328083475218630518126757113150718077798174781492469966981677279994869194508587472503268752290541959011964829249257832
316 496987896420995452612173528617938066259544382684646067905388442461668599082342190683369412603761858356571958956627987924871318399698975773150457524419512394309408785180170360026172992096142166531513064440438345774558925142668427404897472033088256512748076425289952448226603464475382033128361
317 6515081375868016306350099732548672115090895889579488342008365881105801995936001103760691542209153321561697888144520793927459236466931707037949325358642814670713828693247168147527403814249079289622515498829253676785261791699158194000746351219855586123862468193387190499127106860900818040494734
318 85536156906806293271685690782800824650358452736438213138965128232511109250028409422416428146207288800256639362248370873981998862019068854968872071741345285365909825536894255391688909557535683768133092744858950654940130889383438151379444404480888371650806619814489629767157057712486561307904134
319 1124691636357754894134526598124314027007356347124366603689299486268886527601820585472246729128567243589347452521299437505411747078494676127521789466444874225344765502109817574922309817930263830462924314808124912102189386665399170094498487424047854358406870296659746514377930602026167038766814208
320 14810476741446761817604237123372445971064708784954480705923720003470664007606366093058875232521733451630409750481038777342531565001545692922541320945060119883890337588012898437592535347135973233364219153985557016892610328966749274315209592140989993822535929466978087277123059836024016848031475649
321 195323484376866422326195756122324847305745402498415320598056287549626951687698570061354475257656776047720675880149598496961116971099941211389788530309462433051725200676638619212623261124943318022663571680689605409294006888763316074482216823700670618346838612080867402834780921461223826570105156034
322 2579810239749795074960477932985288648647163516876086714251775208108403856912323511043833387693655861760216645707596841649108698936348797771918941202464141734358069552346715267665021452013835008594302855472364285129004269852409949239230961158400059623775123256264339454451593555061090539103172735524
323 34124552966613722280641092546740751488525046020370160990837865647373156554475642575952581141805225193467105800351756998908329089768989303411369788847442324672211689461623852270503678123692180869254469681903735558729986382387685495268108978186058364486789559107324425012268712371048738530175155435016
324 452053811806080524424238517690357512569365535754296208699625449360934581374272051365053589948177474798622202404982445346063938317457494542462238263646633285638218956941791725632237153349933452261531532268426749749628678098478097272023524685846868023538359526622147416633426868290945405864889138589905
325 5997293668880810395028416056535729629454685514064447369710778617059072521476563969957348025491526568737026894962142957668667415404918256346809828951356011044872618494455667719589084848449912843515382855577783778043251465236476990253091233641081352252641662881562366481127092628586365417018351896780006
326 79682064993271935876179294440064004178261267842014729387749726862891409285482908342461083187044454960912445886974281549077089361150489866768154665925757236603902308475967718997643740844489065562145022615331343987232725995288406845592925757434120840089394265720972395392375672160010466572995281486934522
327 1060239579855284435463325319683655798594102349391551874335462030752049766546901117430487485354909048949416343213284655127904211779854624779471561699472465042440575432319469391150459113566049815476910119502298991697304340561452394751973342457750921933396306146856419315056655316933881212255495816610465504
328 14128098238751881919156729607854152483828950275481967493926417236266240889366098085594105128030199662539057468677066829176546867008534962929448926911296651845480554022378175306764032612062256567668693828416639405603471403788751117429213166676946739708056965725095892159406265551175597730226721980467727113
329 188537509124946171552873744695815531352558786750392250822109921294978427486331331902909296468912738214718045927262392597716789704794620739152520826474517151326955212638930890151014556793677451213620408486544823539810035426147670054128828000976973397751749326882976869486226065186799057146255783812889302522
330 2519673718519006688213734129991750691184335582204916887319968765278908174231737516025936642593895682533662528258978419411847022761202889622511593766838464705831246626331329815767079937783949784878954890175290325464382817051291604429949000502673185449581148671523799075788259881130772682633664910590064276168
331 33722631478697598080214338877149221130032814789394834398379160739597837923219572945957425208198953857069499129220904394333975718904712621952253790548371053250442334318074392135759989087137567960733132494698458621302943680078730998388270034664362282777495662270656470975758673669546016640338997131623243843560
332 451988468752852708323694204455779835866632521435411037693493975775896594845688000606262907878785637157657478820211322016700581497264392299289178355843556194418429274289075141553095258759273232250639644263796652648390491310593137333759804118108111067407966341743607117556609813937254281957527372289573913687449
333 6066806609956002788679381627501125154017096183869650965023624238918936609061746896108174205043911454359729083835491903673307538694899043854339434482147336560617077938248461432157133441767678297712706204631090013095330614043701848565406764889724431149860994109807909535020428979916666052573970394704844013640190
334 81548880891682405078736313771616357743744727263583294259837118193493667948291642997354079820801112859688528046810782680462304648738052557835632219908021221028494766744524010071524041654566308083569526796685131005376542662912755783303294052613778979406991373180990298166974267907438131139481041567063687599444174
335 1097738988059312872182532736378054821041608338061749830901294178212415549966134248095473259165656281464943149589255676545741317380133642403437487495667700094931855321401141299957843893150652422950447816072392708198844420515232815418008927171642621197008707886573815145282896122043479694945621082680125059884176000
336 14797950977861956925410233450009602921990722518343743266553930034719351765279130271650958669060243241892615861453467166863408498368126472119823700440215265227718976134481174991973882891117792180990128317915494717102103587884575787012962328010757489737383258580980185237334573130493085726378436065946824576590797233
337 199766970465856175888166999529711840267501727481748589773421999063511371934572751075738202838473326668735536567243048664820820476920645217099040343460222731223736597790573484034870578887002725448140585326113666048607388444701305184947466556432539161433350537468668037217502569694819414324715588497547897167074453234
338 2700620685724526896282496452581334734083933833081841201821036174931081820266745766984750217909654434548587617152878999864736856701134019005349245717856602554708243564517892057678456787485909604035472271053832273238862894797194613190138099990250554927051121237654319342327045428748150902082671283642561250610919185612
339 36561122179687148709326802872867491659425476641238227168416065016196259363176827074322375599030883304899261065300575748551865927539183383303636583934364355497131596890020097601589019908832871567495301483830098668477815236174065842038733681305565942790004037338593551650693730992020041630121963533976929820430039008776
340 495666638752856721077351199811694396453694228265151231477992214754480168808523607461729912643672137178159155981290005725557131566731966614213008355969986789797533002858061747406926673781437504253525587562981585119084507351697150084362210679648160280388694647739827839846291453879205694984176081753212342424286300562817
341 6729337970389515576017571089635601724385737995596268963692931300015942390230172623633694952278437740663483167615038170853650272212162733467483045916779109402058470272606488388477854568237442106511474490556013408094552005119375376151966303342247153526084383013970028396289572588018622792919970864296278876807607951559126
342 91488333197128014880244626257435343517967451028937129546429600023032051256487709499589510014346373198128698840415629149923919770123329024497907474787646850457436613761335047195062315784863255333864349963825864463458002762259588040577904329562082561472551167777480589010005411201362796635214080844095589431360565347800834
343 1245569795118929936167258068129941039250121517273697256819767317975766171180962314452768194330098445721916062086394675451324941454509237814171249849515264112910464265513347805819014374237584576600582225094182163951673671640232465050640125352757469391196022854673340458973667110046556605620989084070907416803865329040190944
344 16981563105024948495569333784408820124340523094250883538805658521937278987296848348382163916797674635800052262637882889238239141915721830027811335512990522391589561832462975923369732689234064494025250418872230851666450146748881608030039670037435669964474823712400001768694597836680957626877810989255348798997882568861934393
345 231842352763040362484421350536823649394986484823963660340215520872756943516012847591484677438739656522830572972540964404591791542818565352972351934554373581868644647633515472427149712245217403957625684247618654133330158504688981829265461293388099139945788766143551230941652174319711972096498427991486878197664651828294872234
346 3169652769932356452217916095239549530905896980129366512553594445167906208318367611861599035044737368516239614408894704242807163094238441947783712978301733955613638844649610307170113467482710561423994006712514591471626033892245500018462324209864470043799933268388751536925817600065517641546359729132662220424298336241409522224
347 43394300974319859343265020413378452700936052097087061581580987316591235908346596668984190570666067775227344025144752028439482995773259530688486773623485550409823485209064544773280588542027930148072050223674351083604408534455783847396019858612699670824394284194294890105302469844535544800288836985655635587719115428450569854824
348 594913882942549882029182420985060071078562126639596834765906420775806916155742561132902422668450369897053036932292430566687929374170748429602852831847987258686596644178096738220880331884019567835847007391651889999667338431706500850608464271129117458445582672893937657530394732255935614429355429854738861941547025934455826721801
349 8167219402961365337428928483119600067391903217581289080751788707520977582162223679870643677249679196674224569320051659529377712136604536534743794829146215805200794813159859801158343032467893378674419771422826154088636627694240782221213929599045210017302385264798395980905675720127388182079757483851647271998532668199080266388590
350 112277148917907594692535852155505112506140275379510735164785412343287187909417171878128567644228493928658506032471227008699765352616485511715243040402543986075355207544326788989812401112171317749947646064961906904030420853242878431077695177046640765245279353021237486048724753864916120707216957708430948111769262206728849942703766
351 1545624154137627211411312800942994924333419290065026968836724330513218753578887427695426533001547192944984917948140293256105553832590581673562779032917704859888094697253882184093101603310286605707308315949667896946586149013582135710900739821679075123281847966993355980697670842747272746662214396124395044347511745475667436693901312
352 21306402363689363877297622780311894725414107756858916357838956902931763825636309678246054438385762124388881979663076246787264255893092031735445554143765446409150611225055397046300084199052438529698094023382963512055940219184328739580575090981887849806451014098731153525273227522972509991132398952808241912018901893859945026609764129
353 294109065568980566691394332146750498870262612453336176357520801238514873832309940666488837513158841679178719997509838006489894507345329697119276053453740354179399325290365602538732517183318024437038011788499347323128395520081575692554555669508244609065697180273058484118412131267866149777013239868763967239354724970315247603083345698
354 4065342283941997972973073564261955865268559685417364371695016173057437070969936753716040473107438737696010830397874333687835667800422619314293139136900224368599057512125170879733847420415599644193600653927283888957029814315707762598316346773302394024807526675748472658091773402834000418207447854515822785666700360183525517313011596532
355 56269701422436048560695567520310169414740173395884535675154958392893827176204951222017809131693133135750233629955870579839791942854218640552964638624939137235442437751165065330358869220454548981767847746385918038812320019130187448026749978111015812133968776174216353589109926702880242003627297931221426970652164042414481966860305457928
356 779900627964111687749902661958938313432543797400175393836867837197117625808853693383473013344817228445640161440777501976274540811329444878497143404993179074846074674909445481922983710054431285648228764145442450273163626967326169190527059703758841948549708524457444486729445592407332316444553016035037882819324828155082024048576369640625
357 10824042331868946355834061464334303553963664748565565011852027910328665776761437486513651943352041493177056864387900400477677402610807472217201331399544815071372549813492409643392041865905568278893789586875328820201162750382064628663301930796575164414463135071555063602385567508871455514092025696758062597080736109726067055133140893880774
358 150426254737444938463066637954984261658389004483196960508651370768612720796546248602155321332074325384946645762287073254230820207838778105468190000893323869468819916622283150907606125965648768409926738368909527419097451977533448913767645617769407873204860960949437626726956328549783940157667015567029843621739880349485749359828311059552650
359 2093341853307920809335280670802991749594866826850715880136090380672608227725224277431355845163765773410228352919915195139973913976478719368455828987111618174780192608144170681896477640895698274471361969213031050645206165671114049758830342195754649885600993706293571543355165696392210204937185628135102079797732012045314785756227101511151584
360 29170067706048009732687275502700158848104887633826168771693337119022897971103549025819313684937144342700624590131588380901521551387458778352730029147909914679167777600155137845265580314712476588258174875616745986082747521627134854237006553394248067062475966677192344354207304835353319433317248430200473931710910474952749670525323092230628585
361 407018272228127715817705436582640169649978349880380385136257650830428683075506531102179043736996866443246842292176281103666813024141867624359007161321556995226992543370177945927579794496386015130339010318568850627542460425263220835705883319727962371413455330663182007929814713034147261424479254308586399335201538649132068499524314914993489498
362 5686800527022817477434102302571368921156963011602916932812751669373573215845248904775474820710619992472059893105993778046842213825271906506203142437093251552156360288998257895920649831459344277605068662805199874108519761839774629452604069484086862509721605299234996336041336888233098078854901220174872180974876334615579758864607794608737263384
363 79560616936427997898347639042320559712628033514891956835043515295096379194049684299820971258975551251921361769135988798362368777707020880327362942216955846185855506910685555081776382532553406023761599035625446263007476329025049211133221892014712032921263747814602530775302707303930826027397885877183303660313955599433050191528270951680055607272
364 1114558312854580778791354258110309703363195301626622838606964319121086704477884984968957388628308389881836262314426856402887651693906507864456334865767927628678313079508368492139334651858154064547884095666171823350758072983864031771507162538118521009690595912275371863934826020962354676378989907949010040597741448499468566304886889570470237543161
365 15634370903752690395239798383333811850917811418094404961002405860476175907391952369686284643391346493357484785181744812104019953625437818524200071820362369557596943090708482294563524464049150663884375919667815766349622503030935512803320157830803467017821229888440333730427570103929730426379104080534962958605038345396000226258796338252080385870302
366 219598542156140972914057627617520487566382551615766384426076876259635042826844904619005486762371781841733520788721859533832460213610328757719709352255893125605728236640739916356061765754091344476147165426577259439538349859078053326989130902306492811791200281834833384830500731940040636203734257235203800387991723420798747860053097129648133856268766
367 3088505602994759660440560630959274962209800946836089694770018351657013321833268164456438718824683863372831978869572032554920121703878168456910422531292387939424767293785746417408468504907110491298930146685621452564694079165254719926398379864258929009561395966363634624363959846011146169444299856013369503292016259800964789378542225198904884663469184
368 43494637359724698676627164112583044674424190444137104429168163583429861201972730614353448283101091722251799803994394186780092801008178659877336943346376723050878762835681891026923833403659917874910008585175837189439750453235616532092398465888653606379142247823972977433176094522978623230931403187290868774682493369227934395628312097054161514216922129
369 613323921112257856027910600524569275202132465135395653114236549464148819080210706956566391906255264514539299905430434193162855255373700740177309900369822297874748328539152105038786272559021803519562620648672995187625808059225112358512899550844426008643219803618063565628326686112035091493404726621757542132059493302505938035969352646252112734626986578
370 8659831832661327111203935961352432539970607697300759972510346812398673141445165870611954324279957233131122263644393358747480023441886752817484644419449516062287319453140301945019695452236106610377914208906202875233979641907814170795606615740245343188784535651053064390765904172863080389215714316270568265448320766609673801227207090601271992864757580444
371 122431419198985159404381352358660033089966179979916653625201226737998279080824252011055020022890308800578162396101738901579189673313708240120375630938051552318053134397153017429714549011934651163256780339235043482538567036894072513299749482421886367792101809222203855814820504446645589861242291104606592330945356774224525306899522006481038905138063590664
372 1733160140073992002088313441170212485524499211677858008512125733844151483389625103944878524338962354162966903433958903628610474033504644264172519492955661539903494552681249179203377903127850480693548823195788778276058780431747508281282580010107520200906025440318073832497278680599178542255365153930932289704333019363623852335160040858317629577982973553249
373 24566619820684724231005435656060308656803191777932313909612154520480830531963348104006639758608004945470794190306933208773129348106511231046622574662902276047220404117750286929845141293853662922640938356463124387769501532812492032011685858481789327794133012860259092941961302759898581051377052444940061759425642057756497822071920895067031385386231833212086
374 348667566014521228621520049154890043449884544361691761501379666749337157925823242541698923809993965173945605132457248187323287992371879708446883719845610984009173885469143883440876809178761702812334568294075625925392493473549276080611528320371895605363559770199738899618952416031944968453130336230024399934135916678754158208746848535572428116469047887669650
375 4954908782392907021935039234666197916600483002724000619553658639339492882668951012042943878548994892449719515815007224832285040762342735529688616469139787742862999657547322682786840801776323500807510510130911448632174030875891532082802626785707394566763499681498318826236696683512928915586327669656285979826443802508097499847232016360640812876387516614935776
376 70504411193122898002780808475785526085178777342722051781813035988214878572723720609882341554827860345151493280716969884049063183328256120717702755800114652736587690125746372769671680927383523629526409349417129122605962803903155435237769951015623768375112736479049231954599750897518582984774830880900873167443996138113879243091639541048257298772568519496829977
377 1004504716674185871637535704210363833364369823356196168567677689503709286955820986379977262661313397571923622011845831764934793367029861768064006960232964642266263125573416698474991172062220503531742140509093937189770767624008709232846065100121467644210032426441482330700217075739705683572797596611110780364728652910890257964294874625029050525971615401412223754
378 14329838432174413594163108506133828263463158741130663955330341491276321337200604181647739816523779002805555852067353139850207735016070268583709827806454634009481336559339481151942938867337706469512233507548931341362297737561705086492784585842074359867106339620981787170119569995370717867695240633101375809011643923014413434908614747883149679993987065586313089408
379 204683482241932636269476124453997774686011240267129837898905263652229231215328681100653431090842667842685082223312138259305351078068229073631839146770601433718938198855501945512953765973128491888777369134022232438823858202311355486117113922315092478444907484431642688837810705848044944904740385190906868688127723649628117319142493489326154754665608184153929490792
380 2927352784355071219160466740619425144744011401081955989411670146994730285283443475613723996230360678375740694116109234830844820731121580104536706429996981895520392145130003364382112150767292721096101735568319187297660428339035321919746185232309220853195112012418182251160529004968481339766836105480168272400340069022366669951779295587124593953523150645553416478313
381 41919556151443238428495668449106001222429152671970190109153122872744398831803557225288202619035888902407248857657071573228514201103119218631402063889796555018978119027103123984599804568648270425908190555599554466893605415879348542025056387433334337996949987796646114474763468469021043344119879484347926757488671424276523019248424305303757074717321509726876984474190
382 601043937963261841288144815907416203868535330278623784086782120948737883320941261067509485899034778472173721433833935425919874960747341018597912992019220097063373018746933766581583225365201180155263622049148519240746747228635095028696577766804395520957216382168518924446424508418000979239585575631060066785953624607548556980038269762444554519840243283027579531831974
383 8628638940964642000345065323911215437963718066960915189989605151079290259611322469710200287444407503283161877675163141699180344471994671386511408226915260383197682812437182009632445800261344966716682113446463199650872184369530340826494875960287921247373139045226249846363628720235530779638542496883688040845034202356502715166111524228114034328207312395724522058639360
384 124029075029910915527668869978135126580722501480456681734651772373236963857232044594672021580059084969940516392971278743475796336935484146957310702694605519019365302411848465193296425070379971556527297546882978893874247652267468586336237807186731861271158684421581883340077134336491718793638973018047220863748130127005825655333459318617468502137534022737019792170378369
385 1785042071165604500594093944831044098388738229370432855807650763956000338832411620013885576913107529351949177845440183520568012647794458388860756786375793142784919243806006002047542241620688877649488604385327144826667143143402059195436501429542156701390487950627634978765075662981831393874058403668157168726417214080632598324809927732529420110317441658913990288458455170
386 25722653551938411197434185850611123528468181015098572430595442831990734363278196226785585741864510928550468841688896981011396705676342898751621722406434658313522422609292759784353752280204023388059257030933742071344396940031023496358330398216581405926724114043992938463399962589924733121046380196151270795429806328592756949804167576225700841022861508047158810177341480388
387 371128294322482882062391364175418156566689028398277330029375865657476799927349844699472444874550817858152634754781572492241307153024570596996178160570150631442404296285754921180553176033807321213235301979494544595304489138279321950675293424832988727645783532490440306854442103376909107835676681305939682943991537253195164725654888592470143632369286469047015930994052555784
388 5361323083398534654364623419193976121089516145327400381564891775063679266403319912695876078796265937996943590042427586808452268054235092954810792307418474344265754282488550319345181118393387858496731165980640506436117495504297880244191390678849781477430261657025070368754034845822307333318674439359286217257373965000190012987663398380256106790804419030195825105398299751057
389 77545776329121455215499743751312807573310532168792341072278497645442916852272864706743266606896400011407631049847443436549386509317514074070567444538312772159813389910067882488962773856968911834470997400992329430222840632899625999650535961808866089004535158726415710051943023952631128807357788953364554549863727960746649552127539229615699043286630637259840423683741521851046
390 1123003777591835712816601310494138151185766180507635415477432393782860373800920247682439101972168257920811631108120822864197578779893357200258671944484915269291635474995335194761273091943679544241333574767217228185265752256237712647267857144184573477103436181846304431958979818887981058804499304628425366915051651135783702084721901913765639867493492348148026319236409973307162
391 16283203049935080207446801213875792031767975219506538095107878683466950618420265297850747723620414460151003501353296014709602641351467358681054607351725062226535153202413606221353495380981101807880413566661217631793831095988114595578947637677817893877490059712860575747113841001627366740642947045011195781413410467461753689525655821303634802830029781932446829149407877495186656
392 236391943457934879919500658070726869664178146599003079528684627864907583883400633843608811710165393012630083198544977296092328082210565369931754308470768455007695706301499304394563021401942292479181794221035794356105918538210706274443447637937994295389763551354736244411073885503671654266324810752182567696763534090075359298131148596401700216858754282169459987719744232263390409
393 3436041342770178140682797096597320003906585277232037815217382789166163380402982764871280739401576834432302271214467644186529247107773901350758984653084743182521853310575772926890524863764728797727683060069965059003593728899875224305706658441629210442316560284931839378718943642323449218802663905096882538744498690946309959289922517482565938972959606431895261915578392160067568314
394 50005254203983349484824426736530513327749680157235644482368254478552957405432907632062216646304159257920428661327828171516717879303255279227314583421826128819037907451971135892619440079947360416126496521614016547156459680927384360371065843115414086634099979901814879527700499086546765109268651623276848375006914906691155741021758790973700881694134200019278879496368005915955478888
395 728623419401093532269676853314501214099300272410563112987801355338870225035022003694140162678115584058300127226185187898356244183088600796002214052406062907367103936290686288953498100673481297967343900885432115700366221138652741160748130885337183148991620636175853156824691868445427985822794772879911149777045406368587372700781455993780473828853656470318593107823100457529300220904
396 10629663751789796730264913347147542852993736943543220720496715742092355791310737714842459058646339117126545002169095165858666384285133146083010501569927636413536609611780971195692147236503058660360390212165007392037345237962274844514219167822189172302543416656735199303309390687581687477457987794288727128028414557893436209423089696606573248404292228074135811248103965628888485040729
397 155261412502906862885795768730076033851704841017039998648575284776858095460762605448129281350252282552699120256566854963682380854628220404089449990972531123525906740965482199552961520220189096306878154537923282358560040133984843964922723148561620027377380112937642050933010726573999142663282750210951090358771927722058029690528208711371997303431743037432376543150989406448454578890174
398 2270564499109076412208513524812437061597458492782140922027421717453236897931599410701778634020873766860881575688216792969556991327369716474608539803388130769819692053709895467495698820284297769718595806758759753373991742488477538023252337545177265315583520027627946712291579473402754950677422321274407788836426424742851835365723058336080073735885896424185402981523678566597263101995246
399 33245216293438995557924769386462605815012574275681620652418191030436426942353739197603570263396204136124356066873304358224191971825699687090453813002408089913238086876323594278311522104212022482940787637074454583906719749218453909025335605683220460777370852558687535873427219424915583912002330988359150315411426005293428758626100696254793535770518632391944523340146065153063951590584960
400 487358116115254277999627474348950018134504272832109805057902534521083806528673621337959297067570957508300671204516662952135590237299642982012161773680034243877176497618302687777451286161071576426659948988826405258705068246913961513675803114718673523894074858084276878331743114105466574047486795243240708082696710953863795831770712363470808282947697917229025119644881778472516571989634161
401 7153023982949772887363543736334702484044525415106274745867749836123587408470598330457475134878509886801234062612614186776086080588352430243648151280662856271481412916321183340578911468055582084256287870222254549332002377965213970273255592054204375909756930796101127820953900608801041148403954158409250346322687625015196261936303901962556912204936683711813902049344167841661838865901918642
402 105112005322115882765288666080473656129079884254360345562506159274861432520733996219387293845460272345969668974720463440155339718285580669628092667790349739290793888937600023583846619986430968946014937616976362006331721095594920234522092018112657754212465977271040780365634266543999822531948800002300632670944726526741819224122217087020189377077423965074847951097965405314637669835818385004
403 1546446337886495119569042728951916206664051755398274706854857751253764295327559559806568533523480014536418332591162222075536684956838595363723195150843915277994298591576318466710497280799630758923656943466760653696730200255585535244583093817034839500028487532685418036287845239217409613935345562921764577454966282967303866004287453332475407186372165733005349214040815225409498201315054991368
404 22779071412953903438157353277207594744738188374779064510481101924775773664515826796122801890306455028422291465484695836986915308050525890628597914044494562614734664156971523230647514518058686486018674342095985778975737861565759422618045681475791705850946614941435655670145967081105373765389003163386492376985801041369151349276975304910553661356011806678124635335829827098966307508150368762177
405 335934454834969165150888505889970626594208668842929692648589796553663043468346637656952929928811157972047003815195045807283094011810341451782544932090387406408580128951176012739523213879983915168059205394115018152563603413321830309646122179425346704606715340310232808018434628022630820587296479655043819311616473342248184215145184604736823616596375367611707851179094910244389693274449004514198
406 4960085951664611563096831221163112359776060908923079788276253487283145097365059477269881713661021528741772171308588300715626901546067097249387921483122783617199716952816395228560968661045897271829850096839600131284638389311170993101109395519011062992348878173421670909058065945487021694961264121822501771839734084740185908118371171501579216871866772123271008824352549811334550117428973863236130
407 73322747510580836671302642169772134871697525018459272242264277085953574443173600240459802954174092176053337447700780122497736532949471582687135815163516620821345773194380713821053942685622624008529898394542006325331331683922163461114095259032069117379815449926554047340809512748092393684476097731623919001753686409887691395900416238565522822849229159432253556539298364046067852698779346281875424
408 1085180281650161595543056211287047056266013950438767549050619988491715174305645733603515672541022484039374860394652793468485624448347159421562271797720564478730088031568925340447491549538985667461819318149820433107397563103401046053740411944910325967818986597304574912788654965627444819456573978583414280457059439696885616652048135224887683064710050672579539356707218525558316076654290014382045945
409 16079682147563942694824446535005448637528157816713688722593664652569221147934646982777545376669624334042282368449462328519272745436514098081081545998659713436695298649819781316853022828748812277206183539833660726637654892465483473851572892416968460471991246107284877593984200322612339327931935964700505716315688310518918507113683256011537100337377413776475391668993733972979191953554666329025570154
410 238541639885847069781150969848850095172061017656661036277970762293370831880592022371498258247579233562114128749353284989558825757347681779501347264531375431576363345121449476108588790484240874106879143760546849513654155328662697914868357341123585283874883498554722734715658468276238527316529601574300433210012873448380469920783550977113512128602937801655280959793973531712433987667684119277344988880
411 3542916321210237293567574732792469790184097448991324068770968848396345777781161977332283833153187034207803155465717793500269374944551328935163604967255946542817247217659414536721884981792121797072749861196364128837692235730319551791366586732810603910869084573601765080279411634573074259206542442320254357912886821260018223132645460087484386247933996332720973947772185863159657934123168049892099655528
412 52682494137694733668484674521655589395628667086263497542032945880830737145183118585860925032154509148003313677832494501349387480958173775512441141460719285447548096312678006615091175821545741863089853475869015128650448233434835322254248199004269172389095085275874648431705056099478210886411640366626143599175538751626395026814056961372867884740139183473708851665330733395921059393666096621025167364809
413 784294714467608734790188856843300601068644790302971917743238013074676140256993066904977536578287631711914665281503218859155013407008023200623725567199072246539309646759347108448160424561618892958612699812918207733633894911745822767171448359329658879983561049724639137509403558638818045412562654705758668508186667341820158103705344469438393644938509426180589971880287114138390422790100298923743746231342
414 11689571000970418604166516482826007605963778877159515908944057810406638729309898614178189018234271025348600596592829580638478221965349994731699041849567964334181765583483694477772033819621587458618212369317804339364276679232756734473800825553213377564526243701830691362872350171230807698899772210597370393537523188928483928654215135473622045786147320405238322266603748927094049717278982299475953390746806
415 174430724252999231073130704277810882327707572865026188840665945523401937832635959996961027858228954605570893642504747493913143503919514808861122097043375455491088517286048219480765321916157507747530347580498332444093309873420014958661876360114117595161115161519693312396073588588785552122006523062042294108986256662356166735173074112882088727110888026337710741431763325110810062446224794326152780733750272
416 2605861492454846300739766132705620464368173579314205497901029970087982793529094871746024343650957327878079817733813300266716613672712313713054522801753512037000895758650656670857348356397447699140118520398601635031862859153833415729212448075182500128582573851500477115873522424204793553493159142866295335964791079959480823895249822291395474250629530670627281772885343101946372403640253112617151086009085921
417 38974667499205185979487517974629189429695202521672165871179879611717286831633692531112398652091694363139611142196053152747607034239931151360598480035297294506892851612791710432596917975916288064500195990932503949625317967761906534610213669158976018719675085028356532750454865644966581170931519201302113657688425594060741588178835774827310973853249684162039971361407996387550270423678122729620005868996017634
418 583599719422268062834098639710103866482643480598341114932495143360105690679214520726031486475141775889658293048563032908491379291836804717388993745601781310240080065170778954641782724462982857184784966754240245671284655530913090422015615316872118545593433019991956249968021052303768433851001780060357838874329761305592233782286048633728965092234821594323141861894444704694342102784491023266604582844894975124
419 8748792560505754525536733655394919052003788408888659864944679922014877281906473105994079004088351744967406827338636168409115052965102380927434375312996564509434132478050642290270837040417445206697576026854599823117788769777032509422855379005677594467365363333432649861188315404924267189161155052733150650160054923261317596505752143460050614114490630426270515862109419947886123756545057735121995812399560669448
420 131304733639182047720697447994516731013358919334540294000768660027637072324541522458460691163868124681795648367536873079192304704250831371579123061889370639659850946163914222765045209177643845215502419045245051414087566431268781498046134595548822489041986297531743462354472736388715638297871528865408296813769304797435686690785822356543133283483803165234130306859942807933697965341288172621108958209827505445489
421 1972925567625643375346179882455147191460156379405603195571623783611768740165854111270214321524466166997434785522319786529311023353404882556804059065275147468895735832793574424867056406185516061225342172698138314180382102469334124731557191876243956124422395279219316258134613129125273881616294667465736508672460866143943040755246648554883787554584080869964073895833975706963727016094022825864289076719935026364294
422 29678224365493055444413341409298177435278888358993605229733811049443191000644115350005420157100640474856316591072600006238887315950330301959999025123932352437124285473379475428291595542668367401696352591244844162552858619467047020819291591537045501312281504058417186814928360507144273562467187258066887136377784178402872932511055165785484910369666548734365568643281908180973997703105827248918279258993538675362474
423 446951981918316629330130386548561808429101962603278681093132241283332279545722259883655749159525234794813773729043234857188168755195462962724057517429626042108572414109220466287674025450905014350856222116901097611703673291731214401543637673362642221627618105613302575410399037317139699524313509427070158720603257367846826052245721335143405978164199652731767197612167770203802261606991654919215418985259796751410656
424 6738735547402844383545758765319775424708226294709922989796700183765288771682274714084804822464861015464352891036434436179832279736665486978243850843703284758778920934465669257085492280496598903510482971460808060072909700618745182815233455079216288499831296965997746180175211464831725694767357208137250231632693503189255887744589416481666206976533507984417267749987932304570289774665427031689890621891889995928255145
425 101716031705045128116198465906889159715892393347906642722087301456473398175148254939361651518863973409362279808458121843332318140215701366557106073297498818706850558932675018343216222688813914453067430171302291302559940275111628243143256460668777760595700144408824543454885006894723911843683977961389658959760885693856706423846805200199639977336425934189917797242573583472878270366151153702023167156259596805603019546
426 1537066703301850981811445082920001325178744594121120239548784440598479906543472769039425078703879369703269445599218656749636593724125450092923046303006298472326760717973862570102426078434589480900800303092454408098089706506904352182787982392541847211059766398166344479832205048903881484829131063294623958297524601873168210513444350910794542063338063134870795827990003164346349992369887111451969869619232165938321365432
427 23253439472328985834619817554040836924521770573899188460714423301555550416937625198593137677981337692602116184705027670301086516660177691852865192952022296266239355050099978986379089622496360216630696644665493601194636955243236982093873236745325899098241747229450384507450154020927436663455660358051316146206473697511575032004737261153417677224665000084418245539279463235805860715543158426833916057480656083934566038504
428 352185713978925095942269065298921120512773113715818919724154293589630250417240797773030104520611522809101777542937820214723317573623024011738397101795370169344166148696506568988298270407498509129401961506450736934185834147720768349210501468749281202265031756437048103191542034486358074416889707903100843221876738498369572081881828356063449678779010510946768552729140140405924759082699000277555468155996339594735338240953
429 5340048480793492557468219930640680640822692901817194844547398091773295814850361402871258136447608457872255699162166255494306375397231138914177980990004152718452507806942952061566612994432967775596686391787199114390435461047395101008346310750621686558837886537154155580039600071975293238728128854705108156583165346614602416446897970873471541443469653029054482220904585004486281882566706482833430462485597069598699753500062
430 81059976986262388185056068969908721551068912350718262585240571213543799654557132924072730608379085861829137870893797601659819653726181301437933357876008739127448229776691864394050741132045147238418108115674107555240389802807360296088604126531717145045819714171119497766221137486542279238359416053871789449286664123764060414051491067427113222380956912882609721057669715191760105085346991542507856116024810082466797475304958
431 1231840424597260034319457464022975399648359232692323751585204859990689047754810015242828859012838708533300241040340625660682843551829491737443288261221903649953963662172898033661655841432349702879504025545815516706379231658521004563387234093290690598475384262927840025264754952997217972184271184242822597192958796319210881158358003790660230403448667140643850639662607783658553850778472238593112120781670978580986594354568320
432 18740795453629935882291568361523259254679244300447468469997168242116149773139150726842538670422721254688394021153400907619203888756684652848036893562439791301482781293938340742776615925954101506377815378531422748638303429064910828518525725424141593928372442523889651542768520650090350287669905051879129118238878247052247930593480074354916686437735360323287550388119266265078736549213422411774809041843029956393814849020439249
433 285434247378936733312454109322497433278549018178335560688194020430100328612055519026914986646702301652147896206387146363157039517727769614004508802116981931516515914154370765030525105596057812179790436909200482115569407083134708316491861906621576108498293135447767017012587967973988041265564616440450221410514457650161403701377987895032856568784371796272681213875073851427155645242752662067183583191074796819177412526784480530
434 4352186860816632819769724443773044691543945031375436218677579528969304829383251226751745878128432813919529398796675143316524283377928339282028514705166416643938279454938990706213050761528097839063776374050519218570081251190220358105011944323660301990955113163131821401793356949043594053689934012698221240068351037260499204640163164030049777525772944986426079648096954630949241476422065325422317145271012297356635234764219797564
435 66434135665735372315228493221416236429628356485163420668359778972516126302505326615105755473786183423261696823685879477303180378483718230328009179165609986748780490783514632100352261228670671988168196401801624078706427291772019416941991909013853105589333870123021147602031239983385993028950238088496144396855245576170604509689875531199696081236373810675734243665925517316355594316720769325034746489329780605527722459339844312840
436 1015210871323761327025028421963939979186208373325008516340072116287824579108054094046986356905784536857719105761361060720305474154872096193810225384891888815127325411960214606054797327241796000904071445944814813726984140051240057483834595771571798939617548539685758213192983054874889496733355852856708374731755771698959431121245445289750547581854875817716619606951061626863290236176731010267099884158410461429274203637939760181793
437 15531069514286940177902454190843387639060004265333215932376683821782598176205467959447593927928065614840399861736725726511050386853564529520480231032577670919735862648158161719981766405706337830318822359738469674924338503303426300085659827891098702510886999161565878964236808991244728973558982875193115925444626930092236516488483248856884141332002553450364551847955787160486987594380219107787191992076967523737081561003695742537334
438 237862250334190670796383678600946243080839638023510081010852477288816181000869314555737606090294879186680884023474798024257949226770553595964919590323901321432620127867445160445982381071659662028310469021652913881133865174524998889045436301865322670287130129352746927653500098008845528758163914650812249991699140932164351932041235767312254061758220357530304245770238283443547549317084310356282066622768858576748132157712503222350002
439 3646932008720174039845972373491069829854510574264150978167534576170096480677969531654484473270505281644148653674686094993433509141127967825710330301974700088314641979138161657981980107124200815783291976984247007527026166649627071757847768523961487871426826445316457360303479671587063538454360655755701195626794752087410267301263308891398323084132780839885323376396533565170441326283542404515570708883663230037037534798023718709294816
440 55976627082242121615050381665699243307639230939436368800555079579709656300869218733916757813135378702713943138839141660330182339030649758937992640173232990803491070109976096956098103942889326462011595161747888061376476505045126827347843754934332475334595454902920781444073501233533079865250421878934396193800605757163567692350335177700094216670941259496552257445848955922750902176042090682897625365892812116921626609494774427626295257
441 860125135005040497401087290020480140790558812564681659486496453625215930290361500463730584169281793305248721274107425606382271104649366664507120471758654360276869626509940742541124717563775606342227476086774353221085746251287896149953276714467840550984210686095199629390990768818480590094436946473066509829508848592437531632278894788253424456722219434691266061941284607042833214621563190878580966674740554340088403032459004403025802186
442 13230959720180549374327221638140012911778828850180119164409169040741049972782458840659334060872200486605030154957557732539352568030422963389803493950043145327848396120814658169838805688942316754446790006833057614785287053866260924993826746554955317599929806219640692328531234541429291240314780181717568068659442720925585991641702969059974246341000237783429314957473903865970782595526865231798956172537052032179767883730804152908437053984
443 203748677123797019548668056377676364096887605833257106740668133518726378532097531193375658454368117703717621917172352504353025617710257679578130678444585086129175018392766532642697930629318613559250175960053576853255779848526529922208477538809581999642932473189727410238635689834722741946232563825501799995895652684150499248191478164658107763504971842567544747677468444325958339634203112011404640290992084818509349155420473628178652238184
444 3141021735003878980649311260044759230511787610573243561239503660563239472489803393819747819967996625730034316317750169128089295720464155552114506335354163348911518957213620646346912793574512933046437557476992367335589505806836455270838015274009662506827349453949961107172569758032025397296113764166801911238291936729630589392649537295972390451207024630488852668236675102571472075841167193470772910594217635962417819343658995573851678222633
445 48475102395048715830227953804077750242069279908472949811038163368479858695881504084345831826064902814807205192888598601346637495660996489258248582289274345012652960549604174159347202358597904449979601708588913217185000522103989362962224267659141657427379824738664309885269010746257835480332859215340952410325074658953116672115253428932401367831063259601767559026473403965097202644451359616008305375339956508080748006424714377843601801218574
446 748922949300913728515024364794059058646197917066306263967447479674082261061107660906149595678928150352604857731746886316910550441324503177379783495073252771819921688008241578294708755325714288519335177025958211133021460317028518888359101673763296396449878752969505636784752066787399499077366228624537778616464176549660738106676100245934244438450229752200781704043251951838535475557031643759990664437850489327699921720060670390812526044865734
447 11583108334594301716570972040005436237748681976610010546734476992529330679590623823757443008804433929462015218342348673717884030721557218526598341636726068882147858370844774502908808482472345933089776158895580315173869077007270141510416225495581456831469269582060978896142375968576025728931760263253240642324118362825682314324435241612325950148692868273195831146460057738037760266591910517937846915826330768883747101155984333838857528617217024
448 179341848977998976903936429753874665374497015399462613675442712439523757157278739866734952440884339608445503350253651208705847329578245930259669844533134689769810316484690888040923569675432346561420855812710219608970676188021658372502855000418559849636242110247230241535926838928953513522261795475149703052412093909949687650219881696701596704361544332766170932852148494949869706791366998720175755749904840378288529566449574501380863362667141441
449 2779749670094419712274119652735095100749076119148409981417332797262358494725373788300280907917479756772667919868110928458370812226567841489480997541978137153812004520739342763943951073990474008540075603484768000365504283976153805141591297624176596908301093131419920003719890243874271289667441974575502227254176666364315367216055593438668772512743093260098635025232431457139346886641250909997222388352916097992689753775968057448204378537232363330
450 43131665690144189515659816347356894810010904584027498058391943096155203855113090258315645207116456168672906173675182450417186461381673175797906712561933442352019325729794792573151754250962751984859768161344567412383906426281026938954733672718352563076455567937046724349303429002888811832176345956484185414046897796102995088515528975196528030994090568132487094916965842820860030914698825622036767432081505183107608906227122320258898635137339187556
451 669965216296435834633473798039120840028927569451993948868000488878817044415684879520028989942508141320909522103934196817779804618472721431675871658278003370536626345156516585842512721435814640910646816747159751494805122462903709998383571286970175165898352069072238685188138678996536987652184511223259937659863736061256110395736065295616336232617658098284729293106879136405782753852300905826410416005664085280459148382707919274828985995283237118472
452 10417721662269022665172592292541779067091392005442208510064579628609893115671243277899364806750827235440986317354525430612063944890730859162002788697274961342092993960090139707374809182153396589488954421211031986693567974802415798202153381321317854421177310422844798388130713633649408461724038697388685841234462637980533000400245613690031671237282126496226812744341159613920149740574235496406719855656084256662778761190037563653340077536321893506129
453 162164843153411739209654407548402649333643486486318837928666690359661953675823868489185931028728921244626993073895621009839189690974802263436587719297242724768638861138041146400703940587365412755750458414442715700266928212650106112836032277820062529497154054067706860583244124426365036164943830489457061721193598855855042005034464403147131827925181685757717997633049284009829943488120390666088679080938999572686775869873381279402105405467975100840038
454 2526987660488479884203832857955386497563389471721700169713326266054107690933196092572341742161166703689730887113372893758777705181170707293211220753578658949423748490078502859974785624936186438569743112029346976679706858492798492304724849837759215483104403520053476094688916119264780756976300614796688747681416617677436033095890218710784321198788224400401204490598492516369703934598471848350414086314870125835137554660011908228710303006213044926731322
455 39419489477889650554400210575216989220967282647359235798484998322877202152183126173862141051196996286842371811424626673497193359877938222225034926893701378834289089398982863666134932108561817840502972401315064798490433026870697632974922193041823440943706950820456786877376954426262826484501022051148170289252960357384458089241230870426756812051767057910282048952117204628606016078145860724885588577228492528621379065056206149292689282750177380367839968
456 615572676069263064152874102189045110665420082199906874493123386983213755684951835280356058263943004728101014073273646450498510141184859485077193258709635619302903745136881515740386054594012325834404401944006175481463596763228753878452187956050924571091510953392649336466449829618632839075097562224793204760615949187839873635104200736485582045375482221201756672808573498360898513166597442148780000257018881219032741527538921225438638368166751623662581385
457 9622926021767048215833322218626127147656444167121492254446945503760654447458796166007855288462456656271582972983800841344607192873293743263497674053920400682937960672804465863452218041400387702389333595644498481936527543403183163013221909066107580826728549215867025137947083916019688690783581100912150115854917390850188547026725454628999513599204254953701204858367354755997373187022926617785136990153729424009017857892882026338818139476582283037714014074
458 150589068841628289906841491619917457490037642990900166513372201122916604499312766445209392630905404739006715195763465878508766015204626565346174930298426957503302918309150332968000624543429210318467941640821912667191691202182567801178772951001769307606684557542783723188764094898686608838980922850389794006035969754865519609465587423284197801990189683608903482931530685880643132702173740869855757049011053223167515667699294986964266325786768404856445151240
459 2359050590837165855440588940794613637877191579345282638908946194235986800191106486544012181333039207353335007495545758967096116779625540644318891125673158914237564892717775248630284665044818188016820001841234314271624762413213103712713201081673459107340886602584265992347619853625205163373812785509728245594739510954983791152099079260639586173007566195483329997926838602382040279123935399651544696289291956033237114054115720031723029335662402362011811381224
460 36994536424411672534014132013375628860585849467252320936984552452506805835033042768942172486441282297324879502521142911024112300276689650673939125094311359139997236103822351831270428310033536561264446579230274227725713738915203697983830979812080399856878334837424522325763361680323125196339425041099380866983012554574053301329184186616005080630751193425531131072178896354929960800623895799718368817561834197361765717624953567033504284266619135478994196166425
461 580755697612378402213069882866534072391278508506339969205496650223901763279083087917336980283706819592268598730244440352939767217980376769189443529561974488871755943875269546640551043602864128899141457003634783667335221475160824103764223829137812724098952696733097833561889737940932915354003272101091741476570469829697817161888021956193429693508995201484438695594315194203990245138691005419399421312243630063022920507098627034345662546136802879922716719538558
462 9126493611651474757570334377956304339186609735441626105648928266752973911171715967542978824651643030274315763812628452799509708581895686074869381426347898450211117483858232819664019983220611074551228616805828130271975095164572878338029180165728385091037848044178162490813226286095574835708410456595048721749646369936304129768929569064490603319212520882782129973267640252192811190082810935154342618169027329653590801278462901019085152211725823175570376033982734
463 143571437608917074869896012261558942097767584454659328976721402793586232110279450820406489760329771765884496369864216394505065819544352908142225558519944992624022618490983132866951586577283656914702475913147280549260078866664303658359446996611132030719945397337890310960390700619421544740160167947997786873575710135511348802746006651923269577366544910026429688003351607710416552939689778689745308651953427689243396898671795059470106031642395689877679296607158912
464 2260917955512059218626213587947421548789061043077116585487272760680276179502117555290377577079510954789525753574394017443991318210544152077511922049432657433073001874746093147029004222684465426210587515012099406772358300944845211432782216795060117371840726143587224008829059198993594906624511393878049090319493667960733906909137666674885089547423849754831883841801444146219148749038901915645552796067167768168876462795275188095897861344762786666610006536491153201
465 35641277199585279125877036438759875586520024428785410572574998910189075145142089871034886446356182890357671159567824329166419121254606203220579364405319868218158260673899671538595248101902915658878913164818842134475326637444295812001353643507148314514228031024646721307119897093009104058711750441787534538425846274467122503547584213247045266285145541335976786302580692938890997307516775461011337057646339705917966241736467539422697513701619784563170442997655600242
466 562435160833895077065784802430509096454371247465753574991109552148693424969135480253692861905882235356317171742401630393616396264311393637280857201923129050124167697489739374796353231987383359965945804162638003912434810757593230075839610156756155662153117222480469915364290690458516717302222905215372972582867870909318122813376660548495271130834902534211805721442317179007952655833580921806425138541296429689266182073035586365766899207031349077883301966000094296076
467 8884673386937057752958072810880940045906796951587146943687371797677842471359813465140338847130050940254833387501488611253975261077261942089286138790565318279064121564845312679058343663781714166314172028147837642312423580600836302178155685915675287101225362466735479340576786661676142515011416633372762287305302975997391227391737574341680340808416386436162385323094908980239000527138747991952572341501716751021111299518500756820966768656359568773383600405952676952584
468 140494501022068505786351716579620068616229668858573483491607007000472103914137515844504468533106494013633051575223470123360211986926128053213006724040577516008119362777444326381404999948829420398345490202205130557822169297877652139924624462596615712045054792527165439535820808228969054363731576453770037871696384768777831965721876142689573785423783579441724924140597128868099921992196683694656054760165081298309397904608827966410421183101695252998076260449974742234369
469 2223950410258808548855019790731200509381373554005759441786295693555926163448013773419913928185103439503391480944322549462417410709544053473150606270428144652448655869733670149620586589105641392399018830802873057680085498948773765000702132809822470537282402290976635344901077280392024474133908776979682794244789932640166074789084337325813613704997426198721804282406353284734145545606233087807534268842317659412759997641697255440927128433018014130356530555645877487615318
470 35240158150444907408647673186941916634195345735770528062313942338666870583270329996878464033465129532707158601121838028452067227637184145978207186419963860914356706122433086849250761577080555186010209028321078738768295283950022017882988881520027162867870278534860513635818967214199752249610829243615641694093440353302956586733725230857863453279586567367527161455446678568737627213772453756051707137481111764515468505224771827547376106461916398584904451761389941912692034
471 558980479766394320664004833904139636593508817704126876602986578171087482075277573637268194121056989535755852363509798426851367449734808738905174963105791926566015163444712407084898903311459103095979143682397683822428430286386243675548341158233218974397876018059858137360022666746521515908146346222330939738741469490062067199563086671086969480806480437166512069962142877123628903204040345934726027449846920556220447949844475483885714852437658726283867397615994090246099424
472 8875657803271392469104855706022431962263610411345971499309076970096468939727075452900585706018827559254645282228263573141539233172110267189762070958217263102354197808338920903508078635502470126994388474366172266171746117298591439895933717196959629411215261752286939355413298929297663046816302047715622379544793392869559821668722241153542744454788910335902922173447559019345708925654339432362928911895389296981871015182890626785066475977449928792321318013304020381641419449
473 141074541268023649306141998924351456016628445798371977815915402707558658450530221618114513615648805584460904366198330901091887635034392533940835949732737053735216783963013405179086669268662548009193455955253224490176069880028938069163116401119115916856312940023443388841058659614850001559092912929296889627757150927269238714365392238865611026665521533725783026719494349459083944533409881245925634403784186008528006955321109078724038038578956217558455957549486622724843933226
474 2244605440643343664483992801251667831073104113287367223152166644620421797165847103955553325942110937127811836254296797735636685896824525857914446766830228408993161664539337659310501305882747968106863524380036051572879899679795109324499407376798548087314329975315448016074010505858396143654556498237899393579873185037354916449852563392255241462450493283334775581826565837044016959913488326715939786522991449393231437553666187626784792845234589341338608326702539453173860342640
475 35749808991798960374692717545785138635022359990400711954432074787665603179166774738257750309658702263437276623226400386744959999217492752668862984828355278671107147855755021389343585257190103120290309313752676867989696496186667900750739552642588578340688653230883252865825442164385271513939123318945910680172196530263799111111633220122837860295511857543208244427706473833576453786598335122623277957421735626418633089442429593823743827007736691011471898244705612350324294483816
476 569965903864914752521883004243682082430421138952794111064647736207325990904638385479679441883881105299856493651749038247826491242661729906852501315333949640011479624016117384305242896057284119529723828116201257142335112619977903919981598508320643023121499187355959880691439942558683553703723569899565966352182014569154269226176543307479585328358729258976884832902429143050052490246008556881016947149893700582007715227214982248998524524173568954250060679999910002205703056032137
477 9096295348408966801886096138913437646883253996663363912196697573065572349135914160554152890737481595129646968291245530486499451056033751418376323196896683603070534387613689985663687979897123713718962599446214690157877726960498198249032981813578018957375742982921615689190807898764570809778204481468165663573250887037070357226301066306776415008838307283032051128910423152358036718349711483626668739994977647482851707059234440375961427265518769760486108411362198547758047290422254
478 145318146372123592654616134153153455347753906206381156456647506526616484175344488290197539500985065761795348951059265671717030858052187199156124137561710647565814164527465744834616740137588028281322957519218315147175969643135217235124635025302211701483414048760996027174444954170289940144968137687464431621744752369064940702282494916794397308486574600178507526192590988341320581887145756578189719108819572086582695646363615197886608788543001749826250610931340689074921077682102998
479 2323880882316071141706336159422921771776293238407256813427756575275821061793395929742917156832611907795345797856812570223233649385972270663857253543218466370501207150360944496401070011322949157717014500086586733439987685250174535715768034169654147241774904493170722984735643445924404649086848110999090108047538339814443291257981600297267348703103349194464683771566637333331070375931901656906776882337616718658725679487050263667929370618634747107462673575452587241262973403738232832
480 37200236011625733378814208356179751055237230727938734363023158141663777263876073119390326637069027690626229546111036331435321055318497198461327046558029021786296606636952723256709087644344075945234524304698982368762220399602626672145680440242184955597794276195809769506602432446793990283879201155990553697266278908390029059805780380327922702739881253237306490057788474535248010028846883235672309468454314019438572634614317911160715479868955167065762820198974352619244032047442952353
481 596093588208640842959188054697392437167435754564883997992398614495498742625187794222561902855312191515406893930674459470123013732644828293118996523702070183891836926298759874641166425367513348376176511575523091761079258702269602511787892658044007367244658806803368647335524681191613308389266171851271724682699249633763640607350355251820720065836236734506062937119564753201370435440469231721752149670651134856862098551249906323297729113650611846410535815095321584142989135646487948450
482 9561350467010442587253412268536712441479608359998118979480979726636469063219321415995630622388947864956328214543434215346035388064402653122298814744187064434389319125804366179508056547654435651177696869007977842632774375006502630498896878756410581666313079369993523098426710900868964966804153650444995165723872466555760644020543426910850091426147618764696927041046587116196140852392568091518778731568140813541558103493300522913030159762068807109259375483048140565380800859080239465524
483 153517952019397206161897327477956986017415343087417604494645245127299415407202173720744330161946842115927093098801316177380743204498128685910536475218237013844267936826954875905349748273908909284024324414496804502933415351604611637095672955674038360855898181213007051429955921408643578942811934152527116676595741253109679850695654220225553987325598790147911126355421475014327101011265887552321922877030389881473754903620152899989431740708691568017403774828568303135912677117707079016200
484 2467364765035924312277223096463841396855480566206962397529042338973324928706277956391686940780072225435358521018312396291121307116083570741506849643311506606966483165271611491346299432806282336869026966714427442420064814103178248217828717614725399124103663388751439641249219959418933100909417117560215946781772878159603755703667163532651276112453322531204567470288695557133793187290267365699866375916520466758530815948998879444942730403129342888458172641726218319958066485015125029673009
485 39695468129739746806537325009868410506078701264905731487480514282343433164952805083672187005052181438547678597477631569305951534206879777074811944883733982464201457845808168898393613389229192838244925637229902534381418036867296570213529409365679701631658972332905649613013530901015000994541311149548041740856240132038701119497363311937348118038911029142073015611478403248108115182522245097137932673596390013015916380076885957692379927524987048132678588037654031830416890686059091691101510
486 639265106033469354689902537450581869941960478853197594087037802652861390840578348486852113614609732219339799204927543868048429163415187467260976408208430087957056867006809761295544375561155800697418478548835771042457167863939610887145907789743951688788849175799505482436573981039815744515529670716680516808827049524822413755488484050371608213365068404224782910891631423631619859694057214962205462021310863435338904655683613662813463415485417370028014539977125083580227046544734473901642698
487 10305111595625097702081741177353539828172124236857743211288543030403487366506586386361029649344815912505699537690730830994047627742790413184977684987397654817990111852461098888054389235838464256810057871214317038164332459841126325734140318970286959036097808938862031163205368755436968486686338935631628680707321521676246136353096450507115874955839904000319562212286622614545945906638223896115292068042031831604714543204405344360907975767819763590335250727145881834286739928600123300684860384
488 166285797467791620246417960315295516094010481077037956168525766877701666731607703417152945371309590574024610543693051534797864343616096155196655928590254596279511987402122680644167216872760479626980166637130245172523881418642391382197741819667811171100577007833941368877729420129152010148475578590501674782061121605732915092692286558797788279016916594631166592469844689980661191671988184346893424801241882509827407279191207078087393049146261601877170798481564402227862139285515334932685678697
489 2685885582598128008405403678178236004082094856988756171328574537811354327842468074882424694636117081181668147509076739712842509326728352178923699908008981199278094335328861358773465385035264990417039316149030761003703167849797778024195049807902972655426491293385707988281442080833490805143285448352434887215001233655575095431024368707787619705719773122709299553373923919237144965845033926947082335437518665337180113092668313774329393124378193799714139601268732510710970051828245481950134042586
490 43425905962207074968777803955425637447114662720863055432617387422848262677086355412084896310606966771817697730713874365738319273512671910202104402412621357287758531248848918116594433518861582499027180142245940828272054115417183666662641795626516709575067858212701343363325150012475733291519802203025345208819976027060139293140634575613245748064864338807345114708485872964499136925482139091935971411741779880244894896494514047905740690165212286259620985229252011056537194176779502540458125323352
491 702810816490047501032304406948182576449268950111602695493782436455535750162412267795720158843773710201917227944192213965241155313224482370127872729828826241710530690572084381695480185545019137646410332256832992654681181822542538171602526523466696496482271470738892654486419180857097725954196379773548110020102778889503825221457117093375106385819068640432478155061784195137218226040437968157444684761652612220522612660744585079503606702200058864089442257340725842436080341900613768359216032778216
492 11385583683192987943351644179982889388439475979443914331917659742476208368725655699168604651253087536069070869699805307936867696597341772279845555723333680134499129377788918238377710831184968432407096647249334436409606494215169720170612408247589807051948964591063423121864406083926128115668067721717783031389816881546298091334053222694233560409775695987039376373349308944404005909709044184773693652050130462760766757198395040864315816482842281283956204623736720562344230109388371393311914862322809
493 184628449947989696947814680492709894483184272181953978771135030328765770783760279710813623806243307100841667557943186050368812481307176676516366183626139348716144944603807718326313576568032185862247243548558667125788517813471905379470635196282130493434828882128200462452766734165200717563377475335897392151345151877808991008423232586211197284514176115853645241596079113045728298628677003335583808445797499375119590778071935262961954868575156791282003721058225640722838034387889665293858666942153054
494 2996867619696657718955670792948483573427734839104600818754796986720389237858997237405458972665755928509902172373795097110775133540850594429638218447289558341937429900917670523205608151870719388666800115419144272918961321884618826261611900033436812835266223136120865973553275036894954362133390202600189800904629921619744619567934378591686886705728773024652371205813358422313517758326810916974686140502179723677028979806075510356447961539837200268419186263121195619621862871406817399441901637935886878
495 48692408981824107713539804214894182458015842204138210564610716993089917506839666465831830864710974435968214892964733644577056222664376821867438848894759047149183303690360080808968218352458685389572992893687414386551619480718915407680594111113264109960386371462850480430613041742782131959069315348234794358362555011377469894152684443678958214622987361698429568500842938901131271668924369242531678730837060819019127697378879487939531791512188506110715107225032041698524276382409509559671921706118767744
496 791915578666595222014546160866118108668094082302079213615800369699746448495870981342385656085818444706423953641665917728049289340795324240417717023822569515949665919117942370563959040016397093778939421517635194070454027308104384320560345319405593693106409709220825241871825250892730813768150085593081864982710775573074135547000410334417306117643723071812217627542555827634883675733973476652253841575377632290922314689285606056338626253391814172678673300479088555364746268491300224621263527914218713489
497 12891979210649885988829187508267322449485030870030424538921563542482590948945528098101595625966495592044525354543402228405447760672892964474476270974170192732521716886172422451592561300602380413087828155598957669128531468266754863129187981931051725018262423017739169628879166123974090605596874949629428263035805695900375404243942494588638422451456082453871965400002026144566004685461679233421376006188387245817175547487937158809312276444170657941191377445899550917448028949520063350199736071884732497874
498 210078958298632096270451181563930731507840457363248148729255855597719456624417402452355623991335288323944089811318215742689720806530928700338487809905990002203988530746540072722018362264685256764043744113490120992671584267984746558948713966463044554601758440613724654854963653596264063233866246262306812643730788813595835155447044667858547645744743127335114154658098427225652039943221074919832582558457417686256831905120053066837630213538732386938181029265192601203269849803853819280894354522525192156636
499 3426627771355778650483333464876627682654355659435839071190185959447125898386326662928703732669975938539053165769897071729848937094417723336720317417961453088968156893846559474394362406764979169829456868935430059440240185600540084909681115458260449946658232983539647477260315601527799669330286546194849164271164309940739498514310697067723834047383035699576169521958603950294870208965910043658465896102460035517642131003360374189761043186359311543265429702017130555106553072709109625155728504457765950376200
500 55946367346013802718096128855859310559614470000247876253504149858876990054490677276017609730503798019525075618599451007402279138727149898421342269894458953639965289580481577654898952972936293360840392897307960307608136252596726724646859607074021588597097843136970811191001229000593815477796848111771552325203861513339698287376071864032360745483568817533354708186483210756707880194771178773616611535716814457081850107283373640899168596571042408277810687018315280855924015523672564445379317135089063989535201
501 914316624070636354664171161807454545064530562688925563586645732700382027600265506339657894764332770623557893643958667475729437880878789594269781783093802952426488591489044725990686735867563575403119338565633190197388302745532017994521979029368264300234985205513652504244710287183307632645033627933581267975130521153494942665210901479497181174353019260277185173437113500305572867540731644710062318509383053354251203923625147375434309914754049949865800827373606484910115560237304525546889307501759434558773302
502 14956854827920100836906299504628141495527762532751142503216187347278506531277425502620077937120786073524351873912420870333701501701393414098026691526603000316057776276189920717370323932074573208974057955789931227407030502147310425880883740404947683038106543832893326113186018766332355317572042503988240901601299761001759212796604939351619728290728792461149216928244399400239250796428297516887831813974303482081795580851751931241125627654085694427596283268970741979747043456679118201337097908409114495932108754
503 244907485781685144034945346699202959579257199049015921745257589121424586472744200347044038470350477885349162125368025740479655128742408997056876809974694442851319657035684669304028038002766812422858571605046678562050188642648612951503161466291066154547205323019576930930730655992934224927797999929283929797346625831105737293097146661445160793640513136420861288047678444727090826982922306161468504919084141400675973367643476496162854571214729256818845191353432772934641106856361206376379758745101612287463594208
504 4014034902417550554935332821865494616452253357302303832555736800635608232354655427007303678624788568413485834351298085064572433557493549349759603074678650522497879278635544690081349668885559261084321176464109347868621875183770840273485864048337882280150054368908695111453607385108687764955952710934320637000874165603549058917841591378053332322904168836630463953965267093587382027682853280417202122040608618885288459742284963168926512740044324252573108575134059751830896057939498993113328431664198465262355000217
505 65853175062293049423759032863414241910214696117178824073233278053795316316722566014635923392388284234464149271006724584535685353564951821106620997593288997342456092680145923689348429264584179397856110506738395684786294507452545610528034134286832086303319398431351870171463098023324579559224947693078512910830897187957747725424871123392956432717133735782897939186004074387177815840870735586187999614109354322555971735072262778450047291971763461599331519391875834917827775539170703603149217514802355567846912537738
506 1081404005373933339822398236795384379872634795514661693709834688614604199102450389047483754084459792043076065361885140105872511043610819806595800575486987579534419550174938730279929895492630672452189368152158060695547628928946568199719957738516316303181283153765251733369225766455822584093080983559461634072052061085655659631638793742040449510411888451450405319539216649064785468844632615531740136490383334900533952049870358460188455015202977497500327988900792952131044478197863948860821310725844567279222727592640
507 17775183883665221368745313067670894704112060261219493596274470675251716885391620873757690334054889845479737905562089822285668748172326106457124223465385748405847039044591930385529756714064720149808713381610341366788873286568166880468576610780228250181072750656112950821835121115368603502356605223754864656967684498232944708026843623522154905204205290472415032903191249506214361784505364086630398038667104655668472786890688972797275443530045015012930868154741317103800385577377637312259147950728241703728415055909224
508 292451801248644289683634465213698527191761298321943563798572481583361183457414019691818563871507677024421058507480915409177286553249474337332457569639080593607589604789026367876631950169192910952664812892258488783457971034520595203197445876363372591189118671712486891097618465795147539861999175047858119711268908013989482254463097234000429080848824957140817984066152278368669870871042048431692392707224471720404096607557760021685143017391601299378014177335542726945085683039635080322907760875092761792650987864439785
509 4816236099641443128029316640935941229388280634802304684050425268434923130789581532063150753888477142699014355473032775180879982963106468430670572441579753562895661041637672650993955033898664189078982368512090366631226222466119066282450193319931462262272133713693232875254656789656457131211755204493471174909544612814273910447294799420388852455319071382370443857928325277700224945027657208479128693548002606588030420871238103598591743395788057620168920122717207929862283812482243776292860914335430275391532619593337294
510 79391445418045736997356105270429065663287411706897913452686408072192024912430156553476884541122934783926384274880666204521088054041722424450447252699545304932831010262839396459535102327042856482008509656038005006413008836268870843097798891792591473015497395000377390105147365567419079796021544841697291701283116156381591885335384594090498268071769435453279029794797156261711042017143379558560688833890242895291075055798466909128303212830646388961562535343280603300859132987589189258634339937484084532517534525025482470
511 1309939768876434456208846507029562049771993113898886760227570064157314884829168237995611902159628844743524552098240540263235923701115425108486778511523172340252672406401264758788490613488151556791688504810877093680691308676362292278263823285035080081026027558848998389732712175324643876820624999589779176890671764730428576004619205845999850070405792173648927435495484264714118515471709796324978070035404908878532847588399802378568493650454495110914721626697527229380672647076802474101460303550186519895054118831123161088
512 21634149795896143127532009456259402859573570510864752604115290530638473262411288315685694344687100149428678926467691088620634465535796365767801275202606770403057411033688150252429476809211122816185866976756606375322421570761193228111300339583938497172993360678945610256650437760583928304602140479064285852419149500764116098650477661933167406696778767649688359062963556267712145271860414963316514411511307090073048061872807331115414116135099970685074730674577361674400610691899634924311851327546112160219542957237646673409
513 357633700512701581145101138509342068626089804225929206602487011986989741221092941361560147248631898826142726539666389666140648894871902906094659963408300475677867883275612560881677319168921997133253968460746580904419742246248121197485971012195436537956169429523713697223091110731355082709092452873842644724876457154119045843835303961432128949755864460190638246267555270166883544490353977720673389375592666217416723468297356641218232737476677966634700827922493096010543144667099469531336419188168954513300924437420737492482
514 5917610198058010364920827568768008603536497425518170625860116678361077369660794038492783593833216637229313210641862999441643706537571568908419587690478240469263622518933467175756052859136180560893021781487194419362282085931874780822090158285267630311415463124012735533182253615201424656991842555993364108796597878850496883197008063078256152470828007746160546525449189230968904879358480623293017593133998588366190075369608840737879660584197370432698906611288875046331500092485305645079482210367519779689723464447495932558596
515 98008288080078667509784370734923591274754622013694941326000522265010935734092226439094521510355930584961065294605958338472860796967086567227794528268115612956314602462403701602787962545133594822705918660129439002250365714340765989174727693925592538835129091226369012568128214628525358454583149171007845125452285596036151187984598833147029357032963106245249894939344671298941417585624629886366415357349110139350996368456178175851574590484441946841134369801330847269046359844263419049398610151321025566864711507083335836872712
516 1624751719179045341659357883477069810987170957797382962797910625282168897106577088370232688719325822990123873640206612194416937083660551345600048152411501654026329212347238232947849600202268179533105538283825599197719143884764459441273988531524641159180318577221654780129149647350492919958478528617295785194974538339464347052812679107337116694506589104754670898505235492888918876460112630695964954385920745937828035813815259086224527021207363518477452275513860609222573383705472275479905020426141128726813365334537286436990481
517 26959894187879380892938617718454818155511240748337525295569045630787495784369417622876166499146333879202559252295846842689651453099652428973984933709719387603233653948878595097268537918119302441202585511927285581279438681041852467642941097411290312448061188659238044528990293128824298080468222589322823750124390364914809429146831477475844205487527552069151768740325833023665275322344079456321683324260665716960060597059737317543856558661435606776910686869157884628271057403447566099749445744542626237761341289915579600268586534
518 447770589455252124382712309539015899201188518817859712660227897578869240134972883510766432877451722033644642525109359401043638157767735227484397405184298315996052919946813297430761584370506760940276919927438115773488696947195847462932904127076172372675763700159646632582440051792601964349714161501202432115622795794836075315825315366276157429364734130200611531453181825681895264325513250806576606510214138914857521872837889420876009057154142758062570826227247782416917563783164885449044846034913178578006002911560736787449121114
519 7443863131209951466100283607478041210556355493011447526860395238768224396178836756647131639405925363686708768495881615079008190237127540546233487702856479399035186119680808725171947174122465744432347860272568724115503034677556562816276118905306008452947642157231919187855421118722507316231217923430475195272902095490229122179428083771257728753378133892145495519567735495323034210473801869722053429155856892465993246809839723323506786029796682716670894068773718843453256959977808288334026016743724687277074067644653643057147326688
520 123864216389575503805605484087622175002865370385654972818519648609274226831271786469446404187543373092434315825024315059350354111256738699692176813050774041558008945305852266057169959110454223588904347041406478825222564240948476903178831191945110825348646204198740043659289834584799018047156899913743107545334829002147608704294010079003058660388209007744304493697395010172615802935107247079431971121811533010328948933747690972751269140889873799812939308887858142271851823543600678505085685985821151117558634824650445207793918816329
521 2062990562069767860724729363835651910352795976315137053565652608308396682035858761576024196252786930332821950018201475787431987668028463011986000359644886925006674929482702938964462197969356550013530964642410631457311104774451961516818760166777326027341506986157654992095627036012012173925389168967381895913925824877352295032035025901415697000643212886648206076544790106704266214763532634142026889416912253497720189727710938898524786901651909647505707213803411900991425261617819737616099463347561432153236429446082719224180797418554
522 34391551039748974353987760710705039586100657646971084959199280895328969884997795030101535689201607307458178380349547706277874410706037263631644148565896911771647009654310144379885821525797908906717565542449501604840400371662004433246493701264451251443338166282028806387170273862644555884233340046454332965246316194437878166852771656521214007361965763907911678931564887761756990780826524121873771352209722369193575861435858282786606032673908971398682866833534387033944751206497596827443463505646881873836040118679848918458393608480424
523 573863583020993269933504489353728014143356805453379424466617437967974702237374861182231863009305389589491118310109233624691339185895480341265983242613034842660892503714036962919092686294784646735255912796439881730927254270181192369894599484876722007593142243162255586820176743779785739365722607731424698746737919399865503317729930929741418773030165933766417567948027500664922605941490307950013802934732276658847405475232268804750837807455883344221425303243126599143202457119557458214053473171034196381907366418830479995581672133432296
524 9584449955435224550678297795558448385701729108959803683776829032544164812106797159068834213580126504143533853961690732669494434790877243412756750166878025726832409033143294790449177926053836780295258084918209302199112151645626353880475949216162949885747741809053802860258788495792659381034857699902459935641272762342589583033156104938299488701865196077639277448018028094245254190518039627880941897213679537387564281171427138894841618368020033850676336413629136002036727273221927827004240911650517247326949877512950896631680797555303385
525 160223640498445957908223226250912052098332890540471902606263906499137524149417698219404698253522791271384952410365364559150970971088440832995077351352799671925316691258077997556711008078434806548299935193983678256567516397568189350977808313996302476878947580639145894400555183737986415964537042229401443356659976604807284203937262973995421916622283753691323889034375247018787438250159245464759565167580902160335008218419897700141936542825189411708800478514949868277127372267105760608193277619046993797577633562455951895471869732581281086
526 2680933978777910014736615546482783977537887646196900271439569942058252869733505351054508096425096061861134356002290027251228007321089155850550102645241720438082240266974764527444844802630593879765952811527472724734934012280367920421542982957847158296830603676420296046648616558131455833176704617303748406430314713100908344541657318572768187445212830322110453857863116635805289290356403667597447284134778620493264414166505235229485282173614458314436676955299412636812786645124472779110308637383133029844565451348362037709603919489626071342
527 44899863250118419923553435663598109705448604303611246608190109304580990483105068831867646086228351561871069316133563588587508858202893315344752984726704433990403188413478316883638195431298165405242985735142171945340474583039585814404195473695872860954433291174835239221194907473090876439832215244751028730910218548467627732279126112220561862475184599419774298618420994225255779269273364847561592705792346339741539079720148279216885561208051868299705603043988702927835849237506840699369237290002015895506271895055505362166441594024793637504
528 752666433647486663814019939935053079775450942899592918268236574007959748092750481510257783542453711893210539300738130782911702790970430459889980083070518629644114618894816152129077223325774949663454527978394971275363053825056716805691542974567522651317712661749793395536429678819795216398482234212940608028513302807107430691276658215431363348011371804456934117094283786077852151923363933093287675717373902149963344419677530379801000055042268863310988319243033639046411523550367654384490717559149135774471551051023083317501876339286076471793
529 12628680263303808733593903672956753096866606781204767646134520485069631730874041187539250173349852700008108373418065699964307795785635712368577144543283841420105757954259830967851379914904139699350224254923499450817918581039027164715601245767125894373765318177493714169542482705452332034734103166449587707354266108876794965879105514897769975972697698350987236101666636758658005768646168935273328946399449509011600431005656750232667230994571988028583120324378045563458993646870927019367653980764682340135880467293204251610525677958843993591602
530 212085285179887774644309187755745819237361106649596890987217212597178964975452918787757562812100086351708901288113670357435909035392799784239421866556971278275796131961386111282056844096234501360165674169198166838789127844679057118223860134027519396972959173541188963986696347592698064380331895232878848834910291352760264099067419941987081263195711226532074777131651840069288826028337611204994563011503533578751886702220202300879932245580773236805995024923781959910758047387718355431257694133939203320370841495814321330748522907869654258616748
531 3564999895087048993413490612925763766455445207059462701035932401383166189522510854079428483836485978203861674430610113697959628816479081418096653742798831175313874868817371233246598211503283591537650213851387271030946511110540769350215990885199444353207651149665770076000225505890292219602236285925244385137467943259549327539969934147345009883946950138719185962124143899492989357603895463520063398280557378221331801134222069487653082074639636058394813471046153057009120860631949479073369826026962364626447105562160050133343090405942734557187080
532 59979685752937197048799734555954151683593499575852235703635710952232770872992987251622940191855108947758429417068846428775911432230963824025782870246953191196675645970546076834273718741101660953341719542858099650148854517795169962797762786536519603948014791311622034496461453965547977344770520417871018175223605443093779577891903638715908625894006136396251076679143533357923817081141700044048617159340497310169333663924795881521715059399125317048789490100772154393270761465765032023787916465654790447845090943448769524112450183899270767349242049
533 1010052157793635753793494982900670195443969647257199045529711695920846560380742129863790631134278622139087565652826441729282152511822639021948541092702841699417823298510375510494492142106726738098125501534252807379896099728754284994630324357442171524077853822697549759750521551285310853868766490616948646814358812321763675367293891088983353759965868348364914135585227882572805480882579841072145512801109038606154258666194977399981261432290588326611007280134571944086201470824179568196840975101840260620793244575764422884648383777083009526839598870
534 17024628253827867365823024109340428694963434034009745978400446520166996383469869726047115662359592711190588220010208438212450504917489980036832567448639343748930220772646178025245575045980870212640364619477365413969640255980064665061632988362692905778197803102900632970305729760086620804922495442188510499599061465627802822664432162626130956873665506766163951608916551289138464641547413752833126294345021820421366346934115477766279182291857047978637801137040737167089494782183443118548214671431669310195432526476585885822672582878188304409087225954
535 287213580463625431505582932035269705976225314675310490657598325178993451285318389464611109490779124133396512032141281600795426301830045918408067309746649498343197953124171627082522223059530272653888936279889991388091846933421835901125244753978473788469023700674495193703570244728907274214817531682222273522440043761699585983415548028929178087664535289953778482877965009877363930777637521239632050968641689647567630540141271932261266615429589425347082248573038732210148388227651477611203175511173939026257625450493569007466115243247893352838679923680
536 4849813952489493885546153393338504596226425635789922412868917992583748482055243476045238107003149970732474154994877143041732161619717360568279195385981993623056497120193347337848336335382403489641506654299823922331955435536079166137642885635180172537026034932251864829745505820432121649934046310188743087414988516549950742457483367612732274529806891103285717514067600755366472454712344406998909897853107537520493811518484219973624087469647278283622012953299956292990132989852814233382124707454861314158633542546218586407942367454602358934474056479353
537 81966660306972922244795170644808420650842922626110789154434068303143490152163231047293321005277344800549437635624811252855304123661084689660845268052957383928205147534033429209505553226866281697210686045450286610034616337159842105589771102078400384740958898563353824339154116530143724776612553566865423528190140266566289579004558013380216591067734616455875240166801205907438687868508018859840115582933401207892402611546415733785774173712492038989313596695160855891414975228977235971990177332205063942708805976003741864912594310266661724171659615987434
538 1386566613526646777456710433452866157035751418653599918216173008308171831825023726103462371789124686927584985329246762731081255599365054682527948826882113668530402872866043863090708027444732820410775976052102921717330628496365137796615707337941866797200962295339105463540695182226384448608871011007637314042822051218503039300067583901205198439585788323239733251450985809101019778186128664342546878105419328800905237910018670906690653703047609897283635081132849098705760749499384264751781723637562757451381228920936541608649091155554696277545180808933392
539 23476581566255849322429008922228735522437919066390457595336154416005342427833014493349012382711369110675658428130133395375585716926027378546125748567154128637181690133288053035052454622085195737809055865300955163121659731360942585253059019348070770484889385458162961122942729587100118275905954197277868954890064853058118080841795968507173569732340267458098110476403910801155746158749039747069458027705970954327907741721777711161956793518564214404903649390478699761442096573708749359203134514666827490011404439453944974202593257772420030941807447317546856
540 397849567218450479235740825954502597922090802102862435513702866659211737020589420541283852765775034581123604467026759332767524728754592142828671931825324819140390465807119896069543622032163057248718569399368744026800929425379529790339300000592374805729149205199721436278930428788223919400301127169339943746452018682053938691860043621832577148420503114732826088368170079258431086269003779119557115116169189730572321977426818855968433293341418886671485121296347956411997498938542500842184199896808772001884336248106811208537847869772188025879006265729562697
541 6748264880890657720952787739417375556741547909561481215052132636188656863749419840992191702289200379018889209276227842781863461157244998039555686919240516615498037646861538242051232597306208504326068180963277115651209886758514499101291764734245518221891727971632802420034938782098805913032861737533003496044214561434274879559565853103023027761018545462148364972235427950971060422210619030701845511610634332876271366113167689725277745940113038883197922281420836241882084622126759202506632086114185608049969237120398926730339324097211806395637920765125987246
542 114565497597090737593838551573087579593628155279437201239265609500835037596329152807680115801814234750503386019840479621961862662649739468746125780443903542602543853880591030076897554168022397018728800488192206746914261761036367072283242064894779090574491162580757311651625084983707488070514467200424128251332711624270892265053637674619651434982974889554744234920009519430005884801110643172101823708092484749861370621995835599692723168435637557171170390152731132429533406834471776930738550258149362820560624360357344764244096096805474761408848618777837478134
543 1946719412758904308832520422824905043248958412725379351125919620226055376104296639637060162973332137654131806338336338937237792366841756436485494779017703803710261075003498662793807204336658005943256311619721943646217746015973053578283956190242437287818095306879063168691110964323533293458936428940634577427336965053676522065475766792090403472099509982528025324881928208118648789431293710007652880110379706125769046521720863360105631191176327613959406289558488172100519381741886900411289161638150755406127272238545653371531222589198480197824544106509543015424
544 33108534759167584934356606450704726692715816648732298088206165404453185602305826203326051661066803989791052803734946796110864436607570891935431707059759467391602189330524258843709941938038749995037490044408002178806896945017864897239325797841622349924079691528845051937933134079891970048638871507455997461789834526855359218160065214288635593787468679941418457223124517493080249455333388652819348928711535558088061855704588146476526333005669743164517752411101356192933606040718210225572174831854777442598617098255743429245925360920287615301031368414081337067873
545 563589574735969009091218421670491350978056984116398171270019261916053275590726660504424946071299811500541970030931599156508162856571949520877729034342083753902648332268977644455022405119778056614574834960782231822401232734370521997321703859682686510854510662653389765406260871858054792516199048393778919810739157503982211481002211665133270539934585150180305358253449954205412044575360924629904758758790005477360127032873523412105310832601219017968455966315789383090325137565382390587648471378250858290768298783259433972988183516476873469208219637437931808770914
546 9602219563988719696170571982712881738089474929220315549350302417331772945020217214012437049542537300713499385450572074494774154050438803019250585061656418351810046019502100308787836554204356805259809617084166826636684098724247638943657646670445588040128266450028088944462006475668562615794610969929266226879363983335495278038700015165930787643913534774187544180166443229816320145881376026849587016297039212835401013640226087400196999743149058901881802374546459623761199586681453782168852200474605100120190766607077390157125807047715392446389783214482136828300244
547 163743968254276243682618810309592266230588060085055215391700570551372343819083958861972659800043035746111728188910364443799756695322866996979309475954216325044184364895067486067236464354463655289346026978858107230063421251574585405211143652293660348758836932685730189783074354928846548368975050705627800795116523560674630118092804905579880280316022573348501059662485005704996514337242588913128538536826105710893395757131134740610999512459582460316254509161914855898965124710813537607890709122426214842645320483828532581769393998804140286274837854053756486527145224
548 2794752128787185440433355533572921862467104190691421675913683432900278130754623475501380411374698256141610559802367112855367874905143099024253969782848074953440136974238642970675103680206457419930533862059919817728514864302018438475773338839995751471753981939993426560565664129262032705096698456466246746960062254994600336300696609061044916094748331101475888165028090450674668234308739620269915381002214850027793273494553082688264977442082424599431868359787644792809533811461531873922156212052468012275577590534167737484821865129878157816585638454821861977481412081
549 47742471414586014331312218963555998942763526684039078300935490049251986509093170183112875526486511568449279947658262152678401087771270089695074420932280456178068745137934667896131513145506730796856018267756470252380923997859242132206232271394605517206054719962226363656019574557230410232380349875161078065219547972399786303717171555642722053041496527485639429042380224516696211419881830276923699209360980867668030408827049568985984343612237809956243731124733272737075460544579847947288155866158463986581718063345099931180520517801614666399028629392578017529182776070
550 816299306831062010450484990696109511121217179124180039177198434096828472466614625945992488654528532007392183893309218187904566686685622321364916111215501068374106413053561484831785025202282521277752830334234420127722511680914312713043900452393437171938399753460418667811577210104289404133972425403378933479236668095914878786408739047430073979097287580391508674425105098452229975854785225851150428984970064625311180619829147308258853140184904574800007530066335590759697258696501113275881114180587167362365555460241227739506533428518108065960079204468590061336571098346
551 13969350181549508958727001315155787219852568780576946111084925942665750755721783011393589696201562469115168809473160441250804066367670532032357919078058766745432045698554562490216016896789386855811585863101141974658667073091135520135860891221607257162206475103053781855044970000621267423154758816010255940447222134492056005460489502626999999592029580902685171375600856952802036222032229467143629561163920293667853558251681303563897539805356421217745155454930352229823986638728249222753768055307243995665628881911816258779739936082862948658892466602123833890626425905632
552 239267958866922623843060858747282012289308510218850636923991693753390409156507419772487516564851437303155411564026504661112464471892902292729074765773537061616685415701337532303788683852619362728471367035349841929910080297023485828935977416082195916617204807058129334171040279989405142964131148227342841580716542528964562550509301479717700417822880953090741565516929864125617509557952951802061147961015658130253739409324525960643341006496390083862547233753238975279500430038962556486896955569149302187678522188938395114883543162353860774863874327035454690819520049049129
553 4101793284065361850931076722387857178578543778048376236638973716900470493113580422422815067564583460013499587383355366666959788822553804399676039390856786066728646051351674060848517355814884828360374858182815597923031526006722457146501513838856602521967295173052500017090974485161185585466421960854178609114373462716018048060334648956083200305019060072683191450870566811575380524949864399467274721622839619329415248265914406396061010762677440550569082717041481366825832735647323466578313822861602266989224908037555590667481635489265466079047641342522694761577726811956378
554 70379017890202928655458934595384974582717001108670002664584672886589613829466135699401857156028431592987548590618697157795112447536887739485629749510126552134550506200622170508997982782990448304146943526974721812508123768282228031761767258093624871424933026728154325582469132042226410186530750019828145726972855743239201874551411158837886216041957084078818605099060139174371430672502832048638212706824176921409701064648808097494266469562177493780494666466688677519247451856439951613448770515515958972976175554373491037490223091461284900716340829931343644118584780398565112
555 1208626654218340842288832725058015341638262899517094408331899879326470175668484702921733038405200341746733684089499811407876453845795568460395730680472884685651749785450711722394461549021620988174150966672706050236149372235147709889915937348376332071270857437250223080325214551674455410153462844156862709756211491646934210211294276244150974300684746254248404232715642429386539526346090202900806947957162171285322432458440055872401196956205167246563415120445699756813416035998572213588930856359610588062486087534795167447716376939732451737652061302481391440456403970716460008
556 20773993627694755008506416542575038275633589207727355149086438941798382820260070427355449327781104324597272192281497621274917714261050360037400801044288066179056790509223675123895900762692965616727001267171678714113407779817607102719687235098404046327402238867677125592251633259413397442009011349669087221854665388267432331336586578401083342360348815628159976450254361119861797253301877512422230080454283355437219328430808706975807275494490510517540932398185152107164207652088878762127689059673047182549862891650625675869998396365969654136794812023394924505422972921517561145
557 357376516827502679585946330471232310921889806723238147869520555334220326743933060191058100523629399501062603211207195098368510110315116176257611795555986451133069105757246889810753442165214410823228045485520313704881007947306244307061275786621212528176336035141864253462823885900749229169748413447355351888959565811938609875182042512397129685101050647436340555261560777704013055340687999020296965086523948058399516768106364267439540627797629588685452043442312534379700573677691240246644932555824595957952238270091079810059009374081457463072893884764462440672531478766051673374
558 6153320738954339326959236545849667989823661195679170234464637020095969133596492709423228462974557506063701544857745031434070552389148166626692435286912356915089913657830652249377709754956551817890061399026418674942521778516418625965854014379075941453521560679223782293701029565277087115490262580005030686786411209138552230318089697886299382203638370207692973984882527530145454489011911824986099157533269004225383709400301993513689770490760482023079372182535969972278514508610488414880270180204604759889363985040615643377788561960186990967238646439291646377685540923869451232830
559 106040057192241338271231235912559098892491862174824232563995632236010550458525783032823967559328974666610699142390156061428069128222223137890694932144810570006782728716981157951483296840133979642982300112229346355456763499788513909789480596739704843078807482501374841136560305674536496668434944138540851539750609853575393690431470580101297129189382026166150159180488764898417103456734207551159100899216712486548048646086030806263041375960197952060663218324662323331404824851525190063817528829557579330137014581531072450289281682015954351896112487230958898545658089238980893940864
560 1828969864099456349819817468750466136043116996964991898214093997862881907865543741671327937192205076364447131702558764862967823797183709793364576812480270506231958552909563787777242028227968488652199491839626575339362861484385729180228604622880968450064844472684033883372848583952120889005708466539949443839945748412370018179496585988265124146208125684320182874947596473339144360380069518547266865008532033669655487278170588990096177113373132918522887429434733915569388887262461946230293179286846912099158930392903452596070079030868311822722933490232619884297609547922427239133265
561 31573205906523151734900179142223293375387084337003189132414868840063841311482025882378450837583982470348748241142997540093541214263517299971704505279099635393134513958022778593168306791885549778508734673319958228044985023175063880876177912008368176933670343314319676822178014325659608204501710297400658300739991812340267948345524083706678968883829784023925302525074695027345141879994014736647394667238819886146383132505302230146879283070208658471538920169502515610028442258115277759131110015977747914202591520512369274902213590836343507529582486158516590926354703579456567989545618
562 545513737718470386034268887861104277603502960484165912530575282239533657421699817292021601188593608928758392249562010466587499701272139751907150589586055647644314867325610202958573316723944695089776791880255025898405949100287453780520415811037920311401891640138533198049948466416205578015105789395126452019764747116216243056784064746409178853968313101317896690385349304035644707146793549448429383734636321347319575057671237736363905051928059008576470287840662745885026719578867084649843493395581730214066250960918239454397905798510339129714726796913882778413982986545658622185993084
563 9433371200404737599408669316396961362774967201350563653305360860717504986603890103181555511968484674331931022131315818002919351516452259693941968825652603010811680546509022376935451678639726957739985602419823267093069233124067936247164498041393562118230093283119522223493059499089385287582337238113411763678072442290001670516049094309839308594766397304052869351193875954233302146365108697814670982562364119297526426857913815522710423236191796368314676315555620890108033215238317773845250962893317768062095763985150190339371031618941036499292196650536303124182832044162682511243084552
564 163268245237013386461072495693228367646962802057885350986927590452265996379523238579531647047151882392241797636507802769580594267275195669731758435088920295646508473132331099611253126994792130973057040912651740570443546879405129902353921756754087089933563535802185884073578527028459358287842169847539071233251731129062982212529155352797227745413830691875699736039862379692285109561760889642271757195729806739241646593121202857177331647879904436786879297486622515229685568136478835645101116100447365688428778534964093716479580466798856671078845153380251246636926034250038413967693134241
565 2828195609351351758294021577575369952630891036439419583045692033604961155095122192728321079178248802891012311388604521355405311070672959033270364628335780646200808227521129921095518226210514996534602973596251813524235605236954321892177892453447768388333564888283450912210367835521210702029852439614577894472307196075988454133313024495326832423435337930270635327752132336763192965909904096774916309769597670440792862180481855742343026212104086910835775356631085416685204951441303606756384513117809635165970831860769022487351896899149699482128890707156756879218576086725996223393864520182
566 49033109011426140126777537858758997996721364018820973912346200131596238130500198710735777193522231519895441042520312705146713488709553333567358001758500224314162706123970831111080153165736688061909745551876694394959759372108606084258337749614854414839532045520302056105033090984575209097489186506468135053482547105600812420279063989336942284375549423731093660627033185789679878971888235865537823596161132977646178848033782264323527882562117042521522616545345257226686220734064814094320000369544414124991315157255607544251073169003226137397442069113767859677468643779486867376251021510386
567 850826564262534363603132655101376379567578972849396425705799891658602725599967340349214803140555767139497431321189694509404119177245337219499506373891694037512091838626211163741659570296417689579469688566414083529080553456785156340690770260167296752932097691348660389716672372354838443122952353137200968136381637193143539167073306433762099276419467726962818776044762703262045084807346047301226597415842072547610955276200388367277775813693625681743464930150257972856941824467674386609755009838443445694544045989783625419415335939912165940580982584592708434935934964366306796708411612981984
568 14776229523507558159607953406988931810636446354194553016812120729031934354662023774198175526100869518789802687396958502771070749970758483952629178873305757742734300377833927199288423069365637099161837425299395291697652215135629284270058691150785950567359198619114444323546070211974197826809881320974151323325425015183774266526327479405453708039075504066593418394122187467531130712823605033113968498725603838199125748117794551435159694461334865757855888029028311025235828512942081589396635114789057057192077550650376167986720115936828388961454530212902780583337029797740577131563701721931609
569 256836387056198584604699193783330511797612664129847836130112189905904409787852732103549787019588985269976821898275426590696542655897056922900238742245492711414924428466991003283790570818696469784520963822444202055721069673591006263196582830168381876776540991807808325197939360146925734895289825788507826758126000796633111159558683159810770952180414072387515360178857176545582957340513555490312935463532673477994442524196805041925686913457171372213871660656776704303035777573995444579871935413826217357289858634743817599810383190841839599056744075529528330322610527159954860795106805615306058
570 4468061801255852660092965914775176077828999875075295445921566597680005700866529507750029811958336798125070587806408599880451706397563224849399554721137633668094200036149660255080991145587903043045644630032771860189551950987245352280163309808142377788473912598255424957408569370559572115536106002266140953905872130124008777119562014790365077743316932731366639602503680604791955210495240989927793957600329767364745280737768252200946199834937608113202799748929845346495246903762488697557912943128707478657031960570101025476025616232837930453071285186206820796573664019516019343290761796365814624
571 77794850305800548564734585739916037196047415484146852661068596815815714695298484523313494006050992092703453239764042891524314634656172976337417715632225802777055124363475591692603199114325745166526379801340591547097917342797477640422787707821215403608176365759384701801420256692506869428141351264885125493350845357562762013173566056916340184590825150398002274933567404508555889531211861082412137032438908045332158621395956091670729813626960034880263158866439594425011961401138188125111350503776092534163286600789460950221890017218183135983771718749887159103678969523683132100293754799535694184
572 1355660525464974409351322837365616395455141379755681350194636643752297345143125923739822020226135316356473641352396902457333502664359255283265690365877589031851996334702278424645766666752466015477580743990713343561309775325149648392549494312949935451111715368860436239620271096672544494471467667913001438310430274573029272269368302286960752419179467911568861201249620057479055079732850784201761208906133221511649308912397676221141342966419115955256263887060375363522652575877209955626674452238586431430074427323838354236365216259809831245562159282005037906923746879105264664281451628560158676649
573 23643885138076831573147781651851561052122725915963754637590789631483499605346141739669138052959744550916012994544795190879049645493352813003935865894510281527478289464838035444576583213006792005687388557074792821804863094036626992373678172603728148584854244158924153305727174639075762585633964805302589892155447469514760589043594977593492215304450873500596512969716681449180317430425048984312838468699880376499312753942339096484805434570543165948451658902295319166288579517303300853471076371570436942467856038450018916474936706192819299704912756703847708990127771647640482011015612378627135060366
574 412718455946524487056977435975783466547748301905844302143451506388392837661423281852998057857860580345223948062682706196133764910164459079301189000901378333669001237524391943317911616570964538447753062082409522423900768612354576081035383040420359623053916555021869354076744979384096032498945185496334002687248936271974161730352297733951228159608958164120859677728357637945669125313753224050218305424760114950342664411800472171952370865932829445106999394488623048497289868794062558118326644164044742762899216680391626582311753772758240867181252470639293588277243125950851440659792229775392675258630
575 7210335433143613564336964660883107269033032002745423760450803525439898974198439032007875248083787138733577683994311323573860537989503392817932750445573084272819009458665327133633679290310417240082877272241412458692798908147884836388467857663992202341199511750712563429473307688118377775868710067020828596681940083757467831080385853792080240059638584295542357156521903554585010386560954807040159365175975723193895081170222962411333933304963989655286851328898527308805256480018761553491261100990545363722407827734772065068856056803193789532343670022995509922938977474647490018826780788630694005113856
576 126073250745742665836746466221908745634784542951628582777764837365297036220688344205671315911147634278158074726046930708060384832116867607656675182705170044369491365865690206809192224862748204313035759151975354916776220268506002747726658173305055773780727479597010937403575861750738035135564923489965021370609633730086026409421847601170033950027018535562349944342288903282937718476921883333503031327506888828892582431768758947933616742693618869846102676941621965276024738692708778291569334620235431279437382231687560520774641143357567159280544381567112063346784997748492704928846942963943784479599297
577 2206255023207675179147960770886685192750814275743683337667821654454707890276938004939943324983320223802795236558405747559119150042088596435630273686253004857077775594690637084862508700117303578076945852193622849249648705269170778045799635109366806149216786619677585486806625129772890023473687777825474071513349347894115495676113166420185183207232750104826319983998858078780713214999757345164589008180775884970331313349378083603603456501175729885396359285328847093866341233178121486473798162256007768713352040533169301293139613531078975439361693183201316676114679999184293575360373200483899004954946754
578 38641424488727305605967689509018312681203547188764343760441859653025551358055869480378953623304986530190478832385968722188570366523863335048409401488047147679860780329875106852719061685451534624544280247114500420197976362867405572138803847194527924771847028223213746396440049175736182177651950666425365247619533495888977127999027123158324994765041106882345453898920351127549713854830181628546965061830266756520287636130549419556418695139631583270920032921457595058637490715370958412737335867504047408470755505490874291797010903961415884471439019456096702983335544348498685299797139717063652719559143588
579 677352253707349269969302332680713675982564280016560670015276228617663485593229421910492546205976191321099699816044432640553564303708512003163373633658292053803876814992814542920415330369410920477820104457168315277971276538292345816397798211356218304970106754619874744826958024244987843973284562346900108950734169711235413126233788801801935533258922262229565089266589764934566189597259933053695482930164885455431202850775504622799619352230005385093166046024158828732943277720437128746901903840618296450986171239843387016160929021208779274166649195992877880718535404112351675366625181257152414654016228872
580 11883365355438267895699932290296024353531592964758220360543415527995073379429431571220389096964422285076338561207975362075238970595628879167202100065191964880963503110656595530208943219150355961595661376120373437135384421769839961736650913897769316488805744939351861199794572285208480675492350255610256030760398883519038780245951654517716184015120843258109746719953491591923983207498012605332315350860942244846314617328634836294161040942723164533659975593246861395737815585178015068440729305416792044907505267832196931637294091170019385770883964838260921745885843265176970412307795699205611703326167869393
581 208654195057423230821782259934043347226466516309569094999981159941426315944262578636218473769800505863855801357768883044156049400822951616086162140642925806510989717866069220248589596691464228360402401720927769025386040256143766421400211294296750734082621757156425474572025878328377449349731515617384737680948675184632926293416867301441178456426837760435798405151897818305415461285502023157430853142073841469649079045478918929217450462765539728903224711963265001142657837762965000969415732371116407163918988013006700859832043971831169764916295556274191946094620378159815132106312410854408388160317882356710
582 3666713513489959188470462556410186434104160069054211219918115078587992669358227165861351700986447390821070322669289713408050589844150955453741973259613787586871369123067138519539392073464217813184739862171956439231782906991167195286765627238547621832325093534507817083712246413324045325918005439999969242632224750288673211344988798766096588004827003148545734700658363871555294574667423691309134620242608034719926632688111656290818313377097980608198277609598101667302362173049767385885667960247402892232003020952176007966284624502306811024243529324208120174147400768326313522087880959323241393828232732350074
583 64489411372728830973019991327183822150619149573293602412412623201513763767110768838319036804883294850135036418458919120779538990184041351542858237257026660184824871881026316222003259509026040380242039963822401110131813641657075107124927219526050460817409335745605842921457789946046071811364742242467620276628763566609171225876005617136200108053250210315580969802436577907583901539391263441700228311157132823122633174445216524157705123273252811583488281146889849500387121880954065168470353946427835580514388026743629308607325442291092797497343683978135072460729241001912424531077948723383286542560895439331040
584 1135169757311796914006395057798958260909033889737123278628502226149207623219713101269833733492925932969887570637891515435930311224676120344035514429064252635551264655816630763927505744960577641830186079718033681365812422483077896130860490373181956035856336647821888431365433742636667306979422330722458639125238390650901748938612734856836403805462735129690935502394678828401729917342278981303967537421998678961341209919373820161076652629385863149177385343149535536352676876411486141847085398338669480112259270144779023634762435796964681616576454246646906163311770265353195972980739188845769773540404853285552649
585 19998322583834979973614742521000226239965135139925501984259194512591983525099612986478151998921289676634385723037125358263945465853508215670321548826744550739612539681016828258863459151350694453050982769136086006079367912667772364964901702084551715824948567353411597485891837301855143311803609436644237570039151733884084332507344377869174935411038421646998369169607377866370021117614223538001284318435460029724711413444599653477205401186812310537347707578614816515215910026590550203624663927668811387412717767967290596402405127667109324884549481810251414858075073258412580148321039190435381087239466769289881850
586 352603061476191475777488494456094996686312064832902622622410346774309817128475551658539435912348588036811443919939339380991526654683611476472727276542570572956133083835289642089622642424799943509295504126519954646262407700209595931307025381426864834330855205165224907875963923894398664256774352338324618833734000194598296771520875690922241250411619814646442471371248274588076886898901965060063772783081072965397685919821128960672664621596870213246321613121428728666550234815155989764820685640898969060304683920387544521387798816177761038541450576077794920708423761006899000231677621522245924734578088781956808008
587 6222110739831758098033415424369661398116079228401037455002483936220056981745211963189877047595747108129003653631335632031459520882688272775712101857192096215032413480213728736066047903346228765479758946867961197430556890068200785048505674943242793428953259723391528769985218171988883226271133721993408345640225034089577048362426450595525084793551396568040463822651013678367678084918676573463440720243888591689600485765811127256232449869926283355957873787444877375882419827619482474528659548411695111265937348818787334565493703786474347892156723487386585181553457762350991273763902623915030273839361585568537130984
588 109887410813832051976615032794461590423891826289274408505991125887867143217517024150800471205826231990951568166093501410042968357359670046858693921160707844664135540127788883510415104776237412157212637160064827863431704753929821988852771137082741054722224690041967651685518611796942090517762793309460846282758021091301476299189563903726664012414567622074094550405798006407262282833195854301122189918469724043516520146193223041693995848619406126050376428045144923603848188863275343465385941126835992014995514421412725423853506555742736093223343192854258291869830043498379297341877123351455332145805319687463838685337
589 1942299023694284811847455875271326872169077159053379939004222645104673924341481947310219261722773755334943144160521845043307797257311366379305907918103780179991181310050731996281866212311701783591001647012679400506730708879014953185637692407867743719548959678580772874446165363447668200654611674436519604073804293630681917041924153604108801484115453911362011146176521534686543478841746105186105482030294914296103863204224600018654452335312696574379970258447661310801220828097212932214076178134080202282814063648545595453391402320859431547463498259889607627837323354510746227465346446094431747791497306637398023760126
590 34359085213774740144948890549637496047217165914389330448271604782025481173509004071796358267441512192665655753158104761005983462678414030202620614660512594355911165647748452631854322121301738369968729609231803620219083611288312439897205177847276354862605243240961230121674155843545584903394635700727469257487420515564617425302845505203474685146412902423219903515886933424828916914634523124017151507978863507133477306331225397318383227678037503759241016531765413773936436542763439254502928810550697846706490817965299595490175836264966579048349740151895803729437186186532638943319097834773754730804066614439230435934542
591 608308446715435902045872101692314586773179466414663102424019396410456625816416919501966150106521156894141354852592309971303437552213922795287516404460179637543305242767739757533145787859409615421109716301478566469958008085037231106253143284372194623989322828261579614520516020742331538196832385496719012261296589283431123911191432895217625523702529533230694197211049046924702514912370497206511321447931010681632168883179594702830773892762939341488522227903049331115697191245489860723762439449171397621278046626110523051967335222078928601323813475949274857755366237444458149159328972655678336203191520725790346457051776
592 10778597669992758984950743704385013416749460577073904915112414411889999053175082124753688197269208765923175457787391319229074542505024475735263218343971907566893010274501281736562025135764724172931853680634092438054806757026377713315825875927165995663320474827586103730536066150431824669601644552912049912477573061890557881800833702435446132327040748650503785637913581340674061921644189341915588167809674608793141451557222312309072209285462040454223863121305611808200882407903467880056629367372177960246399328743839203317059382756509035999635336560910432761668773348658119276381781931748709736521195238599802555493676209
593 191142052121119503941551821856156288394997172369021514783834165447590388607742698757086651703852731785036087171581011225720543776736452584538011832266415170098483014755136119845139751236079675145290884564022487396397356154239916736319882859743521701676154693407144459435869066300533125744962446852689237047952011784427886121469093555867472100104840755253404615110989623753848357593162041763646194977121219275897079525419972141698396668489673555205570703694559738484005099612191211584652192664051497354955340153385609288225374276102911366292146032179870428086134862750939960502122822324157336420767481133796640280009527794
594 3392385560108968922471922702058505273169586963759971274572221245778920107400742089808932046292807735264219198134436233036755682900728721877911187680426071717465707066282016795604061216558202754506051427712347941498674962991074097591120168010111822413682335717200217267405080712978785052616650879067568061053791211165923577016316703179194973401235943104453028949571323281934044748321486276312575880816594578087460090637914998897492842826271899570110058050722326445519667174759521171961471114773588351548135940790305852673392010954786095058183840990770268958301760547302401385587512056053524128167562466997937999261631361868
595 60257146066142021345083589704265001070681245743543871922762885466437060718204194970042210928188995441312455131679787072688617456479823365777969707779684584821764403955935012449533137209291906110230089585509037941926888418877449326646285318783809528662338357005825693949576127937387389961742978817742616082819514717033219698153372036049767923182426067792340901945090736348703931132287193700997318886510157312666841249450356711052765851701949782243767342399853848644511184309386406618395498432328908814647349636422524615920440858095402226530097285564281721313926882215707039634969051697490331713345888104302438482564465880584
596 1071188042978614760241716554917699572475218160944015311745284816708555252723625337733103960723445700550049776175741784517641810960896982485395503636546653956626545109707976017539543379743636326953033415043788724508532027390217530408800095385797132607939674400731490439636290180405065335641504940779877898276849295644478445649015749583449869996750737112919343528917345074365049266132090104042144931369855341582729948259549026382505633013930975854136564641515107129409372002387723715862913890634858237575991859991933668712591260122621658553868881900813821870887851525311822652540047644401440521907279503269687962262530611717249
597 19057946143722008131749168081640802392073570015391861080690006128440017877107577536290703922787860839781817632982158225715194121720124257170119461408782502525923219690554577233725184836717270300856715156318236550173708220425136154412716263042764276913647673966970460083584764369715201239221784117876048798998474438678894525547797302344305595066704918348933102759526929874453172709119817423789844618993137299413782061220480504631756239746962985853901116347871480949795960518739566091453970172685037518748225726464057266564842856264099223173102921641751915683095025866700373983578309576102304538341027102403965849308023677071574
598 339343170994327821444022418002032974562163800137652439292530166324298038441471553518488788179098125304246700709528951796490095599028322020303375048736232035557260207493239406478048655380064532059813706254411065178224784410100177746643944783396106926687610319785686101534835528310829736596031761411059540383776413836377949774603506427795816724095175315111816817905813107109602903282614758532391179098579884432650036590825639393000940510912324766240733944160888512643198189232668957134465223472507650553969791864052224211629629632927975130779898609985084655078562631934935347093052555252133020588617598580040666565804676580529026
599 6047198041039069256902898258453453290988198019747514832959187001792083392635191025637554613054062446818901081787685340398190735054205537042754153740666591542071264504814335287978741513976886987166399895571722911955250396427428455993252465564704007862325088672893338896568472457040532507742956104714936155683819508220706860176168798479915342446573298360617281094384128604508328129664000076957449642487024505607077763926359550530211934315127739029484118290348397057107088364595169001524929290191676387419063396940037375547800065084025692471124223641689783402165522879011697355174756273294773229821755215750028438433557767863465440
600 107850149339337415690109623659063345659637338061043246620718236899081494925076657081184191066783500038092911294646370879345219414762702143133766668361536202209249326752786157231393338127996246605110511771895042465422685719457481779986435900583536085868608184608599169357019130950289453486552484528032798270816743659134091792557220726818660359675125892894162326466128060737389199114448427636674803372060989835402088741174051368430494087588825168901704301538614950850066545134395856141864496331943971553610000956155704639036688954962418231705093806637215179925734312459492301483090522848934679406407034789762228408174960742022173241
601 1925033160671577727389430550324326059601590842995171453924953930937602554411951560285269352289529265307172686371845815669001535298551466024481389867431846960601664310449493911269005163078050786248613680391197777507975429845899732805958801802777090448497297330813047507775845104290969472063310793994871113053804505879456503275495944670033220764870402050259655295328558706392141802078480450762388420939411853770328956801045096302759180349284710747261681847788308266510746598695244141100105748034542725973038551736636935991150608512712138819277923010964995092276473937602507356713104782974014034967844477122645774157459069984993537962
602 34387928111812139850112427271702393103152429599369188686761143237561132526860025341721710863391362776773138986060403450351912579142124811107745157044254243825585711663038127237918399939604921014386877723731605559600203831402601748581876007878421452294948360898001397484238603520328094971515608636932743392569644347278818132835219383442449989027083295811402515561633104988346290735527457169401504235929769794226357667894434558200337900713521086586674676610911408472380776684148396839801319143949678163609648839539504032341193983956400026562511158808766764249922501987909690103123352160503352536296361948841076525018122253333667683504
603 614785426054292824658025738194486700073032068762413382045134753415248302682063420767730420578684436266885703927171916874555875471655391817488884202074956102446987501263560541485523456607637233068343902361677735478254795929941371189578454751415714222516883506138135221078655902464055390798603813026386383978291702869934953870397246701457466049635509513964688587103193554965577044062189313074261613149162443705980538143409531093482230776022861376886071753719086350825370876190764505381483202176364310044480772188135540233673102450539109880574804946614712784571279394175065658152124444227168584079101471801318777433492031853809219379048
604 10999939715821559059391978774248609417225065807771908365447000011158710325793791073967687101322875994852373677717413758880833474372577084772027921629439737737773872423501074967336880238368323379413180974928622614477516353013527099261305009130698992815591288497334557261318714165603140072196317621380074888534324295748138029986633500501077362735814664849008248286716391261446156846191481378233515892399952921562340553847528767669984276791506229526061824090214331709484365434803580351001481583649167115454594721729065758000713685605371917902453174906862275588047874994523792069295376796699181050040602780351323887988964952360576859797257
605 196972531097245138518444764578080836189317266608401956434100262919271321887117975856206139326374917965585299115686918613433985804548333109562415392757113958727987591555728138766707725862178586382587211439336137596649592121820791884108787571433952545126948549104120461637612124660979895788773971061861956041967564413903461575781800627691960842750556292823326545885432441638533212675003748583197653870021592142621453342228911923448359086538421796034098529590237952834159055482509843228900150241999370903910028308640066678686827176893452656776331671257812892920859891732481153660313021175417677733968798000250254061620304588137865721959278
606 3529954264991177533514214333175409489608512206363290191164541266300360550602636671268415331027206344405854523464063287554326528539439189795486875646477354493273470935876553853869782438087780570344781046842708789783337047084919502960284205338035747368251108963796491311817182516838731337664258210340024647267867826025589284661731751279518401751702399742072825776760498993856718737071022606187952969267207327376010641158030128527453594954364809342430831228925180460807921782227994689582349070087697006886652228992546991352903073915321143781219643668037082396099366015073190150656812190575269535896271440446701392122276685153392654240528150
607 63311117453005077073862200382622943273066302622013283968913971062299206743342942343626978616581993946960992805075043086731541220219858288547679947348261440967217704973040043969565577237258981537459999718681226550366488256057529839787301233268240344814279993616897051418832462351446129709557158427615128306005023625645289872911508241784028517526496234613952432452989245031151548783934660301188440918818760542661621730524504897294030577718775824438779734959562399145975195121169732109553544668534506076223345820664807228334355122102484025112836305894783295397580343155881220286561814117314534728155801633522653499824039127653234900855169024
608 1136417214010323047262183357667947428114054013356453502082934516017608814126544490409225239248852722646340767938150282503246805896209371986375690143877377206922352869479512415545979438415944274922273437958864698644500950569873058739713699656031107544762617118611030410211255947470420456359491654370982621075436842737424432410077960630757622650044025756204091468588180939163594044853525532582326143576049788064968856642565663969639923443845677864537752428552817259231583416918480117742587661975194396169765623434399092599616889592360111734603607980978056343811787611738131026086232720052196473640622319529319876704996151414284601789975726625
609 20414652478450369016253223374176633654762743161759498470617238704487717267474470434043640227998069879495963077083500902413001107453156220849144234111422985981440144033770205804278697707161304153078843352297298183231096624539390894954946925186210292540710875174956182567245740733485766952919646395579789190253966536746415198711632220253994306236862129196152607150523406051149240649561629594294206403356362373305432673587277405195672234359212916406146181723739567799181030331314663545101642013543951496379774425826832893627428024272566497381462263125939569792375002102703962603344305118774472298364063916936967867401416065784694629100374694434
610 367021902751598898431219147462900599229549217235477816605912266089858405576070540008857338198898150286629897298219337065903276905797014676693729727994023034092757769225021492545802426424024308004372241929751031269803886548350673810567625320275698093693309096351320457681678804711964006142564600978729488618262203571660867083785410212635069214500289984838400505069918592496045424329886917031903680194051547733120933949569804915935848884732144665090160672432348831864813972491451099456590878915978242328158289573318556136510579349942400576435562697324246754654970223682833925559645284734694396758753871373379530262425242247141498175042971315060
611 6603698234918186632896578888273862180759567253153004599379478690310856030789521257609189427852308498472646617347228862753075115232736240146107293249033745251422721771541819365752944575961802726769958886056575626246903905345134592219303910964662942464880481462300434231975252598791865810259516574828355086240848980547690710290189053500230329769861670454263021989554819141122138442770964758088783736419420252777930615730483052203213716481471690627167819189034786794514618738708080812485142514053655424472179376663416005139689840765211465526472284082298785326225533366058894500881330498520295683908975397997623213753557850344365707365207440464648
612 118912400476907449552849638011921445545001627727209216480788632113807528137067106500319534916715142486181395190602346004919477848406622731214388590015204793683806599154398396084768487061713240976107864916560391194806893189140440778252997258969026559135033064945804494282568966840652851689884284474319578603429083273475916037928524578566561509406950405814813576540949908444912038287716361369851309875799193859112936404298843356479583475209507958144756984953333529345147694321092117246201951462342997576888615986098894182911927121847586041915754469463518292250646421813006075722132787627336781092087660038251759474055681977969664148928356662873009
613 2142945909479331652535651067267860203947808990818605126190598850694084901574055371957536094553447697268047583407527992438737000667240280335996273970844047713244870822131966031688045999594005776731100263492900820639482940177424193293469645969638218424620900633140887586382983888370359722534426114659210412536249295811343118741871469476387157583869552400046429816339501975198847470997017059724063525088351501335548670125691898856764587576780581135371693566392495681863878337735118886272898132019788385177611594933435899758226863316384900225779509540688095994738772398510057240242260585423807408210188619524523274489521163108517753456364437165287622
614 38649052855889918665260489936927743986263308703071834585792708909632996039653657067555633313984996440525735906922448215949016700128073458818813571105511919374173496762532273629711971527539970756396214792876940917445199149243539512217139804473129372079076051571502867331131656708450785191328901448275321043788977860768449342385928515096321540971803326985194197814411123867786843225325940000268415656958704016083220146245436809295996714466099524285812087947065889190824220494310398880856897230959088641282416702665796413912188489723593815093916131665988211715687223895102922486937026387016199203481100251267813433024615530345204647177369932667301386
615 697604920020784401819973193121794756700214573379792910889401855498064103273675683944497982389170163350450367804737305890860644405304459662137667817140056591196971274568111828373786116402696747101209545816943943264086203253801478949959055940136881537650002996262325800143899202382336399870664931705982522898685636322756458355511405379085372498011690689999471366338807981241432440556908685865417949621626790676764436209895695707751107394326128223412607859612758311363966809347859456409773072827044017083397982144697335589566948959511950634521115315427577730097859736436945523861432156404836977228114100755058720338552373186214413835009434360993245152
616 12601513199634879350720204093695539904469313653925917963313556199665026883487002060751633043096549067032377027136851356403157788044751084978332247717637727758442408277428052106325073346885007740071243702023041745837207541220811648712838115717860728138005426880285208938132449468585178238799966577774781404385690817439438855810377388028752407117327115401439284293177434132519780153957298205948089971964907627630396241253490232970918095449884781703442730947309052182137826721595462311713697419962443318598382326565762631074521003794378845683447283868551946938529524696128645649838036283605826331900292978145545257710133956532537445165639373622522072041
617 227812631026046867312181934171769222346485509541592030972694028620817802743415950557629260610155544460646315494898310223733666587081176890747802769305345186142708046481690551159638090257116954220794388586550248242807801245018567904775206873250088682503031351227212718282525353403535957598900098009070389718630209623009806258485645947476589822753933693266276200808699696345501688065763627795429527430236772551412224812006312358812134726599495338626232255637844991237921587405410104614128690387105522588826659818204890660455924757803815616433211358677959676673719253386926339761089856534498033806773493061081160482153541084479684113266049873988938201434
618 4121680209713224586684724999123691052827503428604700681636582894317311109740899587329883870926989206173650816880185379352309423092909262149052467314055403063501412204206958652014085754444584345902808692511670147706504931482249367357042184630069053677146708257235342280165452239196356033388089770541477843673808672211796412703892258848361083622008012352311015047400526843294113755638568773433389328767393229489204663359334794346825826220613892884990036118356342115518510044378407958933661193155500508035726798727025543662482914930266878932618422074060511280679342384490677845561043068168698370363964023308054645114584933653033754669448616323348258462104
619 74629689512274730019805033625286265369064768631727434267685384752460421058828136284916140029770130216743685462551212393597879231794533509835497424414059738174669552590290184235922074689022281677238671960048971978855519416815496133884968711900971500911834911462057678588607049117590734910247670104348763461589858550533331449705199679592365633764350490418223499197693082862226886211992411576118828068425674334151288242675288469399181524103157700189808919238269366903655241346352835337006490867964659749277578012461439203073591627470547812218697337584889031211195451307744380001618353665595839833560360125712673814341105899299495987725291052322924631805928
620 1352350554523374351892069783353630491745590831499184645575026081990826865078507008357180140017136784130575438695408679992813800390596404776041762291771234687860107335894447366360288658566843428907109366638666717767872048176312800014568045947222378140827314471205013785439897243268461105260555498972206895000470546936190219387911799922584301556586834319634638163891856404283402150459948731340469519986317575475804733884069074716915187652493464494536720115928735422714393355103659302606441460746169817240352885617839357738443295255853280281330408180543647528221791590499854512125541704797892334646389207351209613799862435331739959935254362112560884755058169
621 24524869148084678023041532724005015888840201491650552985691338047629787603844643324823641619260762216429489774817560128204955301862799059579963712572336783391095003415179549571614092849508261889689717010233872517202510827097524349585850830992474029173952054480173922987202385994280384294892457066372497949824121626876789634521376300436013830840417661594493034664775558633004850319283592525725365635232489456229779733234746144465361050886523930403472389539411373846299345793146214674746956875249196669391040858487116230292793495585458375975235931500651691719297979221554484502628040517965400602966881026384994833152775817064233464123957233858828982930798814
622 445105891604854101461475235346984098821718950087896977759524449546776942643260322923906665164590302081038451209089659605970047223338280944928951785313190771315588384878352680509663865663796568279800730034859221743010717809930805154116513120578633630971246855024933210259010428650771788030925217246728842294970461724031947864161946076359731614938923135000865503635142900365142919112327647972611386350977255429205051971180228381425984410811991388204392345593248090310475679230384257785350251167308009831140788285635156486948658320155828543468992875649726072996275163867009237773671510710109916677993924512611184724909993205235361003988063850865264141753889374
623 8084602631233231305638912678874546548195441714737044232802376251383455781240866718606471029564317732498824516064759639541813623753600188004087648251596098797641681948706782372067453788285620146918147578722710510851592840450809640050109046974734293718657311825599110220772553665869111495889925593421761953665184348496151919017570663662178039921729024721685445801712729414546153793569166719736062781725897721044781438873803652382385951761964195708886041687119891043432721893795430128969027317807432772346450015704371862223153832195026112659754985538102728043557595691381231160342306132056332204502177364231537075251999660220744085078600742197890492324697719936
624 146957640811947710961619186107133585380571754142160901293774004509977861885938087470865350560916491981782821293300733436604468357435143842821920605269311619448105258030752818691082579875390149450215975349598787694670936797149220848134461140595267986581686330593378271821583807404909909361538593374401160749695968406394119652636097839486414303782673042841955482935877314328470744556615392887190815323230801414956757653882034907387293087935305508828656453512213295220301133813675318557998305682007531839662375960822540686151135228083644618222080762740817262818395446817888113345727817473610626208036281812166226709423917540254176718322876663667852904551911204625
625 2673395963072332493973779398255429381691647289997487224044516583067307793523708937035387547299765783387665482563538120793421225780435202594099310683893092493711130867001622309962161888714646445362137093700445822335793699438027233363793538320199734773662096276093100215813006827989007251827140341318701771270066077311441594345626930233917051779322993268368657295971105256374143805046979992804710434612573839241450957301945676276882903013549116667855544480737179246293026725624747233860819342496830273197928005868438747630886707789029304824395513743397919776430144100374522850952698483741214440114966708134521562725673811359236703305385608600508631756019948684626
626 48671137537211966024960584649788241605810606336493849328995779994690378563822330315416242272866627773685688547366667686450619821657635225397360460133187629380968076630627254560271009389711763223279737378124866370767796916945733358829879875326518614573729917751820499295968738545725808881988720067506265085924904188512801045620725553993164728863299655677900723454900704641185486851267597966495435630783814682122916102967022602289105639537299740931225014430059940650247281609305121942514289020965187739012251681605893982396192034179210070327906792481273723038587918954373502328165505352981340443230322915342550522775360001458794016140446004328546590880768155732252
627 886780771960388202885740426002865352766142031750706094066951728786291371833505082076010238351343200865718817331035868555188174103824071238647494359533672126159407603435635848733408761501753423844309716253214631673039121690767271018379154138709135466116797100307007416953346379120279582329797217070919270379090619425649740872974768182326160461681058045311474785741842202514479569733495825710772156881825713284317791217126992115091895734284947816303938209141165634363111160092663379757881152893721478386562681521361441364679174926039897132775900351036521572949438094421786416101836480005852067419272385915515060437274099862579500502378834300588002646393022068362504
628 16169517958644945534723364006036373216990672421409774783371626647119070240873716801116710312031464321803025021204169522100682798104321532013418678841354587751783383665452593780658505709871247075954147252984422672094127353611727545690961434991235980442267991274378644195887530282478183571274255318267886507359510534618669269197882592136179885324757149928172301950580663459846722441031521587190338944947943523470913447548772089233871066548997066468708592740179986998540757585414471669707367905476790428436409709545612151837083473658311859215738633190156470607066044646095066147145805160841992966593593781333075924588737140320640821570478879659751632182954222968289633
629 295062070740187035342288727983937526661942341407006841367427945350407706682511065114021930273528900994071593071814950182707363553756991936568055654914694471428917074945960068207315561202172698874989553014620424333264931125358034280971205411615259084536000679320932476827714966515806112213995480087071997041583510343985512773748447185477757350523449905178631122066390036150650547122215958773228182284282130351388858785335211109430272274981613154696297159515076579005739217434557104603560990490552195381010373048013785461028683987897859507473759293591142505299664325341746894011173378122682468169954759151762562432111441547101893729568622267194678464473559663468297142
630 5388460227713344878780148389885395090014004154151085898129490339192914832557731857465785678563440162362024474751128349644422444956618274520794939489941389613240682929563527109114744859811615527800545937704713566042915047513052211173624057433854592923850417930750205398532287005496433937165385905341456246859829328748866332571081463708374421227821952132552906236499299026002368116047145258738184949942884340244726594763198419218099658237915689092339503872671772483546077856840115680561381880715741180338479431554881613289709978190266095160431428748490430746525468388861692730362102003787910252646936800271681478677563640748103752524269469360016442602104139898479531538
631 98480543546242354529272242068817684751856812868061744349553007097246546290889972900939704679861808425991612088908745132288595646166949230508016498615527495349064020075013928628522804419097102022859749913817457443188000817563512026820039364798468834094958632256504401837676358941233262340680959872812671313479426842276295612688716550726606865317970397216411025248445355431532615733106280251691676460633896466107911541536457524243350560994614639399021257699678433159856800957442882182984874380484958823047252128203230926244259776372040769768402485876495891168569563034182837790887302801494228960267663312652769926008723448858751224203169794659937498143512213722727279840
632 1801233975503659336223799133272602533196282125579804888158471954282207633379133239860127979105908899732391346110265303619926088252458323979079217377437006613133119825817088495108782180119567608807832266228506944312749155831688010757685241513896520198031690698373569307773879052678106386484942905960712845321185494726918056705150459082572923973309707271103129395982223847648280940404004182012958120642585347983441515486707157997162842564175972392578304481463958537960417403718919437240381548686659171810006752499545820725792612884496126840464733970399472007070617573914477740585311535998473868796699692198504117188118833925259537021872322112425133360408420421642259245849
633 32970326007889364544738463748053399757158963398321346974791998700560739534445809663007544510282171266558736572249883137989266610264297755434866439189251458891111882179558996906036249778763800399042943113951732225081751414590539567246227700472611906189086097807557212489398446657578433917310466705705923316037424090307365618121129247387543996846447337990097218887115178841728353819932141881673373720433213579506595518382995964420183295118971505762368532543412182633055094906749591648155094290110148639304462051075868408882100832106247030472164120750310421561922884274233345901401142872671397334721415130653105798769879805489054299482175562122295351522830036064885443315210
634 603961496242549374127682788995468402780380397207119496521027608208020559315631046698668113886855292481726793289203984385505836586293586456802978347836782555254310866963576049855520200876666732391125771508388433572223233813235638977432449260377808808965132049191978683053718106356538158433037367895251895282853225918740389593653824776563160896385624542929789237413480138546233411928001467579781097964132768890257555927669165049520804387962754754209691053167487039166507411885647053253356045223781106103076602593431893578958359116491519238899484789366943047803308655205122789666944899784187613743275217557578910947403550159796327535415701671761062626772299309725481624249344
635 11072040003747422617082145029002422825678351276174147161017487195636055361502175614703563495901444669614125654978541880697097985345208123807373072790424120753182333458973557567522029505634173359087260210188063415035679307945731951578109744160432089023999968103091393648437724920137690927179110546956882548124735374591328973347112360822108379895132654354785656234072549420794985749756456515011077254201678080383601633014270383752929000588236207833761700135700855025161500044778642401542598482333753299082243303810020113399025373310224951413811593127590501893713824412274210113361807761857356267517324521539940002056840388402571067621006442645589836735270835760326609876828520
636 203131795808878123589685271929561374909839317588038147054704266605786593223872848464880023711921427678803245920945408915287954019786568617070720187402520973324053189153390741421577453384414194259465255549855585291002667660554665146401628608960575290274911959746140614859520082741516825308884993537646985248072061216750772864129028639769193544945761259006458633731559233478497210742860923205381466406795898587485504418013064869500544795960392219672443455042961733480110857024414405336109820863496145039860602928521362271507783572354528069383847756146278391095165976767503257227450285893229017437878843704850033683331169339217803223883199574265607752048862016253029766388119913
637 3729576537002432227130348463666833044888394199049504017838773938415870225862315781747964997156531554950902267031610997917313662352235356049719043871152603433212626395836468826677343850928898409128757632494753782979866527241270291724029582124058195644418901800580749491886935469805371385615431702743414076825800278024089050875184315561610712541545511671005690144283666224001700172040292323236409571870030367189662624533058182094808431483313624414725544948263684058994048621286412010227427437486796570797555095192012768389097364971661175094682840167283853244243019052076839178333186058044796988642146703815320924338434833045436688261173751556885970752232623205917055012158003534
638 68528619400034553652239950209196911641127136509633672928289434985661793464277754442044692561259466984489137715813196441894170994664150744895278783652556793923585593735768115340160551480557026377898174152898685490809717510958208473426149108382481713242115816959599605632073841864349238659149744641252802370960787806167585594532344451647983453379243353294065994304651061703642310399012926825753097355637922016597538533879225875465482221394678742490235007106968477039149412012074607312446460292942066838513087429390327333000080324552755629228130274377946660003600965640910378233889827257984853551325497845662481669321077852255915916679914415747614843655819606390633550489968255782
639 1260128322972311650220386284350750069482969083105950206627777708309532330627287646710519509152771298791302412032412910276475886116203347002780513300485813590835019727205519905463571911852340068094536237734972519152877072964544066679253600597019075221633954942245149068289949724467165396363280173667773599916803976634864037349153733273582606110403034332180383995403282420272185515365886324099785955568112624333694747072191315054756776080313381742995046618077215533887747946513083244580109526569973571208331940343238406833316688432998501071979297707825137771539245552779460495711342772803297491422491369714657516995451007010272937816124928038172682498994142720681132626874450384896
640 23189286530983368818937170351293761794643652766188725543680396903721306239196169068164821128755800733827826481092635771682610604408731585369269724069303987646382409722651316814314948385630588509021951966662551876211986676471170778175621315279413223459111016369317022870553579121058921767291198458868670358624256074608491427599503957800937311191760907386281502172891622165437724843050022908340777109372247669644907077913543595203711086926610579339870248892307128186415559790376957584562976820311434959532519917748143153393342392289880302424980985508768068972691554557870781530556087495358450627846650680326651651178195919732166031153697541077409432468856416765683868783664292235137
641 427060414043609252714570974485709159063935243901645766767883152416926418205241859838886323812219001996440249537480973515293132104651904299760424236875007243509006232292020446515389746134305580333320816160721244264709088561607544148876400306624026831992793575358887299257482465812785431301722494119390109131959930586082415398003275471984162569575933410850094572699643637862673182517816589782322175868952343768594073514550860070253257820667049427969782689986054706797438776647820137472488080085987964531802906797756052543471341035065899895994345900866724724751019754223687870406041446178815296628755134673874385848220243666524642601221736977311754173396479158743986875696925640594306
642 7870821390489270643593402657251006695144547781848226666289290558511465720987212130719793906142831037555172549968217056225411136119854743203296005663121587277997759753263093143910488177921724491729367397459400396528756811708853363943250842511315671562367429829909651640705181363672699318602197199416233294250346130535408163657444045926085039462131184681846456770197854352968182857136873943359711627977443845724609245524798354130644516724109045396068132584416642854636833469358823522117203639405958586541741800394910004782734248960117476974413242249181274864985008767300208741714545532188877948167530003058729565876421133900549938601558647663160181995899388940528508755253163448073284
643 145170744505509645391327970954406501334199728696227340682163724060553309173972470068921747011771240179410712776268350041392153107765441975576272397818436416066143263435147666698608291560100968568892009793131280427632728784265678807807013541090940298048050564307791918351985794122483215482105979058800153380175463813960904714115497110168993305580793776270151861893133283925817611036614907558376291169845622367327603880452899866717066906068565436488353267414933231090013400161632997719522121387051089183516376335873480897508770391733804293536595449377833273872437859750215859077256870478677995814312305800709344616079229472688222534894347085868889148742867438476720289291814756899142664
644 2679575232243054792628403626589230657170744114451356327227315283901245271331854776160695384789762834272176273866034242145974538938358669287037586221343587519581421903985863659037785484850896254905748311775058208109892422154516461997533784829734586541130362969538699746659054193225092396072013477270827274128786917846362333411812479898368376012387035243824710941896842385581572491034688317320203435378582540690651780939437969896784601291231678054022291959597092230283073777295174171841261693275769754049957236063034502437549198556891631879297659453614203780397610682820883073909340531843496695124256966785620264828286834588665302764596231633406467751422470677326900108483333387178740113
645 49497140335269915431331674259385327337450156618984673697225116293429687479937976373387958796085987792132131144212577130494943916192713706410385434517789331700912624361820986169338959512983458618373421470059896146021447455080197877515295651831562832661626669958801593415174472797725929389051191723733876739235373997848754103714060297927868717062193028090948686402432326451657752050342996004896557337653795754153804032385498176913038678498344031321516220700913059256812395329421815936387145840599746015733988604382232091884127649891043516544849691877965434604258820452265497626324681261217150345239975587514383903513838339530617070268023166826123218220997219586069193405093592487152249254
646 914999940349776613450306045647706829603600505586772767391647952993531910120127069073292568083179383262045067602941637343644719993282563886123525784011768100525711899349254948038543671119822948952930126173403697365516699810989015102718708151835834285446733909119801611586048977209430773320311544882211086282833548462223787795729491305100854169063205411846330320635112416994505666654547322499322266964935956397234329275823962453574464895566176042770716523650773849638245225395763073441114672768673376573870175852742376379212518783767040613557993695395353255672687071003410730499041673046666582870374975859269729443050485911669509863232605984416412301930455248362657928445210276545885305754
647 16927324838809594255486102668558860223268726171828314708443973073918035809880062425864297238616996434016789492755710339058759076881625447909883213850516616905770945880398343973819697073569971811996731971737780100603454951529433028478916851519346410651482961640792117081394990927273768930678372067510120211425477036766295740347227997684766384138682649999268230371821970024105788454940506530083358565695938882865989933752532622684942477389780470175281213920396148519217055114463720528862356352202691212663815489370394458103727813523519618215816869017917171350150415487311299212615076061050414719555507078420172922229777188749824132094938100452667273396423055784456041994992987446139637939424
648 313387305512137217013385261458415873014835289981942691343337909843822374688801232805611089297567116610919391396108800838399648354705176147013905567870329481476101601269556947138307846516392607272746092851920578047030865690289873921759778292714156719136224748195607839235274859543129339486459312609346512167063546738526802986163583180537443134915161203437479254257598393130325624451013839019863773062335188755569912619119496457643069103553221508032993367583246875802008508142690956323783510329252865222597752465658924404968583899464040777008606826326011626188101026492416375894304578128170387569556999256823565261778134624130745327782302439403584859221890556253957210811241117047006477003721
649 5806304215705850552918625577405766015465536932740230814233407172330224994994881489998575543228782459449367581795336805862966968802792633993771008462362971667398773539458819566642799546889848460265685617680830220692851997461590891663168296610742066975542445800632649832147949415443467357491591048516380520774630845169189770728839068429244134787917681128200020009913827665952653978079208208031913627630667356245583646121816332518906903016536984079911747284751797070287942892786168267939618146619026163732005878766351926059628259387846156888041180822640133729311910852124932970387896759939029964065319046204169678525340832373448676192589716036294115076361172158309942838186465543319318988346810
650 107657178507150446082268835551390924745287006176871605500818227871572496768855282151822179564938095357998169785530697078342852684081974881773290318020220053147131793952064827386592849664717445823908165794555018085977883346805799916235096241742843000694815488964205197583612278766960502690590867646553996975070283535190400741232003602103913153635345072245380777643633305433308481924658705889487639872889603701805805247335652681252904361671333974190634591749307031705940708039160729073169259003626207361076275430105502357674418026713659409415838399378593912240444744462160255136036884651594405924171343804671828388603234585215940907721838008842459194323475602940846036351839828583596424014556136
651 1997609200719404801057281460996967762779319277783816735533792262465060732639689207146358518885906785908767317659912827386738601029390977246745753572519367330885432581045910596328824102177363119640388834349665254921501208520553635152596376788539385801233881597070132717947769813493809127554103753938635856487212623637761671113469120375822879027102550279474487290870584210700897351789440977603875525666671828159743282059986868916157101293554122292201908332936016978084666119641058500287514965728119223655844188968553054290083416457457583476473242757147957441131471726828825936997297280011748659227432693344129058748601675522773485008409790578656193651679037140470732430181534362934034754721442792
652 37093849394050450223876921850750409229742883291443960128800534548597694679286511188640389057055725872616170667742920074926508576040114788704838397247111104656850397409419044324358093092875250458234450883374601150950291179579244407845237751596706204027743730999401027130205372691522933004686726606715238870360125056109832312755102294661698567112225043831468620802695041781959462459228179097576846124228682634948435792691409643004603923198408997878348785243210109314221336940407456178140693400910262823366709979182946822891943693166110550946036560954569572831516458421493069111345321676431524990507290773667145113433256150303170220925728981461297891001132083699186540280881318481186468983466743129
653 689313253428936117769079318866260383777190627487860124280583708243440023886145037321926445473304291471828699883704458216696661812136268859767326938674684538190944135120908854025719162453784309020821405298540306882820435761540006285167954773054815668130606072442799359540152216797251613151101602267679846013435046673839017931302770097367868569461207710079888721271940786575802447818480658285242205254397034529104617385277122344129897495543829926282271855946819652658864825003213056522014329711141189346999837677415519048604179166526011556014550321163377677360941977231104737540962883600267462228264065150525282794851703208488713076171525605392545118274337710062880678735152287979148816400017814718
654 12819002005283433340976832764061644201903113463790035086398358505634886184012834196007333667130526651817316508235639322717664966177253804766249482838480015760981024088000936348090815603823991208863486844162034883243565651483952927650560699545177744385202806109246935231117309086925250705683661202663562956621195940021754184202221220451743300015158797042970127723753219449276546671986095223192870887877176256157243121595368075606635380381423572232502324630476525398409242004516451226774021071808797132587914000870239130134269766831844161715368505753307627993266823881059338336950883071793376134124148148139681734887526464357625375318884902543236955475644529079696879350583343431327124173993642817902
655 238569092503260011910350309692761919888933043966064225788289522955361494006725333918938244559637682108841215720148849388685821709651881856340049055254439202018515228340098586041513841307438352413182497079433985387367258363388304986043065887720629875697976294834263725480517160088025154012669435945328712526021173725704032556703878427339720256513704322094133683940313827052851848332538510811609693108692205064439005315273625643309176810172027873089946357453059961644187472193068727237733714052207536643730360840223821618552138443869112946310133735934313817328975321424246139881616227450880970013880629484936711850201459265137678907765059538309295481710490129125290301636345717744498361544999477138048
656 4443201750236226147750751456304981218113154260089195734126951112803604162362934950209343687378450423904921030421438547240079930615791129819669879426275884371620291129204405708215301359361707468920406181964581427091256792050124865255426975338538930034044496698667258481286994540599507385476910310418977362297773442052839404975032438735511522661485789752188335577331369806415559156743977744018871344332406017084014749198554354442285581575278959565350708836249360292322418849674464729619612625605492996132566153125662256302592621964713997988951003623019215799120493554411709114401505874999108342006601222074752320893310139574438802012359307572491016877721895667265866728627682363219795090614914321409905
657 82813148637557140060300828190377271901627659202941293905580059403639854943572207142580557025219428996659260394490335571423372362236434319627375994077359162234702543638926791222852598228855206236650856472558645626841401164423183053170574119454765844200829709551722892301636881629515770478638820018459459427095729010946614099852256502116609626926237659560111250751724461993277391333982878545632655530537795380752227995265940378269350163716790115875398087259579557692438003465097541627215137691755668783597989689139187657996970100775717600851829935877441304791688886642276566065512436592613506991566388007876462163684489508172166323213181365907094582619617903084923730816167250642287506858147242561258674
658 1544626524465275542670298057314716092660855410772286690433346975516025624360977805761454630172729618461378279403143617613409669534831716030298766325322125120497778325147176269225686745458856963511464490338905935139864885748914263722206049005834073825401469123413250932645058085486753700300542312146303011623063191446330778336637928846099900582555062488030073655693745128303996353902751556327841327815899375001393080481590322989781306501983567812875781294385619093866513805007996437672067691515962864511212254067482069981549942727166622939216710127850763302702331266043728864703607869467320151511738190070469975737583525428162532185279393557256639135390121577615393884534674748141600091670454054305117420
659 28831559000540353192539420946044027184247169118141443032321976549015357828268020059241748169982531472860604579387709188397410862891736824347519156373811969076832266454173553977155617861866647418487921698046979669184106569426353079741910221366179419489574858420705943946034410582412200073012033508228694892851105900553240124237956446293522772654750371313086730778386955355088896798450110037113801325128102952959252204921717677629532185446665910993819451046417083353524835946757636403839455560949455728706749856638844403291551590932765572419894673999467673231563819414673857383289955726733470705232863038665764258671622818370891335684022653623644304108554220644097763188461783834775333601429970478239850504
660 538558312074081282273737779859900337762329454672996050875326478469303813867390695960521776126983305565115436782425103000822601809386203114346112043730113258841099113752741722821632243863289445377271203509885938265339518866568060108069906393291423781872059669147078751718903578793040921172190996516508688728461959077842396975328472965506489964897920992363011037157322847695407693586358123625301439504374896703418968763846524264257363331101243289242827278193671384329474391599396460835621793761217201017406793698907927497203032690897751142361409016190219563123333137209104382735480552650949120704106465761920856252074186209664526956826222527518335218787294341257177745084904450721503363852679808398928599105
661 10067388561752668012408016402527451322156018848218742973057739727918879576109971325539919546306209957345545250270062989766166891995105223561201193225274969038734163176857101312271563947210216417187529324714412718930686740061977752962771234554813721923176550377190393225883276276280273045302668070986092350815752459210688258035973078465515766327292918711338175559414211592552288085474119490891412777459212922656451822490474216720817750621224326872700155849034517432669432672002795292304561856655012319354987621318046002785060833494176772827136598773014285566155175453758814247912810920336361188783567700040955943743045527681244113400395709550132777726664464264131488478871524008114751119125285051457199190678
662 188330189858273572445015221536154463121487068344980435812790804101258441966216291688472627444337684099398754825252772083038448090901938454409764279699942457715137969829014611566231836665959022837064297686486658284758067484896005648733910250734274993722828300864873460044840360856776817953297887917950468319936660913976521656869697630048163944708504767183494828858488074179732234662558658410866189253407303731488130483323673748190005013215735855612075984931139745645725456291403023828895375591617905856116636335656570004359264654181332400948762983131976960959978443869972364933356873847800520141842807867236759363179601163080202536109875366158701735145258891220257322101974897196932364554362301631502565494434
663 3525669498079283018558272658974004576416207316529493731381431523906367021446671786104955957044846284959447005289778653190522772787279320064947959833878594694055513062957143696584255285166145765134730268829314474610280721815441630755892574505655023811255854750903488814425146446443687332471132353449840082615358601142319679195794773141366640482206107319992100026804299217110815734997229269641369524981136387592101909638915876591141089344151600213912177648886082274575642387060329663227857631072754489722295032802588819927606930957500932593144545476386212626140419106791019288116453693939304254223595500430813654713999193589412626128341053082027717551534528794779845752847885105886972360544394296189564097204192
664 66051292531026109070303326208977286332749914007062998421227978485524169754230480626677868268564957405959833607273698984759287538966722886928989700694259490655481319046189994736573225058264541347040077100742885025149959126800915506135550777749434321727234850638041477549312146250893590892966031142209395564834330024582524869276534386317357070125429690024912383207822339844781917642966703862048944357112361226446161230102375560990222753731775904277121404646024477828956493875806133574421122327489899233953018296240570061374882796145703289708133855876202563664853262471621844445990935811409076941315407712353417763289626779732039868116819674646716693619760480679905276690703550975268517392592678437848415841356281
665 1238336400642387712740928985317833807991138846753119664105553960184391204385248849506575723985976347154975962866125101170608109490737096808524186345458892226428939412479440273850838107376008008254337891486489947833068299130435257732469831800879729738969806555313451508345673339693419628939617538664281223034441064904403818201878296455821765030458960373922285642120251829534128149529545436017804311413340210100820046185041904527544634960662182975402920472900646834125357587573365746597683784659180767066616116703101352687304187339514763376928695226774618261856542615479635757744711789046227741470660911605598957955694358648211738055790219824420932779504991304944203989512625348682686827273603781920878478161750122
666 23233416813474082033151936612907270156796860211105098138374470795863939732543998898190305857418107163339600554088266863095450859966655818155877756676647302614704218654860708521129722051778100276818683566033870661208004688355140121275608240791441358874139011817781263532266618041240985396297305909020009946124272963090384599670964247099501669382227047152218109250325090997846506724637457822080102782331756498507391735809132966337288811953343559099684348220026797951167870048216808226879917519713317211972971209351211183125140158456033958849737269233550071962252679018529709958259693414245450362928691679819287073131140076298981014138691171481777591754885231371352661127516907823447103119006965701724400953333391696
667 436218606427710384232251753216404845121841665603270506117576716517358406395024490208633309806741218939524084169940988103493255375127477603798693902887187860128755512716754039850384230861676771029640370376778268263536282448355298575054297146384831226820569498014817341565548676828996431647659755053557797828110368108709057969997376115116060307040290331855300370897429076147478244592740860734017840638680716567130877138520608126273424571334181581396558325932392517131974625503934284717207459703550103028689446129835512304341086636184207545055457127362885262291409641280988235166121075061162402143394105700286539551355208685477595655744729482926158673719799831570244691629977461609123160014753826972337373420277057384
668 8196179822128053783304998581927433077491992976112373284334649962335914277064720122204195466184389011494950669235422120377373842603990520867861864632887386933439964543440230685907711396155562263487080681432091069107009848358972099081107449570726245090782999445153759361342599102603485554010959928666241119833617537780897514260099434646349617880704124080696148860506009469428211490621651773308772169937487387068599716898771018882927887763750930320691130631421343032822043221608348232495099911287798051827661830053140047468137899560499549800867705051368609297683804433469911361224858675419142823361577126759928421977155994169337254378067580757839874319851467109602033508220624674640455601763080371348287291833629883849
669 154111303672197177308993210032814853770748030120406357580664061637392301216200412096992037596539326746765756824080682640995867765584131779338524975148651726146508683547194457015861236619386442172901784572464421803259896327333819472436769845036452290462263496531110160115018631501902791940153147994081324493336535670144077405224221745152671790585681240086294122925696035440759684306893469688837739863576187078773878119733914437121388406875034669297839890655806640013467555452674366470400995182125307514924281560483118913270231379364116973621918114154253729534160329441960476024292358283377966340326905483505775901905473299461593001224679592796639950679124510769848882858448085582892152626698235493595138700916305578798
670 2899831544085095194716167734978504934730565677118051407832771799019923584032881653035397518768309645597574231017947092967416105037920956270072249627165926348848896805599671736794944554331499800441073812852214929954108195527589472664607765451229744395874568310657619546164789330874070452533824724097272099637598410826744744682357532351679793780621562807119503991195209207699210533665146813747276416792634461746754783280822205762902230807731596326729368652181956556008852034691471024356259465463537654877190994628285034815096427732131466156912599306362737844258234814654380782034620014548790812166455242948081797264252731346189573217877319146672997847829365992486530108112357351587444779217330159895271381465182316668214
671 54604173926107248181883389700987888374816529782514384376145564478365040642068119911576226132407253769137485645497016119021529740391397168238147378789538580471002560135683412065616389440135651149449622536914028444947803413348085905667144048460959487845963971396845078264753540199762457148455205876111556467152006128160082714135083927850401179522117618856071182232766229098074084618627905894352338141022445226675390892451550499417128041314305727876154651967205084280527216889063720975175793349066578326134287458170371430217259055508792710807066126605114864102969025342432120488184706218622098519346132032664269612353539023315554025128757322529945701300675639355770830307121690064647761985474588167996440415622602838354944
672 1028947572738699233606515748653765546444286597294179657407956888949059364877116355331469792438559294689922427267527239356073341033132838474982423253517289833684231886817173115628717759695519584097650423655258244909528157110618148720975353240074153604859818923777805245776122755373450129199820313172794981945385072165946316927407214798014811889810962722048224523274356522885008823930117235313437214183347624373584998074807811635752277592712122093657222519100342487099501500545397985158878973744815230364870461653274143128089658773504965339529699493542994779773735923066304063251817031107015811407275093663219753493142456755635250626335536555812072978171342612831244946632873760198029207802497521892807624587923861238874849
673 19403252098873788246810276383036189984570048869110269999980939335918895540933038705576869885993600188004686346977273163406818098674837985587119016216197022162176593372474641275708632806301166195887448407326828816634464005702249055977969325547187021265026695298816174081865689032593516959654997090484333733142035134291814150233862956519674808799003541467116177344600192614386938298098407568762998998637400443149854033384754554689615863494975999523983262906064853347496909983715340093305533435705718837109058191327604129396197330952213712526107451096164146550422812950794712607525970673673351963167248522654746478050108338101319180082162375587138801465848695256048129344979322466952001115914696440423609824444929716345313506
674 366158584111815429972206083679355179136294632157248814546462410911751901504521250452282189937788082498508544336133952826403534026840604551656195652651523696113762739229861981242586517823691266036795641179148857351145452951980565174946663367452176786102785672611936541908419057593446210499994442629716242648736804454215722954770094343450666415665297978797367841688058340826634911962547915869391340178425549857047998384594987075938133412238961145086467251842880271500028915667514461091847747587708451470070403768480990363562412337623387031947616180420153387334171819024139181923388310156737680407418955087159803405239116264750398641157238194895807395109591155780177676360257779653687844145356361318299779310575270953846137620
675 6914756167481718963270674362954069298928686125481964939540029436784379146569421813584475776460628145950090186440963645476204642329598424687308863625618018675848363002440053411794250089950334857148809478651953582965277054876489621567511310739627796463049295335962395294538089106093758184383555960668178877584173662277702998658698842168840914385328993223949077695490623348182226587570760470326903502218548199420123734651949649283683487341793360984430818482639768276280236035171441742582465282138388558994377543341547384034779011533995515009508880925375552848101871189917354686963403412521493967976365331483136739747150680373945621918887039955555152889833525804696421330290779112249988220766566409961268095060739050220389445896
676 130676357597275334293876330646576119846996271794632064256244324324956521855097604466455855975433000030445978172054239700800599143401722763147102994221833027962300168862133403071788493114357982777585736197204267367652440152645920650699483528938463550165790852678796946459583730572678577333381677569512268892857213567802617357370990730255166162880199710057459408186054342547584826830911956034181176482526384051102347188645055280950772580678562228023656749605533300043290009530791329591627003966783845155878174017088122126918874381650700331807803149907387397767051946020076398177068652245498829945683972150943150290717971977859580362630033549830338052436875336458396475940057908635196479541897016535546593502035180632620383961457
677 2471321320289837203360999602506528577534356525270277196290544288676468862968846888364800906307355627434551506282320433694495870571970789519801153331493532349736971045188091482964142148562546331922457744720890555201398723228337657551302062214302472652907977323902067753660726892985415722747215370255690818955099998248805082403340548804407815682314063916364222208109630345907268526723614375239838011983504949554814231368330011563477633045875614921253488805979094861564149907436324359455791501970628372375474972438201911622691569785908182162526559343147012036849535343807100959714180707384024538105683636857984936695128477284440173382173296574785757305645523821348135096243486638131817492271379746307435843680095349132222211397254
678 46770606545766175528985075691695833205666092663650546979157370234836729771846934802493336081979142637755738106608707692265898980185154806226669068372694928828956728289451315124300441314329902493524022315573137192835575934975304758138426978524441616159111076382014232603459611557123453438763604066320349973633695397733892366552106406360909144898701765625842961583182052469538524822402767470827256839559949142878509928319003751805789537895908210221273126922254883576239463138374585091017345846710351880218175964231075312648189985165495594645371827161751339879880145044612999941740453818608127889692550196027712885248520977778837916313754669967270357081746262880744540439923117665463424056974468351857731040870021583590532374331178
679 885784194784165906070044440742662285278580132992909655119797156240497908749770453402343243773326378151785974489456494931547247039369237848199160624414749161564658398130808373590626700751314382181198426648315480683710442470995939496805477100280131081821369377846766234971276391725672091311443222268127383008890144803203217842486222725457362569044326465231496401236401554905056189645069847864752261907959879516737941477867042677606445956970679475986832576552157589077268356713006705126258560765738684301691929107000624308551977927481323438823138724160161926390297394267123775764704803975484458576572144909313598893244639015846276779561588857107034962348401600228436405614586831311215462683107892223232199970262392613979973143698912
680 16787790420344665585924970175919245575205051638634095628033303036084986031177728286250077511646234874988736930736417110301952900302321871965266643871131024963409946016544255515852776747623481229979366013943182126247806260362599557263870649798590280575919135347731605320147544321147646260491068604817046374044346580032726622470202400888166471834602926778018103339518299394548154629262010787946019587358342588095431317106328318291574888841579470951219695730118818004998685823760365636072156148647258323575871756945566230608936572883749825618249559959155617485549546709435543755956459102302247941072039211558735979877741771460651168326238176645978956370142130979681580155188446837568779642054427131854860753866069731034760980416299433
681 318397308744353156602775102248795753712561586922719833196324234735974523960474567669747952016463866635671861244396353634493790517207547359277080836484353114476176130580084506723461168353446028362677430287694603299051211921736716955926135602443974913936095408504555508327867155703738993352037485787114420288571440885523422297836761238906398426594196088189342627960513028839719787203408293985894164767018681563544700390320056350016569737190095832524736188046128477085808561284539148731563196089381280328301973617879278807670885057191140456537528295535690753421445809457391189403838444855954706086394854553180016403027541356356308411766959182490924361049772875857464176266955262899037644685652664433865424843740414416094941835845778970
682 6043033842081884121403189932237258494857484195696946442355680570040954760592079913281024383487829959006831154625514588247459729520299305699433006396540032626998967722221675637629258039293053127785641241042319708349553146705383165982906027183763260590324520562081032922498179769215086368179491880029727233837693624676683200560175779941771165322193794119493515866736253122380640515781753972675486844056213504104086779523578012887443606832168695426890652432016645416790360427186823830632168442778096368667674242736317363445318256410549830992360628241607756315993841237374911610184990998741021253991960225694708985541337485424438356811014177418769748483268239539928883009186215634509991502626212316396372941912070192698948436157803885624
683 114775714778278487101250887350201008387697266129805769478900406732376254693094144772499949997110240415088771769586869354427089191146676728892556112055946621220613116315320534683691247031994871813639983684290026734975542017978472006431681335418380693699501102566386739016464813442041952597900293276329301762384840687082931915271429743028306228004111758236154023315251452471144947845745686368858344111993093258054601962817877256418102172082586422234088060649769520341593984105856943122460999907301803600782798233242091076264925503441324296899926541167046148609417585167074002791595819917049553382495803055605684587175242858620117679429430738239420417781765676645252899204351437914531347162776597220561415526049421715795371073099137403880
684 2181493288770282856621141844175343413628956861058161452764543161686382782815585475114610289149948086395425026651512858535058316687089039278098644299672637779654260077315133602752897496470219041516329288120763366990522718191219514772585542632265415815590487134798099998510842294513601490515286516246496015734876060326508586506851546483114044768194389347102936449739050020325324004243105545023874844779218111661652280559881557663923815708684280258230691192399462252883897250203750693198662607337410761685127389249062629374563769195849366496287261399796898808679311288349293773474862741486478822247746200243196157642312662873778035708796279415458674399059503599300930888346037184916948441060941209428120961659977427618835736239068066287289
685 41492175600330664688799570761619188786415270510516637499287932467525250015200330059695843163160205428563329357735015612426336364654825818923799112678834355547714252415312416731917149604928462637688023699990097523719645859348846176975436400013060803407669614763785558111650040898412970255296136963389281869351683995652412767487316233470308927859602666542985689435212672491692468641411003126357857703136852552545353452825004517987123809646970129873405851964945522969879836806459753712641555075588278494953235784134478822995300754124502938184512101749510204707404834208072139729596431063075950855752558746788143128749833341951168340913376307262460167489314247850300048865836404670643934844311925757470405779331904365278750328775522627116190
686 789744373648537684509851223313761979661147473853466015797526236925954544520946148024007172341592399062194113499203926089951338988326366291311634107466549113969125458934403242476160990894213593877788969525411932401468938198937139743972277522880098428155206701999533857600868947916578281502039412035937415266414172687644857939337396677178426283350278212599292891695706829463278602096796205069546929462408664852492085684864378796712992597725678258446532930957961075709056593626346241479782829392320169752951930296562960698470673588300835646411042761879846496084408606111879904031474351392938186886729505430204425200063076707657034589030500146764785486366723982410519343568527159097157250128214760591315895628704162038539407858775869363656318
687 15042306692362121005112503779929953327794792894215930996802931039520877924742259523529529298887122963773697747881181788958397880247259035091636629312646150244608971163594218389889701880187140509923625110472010431799167290885265801535034680927366484398689719373359873068952657996521433564196262458960155737388717625194248643571230522874229543003123794170114877212691259830359641580421475778973471050489917516651820996730253430725290021211459917869961443080916748215862780536645271641772156997856893832769388422146756436397356482630067594912790949712836601813077969156584659901147848421559527305837733434951931589925630829667883359692775261691419853018946168118988586128983332163463348869149361258282400280829213311511790145793167891778067584
688 286714371227459084476501324599864074331229523899808240431151956542049241239947734443787996584394908241168472791607332363901658492231529039302838762281139045449988129037028933801689082747796616803883030627213715177904482031319641873461498148798120343684080824861199520083651576079824362400897820199322626589035193029744079774703294979823608184475619499304271631956014409165727480701719370322897614785558498225909098472323599736794559474829093238775568771330455358259778248744108378710817450308815032227784852444164414916671268197005555057278189659799503796466114529659071346887975025300730263594872683302942253858747329217101903258319267312178506060329099218068207240316556674892885442913255238901695068377103445052769346449212066952875840977
689 5468789026746209770737758876785732995756535675957196468829761699656991686313656140299710840051008769261207346936674458660069728237412266628371657560487737804717778694895237169118691380472266522472571881184821308932717613741293710502280945728275874219032689148983675792337842255881458225266510237311096278119448414909162737484992210109995685749051766590908846831728153420724624005156917776179258391679335082712461431845895906621656971782177034944977285912706275118624506143618404459301325536070514957616839163873722007255560576463063841504734671835871713121071474904102486682833408806527987420455971851643882686588127150037687720672480344964872645425356054135059775161751314605206009128335210192379981965122767430868581051674958405670420123666
690 104385247100219593915130715863738838640030721421391039417577186706663979914095624523406569661667252112464330460041204124206141908057289785187851030547480708484963683212670219330701424928462099319812217447573553045309763914546570156846497807063627392790040573726097510221197636003420863253576258206077402451336590010170870259757628978149140509393140493850882559856553124582900604847250100537578935492697016970651100404797537815815779990598214202322548512021713373718248001960335795114533345892611701076202613257110445153507148104429980336265710104466700522901880987636482101359184792535279928360687047591158960267855955729937844344792627567666457236238895284368591273070963367443251486933408267613464780555223455974074005576653121504412585260732
691 1993851855841035069705026407793209588673913797464602419398259853938154607535463820996956664899290781892211468826662229591260233014083227905290258717695994120014956222298974661261209296881630182834085802396929315281563699462163547135384564556182941935465834674699957496473922135410464680083155545197061166541606017361286596060822437571152649935690525851009889140218630131443258198628965192207512709817907288047806525107554573553598263741340379775812200794861731427203014874580494535803141318604974618932820544375481398660303327272418537576151539223760377406232075567003891250278127535190699582128225322334120428484053886067958951837134586753029956230699411988031743591456042563541927640773223389080748549505139603339168758930351250663542737987336
692 38111147352517014564340254096646847758124543409265902057879966454443891657812549906095629767836160012804869808000918856566585333201905493580286715287124319255812390613882870549683902322129516547489113039257378668958742013895276821404272805800198019840819873183929696033008304192594083365820540884499842414704066160880407705936962064010755266185717136723415254850586011237126867475777499978209824390291075159893087265167502657825858140488322493779413985954374558733716823552856679645431678997448623191298924731335695421773776571405191733924087235369238758330282897289226698320556065752397554794925943788875120681162214568626453095135383725165624159969357180379564324074009367698906942119732483983339562621612455370368774688452331291190297238200609
693 728980815401435666217131904396993970233635674230750640379377005844014463168850763881541114155440415938456143756439381409938256072581743962763361360968786281840994721640477590676692923691614374899499843569793386414020563877534945903815024424517587400479731587967464968561222324112320095014633937295281536621370551176566213241011936682415148468902484344098341841936341351782215833300713939078112978342195950468458048214935162394147656526862764086098341561373964498259561477594998036301220145894072328651521243357440000057568879471298215004060595576402209529589697081256075016541927256695974960002356017977647849150886886091174229906702518035090503993906703434232563478513528115966184869647654388299818935025143327927390749657819039646107855950812534
694 13953548946724839720043200075933450142302852237246018654463725365536044868429805581296724643594587940381745967132758224638543366693642950235122851565600925063607894264657833671417007029470556616878222068192103784542704042699196002931097688037186300285244227582791069492015103878942467022954361624216726854523681509002067687201137772894147225835346330787123435275089687251065238847395506431516922041773199030951359329228058584659720431276310669427554994687541936378859299250436265873266012758008744576032248125130926311413069349748899746675718866249528058670197862440617739333774882072777926473841658512717314725514175341404553453918680670667562087503273645025941383932194778707486893785194826330518647164724665341445355566550777997689140997606423858
695 267274382298723733730496536853888854798491249032431866186297234896331070819605446030132261812610132478995255922495443264592087351915798977295390924502254158003353560034723796431567798012306551894454417708695305563414849990142589704506818675557047921951950954401485146067039861507973700040539654834327060830449948042858826788452785770033411318778959640361297225347968306995385240919393600261161182015686291818740531083918027516626031074361121189346728687264994599524056912714698083487940013456198878782435880191841326331418254966025029460586775829049295870202617598177103807582094603774629225074660374759949942305447368258087598346497805687861512225385853088421757192715645799005736135987754726264705727085961971796213641072642894274711620940513779424
696 5123109415758967956305530163278729504319883827594046357939673662102874685033177788321392437783526735731842852484695305438805178961303545659118143269331376080138900764135649914084686244268060254568075697439547422584275856849462798724528814112497880421216942153212777329288296011379952224028657500061748006204691113175578381934448730737196645909479482754280252701079179470366088359813029838429050052552759554589813577655282414978208741158517234150135866838529588459367093051866518607384512453243241991241658227737403682703166388678642141303736941283885060287431473727512077095735753565101347637971557537185575466784380387066872200310198679080173118676525081557449358801119428789211175173235554289285194940410145510619197378232313637470532688107549282009
697 98268231646864189161383573256858995401594084115396551723864260023474252865665675729822485679478157904661689541474357283149147621103959489246561880458366950144307616436236892970486063851556893589785440268919861411434351078414155310745155122544129081221471849762130350733651687746908786688156727209824728705616498006111879517710244571593840490503946917420192335734846134458257844820221699529443721985019432253420888660400715004522380570573367968637470814350380206393500927132938800702931607142728551246920562474594105909202428244338364908318228317707564671053043706692232754038095722980559632576490698141028130360232788225010400224064683961299910129223494882872431740462521989742710218564968076392535140829867892681599651292048362292207532585876601411274
698 1886233417746744005912013600241135592409233539945718730644810368097377517942244723853988446465928988675074845058633018881292155078598896924278793881455017202112783983119578712986041563101109922434043858675321911893346625118876672065605711247805889348226184661233389638655266995718512112874158194731374782871053696504388734812832851598875469912912286398664000528411479769616022682394969113141182190325932516805265827262094277831917231234895882687034888340997206578712616402234353794680126453324620006190259283954947991172607497893184472223322420825783450711366628037593947660449873717200929958228564278618793968267981543311348798132324022960280328547330748346422257962053202637177410354024176523353068175033008675887699536295125821769423440735411300832416
699 36230980378325778117815572453513354485266365938276813558135369246301628894492398391426947191443545176354335339803920889341919248654432738415952171101654266277548295927584372806170920879220244232064055232662813475189652327024623953171037426576979003235130596153097947220066531863263133060384934354565117465484019749640490626252563329370922721344041734037021221867740203762777139447062453098681763024090224089375866414072144171912489240650287987725830937956455088713241190435196464640354723149708248666988995868825588006438856169289443007680543217864577303244405403526529295196764328898906521543712063278908125529169341027952483676442931067434598918710942209910337151253704638052254631742480519222544099895071837168106777662866028442895956079499283494072680
700 696412676589686180187020332537910811828498104919278369283818998080383760174278051740322903454518691212630531110325477497794173526164046661913530029610910287017022690019436922351285467964608717083979405769025482637860971118631459176133036363309040275114295227584784320749409980364742372566340302510546291470352813526176547810744061388977337190863341973569421406811758123128385078285301642698095529638166604971218905955805141413083520172863846928188041857305477391262656931217220292778398981813325250833579745253057384916851480431904008285843390506888785052222725216684410976354220129919232006923709560795486014422962881186924563022756339103532713910276704131158127437972325561064348255650942302396117961156624873728801615366160066062194160336893238785418281
701 13395371299192871410481378477494341558914359366285301521410265918909104687693863687935467894055481275524825067711599749212136870179542721476704766000740730617297700412637759590914193236131304320422430764817341605691834111740762154762581654378540180909027569179245614821382729398438470510231259793785619963122501735775168512312267508333485751021949969753545359671454699541981772454480691453786053469581790148297460084088091673668410999020789786626091785611042985985253694178753581149222729445786066408613222797276425981173670567767853782477873788368423129839386819152732928942820117408985967807994787740052784012396816911484270091616003678239359634918461948704731298952395801198379596681390364289897824974379303801150227186200703035297226766201392103457892622
702 257836220782172720656125515198301036510717194192952009140030734245123804508865459848788807006591541891158141487435842350937891777863123099808353806394170241360272664609460119336215392491708964016899202189745286011581034974380404325585277417900013317474145194061504911404425632506463043281016705974987368269216339283463136793883433055864531105014983002476412273462381800760044934932621568040817584372578268493195296074575696309660726579696000058420094477525265550318446277035997903914440772062263229451199713381099568086988540199366160690808903856286386683169563370208961181643151383010636402238216843579268375074856788208094791712603478703579342217425585098741234029680682073131965834414871112430935229340354634479959594179722886223127377044450918917139709254
703 4966309232448467021440330050037562094469114511442235493915739204741674102233258546158105771767093210238134152788063154199004001645972389698870079055654537053340414359651632615542554314991862432645383616023040860412260725251258301724632728931956886906997335760566338521120455016057585427627304523490632785306775699408434868871645462235084772589230397370847606197978708689766637952682584614046615378930577505619752515631539919604107192735503610057491357119806875124135119780867881677866230172256065572078747526623763300469533744769766765231781540467787116821714030302394585705044422652269204086748384734207821955432337932594815728915628771604714253891264960068454285611447806194362394067923584160330020707834679920584264450129270003130102585364240243282588965888
704 95724658947773264692396511399839526946241566867361342711206557659025253289353900412931765838087315955925799956365479661729141907453791720831410618906402462012156392302181594621890372472073417766593902786813381536488785036233160624330650380032761574657896444070216067335478277658332576662545185026686186416070927127187459020318613897899399721554504414242544726456737102557302455048965376564414405078078128015224496733882185020604682948788495630621364613208700348836228209297539143855749381938172722338901046636770811267089499894946655328396515697880595229297400336615948921643433709472013217674600713674110289981781927381844182411752053275264642714425070914825368664059047895936814367781958215736019221435639511257530041601391725953670939305010963702115766623297
705 1846348663385857889750112854038080165246604432150749354316504627330465374326577537933664050385987672564868088814157741516878052487659059089683113486024626773314652454079382091600640768506704925274091627434935284831810690687301711982263687328547564209374457299669850396030438670818631439901170029557134243236709361168660750297573639335766782059258219487466325911244231915700042333369576453015846326151106698746187258494000006681052468388053518175887067997940623830093857932053467435303595517658435836496659549771647374682600144926289440072599508712775553908951596018210040382671592694396907658253406332482367529271681048621516726854511195265926417211095969338955504342094399579449558276725021632252351520947364183263483260271959402057032100645905649459228377098818
706 35637153271949820326166081378181433177269877536329303331372419480966379785468504383698577391230810205006675473411172062107265145818847536543171061959984695863605858936749484993127942251148621396881739311180058967212351808477607412370983271480112400063611902056456122165454270684210031001779620343977358048109746637065833784470044345294254883767998277715084614350472429118427808965654354380254131318712685888120434605554411318954505549310392475785228776460611846969282415814084785216383127341833406822128729012551743751965193607842458770996569550064625669850933914843640009722803692138017573497387458259443299892840701414412513118202986001434345295403146002272310642754938306845145030103756271787067136687728111657171587945563238663702873675314775836306093995122660
707 688321405778850584352830975280642771591944544301619200082256805242285889609913664043248819202677452456687544869215933688323656700206324924746151679269690260230335501453811054373954453918268812481273129609429682155257430966438762598101196742121676348077482557489748237162214340818596245006843225792424313032286505810187409014662325850487812341715778866534430823975308411318392773811799630521355807613128903894897630483183413680706553124487311150961307313732622370907461194794985523596204142834090475023697879856829090702264344839285775836660495880030783976665323107280889284997211709607324430689966596791960221490379952102118676061272693527939333779525571163593081427685308558180563880926051418788273399342621350440812920451700887290863721253642422920143325299554824
708 13303873664049086979815623783156870116345481192162192579388093301504384333665764215872545215698384265029050662456770843674295518320078352861028707613104272595946809565063128741941246010824880786977408845767170556548429971167511786577429274846081465970596095885475215483733026163028947219636828827560409062063136815331492568717058024084654041195587169177674384304042548319241837147653441081131318294437419708289531480849445020590601517580366247578932294180789216198033436392980999490195831221843116490057267950300146378897942882015516180769446116602908271103895928961929452726869718726465545448765126820634888383555988252804148319905129738035697568352239255967991048962933469181361904537655771631410039786798372877079555053181087374241681002315073068972500599572976465
709 257313812012651619132894204520144732645689822147086199008548130759894732200380158119204251623047541160924785318593819336185031818543220538683539477914209469847600744830439147517508099924851174811588733292309992880587189248770053127604303519928215731364063662515590965557738009983221316074562752370974828032008703125042929064414852538082583516333830777364130111403289380131612075463936410100951952093291616139030741487137965170401074600211118050594715736899003846684728429947803367605050199856528189885958166359546059032850653127542323714865591906073821190831752970493004704258381269782262056128358285383384786901895681273005218983626299593690191393194054233461738415077375353056371800325940999591852959853757641608347735353309051918852870186731311994163309418265161574
710 4980188962750077496967440647540833623948335645364664564691321252793951170651726454753957803195973955246237770490747468840559940822171035804348730680566226241408718140427849850906650433767683854188568873539655540455279829013236737362591696090287136150925677701859292462282962297858497579045636986154920045064422272567722790958970451088134768140767275835438536539338394033462464262880907993902569946618575612581814417188690947480064613341241135941115680171079175596986598349456058186624570283610834543856288288716098023541620376243050567888018963300106257432714807751977960422297131417677530690439978306708770163064271511018477872549947356596362828158238990102098560796918756912439847911193739928742417084167180012971589779232595069774649626008582251479401022266671806650
711 96455249133247728098711330354452286079491067418653808312230181737936528467886872666131069255189374837954998951250850242854338752314285937306347015079067692772230782927648966793380779957052276499708363558955858009504025606950990624225921597424767828650850309726151880718058824846893675443552695454036471410443516233520484073358450528376493208197444117188386791143207768670250557090310301784790988915783745150007243015866237565557646633716293602927537124638675043093407555195900155370219916332606606048314416429534722009720027563084346648522736885909349690773402988762241132786151672825271691644071348760502061906688186203571833221229096862153225868438725270097746567356925694923980022927065765283646144312178021604739209697333963026926844977391563665404457520459936746208
712 1869402519872275317019120200878989056205098557168474393342340547732583145219901490558540047192956102905615645245956949150093677685007174683654495137360644234713734440919963513716148334378347728590838882539073230411583644735663269125308565405566988298380391571588059997290793402884518813583799462525188007453377845267629797654751931115752470666310594314604505799147676044582887834675913547614105889911996663229133175535040214868460648983198137997964719265542861555620636567602256869808566937298063703661153047212465618390536881505610348816657487820747177336819874548466395043123930457518472617440703625948824239957568844126149955849010355810458392692771805746444834211060003155752565879312037179915946626275694106222625171104137807866702111836446845192071221447395099913609
713 36255698835875090384209709472241229043543664091918557056652400337306955544021571596034266236667968232636572771366885060727665442885050111333367206013048276708014008554626820175556396389067484300736870491306836610799768773613691426661849614887496719212408526988961205473278764460802114109210335391889190065276491382517682369807039544481972299388699422092264396841701245575527211437371536133892093438388901809206715310691353906989761673903056807441631704199230514418420429994940662259291967109872318759885242504341594014855726707745179929015013187647430342097538040042205358881387001819727830688552139459067809309691907225699508499217183387168083414791177364536291485473804013396151444052810982503535797073567158808312153428203695626966122346276539291908760327491362549936762
714 703632398430277378560035621186040322108763849001063915479867975877839138387526403725433063084553296969941358124173515907311108376432611473398021970050798268500817203963053794572221351762137623407666351557755979867735129944245478504397007464674911541734208318045898624506092009290575330558626743513381308726132382143061520132553478952805604327261581592406072967137421593491618168416672672632127896136971710582007258976700710615030213360904792072715036481998032089774987684628946364780950363725281060966916880359191819780277393405248074456561736339654172651342233253844708389276630175153822555114883333922798062974543984578735042737313880411501729606110712016017097298822225139999817462967208255733528742653989954729789339512380893035378776271888063025478186384211413219095176
715 13665044732255622190915006757512279705175623761861948063233101096465075745375238249307683242693351940137516123887834925117451504207838026275076798119715557191615825262242142007333633060853763260921097552199950068228652466511140163536008244786954988660170256716599529581203250304027331124601321646113766757062478051393132967338570116105110701358721624990390594838045616886742596257276996840498551300361004107373407982548859732363870011781247600733098370733222940994360291407820233122477828605504635017625891075661311680091199691424149899079428950923610519951212082568933124189372483325706522026272273190539539891189400817766309331207456941324091550393956619837741303355707159929123958711847134500747576196454249228701384190095202079675767515065750859882860003462373524821487592
716 265565443370294923715407759142114715020113081704242829805025836460731487288109690783012719826963432255376522332341953619934828302970712933751568663397901337314908384281015400464188876991699032440865651409876590860877828986551021468110136917140573320601016834577031237154384189630053299464589695823904275281017870858609157174792715581209517050518367835071764717073242547356741900550445813642800338117396876495732006696207714132544686394985163162765081431288518429133805882504983031714058058819155254843782134244251983161430506530502960554528530560519804329131731587445338727550406086030774996757400506734901246436076147296953454631165826128641710749381591521571862136334063760049058610454107690053350866066582653021965967735527561786341369420401677423004050729010059457257560601
717 5164483979883935479158437681710266989325574200331751210474092579543461142005132603159817162332530102794676052746130774274541192561480645353366600789315928590509181740794823310093296329307773161481079123873558690320849738230794770095769092673263936755272053867477962592015749423623851507634163505955689657687916252283047325965670102204891703487620070394126792966512596201253962658784249180961530979296816848989098768439973928184992085618562428025580847339148942775611970352208536606122359613892566908662664084868832220474125595906060699374503809466634175731641263188407863749440441358296563143176010445543326297427476340466175349869039139593328531565615039733402119389355080594639997808651305408571356932495431001511412199884657507350104023571473360691009361970270968105760862334
718 100502478149819813092989823213729449681546170532154927110478367868946065078436511594261383580212402282474847570056892123831144553327966588570179750949162508686561291697679352076737103169327725807751847980019254809375990344402611477147308245926729758851037097480632176730439673500812986015421864306737324483573331890523734751716254995859108324623714123184890326395806670702324304956394296278726852363442295510956889172378543301768534501418236003458245081171727058834648282171497444991469202729969303397580450278555294175427677440356623538450246280693243929889932903081284466940036226243344786979082792363372873767978813220072465562457570719775702690593606395977700626333283970452252038961675966137724317850398603436397194616939052188646655645495675555549463573684882313261225118094
719 1957134468918094617850448169788570432344090095551419487275914650214820345629281682430215653438756974237160888532290905475528703279180258593105472734708238836974612127513418332055277133555472177360199793012563603979721471238373331326576297061965115022371340462838959728560101591293587603009903644697807756422379224586279248436374656738517675728423129429873472397857085005053123880789331876834397239420647952722537896426549170484273189281291428878654559699595771986667151623790466354892457483924347107061808188788900477435875829168585444963584365783948230105414967019313911484863874894550959236950858547536198677693156557617662503840377141403577309788432213180135762546806435444225331251171820260519127135082506048479749880475473426081009052119440348723967329201997295347282255127168
720 38138026602853227331326784526731172317700711487127193247048127083035403773866425856364313742315221795928106013752772070054740742477248230478370183076406741964136677138677985079680634274513453468150865065819495335355077995223313463099607265595587828208744695555866543351518384051586262568561774795123244570508778705174823759054226455247796672592960213776433989900347486457889873665091278537176064090259874336667017998482824759120945609791856390123622788921417513167140533205529546551821370466713296330190770289068806380589839707696969918805673026833516044865790812128576319583276916342155082549420663798350433234165529316843750106325102600522830278402130515732107988026788664807036065277375168070099881561226003285582739942573532213993805084497883548721774215728554928121323297641009
721 743685002647826337066413349735510813177745190933413918410015358485478138373222472372457056806987111008424606329643643493982838274621731453292893103938726842693484349107265293785608040921261173406502890446848674570044668376656899406330362356434011793773612932409311525497435007712924593453632038708682940760776489168528492820367290209483418772689498373245820789327826630779541032689645420135976268901403461293141929660253800718701430345697416500878591560625693314360648693581992667490552293421440428425972622347467428496223076122972022828177836891946852997867886422591241409876703815827775887470205170185150056542548468338011082740781062076512450457131943367171050386150508642450267981324816371987245213758469433762532571853981702316197568373556129263711996393048579900816576270985074
722 14511512606277841403675382563885464019867702037786330680594389235461258900739002206519974317782782179338470877294394360783744246308908342655984529194521560691746824796170017907550317014020617875408965179207686490633227824652273059585288585236441217777130448028077133675395571650335565380704432739748174230714445601736639869838943040553938017578748135546538491143353269242077785425787596972056535405485218096829935427112553538761362795480557573335506418361257415567698381180778158972698067031904940403624840696701306531889155210601578163517025799578846145194418369601007292779439670615345760687811064801389656454076304551718604871124143100865254180960301059546462034063821216637790287546457252045293302457361056619857901691123026831567961203877292090352272488271056908952614286719389324
723 283353641063467062253183808493272622983622588560215462185814941327961605922658925969163200353508622808883966065460571483858540282584664263021365386268371314325441416998446421611047623807056532061859760075743482347704375442813742194973714577087336481226291523094043250142718326938557805914192414732937057315735146436159690024401718451282193903906001797474902706485362596268881868743094416351211956613342569354300742999294302498571929865450173638403117267527445548709072883910668508270532721103755655279613943675310781933273797229055964415903313836017633503923659311367741062449868100037086744008290233823321401894207575855909611281916497041524505021213498586778796748657230090883562162795378370518682447231047756925013426416337412218873382170917832819184159184358118543097806608680493576
724 5536521204536045650383672296619810598175730726238867168560983844564937327990177724729393903390875771729410423646031330087573957446409484304487764954685176284737791993211992904144262382882520202959905154948925991956932847966936589764848182432679057316547513709257965640635915264360032473729197066521776128834364454264823322906099099131807756267412826865321836500379246061901040192878204520235677773398991520406737367614038683530185261829412015185856440714302629984215886871352362056387232986653344081391806275881183746477147983466827259609066653283559938064303109106932381048607028862792252112995895691926377038269829823578044574628856299554746518528842482142598053079760510513763646254612903610914857936795750253313573838602873125246475337974497569526706799938480719583944178401099428865
725 108252216090042855717162802875431136429738919079316972210918900075951019474954038388551054031537751539949848122375488492986294809883350279649732717476969777727710305655148820738149026012940513075384068182405938342999768945986918135442819716626838531761078190830848643817371308779587237117623947407211459405788355037372710956751722037721603046433338478449974067601323187209370717612249930447550012045735672911340756704858223339262509838055099959106986450193001641391254807288969696304455344386764769120251860858181342197288899478999614360374017918839952083236629609477738516186684215126236196816001105452880385224920076071345278664323586477107379588718735719849911874468006418459054930267937562923937245058050562138630940914525185054588076374932211966480964504268298691456899074047778350166
726 2118009413336627426806435846548422383567529172704025754398556035653023269535388552465321040962425656677725831905884861314775641362929993082178791396027688769087528799191102244942516270999295346749829639428866073423366392757984900220082709939689336337667825667291490171368208549742279025081322482554616194172662651935503577171665695022567818571504194630561800717238989507679448307627038171293101043789569594818986421148754265460719759882131661471572874429484856325661621741589877122773020918541928670665477539003051042168493617477457909598465213060772209600578658215294192836831035692319823713833511241622155250116868302030175459254598423215480365814688556737613005142421071734955258520692421573686030676114907904091458244327368129519058624059674829704675532881936799900428635833646871028162
727 41467689962067205479995114691767640475777626258035745153067576213261218848681181506703629181426398341449495624389374928515293804755527819734856634198906202973110224904837698583259687226703171849651938423733424661103782404624229642453547676933545142632819748034304972198982679291122239717337627365075981688176729708020484009950916655734370525950022731547127374290319968058285704159679887888977530422414486698091351483364718449282642086015160496606962449074640952971382744191130361729442538603130922245877028960951968930883008578093817729594420726559094791857093521260452143470690747890706681256449913073744175279375315953964184253736222107644012846313948990903055971511541404844821725673087725696537219254716287241483805266757272896861824386347533879520506130183463374245011449250014301313504
728 812423116416599588837537762835393388094358245122301119754141973190961688959562614604080488091749337372141698438131464447093627260862045301647936702352984914920970707810398915742335609870446678066589927175840675387209149368530733322563654094980463569543908290928407394577010591397311804846939011014956276367025935012543786100437229643949056485977549577071622835365312148853604888135921782239666310361817819212202408781511271076984634683111085272259488741407128655512213058129845634418822152952392958368110853158062548280214685339888496823435758280680179086467725111627538336077187739895122513091848005024208686321915377892948051422410048158078866002860583643394189843352811516368535827205129178518252385360542764330774606201919272041799163544069171892022400099208458538001034892697475355564473
729 15927396107590095986295757067984698341515303016176330228047273502924675959303853273797553324721671532830482853528058625890918219094251935595003179867854295898619647685623740049340491604003752817264721482626673964359537835854062437996881782337257668059206706449432569761106197193011368181816504185585151601707443913586010207727546350659127113194760835225999550764186940506098744054339240917771976149331898220666500024467951145840507675035637086285497301429113756013581223315796862484800627473793614116990287909425055223587071312055085059260602113111470230718378313611062344631143965346057707831067841320403960575654218043112893211909263006394321548484294990827558091459309653582306054835045605194906068803704629463851621625934945242947934152367745270977246884551080858450307708144327688184336682
730 312461833599648945911997040502903284995956062485816238938309093717625692429544207604286931478210179673662202783446043149080092169308898470696500076226693789844773956036419344295292989206716790311570044901808520480690877355367780100732615527005126870942733232638301268781715063053030176950949243206044192475671910193164492134387135170700532730576566430857141885672525874837664528223950691435250179431395402233120379229719565088939899334371183210660210692042715715275538989533190519047670713301417043921350749312117885345865431461114386399814653885559735597279097979355113837299317490407777425109592363154240131083153330974038931981088930584093107639528408020666437384283085857056821631764917755354068189460302738444584352889635479538204628845952993011565422920762168224820685443978906192965369328
731 6133925110923829028903096248851310528819799314898264937289587559036594755555102579177292671663981124923203685747951470912210701248257980930670162317927438940790255185131896332329242670470088445021825746801857854454101956360027601188592906971272804546582784439905905516466030137098685247404881523037417102899742660608851223058805326336611492603261651705959977689982852629816755480084943246880907462012204201886726138172755708893645454559896538248009474364383793538239476111456943757242300054972983003681300980206975569566939996017247975559564726227802104924846371604198400799982436824391869637364888365761887721484770025731801400933924559421217633610538227168138919812660764241389684673974086454092236337214344807482352057168857965835674561536363889553749159224182221988408152770730676224340426600
732 120494956208395343232694013072913912837339718184707008388710715859687598184768282562346309592688906885483569904489203263475524435215314821205589190216897366023977523094461376344406476720128433699056462180863776350386963068424635118056730189855149239311623147585524169890573743214507730011452304536449591548995661791307055344244496798813006471994284965399673907846127322820401972810050896312182473133902921419208784936250116531445648610939749593349646587652017745329086746280604673728689781123291621078895675228442121606153687910785113397891728048342665333528996232048170065251532638313638407227475693280213775697918889162230050506012473153199295029677935562732055002460270187924186401899933984913681193679685147078200225214775443476818568719155159331786693948223135792272779025267010342849665600649
733 2368578509361978682325678788276919221649796167094921107905344556246599576095713377830824073757537989169837720731113417352800746442701864832296203679737303737823606048445301382143073915447415848799555598383744680007815330074374750953676030594826632105634213644811038541675373788461175873185341382729662959761751346904451028595296648901181118511089680315634005731224842811648242856261182596294035057961375761410693914576565083840966707707141830861245118942198678077093854741129574560757992751270889891928092484474298667852437196451106496440472200210832136788485191424986883958445095734453258629321707279331945625622087103592935263948295824181075557747940195819854969113800440282393505834911436670338485811268742519020482254167161887955593295522232524853235760803885920151024367015739803179070431949550
734 46590227437843069648724381586036325232953472740882393186562177276751948109905673078211919694274366816142307875678651015048318214166722404214747436489338637068623357024112626500540250871734551016353277218760750600599830776186215839280496010271666402932999908808698408891515937548185512787388337147606663058243159224314140339933026974065554493732992262617314329910753570286735766877549861542865002698103747922260317986180357850881519747922029931620565416610489190612868690626111489819187142423518914827882805293312557297310840659709243113466736393952590314193626808586665297905757573995558554081805286713170401306758319426131363799654873471405216833639742547342519155016719599250569915332187209133659483891713191496719964907989749643948008015452175999618952439801776755915134269288732599004897707387734
735 917042829628370235403411336277804139189253564148265900341776301697377292325080339431039766800169577836057670244362831892202592531859657730083602288792797760718798579827760884438119914798659875450189959624786920503471964578518936814756437253870453701753573423276755072957215804807667646183001295300757800770686779211699893348704545445249615546558449778612811436135883303567465016553534465680922886498909340240690331593068026162436784830296652773128146627868503383944860307991230140897749478515570950111456793337617317733081510355490880555340269971433400583961934657269345152634330256407131100357532711867660418722875329996535073300653588857950484306007764511139220304338381403030183309662140185483053019532976067236747193314421743467628544119872628883183094535229852411416589147573110267313281448847360
736 18062246526754619866133983759939171824916131532792986592996657539542094196770368032213026214293136566176426968494106405429983695345213502481110658916869416201972193964701207436636932235596974649468195976128743141524209690215046365669978969033843689981097539864877769545035080822539936351941909365620009806204169373759303538444058471901373669240299602421784484843293197169086227227491883513455243879401088575632487350507439715286836052065603667609496219940528525529480538458400258394358617890370531606772329141276638403143470873128492346311099262945986636207216600217162174781953117486772679002461878222314368099609936878812876951573647026335070279085433021933186269350491193927239912151907033146669743091683430538029694279454649612440495493806273396742957592382283698588186000245826706701115637767533473
737 355992529244809051612291061178309997116156069921428970868941224715025626418562473112551180280155625998763678453541809957706639043335497376016918102337015391026849470631231093352084120838903138752863196097862723347053628637399274581907726097085105879077289346342362013929769104894165463970377886683949259390202247513270714237441683468475856998147088345840605499059366194533697085827469334116875327554249180454326874542553007356144791262029920214507218252310072022513161561953168565315179300723358426722844157486188619987784007439126881830953988747419194751397189521420915863527703816972800489484212682545547232398989495982536051462864494520489823745849294244287988951499184740943862461762405691497174780789585111314771035015819062080261614001979337140195927928614484312195199101126517840206059851667785634
738 7020961497617263782215731068595864400510208605522041023684707856806058385026828276999157853354323018917865229827867073561370622625719279791546751242661829969554589043605976637471112115774186784406627511289368942569487004326751383514129965670573427482102281556482258976047713928411401977836942442597732877879540746430453719923299259600082740947817641639479080406234555949926514932771974350581860319053250864862714706879798262296987294474237673562411323410365097942891480253102863912833509302270084589621833610617268190747724759623540557619749616774488263511860115001553758358068404169591919041392645746579549061155056204264487646593540247238130756728374079337633722341830435300095390045816100922618309981620770979847728224134584769070804451216494220538347279517677169091235833191836572612917730187887637172
739 138560201053574208352957278173981408334929876441490045759758490389008027346685662092086818966871826825461044418411565852933973749138185560229797990056189016953975468441845865631066194765748896553589578469449645219305802785845783341529034758543520049801160695029985023123097398186805540914891571572316984222559271202583982630658001301201911901763166785427582812308670364830127588146021893306767293850348323042736494850353134480392487665794293192822828467638936710261504677394798648796792260919551023263712749801763963276233915508380923394157248458945880724153121643166582169931554964541041699905809231947159251432581674969811558662121970972559120630819688302602045639920779197078852569667025003930824391483372469610655625662479728207727470824947859293840742649140729122447361901058084914569056845379134428936
740 2736315955171961807772777773554451236523707060484645224523100397407249629806612124581775224707971343825071179454722383070641104120654319083102095949841066105689173414576057221495377677602198006784041757646516153970015994386743795241757122056655688218179004870928420844260751551699024272714560275333478149037989347381851859002278727353232526052455694192034842562615456066302938113271652403022055611900051143041940936395878491530277786621262232410915018129474022949131352371042858296545190702759482321423791185730153193852892076569090929713464606665506538223541364193741472762416864507290051745221088158181592404059952470547671987901731862450667500620318097657526522906398040258114146886618982345299599084683057732154315068592276092763925117775050720893029236070681281686204620182037616781348617014897560182577
741 54072870445521206002543449337014563024615226282056707178513621086534723761753649929699941651933983182658388136476207531582678378176352069148242251265659096887137084472279950437805402838312164179888980580577609707722815926542606523278264500097029866669509042379537871911368337579910477181681887542876920803496199327939217423661068209448540885655708988192954274522977826235865209521372763873179337983454104830375812278451714816515694466798047860351772965389700074101018835345815757675756723373453136440629364987283701587697557772424223047248725160704955346522272932986960166722057978869746001560323408594604095059831463046862854472217922107783821694339012613771584432497046732775829023948251746301670036129272557722902224376541015393726953058418232589261024387577321421552952204524058077629184178227866866103366
742 1069246089814319036686244003325715971774910545721860085476583868524624336420006748149538550018591351741759795714178211650790528006939104448979119848656694622097820421279997179612590521228727624696768472667435102830598749844024554557970156783116290195613919849493982005132107163260248482358783749691597314096590247206606257113506476057497808051116771533437880865253312026834255249545155805394361969998373078898935899681322635174248753303286336084801244691424562588228750565002716185694022474097221077688855894893170536507120518179556957970944094233607881027456119048865046561578714711074355199037347115279974876966073829620049161983760443076981464424477026844713924430770719668536177518883894196407821296546686976352153114824275445809143171752962050040574870969800076927134866292060013903509521090754861693839434
743 21157317460325447066631135432026626135419467109505926802294394102172274213911487697033066873712066104099350988415089309633755545499453898137551116193849049115669247302731998767257297675661696617525524758352017109249624866554602877955845418569162885663336529093492301420205444574196990755353604971870373392595428297536025530003593315867630747072212660647120393850539574473458180586735137584280486030851573023383550161126134689509829247718761116205484901333698140116757247895973270162237645207335061265382664987669065676336763230635155820023845491435498792260480513653520748498823253861184994778697493408175396191693462351529599598412718506118671223871420212860857541103423580894756659915659417947478239718571442170410329470709262664578706232955335456951045430954774985034056610272747589742751443302407402451239904
744 418916862871252128713913904669192967635686190118037878599583593193332527362153998008661407480628048952033994994089384043727831964080800753157783699894139448536058444018890949583140971572748373004723396590637875362232359808531737173520743741888422838431714713105253607329349309307009426192821159857144574236527000258393553176228002409256815342087651671086012075724771648455801133417533097190983138870246358373787704842578154974330365476541278139751547926543635422937852458076983691240414005571501302165637057887928505256985595993430344185215048546337630534474156799831318069406105126380845128820590620292326050423072926970187887856371603330755775989776874199094437429350131297590214696940468059011187762033938997373411288185339728505579966125057218072044897431720403601928226870919072761848293289063215952559509353
745 8300017616842481161034011853099111203079437688408995612454245396252504672044183165153478817938372672729042238178710151882301772662627377809395574482102910244122853064286560490386484355756730363032981369076764248557717622600121309212073162158901597748024571800431135886355877413195388482562039011878858662978324041090563063102566512569949268626486867762138358785050763139818973401976371847335464185362457309584160139862063326816741760251779793926294673673346192616429927299327026826673936845303811623520679765794655469692429899405025887144097494106060930651503148135767796885217767189672255683885406914837661131828887652914963738265109246859960806881880903489763871490375415180887070515523601244446832057201801205851259016024540071061148037900919675786309320462374085527114314197517549941023205919209973365646373594
746 164556007467819525171323898294708088131190386602437124330098925657365537378127624422384183808212634931837722370974050400192783095264766058737248894542616924548072652683332884684898066752391873493794808297384691758670387831182459274935310577883283316483054159788690731420203169784709904452484331638593784853202895137471358397835611411222741391225180941077220863030390588013832796166716217099572174983964348983006974046143715132241968083001676540053622050274122205372248894162041943659348360923473797331303302357991987930548057204954544268229310601889997120010363634472849436773694979329727488733965708283875277939635089412795045908691717289231865251068654979751989032637974389182037152474318187255619867295861047226133669509156258803642475402547262016659056062494084629046342937050331690110436602739789523670343362264
747 3264612587358486238817527325427226122481360363223196985581759581157676032386630036607208522308194828196134998330722292128232495184756091670546495963608053900727958272194363227844249973627530664086613349647556138594977919872327768265644636644233030075370231727249719984974123383613187502689405902575347495475606924484796662466644203856098793223218026050235897869246850620736219361804891102079368048216842154112690786284624367698295015537041429571524682667268925147608826740460686463422063772644447438716277194882295805860670624632731713116549724650503754718346789463182121573402531024672314986665165190975741710677724627776534002150710020991427226621451172433178795034293191959243357990022383252056511640660733797611578911994321975344981267558540760922845587255190805573423539289823136593082604013564714575739263899624
748 64808559380322988652892665287648051083546564952534681485038757777012387011806361570578893266579720292703443165075017141800333372813778597638277582522546783681707130375760862099996126939022091350765871652869430856337702968734567537091450792772580990440032487488220053536130108883094691767918545935409423030573489705899084703257162871653404073541435698013116500642612930537909685128156756297319361492219508673757299079542373827156791078579668455551579329469790629956829913157064373392018350758023647640623712276771299291885644019285731269434311889757362677602222788756027810926764453293990395773168340089145095660101248068161881172001412287164144830521128134860422693240895613513325253015417385285658342009312765460185571308418762767907267068111216755153332554627978456836755797746647188694385893438245996428447681386361
749 1287405973346076085090056648660144233952816020979621952585407720920562061140599310279978484870998683452156000039930515543823402819504934928257940320893762969504327503312549890927667742062532325051202571095879204760156933960921316752575367216037850753666184269343240187908939316046233411525101056449877060086188282925455434797015417215762402135636586453826460252675558488003623836124088474026042695549426895388959998543134199530168274397201683830087572988362003097736335527459591453943581233613369213439869521760191078586706792944243757831582183771371018819623095442717732340166012322033772358279272704109560366308909121170473864977442315148453641200254592211085881433583696002249962820278799913180821951436757572665721873850292342534602751768784731720759004981696935144083871261785411842803821096518231605042802011795550
750 25590615740967196829924806131528163390282777878180127509474941887300207190567984899247063459838393793215947186943061943718948417624671909042612033766848806850144501394222873178426215344195816581588404440921915775886795547236384143161869414505755722168678367077425760263957730147206742824494555782228410696551246922637612198518451494085788929713674973208745147993655407439719755759182872085520803255131742648047947153371524384713964928864577354661929821539533489331547552961358731475950462767872237078673761625549428313043823300176392983869449142430382022920456641226228161437702682307280170773217400237538971238846877146731179304477971922835007952645677642783744391398919551069746932701060319395302700204929044620235311114507328380499827902310491014903258712967188856457867295416778107603198531135860480265710682531680926
751 509011558732418766781241077703412323239565193756028170705295541092971261148863025909378984528898399429500525201936970530424636176348774974603468624262456801899019478888085357221765452488676704638314969887424557163325724249562338583753919804127968680170330560215812450823764443322567388852170002479157246758914947161146127964797740658604570931645213186620580972873327619685080506223778094082299835433941541866602426606318416308292151965013809632859813478669465652531541543522435322431765215989692376725344767046501178322352224050739924049628559148580199589688928979966736655170040309230961691307084300630678888787842252146244115603507561261079350223341277018046492869709597399914607971715749686794701342969431513156213874745292103002243161191489157776048265083594388003061360954217200254576033352878456447959282837960909952
752 10131083077336084774832968183158001757985889675951756114267873690717849164802425348026274845428134465678696667492528261368749241203225412774625593320597608177553352003115885672310022421906303739315555039674064888896760850010442776412616819658292120215593396581327898310071870978672302690862122976597039668662183790072888314607735502434861208503987003113108756618487760817019708671676537998238121859363476777532630556274011584960742965218094894985745426377534057641193421456993318357389139216709653518306679138253086224026829784917063685984541436702403840207780626081028525355746248856768305902036826789945332074594268059317167534087225004247042340418116070704734384035703348602139454667314429779428516620022752290364690853800047574070178452460233779379673541159257398031219464030925768713378681059961997027866499469872938129
753 201773934940091750467970233938492741457682185125096362384811644912221528987349354602907462520558381850885644406021797666073624761598539190712831530355412594092534185804480022666304715283893083035641141202289410660888896029970663253195967625912472328299722852502581286045219183889618924593704128909999743073393661396244405493354084860399482164268409767875757492905295609628452519264928990420224009900242467290308444173552895325032738180045794221757465201096587875819318812593190217252948743036828833355398983931260779862392442140020645090669693956142848985725662387038504876027266425282225382679154065977395933703216875992378077058807821819043417699506106867999238949481366769669989356018294186857633572248013716993679214695402524354414728641055901682061845345132544481183821863293701664561255238418700849684536487962155535058
754 4021192255095795710579999238989059404218362592958908417463800026312850664117863710808813079246965075411754288050704952202092088695214519806746680212220710877030147890979168921127183168342569592757605391159411873774967736483907589960752508637088601649578433363663198948942314542849077039048724491087083698159036950253723300100470369278342157770271509941517758738075181437644882688486983815755995950880273212420110163888855262855232836067267569631383490945426927606549238701879671237988654227736368209757017019052674286320507271053753654706841815592949096744058958419586258935143602244283876707747037765786786125825255934354950237409691648420178380037135865523684101730941529192676563765595834213702184337996591330461167666578020459778872005218564036508198770362172583538953559802952716469505017998024373729190206788104253209692
755 80190852694980431512238762550770069304493387477682785217730195980676477856842245073406380180757754224121085051323933571144885436198663064300840582921388965146961803032170377477657213188012208438712136195023664398260525987797832968042230287419046905582723810183387634431012556461180221073172033154611986708365144127335986373841637404079146674781596197314616212309824274072385708710997677699390559688221804614511547839405073248055091499034554888344826604359388850728342090455808978250976804724139252801420133453103618684373654178911547176434651284036874588855496509526621849635436677788323958669127697672253751098789626621477674327109644385109068561600691208193396805160157484743097545662501889752458857861621769495575071214092473403570432067217166921486545388149708125185846313196325094841378870501083944485102730993817967694088
756 1600201525121191210111478474888634524099034447616150167019046605926934028893394727759137724136110552729764205934490405503535694962989751551251085703140817676664357705822296229663732450821503514501086974053281352685198330378714901973206678552238538329123371621648076837131207453658131341833589890785529624612481111323243393811819436991292482311944226955208329015302242857502151364959077560055157029120965078909313189789392362607333103532461696209007786181730767486003954319766324706210688102808486436089572566655014498913525402637230428655620857578171633158109782792130227727119718326127629354197507973139658906660736369807648864067973087487936496215638048376145987259456055519574838649057727222531884537624333292409896449180584207199984050039834372721585680585050944702910291918712451920314275673754297214119000896897225680957665
757 31952439270171284537493850100355105755849781607919084371929925784612980897708184488043452622552920526559594897860599262181874832564183721389119246338886540984789400153498784104956987642484124408553630523869738327426807416760194680377190842340347792092184333776060296469269460074214845018029204439806166593728688163519914236310879194435249498716778387638790565374570730593900142112071698569274483871112918125501934047004212586996185235917040721447524655931759447486681435557290022974205408690895193621427093078654734170948953509355251034936136368586128665039915211647956597814132500869008247710462341542087703697552610046036948596878973487251718946781499670677346678012575663494837259682314692493837562238248173046485060903714585390451392587481532052504243109999715470085753121463521500317776178158414570201730384578057326453169974
758 638428817291102753169744192083147590389383837254439997672148589430920977848304786308756650070138820011140228947032462948021903223537299559313280727829256440440580970660149055147511586503833956404465593690063370995116974630293142528222522013638753818829942178380681417741997085010646623572959773047521894321859029355029160490990445814135100294943640403662747262174120773587215509431562093830178997907958683032131632977183918015175431474720023584661475618807720324682180122748727086628056199655311552899375095840905229259175081108865583495416441390713177631963522889865312906392505746471379772951317863362018429321971694203135868078640773645179651012508320005236675849346420705413701107675193309833421801997870490869835815143155999919245347552578759313985216051734023512488753758655540778116886658511293214352831724502105859536125010
759 12764379520321105235148660305167910224734375957459732516819555424691547228528560799521246920328972159840506492685129882946043402181645021826484034713436698744168158328912937622978688396826559169450568377498629066253590389290787023731366446681800740917813896846395563927829757183175180307915042857953962116641896187410836613170969100102312285057961038512583766821823713033972319440962771700869845626995311111660115603815282594780227728505236977373997082544910430645877784916740290805339008797850037532230956919190376847134302937909183351253680193269149006014611345710264841776855789826260009779071776478584301982543187206674157860594211212057206991316087445027289740155118885001704441157113619111244776671413052162010916428102841155595548834501820173239345476296626044410032063354061950148712946269629622605909512671874861248514130144
760 255367330090940151439651453296763994572700234114146931632236019408441518810884379596848773946981723764073793492557465803194366627125818854365530711288554146111588927179769578579033091268283462603147493979722710044398040748802181184455924811864527192073191924631054502669788649487220897265639756616012281958948327342321917599747338509473650397136544391904427726447989606997114213024956367356337864832019610663870136135145171440546891688898845939545357817691844154025106231561256583724000364666868427633993493338734363965620833759278105079511927921740156506160750043859083746206007973485384323500572564556151305124892431003865787730477705197225474376069249047017226562906758753058910862073687076847945061430603838692548526182502121124908780904481748712553727575955554979155758491643167445833129876503921044059985567982675087872241633945
761 5112213737573120693413716699413153835084130285927575154282076858503575239266001763814683227132155630583386513959249386264163881157241749659342705919751218018267573171331142344122424026260789226579088761617951069753889183873946643714240857774289709111301379674684566577209011257685377004427313564067494867341189826652145248911301081098403474861690719545942551002151912416423581760311290999537314125903735488650544123386860198754423542385141515830351247726030263014781603392380937235155493212248807708647872601090672754300223101633722370231537241460651353294720367086614856042299636002377318044437383514657478209482575163143382853686575071384992734571840521879900972691929494496207450722355419148676582584903270186337702227075633180829015112432424324630124681306821764877172958597863739477418405932097992445608555139631059792931868153738
762 102407166502221318391920920405480235767282919483417556106164000253119793906212950390214066100932192384695501834623643857281217566092178733172609906920690347686782954426823351782734031799476788478378283967892303596669542709167577674991948211094674569291187502959116332094398486712316538862636060834768174293700502544076795854415037053207864276170714132861529514778835952682324096922819666962302040626903207151585065990877170517602789275855601818797132576266622885698347077617219695633999632150325678637199393563148465425201760763918680405525581779643650982141966133796925763346788673900308745298155530610551125462066591375616247978998580751527898471854224408793464293159404579411652489172430195427743650989963332728198690702608941329419260637039970584113094887745888211935516943913910536339840888880091910232463056541030268272255930686784
763 2052716707386366862929253841231598423851878623564787477464776321772233747686192623285515717251849565452257456910077284717059738227579906228211852215305780021655862119289654156065438797817967878418300646525140636707778266357078222251974835451986198595252663848851278481299636281519287866051656185526517466184364421411870208314076399492248789935905723639638612722099790539547920538481577183285787379659178296071767649062964336342415370695787090108076133583747168225837528771810547250845820292623245819486362790879240121190736874037183764648857039396882142264077786177340493343484099808807255579251017341452379062379669016114816806660426970484902626711011383505975685375130506729714794939751022600647859907130560908816032090331962999815688526030009850430505660806298391512577000648998927146974962751975476028232126842310279579275763631337832
764 41172254311234910488643045436125048486953953866230293910019424418463995019859539672347288967807947056405939157736309238198484848474792182300148836659009492838006950710336174537069838945218101077158805122260000610635543581259092894098899052090151884064486289979233717341359858205624205711578631424407960046377956393249206224700620553817652943433118522392742887367615124464195725562998689962885166899136203427977262857578043474066680874072626984888580777717597110562606112421588470983033679774047655058896531132001953913617809485854119679559629279220756817442308849287766134941957373238725196283146430034682908988889106921600223534637884817568559842959325107665079045362023056064966045803619357254045934585296554010987931938728578587653846089379278613561707907925227688471944473224112752028794182304170585737033014440983842059277529153689321
765 826336394886520235559082639707211445610297527379761504040296367496343403509828218079057050816640405841894416425840870642473834720524106314591182309013470351121374211338628889232100179110590814572158802418126294151360730462841512905479273612474872846748630212164847736438470735886751814476337122388300890861897347583289560904834843359602815093917057814554512253570785005841275331532201962569698839618771901675428388624161902125040560165211188951227701873500888956945460867639122794431559941702439181012430298643311300269074663805076909657747446848528176233452062062120504838824625550107500455346660563140217900349112505585517652082251201028043814559921179298700778701349441880180875110258385502001852349062736101633120206490704426017154707295858046403230123166334362442032647221466202385746717434934790166535821531624665781132257118140410062
766 16595309796089490952709369041743105016113661858145964071577735919768053496116031912588068725487084128445369113838847308872493531686369512135548186749414106108078036333397383736929848495129123527123981164243706528024773922085074091345357610563003044443446879274211361478179296428640822602010952957936549588624654646197735544965172515471763892428801451890975038115367377675628238222160700218354717761987937814590720063076552552692579334935027324163554139739340582302423601925107507180933459295162691068569801722200059649184695696887204746929085460790078037313856351339334934521594299500539250631791743266423772043093640456558403265848561086156802234413342695534426053075004272353062870653044599330301445295231316287841498139023750025088577759528121755397364251901696567126787380466301386412774889257432124503819466062521477289835550784003420006
767 333495317235070001289617561369458694407662763608284500871031392854615748742135153545906447713668679768811877813148821200261209147007364283781266602256079985763125046381761562757440267184040700915546881891595140335071614054584794290596659040947116781171546565639430468402332823641210143453686239393849941234162287444389282151969334943879443480945993123772630487359763427415757327864760152863834222755786962107117507100442642017645634158293518286959377808226931497291007844664711098845436696938048116986836821251909943302374829266134199600675231327200633622842722152162548540210838197966765675257236069230697336826978286348604422839391896680411605118143114956586174685042515233402428475437135439348011821160790611264143097328208897402667408007489682551036116486190924563646307589898590001346641025554924153370307023440580804354056155590850678784
768 6706094278933434527130015273398811020595308917136334704356881986045548291250691407979724838300708985091833617527266187807298725314573256943831770314031096731265090998406356917738502089313624135331155648961178447096584800135253245367213981497140285847455148206936593276023182652239286022625892175241484983266029671584319731418595580885036778173605750649907045123660836454857000805174469036712045843359155082909954011321838822251596098773344010765764167468133715101421670983905993856323885066280521487317640682576732848589297976870820822421444048270590599951363561066467163396503049206173837917865265483537425801374936221667031276925239353764623663132866710041805779065844155816978570806206261582183766814529616065795278382713328907036681267666288436623623989216442406340332661688958322383852198500408859962836981991448828083650907656648163961089
769 134935043755817850022987967619955679020341641524521725289268452538645303682601657946380753984206316356200000636682987939307733642338904824057728778881493851257186671332193677797974284821577273637358931736279509905931620404123106650101629382741306688207914802695297608376720153342284586180568251222176787387801429193951998718850804866806682796597340106740483467513489874296215693369174747812856304492959242013096635491442034678036342432637201792101644934731388875809814187257487411362394295038960022468756398453936106048352419829699420568881070493579234227934390228572967077107570336324395240054272534102740551811348087322705431858671423627382885831058894410849189945464691263060212319611784838011494312050853606096858299305409649958362299646546071377497010778156852901062337930004966177901635672826277196933720032504352147357785499481330249953538
770 2716781341145190142968043847878497921949535574622010586466668017166181395814117850018574816729979275616555943384680470245117742888449608747432960349783466092794246705718641091127297589207322565739853856586333212038116768456195606116479012259140316739478146862365886019645645474454409704891536738690148505945222852753915095315010103507545842393435554106954695840122911909416161003361345326946993954186233948933428929850349981244900840460374645936920849409962869189857157516061295046047090045556960795086048061245978252755232140924965437201137029077756615209209361239162824984761244280701322838432399745264649485340698532664512473474888574826762996137212577776944414885814691252596962080001195547152244535644755791428040476650041279167484587698067119477592246626487179342090412680253920295684732095483688282625958099212150959563384947290873374972804
771 54734240709012971326829905365371412184291238382325135685479656470813945965457056988348355477641514230931656188825972320848249062010097418421687404608599345752439708504279303882246384387925361552941722040922084280774756434245653219730657139305914045043629303301403114048871264587905117677500597584839300043942673807022410601431995379661522060481710165255411072566573258450607310797178210608803099336222021744982181911801254349627910848242015936792104971748913280814540526703822692126250090783076049456791639665238347134395089985274092066504789704352551410077916794354041633209729608933755687879354461641871132208615386195567456454992722383182865484010416373159307138862453173162308811290344250600583301831248820941766914858885461338116151101441577635502689901605953972701621684697168381876765283970013547700575030629639903765989694997343684732061704
772 1103411838391056366512494830646471610056811970186421222061613511096959964749706547095518234735413514618922250335312633835463697816951646394930810099625017257571018936911674765057383253821951871928525310683246704127487829058337157180691555871334076306482193992174635117632090417727307263765633778719236623338798694970033637393025895333574217224347834050539923666854017255485245458094657506810342765652108326033285748834036347110159635265946629268443552843994580788099403327903482579900426848368062916360006191306185952697914696382310750826143682928366604880832730232670892077327569901284466303514260763314025833550125019804069271216299712266313381992974471395059851284786923996664736174170805731801349692590124556432990538845801395096765201952895485753853297099430005198748520979275181616011071872826717224794194856925530174157456284651620807471564049
773 22258195872424569784332253254362522419285375604955086164499500737066550080398859073092157626843858764874007367316550935843311960283854298614912991980848664390888966273815625715545610819755104112140500879499632278646931190894282126606590540213069854715844919718166938697520834180952635246119614745259626090322642121384195334846492109572752493600528812921756303213834581646644971081204035907112740659101919730468899057745221153241347178111485788838592124424949563822919316898930953086696086936026956031409974921920807120141616975690747334530244903660627724875947571250507983312888063754181039668884760187897218432179971784390891191070986913366490891563000399621132060455125075423897091737888858588926795850367793850425903131805032202278657602660065241875642944070131215647925302114730761211380854127236953411066444195281352979712473401124954956413412646
774 449278577329763383624667752714547035511271608067100099102343929531590056438535292799057714469448888922396918247082540230167763015444141453453136500535730343070873294858633759792752930048850478548479796113916106775984721036470761955534222662419357385324453994689750729221139825841420546323419887109604199322437737074787213005947513603665974559423140590480706762286339259519434963363836491042715390966467841905350483856517287484873126026032831315726247075050852328817388404797578711508161277254467304662732370957414770814234604475645007904247850196938503813758214171294143217238657615551269499128903675590425216016078354448565699151778975560429769722844120829509294507667664662133149991141990676796049126882745997189993241665130172104726790758430618228616868921549543227563602921094226046607665668911176519406419853825461530378648055561302207447908699610
775 9074329477894284175053415888780024472984354654987195987845900465144878212593093183622268794871444160311074773082246027869451147625437682166731920893114587794540347725962188724566677122703953322002923886920023614751670557508005086015588056994983926087714360385479439474510463070960566704194770600897709309322461559111162905258963206063107565829628055597661274257647239647594361257330400405048902396368461737462048868732790484365895157544233574490680695289718808310198623703133323032602894964964912766834097653201727529869111182555809600034717750365431747203187898030865986750982782320296422370821748248400597358485817420900036035691786404489944990203506775682697967934028631388893273039573923380005182518900266114230030705239580150487706611789205899455428509748725389291134657490552396016017746643215495966194666979496985810017231498497222253058106099936
776 183394417481842477021424503942024274251357738585022034439555345123401820110744786789656662009017613062201079052950271637174543197617764566106548883100977960906039186131112087524154813981657938998813084779119473043833742319658660724762866450013694591593602510325102722412312715497431738677681686799424138646428303544128601551566598484285505694885806604704175498024746872341135127042498958929622474091357984396738036605061498028496668055644972124992464560409449511891345324764593863097769470539698226975974257584678658605792137719106072666882883626777571226941374996492993555039581937154188988032836374377485581172724218946943527306582028921936695642667025657532304236909082520296555469602666305976872243749405713023947408471310086927121701426060285772158773651309948161585812590875112102099792026180751985495885570263776059596932677056282478742846681548617
777 3708771419643771879029676576733063782005779522047547675717687675832187005703161488626908088816573669343053628395402853464456314050100304087881900150075995319084964277667422407018308876152143804596949014847548647374857753911518636641818826592564949876670631520083864958259627618565611903257350065248184205318204619258815390244673804039802795019696306204395580547120699475431544475515359516291121055080505369400744022107750601204646936761579715814621914680465206540403510633431889861263994164428566836891021195853549803959941832142038102280370729643747805015379873381484429407796392868589349079097085568881117654944464286966607527172841047066280324336729408010260464779279205814881592045477135539108885652342159098402314337456886975391595720106166777710592749688689761901191627025954717954322686597069972168362513691798355046788627114222453324055920901373754
778 75049199820080495440363808610180506465783939831621119072704716928835495028782883549803349610324425150539273379993058520325353617923410720303329415676356422111534207682670024453914531515017082075135238993925023661426183516258737658574573875647892146006582008036548823976649273947066558248875526230224174138778814697924841393804080614426864510330275075434319849278747232816133108895047454539914263476618761299731840261476673334289850810407473872436690628679741066666136841966858902606296318204371177130545007396293548001613083404874300369697812460460223012295574747017258922318193766421568865423870435201723008731134185457327639649433250297699654929334202388790326812936912306210241669720914328564112188470860981464717856232796510790041937574843617943080355700048259596758072724876373325671141784781382494526262000524407242229995438489116337555023280023785768
779 1519615667771329642322422835247708849557035063669140938764744066665472333750164283369984050204379869359658661640002469944731087940437479162533329524130956598895127793834131051987545838776277093965646880277045221813933278664795246630563006833451940122969792985109214225218774231378372394567613376644391922110219513899233435894104527287930053170501986342046398472382259678496719682108279986135305914430475602681321636872445532503499832679042773182231926396720939014153304233688580003568622045249297960099597763181251196644010427024198141207902211656699993065786035429105444176654888788737120331732185264280918335332003025230821271483254838130015841258490306808786777844466162971106621771434258621047023150058131950292419290672253987705068470556195577861356231703792921857272211451485735968879828214340136654103461083479866532954165699478761907274804471108862952
780 30788803597602722864064308193218106371212771598001377377119583668911315394975488867793290398230905678069975279837295292871618998930567660080831801637909961222393468790075440589014213129632939103268390087907804449770144850005702933474646818336129877065536776119363255576111991070734330111629068606431819836233957246089921579477695966914407212199309265761431139691093680476788632151176787256701868670311792509576739338848348132876541648737957583432541271581819955013946672600763552020024186144954057041012150647735734917273112954925175285390049071236186967861060186765836423880750457693148977847041654992952891740474335353588600734762222454232881263698829238437014234889861962393100872962590846761050776653693914721532383221462893195821424124745206575662694954722614164592920574153271332980625124279079309519345641287998691002652386710234133553733883680385312473
781 624198721862306948190970425357448412123234963960800913964752141701778261724414641523772062003041244663016682650258259806289108839671403273050096980811048513090940872282303616390150863171769144296853496836093963568111090168608246742709500986799112495085240936804511410524043328423988750190282092186066865420274677423740578296125513872851092975280334932330549743156366084929757668014460121842538828255412515356632838537538328575493226309904160511094108529501346640040811975856154043413571094814804910459905077170014327206759184707874549427075862723177534260050507021831512374864484529694994467388460000694651501687621516706224307248973236744004067275139294047268250983153898602610236674707668838279913316751394441310722116228978075394650661876939579730522303435053750149857719145958451228828198041978902672946747194386886572121254092356690658344545029648396295230
782 12662620928524971588040114928905728003267428658779339468418509356246102581159830788830948607711325364788377017066640719319092137421523358364655331421233843351046787169201800886694708196858248333674794021208045503428237726520838093731296406956225894427710120399475544340783831837081111823837247917300908421387751960644899915871904636936384312945210257845050125362373995151354112839124583939212969478347323386601137920027242448530221010966445575633217745717992949050493960962754702883243027877491841213495655980434686679860546350083618086014585049576526638693725040047273554112237913487716244805581747102939232172213086639959367194541002216349060641381381526276140816825089925898312678003080689921850766988345715097429883955820969314960827494652315350814636030731595888505689663639887542424252621635098912695010892937994374754158337296058236877854493548679053472174
783 257036420537618141804805036456346781349513917049432897285618972832492292046268162945387710881901972650359408274642749433481278248152877739763768299408759336226150138667723666703438771128605868325892938032538832240343729527530966693502066043288078436253581947158441761560946794915072707523332687008146086233425288172039336318805043318157587212767461383852460349808091317401354239866785721640566920740341323148722894207473498085835819111293924415726561235017770158626471849510439010879656111497487963658548493692495295781306767163216504186714785305700531301503498539094310648871683606863306578788163837374895295082916910430446183482514024401626652979598415145781661076729841228820220336151133040108436830496516638870577592459465885831966561619474160815314117825555139072174986709282621198510492155069839309153662419540460467739629314453702629619743872656026203054720
784 5220783824519407004316530088587392158630345951290933968905674640480964503860921832167119565104741515647403198964765911406565396117390034218708658216532425929836490708994829614287764384297039215126412194346092669584212918323699499436170257570128629051915949143752855143148208875050868542467533870590102187417424056744840103340591660997220237887289882459112109491858697416732166472803622625812050956252492090696368958858152537909682455410140590063947917556471006186420104546910282541110923039474289719348845638022892474286640936395994793904432124739698973669443714237625543860868945694048074542576208701727074306590446873294518123742586893210458424401099973446028861272165092180958790113358763489473937489928036957063092103141285857296610939523181778334651441872340727366405334856118537828817519836028613085597932451234255371369697534508531485738705343738215164146929
785 106107578885534527662702506897703503838314558393193346153511121477234189132021175788231796086251265780913470946762045064047967108517394547075987715734470465398600420136076368795387482052274842533039390372117584323919126757879603926635731179560699415281446863403441246555819825879216906245375613521287441034036849664270279608471571163374073218898518475621202796791534539496763705620517018369734567346836461426570104935291500536600241456593005923236623202300945793447310305479757594311375946802238315455329129412327296068449547047958472687189985357227157509509566890832142473543004761387895906716930514871373477626635334217244645140629341470848919718893477918165330833888627774492895272052678481732035393459810817713764797143481646046343486375166789898345442688402732813195087618249547358244185690700940541928410432120864988959174203457586813611488175361228499863124530
786 2157875621921661480359098831712548622180040517250530395933441255186253239149363455829909785172414681430342928139915048246828167782651677995028490394831713855824341268771044407210478885081011254077719382750132003470514803659093507205050642404621250632684414876898313317813065913774208243435116424663197600689084503964992440221324093935281626708603442282052261827092002624272505129432340710313870593154065853070243105766545447935105446432778257818368154801994051224710411392415498632967968701315634175159425465155324038463099435051584426691631810379928854161600946586218981210864500419148789201949380534650113680116680955421990267771465990502559080508525767482454673313849509001609699786602672533095292827001529341839559993678006987963911585607777228783863459344232638668192384216704132724969470986260185484568397885455927349907465334519439687506799375450347059372867628
787 43911207913379498115632535295958877382556819244972112107340067556477906662599696128499121545112287766219793745690779780949703224984246432269429656536345841990173606592317095528195453072651161790828719494178401434932691182884717652336210861561756470545933755626152443837528167397246060850990420345289805647582584846855347466154887346722979438345170462438995562364560843916249023291105787438804422844134213424425579397803750909087300459602126088611979384907416220946227016598700111994494403767996411306831437888906115041397996198423243429100891048448815334153615518128667044550036874025285828495061538136535577126197684969907758130609111859281608989893109328280512356449024538264563989339331655094651220153437086112206007669638034707200073474235909053782795157230708000660459361997901018194056540277080288733397902925016300505342514395079850843627396380093761755512370184
788 894114202950514121377117474990703034521492783041681088105115922099861682887448897725483576903043672249774907432817308790200001331349007562310654872100041101184964066488108591969124133794569595897450156297730410802315523824567559491126163968982529219823593217124087891055876137424284108764426291662589660319081879409062368913356580357223940361534926721567586722238809877879616044287448027302469436546836159534101363069822657395518846354116759669049032376893072403482129105210406573383874072086356276319645071160103786195859173608747507545603824338140783873824388473098945641630650039169908774063117468788680367092169981406171923632566712117289886710252261716367653642105731084898785705260784633134196593992039646796992645178772787964981238203700137194624998138858367635928258743379329311832028108863593369653346669794651676368883856195739087721306350307530503148422215617
789 18217085724778726127994152649246480161940157975183179314450772573130395861283029020418387026449841196023483540107829932374857923587634225092600654375688475766308451867157202777842230370955452922379379996751109776883262195472588673337761348855095456850194459811641226984960738175637855114480147117879417988290411601493496944311459638639439328788704674153751336075058062802839855732628681171910814248557783355469992435503402391030458877667155501626474899722868771566768687153397600755211916358560940536864647318333566170027368673886717040325905342951198433197425710374858094716620196842145168115364894263651965543377156702034782506157861340603884633223083891723029778261245911430269279499627122567974102944522970118062262670850977479955410223789766258911937687666372673896479477051551280989387333248171767274978819373713582225726505785054740245532314222254519515698052253206
790 371392195890231804071955555270574178797929807276647209115971561802575760601825343621984399903152091734684571976070666904503858449470492212205309328855204710734369258129960096605646263219810443301872191734354622043797894106176774672332596116603194498680513780575655943952031812458230078076428532324602333814327753968073132665087308879742895771595000729172948091359387964565288193226170651956386241684558066371440030848083352062260403187543275570900842688595632370942209683711508197241842174832671669683124450426574561717391742249341982520839415956516808063358059157248941623160726962314259133870296294435180710544784299357472692341021712626933389883772727269688252966893009689965289633077637052655981757571378630602874357516466228726122999314251320450788811952515427890088141680686386359163038436249291148288050753942600994391435628982371679895448322593729068259324827421922
791 7576249600040217987693642928047557082845262286461594627981252114475647323739263321197456468864064284761972312088717405158760167228379828236328868134439996876309361971590633795242248374932692074102916980449418538801128092415585594977417209588793447682932422636079761216504003760923001775853326717445912148183185542358751174140269595961641150307527699356981601509044851803088451135480814055447113276989161383459822039089678997714806889304903276464171665528990231525599225452880259295928155094643523652013092464827499981963216052771538571969734979093715788392939927610505318083584014813382673123497111975709533082950449775012229173526455872835769762323502406446146530269215767660636789675180164028289739472130213312296499243838027822048487742823103875850460167424565820416145774854574917990465728735901225105542173816246322764666268666971521447003478597495391536717904493564896
792 154647559172572012400188042815194931886825465968013889437905990588295648522062099395503278830512292611697062814612701499342288113218694744269631362361101062327119588191054832051078168609977627621644304907253848868145094158461588365221125271763658469160415879744039515021508601494382112694119025517988436338656976113715711709514843912339827875859147988109469045687362485770942575653044392230176064984074155666550074254930686414369926551572040402540905370212860650418714260202637505403697656328381504846530374833751026422050345983510963650222143697874371781482731353881086200855231891889829290136134444572041094458685032320571415340571054073101392156297502405242694705158847604886891484373924436880058515470396151031034744820358654397593195471266626774362829700620675264891049880406383916219028949490620519827610272377516316543674777743990706685601014344612102567410536152646009
793 3158630525588518444520717463786051315234971962550036159432472453977889812384680006250294768735113781519819084557789152644790694419271296639974027577666559823783781609926741131864629649270790035003450887655448299502792382801241276773767048873720260475443121454949664837365346092700352316819963068985292603093290043658960552256131738711130543972793880783152674044023646225695513450871187165214956479310276644208369512753988409008290858160966189520584970752457487450318807152269660316239211151354538632869721537137854769270465510907426007436222062908532681879283412651446444820996293765396059183602739342940870961848538368112920282643810807652484102917566206561139793956902899482329378590582859474096940216170025729356596695002136685839818585500627313549070286084461023059892849610245338899438690393275456274175082190519183292733850304198198960422480278251534846876059667851127274
794 64553711517099607367395370461418439274304681951851550266281150717531262275643333466265096464448493948363553021959031647883679075367093110115017678435023681567650258121775509456142662587431908200796239935835226300156394763710491857766553781763892672732128225713333352300904260885970051056385216199626701829540109560804098100933524771910042210688875632062611885181906553076759715985129810880594854277987716443828748991961470915513151699135066229329324402726963165666548368452716749961507180713721996056942280346137012258824452866361278576574413110964658279127927760142237666560523354845658287367648113838041185461946496199379772172850519274673736788967674661442489591904965398622425297887030860915480170857917297688677390388684522481684317187593478142971113677230869103221639652131579753638393183341051802645736360324393160960572737068562509514606082973062539566138042520451592848
795 1320109345438535689064380562316373837080206037065490923640688951173742462698553635950757267036656222102491639133680219824187980107027433524504693640557481211521703448067655109372332948172570947114667967778875925352516366927203899375338955709067696211720769004055825125153629332734360096992320536121280511559122901915240917622745890909584433439874443243365799817681305927790726312706426709053540054803822682516655630311671863496308767818119126563761850276828814427168274211479906725666593613377151102622656591358434283043834493452063116532472683117106399326143084289092199482906550126590591812849737002657037392796740497524265584523765315316536167698700241769495557689773867942848353287643717501869013906785502525107924576652033855103012204924092835278726552395804125769529047372204101966165272614668045671630331531055768519822278232987346596282541993578047641199371760491274684264
796 27012486529244179421287738005960912668253469453902407929620586936751184848404600355524265659887156813551185741873374815681892252103130491350281729657696906475446506180534307872917112657970470411031571462241295992814761482883979658766427360851096979959107802837962499340913525165350440417433636583572707839716086507115271961794288750129781233294046944804285330120080114052341093274788091439530292057442933827160497729112337287870543144073875485836832962562160154362454524855661173210346451537438505533285684169120965162055966734263851990009089101281040394419058332825702790773994845355162590185173686310197429206651445984877414909318271986636683409707834757023606415267950096594573621846682000146230121908236587005201525951348473802813370445586297136181229795933690028851741628920572843914245759584406663124633402940164246582130227586275225383095763016856938388522312683631008637769
797 553076060686500651513443392089035886744715575224500541000435133979487556233778224281901036573994661321394103936644942415620802324753562750865402145419853169266845330235494868957791792504739992836226756622123352245792533703374733559839001210914573920329834250954208811714634814259992939068873370227902991696026562920338777634458526277599177959084012577285556557466080526276945528888299134997366003896766272810047766408313574891149587119594347421495930297878442703589011798130404003388484006468233219928414335825457026955024012374911003928199453323447940525887077422028944284712255070801513427605793881869026830236152534248297250342038750140276346237639881102167586154642836471819642406972703424641032163762259343260709469747183965061363734107837291994753760925661634148009067006743907477431106896529622863269320518065888001731308103431732844001688747457708923406471959239403970316974
798 11331058185854928240607250856467440041377849887331561304919049321743210310747213766136083034868970229928317214944121493872695810913902628799627812278840918852970001296268683710251719743034957686837823770056400453378882365374082617407643518190502268924013847583301246048739131355234818665624894367073413419742745079259332290390379737579381890043408743554195403275378046033161041745528747619369952534816496869847086360324136152751496301605070666270392282360180344294208367215539212114316718169906196927709402319304722126615354739346187947941826004734583057899091352219484357803536198367511386911490094719637801083690079482214385799160029272808313026711065949154586545846554925013054517523798821482986850805148657558336118324335225012383898541896769849331064449503203955659853976946052472199215164970707881449998048291191422388001268910355547771856898191183627340426874720008176416786806
799 232284944430111938520227885996037276795891722189519527434592885346548489026141614366755547146179837427825261737633775988913206339652950947770355969374072259975074710725348883858889540848678584824910413040594679675572999579872288674563324501950874550095782630839507666328735739652101997823639805773120658602305356965934673955356560985480253484697471768179775247983077216280800780536404252050817671091574622857461169040445409321765756355883012461158016436362618204378018580568635611468016078753965368289110929481574804395147447683123134017257507607452035297990978782320047599546082099152716001240004750526314019763033016914409137310804509953848713348648198449470537214626368095505001659109393839627079200228171265190989551488335219054398710317977768001235191939305026797789476246140243509432942370134292215326091595258513679079658856231332818950531552800538342241312422436150062558417920
800 4764708218772083234763128228583013293347031677122144049402212614043832613325027120821188761093767929399152147715282373537991530705214002467621480880910439801163075229232822367959577438062661659560039921063154861027125945729505335637620731778151782119701321664160006085824388281746029464073597552602486026499403388669667590111508456017233009502060969189857936558134295629545217478747903299798798685018173370796295713170099870422364276997911278969314929380434755922061365466784320457194703346716444139372871857203463655041289343421598313193987909501285258457627519670113790720960561446157270765836042638381434453239064809800163456974816219077173924033074578111305155553248338100726808668628922432821819522287634288525436881222425224007958127076685707733660971740586609061731067024561232389119008358417444795325310911735082634280166420373551927693290829273989278412062310439420629273140321
801 97794828463031914612114396569995942650101666414024714786956663195336502468294743674706785393138792819243169473637609657097730669736220857049649046615226379921180496874735050353444838547958434881936660343821324071094112277468356949800232194809477039433062265315382826450483052012412879592441339764737309796722698853526504509231811130702074530123398412345857923375356720750005930083577806246151275957193809825209493913868486303789549697529057769663100512143663346775457806984522882850135142887679574139161799114574172815297842140512413487105619706285825395303014521989292854339166442156820029262457945224170199368333788084021022949952022455593583620166678057124255310011108760350479973141941155203467039213670225997516752252300680455294641609426781792228355343432249841576416303603728757917012427597201477033424994812769811105683538341022345917381177725889595346057687496117520683919517282
802 2008442824190637291752128816231784273282261368940004478597243921426913380411630619124003478591739732508303180707465841445832334482527035846565862879860312740187573663797096819905235391211085760365512668690146423342971616514999996540486145637848341669433292252643545266866062752992570694685953958358334206422983457710063208143946701993612511340449847057478890483187209268197638139061487029465469548649481331514524074895078534343157624773691480636358387193698000471522065359165035386185211184920973674027683413853163098486854868852573337077894771416301214036811649909704922933444351582065885606362711043215125415117198776813886569196853326305540327157429583879757622686863692338741930249262139050765016667651011575696216941622493195282485850567177750593426405011407480075330574180452782945953734779322596839958874670418537947452030272910816668922390800264759295989294673982325193022448786004
803 41273066452097951008516059039085155247298080434170927465560344194354519121431970204518777813936965049434435724372966118770571198381619709951999955095873704278541543159003219536813338068216397365463081796734408037887257695918545311885279371853853373001807791776769750086735008135976341851051151873900364089807147047400954768600518870970495435184994309614340846718392932649325019067617976237295206845462795976336135881313275785314661828331608175156093242819378834201868374863450972850514471054324322690901145758354693483828938488268307352150801083490060110250971980488406003950619678108029127355239576050719460461503214692548327283602590342226364150654350823815146129656323859619459639465751512864957032911939607313699192970921216398083284456752030640173111075399455791468261720077349879249634224459598989868879010087745617106383970916831288554750933657209431827431456203673509747616134974728
804 848667081776734142292871843164262433106767150748052727861652400607973698046907479092368176207816337517772314368774234379995169660357488120271476832799719425833946156005436141138717965335072873032399174610173270221761847534948543921160709918268886724113991277339474947366892234838989761114804643133950715071846497046846364442467093072402724994045832826720854820959651058464775550970335762082413965402554291245174813989134846591264026987355583390972164894685975023753738649247795198096969367392555739650029878127326259075544595767002788857464499192843148153049255244189785023195249014098515141113049415423199877338617122971730728100737627517053575667941043543477710449775528179793715599669131411272493733307646260743578403503163480901642596384757486378730525889985262781751152540619368623523035605747282919532346627595997871982100140626979589461552035363642668815127915144568237342640546948337
805 17461076328746159423220585606396037420144244525501851032749690938835667644423275486411176246317444769915132693428893097185150077008959421375951458758888885397946917277504232004706086537792172812631289597795772505471383070142163031954985657089444869357341627467489299357277733009569467356162893272378847261219223183625730658804175938638027137656006042446493045625112806449818095725686571197593734720701329671720469506217728350180415412890827873891299695129485955790005759531786811770429043966758095622737741045865090386316692337294996498098161935297592342529065477390773201613319669452580238901596978775837782713093661036722432459750780240263165146306317250129074027636445881676626220484634115339417699480363338204507503574298953081130164590227449819048407733738266218847726494871752695021500810950735876341756148187913608757301648434651573232748802832390438979356289037123155910758134874276358
806 359473910284770018767247938401593797962171406276967100360995608383849067957326989560635551258067428789577375384044909552323203450133027133845356622377175814009027218147694996883609426567826540644688156965695600404841407626726426232182751754151806219175280112235297703146135303649682341085429164455360985435173361493504815529118414446816325310256476671614997538471852183011122642766731883316806562777930709043525919543839071526459818288795127980453082147687933890362762435178648276603507699025958058701699781931177572793761164431397120407656355110013381048207915340799256565961005022134281840770155893191387333280556361594329915884348044129635756140486557798150591338895983738133493607151294074082232674003344781284169600186073835884492130933284716829676809667402327119893440968741358250301284160066890892913291839109100751166088005107324347785754273083938434511852838840384155559842275294456170
807 7405018208933845346036754230582394896990374072316963992075495902204040962482118648327545166647156393450333417182603274266531259523248153659041770231588841072080608339620652610782515344566968270541413509676289806362544476429089209626019464389742811004862626795367229993807700573010962419297156599860225855337129916086487136356603405687260275354454914798774941448204869585512724268081263361545878522580917231582735365302692460824257437390244175095592509132435517051630086406254626825971626939612849642476378293937741543672546522529928207390264696002591891258685835467976243416935491646250408237564536829241932658013848589911831413393787871075822892675085568225231961490201896994652173572701159613537274414329951746802947292415701404120513543090060718815709330230792746424951081649493570691476861378688816996811897632932241884737303148489234147199896215953480562682115465319577565550749697064966624
808 152632477963980932928004921344826289273707622208211672537917721689279064417242222430824307874906397624439593072336746733405105453376991115732565845671967869931727604471289431351760723677968890690995428923817312369918473157626565407427851173067072523551675792138427502064846363247482628217810539039826063971147167959462432610120442842201055700698071490131233946990833151522006271945840944221535729884864923685167206861013677357514024026063475879198637696798360808758186110218428530573788737346099905357963090194133480952352056952814364852083432160447997834734683633150875896065181520588500271908707517678562415303358618674021117430670397699448668373431654918678070862404179327200583590861823965542759274711681243385607465767589531101455334440137086318005140435861332902861901233021002303813195662045712737733781800633008945355836857211848270652644622541864608105470662356834776411727028916025259305
809 3147962343477721375399872007615405025106313934460423607332455814130813633741259215679316327783681158775099460322699771174216999930530869270814961904349654083588333677847843412413288180555307556124997193587876539043567713873193150701152724518718039575018608330864472034560061245030416926823510383683287422455016219016446479266366520442697837081575084526235697762789702898861903238384711973966843592268845943860383662125952777760926157450417244705365807640868527456142556061548425081679311834419497585739658110091949935367897125316170324741445501693496417848873104079947266358215587891496790404003562665106924175469960373293356924148457591549619028460503767265784399285190846661537387801019443029218586775308146724967399645549740749068203062620066647078959564514216998831754613760241151648515586089725339212944194393154100787732075980775743483195002641895047495710386368078603901677005281378804258714
810 64964115918889999211241865152270052180957900928786150985189133098288834722724359300163161017120772196673134654619082198203284708548212271142504129401496641405938013488720063109876381270132708285978145907733888048860549342711952140709432449610882411613447304146927610370822838360260881355036778694812843330769619242598731686365145871534125395864294038029385446294077129265274443376450294383688814195639140036353102440836492107554105888006124975780814074844204655003207930700011979964063750459589959255714709638716009721070480191205988089835235526674935540916419975506052004264614103729839400527030107324924702373330200936271909483569968659826329719700324009330403098558883474177773742100058149074036093033539050296138423281423500845157613510875586605871041441038056824490824613133747084692859829218238997995125823649522723656846003151574293097516074771350213778426004622596688348426451992369034277240
811 1341462846199106016935889964240316789861568201352487923758499965728333763204804971258125931933403482079975965815473839409348278180378479760457971181615281372301007319856020566843464738485309922294664507907617824631027257318291774750026862241951047459283492982312471020384927673220094945181970239278385893136278696053767779028876769911048098332442990813417960889105301654753776206541450999827243890860656170271738677432910343489609662734150317703806649073216392538469014413657898350585024699316696230273146073281001708512752764506913054772491386463387732978634463679924668512521034993731787909350474768025782455526399132306728142225769522033196845760434601635605977008703771795431184495413442297422173030420992547270418979551843374592313955403312611996389144851553049850767320492911534078165929988601864048843996650073510593082202813356138275533089646059791973288987676878470570478452093591474161185768
812 27716893909268445696700087216061957975330475978439665223745288003633600660630894847124369304884436993929268635590821211879881869850952661844314647718622917783111840796276366189453275534159189486401791746447576372468410290459344343878056436783969306574343098465965080830939000047486012775326902389372400285428744108548852843693125993753903009053346370253348452084500616136455200217380270519604902454290147025031098268412526139156576653264637057870817163459963482469771434277862762215994907385910219688093318186599701655267367722136544219245597010293411562590700973735381782243954361108046584523324698341945211619098460712433123392555176797922686711958766149423749635023610462311607323788037050821480826802037846967502618831809784717726305040818800773980031969913004120594042113425212850463467020651206897234865081051779736397761680092895301273124616003227978767329945553652726039939591602493302077745209
813 573021540889205041581139357679750733054057949828226006231575524072201275403384115663552560635812952459439498739580936931779956950174804684470479933045234795623471316317748726611321691728437672899182914210894222084980990390344950779763975938137070098773082995775984550617412099211454607991797804656036265845326034054405455018931532962594954981191422135907749553505805738793865228176480101949379544089146880240492870644890580767682904554696741204468220011722427049357425793429798441728807447658147237294127196975326896165701366494196700984263345607660525018405610459624759532583755086060018369674292691544425779790579707995118113207330487504417204513575431714297579289061693697154383821173601344723594163668171317432927934019634116489501927912265377550512219352069318884930957893793751453237917561017864633089949719306661792485677123722165510277325557126533415909303436204751012939430367647427548599759902
814 11853797361961462440138074854616967629013561673053169752295907741551076744280158318443170867723778808988651833425045170166891877979512538055106541554524762333349990520402229765718804834131227793864712155015057805679623978607298098738132945709212577874530724071423772448809585118538261807549847077130603182014824886233788562402033812420433479665903394829020569551897556506331131716650250203428574842985236719428149865888788719404409602433404023757890805539927564414554399544519942663638734753723606650348107698921405469859520029403770198217221328797079030992820906769925144905873180057034978270667444916716126908763653217955399333977287444258950696280793254529763680743671151857978564602904681029066290672097575033206493798566216496604108079525517292560385231106661995966706098057855381591868994966059071807680037707381014506374680921530553128439044270440320774212591276541410511194844149862201494242059966
815 245360075274312516884452363109115391348542176228055267291662933800973096471159185451340839326817556936210247569804276969867224335175745446976827114270457941549914551919884835859832394213469579500281749695954453305309377562672865541491953140500068643124562044850137476825405015547206014564207452474465381513985183763404011482616633494677877634501407915211428512605513395064831212198565891747800739059312590417428994653681700382235193208472326064578690460316816587027705410367162807668127769674418605847704940466367115657382826875788925849304534663918742975993107169067014654433753377626492463912941716721069632173424884225966030465964461102308961535562781678106027241036311333448389971731147229003930912366877386887124626911567118966076143703773658644394114617074909441576071439778809098786320401080838909791834548324845694944288108838312998566449208799502687757253741529977448284012718966188927548644220032
816 5081709398954589192460786903792838183986075338833748526228393292353812408137463779376154553358119311003580195607222706397959110550816860973460296068516560973556710684243994580273104766539010519397084308942098038022595960834450489826650194989858800415933097465991036635939715743910816832044545059943751479776033737346789744942646428962214737338189993005451820889779716449647932952591867974746659274997289171944114139936307497899234311001301167757798139120607262868165900424531299414432731549193650119189732881626300547360066998872527166721930836813126987621064037131196473776030010840896763598345259242741249410948995397151768958728697738359960845618126429526249608984454141291503644329716257088862977506582688000435374096726583449580552240150184714009031288908593003795992159447383804788268870347232940207325289932936299613545157924822778674969579271139153563635990982358872936851509132109967137199404686161
817 105311300148511252339759577233866475549865554327994325214872701750051322316605991036248887418363091319445466327872269848588720251470108876063494172247998630096696805143516950029014637802741333745262179059739492213241476695186316063526113052884136841132316692787272195919117664594944473781523289395762859828238981304697328435591541211538127751032015126369320368289131938333631483135706034753723261180726482357463858455965282104042310736662246365138193192160026838668983560559517306346862925461193650607977201062137267293400951777632303376162833247023933493314248315695071960112218265601318935106781950523298194153793060603458892404075180098653171632895522745032561736947787321005170947781889900136968755208452100543825784190101751547222656943141724270244027109983693510679817342597027321642480754188755634857289702923635765998286850385273638589364081065736001512474144397354660560870704829798144040820568569234
818 2183730444320938232056221420885137292800170367910997472442285558322760597244828676801096099741833889519909766331226356765353996466754205014208755264271272068281391474999310733360714487317196636178669661417057589764483224676476566402626042803736386211248953556377606180018461403854468558087742218912757215056636779879534334117133930657083955322351722265599115112209035966239636060745780036425106904654617753682606541689915048744829143936194423978077632092488397351748836834192818766849850129081396549356577949647294191163668354316495914565432545503592871430329439502354429734508492699528095246829992980804469203231932178038532396524112555087877157490709232421268651811589531109230161478635839049481926555400771492721893789751274382425668523164567272299937824273598232063240610556577003480044448726207028179653333285494582307938256441637790116651922002961649809039594456182133691733137939862774703155377085209084
819 45308707855136296065187768298153459030470114865224673647932656924968777085894982006145015497561519784832828227594920859762434939443763789762209618799826711092878733181269501770242208667539772804863531986380379651086867931355272994416569337959790422654932639252765570408897145055484230571621529226477648314720499624153090328491870056781947269369961916513835805926608564713861728404817401268074782358162112279064056579407698070350155390599384310502167744282019387786697604883315155715890218105440196473323241784592505147811358107256924147104112760159893636942514124779486397400461872463268199173057201720095079709210190495154948835992898805486350941161425796512102683091708439060847664595319753155570631813261906665418552415597941641013346541381103360964866925811920724686625812350059691692640317566502460653713466632723428484236721674407345118996513199380542428397756586898867191409691567665114687871399914310408
820 940638190026720971208238550861059749078539965708733637349269735837300621956274739494594416391713414487995832423397727133557573490812987845587799277151048259088249237930986902448135148467590393638118093167373991454524990048710665219493246887491708769267003597367584104216466320635816339387595838980708106487941579374762167316516781626186368951534168045409473001932313310872112513310587216202368613266555391288932738672272868055730104404439098141513996902202262302003720706902370850124328771028812781709520201139983123524915383377020249118931456416632970923377584320744802588548943879269787250373354323849927453034302383490953231410879046391515985512352211089232249925843416193845213870836013763443160519527578218681395006213620438435537441038853685003939374877987195870615276140546631118510864295311384014311580113685502174738921862745901292946284534413656964134631483621573680801996246911402742981576004850034849
821 19539862764560170505967817437253054681086522117883462169825625403536983615716164853017123278140717286161871819851112740066037116132478023542974847794479913162714969208842117379132561806492667130034597973576519838225684275870050229427494960119985677269116852010627850757068744365912092989038233586449782739680706675089605747162429439935175723027903534774339071334805129125912352023488130436747066771292102481844727964519132925934468892245486357602653855929971220988443087511503242271497263303312013434008710953715206486701477886405987611505169744462269308888279632542723968721438542525441383010913335629948957673665085581752059728585964006043663046859117500557450401334989730428323180187214772433804904878871590904835710772816575482071516196275796614680017247923780653354475172110246134558339714656360644112660958166418469567518096110090116464294353202759369630991910562543558662875674635437932322352785669674457334
822 406142158865542489672553861841148611552366448024172987120375486832667539239745082785295428415134930640728158945867578591958199820856616028079560350703560747647985405998477734285316107826672318915301134265367230326035455185890133634639219430879077981437855330528704917590036402147232608477340123407520814506224695798116856514250826688297773362108446601437632475128985899894350594994139476295920566823846368301596083558823281696839541802469955693764906582735101027111972298048377661672596388196154066716621513622248270255441700454361309999385998331698420358396466788368837832615054476905323942914361962732269140870763365196533837838457252072956733092435876258231905120856633786098706081100816429208943878404706238782889058326614575679077404463244661151299100322776518156177353665874911524266304940029339473994720384891159863385214981698655547865217296846772381890325450331010341472496132116024459687780523663038780274
823 8446795686482052652878310737270780612819470299533217670003620340388136297106946919801841657370040093896338412814600471129132473109371322716013710218132045014105195235437009035798365291198404842924538200392105143755904534706415803044053395520253184177679439932902065504123824708720058873466573244231606411884835492597489621471590541221622583388090751161078160329401296535207283452659505151017338543210546539580701640958446480718873490961487591847256968297918258463856302809031961856393720237509047594811206071076055739533099850710425212133763348177922240965923535579699750961487014726124453051905199574456265223583946082087506416151581440559924076874962727737622745270204907857353694728139695285719662236060365896122784041340635386551506319230734968092126197843412257011543886989241195895023097521121744526354704670372360090418911531000738472922343639782252985043496646817684731245836244598733610335951826734077973216
824 175777365139085558397970501815824008572394446885492488363598320915447162463881921027343558164405631517876339898512042851015910799302297126284792574707999073045075182506809835561348601715787400236028605517723404038082512071293150860515411801042433312530075836110728491551218822393379893566130704088130181988449410161421634505342931136800305208576770750953382740082543487291679728590244969384936612074635250279838288067193638539816764713579109337678398480384779881633988889604963558465503432174324523082059269683442343084775080437907284931880794660837671428625267852387660937998889459211117917532622328220151151262338452543059447605595969294618098110958543746129167655063138027730020600141676064119804540138799336274673076071905840566331396958087535362427355530827337737356613597329704743892740732813209607812179503245530223805127483990846824193391869940652474323857582183193945417914242676400811001701527575906055446105
825 3660080585812932277710273680940021011360425945442944777240091711325553385020497525445603241829547170250115935184534737191783055956917967746640448039687467641363468217124576062828174284335129397942400613179466775837393132637689669616187437453146871785822844808432830512002296514740404178871092167333667826890944050857886103362374029390719620856164205604898123875960578308064684152812290844179588761148985697856877714962552811836352079735192740974671897903276061497974713798330647824227913030146806655941681774002315335642178768855957684937058175784230595827068726279013808209612283033737454801443517152683360555990716211404155844268123313525586779821880668937898550079022662518888419675499300369479165212513700268425321493124917937518827753640765709700429412141234893754618466980391698050589768460275929224933495179774128761102928490528651444273858621350831830654299948995488897056821693573378425265281656103713219397706
826 76256132388255267896072090930875336551759332509151342471406198249405231482603730909738492763729072987133044313270008434661354216068766680902259781394091084808979518592437038149665146792955325695422214691999232643565470618081760975009052511283671829860744165122163697522655670163206300221683072955731432988120550447525021154069004588889245671998370525748645195530051038559528412060583463200158409547973344063430090686713525528780675906443364897435850470302190152612812125205180597470480830518142834688832160153264003029654286989711666361803826370710188895849304349315117775603153629687929154742416538707605786027336497111687707705379258632202861299647759236089244791620098667971386927534011514850958440289837826149865301910822030091413694697330917814382927246372925379282899882677559757278291691112131497251363630020178111192620579378748389836144700906840303726407481390654588354655403918926913368968012544952914118639072
827 1589699454621902764729270257999574024749295460949809007860184120882521556188579457681495433260246827885555983512075122263463647854254346344138085045804858954512773626373449240129115213365531331744604868241708744452327530963766439361302557898159903313298490493409139114235605279008363428184879684148203079407525915477260924894410665741951808896022269543374019418239750168944275309248465727268418362283078930127249025823729113223112260876945563290462680253306841582025356280814903472788722868483847386920717573703221394317695207911650169083277382057489540270342222665687327470277832664138366715139310881342175375929497650527306149310248248775032994755995415841910295249295969619531748463352972217630593255664252887143735739317975597255448970827787538775510489166773553946817635979069526901197160949436228231761363886856780353908681510212345762043385240835409265701960510300289247287651174211518892216161977343838330339590504
828 33159738263359583673703115903381963357177659119738464791022350196136287389986524054313231437444083044558636329205858614213264293306723752237673634542958568065430294323642383034090485985649036169649401750729391058888432366849615483015050297569600040875646574853984909888615052726575771719961671887821016336489433800752619682678978565542099517103347667203313130367680880132589037902330019492133999915144043372387306570123128682138312086144498630828904774958413564763729576115759670825567786702994980948097231877154518648594570021652280042870061499531507743151954223282146086569983435354941036778499757906290970791246807454766017139337261322507017572810167739582857638980016818159685936462433739365927387535657112913187970730398296055100718575522787513930042369165164660969938187407579266414409921069858668093825906715210518387653601373014179154207291416267295008434657806031288826114988396647261026968919170954344775456166313
829 692090162204138279653985637844205396615760627683434298549068668301941472430152709263293088523816393203121591494960996792418946328895150311882909886029072604710974962455437093067608741925661773177788119636917665634378193951330804598274960546356879964237870884372073072739273440875542412702594300967251192750908925766077273051412199515581124304504578392931844179228057325159991153585819063444893411081480259910132027774058846113118344219638434614725685739954099400513239754513537160296493415689549722826734666177139786593279233701031275127888536362360922185208805518209543323000145074640294040203744118222622664114023583598334416028435160439758193899170267606054675019813196225455595674522240723573808292008489934634266434677699181117484316983640722336379140128792802771925848300731898166960633134611175270158911237817345975082802087356031497521190473742544435641897289325501181826846400107321841850568058779975332701216430222
830 14453381541498365504240778737747720189844489162374897186823343999698500739274560191803284135063110856694955668115392321690923628051185507490517468221356878351864547106767026052215160425970011783582289846189614955073077626193921230049520834037740896927631199448775810676514520322404487676486688134412972972394023953078414441363188304215552423902393860282306793281815622580184441883052777152680503375866258259450864254375157249200517859969605366408721167347695728777461013842553800552907124897432466816287085895196265025760025792686727492918964058667936635593269808180300169249543270746940824303281143649333375542481448677326231528853398609280170486615389879532940595196520175761725259306432242560433674119306191793607274287792992043984282525825597540617346723332336137074450196074877293728940750378602522529096662524629711105959046657156915846517216411493471864142280278828486044664566584715935168042669514726028414515525450118
831 302016843937317820700471811262015062483693029964841848233961375679155182534003010890701562416708822232591976934271686488940995827707120462077866525866436545609274644007001138221806592696082478538953253555328905026157217212971870540632766941049024522068466551905372172399682635006192360154414620186305843560396682608883521394224957202939509572424046182545488049751073441184160766197960598014033715680221306252110721794496607809201189883229374948827243592298624029690712131842928490656100139116440376650795339691797846355267547395465222308556650917228899803547528500996365419956103549259982998007936824770833092481858247662434181388668207771999700051720636069848658065928903207438525262070423263205351019448833759634144977896377001798299016232528317671382879446845745688809640165028980982101083817809545847280124281837736963752863313953588003066571858251520684873350603993574227093719245829308160456953697937805779151870952207360
832 6314623565200637870464635766165066661459000521512799077952472479553731490072220050680867762602962938617693534870274892312365225097000291578133133305950897939984926240422083975943313329899607380509185829570208726336557509709643102241233433900749237643963045522596109413829723089126459233572876884102102600076310647089503929001311291756609317915819892059985114054986372434540888589547915893529123120040584742183670251614562023476616619630585207374855249208940047201114493890345309520665464096448346572226223072093444097071438277153143859362845699323090540210347768704001235827766104179987365908172892582893517318154140897430146497391682029232550622483722825955551945667681296324316233133546236168345759453080209545774771081618261692095760546975976894568199116353097578711780921732177935173340435975308195219384335892083696783831826723330864995217733885432804980356539199986224421674178945071137190362704216063833599590329539456449
833 132104639065093510192211145156794340185917147501869428867397385449921865015484474086658068509162187398492251927994432314956289987337015964033564541329321719186247815469338058045325759187817959691983215935364697669731038478912427182414780864847667951085479364391183619218297540569205577237886566191698486442981528953689490589696005966780915054830435127090180886776308460687743847710998504966374165700852758796187785879022399176008912205995619873561402205401316955567296096802925025878931172038445763447282482053727247104040371767364408950876690806348927308387893389368987433239483232446770284578478580099945500336848101048833983045771990566270425694025367749047518030127069482222462004785877525293374459053519470433396154375459282941087300807824021204699168405964350658100996050466748514218441846092984040611556099277501142186899396985000268272444912847191170230107065763309890006208244832977986020683919407159940616344581133821890
834 2765302665753759502175964259647627138014320364972706644373578409423827896375600235220579925514597732802070455968899062409212588852786137552115081129910846160159962057725347076013687417755954237364313706866141736552075520027833600817009122801460100048618069347313761244785292068734939077637776226862275270674803068790012628983242814629287000625727330116103973447705625765891294389552479432568018506757776596286778280802294762965758042591949651348876041125529316638432040049076919095996429700257406284065617503116693435582830133340225398305183347424077682576102912938937502773417948675501501868286574787166542222007124855277205072458103396756244035269737786172512679373550170049462331221474658007493556150987966851021475695410274408545019448896806386239638199925206040980913640412784947481501403647796501447094824166276402701044771140613970971278239943072670847038783912157565473844340864927642194401931577505778551645511999087161124
835 57918989475430300007424117362609264165634729447003193196511986834766206540340368166400323528089810971672585635906574553903463658565990302536128277134902663920418425016173986309937191878669952408767306359880903013664784084973771949475180133875361469626805703980632922268424515256378267574455417611896393360619591406955374950181325305760319036017433995676254493676814408103024350808894355256029232686863803393695178885294146418949478888595120948560761461880579145587778160464298117400450194026308512523306053760547819101519685346214866135296201759074754833828048403000489756150902198222028095679801381978893788612641207043165392994067909458174146762525328821399851456951601678877340218219578524817477392805832345756964370147164525036448967536163335239201541009415322440738079491482652452167700874391617338402419495614633129564075269381851582975023991056774984418108483868339444551436283082695951358037467929995053758969374622457800200
836 1213815503760501771916977177895317407855620642005594570544667761973926267225341266488602732393191663282938036230906382640954325799030595799320232189437636358867282565145369064083658532500658823627050435829928148892432351456608217090984993464885683289949158691157785122588676599987582802027045880440327456502687274161180653865176821820802285297571457984207715394817765978245585405641830758069460968511614420641568500260653357338636340692030075212390946652351833500452370900978450299526957808733904339262734170063325675175142681082429082626862840982339226150639066011476365915439604744581655876623589643014508437411619396549037113281555129302284153505275723441510151435095572759552594668795985571949783863918802489483941210828659227808267097175028404687370308578151447570759981184026760499435287599170554943288055997118169458600789606158491448969328287261151398480320159150201812618370764622450388618044867327410488346793390240891150033
837 25452912599228082325023970294147294461173754915576430923284934252323583704357785344127138128898777554927915124857807833449553866908897537410689916170394401209562393434414182334792373333724033906696168147440086060111144491018131777946347879491724458328767345807052663091924336234781887781936638151018968077921986277972005070516061462281495801870867585174720220998564595769361276219164118432717694847964116140903000863756253633668993255569088192185069618449374205928937531055287212431615364008744016830266317668852587969161130998473350560248323277155124124107677322667181328864592174700500413918620468001181558971801964544113754081298975237548164573622125835197347986169340875369719475993689598208064072753159639188773530117417012955562160011059384202293215221018463889019646248369516811731618103532062411064700614911842134181166289842463378924016868544521482377458720658050259357394455234730706031956725196030340486475476669739480533734
838 534041608674878324758237407832285288352678803915920555981500726519398689671775776002851683001646084470478952305607582160009416376702717177325867203544764035574953788230323820185845298451500081006430300760179980446040299751336974739069060141278825756817464837402164629456579831629579081831268862055516172352547954151506699040025149805197653341553308480557752971427208540654261561183091206063821840654330558389720202472970010358557620005529689706176876265784792442618480938565257887933410685868249934981351934925386045867545914372011136180903853648755259881225445981475778647433786562680214226223904528424260594247270491698160304546270574415205224892332653957190101437474385861622256642219207552855023511735137882282544897454625229407226073727396285766301374515263920421168078364476729460995003607584524932302396077704355137334897134822871296042165420906943918340712867341984818844491805611537418862917524606215335103781907180672872397562
839 11211538444051058860105792946227075314815068991000233328299530645369142053649866727864186128074683268762739347183457968292097263544985234121110287037025215342986377833967073309631245911948732304865472838611296082662665413733443255587561995588057236025735366403460756796518838882120581006353688566407973281040821197760762826121512933232285142226382260461352885680325056465901316935122438888588894829375277279498529064818718409682700290716762186327813581205297271829807775216258243502996055887536364995278072197009046698930640368231581696205075468415329829944396082840358346106130203849540137865085190854919924582918194617953880141651190686566660263526814441822477581635512883079219576821571994001137902031685606521973040781711062164265552198366807958628305159732509521864909679555489031982408798039284706373944304033222130426334155723736258754667241775333705775684646183394068619271465776581068599268763744340943169180244370136384956298976
840 235509014087499955258565504235786896422940166635686866840529835783516591715795692649061892988766038746363899315538642475496052141760126448597974512525826110284466968890703077787686271261578766327566199157886887869999591309294972645996567254925164053889070598112369901168282368166543795375486610629724765669110961941393576422932075851415299545678771822295609133679752643540691172632020745435394067904194111803181014103466122760276900693039231862922101612834910097729569769413666556435028543952201337687445884865671185963299924404476258892184694000892538980059083395060185378028320560175230112879125092793109374166771801131181208051084831940952854718306529103842320185374754944960567366553639166200247776960443517080641897712653658515300503163873247980474882456143356098755502592635715405600310313224785177940950656669051288106990952349342203092376718556250151478784050467027692533958024133426784521694124078951383912768645386018991363275017
841 4949960929810970205933051438124272066302676677351284981390482472161240825275564651715952159844170353261095794806182718142322951462426417396524850211594929162010238848073857404487625177236020700523497527793936890629650397784207861620566386399703231802710792170767618134104454118098248108547212652804277530346776275599794344807028264275591201851872512346294497562256438887452194943851006298087024343656498207832312485859737214031852372939437731213767712509662412902163739247850257949444870044661242818201875243707975322863634199245856362146418928469538732471677636229430869915656071278906858085147447847286937661283872637980787807615410515642233495531332001890194143263107922279772399420024662643678735581284241059570305546422155298588965202577115994583677202123663610042950022845718853354203209888744004208184530502638957132380503434180439009429951885084073430154177770584233546937609383185766130514209278574317986553061403028368865486994426
842 104099255860648451369789128721390555460360486830975455921253543337021725937625551256971009108114672665480297406647951200326160903143439652256272119984967721591770832751059853153103545378360681324428867373264316683899478338997391345585121200723197298490009513976075346525951331116213185961627075727918403877042491252926490018861432197721432310582635449532745942841432301818083178621931740126387926931322219276971519423418974896108427564708954345503972491513159564046312612171003878208591887048538005984616592772155544613412902373530361355756175102845297643076551745549768914065579027112678735607259111913185984185494800914208076397122124762783385331938380754607810941305879754108171260739106751613983049681630961750520544483449345533530477034567753394363602716160016527619016614345355039111933851756378564121324756960309549425423694373253506511320550397265387202722263017202892103733937543358442414147435515812850613828661110542364229425776584
843 2190507787775972393170570309890771231406938706334542075577341905352984733791276051955244844482432476565032174917453966897315284944556174584891496484172230363379086507214190749144637557583343406595083075338408716084297121005041005018653853068198109503332608413954626390050978741894624763714277208884921382918208691418239806355023845589883123891146899403495876665332521292879183347455130894770068687782536213878291232213298210610534202758681958052107063314335866602308328705139887603899604610873251853856707007995067143200434717355658818000471753452755873379888675416254880583514613071171919418496908379544630208416647117823110137307017657105984803698394819551324642326705868995032237616279502055924570097192938568359404332300387803888779309920822145111383543411284228160722451243815851727908586819861976337871104363822629980723805891880308548986045269960202338012708193318457332137936292556158866425886646434887881945944042486999841032193927144
844 46120393760969618871221582630317585635679064149006184474346337193576153079469258682397010688106824341397717680522889373434955186071087707837038331117828608875106377928161448779754333707251550925504065106855950356689876980061940152855574999773387369466116623311858422624002440472936589239520903166066487819030140000153218594314548233028327558957019059106314664544416952660110284725910325228105773852800512748760272428896105616768290635065860691854783454732889202629852251041303524207925380945356290379364909157844706970060679518985471310129577646853471478758193512038257362319188962512722345844760253606909115534695453103618918376892554307000573413776391497995820859557787125228680509648182551237025417062841204427079074104316011619038640618508414077532823889630811202815947462497555678233144672261053730397070151801073259838252604917393288296763317537606195737561503186578077799913657935853421565196104434107910840981639031135877545849871645593
845 971609934096317954985787538559168430905110667575350211405773292205212203106283390633487957481934545690123811583147190387550663075146071469953695595680595937402770427226157040293363701786214140211926664437333632902305410604691764773236827921087088634624143678207688072420540958923415551908803023919945772101973312124359536779312122994753947402966584057083322555647407198901565249025703128268459794440922063112338318039014599599718991300608987968870017705039792842105121128962906036855508329039305198633823620035760574972244347601751321915328893480642827981761158875405944408854112985082858300159704043964515378590728860383882951389107514434279152976348202758430482242591016775629800902526272169865156283126857749558927404501229858762047899060055770387092370980898397600721183113009753033274522603652738733147611745516134426694060594236823650243367444095791683547930714863626300628191741540830542630133212552848040963142996981893310381951805863934
846 20480536494986466737512516991183507154797354802604966244054273925087924955721779813287423478551121242101358390444329395350536706783216171885020909658522097491572768290838449874129446859953620181700146204637400633782123373170892449431145052825229945918791475339123800842373573278975592800226145063166070119551722532189171002174366025565736504841785646059054425657935778174128215688085770699757202134175538955837933555462067275492705929933468060623443419057051925554532623319434296776807944468925016029105180193804071623307911784132605686100140238099661263496477014467588808669871044127964410592493291319687071249766905523214685424814657986295521707003761806410662705835534970747361656483707491343126907700708687222213375750626902773615392880689114925183476876294731536391866959749475804925894718970078466691108285957370123338274912474294184599774250762503212480536446562786153209991669048406827864708085388180494326698376307152369512276447511949774
847 431957343584777120673993539570991337643111722520765780774399263173995292971232795746569573472150401341868792595907164524478242519107577439410410994429254476981646044221115956438368974566415308561451088593848194167908464764257854830896941677405611982682116323060079699512472669383042079033604225693263104604737420216855434828213050113844033229998133994233841527974612726908941098650471045521449925079906032683913211244984750205973698745741374465439895917141404194186051421435225003385115721817070767650529483278948675124053392993474290517241926627151898913772327798202006265819587893310554900710127953938659334082940577895789115338101690349212742992487225674605971935572830575226582338703583755281020593604932944160419131556897747959342678132622733684117095986705202920297288008109106214517655041617013320179121860183453053043209574133589000477840363337070990463085104307531891526030871590948562668569500904311639674589435528984186459033037295325824
848 9115704817459039017379300743832798371277190158825271468253411407411275474197267436580437128377825807992844750144302828153105806195191234318659276689642623813408499799536618703069254443186750265602313079360106062891528774988716253389702444075303109052249701866848571256678867739668693426329489732475676835294667773865063939750144244953716311282915247923272918006939382672739304550398837822218503629970334549959197038760901275014881013037531832169779905597331420629307883708875366836751684176641277563991125885451875043406607989465699101423701387581408274636278581932459661141844910603567464991927283473485977543984108519738815735459516676538513946762082231592726959209839658172107924687795560084766829458705416326378890449822704523972269259544807461961911291535671374350448878941886847503097015884930283197209035106108385348471772463234323270782122686638433082210538446928860852562498548115443577304797705492841234194700989761588859664246782362030001
849 192481597169196926743489558291718621200778116368890345406985898624772277340485589230999221067305671177616147207106894168794119755556357857348378743824861149292117245571400342211156884146630048749938300187448664487168672067416175629105454186133985395700808081005852403699723515892770055976094483539265864740005702655920196024326584018280508417417123128475538646632162485245584800927523796646073996826390445424280355212256927737450716130604745292749015722423857501061286712108128380773733308087987818431640891537365587633567273315195535425992899240807389363532631732269211320982259971313898020343376599920446864862192383836501295196483684229779323347072909530462962045860506237355792127467466864201560071443999451122476811795725798532713236126843157910869618537892030014016647638384202435565841581051352437613246264753984206365314236682942853973625356923225068533790165225476148805362603538473108430112550839373132276057916371815376011523771114227842290
850 4066656144589288509129692374420657928993583933869630719414685746774564353874324249777685000627881639574575166018435596133864087388512632442778571336922976269990729660374463291015590022500998911630921358915493741216068401437620583319728992918137806742906931374416495187788242305251964762166127619841428519740239506548572370418137888123609940712656103495866528799581400121159789234847029871088938039563782629156939096685639969618775146671555773964905475601289711268517137288380159286393199083160530783127869392854412481081375668838117653531065988962905906083951029053564567306266346977830070641912472076151987321055438504725497982766778271758647750720957857957371919710042360960501660119780579900227462591393801389833505252970375221220927671433386329244681917440552364112957421188686112624382073332146722796427086184850047979465817533557530244056027498744559128473269005170242011144424486487536628784651575673830656808805837020490641368828653618090592716
851 85967575740082580838484499427546931249924672448832472690087185611615168362250942467567853564766444725650245802642419064955762043377742900744513726834401395293786617651005308901862844226892084654729668088674900480506338366123203313504099749118148592613600769842406692962020598317625623579994330365799053966612665986642615778769099387901966272323641994662208222941566537593156122029508405343993423689192917157188230239500962721904054860243874896029611665492641077970094633290388785305616721674599347525791068742003470019164250464453817977291044615926450080267085831134113984384217964771893678298019215342302128319918297827156799088870585911529749834900480863169362270223687764955391210357187730617991272990815567842447388672051702496890409643405150020319704605313611135077040991321164248957647666069497185000863371837670327787907025242149714609833616869576825789600984308610343327826212292107844265797541957827098440271449253227933134272193262722037487112
852 1818363093335119485727733450930747209001191428277295159160743313737579583112713072872861663832244023184419266526495983017981863270884124321368185116363589286309837452970526670874504193812317621009502166986675234238551477378549571807708650732244854265091953535343833642959811820354962612262764696418247603375954695776334445576895839728559801015915142083901349491563242989207226336074343130427881028543364317178044285427583589779502267342326634605079344271642058078358395118140336641309119531100985461138263430097983186959830285389491938381525155914124366072030224207952619656853681777327503771752732319783048727089535100840218939747518129680713691642028528353009800066701733534129098421383714768114890336924574959911520626437431546737005597674027726278554201434988918247196902417701448226944410905564001096278802086583790767040345294537657598577701331334759014519213580511133440075351043535798448128059113194878958240822735823956946357393199704028629984129
853 38483534146480340213341372456779513387094064227704344761482927977091448889612740035290551209205132698674249101353487714221614374771491471488903289611235784379109829881124290917519007256581791726251705606806520289174504790530095785017207193731135229014792681873130288191261597002822291069130346597431544120136256739079410075221916728668748416161948452807333156576141371272688312381659678009641076231984143484718824482574744190671581665236339277761708719604253477832603756216491153574154651325317607180888154248562463150133383108479045305696155684606755325305942331186652233996722643752540157565857927663274906455534689124122593751150823020948151996227083616494742808317104565287603449638724281876688168267507414644715331895067482661660765310586324209944908215601244067357554885216178000407381140484204550499147030175350185568582691560314510879671738926209275213784033388133444869393230586119794027490710758208136443016595842325670428124483626254977618237398
854 814924575000576360619083556004208571630602804102109377723120322943037930878741222152002481665573330598421275908167272462899869991439012556713118334298488409633410422299539179380932298014441415897309130910116845309035985631170762946908801056399688000209056841464947253735101244294391326505330871968023270761668911835574218336556440292763783449957714122633209389473646127664173957885404194702346275420000706919743734360152937026519049820409812254130588723595412277291638471662414899413148691105438399086926638900401283981980914969792102994607397259937859638062848067982420827473244762671384268104274628210636712922766177182896081023341064394612898327373265223229927436798744784360728475569570487861746342134300922526934639383850753118362155517396163330887552228341512158910632217574696393312644597160033018610195521146628843094810132327894305472350207406151374413488232266387423781568126175905731378171952092421451611847904039155286522731379899875202621460482
855 17266635422620921801822520281277450544613315261445716763257072033149632331188187587238713123600767559281662766736783270292640015206251616618219274643101786231702862696480173546620307900203157378869913277819904268931136783582786711041764876376459998404032928342228145455499433963000920758558554042370008382119918667792022025493925841798653731359190677697768133825774082346738427501044916543823906364593222046637041200660856078538620211708944853497261066354413774050729744254212383052364262132678715468916612580160854280664002193844583971179713952429325761206353194650276250861072174966882301627508538704260659222663845777745304909640317905849947876714451511274732477992360946444811203196124200990145938276493720683142739024525199590978339325793049763082335814397873350954265345647490791567468082154157478356995550921108833173663910774362347706532018598360616528306162505693435105447174201742117678130450801226399781001442626633379394545948130123878134417948128
856 366054353522867604146790282251078719202511315417148530428752570252769866747289430668295775276466153055405968855432375884413784371542148990891433921722854825554802523440682942321659331450384083382918221307349914061198538633723873252318731728515526462493509256489225570054122766521000408502840167244683968268114212933417787473540082287101553047941092322184781752520494624987004881475997911876428112244353524608287359506806313125888773534844344498265153040053250228731551010125725960001191901925806350278121214029532603824951833800915604052871679979682729686297252167746752365019620933390234768376138079578413172353607769612024827587630293466744268360830209026817141420942223714151202990739900369794973372709974515524670764680813321925637341887238607668702208168128040554968015934769460847905279969738651610322159233971865978018242647410701110448697907368193404777279125915707252483958332205029770707988046296782781070872345555391842026274978727270464856403034425
857 7764807632115932596227740222778466277569316904946638163484407936457387320661427811800084348739395052207598464402144007204810030887420966711798393106291970225839479188882437307048461266687437020228676060853178893298190650398947978933714981255828635778621619051133985897735630219666894953545180574400232560006499362082299225397687305497824676935354297715678427096864688910564421065673744650904971989472549171592259513989983142779687534252127214221841519972919552409469246423055732097939278225778635928708889704628458663089476773863319835703379108595648818363219596075390125858989047906699301015763546914354105649265065685375887981368506516123446933532972681608040008240668889265752803560279120494072507924187533828251334436689861346659855742989560431149483104637616771438870716544719265034565353172795131086294752803667000992933228414224967102697667876765717587156469759605344195168072477651527195786886214622295087229990511067794912589213752485352245454493807274
858 164802125293426134775200771308491236815446671218903357717419260574895660155248593568498971942343374712976759103382633261618323526279002883804223545525396690388849761744935419563040314458902208791500593001706292025552363724266489604178450892788989488188337090085011755450954297057176070201263612322369654947027496710518530051546382606664390934502082903932949798928156883029989515218876848845892632142300211228547536742409891473785971380700351003977592174155763900535304629766992168938450604151949560198022890523297945703993813474456113974385329819879539853784740776038746890452406428331110016649126783053493356588962798848934539016461902413356738060329132354112593677824882862636618886587696379136116084816766600988335092484758776452758275412614923121022730408764546169520149552560817968785930460190676671914501064177597505562759324153415743485189070137720688236609214777443755510786196993609298829513758075942108166634226754330895141861179626484381668851395575600
859 3499787003287219184855015196991842503031468281893484448933972469283343514379331838736635199725913549636140299564103484356084231792426308086521633384677797902386906073369942242940354428501156408979716961138146626697125248070614646556209035342167388555106322472547058698528407476404107452748918669027269539469818972724866047359853080317980089678236753772816834237031540770117408362925750176409578101620760080427422998001107651297661767341988989512258525002524711660402345968469429105003370602123873691578491018661220941500924087848751983408986656961710707340787557290418805946888202504258459802919570182768581732948308510717878427014235451088377196012740899104765777217192170802277448015727578631340258238255312380222283233043054224843166317026631128299725723850620949502515122308517742301131749647906185473478097393352574432027580928063039114093837423208596391920312976527939087335473326144940229419981387256217848131915151257948810098928486318943171091556485799784
860 74364700879460457138191346859643074333673536906021928267424254516488477381136227073191193134933564676216146714018635786851963348092397548122337757960598374769592303623692172655047689645829106189324971951871852197684641649505205176352942919241432868476091271209102113542438755210989817639292271967646221166691642558247833969524797601183668191514132402463985247776139000473012899907042795180143409922809850908702863797237360985025629461043139921222623159889503188890583336768276061748537130387462184576728333943679337594218263881864880992394678479509912844468226090987079968841422966686635766962044086895770725066202312015759730204092853488831774561954267811373181058681891801736023569248437021659870174709464950805206373001489328099529224744451048070339499799619375802396179429909669468879081847529897154396713554989719501824014090314031808812725137582428492333662275330828753956973538033396938726110897359911324359784632655620233721099235725707227288697656583307785
861 1581023005794608316218275389164631271888720632261166983533499402542967860321438583649312646616939347794574545676365185802146225134731923179369900930064390371747155368209452308240870271115576940255093123721843974990797060943904810518800932634044493641449363095640610883258918173802958076047701758983885757908448710316302667357941548678074096797995054901661632386818217302008557200146578246124466782670547065532708464436714204868669020301769399906249918173476391558693793276194365291452488174601789808801268717477334952910366083700752609849963434301526372354677269504512375928976794144769902712118919050577645161100449125879806393033721215182378157445439224875974848150683121332116464940019159622451851346278376930490899304826524171894512324224415748803371423917311694563228939583726557529516300070953510000729034482828002794811887679845170147430122148273729239055357011726106531054894804938793707491412884573713107980574105272167196468687949086012262443612723720114798
862 33632209084842065342778745885670796309702015038756618066793353099149501611591152452194716887773305723243733779418397209935342428162555266420097474611082289897441438230020778722566424508467921707854156034978612272192877611880648241526919330827102059954644700986763621820050021669739569478582670977039407080752546652921119108223129314788235087340586120363639274178334126505877117060082022968766276459401592807183642761046016789414715318011362705953200500085852265970535211423321347905071991371597991361371180647203129456018437816784516317572069858970298808320482714719943842499630092786709918272759920502654827664633645604672250110997741068868872993647728651577815884442578487880342623286095515957855896646057770727534846068468424582791608189082817467119695837553262665395982273874794098616400576356339183545712576683397108080961960605192879745714656446300409434863797679313299486510489697332874298445209646695493907047750779844487930262458546865827223872302711125770134
863 715843636085215553790964576310209190129684967859450171461498345296440133340291901296873123902982634296602650238769974883561438573799380118318209725933866735306338979612399449728501946494839371427926838920954287480721809409175573980389521762417301066240044876755687217946273213665715979293165979978586111618248165154405720073174907569377207855675452310430633649090394892322569548923330536171473693181742651584547345165488196190245397578224858765500040191940915223546907010101189971166820638712270293859118632238673161636841402933659267467831291760078928479363724505917034055853116766254922938552073490826908714679477443421808708705048445420065047931354754185560962861462345342688597244904362893045829752565177416234357896101113604755273676091918213075774465257873258869429269704252803672602684056972778748860290956023680314042291494458383798361812363426414576087250348239128267636697598028422359080989869340252700000665477204784633206501308577480118468291192996355305472
864 15244957960736987781871382798919993195920955464602309176316226884129024829547669760644990819421050706737895642947517569575629367540023255211800318757921415971001040294981375857877197334152981549220922246031714789068044937741615614320018672679725390966646555703037571844207882574993209994040879842059609970503348319216329174825566771557894765586808656307522800094130737542861484118878764458678505123643230744287881017937367449217402414959133547737282656229029094122818118344976012266157920911242602561971468671830425086636806539784570316658965470835248013673812257264932774015693316850113607632384359147973794265801212344640220756656072587171418181187173531667177424940656252106996610504497625786839577103662134370529411397679473024521248413775695358871483067080882730320493612018163854274887733042911306040608124083251231005017858475901707848510543948228191451948410945702473645809229147276224056009320436712706067845293814097603419079883400823517479181125964202688003361
865 324847330567592714796463562053085467927009704063814508333414261224839382499223917071542616907461040040018541871215531706715951550708255156384426025224318778990992648977344137865454289193171009691799280079344444124480227507210051360838486834925208102115465964899872293605971047485415371038335166182798103245395679748496803106473714295313537163166441780568771853325726528472372814028219221352840877424746927554604607802011012301498536867541384963816050039243474928306855400213740674795807847154299504656040277115056567494570713308592203496495999157069384580998623106074050003172166318255367778556156143930611813364675206624572487271589525231349551411498104716922293862523120612819814918925634577029160945088101366891889201461411107081177113323530322514143939291111067191348652759107501442675548587683638114922683962563492966828308929829152700639994391130152495609684186559125449398680940294568894358537438926371998818133112705166957280891699360583668716717066935126357620002
866 6925914127566708424346772313985442521760783420236614381678340502052707133693364923430823641716775996057527355267490639332963467695538324663093964047404291894434443096704279884326280734881412020504458612611076947790943685549329612361406572105246302390673424584315140902147984202457475298458036137794609220473345501969167335805944126379881970662254589961726144294084335884531395437502724231960633595962265839831257088568891117812633782544846211134059440186413072683487100643588353986042187601722346413989686212017630630008307945035311150609828048028731774501759330501789941151967372514354559883378583655003264730456600151853788074903668955476573623865544243928810118861827277775149347267373106542730697830973805549331124336656622926698877676488406412905496107337133289420122386762972450343701936995264233630506001690611275992001041649894592199045059920712959394303346126048296538034077161065173910610573188022973726195145334209429237742481211917166737202144609434890263075316
867 147747231928618150288613726463997992868119490131900203744213422743020579447106932973944548071101136853405565256439423634194328464927566934955742645982146482587029756428382963649000715100121044721899446527006893475753122309924886877284890615045324014657727920368409780180336433287385038643576330678037586977352372672942531482462299273398300330894907101838288742710786785977305010318735756688417153959590058934752354570740664950512249514624036592948317132198459454104508916636244936510024889343111181682383146341394652638904712164310031366340843682618309990364662446984890617527101471478056491887472272048923485824043302223605961307137728143266604160749972638714624508265600063432539114621635695684871967526665748096965093170178337846389156302238801222786893790033780916869763357836074325743552249756121356449489499461885477112072962730832287926482628475634066241101440999429178852362264778760789615036552962605235213855849691899305219009032884730187125898993125812166291346184
868 3153593963292569606455112910733680047312299494514590845392613200633895475470027309742922008576181919142372437442530361104700473444791199838738523042555609164771578060398040433446606554038653861620834484400214288817022681838333938642135342908722219252209994189961180931712561577153929318174364014480897988662784320527561155222242050122267075598313399145227435366343388559863930630194918073359332134607213433421517931009639410081195311139087292225130114173101732998737910595953590566452334308490609525353906962357046346062510360309635070731006216527087900124128211884761725077480941142707935481273777578320340378842207768128149985815330054820099556918396174503818216094298638617847355828661563935229994826169297356506673055279152688033702067898207184423772204374349628525202879212966117774910192905700798752089094233187179257640525038785085302312038634065058443368753659704389876359151752681046266820025316564575832382548924738791594399245878856780551071629753620554540466033329
869 67349766236277155906857777059340807948510217956825229372253345382476337245237989686921828145469625881947090541365459930162136191455819033077008702721798255848836007228530438138937417265041247793286144000384709504031754325500697286822420315145915503620992775590035230420068741840522728608808279694088229530322390246921091084352111084413828569372150534893963894074180247067002957613685604354476585530049094040571415991996458331078767725243231191861173908113332365807147034874402015480058148728072417966349384047693022917666607795702343699406102796624743590937574045099696698393006530499923481206380479783577594969389022584284940173766672933069439064764259286025322564935701866179285601131762273710306864716505564904638006037721640482289790481220966315724677556144027436905115058192740412310483645424735528129392281749376419062836227345331714406368740706728060225127329773956368087710555799052609354553407578816550532802915615869039712058670667272046857274742266785940794055950278
870 1439163140268544934714831893228491628529360498070672247118040087658220869074699869425092901876108760708879100828866167010706842139939990962928266226233488242524472463501678026688211268271855677598349144714477925139436620925175960596151294480440080878332340248223148935715033027902481982014656625993278854598633569676410193606027402887600006454638479163067898278433554270607812781748474966265786064084186937578931715981189601716398728070746203309792773573412586220258138144114213911886823572921487561495298912673008183454858614530393599467393806985907980144933346214971047107097215927577875415560473726352925659765749401720030184003435246779812746324266595195186246565955609664942885386599542585535354614100149914985040785084153059776950190016941091540065586458986115845368367515833001644396417559404582985288148273185799396136464619216843820912105546525028483090535171745365964303941568215307735421264420284407037619211697877243383275730627969971586573433685091727165896780448394
871 30769986336167246332151393802571413490105560418268059638734372001726665739375844378079549059228130832296837031593523966596317153518949179867965556261576628664692553611526683836195456487197319091574464856882018914145265629680729629007315341726486282705274694017683491783654970099450130291150662432768702815054034522210545360841371780149822348416210037109389174147739051868287600822508555662640339062420567392247783380495647204901202072414173387365334010556768831529270671831916291653452147343997025585840455665443319664098666309558764280558751574915983813998246842855888959257251559960294551480939172672100968268934668737176121629678821309131553459029101514259214223595453772386021764679482012786373994198138323430954892414511927489814153944588671922038162662159710064617545975358771451205612045141876905485638486975039229898001641628108805444885692124305098711133487288303364266501888618702719109329273420859014794654881448588210177877281703566947992916583942277004381708146794464
872 658245115493252837867818099250193763528906737577081159382199850220710964655944987447420054277211550501368124992979172783264500326532785239704689630899377502405362547698258303472255569453726394524454691952394394274939632353057448448929279735198361545658175042242976427755409370264932274449540951365838283420058270901125389773069319439143425162638586952206992823544768713853293973664843640954523063003126072176662011548294313553251047511259518030434983288564656423561818902665713557236107225137765602397790781590874887650417022244810373648342451420771863157189185792583265497951637704384248232665305717361976555926801407887109281855176588905129910856409337019360417726352099586301119793236882580079788605945803686364432674711202661552564436791974987833506758358277656573198154212261960168162450101042275087071271134084047766613500215606652711362563710409217517338606822169282924703020412360576891753000560664860483196631181723066325286095835498474559738933670642270048712704422294249
873 14089344151230255861851901494072615751959983860151089191689753228974400559893501058479143218630290658798937489283552384202556937837554102252071654939077575914543662199129655797971572326115356177996708601981395650299348079708695931510622426398809623946510578980961820591320803818674914146536805103269377062191144339846028439780328101474540880246314268150455367339032864854360831732689828187697031063749703738892819457134644318492625752120046201615403278896594251386088467157297174863967969540792467270617149679556883921029484866367210982112237513871598797967423932699178796213741943627052819954095254588734049205316784311664486373209982090341052995722612147993507426325767671232799620075830781161332037073433181863976243213645659010856442633604930281803164760390991099778756972456365698619412107805471544331552470698688671617091216786276146288055168322668393104748374023513701427031094794424313782975228408869820441063486934031820067929529299105447358647022561446182461328310498077786
874 301742459621781746010088410866407290414092228181335555841711087775425092114541460573001706937771738227896808111215450890489143580532381252003021023642105544465687095543268534415347256177393790585183408985177745948447967417994800903692717670680493619399133072441142519520434698624450318080986200850140706916756608723637823770611620696380217676319376766264911231228096792808250298224226499284823609596115797280094118503739259341263333514540455580915490975999349108482603327622213999376146826925996035518451721234769209824261723587349344266437888784748902997659098124058065818818607620442969297628833853075917804145328999558331242543922151441882824039973492425454009972741635190446388969720348468656199657871749392805233322062441222109327101511697999965045618162958327022266350363214842292106402801960945757381697956293417545627190811006383381153495509771496448181719555311490339522251014995996415479036473419413851597991313347011804217953409411938829964561036632118193748780143040664600
875 6465830525785018685570295314523176681896585166997437077205978125451725337067948173657626865088523901452431959672769618979107803884462300987284370059488545007078539307662492946027910148852862118458743422352038342954412752290549270939590029220159704095997511376611939028223286369294725257190838433530493171625382257406275266174505165091491852784081869082089134442054975166591114181276026331402274699986611183045702631000146148681787100067060668787654425493259334089896307708939728002362133501022700466413454706040905925274661352623004148940541801103573377108407068679948789162330707957278578027545507735647064331471422135911544030823289315966093509668616307172613508990264991354796222752896315226738965877498766458294839728032417039359020753713854998253930200834016933175472525812874835438099199966854746402435903886969711378104598155002197382177631650938918431509133190598734713848354987556633695530698902299960294563266846985933083937122477770572049372633407264823020579915985949695976
876 138629027840125423437989019274009569883268981110422410535875434571087915683237107904632374503832545245271233912385137109013352692157645289364607578414730773483049487155614111019950008354551342394769076557859891068374622481372272066757000368978215909392817797105832362578173684366803964576662794405892122801164776878359642077702395030106027195011968892706120253719961370416604744803487233018155015703085330391726926535637941740155127179435780213228639472980974243605276565207469459729114443694608964023495308606869819828301296283882016937640337088823592890083092047017381617804880845711299130388974735382899062547125523942460628265061191647510770439177005989521469877051101204770314591490408944498154416025325000506987034791381672323244291215837578982943910956209764168928133984900975759380703627225748988135619608743486596362814173375798118327408664930854362735102298417031503424594299555803063675348674260003227294483462092977103331400715800199779573850367452132591882545618637760790777
877 2973895713396856117060563514692422544894921576838798568890696842581669475987532382053501754845150276032162648228894615031352124695494364272288803849500457759086988973565617267853188608626531381338928067259228704453884614360778127373767228182018246155487726535750167626454084757302540989854845447509013378558894896751011346295222909922725204640831868485202205706561067980966808313293024779338052471647214334157267530229202027937118770558841883476615105051775192242024807495577540188764909983893063118545795197205807068061240299409069336248067916872740518752119591663174925665486896284977955595467679877464136771897344130539672685781073556698642774428865256684712493569282299913848458268635443171423190953308534092469274255533596544082174891719362995717292304021926189366372836553846591098987202812691555285603763463179705035661680464344261670412300143867570094951857202494576675447097961599386939165560142918535816460475974496308760637828922302595623223750116537757486406838778476702476254
878 63832038935211917006337742975982623723650004284314236794140012619289264460928622752187114162027637638706234335765969805888213956552700646303351530773567267318145713834880212005611242276274570692642552676159720883470343883683205564680090390163455030378934739465210574798272332194329481439009812191695655288270231946350894218406574328139271143251086212383188997089624109593856291282023920074308104365301674376125388279374258451865219602331149397083987833690422885184741219621656633009846150765826398324860235675621657972685509368033274771872175898866297797498597000303805455881829587552238273836227588710556825230085449141279888494142936689955870997227570886084637769594715728808016563932924969806112979588426209315036582528950150693986418735472060169229669213798012659525823655925374949467116095164795361077140771701570320838937102576319635616144704048512635335661766207571406678843995466596931892643628143059952598738715833313257123122743158590298856144061428023965322844365360453689627358
879 1370859204973130180454455407683302332204968037304966207821601274933932999157449104664701135416471183954841718232365153112167472760222473743974280822629018452436877367716969001227087635767635112791101438236590736490952631895245192545450787176160474215715790551927409246624842583028796246480214386371907035164904539068420380915157043239176998582896692411629558405123213487228768544974308310593382165654252374238244467815108549730228919262942157185056326503945619875554644113927985545972024088686827638925737224847573864385600620958319248052898025364435755789055157536269185285863320504800049758044272894856044936478968194513466033894924764859009370358713851199015778693294286540944413972998202243646605403567526942955282617835965831818102283646132096786979636831434572886046685321340951737471991731342733909099994813769050684012245666655622639762350617278309692067003006703937855537843549589527491655907310955756443933117906624440957423448554510581075262982237646368380598650008500964427940992
880 29456956336466373663243062317115656770610969922403230397243206827421209361966043115627031366708631744985584825969391867702981613643410758117448954362998616072420991455064262283696034237328446217553824615746867925217903940715855641004690558848080687582447075916620062157864668748533768079644531750717995362003806595462813837014049747620456301613374625860232717124557821708525536709064833143288948086386989099733415310739782268550925544288647891902010973327731689356840780747456904070304330425650442901864240922121103372367224742892960147676655420865606786688437837669943585873868339027784890245984411927501048037716565816676616971317816908439592609138845041076256397314969207216471702103485188958336316422475059041571378930574032137172126527253838571248034090902560143077409093928505929503003073603852692783041934362459991853144570800236262310866020398623869239758180138035356794229201554892177524419103693902135587378152873282274091597455544290312571966369265976913122650170767100587863978513
