0 1
1 1
2 2
3 3
4 6
5 11
6 21
7 39
8 74
9 141
10 271
11 521
12 1004
13 1939
14 3756
15 7291
16 14176
17 27599
18 53805
19 105031
20 205268
21 401573
22 786328
23 1541037
24 3022528
25 5932657
26 11652617
27 22901865
28 45037432
29 88616807
30 174454943
31 343606183
32 677074350
33 1334744305
34 2632302533
35 5193258821
36 10249476176
37 20235442203
38 39963683724
39 78950184731
40 156016000672
41 308395089247
42 609764969911
43 1205949048135
44 2385624205872
45 4720381731433
46 9342216723253
47 18493387168025
48 36616169941218
49 72512978502423
50 143628823586147
51 284542626573507
52 563806350294360
53 1117343401763837
54 2214699405929922
55 4390477966792813
56 8705131102863428
57 17262475004547845
58 34236778032945625
59 67911409064366853
60 134725770997790656
61 267309775112135411
62 530436575875553438
63 1052700573079458179
64 2089428054621578316
65 4147626245204603067
66 8234172643365613517
67 16348845202047092971
68 32463819180525529060
69 64469792050262189017
70 128042995469637480738
71 254329711200879139233
72 505218161214049045900
73 1003691636508717132073
74 1994160492949710168053
75 3962391273824229087417
76 7873921706703759367752
77 15648055610421942497135
78 31100282343245651928087
79 61816168803235971128367
80 122877626211076668463478
81 244273141071978872004393
82 485635054591864872467965
83 965550523136156105822765
84 1919861624196355089586568
85 3817632410511007891928371
86 7591837085697824327125326
87 15098284175598919015107523
88 30028637799561271958272604
89 59726956633863252021337931
90 118804058069731291354238687
91 236329390845145669986938187
92 470142183847181621056733616
93 935330725017252013504073165
94 1860909122864607922385977462
95 3702615511753965091363552093
96 7367413976053378411789212988
97 14660340949234040045461123725
98 29173944663558238703066047179
99 58058777555869758761582994733
100 115547842895083888349763467164
101 229972870429585534020142424399
102 457732528991230335707459351214
103 911101926708839587829880456903
104 1813601187453474860869737458324
105 3610238455154678985779908179135
106 7187020708238713033581763507195
107 14308050632490236301698538459503
108 28485921007236448557408971321768
109 56715002906038459917101480416185
110 112923213063103733146563414736383
111 224846306627791072071912312585113
112 447718715126645083805693669065366
113 891541169483484530337040390873387
114 1775390665140391147106979064486363
115 3535595364661643057011116560036159
116 7041205191473592000163914001169904
117 14023195845488438220649177770292409
118 27929444144117308455328618049981870
119 55627894980460209922190806698401689
120 110799487895396078426132168690384604
121 220697509495341955700798993165041209
122 439613912608167511990534769868784261
123 875708391133054397525965030763713929
124 1744461772573381748437920520962317264
125 3475177938644760044775797146909899775
126 6923187062759386368874058496492979705
127 13792668787864169458840640312962926063
128 27479167146049897628951248426542258018
129 54748426551114286497561842636777591245
130 109081811625354041235296834383862758733
131 217342908701862888319036677948156387593
132 433062775294730814991084231564205857976
133 862915558859116473086715959087397986911
134 1719481991356100366030669220948778814448
135 3426404856329318514903121034035835676847
136 6827964668228155859829380741745070404712
137 13606775829786923378169491127051587352395
138 27116298633737512685748995200389756096003
139 54040161789767937095064460419328476768867
140 107699520814990314953632349846385910622960
141 214645430142329345718171296189968533953325
142 427799347635770837789062741825759385450739
143 852646548531843849104367934153252178391005
144 1699449502519566021589210610747973136549470
145 3387331147883429521466322962991905315440231
146 6751761211223582561579205728491478912244911
147 13458181634350874611376615385993460504095467
148 26826589065306829619253280739160738453141280
149 53475414404928354043876917096433292254986141
150 106598811977165953447842016682239177907157790
151 212500496728604505966248512854894098730899485
152 423620327511082199862698968012530989407601852
153 844506061532088000673201468550719704469901037
154 1683595555365029749446429866448301871439866545
155 3356461537104635585842365531922812961520882717
156 6691667771260338678181782270140753389397724032
157 13341226211197624393648134099049291201040532379
158 26599023761627010582643747996849333261369217214
159 53032745656796286186230935174822307705175067627
160 105737950454868699363564978798241633654259595148
161 210826850932876544513814246007268941911697321283
162 420367481392537763491339721926106253766501582845
163 838185920609042950016173066494522256765314360307
164 1671319849223296960513766471110008342494278967828
165 3332626518380413816970004872190370203519632668385
166 6645405580459349965565702205013684252671300762370
167 13251468760010981593808354069004332772212874858441
168 26424947367858157285303820239846382697523649096620
169 52695283408112042361577498891083012498179464106225
170 105084042296851892976579102526552778481622903121429
171 209560353803433799724876350661794964734700371526849
172 417915729617495974448421671665710144957548294720568
173 833442170746646972250928511510122607982022579526487
174 1662146512039655451136533890240436987595521871228769
175 3314897708548154146925812119836347734323137842263479
176 6611163214761290644313782515488909841339610125148234
177 13185374454607611014697865748932786017269402903727781
178 26297461135777118335875033416180344586599751107884885
179 52449562047215476398219519003175927482717498689273169
180 104610800885692600800898227568308699651106823812237552
181 208649684301980670048601211916424817528708085117521527
182 416164862992047481218813826499434950679328969101810682
183 830079121142873258705583819037377154651565236739671767
184 1655693350325133393250732427525952364568539111400142612
185 3302528580626499026613370327613439097097427283202110151
186 6587482342101050840645760688208575858264078066107534891
187 13140094144552495972847565132517314061648070671931236951
188 26210998058815244050436199152027623360143045232323805424
189 52284702927916231174944846135776068420742468930255133761
190 104296965690079427894102682754464242755355767096428317979
191 208053287847845707507733838301570873612763876749150941009
192 415033652981326101391111231390909903058696915720357326310
193 827937974661843745552098048322564795189223411909903488795
194 1651649893499757197493176007960983598120063357319148545699
195 3294912060934349746243972429427038523882535448798063326703
196 6573175814244271642877946783476996377544632131294635899928
197 13113306106179098877840353633432918107787432748491135771289
198 26161017073389167990021505577471605867670521008344645027808
199 52191823338500109311364316683038684975691580531205826693353
200 104125159744365702774890561181406098539427559596027531022168
201 207737167317295599790630023703384741240300237132659258415053
202 414455579967999698720401638913073552730099378046370157563637
203 826888565733987361953051821709076763563112071616669568101365
204 1649761411146348423782530254879981168214723016664492320184048
205 3291549605707594775257921859016183935313738890176071643697339
206 6567267826124046321080048903156701051640138074563802506005989
207 13103100223868605120315213586720503743535554531125068708280779
208 26143778860099749535417706615753693642864656736906916844668594
209 52163602432333986428825673908994952411918780452781638414846609
210 104081049113923883007388476825488411768288348265310660795490377
211 207673255165467350168443581315079648745526133264378707191774957
212 414375680011271238986511143317464735855012291726808218181897472
213 826823251487923027353191407770065224977921734941562088740980043
214 1649817076276465091039969937175205861541533480669891922595440922
215 3292028262343026730061219054442479727995756767440187796902821003
216 6568949455380437321393773389041753407088477144106830857118408788
217 13107891802711720785234293195588410891257577481526127239430946635
218 26156178743247726828876202281924007482589901099243128058982138455
219 52193957204746453225929893934267166732150756764654879346026693243
220 104152714492985320871660609166233037065629967419995699383477689536
221 207838194543248762651112161080013870861163450171149699165021734061
222 414748180296726137925594684212821323995474898806153331675061542528
223 827652324035429887911340267868358332215413191656843690739593123293
224 1651641062970567108961082684209714457480037799455043404949121729936
225 3296003392171148775466713799025684905381222985694142680067851125025
226 6577545127035225463500166076237085645254480381461056309874891853395
227 13126356467160883839865863010019591224519397925889506962897622060137
228 26195620294108020277323536419301722156713358127591689253517415086932
229 52277797056345554548899495121156848005917410024304750782891363698155
230 104330174553814816698055462287588178867843412958766282030521467004642
231 208212413495754453313562371473294646414946065756266014737994884581907
232 415534700714608908474372966754275517673765056175884594771867354233724
233 829300516488786647348884204004213699753325094760294170798143278022179
234 1655085757391179306330670075374713180150956045386048225306973647490727
235 3303185477452914977729010163424022429584874935464451330956911232550083
236 6592486972411027165597271800210279962064480501141571995660628550494168
237 13157380320526346572839882093872416264674646592318307673310207560238165
238 26259918440374086417868319043536211085811355795143849345356505973934807
239 52410835413844030624544929212294258100884818714905651868460807809913813
240 104605019647267700557506841221750943304673714036498825122381288923470310
241 208779412616209757047799808936908127228023518472834593841157110303085895
242 416702868390818295460854817032503276444607450668111378260167758044554911
243 831704307996311454577221610016933548653528297241334430260721521282511195
244 1660026515031377790478879900427958330723541405033708673073561207134351200
245 3313329921030368662437401650401150634021180958282113651483573291415084909
246 6613294980987317449229142490315692854370952373511293069639055171941369054
247 13200021319540772448795524064919048243854843585885494255180012144223476653
248 26347224290876856921578412941651862660548488429083302948356534668427874940
249 52589443403055652647107560241181155184199172980220761287592257611368154749
250 104970126949518127741577079205118694059608459324872068958917414677583125385
251 209525210465151169261171801116933378660489308333220475847911732781832758765
252 418225237858097407805220525761686432384270796012457279933122709058157084528
253 834809820975920317730325823264925250123782271971954117312631790397356482843
254 1666357565536636642641204651020375180944631281583542517207244009248252578080
255 3326229070057660504897589188178011911292717915747110865225131445534892141963
256 6639561463241396090179925089898089696157292596665406816150850703475456574448
257 13253479006070802029318151398480927700480594602484775995584365426485772153831
258 26455966163272159405138076291721207413421971850169822885769818518523095620941
259 52810534940407128659195528353829851941660816745783100297108911381153471388703
260 105419436538732166081647956717543589033375138619118450300039264867762974146812
261 210437907165679960246895844978332195389174124704280226108431359355716996449277
262 420078440462412847594042613303632139432463382278045031652390750461083353429710
263 838571163067737554014133251558086827409704565848145350792302713669849081932213
264 1673988780390727493932754927882972478161284727558845500573395225518204903929732
265 3341705914099468230932895830216025849057740958049762462737903596438750981513445
266 6670938762943723596489049684237083506359846998254010808489369397283909187897385
267 13317070545801844071560947078810661907824001447735980098471849208623745106376389
268 26584802854562163696700984679142950836280757924257076026745474318944871694236280
269 53071475592466510482281311432304832050919544445200828844777189646298732441248755
270 105947773619806548328555692055153405309374336252497406754627209246050295116555951
271 211507337610109391522239426421318859493956720133352997827340333311834648251522131
272 422242507798371447410811321846236357298793527541783475382055794874044170872214502
273 842949107095935313191920104992403206285245574120429424538331800320685129579616845
274 1682843097175121149467612735327906573347181803378279411943141842585014300447830361
275 3359609058744805477539984521503432784971646051294988332200064662840424445054310225
276 6707129447646807617402252264162595021981171499770091245179704063351734869982251320
277 13390211582313518788958470876433524715739597669513816221496689974679972502318953087
278 26732586269427008339742050426529849095589999740995481944774080562147229431154053782
279 53370009622551095577122658694430514350201537287104901486651984377458871383234054255
280 106550706099753490941657857604764713934191516096608210818927682707365317818420727692
281 212724793385644340523074998685430388934460778267330039326407672173203133322116964407
282 424700328743156244379001464796315421202675900210536794458656735627589416644096167899
283 847910030789704913151359508871587541867240347584254425016871089035074228968751669559
284 1692854448936359095004539941589651459676492498826972452924091767565835475819496054352
285 3379808681514820218572918885639996881887328992529788434046745248981229274968225558593
286 6747878409653123696034090700763707090198129510371158399559854874849067460070900439928
287 13472400807245314913017442765516286024876503475211948826728831696941965128918922946385
288 26898331277470586394132579361582075120236148235862394295349425613698875902215754390112
289 53704201101126229284936658216009110167949896600578137735984514290026257849782218717973
290 107224429526728717818891969130320502154855457585880075248330639533252210083162277394495
291 214082797946098929242716681714423962917237995312837291706161667155697162535512343493405
292 427437210110135134568078255503820838666806549758463987671513188608750150587517714464676
293 853425058172862176362418235410007088420964201154128947871045242198212434880262802944295
294 1703966086085731214807650173569532559277134046353593838262890985949104662030531864365410
295 3402193251875615019016811416522385371121993570076109112206854362732153924452403431625839
296 6792966454531057048562037995750559379976052393300687260013640076796156449775075975153084
297 13563207426664751525247783002886099585100891637605600695327186492682209391424883342710383
298 27081191209783817227050530825495016245397521731334166825468321862280556106111509409303987
299 54072385997752017158727808625523930470985801535450711431698301677074047981881960745196079
300 107965673415557599103253766202476079194228605170217294417514433565957570685539650262089784
301 215574923437412263867872485261768084339013748587115559838035315766570104829633478138752489
302 430440518437436657925343043136962365602293624268412415437923321655488969387622103104130411
303 859469359005368965845955643235181380975435608413080059572506709850485477614520098886938345
304 1716129206212950414958904686387057190236201834640207098838344645844094953290991045588628174
305 3426666851175825360675009073309701622927131858978882346093046774128214891748718245710852627
306 6842205058595967481306466184712147398819364231315761538004286954490847024220627091803722427
307 13662260905381764147904218433475697010794066187102216877104301256088727338197984461655638167
308 27280437794887276729922550289440730777525493416744626602526137726008167073186965692593264352
309 54473132925451431239188079636328150456368150886427422327895969040959703987924495884733677937
310 108771624438380615256706548230530962074557876495002611309760793348522380882234748546633601086
311 217195640399035145249533273261008492614075103613972081819560819907274719495488810606093642801
312 433699385868102202897349676452298184460719950435911468401641298575723849857400259089482967196
313 866021573181749659582432931255627913863986621608764244531014304934804813922396582902945383889
314 1729301827543327658824762824797511937453507805813051372154976449397449434232132137582602591421
315 3453146967683642693040171679562792743352737172799192462631187795303533900357979066340817344609
316 6895432052899006620610217519709314901431060429702211537796288844061873632514413312531103471664
317 13769242518221648788535236910860395912960701648338169726017699047687788984767632756074144067815
318 27495444619045383511194664734766053802731572090360488786905891099491093964815384318788329581345
319 54905210759708059190995959682166518037177550569639130777149372742708423195230312384287444662679
320 109639863025979273089816826928612917208072043939251379623889688586742079754798129111810070352658
321 218940193628222694097352601521883175051224473453254079301094057254098965219306051858512682725733
322 437204467075398538025540767163499503834401719298278839178379882337738066661170172056555795195909
323 873063334728825854395551125583112396826681655129953161997394383739264087737371587055335594780353
324 1743447856747896109019707220913229716945487329159109188828811404502027841998338818160014194458008
325 3481562670902715863968213077538815777448336830513859140348251378479017638376885959182421416982823
326 6952508047432355126534071218198337444422245829472988378768489841517849318879329627039526449620808
327 13883878346042630873680227793037360254911780075650227253369602482793391229068974030570284127937207
328 27725673406622482267631250312236653439639886195730460490752367556787740969998673211868891070438840
329 55367561762395380370114518840856264499485125218274809200511835661448870885531468082340344185572003
330 110568310715921618222992062811891090614182870369900764666238201359855965343113876283297492456422379
331 220804499025968535688490088051496632027238476836043493316119181903582905656977766567540536254074779
332 440947737154759400670437195851698051556929711435344832237728582650869397825248583283121781868608944
333 880578875796463497850520736357199458266141875844800252196849780231464402710082998271213536052013909
334 1758536312962059265676669934423665640166989961130680067927294683102308942552871573004068065618539099
335 3511853090950014775910764851903146609089887491685244408316261254950764343139276298315607745961816197
336 7013313451136307441003562556624905384481270156882840366918668455348956168749795278393719812122090702
337 14005933435466448018668047313995540300527145206582255686948758094575951402819728835966003586335427967
338 27970662573546566749645203079817230154432102795412247634347277222398662884865074615653777291135396423
339 55859279146125374212758493077241649039945577874349608556905564176865335671489403044482724804932508067
340 111555186175471384647426855338564609101085732551872378641429976191049254491184770655537796274733547008
341 222785057391030864049431307977160568763518734741573186948381195361149459845866695203311276096629913893
342 444922322629851525459801044681087970952193729872669476254025156858378872931155881102034685836518767910
343 888554695352876679015923583139163974714666758929021480004650470365209324741494529668523774783031436005
344 1774540678244503417150971077056807215439689133427154528567687041210343059246494967523002006264501567148
345 3543966145029106799852859354259820755355062916837140295757707699840925989695653247739740007397477144421
346 7077745974823419241686513430510880047749509251263861128882843363482943164052498788435561951588716563321
347 14135206902471624556080100835823457492327314061489121941566898323668363924755586113994089114488442538933
348 28230017625675063533545680043563234679647010478040418496640458178622338608751706436863989106347684597248
349 56379588244930448436885290595403934157371260095390224746614454142513649172236407426674414918260362921571
350 112598968274451304418756065899148240598861992077267810851725944441937990672708621385354582671036910430000
351 224878881996662579196673665617896930365214310419770153671314329867297168647484790029732647731973964374195
352 449122359405621341879137509811099903369006785487385129269352262040405726172117451174135848724019807143632
353 896979280568107371569970939464116985812812774586879514968889977825706562615102711254061003431105874963727
354 1791438351061300212416282112473042198456213346236104488077320487799504920860563444971785259797849046855805
355 3577857465368953453673047633506300417785633645327317569978512421134362159251328878961820503282491757230087
356 7145718528092398593602635415493231490617998065892624439041637095190145096919046347454580077321804707638252
357 14271527806527873791302025940611503440839664767686553477523861846887516312674213965445068947231942130143589
358 28503403064230160765536003669914041701694957015618095837009835067089310086604674744645935349128299005964894
359 56927830632739615761583407709797885976008135479534423155615907910938293198263377852838350397888616199454397
360 113698364924274376756322577135607069935242439280349935055612598962519795702976852326738686563028361621437188
361 227083437447196067183115445005950314593176281997647984891897764370952220997251176572962383242735840582891373
362 453542872788461731228096178376453905594279970602907003957668673586582295386408917405447007270909450931030665
363 905842871370641667456244845697532091899098071549719669785177103526931286274462694236485003590424708430963277
364 1809210184240921036638614682912628846200670771388525266418474893039554569336520591100122468252082597721604968
365 3613489492444970907234847390700605392973896464158939384961838975071338448791520246907490591058015704122979035
366 7217157439664821271685856020610311245868670180719425327557872638470254420715265939145955524208132982580881345
367 14414751657638046094979351419234257224363411055391912497818342372158406410724001013515100383654856595383876571
368 28790535529845139273042086369987610697664420620221199230879985393809450093473078516221028607201234198351469770
369 57503450665976829883183463351152550198848972756791168559612825055819296666416007877769417266629761286124916825
370 114852286661566740911613837512472140784061063232382522607258584345074078190163856367644697506641648373323494449
371 229396587821464408656181776357791086493643227666670934066328668439055284876538642319844838919968980868993925669
372 458179675685012675578539127965780110823179200915062943899981765639770933927606556726103167529351070101268310208
373 915137260590014924275832597814570805848286519253543563903898659356487857479967929047938532211070210525207112115
374 1827840092595278949207404249147426666742910001957543179405316110104369056739287930286466349426823395676072955314
375 3650830704591536088226791070661941181028709177999604022396853373891298352018081865056747460615912898567351258035
376 7292000944762363423901558086871531308590115637602969436759298346649730184537984362937504139886526674017806050340
377 14564757446246795820781844149186108084985126273114493016709869652823917631436530238590821088554697423188121047683
378 29091177970442273102749835655709271166908688660909002292365540363270313000640885927720915082693711136825303456823
379 58105984031044857793949819844563569011431218475121007317145789625751305047697023489175952013039980388407389289555
380 116059824158005462978150305377126012435526717625785035382414366175553929219535911220453759110405624619865610065168
381 231816552505434778707800332338325141770069130427412273322057557133601771342036961845575929481768559985449820441253
382 463029281860539429388088775248938518049276559824173175676835385736716001963266903373794479325442062004539084190516
383 924855623595664553225504099395636831894904729957944395873545757790796621307553675913413314800003475968035492904501
384 1847314718316264768625291419408330622845327035248124579230875189950623103537672812415669798741116451380430647882808
385 3689854960787631030287808386318630098295300061479903402368096174885767454534830884761140430740979653476927607536257
386 7370197894184047706859679689124267237663779140594525137150990148908402500081265326527469906929615380543436657403747
387 14721445107470049404506186521930231641780090795936469469945980044189195258567555218004177449866605265059273445336985
388 29405134660009645276842488328799555947483625106539538816614685533672712533557562140566598718282175465927861869602868
389 58735047958932069142388918435200780855850868448989772244556939380248661934133364167947644831290616647562938733981627
390 117320228996632288098786082208896388579380930817848392821297711046873083888132807319925959422110643746477955494150170
391 234341868425334302020869512134396711902634141729511871579787749359499511442876615269108347460002924926545123599409635
392 468088831739382274364629290854418585033079664140545318925074758030834501710626955767349968422946654091835936691670604
393 934992372513809317153691993015791778626162254690009874109534006572322629098489503162073145702873743739838342536265955
394 1867623144538936951222389113455891416213209958154601975672696830764867216753456271201709558331491277786062169852341455
395 3730540937841524888133794012799632771130749513211996159802328176002690807748132887523644817377824087860528234297891811
396 7451706648399865130812573598212892189892256372034774822354397398818490155332697883582219201193984734247177907013589416
397 14884733347963193509500290997206129652874088862008202167753142087752382696095032062627384015074698031290572618474539397
398 29732246928197686600002687464407861694788592439978273967513304836178651400011827719134296823803763948784725686892103225
399 59390332833187605076918640331070471818257991435725585211644740880237820392631656209950135423147386829730745250541806821
400 118632897179618990744582840537247555408232215153671313336956487178028650652694948930697674794548726404438389058840650410
401 236971357635560920126725465600804527143840563331150900014116728843823984886004017224431173861635915602500107658943836955
402 473356028703523927365463409412906830676941347363465915546701484671762612518763141699675312404672976264962147366872364527
403 945543031026993103068195820841654949487026117859624065947917225194182290257088400700464780052647766713015088198186806007
404 1888756649261110979842583762978498120334641225027956397155000385377253774336201521511377698528784681671648502180000604040
405 3772871646705933751084476695603704970668177658123045855126310244595488218130476993289277680698793997700638286619585507897
406 7536494126810059166427690773219690515255720603810202269137451345485910317462897845772481795505130162272229576961891490362
407 15054557777065338834055607884734714863564071992586974684698222917819906772153919853169917917111990327756780565207611542729
408 30072389486621501528738749402483208116376148195429216274685570752594744205982014700362948872836303018503467424912936316564
409 60071594968130922273007119210742246829445922504795452178945853797861583952954757331258395182194741509400101778545709315457
410 119997354931153335848751941407638373518752524303472514653966199626908062345279742724615034106365744998512720863886681072733
411 239704099408103425432724453272985356950183193825886283752189122394408611851064819907132883968865999163732994280397937345793
412 478829084220545577400302273166232911261831592704974899001489009605465413724661837694641419333268692795113887769186122006000
413 956504126492632208748414893717192329090947527793273505232449638887814140267232655027193535604808933802034328420252350359047
414 1910708493236022925853216779616240885512354059432327481573448617978366794028871722567593661213231410502195424515787488722888
415 3816834015437997611928868181255601231052945123596199628247448203240915244442921848372315646219981186997810942427075527268855
416 7624534987747097547020465274021836120235592303964027400206009262020840410461739736260608765244728005335823781274182434759840
417 15230869294443861470771237948054888956114646821209226309853811786226108177676935942806941879802617540622972210623918017460051
418 30425467258406008765323142290342548624945214492810535319176023919738979137469687552181086874832507641749231503725590478145945
419 60778650374446391149892368102687081019767798158454996851864275025602642585863371237956611342293727562024935867283571589101195
420 121413246437704315349553607137318536032675255590036398144590600671735551388735174236479285739361553123453950503725371644545084
421 242539406123521032749409161800084256310952722291432691658353902570080337497160913745628091373721485639790399362849171942429329
422 484506670431395263757853390120382642229424931541324603917548401246728265820481553167786171203182247709135815105984950415052718
423 967873096700612200024416180467057846074086524457861431104661216522666557685351484807318771349772135723477830532563573460809737
424 1933473736593737562176063380447492910181100940218836754643999839552559043326613056430602211002968615089741317511098796383740324
425 3862418528541080711119932981616239818901125832608221820936124584282951191199757967040419295780340937058507072498772222758094089
426 7715810919134978549045314338866031875640405082056642827106624366280061230647029451499426762549196150755471006268582090931032069
427 15413632694928945832392104435614818635567821474930385056214279316534899975605603469661987537295185040024866011583360132636127561
428 30791412634033607590518568512552586775247564700385895827465456743519053313305619585483473694502110313162366330638509283347481800
429 61511369361563796859800648351697754648557827441803216582909307728820821048534440644342180922480475998847995654852797493265528479
430 122880323230877086675666765352045091376450515162039566717272340384126912174270826634339571304930335087067409324860537740503502197
431 245476802386420474507725225155847439536727342503307115768198152622092405963876194853820512748660922798555410751208150224497794847
432 490387879068293583614002317878284878511091598498366732927054851312720818458335179146668474457439733900750480684088659709333477042
433 979648209058341789945022700124403590385591427682777558095695874271914643509556050401371210638226742751979208532958993067357857877
434 1957049079861407984230929982794933139667725206983294810643422092730786484728077690024212494100872655508611415645350443139286691357
435 3909618914210860699000499420086349990514087069054661643904998246427664093415977087200563144628492147132042530949118076143794672401
436 7810310023206860683362312143891581089697120185102260300959328660841137369405673906439831324635991036483753234112442471193545418816
437 15602825458035761217526302568115052094928636025063730964224901237451771503160418304332086287652172745624191383138016913089309323591
438 31170183089848851398885434262523318731859720128437117369198710865698268324163000756901160066111937472129193987759026713356916533474
439 62269671852189577963449861441981019147351081629159374939684924718722970707349150349891764256714607986941066429010747534506129229511
440 124398434968777051920055309331060886619530120618029452735709863519882317427011995760338349759693283839506740486704223651845482640164
441 248516006887411212917561445687578111163664039219301188957484732281552922413698406523994901599028376275852221764297238558939822843719
442 496472185766557624347042072007537425859077817973862524635137193364727343546436299704228702274407801337104989719794524603944870458555
443 991828490369560695220335573597390650257754689654197254857974871265311693983217327862943193858485061401202546553826068144929401650295
444 1981432725790687599556553391982739243660110670533572905925913317453444412221437806321500058531955024965112743706636956866807977867984
445 3958431872450283280209177707620866815909269400087472090552439445540609133075848736940336939480629613756344902333284087585038761674753
446 7908026281499411948555612321640347934710546032688911325394899293910953735532226995646300193920067050704215550484084515460294102345253
447 15798436695176468318633067104528057080232351953884005299052210550528001397661377206275972370854121732251952447390850784936507935993809
448 31561759116329812791160611744310768560211085585568176111253942816274545354801113987050091852152306778577400085133387206408508666831738
449 63053523305368981799045973891236220564219363642625273652566046052551923325565948601353225741265005643375781578275085734017828129270703
450 125967521412867960958088997252440078663523353144149007463506349904714072351100922172526297910009199509904612626564899088851460448508683
451 251656916613768166261857771485799137965995447311394575252070596007696585206087165239859663573184452211770744468585886729688526064854443
452 502759418990951623754427928169642675601728917141590740721755683266190043117648968840327164352450692761188538814804593359822974180318992
453 1004413665679696868046174018211421974154203486212650382288959554235690184456947024058936797646346069814734570811873917571603453575642485
454 2006624258999635211211024079792751878086108314319725067766838763860526750204513265072221686828338542978854419105340709994348394323388388
455 4008856838188818466421459309920278238761849678493758705177996941531549136331789136481905336356341356088569257521583387872053700966019829
456 8008959088630903314069387979738992830300962783029439323773380971610933531544873162222125615397477606884714020273307007213770573478337504
457 16000466232037955773028873610092012809588327087528710180307531735649364789429276459752253757467015301906613026040243556562316138317151889
458 31966142411981239746454497465619791050863010932213438040707732790463675537989286938309766230579221811534486770943392373702395083608496929
459 63862931161556115054230561861937380852987723469699201518067286062218157201542828610026438559900193379523544635853618187822204464651715049
460 127587605430733834881918589229535262482150076230104353839583399293146399122750480984516347556227485054263993605617893932611003066275079392
461 254899593076381518727640416048343186652254262034129962999960095070204927323180442248681514225330646795626658175537431678183211733640201847
462 509249732924947325149233029324687890937596285341702326015732639916115169350307266251380413747952496819745226225083622939867623288593041957
463 1017404104910408621790835740090482365343332706342148869714527128828117859348698484051733180511863767293040477753997327093311791941416564903
464 2032624540924994876654850465362396241698956991395235976044685444532898641668121836196063765681186450927324993807961031692166581621831914962
465 4060895774496799846745261117770713346334585094375063356657696913715388642267171551817854040506880146496865769749618993510060151757342132893
466 8113112845238343679655828632365083253549308522015438832332083263809032773552006047584941871033961587740405001549387506023125868102173205453
467 16208923807254971006167259014932729324145929206235400508842744888286275385458891617722112492012381178166675626206763790986489471487795009945
468 32383354305850570610246245139977588604757849155331088918566779458695802968972668704063309873396964154562412496982061187739947041054730547280
469 64697941737145478305996881317125640163886257886115392397904055172852791199159015767047368229579985664377554201414398850385517465172256459983
470 129258786882492254419867984422161794780846845163425514609918379502434368490222387233704842010281594342608636961412633659469620290688673306906
471 258244250274047302895991795224433203702902297873244707650515036651339220680646106813625383318732357116468909364234517253540082986477077827631
472 515943583775880074391900777791699801776637624784507529498006667377700469007884892304684967055350540757568199465291533764699294538855623276948
473 1030800776210575204389389839618721309530086961600580880683052992992066821057867357347159739057884140954848061984867973860698964138906389872383
474 2059435617981050611228247380408149032263436909547550798220718655676969892519845934832368295247372615873236919960832221875686786641903757324331
475 4114552991768815508495433053872503907187544761639422928553846198144214401573174987330549759505589556613065305505326170049125885104831000725775
476 8220496601981258529797438210994869802882887539677386215998001261322566329347857066459110906423433931613255408562325040944958986636867469013920
477 16423828371506397089948633185269635435279687200204890916470729026045371647468367168303755235728902089617447025079104272654949699083295553813977
478 32813434377534155420434160470137735854263875896342629803231346743952566343163441265999056418365764166204683648670111920639043004274785525385972
479 65558637507397480372226371473380243874518792246403878588414218566235817260774119276733016931359091711315407604777069847555556024627801519242505
480 130981237271069028325203140179788141354562229908390439997658909054344586522691018004844033144057033934102286610268828192667452507694338508453432
481 261691244160110007622038428162628857059916933030959875377683354436249945172563045701047610338369645634682761899740603774354098408084732313720997
482 522841709035012510888287512311732307241397966008639774299563056133671881039673253167481954614473893550192183441483438260047248387789855813463479
483 1044605205119360888800863994355219925381109385560407840701402784053112742980268110572670852009027725942836351092269615996127171522219577515806109
484 2087060641150771447543637131739173043130208283347249716833953587521112594068354037771680224104680344432384476478165219545956414379490482673951092
485 4169834989395071394667764638503472076056520648137100108965735652155116555179145012970651986196936686219466402227537551786580059347682249471169943
486 8331123747782117213099369992317425619382940496175751905699205260493011866004892373644600182309352067259502771614084706677125419281649221385058978
487 16645207473633508175335467621452512680849779637296137461879401857133445360455687815639556157566690441393681359888533253164317056192855036794598015
488 33256439248378236358313239412903813987311741115627219927891661169458417283954728029089192827652248096599056159140544153585182627468016605416258972
489 66445134726159786168016048073444802057581872730763275700155137851805924570695701789087097970318477049311896379649306770255985554859151331954425023
490 132755195055082343354615496226041162208101002294055250604874162412367315853946788358677160439362751507896144306797217623326014720015496154099572035
491 265241063412761857029122476802012560216017362526954648610143915598689768407379815182526780160918846182409239530675334075294862709811622587690821695
492 529945109302574961869676755306924864426023642051105558181560030646776816883320527498731973057722123310197809786811751266283573739340672049017242456
493 1058819438776103372903583900021921480856471644665540265226092682762380403140707911679881414091246273674969879070479628181424417352876854066057606745
494 2115503795507373257794821577702729968919891293152197505963789122407615840524649786185918409952407314095560578630952918132431913892423446386030560475
495 4226750316973055830532180042079073644034484460553826985176877230767301419565294482387433873008456047552266615921967671316382236976441371966471422489
496 8445011736517923234181945474464449290373093997918225607967755330021399290893443709244522144593769750693851694619690945407913523682212454565203843534
497 16873096722424458814882483788997208935592334382214391446852544624364192505855174589467600239885748792577270712613166087435392603785589844740470174563
498 33712441521584876502741398814223669358651673270342422822969144532960136191807755269499916715152428474439682177635558164922249381135241894763460449291
499 67357581338631074918172014713321996888808935470521897509167328079850725199448028725112143895530151507278346315280785030594575054537277333686911163879
500 134580961538448391409381066431173086552285541781796366956515997162980275101908979459216259769236305045354220482193840203051835588786191112262975536512
501 268894321340394812688244640615480572845887950497879542434508230371990842440346437516323498086712554074460541199699152679621746058509097193204938643617
502 537255032346790423607438077332281654570338902903325457927956880112736471086219164389447124707672512167035139502788432409450341317075471899438003044742
503 1073446014527222797659527646804851559502716955301925662952513310248930346983497182158660554469640156023189521059443897430693301985210232811303538034209
504 2144770238390560067504080191144908783525439259684058372296195867860813884644219584317385771306231970203213834317173820202853570586344373021215843660492
505 4285309452554810550233213300104732557936231192879544978475178886762622582779137524697770111782381359864921082629166926546529628256166334256285644524945
506 8562181847245259433950208934960088025418042747167247199090545490547144869808067046773660075695540854483687195185544483698698921473743146777298616324525
507 17107539314409278603660793072947503516328574680341913069788730320867225347199343444775873907988590049842450472725902861600330970674702067834213025798529
508 34181528852263566312438380245721098289316494273001078377007534545458502836117662742778251413886432990296884692851286610906814194773193798835095399833584
509 68296155149938976948813118402229957790216701993256001108128880852648196478749163060695754569810571411016589978793171890578763261719160411220572249835495
510 136458897263605114258149784321166298804344002046586425695613895952254918537034571977226155236166466260116989811358291469150788315263754976899744002609219
511 272651748778450954759699076122755119568566735371839844451896933191054882589518916103284518847519489708524409046134479471507669569283855341850478085246359
512 544772959114974861602700060566655356963750841176609852220143009769079494771897624565535546406169520891420670137398836992036988219348492376020766601747318
513 1088487932376525593028634071770009810143552713194971923630904232464612017772689028949332799305583149992891651716105011918876331279705250804133019246338601
514 2174866045150175491266060897619416554473848349440727474502464902132084882501685420283996611441042776665419391110628425155778209993702092438940685306222509
515 4345524695794444755111489245167356026836416826848863136986467963441782045926584681885462677261703693834534668513795024897034760946427370237524088779235277
516 8682658973764867354297588332632062258987315189345158164123741436153423538344984100256765561859577386920828636088189383968273734398168956216897117790816912
517 17348585619428120983307440454502782725107028124221344463369548847171771065533336444805056535641401505481480049696998885783287943135243179538519643091298067
518 34663803131249271317359787505763749084465317971558284687917506206259958270588282577457825511268732441273513320291278806836716041151599694074993840920715940
519 69261062217752671559525550392065631637991452157373094678999341773017644772671080163954237430552099899572874596397941008926915029273376023252249519626493267
520 138389418845930284830279619348396400525621632357726848244615965676378922250611977210181006838931769537062828410060707035986200354512199166682913728567254032
521 276514187855149840889576940450409483806999355958021671424313110638251528293831712537141514541526469998300998566531605684946100263561877949004523369699827047
522 552500591455835543941606762976838647752406868792585203970669575825804379356506207480459219955053225717698590345789460568731459212948827820508520655313010823
523 1103948630805709694456198368160633074821357477683173565536359252129155162367362197600009686204640486237458379863677407569667165216530377399016960360644385839
524 2205798161527666979796991370987185355629387356361607516236385067333074771526686738745161664237359914504788242585787930669542697388436984613002457141488338912
525 4407410074169625631855535708468941413603275316785718872197259219693881230521179647861563860049427334941805895847752398277670025441686778371284998886245578129
526 8806471439937808964459091893056981124694534215729698500401456297038093664846392344138175048131774272327623636740145989606221066209623940894573734036099826419
527 17596292816923529462016594430877638553452754384789360905214844871661411565110813990663223005146641657226954816819982307674688060815307400879390209012637453537
528 35159379768836894995596512318956195444585099353237797358346985731696630023280826703429024958602648226593649549344352989242118160194604390888024159110137907006
529 70252535441717421735962602771279136475186110285820125631263711564024128436164694677100705546713275939091881025702646366586723143835971280234473406985395475259
530 140372996195884399605116705925943746223766612065017737821332693976921669180425845684052220710579924924753393228388400628584088989106268305205810143595441755883
531 280482586521028957742266049222962874011034621380974632110581478750799425767058586236090080378822199156238720802537256080081469583437737079801928970462977839903
532 560439841346518143275181027440870228013453508670565697394474300106004408114049868217992106085734928143784715418491128265795064874571924022551181268154799067664
533 1119831965559388959514409218957471105696035135649683169712079267716024704850624723253677964334515510558305497709424225425942175057819892342947759000306914454009
534 2237574361878155811919357719874617963551829322353277926851545237360730990772638257778154013290762164594671131950912435168570002533573560735672269003426360187998
535 4470981260710406321220411611410890887781127155120351878459428617113569591716438157186938864695617808349796308171035967422223185814578409461132257998139377472985
536 8933650837674426530049036468137144835860040872409559523560552444228732752294275644512859086027637230664170509138076979603484822377260348285059155485050008857980
537 17850724576906071315137812363567350520334832535582845869132514878490083961934268435923028752007894316530223484993830569496259416433078413737248641023293999163801
538 35668387066540641405157478485423569723428236037605167097696870676780272826431669866883604758318064143183683665240797103472734064492137150783132455965637155289885
539 71270833326339646005346937556604883752690389208004537229963875112018465342724011928584088206753082427298970282664455861615124649435806052351750464629314456478185
540 142410150082943296927410016278161350247940230441436800962028476049212188156593023077856453846634340105806763634629202940542225518532757838573446146961471877745504
541 284557993752012067103255912848085527948374794232892193572748757714296789224643576461994518199885089188559446048735654334231013552565772435758135228240486630265039
542 568592821446942494982203662222006944400078661070292417571689602343513801919343449467740243928565154901238379319579415913126909410146966510418535725662526170503578
543 1136142191045820252722382752866719452630160900804015051277072432535865287562393323073736869828002251655737932924496350286212121878438471563438115770024072880474015
544 2270203212547458190075871110787908589143719001661149634618734074648093664380233784464582892480221153533145726598730362427307261287715127358383245189788398105011844
545 4536255501887590331989670235943507693395053013218838241074274855693931918691129188352741288946518400219724957573813003012618425973130292060293081828067493987077055
546 9064231884946636337137604926212599695926283106292726650192235864058958130210538650134580911372469045962038973180283549610576191659463253046096295865952801916424665
547 18111950780384963770103946666738719815623234652219362033191511284418402947939388320589762057206468213765986274982176489319540094586124616581713520445749587884593663
548 36190965666639261015696362774015209938679101512572962436845217726478876205767206685869618686590888909504826446357881854218027995260437085302242694234902635869310068
549 72316238897193350701049857322025586691086882404865588004737740039290271037300780955627384777612867414776190018790428559805933587809315844495938594307693548637076725
550 144501450001746907393935055795623972827713987470989598883801627963929006685293818309910123289247814780461926843581278928026883080221084444752499045963946547171103138
551 288741555348202395744207782636222546793857111366653912530090997858617902792810507359956554933503745861407753168179948139539072766280271688807086692890207787875670813
552 576961836828459443997016778714529982556192327798317171940446489215836194830181700096178896272368357922572030497606933234533451758018355899047311291112811403169558476
553 1152883944052577657325136096530749887574655145775899469001205636067447161425997637397356764350578104960185139188729067537319526955977944380844817981835134499585409749
554 2303694039812714518285723069222313258474759355459326785133932553084162685219065777467138947108149761136561163111684452633517187319821971994420198686740227667939913753
555 4603251554497908502057033474722916281711305141177185992499010929697049638430723384591645374771022527253829098086574912986713491925303608200705471048033910343720409413
556 9198252301537298619678414096897757635694802242235404774788520457365974208587333679949050124197289519999790506335330002018187872125632996018267199386328835574599058168
557 18380047274768119549461183021066091129781453424284983975714569648052814203446423933114772424543589875201675492846346183181086618470742255461328666454169492334380844947
558 36727268070667099094034098655127698227152119075734618281730208052396571929546535608657634874023960910908560051886884436623834921264504679126490234951695564347001488917
559 73389058753064367523548926328948669158222932200361686186728103697798829454876705226966381743362900982463795025147605496405620896310710270801723544313871405343529719603
560 146647512306279408443349171507229660928542326371028856986198372230146870926519262263385561669848960257559337524059198384951045528087230755955613839474018870171430344658
561 293034510261174748657397608963934732739411060788605206002866312511460806980618893100981194595716722062865880692603870372836068105476078903571630300368721902357590088633
562 585549377744622394170975448807064725100983221982588974006437918463573826500804275960416402583915347265140280580892289482367567843853296355142123891829518889761674792937
563 1170062229517170368197048026871992652357121179859114369226026851834345070346250531052543369636137196400123622211440791743114275499416724898532620916529134796608520596437
564 2338056901875278685530480850465936147365513527369337582817620700320770019222026094228674209340055594838390097113654209873175921435887271657320404428958036604667403930288
565 4671989630540316022310542934993683826321636813991359309672288586989288654254742732729931555611033851089297919983457518358395281742673777682791754264646129633008625616403
566 9335752700548671705185478814746435525972572977319782099022789285943194446421164682154615837858876570199726817657460005912729553087953556951188993495015195031193348119458
567 18655095660341208455683894270967097162246263998919151093900835849035988923959762861847069934899229663019714484906532275572541545646045566939381408474234480033704233711347
568 37277458219198938057614121383207822813983502848943569140157976714531997322622510259500036491574703105150396039807320179619168958896416639532198706370389422621865534861540
569 74489622238981341512099191826088774357824135265471299127609152603469288064289509399918778675354122244125115639746621717499792784129785366754159982766250178962320479679523
570 148848998582475511824261756015838671196863099890102919750336036780946997009152527202730450413931284533992129025887473511543514318645771785170015494610390463849297156507639
571 297438187391531862929522726413057246568882428332631089599420633490773342133168437248193052117729667541519414334112719026574631923039758283350535259826247359307901116795379
572 594358113329520976113917012931060797552766133025569974397299905388108660457949717784213567134572899342383923832178201770025292145519747362618552852580371208223663194209264
573 1187682408127264145324981443712318792319579161284597359989545362438366383437864990673155405233360800435558222028452082715851320885499453466357922576643523525942279987427269
574 2373302564462582843866055234739365836402299214139934543040080263230424630147895912330690741657114040893097345713438600817140649292697155933196753851246807904018593848433969
575 4742491349211368452400986968757158580003019041712372302324470629877327992782775286079504413033472461467282716273409227930613396088185480409820582937936688002138024738096277
576 9476776493954407336066191810514073869373496032443208554947637869129505825036856471165745722739222568220821705027770962738875044662085834319695313169268181799997043253267282
577 18937183104450713516107905716623958579129980958772804523622490291668016626122399876455340375426212748467210035512008045538379676008470281277197610395188094005925216941681627
578 37841711126288732027781982771581810695729349274019810983404475182921328623023741506765342361798559334243171175048587072324414169586153781256474832389421807828478728566219959
579 75618280727070048974069534885106055213346862414416328737213842052492677518725872403124167156027594652811496830268380953270447661096860398692510661598821828869127181418877607
580 151106614233551160814122331811919938257735759121662397656689347993948260178918824718411921761392310931739687425939956982478694096940984044092008684103233099605332217735848240
581 301954002806156788968868985033493205354677291949342341073339438706354689140326096443371989890216534162357349215480218828285403309919145525133784172494202255206151222548262745
582 603390886124181443824733886510381749716177825738886014845841262211267072268121192322977731813301927364557643810802782985948964125773147185853506704686356247436340238956757924
583 1205750185554739892424655370118112735397333649841384398373419913650915660564235611295639913228353202107810020570848617517002913775478755987175462487840985393733204694748801689
584 2409442479653780248320546381143776647496240143408186407080101519012858807615849394914928027143684292449589706974035030342315424872731214506478132884476458256869578932943919040
585 4814779695261730566474801693333846887542449210717101705274715330478168866556488611923043242226717434647648616192136752172750677406759330908490128981291147376385053751730586949
586 9621369810703656383518007214789581256799694461810659651284073235738272912928734552042600946030541846921886567774785311584565463214049323057783297317078494111567657405394280789
587 19226402180456188072223123210005112173334399079088775169973775012673265576412289650412448290685568882729941815254617138940301404408244720844280201026435523021380371136385484093
588 38420212562787104511923278037225849922327122961350011268922740212140915551155481752965644649298485172688190980854607127668357082072501567169804058303758375283695064720726992096
589 76775406993866411775185684209123190552252881541397992060197357897468162336736136742300167118405120406487114337001815410908687808614841790005895308716425649608767563705456805539
590 153421107255694160324615446838064777145144298146286847907170175626560578934291487177811321449237167728829909721843128137583495112092710465904866269636027799029868786906619094977
591 306583457331149252953532081201030313433742997512332986274323789722542742046310374373801354773945369695941051483339573075520188640274092108048373798539948791262770401467481635987
592 612650707344418655819198199264435390920306148426453679734796672605009589275444737727760388531743044783779893314713541267918104275300393099552248729801063695249807520290986498602
593 1224271603153128171831036624328459634810226222123420373351015039708462742185087701174541707628349823122183382197346695562887878587019709783646564875512591616773220757423919204785
594 2446488767593686225987229797541921839654400652299740206570147967651619749932972466487643639809150361636653409190468836670153641013894652538339281929829514050810318810326712874417
595 4888878983053555146597613021611668712526297584704773570627123827218912271765517030482945330302993997378367000348842540177143140853958665054701746016090444737919126183437504127037
596 9769581426077784396548265478032033918458229241125519303248215914514562239400993571362477072493181594549979999878135656060577917559098171166531571392992008119859070491651341117552
597 19522850728894039420442794150613093667974920387321087424816790154907244654536359759825659390163646118437274777059584000149813273170889890346804290214252282139539317606485539751083
598 39013158783503493577668597182966960658301341691158792290205088099307087975378406894879008524999177761453653427498581790034641686873397848806405384829863936312712960686634647470546
599 77961394684179655506357499941095112937092203947965477501715791754689564694679212809332930761181709111189094937572587990987234261623183077570104185460889540299735131502775603969867
600 155793267184611521501750492430729927148925853823125355067475495131493107503350477060879879622365892836793342661673550398010983204899571406977238424845512791123469304780596450088068
601 311328134482056598698238412955668471593721374478849992235483893027739925916465747105937209424021811576073130921896991292478819641216830942395643670609510920542994939489962146409083
602 622140752814573830210961340712248668312945948155876322594589418472928980761213450081862684022634377572198952013656356756324592898593481599564553648871200644292928622766581579698775
603 1243253029969672649700622180319805237163423815938397040577188393354864000738157011275947668834693156844253762239473943152037329677594011592468704519239009530907305991852321622513163
604 2484454200802211284801971522618649279886800761797133301253554998954138573354252361160339842554797227006722613810290053689762216318231682101097028248586232549515364971145307826635168
605 4964814825742336380740765542684098576334456133881092863853733781667389670198870598136481324496637549645955997877653930019050469242636914348130263999071280166389537694776150452604157
606 9921462701165026646807210307569444041690668176056731728077576249700174881545697970549986993391357441633039027056236955195504205954987508084099923841871652738056825640541328603839292
607 19826631738619124720257451305574095055076990946472928335029261167833890458898655540357895934626052630046542938541978949157301305213621995349614169261637402937341311197518168423935725
608 39620756293815562780656587055999247923271389391465983089865071963121754217959460420000190032901618707893995788004182002326973706180799113176060065748784858464898131092388263171300360
609 79176657852848574166596141547411796093823557596863433284653674726445267083071393660913226647434150962536221715777473071644196665786491102961323713506200038442883650621686742740131817
610 158223924195890250232184989837253938405933785023555155927129352651959952369985539530086111730857321457560391040969317185091852754767369674679537523702159162419207632276332331657389459
611 316189698697845250339406864352016896310331257054421742755257907256058431045479886473283697064045828383641146263265530891039041480898665521624043117623214576353529206841494947568922529
612 631864359501077004578848895778608569489011275007138100467350189127198982375345396448586472141928364002416294536079552383408055098424723161644270294454675821557026449068154294339248932
613 1262701155941959250290771160305614561391881329039528238490720795212014762108151887812757999969351986697322206028057215555952111129546215050598760558893581800816745397307435422719823171
614 2523352190823208680409514191791961510631205195110096867341891399708884130980032096059673418958989079330475533641669164914391169707810855545788523343521741175818707678823620143507454874
615 5042614109079044395721115460195387839061846885056589017637499978574400493805647860180740626309492700699781600667501418330476652805246215638888951769137794875016784416261047449545692043
616 10077067531460353198469749414589125512036002274291106283531178090363996427809096774395819838258333388559578064083415028341001735922274456568387573655248592120246094398613024435217762668
617 20137853245969492208539651898708585275499761437045456496906684985857723147969749684474482470510935301853673734668271433813746960370893966793650222183516897172692148774695185807692076779
618 40243221651877100951692360722094367569670588983272099013189480764409530884288633030437177001393953724497031135264259721245875096673105919663055078151242867428111355442117937040971551935
619 80421630576812444982430619701488365181545480134050767332881855833343334921696021943909128805828645291926330266064286301018301312235192692572841494498550474101374140100360292617846102443
620 160713948344248901292823917545828489112161417382586758609662063767756004294650818383478062088768617723790837038704059493197106057113499592229090015526433389750953453550039936087410463672
621 321169893849228030755303458187721649350743675957281878578404615315201501040872705429137593913666411241120317185801439666916940207199144223687474505905879367567203514333207743392120723277
622 641825022587970978833934489118542025099568644260546967798021063875539758919912825441205737742651747755291606536078077875433380756408370593102959159598517736211794483624205017693808511615
623 1282622986165166793729583061288233901614217571900515304815291258558485155079447389379027055839633104496076594121345006539939743109150988599834282246922491707450451195668715449460328307725
624 2563196776988353507412100228904859679022996045575185786977673193320796052718806350922478283846847100776556403382167647015809183398002451564037730254504773407071867731857380425485530510582
625 5122304969390670371704029911251126525304969760936105181000860009107732755623004272454697738847227760123678308291967586119133437605013965074834337406219080229397600919499638413222962592559
626 10236452303720366232625109052623239441441757071332220602689802098872280252729447969596976017923032182643774223599088007824143085294437863621331382781784733813114057249318366622284109079399
627 20456628250240592406859554512159160489448884989173630269760140620856975812827084020381952098952137669129041671337292389079048208120781753677628067927892461698201168181245894449842265527587
628 40880781303049543746805940382245379154746052480107165434142718011744175468777684537741204654877186969236300292807693272277024268167622746052295451555432630742544538805023104371723188002336
629 81696766630850103686936164993410905349693270448473212173002399533132330266624391163537853851494723765541973016007832503749261209442951208649471603730818082285155853839392842922881811239589
630 163264248928590024143913728439183883475260560833282118819577451466118039551037769397698761549775276767143906217155859370509873082733321101576464222542055473756613790707744540503569822106478
631 326270541995567151523480259981181276606027758056676988283288503178439010599484415932635875680383225962504386448573629587443955831516175531327392906409797392743690617952123871897195976598373
632 652026393043622442745938935504163329684587027137894332835397870810269268299183071990130846026330933712474089797103638413492824006477091464518841455000979897477919223728556289773667079233564
633 1303025836129937009056882739649774545496913675722015766444275485365160724488419410109971799301574341807394549396132374832328768769539873663359172009733827840482583188197063789710267935609909
634 2604002617099091681297274363147618348981190539843569868077444069344770451313886521527356838935349149484193690731109574003193598199248231640789190415856667712064502861217852989031226629936193
635 5203916775351245131345683079444435584619489712159590689538126717813687022323967319624583154312634811197903567110213614523459834118132013544577918095678557301465630225940474539724794481157925
636 10399675860309133221849702540222844503508207438213853257655657109832060946971958487998716768513053583390812279910679398745803477660598945243740694195824585223143393549463489181548984507743920
637 20783074643963939972739109017245937355675327165286523876875256814488989956968865799687441496855847678889228919045345395512369089164913102032779377407198518548207916319864159830824299575113571
638 41533671443592674327289757073793244896824647430228620487973176656657611216756044041774547552636563013150082054941098446398509195729047578719435919981242070653165577445176376840167796307313840
639 83002539221148011832241272870277939824781839832202653561962111709970115672012529491571506958694079208272888192149476780418130186101622860516630463091756795618764510601106744168014083326270675
640 165875773971351698440797490631429941431824669201323332868953229422445310147074328858877585650810835697971908030976719245163328328520443814913893615901078192367925731839684994430994853952398224
641 331493542367696644607329502778105795523156034558317211311171526413202733519985016896711230814636482304417836837239364596734343730618313981086611220280516717665904742438464971365908235641400559
642 662472275633991384493779871293419101654496980175888991487363091014723838379532232306159071278318969291029386852781970593486816528995756493110311485344181365634290731522664965764094417070313573
643 1323917327842951234519209225750145701425693631589372527248089928394490299343121033134893017033662197942540455869762060734262842148820080396816355571317081680511984008528018110479479638065677735
644 2645784979853480456285625511649931281402703027674308498425655076599817926595003731492065640626862303571828799746263674086305669123219632577460069534941435074953583239483083467779522096994116764
645 5287480113202183609513568730677850214591454437140740153801049698019821425376269919384870712958295242476066452289535189784324885829827520559640910901886994427723780853221593211708475880296508565
646 10566799470362912101484760631200971619567807919078893518589874834348310868256002574723013183432825286062843394207691495285280364785625364282260036636903312509054445896151128001888368614090209150
647 21117315156666313169112501749803817531730443795824318312020991578726118713705547051928494714888062366579268148868244437911599341416488050151912448392051684838642807963503386769522764491287698573
648 42202137911006381895345954783683071021384383787275829881008705068313968878005648488643528498073632414677034456924606493699970137660613276982222203500311150630079866320959867827605087798599296548
649 84339440771559216324255489929180344749550093921096730053852095068105090934261965795639488994104645698298696051795503022316807753522557358231476947278557440940261522330465936536777557422853615485
650 168549509802035755353523674309979840164043263186117484341326254435606401893112849880118233807663787079824033039498541421825040633434235385899051582763113600384939795364759649941115182462269184833
651 336840870556722125945523632387377293554797806667891261737353150081474931818032547050114108313723024845485005794092681326879005083477840863823886601305725914476981405740349149926408889313933223133
652 673166627343170338701867728444595463184046175264123581355227416085035812581895323951092209583118304904038434791116778056783857876096674378484289374435829217146519660382823335047013829311863641336
653 1345305386752809574169545648569601008206364853072024222346020563182937490223279227365785567499459037425912458624749753136485693300249163750379719030629749384030164745058091760887238547693681309019
654 2688559738865420164201203462611041064392413381674893323218130003936392347999795845539965370044244133376235436493323599904501064886727281054389821023453157804739705884568715713000455924556373956623
655 5373026775121497830958765172094088158263723920964347031674555786473511270508241392055257271768917464097337352175215104798398180144925287868208936556609224689489253065440431677407445768186827930683
656 10737886807181796640906352074199324613446400869422378105262505197890203357577133597066681281109344894250316864226288225619504734379261463309997752117866158186300646494409231368082523065305750766438
657 21459477310943151046756438337778458548287015041055363658182260284351636113230073093679738730778890692817896620751498554627765907625722651292720319322987978029567102815163899206598030880765859865877
658 42886436098725450896476169436686111584996219577548068798035704051683954393927634516516734402687310823250496405455474683915232375559315139863711096174305386696040649148514865162316084955513627133777
659 85707982758025361504086079747799760928528273302613686626819903870543275881995890766367539017448673659234848557332840769207067283200533708947654958487230400903195703926014983387936648028805933290073
660 171286480735991290901941746312299486726965574503657626940904894590984665556644403068874704633417686794165169704255757880611225738814440419346728125325305149111338704103354721532859367990011644572888
661 342314577891219459884529919823062929120021001948857237437872956707336817237122936403609945136816018048233580219844624870574932339182284686220727103691766732040059831788725212370888691848623979781463
662 684113556166557039212496867116331501218881722438101886399193883797839251157165602099305233957362658505210672468978119543581284762840359337079576832853047678683131614451911805567643873855942919921462
663 1367198239412964206383895238688192078571663023423467154667671000387864684328324437410581083613659116364755568300909555552164404810278877950437782145391818963258084388895557698460231872488168209488007
664 2732343368141797669668026155486245628664586612050828456980743066325523791520213720456613190350335844964772919259930491897496075594442258517518654902916114496374069280022426125332932826904196664174668
665 5460589750476890628355928695609167074166743691892481117504437670928756663829742006983492709614602734816910241687280641536974001658453505681077486443635879239084765982915597301136004169050299368440303
666 10913003931326125162638023134123255020722584246340827916461963407900823295310283749512926469816595241970342252697249186483276167199610236651710326158453152851789409217127316384634385771435522791479283
667 21809693389817228586436836269954274103521847465573919417025088657741111012175968183543268390481498068653342339621460993404492557433897657296352893023167758576608680423484592383964005294054153979148207
668 43586830893139850673730969237261369309502330173861517150164948618747459303712846100278746991313568150308038852309883012659957110755658414932973217886965410062353130920095161990494429811561119709227600
669 87108695587166370847909604131188753859503011728530900945705309941797135285224032845678360931448751135269560725131508091800350315662287729645187408774114321213536512332779168552292194900788696995003273
670 174087748840580209980038374068268846110845522701172980656367539003573609046938426813163940274342808222967328023833197436102743484372042240859015811267087715580159075037386140634645812608699902130689224
671 347916790987317172144982735084953261680673600066826835656807337355872153750098485729251259593441722050310579321681294664511672736880947503917312992548075228263276472029253858074430560853688560738129689
672 695317320246085757424902531000506814928618835857651593288070937247739383928275477987291347959004491286841052892882299983473535923553517952433172960182216221898372681109185796471306557257619423675017984
673 1389604411821454506340154759639738566112728807000565610185001231888371233428069458782480055170644895753513374909045711956568817961845369632066962565686153780913846067109209094377200227349115257645100573
674 2777152938898803396696120434569000369929882673441947225709684120207411086844111676637853609890657078645406963400001245963544062603888579324824516945347719474237756708595729633259207095753222697876390679
675 5550203219728732458609091139742565862774115862192489901221427347431070976233992544458646634685809087230199612084213135091214729281972702907956211607908067391753618724271314883578686997947880526305336485
676 11092219278956507609707630361709664934393219239990959225458958914451944672662769038691065533193508504392025438357841204952116000873089244972841202810256251310358130236907340011671450007060631733564969540
677 22168100414473809918180639239454661197576926844958524682250974434512391336093280043304618732853914463367978577037084909851974233798109142818923844612735297778666197448585318460574303475119878920112851263
678 44303596631149492146610965729679717072196016772003544586844158794225285532226438169514313143703170929082661458783251879788964030487824761654284105422038585770298093026614155294351596216727570881022959218
679 88542128515508050084160037373615224576131683562283549503150301844148253283790481870228313049078860781188884791618977576769476840739433047623865678251058274069388849461458248552332243024188424858858694855
680 176954413781768340969512742422401978169451763048565047877806824624572253845053969468479248059028082215401494093431026930840355452166510390126270517367789982785806479308079913524965776786854824407304976028
681 353649711457952614830050409377918435671399116111186102839700897051208478871584705490684395710734613079929761979251872658260165602502507732450606903764339790000264396449660709233463391004226285310953307463
682 706782327320496987162474746429575499876409063616488579232585101744291336509833987219275481698270334693982899512600919517465012318267450297699302127424224242044819309814073001968590457125345249610049964811
683 1412532728384190430242298016742971874159257520708648571259628202427198085589784006077896526314186534574633601946728860190061107460672338478636263925812407597527849494322231174237975476350245567017704424711
684 2823006117612465112385766932762852605331116984658745462321443708339466413940059819703558211966791346695036558835818150015340347211376782568652654357560245360761452220564766399482543154587657675644208678968
685 5641902550776061136738922927621956249587114553766719873474252754773273661198353583581289010941495079891186054913116539002834329832156331011207868270631346315640290587281317295568955912676920845436829592977
686 11275603655009764783791036867160079991294201012138814180942198049329198570783638441602683612421659598805323622365082564475052912614945105283614126198797144204491306373782003707416044378388882003837085518267
687 22534840131568713257972289407339174426035594666549663619332784138752794113915731574852397129021915806141583780965254649055839933571293388470136605905246062726128452553284007653329416393607056949381272521745
688 45037017076669652034037408991046248234146705413041379241361168271933518491433328774188070736972140986161824692475453917191448522204309298556835722373994026634827678798280620834788872376718417399854582603438
689 90008849606225973515848891888548919964067834320024967232678462017714745548447504993348512906633758891519105379611347402564091517654336567749090760616954485058805705736221718422990813906700409147215464349947
690 179887612744989377690795512863766969492639706810695138518355688637878372169653077875513741067241805572069883434640892241744905674588617486680375618079986191914863462293900888952905250961228497493948590848115
691 359515615769174732111942793455505122632300948828758599418402020805934300767655574909127589633933221115476153721075454692607403377893496882465508394385228454826424057508266484278690435804422325490884420822655
692 718513134466742470493943731859609470091858455421117176174305410029777669101597120536699947531122368640474736592003856568121953481112396021819113287622313750567729774812731420285068353739961913630883852757184
693 1435992311454670173615669152927362008396463880616436812496033776152130174727585194012107741161466308330115873350009851898633711723543590452591827439708563028390376972010366376447335199795708816898364126563625
694 2869921165210533742340311841387785371577678974670435264409752813274353184993255481201308299587386760916942501074245505636295108468769459315249713601712841155002269629293284067411182639977777545252419839291550
695 5735724297562560619573320279101766241650971455491771382868118174477428994495822554055786201511147483981481838812238291073943148413367309799479769892978861527149384310158360813904185599903314652723197491611561
696 11463230230849982681561130567570108637088691265001972080489237162071693643822954561009047937616247445336617635520895378203538408693361730931212997492818585580378092042730550272052079396823984841242119801601116
697 22910059009398116350875403348162572910601865547140642237833367060680399446300343155363702413583344479151129539057464534370280608097257615491428676422498961328338392857857419304918271398262375879719271550095337
698 45787385414685256421366672561004303538386875170803939225689331651657553494495686972020724913045860431734959165519870053836706185952857921864016732151457202281009567452802652030737892016961831509575429889037941
699 91509445720642492393812027012030842860659143679377779218182894723632847256036990926443303187962377862865343699601082437577446588681153187021637185970103757256419313367116769293488752490286742024408699692363321
700 182888520424835030314914791319612057830281020798289643200944340449234191560478563524748747816297337723178368186517254967078021777440824917544079089458370011258797969503041376434525964787339912411032845739163952
701 365516855232757223567365972406387449460599107220108072201398423907129149585093724895404168009423363066526845872150643830409236800973230426668723284198283582459602012889122963568994032889335785392252040009242447
702 730514448111362554220092460197556144599187676740281325048864768771380685649863053128506786073332657945867044429135220517617258762791627929397246177262761943113456530752978974679240918982038934859897483262755611
703 1459992581408415681815490019014453168352234254948708194101286587578991156252246000757088746093729594973484539416875873895577373057074320486416266032925706080977258364585938699517330205659935391638541005267245183
704 2917916937323489481703855816930237322444372286043397631887333798130377339891524564879949089621770461687051095826340621091113713249252892695296458100526938581371530052234915330233679699362823583977068421952465542
705 5831706200780421984124722545491838506181815798194761454795117487350105248452605470126433395197436036001252109871559136336532339408411777268337272604913953640907660915648748562284243281442065546945256447869882209
706 11655174546075151399316949553275031418417720654005172817012413017670302199414751067544369338961877113541066726160882107349878456429979940668842659011136307604189488011200052006417492398938531493235713016857016869
707 23293908242300229859449075825026205188634820584377542620973854370649532060170178475527749891327636638035433779926714068132851374182213250428410972940992862382464534454423244998278914006495741427605057612167468517
708 46555004261612384236539572417326117409138935144250534032259756540967083253929702094405403793767481938779667486074172310882677291268656135624791620869248119649995346256573842521826659713797133581920254142090356912
709 93044522542029263900535409051341745844775075989924565156890090555634451696744500585360161204928643992737842262505539714155773887112742499674675790885522855421426696184808339644633231271635325293445723029159710779
710 185958349078746486374594264785955843071628911652817063144465627260520261657469866320318163796581559299391849091351511968995688743960656416094932132976376917621729983843351161441624457522620205006225348134359625820
711 371655856125610847310895089412120858207424494776635399939432104738046892015110090432947151695182653129115384980916057810020658872103064874043354150380383356785083102118518559458896044608919109912935304967089693755
712 742791124293086370610777272941640191679746618710054995978504825842075308540371412534366953503137970302938221011253594182799725322582050011156400448154125242569310371199180587633633180407484781951687435184063840928
713 1484543257215165007061732646405472054190225542676033377454760860599876411551277962117818379286462127161958896991585593606789356892009528358709356408890731878897406090422809001553740624916993348843756240307465832415
714 2967012885521806436403419687853126397696908824218237999512749785668205881104899081045363102767718992325314024053330476201118234080441499145703373397961282624681839627841935371045807539772612848182649812200716268495
715 5929887190528452525381110630221578491209118886057742168155127021271386720417392033585617347584872629541601266676292851536105157748348994469113265739397198655110539753526709653604450579501006498573824210751170388487
716 11851514514196238277336398679964945688805923804615573558831580169904141083704805332494976503777828060108496201534804657167745195478229006200714320582252854974477994149718464901619381677827695712541990326372339487392
717 23686543762730653439474388253721307881894097429866220372891702530681721821720368721851336480042688671976621223381934382907725239881989413011634712749035421016208348392329237120176725171570805510047203051543874638489
718 47340185690866614228825851966815528275524737697834754890945451569333275160989243609260496286438325727979904435670495854917318385374629195899690176274537105568484562194309317392258161349305006623459525428904986650475
719 94614704629546070244831333870900392236631738890613138512475900259457717005941911099680956545224030087701627812859874113998791997857353772423370945519001062447901348799036309099389347217724431129795575993829295985257
720 189098348640430848380662966296330095238828366011926116417301689326037025839413708530458855738245217419002470330422518762999178459717145931513505535335959962752780029000403960099270229764867375930981581976792445467470
721 377935119927564645587280699668373342604397757219296365250059563590412514008020535015680863854952089003189907116023083883217791129319071042472485585894438756668530201437931607305570947574134302016490751469287772504275
722 755348169160035753066879382481201333803202170213428812669698155711053629464828437403696047107807437331734189933192429747559938128179120614965163188690287362981406556462668262823320844216279551119757863050430726736099
723 1509654357476059027797129329272142302116473149319827963266311718920997296119672354315443166986681696001587659970302169475420298417274660081017674423133188661691924701796538933017797804187252071031753121921180536019095
724 3017229059474888442052154899893396619965713539239787648893438677644492523078593922854910815230591443597143587748027251158252712206837148185711803626122011230059737961848692943794899572867194131232036078010247466863280
725 6030307390797106385626245794932559279929230849868437325111547554593968330481568554215182457347630123532970467085584701816747778590380886466080183760769556520668897304064058398193158874388061867488960277701220814366721
726 12052330431937684962039826897137257708092990410737680458483572327777027015378241312555085920985170539094093993839215869938565318790452708670843052494092924311566229958470712660471479506857278665494743764566457989793446
727 24088126260516574474142363508347095674200824196883681865117900596416344863036266016531829282473233828702432282668588208770157503736264201438067686957746106350676653261977104158596494003839404148827775887306149854422177
728 48143251272662689717439639259374314490611027777993060226213856889088878906208633913254459629544731156031590759557957926727809219636520220790941417727955242954472261935109997382241560460946215244569256997441927541478508
729 96220635500392777692456501905614860004260629745178028671093250711041886495722240115456327282444803037144389923826393984688731436338953062569350048029792629442915115883212771627517076837078899593020362103959333486048401
730 192309806889211248240467102296653242159376804574182615197105190239560904303133624314073441720257783283074808774166079218106690928663608547033859473275880356889582712553155703659697197782955075960466567085366966568386661
731 384357223670041915182526894391186528861143990961003754437801603914272300518688802003065585283155366030834621999317651909085690897408973270561359176386850390878600243272550178603403378019050042659604238658647548065720321
732 768190739686798266155399469126808800559927052957869127991180992450463619701436337578093721957035184932783448639602665376040568553134072113060917024125138279810061194165689341118828493981232776505063137253069023919217504
733 1535336201896774636767790737461775352177330982445350113618746642669909443467306081297106022111476841032505727462794814126663569128962514130058377106560885642976836583818980551553877149475666703494764355324023975174925079
734 3068586109974410914093659501823447912060954879547153387736744339741214976512811531878177094648890964725044664008366950663701156566738112782371416764174123553132535446116906238757936409613294143499367407717679400899749716
735 6133008125667543968590868131636720256623949744800008308614431225236241655540909802298947475937551413993277616621076380348798097702935882865180237561853863683434817401355762476592590564515534434872924805822538704413045991
736 12257704991936771247622084187776624491022593655184429575378380311459176430916538593794731574350399657625942691864891345073307495313033744555916705587283768084994974113744775702098159545106930274218197918153717256263801816
737 24498821208851059868446829999732820622762143776378953978765565483607077959894693281875007651823286656163647726146049605092823204860354695725524802670842510360947895970540032544039780177844622278716934660844602067825560219
738 48964532127180550044546428084975707725170362195243165174550704202578229908073314422987410547994708414101316674354623268968410275622849464924126874223032238583986478329101301590136385953403205130080897237179319552687276409
739 97862977738469272792889242374696251475124587089988406097958081080618218638459750072649048155003041200710658741892981599066305437769346048484327329025896208625639859837641431394228574150367783901646055151191831422702448451
740 195594049671949089015524508074224870157226986083848418419493268755847570725069033335128642580281852941609275895004397783425515870175348439632386506033081471632840285742586982700016245614474751605707007752790295301916826156
741 390924820389003991819271514098302606085588940702147105344838243927859399473876415044636749524353532085082032275303381235811637976743165314019267020736974151138401635092753002673322970089988387204553370015739843260968838441
742 781324144598305099107865633922148415095034506824261099265212051629642317894757388907127296632655473159761734394077255195156485384703000312180613500544157387524163165328314971215001598876361731610471370744057219578083346094
743 1561599413170849750198865878845587188451162337098217105629944746775383057341139443120107893875385952032044312598816839813682856474406518507775565088195667777674908517667479512589839148351659061038233493527721350749823182465
744 3121105292771296571944943414629541411576923410243764189799902278376521865025783432394449195771297387206499341973783335571993250387282091399159279633878794077039847337527351278429035816245369176335855741656772904690378107396
745 6238031927124629282373701696164667641079837615859504646313244951576372995621493633889376727874468671575497267794611717394801617170550109057462987740325796254477411444664271864243288477669617416562888113511585478748150440673
746 12467723298644529902309856571135716894825027533861004692463197384032067919183818038362858485525648997655023047155319449966006629755836720595865605405283015305805141359444997208416836216502264286971171408588558894027209350653
747 24918798896638460399867310416954973506137826114558945946744776806841945178236002655599682257533709238708142939163535389984565076568718109415344207208006217182543287661306002768517605115399619354264233188436144424806304056993
748 49804368990330910858402215282047732239077363753803182493468451615602351792493954843391486607040288068547338690263464791112277077443874491063783968570768559847078359170002135860374670155349050067379116726885658277122922256104
749 99542413128031713083395709210969239113582250221676214225934578192874057131869195244540876930247243425640102977089683746745206195696682819578897729219002824430612096619531539366123171399327125158798653402528628644360993288583
750 198952441174558417683249546375628116889033288832052536935083335850887955716367755996809602878400238176438208350881049171489180468403741032550426531504441045225349480789696274492185689169471976258191453085719940254223816071061
751 397640639676287298882598114936233295276455375563779388067798966294456610584755500953545116510725338222367078358821420045036641183982465011363411124188750745987335877885585547081688264357257704228337630475876257536760157363271
752 794753845488933215967058295534109773862532920840374875138748532776404206801083327705717162572107892474402885977138261025722301661341941806787496309969236598833873042150883773325277711865402599838950951541648602273582794893458
753 1588454919250371194811141897953906144219943816448034162261309493896637661246031940355792535079352771254459077204295234291306500277399747892813585998578953754696786773921486764393621079463153430615401220679999120398253606676829
754 3174808473181322404739391512602953513739252241087218122996178587974208691738572001579966999029032051582952961188313043754405384576002183940405884669172319951074893933158620908490397781194929787733102969829968317282814243834581
755 6345422544395152161777072400646167324028441357632526965947043044272099287953279103564565872248960414428199398389853952255599310982061548455751273247413913170362140921833395183409863291030693543720423269144635068439499480121497
756 12682472887253334777748668512712194659535754527413894924861002409943529285176033865551911509976797708198157583510907492871583583688311397140247578000312849091416264695909894289337736448534314985581098500766614123004030479849152
757 25348234466846198035268795383900808639498734311532359202258654223358889264924357695736381118923511776876512854874269716228051715112757531417458283846563502377584336540494632353333512861987144638474982985520703835187519581813151
758 50663112291440845845689343583534831358379686402063851375910514813035310142597342923779442543845632116414643488906047521076077849705323184719514333894644442236782781920766834809352318955332918885650445311407810913678903970765306
759 101259642811005545657194927232929045216497539878826000994371383587928698563840010830126394954018407312589595743580255648788003722901793758847851699675259935987526129583984024060755733473915392804933435192168413866247244567861407
760 202386384240471889345108872492311347641742287446336963998712517874901375013759568501360941591706721361489442272456036942881905687916063535938153793189829206932317496036275285728563284912466679683152089757755057043261023892553140
761 404507488324128619715378828127537341997284412027463126103019912264455030008083682144268005501354127797698361449217847363362671430577122113153193925632379350139144251687166185309882301936995508215501863438748700994734715487317295
762 808485458126571651625205210749908392165519123628405455370371099255019134775227995411977271219810718647322041025879558935288812496438077327827593228949592845530735694841730552320600734227054509114913673360533498467309807990944659
763 1615913955983801043818499571541321008623149515021715942735430056024644478220541615780266507980642632041117350204576478464514976993315783722742839909157011147643815108691738520215896184122265649059965034105006618689955330682450495
764 3229718131419492432495573720611750232474752150571824264124798518201125313616420878666533479169512348962361903337964898390425248689800545352429191358746568090497524056963234275060973539822231677274449969035789274446927328021617040
765 6455224954732695197269134992252933793455651239902307157983318236351989890286369698072788103992329924678394898916610997728484848868304595308477330723993975778642594970420873053416211278922908673670542140126804563322858398867122521
766 12902043745496271568135697953018859591739307299547881159908459535033833580260721455790625583631309850871708238631810933712637108981092924988344818675903015199381859383383567496348086348896921114432990914415139493603417998006062161
767 25787307960557631862626397396909230994053058683648104338517930306728751554901940934974182081370574288370901059147484391704046344357098860419528829496856422370292997704718890686533955529807516172337314039074318667102572878847792297
768 51541122242257591882383929312090760240883769825283724931731077597764305217220954283901775453533797021843871190498465802282044829412305603121254527220164637234948075872139112183583475503563875562921503317309792551518812147339965490
769 103015387466769156220554464192360794059207360606183293351845196168569873425756609043747363888553519678660693199116356284078235831351188473595621502435564318919614281776224063269012083432196249628603666890850107484167088438798061631
770 205897320733720407388311535295905363081108585848978108504405490781162909691161363464130218325771090076507162549318944048034205205589261401731766339661106758419476013486041226937305626644389138442101627287094202763131781362540317155
771 411528251058270538954801768428985465163059575597840381662813070857858409855163977308506609992055410610064050721840710734222365356231655276158128986476793050873063616414042467517825226138580980963065504532405435007534010533305647595
772 822524753932569541389149442166422519702328561089027840984952996427768614102662283920967939331566479860882846845511410497000063108228404626714138972954299767738242400182772622601558344614299331369387911026024438815596872655024632032
773 1643988070103040313011063382000491762504832363701738277194949369010064337132840227772135995867124919450766394080944982950632657582027502173617185961760723006927309428943788762495178545308349737002509185444740122375993989615992553317
774 3285857368627894349529252047795766342752363873259783003082520933127233554128155099033869305771565014163456325522260509393881123199682902969757898750586151963242885011770882585453209980026453743230340515467513478166645573178965694660
775 6567485375579607871947668056312407243636059883541167842324600558309330164892456359534502975496380676617425491006924303080549907033998047024237985884983945846043807188809012099175690750449912943036825820102743680731539936169234893957
776 13126528338181240892911154402049347528893331245849163326128210392597463075891411564044014123450543640539437905870329936591143005769394408358576442311253898668421996136799562864008457068706936316389491517563528865090615177472434170432
777 26236204366455896182271433661316080727479877699990814488622281311134127479626079619547970506555696741878234128351432376357800917968912836955690297600995565091939584713238712275094348291792094326772657556145300900237182185046865186209
778 52438768936738244418026363022294477819828559506576564954786891300239549338719856424830426201060256139331919764444844928200455192727952131578855588542935923905252660814746478960131873415300162622214406854168158730586151892582721741841
779 104810387513359027573736613620325590081048316348682216937359647281286749549330007503061376377297291495580080580408934789265789006760339331571023360732542988781188580625850596213979042944929956647543330028596568148545487388318518028217
780 209486731944558866071819824042842703666076208492609748200990904838267326529951002253426259821586433462723133534784297154051829451561607103512436138916028149682462750580088396191070410499923360251374493699972838234596825447357358691072
781 418705891355572411400580575456742431203009310438919270041709813553491387510665869829044439542562729219728188942323208189721647450824069406070930046134225329245289215077643260377836693721664271666650974260253393148362041741716841585767
782 836877661629535973186898134518169825802816707867243253839294675539260654641719597486712715787005603693648183032554922379666664818843434101067970058293395359377541856429895263620182359654378217630637668772864040340497870024956637321613
783 1672689122543905709406641462350954638162465137528939282641314220107584951014591920633626506029811447509221423280387621399850176140090103771676655607791228831433087302816036636053757381997261038806294738482865165873775208449104360927063
784 3343249913565856097878495928017716043249304828661565381151182709103407477204877140794169145032794961986501981048010637688447146578659851404165510230534921738656128909402316068378587048169976798342177445445621997668906977813585310238082
785 6682251278044636781929673675742357055221399549078576704815437559726796965435568793422065252856421088242542025446990048714618543002015519534028883122098798216385875730611734622248155634561990340674556962555232509590968551866852396927837
786 13356021634338700287705103828468140512105120278975828135525405221500025405426110191145119619640039445315455403575570405259237155558722402388210449017129067236430686142117739344400160231273840746611975934667760746313645956814172291975837
787 26695113675500092862501148726851059574883340475184950314890969968995650121985941916987617640316434485396995659376966870044567930008484107108911812109499923508754375837683294553392126321927242443811631299494232266196316847150761252281273
788 53356432461155149126116636885807803004482112092833679422247747442684525935494947529390772805188528115364834504376782263293841589053989999140676144149264920168803600855877961277190925421341494309237242825795315426075634374435150240234768
789 106645403329169913920531083505155816320620822216938603413969628522575123171559255414554377195072322197391514929967598629029563318214755480720757317851092152418517547088985205696203838963521205564036655449947108044165784192107980780625807
790 213156139035812423901861088993421016455435319546226059289847876453275121527483384780781968565089649091237548155959639085622267751111594792031676943455653254994478716149411951606016321534655838666261162808352273243463436105798948292839362
791 426043452342529810820796209779560644430521837820919839676262729359377141609877919642444493167475884956942424541160809669499967831342271688888252958403818992069573997179891420112192434889991618956509291229349096075852503572831633585402607
792 851550269049904308989677280825830940757489717317976424148145472015905922593741044115499380660367398309790417354352072155046703132754515225162346173125160100648964074070488112918044404306964718390518329490402238779299189005002844344170948
793 1702029292086055351867617532663738800343075914359172449214973490552492050088585681534104147028432205558847657783447515140952180829200479203070926966712057004817436009316039194672844775784614299590863813797255677588595095764274731085503375
794 3401920129934889829983820556023287573101798838940559215233239289235117476768396251173635013167570375282613082757212596828567105959059726963295347300570346773851018920934414560517843512370658696580108453309824198710251637597072839596230667
795 6799571401642006997882739121344003924164104132331978220736614810563611408703338565611735877326467923638235031684603329738932825854049790517741911372082080923216588493933595465154611002146672797832403784286230127539758380501895338008500351
796 13590621136876253613941579057505526425396063279284993939330223763290220263070296024314969777835769581047987154340101023871905014135025064820877395058846123699710163034059314546071029090415520637922945142813023880861820295277568877193296736
797 27164230940583448633052320607398833382997196779454166293116459077362580947542691673407620941464428611807305937154892949400697712743651969944167639368461231332163216518713968237297079603968950644242441749636118934982163575444551219189573321
798 54294503014102513438525892163874259236466056880921936416791330756095570360635716546756153338786808766710670840578843027288377704328855021966375172520436306771652702018911417829223550788420429609130004975368606106419467220572599112964802502
799 108521215494333515156538229388322616349871774553214497682482162062172126659351821909578490300818703472842524883383076357113387870273914358403878228962361290463657465531177088004902947307091302684955211165602909882391202979884179227596361721
800 216907103528334819478981357890264044542850175998696454141304695356627594537457466152360862460356746671662831993588805432262366739683983675369240143666502981944331948809940287389497139471042405121436808403070263292670545288745357833231936060
801 433544057771533917395869606613212111070323769335455578318407308515838224480950865257247834170488736263131280970269006521742863327976156983240345288959688738808497858595975219780309815716697602708164285431414049874430786700945832650577424505
802 866548825099019479311578660559712595967334790516947333225084931190583145492825399153428590967607434379515371825191155812913248413648852467307131461481171883113472633438131886203811446979422515928173351736379636457166991294990995633010490127
803 1732021079300069112616533161168281381697129337600899580640893624480483472322573693123176293133657970983432234114328747047973572239717588788566607291293174725987756597782116002241231444569252757814947960857371692310621610789144372943629546617
804 3461893024314206849773121486267870444702026201227094009901289625990250025896135206317407084709164828324915262949638595422532306884958440809385327866130640187282022223007193233438312248095073905413995643148202595530403781696554417117297858540
805 6919495770244256488655934068015528681147721083623549445799005190802858725100392754398970503004694268290523950535432163657877940331067331462603061815479946606777069349699525051634796111545677238394491943259451087209368449508784523107342686067
806 13830426914646141814868116410678131609639791142588589398600682486846024616959919314881878596384139294216433399257628042345516268968343165604946671271149409430419505672654371750183180261954403584574333036978190273022480996744621696753778081582
807 27643756340988407096862610134769742222981007257040658497906027963045310884522261127948993013059282990020355505862316659229552710216460083400110342346821767430929476736233801325813555813058023612601544622983753649226634369544383760127517611019
808 55253381036039825968223419021560257233320882338073411805144647245177863685382941352487608399670876423809714216457604167780925439995220232471030248311021874804654686798380206904346796877224652641690701738124116902165707091149149322760789540244
809 110438625051057975360418195555081066027134010630595360623627575114518618771479769119113562587497511490824573728695454512118678470923249160414368639793453616805743408989139930013487859431735839198228069939613686094755611853513267784422715182227
810 220741227824165381571022493199514905965350464330875301275688343470069091696018410695245714020041449351544705621758777658826748831387456677203008589248718452106672555666794312328712070455964257990692444738168601080859911112896347966227097759343
811 441210913072087575976622392006314332500531248725164154150140263065067589004542431017579779500488708458390432864965024142172370597193901550727066991345996178494317068503682485089136128999233023184513769754018132905217434547628277422202707280803
812 881879741867267432942168152500987877063594626537919330153308707793773113923956864172786005687174193448963816474099856881358995827910179338068168618014433960765402735647409713640531497527860169683318564819700449412009975610367994105609606546760
813 1762677310790891132724928611696667383124778283855293825819165129390406393956828567338757645703835664011787804658555091231693664854871350884498879956368164019310173520078454267127326799350449048259191972748591561486695485613765725111785623464517
814 3523194254685552585599516233661494411743056618673586922666905106198603522698387521885222080231292507012811094660743252967334341367628833532293965088462697773702316726130170525541900370743429724419601606674400075054421712906411934247705873838323
815 7042075709206980873033763857710029211490910214283731402312112278399649469718120611439135685674263867137252823686857856365199405269385970920028696326043687211216179282207457171513719705373945169120265941620490493796877936142186898182851689520805
816 14075541636843250643550871160250461445224449710533519904034229020769566771683139735858998900330035630500820435049088312609415459786831130657805806118907010952438247830974444585076663569546911105753257832635349738487089494367307528581031538862590
817 28133895251476454933559027403559601777299610273932937278687907090647648176857935171240396055336756345764540057485300553252116305825873359724772563400539244838673969153898692589168216171490483741628425191210052614169151514501075224092594499078671
818 56233477348052752237768330757978597312573676277134007699252540772743735317916247189893939307654326958890475228483239855775062458645977760464988996738272114987079459969752832011988865017056138364477497194803527266915387862673191546813239494738975
819 112398453782299549197170150613714614719102914009869178961743528692071142497854908776585280270933585916353008300609679306390841009052492606202473183265042314031230970631619039204416961167150160363933558404618860013939830117892314247676791124115795
820 224660155766147174150323311180950428962197889530877923143595404359609069516607810035994816714837251029810422416696369898458410124598460729486521895470841964910614371540682161495209541544716869322027576602706732520909565790971634763448464238748624
821 449047306474541899716776850112543090177587637360328336507787922689175449357602117078139798659182996517806535782886515495123562616539796052182073323369641119819023192995238553737796995715336044482290868347862436139089665297472081241544410644097669
822 897549596886451464466427198208945200845916055606580227737843114875531408174511501294263712243741099732102773173055074388791053115586972687238442648915392000551926925375498425085251326817323499547561329273924507764917666009655985597249184627893198
823 1794011143728195906409500497453631265476648434510162346152928123695131492692898333391738392063188702857776334299853940005590379157600517356535496149847620866820044674868941320549761610295661332993816484986777183538674497794981632057315720087722149
824 3585850139528784345665901951246847999503838059137019417712380343326933992629629653994269710200314979815965778967779335599947297118288372059558553899272811244778396660975323172186409137536603297884575060964368363351153641917580600053949235285213564
825 7167363863628926155763683979715157906513831655429867612088827681844506066254118262518215273432388590020430479619719076817040410614800726180270855136407273551581348371648618353488815985972167237187425734560589793621774361046459505255184561028133813
826 14326070609661679667348172636262968890385155429807535235467354340505355736715652345677473525656710267870004022571606952291874747869935773202458573754759440100474902425208942071948263502067854627161420257448534235751035963389890016560564823223971393
827 28634858315871078679608060082075260561508885521239757549643029738511605145205411574516469412353170667644080034117170996528550881981275962978717134556474125345538696429462908175747731361483573967017956353589678242706777794538028853061896780882575589
828 57235213299552855458631183184048495325122912535098748679735626902246179642424895178291685292163136894410736692430805867740270311973161023291937427341731174681634336087706631340122033289258851067796412641049694227799942209258284154576454641719334032
829 114401544508218128176393122475852742110019481418223236847442296493763176073797898140441650417885041491176054031077447846593237267218911624386408622168361418279029752057580409637554517017494028593398209966116175495480312757268094050748350492491682723
830 228665573232927417453406182567286060928045035307182127903552957292855491874664631055144050867005415804569108719220914132550635965876520244485163674358409908960095295373420737568048030098885855670015115507380291194287914775108737112747684958433936151
831 457056610204230758500904970432445683902273764923939114640977379464669126252853996763930954319189520102904379525606517599261518861049765359719801400880845057490136873034425808872837418534429190589028551027039617139127187056170242357847969663465342291
832 913565135526239311603585255996200179769730016525931849197546597448590176409754796511627347298603238143545285348865302162856444609088257914796082797396804842045655949895961489335411764799503525796698254099867953873165884545578605088623461658600919358
833 1826036070655462366683777141626065114434459140846549069999076125267929095656778349006962170120692163045731581697056905067865353145452536428315691829301277195705874684945599052474227212247284384866710944591041091277475737877926837752850286063064730813
834 3649887667472030511362279939810700611599760982619219803227554713429193160326676490304985245479032140412236052216558396969012301655595025848006748491096664335927192768782509263746753407896411800962655471137148027008335794354972623744271655683038930881
835 7295414217715639422921530998376520825451136847777020908139284057272810315289259607394915713461874343828967786050722267212910547025189327489478769019240673287827633447151108182274925136980198642026729854599823921990657784333363339371536210966527622225
836 14582121815147344185314342292458072341810444346644818227592903683937418530685028863138563348859811370963588648168440361863183042067230782867242178307963724051318532823850768162301803146636858116515356060145555487923331968304304749466419769869505234640
837 29146861525010871822400826524032805099238857853683781152748679503622034872425675154187021526921878771891970702400228062010813525310126774619356940958288192093248163782452622337210053416864130818026650812770084171101357255604158273249417500244866969007
838 58259020924674281688792912490651481460704275411384194467471984438412671153381900596706358474619987648454706344160920549035954469081644812715186404327803100793375761671164724281051618279683943462630928030285989662680847850109939462594797406573653021340
839 116448761399941000434052389934252999019079098288898532469444617939822095740467568794949369731693752860013755163005514102861441569297748912512949521867229982942393986402643288702173804826520698122996630800591393258362742779746394755901268044132542955375
840 232759208768404915918971637456651186138352019967050128474329197356079281230820127331580064734264639660761480864266694511710516286657121066554207042243486063754961726924151035312895974913402681298152372191517812268101841563047918993303589610377025104128
841 465242281744164173566839828104037518657342579789850944049270281823588539913978103631395537454892725062945865917623181243933216032302488970701159466645929539862308265304657867067985982378183803221248627594326014473457507401699049181653308525438431866723
842 929933273527065381003637202823997670832072042629115853496858775174600440174670695362573753124283338167649756847051985299778523359264289127639490259315971376162383387895169174515813541614065703721999316525712649528046134526351119204604012832218552317331
843 1858765924570647736260207430830218197087494161086607315521447198106016721343772504138260543191816016379817701135573867663158162823527390414908450346374318922495065054415480872468804623095663337400321430784106316635156318814669778786780717549329221807275
844 3715334507482457662771463478757333131744183846947227159701331666411503228640456714579902165862724095210856849865970625829641238736850905092424676438404198849512109191347697327516186890803120227051771258190761689361554980099525980010490809775415773752608
845 7426282115219210249964413674959103509718384314671771845912941863895979640990702372069962163644700828284842105878082573061369785622633601308611070287474078754686561682205903723512798862705353259117512419343980238034270584291307161535057396697912123730165
846 14843805952192622927101301059126418100081651482922332718493342670889791091874983475408031546012861359160621466372288875535528858919271278116800327500710760267958792143829363124153892474775395847710075104600611878491790700553072518099909851488012064008135
847 29670126298966688665344833990031217525251030429383758417671599581661117039045323940159251153995221147309368937397745648135851028637518067815241385166941331666185672135897117754927254944923668315947240637726219354661121523220051653548517746059494085293701
848 59305343107158896368942039536394361873188490808173230757100559236280385902580938958282680987766117008866722157432763214404790472956351665940997974741001600296783123644138258141115699398261532760983611914653004276577584125469491534684105886634999916396710
849 118540990310225112792021519881242333995662792498481004433201538665935148740172793383393896828922041984850452088503879637596004066743524281402066148146413692769619941992042206141006126099271788503985233657531910385659659793601685640374920272818775096205655
850 236942834244819435722174395439743626850149142462340259846356831967163457549005250329264071348524431639310365945428983378312427662996828587789657893927682825596711819571728021063648701519459651052572080139498465858618470201634343896318260451877421616684759
851 473607865164698950586771529473603879543181566079935860666083106076023509230212601158494253834444197812967660163113810455147833300729108443393557763013141730572921249717682455651202725647409490112710660763968103922987285935531829653353055560101284691874859
852 946661099666380943369376151443845396525281993076227237133375507943282127068479030642353152345152268366469311882485679041421967860352057350843522987673135093530345912795816043028675780758629360480140015629437982393560086395831903525980840862241335268086928
853 1892214884272357762923184026933178551111761803452906706303188461360807991921592823543850127909977230970610946659857617597600448679568729688323579619473794450327501212803169134861946988654936303344851914522141262828833528423194429331838741649068497682738477
854 3782219019585657957680691301317950710164538439449968516413709117181229993558721986137615076963532723690875695689181596540965598562681089519996137379389650077957571362871482844524728161544544152007614472361824894674188121544981467873488853967149586869026654
855 7560024280930560122306930696846260694298559455167457637286657450305395329155898465021328168831517733726840132164666756846507218435664002552657121328784568460632911614179256245804742209528999668184568835379815985572133291524052220079587879507285766499304589
856 15111236479626820578920830758682874524936694546022302614172325244984347050982820535995919701584512481702908905944414295282415995031383802512030797525581876883104855875549700567005235811877531278031855527913573023705095303248504298571431231698828228493959004
857 30204879573432070503355368669381591450450049961171677438694142531900160880211022889002907435627396805826897248020359576374000923673146570766303811506736742205415830128765397055702385091187892928145058426125387359802300504852912477298986089764091320341041181
858 60374633753551655903744426814420197648595385103204944990813183503390424090639489382757710367953682631960965079299856275676655258320247399700694310728022549977602683449701286749575913888403313390990358803420177824755205511569824891370142430893506040835600481
859 120679139120667984125646795209933908451167082559736029441934379616973075932130024930623573866167460655334570202772281266252425281507176123839127765312382355755086518089485702364842832122798729824529652083823091426761729710788400286761551989403147807721568909
860 241218265558796328650357462209771883239436081324301866593778362618617067854701993100525736338212073038422590895589768573972114996210659429451207391379952020658742599561228676991267910862143257604989967294156407263955365572868928207114970556749686370640200544
861 482156992518838817074459466105561616443321894954556332057135088291253848023052839406269340871207332788153090445261033335132458459374064936961028453745095024161548879022488405464854941532608642092358321916395419910724730022168992822164698846449122127898571819
862 963755878555607533135578553904398942425929656834743942479938437218009039569896382131707265142993322983820256773715836951117752166886026612787395072608574056931800084259345182856068541293316437305193109570497757948774958167963844948022444825896768948614196076
863 1926397479966323951517625326636666798758998265222608005818600029301908213063034637165862806105352223817240824981570284116159655915948006309468380176478224593991422591469245361007528581026051467175153799599693496059433608113303898227902732324208974002765619131
864 3850570266103475775036002158765280371297293832071034391321783509026815908586495843181841347288334760518066967228434147481963655266840269758957250544381685029823134406821973578223750053617115054351467309079977110569480749476644992784596435857494600566614234184
865 7696698843204308537001664651252462965897244213217791283893638823889820585375982222211441392853297885408747940754336313971998383247937270933362835113153607810287032377829007228321822497911639400838690310158523932428019076849118692803821533912718913047985348399
866 15384529661363274045729696861816161882758121059867336739805555731348697011714089382332650595123327407277239089028925950729058937659945999109912795769047948086288583560475018169020421067636496599764655825419793887094631407165622430743564718835420581883859740389
867 30751353890210125887980700556878386711003815666201178749887165683510899462068024583277939168620992323144021526104717521582002523812822567238848294202464405135408455715291304148800137569576659540373972367386347038498735307355361686725091633028379481056852666711
868 61467357974555587914311158192995285652027179744827468129980189199629631854167957627286349086319327347586829101203211776240450079685438044291166517235560412306291176272875321118495887165770304009707019217686773445527431846466575688489659484910409211340012477660
869 122864138105171962727931599185914927406974878179168014267022570862119209859499291819526341536812240685493096895948321836329946303998963536169584904805536191688543264799387058196271830368976820807549685447720685438349605358998698301649792412567396240992066157509
870 245587363359767531161996478084681013132808358735799408550109621287623918136795295103987747289340982298783333560958964113016818026452192657599089713952956738313666690182065261197052054918457914506476388174925963201483737765366981939690481409736827266199972194982
871 490893385302029517837568675950536914636787820332326623757423182274505596275859365624335437585507893602874070891251809922645850017387769732677476158397310223197176296460778990435834356546855243085303273315574586835359770768868784818979689294755922644952542948477
872 981225053565570278160330586436368532918529192989942393046639288611688890832605984198107267179023391628724683436623065918175243098507859489153070721991620552961697177851824729928945934253696211610392834988343275486509197937176251681496470329125130588108493607252
873 1961328599127831746634514724911215842036406025527288262730892741414554168372451901439732349927773364125455499384092950573415520637898572644619973107781339795411380418790026360526256445865053828020946608425027137978625708332866108400721115360837904387010109201853
874 3920418023401740301676120703884079223633050372604233175346750718116419720200929100295249864837789231704916859190802465023997795886816366236029739018762275392334376998759795307028780498065771678365335426611243666966251763882687952253838427481392706306882305473897
875 7836365357499502272463364085579977161045861590402341085226599947882828772580681722183641983948633582065816879731036525530948891325671257764642584706583105568831393831181738886018391960611039011083787247699783395693949144234388091238552925364583396058802801669693
876 15663804613570372974708895276824697969095132746351479458030385933818449800803361255360311730142780550458457731354811354019535417087734845546873640602338503188129793405360623805760484485031436640136995214536234208744298593910154056183126355769481341133020520715208
877 31309787491732783950336464795420178453718055657306319242441373195447320911957846436615313619068369425980976171080543313932528028349969001451052312682658162878181198085277781600283497808456567165097838211738440115705834133818971242894572700564161331299397959173835
878 62583992274420940019686512337093796979471946145065618802429475099799129635634830116335224014319453921027001241364317939628791702624225516271024232002271642405703523879119447869455154305284558336059356271683985530939429225605393873204067178060613414069635988522393
879 125096940309416324295069146922762017050939862325551838051303662287100327804047230569376946997444877069307760197207140389228423395855497542468336338928673161685259845261755945646463120344784095777077764219516966080462741851033265034346066435709941015400227369736843
880 250052033810288553594040157996859418140922089215891881852139076434950386721669612377873819208591088793263902471904507074143314989516995416251144584045781926318579401900863146415028976634800222225231242605239796564116752985754094172812195949887878532660735569573882
881 499820855975509081112632881145210514718262792656991171953566283364052861562908599587919147003183772860069848791081936594952425014287600370998466545803549844420016835876150698929808410223482062338190932248081097805544690395889400665900478904090678907279821170948217
882 999076249878573035531729405558737376921223832812978746507091733413743947556897256507752528256661939998047596656025483803510228462535682241972687329261325032672786087841969724396872655976500909645777074536877005065659818448051478275860590536792444495559226903470625
883 1997023492616505304215512858690426292893334432005270143736094067056913546186233663016558365336224110945989573932775352333486530792339011103419179744168649720278541853636262411909237560815550766703317081310172394191452254164110675931169397559203832191926361735464485
884 3991792794140877106220185434132048818174110131989006133540728332260066773736443084743170516538552102588075134341994226825699626284871370099218989228950852722916563679311223465874114173963128980206012246471042001516571856421150407399280068127324701951501191923061792
885 7979084830922473492251474225670226612171992396039168809300624195110151869240118002569137719959225079937342654065420556499552478965366552626365715923571528773245670077592808484563902575852931194834983281469642875810313890080137854128041501443219265736746558422439059
886 15949183353839657219143779139383816964607218669056153564502239993568598303001399512949947908564804627181720633389929863957752502345996858465169161695113680133125928012836796819097880297904162493321642614121018199857737249057085247442073550467286335999637293887913954
887 31880424419559993419855765083436101023397757862290012338022743087753116204210636242564329753818057953693688664582778229253942097854198100372289046485835044222717577622944260686248438888120110010426633845316425033792510714749978814672219445533031313436810957275162707
888 63725024748266106557573352572187341551992285953576361332173255075112197813052525984445261108190932531068540445518402686103523829782647642814718822594257184699750947179293210627141495491127976626856921731483210324755004892174601957149669251668540291518671062131246596
889 127378521946137297566754386615097323168233746209930550931972925438049254659893399609127422755386172380074540763439203505170628900983811470687024601404326971218474764716172676900759286348767556218704407549226856464795527422023877854874190974963946564167939739730794499
890 254614229377861251468055289845369832877763918820617111050343228817303272961230997621927861345241639998439673899317512541082699094734303446522391532659272330506458018688022802019696028260923478527571348538447710390537884774440717314614464319255785966261843162698779543
891 508943309552451841058445072887013277446591198963234780054307797599573579961990561848614945955480608145983068745327202062777153865781992971707487216659512561074264494030256124267871660830127120460268614117478986172410539424561741873526214961446163305030714529742020243
892 1017317277665630046506238735097621972262766881362350456157675370849660439740144545054542759845148475722544949956464280652300630407591539119056726450990159427491698085203495161328580445774748377951599127360914628098798443058010569600093120536503115513895383135738823504
893 2033497781040552449695166158519004919398477264415774464179994134990776414224699945570715135895205641377341012671129539038939210488279682310235733692848939855108118644203368747320257692801958450385126041987982298718579698996460032580496181144888184741267769135011748005
894 4064725820023752438749664434748483021833013681747522062019391123216775581316107673955779482564896389476022541914445195805369577872259589543091467391644336049442873614937192198078754864831801659551234850629710679017211382453559606327904735751164988705931485196778166718
895 8124919747760823694234959802353471990006037351205188875134945619633954920166117389139791692426925907268481588048054859316012084001995633600335453434229702719066427182260774526930835590953966747102387781817237924183100485495375079535583771089414689243145552627979962037
896 16240790852329557320155608679307951066334788660541484237151762469490373594572777332040238838196523425532416392638640658673814244046876834445089751524517206185859936765981231648155938607401275664405490446745075340517812684640958352635989162272401054882761237387752713292
897 32463514616817129758708397778825328446568155349222747010088319441481796711797729532411216462295236529941484497587208557260025835024143979254548807015441261168928037771926146961678748149802165113647916923033458346305855114249400503597865124455597717988472696757025882645
898 64890955287249091283365458290622764999884168017843467676280389558255035853178724925678475288874309051640374109653479676829943400135197069290008517084033162497043282918562629369452639803003135160775407885908121499982580387882191352369473986766260715579619460427198445451
899 129709882806057946144604365665436126124441726785091029920960640025572148707025106073565714651466078476230068676100838305721064069709003821285579995439963266028996599671430108627795558573208363651448840098542101000347206756407164097906067127786664187944808751970960749397
900 259275949657954954320579984347266531496373837783495404396289133518193966966621867326808447247214871591296413819786048409436306962351243473659668304143630835791765108537412052792140582335827538860502516898737730426927545455105421124573128173794404278514531877840571128236
901 518264745246308593945033049010683558416050379551459985608780663008123731917500117893990443233052577963551114544336516481666330349390053326743802721770566652246739139710108344422311038273253108956094451114492913691231159878823957188417901496643703670331241014090641417751
902 1035956135387692903111366484164115313012143142202460356677386854671460467125008999532486874404356837989095154772460400944902591892869813175392018893703874271984406686014759128464740491546003157886575098724314019248804351665193001164546853120546591852016495669447829656446
903 2070767461368214663939534658781937273369525685683079424129028934350080580745159009638139313995527306718455428214671520163939997183992830458930389480554923328701556924545918663002855356067061272960772907870694888329081694076008195756593742175316129716700663179051768820847
904 4139249095036372833257274187720219604426045661222856441230119022491124741818947466826855262858132916683983492942649536726933692118000769999030666215648568766441553034589836682342274118191056640123468285278688604972059681524463404828284234190824707891780488724946196713876
905 8273934096000041253777173914713090653017422028655821232275944410121825168331096968070922515543488356787671646984851706297004291833793812551924054745339690942671713637179485308528209499013969843660097188711783278984673514155265769056666413620121832743871397570929841102055
906 16538755084868312386648187556592274734236212471796667066361419174336230425324296816402011294400897863346932187001143810431180052187571079527934200354849438175676673087471179331938256259164340862753284050851515253546716183012964746402168203156743350172307226187368403990395
907 33059314034538704488214435065127417544650231735706097494204382753087894145434301624174279521709959425903412582528032643428863610196404084059044042900486649194898827143302125764471454378172946020651976969043970866951603980485632268247943304334365950609314510979569731429527
908 66082295791527720249737020555726240001712681157388811337391477318902672160353405996226157788897891517775778256172661053637034030562050078876343779261890736212322197852229151307613478446769464889820279361785399104145669830654400198337131432424714074050871205309384496418072
909 132092046684348338459514384484025633660688643996326393521802333491143390098880051756072872746926040883214387387413186913436827199850509612800038882159257324092979786230385139301521769605684153525637975097705026828324060994995378088752987847198536720050029393152061364706305
910 264039242227994727309543044124802212815657503801322926003380963646513650108954216996609245230678067867254396488813041552506507180661487385676581476848581166277097739316941701540291290102315715630497632944074125824559465170011851965362589700740752268383405108336969689221897
911 527789258180896071969852330353033761399627058113535127023159380011351172779328257122193204539599664182196962134469669913126769820235642850104469660548752825123024207558033311325316592854777251767343906656180781429062740285898422984967416460500508763103307861477338258310017
912 1055001013220010087584254920364545625183823606989733638527659174708442327220581626033867248824888155597551493351633517935564008083759096899322447371917368407942783693994353503241305935609354568738044489898982760750768226968568692288589631780014100763500633966332064142333674
913 2108848913784757668388277111592373244106761378652503161645847034154259939150726586700515888223755836648530940014545538649877112909739195448621267101705759189447916648629852992504982746723296233675184155601115984529125734769491843783269538652525464517315620046777650763927303
914 4215395379178231797521996132083928954832765458869456483141940677008812515422496398537675785165130296642379263912175622982128115637570506757468834034824520365054979050295694922413604823369713565710138860380609158133445209111794763389126073373024051997203562222414010129070067
915 8426193394816574538513968010824052372141152752140746688623981907979990536557652250158161300688817157627279528748347571515908934955932181920143738198173157325765614385882078481617511820482900979083691913405925369740320250586657404796994811730771204890870965290109707635313091
916 16843207088004180467500889209172508608805269753087523192205624368702638625731549545675517580958644250263542445370488375267536388427144988400607477421804025428740650590178817938900341628482369645480157532983475291091280713718432474407758889442770104368988440235333439834745496
917 33668084741895537962322557160307164532668861718079013615705491972364403600899676578882112960217406833634925138061357610892010803651623972729992378123692630730569198612777630734306472884824011820802951300758840105474442111468487890264393163469237163857974262468948211361553501
918 67299570390964767374452840451516046878652523499239823792223452444517273032575957355412639463181579008763627905005286631835296952081979146603365518538063991678072983067797291013326736916368818014642110767669121524419626776331387129288507557305505017267036271842583437142630490
919 134526061822531967187624668310958468830754367559071728693603671805571718888120046491607934711639350889278450673661002284669462982769935557012525021588397959380276074245700965882004349523104202370135510310123574608087199624517381535445706419671401157624622164858759665226142861
920 268906203532155874452651255137698088858862740052502898909423994278326078438787417872610167377359072493843688708267933028590703256889697990444640940478936465199813673362678877219759395141194920584532504432295566920178392058343398316819392796366368422389542740435179359625127956
921 537521041161928154490125577544043840375162045757103515472039241591599713446977221141439322292643195314847107542797908357589079491683399733544612893165997720107215039796215644503491090984243997618316403010643407876346915328394676423146890339609115182721470860757482756475783701
922 1074460296599031991823429834907851968978239089655302853312260076712989342357593488739151680362433595294730355063730637563255117975669866386668328003897907802728396143785581709375523606461567667095188244040262468146818932818514938198051702789934000083092726416980311737741187409
923 2147758908793883894360623680750302434985722467286201929634237446147128354860559326919251869476500365558304139708425445391282393716963818295663593297334575053070359872775643051007701423761394926130902979019734494074931307345325670202244214268296177760517465586380853714722518005
924 4293198212680175789159822828364555245458252768054763962119947750768380820063069965261878867431103392633236027584191607568471981955931561728440099783134853518236219988805801014725952033599024555869456339319386724977769672220661350293226627086315979796888978095233389942007868496
925 8581764723043321658265107055860757202474623008438777188855614785678852456625410085274093166384315486935686160466392058675869899909822381611907518357153908154181293539462819013357614040606315484764083365878687899200643875312207113230475736516735059461535368492338875528341148243
926 17154281015995291757337098336499616583565778271476753746817416761938641908544508842513774268950048655440867788909695905333987045603538463495031875161557121619414153901046418779027595369547671956866945861531663165917007564788709895688083696564119546142828251386829267433486225988
927 34290095040290942592674864018410333024941080794935092810012735972249059974313561111591265026831815130072197131293779865311797579991663718610857842687587318071740790950172485458821509806513254184155440992455453993118473671870766477861217842364459250282468174562911765563488543043
928 68543315673550759390475131210141230270858245162368656064794565148045347485354656673132574337608285902566037964346448283373101456829884418052131971639006071200208932937969191775469976562805539473103967206488416997232329753361098279043014936282365317674845449660451199895226777176
929 137013001365787257457993380881086808517008170596604480923779908907419198143791137446096646649352443084535650713930407941374880303958872601452078385693379807098274749486830491640103370040411026609260025042966994710119977088398786641316443760374865784914089113603184468939975197063
930 273878979796868896254564016091247440257511550871948506101550052153322205812091497367488347404246666584083248189403231885521106754364055001978360894139139956760424859809767022947017240032441345268100520550232717569424844549504413433021277571654305412151009201654867046400458921725
931 547464386509810156602943522344384000219586598527238723608599206215644599275479796846509714693030954153172324627216644325711385372668902713465628641609207138299592290692474686606960452176728067933902184227604364048832234710070308100563255627063119559537430428028916816953088311695
932 1094342569891529621964142084691548311393293928592588261446034146609233050860445537374431396647386480226088750921371505267964717019432100333449647658680272446942125937429299465027006757050561874885002602415572546735523255840875361107670955127467060948395402070745090209900643009596
933 2187514614562953697674803320122849507503209104576643088873536260918327225407749246416640919160291115901261276903460686600942488149223386374201022465126912963773288053940063779288163933314112286178543170463907685525069776313580674811874303432149222837420432129591351890250961300941
934 4372691930708662917894272259412468310592736709851266075158186375625896440471370602172223140642436400899841938091278631650776206432157840226064249832566420097356983153683864612144248526898456528348754535004099642989916677121275735822834567762230560215115781623350620357808444783550
935 8740716748605480827066267577167156646895225231939365119465595310096352900856094908867592759856463886360316752739254506763921625134294540997649893881215990339615299319602403529246398094394792004713124593552150286008596490127412175367746064509615059055875368665448495283290168577221
936 17472114199735422164933271765038603286950491652543439989782230712417364474678905636600638892247950858521797397889902220986119401828567956089470684325528898082676544298325719689841824433156449544146448718525117257938563138262926032623570626317667782311037221405258183697032628717156
937 34925619581319241611533510175139611114171132882288613828122229643512641670013769823943798837368774127030494014780077233635191134020583416647603139854555075037867418736846089936815567442036359362803457400036177107161347233387564270403062452060902600434394348235171311336684198686677
938 69814080921532632390802424557927746004220259724129473695649215303023495961977511924996303983260149644574677205144771338566842236185642074681938647949124132952894079087142467033869090770314032624723851727695453033102790403538376931826056861236644002409112294525142983772694347706609
939 139553963835623516773049129108226410204222616601941774926996521587477309660482607375949134922153887638032204927017793825681153778872944112203558536959076353653291839453931881956415676406813764999825830667619591014327023181887131796194674404864345057279246764529940571038515552057781
940 278959767976999554276745180719252966087905205687524036780771203054888780027890172323373079534184384862393242736184007415823796913122999619616986617182884102534727222077047622924294828211176748581573839465438740814809354576322064307974542327894868710801227355823644038738680906654728
941 557623687953637254792342678546524883988414793579749328504149524855113104497688914083619786050409102529957666451175692156527504250719748334043162198981664601674035916693789159135547720771389643928195809658968739367028863126361761727422988636918683151331521810593260035348490156342643
942 1114656620185832342566358400745422162253342107082661678606196686342638802557409735111882598088157276757309342290113412178525546623780021215449526122432905442558509277823054550964077756839326497264854943255331745534282943998589734424908072367694176198753604458582402601878838411750873
943 2228133604511871956127490282596926855392282037543930605814556936322863142970434331624488003996852545547088065932172227728157799750394023289097498808665756657697848486788258709238094721108082761004922271481781960210987716763126184427975724524225996023623268364693707894673555386996915
944 4453911678556218436653034770613686100025921200574796975721591245823722582184197174684371257361405301150701359573084451920629217190314489581311244653740478790900041247176602058577418339031163552048470699711428437534892608499960838264750275728740628746105656079625743861589391385138138
945 8903119758926548924839659236276015785010242271728961269011818557971985491570739295562172412832848368117004014191506019780040849313011160555839532490218037934655278851957451160076859780486017577901477920313395143251152776803023814379273560607394394745329882610470686700496367554823873
946 17796847207615617170820116223879959727365840004200671444708876549567671140072051453967612383801539227293408040629188552410148517360189304820806010246137924330163285471364273022180934355755529445850023421028031561578950361986405674692559381714447329855769655628799361500029599362904633
947 35574939488587184485816384509318521495262116380652234645434633376840355530336433909587629512096651396606594674557235163989102521216921155521303940248525789216149345093652318148477782902660336947170769201491390066796961645888925982843684255245454169518964099975671966490654274360322797
948 71112428355250748432916539301972113669791799226256927733497086656349616337213048019227822333348087666328799409001944107162355011611812269140172711183285561087867116867785866737061923360788474289098218954576436810521721460202379287255361217214498404998863631242443861623249616003751328
949 142150073617939083886851661689807361759985052150865094529796095741796930351552762923926526203441911184231452470371475288602257707334825149289773359375225391278128560100487699893199718740540069674457768068970505853186488787408377486348273207484725396359640253313184743689785659553700843
950 284150816732724974241629267128447639473791248094615543916837311694535664627880628047000781315074020574752697960554070791971860599951120828689074924081038351789312088835533817150649614555064036584139398120050321230442162837878104663612753924476602499181881693897879542308307899125004170
951 568003442586449621538831860977005138866808082022856369314317117443953308257132136765254200726645999799630563707507265985200832102809091000280349103759701889830839087586005418692680243984603926314136360031702944805597582504216302279377737098838123020748912299621345848222527121276422955
952 1135411441205310973741360720973289150608669777879814779327207538222641660054056073619743855044667666061751857032673201796271705102631742005630166791944341851019549504926861202904068783825963835463526278085818267443696006765117456457009174286144410688182353789808968223569003956265729396
953 2269633865145934525879858934118982336578823688210154442911555719427115235157247685426981720472148413758785422053704772213183108133777286925358352511808421434569902177723472435142450386239219025089802935974637553178136538359129369429932605030983349789649131956890484991118124967128496651
954 4536893427318758705068289189064650806093912564932867389222711413694753584085193490121576245455771721620998854234217008644958221954417063865829740018723885796437217453851312733509940653577361231894297279132969236249625672343835671476455200321705265706380453559734507454036251416724318735
955 9069045692305975177990979535785639655406640089633390201935691923123392885989996862563535726857165732663336549698748206568877756642974104132192372128545826310182970014228512637723328280907080064744048649399202566040676102439314611192466406586033373578225278676892873001610356576207826491
956 18128623908325003142165966927839248608660157197030450919615546899206174233853562916401832341273724478286599960840295410911250792661192654935678797003389941482362666698969080241871219630227456063920015424341357235856991762772950481918457719587964059042561122543531262630476820443962416336
957 36238342483405572520558408431796318004910585868532478974642722504198776958130839738429289090613422892892892708700503401754833757335986660631823244562108110026138322060126118119345219555722649082532773525573983246228586253425957058153007451586822020615792850242470463900544403571536329117
958 72438933384700162952739427940560779337446898018752356887536757378471932194133803654749800951448509050308879998060595882501687891262551589893612449808575415092619657587504536322734952065996940672867155838890542726609734907524520683636291021743370617217218520535000516635417379219862409637
959 144802481466495956386255524789430762473348317003411617684138784352834769445186214288220663728378773662392316515913101862280141585652668342352243234120414354979483172613586966859935048398596091356710217162120866538266790100975485070475006383406884892100248316311863219812575394405987791021
960 289454427437179286161437727634850549334253775448974531154310908258917798135412244266314208866880367652839093898089046905861976999522294713570660600405721759856947741430342075707767538493688959088474501000667234512704157240042136033775355528772635221171391885869300906495319106702953199034
961 578608252881901030296901585290193947601528596248406193613839855530471997715982953815022446543623607651287111552205085796513901523332929545464943885117343393021270428274396891391432705146439445334478968882199489690966892836484374610848252264467002963283039757207817799818875188153608798139
962 1156616237344439068500956434063175568412010737813604725380911392535552248001910448803181550077441071919938215201969450511775852269371116947584602062597521467076464136262459491532614558165684034137494170223539884666739109369087912484605135659260365732085954116121623518121385366782034292495
963 2312033804133338376986071239809128134712303835971631792926679387140519281335834897222088191987694914141955363140110060904290312866032172600432241721884508198588024802116728390972716782254113354402425445390825765313894181831173741302957099954599636833641757671348452319231377056579961078551
964 4621673990061266721439770071324320165902920875630792968403081755296404552925426160265758750816331431432355510728016550078819198078634518683107640420014971904787758452837196890524575607272054178992202513563663102692805268337318939377051909161154776719738122413598766719787140723918456162624
965 9238568170271585332062755232690501714674439789682716970322610507661759666591673756567610398203578870285222151000591786773943843833510521822114138198639839760279874102882875196923922230208023904438823581156358747110774004834893340910383425950764376740958035798799612762888797291904086588985
966 18467591535597311795010357106071715962922567632465773081077587855439576905998690185761076934457694299161871369635647288736138875152196182681306357708726571161802812544597011947039297687757201983387973819627419479200492225799301182539244936030936136778802606435349918264699694014805075355740
967 36916123014364729166240426742821955534204636103290523609190621713214198088685401674938663607028812607655105295046864873395521062899595556611574232409121411540599511397862232724668710881417904498967913333670351667874843667516099902631516263128729158541421017493468775117224186767295978693913
968 73794184868844564943054751363368667788299759746740255773630405019603450960474468497640421131920122703667630217137231860030815915402964770882819822561036549202353897638786237668098135071369853099825569220391742954332938691568459656085725989439644538031025163127023917886331652667406825262960
969 147512365021870020375832051868122292089834138043489761702389019621734089540992433552150979898583688527696129298513926820079554645088935375309038306210638713044620989006354288089199514550935488393985748285109817473504376713428984724040349976621196192325628848447080571618626709043649864414005
970 294872955214991555192204297090641356432436317660295187727805086202990001692014945458306140650844464290311119383331905843666939947476289051858172336060154439216666035680202086085729919757414085017869467186949454073856416679407220458121647848338676589556421570150425217464875986973090229740757
971 589442828772595349135331288736057248477684645488612368318929593581474536066763657431741129662786278721424986549539189630660411021645356481781236448476757566655713540982533093868327605903279981633662904997527281399252178746958966747922970784877456836124651849334563858699995041762777376664717
972 1178280427827958825389734804397084968116426451916775297645177473410547276278860947702534318486465673174586112162457299720610850740696243687497226018843882198182063356338862089232876102474763007199533476351920699268292116905312859737331501200464343408196799583301240553162135477219573526583104
973 2355352258628443153411707344658346403979459719365134911782960291345339992324469460614171786064812907257460593315512587755017082384135799684097606772086056300057587267861895828342064258642952455973206937841979711443795865484456999196759878627136752761821751333839778777652678051391987533046451
974 4708291038474063590587916195009779249999354332146507688944691326726684738267050112247138818120564724155723781103443992760457507299522514475183438050198945694074569504431005413140078645244115342981982806704264120800731381135839169770646852511513600866930980805565112087747426879691842855669777
975 9411762530911401236487998451533035188202251848704485973777652661357667631903283936211858318027635899736351545579367003686162298104845876870027505326229922223649248117038651785349390389298692402512449806898499080653484919182296812728444578554623229559775952288380955638829358559716630258551907
976 18813900754912636915600897562359684733866529896473605735081123564968656948406173226566050698838397007238384434179793638829842815667400054336683477483161028365937988674997005352755780720078482221133206180526095667796500128170043237824705495679240673752511641208958130886039306913875765597138122
977 37608582390813385674092968284383484696978585930104842804809680701911189975311007515219440971913732405077216308248462172853505962893718122397391643319383533032686852539395368746223820930646486072013769886585409465907370619982983036698845360118239697719736197005609235122759824301946970336671073
978 75178785382723083927817353574999634926039944837737293134225367445184591823308262308637488032290937525913751052036792391792195466109161872946468589477630959382445997093626139409030897154187558122261076118225984370671009072658173670790024985069155880842526665673272549557805864153361932117966465
979 150280929345959351910953379289695992886351516580078549217579190480789212578325365009024803059254508417936647535887532245166562054143715584441402351681649286112144606260584919348187807436051399535162763491641628290635797647130160847741270893598747116153627799082283436557983404366703292958396077
980 300408810011885058429962646033163150778715475714487832399097911529085373789551761488566626002702008267012512130874016987153004132660396705701210846534333257531817171396535635336475039818871200241946646351993105289145238176085785398038858774124438633926168822930508231888274098729397877915039536
981 600511989790437171995256983049435574652032375602372787470620231980861102943364259262166507375752475824332676239543595771466443488714334534649258131292176824718372804533356595451731344160065192544344449875496031991538143241398128787259608697443855431391356157349691220298100105876282733447561211
982 1200413650993860226922148252144487759378674589345798609825863720125090908884841715948620017022915416128298613264085743683539088374095671572892206650669503835098747723050061495877780462302210629822917135344957842885192104314941670268568904692850419057729685335736300524098390000272221642960882546
983 2399608503842233159371728232340766733662312503783358331643193037279669632805669559331633885007863098602963818042404560208120366738034078483215126278465244231740142481165590933189688294596420959762520301095699677847937866547678191473662047502198299537866869247346914634866539946619630784888091931
984 4796783120022636852685093397831519722345988700557440908515678695477328308275351664160483276579001196717325114444550716363207792305705868216454862007956079168424796169314076201657435680546641802911748416319825157043335450445705242521134710981443353606715871412178685871690878249666549427090523716
985 9588705863190902111431453845434201044332923103320807650826517773676222076081226168193598426736058322498558364673163511844091858437403356816524870880906265244092262050499464614522625156384661185045240125884067181180940279850259363188432446853812867460903396892802997527187709277622671666542232523
986 19167705732166761908376275544729334799207052490551987795729213383214498438829019004720317647781962859432710894384243569766762032002222225628743639424670379002965755265569059903794154598622294661825348044316440264853280310665227219202784664657595222609490513646353271888916625135660756535906609543
987 38316028920266145732693266324520024092860153284400091919570887647319581709783704338151018158658681380510815619502255235089633273767104626470362154944747179261513600194719199977942938288675771086679396543285808902584434906045141248788331243521545525413819260779869772470075347503887341618144941403
988 76593351492401253014335526370953118783940966802658718337169549027000299557404279789222707271094473656744180717112451394615761742583813554213896492226718415505186676334856909314288449377494467889423787031035934417891856115617037135540159116040048799101779214596381738878797501643766265541889425632
989 153109407472155071073457217069141996482506387074732206252966716936991020079732137319476380891974420799249008513232909598785934014835738434440556039301004122657264421812370349790459204199094661624535671086999286305906006448733363178347663477033413007042723010028413365076240241111111160954092044653
990 306064457695550631215619989565928380025849210736683863001828192685144118045626201605853821437813660137377847287824874825555085103973832095804570833926868605725586349571661902258710024933038337663526474556333825031410614485209692431082964168653739609623187068239023473797048561595355159610256138972
991 611820667269429473509359190915023227106584002536053920262937640589383744238284280215345192561284091619019311022961094347557834522838577360011847548537545467295448904571004149176446265754167162521797244016187916846100374169022703959894275065373811428479457169893404468375584801561539488132282921437
992 1223025768701053885858326532656876213239012097176195663178142233954367134441967180092328918388229855713029674239405028923624024056572936342199962016715313916244574366744085413498810986197599608325547580538450387774206835204464702487748889792522154105715747846850866138141160023211366916458505792840
993 2444822261861769825385276457879255233776229236804909295596842054383159251838125166655041367362414033441448450088551034261674566578874938622283982172711294676724582783750363257552757536809348602634636646249429170252139202680523624706952087399499984462406865543850349141322407011096571666190434230745
994 4887189675594663304451323578378699025699227615698218124741047459740096928691656398357152575227889964492430017665912410306678780822767479398594051707903669845566593226784930464889932839676473791691229194633331733731162012059032100263635207130015389220541083771398088001568051256937922251789432909507
995 9769477042263116516065883301525762315106812307598835679544361171375813200830269540649416631709577185885420085443797495554901812031985394371713724380887580016047769377413753066727994426540248844692007219004647954673788415941968186925071591544800306329770920262579935923956462655546289586156811219089
996 19529164204323061167877348751922526990180470527533457017508453841437868514259538651902235576933574290708577315356757903851758149430230242317769887911186432471775721617434223919279533542695622786027325591730844514236436356506327987083108526761147925320829117846040913829439165457458000278084371030564
997 39038778049769979949003266912537497823700849308071350287672945451310607281777714059882224057281037249087165313236735890433376560898152940753803832737219116848249861511010740792543789405893744213247097203510121787348255028228851065800230797244258720857708346443380761799331181819598781164101141550547
998 78038514037827909509140384001496614217270418409484804936976386250591146583323789823627458529420034042877900794592488400327937227314702381897492063780770927090563367888026176993726671335954242977165011671413948215246397687245254361384723779316339596546773268959634916455000374093174702161415003102650
999 155999060971300051461296209124874438719904194104982723390315771449442663565595754254223949228720642049594116132501074411728181505115324555459248858184981148008164911494992852828316638280720610998210621142399999606685191759706651734047190015386396694937673831148434243313432284730521782151435129632539
1000 311842421188048129118442672541275101103792311885854255712077939700910958438815098026843670295010616737117263091946842920108329016206705597914714474487690833456863492385506007465785384741538299287979941586965087672111276678196853343240976351138229486570530195433011521764304937700834075910367657989036
