1 2
2 3
3 10
4 7
5 18
6 11
7 26
8 15
9 34
10 19
11 42
12 23
13 50
14 27
15 58
16 31
17 66
18 35
19 74
20 39
21 82
22 43
23 90
24 47
25 98
26 51
27 106
28 55
29 114
30 59
31 122
32 63
33 130
34 67
35 138
36 71
37 146
38 75
39 154
40 79
41 162
42 83
43 170
44 87
45 178
46 91
47 186
48 95
49 194
50 99
51 202
52 103
53 210
54 107
55 218
56 111
57 226
58 115
59 234
60 119
61 242
62 123
63 250
64 127
65 258
66 131
67 266
68 135
69 274
70 139
71 282
72 143
73 290
74 147
75 298
76 151
77 306
78 155
79 314
80 159
81 322
82 163
83 330
84 167
85 338
86 171
87 346
88 175
89 354
90 179
91 362
92 183
93 370
94 187
95 378
96 191
97 386
98 195
99 394
100 199
101 402
102 203
103 410
104 207
105 418
106 211
107 426
108 215
109 434
110 219
111 442
112 223
113 450
114 227
115 458
116 231
117 466
118 235
119 474
120 239
121 482
122 243
123 490
124 247
125 498
126 251
127 506
128 255
129 514
130 259
131 522
132 263
133 530
134 267
135 538
136 271
137 546
138 275
139 554
140 279
141 562
142 283
143 570
144 287
145 578
146 291
147 586
148 295
149 594
150 299
151 602
152 303
153 610
154 307
155 618
156 311
157 626
158 315
159 634
160 319
161 642
162 323
163 650
164 327
165 658
166 331
167 666
168 335
169 674
170 339
171 682
172 343
173 690
174 347
175 698
176 351
177 706
178 355
179 714
180 359
181 722
182 363
183 730
184 367
185 738
186 371
187 746
188 375
189 754
190 379
191 762
192 383
193 770
194 387
195 778
196 391
197 786
198 395
199 794
200 399
201 802
202 403
203 810
204 407
205 818
206 411
207 826
208 415
209 834
210 419
211 842
212 423
213 850
214 427
215 858
216 431
217 866
218 435
219 874
220 439
221 882
222 443
223 890
224 447
225 898
226 451
227 906
228 455
229 914
230 459
231 922
232 463
233 930
234 467
235 938
236 471
237 946
238 475
239 954
240 479
241 962
242 483
243 970
244 487
245 978
246 491
247 986
248 495
249 994
250 499
251 1002
252 503
253 1010
254 507
255 1018
256 511
257 1026
258 515
259 1034
260 519
261 1042
262 523
263 1050
264 527
265 1058
266 531
267 1066
268 535
269 1074
270 539
271 1082
272 543
273 1090
274 547
275 1098
276 551
277 1106
278 555
279 1114
280 559
281 1122
282 563
283 1130
284 567
285 1138
286 571
287 1146
288 575
289 1154
290 579
291 1162
292 583
293 1170
294 587
295 1178
296 591
297 1186
298 595
299 1194
300 599
301 1202
302 603
303 1210
304 607
305 1218
306 611
307 1226
308 615
309 1234
310 619
311 1242
312 623
313 1250
314 627
315 1258
316 631
317 1266
318 635
319 1274
320 639
321 1282
322 643
323 1290
324 647
325 1298
326 651
327 1306
328 655
329 1314
330 659
331 1322
332 663
333 1330
334 667
335 1338
336 671
337 1346
338 675
339 1354
340 679
341 1362
342 683
343 1370
344 687
345 1378
346 691
347 1386
348 695
349 1394
350 699
351 1402
352 703
353 1410
354 707
355 1418
356 711
357 1426
358 715
359 1434
360 719
361 1442
362 723
363 1450
364 727
365 1458
366 731
367 1466
368 735
369 1474
370 739
371 1482
372 743
373 1490
374 747
375 1498
376 751
377 1506
378 755
379 1514
380 759
381 1522
382 763
383 1530
384 767
385 1538
386 771
387 1546
388 775
389 1554
390 779
391 1562
392 783
393 1570
394 787
395 1578
396 791
397 1586
398 795
399 1594
400 799
401 1602
402 803
403 1610
404 807
405 1618
406 811
407 1626
408 815
409 1634
410 819
411 1642
412 823
413 1650
414 827
415 1658
416 831
417 1666
418 835
419 1674
420 839
421 1682
422 843
423 1690
424 847
425 1698
426 851
427 1706
428 855
429 1714
430 859
431 1722
432 863
433 1730
434 867
435 1738
436 871
437 1746
438 875
439 1754
440 879
441 1762
442 883
443 1770
444 887
445 1778
446 891
447 1786
448 895
449 1794
450 899
451 1802
452 903
453 1810
454 907
455 1818
456 911
457 1826
458 915
459 1834
460 919
461 1842
462 923
463 1850
464 927
465 1858
466 931
467 1866
468 935
469 1874
470 939
471 1882
472 943
473 1890
474 947
475 1898
476 951
477 1906
478 955
479 1914
480 959
481 1922
482 963
483 1930
484 967
485 1938
486 971
487 1946
488 975
489 1954
490 979
491 1962
492 983
493 1970
494 987
495 1978
496 991
497 1986
498 995
499 1994
500 999
501 2002
502 1003
503 2010
504 1007
505 2018
506 1011
507 2026
508 1015
509 2034
510 1019
511 2042
512 1023
513 2050
514 1027
515 2058
516 1031
517 2066
518 1035
519 2074
520 1039
521 2082
522 1043
523 2090
524 1047
525 2098
526 1051
527 2106
528 1055
529 2114
530 1059
531 2122
532 1063
533 2130
534 1067
535 2138
536 1071
537 2146
538 1075
539 2154
540 1079
541 2162
542 1083
543 2170
544 1087
545 2178
546 1091
547 2186
548 1095
549 2194
550 1099
551 2202
552 1103
553 2210
554 1107
555 2218
556 1111
557 2226
558 1115
559 2234
560 1119
561 2242
562 1123
563 2250
564 1127
565 2258
566 1131
567 2266
568 1135
569 2274
570 1139
571 2282
572 1143
573 2290
574 1147
575 2298
576 1151
577 2306
578 1155
579 2314
580 1159
581 2322
582 1163
583 2330
584 1167
585 2338
586 1171
587 2346
588 1175
589 2354
590 1179
591 2362
592 1183
593 2370
594 1187
595 2378
596 1191
597 2386
598 1195
599 2394
600 1199
601 2402
602 1203
603 2410
604 1207
605 2418
606 1211
607 2426
608 1215
609 2434
610 1219
611 2442
612 1223
613 2450
614 1227
615 2458
616 1231
617 2466
618 1235
619 2474
620 1239
621 2482
622 1243
623 2490
624 1247
625 2498
626 1251
627 2506
628 1255
629 2514
630 1259
631 2522
632 1263
633 2530
634 1267
635 2538
636 1271
637 2546
638 1275
639 2554
640 1279
641 2562
642 1283
643 2570
644 1287
645 2578
646 1291
647 2586
648 1295
649 2594
650 1299
651 2602
652 1303
653 2610
654 1307
655 2618
656 1311
657 2626
658 1315
659 2634
660 1319
661 2642
662 1323
663 2650
664 1327
665 2658
666 1331
667 2666
668 1335
669 2674
670 1339
671 2682
672 1343
673 2690
674 1347
675 2698
676 1351
677 2706
678 1355
679 2714
680 1359
681 2722
682 1363
683 2730
684 1367
685 2738
686 1371
687 2746
688 1375
689 2754
690 1379
691 2762
692 1383
693 2770
694 1387
695 2778
696 1391
697 2786
698 1395
699 2794
700 1399
701 2802
702 1403
703 2810
704 1407
705 2818
706 1411
707 2826
708 1415
709 2834
710 1419
711 2842
712 1423
713 2850
714 1427
715 2858
716 1431
717 2866
718 1435
719 2874
720 1439
721 2882
722 1443
723 2890
724 1447
725 2898
726 1451
727 2906
728 1455
729 2914
730 1459
731 2922
732 1463
733 2930
734 1467
735 2938
736 1471
737 2946
738 1475
739 2954
740 1479
741 2962
742 1483
743 2970
744 1487
745 2978
746 1491
747 2986
748 1495
749 2994
750 1499
751 3002
752 1503
753 3010
754 1507
755 3018
756 1511
757 3026
758 1515
759 3034
760 1519
761 3042
762 1523
763 3050
764 1527
765 3058
766 1531
767 3066
768 1535
769 3074
770 1539
771 3082
772 1543
773 3090
774 1547
775 3098
776 1551
777 3106
778 1555
779 3114
780 1559
781 3122
782 1563
783 3130
784 1567
785 3138
786 1571
787 3146
788 1575
789 3154
790 1579
791 3162
792 1583
793 3170
794 1587
795 3178
796 1591
797 3186
798 1595
799 3194
800 1599
801 3202
802 1603
803 3210
804 1607
805 3218
806 1611
807 3226
808 1615
809 3234
810 1619
811 3242
812 1623
813 3250
814 1627
815 3258
816 1631
817 3266
818 1635
819 3274
820 1639
821 3282
822 1643
823 3290
824 1647
825 3298
826 1651
827 3306
828 1655
829 3314
830 1659
831 3322
832 1663
833 3330
834 1667
835 3338
836 1671
837 3346
838 1675
839 3354
840 1679
841 3362
842 1683
843 3370
844 1687
845 3378
846 1691
847 3386
848 1695
849 3394
850 1699
851 3402
852 1703
853 3410
854 1707
855 3418
856 1711
857 3426
858 1715
859 3434
860 1719
861 3442
862 1723
863 3450
864 1727
865 3458
866 1731
867 3466
868 1735
869 3474
870 1739
871 3482
872 1743
873 3490
874 1747
875 3498
876 1751
877 3506
878 1755
879 3514
880 1759
881 3522
882 1763
883 3530
884 1767
885 3538
886 1771
887 3546
888 1775
889 3554
890 1779
891 3562
892 1783
893 3570
894 1787
895 3578
896 1791
897 3586
898 1795
899 3594
900 1799
901 3602
902 1803
903 3610
904 1807
905 3618
906 1811
907 3626
908 1815
909 3634
910 1819
911 3642
912 1823
913 3650
914 1827
915 3658
916 1831
917 3666
918 1835
919 3674
920 1839
921 3682
922 1843
923 3690
924 1847
925 3698
926 1851
927 3706
928 1855
929 3714
930 1859
931 3722
932 1863
933 3730
934 1867
935 3738
936 1871
937 3746
938 1875
939 3754
940 1879
941 3762
942 1883
943 3770
944 1887
945 3778
946 1891
947 3786
948 1895
949 3794
950 1899
951 3802
952 1903
953 3810
954 1907
955 3818
956 1911
957 3826
958 1915
959 3834
960 1919
961 3842
962 1923
963 3850
964 1927
965 3858
966 1931
967 3866
968 1935
969 3874
970 1939
971 3882
972 1943
973 3890
974 1947
975 3898
976 1951
977 3906
978 1955
979 3914
980 1959
981 3922
982 1963
983 3930
984 1967
985 3938
986 1971
987 3946
988 1975
989 3954
990 1979
991 3962
992 1983
993 3970
994 1987
995 3978
996 1991
997 3986
998 1995
999 3994
1000 1999
1001 4002
1002 2003
1003 4010
1004 2007
1005 4018
1006 2011
1007 4026
1008 2015
1009 4034
1010 2019
1011 4042
1012 2023
1013 4050
1014 2027
1015 4058
1016 2031
1017 4066
1018 2035
1019 4074
1020 2039
1021 4082
1022 2043
1023 4090
1024 2047
1025 4098
1026 2051
1027 4106
1028 2055
1029 4114
1030 2059
1031 4122
1032 2063
1033 4130
1034 2067
1035 4138
1036 2071
1037 4146
1038 2075
1039 4154
1040 2079
1041 4162
1042 2083
1043 4170
1044 2087
1045 4178
1046 2091
1047 4186
1048 2095
1049 4194
1050 2099
1051 4202
1052 2103
1053 4210
1054 2107
1055 4218
1056 2111
1057 4226
1058 2115
1059 4234
1060 2119
1061 4242
1062 2123
1063 4250
1064 2127
1065 4258
1066 2131
1067 4266
1068 2135
1069 4274
1070 2139
1071 4282
1072 2143
1073 4290
1074 2147
1075 4298
1076 2151
1077 4306
1078 2155
1079 4314
1080 2159
1081 4322
1082 2163
1083 4330
1084 2167
1085 4338
1086 2171
1087 4346
1088 2175
1089 4354
1090 2179
1091 4362
1092 2183
1093 4370
1094 2187
1095 4378
1096 2191
1097 4386
1098 2195
1099 4394
1100 2199
1101 4402
1102 2203
1103 4410
1104 2207
1105 4418
1106 2211
1107 4426
1108 2215
1109 4434
1110 2219
1111 4442
1112 2223
1113 4450
1114 2227
1115 4458
1116 2231
1117 4466
1118 2235
1119 4474
1120 2239
1121 4482
1122 2243
1123 4490
1124 2247
1125 4498
1126 2251
1127 4506
1128 2255
1129 4514
1130 2259
1131 4522
1132 2263
1133 4530
1134 2267
1135 4538
1136 2271
1137 4546
1138 2275
1139 4554
1140 2279
1141 4562
1142 2283
1143 4570
1144 2287
1145 4578
1146 2291
1147 4586
1148 2295
1149 4594
1150 2299
1151 4602
1152 2303
1153 4610
1154 2307
1155 4618
1156 2311
1157 4626
1158 2315
1159 4634
1160 2319
1161 4642
1162 2323
1163 4650
1164 2327
1165 4658
1166 2331
1167 4666
1168 2335
1169 4674
1170 2339
1171 4682
1172 2343
1173 4690
1174 2347
1175 4698
1176 2351
1177 4706
1178 2355
1179 4714
1180 2359
1181 4722
1182 2363
1183 4730
1184 2367
1185 4738
1186 2371
1187 4746
1188 2375
1189 4754
1190 2379
1191 4762
1192 2383
1193 4770
1194 2387
1195 4778
1196 2391
1197 4786
1198 2395
1199 4794
1200 2399
1201 4802
1202 2403
1203 4810
1204 2407
1205 4818
1206 2411
1207 4826
1208 2415
1209 4834
1210 2419
1211 4842
1212 2423
1213 4850
1214 2427
1215 4858
1216 2431
1217 4866
1218 2435
1219 4874
1220 2439
1221 4882
1222 2443
1223 4890
1224 2447
1225 4898
1226 2451
1227 4906
1228 2455
1229 4914
1230 2459
1231 4922
1232 2463
1233 4930
1234 2467
1235 4938
1236 2471
1237 4946
1238 2475
1239 4954
1240 2479
1241 4962
1242 2483
1243 4970
1244 2487
1245 4978
1246 2491
1247 4986
1248 2495
1249 4994
1250 2499
1251 5002
1252 2503
1253 5010
1254 2507
1255 5018
1256 2511
1257 5026
1258 2515
1259 5034
1260 2519
1261 5042
1262 2523
1263 5050
1264 2527
1265 5058
1266 2531
1267 5066
1268 2535
1269 5074
1270 2539
1271 5082
1272 2543
1273 5090
1274 2547
1275 5098
1276 2551
1277 5106
1278 2555
1279 5114
1280 2559
1281 5122
1282 2563
1283 5130
1284 2567
1285 5138
1286 2571
1287 5146
1288 2575
1289 5154
1290 2579
1291 5162
1292 2583
1293 5170
1294 2587
1295 5178
1296 2591
1297 5186
1298 2595
1299 5194
1300 2599
1301 5202
1302 2603
1303 5210
1304 2607
1305 5218
1306 2611
1307 5226
1308 2615
1309 5234
1310 2619
1311 5242
1312 2623
1313 5250
1314 2627
1315 5258
1316 2631
1317 5266
1318 2635
1319 5274
1320 2639
1321 5282
1322 2643
1323 5290
1324 2647
1325 5298
1326 2651
1327 5306
1328 2655
1329 5314
1330 2659
1331 5322
1332 2663
1333 5330
1334 2667
1335 5338
1336 2671
1337 5346
1338 2675
1339 5354
1340 2679
1341 5362
1342 2683
1343 5370
1344 2687
1345 5378
1346 2691
1347 5386
1348 2695
1349 5394
1350 2699
1351 5402
1352 2703
1353 5410
1354 2707
1355 5418
1356 2711
1357 5426
1358 2715
1359 5434
1360 2719
1361 5442
1362 2723
1363 5450
1364 2727
1365 5458
1366 2731
1367 5466
1368 2735
1369 5474
1370 2739
1371 5482
1372 2743
1373 5490
1374 2747
1375 5498
1376 2751
1377 5506
1378 2755
1379 5514
1380 2759
1381 5522
1382 2763
1383 5530
1384 2767
1385 5538
1386 2771
1387 5546
1388 2775
1389 5554
1390 2779
1391 5562
1392 2783
1393 5570
1394 2787
1395 5578
1396 2791
1397 5586
1398 2795
1399 5594
1400 2799
1401 5602
1402 2803
1403 5610
1404 2807
1405 5618
1406 2811
1407 5626
1408 2815
1409 5634
1410 2819
1411 5642
1412 2823
1413 5650
1414 2827
1415 5658
1416 2831
1417 5666
1418 2835
1419 5674
1420 2839
1421 5682
1422 2843
1423 5690
1424 2847
1425 5698
1426 2851
1427 5706
1428 2855
1429 5714
1430 2859
1431 5722
1432 2863
1433 5730
1434 2867
1435 5738
1436 2871
1437 5746
1438 2875
1439 5754
1440 2879
1441 5762
1442 2883
1443 5770
1444 2887
1445 5778
1446 2891
1447 5786
1448 2895
1449 5794
1450 2899
1451 5802
1452 2903
1453 5810
1454 2907
1455 5818
1456 2911
1457 5826
1458 2915
1459 5834
1460 2919
1461 5842
1462 2923
1463 5850
1464 2927
1465 5858
1466 2931
1467 5866
1468 2935
1469 5874
1470 2939
1471 5882
1472 2943
1473 5890
1474 2947
1475 5898
1476 2951
1477 5906
1478 2955
1479 5914
1480 2959
1481 5922
1482 2963
1483 5930
1484 2967
1485 5938
1486 2971
1487 5946
1488 2975
1489 5954
1490 2979
1491 5962
1492 2983
1493 5970
1494 2987
1495 5978
1496 2991
1497 5986
1498 2995
1499 5994
1500 2999
1501 6002
1502 3003
1503 6010
1504 3007
1505 6018
1506 3011
1507 6026
1508 3015
1509 6034
1510 3019
1511 6042
1512 3023
1513 6050
1514 3027
1515 6058
1516 3031
1517 6066
1518 3035
1519 6074
1520 3039
1521 6082
1522 3043
1523 6090
1524 3047
1525 6098
1526 3051
1527 6106
1528 3055
1529 6114
1530 3059
1531 6122
1532 3063
1533 6130
1534 3067
1535 6138
1536 3071
1537 6146
1538 3075
1539 6154
1540 3079
1541 6162
1542 3083
1543 6170
1544 3087
1545 6178
1546 3091
1547 6186
1548 3095
1549 6194
1550 3099
1551 6202
1552 3103
1553 6210
1554 3107
1555 6218
1556 3111
1557 6226
1558 3115
1559 6234
1560 3119
1561 6242
1562 3123
1563 6250
1564 3127
1565 6258
1566 3131
1567 6266
1568 3135
1569 6274
1570 3139
1571 6282
1572 3143
1573 6290
1574 3147
1575 6298
1576 3151
1577 6306
1578 3155
1579 6314
1580 3159
1581 6322
1582 3163
1583 6330
1584 3167
1585 6338
1586 3171
1587 6346
1588 3175
1589 6354
1590 3179
1591 6362
1592 3183
1593 6370
1594 3187
1595 6378
1596 3191
1597 6386
1598 3195
1599 6394
1600 3199
1601 6402
1602 3203
1603 6410
1604 3207
1605 6418
1606 3211
1607 6426
1608 3215
1609 6434
1610 3219
1611 6442
1612 3223
1613 6450
1614 3227
1615 6458
1616 3231
1617 6466
1618 3235
1619 6474
1620 3239
1621 6482
1622 3243
1623 6490
1624 3247
1625 6498
1626 3251
1627 6506
1628 3255
1629 6514
1630 3259
1631 6522
1632 3263
1633 6530
1634 3267
1635 6538
1636 3271
1637 6546
1638 3275
1639 6554
1640 3279
1641 6562
1642 3283
1643 6570
1644 3287
1645 6578
1646 3291
1647 6586
1648 3295
1649 6594
1650 3299
1651 6602
1652 3303
1653 6610
1654 3307
1655 6618
1656 3311
1657 6626
1658 3315
1659 6634
1660 3319
1661 6642
1662 3323
1663 6650
1664 3327
1665 6658
1666 3331
1667 6666
1668 3335
1669 6674
1670 3339
1671 6682
1672 3343
1673 6690
1674 3347
1675 6698
1676 3351
1677 6706
1678 3355
1679 6714
1680 3359
1681 6722
1682 3363
1683 6730
1684 3367
1685 6738
1686 3371
1687 6746
1688 3375
1689 6754
1690 3379
1691 6762
1692 3383
1693 6770
1694 3387
1695 6778
1696 3391
1697 6786
1698 3395
1699 6794
1700 3399
1701 6802
1702 3403
1703 6810
1704 3407
1705 6818
1706 3411
1707 6826
1708 3415
1709 6834
1710 3419
1711 6842
1712 3423
1713 6850
1714 3427
1715 6858
1716 3431
1717 6866
1718 3435
1719 6874
1720 3439
1721 6882
1722 3443
1723 6890
1724 3447
1725 6898
1726 3451
1727 6906
1728 3455
1729 6914
1730 3459
1731 6922
1732 3463
1733 6930
1734 3467
1735 6938
1736 3471
1737 6946
1738 3475
1739 6954
1740 3479
1741 6962
1742 3483
1743 6970
1744 3487
1745 6978
1746 3491
1747 6986
1748 3495
1749 6994
1750 3499
1751 7002
1752 3503
1753 7010
1754 3507
1755 7018
1756 3511
1757 7026
1758 3515
1759 7034
1760 3519
1761 7042
1762 3523
1763 7050
1764 3527
1765 7058
1766 3531
1767 7066
1768 3535
1769 7074
1770 3539
1771 7082
1772 3543
1773 7090
1774 3547
1775 7098
1776 3551
1777 7106
1778 3555
1779 7114
1780 3559
1781 7122
1782 3563
1783 7130
1784 3567
1785 7138
1786 3571
1787 7146
1788 3575
1789 7154
1790 3579
1791 7162
1792 3583
1793 7170
1794 3587
1795 7178
1796 3591
1797 7186
1798 3595
1799 7194
1800 3599
1801 7202
1802 3603
1803 7210
1804 3607
1805 7218
1806 3611
1807 7226
1808 3615
1809 7234
1810 3619
1811 7242
1812 3623
1813 7250
1814 3627
1815 7258
1816 3631
1817 7266
1818 3635
1819 7274
1820 3639
1821 7282
1822 3643
1823 7290
1824 3647
1825 7298
1826 3651
1827 7306
1828 3655
1829 7314
1830 3659
1831 7322
1832 3663
1833 7330
1834 3667
1835 7338
1836 3671
1837 7346
1838 3675
1839 7354
1840 3679
1841 7362
1842 3683
1843 7370
1844 3687
1845 7378
1846 3691
1847 7386
1848 3695
1849 7394
1850 3699
1851 7402
1852 3703
1853 7410
1854 3707
1855 7418
1856 3711
1857 7426
1858 3715
1859 7434
1860 3719
1861 7442
1862 3723
1863 7450
1864 3727
1865 7458
1866 3731
1867 7466
1868 3735
1869 7474
1870 3739
1871 7482
1872 3743
1873 7490
1874 3747
1875 7498
1876 3751
1877 7506
1878 3755
1879 7514
1880 3759
1881 7522
1882 3763
1883 7530
1884 3767
1885 7538
1886 3771
1887 7546
1888 3775
1889 7554
1890 3779
1891 7562
1892 3783
1893 7570
1894 3787
1895 7578
1896 3791
1897 7586
1898 3795
1899 7594
1900 3799
1901 7602
1902 3803
1903 7610
1904 3807
1905 7618
1906 3811
1907 7626
1908 3815
1909 7634
1910 3819
1911 7642
1912 3823
1913 7650
1914 3827
1915 7658
1916 3831
1917 7666
1918 3835
1919 7674
1920 3839
1921 7682
1922 3843
1923 7690
1924 3847
1925 7698
1926 3851
1927 7706
1928 3855
1929 7714
1930 3859
1931 7722
1932 3863
1933 7730
1934 3867
1935 7738
1936 3871
1937 7746
1938 3875
1939 7754
1940 3879
1941 7762
1942 3883
1943 7770
1944 3887
1945 7778
1946 3891
1947 7786
1948 3895
1949 7794
1950 3899
1951 7802
1952 3903
1953 7810
1954 3907
1955 7818
1956 3911
1957 7826
1958 3915
1959 7834
1960 3919
1961 7842
1962 3923
1963 7850
1964 3927
1965 7858
1966 3931
1967 7866
1968 3935
1969 7874
1970 3939
1971 7882
1972 3943
1973 7890
1974 3947
1975 7898
1976 3951
1977 7906
1978 3955
1979 7914
1980 3959
1981 7922
1982 3963
1983 7930
1984 3967
1985 7938
1986 3971
1987 7946
1988 3975
1989 7954
1990 3979
1991 7962
1992 3983
1993 7970
1994 3987
1995 7978
1996 3991
1997 7986
1998 3995
1999 7994
2000 3999
2001 8002
2002 4003
2003 8010
2004 4007
2005 8018
2006 4011
2007 8026
2008 4015
2009 8034
2010 4019
2011 8042
2012 4023
2013 8050
2014 4027
2015 8058
2016 4031
2017 8066
2018 4035
2019 8074
2020 4039
2021 8082
2022 4043
2023 8090
2024 4047
2025 8098
2026 4051
2027 8106
2028 4055
2029 8114
2030 4059
2031 8122
2032 4063
2033 8130
2034 4067
2035 8138
2036 4071
2037 8146
2038 4075
2039 8154
2040 4079
2041 8162
2042 4083
2043 8170
2044 4087
2045 8178
2046 4091
2047 8186
2048 4095
2049 8194
2050 4099
2051 8202
2052 4103
2053 8210
2054 4107
2055 8218
2056 4111
2057 8226
2058 4115
2059 8234
2060 4119
2061 8242
2062 4123
2063 8250
2064 4127
2065 8258
2066 4131
2067 8266
2068 4135
2069 8274
2070 4139
2071 8282
2072 4143
2073 8290
2074 4147
2075 8298
2076 4151
2077 8306
2078 4155
2079 8314
2080 4159
2081 8322
2082 4163
2083 8330
2084 4167
2085 8338
2086 4171
2087 8346
2088 4175
2089 8354
2090 4179
2091 8362
2092 4183
2093 8370
2094 4187
2095 8378
2096 4191
2097 8386
2098 4195
2099 8394
2100 4199
2101 8402
2102 4203
2103 8410
2104 4207
2105 8418
2106 4211
2107 8426
2108 4215
2109 8434
2110 4219
2111 8442
2112 4223
2113 8450
2114 4227
2115 8458
2116 4231
2117 8466
2118 4235
2119 8474
2120 4239
2121 8482
2122 4243
2123 8490
2124 4247
2125 8498
2126 4251
2127 8506
2128 4255
2129 8514
2130 4259
2131 8522
2132 4263
2133 8530
2134 4267
2135 8538
2136 4271
2137 8546
2138 4275
2139 8554
2140 4279
2141 8562
2142 4283
2143 8570
2144 4287
2145 8578
2146 4291
2147 8586
2148 4295
2149 8594
2150 4299
2151 8602
2152 4303
2153 8610
2154 4307
2155 8618
2156 4311
2157 8626
2158 4315
2159 8634
2160 4319
2161 8642
2162 4323
2163 8650
2164 4327
2165 8658
2166 4331
2167 8666
2168 4335
2169 8674
2170 4339
2171 8682
2172 4343
2173 8690
2174 4347
2175 8698
2176 4351
2177 8706
2178 4355
2179 8714
2180 4359
2181 8722
2182 4363
2183 8730
2184 4367
2185 8738
2186 4371
2187 8746
2188 4375
2189 8754
2190 4379
2191 8762
2192 4383
2193 8770
2194 4387
2195 8778
2196 4391
2197 8786
2198 4395
2199 8794
2200 4399
2201 8802
2202 4403
2203 8810
2204 4407
2205 8818
2206 4411
2207 8826
2208 4415
2209 8834
2210 4419
2211 8842
2212 4423
2213 8850
2214 4427
2215 8858
2216 4431
2217 8866
2218 4435
2219 8874
2220 4439
2221 8882
2222 4443
2223 8890
2224 4447
2225 8898
2226 4451
2227 8906
2228 4455
2229 8914
2230 4459
2231 8922
2232 4463
2233 8930
2234 4467
2235 8938
2236 4471
2237 8946
2238 4475
2239 8954
2240 4479
2241 8962
2242 4483
2243 8970
2244 4487
2245 8978
2246 4491
2247 8986
2248 4495
2249 8994
2250 4499
2251 9002
2252 4503
2253 9010
2254 4507
2255 9018
2256 4511
2257 9026
2258 4515
2259 9034
2260 4519
2261 9042
2262 4523
2263 9050
2264 4527
2265 9058
2266 4531
2267 9066
2268 4535
2269 9074
2270 4539
2271 9082
2272 4543
2273 9090
2274 4547
2275 9098
2276 4551
2277 9106
2278 4555
2279 9114
2280 4559
2281 9122
2282 4563
2283 9130
2284 4567
2285 9138
2286 4571
2287 9146
2288 4575
2289 9154
2290 4579
2291 9162
2292 4583
2293 9170
2294 4587
2295 9178
2296 4591
2297 9186
2298 4595
2299 9194
2300 4599
2301 9202
2302 4603
2303 9210
2304 4607
2305 9218
2306 4611
2307 9226
2308 4615
2309 9234
2310 4619
2311 9242
2312 4623
2313 9250
2314 4627
2315 9258
2316 4631
2317 9266
2318 4635
2319 9274
2320 4639
2321 9282
2322 4643
2323 9290
2324 4647
2325 9298
2326 4651
2327 9306
2328 4655
2329 9314
2330 4659
2331 9322
2332 4663
2333 9330
2334 4667
2335 9338
2336 4671
2337 9346
2338 4675
2339 9354
2340 4679
2341 9362
2342 4683
2343 9370
2344 4687
2345 9378
2346 4691
2347 9386
2348 4695
2349 9394
2350 4699
2351 9402
2352 4703
2353 9410
2354 4707
2355 9418
2356 4711
2357 9426
2358 4715
2359 9434
2360 4719
2361 9442
2362 4723
2363 9450
2364 4727
2365 9458
2366 4731
2367 9466
2368 4735
2369 9474
2370 4739
2371 9482
2372 4743
2373 9490
2374 4747
2375 9498
2376 4751
2377 9506
2378 4755
2379 9514
2380 4759
2381 9522
2382 4763
2383 9530
2384 4767
2385 9538
2386 4771
2387 9546
2388 4775
2389 9554
2390 4779
2391 9562
2392 4783
2393 9570
2394 4787
2395 9578
2396 4791
2397 9586
2398 4795
2399 9594
2400 4799
2401 9602
2402 4803
2403 9610
2404 4807
2405 9618
2406 4811
2407 9626
2408 4815
2409 9634
2410 4819
2411 9642
2412 4823
2413 9650
2414 4827
2415 9658
2416 4831
2417 9666
2418 4835
2419 9674
2420 4839
2421 9682
2422 4843
2423 9690
2424 4847
2425 9698
2426 4851
2427 9706
2428 4855
2429 9714
2430 4859
2431 9722
2432 4863
2433 9730
2434 4867
2435 9738
2436 4871
2437 9746
2438 4875
2439 9754
2440 4879
2441 9762
2442 4883
2443 9770
2444 4887
2445 9778
2446 4891
2447 9786
2448 4895
2449 9794
2450 4899
2451 9802
2452 4903
2453 9810
2454 4907
2455 9818
2456 4911
2457 9826
2458 4915
2459 9834
2460 4919
2461 9842
2462 4923
2463 9850
2464 4927
2465 9858
2466 4931
2467 9866
2468 4935
2469 9874
2470 4939
2471 9882
2472 4943
2473 9890
2474 4947
2475 9898
2476 4951
2477 9906
2478 4955
2479 9914
2480 4959
2481 9922
2482 4963
2483 9930
2484 4967
2485 9938
2486 4971
2487 9946
2488 4975
2489 9954
2490 4979
2491 9962
2492 4983
2493 9970
2494 4987
2495 9978
2496 4991
2497 9986
2498 4995
2499 9994
2500 4999
2501 10002
2502 5003
2503 10010
2504 5007
2505 10018
2506 5011
2507 10026
2508 5015
2509 10034
2510 5019
2511 10042
2512 5023
2513 10050
2514 5027
2515 10058
2516 5031
2517 10066
2518 5035
2519 10074
2520 5039
2521 10082
2522 5043
2523 10090
2524 5047
2525 10098
2526 5051
2527 10106
2528 5055
2529 10114
2530 5059
2531 10122
2532 5063
2533 10130
2534 5067
2535 10138
2536 5071
2537 10146
2538 5075
2539 10154
2540 5079
2541 10162
2542 5083
2543 10170
2544 5087
2545 10178
2546 5091
2547 10186
2548 5095
2549 10194
2550 5099
2551 10202
2552 5103
2553 10210
2554 5107
2555 10218
2556 5111
2557 10226
2558 5115
2559 10234
2560 5119
2561 10242
2562 5123
2563 10250
2564 5127
2565 10258
2566 5131
2567 10266
2568 5135
2569 10274
2570 5139
2571 10282
2572 5143
2573 10290
2574 5147
2575 10298
2576 5151
2577 10306
2578 5155
2579 10314
2580 5159
2581 10322
2582 5163
2583 10330
2584 5167
2585 10338
2586 5171
2587 10346
2588 5175
2589 10354
2590 5179
2591 10362
2592 5183
2593 10370
2594 5187
2595 10378
2596 5191
2597 10386
2598 5195
2599 10394
2600 5199
2601 10402
2602 5203
2603 10410
2604 5207
2605 10418
2606 5211
2607 10426
2608 5215
2609 10434
2610 5219
2611 10442
2612 5223
2613 10450
2614 5227
2615 10458
2616 5231
2617 10466
2618 5235
2619 10474
2620 5239
2621 10482
2622 5243
2623 10490
2624 5247
2625 10498
2626 5251
2627 10506
2628 5255
2629 10514
2630 5259
2631 10522
2632 5263
2633 10530
2634 5267
2635 10538
2636 5271
2637 10546
2638 5275
2639 10554
2640 5279
2641 10562
2642 5283
2643 10570
2644 5287
2645 10578
2646 5291
2647 10586
2648 5295
2649 10594
2650 5299
2651 10602
2652 5303
2653 10610
2654 5307
2655 10618
2656 5311
2657 10626
2658 5315
2659 10634
2660 5319
2661 10642
2662 5323
2663 10650
2664 5327
2665 10658
2666 5331
2667 10666
2668 5335
2669 10674
2670 5339
2671 10682
2672 5343
2673 10690
2674 5347
2675 10698
2676 5351
2677 10706
2678 5355
2679 10714
2680 5359
2681 10722
2682 5363
2683 10730
2684 5367
2685 10738
2686 5371
2687 10746
2688 5375
2689 10754
2690 5379
2691 10762
2692 5383
2693 10770
2694 5387
2695 10778
2696 5391
2697 10786
2698 5395
2699 10794
2700 5399
2701 10802
2702 5403
2703 10810
2704 5407
2705 10818
2706 5411
2707 10826
2708 5415
2709 10834
2710 5419
2711 10842
2712 5423
2713 10850
2714 5427
2715 10858
2716 5431
2717 10866
2718 5435
2719 10874
2720 5439
2721 10882
2722 5443
2723 10890
2724 5447
2725 10898
2726 5451
2727 10906
2728 5455
2729 10914
2730 5459
2731 10922
2732 5463
2733 10930
2734 5467
2735 10938
2736 5471
2737 10946
2738 5475
2739 10954
2740 5479
2741 10962
2742 5483
2743 10970
2744 5487
2745 10978
2746 5491
2747 10986
2748 5495
2749 10994
2750 5499
2751 11002
2752 5503
2753 11010
2754 5507
2755 11018
2756 5511
2757 11026
2758 5515
2759 11034
2760 5519
2761 11042
2762 5523
2763 11050
2764 5527
2765 11058
2766 5531
2767 11066
2768 5535
2769 11074
2770 5539
2771 11082
2772 5543
2773 11090
2774 5547
2775 11098
2776 5551
2777 11106
2778 5555
2779 11114
2780 5559
2781 11122
2782 5563
2783 11130
2784 5567
2785 11138
2786 5571
2787 11146
2788 5575
2789 11154
2790 5579
2791 11162
2792 5583
2793 11170
2794 5587
2795 11178
2796 5591
2797 11186
2798 5595
2799 11194
2800 5599
2801 11202
2802 5603
2803 11210
2804 5607
2805 11218
2806 5611
2807 11226
2808 5615
2809 11234
2810 5619
2811 11242
2812 5623
2813 11250
2814 5627
2815 11258
2816 5631
2817 11266
2818 5635
2819 11274
2820 5639
2821 11282
2822 5643
2823 11290
2824 5647
2825 11298
2826 5651
2827 11306
2828 5655
2829 11314
2830 5659
2831 11322
2832 5663
2833 11330
2834 5667
2835 11338
2836 5671
2837 11346
2838 5675
2839 11354
2840 5679
2841 11362
2842 5683
2843 11370
2844 5687
2845 11378
2846 5691
2847 11386
2848 5695
2849 11394
2850 5699
2851 11402
2852 5703
2853 11410
2854 5707
2855 11418
2856 5711
2857 11426
2858 5715
2859 11434
2860 5719
2861 11442
2862 5723
2863 11450
2864 5727
2865 11458
2866 5731
2867 11466
2868 5735
2869 11474
2870 5739
2871 11482
2872 5743
2873 11490
2874 5747
2875 11498
2876 5751
2877 11506
2878 5755
2879 11514
2880 5759
2881 11522
2882 5763
2883 11530
2884 5767
2885 11538
2886 5771
2887 11546
2888 5775
2889 11554
2890 5779
2891 11562
2892 5783
2893 11570
2894 5787
2895 11578
2896 5791
2897 11586
2898 5795
2899 11594
2900 5799
2901 11602
2902 5803
2903 11610
2904 5807
2905 11618
2906 5811
2907 11626
2908 5815
2909 11634
2910 5819
2911 11642
2912 5823
2913 11650
2914 5827
2915 11658
2916 5831
2917 11666
2918 5835
2919 11674
2920 5839
2921 11682
2922 5843
2923 11690
2924 5847
2925 11698
2926 5851
2927 11706
2928 5855
2929 11714
2930 5859
2931 11722
2932 5863
2933 11730
2934 5867
2935 11738
2936 5871
2937 11746
2938 5875
2939 11754
2940 5879
2941 11762
2942 5883
2943 11770
2944 5887
2945 11778
2946 5891
2947 11786
2948 5895
2949 11794
2950 5899
2951 11802
2952 5903
2953 11810
2954 5907
2955 11818
2956 5911
2957 11826
2958 5915
2959 11834
2960 5919
2961 11842
2962 5923
2963 11850
2964 5927
2965 11858
2966 5931
2967 11866
2968 5935
2969 11874
2970 5939
2971 11882
2972 5943
2973 11890
2974 5947
2975 11898
2976 5951
2977 11906
2978 5955
2979 11914
2980 5959
2981 11922
2982 5963
2983 11930
2984 5967
2985 11938
2986 5971
2987 11946
2988 5975
2989 11954
2990 5979
2991 11962
2992 5983
2993 11970
2994 5987
2995 11978
2996 5991
2997 11986
2998 5995
2999 11994
3000 5999
3001 12002
3002 6003
3003 12010
3004 6007
3005 12018
3006 6011
3007 12026
3008 6015
3009 12034
3010 6019
3011 12042
3012 6023
3013 12050
3014 6027
3015 12058
3016 6031
3017 12066
3018 6035
3019 12074
3020 6039
3021 12082
3022 6043
3023 12090
3024 6047
3025 12098
3026 6051
3027 12106
3028 6055
3029 12114
3030 6059
3031 12122
3032 6063
3033 12130
3034 6067
3035 12138
3036 6071
3037 12146
3038 6075
3039 12154
3040 6079
3041 12162
3042 6083
3043 12170
3044 6087
3045 12178
3046 6091
3047 12186
3048 6095
3049 12194
3050 6099
3051 12202
3052 6103
3053 12210
3054 6107
3055 12218
3056 6111
3057 12226
3058 6115
3059 12234
3060 6119
3061 12242
3062 6123
3063 12250
3064 6127
3065 12258
3066 6131
3067 12266
3068 6135
3069 12274
3070 6139
3071 12282
3072 6143
3073 12290
3074 6147
3075 12298
3076 6151
3077 12306
3078 6155
3079 12314
3080 6159
3081 12322
3082 6163
3083 12330
3084 6167
3085 12338
3086 6171
3087 12346
3088 6175
3089 12354
3090 6179
3091 12362
3092 6183
3093 12370
3094 6187
3095 12378
3096 6191
3097 12386
3098 6195
3099 12394
3100 6199
3101 12402
3102 6203
3103 12410
3104 6207
3105 12418
3106 6211
3107 12426
3108 6215
3109 12434
3110 6219
3111 12442
3112 6223
3113 12450
3114 6227
3115 12458
3116 6231
3117 12466
3118 6235
3119 12474
3120 6239
3121 12482
3122 6243
3123 12490
3124 6247
3125 12498
3126 6251
3127 12506
3128 6255
3129 12514
3130 6259
3131 12522
3132 6263
3133 12530
3134 6267
3135 12538
3136 6271
3137 12546
3138 6275
3139 12554
3140 6279
3141 12562
3142 6283
3143 12570
3144 6287
3145 12578
3146 6291
3147 12586
3148 6295
3149 12594
3150 6299
3151 12602
3152 6303
3153 12610
3154 6307
3155 12618
3156 6311
3157 12626
3158 6315
3159 12634
3160 6319
3161 12642
3162 6323
3163 12650
3164 6327
3165 12658
3166 6331
3167 12666
3168 6335
3169 12674
3170 6339
3171 12682
3172 6343
3173 12690
3174 6347
3175 12698
3176 6351
3177 12706
3178 6355
3179 12714
3180 6359
3181 12722
3182 6363
3183 12730
3184 6367
3185 12738
3186 6371
3187 12746
3188 6375
3189 12754
3190 6379
3191 12762
3192 6383
3193 12770
3194 6387
3195 12778
3196 6391
3197 12786
3198 6395
3199 12794
3200 6399
3201 12802
3202 6403
3203 12810
3204 6407
3205 12818
3206 6411
3207 12826
3208 6415
3209 12834
3210 6419
3211 12842
3212 6423
3213 12850
3214 6427
3215 12858
3216 6431
3217 12866
3218 6435
3219 12874
3220 6439
3221 12882
3222 6443
3223 12890
3224 6447
3225 12898
3226 6451
3227 12906
3228 6455
3229 12914
3230 6459
3231 12922
3232 6463
3233 12930
3234 6467
3235 12938
3236 6471
3237 12946
3238 6475
3239 12954
3240 6479
3241 12962
3242 6483
3243 12970
3244 6487
3245 12978
3246 6491
3247 12986
3248 6495
3249 12994
3250 6499
3251 13002
3252 6503
3253 13010
3254 6507
3255 13018
3256 6511
3257 13026
3258 6515
3259 13034
3260 6519
3261 13042
3262 6523
3263 13050
3264 6527
3265 13058
3266 6531
3267 13066
3268 6535
3269 13074
3270 6539
3271 13082
3272 6543
3273 13090
3274 6547
3275 13098
3276 6551
3277 13106
3278 6555
3279 13114
3280 6559
3281 13122
3282 6563
3283 13130
3284 6567
3285 13138
3286 6571
3287 13146
3288 6575
3289 13154
3290 6579
3291 13162
3292 6583
3293 13170
3294 6587
3295 13178
3296 6591
3297 13186
3298 6595
3299 13194
3300 6599
3301 13202
3302 6603
3303 13210
3304 6607
3305 13218
3306 6611
3307 13226
3308 6615
3309 13234
3310 6619
3311 13242
3312 6623
3313 13250
3314 6627
3315 13258
3316 6631
3317 13266
3318 6635
3319 13274
3320 6639
3321 13282
3322 6643
3323 13290
3324 6647
3325 13298
3326 6651
3327 13306
3328 6655
3329 13314
3330 6659
3331 13322
3332 6663
3333 13330
3334 6667
3335 13338
3336 6671
3337 13346
3338 6675
3339 13354
3340 6679
3341 13362
3342 6683
3343 13370
3344 6687
3345 13378
3346 6691
3347 13386
3348 6695
3349 13394
3350 6699
3351 13402
3352 6703
3353 13410
3354 6707
3355 13418
3356 6711
3357 13426
3358 6715
3359 13434
3360 6719
3361 13442
3362 6723
3363 13450
3364 6727
3365 13458
3366 6731
3367 13466
3368 6735
3369 13474
3370 6739
3371 13482
3372 6743
3373 13490
3374 6747
3375 13498
3376 6751
3377 13506
3378 6755
3379 13514
3380 6759
3381 13522
3382 6763
3383 13530
3384 6767
3385 13538
3386 6771
3387 13546
3388 6775
3389 13554
3390 6779
3391 13562
3392 6783
3393 13570
3394 6787
3395 13578
3396 6791
3397 13586
3398 6795
3399 13594
3400 6799
3401 13602
3402 6803
3403 13610
3404 6807
3405 13618
3406 6811
3407 13626
3408 6815
3409 13634
3410 6819
3411 13642
3412 6823
3413 13650
3414 6827
3415 13658
3416 6831
3417 13666
3418 6835
3419 13674
3420 6839
3421 13682
3422 6843
3423 13690
3424 6847
3425 13698
3426 6851
3427 13706
3428 6855
3429 13714
3430 6859
3431 13722
3432 6863
3433 13730
3434 6867
3435 13738
3436 6871
3437 13746
3438 6875
3439 13754
3440 6879
3441 13762
3442 6883
3443 13770
3444 6887
3445 13778
3446 6891
3447 13786
3448 6895
3449 13794
3450 6899
3451 13802
3452 6903
3453 13810
3454 6907
3455 13818
3456 6911
3457 13826
3458 6915
3459 13834
3460 6919
3461 13842
3462 6923
3463 13850
3464 6927
3465 13858
3466 6931
3467 13866
3468 6935
3469 13874
3470 6939
3471 13882
3472 6943
3473 13890
3474 6947
3475 13898
3476 6951
3477 13906
3478 6955
3479 13914
3480 6959
3481 13922
3482 6963
3483 13930
3484 6967
3485 13938
3486 6971
3487 13946
3488 6975
3489 13954
3490 6979
3491 13962
3492 6983
3493 13970
3494 6987
3495 13978
3496 6991
3497 13986
3498 6995
3499 13994
3500 6999
3501 14002
3502 7003
3503 14010
3504 7007
3505 14018
3506 7011
3507 14026
3508 7015
3509 14034
3510 7019
3511 14042
3512 7023
3513 14050
3514 7027
3515 14058
3516 7031
3517 14066
3518 7035
3519 14074
3520 7039
3521 14082
3522 7043
3523 14090
3524 7047
3525 14098
3526 7051
3527 14106
3528 7055
3529 14114
3530 7059
3531 14122
3532 7063
3533 14130
3534 7067
3535 14138
3536 7071
3537 14146
3538 7075
3539 14154
3540 7079
3541 14162
3542 7083
3543 14170
3544 7087
3545 14178
3546 7091
3547 14186
3548 7095
3549 14194
3550 7099
3551 14202
3552 7103
3553 14210
3554 7107
3555 14218
3556 7111
3557 14226
3558 7115
3559 14234
3560 7119
3561 14242
3562 7123
3563 14250
3564 7127
3565 14258
3566 7131
3567 14266
3568 7135
3569 14274
3570 7139
3571 14282
3572 7143
3573 14290
3574 7147
3575 14298
3576 7151
3577 14306
3578 7155
3579 14314
3580 7159
3581 14322
3582 7163
3583 14330
3584 7167
3585 14338
3586 7171
3587 14346
3588 7175
3589 14354
3590 7179
3591 14362
3592 7183
3593 14370
3594 7187
3595 14378
3596 7191
3597 14386
3598 7195
3599 14394
3600 7199
3601 14402
3602 7203
3603 14410
3604 7207
3605 14418
3606 7211
3607 14426
3608 7215
3609 14434
3610 7219
3611 14442
3612 7223
3613 14450
3614 7227
3615 14458
3616 7231
3617 14466
3618 7235
3619 14474
3620 7239
3621 14482
3622 7243
3623 14490
3624 7247
3625 14498
3626 7251
3627 14506
3628 7255
3629 14514
3630 7259
3631 14522
3632 7263
3633 14530
3634 7267
3635 14538
3636 7271
3637 14546
3638 7275
3639 14554
3640 7279
3641 14562
3642 7283
3643 14570
3644 7287
3645 14578
3646 7291
3647 14586
3648 7295
3649 14594
3650 7299
3651 14602
3652 7303
3653 14610
3654 7307
3655 14618
3656 7311
3657 14626
3658 7315
3659 14634
3660 7319
3661 14642
3662 7323
3663 14650
3664 7327
3665 14658
3666 7331
3667 14666
3668 7335
3669 14674
3670 7339
3671 14682
3672 7343
3673 14690
3674 7347
3675 14698
3676 7351
3677 14706
3678 7355
3679 14714
3680 7359
3681 14722
3682 7363
3683 14730
3684 7367
3685 14738
3686 7371
3687 14746
3688 7375
3689 14754
3690 7379
3691 14762
3692 7383
3693 14770
3694 7387
3695 14778
3696 7391
3697 14786
3698 7395
3699 14794
3700 7399
3701 14802
3702 7403
3703 14810
3704 7407
3705 14818
3706 7411
3707 14826
3708 7415
3709 14834
3710 7419
3711 14842
3712 7423
3713 14850
3714 7427
3715 14858
3716 7431
3717 14866
3718 7435
3719 14874
3720 7439
3721 14882
3722 7443
3723 14890
3724 7447
3725 14898
3726 7451
3727 14906
3728 7455
3729 14914
3730 7459
3731 14922
3732 7463
3733 14930
3734 7467
3735 14938
3736 7471
3737 14946
3738 7475
3739 14954
3740 7479
3741 14962
3742 7483
3743 14970
3744 7487
3745 14978
3746 7491
3747 14986
3748 7495
3749 14994
3750 7499
3751 15002
3752 7503
3753 15010
3754 7507
3755 15018
3756 7511
3757 15026
3758 7515
3759 15034
3760 7519
3761 15042
3762 7523
3763 15050
3764 7527
3765 15058
3766 7531
3767 15066
3768 7535
3769 15074
3770 7539
3771 15082
3772 7543
3773 15090
3774 7547
3775 15098
3776 7551
3777 15106
3778 7555
3779 15114
3780 7559
3781 15122
3782 7563
3783 15130
3784 7567
3785 15138
3786 7571
3787 15146
3788 7575
3789 15154
3790 7579
3791 15162
3792 7583
3793 15170
3794 7587
3795 15178
3796 7591
3797 15186
3798 7595
3799 15194
3800 7599
3801 15202
3802 7603
3803 15210
3804 7607
3805 15218
3806 7611
3807 15226
3808 7615
3809 15234
3810 7619
3811 15242
3812 7623
3813 15250
3814 7627
3815 15258
3816 7631
3817 15266
3818 7635
3819 15274
3820 7639
3821 15282
3822 7643
3823 15290
3824 7647
3825 15298
3826 7651
3827 15306
3828 7655
3829 15314
3830 7659
3831 15322
3832 7663
3833 15330
3834 7667
3835 15338
3836 7671
3837 15346
3838 7675
3839 15354
3840 7679
3841 15362
3842 7683
3843 15370
3844 7687
3845 15378
3846 7691
3847 15386
3848 7695
3849 15394
3850 7699
3851 15402
3852 7703
3853 15410
3854 7707
3855 15418
3856 7711
3857 15426
3858 7715
3859 15434
3860 7719
3861 15442
3862 7723
3863 15450
3864 7727
3865 15458
3866 7731
3867 15466
3868 7735
3869 15474
3870 7739
3871 15482
3872 7743
3873 15490
3874 7747
3875 15498
3876 7751
3877 15506
3878 7755
3879 15514
3880 7759
3881 15522
3882 7763
3883 15530
3884 7767
3885 15538
3886 7771
3887 15546
3888 7775
3889 15554
3890 7779
3891 15562
3892 7783
3893 15570
3894 7787
3895 15578
3896 7791
3897 15586
3898 7795
3899 15594
3900 7799
3901 15602
3902 7803
3903 15610
3904 7807
3905 15618
3906 7811
3907 15626
3908 7815
3909 15634
3910 7819
3911 15642
3912 7823
3913 15650
3914 7827
3915 15658
3916 7831
3917 15666
3918 7835
3919 15674
3920 7839
3921 15682
3922 7843
3923 15690
3924 7847
3925 15698
3926 7851
3927 15706
3928 7855
3929 15714
3930 7859
3931 15722
3932 7863
3933 15730
3934 7867
3935 15738
3936 7871
3937 15746
3938 7875
3939 15754
3940 7879
3941 15762
3942 7883
3943 15770
3944 7887
3945 15778
3946 7891
3947 15786
3948 7895
3949 15794
3950 7899
3951 15802
3952 7903
3953 15810
3954 7907
3955 15818
3956 7911
3957 15826
3958 7915
3959 15834
3960 7919
3961 15842
3962 7923
3963 15850
3964 7927
3965 15858
3966 7931
3967 15866
3968 7935
3969 15874
3970 7939
3971 15882
3972 7943
3973 15890
3974 7947
3975 15898
3976 7951
3977 15906
3978 7955
3979 15914
3980 7959
3981 15922
3982 7963
3983 15930
3984 7967
3985 15938
3986 7971
3987 15946
3988 7975
3989 15954
3990 7979
3991 15962
3992 7983
3993 15970
3994 7987
3995 15978
3996 7991
3997 15986
3998 7995
3999 15994
4000 7999
4001 16002
4002 8003
4003 16010
4004 8007
4005 16018
4006 8011
4007 16026
4008 8015
4009 16034
4010 8019
4011 16042
4012 8023
4013 16050
4014 8027
4015 16058
4016 8031
4017 16066
4018 8035
4019 16074
4020 8039
4021 16082
4022 8043
4023 16090
4024 8047
4025 16098
4026 8051
4027 16106
4028 8055
4029 16114
4030 8059
4031 16122
4032 8063
4033 16130
4034 8067
4035 16138
4036 8071
4037 16146
4038 8075
4039 16154
4040 8079
4041 16162
4042 8083
4043 16170
4044 8087
4045 16178
4046 8091
4047 16186
4048 8095
4049 16194
4050 8099
4051 16202
4052 8103
4053 16210
4054 8107
4055 16218
4056 8111
4057 16226
4058 8115
4059 16234
4060 8119
4061 16242
4062 8123
4063 16250
4064 8127
4065 16258
4066 8131
4067 16266
4068 8135
4069 16274
4070 8139
4071 16282
4072 8143
4073 16290
4074 8147
4075 16298
4076 8151
4077 16306
4078 8155
4079 16314
4080 8159
4081 16322
4082 8163
4083 16330
4084 8167
4085 16338
4086 8171
4087 16346
4088 8175
4089 16354
4090 8179
4091 16362
4092 8183
4093 16370
4094 8187
4095 16378
4096 8191
4097 16386
4098 8195
4099 16394
4100 8199
4101 16402
4102 8203
4103 16410
4104 8207
4105 16418
4106 8211
4107 16426
4108 8215
4109 16434
4110 8219
4111 16442
4112 8223
4113 16450
4114 8227
4115 16458
4116 8231
4117 16466
4118 8235
4119 16474
4120 8239
4121 16482
4122 8243
4123 16490
4124 8247
4125 16498
4126 8251
4127 16506
4128 8255
4129 16514
4130 8259
4131 16522
4132 8263
4133 16530
4134 8267
4135 16538
4136 8271
4137 16546
4138 8275
4139 16554
4140 8279
4141 16562
4142 8283
4143 16570
4144 8287
4145 16578
4146 8291
4147 16586
4148 8295
4149 16594
4150 8299
4151 16602
4152 8303
4153 16610
4154 8307
4155 16618
4156 8311
4157 16626
4158 8315
4159 16634
4160 8319
4161 16642
4162 8323
4163 16650
4164 8327
4165 16658
4166 8331
4167 16666
4168 8335
4169 16674
4170 8339
4171 16682
4172 8343
4173 16690
4174 8347
4175 16698
4176 8351
4177 16706
4178 8355
4179 16714
4180 8359
4181 16722
4182 8363
4183 16730
4184 8367
4185 16738
4186 8371
4187 16746
4188 8375
4189 16754
4190 8379
4191 16762
4192 8383
4193 16770
4194 8387
4195 16778
4196 8391
4197 16786
4198 8395
4199 16794
4200 8399
4201 16802
4202 8403
4203 16810
4204 8407
4205 16818
4206 8411
4207 16826
4208 8415
4209 16834
4210 8419
4211 16842
4212 8423
4213 16850
4214 8427
4215 16858
4216 8431
4217 16866
4218 8435
4219 16874
4220 8439
4221 16882
4222 8443
4223 16890
4224 8447
4225 16898
4226 8451
4227 16906
4228 8455
4229 16914
4230 8459
4231 16922
4232 8463
4233 16930
4234 8467
4235 16938
4236 8471
4237 16946
4238 8475
4239 16954
4240 8479
4241 16962
4242 8483
4243 16970
4244 8487
4245 16978
4246 8491
4247 16986
4248 8495
4249 16994
4250 8499
4251 17002
4252 8503
4253 17010
4254 8507
4255 17018
4256 8511
4257 17026
4258 8515
4259 17034
4260 8519
4261 17042
4262 8523
4263 17050
4264 8527
4265 17058
4266 8531
4267 17066
4268 8535
4269 17074
4270 8539
4271 17082
4272 8543
4273 17090
4274 8547
4275 17098
4276 8551
4277 17106
4278 8555
4279 17114
4280 8559
4281 17122
4282 8563
4283 17130
4284 8567
4285 17138
4286 8571
4287 17146
4288 8575
4289 17154
4290 8579
4291 17162
4292 8583
4293 17170
4294 8587
4295 17178
4296 8591
4297 17186
4298 8595
4299 17194
4300 8599
4301 17202
4302 8603
4303 17210
4304 8607
4305 17218
4306 8611
4307 17226
4308 8615
4309 17234
4310 8619
4311 17242
4312 8623
4313 17250
4314 8627
4315 17258
4316 8631
4317 17266
4318 8635
4319 17274
4320 8639
4321 17282
4322 8643
4323 17290
4324 8647
4325 17298
4326 8651
4327 17306
4328 8655
4329 17314
4330 8659
4331 17322
4332 8663
4333 17330
4334 8667
4335 17338
4336 8671
4337 17346
4338 8675
4339 17354
4340 8679
4341 17362
4342 8683
4343 17370
4344 8687
4345 17378
4346 8691
4347 17386
4348 8695
4349 17394
4350 8699
4351 17402
4352 8703
4353 17410
4354 8707
4355 17418
4356 8711
4357 17426
4358 8715
4359 17434
4360 8719
4361 17442
4362 8723
4363 17450
4364 8727
4365 17458
4366 8731
4367 17466
4368 8735
4369 17474
4370 8739
4371 17482
4372 8743
4373 17490
4374 8747
4375 17498
4376 8751
4377 17506
4378 8755
4379 17514
4380 8759
4381 17522
4382 8763
4383 17530
4384 8767
4385 17538
4386 8771
4387 17546
4388 8775
4389 17554
4390 8779
4391 17562
4392 8783
4393 17570
4394 8787
4395 17578
4396 8791
4397 17586
4398 8795
4399 17594
4400 8799
4401 17602
4402 8803
4403 17610
4404 8807
4405 17618
4406 8811
4407 17626
4408 8815
4409 17634
4410 8819
4411 17642
4412 8823
4413 17650
4414 8827
4415 17658
4416 8831
4417 17666
4418 8835
4419 17674
4420 8839
4421 17682
4422 8843
4423 17690
4424 8847
4425 17698
4426 8851
4427 17706
4428 8855
4429 17714
4430 8859
4431 17722
4432 8863
4433 17730
4434 8867
4435 17738
4436 8871
4437 17746
4438 8875
4439 17754
4440 8879
4441 17762
4442 8883
4443 17770
4444 8887
4445 17778
4446 8891
4447 17786
4448 8895
4449 17794
4450 8899
4451 17802
4452 8903
4453 17810
4454 8907
4455 17818
4456 8911
4457 17826
4458 8915
4459 17834
4460 8919
4461 17842
4462 8923
4463 17850
4464 8927
4465 17858
4466 8931
4467 17866
4468 8935
4469 17874
4470 8939
4471 17882
4472 8943
4473 17890
4474 8947
4475 17898
4476 8951
4477 17906
4478 8955
4479 17914
4480 8959
4481 17922
4482 8963
4483 17930
4484 8967
4485 17938
4486 8971
4487 17946
4488 8975
4489 17954
4490 8979
4491 17962
4492 8983
4493 17970
4494 8987
4495 17978
4496 8991
4497 17986
4498 8995
4499 17994
4500 8999
4501 18002
4502 9003
4503 18010
4504 9007
4505 18018
4506 9011
4507 18026
4508 9015
4509 18034
4510 9019
4511 18042
4512 9023
4513 18050
4514 9027
4515 18058
4516 9031
4517 18066
4518 9035
4519 18074
4520 9039
4521 18082
4522 9043
4523 18090
4524 9047
4525 18098
4526 9051
4527 18106
4528 9055
4529 18114
4530 9059
4531 18122
4532 9063
4533 18130
4534 9067
4535 18138
4536 9071
4537 18146
4538 9075
4539 18154
4540 9079
4541 18162
4542 9083
4543 18170
4544 9087
4545 18178
4546 9091
4547 18186
4548 9095
4549 18194
4550 9099
4551 18202
4552 9103
4553 18210
4554 9107
4555 18218
4556 9111
4557 18226
4558 9115
4559 18234
4560 9119
4561 18242
4562 9123
4563 18250
4564 9127
4565 18258
4566 9131
4567 18266
4568 9135
4569 18274
4570 9139
4571 18282
4572 9143
4573 18290
4574 9147
4575 18298
4576 9151
4577 18306
4578 9155
4579 18314
4580 9159
4581 18322
4582 9163
4583 18330
4584 9167
4585 18338
4586 9171
4587 18346
4588 9175
4589 18354
4590 9179
4591 18362
4592 9183
4593 18370
4594 9187
4595 18378
4596 9191
4597 18386
4598 9195
4599 18394
4600 9199
4601 18402
4602 9203
4603 18410
4604 9207
4605 18418
4606 9211
4607 18426
4608 9215
4609 18434
4610 9219
4611 18442
4612 9223
4613 18450
4614 9227
4615 18458
4616 9231
4617 18466
4618 9235
4619 18474
4620 9239
4621 18482
4622 9243
4623 18490
4624 9247
4625 18498
4626 9251
4627 18506
4628 9255
4629 18514
4630 9259
4631 18522
4632 9263
4633 18530
4634 9267
4635 18538
4636 9271
4637 18546
4638 9275
4639 18554
4640 9279
4641 18562
4642 9283
4643 18570
4644 9287
4645 18578
4646 9291
4647 18586
4648 9295
4649 18594
4650 9299
4651 18602
4652 9303
4653 18610
4654 9307
4655 18618
4656 9311
4657 18626
4658 9315
4659 18634
4660 9319
4661 18642
4662 9323
4663 18650
4664 9327
4665 18658
4666 9331
4667 18666
4668 9335
4669 18674
4670 9339
4671 18682
4672 9343
4673 18690
4674 9347
4675 18698
4676 9351
4677 18706
4678 9355
4679 18714
4680 9359
4681 18722
4682 9363
4683 18730
4684 9367
4685 18738
4686 9371
4687 18746
4688 9375
4689 18754
4690 9379
4691 18762
4692 9383
4693 18770
4694 9387
4695 18778
4696 9391
4697 18786
4698 9395
4699 18794
4700 9399
4701 18802
4702 9403
4703 18810
4704 9407
4705 18818
4706 9411
4707 18826
4708 9415
4709 18834
4710 9419
4711 18842
4712 9423
4713 18850
4714 9427
4715 18858
4716 9431
4717 18866
4718 9435
4719 18874
4720 9439
4721 18882
4722 9443
4723 18890
4724 9447
4725 18898
4726 9451
4727 18906
4728 9455
4729 18914
4730 9459
4731 18922
4732 9463
4733 18930
4734 9467
4735 18938
4736 9471
4737 18946
4738 9475
4739 18954
4740 9479
4741 18962
4742 9483
4743 18970
4744 9487
4745 18978
4746 9491
4747 18986
4748 9495
4749 18994
4750 9499
4751 19002
4752 9503
4753 19010
4754 9507
4755 19018
4756 9511
4757 19026
4758 9515
4759 19034
4760 9519
4761 19042
4762 9523
4763 19050
4764 9527
4765 19058
4766 9531
4767 19066
4768 9535
4769 19074
4770 9539
4771 19082
4772 9543
4773 19090
4774 9547
4775 19098
4776 9551
4777 19106
4778 9555
4779 19114
4780 9559
4781 19122
4782 9563
4783 19130
4784 9567
4785 19138
4786 9571
4787 19146
4788 9575
4789 19154
4790 9579
4791 19162
4792 9583
4793 19170
4794 9587
4795 19178
4796 9591
4797 19186
4798 9595
4799 19194
4800 9599
4801 19202
4802 9603
4803 19210
4804 9607
4805 19218
4806 9611
4807 19226
4808 9615
4809 19234
4810 9619
4811 19242
4812 9623
4813 19250
4814 9627
4815 19258
4816 9631
4817 19266
4818 9635
4819 19274
4820 9639
4821 19282
4822 9643
4823 19290
4824 9647
4825 19298
4826 9651
4827 19306
4828 9655
4829 19314
4830 9659
4831 19322
4832 9663
4833 19330
4834 9667
4835 19338
4836 9671
4837 19346
4838 9675
4839 19354
4840 9679
4841 19362
4842 9683
4843 19370
4844 9687
4845 19378
4846 9691
4847 19386
4848 9695
4849 19394
4850 9699
4851 19402
4852 9703
4853 19410
4854 9707
4855 19418
4856 9711
4857 19426
4858 9715
4859 19434
4860 9719
4861 19442
4862 9723
4863 19450
4864 9727
4865 19458
4866 9731
4867 19466
4868 9735
4869 19474
4870 9739
4871 19482
4872 9743
4873 19490
4874 9747
4875 19498
4876 9751
4877 19506
4878 9755
4879 19514
4880 9759
4881 19522
4882 9763
4883 19530
4884 9767
4885 19538
4886 9771
4887 19546
4888 9775
4889 19554
4890 9779
4891 19562
4892 9783
4893 19570
4894 9787
4895 19578
4896 9791
4897 19586
4898 9795
4899 19594
4900 9799
4901 19602
4902 9803
4903 19610
4904 9807
4905 19618
4906 9811
4907 19626
4908 9815
4909 19634
4910 9819
4911 19642
4912 9823
4913 19650
4914 9827
4915 19658
4916 9831
4917 19666
4918 9835
4919 19674
4920 9839
4921 19682
4922 9843
4923 19690
4924 9847
4925 19698
4926 9851
4927 19706
4928 9855
4929 19714
4930 9859
4931 19722
4932 9863
4933 19730
4934 9867
4935 19738
4936 9871
4937 19746
4938 9875
4939 19754
4940 9879
4941 19762
4942 9883
4943 19770
4944 9887
4945 19778
4946 9891
4947 19786
4948 9895
4949 19794
4950 9899
4951 19802
4952 9903
4953 19810
4954 9907
4955 19818
4956 9911
4957 19826
4958 9915
4959 19834
4960 9919
4961 19842
4962 9923
4963 19850
4964 9927
4965 19858
4966 9931
4967 19866
4968 9935
4969 19874
4970 9939
4971 19882
4972 9943
4973 19890
4974 9947
4975 19898
4976 9951
4977 19906
4978 9955
4979 19914
4980 9959
4981 19922
4982 9963
4983 19930
4984 9967
4985 19938
4986 9971
4987 19946
4988 9975
4989 19954
4990 9979
4991 19962
4992 9983
4993 19970
4994 9987
4995 19978
4996 9991
4997 19986
4998 9995
4999 19994
5000 9999
5001 20002
5002 10003
5003 20010
5004 10007
5005 20018
5006 10011
5007 20026
5008 10015
5009 20034
5010 10019
5011 20042
5012 10023
5013 20050
5014 10027
5015 20058
5016 10031
5017 20066
5018 10035
5019 20074
5020 10039
5021 20082
5022 10043
5023 20090
5024 10047
5025 20098
5026 10051
5027 20106
5028 10055
5029 20114
5030 10059
5031 20122
5032 10063
5033 20130
5034 10067
5035 20138
5036 10071
5037 20146
5038 10075
5039 20154
5040 10079
5041 20162
5042 10083
5043 20170
5044 10087
5045 20178
5046 10091
5047 20186
5048 10095
5049 20194
5050 10099
5051 20202
5052 10103
5053 20210
5054 10107
5055 20218
5056 10111
5057 20226
5058 10115
5059 20234
5060 10119
5061 20242
5062 10123
5063 20250
5064 10127
5065 20258
5066 10131
5067 20266
5068 10135
5069 20274
5070 10139
5071 20282
5072 10143
5073 20290
5074 10147
5075 20298
5076 10151
5077 20306
5078 10155
5079 20314
5080 10159
5081 20322
5082 10163
5083 20330
5084 10167
5085 20338
5086 10171
5087 20346
5088 10175
5089 20354
5090 10179
5091 20362
5092 10183
5093 20370
5094 10187
5095 20378
5096 10191
5097 20386
5098 10195
5099 20394
5100 10199
5101 20402
5102 10203
5103 20410
5104 10207
5105 20418
5106 10211
5107 20426
5108 10215
5109 20434
5110 10219
5111 20442
5112 10223
5113 20450
5114 10227
5115 20458
5116 10231
5117 20466
5118 10235
5119 20474
5120 10239
5121 20482
5122 10243
5123 20490
5124 10247
5125 20498
5126 10251
5127 20506
5128 10255
5129 20514
5130 10259
5131 20522
5132 10263
5133 20530
5134 10267
5135 20538
5136 10271
5137 20546
5138 10275
5139 20554
5140 10279
5141 20562
5142 10283
5143 20570
5144 10287
5145 20578
5146 10291
5147 20586
5148 10295
5149 20594
5150 10299
5151 20602
5152 10303
5153 20610
5154 10307
5155 20618
5156 10311
5157 20626
5158 10315
5159 20634
5160 10319
5161 20642
5162 10323
5163 20650
5164 10327
5165 20658
5166 10331
5167 20666
5168 10335
5169 20674
5170 10339
5171 20682
5172 10343
5173 20690
5174 10347
5175 20698
5176 10351
5177 20706
5178 10355
5179 20714
5180 10359
5181 20722
5182 10363
5183 20730
5184 10367
5185 20738
5186 10371
5187 20746
5188 10375
5189 20754
5190 10379
5191 20762
5192 10383
5193 20770
5194 10387
5195 20778
5196 10391
5197 20786
5198 10395
5199 20794
5200 10399
5201 20802
5202 10403
5203 20810
5204 10407
5205 20818
5206 10411
5207 20826
5208 10415
5209 20834
5210 10419
5211 20842
5212 10423
5213 20850
5214 10427
5215 20858
5216 10431
5217 20866
5218 10435
5219 20874
5220 10439
5221 20882
5222 10443
5223 20890
5224 10447
5225 20898
5226 10451
5227 20906
5228 10455
5229 20914
5230 10459
5231 20922
5232 10463
5233 20930
5234 10467
5235 20938
5236 10471
5237 20946
5238 10475
5239 20954
5240 10479
5241 20962
5242 10483
5243 20970
5244 10487
5245 20978
5246 10491
5247 20986
5248 10495
5249 20994
5250 10499
5251 21002
5252 10503
5253 21010
5254 10507
5255 21018
5256 10511
5257 21026
5258 10515
5259 21034
5260 10519
5261 21042
5262 10523
5263 21050
5264 10527
5265 21058
5266 10531
5267 21066
5268 10535
5269 21074
5270 10539
5271 21082
5272 10543
5273 21090
5274 10547
5275 21098
5276 10551
5277 21106
5278 10555
5279 21114
5280 10559
5281 21122
5282 10563
5283 21130
5284 10567
5285 21138
5286 10571
5287 21146
5288 10575
5289 21154
5290 10579
5291 21162
5292 10583
5293 21170
5294 10587
5295 21178
5296 10591
5297 21186
5298 10595
5299 21194
5300 10599
5301 21202
5302 10603
5303 21210
5304 10607
5305 21218
5306 10611
5307 21226
5308 10615
5309 21234
5310 10619
5311 21242
5312 10623
5313 21250
5314 10627
5315 21258
5316 10631
5317 21266
5318 10635
5319 21274
5320 10639
5321 21282
5322 10643
5323 21290
5324 10647
5325 21298
5326 10651
5327 21306
5328 10655
5329 21314
5330 10659
5331 21322
5332 10663
5333 21330
5334 10667
5335 21338
5336 10671
5337 21346
5338 10675
5339 21354
5340 10679
5341 21362
5342 10683
5343 21370
5344 10687
5345 21378
5346 10691
5347 21386
5348 10695
5349 21394
5350 10699
5351 21402
5352 10703
5353 21410
5354 10707
5355 21418
5356 10711
5357 21426
5358 10715
5359 21434
5360 10719
5361 21442
5362 10723
5363 21450
5364 10727
5365 21458
5366 10731
5367 21466
5368 10735
5369 21474
5370 10739
5371 21482
5372 10743
5373 21490
5374 10747
5375 21498
5376 10751
5377 21506
5378 10755
5379 21514
5380 10759
5381 21522
5382 10763
5383 21530
5384 10767
5385 21538
5386 10771
5387 21546
5388 10775
5389 21554
5390 10779
5391 21562
5392 10783
5393 21570
5394 10787
5395 21578
5396 10791
5397 21586
5398 10795
5399 21594
5400 10799
5401 21602
5402 10803
5403 21610
5404 10807
5405 21618
5406 10811
5407 21626
5408 10815
5409 21634
5410 10819
5411 21642
5412 10823
5413 21650
5414 10827
5415 21658
5416 10831
5417 21666
5418 10835
5419 21674
5420 10839
5421 21682
5422 10843
5423 21690
5424 10847
5425 21698
5426 10851
5427 21706
5428 10855
5429 21714
5430 10859
5431 21722
5432 10863
5433 21730
5434 10867
5435 21738
5436 10871
5437 21746
5438 10875
5439 21754
5440 10879
5441 21762
5442 10883
5443 21770
5444 10887
5445 21778
5446 10891
5447 21786
5448 10895
5449 21794
5450 10899
5451 21802
5452 10903
5453 21810
5454 10907
5455 21818
5456 10911
5457 21826
5458 10915
5459 21834
5460 10919
5461 21842
5462 10923
5463 21850
5464 10927
5465 21858
5466 10931
5467 21866
5468 10935
5469 21874
5470 10939
5471 21882
5472 10943
5473 21890
5474 10947
5475 21898
5476 10951
5477 21906
5478 10955
5479 21914
5480 10959
5481 21922
5482 10963
5483 21930
5484 10967
5485 21938
5486 10971
5487 21946
5488 10975
5489 21954
5490 10979
5491 21962
5492 10983
5493 21970
5494 10987
5495 21978
5496 10991
5497 21986
5498 10995
5499 21994
5500 10999
5501 22002
5502 11003
5503 22010
5504 11007
5505 22018
5506 11011
5507 22026
5508 11015
5509 22034
5510 11019
5511 22042
5512 11023
5513 22050
5514 11027
5515 22058
5516 11031
5517 22066
5518 11035
5519 22074
5520 11039
5521 22082
5522 11043
5523 22090
5524 11047
5525 22098
5526 11051
5527 22106
5528 11055
5529 22114
5530 11059
5531 22122
5532 11063
5533 22130
5534 11067
5535 22138
5536 11071
5537 22146
5538 11075
5539 22154
5540 11079
5541 22162
5542 11083
5543 22170
5544 11087
5545 22178
5546 11091
5547 22186
5548 11095
5549 22194
5550 11099
5551 22202
5552 11103
5553 22210
5554 11107
5555 22218
5556 11111
5557 22226
5558 11115
5559 22234
5560 11119
5561 22242
5562 11123
5563 22250
5564 11127
5565 22258
5566 11131
5567 22266
5568 11135
5569 22274
5570 11139
5571 22282
5572 11143
5573 22290
5574 11147
5575 22298
5576 11151
5577 22306
5578 11155
5579 22314
5580 11159
5581 22322
5582 11163
5583 22330
5584 11167
5585 22338
5586 11171
5587 22346
5588 11175
5589 22354
5590 11179
5591 22362
5592 11183
5593 22370
5594 11187
5595 22378
5596 11191
5597 22386
5598 11195
5599 22394
5600 11199
5601 22402
5602 11203
5603 22410
5604 11207
5605 22418
5606 11211
5607 22426
5608 11215
5609 22434
5610 11219
5611 22442
5612 11223
5613 22450
5614 11227
5615 22458
5616 11231
5617 22466
5618 11235
5619 22474
5620 11239
5621 22482
5622 11243
5623 22490
5624 11247
5625 22498
5626 11251
5627 22506
5628 11255
5629 22514
5630 11259
5631 22522
5632 11263
5633 22530
5634 11267
5635 22538
5636 11271
5637 22546
5638 11275
5639 22554
5640 11279
5641 22562
5642 11283
5643 22570
5644 11287
5645 22578
5646 11291
5647 22586
5648 11295
5649 22594
5650 11299
5651 22602
5652 11303
5653 22610
5654 11307
5655 22618
5656 11311
5657 22626
5658 11315
5659 22634
5660 11319
5661 22642
5662 11323
5663 22650
5664 11327
5665 22658
5666 11331
5667 22666
5668 11335
5669 22674
5670 11339
5671 22682
5672 11343
5673 22690
5674 11347
5675 22698
5676 11351
5677 22706
5678 11355
5679 22714
5680 11359
5681 22722
5682 11363
5683 22730
5684 11367
5685 22738
5686 11371
5687 22746
5688 11375
5689 22754
5690 11379
5691 22762
5692 11383
5693 22770
5694 11387
5695 22778
5696 11391
5697 22786
5698 11395
5699 22794
5700 11399
5701 22802
5702 11403
5703 22810
5704 11407
5705 22818
5706 11411
5707 22826
5708 11415
5709 22834
5710 11419
5711 22842
5712 11423
5713 22850
5714 11427
5715 22858
5716 11431
5717 22866
5718 11435
5719 22874
5720 11439
5721 22882
5722 11443
5723 22890
5724 11447
5725 22898
5726 11451
5727 22906
5728 11455
5729 22914
5730 11459
5731 22922
5732 11463
5733 22930
5734 11467
5735 22938
5736 11471
5737 22946
5738 11475
5739 22954
5740 11479
5741 22962
5742 11483
5743 22970
5744 11487
5745 22978
5746 11491
5747 22986
5748 11495
5749 22994
5750 11499
5751 23002
5752 11503
5753 23010
5754 11507
5755 23018
5756 11511
5757 23026
5758 11515
5759 23034
5760 11519
5761 23042
5762 11523
5763 23050
5764 11527
5765 23058
5766 11531
5767 23066
5768 11535
5769 23074
5770 11539
5771 23082
5772 11543
5773 23090
5774 11547
5775 23098
5776 11551
5777 23106
5778 11555
5779 23114
5780 11559
5781 23122
5782 11563
5783 23130
5784 11567
5785 23138
5786 11571
5787 23146
5788 11575
5789 23154
5790 11579
5791 23162
5792 11583
5793 23170
5794 11587
5795 23178
5796 11591
5797 23186
5798 11595
5799 23194
5800 11599
5801 23202
5802 11603
5803 23210
5804 11607
5805 23218
5806 11611
5807 23226
5808 11615
5809 23234
5810 11619
5811 23242
5812 11623
5813 23250
5814 11627
5815 23258
5816 11631
5817 23266
5818 11635
5819 23274
5820 11639
5821 23282
5822 11643
5823 23290
5824 11647
5825 23298
5826 11651
5827 23306
5828 11655
5829 23314
5830 11659
5831 23322
5832 11663
5833 23330
5834 11667
5835 23338
5836 11671
5837 23346
5838 11675
5839 23354
5840 11679
5841 23362
5842 11683
5843 23370
5844 11687
5845 23378
5846 11691
5847 23386
5848 11695
5849 23394
5850 11699
5851 23402
5852 11703
5853 23410
5854 11707
5855 23418
5856 11711
5857 23426
5858 11715
5859 23434
5860 11719
5861 23442
5862 11723
5863 23450
5864 11727
5865 23458
5866 11731
5867 23466
5868 11735
5869 23474
5870 11739
5871 23482
5872 11743
5873 23490
5874 11747
5875 23498
5876 11751
5877 23506
5878 11755
5879 23514
5880 11759
5881 23522
5882 11763
5883 23530
5884 11767
5885 23538
5886 11771
5887 23546
5888 11775
5889 23554
5890 11779
5891 23562
5892 11783
5893 23570
5894 11787
5895 23578
5896 11791
5897 23586
5898 11795
5899 23594
5900 11799
5901 23602
5902 11803
5903 23610
5904 11807
5905 23618
5906 11811
5907 23626
5908 11815
5909 23634
5910 11819
5911 23642
5912 11823
5913 23650
5914 11827
5915 23658
5916 11831
5917 23666
5918 11835
5919 23674
5920 11839
5921 23682
5922 11843
5923 23690
5924 11847
5925 23698
5926 11851
5927 23706
5928 11855
5929 23714
5930 11859
5931 23722
5932 11863
5933 23730
5934 11867
5935 23738
5936 11871
5937 23746
5938 11875
5939 23754
5940 11879
5941 23762
5942 11883
5943 23770
5944 11887
5945 23778
5946 11891
5947 23786
5948 11895
5949 23794
5950 11899
5951 23802
5952 11903
5953 23810
5954 11907
5955 23818
5956 11911
5957 23826
5958 11915
5959 23834
5960 11919
5961 23842
5962 11923
5963 23850
5964 11927
5965 23858
5966 11931
5967 23866
5968 11935
5969 23874
5970 11939
5971 23882
5972 11943
5973 23890
5974 11947
5975 23898
5976 11951
5977 23906
5978 11955
5979 23914
5980 11959
5981 23922
5982 11963
5983 23930
5984 11967
5985 23938
5986 11971
5987 23946
5988 11975
5989 23954
5990 11979
5991 23962
5992 11983
5993 23970
5994 11987
5995 23978
5996 11991
5997 23986
5998 11995
5999 23994
6000 11999
6001 24002
6002 12003
6003 24010
6004 12007
6005 24018
6006 12011
6007 24026
6008 12015
6009 24034
6010 12019
6011 24042
6012 12023
6013 24050
6014 12027
6015 24058
6016 12031
6017 24066
6018 12035
6019 24074
6020 12039
6021 24082
6022 12043
6023 24090
6024 12047
6025 24098
6026 12051
6027 24106
6028 12055
6029 24114
6030 12059
6031 24122
6032 12063
6033 24130
6034 12067
6035 24138
6036 12071
6037 24146
6038 12075
6039 24154
6040 12079
6041 24162
6042 12083
6043 24170
6044 12087
6045 24178
6046 12091
6047 24186
6048 12095
6049 24194
6050 12099
6051 24202
6052 12103
6053 24210
6054 12107
6055 24218
6056 12111
6057 24226
6058 12115
6059 24234
6060 12119
6061 24242
6062 12123
6063 24250
6064 12127
6065 24258
6066 12131
6067 24266
6068 12135
6069 24274
6070 12139
6071 24282
6072 12143
6073 24290
6074 12147
6075 24298
6076 12151
6077 24306
6078 12155
6079 24314
6080 12159
6081 24322
6082 12163
6083 24330
6084 12167
6085 24338
6086 12171
6087 24346
6088 12175
6089 24354
6090 12179
6091 24362
6092 12183
6093 24370
6094 12187
6095 24378
6096 12191
6097 24386
6098 12195
6099 24394
6100 12199
6101 24402
6102 12203
6103 24410
6104 12207
6105 24418
6106 12211
6107 24426
6108 12215
6109 24434
6110 12219
6111 24442
6112 12223
6113 24450
6114 12227
6115 24458
6116 12231
6117 24466
6118 12235
6119 24474
6120 12239
6121 24482
6122 12243
6123 24490
6124 12247
6125 24498
6126 12251
6127 24506
6128 12255
6129 24514
6130 12259
6131 24522
6132 12263
6133 24530
6134 12267
6135 24538
6136 12271
6137 24546
6138 12275
6139 24554
6140 12279
6141 24562
6142 12283
6143 24570
6144 12287
6145 24578
6146 12291
6147 24586
6148 12295
6149 24594
6150 12299
6151 24602
6152 12303
6153 24610
6154 12307
6155 24618
6156 12311
6157 24626
6158 12315
6159 24634
6160 12319
6161 24642
6162 12323
6163 24650
6164 12327
6165 24658
6166 12331
6167 24666
6168 12335
6169 24674
6170 12339
6171 24682
6172 12343
6173 24690
6174 12347
6175 24698
6176 12351
6177 24706
6178 12355
6179 24714
6180 12359
6181 24722
6182 12363
6183 24730
6184 12367
6185 24738
6186 12371
6187 24746
6188 12375
6189 24754
6190 12379
6191 24762
6192 12383
6193 24770
6194 12387
6195 24778
6196 12391
6197 24786
6198 12395
6199 24794
6200 12399
6201 24802
6202 12403
6203 24810
6204 12407
6205 24818
6206 12411
6207 24826
6208 12415
6209 24834
6210 12419
6211 24842
6212 12423
6213 24850
6214 12427
6215 24858
6216 12431
6217 24866
6218 12435
6219 24874
6220 12439
6221 24882
6222 12443
6223 24890
6224 12447
6225 24898
6226 12451
6227 24906
6228 12455
6229 24914
6230 12459
6231 24922
6232 12463
6233 24930
6234 12467
6235 24938
6236 12471
6237 24946
6238 12475
6239 24954
6240 12479
6241 24962
6242 12483
6243 24970
6244 12487
6245 24978
6246 12491
6247 24986
6248 12495
6249 24994
6250 12499
6251 25002
6252 12503
6253 25010
6254 12507
6255 25018
6256 12511
6257 25026
6258 12515
6259 25034
6260 12519
6261 25042
6262 12523
6263 25050
6264 12527
6265 25058
6266 12531
6267 25066
6268 12535
6269 25074
6270 12539
6271 25082
6272 12543
6273 25090
6274 12547
6275 25098
6276 12551
6277 25106
6278 12555
6279 25114
6280 12559
6281 25122
6282 12563
6283 25130
6284 12567
6285 25138
6286 12571
6287 25146
6288 12575
6289 25154
6290 12579
6291 25162
6292 12583
6293 25170
6294 12587
6295 25178
6296 12591
6297 25186
6298 12595
6299 25194
6300 12599
6301 25202
6302 12603
6303 25210
6304 12607
6305 25218
6306 12611
6307 25226
6308 12615
6309 25234
6310 12619
6311 25242
6312 12623
6313 25250
6314 12627
6315 25258
6316 12631
6317 25266
6318 12635
6319 25274
6320 12639
6321 25282
6322 12643
6323 25290
6324 12647
6325 25298
6326 12651
6327 25306
6328 12655
6329 25314
6330 12659
6331 25322
6332 12663
6333 25330
6334 12667
6335 25338
6336 12671
6337 25346
6338 12675
6339 25354
6340 12679
6341 25362
6342 12683
6343 25370
6344 12687
6345 25378
6346 12691
6347 25386
6348 12695
6349 25394
6350 12699
6351 25402
6352 12703
6353 25410
6354 12707
6355 25418
6356 12711
6357 25426
6358 12715
6359 25434
6360 12719
6361 25442
6362 12723
6363 25450
6364 12727
6365 25458
6366 12731
6367 25466
6368 12735
6369 25474
6370 12739
6371 25482
6372 12743
6373 25490
6374 12747
6375 25498
6376 12751
6377 25506
6378 12755
6379 25514
6380 12759
6381 25522
6382 12763
6383 25530
6384 12767
6385 25538
6386 12771
6387 25546
6388 12775
6389 25554
6390 12779
6391 25562
6392 12783
6393 25570
6394 12787
6395 25578
6396 12791
6397 25586
6398 12795
6399 25594
6400 12799
6401 25602
6402 12803
6403 25610
6404 12807
6405 25618
6406 12811
6407 25626
6408 12815
6409 25634
6410 12819
6411 25642
6412 12823
6413 25650
6414 12827
6415 25658
6416 12831
6417 25666
6418 12835
6419 25674
6420 12839
6421 25682
6422 12843
6423 25690
6424 12847
6425 25698
6426 12851
6427 25706
6428 12855
6429 25714
6430 12859
6431 25722
6432 12863
6433 25730
6434 12867
6435 25738
6436 12871
6437 25746
6438 12875
6439 25754
6440 12879
6441 25762
6442 12883
6443 25770
6444 12887
6445 25778
6446 12891
6447 25786
6448 12895
6449 25794
6450 12899
6451 25802
6452 12903
6453 25810
6454 12907
6455 25818
6456 12911
6457 25826
6458 12915
6459 25834
6460 12919
6461 25842
6462 12923
6463 25850
6464 12927
6465 25858
6466 12931
6467 25866
6468 12935
6469 25874
6470 12939
6471 25882
6472 12943
6473 25890
6474 12947
6475 25898
6476 12951
6477 25906
6478 12955
6479 25914
6480 12959
6481 25922
6482 12963
6483 25930
6484 12967
6485 25938
6486 12971
6487 25946
6488 12975
6489 25954
6490 12979
6491 25962
6492 12983
6493 25970
6494 12987
6495 25978
6496 12991
6497 25986
6498 12995
6499 25994
6500 12999
6501 26002
6502 13003
6503 26010
6504 13007
6505 26018
6506 13011
6507 26026
6508 13015
6509 26034
6510 13019
6511 26042
6512 13023
6513 26050
6514 13027
6515 26058
6516 13031
6517 26066
6518 13035
6519 26074
6520 13039
6521 26082
6522 13043
6523 26090
6524 13047
6525 26098
6526 13051
6527 26106
6528 13055
6529 26114
6530 13059
6531 26122
6532 13063
6533 26130
6534 13067
6535 26138
6536 13071
6537 26146
6538 13075
6539 26154
6540 13079
6541 26162
6542 13083
6543 26170
6544 13087
6545 26178
6546 13091
6547 26186
6548 13095
6549 26194
6550 13099
6551 26202
6552 13103
6553 26210
6554 13107
6555 26218
6556 13111
6557 26226
6558 13115
6559 26234
6560 13119
6561 26242
6562 13123
6563 26250
6564 13127
6565 26258
6566 13131
6567 26266
6568 13135
6569 26274
6570 13139
6571 26282
6572 13143
6573 26290
6574 13147
6575 26298
6576 13151
6577 26306
6578 13155
6579 26314
6580 13159
6581 26322
6582 13163
6583 26330
6584 13167
6585 26338
6586 13171
6587 26346
6588 13175
6589 26354
6590 13179
6591 26362
6592 13183
6593 26370
6594 13187
6595 26378
6596 13191
6597 26386
6598 13195
6599 26394
6600 13199
6601 26402
6602 13203
6603 26410
6604 13207
6605 26418
6606 13211
6607 26426
6608 13215
6609 26434
6610 13219
6611 26442
6612 13223
6613 26450
6614 13227
6615 26458
6616 13231
6617 26466
6618 13235
6619 26474
6620 13239
6621 26482
6622 13243
6623 26490
6624 13247
6625 26498
6626 13251
6627 26506
6628 13255
6629 26514
6630 13259
6631 26522
6632 13263
6633 26530
6634 13267
6635 26538
6636 13271
6637 26546
6638 13275
6639 26554
6640 13279
6641 26562
6642 13283
6643 26570
6644 13287
6645 26578
6646 13291
6647 26586
6648 13295
6649 26594
6650 13299
6651 26602
6652 13303
6653 26610
6654 13307
6655 26618
6656 13311
6657 26626
6658 13315
6659 26634
6660 13319
6661 26642
6662 13323
6663 26650
6664 13327
6665 26658
6666 13331
6667 26666
6668 13335
6669 26674
6670 13339
6671 26682
6672 13343
6673 26690
6674 13347
6675 26698
6676 13351
6677 26706
6678 13355
6679 26714
6680 13359
6681 26722
6682 13363
6683 26730
6684 13367
6685 26738
6686 13371
6687 26746
6688 13375
6689 26754
6690 13379
6691 26762
6692 13383
6693 26770
6694 13387
6695 26778
6696 13391
6697 26786
6698 13395
6699 26794
6700 13399
6701 26802
6702 13403
6703 26810
6704 13407
6705 26818
6706 13411
6707 26826
6708 13415
6709 26834
6710 13419
6711 26842
6712 13423
6713 26850
6714 13427
6715 26858
6716 13431
6717 26866
6718 13435
6719 26874
6720 13439
6721 26882
6722 13443
6723 26890
6724 13447
6725 26898
6726 13451
6727 26906
6728 13455
6729 26914
6730 13459
6731 26922
6732 13463
6733 26930
6734 13467
6735 26938
6736 13471
6737 26946
6738 13475
6739 26954
6740 13479
6741 26962
6742 13483
6743 26970
6744 13487
6745 26978
6746 13491
6747 26986
6748 13495
6749 26994
6750 13499
6751 27002
6752 13503
6753 27010
6754 13507
6755 27018
6756 13511
6757 27026
6758 13515
6759 27034
6760 13519
6761 27042
6762 13523
6763 27050
6764 13527
6765 27058
6766 13531
6767 27066
6768 13535
6769 27074
6770 13539
6771 27082
6772 13543
6773 27090
6774 13547
6775 27098
6776 13551
6777 27106
6778 13555
6779 27114
6780 13559
6781 27122
6782 13563
6783 27130
6784 13567
6785 27138
6786 13571
6787 27146
6788 13575
6789 27154
6790 13579
6791 27162
6792 13583
6793 27170
6794 13587
6795 27178
6796 13591
6797 27186
6798 13595
6799 27194
6800 13599
6801 27202
6802 13603
6803 27210
6804 13607
6805 27218
6806 13611
6807 27226
6808 13615
6809 27234
6810 13619
6811 27242
6812 13623
6813 27250
6814 13627
6815 27258
6816 13631
6817 27266
6818 13635
6819 27274
6820 13639
6821 27282
6822 13643
6823 27290
6824 13647
6825 27298
6826 13651
6827 27306
6828 13655
6829 27314
6830 13659
6831 27322
6832 13663
6833 27330
6834 13667
6835 27338
6836 13671
6837 27346
6838 13675
6839 27354
6840 13679
6841 27362
6842 13683
6843 27370
6844 13687
6845 27378
6846 13691
6847 27386
6848 13695
6849 27394
6850 13699
6851 27402
6852 13703
6853 27410
6854 13707
6855 27418
6856 13711
6857 27426
6858 13715
6859 27434
6860 13719
6861 27442
6862 13723
6863 27450
6864 13727
6865 27458
6866 13731
6867 27466
6868 13735
6869 27474
6870 13739
6871 27482
6872 13743
6873 27490
6874 13747
6875 27498
6876 13751
6877 27506
6878 13755
6879 27514
6880 13759
6881 27522
6882 13763
6883 27530
6884 13767
6885 27538
6886 13771
6887 27546
6888 13775
6889 27554
6890 13779
6891 27562
6892 13783
6893 27570
6894 13787
6895 27578
6896 13791
6897 27586
6898 13795
6899 27594
6900 13799
6901 27602
6902 13803
6903 27610
6904 13807
6905 27618
6906 13811
6907 27626
6908 13815
6909 27634
6910 13819
6911 27642
6912 13823
6913 27650
6914 13827
6915 27658
6916 13831
6917 27666
6918 13835
6919 27674
6920 13839
6921 27682
6922 13843
6923 27690
6924 13847
6925 27698
6926 13851
6927 27706
6928 13855
6929 27714
6930 13859
6931 27722
6932 13863
6933 27730
6934 13867
6935 27738
6936 13871
6937 27746
6938 13875
6939 27754
6940 13879
6941 27762
6942 13883
6943 27770
6944 13887
6945 27778
6946 13891
6947 27786
6948 13895
6949 27794
6950 13899
6951 27802
6952 13903
6953 27810
6954 13907
6955 27818
6956 13911
6957 27826
6958 13915
6959 27834
6960 13919
6961 27842
6962 13923
6963 27850
6964 13927
6965 27858
6966 13931
6967 27866
6968 13935
6969 27874
6970 13939
6971 27882
6972 13943
6973 27890
6974 13947
6975 27898
6976 13951
6977 27906
6978 13955
6979 27914
6980 13959
6981 27922
6982 13963
6983 27930
6984 13967
6985 27938
6986 13971
6987 27946
6988 13975
6989 27954
6990 13979
6991 27962
6992 13983
6993 27970
6994 13987
6995 27978
6996 13991
6997 27986
6998 13995
6999 27994
7000 13999
7001 28002
7002 14003
7003 28010
7004 14007
7005 28018
7006 14011
7007 28026
7008 14015
7009 28034
7010 14019
7011 28042
7012 14023
7013 28050
7014 14027
7015 28058
7016 14031
7017 28066
7018 14035
7019 28074
7020 14039
7021 28082
7022 14043
7023 28090
7024 14047
7025 28098
7026 14051
7027 28106
7028 14055
7029 28114
7030 14059
7031 28122
7032 14063
7033 28130
7034 14067
7035 28138
7036 14071
7037 28146
7038 14075
7039 28154
7040 14079
7041 28162
7042 14083
7043 28170
7044 14087
7045 28178
7046 14091
7047 28186
7048 14095
7049 28194
7050 14099
7051 28202
7052 14103
7053 28210
7054 14107
7055 28218
7056 14111
7057 28226
7058 14115
7059 28234
7060 14119
7061 28242
7062 14123
7063 28250
7064 14127
7065 28258
7066 14131
7067 28266
7068 14135
7069 28274
7070 14139
7071 28282
7072 14143
7073 28290
7074 14147
7075 28298
7076 14151
7077 28306
7078 14155
7079 28314
7080 14159
7081 28322
7082 14163
7083 28330
7084 14167
7085 28338
7086 14171
7087 28346
7088 14175
7089 28354
7090 14179
7091 28362
7092 14183
7093 28370
7094 14187
7095 28378
7096 14191
7097 28386
7098 14195
7099 28394
7100 14199
7101 28402
7102 14203
7103 28410
7104 14207
7105 28418
7106 14211
7107 28426
7108 14215
7109 28434
7110 14219
7111 28442
7112 14223
7113 28450
7114 14227
7115 28458
7116 14231
7117 28466
7118 14235
7119 28474
7120 14239
7121 28482
7122 14243
7123 28490
7124 14247
7125 28498
7126 14251
7127 28506
7128 14255
7129 28514
7130 14259
7131 28522
7132 14263
7133 28530
7134 14267
7135 28538
7136 14271
7137 28546
7138 14275
7139 28554
7140 14279
7141 28562
7142 14283
7143 28570
7144 14287
7145 28578
7146 14291
7147 28586
7148 14295
7149 28594
7150 14299
7151 28602
7152 14303
7153 28610
7154 14307
7155 28618
7156 14311
7157 28626
7158 14315
7159 28634
7160 14319
7161 28642
7162 14323
7163 28650
7164 14327
7165 28658
7166 14331
7167 28666
7168 14335
7169 28674
7170 14339
7171 28682
7172 14343
7173 28690
7174 14347
7175 28698
7176 14351
7177 28706
7178 14355
7179 28714
7180 14359
7181 28722
7182 14363
7183 28730
7184 14367
7185 28738
7186 14371
7187 28746
7188 14375
7189 28754
7190 14379
7191 28762
7192 14383
7193 28770
7194 14387
7195 28778
7196 14391
7197 28786
7198 14395
7199 28794
7200 14399
7201 28802
7202 14403
7203 28810
7204 14407
7205 28818
7206 14411
7207 28826
7208 14415
7209 28834
7210 14419
7211 28842
7212 14423
7213 28850
7214 14427
7215 28858
7216 14431
7217 28866
7218 14435
7219 28874
7220 14439
7221 28882
7222 14443
7223 28890
7224 14447
7225 28898
7226 14451
7227 28906
7228 14455
7229 28914
7230 14459
7231 28922
7232 14463
7233 28930
7234 14467
7235 28938
7236 14471
7237 28946
7238 14475
7239 28954
7240 14479
7241 28962
7242 14483
7243 28970
7244 14487
7245 28978
7246 14491
7247 28986
7248 14495
7249 28994
7250 14499
7251 29002
7252 14503
7253 29010
7254 14507
7255 29018
7256 14511
7257 29026
7258 14515
7259 29034
7260 14519
7261 29042
7262 14523
7263 29050
7264 14527
7265 29058
7266 14531
7267 29066
7268 14535
7269 29074
7270 14539
7271 29082
7272 14543
7273 29090
7274 14547
7275 29098
7276 14551
7277 29106
7278 14555
7279 29114
7280 14559
7281 29122
7282 14563
7283 29130
7284 14567
7285 29138
7286 14571
7287 29146
7288 14575
7289 29154
7290 14579
7291 29162
7292 14583
7293 29170
7294 14587
7295 29178
7296 14591
7297 29186
7298 14595
7299 29194
7300 14599
7301 29202
7302 14603
7303 29210
7304 14607
7305 29218
7306 14611
7307 29226
7308 14615
7309 29234
7310 14619
7311 29242
7312 14623
7313 29250
7314 14627
7315 29258
7316 14631
7317 29266
7318 14635
7319 29274
7320 14639
7321 29282
7322 14643
7323 29290
7324 14647
7325 29298
7326 14651
7327 29306
7328 14655
7329 29314
7330 14659
7331 29322
7332 14663
7333 29330
7334 14667
7335 29338
7336 14671
7337 29346
7338 14675
7339 29354
7340 14679
7341 29362
7342 14683
7343 29370
7344 14687
7345 29378
7346 14691
7347 29386
7348 14695
7349 29394
7350 14699
7351 29402
7352 14703
7353 29410
7354 14707
7355 29418
7356 14711
7357 29426
7358 14715
7359 29434
7360 14719
7361 29442
7362 14723
7363 29450
7364 14727
7365 29458
7366 14731
7367 29466
7368 14735
7369 29474
7370 14739
7371 29482
7372 14743
7373 29490
7374 14747
7375 29498
7376 14751
7377 29506
7378 14755
7379 29514
7380 14759
7381 29522
7382 14763
7383 29530
7384 14767
7385 29538
7386 14771
7387 29546
7388 14775
7389 29554
7390 14779
7391 29562
7392 14783
7393 29570
7394 14787
7395 29578
7396 14791
7397 29586
7398 14795
7399 29594
7400 14799
7401 29602
7402 14803
7403 29610
7404 14807
7405 29618
7406 14811
7407 29626
7408 14815
7409 29634
7410 14819
7411 29642
7412 14823
7413 29650
7414 14827
7415 29658
7416 14831
7417 29666
7418 14835
7419 29674
7420 14839
7421 29682
7422 14843
7423 29690
7424 14847
7425 29698
7426 14851
7427 29706
7428 14855
7429 29714
7430 14859
7431 29722
7432 14863
7433 29730
7434 14867
7435 29738
7436 14871
7437 29746
7438 14875
7439 29754
7440 14879
7441 29762
7442 14883
7443 29770
7444 14887
7445 29778
7446 14891
7447 29786
7448 14895
7449 29794
7450 14899
7451 29802
7452 14903
7453 29810
7454 14907
7455 29818
7456 14911
7457 29826
7458 14915
7459 29834
7460 14919
7461 29842
7462 14923
7463 29850
7464 14927
7465 29858
7466 14931
7467 29866
7468 14935
7469 29874
7470 14939
7471 29882
7472 14943
7473 29890
7474 14947
7475 29898
7476 14951
7477 29906
7478 14955
7479 29914
7480 14959
7481 29922
7482 14963
7483 29930
7484 14967
7485 29938
7486 14971
7487 29946
7488 14975
7489 29954
7490 14979
7491 29962
7492 14983
7493 29970
7494 14987
7495 29978
7496 14991
7497 29986
7498 14995
7499 29994
7500 14999
7501 30002
7502 15003
7503 30010
7504 15007
7505 30018
7506 15011
7507 30026
7508 15015
7509 30034
7510 15019
7511 30042
7512 15023
7513 30050
7514 15027
7515 30058
7516 15031
7517 30066
7518 15035
7519 30074
7520 15039
7521 30082
7522 15043
7523 30090
7524 15047
7525 30098
7526 15051
7527 30106
7528 15055
7529 30114
7530 15059
7531 30122
7532 15063
7533 30130
7534 15067
7535 30138
7536 15071
7537 30146
7538 15075
7539 30154
7540 15079
7541 30162
7542 15083
7543 30170
7544 15087
7545 30178
7546 15091
7547 30186
7548 15095
7549 30194
7550 15099
7551 30202
7552 15103
7553 30210
7554 15107
7555 30218
7556 15111
7557 30226
7558 15115
7559 30234
7560 15119
7561 30242
7562 15123
7563 30250
7564 15127
7565 30258
7566 15131
7567 30266
7568 15135
7569 30274
7570 15139
7571 30282
7572 15143
7573 30290
7574 15147
7575 30298
7576 15151
7577 30306
7578 15155
7579 30314
7580 15159
7581 30322
7582 15163
7583 30330
7584 15167
7585 30338
7586 15171
7587 30346
7588 15175
7589 30354
7590 15179
7591 30362
7592 15183
7593 30370
7594 15187
7595 30378
7596 15191
7597 30386
7598 15195
7599 30394
7600 15199
7601 30402
7602 15203
7603 30410
7604 15207
7605 30418
7606 15211
7607 30426
7608 15215
7609 30434
7610 15219
7611 30442
7612 15223
7613 30450
7614 15227
7615 30458
7616 15231
7617 30466
7618 15235
7619 30474
7620 15239
7621 30482
7622 15243
7623 30490
7624 15247
7625 30498
7626 15251
7627 30506
7628 15255
7629 30514
7630 15259
7631 30522
7632 15263
7633 30530
7634 15267
7635 30538
7636 15271
7637 30546
7638 15275
7639 30554
7640 15279
7641 30562
7642 15283
7643 30570
7644 15287
7645 30578
7646 15291
7647 30586
7648 15295
7649 30594
7650 15299
7651 30602
7652 15303
7653 30610
7654 15307
7655 30618
7656 15311
7657 30626
7658 15315
7659 30634
7660 15319
7661 30642
7662 15323
7663 30650
7664 15327
7665 30658
7666 15331
7667 30666
7668 15335
7669 30674
7670 15339
7671 30682
7672 15343
7673 30690
7674 15347
7675 30698
7676 15351
7677 30706
7678 15355
7679 30714
7680 15359
7681 30722
7682 15363
7683 30730
7684 15367
7685 30738
7686 15371
7687 30746
7688 15375
7689 30754
7690 15379
7691 30762
7692 15383
7693 30770
7694 15387
7695 30778
7696 15391
7697 30786
7698 15395
7699 30794
7700 15399
7701 30802
7702 15403
7703 30810
7704 15407
7705 30818
7706 15411
7707 30826
7708 15415
7709 30834
7710 15419
7711 30842
7712 15423
7713 30850
7714 15427
7715 30858
7716 15431
7717 30866
7718 15435
7719 30874
7720 15439
7721 30882
7722 15443
7723 30890
7724 15447
7725 30898
7726 15451
7727 30906
7728 15455
7729 30914
7730 15459
7731 30922
7732 15463
7733 30930
7734 15467
7735 30938
7736 15471
7737 30946
7738 15475
7739 30954
7740 15479
7741 30962
7742 15483
7743 30970
7744 15487
7745 30978
7746 15491
7747 30986
7748 15495
7749 30994
7750 15499
7751 31002
7752 15503
7753 31010
7754 15507
7755 31018
7756 15511
7757 31026
7758 15515
7759 31034
7760 15519
7761 31042
7762 15523
7763 31050
7764 15527
7765 31058
7766 15531
7767 31066
7768 15535
7769 31074
7770 15539
7771 31082
7772 15543
7773 31090
7774 15547
7775 31098
7776 15551
7777 31106
7778 15555
7779 31114
7780 15559
7781 31122
7782 15563
7783 31130
7784 15567
7785 31138
7786 15571
7787 31146
7788 15575
7789 31154
7790 15579
7791 31162
7792 15583
7793 31170
7794 15587
7795 31178
7796 15591
7797 31186
7798 15595
7799 31194
7800 15599
7801 31202
7802 15603
7803 31210
7804 15607
7805 31218
7806 15611
7807 31226
7808 15615
7809 31234
7810 15619
7811 31242
7812 15623
7813 31250
7814 15627
7815 31258
7816 15631
7817 31266
7818 15635
7819 31274
7820 15639
7821 31282
7822 15643
7823 31290
7824 15647
7825 31298
7826 15651
7827 31306
7828 15655
7829 31314
7830 15659
7831 31322
7832 15663
7833 31330
7834 15667
7835 31338
7836 15671
7837 31346
7838 15675
7839 31354
7840 15679
7841 31362
7842 15683
7843 31370
7844 15687
7845 31378
7846 15691
7847 31386
7848 15695
7849 31394
7850 15699
7851 31402
7852 15703
7853 31410
7854 15707
7855 31418
7856 15711
7857 31426
7858 15715
7859 31434
7860 15719
7861 31442
7862 15723
7863 31450
7864 15727
7865 31458
7866 15731
7867 31466
7868 15735
7869 31474
7870 15739
7871 31482
7872 15743
7873 31490
7874 15747
7875 31498
7876 15751
7877 31506
7878 15755
7879 31514
7880 15759
7881 31522
7882 15763
7883 31530
7884 15767
7885 31538
7886 15771
7887 31546
7888 15775
7889 31554
7890 15779
7891 31562
7892 15783
7893 31570
7894 15787
7895 31578
7896 15791
7897 31586
7898 15795
7899 31594
7900 15799
7901 31602
7902 15803
7903 31610
7904 15807
7905 31618
7906 15811
7907 31626
7908 15815
7909 31634
7910 15819
7911 31642
7912 15823
7913 31650
7914 15827
7915 31658
7916 15831
7917 31666
7918 15835
7919 31674
7920 15839
7921 31682
7922 15843
7923 31690
7924 15847
7925 31698
7926 15851
7927 31706
7928 15855
7929 31714
7930 15859
7931 31722
7932 15863
7933 31730
7934 15867
7935 31738
7936 15871
7937 31746
7938 15875
7939 31754
7940 15879
7941 31762
7942 15883
7943 31770
7944 15887
7945 31778
7946 15891
7947 31786
7948 15895
7949 31794
7950 15899
7951 31802
7952 15903
7953 31810
7954 15907
7955 31818
7956 15911
7957 31826
7958 15915
7959 31834
7960 15919
7961 31842
7962 15923
7963 31850
7964 15927
7965 31858
7966 15931
7967 31866
7968 15935
7969 31874
7970 15939
7971 31882
7972 15943
7973 31890
7974 15947
7975 31898
7976 15951
7977 31906
7978 15955
7979 31914
7980 15959
7981 31922
7982 15963
7983 31930
7984 15967
7985 31938
7986 15971
7987 31946
7988 15975
7989 31954
7990 15979
7991 31962
7992 15983
7993 31970
7994 15987
7995 31978
7996 15991
7997 31986
7998 15995
7999 31994
8000 15999
8001 32002
8002 16003
8003 32010
8004 16007
8005 32018
8006 16011
8007 32026
8008 16015
8009 32034
8010 16019
8011 32042
8012 16023
8013 32050
8014 16027
8015 32058
8016 16031
8017 32066
8018 16035
8019 32074
8020 16039
8021 32082
8022 16043
8023 32090
8024 16047
8025 32098
8026 16051
8027 32106
8028 16055
8029 32114
8030 16059
8031 32122
8032 16063
8033 32130
8034 16067
8035 32138
8036 16071
8037 32146
8038 16075
8039 32154
8040 16079
8041 32162
8042 16083
8043 32170
8044 16087
8045 32178
8046 16091
8047 32186
8048 16095
8049 32194
8050 16099
8051 32202
8052 16103
8053 32210
8054 16107
8055 32218
8056 16111
8057 32226
8058 16115
8059 32234
8060 16119
8061 32242
8062 16123
8063 32250
8064 16127
8065 32258
8066 16131
8067 32266
8068 16135
8069 32274
8070 16139
8071 32282
8072 16143
8073 32290
8074 16147
8075 32298
8076 16151
8077 32306
8078 16155
8079 32314
8080 16159
8081 32322
8082 16163
8083 32330
8084 16167
8085 32338
8086 16171
8087 32346
8088 16175
8089 32354
8090 16179
8091 32362
8092 16183
8093 32370
8094 16187
8095 32378
8096 16191
8097 32386
8098 16195
8099 32394
8100 16199
8101 32402
8102 16203
8103 32410
8104 16207
8105 32418
8106 16211
8107 32426
8108 16215
8109 32434
8110 16219
8111 32442
8112 16223
8113 32450
8114 16227
8115 32458
8116 16231
8117 32466
8118 16235
8119 32474
8120 16239
8121 32482
8122 16243
8123 32490
8124 16247
8125 32498
8126 16251
8127 32506
8128 16255
8129 32514
8130 16259
8131 32522
8132 16263
8133 32530
8134 16267
8135 32538
8136 16271
8137 32546
8138 16275
8139 32554
8140 16279
8141 32562
8142 16283
8143 32570
8144 16287
8145 32578
8146 16291
8147 32586
8148 16295
8149 32594
8150 16299
8151 32602
8152 16303
8153 32610
8154 16307
8155 32618
8156 16311
8157 32626
8158 16315
8159 32634
8160 16319
8161 32642
8162 16323
8163 32650
8164 16327
8165 32658
8166 16331
8167 32666
8168 16335
8169 32674
8170 16339
8171 32682
8172 16343
8173 32690
8174 16347
8175 32698
8176 16351
8177 32706
8178 16355
8179 32714
8180 16359
8181 32722
8182 16363
8183 32730
8184 16367
8185 32738
8186 16371
8187 32746
8188 16375
8189 32754
8190 16379
8191 32762
8192 16383
8193 32770
8194 16387
8195 32778
8196 16391
8197 32786
8198 16395
8199 32794
8200 16399
8201 32802
8202 16403
8203 32810
8204 16407
8205 32818
8206 16411
8207 32826
8208 16415
8209 32834
8210 16419
8211 32842
8212 16423
8213 32850
8214 16427
8215 32858
8216 16431
8217 32866
8218 16435
8219 32874
8220 16439
8221 32882
8222 16443
8223 32890
8224 16447
8225 32898
8226 16451
8227 32906
8228 16455
8229 32914
8230 16459
8231 32922
8232 16463
8233 32930
8234 16467
8235 32938
8236 16471
8237 32946
8238 16475
8239 32954
8240 16479
8241 32962
8242 16483
8243 32970
8244 16487
8245 32978
8246 16491
8247 32986
8248 16495
8249 32994
8250 16499
8251 33002
8252 16503
8253 33010
8254 16507
8255 33018
8256 16511
8257 33026
8258 16515
8259 33034
8260 16519
8261 33042
8262 16523
8263 33050
8264 16527
8265 33058
8266 16531
8267 33066
8268 16535
8269 33074
8270 16539
8271 33082
8272 16543
8273 33090
8274 16547
8275 33098
8276 16551
8277 33106
8278 16555
8279 33114
8280 16559
8281 33122
8282 16563
8283 33130
8284 16567
8285 33138
8286 16571
8287 33146
8288 16575
8289 33154
8290 16579
8291 33162
8292 16583
8293 33170
8294 16587
8295 33178
8296 16591
8297 33186
8298 16595
8299 33194
8300 16599
8301 33202
8302 16603
8303 33210
8304 16607
8305 33218
8306 16611
8307 33226
8308 16615
8309 33234
8310 16619
8311 33242
8312 16623
8313 33250
8314 16627
8315 33258
8316 16631
8317 33266
8318 16635
8319 33274
8320 16639
8321 33282
8322 16643
8323 33290
8324 16647
8325 33298
8326 16651
8327 33306
8328 16655
8329 33314
8330 16659
8331 33322
8332 16663
8333 33330
8334 16667
8335 33338
8336 16671
8337 33346
8338 16675
8339 33354
8340 16679
8341 33362
8342 16683
8343 33370
8344 16687
8345 33378
8346 16691
8347 33386
8348 16695
8349 33394
8350 16699
8351 33402
8352 16703
8353 33410
8354 16707
8355 33418
8356 16711
8357 33426
8358 16715
8359 33434
8360 16719
8361 33442
8362 16723
8363 33450
8364 16727
8365 33458
8366 16731
8367 33466
8368 16735
8369 33474
8370 16739
8371 33482
8372 16743
8373 33490
8374 16747
8375 33498
8376 16751
8377 33506
8378 16755
8379 33514
8380 16759
8381 33522
8382 16763
8383 33530
8384 16767
8385 33538
8386 16771
8387 33546
8388 16775
8389 33554
8390 16779
8391 33562
8392 16783
8393 33570
8394 16787
8395 33578
8396 16791
8397 33586
8398 16795
8399 33594
8400 16799
8401 33602
8402 16803
8403 33610
8404 16807
8405 33618
8406 16811
8407 33626
8408 16815
8409 33634
8410 16819
8411 33642
8412 16823
8413 33650
8414 16827
8415 33658
8416 16831
8417 33666
8418 16835
8419 33674
8420 16839
8421 33682
8422 16843
8423 33690
8424 16847
8425 33698
8426 16851
8427 33706
8428 16855
8429 33714
8430 16859
8431 33722
8432 16863
8433 33730
8434 16867
8435 33738
8436 16871
8437 33746
8438 16875
8439 33754
8440 16879
8441 33762
8442 16883
8443 33770
8444 16887
8445 33778
8446 16891
8447 33786
8448 16895
8449 33794
8450 16899
8451 33802
8452 16903
8453 33810
8454 16907
8455 33818
8456 16911
8457 33826
8458 16915
8459 33834
8460 16919
8461 33842
8462 16923
8463 33850
8464 16927
8465 33858
8466 16931
8467 33866
8468 16935
8469 33874
8470 16939
8471 33882
8472 16943
8473 33890
8474 16947
8475 33898
8476 16951
8477 33906
8478 16955
8479 33914
8480 16959
8481 33922
8482 16963
8483 33930
8484 16967
8485 33938
8486 16971
8487 33946
8488 16975
8489 33954
8490 16979
8491 33962
8492 16983
8493 33970
8494 16987
8495 33978
8496 16991
8497 33986
8498 16995
8499 33994
8500 16999
8501 34002
8502 17003
8503 34010
8504 17007
8505 34018
8506 17011
8507 34026
8508 17015
8509 34034
8510 17019
8511 34042
8512 17023
8513 34050
8514 17027
8515 34058
8516 17031
8517 34066
8518 17035
8519 34074
8520 17039
8521 34082
8522 17043
8523 34090
8524 17047
8525 34098
8526 17051
8527 34106
8528 17055
8529 34114
8530 17059
8531 34122
8532 17063
8533 34130
8534 17067
8535 34138
8536 17071
8537 34146
8538 17075
8539 34154
8540 17079
8541 34162
8542 17083
8543 34170
8544 17087
8545 34178
8546 17091
8547 34186
8548 17095
8549 34194
8550 17099
8551 34202
8552 17103
8553 34210
8554 17107
8555 34218
8556 17111
8557 34226
8558 17115
8559 34234
8560 17119
8561 34242
8562 17123
8563 34250
8564 17127
8565 34258
8566 17131
8567 34266
8568 17135
8569 34274
8570 17139
8571 34282
8572 17143
8573 34290
8574 17147
8575 34298
8576 17151
8577 34306
8578 17155
8579 34314
8580 17159
8581 34322
8582 17163
8583 34330
8584 17167
8585 34338
8586 17171
8587 34346
8588 17175
8589 34354
8590 17179
8591 34362
8592 17183
8593 34370
8594 17187
8595 34378
8596 17191
8597 34386
8598 17195
8599 34394
8600 17199
8601 34402
8602 17203
8603 34410
8604 17207
8605 34418
8606 17211
8607 34426
8608 17215
8609 34434
8610 17219
8611 34442
8612 17223
8613 34450
8614 17227
8615 34458
8616 17231
8617 34466
8618 17235
8619 34474
8620 17239
8621 34482
8622 17243
8623 34490
8624 17247
8625 34498
8626 17251
8627 34506
8628 17255
8629 34514
8630 17259
8631 34522
8632 17263
8633 34530
8634 17267
8635 34538
8636 17271
8637 34546
8638 17275
8639 34554
8640 17279
8641 34562
8642 17283
8643 34570
8644 17287
8645 34578
8646 17291
8647 34586
8648 17295
8649 34594
8650 17299
8651 34602
8652 17303
8653 34610
8654 17307
8655 34618
8656 17311
8657 34626
8658 17315
8659 34634
8660 17319
8661 34642
8662 17323
8663 34650
8664 17327
8665 34658
8666 17331
8667 34666
8668 17335
8669 34674
8670 17339
8671 34682
8672 17343
8673 34690
8674 17347
8675 34698
8676 17351
8677 34706
8678 17355
8679 34714
8680 17359
8681 34722
8682 17363
8683 34730
8684 17367
8685 34738
8686 17371
8687 34746
8688 17375
8689 34754
8690 17379
8691 34762
8692 17383
8693 34770
8694 17387
8695 34778
8696 17391
8697 34786
8698 17395
8699 34794
8700 17399
8701 34802
8702 17403
8703 34810
8704 17407
8705 34818
8706 17411
8707 34826
8708 17415
8709 34834
8710 17419
8711 34842
8712 17423
8713 34850
8714 17427
8715 34858
8716 17431
8717 34866
8718 17435
8719 34874
8720 17439
8721 34882
8722 17443
8723 34890
8724 17447
8725 34898
8726 17451
8727 34906
8728 17455
8729 34914
8730 17459
8731 34922
8732 17463
8733 34930
8734 17467
8735 34938
8736 17471
8737 34946
8738 17475
8739 34954
8740 17479
8741 34962
8742 17483
8743 34970
8744 17487
8745 34978
8746 17491
8747 34986
8748 17495
8749 34994
8750 17499
8751 35002
8752 17503
8753 35010
8754 17507
8755 35018
8756 17511
8757 35026
8758 17515
8759 35034
8760 17519
8761 35042
8762 17523
8763 35050
8764 17527
8765 35058
8766 17531
8767 35066
8768 17535
8769 35074
8770 17539
8771 35082
8772 17543
8773 35090
8774 17547
8775 35098
8776 17551
8777 35106
8778 17555
8779 35114
8780 17559
8781 35122
8782 17563
8783 35130
8784 17567
8785 35138
8786 17571
8787 35146
8788 17575
8789 35154
8790 17579
8791 35162
8792 17583
8793 35170
8794 17587
8795 35178
8796 17591
8797 35186
8798 17595
8799 35194
8800 17599
8801 35202
8802 17603
8803 35210
8804 17607
8805 35218
8806 17611
8807 35226
8808 17615
8809 35234
8810 17619
8811 35242
8812 17623
8813 35250
8814 17627
8815 35258
8816 17631
8817 35266
8818 17635
8819 35274
8820 17639
8821 35282
8822 17643
8823 35290
8824 17647
8825 35298
8826 17651
8827 35306
8828 17655
8829 35314
8830 17659
8831 35322
8832 17663
8833 35330
8834 17667
8835 35338
8836 17671
8837 35346
8838 17675
8839 35354
8840 17679
8841 35362
8842 17683
8843 35370
8844 17687
8845 35378
8846 17691
8847 35386
8848 17695
8849 35394
8850 17699
8851 35402
8852 17703
8853 35410
8854 17707
8855 35418
8856 17711
8857 35426
8858 17715
8859 35434
8860 17719
8861 35442
8862 17723
8863 35450
8864 17727
8865 35458
8866 17731
8867 35466
8868 17735
8869 35474
8870 17739
8871 35482
8872 17743
8873 35490
8874 17747
8875 35498
8876 17751
8877 35506
8878 17755
8879 35514
8880 17759
8881 35522
8882 17763
8883 35530
8884 17767
8885 35538
8886 17771
8887 35546
8888 17775
8889 35554
8890 17779
8891 35562
8892 17783
8893 35570
8894 17787
8895 35578
8896 17791
8897 35586
8898 17795
8899 35594
8900 17799
8901 35602
8902 17803
8903 35610
8904 17807
8905 35618
8906 17811
8907 35626
8908 17815
8909 35634
8910 17819
8911 35642
8912 17823
8913 35650
8914 17827
8915 35658
8916 17831
8917 35666
8918 17835
8919 35674
8920 17839
8921 35682
8922 17843
8923 35690
8924 17847
8925 35698
8926 17851
8927 35706
8928 17855
8929 35714
8930 17859
8931 35722
8932 17863
8933 35730
8934 17867
8935 35738
8936 17871
8937 35746
8938 17875
8939 35754
8940 17879
8941 35762
8942 17883
8943 35770
8944 17887
8945 35778
8946 17891
8947 35786
8948 17895
8949 35794
8950 17899
8951 35802
8952 17903
8953 35810
8954 17907
8955 35818
8956 17911
8957 35826
8958 17915
8959 35834
8960 17919
8961 35842
8962 17923
8963 35850
8964 17927
8965 35858
8966 17931
8967 35866
8968 17935
8969 35874
8970 17939
8971 35882
8972 17943
8973 35890
8974 17947
8975 35898
8976 17951
8977 35906
8978 17955
8979 35914
8980 17959
8981 35922
8982 17963
8983 35930
8984 17967
8985 35938
8986 17971
8987 35946
8988 17975
8989 35954
8990 17979
8991 35962
8992 17983
8993 35970
8994 17987
8995 35978
8996 17991
8997 35986
8998 17995
8999 35994
9000 17999
9001 36002
9002 18003
9003 36010
9004 18007
9005 36018
9006 18011
9007 36026
9008 18015
9009 36034
9010 18019
9011 36042
9012 18023
9013 36050
9014 18027
9015 36058
9016 18031
9017 36066
9018 18035
9019 36074
9020 18039
9021 36082
9022 18043
9023 36090
9024 18047
9025 36098
9026 18051
9027 36106
9028 18055
9029 36114
9030 18059
9031 36122
9032 18063
9033 36130
9034 18067
9035 36138
9036 18071
9037 36146
9038 18075
9039 36154
9040 18079
9041 36162
9042 18083
9043 36170
9044 18087
9045 36178
9046 18091
9047 36186
9048 18095
9049 36194
9050 18099
9051 36202
9052 18103
9053 36210
9054 18107
9055 36218
9056 18111
9057 36226
9058 18115
9059 36234
9060 18119
9061 36242
9062 18123
9063 36250
9064 18127
9065 36258
9066 18131
9067 36266
9068 18135
9069 36274
9070 18139
9071 36282
9072 18143
9073 36290
9074 18147
9075 36298
9076 18151
9077 36306
9078 18155
9079 36314
9080 18159
9081 36322
9082 18163
9083 36330
9084 18167
9085 36338
9086 18171
9087 36346
9088 18175
9089 36354
9090 18179
9091 36362
9092 18183
9093 36370
9094 18187
9095 36378
9096 18191
9097 36386
9098 18195
9099 36394
9100 18199
9101 36402
9102 18203
9103 36410
9104 18207
9105 36418
9106 18211
9107 36426
9108 18215
9109 36434
9110 18219
9111 36442
9112 18223
9113 36450
9114 18227
9115 36458
9116 18231
9117 36466
9118 18235
9119 36474
9120 18239
9121 36482
9122 18243
9123 36490
9124 18247
9125 36498
9126 18251
9127 36506
9128 18255
9129 36514
9130 18259
9131 36522
9132 18263
9133 36530
9134 18267
9135 36538
9136 18271
9137 36546
9138 18275
9139 36554
9140 18279
9141 36562
9142 18283
9143 36570
9144 18287
9145 36578
9146 18291
9147 36586
9148 18295
9149 36594
9150 18299
9151 36602
9152 18303
9153 36610
9154 18307
9155 36618
9156 18311
9157 36626
9158 18315
9159 36634
9160 18319
9161 36642
9162 18323
9163 36650
9164 18327
9165 36658
9166 18331
9167 36666
9168 18335
9169 36674
9170 18339
9171 36682
9172 18343
9173 36690
9174 18347
9175 36698
9176 18351
9177 36706
9178 18355
9179 36714
9180 18359
9181 36722
9182 18363
9183 36730
9184 18367
9185 36738
9186 18371
9187 36746
9188 18375
9189 36754
9190 18379
9191 36762
9192 18383
9193 36770
9194 18387
9195 36778
9196 18391
9197 36786
9198 18395
9199 36794
9200 18399
9201 36802
9202 18403
9203 36810
9204 18407
9205 36818
9206 18411
9207 36826
9208 18415
9209 36834
9210 18419
9211 36842
9212 18423
9213 36850
9214 18427
9215 36858
9216 18431
9217 36866
9218 18435
9219 36874
9220 18439
9221 36882
9222 18443
9223 36890
9224 18447
9225 36898
9226 18451
9227 36906
9228 18455
9229 36914
9230 18459
9231 36922
9232 18463
9233 36930
9234 18467
9235 36938
9236 18471
9237 36946
9238 18475
9239 36954
9240 18479
9241 36962
9242 18483
9243 36970
9244 18487
9245 36978
9246 18491
9247 36986
9248 18495
9249 36994
9250 18499
9251 37002
9252 18503
9253 37010
9254 18507
9255 37018
9256 18511
9257 37026
9258 18515
9259 37034
9260 18519
9261 37042
9262 18523
9263 37050
9264 18527
9265 37058
9266 18531
9267 37066
9268 18535
9269 37074
9270 18539
9271 37082
9272 18543
9273 37090
9274 18547
9275 37098
9276 18551
9277 37106
9278 18555
9279 37114
9280 18559
9281 37122
9282 18563
9283 37130
9284 18567
9285 37138
9286 18571
9287 37146
9288 18575
9289 37154
9290 18579
9291 37162
9292 18583
9293 37170
9294 18587
9295 37178
9296 18591
9297 37186
9298 18595
9299 37194
9300 18599
9301 37202
9302 18603
9303 37210
9304 18607
9305 37218
9306 18611
9307 37226
9308 18615
9309 37234
9310 18619
9311 37242
9312 18623
9313 37250
9314 18627
9315 37258
9316 18631
9317 37266
9318 18635
9319 37274
9320 18639
9321 37282
9322 18643
9323 37290
9324 18647
9325 37298
9326 18651
9327 37306
9328 18655
9329 37314
9330 18659
9331 37322
9332 18663
9333 37330
9334 18667
9335 37338
9336 18671
9337 37346
9338 18675
9339 37354
9340 18679
9341 37362
9342 18683
9343 37370
9344 18687
9345 37378
9346 18691
9347 37386
9348 18695
9349 37394
9350 18699
9351 37402
9352 18703
9353 37410
9354 18707
9355 37418
9356 18711
9357 37426
9358 18715
9359 37434
9360 18719
9361 37442
9362 18723
9363 37450
9364 18727
9365 37458
9366 18731
9367 37466
9368 18735
9369 37474
9370 18739
9371 37482
9372 18743
9373 37490
9374 18747
9375 37498
9376 18751
9377 37506
9378 18755
9379 37514
9380 18759
9381 37522
9382 18763
9383 37530
9384 18767
9385 37538
9386 18771
9387 37546
9388 18775
9389 37554
9390 18779
9391 37562
9392 18783
9393 37570
9394 18787
9395 37578
9396 18791
9397 37586
9398 18795
9399 37594
9400 18799
9401 37602
9402 18803
9403 37610
9404 18807
9405 37618
9406 18811
9407 37626
9408 18815
9409 37634
9410 18819
9411 37642
9412 18823
9413 37650
9414 18827
9415 37658
9416 18831
9417 37666
9418 18835
9419 37674
9420 18839
9421 37682
9422 18843
9423 37690
9424 18847
9425 37698
9426 18851
9427 37706
9428 18855
9429 37714
9430 18859
9431 37722
9432 18863
9433 37730
9434 18867
9435 37738
9436 18871
9437 37746
9438 18875
9439 37754
9440 18879
9441 37762
9442 18883
9443 37770
9444 18887
9445 37778
9446 18891
9447 37786
9448 18895
9449 37794
9450 18899
9451 37802
9452 18903
9453 37810
9454 18907
9455 37818
9456 18911
9457 37826
9458 18915
9459 37834
9460 18919
9461 37842
9462 18923
9463 37850
9464 18927
9465 37858
9466 18931
9467 37866
9468 18935
9469 37874
9470 18939
9471 37882
9472 18943
9473 37890
9474 18947
9475 37898
9476 18951
9477 37906
9478 18955
9479 37914
9480 18959
9481 37922
9482 18963
9483 37930
9484 18967
9485 37938
9486 18971
9487 37946
9488 18975
9489 37954
9490 18979
9491 37962
9492 18983
9493 37970
9494 18987
9495 37978
9496 18991
9497 37986
9498 18995
9499 37994
9500 18999
9501 38002
9502 19003
9503 38010
9504 19007
9505 38018
9506 19011
9507 38026
9508 19015
9509 38034
9510 19019
9511 38042
9512 19023
9513 38050
9514 19027
9515 38058
9516 19031
9517 38066
9518 19035
9519 38074
9520 19039
9521 38082
9522 19043
9523 38090
9524 19047
9525 38098
9526 19051
9527 38106
9528 19055
9529 38114
9530 19059
9531 38122
9532 19063
9533 38130
9534 19067
9535 38138
9536 19071
9537 38146
9538 19075
9539 38154
9540 19079
9541 38162
9542 19083
9543 38170
9544 19087
9545 38178
9546 19091
9547 38186
9548 19095
9549 38194
9550 19099
9551 38202
9552 19103
9553 38210
9554 19107
9555 38218
9556 19111
9557 38226
9558 19115
9559 38234
9560 19119
9561 38242
9562 19123
9563 38250
9564 19127
9565 38258
9566 19131
9567 38266
9568 19135
9569 38274
9570 19139
9571 38282
9572 19143
9573 38290
9574 19147
9575 38298
9576 19151
9577 38306
9578 19155
9579 38314
9580 19159
9581 38322
9582 19163
9583 38330
9584 19167
9585 38338
9586 19171
9587 38346
9588 19175
9589 38354
9590 19179
9591 38362
9592 19183
9593 38370
9594 19187
9595 38378
9596 19191
9597 38386
9598 19195
9599 38394
9600 19199
9601 38402
9602 19203
9603 38410
9604 19207
9605 38418
9606 19211
9607 38426
9608 19215
9609 38434
9610 19219
9611 38442
9612 19223
9613 38450
9614 19227
9615 38458
9616 19231
9617 38466
9618 19235
9619 38474
9620 19239
9621 38482
9622 19243
9623 38490
9624 19247
9625 38498
9626 19251
9627 38506
9628 19255
9629 38514
9630 19259
9631 38522
9632 19263
9633 38530
9634 19267
9635 38538
9636 19271
9637 38546
9638 19275
9639 38554
9640 19279
9641 38562
9642 19283
9643 38570
9644 19287
9645 38578
9646 19291
9647 38586
9648 19295
9649 38594
9650 19299
9651 38602
9652 19303
9653 38610
9654 19307
9655 38618
9656 19311
9657 38626
9658 19315
9659 38634
9660 19319
9661 38642
9662 19323
9663 38650
9664 19327
9665 38658
9666 19331
9667 38666
9668 19335
9669 38674
9670 19339
9671 38682
9672 19343
9673 38690
9674 19347
9675 38698
9676 19351
9677 38706
9678 19355
9679 38714
9680 19359
9681 38722
9682 19363
9683 38730
9684 19367
9685 38738
9686 19371
9687 38746
9688 19375
9689 38754
9690 19379
9691 38762
9692 19383
9693 38770
9694 19387
9695 38778
9696 19391
9697 38786
9698 19395
9699 38794
9700 19399
9701 38802
9702 19403
9703 38810
9704 19407
9705 38818
9706 19411
9707 38826
9708 19415
9709 38834
9710 19419
9711 38842
9712 19423
9713 38850
9714 19427
9715 38858
9716 19431
9717 38866
9718 19435
9719 38874
9720 19439
9721 38882
9722 19443
9723 38890
9724 19447
9725 38898
9726 19451
9727 38906
9728 19455
9729 38914
9730 19459
9731 38922
9732 19463
9733 38930
9734 19467
9735 38938
9736 19471
9737 38946
9738 19475
9739 38954
9740 19479
9741 38962
9742 19483
9743 38970
9744 19487
9745 38978
9746 19491
9747 38986
9748 19495
9749 38994
9750 19499
9751 39002
9752 19503
9753 39010
9754 19507
9755 39018
9756 19511
9757 39026
9758 19515
9759 39034
9760 19519
9761 39042
9762 19523
9763 39050
9764 19527
9765 39058
9766 19531
9767 39066
9768 19535
9769 39074
9770 19539
9771 39082
9772 19543
9773 39090
9774 19547
9775 39098
9776 19551
9777 39106
9778 19555
9779 39114
9780 19559
9781 39122
9782 19563
9783 39130
9784 19567
9785 39138
9786 19571
9787 39146
9788 19575
9789 39154
9790 19579
9791 39162
9792 19583
9793 39170
9794 19587
9795 39178
9796 19591
9797 39186
9798 19595
9799 39194
9800 19599
9801 39202
9802 19603
9803 39210
9804 19607
9805 39218
9806 19611
9807 39226
9808 19615
9809 39234
9810 19619
9811 39242
9812 19623
9813 39250
9814 19627
9815 39258
9816 19631
9817 39266
9818 19635
9819 39274
9820 19639
9821 39282
9822 19643
9823 39290
9824 19647
9825 39298
9826 19651
9827 39306
9828 19655
9829 39314
9830 19659
9831 39322
9832 19663
9833 39330
9834 19667
9835 39338
9836 19671
9837 39346
9838 19675
9839 39354
9840 19679
9841 39362
9842 19683
9843 39370
9844 19687
9845 39378
9846 19691
9847 39386
9848 19695
9849 39394
9850 19699
9851 39402
9852 19703
9853 39410
9854 19707
9855 39418
9856 19711
9857 39426
9858 19715
9859 39434
9860 19719
9861 39442
9862 19723
9863 39450
9864 19727
9865 39458
9866 19731
9867 39466
9868 19735
9869 39474
9870 19739
9871 39482
9872 19743
9873 39490
9874 19747
9875 39498
9876 19751
9877 39506
9878 19755
9879 39514
9880 19759
9881 39522
9882 19763
9883 39530
9884 19767
9885 39538
9886 19771
9887 39546
9888 19775
9889 39554
9890 19779
9891 39562
9892 19783
9893 39570
9894 19787
9895 39578
9896 19791
9897 39586
9898 19795
9899 39594
9900 19799
9901 39602
9902 19803
9903 39610
9904 19807
9905 39618
9906 19811
9907 39626
9908 19815
9909 39634
9910 19819
9911 39642
9912 19823
9913 39650
9914 19827
9915 39658
9916 19831
9917 39666
9918 19835
9919 39674
9920 19839
9921 39682
9922 19843
9923 39690
9924 19847
9925 39698
9926 19851
9927 39706
9928 19855
9929 39714
9930 19859
9931 39722
9932 19863
9933 39730
9934 19867
9935 39738
9936 19871
9937 39746
9938 19875
9939 39754
9940 19879
9941 39762
9942 19883
9943 39770
9944 19887
9945 39778
9946 19891
9947 39786
9948 19895
9949 39794
9950 19899
9951 39802
9952 19903
9953 39810
9954 19907
9955 39818
9956 19911
9957 39826
9958 19915
9959 39834
9960 19919
9961 39842
9962 19923
9963 39850
9964 19927
9965 39858
9966 19931
9967 39866
9968 19935
9969 39874
9970 19939
9971 39882
9972 19943
9973 39890
9974 19947
9975 39898
9976 19951
9977 39906
9978 19955
9979 39914
9980 19959
9981 39922
9982 19963
9983 39930
9984 19967
9985 39938
9986 19971
9987 39946
9988 19975
9989 39954
9990 19979
9991 39962
9992 19983
9993 39970
9994 19987
9995 39978
9996 19991
9997 39986
9998 19995
9999 39994
10000 19999


