1 10
2 28
3 80
4 230
5 664
6 1922
7 5574
8 16188
9 47064
10 136946
11 398746
12 1161634
13 3385486
14 9869934
15 28781908
16 83948652
17 244894048
18 714493794
19 2084792450
20 6083620812
21 17753709802
22 51812911858
23 151218254846
24 441351052720
25 1288175317718
26 3759883395300
27 10974394864558
28 32032598613540
29 93499227284548
30 272914897490528
31 796616196503276
32 2325268628215606
33 6787327466845152
34 19811884873076748
35 57830085479753702
36 168803987187390244
37 492733649372736498
38 1438276091613885586
39 4198292671148784244
40 12254722597771173864
41 35771282875802115074
42 104415686848560313066
43 304787494866390721398
44 889669426504021571742
45 2596930271865824046118
46 7580397699236679044008
47 22127062185615639389932
48 64588555457350608654684
49 188533020791874859777758
50 550325088286912961727570
51 1606390852674536938538108
52 4689031524528454886268878
53 13687215278006171443971622
54 39952784784356619650266722
55 116621607478366767017654068
56 340416810599136769426303970
57 993671833739018139809110716
58 2900513997349241458066907374
59 8466559317390248102192298740
60 24713767020704546021833999168
61 72139137139509008636576275308
62 210573124097755270311902292436
63 614659982119138328682571885770
64 1794183831683623305641796361836
65 5237197348824461323134585258432
66 15287305365676695824306957297310
67 44623429306116259721921216583560
68 130255162536737662916760518071938
69 380212987786203220738823615082094
70 1109836365501194668609964884882172
71 3239596748152894329695534018748080
72 9456337367605932230591020770596922
73 27602915853788326416716930493403530
74 80572523400044495315007874967410978
75 235190063353405811263032204868633798
76 686516489431260939898682000635929990
77 2003931984208676048346488392286477196
78 5849449298839331347828472871539259412
79 17074460297100878915667820661251106312
80 49840109651654795892197743443347467090
81 145482579653580112894516975272195932018
82 424661605510860909399416586697901106796
83 1239581258664785065489705962004762166146
84 3618320274146509308276105520320591557162
85 10561826032011891985633894196763656913326
86 30829821762682629240033998484295998783240
87 89991816476601214375679973643790687013422
88 262684847651007156623540678376466578338284
89 766773378820638267830005591965449948601518
90 2238200717434443138574876838380836931025804
91 6533276441148207966786791632385436801775220
92 19070542120794896408167551099084710232011080
93 55666644455994564370068759982450963418610908
94 162490152894952650669143095974563686630883174
95 474306472860019961384484400077888979710826560
96 1384493928950208996467762715666270799965029788
97 4041318322611179505443120397988919759592450670
98 11796551391938728369010369447213630693981920836
99 34433967738735951273736538723551627559566124290
100 100512267936480837475180750161082113997249340218
101 293393897630181108518920442850457286839406393476
102 856412664184035418344070790500767073027810157312
103 2499856531779359241623809927555207818433461174234
104 7297046086346131448398420065416974523586001782778
105 21299974982311837506134833814392197637248398132278
106 62174327649663101195994116459892793557391286690518
107 181485988687698483594413569455682239333022697491198
108 529755050598169156561441796414504337384554265696720
109 1546347548169218098208919783211032635834394292969748
110 4513766762636982276903344169521799244200945120353316
111 13175621749204409636262796281709174086687026956375806
112 38459454731927169602526492987279428498921407724380546
113 112262607900573042962126416178958320848480933395000300
114 327692974861023646946967508716584577017729826511722294
115 956531188624928097203740817017936927396412249462612830
116 2792101097682263764693792392762701511956497584443361810
117 8150103867376836351242545699199894871384557031191386108
118 23790038657328877396440769720710840177396676617852644842
119 69442788524775709567188431118419830849851730649909324468
120 202702523840210974280924448742168750340870748009318442526
121 591685818557416381752864632791961701440454702777375010156
122 1727122589543760685302533813073567682276867969896899443088
123 5041446568019936648574170816253765974519245246898568301460
124 14715911685755919556290909660913473396982619242605791718724
125 42955539411384198853542546964026349777281988425200898359242
126 125386615897471081936982694236926575060605736488650062918044
127 366001769775316281848904096526658454152635757433991696000240
128 1068354022635086651266311470903938398494415638351386627191126
129 3118510378737377444610774926517217049767451303565652464499128
130 9102887971822156729618792565048109868399539625820739690232770
131 26571202068948679192027759480943451261072349165734600236679862
132 77560965440243088926338370890593797869020008112440185049397116
133 226399368173583076383769761187375748371906388826158375779620488
134 660856574160211811164364598163031404962940387449641790097329122
135 1929031053107553110497376112315637341625632999917294029567013370
136 5630814535789293482090382919313505084449348213342411162268112322
137 16436268501421696968109181187121349187765117993175678537664195166
138 47977236780532487888851051869699494305128594761418945997675415390
139 140044879949252357985924774342027771682360594462153424158983404100
140 408789036553239173777192229945858429395713193432043936458852126428
141 1193249453080184839019321392327986943897943170477859983224671191632
142 3483078385079742884694927958882440757755894133584211956366877586786
143 10167056859144829751780243654143100672740681262170217441369630740034
144 29677496096521917187428732333695306207475007973787155262367809118444
145 86628194054690818351803621543645334509191075184040085079766599920474
146 252866481079468840457464895940028703255774474259566587051267733407522
147 738113704796216012040168426503390343928899295130222919464159117212254
148 2154543531757285159390957371511729102096951469950264445484881193089408
149 6289082291892642669324917856904676577396161785789377420535195510225830
150 18357742831001342658473087606910685672361811080737202425054360048197812
151 53585993346536741648763850107009390722623821393001475720192773349883982
152 156416761546847160921482718232421148458173788860997571244593363168875796
153 456578328866315462556289445701259999557446349561493872768413097430878340
154 1332745725770073321053186949774917340942338734850622837014528691025357104
155 3890266044752351568911819972904470857201123819627067517543736815063341100
156 11355631915614237889375472244666429233367220830590654559632914483220724694
157 33146929983583030582604074644703923018020929830631840684740532661132688512
158 96755422815862280634544377647411960677751080557053809178976546998373489516
159 282427719517701651963018724569750870921928810049506885054334762061489466166
160 824402544380103211782613659084183646315085185721051919061237385130595597412
161 2406419441905348977306288062078562238223732452541496862551863518650627818706
162 7024304534060354051199272697439055678161957221599659884142260771988408652866
163 20503846223979085377058937192703988597903325769644030099543198855925332635028
164 59850438991939238346399847473847288050992697158685883247701538483040621218520
165 174702590352956921011064100326870087788112192006802587631169446837751980928530
166 509954406184785003309334412538007406647397517100657185851846196165310830119498
167 1488549745380894206302919669891975725963513877090867642760201179460949379807510
168 4345055788518128470436578141949030116803273140727907855060580593992658353254702
169 12683156786610416050619591319799804086509578045441557531152633108055238415925270
170 37021956426617858904499628544101673429084523653058274806550101618019909342600568
171 108066570548221701625746619815374876775348320350106530053544220102160115698330972
172 315444800795489913376419573952834535422610388582774569274520219925311839919626124
173 920778940648484690738831843884209912613517846780561827250084438202628564019344510
174 2687740788257327449670920123537099234718349079078639892116996626664877318257814930
175 7845477590717320054863601966681478404820531793696576554990370816883230894120455868
176 22900838836603848301844013232503720330113531829320163121615920172302951669983356190
177 66847226743802634943155551341097062107452718810134449466134795900940737941149834326
178 195126115476390126702643466585565033244098102988992919661091839821284777186713444994
179 569570389012964851965659991011475069914379803345034005864644228365238743425230603172
180 1662567961486596249466881308982637992728611168172633690217786918096459905751178684690
181 4853012515892531065204420705180720942786569859605941535996563919980998253418395171180
182 14165875335616726873796076380441713936704823178378169388166574810313397131602945618990
183 41349991034863045825290449019308997571334032359463445774778370110537007844549570860868
184 120700042748810149923821978879501919890199819438295690438443113760282594695768205651456
185 352321728613715758305583102386464945228554224202980869796803152868428416475475663261436
186 1028422174726863926598141312120549032718103552405054834964169034660180944275920772457684
187 3001949875846397674534785445473558935404578262817218507515929438889992745532230687329418
188 8762649501881460393250524078280030752244853161326054262106569752057734007239711725708972
189 25578050756485133940663107962504431943622565417968784860786668961556945436548970027334496
190 74661970715690065187291457208036672325771506247596733191158456742746982541608982565731342
191 217937243311522034230978759062176549850357602491716861011322028191649950420321370198270888
192 636155750604159052138589449279403633366117658597441726082257759757443233840293405226570818
193 1856929696262453378959768685959439534928391972261565134474098177388190819992209820380745374
194 5420351688382307043786782017310493027770539322154302021319497566441287481783751165584088508
195 15821930407426909665460175790712989077481807977610306942135035096930412644601021433547542112
196 46183992517314273212453561193746688972460194965473320069571557624910801322382265826986266986
197 134810425144969410885526413939137969663917863513863102098160823651173670656180097309084170730
198 393509736538132031737843970905977435968081883366719965828827287976123957428569244191313682306
199 1148649391052591505733227519965199049578893168570669633692417761985059027717819135319727817686
200 3352891430775656857515713016042325052213737403085910859439688826452822657967095040842684313590
201 9787042969018660311600551789949018382472621602293194078062176011124600850667646454077660144380
202 28568240891491807579720945510732785468421822188157182200543388468410007625967982819197643471172
203 83390293699317316222497389329834070899523731637154361118403938809601090115976872982978996920632
204 243415095443605831488736483237914340359100320793592334305997639381362942206933807269711585020306
205 710525242943289939299253549363529903870408422788840830461423203900871542153840880291300460939378
206 2074013199302930822297378974406317784959029371960925899952164923200536365874824332494774113036492
207 6054015383132703462035738226508793651337912892305508413914635383965062248987364254404027991898098
208 17671585827672520161249814674450765933562670250137031959145168173164457940455409052403017795164250
209 51583110696227150973745669568966241955819272165667486164139361706560527829449747577350692145656974
210 150570375236644702686496629192872962856510611193916820376550690226985996474226864309155347131477016
211 439512809384762516492689944526672567637502063738835217160591339850064995619368480327757572965808702
212 1282931714221257640570382194620467821165763651268027268703136872192112222197137076512356737404826428
213 3744859645066255766863114554388300899277424844157596146015149526945208082499607596517421176981126158
214 10931192678293361777112789430240071286827659011001972842315284559255546719661554732586298651447506492
215 31907997814390801030885616270145048992325971046942997345030346307146715692412373524513326966941978996
216 93138997224420227507978521096054016344313740859665180188102611670572643377921755396480779315621085080
217 271871424037082993476736058436823017003949179113240630128015251800703386335868860368929875200236157532
218 793588866217380401707330377957595114394572166351589217139972298234228672163877702572285155743851986182
219 2316474748365924147392801112664024755339383115107450192975650676352535560437312053555386624926575794336
220 6761757237590954424777224465151199454168082680353097700365781651289919171896082314832769416247955593212
221 19737474355101943209795103871749428371688618431215452090158144341582035773804542462832133875851623462206
222 57613410276335238575158425900957348113153750717865480402978518750550227130951141037285276776819636395012
223 168172734968561118260426217451427557833846129199684571157369382498651908910017498528983125912465142121058
224 490893850080296069422038695248984466212896999417679211013808291059378197395337305099319351455007270003370
225 1432912249965521177337121821645933937828038083134034649752717524518502617873731158805530160221073620384676
226 4182650721261636976303925646371181182980338519703077789863304587177604969210933704129850099473900359303280
227 12209098677529937624861773235824340184704470310776041399207698345181343060252781791959731824785644438307626
228 35638187468041992461740310726922642455695010618065895841291342087688128562743091201332353097013515135096794
229 104027368403927046492728749884290253230861030619724567533036870517544583252988712640260512043569981239112470
230 303654426498276592644317597328920588172974540883548920273942610572114684148146016686172843552692709057449510
231 886363003762349072173225109626118499110178433067066912759961185828840854314037821963392834826709923359211630
232 2587281152125977570234483525477506880711651813584256175001918233950390295971961242974923472234197877192160288
233 7552237324586171578813599842511595758270572264818698352042770037003627287794724439542016047855187110917872964
234 22044874620605335352083165744009857517424080100818264229108017861261845142998659416943030948888440090050431124
235 64348679225972091734992512624848484809038505827825710585508149535886118717752754264307132852420534139413837662
236 187832890383358884817170694194742852223420538672028789711263036857575389085842385491840651672072468386690337794
237 548281567456428778807829320193574190436474035630061830578859445635924365911321815119192785272014833804369158764
238 1600426190530001756943946886460412654539951241227999683968639791906245866897457022123173497409260306528110126086
239 4671621559734308853460430721026557926435194584605544587018448211289861798520884233207853549573120734258092101518
240 13636397683636445547298976434292403832179613857187679540685220865922202703859358551821315885798150450252548696114
241 39804453209360800294163303508915958673661112213406973251657376511498814911226854506195849376426972199902005902380
242 116188639555258236908306339430167173383408962704908524963343477926862275062761846069789639149336996436508932152410
243 339153006089453715419322615365834792300093484218974364642314372787940628892389738285724604817579871169306525069796
244 989982858735585088157369029286980843706774879036688444129201710954763192062582090600367128553752016817909034872222
245 2889746052646759967876975206112907660832910454158549703284669053979105825277858775300100142668814068400057377405948
246 8435128118736351262263158292245559401856600082819432319586715078164618495399065705995196160812539119809712027795344
247 24622020441667557038574196074396102226934422776976722991693344398952197409969965157215100656496988282254937645851172
248 71871331661612646390215460290389977273814002077825720757710480558986743854590095463955220640030284793570710658723076
249 209791407128881633936918441498014865896687072625921136724494967055482979282844557478775747163483497452267034751185546
250 612378169258602244363632216705945973619223527797004379975793962556991239708252890850988454059301545710608254355099804
251 1787523270455678764172006363700048213982034379179681538998097936661652955240082591019423881139173975108269803124778128
252 5217755306804940096635353022306788175012607659423944172509712500410456579358381802711950716589196611474972636255343558
253 15230554416643132339686981902243892101980834126221555124642348920177112295300195046337153204543612163397777538487770072
254 44457774310687803668185242412833180051559616636425675704885335261906225392424107629549990919701206617556591162877376258
255 129771618457975909049545394442361290774834948963043532009411028527489612472633319771905919022136056987775754793035469350
256 378801530627994511770747036198220517071487973117589973628315344531853619727769245607525038558743893608227960682334106812
257 1105716344691949637738700053569699939169010362809435583956011498198784036225149172030952000561476474758078499921198600504
258 3227570471777212307443699826453110943281394260336089798566996235052917872605080346613330329117219596995908916935662491730
259 9421232850808939629675032583461221349667199984181608441821758608764551942550135415979872530860411863311994400679658491994
260 27500446297083455502926834112552880416012360554280684558977081838920549071369140355650128206882078989332547743943493806690
261 80273416283712252342915831952378159060626131947943136264319654825591543472941694107293561226615689854811494412644897908142
262 234316974068219222864825182077350337273819741328240683645414835085227045265914229410888987795875602206072858438806884223822
263 683967954502352694733326102727187530607391294689046984640633099511901779720133307897314347572024045260530811737478108528436
264 1996492847547327985482506599633856031113183450141320706566010633469490511620263954100210665410436001429951072512426011188684
265 5827734565733850246981171910210327291826751926419073209662088487897781029552445899327120743691063218320007594870507759713728
266 17011075301557777406641326828162314835018360667811780142561227047889453568954712845215972521162681264262691312056460962358754
267 49655089752501386901053879900790246969326356219627310689510871803814585262878967650097835453112160073163135008132175955150722
268 144942509195946012805052896528404609413672991972224013175870479533195798207280573764458357895627802977991080146436031825634188
269 423085147499075758722824431852315609343640078413255870854081906502835585849542890372850279160543841709067916606061512911750346
270 1234979600031108625380338294789401370612720319057374011701002789288309058671506403414584645843382204914915973457609193183749714
271 3604888097605290721858520299318235906634533898833861458835572154009692349749209183578834481547992894551523873568212656579174590
272 10522617698242908525999826779137354752536351876456401275223198943073259301610538432636663021935333817663834769309729535547955152
273 30715373189234161102325989671016659866133660067964478286633095867114759087732621931918861279043091412659102273123792886324602614
274 89657742703268748069375395870928740192405657377987706625754092755192672626219051978840029532352952581648217743353268265237986692
275 261709691011114421624763088795663211314828178538683652904729226937851549221422379684546649669066710343356345766143077010021146990
276 763926910315085370591291004111214418439629734880093875649971151446727191613990401663039607619977837667746484178739736850780173956
277 2229891915919798813457446643828545742126167889803044899922864108316655625320722858270487683213876089812854444023793947052107221060
278 6509023166409431923770459296209349260963838452755976057410093823034554661675437202618197988667619496620248372308505207519966051328
279 18999747152937106560318783479984903090657544967239615431684514275359415531161700260795790575968981228739182134645336705244393166572
280 55459994940327516739588537497516094975756003396422856516924109211870113795999072427156942248402368811708586088117057447413465603958
281 161886945864207174268267238340316948243241786762835136365996819839114288686363215905561832211055298780689323734521506785018691161760
282 472545720017441777503202147680153192616205094406754679902962040021234682034082171780036061607068926685697899450431040239289573184460
283 1379354316154119646514271281758965837523550133559281288807425142777257257662154708413911535247409208994817589881051746056910386041222
284 4026315865103535272199085893597691713986370119462273593850787417286172281563302482890816290539266517534128202910578588712821676021668
285 11752759429342372474425019584221030695782619192768171316612491925788511413114530207992032503386505365814718574422397095209814450268850
286 34306139615413445261824475498848835079809552875223266193026277944934896724234440942232598187605134489875345080277713164838299075382642
287 100139139441067758200478168587354037067542591150069090638825124645652747359763492135069513532182406125922220580188766061746644368691892
288 292304740796081561045729520199684086749337307924164413493597759711295804761068733785014118028417787118804542880360281603526709578682568
289 853233430692175929105770942435141477361116833956665595072185753893627147890135801066683549766067561620834579804175546151078177886150562
290 2490576393896446021474330454610234013523945213706989951977507226638278456022183076130433188466654206236321622508883108826768595900796586
291 7269957494283991502775047359534948781607286244624639452276708050533676649427155691768962234173156710594046458292758356258998073258725174
292 21220903762767086339086649506153244515193863421029520179280123224335024565437888100951140264776790079408802141173867518996794271533939262
293 61943519871016023041832650030591378066031626989453545661830682830962126436957700836762739615963815159354872822569197655520495850255401222
294 180812264025395766562644664266777034629640968419335985747252430398892233205037442358549912863222004548432357137218392206223563856970368840
295 527788457776788958291804088503501130308843176296550824806170618384630940866626284959106561501042951833782173866039911229860438754453694540
296 1540607091360110633697955388061212331932236894856951118649734120445301910329541159919840859344489064443583111035375189730169257363218790460
297 4497010449881499037744245358276434747015626473111226203375654942985832020572329869206154751350732973748829719483311736702760901321744634270
298 13126710307746035424111757693120057122792047249920959227384442971408995233798460854312163213723918362022168650412899589726554160344300407378
299 38316682921656670784114227830771437345751673752630413412289613798949846519391727861127362084323705205542558504738676436234824274881326690428
300 111845858992745044345207963651568260454889774682529270290361142126882139320048709167408633714619672021610210736132585683997320052591559751278
301 326476490655578477246984778056412642544775479762602852948259353280673056173277875302807432306964807214307243225686144561848627877647641025926
302 952980288324271804320869560454008596055243462529369357359165315099634929740790323260552443310908605473668092680523772769009955075595633143202
303 2781736069604785087081151155103001978290313747498578406209112739740251239914563802015100979802641545591779516940432935707253163218632608086420
304 8119848496076384551812329658212976677117810313802924924941159879688174187653657981931213318217122352952422123975102868783017152474154989929666
305 23701723653675454063520036663388756470672730974254222692314192173383323854236718737346258514714396438534638915744795910081675684947493778261276
306 69184998270183716298756307137973412964935281750408278601889399520475589011069760471041026113476283472903093084515636200419346850737971536190702
307 201950037709728580427315843222329893033688830096172470693031146392050342221451625923544838287435799473101600482583034811956850431663246439836436
308 589489322117063295863644851411808843107869442182525231975044921859318280958256253657777206034066451120236064192996827054620159519173554386864448
309 1720711047301254027036774873707647103422182209415557374750791459916493621483857677624402217213586251741558884787159923000278836606357641138651020
310 5022731366314046627740534377514575803807026624292459848366352892247299471754216999181085979394432103118978186866923323559862680297553884841981012
311 14661282274976990558204241131618798576965404792608337120221545155010005360962621467570498913875935065784222847333920111082329630980161959155068234
312 42796076929015382293611431153523203692757872545139960533573771852267390413245502387259654304441838522505428884796845281411393926195168627530600556
313 124921147152326895673723714373299885968125437783359670864123236293391231789545906459122658764533563639638440266838756612151982787785918350919943680
314 364643073049367567403838647227565885177559283577705958684670570286250795174824480667172022115811938045532885836812386988239184340922951457281959806
315 1064388005985499726700891083198117870734844598309136566873327748673672576260754833605307106857839008690904700134420198432260787199457111732111350984
316 3106933631870764885044148087075868682181182022339350911338605111431513074724340494275232505666223331398986133166683228900710896501489923976796986626
317 9069095610403905602408547192787875383032200188677463822634189398046683481237349046632972285817521382845727896208945470461397194155811719474939431246
318 26472562640845162999460001538158778772213455770663286470536313208062756255700845148194725239031072056408969620475296297510818110377179979206549887356
319 77273038335766317650520193240110928824371423065821544950769886301097000458945625438078531700708663955495420208898715112956973156062272323402088144400
320 225558913001789271094493688691122754829478428412700837723048678043916529549987938325202998026898285531431565043713952348067059618567128299950639992858
321 658403297324470281790627336353437403121381814698378295325596049737440516778871974504149997602573050655719539037858848850211116529590606937762348001354
322 1921869972499362369843698786485672596508126561564385194674443094136904659685265811053483916195533023531105093825555117048156587616041899106234136116834
323 5609911442127013415154074201973291096838434733439495035747829750089458566370835967084882984139586831837430289251373160515126440844908907520937955659366
324 16375252664767896383194526622243083619223223747101880044455665790867547494992211670991748196945444855602344306343931640434849269993965558477350472601958
325 47799132410781638937119386829640765007361934169558284038160667958828330537053420074854840244060873857173753708558852495259187438689722688087580863150188
326 139524995796809587143196694339947643124705179834458331692876242109467954280101962598113195978621006509387420501080643581160486782210250238972560877240564
327 407271502018071747992261570790875366278357442897341614839918974265791814543609536502578335616704733307682806868921952020848497633811651657456300702382824
328 1188819791097596620342734953706901742048955700958196441379898257454015501401273447168058500355612290911173025460096345490839274598576014686442941184993874
329 3470148264001593766516512503028205939059813337880468655757584386137745252978975589358818135212667217187037682517448379648831433397694192353115335669674738
330 10129314017421744027586047831101138673888549605435380841705539501250087713548286956488726478964250292517329416670573783997148085288788437657466687270785708
331 29567325271923744021504269640436978949327559432315386291383929007062372185882794548929592839736049267481482121021506321529343951375024376805854951450017122
332 86306606965894125593745800186089227982155050640270815020445233986469402426656904464554883050503428909061991587832404589777601438717600513074779518069500810
333 251927772886461023353774492607729050965853183450231023543703261408815236431134348343506946695544722084285510803094532039771466529631736887479843354020673902
334 735373628772277498605692997909497631027167638025725193743626810216622547534430586113995983246542927220491569878770646986716185820324477004528804682834091944
335 2146545288349069603791598431577305239508705851280768678951771515739176468723645418050550146133765816701527866138969430257538966687308451488626837096296630478
336 6265735531781544669587405634452682566690014655286900663649351728589402615802759627745247696495994874275427476255177564934979673131168254475595641260426525068
337 18289593966323721492743043644312825713893161107000557712363796358827695571274683357676467498007618909454428839250876521670055755473322309783638561888481480174
338 53387067768223155832656187447776690591164678585119228455559089982702243787119598454997347122003243371912490047561982260808602416607874890574194780565904138604
339 155836100579205404862237991469538902780771542565655581153332930320744345890580958703153960341995317984194754996073351847644554232348720732011610923665982245876
340 454883387661664790753341953358918126647507012730182395379714817312068572269657363375047694362789296524449095331463260958803696055586598871476303308691596089320
341 1327798216212318636017198849137320694385160281296374234811052117072046989311099532192057467170335561259110657634858111102270591286349026403542141126126120571740
342 3875824333879484526935205633746629120449758013445791849243488203169726326212047425477329434970127561616388258936710425916412700138750817472162954715013688134566
343 11313476764522394865533359025834942631587916857250005401194561357551720467987312748082376047410167718164928112532022834259632707002085689170528091098942508515968
344 33023879689942625899523110395364655136519351824153926940668494204236773622841864987460151607764806715247296560452597071401117454012525859201927349498127884611932
345 96396240737923538294090128889050139663350155060917362494795437738193376746987049699191775716116514742481101346809749917381610205855556640528222684162421037987598
346 281379272079701954160437063359831683274808716780593287823932122846290555689452146089303433409111618829017789484849956068934325011556322818750026288256145898557892
347 821342141042173852587509150185116384820947845028594269494230733842186936771396073594379921750760251011916200417710260890832349006668659683970863829289434259044546
348 2397486167569080472746379699747784604028478251514223657463675016196278361749905907549115505728740505097119260254755314167179526147377356022894178783227392405831578
349 6998228431810044868628641422934311642079781354121342785691779013827014845334007288647887752962886421032210658356685134596576535610254676100373869450202556086415556
350 20427730447951926523564092941583080157000355600237056773456951954181042348666106556827180206979226924465613183572557913294720641057905536329244227743605301072581856
351 59628258111353532089209140957654015750883676665114108770429048883219215065345396657510295315070687728811171191144663057245797785420719448279696007430314097632876538
352 174054047484784281152133326801329195816728207006492175348984372134667364984473361037138170686216426328813905330609905969236401645433111478939501845466109051333801146
353 508061318666413481283298113010876182796983040861262854219759694996758892312306444028891462185619485630333477945670718649667432346963530627748644264155106576859285110
354 1483023849517893122540420467236183323665422204015070478454193430228358158341113082511792555055535813348434454002148577608058122723607966967251634634711292295799651318
355 4328925776148177469573365752914008324187732726874734099725665344882361639951493689207213470846681349564487263850089605551090880588912018158311798829021076342263535326
356 12636073507173899228142878777983414050418642927332801611355294645932132123451632523719565465512577319776984781817237348633804100731533919330460405956534981882813914224
357 36884520995593210402211690957260512285265122537425624099298881654843420488425336635893261242091686723818657468748091019828742113660039373654448445823174950579869692916
358 107665398456409392855373948407049165290787588861329622598471409700994953393721560318412990136418623889166857504233482985184183859228493337956159577746833608191281173380
359 314273785097069324033169433697921149563953924878287630329094734942533459282895477127996382133132005700630044248835614117149973280311964352505552572545202290989585585982
360 917360762280810443946772715989282232739436908030977255657559296830805073349340897672851831998926264605027769346480280357138476927047183606950618740536241429559191425026
361 2677763173636964179389443174329110725749041880561537796237317836543619191467912562367200162785693697536167991125430332726853961199620653777200576564494773997246978106988
362 7816353073853613107632133319264797656123296538568293962668938362447324174470865899877263718434451601478542785093267613798165332249274971600285333574809258677447357325014
363 22815824781158853847188783542067438644081733294233759228674108106032764007799061975713997817411072308429217976640562837595306514249133768213734010401968433659519786647742
364 66599071910641749525848278096323538275879143783588729445208843894309258474366775326787664492768037115255584571866177288342720612483644684345949463098885035466257687707474
365 194401755005656546423223852806517022992335640673101327868947268390406145018139032579993621645647187129331850627290804683905409154930482134594894848794867537433718294309340
366 567455990978165351594452476159193869050294876847802657970045591843517375228322787024695464911434839843199564741157793407662693351291608908148119897066684081666689841272138
367 1656396063336167904835825174919456356862659101366225659985385421325101319535236677629430960690937187130231231820655000307038462924174004424967839086387315494408885154808340
368 4834996831923702102801551025767190264676534609799727325523382833165663096784732818094636725816119061861827883594199373341970270347711153940782693164643261466358157150035102
369 14113287807281996449059001720310550488161046222238929249024963144034610372218820339451380278279892425372590067291682681204189420512917736426389307650723418124862833271547916
370 41196488778654461134317816243259502830373023957216242518852662236546830691352628222959524540032062972677358337448413309874543033477388054889770577877900446532570734037068304
371 120251971820069346495538929855576246637429875862057441250331991748207634064695396040089871482443760927138265061550624628981902350276614536657171998546068968297940849744543668
372 351013815869359508791087899400856687240206610379853289855645202845480985108038074581333753166827605445469333131855838596094956346560817326691443840049605015890540649113529156
373 1024604395805886325517008373388733272561603670339395417318030357858398399829155304528676973660423321864484419033233095310508423862805941913084266785454538106179224973752058954
374 2990805832826436982043558071918655476099062891620955572466153120719034555735143426397119948738620123070043007899789607709125950841855503341160568470393926707538445772072467740
375 8730120196910879763721268359915654795212753487926760956455399636828403294924165335694863413348945627811035422230117866209783293837816717407865448221266297562584039908457939760
376 25483098172402882793660026280245671159651305468107467729272436196963150888606246106174570613886417729775944607145628622425536514200239502372162762450864617533344309748711651382
377 74384805457100894551101994495167677430008776232654671597599310878518816351997860459086637587363382549356793609539925413431467684495400177647296817835596279902948714373161803000
378 217128201816640154700477312586588207362785129882166451266805791304765601455430572282323025517436361042748124636378888673487471539996149837703897874763106823785884678318994991426
379 633794169849873707085788008935673414331451780470499069520380319940619981315020923797018408376225812136492925855500624118585262721408181553228613953530746619887131029609738740758
380 1850036275227448007059295811564884461953563239554702621471002535019533191724530991719319392940324205691677734599398437258411764404346611416805112917872929169004369927425456301820
381 5400229889252793610711324033309921229190048114433212046745341231089914685875788201276400554307417351394250090727857194896268700344766164369760053991255928700825141923264604561384
382 15763195158534895334412535974170717736682810074583089171285637793234850971705025787497079320334742647292348078437392827539573182302020552452313899153080071797606642650483611236418
383 46012545151191485994235522064517430868775868095661945147586893111868446449631498674437577196614525087279474728441808309571187959557261221914755753770215445841929708097020515559610
384 134309972692567570567269083539160962432407083599431707878715956860128662835646687399449968479912860824161191158745668776359549958372799458282757648635454714170476052535494584625026
385 392048922862314772452880464952256826556553356161598454626713492686842318412800361655760202166570836622138570556261067122104193774630455457803057464293316541437112358505408134456958
386 1144385296461360993434591368198163151074931981404000917101676766159954919714321161138205180764611975110858824858448023048942021417079356536249647394102792054844658047754160538908222
387 3340444598586199827277013239618505470792437808906841245935877347829410824719654003930207415261228753144312935039036592878857295289585930876786287993787254232121272359938015955626020
388 9750710840770117739178425199852106484287527029063565061349918766112661600151761399577215119770686244237115604430032598254413863132032010883806101624031434224899092647707845471321404
389 28462187919701390219885023877300127345782629120087137845723980883802741521069505001834532991295954067999093333227098417743117860002822046359758964337543299617478688433118028032693168
390 83080726564999214942957572249134926782505980771056424754763922093792131149492196624338725047751191732810731268695728187964973758714043783956973884679056145475633312409587284537563362
391 242511473328807343168301107991173263395176815326567781691207229811654543315013493989707274804121056504865588669709189082837279565708510479752527846891556044241795058885925207564617794
392 707887582688587806407909487292484573326716437734404129567491774064655248692419417090224014641873264481363693356066110031764683550616053219731237520646719461429189201179105484917068716
393 2066313906085890845287535134156258390381444701603262647260636234901881977680139027880040047685785251736094449102933055458384572702210158572093868224045040835112790968575968441118635322
394 6031541254428568250252277449621387305765933903108353780262966450255343967847537165111905231795311118436660644005593692225544604965090370372385446328431400013862970044575086684298429570
395 17605984161808933699113071919156129157696427751540250603931407583354034407716840896275159852332862605036765867109857115110245289954593708827663426447454991313454236823775905140371436318
396 51391620355456530032722347968642894455465793990841085463933160647048925694345315762963583656776968227973399783172826294972161084516856516652854860901449749301541851613669240142300752032
397 150011417622905168720772947387562528230558372104637532278544180134355190674139437530331824920601332681844603673205512533674600965182937280225712319086203508237819268099108181296183321798
398 437881219965160164352753406121674419430602879188001449670182044385626103338505392411421664151257257875254259489545298465331123292971984287315607541696721906973016358580607143159135788884
399 1278169127633790862885939464888379516373911980678607610542909104667122501462436803140714373240509053172836854547043040748648818325281861320882972032576044656628309773004310630293212455694
400 3730957721744978949006096691393796669743099800489774961013845920579768685822061385941907764939412019729126768891937873026978999204300807723456934836536495882773311193177140067177533242996
401 10890613159479099711821854241957391549077966313977559218531498441352095421996996986074751887249469872384740549626802378047792379972538984583928915288771021937455159544581321090927009868676
402 31789546769226655461151845492037246101763770762669584477335988633161409604580697777108346207330150304759693416652544857023925244910156660033555048330931345387226433992105371181738570649296
403 92793240288151499610661510607251960468358930241615333853302065889644380998772393614277330711717412185601648640331896180719168455598570105723480296588173894864377161979441412886938997397292
404 270862164398957625595423103648571093843678526959233759720524173866415774982294312413166006300648403003599621983897315089536775841362916003609118848495143867891465348886234616367947274761750
405 790642851516587032249000390071294757104970328185294384617635517662745053356782556643837680452603853684920255445586349982312671017732884724233581730316145239834204553589409726998416771215936
406 2307875372853978270205522033259575649722900288023083991999357866559573313522011799022218675777587936215300381425165311943323195237855119390651183568230423705340854439061604517197471291102508
407 6736655781316639266541368620644551937839766783931816284182792603301109998934593204016656894503111806255049554504364519153640322579846049079487729685914345725393582985246307555708502722951894
408 19664203556982234183403868892627024489508280383059139394190655449182522180639217271386310996787568334898209851483172339827424140710836911210579356957880671851271573005789176174595464849075428
409 57399533846281555273113628419355400657161058189212290063300653460753660953169784414623375787886854602159985855970174944175804063969450488201042399989772725130148224593983809753307786508570002
410 167548432674790911660168582019992870126955743488567372289458670557692548739336415215383276028161479833839748208599096307611849799697577697799622079724810374985778122572037621705786984259016738
411 489071520457958008742321766509637974656947859837908286211033541941048291765045411842529931978128984217651837488977022546719001039443019391084163029956271321111478705970593049693293050364084692
412 1427592895406697256959240252012372142328500697845411304515876339621911947234978813740271416461268259772807738258236016668182216825336965274893788194540666587323475089746654640347060532474411448
413 4167123600056101463447670330621351356981939400934166938259994554194020758037134668448066398745014755572229508152582848174742540600395041454316395990386852366741459375904148649200470929666983090
414 12163775228930058134523839093814626513368150689730988814285688840771454999120913992005890440216616944323830007217738347814847371122659631066641347105229809173110004574767180461906927422667399178
415 35505888958498988570419333525724452630532742242428557152606806423399031563440052137134746386151434795465563976764100660782543193994304875780283267022063815510252002892559771596237887089734467030
416 103641190913731677073738400292386396885810942285430181251928169182664083539113135041796738880276934659546507888620242412183902293252206757727881093207759381899982802816100308399947589385882177486
417 302527179831260146396487687322604217522469517685786095124830730688307853200387032068386986836372697220607806881955447285473102217469884703082099823878928393083612073711449552154069357886143280886
418 883072586582267343555656818769752196630467390240295081329763637217040024611319243413076554844172958434018076917448207490496475252427108261939602964859032357684014985072952934643419234154109789464
419 2577676470616798147730794601745389490713748409634180072083557835301448433584677673667188787458279704886046454427121880117312143425959178922159558898599822681056353988919913843835289810564847508412
420 7524201394233266671096698178326013124184618984558068244687503578999183678266499398054399850039831515358519247625162006896702080814472811287230426859112033378471230970505445347535063528959689034604
421 21963038133887715094133087594915174942849703365076190218116262973144840794026747952436112962638324250388769351800313888998242236891239288224491292983598816794549550558359083586025370860194746420798
422 64109799671272765916499791613272216868226113578266623326759850976792588709547699836149940405118575107016970743600118942797250505925759560265358566174347655416661825470746229940343325729174951143058
423 187135604320111232771593682700510149652696289870960691375255563082897958572181965689182968824273544924454910840868019846911159132759965255905486644495949701661600787159838519257709628931296906945980
424 546246199236610254437546662133464593431160272305888334598092595341300358767655862440693732169874552114213595992331093703755592315654312909805048500471892850187307050644040657970224978519419963365310
425 1594484979298914988719544764800123317461138449909888790226769866455485016679557205905044923107420552534723535152083204023311964412784947378100500455088688607313322330116254041353214069164934451365302
426 4654279247641247501118261312251322246374431244375933636497391651290415162436226027776978715238124465382373216939856706717012283251589838499825664474371639959373885663683074483730778842241558941922242
427 13585775718344340004664729192229953578114314865110099776239517366049536329312984064351064665064938513500930040412247293911379351987977902102921592096616197087850340629068232032428671788178035591778564
428 39656688404052030299378993085766899733336980540775520398903257558813455562228954523196625185310780747477398273340118442697087638585919887200298212649404878940138750984399306827181096618002781456060146
429 115757316165066908928624649831220460176588836265081502674284289947067394983989799896435658982928072578331590067778262554221860789048385512031196973634699181515395612209450078712679700104948078505323980
430 337893979174774060600612720430591527465062976064189624861670261501606356568900037171755594077846892748476003480167695228550429435515846185907974793801903647927766495693757828897727365222123111263289134
431 986307776864452097143678931198239861980137932221382907847021639642784447949172856947703009098262918070640725502097291328532320189873419456453881127219160493920509761163171810797589538788087318591304292
432 2879018540310006727576180262037115802228694237331025723756891540774541714034087312939926459240836399488779367878313521602182634052657981812773603482730438742313771387528230263451601188532079530564840704
433 8403814660976642877893273886572443582362045114886228384579605591844603075623405190189701587252493763697257097862405368438957108948433935682997668047151721372757532131503722467080336212545412798315174172
434 24530616898507819543416571303014072038479255268348552224251477062027556505778141291820745845689014789278914064706622194757529349177943907030120506372001824013379192036856300873437279419967559391908353108
435 71604526003602433731404330081155959853899539315824163045690157570848950323595020266481848121361718113865061127026409058500431131339706737716335273212737228410608894364914083869159725450389708699147754250
436 209012605162508638100466943984391937272358755818110455850900108001667205795667464891565187604879410032960518694722421610150813889333309763099991983372720323662581096516431426717577912307612460938915908524
437 610104857263085161371958397455203642825579973470756001456471291373834364783539071804591673325622420031086178182073179959689661391418680740751932079281131371377008248887798127026337914848485635293252466080
438 1780887504687097295341091428899970432732305308454460698236446082577503817027200244739114785513183732942753170562618600515236479572637923057725733285357181442754365042617022661624951431772438854622638409966
439 5198385599777347579272440952016099792495308852463911056754753158091412605559270195587407510310238901272529212947154057260918134849834337221202962035608916812868963037493214328545428427739759928545199879912
440 15174014514027647078467087154377293734254632999302453931680239904586426112317567567020798157563133240322627801280119638975238126968705625331595988066386402534612013732410531958485701911957941717272415342786
441 44292735129495506303550488275749564832988135864636499273658281569423273418245470656925813480138449272306784399169512519905471047345707077516683641819900496426336285458958428462525328202905791223625730555518
442 129289871407333413226579089238685170401446045924514375569864248732857980529236080863564403855263082109512390440356671210073092365281429406610947399924009827309915720473952803361563749201381237590018007778876
443 377395317757050051582730294112189296135289097706352720256574989473472546921607767107934416764105382849021548558845327443409354174726579390099936008339736721565202895168885330812262534225853575737771717330368
444 1101611629082850218425671442536281300243294752000959877647792417351105893723877399875425656947208485811975408943408328856221183069853288766775198658980932051113199571089712357142831824588222760125165248925770
445 3215588864596879598696140645834600105771997763055262980601138307616721088053578065411308260620727730884667437106090325393764237194240904946031285133265251494360489894344713676912595621777658846587774296020138
446 9386258707824330432558783790913338385910016295710781581531007872490464747761473175345988020667826953422039640004274505984316029785981990760684660975846083644029304587724802212566375186014960688329247320311234
447 27398357265195003723086770405104761164393703436026621506792042264234660800757346319622313271476262112482155778820867404274858022526414230804558981831519329473765429804530748044927138179055138641059518506795126
448 79975419834263648870600223528435281738358534836406582751673492682753201230404580861829927207719176403580036615090154336893669818737299535377089822309466247481774017375650568632856401249262366794665631909902806
449 233447126619954613799043593342948736506512882780214681029610578755012284757213086142694842458997422149576730756029660108104118957041229035887046288658060850712068850591299303264766142797115505365129334238971868
450 681428882024635300808002657278089793029573751764458306676305496894102424438505315544156715811655264963789744567016841394475005518922444131974015171407033209298253697227824980903445637963436608168566914467445540
451 1989081330665875007634142072407201903451124421941458559972621932210162400346088217442209689095866290412022091489815531542367345467232177362417387194184326889349170969069067107462865254947042833312801640045316888
452 5806100452109238541024384025770769156183279402366795849105536116907246989030359374205743068892481311292809897936474494034645297461107234872109197691718968249241436367176824802759712562161525485683204302789039506
453 16947925627906780504536547424359942832918724708395529305009292856083280862472653322350857365754145585094308565208796296490404379536754154420400517289516472668045801295770247973788808916995591854535886704272442098
454 49470756742542029815658558711184757360801608276453211058001240302246979946752233216612168647106860855682936240023919758397086562233178190919685558753877618810287068404697957504754500820288843247342350990355275788
455 144404443730264227134607111826445006619482854757015062200179475465923190022455249439479282712755733071955684490363906427372849942777105456228747685313518882557302605954848667757272374205657486816086686128000729042
456 421514541966061401394105793353399821975448322478213108460734337398385941063517885820897115895478957037343890403282068709422142853167016214466268840587983062515090200211874561178973456066074190358418917745412978618
457 1230395024551599611320417101087522510859992064423587619801562731052923164289112614307101438018055664559462475249393571026109225233223638607080115655191967036086835581534903310045844636099971142878521112105671470158
458 3591505786206593279505466589660330453356842941466733433445210636757001363939992823050438906383187169604294940828839367743698887804311089945144466045819239714121090702177940413297343826149479908132542400545758976440
459 10483554919328668298214718432687642715872680847308374673259446459904454642000327944472779701643472866644539953584542083716363230441226624360984709116710986662906807165254877989543469796376898288017639965740901234142
460 30601349486523780786784089448904028197760854813718764913470361671834029833249804116125293996707139177535860446397580901716459737013697477152112575255479869364850010146601165813649793515057349444993363721437966253276
461 89324909117406131284591215769379807724379667414758888792021558117635786988106695875096117382404148598693489044461983298326058214020404524675987251502152408428159003218233700698857501313258346364829032826653159997006
462 260738154451215608203633500996800667293823202783050871271554879536867963257493306357792076029278040036513176926104275491944199246019321901959569146194550214832000433640178163215928760846150390332974933002449081071900
463 761091008749521533672455781742375480558782639506818619228695525839353665985204658355702815651811543439942976339081814004675553567768632298370418726055703754338582332094684465644610820411488137614525930863500501143028
464 2221613959102193267705480714516362544609535924660166106256208641356177874681900079183671235279092371071790200542711055733519782352079937533854498888307041015665841913098910979299590106614650467104177830346052252421688
465 6484859926787072884632723175838595947511729505350695884360510456314379243592237569037242741483434584482449690611926788734547247227921353792286186149237193346645332600449600420946856410783664545556763439682238577900508
466 18929214996039913682351197481821749915572359974292879201666979569267422373276482423014103250554759431237124687095695658730100350676592906600623974364073602558116002402426012476926563282730614735546348830684450770763590
467 55254112565516860109316535036518354778985273351168343316753599769316173711072153570672288141654894334273186098106003729304758536293016311102999426790516395209108023882086910262042141856784471860168817069808925023784416
468 161285978105352734789580387082087025252798202777886141786520869701834911359366530579676263681887948960741117635208177097658538098764801147308799577855386081359789921015209718634087004543460763016116718602904094026358204
469 470791503574607965366759027949675566782969684237370305953163054183645251005625655529388589138955024988774877460413570628307507281350684864643289791598342257689981443362413913207408720333737811036794892557767143906050014
470 1374233783009089713623541293628793406494743781336935340496164594812128721147227437919288562918350676662451572940467903686210476093580750111686200057861913549753148155718579677606236941710203731787492315931795314243183492
471 4011369100810872609836785882095380175149903328558512305930732515784784348079631041802541375401816365622103772575420219648944772713823958131010474595422469571675396562592644101292747739325281259798588242204173639796901922
472 11709130034415546036780227171690026349472755785535239243978283819212757422456264557059136506316019251527055303221398910516517852684782723106593934825855824283160510763941653146444005624587368158189932681012471479389991434
473 34178786024735934893348019283431116127277265111609583438990999807640866369762891764845349117948144730575653813641932416968056370653376815481696002230506830996742345852601331303953158613440566186145858616708586562024054756
474 99767396099550951918497118599604898316271429146647862237117717684191535417972075032269613808301641268791408182395419467781059819066391435760721050275478351761353271529733164613001656104022481374462572135363982959594367056
475 291219627206218054559679919933951742618733355739340716771862822347849883599990355915119287866136967075589137323686644961729771220738726181528336861688330528764155912636164612715072605608558078370510816463403750141253874250
476 850065999372217146677300930039137366598649739465828184856929727452316573976642233233417215894247833639736623978560580752986247847816691927553059803965418962095432774393314636241743517232763150353926043887361913050146676378
477 2481330706384673349708811388023808342135027143432332065050035573946224584074043001313592988713791821483246646395522649959692655069814759355579293335741871998389684355879641189590011649471076628751595889844737007740690019926
478 7242969462364656462657173639999626403212750131443328848486494297799539994415895589891277394938271262459875571191947321579741525705205334838556129135907736177719311587306663044211764108118080669401455290853681977279469377606
479 21142126076851179800971811290802917921921007799091877063669598991190218465913555819903597811774477354751267002934742460937106418886267073056506201381847620865338040943724135517289645648777806868095301217207142217207991621198
480 61713568912872272354472068393145924298506737704605934354572402085458184995656285065307789917477293360154923558632181039341103627201525274692845232229854418657033254878881547055945632958745131967061895731411538266353572155072
481 180141040410022315531347038488949705661254611489288328544668200614871496239685663557350179498445760971136490148032184267260468782622758116636488208907043852494781104784239122708287431752404500412975466802432549536714979539236
482 525829165476065614870567588745015858981522773333990145811823712038688361329886017048960847008591945333296979085562198950607639341768980275622740614005271094331618306028303738283238479574990897062986280572964411629898273551604
483 1534887944667785228607580910078561902703410559478771457312363767818215161379181191115101386460279948514619623038100039514425148839200222865564887906346220448713240977281350899732028302669194270754395263157261684004561898421918
484 4480316341056459992797017210578235159935609653450559343364378500658837742723936794330293169867295281532062711869868775622844483744457177128898974698928934492534905396518872285086456604121354139243760313187620624646017075863938
485 13077980438684234906410471913969360101230096030480755669787893839413333996324152568158499288682761421846141037253335382107644762485044837818493793765329082258720294286154581640675474035166854895492386433209255078414318049596396
486 38174441118654966112792298782093516358955772236372364588722215869327100383824359095499580322437001575299484112224765585368234253572888602024637858984155951789180881460405701199911449918154323133236052947171939828272974099131302
487 111430657168674553362221008635172087858608223350415828775881094217358702689373766815384429689414778260621977771828146504891745634024772768009554777774645874238365078855067064737909347097818918711199598962497314502538154291667694
488 325264522365852868679988058257457572720231961130476667040726207686429357589287602080335931833544906973260923194155671171998417784532338265537272830858872196303598144214331840879803768762596066395037617352442205874785043365051250
489 949442569918075594016176376248355999541710272044508053749631504350137385261033282038291576991787934058190029070527471085464308711685002364934790854283975946286905818516134716658606979122421309625176325722919939897441582594476300
490 2771409519291844992429742004329324095959054781700450912728953444830438706669319440246613555950632560907103683889531519427795180817763691076574904955029386217400183542284836581450306759680145196415805311025417279030560742753204410
491 8089705440829559237157210074778781163850151498754224213984696182602512860747289664973908495433512599822415118344814190328108655124840209081671484825859149331476650804432000850223119168288013337772067767103558428270689625590389572
492 23613736499003423751379724122537375371514854990997788383836750303562044925897928715082238151398392587500587461637203299303263192356258602914428732466523597064728199008690697984035167657526806851758555923242253639962144014503409438
493 68928165002159395824553056190998443111076699411281510731359556258591974608560907171150371040123044785062356521493618567307075218192490893670503923790424458772420706316991492442501959127932784720602483516428432269606393026071571868
494 201200345009584691031240581645123274691374416474623602186398619863166406107888328900495142980899862866575111705201154246619234816912096686054922341779062272676833094054666860436926430939575103012671065173681199380573530510910476560
495 587300979660603122123806170527635955296136213936749188559812130547425373945433248956146223052217564974355079504087296728488776661835207345952377549236778155172979421451084104700462570265697512551976713092641060517932973830039683140
496 1714323306423122201526105397566026899039388796732773126315281946550249913896917394528595799957386648890622826145484262077538857519095479517240446711393753096098858837724539703330000958103239657678531378107812764982971105358634972164
497 5004085640456239630145749874788378399261290398980461750484289580938401952760527720822427700292383982589634825204558267531503801429931587089082421928049822453109987944784322290083283064012107825035948548069475524076746638504249499914
498 14606855663222167638100141877277378565507160439928248530699762313595744413578194694836574912077931104020324082986307588054531343733750023930701472130482131090132896570922630482079207999815465719337778127957025319162536541308578248476
499 42637206414147765770381054354867206756554890313643518334843434182162082705325519520160150464833538974095774437337069741214002330776378899600284403167429921764157402250068937462738267307529565695644903878537374602917748280636937086160
500 124457406351999287958463483446086358722459224448018976021879151086707528158367769011633009945206409115330422496732719110006948717203442415141264422346933782558145609340867796361000350089388585239046802095277705479337764567561859681958
501 363289420170054553264418892856287706831241957588756918690130782551300248113195862493439100336777913301692300815093790179067684290251109561792698059394690790419993598946421428057868332886820727489706711824558552545489149865977227505944
502 1060436712253358971970714678420605753513196063606584299690550902923524354329531644812661674805612130272477664033285906976346305161221180675438954946921079802790350294000671002802336728669448764734407874092784311473373474410228925293186
503 3095399860993272014122748809658769673463038211641888448742237585894227924821973935379336383288023360473827721086546370036637419422943954223519018456800602094595122900810170526890687789083235827202958573549665271163031065511676180650118
504 9035428695293944880274164812924499158055711047748714952034478741019507339994604121192478561215201689137768747544572185554256839188147303739764561461901678103671944317595872402081891613920549989102015320887835923063049637958479279480380
505 26374289388752636144016265333071543849482072754764512060593953034319383106598224424123170801292049731055636320829085341899912303084968675834451063084346338438832603175811860918373018168591926207016107532775220748014957781672644301027992
506 76986180093919739354038561856510388004046298686792560171414343016605299042329273274576106527385199723763131853999958217572552992728358946323420813965993639717193406944780216605066032700559165039196191094054777844917033072558145516267442
507 224721577824992292677108660800803400974777808827103701767343881109899313722590311494880766337528430753730685325739460385233929976085056768001453970208282664783286741339018915007289696137186244352601430124669502827920483175240737525412634
508 655959127710279395933804851640676294932557166924311522213978444387885091133993011439422238536613823790161214499447152220866865848017659688824035094988715396494055524766888248797051529880557806038071910692021809533582792869774813787061538
509 1914735475742895060169604490878038911790447937442463033193375437709819499919978969385848420618320931624619614770718207556279665299305414150520033498859635723377982816893195852422634468009674564994607983875254095332235655590877039511197902
510 5589085946354334494336902195468264706566689483604757527755704168555277813049911428639082373044334931211359383758747847477778668945026129784987377834190558539974956233522180980284604383424418637967691265487529425806993728676431065518561326
511 16314463335263369776967786518618185434272835248404056007247098022264147553526884485110140762117199479610742349445188965618573253388902278555233270118819411751546491798057348879717005294452882284974552054518619650175794474998477091422658836
512 47621689212216452861533022096947758820381129784537989230635448670959337923663539350797521927760323009162716475525316979429899761294478688996988632469594530547088417677277789905653641883628942487040837690139139092690641492860837078058494252
513 139007041593766444858940991684600520461935246164522599516043690153540861728148183487198474603607589956037791216583622160988255828770690303428882637361732723250814385693207718482775158018846740294396772853695670242652729076532170042923064352
514 405759600978080622221135324338675269329682703354345842930495601807537786064160081502774414923807197779853861581475521014559502961439108573718047003099554161302020383768765650749116526403780736443758351884351172638695480722050835921976272482
515 1184406573208261621766404868199235018078195210272206630168899041945807044535253588977481027634186472074361068511454607403138020093610614638562856520328318177820370857912616421870618647501138833277502841520913660973584008181158583663702877314
516 3457266143000565300638247303556326303122293417713127830601047517756497148286523253944015481975099183179031142974262769345182172090421262253052250253034847948683819709746859132769526624995193148159100777221982124603170025425141858182305910092
517 10091711287249238424678683391694938271232721454113644132713416981138736062875989276964450356126422792837494065136482479040771969779190198837979290509726261884159027959605724749651087107593002791902674399439142192885101284427648331558262851754
518 29457563430972756451923903137153052709767750731784345578505855671904937793582769016853476359580966994032099407859991292122316879804403146274795496429573002240497649434997759778093799043511061781470694804388356937842011615751402836679155457458
519 85986213694616208873772126094381994688541071825561653912584910387666067762170606037782481829077984853662999488256637855075632370725162730779691415852080597455699641487383103185296045168734588181177784306401832616007035444021976228734851128702
520 250992549430014057330135487539595102105457210385646672176601708652678940545255821269811189599001070601494322705410518696939352408535052079647923466324360593727662929934495284455235908787359934119939534015777547597152633935415169902605947632624
521 732643724645389876942449420477517021781374330097016576477946458080393822672381048665738482317590979640213974005601357027901557270347808247140245628660253313405749162216025924021685796100887608292587001454448187393394898469163408096133601166614
522 2138576736565402197513978508994756482309588731487786820352568289393530489042519310158257887545972535851358718849783058326784581216508720095952724212637706292172392184088966636681963441053934264634225947302206480439017055314931494467993651695140
523 6242475441105252969780221190162102693570724978563787407409550470864015116856002062771815106313813431435452793269775134216962744348655863422365165454230975795198224611797336723663841066070985906305021214318557195055506182181750510284961797452078
524 18221698088508353855591032270645756978054039077090191196556591730857587208892564645295134900505674648494646481870628053388392693277680937568911845609763128127781452930229968502731217189542885416318914234131990006303170206578820568312868703594724
525 53188880655005320837582521266573778443509362178587512712287691005728586569326917024935535931748430919704499198703997659957983288609587508688965693634543876393585695690857070676105734785419353415133081683619486144466193229849915080169783558109764
526 155257595180800662747506447716638225446162665338016656061207242474940451555474592571717490534705896700183921505880577553013741473258076052195616970811028937318526473396957849649056172733380970213427137657074364694061670928913460866886804419167648
527 453194738533325237585971854536715184899051170459209938065027871059004991060564442892717351541593653705314541570882984518866000531605688624291195002643246136582100291890101413341311988691007153718746824678992453415905283519336006535177636770520300
528 1322869073136894989042115143754195072550943241037657940262312492524635525514467034473063734130971620609284959663150122429129965160980388494471071909588079115672413206031469528526139401668838900184951117377303942542044700114022518521959810413671350
529 3861436234510441792310382860203453725444312540966299802061973041336217626243701307987244460594583994172480612486304824845493034161463364890674980718104542395765735511899673342946675887359316069210145170998558412647771025592209176559575131841056608
530 11271478104656824756674573743248742386288960635729941771468696957673869616141622584490916181075868361928747649693790176958649019441520861828115096346621339101969954447664336212978204597773381034995536421156130205901988268275996730794181366637042572
531 32901286191992576368754053680715765019789726003171553520783723809084766454735101526330702833355197875988668060882260265286276001911847966249963395853319137652008860050964404007327423874128626370155771744745381407277634084035013716035475708029314854
532 96038392040185697134755686519999075231699670478462940915586193403194928355264322385007964703211323700767407697249982397032572641651619186451839628826691205845571730285341451014944697575719290187580371307494375999130055764207123269427196939358027812
533 280334716759770999642488338073552070858704655479552192929258145041488445432324282444682079096228364151072111939625760732935153090040556118889097723172616372914233735515435572758526067233289915973995966727282618661250563466607831727838096903124729202
534 818293098742192109623864276521326438447310405369268652767220868730773155566643606543301783004472771952147268011813436929477869208126654621144169043983728808897747961464249674343959403215956190479090932389435556206244615825674542596997600801178610770
535 2388586055942926991908907713253482845060964943281852307579563601269784136544152123771491172586819632796933157087472768059307263982035552660097541939776193816899805349774605857324426783185555650508105392418597684861855932288110147138450505596721246964
536 6972249131044533461297071917820463443121798558345585602707164501962546512707651792424328369958331185739814152468945633910909204748985193020493733299099319282757007741181658275347833495767249028987045453444734040357442699439731014489092828399784955304
537 20351897234098563259037392992830591996488980585023109409874534544653946610609714495657444786760422419627365875891264141802438803780274003670013896151026713368081571593615412738722904251787914064976705157928064285700714814618399025244650899712066220354
538 59406902025782353591263243813086806952602020646700712463429192916911149161093458530288004812496650560724798383876856140608780101332547016083219502395673037678291411532920562009488747688302996977398431433148973714067934957088633577569575127775215951466
539 173407912181668392260332186871034955825762595842640611477247137295777907036869527153663554629850455378644397371330464230965567489625613914159112868757543845764190845139734288414653878403603467956180123895180084020722795273690528567693740030709567331574
540 506175258796609654684271599881841555238714175580651314947728852560715392160594050745533203488059816565887718022831689156914190692720362933255360942594379133049954768200130866926521271981796690551487301525768637826640937150225510595507446271019299179998
541 1477518467262303205186498260432949668663073200655995558233870978089385564906913126648372019792955199501631513910440987989341972979331244303023846113993570339261843991156873697579067187558008696085394187130083612140532451309807074610655665016667950082534
542 4312855642709986634825147820536007665136183187267281976773885103181750323228358816274634222595202967674277725033029373299725740242624458492577883244998186063537374007683575763942053865811718806753086114858961156596215026558191272716726067287463505515240
543 12589165013497725411740905796181513787427054847033530549652383321615117975521739386301311664096331709306380514960703978307033527191575807327355656982797382158562612562038333643266607114005340380975744431316630986408875420086356938617900064885603019484076
544 36747595761746778863225752244581970117470092867825626366618445854031104631680456059029435444717424222613819264110030795544805310369238067026752008347604733607799317050612168830902644966960039589761743311699689707570757533873698514156146319051057239583004
545 107265715622990615273205321288928546952425916952241056714416224027192796355374586016582829165206102590737289525525988602277359977725561890264421079244019809027228259869714363635239734380884808021526979493145522572948559799645429908543029876566765149487710
546 313107116522971245022479699746716190649435653805171303472374708585461966165427934666503365523936967634135959863304062888332152758328981985298805502326864446285901401329147408031751819737026096756953310775216552675829416587261291810004316872483734603589202
547 913955273107944462101671024792146719549250992071376781377844871921383895600404281393754572698260991408220688553405716599306597505994341461646930288520379427938763427692899406764673808398488863395313193504584604794918696554947100647742423110311967977630332
548 2667822598597927885426048080245957264670968833688708937907796661503448018118081924681951911119610588325078357282619140109757215765425643401991104180200482933289028102477271403247913650089311917981467748207369131843182243039870949841273377663021967397391630
549 7787336675007290849338064108789981894779824144069277831060584856701436792370443728861136644805509774824209135914007638371928826846923561055335902165442481887188005981431455772853031397606357779232027998620758741515856510541014865317322384687845392868978918
550 22731126320687247558731247752263834038462695525478741152783219424581103469279440429723492694313629460316770400865558534461022957505527603795279713413887608286864698439614090095958996877184788131492996588313599528940263269126249115090425825965500293689635042
551 66351838294773200272020439954935306674294970844491466928795959164918542317527284968107565699611918582798797574793024199864114124606992722404893139237896725903943838090675503283027871967788369998234093142133669966419879515129638299287054708366957874107605492
552 193680083555253639744602843772447078424399255966291544722073080697500960217847836506969560793360129206991540031158876617005620696520163376482197298246629272613999455316514303524153102524626079098200114264026413436896675671740632108535290218102409537024980898
553 565349442155922900516746247410087171945916498909040298245717824439106614337198190238950068416068666934898211298090002927975421635872696361569556419327150393321262057218056341644469167082606397495763450994652563803373478968479877015494280981374429164579947388
554 1650247076926890400429518909095780576441797753644620978268010830515333810185544260181592187783498895109349078321023619166054645892827779188716601051052389527525521812890123602711212799082668335000539608001045756849819719712819059132125070986694593860606312174
555 4817048027005318991227645216223606823623327918285084492292952354963367828395015764585943904837024712550579912024293148998302941484896303623720318533302955251691308090581131432948946461124117546001714814588263736771659218085507797426974808748761928005819377972
556 14060895497955681481783025076473669513140007037126595270726966174086062701841409910012401418663776847804037342845772940759416221671486713753213747758862865537993945365612019230087910686180596428091622850955802226590091764868650224608017110207247557941475373376
557 41043556363988073142207091846389805372299660531041297924452518191335170463089187379323292501098964728830171742910110914690369470191501040263731043488916303325889685988742748400091874204896083749409509159557110718057122326208781062494910040412704826901719476140
558 119805564250782362528700312736990340212726090756225604903100746920766659835292108311252287783077969311212433199655280941614709999640129386444699151765159306598921839187040114807243892456108059374050015459384527756509020365960126404093520094091308444000440426708
559 349710758447874148778850335422763517431798116020133131420295969084599190242886736311627274347380594806971049505501084718367744520613802672337703533609421013855250447331021889067614989341530152119306373291220398248853126287341825749649761052133926927101233127882
560 1020800789504138110427776482255685918091044163394058524547289708180816721950141965832052525361748476832805780924414154304307930986017047188738522895513723558444446342207563918680921403348955863747295616604180772268854567761784865069679403264797905369147746838636
561 2979703159482842294678315378045335837161667867068366630259867448133600049183970254553222050067692893763513616805744252131167651309081905323327973701927925473130439589689049207387085753677737626733125414278652040962857806255635095476033772293808452791343431663168
562 8697711649444252914600972565713471595395420568496059999000755539411297054393952067798624755333422040198439368550846629197292233042584038003324780657141777804461065912523175887024286958450149547539993276518074977158451286072855725271124572691140735820785277804638
563 25388498077777695181394859795882747883224951509051325399571823530899427038096180136650091914986557379918919688005402635544976573274744908622988991868976502430439026765255218386554231660865549734997789357214048087327593959000659090029894162692270045499032055375368
564 74108669110283438750825557054318459173671638100759937053546695519417492875279495455148213864475927037482501695370677614535584601927199457488107552183842082347965368661902962279487519565121745591684396118716055028708182979814399747612579680072674872865468233772930
565 216322163700760849263247832718813076910054697121558569581574608327542767498262802993674268567367819351652528580630937319443732088726806081453309494386483076868201201427315497024048680859242595644319933285741655749639901844724689018434184256702542329402186969828910
566 631441355916691078445553805581812111342047608774711365717297184090315285552057785699452091156367042462436196812583585929904108833310009145158391146590376881513628504595568583850729757162126827342580262129333230120073025139386294980659916566033811255390839771784188
567 1843168444420043334965438249566643373829364608019254327940013902431866796379181308467220001863585910534889475524044389183595483921125078927639968658417989839525897476641167629575680356952199902066413378904065091799554427836816378262138476912712598648362044220636528
568 5380182787638033011923897756830580213624571134585479176970394531601196220466353589396712559457081862781603504083280076173644078320665640032014866300224729290544654200524797991261204136681038658432106172771882187431157721391645748180311463990383800857359831923068410
569 15704677950638737457163219290157419657082484880723634628575426303824663756672663559914424826802730102875595135860235097437940547476486697092079651777893910608383820781234670255525955573316693585545318713315709316180606303209630735804136457241353209019477042689029898
570 45841734243671523580115851422977418771220793502032979954410834905582236077565710685189681646479982335395389902147524790334778906484522109949466253708689938796595849984947305256199702292155493199428425570569756839542413282169736392149367895596494169394568832785008034
571 133811378053883368852333889084938944401758623378887827219603927157348860611857012166494422090334823267144892214697760592974580837156371793228697291577342818141923302653113364166803214540998134584605372474328387383556827924195268717627325210066058507664783827294852614
572 390593532118631869506585987861433736263344352333214419135972993479270777178576569934897196258890751617945780951547186819795905491572365118234050093297981817397707164576949423012339764360884601147419521511315693254884832927196937230894139068702352767558288625925839174
573 1140137031332823443827348305726304330062571011862197551168691687499065079350024636399718474697835558126093120775531170287818402690893249429587256942090291396123364081402393425204100672350700877092731636002302416242935611701264811267885457486607761151355964739602627916
574 3328043972375895740774095734076134655113983447351403187969913700488700317634960731767056972740517819753742551629437827766496674958222863151016455881613518743076227424426428846549681863215973651277825208085088784013396042249623551633090750359026709547565621959673246676
575 9714513587125400565411564818141854613960865864590952018631751049459332817081670958853831136619171046146943846358901489308104634448430758377882933457831547284676374863045321130014043805103551052195258219274224802367703523675292010264198649721584855415986507118923147720
576 28356528644984177276742961911899748935866239216514276470856295013086334607950045479295024322470693323910860476129147188797280311911526987102895902141154935759663658700218614913698780242436580149785940627390329162460948500895767711189907361427997856269303735784669229906
577 82772308626905262540573722870552474374814841819367512714666350415928499493440095267462305193301089898888079888516945902376246712596864333448852025709471427013636908319122318156814189536543264689449857074187314539304780648151701646506967027562109507144100465290147077234
578 241611205701637754042241509021189715104808854287899485174717693929600120524681527524880042433464048560763180605170200811903943437972790817518547544650701572832195238240749260588005369106942478721609214003003050701424343045424301275937586245481815831721589708031550164204
579 705259714136134583776150080508288288845222158490430369296319547027669359406493322975308156837218594156737065748504864144540604945511990244841942057816025867581448026707336494807123680486064138246836378011095748008152025391726687411697855706668280198106190751826365082434
580 2058643194710114887870105322361641695399295819317449583551912712315002125516203359787427136680177158128996887338260104294056019242961628791554521405487708971453678263493915049471681219033019236800896370655799045746371490025968127614193484331600034660765183803521928161514
581 6009150555717428641468072013419572096361384996987984093340140305025403941909658982621840100979676901836791466004654713356294209404292320132016471651532370352061942343345389903374042235421239525045536859644573403171500764671980635011971829972343881001846084066855681542446
582 17540626026922478815596404268665889729274612231151868492151674067191743979357062690713895345320991625353207992136336360310793082856889503693057991154327896275395853972965898665705782927788420528151299256264376699242682990788323327350712542670060005084716294900640326629960
583 51200840878185871115382469774189799125399643333003502333663753653447842618476268088179367097399205408259989393995590116651212108576474600281270856618376836735865871589838677718220693145360589506012732365859896646834949597341037564792999988623049120507517667341733712847214
584 149454535009732421921243329825561031439563675440904580305821078280657363252887367440308343895408837452481892166895887571775431542806502667393546886193624655974439253706974623357663335463412622562167480338083884818224445355599054828536309385292970480966274051180159896212780
585 436255687443052756150170012238289877995429245709154781966929536334494918837860336986713901212979846510536418962245428800294970491113951797242175050636013977904290636113005286000251436448152678754501182413380360513522492248978192333096206463699854937157495249161874736527662
586 1273424221044995633056079598546894518981624651568809617936600092951968783050997332767040867392136182796942037985322650649175183914932203411825183773772649151717530332692574162233956612531459720055207282143244898338010046715277602607099448343940490083296200335848369448122700
587 3717107406091371406632719213100502270398142375529083613765957120501016184911768540013776843357501709952976658828214707803473309689862163263917466171025312911376514264298432904402507022115019271856324444002644672892826817750740649201578222201005596327128913283801391170125684
588 10850184282721533525797766814551534700080019392507984264697934045851400534697346185952636983711682097565607355685686904443384366629227438666575144799604771028098842545629870152503486763458786255207367174659442826752894654136899352877995912553463305832259098233225752940484232
589 31671535446109066836495265098455258252013329050139903179960389302776522291891663702825069399469681910271556205423873684504742678195552410888160894278770605417996747526458523125873652255359487982701005504215653408190020302167537327029333631051570520947540354340980063912724444
590 92448766894357358209812949237359782017572241414992362972201623500023462368756412557053354706198609446197356143464278245492841845569381510600840311439601116070769465326793309822013041158424690257565428233148225884018539877429658505907121366575738749252399763763352587193838566
591 269856651403278247226463046934213763388787406982668822362962924648281080154738798407337691418959393748955100077216585128524673332314233169561687683901884641589289714494902521090026296680570703884672620913264887187982881756828643410629757686354283679750731416770500614548902592
592 787707773212442797845297936004348724339097330775748029610143349346835766556032637152019715910152540817469262709366508719581197106472638790985417285920670607503256922237421339456519434313174506974470327256276729983526453175913468199803063336539659345594356893446011005740534044
593 2299307920530164540510143919697494508976282111151123751818496874869034993374216887426792515390626326225525661504355034480318362863806969587558857408817797206677295496415417404263605107000462834898659848488794211527735668523492358207725930396026817845164209984547067106683879342
594 6711647508379872594256729635401397007708926885571745311825760032091497626760360563087390683498913917694329022665043500603075187845650399437777540251960797897627113515047494887912667190246791297094620003177936558415053580101058524367368101265521459269359280617831928656497145156
595 19591204759715345083433201883805708479144989733176002953585310717595134611935703519295411456804930537775720027975912400060503893690621357048831370501479192659957951870010838441014616244714293473606062158682395062440369999210883234284623791720950199839359929491826562977984188546
596 57186451382894887638387383437609653889402748232161507710370658030957599916566289396830135025273026227092416078888376896001552355857552717079122493929707113193584123384935124686873720982016787043550982111428194494732595700076858686029976290399397096581546390701092723829511860730
597 166926447958564292035464577005182853882194114282911756519497438941753125200490330438522821643521371319027309922552944574169679366161122310158566525982397663092112851180804941685133941842894181324757379848599641441589815346418418978747540445492023288090429232919959033488089166084
598 487255955811901291937377063431517180415559472311310813085999427376217837416402738673228542650805753360955867248895716854201189296291923474248111971201741029455879210699358793606293455516391795934309580306577123903615890889035669034466586237876220900337462893723098030443699569344
599 1422293287718571916814346475642317051427979450784393093441078937144212682454933277603658252552224502511514511491923663179271842646295948203837339744073091017069851473478056005231470065929464718946376418413810957316756953985270923986694463911796669357468831720173218020822225602074
600 4151654119688636854294663895285765573151747595535955229614615425513001310653524642189872309143644079603334482830492104083737652522472271736127388871480296957453976373495152946691247491903150964447619917775580918211927834568937541436143695488185262809178709031443016633983534060922
601 12118620033126494114136295757316427574450012475148420287769516584631660028074593509010186666826280407552889092769041000112925201809275252996511324421317291468840315700589610946863007677715998694061258199802122714162419654828385332970839386431573846812682428887467679103221671049910
602 35374081576504011518274279870267146995221741065900315645908523315119713643665174011366903596334779300642212133372069979570483984688815167356961502858401918769215144355079540039449668004449403833118826541461601162152102067254003102678345804601152424255710662859967755449491019542294
603 103256447017947295031526087334146756928134386471848693974931063665403741149211830547238148191552057069635847557075148242598819409144094511661559088301955699957304915128245260952541705681499983540291946098700249369497269522831692702683524856012265135461093924743888968393202594858686
604 301404117806183398329503657955597775578521426769668765962517279041790765668160051254305615455100469794054345486990259621324155882274228331609177819133840994248172369686758637942532576607711302672364012465627281861579826172706864846918698185510955324519742771219608816750606023542544
605 879794384313201779010558464910999031058554764220780538168704044994103855018301212476690362103231065734323809558345899178121038745226419286639378092298314336540788129023221270903714869410110225664303369629259954003420953969579639613744178980645490834830143907032094030006447704449236
606 2568107444261221560795349680708449641891129138020097736949664166518205836411335043423515401171116148931335633744711325975393471764083942666551307143482525997866760542829874136239340156414028735107123740266954639032974924361936515199060852325950997597966111203012703834519553032332516
607 7496269540772674731666899337230918710913333190447641654177139686887289967204763996300556387002464269156002925580878043168497031484689443367135632783999185897015468682848182772017225387075331954080705607825495471080051347718265713017264825666234470952525823804578257578713171722655102
608 21881505446156187656003953541611454774170256700851816995535073111721126146993283233023470216945905953051675250961367307920514625897024928301933611187969260005497724100805883107316319381686582431571191742607749831953961484173218262105553273975595807381981337406948365089200381263451266
609 63871806901544627455883924689578387588552144597209597631438412958894895410765041702164609389986195100293246395567219877260912988888423366195023737165962272085694974723635914047444759215633153835040674322968431362115176249863359930495278615215543122049057018269893273945878203589641964
610 186440906769732690492692451677926395320811853829086863370986167277160532125311890927117912602384041168252418782280446284203068497684257594230610408668677060006867851144560859530054912933082492833591273191531053204425922597368282126514024712178595624180021082665498379339089451115540086
611 544218386849480882882525463056063013437108803707942773095181121140540898758031460708464674852231871425638405908712403173565384440262389549271621181100921488573981135286071122309062216989887964072089197568795773624805067731696969479141443496563194160088726482325462743302714529363870238
612 1588565823437267471028469008159130324937194635568660862811696766013974433620589832083613797394209983420753542605224501880977125377517644845963112771428536977596874150916441168473149622727180172567009572668253544587330074223683399399819747290996092214120567286204797873327759984475515026
613 4637001314861640264917551464667937081330034241044030078082450956597246392586133243324118134568296492085097418448945377790056939667599746446161284038038488412356973528023506248455682715309396228093429587708297422821092786637505925054884191909840870232928520748852069464864572904604328380
614 13535341675363499277603414954850362236381686872662826196067397791288343215410038903677578374544229041637908756848255108932093266667901541965796836409892582274702592926406426171444546999957325410129077961962262752542501404654244858638837991703503524039485247591112997801301210615338288810
615 39509472141329013094275904417240384615228814429523887033591674507337654660642367694231572835487626499782809915875295350330156566852819511880530407528335998373679715389691801586907922858383415644006125379580099420175815119566906835432340414680809103458099183155649368112966492355529645428
616 115327593962974849997827117005505341345072111101263112722733519562683047905305457903730989511564793103501752194940800998562361041930344877597882420556598956284416600372322629943987585385409829062169370484006991912350144835106901778180323803209073609711305821006521624626315266261888532766
617 336639626105655042440283912595327056317569219995698151802234779067579587962715319011608882099072291633910153735828555361864058362349856522578791875922928729740950008280648786288551777397711340539077615023784751017224445865227939324326862068317903276909778899280656683345387562074523486380
618 982646337882830123158411148198583545406883110386014597717987089077117516283753802905316322426970523025968565504079202811693398981988319376723077191921235819211072345380773270658554332674987724489459148866283965492454957601153488226368418550808672941807697333572199139265081892971210640528
619 2868330851376015743833506891792327996065669773164849677013790912602329850729119252481251961721046544877270558599533981243131017444810711441465812421614849982108726289262218774359798797608565939062055787759381608463347821102495634047077418921263429588168810680975932837639428746861757095892
620 8372617447169968360749900578979251242097960607302705026007918806779144162271083184574111792389547462759075553546009925344760182896060181157849658602210928169615404176890472703938818825753305288745830950441696598926686850359741365176756792492385383942655405392297742696176066218748761207620
621 24439552669813438253966622062717268033898292231426673781718265958571478462490046841703389762636658807507675471004829473621566311042411086167037773424019278437977517963412991838480802390110018280516183293581348988610094379090906072983915832899185026767799390452276745415373201843031459312842
622 71338710799748287356644416454899597994599546531018231541749886351634884512698375955380761666108275608854469088457058231033223390268255476602955538219225725099345276364839433603519199099387837741098523323004428592794550891792211410216888140629053885142347504573811516520363081413315641253532
623 208236694317898574300792808883759543301699453007748439923689335717410528201651832211806979610571921787046790160333189259975530119768358128377276951015140358459353168121989695315746227973956556840058013530344783954880680379217769412695023402251630331705951695064682785551194026856527347535216
624 607839984411365804912945207398361727354621638838386378385389138674758337668314660413701069557601671672920908311109908293967943206901555465906776236514254897236227461819037445147039293396882247703291961160496564775045441017531361003998638176151477039647798136775068816858323517414669942138646
625 1774276372660668034989437403804798886066626642265109440281493038170729355118737214185163609689429493158198994624267582311470219117352413324115220429095256266381428069662754629655238675256022559954621423793582375026994272628988378379985221379924337582633760311898759291954427062175501813402680
626 5179087798296925020993865034395615906088941905169224013227537230145441110844628722076359122405145158852650813854577120101695186785434405187451532616335464056543741108133766631559419737747486447700941901331318608934549116949496792040937382931158023715116817835697142722401326512399701194773186
627 15117684502693878739429873812571725965037603818718108462936068265792939736245927468335680823091500948320262117069438883118256830074325746643124473811446092998341167146361189676242129136065926837661978689071648743248886947808142734515723974236736971609104464697784617428508813049783707420708726
628 44128308618004986516806908370785406436228860882904089916011175827805096161956250933706056761922021702803742218201455940507891460830603815975410117602487562715949031469284461347080305646584056038296768298342923349870216755708847261676252043143423161992273207267220766754592787314512226695219836
629 128809912730940699132560256348821226462131207230164949143237478629396238513166968265653172051601241179748756011803419517541329022523012759087452046454857193069878599416386128284404355014731807412886201382273368961053900367877551926217122589527721828033866178195793055899738158757274328097282376
630 375994325125409090457696081000213916926003263159417138801332912106821326505634262843467136638220172458733081894378591721586017258501618159214329551784631152331003467530973191071566482509845107058262533983476958289450422027052974048921578156175860124597636607902619382323463424460530114407441058
631 1097522151278918885352966208724891383255073048544896858056022734539382867370723081425914881891374505188783595355000867273218550580270705255058162274014043639936687104261295696358329005636984698837280888609569557326592517809150531908087901547410629435178941043076017063546643298291252175496521594
632 3203651736355699147034808275108171069384872428384081140499175751498517814916654406520371756766087176993621700390162002700921551854040359846502466404496286792677319571343773974124953268481627339246064824305907021382077200538695943721070538596856699193475681136531241597044011614736775889752611650
633 9351414398238054327415438274122468453021065730513021006179573771652671877215375446366761833868683607908316124537960996359669905254344197426196807399748571104731372418009692380597341861471568942600863033718520803732441632619279781590092277757232668739873236858237435897764936295197797439846369438
634 27296647215171767223111129332030453682626631519508549373806467843481767702017070303217917965220324176275113074035614949233997238094418987543412867891795532062467868104651163256837842029694463796918499850380212546676118939932310076605248528469767088859213504296408139717737187310116184275395985694
635 79678529627553863433207302697415343017538439268415131331077048590991881132584025987872283364111223014235107389459868346425931214100234924216146243850083398807459923177190630696256994383244783780713856387075914649784479198767608804851244762971420461436500347983159203924774168888742890082236519940
636 232580508278698838692403844580234124765039547667677905239516218657238005674678031699117598025037928487340776327926992731507595569455535321112902227735257320440939460758443192138152278469248412994338110909597755806643998111324856975063410900921814114492415427569222694787755502916622698342324780444
637 678899235264898791862918991208908411746221046796118712396711560755408503872620598890880871720781679428424972193836491849477356393497306496770042173796500606469216315820118389432640666913084890272167714815212818689707888215382346624292749432232986474694466329893045642986074122078873482256305073936
638 1981697327322750776697934141866584819487207966754886628552843459840300781956414348714922279395875276161119539592884620827258427403840890421541657409227538454483439046723366333071007921485965209309249172250938023197916099384787699478015031240212568029094551840569417516372322059761256108409348703842
639 5784546650116366993626951470543120528648680884326792791202117193847427177780445220703858339411919805078943823209593394329606186104034803440415889540344186843431702253855949917158497262523965005015520634735172983449092468518900930352728324069226113221874851755657818446991854466717765682453389398082
640 16885010382780232155366502160585772794338925531945661474187000388789399903906632600171641419019664096200702066100652737597149841181930199926310072446147697646063216213095623083806201703629468521458114609787381107595181214950092467006041602088023449740516050675577958126015739173383899792854866586732
641 49287108026151167685112542502623232644746239048269961930794426999977641445152803304352355031694313950659102760935959061479452156246602359234750547497715602214920072220899872808780937241032387216541398661605173990609682035077302420757674488768568238987116720889248032965676901662443616236200159906586
642 143868375707892657418961870740415388958913886608223150693019024504105672997496804538500227144035632524564831993182291620348893919793894995618298352346729553792751391412819035540775510534426309455266093825182821171653161237575134635082156673809443471439287515048889894436143730944029128339305470119394
643 419949766941999951003076076258237918452764732037790816443016737116891285722085683763157681723365963291311209815499487590046370486699644511509548391382206580859477616957423441410529868153521277908424565580992668108913967001356493952560591670434145999807228490769814488251687912953667845452997075921886
644 1225827468245789325452522354140868370009580637500130529712624489799157598048358210878622164106239833225003310295504291429522028739493065868226501917460201548477219454861967954449883753777149806238161020919722084589683866488646573656983179061737924108658833967317045948423469650517745038635803724366272
645 3578173153536755874058643985858400047562888899988772274649178153741214852833799419404598883318961218569226510110728265928296924586053529045364019155826018951704749168122695961903658773404677222577776840893432310456679601151403359108915319670418914109502190685912930942128128175315098703248503149950950
646 10444637151925846717658375131939823604843028837570188109439160481597260818781128115331178348407254423653367056722983959525221541970606927715903683718318966526857366353329934008769517096775612020508530566033857437991462194413684417425955984629656482159880641302481031990436945943668540832385611392774644
647 30487749070377417939415827874004821645196539168652058187820887240167816023732150006860149284556314336676242976425940023217811363703003313783447404665060321123938040203946334000952802298770751061506857307849316795453491662227283316203847283484283108500324858352643925504837847306155980944843117566916558
648 88993311099075532335681917959076066171916554629162232669015626980453557109983481888762286409498376038151722453394055070970035489048262885284861073076377283136763165970715744165214074252782440946054156587588098542692196862308782030061777656979546142164790703090098625269074882565718378434812919893979604
649 259770224495579607256490945707357536099744717688455505363506494395288574760314957684852375095641894763991627763196779457307580358006979209994553688543475366269807235692035266807498008512413660610993397037510152517760120486413317016754657830624877810693730586464794068260853067677791849173687170262826116
650 758265634811118062553433929333169918105994583133195120060689368543206043545640046500934006970548487862459760851893241548585970948499837758152216888316227467584589243600857401284513554652677300167399080212338958792584339522950068261560838285545608529864583003369395343379700975202419437929902105410774128
651 2213366732280326496010212628996609320076773082718120060415573057246213706104285955971672294635300987169398100734618365969191704240224910289237406261811031386162997145525855553794262613740558530189047280767582369455326516914826036911677356780280461383257051367471912523977340194895583859114026943739087916
652 6460786387590433733858103106235765850886740171271546005076324027083063902565798969831259642374396881048016715395912950189200497884944637361822541410040592385098538628458942707718269787646915734686104361737294055784575516257494264735377234315244554556078628117790263604437495933115254914222862180386573398
653 18858944673424857616803190033066740973085256535082841345874926297970730289349480569992120879028272895002377090006973904664747362514912171411395863788633942831027929807277453966331280119950285929113458668597752415510640793975826407627516845700978042755763430851090517514527318148439143048734115852022312448
654 55048994481296263626312434395331058622257133361610423299902520291103904103056704998932552811788618579114260424165494961899879145813243612478305922534562653960582917930514261415498828776376766898402156759217679904911162034846128927875616459716351945725545122729863959558783642537914617787695825714209047276
655 160687241299990280237208650992201193855931618903281197588174931768933261820491298952834467483664636840863737203874960629207566002108134222094971659413627048687710141768324247458879503374195331714931342835459004588084514547542009908922410837999712961121392781187530925612350509870382614869810917502441485942
656 469043799253666178684069158041381303671347304283576949845941685105783429891020732160689283222740988448160898263242647396077363200100724293079864437123202218275887835737308125257135368713495543112607526978831162860158234311396736133906403325646923218181883608016906144703441587395384600016864509863161107812
657 1369132258656349245325601909813771622078649569069485648563976546997213183077799192884845042943383421348408523789517703524087682002540775541114328592459268541339877554886326319459785418247451508264728537927463831622294691675403910823119651873491385345581420915944744413138654481163915672568955542800508136018
658 3996477822915776689491199945799937500374813534119005288966157558143030755706069884078615088908258719029389082763540703679694553528710094041440738514355958094900566691489009026172900018262259265638526782498638692734226652901099060668202470735075926484388589502215029197248036059979079213792339914107111195138
659 11665662603503479280172189206261166189647065398360828960232268634314331800169339196502003639328658291606478319748394103046713381213789094850672533632613465012446190368487530311034459487281331277687668742949561350666167160214357922437583557569470554489702023026254958790920432552315084228512518245801186786836
660 34051905204741464823313943986637480384385058824842587021783487950318663744558768625122017221685527274541489267020056208754679047196670615767126360207906063927978969723576942428021474868219624444966186989675972980849896015271399245661112299055437273787877572918238111128789188209765553890952042018213042066584
661 99397032769014202120922514103854406339015062609699574758882316513789190889941064094939063000172398989855831731873800499489083753385986769091079670553290100568075858841656010275458731495537906665034724991644814898045541058126942039063852197288295413169940438636745668394907325095009669709776278312313383434578
662 290138541849012354664189431727998653760057084443776953380924257015723811045386657626503054914013948378154502013582361530988505068732723340433417057366969909169175168776701895521149714469638630903800580953123089255223518581993208153395668923281834469191319041761693288642822062903428123187834851879393225763274
663 846910326406778670590767328607852399192084518246554528190933319154512581162778038729683123451108918675519664865503044314395457659487167442519426462158149345242047969486664385640366303636098071617909908467165088942998373234346276249353902740545237357690210985776255882584922873934149022077481139732138571826326
664 2472119341344507988683343643184545980007614615201951903265708320351224218079925992762237354257470932617071258071440394225458139924947992619625553497447309998884039615967597493163253798337776442726597819458510732538233803575686555552759669644504527955635579350160521785458038636371900809413514331774689622372462
665 7216081617257617328758799145393239499534604910023297952597351398710359789492249842847608306727099223989978902911417030527962591496668254631771825083581170989533409353042002117321740382240324386629530575992729511462065958026140031965136660269530963831334450343864501074782479904153635223261815073061812500275670
666 21063640834832462682174339845385967112544895270419785356644621733484982812699396049857038687722906227723751681969221653914031554049027122310404264662820604648049083081881257520789710169022573842886883930565528552966351656068153219393887329255088452191319093359291458540161440987462511336930461093320163320900792
667 61484471594354770463021805801487069401323387162523234732924600392068874875285085438179982099116555622734755807952035916785405790140618461479016032354141154154127557224978405863005159097416925432556254512774254380118450880547290001607444789999715192467155582940160104285468600700312082607655182147590982750215196
668 179472308556721882546655530030955408262879578353930009675102053019226613641525579891200855026291087360187904814494555313138435173740308588677059267102747760081870111610418782660794749762906699137839895355266869568795659128848120904738136222843419527097200279507097416216142983175698273334291901876322074954967372
669 523877146593817249315758913245422613693788508613705331890329336000066850427875594079585760340408998572826424648813256153832902104139755574753604940741935339536310596996894310066273806267397684221414296570922068500789959568265132267986317058291134945135336063713301397645570173827081235796287426981938970927834622
670 1529190028981776599655307224891391232110993422017950543511150465202403378113986977459980617698270011600166786744789932601354693410373560502460706768671618047452051112240401982660117019704631158053334853393038411503237660980039653846542172226573329341623749279960878578163645977926438196840781676762863226192678290
671 4463684205240505147416866241888613113286350452029299574879614464851906644485702620434449811718797598741609161960844583229735977781378799502468942401175128969707787075351876755616000049732195783996156693150356651308066382953650308094378780410115248828097949726421024075914967275677925080725108324426337456013081276
672 13029431467965058662080795490047434352477911083571054169374199190810763743176089935995503601729124443559206202044996725480747039940978180635543531231338874089599615039141669307262867247094284077059489039161504824349467151382311877795658649800310136467601587716733084464510303346984127309137216835021672912059128414
673 38032727355373258711319315695731446488014806876479581792627074924529093881239228373674817817901203589616083022484709434798336132693552874150877040522302437165107864063942597347814168092789857186639348040928766385955320838018150512379886033054185050009968594418921855575733071362838740385856432102644837889028676374
674 111016996685126313143140889951905873295568252898690246566076645559133185918416219773208618647683985771874219572239060276666577632891015845492306508892888784009534817144036285355766764447488887397335949370895215124063955903551407395228375197033273025316500798688673282956546667676600642249739935223673876055822090498
675 324057053227451604692578868470608496693346469001074562545329859624227976930081353583645755561435518759493181595652541604273912683629443748592965127004026362266524548603804266514757656282817580140605310160754233205525154829251113320086780011692215951893884384738119492323785753454341689236522375420411711866590717028
676 945917984471369602260451533698719686693992207945421516845205357758577772092135989139001736508330407490446604924318492063430782167424547195096394958604430886236796887405903481966653664747639972735272492838320686673255427303350977439296387251266496078185778492534883462664127768129109292081689525074080048546693762770
677 2761121303903102373385896506122480271101667740735780158770398446224683848714677899076814885388989340213759325094487856497821413557364200594410743702381686227666118224885928426787734331414797781445694403999688096599727429307872730026622556136234890139084537885313577184693343866737887817380654707244884403092190426668
678 8059674284687754442550968592233997049648825544477202244319499757816823369926046946920094596880270196179212317330344412182095702018221717562896439768084865132787366062660615122361413415887348008659423153960118470429763872226268012945848609465582049106432362968983865816006118207287340785816138547388316063398699515950
679 23526075976246455838719630346749644380434778628558590523764121954598914180163710581620086378620987309213212127963182589526767757171998493274433080796428028795889423488989099261990570019173166803681163288195780727363651340654187027373454787555529912011981382963042350182753566197523725326341368054253928793160708803460
680 68672285168105058989064122998002085680692690845986755396686034882577173886059206500846751851800758159884095367520397682613781716728055824034030235424723766630283255308045989400402184619783340773209472240442357643318004159961169516124556730309500631663869992544200201404814539834327145980521092333909365107483019947520
681 200453435369800794627794330615786229269373198571281088822571674826880250204840111541121629497300551697143772588463513259520606129843332385394115111607832863435352575482955225983628573266596871327043517645816264949626384573995300238679080065333429563726159937423108152062853630670311181017731250726700445146696179963708
682 585120760918224057996764299108727665216538347122505002799480422190784932919453918602326097540309347730096408562427863937107340167503400670081789291102315047674230401457338323467120909584830277304358391278430816717920772989064028645850836977118358382229750721988278866223073317253105508525034125652447960575807595779540
683 1707959278552232441281473424980769653519150634095080224866117051728260931065437819246387465795496981228124881307901199835030272264328905232667316910970768725964689084093797650816423916161947944142352200028079174348330940526091193155733658055552952710746230885052062113395233415627703398125645408759727933790932348292490
684 4985509132533338760444656997054390367922614898364074351880821850629460636539119369419645873599372523415020334888751276404784760583979093531509871998161209313466993173831644733351385512089508640973148475184441508992948671459015002783946544221769035883877276600154851028449654624713915635078047632709790703985951722804908
685 14552631097646631916627673892324088627496267896937848642961985022763643768842773405402209706313577227961948144979184205890023036090420848020798512604584157082811130801098915581912564075482200568908778875738743359246743699766252745708143445413894123328724191104391212613940974153447105277862732246340206152354888509518816
686 42478925669238179889953738272417977501300465916245177491804119540333346526042767957536021923427790649533045081081597341490444317842240129677456293191869675510771571985631918523597050132402449740362647532640892875257204677893846511201554830118604054573970955904357392557820118362019500584654036062891045126368895572069838
687 123995387081891269523582423959097259356661096883904629219482910753171882757841166057489679048263016680632462250871472601520294600151681422114184617278259988858099021179739447637239468139069058781610999722532409397440804611327049743200392182150651487922708735570711174050108950438872981244603779873559919580820226554011176
688 361940792413260250279971303480073442308474728794003214928237068190509977943631368572251552537414508975688267967416652858701025749817653739887735199433443822278526807982112486918670760742247159756644840535602840870928885677018084916442893844406823767717784474200961375393696187499145777311287691246288288663712070101424450
689 1056500086783233439073278705918776179182592862324481192372288509437626788585936839879142159029566768541694698911853142437429006271189894342455302520639276453784341999713674212421350932135998515236601218300181862772909986153870360049319910203314627485742058315429206329074103929264133068038440730650353027510582429974812766
690 3083908906566471848586636380413203687747777510491292850478706017693069270224562353949641029685771704843154298389334198482136717600077530008012586993326114384760701240753352448538307190251521050508037010487701791217908349131965187196192100493267908929312315430458088537290750387050883514592432735443801262613052590311543484
691 9001886760801866388318543332253699355607877283884130991902681424951355663452641321866078192722527362051928797609037657644862591921451738766417883363475055850637136810458289821234844339593400213388158071262548523958666741920174059548397193033653307359133375360177338960139992801434334571364445440584034061594755775974554912
692 26276380953327383515274420292230278829846268736596453299351256380604956051960108276955220654683237929595221646226365548035923241697879267878048959347550870654813212281642824128322130163495603190243437584489539730173959455806044305133239034356845673465803154281547411795318625041917307032923908387320714583350043376761242922
693 76700386746798249441207425743290466743533699536381586666864924040244499701030788467722784432199911764169676125160853112014923260450157461926971589368282994707696132016327331793732079607364881989750044274064943268441528696012694497891130943673289817279532052936343446306853500012297032629410785346183578023165537600880904042
694 223887351060933125535265434446254157465651459336832393910079609457089582182797726642469282258174682111635000177734652897830561036972879117253378045536981727403461671536800479779214512558199788037265668715382839717402784468573818758690625204261228302468425984430083223742745140849084628038106229326490810915255280725541998082
695 653524031509188368796117393149959548634317515586588443192117055252712516848929869031789898008381605425176879948290643562257095692962212254719096052074135508717684040961168771345159168286354391746157918553224734702709471409511091048459871880899969250706526468229218236406803676435009872881047670792490202950181833786739976982
696 1907627464151759641568585418601634157516393934823282895522976017844302159614940744573634595636119623414400355117307341137822563906760463686209643319165108941057425799294733817021239900384873571022113335875259644167755602460257144972995147199568243030270116568339927759131995907581579497160813521719556940010209237550493687734
697 5568337760407069400117574148723976137852195840892338401828603451856639413537368126295759361929592601001691166503411017226248603868916604191004058016648427384162539637509836835089132579484590985456623326494593477577316897855275900794276336220353887207235249875513980680512486197020327770936051455408711175030335550389628535996
698 16253899672052808857586093280411709278633928269192402675727590320651820395319486752457093022341589158196960652736930399816491522800244317780240307644167217772831737770277327158549110637086998440498608486786421253525030012054025264138419037489234942188947883891557980624311379127823392262488447776661949140498468907371945400068
699 47444904730392115873150842538285631585138258775237013196845106145248015915068961483906869216181843513018678886016788776249997675139860722868672107284591973061325098620090540565716318425220880921887212834251817958043620740220142449392814616012577611293375653987493230894573485622079629971979165423032590439483502899880778591992
700 138491010175633045543777091692780518258806511893743499755569076168639631391596984103576062111413098232205383205990393079825997714453238333463172389145444606161422624410087042774678216993962779146180337560839621820892565361987909734556484668719979622008924507826703908123224780420318652088010399686509613844057737467471068236690
701 404253312520220580147877077527980725649687192989814016756139630573304983915821044548045695104943179403838217672414559878492170117427806251332368274451640579492034310055658465342968783925177536440426132132398273819740360566451457437341843759805891641521879773661593076741868126703479392199214686876126437920181668778177846428530
702 1180009738367294925068041376312111082429147671550948193830529066370735888452404940124867217503829879962174225610518388630615741768106864198721595650388344267652132601837325030992952383279695707760175657614469176711132993693518665411915268376363187006261861271163846513178890230209689488091157925019258063187956618788079218660684
703 3444431843887496680854573536234941836569016235683522171682690215210841398042910461523306538359710055886783672808318928336282241676855281031900855883022489037748993988827718491538453477334599948393797630442396430385023616287852157264848125987426415969932600438227253624521014429248316046212197625802327207266383310906080642067378
704 10054248148495657571984416239434918398740008704168689093883559608997584260083747355576762253677201460983011618767069813292734191109070419733431909296291207793371882872489150820726518798674375943156650151172871001985863892790085062865224009317039817519259041084359379909923827596996313071116904424193534142263778268238815143054106
705 29348209055411963983772288824047306944818354185773001641086253275519017740629113741537073464488184065183231132958244951215325494644090171454835529855475099521184273184418908789250664888537054322258476715461280905873629785592228304844272642294453302649612457529190444279839695499504965153777885933727439857783825394361759666646030
706 85667009809086253833904515266514285287004253144950516225591648546000215587778727951179282398434835937525261418877786274606095578941905491367592147680839433257556565671417954740392000337566163160498784225035788632215221003535031892712393653082121287071066222623097606206652384710869633794058201849471046872539111038638784676938072
707 250060797773851225897748019439145100609566935458691954872836530354703012880270035476296694012058806889660796613690733130163130426612626475383313036474323402085710376387936777288809640419428715666167198471814703142139900762111587648874032992413429822262865542889240249585388377212444671086869284013540121980070533803102331171965822
708 729923954654743229782267176694149626288048471477748181013807617382509603306921620759461680536196164737906682666118880937553275169878361347447482871787745937182363178043967211551009163344159372424819928572586443018090984063364093490891029995868631854661765134701584905560668062818206216114900800439616580659132204125114710145317500
709 2130637766183009499880676697744809960189795843834989374332706009338144228810299032838628104028275658398473766457666140492293661108841279431214940283500640424828365626289877753073128046740783191038140581084002229752618032583367001115518655548609294190791417306030987829485891334895693697466320575529940416031066171856235476686006926
710 6219301698123581486378791241741547003645064448375076486443460050558954628458891278878987133745871941461404906078807239404813593359884032364948843375830268079256427474531619999870587624559394062287545627884717102364355951864290622484505755601581150840170502910268713363854130371170257532346356057960115652952596364526839038229814780
711 18154054258400158250800831251063688364630874082985514569358935360937012947651120450553704324402589234922037972825567524949870911221503614585923426362928051143693977454991112389035720285471697966605192291646719189898670552984572311243270812420661052634276736570716330685132214819446612828256988895132676023071932764503769375018993780
712 52991429265502752293693606827437222768643119751405109057261726843311030237089368636451456102190209834854431842006021448638539715431680184906568648897018418715436424302796218580598818853622557886676590425080850300467487835465967617026558121039562462900454532892962107485516496539569587969147228885348999386911421804558047274201760984
713 154681237349581826510033912705502710104045768718482773201406895939701362344038771168322987446494696387020552145939138643753551465218098311184968631957876365546723029321093106899994057008678301490099188819834053941680194646251211125413367260928132535190217073262362393496985641360677613033342863071467377659229064373849727083221166940
714 451512358123422073792460309962412193364154879726246532749511096860050468182933109736412362679915625198870988098415362197022370447263754547388526849111483025320378109574487410229162271501931509223121554146066840219738477754434539627249409045654709245621265447370850909165519988479942262833453694242677701611016612977326457885021267334
715 1317958228362494297966542535811523865097254890973594584469969500721663338951748146796138996529406660625945661903981406103531659620802362012538635138788890953953382225794204665289975611866699392061757635225136950239124075265604237371364458904608877749691366401008472898255719172357956454073636340939577372946199456152515300964001843488
716 3847101547624943231896046837664083615293254161723030092300324357368105882700081645949188372112517077928189195664884514461601172098763302407384999440595574297212159856703233195442782206025823210982883808968825735791946125155342472472022108145851020301894211466391747005604067555126964624127250350699115919524656269578521468287211126652
717 11229635355080126692269825847237254272006762432887972772002941882646949518693084775843639098637729454995818424081537198345195575907696858548515415247646259043624416743475602352805464912188324105556766598201575225929788156072488299881191114319201286308313718142317816213729130947286661557091502338585054755865422633361842573193394833022
718 32779147793984772748869757189663183794286171380710126716780036908142903070863000229616241055863611666125169626188912486097074065297714918202927324681421724029953829747741318182169922596741322669422149270802897935275142432027465338576373150374306515519168936201960643186085963594327255519317526167843345544899043174028465077479166012164
719 95681871772783856516423126408177374658162032583219383647021432887225958686474791036250665337413416863277825695308460522016257392085634643667638079036285190739090886153585859341918360064288783015095537708975215949359925130434442389719287211581675807586297580213657430465197334693891678630725748323303428166330869104068651549127248663010
720 279294039109322703395520750889842642104779514204467593455663146768060642886160570426084211800627809780354265846128501150138074648416132990956842004155924718007951013102002771089983116954796035375744045362611709033850467294070939849893951070036688220696083739801997976279422189325768009438960596363227286449061943678807714601924491605866
721 815255375304938244879485906692704731858090251210926657520261915582760764752536939432727504705210161367519229098699652842372520318285584276151306051299400104651285387428049732224275030949733826195288760136961618264565477703388267867562332032547034461380683670264889346487416470738611530564245384794983995191629893736780771168626786888740
722 2379718983918014801639079774956721193252618663655476181740638738269394587246575639973627382798940227806605741159273303793107881633516403041676102878114322723703391641444828848527951446882990998340363773931243647583969184846146954827730816494423638175716262102852459789498260916486557639185405748129409553339019631147485080433324655176752
723 6946366272410747430784809334962523547194275008146664283862224980972033367888230761928461212510784452458338206360433646131060631553874801423303299909384149434120038474664252377884281726544395138886190164563505809652895207687649179140394879830223920991185436199347847187999921025428021355173978200961821878019966964646293929732888879744874
724 20276345533472427177054245545831512560468068716179736720374181866442152998246653742787475557246868039870338825050031038076469683804781525701283490672360332589646215013423706281448431263050682105348160742672255038595987754001804991142267865278292632167920884696425705006715669259701879647757094939127880020449276163108471181295133214562650
725 59186367673365410321997854389586946833162042872328346017029388473930482843473251543584149417602937100870017736601192486845416716184754915682295042122075299830280058286810838380631388828486739163363415099788873783184486030906743777632869250987185739818975226569715556052438142855523523147934705085685147580535724382077249783285071374830486
726 172764175506082088157184472957216701369143466811041303615220307674167007204988119495967638937748157864447171593324218356355138860097401872478143957135619158756907302522533143206131735717306221229431967220024698390039183484483555394613754299904406832818744837600234002825974234589731098069759448427775380481584039519173210527923306127273062
727 504296200486857322683252315628080672533621472244368607762834854319702173413525664214348954899972210704796614515986744880746391590231376009245340508843512860709306286487054867130702696194403997683282590278381498757319630413115447702510739617319796118662033999693908784776680913478934807078825198106570208819377051614105515013948264853188654
728 1472033522462112280481207682525930520159070345517058712480218303868154335896337733564797881570925046471941683643219230790100135127873806599157296167951738722620802003589686594414336514673608210461942058861300906848633464981087056814272976267701425995620070720710034619305075372364604641454660000881158053925633328888982767745779509628862816
729 4296845165916902578966840292623683265425855005987497840249983736663212032510350734259982800311947084213480895887329278172488064338330229343361002638471014353780690593897545362387463763522785260043090747460076139569154597671290076929799163373559823426664759639643221502197530521861450135249318608224004621304378566841369694381533010402983684
730 12542430656730277110293326229464588324879746810992688000134846693188502569898708199558488625271290261352078165231114223665958842785874342397024963360843851409896593570823849118168279156070384041535634874646188584242963181505979929728625613730103731979543378429484580065814517585684452269298758824119984532698283676505458017229605996371270484
731 36611178831089811000515091553887895149011586518253378653751249914611095463461245454106027720541280878813934231659208041989095759141108421730690949044230161649692387905957123739127458257317177624115107406587935310768745176298274996708485708316739953485386204061748518698050986914140694649157218603572664909506227989673493806863851666818507742
732 106867516519438813839328121100832673359118706606438873428527491261333982956255242200485701205372307811703158120874763933307328610503248799342955499794280389627984588056452861314824738138569255854465756203415226104086474999874547653077584393961850984398606590039854831963412047470569788378854176795640526866093332661547543454729311840521313538
733 311944778935504353334430971368797846061872180957500070362806979231192563531983473533407517572393085802240628265568373841863801165296390490608857191347098920080943584409765365195752571480777246276975700455157348031640655538817169285873796898307467618081689365168277679259657041026500332220892885210699366308096637821215016075510378924103113580
734 910562426024192552696612825842512084612910232058833696705877309110894450479691563112785070052492512059125110711821167823921881638263879196993067876710611879961106884631066251112017716929187615730482466603796817825636552901820403682617377677550098386440052005610130533514562333359690067666515996247859496672038051793679534121629109774048693062
735 2657918925639359185567492585561789502987048061682967933958094206409253120725438650068198623494372917155579066960842166486469222499183395263199911577491499587073447785610115609346001795293755169170758560839504076021868744898908946940566170112358101111154798817958867772576707041262866587794665854973119848741694349473010092253353685248322112078
736 7758427992815277011808711861365522162860758883587350568970012824231159585361769950563556737525398034135868937405999070079315195681636354474204689938911429819028776592192556554301407144525530461499381829268117047220237700737015825024854061452409456373516215552997559452656697252916077217947695894741093988324935984702091995300853412049858228914
737 22646742283615850074041215845529704434919097295891819319693326574531142153631570364812098664490137752320288677011929402552996309117523147554532279383552508054256965500087388813320133321890912914826576280344987203014132766567854352488245242264308780240080886744976620767282205636915919702352535949431780610187196959541873136391545691294074313708
738 66105522476391340474572915028771069145509632212555880272290382286718684328243327238448526137923781076271131790977786514112962609052245620539696238558608822082013172587585515087729084011478276491242317049395880380826466998807982064431327478341109341517036586426335503371530685292729252696211125696429321240339647932644191146248357992234374749978
739 192961091142816781679542386266223117620036957338043412912821728728576468292378970070430133591080451959434122204206655960322021212176715094549265729043277667411017736945861386352438571049319403659981590220626754940343287944397997964691146151852576211355415607563387448110964432554349905830790569712590074924268982030192888528274037454231247571108
740 563250713407855438290851161737789062174222024438434629553581858817780813016917299456220780633393054033873338549949152277344919443245992241035192496113107371027330873066945779767123160574883997562118479524915911244108747904399207499530405568570771270332151162361972764661125424511956424444876206774152461833612531372996834723103957281388639501982
741 1644120917204235976856694606005086970437126030354493093814754194530594572842385075509780909276893014164955804173271717920200929805784550652111182911166879992642334057938978106491701729754408172291597367845425604612910633879893357704606916763373418075022756589881159775379675443389548182053730189017292932672123261641245461025180147873968323704124
742 4799165852864410452684594679245951028938711591060099142579577274880116738993344821632786841081560545315742063813200230390203184959620047172548083386881584337429535423935697929344471714573907207821008328060051565258664281406046107231128310674167719227032582155043654853239664753891534350179323854303967199452733928784020581189413954146266968962192
743 14008697682932467735434154579731193168009943379069803144088143552877275643979165967339265009762385114959101281130695504664373895807128813701967761841434870651565296086378935093943838492758683667040841993705333905928221358209322279563946651412617253808915535252766293315596615423999050887272049735004137460134057731913178851631182070152460326910564
744 40891191675459253710681239876093246944534965583464884896956512187171189456593057489884397107244876123005948761920930699708159950499656199490098809338595627086491723838311422668960315932967422678039295336405782100119905168557363209809495005756971800068827637922650820276418508562985898644731256726934770395026536571487900878728482733560161184986372
745 119360813866112815785279804612786233776497605458839901016772158177500283662797423241148984061954931164716283310521510537239284589277730418765095225974994812925553591064581805862851069602743171641835826136989042823129236766031963509176742926101495718730647445540210629243401489127641750013723871793200820102470503077054113268676466583945052112497546
746 348412538324999052079551456964986745584841063813466462036818680200917188915950814369676138446255681130926810103756381395439500106428885063774728341715570103371904482576430753051022225337232521812297298052096653630443665323383854522211617097733506462791696565607902635355878777639950222441324926161667864388735990790421727702516457815224794642101148
747 1017011303209055804295112268337292590667726242559223366672096295660055023449205362278854190382722401405842841902215086497548354886178815229526775087543795757634344949745415794980901531170909031927888865913267227521800193316390742821464319928944589193138993205529514445018016310916372504128895070320654613264089063006172186935660242252226902905118992
748 2968641702240280175289092129663502610433644272801234986918814059698808396294100632189479859529439399913581824976643104261718998649252579541417087428272207216879963510716258646157856060360917997487390971120355230344284953083672732195139514905563179796251691314921409574135626014180290891354960522727054340709670134906884184278213056276267029905207686
749 8665423411197339701863979139373700657223894942198217238032416518671047844708692466675022899060152777419281092042672274513997490725322936330109974582422229078775065871969004092697289377477141794630730127127084235316806966089147237323656469792518695821226969435159828585173462179760835130719749333349717926225662652060841742748522689720668096512156248
750 25294249164074173759280094745121604669407201945158135796882594733726260978593261303411100836064824222406555721703834468799741028794886217759899023123673523868790978378790856602029359474845231784070307879647811214939325214188818008436100949288724509216003428615381595397594400424390533959532011528325225129751309067967857053591088098120968898666088962
751 73833557855641261486020991359714892853059422913309751125885976369105308772546025145209304889166935687464235476082461309510040893375984529113097402529638264084309340279667421348195506096349112425356972875163886878312524071900069011981754815188657305576044831323181880142719625850773428143681581854943485672156696409352220472250959743493536079568791782
752 215519117814535796272628420356090734153442552364723552579363115458573086048367628734677868840207438676214784839456738982649598200041704595428679908005606022440366759876617102243542966038114097459065945542441157510342608780787026875202548637541651926701832825904434098465342952814661437241489993245800052092646682174930726959077018264877570863790144444
753 629097276259820094570735485991095782392378012380790008455477208846439168215296836427245922520471576669655014724899045812419187240987953537640247205927188184923668566562917022491357974944540625055193242174298037675426294023361499831580643926501612008797662196106204946699361005869009595864619687931061934180708743801488180357756523334498774834886767608
754 1836326108842451569037966293076738173032121290279564873608381226745695975607501631715697733727250801500266528669089680895813631020930654170897065722196326063356623945291774669380392562854046137075648087647300320881763344723242560062733081224721638450818483351173200319485849073284798999542972096819916202682224529224720333606817923000715621746472330514
755 5360210106240817659949917172318729700871339505768913080633311650949262849197091944324249774497933270883642666739795299621600016247207115201327287573965836613980489829297308565099462270820234112129093579054598216101595556103838984999249024662698581867876376531205296233845550688513609510755683174456013615282095288896516390802333993287023800572503113178
756 15646377974311783880040325119912921769366798035473651320521827563467389714840491932478625140387640883338670202033432007170270522821798346080092297473262945105798259308409056911397268261457819399402312540408367183651109312026791901438977516665537972962506039995709401865563512495139871860274256144087838425934758581573615330385792402895257249908354216418
757 45671557432049363020932529784957455740720339967352358488559730235677467695922947173173748497356385414037576376981666263593302130725535595268590778149673153645442926142273915519473984307027751065070681047054868330314678811204986090818389249512431677673175098364109444756142240241387331191577905351127382158461428910335246763085694529244136193617096958446
758 133314634332214046304798906955403579707325748684443150039968227581967908561759568612447429834602870154054343065585111849041170171267033197499691128866626075623871528704037963561761682900588282705928749741009640249093729077381930376064627198503737136977979804669700943085279600619278662458873766733330357588615721366718677486741728154469063418835489915150
759 389143544175704885890170005743595482638313806212942880284925379377450045245743481909655520087701356491090554297497122582318056709630953615429397948897886556015124485140389759808443903656777363519966913902597814350794505656168304599575609279315113870855073660208879189899406168854735392762728929982712327862025144882687590631186402073989703008438870471412
760 1135904536903768100934255528239653355412675139107651134640927384410553728992634012157180071745363734849185850051574080010489963796524508274127293680136343567518283615965389871655804724539735787409869448715940956829949482290452422351260389015696272788930978876363426268259318771459338684830103671604168790384781540739819191274299245852576239754773042820748
761 3315689380615758187254186872547200698475193762969561654647115294121387246520826013565536525273522385939150688459914931663189928115635961913500926092130597897349187670637714031617597631151938058956498076752598080519082529813616543131342226479939287255089661010950413920318420469781140959101399672493896275801887331859195784068801557302599031774879269659776
762 9678450707393807914880596870577730141865959145093108003509592935256366218118993906232584784785459159144424666557774917287211706335078305944891573695368121565025200595394729098807078558267549788330762704657779702330042557286429936040594451943498100656277954691931196242972276636422478942631754943953256842198766627929647200458367961761391740429379902755042
763 28251261605831048986712189153740196537979049468563896740896916103417610935411038636742809218414500099116715947518471890746728090737153413303544171495559787244644485864094924743611201501665729826243337642811215611475052832732494504502793864354678950263854559075030038719219931304691936443724136423547690695142043137655151419636868127684405519214057495666562
764 82465035618910876678436716252905403157527636151854825992493321489149263006507179362729968898290412441799224254004944460752063135257289478315184582243728280564058674111911920975340405502052456494048146665435142652697876341430830439250147617987894505138168268139790362225571748393609266911346561873889772439113143978049859854320939778836582478285624602561804
765 240714280109339359140969868557651734542679768809292815342742125216293604653184005784420345070278703399558328996110638284300959215404572306007435615074787176319509229033777901832787277616296883056515385280956127030051317975137714362950334486188015079588348959969712039657854657998386223043248056315174193389883741570092647643153835455899849368897055136598154
766 702641600936505526350193632321515752371501861913361615238826894827103418851636417139795162840621828647401844695019591561091932340486526339952160555587078171013915134849373786548155685897375823895882260825390631398265370083155439362815549086784873693094843704636035417948145634707670338286435985566920771420703765213431126154031889287983428360541542436507922
767 2051000959072142929375292362657346021045749457205386636439905341974083028978832862271521765764935891766182873481569167411487221862218566631830165220296316145355298907459550441299261875175065398473317121960427174708297191528094860077616266011001561468750590296017131509408246287847498205917194975721005354393151811755711401664336761752083700327419292926872126
768 5986842977284775882974695829650262559509344660350561540807968241621235557113449045555236315425003742074315752511840922016070617704657292154054384702948712234451858884104719285255232901203580044075641051139412501601892971528004969331490531527921335041708608739475859051260086597063635740706413289791789549481293780700693803795144283633902857078497078452455952
769 17475510518960856808612827478742635903068626228666766561751542354622298836656598923099787499264667171387018374673032334787697112103414757303706245678521184901525076064972940575108317601563930945461601513077895513454261315479632110314047937443437465228232518672998356507147758538211210794701107743124759912277137637302985958286132046527126081292427790099549494
770 51010769625499218750265490863981978624050391628371247474959696297241847386240570442372234239076353767829988335575360867059214352263648774647229319980383985059751148036312465856852985310290808690805293868705062900774476271649632750460941535426934229500040328207095180507724950696726041373735076393638019768377378678277183222710723704847812338091367448482058948
771 148899719694167872348340926769738335647028427025229338976451327635866726263012243225280102188985448157133757415428078189402217009085227240451396678566231592278825864762158037536537384312462139301235409603528007188557655225714894090059542416634376554879034089323530130664633537487685094933322528089131420391912396582654770841030154728674034846306398083474039534
772 434636189333612415764476362072597092880745590601228308279270449305157512866026215262117954369198904996569391153077369165293792128344015639832289260269466845238324638671965272496034905905475094710801649632071357471958490590912604101973214006136880948283534834684065358215851749791595682895606797104562816522472341222908230198466352310144545220360704983911060804
773 1268696928821975354822416664644986732297142077695097745215770401655632219415101574255322427244578301462156555595285147051509909086391301460795181185303047530876138929952256649633083250326699989571955063653181096426072542481326104154257598499037157826738594946374700303148126539201652818441650811298657484908268992232296077949128938274503588827867686179352869444
774 3703308506523930299331057411618837036463658710725093445766375879946913699574146359867168739899659662399972091095144401713091339245471357497479260861893631050609394869908947064940697421478092050824319456901053492916600600518963642388324594624606681944247264871300651093934077220423790214074868775454151523314790072179709049929118471456809863557161242221273452352
775 10809905488796948678866434255090200023949397248523816317103569981948276026351721520821214500216210199949808937928085417198096824439506860684817193330017783408746508599139716925171758252071509531053774918259044330941408123974073148679241109727784719446155338806475054493819125954547193311154511428984047609911619852795853192105358002973164235024398317570385258732
776 31553962212671871056948965324663660732994383578169201700872602862071229732717112148858349653571450858983571861715389769911537999029697757193448071429524006956412363792970721148696330599095225096614984492385812290551708569455889302868238052239865564196020153990999378345352587023508799547060349885199673389973009037965119341639860200677583599878503001208922223606
777 92105572278183909565530530434496124495838094570071498642981645193520167635984187275074938268264533720579683824525262362345116751418593086934934553990408657041637000577377679330703563091389072162697405960912499147897247541810611993628914187774038938670962835596110512688531247301422975612646151867499097856963787384182761416211006923127546100331041485863160362528
778 268854871141503301943723891420498375155518939073916254095649897400382834493115500267635037586242283606529869258901343155380455469040524653884024186963288394867225104423200007162440932087995543856462327437629056173881338740911307831946035683221965643350475806754573553431937076311338139982435485623408152506944725219087186494598379425428960430740716987808413042508
779 784783590706110348837854557621615029814959797101369544301810579340909302790104423768979310749777416829664830706344193180218592906478484617759671552423380875145262641283323325302396144304128731743913219561688370347599113740143091607942432337573371672321931406524885247920643250384167252968063944749107743998158415555256034249823097068358060727601618732628834953414
780 2290772272887047260818246319652094316204424390659617617385478194425626741815406678584929310325718693587221597705941243092123250669622933937128593234144936217570689478204002169487677333378705865110189580990807988907047385866317345990353338584706021204827758792339207681471316382679550697567882552010278029506393462899841964826899598280078643522780203693235187740836
781 6686732072859114964810890450399227060474501495860186305547430538844100033567699345589009071998796028297705679516543054310093192931475142863475027320112024884132145200485275125900068537268182624958037069038682468737006293218792250353546990890128744216927471355126630860839237765331998849837907911513793803315531062332710082113391179760407907293513497734901229904946
782 19518476953561163431617546881584528357055000405539737229662529607358018925364942525784475926734555818662282462475072884689482859861924557263693113699435489716392952688116774749469976063562750021366316382550565131594553799293380368823738291742843379847041063618823924406145997226147259240598652655602040086012114724483437236212553462459465285744993828650671654867250
783 56974159938758036993498026559476185657523651708830478951601564028777812940575579419747934977657515539955318692370111824054019582496249231937211007357214622530611304345328639351958784275810156590334734175839875257016020593138624297213021738482697122508380539586411183444046844512236783020606667553355818823905776954585813579972648778417510688992477193656217414572852
784 166306772216411875825695204351702008302477994240302023878542577225143639571474086253972456221802865826100457964515788417111903000400984080854821822321491099334149318619230053434576681412469728412220502564955442257982277060574495329728472103528540436353444694032864848304567587622973241499930618042940866319669247906857014954535323718282932984207517976592271460161160
785 485447131028719690978855603779777989643329033343548591200801457709080700408044455247088988602643652851910855805262002229589140944224564646264235544742763073502398002674918350423254955670509944475980022847125752932843000604800545531195282134843181216980640901290321757276647188050931320435575250296761534555356625530863809691551455468264325101303630534358298461794530
786 1417013353595465290234573996560231983574573410304480024443412285137129633192723404171675150863899313274091862974118135284296639210073868501693089707475382983617731705130753580916641492018280856827249706835304678595081570118738434149688876271823311595723097917357510159634290842179643847228505996926614809672110208355766435519090074000170515261915530108052422283026986
787 4136242066180993765973953758390586598904715032479139395010948565522423293365458492805836609317972754372612707448350175886634963453714119462730577550190010511483834396038423096064158806408353614136560603778014670910543261484538010330363300525189937196088865359174351409601975830038796559398255449299547251656186789735848975397184552244708372390874262614610453372947638
788 12073632465519742602437511388071713611483229438906566381152023898794408153161830308469443938224646725763315899848906323385049927985680251658908523697700728279702371934967972798897294178136831274905834858376059770736164510094952613697644133450438233931895141507372106524928952427712874870519025017532186326865484990874849583030997322466089494043646535807394207215604606
789 35242763498859889515167543159411613592984295924773473884572336191708686181385912972158534162426111175413224864451110541688669515251960587624569047837914734888673858051984639462763771549366322303340312453829315669245711742411302790889363892428083890091735694083555700908543562648751542157473622492861888595315622761524700022928001895440926773238666384035870651157784262
790 102873131394686976883032687209724745953782307620537650446384398980944155948810929210845564118208924776011443217705397001644343469424893774984953930300780671874707255586376135018750440317677149881607604961158013297660815035110458678057043296085407626784909561389642230812102925310446232561985200962411942878372378074739288086078211688762132837856596758869848523399974536
791 300285224888533206054567351606087341014187832698968086559357334975369892159168303404620831528261020840661310943286165836399928733527647873597632002716902090726492599604478173279230531936968348359140454002863766211112115295433166400978755912561361405304805663247357080610088441940927984176855032562255626344208536354122905287084265740097698507879893294247389133992268044
792 876528351610126818860895895268727895210282877514165747668773551061730505273891964649438709169932896059473941038759223308068471826629277469851542325767534919667287297028861742647962166256817547677405435405910123912816696962990892088046967907119615520466756043356334164188016699926095574262467702898169788586379783294382499407440278830957618033823063513051475011032327164
793 2558573940697755423991302290329616675020023791825585547791734348849085974935633330585751264891528113052958013304256835412802854257450163132206393621066756963665845818091704722091903453606960054899771717232580928908177949803097011328189830834307551803155908212048038508765651128922536214442563802668513556199593965878078582214414241323710327107384396663112636949402358046
794 7468441377843059533176450720995445301161211358309276325415761975146536938545528302717656179724928176044325414823016216700709727313233254030605725005408863972408264213332361250000768461367249777970021720652366864648732022952357762767100957731294878890190416176226544175287902205429115381421998402873248846352893144365680432992708193609915351067856552311591681209325207634
795 21800275429627442037450948740372032252108657797687239091155761524321367584196927366314742563655578022063802719376299767401053522063268163798022794233553780989942662738146474926390171149694848606773053706050326606692441213383655895136569898131096131635094095398329714381107346369610547390867965087863649119894677830757677418855974410005170511576541173758089679053513626236
796 63634697624804040024043295542613637206307366427242283240021967714706935234146097985789656273067050840508702516621162446824037615730974622559797530920189110606516411296215634063033788203707490853543168905443468899841293067063966940603902693838091884429312049436651530947048719049910312206828321485944682917212799670179510856580736172501227895583124403879795360109433734062
797 185748788122969285028013654419665918172828691818329932393071585562207257845792750573173237061750688780716787459573775012803148854784471052732549787591638724574407892220682782954205244742048651613219722960799489646308329293355191630905910156547610564413590452041770482934912642882394636426105191553017766699294096869840060377796426297676881953411674554475091398016173170758
798 542198102245763353740167321867874224357954388793274073454068435252525697973829987433177788016947243244490496786241165840771026003082297615646774166992881449242009642561989294799196464879508388363580061023094195745113700490786185839807419814589302395361502902127748529063057775268527399953305326161094399665449027248318935135569005391389965055515099379017121916362764197922
799 1582668641069612904876439924274436549837237516431401558255235530778570213185834552748294812959452162456622299539765189751124316491446425517872475697357004382281743056676870061624500388497073146765494605951663339682946118335578743278441638446953082523382799097999189618087625117849362516629394155046642059789981168301872901972173643810493306412948365623468559271236043763796
800 4619787522402209974991788805902852764602445443239765007732776462472291801043179853279587429723737958096534029216103930025381959944962627575060424693092431408493925611701157534161055485001953745084872708166448057085203351587965938651968388957270536926036134219981002372131270565223147062519518824049730577168072954388207508575776677871739266737873079754635910343407882552450
801 13485094857075905825070539545516007185430916668400585848416779447959110984215173985081004002862290449101263698926034336111814476271369659581120066546607069314228063688028114947182723170169083810043645419364502610404881309355861567812032927334129270219802547904835837947636857126358242115126279547825219182052626852107695818278690456130452565178156844595117744292437227165148
802 39362802384854558942794779415129531444373180735378581079759486619763265038042267104464338023935748046785090394192805126200014581833747421895136723260440756153588519030985237388951258104027040234746900683651964116084574332242450687038893921610011538389592171287928914274039496232496114345485609966914200011718412803686046276322167207926478938482837557367443561691940993246958
803 114899467004942419456573542065298714651197833881300528278199246450879667768286219958312166634455087479289682705564941298773299561179346818626268178806815420032192851614830663470989178273576287545359210191120092491896399261006740656595845056143176257810498974585063497719462369628445059683993442751401496786026719237990445460419348221597657119275505072369914071281735068767572
804 335389929531528480081638290697155660686663547745425133208158815199659647806583067257239853335618310443111037866144489257152633468188305692319851979244289612040181793680689797026947044292871056058473641372612441403765807544164015525631532743389741572219708688757814506138716110845556976622718555176343941184247270801217277967055594129871548190017101818044513457852648958851904
805 978998491144654469842320551412269539400359182962087847629487813534206848298926335121988228280544740649065538699750429768028324676853368719463226785244574212549625221483284916989677024661503050247173646816146255225059511491706340743089868995564203477995633711193214999225402337214313682870100671973864463772082533389343226875558615830090173010161465729751454151401699539121100
806 2857682838009635885525812080512620525667525621943447182603678115930144758740051986759548027102292624774181814908853423756505185955147617083996809370847402042535429294205525504526105708767877186042102436044420491890697957453703472413241062197956921363704964833988946079381315404727375834635199303084808848464307061531885608882869414694851634345792149770043048027024651447291732
807 8341536045787599052609951732626846177151039272337654341124785367523974458829306689240054394926721429426499546160957576782340285215782654491530912701463411505796073934738992397723794861822534354876760149940741431332652258583119435826715392390738280982966562256981793062215319888604849399491382700488047174953706208723355288994879846119739087940325536017640300971982031670749770
808 24348826495958118391277166344164776595100122050144792339312172504123684232945458786551961280197201844645621211068263647141160677668023612163973452982209945074180673798331292376762082195401587367892192824060944480244691934457365584068164952764619948914253112071156336117817001917014548533518721732360721179170706075979932094358057762157639989215020289971059946388881533775046252
809 71073882373218754046061577837009279900473356749462759759797627531438087010106712757145461275365939531834195814041217628131083714398394651776987908981696113092916302272022375492771765366628205090052226120526938149978918239772776647487984536108289284315312108269510507653343825933206498161431588169035507015399729359712767368368713627293970180103610221980463928091051085665946240
810 207463663862432100259520307244698213243594753816364884754781406396962315894156380952028509179483551181971487670478996986928238585979946777298241466209380477364150100127310189696900522335521651282273629601943302224878370585876637973809329585586451822436542246455221939281170746408848294357834789537628866102658781443002608982048241860646179909476375401080331239640219417060593982
811 605583519375079137917917129757509713589173787465788982134169369660730411491052405075949181945897149569917404555586961324337291574903306068048731827259464745322159266156197104512264226004416773104230167694051404425830948646034440094591348397346910804914479916815284707565313824964941053628524674167622321842384031327676158428046782315118600538333331542984206861124554718056354632
812 1767689782929333690253414330267447242393018236409078904711748031183415527953700779722627174442169814770070974163021640010937071084811122305579274015636476070323658866791351867460200596348499320745173333059827267906316403605374111545525053388522217301939321254778955583878206003247852318155852685492157056943186633142899865393320455638369875162689641672891112075797492394377661954
813 5159861635430997268485927291952175434517706316059580257903049489574656206533531826284620542745529379449582840765918265930823090954535964228784521288341556179567827779147253309915330350386717487883433114919493549824096123261956200601905908207135763341905290144522015076699514469928776107442774968096200310251165937105936889177357376541285606593687551050496658705337051582983650574
814 15061563603469099693810397844427269896326324485881208031203876806124848179510067138512426287798910646126699437729712921093343474255489154396975580289218627870584521571618037052090871733486230195556685078103872899506534957439517579446144256732349739487256949606619640457014021264578957784712224776879991303518066281832601726082907222715716597750316863301554561844922205688879256188
815 43964492501822001895504510948609672343465349962078893520954748783753362692730943397454646056276239243271972132545159278221862517935826296030581692364880089492721316001836913518228812327089684602594060029050494291034672236913247584797070272509758033813478454703713133865077901094814635979414764921278206840491570359602195671703422478549878819048238924834076806019067319589094227152
816 128331735789872934707011583391184684272815496860709545517729092948286113324049673099148047867120980116864929699162287603069848590948565624207945784851995206106670302008580277998628426330149102299247752338848642503978847443332476144101443947875972964356927969912462862492730630587549186992115708165750848337836661043922816692500695972198493193817756985533774341964179311876966068698
817 374598533354143338901496938126884257463279025689297948570737495564572422907746161936839349009793405376523982377684333712867811315231024602405961219466801830590476481412822737853605087949455803571658024177147919044071157584268261688150015614744899550243532641656618611638937674658052524269759621681688057730186137938840266633723682074017231334573905192793521393595549698163257638346
818 1093447854713336289128746765572679818338424776089998797697409004035501199769238055031800198627874804831077183192640644785359482254414716630539960121092709223012816486043531529656204976772864146725521359057155327362888256930573205548757684114406388365287031013013992006436782256285182882277645987047081817354099019307305302016358641160421348868222313855016292460314768572349271256802
819 3191758921935920192143739463405651783835039671794314999089332777411964410838891977167771199586294280151593338435704061934786460598486088005174608890640294147364547778580945521457089409701827824355803340006500509087298311648129060484483669865191506117037401410045887947457500807022430096052171778382150424900000753375132534757553349843137829373951704873399221442166775476185703332774
820 9316699440073717206823031052232495210382696926757378345718063928587310207500284569822898201395260679433229787127930823808188981389755953777271106369128565631796898788512825324507633524085586211644156927648639060671816870590392178387286787076576132351925720336563090273107425836371284763779609905576999316775728861020517159498758122883271799239919298871394494689214525383457467252006
821 27195314740131424707331508490281254102791068275966197027019160681878866760504453000813365457328135532056801486170128682960765783908527141232648330961409977317584920017779384411254114125634688892163129917608023472281254462053912765012440357662541545643571606811960902977847224621649356463060029658611950967051744818268201694543215276500578745381846732520618400193543284988339621202476
822 79382741556913170763773463538077418949321749690868408541637374111460497674570446452072943772359956101770043500955327456616780432363346672809187330474903955242391502434977365183989063695341828137674483699334034781189914762066854838290654034146372887100688492352607736510448346036258766006012366974884665905847589030684162652493691944902403171140599089220468909079574293307581127930036
823 231717107057140679579882417392745698763074325566981750522189289438997913915142547082101733261163532845563958778580192460724573017821066389706419472827201579571471183406025313914987205921227768915469058628554460752159662435410594715364951750406140646857277983779861815235633478423279713863288899852011305813389720363386966035557718485190308999640534424373402983423913319630312971547304
824 676378979232350177597685824315970576666480666657922569819000206995373270339818086414463945309495041384187904532429889762054746994941508386037743892499711001965913841056653622486875424434394710453741782921479774028283684365743156684134847571229921843774871506574387082978351689009945258069295246676912972264668549104496341805187602126074893997884626474911314956634400646518965271365202
825 1974340735380322271588230255395898920723826206697626126050142621856406870917579927552896577560268428464165462039625582695655937945863139985590074836600485469596875336032809442098386602319154948846769217520667573202311106504152932201137577316363170622686641614535514409618199617756658029803475416562344147845496420072381246135802653385568877835094174791206644721118890160664823300611058
826 5763072861616920133007714979346616716034364329042757062855848034610590555309359473966466042704655290867241145211596627070852647553856375338491905219321018131630348883628430548329232843538626637392550306816158344898047691913243837345573423783501641722188971952552762959246157146459678551564203104647642514707716539118547799018916553930768476312821066225302316798077150293286747207939372
827 16822328695916579166477194187255078439263528777649225781044160558617374878836460490724831881729363742917593864576279652538341910534011412226517756348909270617965689380500317009784340634306629831696491316683746841125226830654073572200098673576898536944085266486862383897176650914704855786593480741076509751030494316241608308121513010821236424350571883371678717525372306424065512214244642
828 49104141063047556326380478113963280157197165256545963852148437579987992298966514103641909379485704692756880665797336373328784834563195843886297604619016992293311534645684302438518367313457808058907195688361889354390737615055204337335439514619711365481100472065848648882851010297025399068274811396754444034725918500600144189471283073276561715797982037193350268648963716331673903163329098
829 143334297713786049878450337498634936214258544665354116551786723452507863515909500667472519022377361547633391361938141948072023430273154647918602674571433467527458001127871278111699474570699711656497684792352551725175788030362908575879914392059733567060284117659659516659316555799093518016029821327106361127566594351633120989641113203565112900607674877940945306808215324360145018577768686
830 418390800782478513699832497660115695528325503971873202821365071059591769445566900375386751899804149417888416787461721787412094093918255972920519114066665776169783567656622735142674525382839424057119175810556446144458553907254791745997492845122832964205232441887114058370424626000013386479606037947493747109571678234677797899233058169645338650058633001644455127952371100867252251994590952
831 1221276867933940694606727539232491945104111550771096612885880744729553632530982313151619755802208512890391789813432328905240313910991397300244000176178811579613596716706081403687947584865798388189431800221461371671237494046966066650376271282437263060051976573760559372936046956647939993953609507152464731407965293750666823738168661566494114679863641501655397956635193766184843555430716430
832 3564890015175013839312296270788954254059592272334828322985266946155222543161096999954450159232771809124723652498122636092827333053884142371268680462342837866653106143291737846433965593183536018743643410829043909593234412099288543469975152049596351941262336707260104679971281446554047155564681872406407432936966591196215341255028686334914548349640514211217204661464076904362661737981887692
833 10405863857712823346450656276946768105973117733005455747332731203830449891898816258487083354029128339855355901147705764607076309054384869241717918569145160992823889732467779143098670715936812116504740551635959607988154076600447633180029739156067004048140091181734256859910692063342432089359506317427174753382391935514500189796093956662305597637113370482846025102585223095023983333882035822
834 30374570369441827412508247141485617277302589704621432967406002209065070305470401766114466280025707995734987781081272744395825378831695570227469218977449960059517117083407242930684663626377647732467658371817766048809393368069932272930908228401553032154440267125228078566250616071363047775325435094009295043862514469931948216370202774005489136005882845418485287418411774573545494672293831468
835 88662944061518910503795749087969812833240296970663575128587887559558875482735671990304746082009183312905553649601833708041046304872238999147448290578597191997028708051637269686540251175893252153581659750894255906451020264888947457411387265747745249782609654641962249657613914355195639491164280267157724803626354139912225886045084674974112737442927097901956610757941284891637605513514225908
836 258805887755524154585409729475410705911642444594010450169825755402734781360044430225745978245421570601796750113121284056546824034383176618779083554864106928000130007351263313630409387481755265437590544003576636644488510963783574842508745690642149029786917391451027037849979659203562134222525318707566553002729206329094998566156577722895083837653826947475380645478264454369385796564489686312
837 755450749418499576126400774505143378796533401687746288861492779306712480446612063768510924897405296707467363718178751954815937057680790364506526473328647736180300312926129364859896535460414055502479124783321740589565946549385304009479712997663800385397426279794913245569482298674280003579426900699988006111331596067270466550380357415273783824972613259937061998662632913539265457189400017500
838 2205150121376212962536701927936689962053858681651759948656390291423045916502887346682110227338350377174296805612801435573236304271061003550518868977204968928441809324863756000982834900163154005070852178094328969683829796055184169093607627976562308453176494930470805559112304118730090173305065601638048826954116562136662228635186574625036606529138520884798587847358979646779621367704898420774
839 6436802215827477804151879799430449949991599709746467271297361034022173658502191502809012103513500258454602280724672107451655731534343032701484253209301576328770637958498922046117010277285520606026934664869880818241704550022299301780894798939462914361412841837053273356208414254901113927430310168044916507392008228845905111973372756596216072051410499398889542120135049134430739569308671559936
840 18788935213092862792679322919485437880844159214242349555972122714066145079108418523165652395985423315989987938967322911563627181454555771781750408995694460800389786151338044243829525271256635981427526937329882517161975331649151925356413313746923350951048422691470697769139190681646239000954619524567240374134964231610736617549645532404600541130530435392238763507994776693652166369865869061340
841 54844637850414084979266836368100267314070374835173651854514647156035719907451111409971223139254897898211209064365969058110790875966666872794438866143463749932155818518108313878318853580128492900943951358071169697131543454059630952637509053358813923827936252996080711047430219792438502791983717154084687481509080033416558614935457769859226751910397991861482739040474681491251430840385307608142
842 160090727166222137952053479606292671419498875266587696241740865798806605330695386747303977418321351454160290747205887201964731061357471782589220047503040633752278243190024769518771991911008628172338007383780725906924624787670285474593982036484822998152207676201860482058502168606776001706037384556008942610710213889990593531350403142040517027558352608694252806368526616112556123662001817102532
843 467302582879873494574706413744884802995029402038859052140398621859258574023279886577449247907107204232392958657278186751380802874867714932031068682857905253036683078536533298848992167699573445637106813470427496927160687021153166888136976164727937279300232506033675314223988185808593814708618550726405471440703380048327480099502536651007695013155990644451466876187858973616279415986170826533954
844 1364049672530163371858894580491964548424331389978158632344033095573895807556324883037811838671083648388451378889055482908678404868791230237077668689025354119103039936786589755201412082017737180282742985301938306475579565144148389785877130760420284809452132221491298689064964378411217694061618582931786615756044998584294018491771146693331613729994587884582298971410195973090848948787278638594650
845 3981641825437859070441278520398348098018771284543748530473068980871743884801444069136344216813295163534216243955985408577328249599773149349729428140941200856796232203501542151263406403231211574921963965702232731154422430833737589098955645958133119253879245040097913042723848709061128796740511058282614807254865920881368518559015017878704009246297830987450035543685966030748712075196411359918404
846 11622356535352312941366485772484983668067266086284116437134412098987567719345416680091248803446714912379927168921505163282243847277772472482371832057126349255365190572301928957649622864795394368474544847609054004842315825854056885518025927474873928773139690335923248861221019447911407161979739661286197125592201122800125409109048138072299488604436815383632724523372380442384147690423478195104928
847 33925495400378469145141209014281401723190892599211938567020466746138608114423368204939254001242743361266049414054695610135179078725543389443611571672015831967799681563611917012040266252764419687560675287372719279641289709270362527758704110980215465587147011196051852832438020921513159585080619887625245182794102592971335574621574613104094105945014761569892839125543445545493734711619057352141370
848 99028044326486651264202335950443824244042424954804308303175548419411831649202155909508801973922000893429556353746162147266653875513188427678115481053066919571523972404336759879368255596270635651599918312189210702505319131759081072298046845488480396622776969680090658245307577843684727037087926718036428871193036862165564506049105659289255746238829783233522152015496151744798457717413474526751290
849 289061469770584520125957187874232035940101186140274913136477415943729043971577009619531774096759973993113617235698378914085667405831316809976247901811991398028186562646425981265835520252144543671716342655928583503912288543563195186527122635591980083352154734475044849575964405170843728620082548860016220752582546892784073792050254923345785348335060297125955159651620435667638970381104941355114742
850 843766368145695095836618612869746928833758585125979284446462881827448217883134922838453027446449572696397536060356393193098779592648421658064445736215111919097074244629110237408005162588466479837784853221004204575961302177349326647950171388538402452857264618220855947959750941488135575109834572776792848932657356143939517202527321370841341655947401773304748588476852858726899153891458418026028086
851 2462942171361730526953822902739808464516660163816918398582167068324654780199436389294453500889029442395894969674307400662531487998166038140481608478198793096423536712524107944783636003257415201718035117955555864792155669189991207375762047559205513144994559711095165718377576281145228441843773854443096588912484119232989817839330884191431717345638289205838186396590297240260381937834405435049515678
852 7189293587042558161922781282303995078443539974911606371416883831387507928117635684253836062808730163403819363386401128231751543642696916248846522723500016471060008544362379918151769181236830349824117352764984271432623906991301296867627271067391701338896381625721971776883320123301453831221826888171260592945277819431349860264435405706154113234178741736938827727392308754884236070065815161200294320
853 20985446951080759267326618070590581145724961488313278697641784134148910416774845037224616238015173972225616166696133267295540512026644250178506869225046161249819353789036529426197905083351893187980835927878733475571116464354865124142958011168896879139780108698771207864694387723025951788686464723815451413123785324896679378642083337574234303948408492136078059792821959447689531560511511208336574388
854 61256224746524290566579472992587594091493479669196127663806333434363998262999382297514976691474709103896669935113535702362766133881121589861468023108954276001293832908247720763635570146279125166716869934248210647844470909926701748258411309594308209228502828621352785975893242630044370583783218203423940011045779464270420516470590525876998673281651174995620804250808463094248966553212966639867072580
855 178806059215405396954019757335492852028421005504731116484883582624202873801678962510025801809392972146206649589091770680235033375059331760817411174259741706640073614133998947669279950082348674200787403533979244386965257435965458462595137130910966841729222360014476747347604605418691394523009297424442173212524348715341078562500603169003552075857883203811607425095088423426318112257343477109308051902
856 521932374129163853770233296948755914407460777510391420798799081455726563385361174838458223055589267348525835560755499693806057197429434375820891211556754946807259224064203179369648883198816253622763226787906443082721539753638414990959669279536760532118469712615340497134311938393394107634397254710813557546571265771594054932687078642871052988338630126265309347823031424352153574055003192997666410242
857 1523513265486895441089818608471434052047954318639201553422198816900200595130908240767100158296362905402935065045519225538390267096381578821434898242478843841471969150143334116927765029834564433673483093536401841856515209951240496516055176473651192558146881774735533570717001825018349328060970733678605001051027321070372690899175095312807047555190872105550932171267652222875242241602800605621604167020
858 4447113812373204489922748658561473003644775058762889716315281885940175889894738107475909764942510811729713087698637207919397120270314546220208189782993934782157239918012421650694996812895895597826374080550936395110336828602229633014737013023847469245657052745303618708297161239652086558258873996884664792706126508882362518350861848434823065259358313132301753740182716336274040089082881469493134812694
859 12981062724045344473566078234623622933875600497054904755713997390405629195991781804785555063911908207470796938896823580205333541971975792457764046507181421188870155082601137879514023592576358423884184325999133650853537485560477296946142394161981143265738799768547224737856995516004524173132206465575981402537157421189818306904640244611883282774445435912440533822562529290707631399515133849756414855038
860 37891539671586495108926181454955484253270150372897350332861275206042373378644706081242056428866846664875534185215529855059021626034608145860045215550708811127323982195877165015610551805444307846250640201215299209983735818377672979528702289753372956046990748848660261150345629549466302035548843789128284661279610005299880599852019947324098857462454253810956846366658764727067233079937464690105435579858
861 110604871820230939200587733395937997582389937459922762056077353038083601209245244816836840425747096891344033364735940389756727002139065535355627516258748897759424137944059834471415013015606728784906507362281899754533746603217299104830898199486644167686976369087590799158968682388121358900961299223255375183771804989434105138878942579494554614632436079380677777394292893704500424449118131553293558333340
862 322854066538318360086277337403594169865334417561556110508034856057224357409253710297474391761084724871754998736303471390133471748985793244490891229008071461323646631146119690339140799479314461824101587877306756607024164682749679432216875595217550211833484960504575586867278759962963827244903837161454769647557619037019445560864092243634353739945478380775198324791560890041806845587743764479800613765642
863 942406483231086125972186592666320792220986109066572931638265583625046105027770472418957423356433165415060261501359258571605186230120252467775493516271743193826026080209591367962694363267826045887273825717680706816802145967463392673183091218140271940526912566866185520483176177302410734975893239321874374331424092351332049899324127233421151782198278046997710470368287627340875810423226657665018889157844
864 2750871281129037720350924925853030334840707717984128444046775948061965268359207431038504246462788012445938023182253133468201923107238320979802183570605564893054188045833072991070322485069507874521153239776591236194153853005206421401986760900511030285529807858562362395549454928353740784347443219809147651261880671337841414218390262983010637770367600640568257896065799816403382598191150087036276954248094
865 8029754612251482562564561184779240757940789109187236680409637551201014151163620335158704623099096880079969188819429798966774488478012979511822777371925813456817734949517125798947011603506297314941471173332523204921144566840280402761763215724047504569818073908893779289135713021840563034940849714348000900345951943482052182111386033337129891370500463976680750815502582112553279644117149034676929362095948
866 23438740872859283519167380733837089013068260152258122474620463193516740871663695189954152207463895573774681121648491605641276989517590613672280041899560654874373010967914274558504968917470811232484271487848466214289742258450362372712365131929133653607451210828545100021847608902198042705715021051063876506489902949097913568610043308308405690126565489706670148574080854585173068342291964450689335643513104
867 68417355228618111605456439699677487417302959776498377966994738242845321259462544343392641408632706921912939435150756857687616621064387929457416731117333747272747414208258890870067045334959043933511611799970933957014950446426607306665427066948461987663384324181587707171309756426987867251839527981482189163082765866175773858599870450619038421778000089014992705682943271075912444227723062625913309915548660
868 199709298458910457199762755006925136347899206444434477468815825177852278496429408609785099055676677583071362460831214430917310672101744092944560352987683394514071212714716572012758834985701669792408072707615331514461545632960075651369411772308408804248263845297477010951331715954607373459936573172135382347183377585233276083021193104631946195612853426796347336078380173987376681366259554147816075256587588
869 582948635732520768318215955961435447140237927991020499255979081191321318894237217994652055947328685121107338644862535274601419819245015432856609329313272865079178366824894479736999272618058666666944263534049663724242225139981219209443157629738740599596569676392330407356005163562653248372236835335333136709576340788294303159188423366949467356476320343554343355211878880609225009529130407199477987245879626
870 1701618875659542368069564348617282100100207235082638096982024115222149880739410317018020195157522318380411464237085344031003916264144570299673326651145575108396525818868428570716557133087612916091060623681873875238670153940575059883142682698147571959835053120623176862635973518648181316085244084864162444087300500494714261213067353422509684853896280356640919616799397360255980818149544602014079565323933212
871 4967001585589806368548560544560491101037512835536790212128517670861093560675630701641787406771856082612169716923973975411411032801387748525490647311532847222863553931957982269604006210423075952037914578770339083231860178296707524323074128933568072839665740539374215256213132121876891947054354875841607938247229664918532541352530259365601206594768767175481717570279554301301313091996269505542304118591169456
872 14498607828200779930507055827493434383033334869275489289052744166960652225273032164980492497928669355566526233147689477160844701397671880217277172073863371738106923631968542931401951168859636192804762323783066465858456078865809612918012147816573448877066680454009127676811743247642848143353705152794686430239966824997570821783223733512632497138025240301798543919682568858705643023981135682573490187177541110
873 42321232504902372418335826848734664934418616456869360228080371070345203260490290189841228351639273058801444363291826450098653004879666714852624981601889287104363527279334513769497438842737320882749746287173564488901796649375284733765763814268031571618908884663992295794559811051157662822437410682056065080965079468439346321259216507939357459677605119047144720227292160609144681417882186531081031350696175480
874 123535082951220975013592133497776394030676868366502866772719468033467368836429274874997701652318606104916935011975687433306304125868291641833652166761795030253275457834665312517131471104158258150368188542538254945765857984393788937826948474935169704941865993030583444023914401900720822096280995114080775649452264887758893515194807669043529635047048440236655774082791334650039631258846169071178589755690530882
875 360597171124382201671923387245550813729033250277737190820354923574257244122260153409387123140921189574346299509390308084449601688354936503546210913843792190442909195619494745386123869495886819063652857556217111875588128407315365988277366945650536827417333182113208948549342863353004322862906454186904174702698838956173949687262018871151333265358981013946535371948386899115048514132064357230074460360582055126
876 1052578075122600705528448589764675722199011930838379982945203179512117799420721024184428118254780509506496878981838963511286879051911012850571541182178339510434842110509503136233733645579210394965775665563021745996690863544227741438345479496785428107126982389222092097656130299525955575950134060703599867445828035612961001682230065186122254477594389474995108757037516067649971998673697183789640532961757274620
877 3072460609644216646044557704895237145157894314491351528319818791618712291475822594861762057383696736397677353755709656879962634881665332118699262838931382539321310404740775215743877331508116726412187321757755932637582078993992476474802726736933986054366815134760991191557814688585714177959291576406179937352982598989423913841727085388387236107951180624723024374268089144195548927463697683012189881837413139112
878 8968469342966098500318000693108140161935922422584194371695472315295812008528070839795823266457568876466141797933820912401095792209566883846175664144617573216437639738697772038845342790534695455898479517440591212919865318185980259346834859434743158740380687171977743489683854599960900900872563865590413713178062586621221430685233508846574025487726855534706383971451216935079715198312473445302798928950935153410
879 26178835980272097482008823889436673730579125954729951208069259228511943031728051759923072180356434935667734991072034030191626589496920322120076510976870911528251756211170686371666628819577378522466328509423774113447824895179682939763164621934872571265305087173127311367453253791651524316673759220191627045551118334295335251984737569939558516281550554079445725300671456296213025367445100999793803460701038603834
880 76415654341227038566416262261776381428738464151781657766631515163230699948965490748139144061334379453207304295231348187002035922390629566977284723433207364416621593752224697129306500347604808852956364339716401848230435321070338604227237374033799858057735027606966768136826230372688580202114106151686500108851336113270813179303935788805580272520193305590357653634061367077461332626919687974254790093944254820610
881 223056221170350054249466233009006438577323801742084358077765680579760737334474712274386110056946896147912184902153988710265534361822222044370742930826562600159142660458274239256247587023859253312480728726484775017653029903230909604489083765213635082652813889501849093687799456751565468438625223971526623667446963481616330468029604989428671659963493842555738090257675875235240778851488080207177003643668799598782
882 651097975038254411670507045779465094733594935110433336710201206174925527308614020368761469450055733813466974885529700239291085654899692889530041583632946925076196309466015007633415326898384865876765747254054197081943260933983643604031499902750209452992755456011659661872533003485338224154560133149622670303434931012023090937392683586146842667678990506093813009960552249399327114469587845489112528075139485771774
883 1900545839405919452486531149492014466278608890699333610126902029470952336637742729936589470007880861592427572735368045788841869978338521509324388318681870809235445743493898696558477021626251046667643052138295887631126785945555221562757552010573198018337578704525219927209065351919011485742392656789715633815119934788396844204587179322190696751160774385537822778653193631963214667935924091390619943943348469933028
884 5547666597290412786380071421847663903754879453789712647128885627407091740736855780935220027791324569351383963239381316142226486627703279284760288836210691479781331833063693838677128821063568349145953426544592766960915923267968151626319656423418655239831836635005245335670365661856732098243390710903521097131374160437096030145464722223998348608977844374307244859075011919189812612165227200505506323655329251799036
885 16193560837402409892016005217737566104511987097156097608914457244223286329410204189512364452399541531431760832085829723278822475886276856204095064275604555947947964241906611812519597058812835205097983793157844170793858685184555456757081183554778171346467136530195060197794043965572320186620615068351066156836310990527057999393182917855996416497199082646303125265790681329240039448583718927884758262341698840007792
886 47268776519975427356555424279108556185625982744659308454508230777209545332247619467596758613135271863402042597267557436764992838586542801179101392181173410649407948060634446991449015538234028727744125300437273650259126200073877397861748004756343295334125750382211236634817071090946075499520911532787111001672406896170306754265363960745638093990687275714291265752152800036666047145752004646371604446247417107021282
887 137976894404516140308801244770295961675328963359270155609084908819082288932638373050642902533204769871187129687513107278437718893499322960484834287495663873827085855929301634833892698265198510078759959863165514089281903726605025656998509661574385692436947690397461723068014211659838713919462505031704196671389990309906714536095949700484860085420396328004156710376043608389165661893986022502742157513307794827675202
888 402752615809081535445063128430021743256476607638222888990988014121593164710547639773076924217015508679049989191189818877319724500804667761521324212136435970485836164466260215236889927172418767448424567474907452918028387797738189108325819491967598106047549216198359284344521731634365229811904481539336547117425308916098457009983442667330575384015410585388636376376321209180749200360035246592264076877702923776707372
889 1175629225756427283504637707040857131694513038110441959315945085153878270504874096955768245269786549845069861898550994939836859277111277623398513886860567139501472829183555367110302049452574975512133880850629322523412651908292120066747735785723325380088915126143914827872899242430327504197803050150967302836210849076419155419420155744792469694253404159508053926985313047285755054445440345539337533829781875278761210
890 3431645189134714641133312743172135090286885025010492774713010205945454250520482069670551319208181071800086903918440403041572764103753291036533188776106142913926060910489931755262980219427052025828684338227332717780234835714234563904640136301221638513153233651040430206471300732478255573797740844672514142367600125993931859478981458342551756558233640002805560977771835919186960228392203938766471460130112612535288642
891 10016924082960217961694814561396928181899004174007721569309599620392820151048281707074963043354329788392593529244133373962249036874621032708465222332960431891340580523085472437723657923261938199044007422211166345250743179159780648412818589406754146243365360253004351346216601901068709838637573166722186441987585109078768040151980969516879940209414899699452111969658315101743287950477019554167798839994159198059857054
892 29239260632620561714701975169510909818083218514521910806380283923966733370920391108287851956082842844402874803638573014283084067598633247117501071108884681297372277993665332097409894259522998006101122476830579419644411792784454480490214316504263020652597087740558414823458619502206383462997797987963259617118882106796392829065296095724053137587078469512492777515098728112571210013651743739932258276246520686117586144
893 85348990893985387477979781260083433226706755993089170786803400042619329423878708590609565169563644044682769615508660899879288232111205444635757151208836878651276924452262271949910688913488689157619723694728014265361721324475169494009900736481630654169568099105012535367949872457977057760783710924596674695104881461527024907857485829319495422768060474454900793557316610651715121931845077663325793843768633076538094854
894 249132505029718786245848989178780382771334152099276152915289276786960310217734640488921374169887065493415914747522460053716737478900929697943798037266911181169334239933761818327556428076073830263211096970786824725134949560543368070931172925275514370433633564257594081730284546779306427711950500852553755992797442717164161198098403582503839170602141487161254410102216400354157925720937831421859470367091644596045535380
895 727214281179705997539033672266568308180127711198322957071226531735946767094310356308499672220686593016626141405233084178522548077036129893636975927843639430234725895301636425434720540901223665177605827549311050470561120150537417292550515903480345940505756410102983229396495486272208375584891392012979653132412634322989787320513763656310861818217578406124918413395409078411640312495297869024071463620944900072833703566
896 2122728267387796662580208959527357985320731809103389127330241926512104409886868506495046005487955274488305125864269870145583457274035866277016173549921909304259182984363369161429405361193968427428706446721498380009994674199812938774529734214227386570539988083337317232038612437410332625089976269237994404822331967759523725784195827546973713511365171956967371726028541131153661711825687420474585622716006552471730622260
897 6196213982290730549489942736068234902436605212180394460098915634831868341768193976809570223952051803680678998770224231526984645677823427844368121894506109294987462461817520832158837425449056879999008721498204106252017709408113390276173609278221895292980809470141181977381244923764874385504598663710340442156173312706774399316215351181430421455638673544933212616148173338957444593299502386268681075240047236471203216260
898 18086661540330449998673714647214996732993739049849366191067233336285255250717318286558379640903203419133461594253505871307016986044912406932711002868053832365932399337723378442109119361198834963306240547453544821968168610639873410135871966245709307561422965684017454728311598062975989946223639976085804119107812607809856867656580530940859795039242688554563102517055019592092923186429219892758132716259944028682481895952
899 52794710868511708358711422526555618825226546101486303262256555509533672788856965955111698270540890245088625637366938827735257467748591879093479029342978735950217975524404488226776514091227677568078486384785805727397061015300600632512397361401870840281870592382390531122744439948471472273183227339874738860709152850771695501286509679733189600929137896784602116737147163364252438846656832297059140479233776115695546521388
900 154107019113203554692963551508149560127602754466026563929876140356518032259963707524557739798872404136791021494217184621563337787287429700846592334643528017732291694241889244314868439987089359554802154408457269480542104619861323299346466004614237834852708879014230741593567083123023595937322529165515719191134543511472531297854129321797501495888012622042594199811256795312053175767407123894865639060718358058577213415062
901 449836223160791281203700245887438220675643704295124694781021772262535826562652199237150211066953081336589103052644300842350793449076476521866667275116549325723168401331555717895078237562958589463899649032606830688752297759050674283973206301367531899046315184683006367694518554421581756526264157283456778906938253077409212312029355943935581576298406322276739037983984656724478595172274967188498063116956608089545785847744
902 1313065613960915818093829727916911087098587056298884635335930269902447972727668801874976274305002505607833119577811708662521757559924805015579457228920811397866918374659369102269057418339829571703293271059077159880046795325422540413426033311660717836108229894972084867746673278701817117349380120578262704663483938534654023201544619959835392448619267067801539749014669094804192346731511213449671243796109461002821815616684
903 3832820074941525451372534280647352592181053586867155881517712136866764384481879003847025084941698762469297000664592555268290476476518133443284826130192721731037493382691250229896980539582648125580729968198113211415714096463053553325109115063068741595168736990627002003136576252745961578463837403863686787147802748442124863526890767188912318235155136498237491911965252757485843014327236506597509180826951755845541045870102
904 11187947937011495428299678537124784644716484643203886710844992181068216926948163482761772718189814134649697414590018714728520845964913213351767126745582955103722477140812297052248821417491860105676081187696472311538424489987013929263933962229456359277810820860427163627485901342668850157166239322336170031445013466601681653743766025730107385875435492469157256101759203862105679829578367783348975404002648905370341638870500
905 32657462806466178006695796068008572797513218518155367689985016480862802616713809147873705260629745772695791197293647064783283491491394180123687367716547092646433566106368094179847781512855171127181076455043962629605424452551413305150431427861302411110710967380348854065869863050661769218928704430493639976106032228676478052969555108793172513311583282211987997268010015837614659576195595526804554599183506625248158691810066
906 95326675004228342835909803439064971232011396897258678030212449058513562825086459675484236901585094004457479652940513747815562717686223434239347841072054045633892460459401503682214721714271092672662236798819022002255544386094878659784941053504916390598929396853597992962282262247817396267943687329649945778407826832614691570803799526461950312465717101163125413958537339074217677660933924147444612135561202611558461915877858
907 278257224733408009266941914447396088527640415310106328646039864274819706044492435278137315756748110503644612243706374176736283338467496013195109995564671821431099620755028509624172162393722764051619823968300580137631684064495051616006494661712682323499181720227316507893553628560729487928974963297903302959054984727643145706830812079743722644516216829249653178895659927381376015772457865226106486066700399396309950675640916
908 812228928711758252367674785303836746919359595678562723647651952494187947810010925954578842009464654795417555617002274380148190944747097063568186864727342573785404055504706647186329486697849341218753409434637944090654917822031966425598483521401901860188203508380203951566147843740131873477875209451567333347879950319556401644852137709827737252769171064395358975755186159798842213564746515602493692886962818563899752374229880
909 2370884828842483336984414468659051219612127644333300052884790627979552788013562354026064590236480578242041740687062281935313055104477297551087726153343090874810199505434752558585307885623778666126394831266208188635962332898657626954949550169727862424122788228283322584191366316042615523001851298320646586100328861378978831035682069615020075077912639395841518207039355915217093078952429570878820260981432510877976079916837874
910 6920579497889629386505443897929717191601365487389676109969553785080475530359562248793768153229865850255768586916406757409242797332486257109351997947065568513595177294966518317186165157930672733531247061557040440430784345100139007743278175359229034198836741419866451601088096797851346499550064078253515520776569578572963786844255094721565329945783061885111937150063147839303203760228978083831954241299850988069271519237826442
911 20201074301020920914321935169536939260340107171646998148463095119771917923273629030449881516662757542927021864054117730795076561208010416853734225146005821790207178035027060518513059830692164572779344173125783159139272219437165174372026060896268660362376930669255988770580104979538615172065652788223964468979930889500794995023743082841019351702972732290986593465155936268661172402388132577015210835136384831966069310770777430
912 58966652003608856462800693303959139258627632959079797857207695346496613004875287169237007894214407151515347777306008364717497311357692313948187108751521720101382819478205143871295820048263412050750889887090029823570050021387955342691908568421748211447646997375208646398294361648640903312833403538540778889342443129843806196897871633624705586710017223847764208172978952165563767156607465423039398530056308133968765315732976398
913 172122828553676700789629064052965630710719497795719719362245866481724103107146358157918809051298152144734469498716651054995191193080652660504090569051468873894896106791030585064156004967634321965782760231001998978183481358626133115478567794423996971945497944839878173838635266946826175920427190007730856350286012680582167602563294348039898046390865747372485001802858447477577798936142275761586664943275483718925127033054707894
914 502424117745487854006137635366658582868376829635172092356793872627653706911542717424329201211450313419472930864105318676111394335005443485501430813468652184352516488263523489535022572215824233595028094226313513246488403895016586859829066645208414720327792286247353954841785304645152101040593290620401760215830664284614542531454641333547723667544780709963084627245856630599092423935588571848254120381043879223366831387279381592
915 1466568939248004868702762032093546247732132910355407471156321283228728855411950222069929645596681445628314600572179709498795167960499402865928919651977715449495168572064236075233763397493087908666236670912148778035070508776748997385369508685450649741934846109056220118085046053130672094884965099834733047974569317790141191543290979556836617908342097341762229577260406730757004152062815956274956782153083204288645627654249025148
916 4280894124307459590807307127601875184711174354159275411727017916536767926569398610319176836365507377086057829090523653744162162912960778467898688773594364226158832395375415943825772528226807745744647838590173930506003522977844815711184378804677968828600156790285655223550244604191644539529219651255132250906470004464845933734126245072489582989552773309110614848479450302753399902494408954890007334396537381188977101669382123820
917 12495869790428648060097333771056281858819783204851988369471956043104820717846435020418369609851254625369565368900444044118386342054902309282680723240814974569621818961141636766665663976403334141144494088144791279977335292124964350623419750816891963892805612609063144511926309638520614541575989936311709145121331146125927428921784210654733725213075624407391623748162662872249353344734128927585210896359032717650355161743677143998
918 36475268316664547744460890130559471420038630077889896405496395745774172035158684187776435339266539155357231638755522697769164765977257482135530865672684364837857961207950007589116001401972326377691108619006036233339793973759560332057540057616849236162788209633222780509352534403262000379371840758868345114582554122924351515318898346413589583250145929207411846343114162272836101940200889128214086873684893489922281442713112232594
919 106470795637750806814809744757590504020269543405476042884566965786878312384617312147789341445820834415884208645188192337491946951655473552164348737499948448069706904975780986773732698988770127818848750602425057685735349093051040699274615201804349230608554572867080859914070845652696381868269562149736108014820068523207913343157965453014161814142179907820275748261854378971219410584799761614123906185453026490727621075049498848700
920 310786756256884764180487981744522296640585656073409526621115579522624853377967907469235196264707232383990533226445333304344598201732434068854927704503250484516741462536515741105622715661168595843127561873263669865992440741925925122577447149617112149145917048111978210126042461094098097099765308053740966545680451765128826745542059955481909657593670321767829109401763609056968192714427445103252866496454397845638484167271591628030
921 907182174098729493449068028520524027029064657338539282091624933354832324837302219037485239292043609675589678929857739759883440349233579450849795368363998274432809768040708991141693516811475820349091290524616052321298955724576645362805405063372703639480978288498376653972906457667818807005194787550568186860286096353908897196788182568019342155679269754746868147775648553833193872544678308217113482041638674581190129564640354253942
922 2648052017770838764111006105447812246450212923965103859286667189121163939121857221786589056976758148936290774423513989995843209283541252152244348373446724463956676836141435931335696987681369715607123032643376099073666104571684059292054394680753653029119177467927832221035273877499679640636440261532633925262106122586793210731458067174137921946568895169460272995208631922165467977005066365725975443816491423743366890284710704343618
923 7729626627404462707500241907641139057752795256833606222326774779676780942008634236512876758540478496585786410701325507007751967354599736304673625820870620847509088267624777330756149666165277126530354247482904050976071811510810511110439915753621240076539738198264467375583693688926904161696704533883410952489794080763122247710037531691787401081817277308775028246125081715272317690866640237844500059218049459948381975236716156009924
924 22562671502720675875608576565598779184866951351724119140027728231552749393553725552916477056909755659715459389616154689336538793900158606617413284048640033178951312882618327122181625231967682870699903069625436328951288074431103629141091020473461937471794580514611647097964513737144339571551341661697404340437251997132275323272527095257241825312313823935581006580588546899183009993395620987029752691978294557420916362066410297796786
925 65860121048385759139273966612007718643657770753931582642113922802276219976003713580912360052518061567040730545459888161192512343032164571446231638962261454224653788601311363562608490103042382000754419156841386207082477729655734670088456343215931986782229231255831322766696815696009490197908848310132618597603713424107547229701432357252349006278761013901909409794741223878482546071266032313658919029259141818426547603536581464920716
926 192244767823038561878275244527866008522702119149633994548361407479178758172387501304504315607119796585617730754910333781012613901898015032270546913980355362915225942298117594081463326374019482897351485397612498546078755116839709950619788733335743000587203407106204549668358187300870708670449824559350314498451905293252502760385320943110271375154979222626436191032163098973497108173992344135639226495847264664177515187935725839374126
927 561159775703750393233410822953116665984568517327248793483730926572802620380771545768109441668714032333592966154263714815537767369810660251454175784859934669044866933427817484038077883454971053290839626339140613741381806243405195639345845088169573860602841962315184689473612368838335434944705592858240937144788207877563759864098896304371966497998913789358293951307696760324808636492884137725616946285962269694167456415450536916550308
928 1638017499429422092303137676537999165375496596074595506678725002056944075956071694225511839576522345174128189848934441873304458338962327660865623286789285417567794755215125512378776128818314692869946387385829797117317420656765620263701745745963095529281474678974299378136992544451254146429255505302376111571947625658995608502366725792233097793514517190092022218556696995772189025558154502995302347879211831226233250414044290201252096
929 4781350062149661062323028297331141873607076195496584476496057962674921580563570764909038619637312158036986132189023011143280225501858207304982505335841649870042296558035945682226810580120483716342460158192608024749708794926884779530761459366240707553469212664820530213256406146063953839414828675990295919727440609019101563188532779701046045368613196729071505441483236266730257163028278557746207612395072111433040822776849176373111132
930 13956693640197341456270581342115164586364614673704672970320883204125687673259800487213336297317564246760893514783059477467057708059692553094870024776936850436887400594679630654537351544135800938029491194865324396135850422208440195220527419882781389905344362372876768162885576108818731768965912694822224608183063323737624523304238809889726540019184036584723812151038381772946961462053698486750015581810101072196718432460180466714020180
931 40739392605516324004218532449108401934877131668150647329997468752019491273991408741719295761513950642785568022827733150355062441995501519656715226385173141989823208401202239927481783566784089994469978247288927110337544086982150460164706953175926059589685370634814509810059703762453248267074228646922859871766198819865857172866679845003253411835325272921243168226768642429126740878380872328251382166009023503576962840711402822414189578
932 118917714514146972685513824807104785945492130526474062999860657519303854327269676962676411811335793585852635294264170075027366779541905100010313179813387775276469442616316014291978575428921931406796256391248764894378991812432574114256593608981592165353223818856470519024107210530465315195831901048261224800780897836914409258496325209272327736451812657760486232651743758326329413329632570540000541931337511128590865588512276648009009068
933 347119137543384481808803237801108712986813041727947489021807763573746486304389127741307569428440169937068813655375952049067010860028294872758626248533792696000157956873553865712573055801731077039292061631238461010415295775886923336033886552464554935919367370473503666108333245999010609163274749065800374101999158175021122116244221567905202014794971917119546536224157228044265386608651915287721388836236153645344295242666862898663593504
934 1013235884503387875677200170940072666045414688617826404807666716263539070286624637721171573383065107729200471968951078548142525829602516867369578562779831017977358630489407129528131662772645560074094271133231382581104794356301705725594493238077781653452248366483571394983044124958712188062784360052055908205323108834255142862005657239348501330833521220812931426519021481802376438843260571017328181748516368411481348183574047358216669870
935 2957621308093530011229723085788988899372748020289156812637447248671064672973814877839732596097090880200319845176394460297875730100787374141486943404688548924641093506629753943245391343904053260487231645167120688542744214291058037673252401811975507694505808174458872518536512146758533109773270029889307867635142098687691563781983893226441109504495988412385344626733873841499747664110908379249514021474318225093301060875096168278444210536
936 8633255035550051304524004459527835762507229928775318047438990569328547455970658670602326587286835184719313408766989215654705271403983300128389664901361929573742126139054700075727994160506342537668046781401852428711769044746831386344978219744253411500961390294895033431831548436383426030082968505523732986792539850160239674566202279943697558740311240856943974259120879366547836721940911031523275569618997863358305409347865656052802022850
937 25200350127614555508691301672216745739336700178219377434198123569447352139871492972422974140892472640078442719444933311716991551626256440359379578235455287614743658697145075331425642946151632712039014621269321070592389702769598612964886519289648911164325488795249598278233105541137535610611711687647916172420355274131989875878349408835281643080059101083580123698598758876031183035701921888848169175805400708371778101387295201634559253566
938 73559467887757292790391886311650432993606324891831251883260475506077190887911544704940033439453525349915976092334432693292560469936079821345326608931946172287545778125016094085975524336584566439446125123932672659455605453802259163030322392983336994655638960825434052573409592533502748991827286511786010109361814736707743808445847268669341186551944341752184386250007605094978471905364240907922021081771605898564459369578988238808415929148
939 214719053050006045151663443951056837060969250930686169476037624687081020352281261805330009818282741056903461367413667941479264429533019552588105618003837549681449410326989627807268927119149088056803946912174170428196865231254446755191967302381561532305122867975273029806194076981617050345506406519044423216365405012378698006287689505726226402947528689787748191107063142743302947342929327295053466249292019153175605630015846034870153655424
940 626761898455284676330667405933431463844759588396386626929815612798461785437293753900776925583677585710455010608008154861297329327786687969063598242942501891345794002736620347826406535914334498623922493898231610928945396606463617794210083320399193119749935621987458579453754420567354370836101826687307444430114734983600486312761243542934972438183159279017503908768892966743851420707170034389838895250081125596837349580904586790809689821194
941 1829509173849542181005385687975443484125984317103830265259527656273393265372119749220237007016759629699362768974149293100931136179679567451873747691059951819662535517318657654884551332147504131349507660337794707946001901951910258667815490187556520445589015555474057787471562430931900258186961483065550208574125766309155381202840307642084904085915656483624262695725205652014696784211361794597986469574551574334704863753823954188719571800618
942 5340311568793341569110963528667088955591580518762569625600412163809838551399659993376200022577893341607947382966789540782131159497733767060907189410294751300309253496925683568034939063934184655839262706078953023700895553898123777185201123062339126065109368257102388677260248906559353849446609045422339374843723186177420595070513834132066692012841481750787811471570814259086809093935883274543267288510614443876046270460000337490306622568514
943 15588294423132191259062180475576220945506608710625787492909977305539969371339832248082647016353684259356016410779400043500355950624655653309952564893202570622377110494941066879948165636422711082065799683343115023584025286409828115595383401240174777253691087856887416894563378419960674438727352421168322136940026804294134688936721461680174100887208712744476050541334093252482577354361063458531976706982232554526555509213183157815866213229494
944 45502012362390976057101174246411411547257419672680492558818125903518513671685994565553450423043714542961814006263289407508059956487462924964310726786979036349225978123800955713375324799708781969038409716084170107586673595837168440398173199625227520502836350989724150829165676331524917570756090109456889525141377735188981783988310508154346197506904542426919726489527917233761875547919000679401153731612997197161423706288331200890838610764182
945 132819734656459253730797850973292578224981157762814245014036744854363124674912729647291077513820218198304388915989413154571220879926245500489424789103560472198523436391496074630286132954930455938884847637281360070127750279927851197833089166216896406099000753337430012851996142861126162064995292562186448963306361417241296210537442868565977320259492388490273737260979726082176618122400253498828502530563500401990425249000195103018183895841180
946 387698938976888460306497939335244665072242857356177919477292132723119218746982104687331570997288448439512531372909572847438937486114222441516963420415483596303450933070143401281236798420375230828676856922325497802743162429042083303055577650475756244764399291971366259990973403279892693959630899489186606705852631306607462301498516288682891295366250853438023815345632957310429688388976515510153071835722398083776442699337219837769703644245220
947 1131687754629129006573372419849743856448351057926597714614062925368032557081090659711751783344116435411521264165536205666649480618160542721970651558193196564618650622102421334809588840527257689388806610271203293340571401535372001196787846724689510465556261728327843694945164689012824153461506066904299633573989989042008181026154794490540898680419896572868393737729962145530382479690006056228683152393695162563199114197128797806732112174632152
948 3303380652413562355189597841722201314530696841086078505785491747946937392350411776189724123127542949270721527806911255081626733516047399313619611729936575544348896596552454738075754975076554264717120598654408047708060551490352207874798048806107587097555905221672287070693680923708332974223531887331691198362628222210055515367474188512228359533270581833137440318580256436310263288305824376387271644218206245571862670166917587613242985952537490
949 9642521702743337072038046722764358045575542851510876785575015709947078236416336548026351490981259384595493576048688236190623797723863201181500356225937355013052238931585833973708219716536997878907605022244344840958572284101165257330565765037902325090628381507761507660984223236236881059504977219699999265396418864915117539724032049159885579414840825912093451046603900559127482454510344731860521274659776251097742449517267606867124762377431538
950 28146385346158399395013864124252054396803115742505326642058955757065480239881972084449317846426153722716038241710021095924187335837624845823389027347840912305065300408122242129358492046551023244696407051089863488757730815533166115052702325627665231096254893556664786501007539146169010769948840616160316433598030382854561743294058859191102150288697046446192565986363619154973045835905289523081184286654061101531695340578581686800650864883476620
951 82158903290728473584026051939354165713211826271212678870596154610354112591218440656205295420939281603641630271200463129872970717526013496329257159486352195035626762528971952384720806333755885849323675487455034832909407850460886248763025854890737029317374622562041625376576698169150639225676208889230208340724709173131692201746937102714547967904197729973130664381757105690745578948385174018131110460071258921080028460949167206748523520882629522
952 239820684145382429750619931746852272387551173042323556908661273363730543181928639638191538507776553039497700688827187381009685664981819574082900058487067658877634538981407434082093078263494148426799504417731163943745503138941562845433698084217628202152106350915069273639585941642687782405953509650563932530366149419377978228443756410118981142472260335714908025647261919626201695035913433811930287881462261073128936716230830707224483042379035258
953 700033206875214702135511617706687978548914451552299061595729652347643145445417010863513979506452669281588179591153732245314710203295539134803600309032412469748569445999809871878882461614102488320985188217738159820180044297690320036133228823447370514281361157251560933467967865804502266331714141058110132602563720135086158819463944399206594443036056134643757342013407226923182058006290396228127662978455489590519623055408581916251819498643444686
954 2043387093462399448188941578733707281466429956765292562425140053891353356647309605414043342969465429849894436804062421131018875504782938438080692236671258543568037612230904461639527525946198473096510597900867190408122454856285009444211066142126767154971379036752941701133585488210063596716614025209513577988637299222081115754133360502751030523715272633451656404861159085338531769187914605674220793961446176091000829225046574145951390515876373240
955 5964618210565844539638295674594089115579454239995859062083723045140478423919044835340094255939251975222116268987157149397289473630042514986683204317760766480708861027134444957309399963755644395647256855519193053699378505586980570526893259506221282933974761840732695111519872862726781523972604663045765008047302968056938676025792039191655405511539824123379864454984323177415072157954902860161683900339357914138886156937540877974105121411615128350
956 17410636737227853562995563416475909325973435535857256472428038869849009268986943365936590021073030258748685999335235078475047940208086148622264047040320479676551539957856907651447844647933193135950893693343156526764790140239912139579221287089922428752011405317046688607712289111751531498211246716251717787841480723599043234601798175879628061162051638824722697512809569850094761905123656929309473742228843521031521864266623925337967017542962064412
957 50821403968276981212841815106141547680418436308221711588821859462302753060869094873175533248546066692770879119801996604099290356007666095539571633096693878955402449225045352594423797467410034113828415827656573608980413003073152499021971868475915105210828253124300418559376812784635763161842379028960267087649508131638092737795341933849085927896370940820136832958308527853669272273382656523471059933930198837361259247065602007222988715606979109070
958 148346964001848378173731690001379837648605382019793020183689601791467381093702621036648139614795689454178309435680006783783350750420579693495153085605714382239267813026223100907332020982947006069366893287214534422562509806466793905495644767491800859094377140479334409663991403516481924826882381684489160990858804597092463292485198102107189949968504660463040068163893339083591095304135469945710503182422337294946708348959784530891823763220483933404
959 433022703235480978266608384832170285825431660055608123496424253212577282409378680260696617417052546477592554592514190215434966848930375505679484763377561323898819054415317752433418868128102556314655125675278918104123867526974748996050519698176777461658868908957692189965878234052436074388200760486649089326794407498892446551960186324679089884554893865508422307238129105794100512174651413924157776105535580225841495599769509732157701778749888970996
960 1263987185575480345913510308909626252987215735419087930502955870997046213770117581431153287473403380593813112045111323380328582113002596571411850435229080111534239024174727859072994464330398825728148342311724484114987882436106199687317076845651884573798363972138656898249486043742215368687518000738427734858829488527605459856289475876937838697001457538065226315370022867705514891552723479327007843295954010454993394384747017765304658739747630859128
961 3689560832172354704702765022357807874074120376291712381297685413551939348716848932889718299754893878139008024500682789457525869134970314489786573814744424606512374569313827938926205065840841408838725291677368543198368817031555504923445518783400901887808829997163109722250673913041476440542825808706074561613947228840030270102790443544158210792644485239866273188239781084647596194609134488877696687764142947269628152277873781919142723690306291968220
962 10769776220557619035177643754784892478609210419425539515766293775840252770510643094634186845652610079405808558639775737255905174675242108795711770180090900262110880657483300048110272948299434754367896396517875969070852591190973392597504760678538233099883643760301487580399632883193396816569427516416793809279686214713936155622923935499044021442321886946011901859001638443272406063853653717071051428891456984225995456266235128772095410386827256680390
963 31436825442608685001377641233032544261205259067369056932918720308003165663028056280866622928727644665049961236996342986849327389157913777788398488862989889180229423789401932172165762683504261595366837665409753840758595954621773206108697926504441128205870762875583303888271822213285966384178147193413850349367382128807181908585204573275587208781848785348061399362246923976545001306327073906575585692454057587174786874453077245068504271066927101151840
964 91763651692465675458406628341329735887311433338709578280668380475938105621990082480073810523018028811465975977759137088060974983159117097185851423039771676412086725821525469892822599601726353835415022247152199883627222059942123264728437412400399870105328284571522306447416316389224162717654341048965155884847560378210500477970555197144189191357972179230998586356686948611632532231176730219658585837244107110562513707042698561468884496883332228259132
965 267856809756723469654144081297675086181882726300323626227872530161751819750701551182317977207540296185942287090190153810493307814747626204394143012242059534459877006084325037457872479654329591440493856633086023638323450424379207749734506005891279698426200338444442288817433866520185352555283438727567245259516081080417696098354662570996318507830532562752521839190722753987797648663745379423205881811104427449015984473274149720649911364419639735666974
966 781870263549466107848538943112137249476968425622476556206770173760622605221683548208951783717949900264339767327883866603277329624968982370579226379183431308784777111455683430340910077216174039001548408079833784105653824631590071907892942883135949114421282980391659788078858980828275358998209108358960451352052434888651940382642381197261712260046609205989411708905484011361992411165544836062773630072224150133731901228990526944992557227382100480676484
967 2282268311857122116981287677680812744018917068055121455324310149494334280652733554501170291482027726448975667906499080786631933745768989834654458738717612619341244995791303970344442569508200808257600033991235315209796388742230143058795717450651406108506363715970256482495462836553545192642574059571121719688925965464074337086166520174905756904581072612784606942196843382321608114361100742086624010885377621961616802138696591366564044432994273105878946
968 6661909130116980460805542845076124926588364219371175208857123252069156919519179834699398129129588180440144515879904452039028136549468530311855341702089062331951866797415065443300196959468647912387733275599663519301568272966890313405841308426338183297677651774902933837797847153680761928350384611665070134832265505118800135748168098257403285274216860469603976522094817701990772415255634778726589575732139242957598080383351542593853408398797339832578762
969 19446019132528002845335377096205480150021967985761545435192974991726794128691646236007471696397425466719637930105701556746025683369416906024345695854954264637430703248717461141552078417270304625559495839316825689763413055496963644988662217557598266135875430216201829416368500420109282955288822473954602379128634737065005060122143189221457576715162269093051333868293605975405699118839641633875647680640665845846685755274736068604903146979857914603102308
970 56762656577395407758375211381527592788947010616347177688923676091565513669190212361623411903670857827765454406618776946681675338402651390881256432110411105442655582176595191931242531462086264080306038905741470941770191489420270102629979089825783584935083924808057411042383713838851090442305633998074230108990877864917597286534844297542192319505835205148236793345252483529032235493172126395028050236030220740819125952854266589006754274324041325547097104
971 165689396876802665151742227295159619374687282042547039166208520607399680726438709423163222552354696938266005894646661182785337606120852771993284501868135293020841020233103746006960346899116216949173060112747810379441711162340665265743975033625829519086043797776658985035309044024187470826153199109632196864272688681870127335870158731148154264325045226899229627854949235404694850460893036426595384620746846811041465156364779411839739293915049685238735498
972 483645021088234676819888596444663205324186822325743933341025767083390349031884124612447906457112530174853020659170826818088834821619061821207965977433471729708290958670087106560345584378408652183606267077995724349311378384397365950528973654162117224978858515729028975748677246262254229866611410761424781564160655244358522687397494670057973922347801669210900419735836245942875473329649304173440366488326997139688188845082159313772352573189532536454137882
973 1411753020003827853771491236830067386960738567840538483475293799216202408448738563386024057172054034114101202479931430915798434170575527504030426111457525078976623484560970072629724842285529187531182282006539003862500260232412704704890202675459443157465371970937949457841769906537476697183824657702363494991167465429638690277202916043479835385358949705510047059898444423289779993159919802194243699466635591300656123910964493222279042247791089839670604502
974 4120887226349267463286719575021891964480910561540660127306062726628376928986478471548561500739181321374216102692133938620031620760429891023359374293086080837816175130708906806627756667183452100156480818967156590022187224593867890960586666866158419457564318584746208611437089803239502614961532019224056129444487561268557620784199630887479123693320575729646877216090474610913407789964111924593946570272831081817164390133181009073226089547730653397400464006
975 12028811903828981501977371830664771246061441194803254919732791582244460409152811364220932262582117441080968192973921339530324567976765598162138401200473106619521497436535854504140156714556440415425400682586290617192312199108101386156980819208447395925292229176678682565122987550630776682312170509741845559396056622785620511349252227649481095495126195148238834091078682607424659148787308921959227050947408435161542955519857691412370148870828811310036192782
976 35111932909137647628536115821972594831090713773165383289691362108292137986965688071477526841463265950968601451462498381623177305750463724398521601746168051503172761528474447924548211617160986374671242730207943342510927768086385642478338316155906497964362668480145473603665551611476448549815042789371792049443322832242066559319234782354774860692672128086840452336025862198956214975759656876624187116731990520125357623612428727435033416140679569259369212928
977 102491238741820070660538755024745489606851025837217897635637056582150424860913040513908096360272814290885897075948328591732551545697390358996079563456675002405789219884892782641733462693919732666933417799313148771990322025041246746539620614115717989710631411008730892353502466158753033043966420193489109020526702464198225482182906050112138371287897289332150632261113652024199910642278833473738820591502176401618129131229881259579626998597076962354823302884
978 299170485601464706105797569972713044976185183287860230117002592552779688870444305998799586956849377570841531547711781274498252075048474326789525584125901565970449628760840541876195631867280156083721182808182150360295589755822520081669951140865181428133374549965148602860263037301284028440545631234600552469798800987736014845682335574055957623070353154945109320534146376005252639991488492743519715154810912543219071723662979535756875474085087723390016060340
979 873274443296349799206511496819762704131579291735426657026427038370304408126431508638971117054584911792270413033401294209849090086167569793124350504844579982147291144733096092982600559501799786600060084862719944897512932022663779093083137268574341125752484914659054054009519949332195446232336119301311033889900956292121066258895501460578544335513254759595776180260149219022107495604662020207515687865987321292410589996277458485581011078357678500514049238814
980 2549075828056268709110871359317362062374957784815364583442588742343688352427700349424383157905485987600823700315039350056053310578744082598075917960541674437984554872409374754818529614020326369262684154592472683991985271012208932957051981894636942054752679181015763346864862111257313340649104909881838694399208310710231253423298715539502996222324800870828518388405621696690631115061136659621421691888761513409481554658419551488694769075865519335785137217154
981 7440716520517361745040607172005758720720154416075923163032395640296476133350843871167358415164089805047426384108162412681099346654271150413579484077924030335336429973667010388887220285517597915286154525801489754626508899984599421729909855191481823939424026287041428024471585456864251359725797375884085242039755994280860159130297815723606546968921322391864521189597040415874207623189601592362701724259787847965585916875172562442158107721143200937829917579500
982 21719346960704801344315687600492227184953188013927263283861291955446805392316244036878179454365087317202755006742304628791169025128947101895583149308270752007737230815321561346736066460913884789525539372796711386126496838318064853645502535702171234793859466715532149456998487335593521335695378643001549747934619918337187350399606347801411471292927402042836224724729939351368358013437557101156888584874462573848806845873865314206543592492475140147627455603430
983 63398468561288093413732196653159001144705832274744412368327943709728806132704870604854902847825771933525870846339938979976670283251672134267736550475867461457956937267306374962382133249471174517071014459725980973510659303454763992007797516663426976750050751541783555565336788214867816406516874093623550412478974814689744147225649318301321662680685164611830202601841602584286095297426946971437310370578771492057707929403887583684104437815345334122944974415278
984 185059238806239171239735627745121903409541435342426525378016243759893084712857397719422308788846179247987773183581584810755901568261129862859498451108826745651465783514012799131747932297825955551432892398882377893479895031583124655970898352249578647703897458553856792873687094108347621039535548847599611370072754607016717992769027039293861243122193840099858823703520843369028878468137870346938692562454372820988243772514084772927936413065299241713421982100978
985 540185317480306796406540259212350826457089446032682466263431102516952420790089287182442771042263496312554420249166358819590418371525887756258609337709559118910996584195927294091907119852243134049866992169047634855666342122164560466815324631819627355098528181162070155845717820466929278325445610137786386601420727068514983536115763579353498588810441930004045749676615594521235290472071782362970728907482950153585224133512113938097371569981810935489903972316364
986 1576793350624448605776470992906992530180827128714061612708887477304896839965213236855390159523971391427143764161867909150026079633915111504184327477416655200120365562221004505887874707864636134123811125196166789734842233850534669933333867144106950215125978026981788030620292108489664152618281520926470969565843754671354729379497300672568563045110041433502669290785109331713744993905914678694453387975919731798813870163703742805786073174286926169876083803344762
987 4602637632156886600971236485382030599606891552934510749923136452722675948007156926619586793142629108969258625734422780766077048330874007029090206092060100774003697707669283581967481713999124582108530269270965942200807335895556058686222137462973397013180928851359052602073283782330653130598174438947301315477867240919796536441549484843176772130469206726703562062534340564593494150954032243611418704981741428456516664150164862414568742793368343770660927469894148
988 13435034568453287278493930812252181541602710256278945578613144564653669411325337994057740884543575539411069301292173521800350651143933921931845825272080704774180364971818354146846155785738113844254463695766743677099456729876198197194627070565424552192397655019279862663759285205989424445562373453548858701618144178701157472199828178830190346716577745831186047956650849122574637432648518732197143924042881668338418262103144481421532610627899061976852217676424222
989 39216677105850907874227196940128758839061168377896295857358960709341975267873350260381201852823868336828312062882097800398146111849672769479049375764448404072980092038099844532709687069117706227313059667702372861564027411853567504383795965345588478720589891257489002134643785349812907568923915964725728732734488025484407381386897079658770052329624906893507752079702971144985010944620997459594015563298238785364679902309480606044950602014823426695606117014745820
990 114472929368995845899647395701862372572574672583774517317935348823550262060995068682279287250751648588078746154827315461232013267421536185853775563484733849551891797007214909050999387398659797174135251076825719444143791569236022572175915102115080821348401066184223096800219178651784909725902179207234126126496995407774279495505518214949951498624290996446901564969277716604518420165158245969007822443290392897899711453824314027365565316079058030259542051641879056
991 334144872166236154934157283541524019653899584168856093799465561651566647946639975806783576460146586961988833591679757060657405347527752272934362357610943710799632047317904060111662625062649945974462743970126960589791933808279460268596156987433758124940864734630900949700455914204064061742707054162453665056556596061350185120633766280328690884903779854504236620059708371355682268889206298733277981792717380041030174076691508016847044870539936113032132838396260484
992 975364186191872215552689289558780209686721317538026848196554573318438582857707389316016646620305728355471009246706103902058472381333554073109452632123196301222932897996615955991801016458848968816155264625536438079273647612531736518683127154726902931022972638464983855715669911509954074308920515149452308701335108147129871446891732200269365683678391337710324548422546787404748753073213410318755126725974138634122602732684090459586193585437885830383435009562169348
993 2847074352924519749841079548467823805646671036134473498068147791909913461936754410078772872603519783582575268794266781547597320100099440590109318209429084268556868899064650756934591202154222273846063293439222235514151046902877045827421256877647023478208731243190770884233782932563756759120335850814216841463730467651256943786639802912401666718918012173196343119429041705223523677947453186574125714327707975336183248234767515771260449124768053380435608209464341002
994 8310570026902756665977398856031710233263099492720179408293059712158621188088189604952548867529894028094374518756301202292650535627468399428139349298097441003149887151744838651574486310722334977706788305143347936685260461103786937974964121353391766133333342314973537276613125681047960424162006166831910654851835804918754402963201473962085973301044060588366951490144454057131462315888119793344933919595667964318937224979092101606696245059228922846673078192397141532
995 24258437121991635796711583246618085298149430744943730362752292948256880717638145704402003297274599934279819689237096729084700903962894522192604764908597928049799467304719349747711783222227875975268893373837337747143933756486923645133656313321094732877232501437999681274459110978732748488807939153766235687387887842107413682587999626315790732111561021266527120450387826589487861062097479851077761569335916058534194803265886276460875876600291447753999077048037292368
996 70810037060831765008718568921670390500378688899654366587031170238124050736083336947054620284213866891488585438542391999480990816543256151630066768115170476632392766550594154403299570901988572215314009328812861019410998926653460495723220529211225418869467287817612487949450755549336303834458725141826784604424153523929624053243339448107573829595010102060447261590787033023908877141201208522770608712949652135115685260358577193210223374776314890306967765792693435494
997 206693503103332235034666767921121362878234230340477889443169483836475160616969573314416858189067909007367670861158580493715111843477323176750038765527592329609630093904507556179869825696841493191162135035656933556717549089960043999423568577520952188516041469661331293678413576873610885023248060069866110147598926225182773687816188984723762264385324141987247050699140089749642507856732078128316969663174693903054077641147613500427254228877374221600719116715408707480
998 603335430942159416163549815144364795157699849711454004103147704066909150725214599339993469922119229448583662314508200128773769693058983022370896454501602701133994819237227523946447355045570900561496276837071194277936650749432427266465225957577257248600599763876513016625877987880759026069560749304872297616387194315769084751044308094442740195560751203942542174558795717485819387007859128966768970222133857936279248148205580440791084523331993357988238980358473690498
999 1761127644385512969757641881200322334219868968740541699542443254252210012035415884464306328842367859086898394330672067007188045428273821252082547080002353514635707659605454996117981657229643964546576891932551369666033754601465339033105864258038423656442712840776402201290724454289130140528028249028164972296233548414442123373912094451459050778474597972854025573164342945922195824677731960353336368910425689109136629332732150390842747240537052585906531864885275116358
1000 5140706845237814846200619733962811674324572248322170514825786697161131149276180762678245850430091370457573106642126236516906931477827062853124152544308111337828484991163807870095371860808699832172275880859293037142875629007861644862612161411925179421505892101022289581586225846118086542013754472887327439700285306855614997057717711811380317225083899530782135193191574961978588987629642321866191371612752245947241288914370288320373356810837354051245328020150445821244
