1 0
2 1
3 5
4 35
5 70
6 210
7 330
8 715
9 1001
10 1820
11 2380
12 3876
13 4845
14 7315
15 8855
16 12650
17 14950
18 20475
19 23751
20 31465
21 35960
22 46376
23 52360
24 66045
25 73815
26 91390
27 101270
28 123410
29 135751
30 163185
31 178365
32 211876
33 230300
34 270725
35 292825
36 341055
37 367290
38 424270
39 455126
40 521855
41 557845
42 635376
43 677040
44 766480
45 814385
46 916895
47 971635
48 1088430
49 1150626
50 1282975
51 1353275
52 1502501
53 1581580
54 1749060
55 1837620
56 2024785
57 2123555
58 2331890
59 2441626
60 2672670
61 2794155
62 3049501
63 3183545
64 3464840
65 3612280
66 3921225
67 4082925
68 4421275
69 4598126
70 4967690
71 5160610
72 5563251
73 5773185
74 6210820
75 6438740
76 6913340
77 7160245
78 7673835
79 7940751
80 8495410
81 8783390
82 9381251
83 9691375
84 10334625
85 10668000
86 11358880
87 11716640
88 12457445
89 12840751
90 13633830
91 14043870
92 14891626
93 15329615
94 16234505
95 16701685
96 17666220
97 18163860
98 19190605
99 19720001
100 20811575
101 21374050
102 22533126
103 23130030
104 24359335
105 24992045
106 26294360
107 26964280
108 28342440
109 29051001
110 30507895
111 31256555
112 32795126
113 33585370
114 35208615
115 36041955
116 37752925
117 38630900
118 40432700
119 41356876
120 43252665
121 44224635
122 46217626
123 47239010
124 49332470
125 50404915
126 52602165
127 53727345
128 56031760
129 57211376
130 59626385
131 60862165
132 63391251
133 64684950
134 67331650
135 68685050
136 71452955
137 72867865
138 75760620
139 77238876
140 80260180
141 81803645
142 84957251
143 86567815
144 89857530
145 91537110
146 94966795
147 96717335
148 100290905
149 102114376
150 105835800
151 107734200
152 111607501
153 113582855
154 117612110
155 119666470
156 123855810
157 125991255
158 130344865
159 132563501
160 137085620
161 139389580
162 144084501
163 146475945
164 151348015
165 153829130
166 158882750
167 161455750
168 166695375
169 169362501
170 174792640
171 177556160
172 183181376
173 186043585
174 191868495
175 194831715
176 200860990
177 203927570
178 210165935
179 213338251
180 219790485
181 223070940
182 229741876
183 233132900
184 240027425
185 243531475
186 250654530
187 254274090
188 261630670
189 265368251
190 272963405
191 276821545
192 284660376
193 288641640
194 296729305
195 300836285
196 309177995
197 313413310
198 322014330
199 326380626
200 335246275
201 339746225
202 348881876
203 353518180
204 362929260
205 367704645
206 377396635
207 382313855
208 392292290
209 397354126
210 407624595
211 412833855
212 423402001
213 428761520
214 439633040
215 445145680
216 456326325
217 461994975
218 473490550
219 479318126
220 491134490
221 497123935
222 509267001
223 515421285
224 527897020
225 534219140
226 547033565
227 553526545
228 566685735
229 573352626
230 586862710
231 593706590
232 607573751
233 614597725
234 628828200
235 636035400
236 650635480
237 658029065
238 673005095
239 680588251
240 695946630
241 703722570
242 719469751
243 727441715
244 743584205
245 751755460
246 768299820
247 776673660
248 793626505
249 802206251
250 819574250
251 828363250
252 846153126
253 855154755
254 873373285
255 882590945
256 901244960
257 910682080
258 929778465
259 939438501
260 958984195
261 968870630
262 988872626
263 998988970
264 1019454315
265 1029804105
266 1050739900
267 1061326700
268 1082740100
269 1093567501
270 1115465715
271 1126537335
272 1148927626
273 1160247110
274 1183136795
275 1194707815
276 1218104265
277 1229930520
278 1253841160
279 1265926376
280 1290358685
281 1302706615
282 1327668126
283 1340282550
284 1365780850
285 1378665575
286 1404708305
287 1417867165
288 1444462020
289 1457898876
290 1485053605
291 1498772345
292 1526494751
293 1540499290
294 1568797230
295 1583091510
296 1611972895
297 1626560885
298 1656033680
299 1670919376
300 1700991600
301 1716179025
302 1746858751
303 1762351955
304 1793647310
305 1809450370
306 1841369535
307 1857486555
308 1890037765
309 1906472876
310 1939664420
311 1956421780
312 1990262001
313 2007345795
314 2041843090
315 2059257530
316 2094420350
317 2112169675
318 2148006525
319 2166095001
320 2202614440
321 2221046360
322 2258257001
323 2277036685
324 2314947195
325 2334078990
326 2372698090
327 2392186370
328 2431522835
329 2451372001
330 2491434660
331 2511649140
332 2552446876
333 2573031125
334 2614572875
335 2635531375
336 2677826130
337 2699163390
338 2742220195
339 2763940751
340 2807768705
341 2829877120
342 2874485376
343 2896986240
344 2942384005
345 2965281935
346 3011478470
347 3034778110
348 3081782730
349 3105488751
350 3153310825
351 3177427925
352 3226076876
353 3250609780
354 3300095085
355 3325048545
356 3375379735
357 3400758530
358 3451945190
359 3477754126
360 3529805895
361 3556049805
362 3608976376
363 3635660120
364 3689471240
365 3716599705
366 3771305175
367 3798883275
368 3854492950
369 3882525626
370 3939049415
371 3967541635
372 4024989501
373 4053946260
374 4112328220
375 4141754540
376 4201080665
377 4230981595
378 4291262010
379 4321642626
380 4382887510
381 4413752915
382 4475972501
383 4507327825
384 4570532400
385 4602382800
386 4666582705
387 4698933365
388 4764138995
389 4796995126
390 4863216930
391 4896583770
392 4963832251
393 4997715065
394 5066000780
395 5100404860
396 5169738420
397 5204669085
398 5275061155
399 5310523751
400 5381985050
401 5417984950
402 5490526251
403 5527068855
404 5600700985
405 5637791720
406 5712525560
407 5750169880
408 5826016365
409 5864219751
410 5941189870
411 5979957830
412 6058062626
413 6097400695
414 6176651265
415 6216565005
416 6296972500
417 6337467500
418 6419043125
419 6460125001
420 6542880015
421 6584554410
422 6668500126
423 6710772710
424 6795920495
425 6838796965
426 6925158240
427 6968644320
428 7056230560
429 7100332001
430 7189154735
431 7233877315
432 7323948126
433 7369297650
434 7460628175
435 7506610475
436 7599212405
437 7645833340
438 7739718420
439 7786983876
440 7882163905
441 7930079795
442 8026566626
443 8075138890
444 8172944430
445 8222179035
446 8321315245
447 8371218185
448 8471697080
449 8522274376
450 8624108025
451 8675365725
452 8778566251
453 8830510430
454 8935090010
455 8987726770
456 9093697635
457 9147033105
458 9254407540
459 9308447876
460 9417238220
461 9471989605
462 9582208251
463 9637676895
464 9749336290
465 9805528430
466 9918641075
467 9975562975
468 10090141425
469 10147799376
470 10263856240
471 10322256560
472 10439804501
473 10498953535
474 10618005270
475 10677909390
476 10798477690
477 10859143295
478 10981240985
479 11042674501
480 11166314460
481 11228522340
482 11353717501
483 11416706225
484 11543469575
485 11607245650
486 11735590230
487 11800160190
488 11930099095
489 11995469501
490 12127015880
491 12193193320
492 12326360376
493 12393351465
494 12528152455
495 12595963835
496 12732412070
497 12801050410
498 12939159255
499 13008631251
500 13148414125
501 13218726500
502 13360196876
503 13431356380
504 13574527785
505 13646541195
506 13791427210
507 13864301330
508 14010915590
509 14084657251
510 14233013445
511 14307629505
512 14457741376
513 14533238720
514 14685120065
515 14761505605
516 14915170275
517 14992450950
518 15147912850
519 15226095626
520 15383368715
521 15462460585
522 15621558876
523 15701566860
524 15862504420
525 15943435565
526 16106226515
527 16188087895
528 16352746410
529 16435545126
530 16602085435
531 16685828615
532 16854265001
533 16938959800
534 17109306600
535 17194960200
536 17367231805
537 17453851415
538 17628062270
539 17715655126
540 17891819730
541 17980393095
542 18158526001
543 18248087165
544 18428202980
545 18518759260
546 18700872645
547 18792431385
548 18976557055
549 19069125626
550 19255278350
551 19348864150
552 19537058751
553 19631669205
554 19821920560
555 19917563120
556 20109886160
557 20206568305
558 20400978015
559 20498707251
560 20695218670
561 20794002530
562 20992630751
563 21092476795
564 21293236965
565 21394152780
566 21597060100
567 21699053300
568 21904123025
569 22007201251
570 22214448690
571 22318619610
572 22528060126
573 22633331435
574 22844980445
575 22951359865
576 23165232840
577 23272728120
578 23488840585
579 23597459501
580 23815827035
581 23925577390
582 24146215626
583 24257105250
584 24480029875
585 24592066625
586 24817293380
587 24930485140
588 25158029820
589 25272384501
590 25502262955
591 25617788495
592 25850016626
593 25966720990
594 26201314755
595 26319205935
596 26556181345
597 26675267360
598 26914640480
599 27034929376
600 27276716325
601 27398216175
602 27642433126
603 27765152030
604 28011815210
605 28135761295
606 28384886985
607 28510068405
608 28761672940
609 28888097876
610 29142197645
611 29269874305
612 29526485751
613 29655422370
614 29914561990
615 30044766830
616 30306451175
617 30437932525
618 30702178200
619 30834944376
620 31101768040
621 31235827385
622 31505245751
623 31640606635
624 31912636470
625 32049307290
626 32323965415
627 32461954595
628 32739257885
629 32878573876
630 33158539260
631 33299190540
632 33581835001
633 33723830075
634 34009170650
635 34152518050
636 34440571830
637 34585280115
638 34876064245
639 35022142001
640 35315673680
641 35463129520
642 35759426001
643 35908268565
644 36207347155
645 36357585110
646 36659463170
647 36811105210
648 37115800155
649 37268855001
650 37576384300
651 37730860700
652 38041241876
653 38197148605
654 38510399235
655 38667745095
656 38983882810
657 39142676630
658 39461719115
659 39621969751
660 39943934745
661 40105651080
662 40430556376
663 40593747320
664 40921610765
665 41086285255
666 41417124750
667 41583291750
668 41917125250
669 42084793751
670 42421639265
671 42590818285
672 42930693876
673 43101392460
674 43444316245
675 43616543465
676 43962533615
677 44136298570
678 44485373310
679 44660685126
680 45012862735
681 45189730565
682 45545029376
683 45723462400
684 46081900800
685 46261908225
686 46623504655
687 46805095715
688 47169868670
689 47353052626
690 47721020655
691 47905806795
692 48276988501
693 48463386140
694 48837800180
695 49025818660
696 49403483745
697 49593132435
698 49974067330
699 50165355626
700 50549579150
701 50742516475
702 51130047501
703 51324643305
704 51715500760
705 51911764520
706 52305967385
707 52503908605
708 52901475915
709 53101104126
710 53502054970
711 53703379730
712 54107733251
713 54310764145
714 54718539540
715 54923286180
716 55334502700
717 55540974725
718 55955651675
719 56163858751
720 56582015490
721 56791967310
722 57213623251
723 57425329535
724 57850504145
725 58063974640
726 58492687440
727 58707931920
728 59140202485
729 59357230751
730 59793078710
731 60011900590
732 60451345626
733 60671970975
734 61115032825
735 61337471525
736 61784169980
737 62008431940
738 62458786845
739 62684882001
740 63138913255
741 63366851570
742 63824579126
743 64054370590
744 64515814455
745 64747469085
746 65212649320
747 65446177160
748 65915113880
749 66150525001
750 66623238375
751 66860542875
752 67337053126
753 67576261130
754 68056588535
755 68297710195
756 68781875085
757 69024920580
758 69512943340
759 69757922876
760 70249823945
761 70496747755
762 70992547626
763 71241425970
764 71741145190
765 71991988355
766 72495647525
767 72748465825
768 73256085600
769 73510889376
770 74022490465
771 74279290085
772 74794893251
773 75053699110
774 75573325170
775 75834147690
776 76357817515
777 76620667145
778 77148401660
779 77413288876
780 77945109060
781 78212044365
782 78747971251
783 79016965175
784 79557019850
785 79828082950
786 80372286555
787 80645429415
788 81193803145
789 81469036376
790 82021601480
791 82298935720
792 82855713501
793 83135159415
794 83696171230
795 83977739510
796 84543006770
797 84826708135
798 85396252305
799 85682097501
800 86255940100
801 86543939900
802 87122102501
803 87412267705
804 87994771935
805 88287113370
806 88873980910
807 89168509430
808 89759762015
809 90056488501
810 90652147920
811 90951083280
812 91551171376
813 91852326545
814 92456865215
815 92760251155
816 93369262350
817 93674890050
818 94288395775
819 94596276251
820 95214298565
821 95524442860
822 96147003876
823 96459423060
824 97086544945
825 97401250115
826 98032955090
827 98349957370
828 98986267710
829 99305578251
830 99946516285
831 100268146265
832 100913734376
833 101237695000
834 101887955625
835 102214258125
836 102869213755
837 103197869390
838 103857542570
839 104188562626
840 104852975955
841 105186371745
842 105855547876
843 106191330740
844 106865292380
845 107203473685
846 107882243595
847 108222834735
848 108906435730
849 109249448126
850 109937903075
851 110283348175
852 110976680001
853 111324569280
854 112022800960
855 112373145920
856 113076300485
857 113429112655
858 114137213190
859 114492504126
860 115205573770
861 115563355055
862 116281417001
863 116641700245
864 117364777740
865 117727574580
866 118455690925
867 118821013025
868 119554191575
869 119922050626
870 120660314790
871 121030722510
872 121774095751
873 122147063885
874 122895569720
875 123271110040
876 124024772040
877 124402896345
878 125161738135
879 125542458251
880 126306503510
881 126689831290
882 127459103751
883 127845051075
884 128619574525
885 129008153300
886 129787951580
887 130179173740
888 130964270745
889 131358148251
890 132148567930
891 132545112770
892 133340879126
893 133740103315
894 134541240405
895 134943155985
896 135749687920
897 136154306960
898 136966257905
899 137373592501
900 138190986675
901 138601048950
902 139423910626
903 139836712730
904 140665066235
905 141080620345
906 141914490060
907 142332808380
908 143172218740
909 143593313501
910 144438288995
911 144862172455
912 145712737626
913 146139422070
914 146995601515
915 147425099255
916 148286917625
917 148719241000
918 149586723000
919 150021884376
920 150895054765
921 151333066535
922 152211950126
923 152652824710
924 153537446370
925 153981196215
926 154871580865
927 155318218445
928 156214391060
929 156663928876
930 157565914485
931 158018365065
932 158926188751
933 159381564650
934 160295251550
935 160753565350
936 161673140655
937 162134404965
938 163059893920
939 163524121376
940 164455549280
941 164922752545
942 165860144751
943 166330336515
944 167273718430
945 167746911410
946 168696308495
947 169172515435
948 170127953205
949 170607186876
950 171568690900
951 172050964100
952 173018560001
953 173503885555
954 174477599010
955 174965989770
956 175945846510
957 176437315355
958 177423341165
959 177917901001
960 178910121720
961 179407785480
962 180406227001
963 180907007645
964 181911695915
965 182415606430
966 183426567450
967 183933620850
968 184950880675
969 185461090001
970 186484674740
971 186998053060
972 188027988876
973 188544549285
974 189580862395
975 190100618015
976 191143334690
977 191666298670
978 192715445235
979 193241630751
980 194297233585
981 194826653840
982 195888739376
983 196421407600
984 197490002325
985 198025931775
986 199101062230
987 199640266190
988 200721958970
989 201264450751
990 202352732505
991 202898525445
992 203993422876
993 204542530340
994 205644070205
995 206196505585
996 207304714695
997 207860491410
998 208975396630
999 209534528126
1000 210656156375
1001 211218656125
1002 212347034376
1003 212912915880
1004 214048071160
1005 214617347945
1006 215759307335
1007 216331992955
1008 217480783590
1009 218056891626
1010 219212540695
1011 219792084755
1012 220954619501
1013 221537613220
1014 222707060940
1015 223293517980
1016 224469906025
1017 225059840075
1018 226243195850
1019 226836620626
1020 228026971590
1021 228623900835
1022 229821274501
1023 230421721985
1024 231626145920
1025 232230125440
1026 233441627265
1027 234049152645
1028 235267760035
1029 235878845126
1030 237104585810
1031 237719244490
1032 238952146251
1033 239570392425
1034 240810483100
1035 241432330700
1036 242679638180
1037 243305101165
1038 244559653395
1039 245188745751
1040 246450570730
1041 247083306470
1042 248352432251
1043 248988825415
1044 250265280105
1045 250905344760
1046 252189156520
1047 252832906760
1048 254124103805
1049 254771553751
1050 256070164350
1051 256721328150
1052 258027380626
1053 258682272455
1054 259995795185
1055 260654429245
1056 261975450660
1057 262637841180
1058 263966389765
1059 264632551001
1060 265968655295
1061 266638601530
1062 267982290126
1063 268656035670
1064 270007337215
1065 270684896405
1066 272043839600
1067 272725226800
1068 274091840400
1069 274777070001
1070 276151382815
1071 276840469235
1072 278222510126
1073 278915467810
1074 280305265695
1075 281002109115
1076 282399692965
1077 283100436620
1078 284505835460
1079 285210493876
1080 286623736785
1081 287332324515
1082 288753440626
1083 289465972250
1084 290894990750
1085 291611480875
1086 293048431005
1087 293768894265
1088 295213805320
1089 295938256376
1090 297391157705
1091 298119611245
1092 299580532251
1093 300313002990
1094 301781973130
1095 302518475810
1096 303995524595
1097 304736073985
1098 306221230980
1099 306965841876
1100 308459136700
1101 309207823925
1102 310709286251
1103 311462064655
1104 312971724210
1105 313728608670
1106 315246495235
1107 316007500655
1108 317533644065
1109 318298785376
1110 319833215520
1111 320602507680
1112 322145254501
1113 322918712495
1114 324469805990
1115 325247444830
1116 326806915050
1117 327588749775
1118 329156626825
1119 329942672501
1120 331518986540
1121 332309258260
1122 333894039501
1123 334688552385
1124 336281831095
1125 337080600290
1126 338682406790
1127 339485447470
1128 341095812135
1129 341903139501
1130 343522092760
1131 344333722040
1132 345961294376
1133 346777240825
1134 348413462775
1135 349233741675
1136 350878643830
1137 351703270490
1138 353356883495
1139 354185873251
1140 355848227805
1141 356681596020
1142 358352722876
1143 359190484940
1144 360870414905
1145 361712586235
1146 363401350170
1147 364247946210
1148 365945575030
1149 366796611251
1150 368503135925
1151 369358627825
1152 371074079376
1153 371934042480
1154 373658451985
1155 374522901845
1156 376256300435
1157 377125252630
1158 378867671490
1159 379741141626
1160 381492611995
1161 382370615705
1162 384131168876
1163 385013721820
1164 386783389140
1165 387670507005
1166 389449319875
1167 390341018375
1168 392129008250
1169 393025303126
1170 394822501515
1171 395723408535
1172 397529847001
1173 398435381960
1174 400251092120
1175 401161270840
1176 402986284365
1177 403901122695
1178 405735471310
1179 406654985126
1180 408498700610
1181 409422905815
1182 411276020001
1183 412204932525
1184 414067477300
1185 415001113100
1186 416873120405
1187 417811495465
1188 419692997295
1189 420636127626
1190 422527156030
1191 423475057670
1192 425375644751
1193 426328333765
1194 428238511680
1195 429196004160
1196 431115805120
1197 432078117185
1198 434007573455
1199 434974721251
1200 436913865150
1201 437885864850
1202 439834728751
1203 440811596555
1204 442770212885
1205 443751965020
1206 445720366260
1207 446707018980
1208 448685237665
1209 449676807251
1210 451664875970
1211 452661378730
1212 454659330126
1213 455660782395
1214 457668649165
1215 458675067305
1216 460692882200
1217 461704282600
1218 463732078425
1219 464748477501
1220 466786287115
1221 467807701310
1222 469855557626
1223 470882003410
1224 472939939395
1225 473971433265
1226 476039481940
1227 477076040420
1228 479154234860
1229 480195874501
1230 482284247835
1231 483330985215
1232 485429570626
1233 486481422350
1234 488590253075
1235 489647235775
1236 491766345105
1237 492828475440
1238 494957896720
1239 496025191376
1240 498164958005
1241 499237433695
1242 501387579126
1243 502465252590
1244 504625810330
1245 505708698335
1246 507879701945
1247 508967821285
1248 511149304380
1249 512242671876
1250 514434668125
1251 515533300625
1252 517735843751
1253 518839758130
1254 521052881910
1255 522162095070
1256 524385833335
1257 525500362205
1258 527734748840
1259 528854610376
1260 531099679320
1261 532224890505
1262 534480675751
1263 535611253595
1264 537877789190
1265 539013750730
1266 541291070775
1267 542432433075
1268 544720571725
1269 545867351876
1270 548166343340
1271 549318558460
1272 551628437001
1273 552786104235
1274 555106904170
1275 556270040690
1276 558601796390
1277 559770419395
1278 562113165285
1279 563287292001
1280 565641062560
1281 566820710240
1282 569185540001
1283 570370725925
1284 572746649475
1285 573937390950
1286 576324442930
1287 577520757290
1288 579918972395
1289 581120877001
1290 583530289980
1291 584737802220
1292 587158447876
1293 588371585165
1294 590803498355
1295 592022278135
1296 594465493770
1297 595689933510
1298 598144486555
1299 599374603751
1300 601840529225
1301 603076341400
1302 605553674376
1303 606795199080
1304 609283974685
1305 610531229495
1306 613031482910
1307 614284485430
1308 616796251890
1309 618055019751
1310 620578334545
1311 621842885405
1312 624377783876
1313 625648135420
1314 628194652965
1315 629470822905
1316 632028994975
1317 633311001050
1318 635880863150
1319 637168723126
1320 639750310815
1321 641044042485
1322 643637391376
1323 644937012560
1324 647542158320
1325 648847686865
1326 651464665215
1327 652776118995
1328 655404965710
1329 656722362626
1330 659363113535
1331 660686471515
1332 663339162501
1333 664668499500
1334 667333166500
1335 668668500500
1336 671345179505
1337 672686528515
1338 675375255570
1339 676722637626
1340 679423448830
1341 680776881995
1342 683489813501
1343 684849315865
1344 687574403880
1345 688939993560
1346 691677274345
1347 693048969485
1348 695798479355
1349 697176298126
1350 699938073450
1351 701322034050
1352 704096111251
1353 705486231905
1354 708272647460
1355 709668946420
1356 712467736860
1357 713870232405
1358 716681434315
1359 718090144751
1360 720913794770
1361 722328738430
1362 725164873251
1363 726586068495
1364 729434724865
1365 730862190080
1366 733723404800
1367 735157158400
1368 738030968325
1369 739471028751
1370 742357470790
1371 743803856510
1372 746702967626
1373 748155697135
1374 751067514345
1375 752526606165
1376 755451166540
1377 756916639220
1378 759853979885
1379 761325852001
1380 764276010135
1381 765754300290
1382 768717313126
1383 770202039950
1384 773177944775
1385 774669126925
1386 777657961080
1387 779155617240
1388 782157418120
1389 783661567001
1390 786676372055
1391 788187032395
1392 791214879126
1393 792732069690
1394 795772995655
1395 797296735235
1396 800350778045
1397 801881085460
1398 804948282780
1399 806485176876
1400 809565566425
1401 811109066075
1402 814202685626
1403 815752809730
1404 818859697110
1405 820416464595
1406 823536657685
1407 825100087505
1408 828233624240
1409 829803735376
1410 832950653745
1411 834527465205
1412 837687803251
1413 839271334070
1414 842445129890
1415 844035399130
1416 847222690875
1417 848819717625
1418 852020543500
1419 853624346876
1420 856838745140
1421 858449344285
1422 861677353251
1423 863294767335
1424 866536425370
1425 868160673590
1426 871416019115
1427 873047120695
1428 876316192185
1429 877954166376
1430 881237002360
1431 882881868440
1432 886178507501
1433 887830284775
1434 891140765550
1435 892799473350
1436 896123834530
1437 897789492215
1438 901127772545
1439 902800399501
1440 906152637780
1441 907832253420
1442 911198488501
1443 912885112265
1444 916265383055
1445 917959034410
1446 921353379870
1447 923054078310
1448 926462537455
1449 928170302501
1450 931592914400
1451 933307765600
1452 936744569376
1453 938466526305
1454 941917561135
1455 943646643395
1456 947111948510
1457 948848175730
1458 952327790415
1459 954071182251
1460 957565145845
1461 959315721980
1462 962824073876
1463 964581854020
1464 968104633665
1465 969869637555
1466 973406884450
1467 975179131850
1468 978730885550
1469 980510396251
1470 984076696365
1471 985863490185
1472 989444376376
1473 991238473160
1474 994833985145
1475 996635404765
1476 1000245582315
1477 1002054344670
1478 1005679227610
1479 1007495352626
1480 1011134980835
1481 1012958488465
1482 1016612901876
1483 1018443812100
1484 1022113050700
1485 1023951383525
1486 1027635487355
1487 1029481262815
1488 1033180271970
1489 1035033510126
1490 1038747464755
1491 1040608185695
1492 1044337126001
1493 1046205349840
1494 1049949316080
1495 1051825062960
1496 1055584095445
1497 1057467385535
1498 1061241524630
1499 1063132378126
1500 1066921664250
1501 1068820101375
1502 1072624575001
1503 1074530616005
1504 1078350317660
1505 1080263982820
1506 1084098953085
1507 1086020262705
1508 1089870542215
1509 1091799516626
1510 1095665146070
1511 1097601805630
1512 1101482825751
1513 1103427190845
1514 1107323642440
1515 1109275733480
1516 1113187657400
1517 1115147494825
1518 1119074931975
1519 1121042536251
1520 1124985527590
1521 1126960919210
1522 1130919505751
1523 1132902705235
1524 1136876928045
1525 1138867955940
1526 1142857856140
1527 1144856733020
1528 1148862351785
1529 1150869098251
1530 1154890476810
1531 1156905113490
1532 1160942293126
1533 1162964840675
1534 1167017862725
1535 1169048341825
1536 1173117247680
1537 1175155679040
1538 1179240510145
1539 1181286914501
1540 1185387712355
1541 1187442110470
1542 1191558916626
1543 1193621329290
1544 1197754185355
1545 1199824633385
1546 1203973581020
1547 1206052085260
1548 1210217166180
1549 1212303747501
1550 1216485003475
1551 1218579682775
1552 1222777155626
1553 1224879953830
1554 1229093685435
1555 1231204623495
1556 1235434655785
1557 1237553754680
1558 1241800129640
1559 1243927410376
1560 1248190170045
1561 1250325653655
1562 1254604840126
1563 1256748547670
1564 1261044203090
1565 1263196155655
1566 1267508322225
1567 1269668540925
1568 1273997260900
1569 1276165766876
1570 1280511082565
1571 1282687896985
1572 1287049850751
1573 1289234994810
1574 1293613629070
1575 1295807123990
1576 1300202481215
1577 1302404348245
1578 1306816470960
1579 1309026731376
1580 1313455662160
1581 1315674337265
1582 1320120118751
1583 1322347229875
1584 1326809904750
1585 1329045473250
1586 1333525084255
1587 1335769131515
1588 1340265721445
1589 1342518268876
1590 1347031880580
1591 1349292949620
1592 1353823626001
1593 1356093238115
1594 1360641022130
1595 1362919198810
1596 1367484133470
1597 1369770896235
1598 1374353024605
1599 1376648395001
1600 1381247760200
1601 1383551759800
1602 1388168405001
1603 1390481055405
1604 1395115023835
1605 1397436346670
1606 1402087681610
1607 1404417698530
1608 1409086443315
1609 1411425176001
1610 1416111374020
1611 1418458844180
1612 1423162538876
1613 1425518768245
1614 1430240003115
1615 1432605013455
1616 1437343832050
1617 1439717645150
1618 1444474091075
1619 1446856728751
1620 1451630845665
1621 1454022329760
1622 1458814161376
1623 1461214513760
1624 1466024103845
1625 1468433346415
1626 1473260738790
1627 1475678893470
1628 1480524132010
1629 1482951220751
1630 1487814349385
1631 1490250394165
1632 1495131456876
1633 1497576479700
1634 1502475520525
1635 1504929543425
1636 1509846606455
1637 1512309651490
1638 1517244780870
1639 1519716870126
1640 1524670110055
1641 1527151265645
1642 1532122660376
1643 1534612904440
1644 1539602498280
1645 1542101852985
1646 1547109690295
1647 1549618177835
1648 1554644303030
1649 1557161945626
1650 1562206403175
1651 1564733223075
1652 1569796057501
1653 1572332076980
1654 1577413332860
1655 1579958574220
1656 1585058296185
1657 1587612781755
1658 1592731014490
1659 1595294766626
1660 1600431554870
1661 1603004595955
1662 1608159984501
1663 1610742336945
1664 1615916370640
1665 1618508056880
1666 1623700780625
1667 1626301823125
1668 1631513281875
1669 1634123703126
1670 1639353941890
1671 1641973764410
1672 1647222828251
1673 1649852074585
1674 1655120008620
1675 1657758701340
1676 1663045550740
1677 1665693712445
1678 1670999522435
1679 1673657175751
1680 1678981991610
1681 1681649159190
1682 1686993026251
1683 1689669730775
1684 1695032694425
1685 1697718958600
1686 1703101064280
1687 1705796910840
1688 1711198204045
1689 1713903655751
1690 1719324182030
1691 1722039261670
1692 1727479066626
1693 1730203797015
1694 1735662926305
1695 1738397330285
1696 1743875829620
1697 1746619930060
1698 1752117845205
1699 1754871665001
1700 1760389041775
1701 1763152603850
1702 1768689488126
1703 1771462815430
1704 1777019253135
1705 1779802368645
1706 1785378405760
1707 1788171332480
1708 1793767015040
1709 1796569776001
1710 1802185150095
1711 1804997768355
1712 1810632880126
1713 1813455378770
1714 1819110274415
1715 1821942676555
1716 1827617402325
1717 1830459731100
1718 1836154333300
1719 1839006611876
1720 1844721136865
1721 1847583388435
1722 1853317882626
1723 1856190130410
1724 1861944640270
1725 1864826907515
1726 1870601479565
1727 1873493789545
1728 1879288470360
1729 1882190846376
1730 1888005682585
1731 1890918147965
1732 1896753186251
1733 1899675764350
1734 1905531051450
1735 1908463765650
1736 1914339348355
1737 1917282222065
1738 1923178147220
1739 1926131203876
1740 1932047518380
1741 1935010781445
1742 1940947532251
1743 1943921025215
1744 1949878259330
1745 1952862005710
1746 1958839770195
1747 1961833793535
1748 1967832135505
1749 1970836459376
1750 1976855426000
1751 1979870074000
1752 1985909712501
1753 1988934708255
1754 1994995065910
1755 1998030433070
1756 2004111557210
1757 2007157319455
1758 2013259257465
1759 2016315438501
1760 2022438237820
1761 2025504861380
1762 2031648569501
1763 2034725659345
1764 2040890323815
1765 2043977903730
1766 2050163572150
1767 2053261665950
1768 2059468385975
1769 2062577017501
1770 2068804836840
1771 2071924029960
1772 2078172996376
1773 2081302774985
1774 2087572936295
1775 2090713324315
1776 2097004728390
1777 2100155749770
1778 2106468444535
1779 2109630123251
1780 2115964156685
1781 2119136516740
1782 2125491936876
1783 2128675002300
1784 2135051857225
1785 2138245652075
1786 2144643989930
1787 2147848538290
1788 2154268407270
1789 2157483733251
1790 2163925181605
1791 2167151309345
1792 2173614385376
1793 2176851339040
1794 2183336091105
1795 2186583894885
1796 2193090371395
1797 2196349049510
1798 2202877298930
1799 2206146875626
1800 2212696946475
1801 2215977446025
1802 2222549386876
1803 2225840833580
1804 2232434693060
1805 2235737111245
1806 2242352938035
1807 2245666352055
1808 2252304194890
1809 2255628629126
1810 2262288536795
1811 2265624015655
1812 2272306037001
1813 2275652584920
1814 2282356768840
1815 2285714410280
1816 2292440805725
1817 2295809565175
1818 2302558221150
1819 2305938123126
1820 2312709088690
1821 2316100157735
1822 2322893482001
1823 2326295742685
1824 2333111474820
1825 2336524951740
1826 2343363140965
1827 2346787858745
1828 2353648554335
1829 2357084537626
1830 2363967788910
1831 2367415062390
1832 2374320918751
1833 2377779507125
1834 2384708018000
1835 2388177946000
1836 2395129160880
1837 2398610453265
1838 2405584421695
1839 2409077103251
1840 2416073874830
1841 2419577970370
1842 2426597594751
1843 2430113129115
1844 2437155656005
1845 2440682654060
1846 2447748133220
1847 2451286619860
1848 2458375101105
1849 2461925101251
1850 2469036634450
1851 2472598173050
1852 2479732808126
1853 2483305910155
1854 2490463697085
1855 2494048387545
1856 2501229376360
1857 2504825680280
1858 2512029921065
1859 2515637863501
1860 2522865406395
1861 2526485012430
1862 2533735907626
1863 2537367202370
1864 2544641500115
1865 2548284508705
1866 2555582259300
1867 2559237006900
1868 2566558260700
1869 2570224772501
1870 2577569579915
1871 2581247881135
1872 2588616292626
1873 2592306408510
1874 2599698474595
1875 2603400430415
1876 2610816201665
1877 2614530022720
1878 2621969549760
1879 2625695261376
1880 2633158594885
1881 2636896222415
1882 2644383413126
1883 2648132981950
1884 2655644080650
1885 2659405616175
1886 2666940673705
1887 2670714201365
1888 2678273268620
1889 2682058813876
1890 2689641941805
1891 2693439530145
1892 2701046769751
1893 2704856426690
1894 2712487829030
1895 2716309580110
1896 2723965196295
1897 2727799067085
1898 2735478948280
1899 2739324964376
1900 2747029161800
1901 2750887348825
1902 2758615913751
1903 2762486297355
1904 2770239281110
1905 2774121886970
1906 2781899340935
1907 2785794194755
1908 2793596170365
1909 2797503297876
1910 2805329846620
1911 2809249273580
1912 2817100447001
1913 2821032199195
1914 2828908048890
1915 2832852152130
1916 2840752729750
1917 2844709209875
1918 2852634567125
1919 2856603450001
1920 2864553638640
1921 2868534950160
1922 2876510022001
1923 2880503788085
1924 2888503794995
1925 2892510041590
1926 2900535035490
1927 2904553788570
1928 2912603821435
1929 2916635107001
1930 2924710230860
1931 2928754074940
1932 2936854341876
1933 2940910770525
1934 2949036232675
1935 2953105271975
1936 2961255981530
1937 2965337657590
1938 2973513666795
1939 2977608005751
1940 2985809366905
1941 2989916394920
1942 2998143160376
1943 3002262903640
1944 3010515125805
1945 3014647610535
1946 3022925341870
1947 3027070594310
1948 3035373887330
1949 3039531933751
1950 3047860841025
1951 3052031707725
1952 3060386281876
1953 3064569995180
1954 3072950288885
1955 3077146875145
1956 3085552941135
1957 3089762426730
1958 3098194317790
1959 3102416729126
1960 3110874498095
1961 3115109861605
1962 3123593561376
1963 3127841903520
1964 3136351587040
1965 3140612934305
1966 3149148654575
1967 3153423033475
1968 3161984843550
1969 3166272280626
1970 3174860233615
1971 3179160755435
1972 3187774904501
1973 3192088537660
1974 3200728936020
1975 3205055707140
1976 3213722408065
1977 3218062343795
1978 3226755400610
1979 3231108527626
1980 3239827993710
1981 3244194338715
1982 3252940267501
1983 3257319857225
1984 3266092302200
1985 3270485163400
1986 3279284178105
1987 3283690337565
1988 3292515975595
1989 3296935460126
1990 3305787775130
1991 3310220611570
1992 3319099657251
1993 3323545872465
1994 3332451702580
1995 3336911323460
1996 3345843991820
1997 3350317045285
1998 3359276605755
1999 3363763118751
2000 3372749625250
2001 3377249624750
2002 3386263131251
2003 3390776644255
2004 3399817204785
2005 3404344258320
2006 3413411926960
2007 3417952548080
2008 3427047378965
2009 3431601594751
2010 3440723642070
2011 3445291479630
2012 3454440797626
2013 3459022284095
2014 3468198927065
2015 3472794089605
2016 3481998111900
2017 3486606977700
2018 3495838433725
2019 3500461030001
2020 3509719974215
2021 3514356328210
2022 3523642815126
2023 3528292954110
2024 3537607038295
2025 3542270989565
2026 3551612725640
2027 3556290516520
2028 3565659959160
2029 3570351617001
2030 3579748820935
2031 3584454373115
2032 3593879393126
2033 3598598867050
2034 3608051757975
2035 3612785181075
2036 3622265997805
2037 3627013397540
2038 3636522195020
2039 3641283598876
2040 3650820432105
2041 3655595867595
2042 3665160791626
2043 3669950286290
2044 3679543356230
2045 3684346937635
2046 3693968208645
2047 3698785904385
2048 3708435431680
2049 3713267269376
2050 3722945108225
2051 3727791115525
2052 3737497321251
2053 3742357525830
2054 3752092153810
2055 3756966583370
2056 3766729689035
2057 3771618371305
2058 3781410010140
2059 3786312972876
2060 3796133200420
2061 3801050471405
2062 3810899343251
2063 3815830950295
2064 3825708522090
2065 3830654493030
2066 3840560820475
2067 3845521183175
2068 3855456322025
2069 3860431104376
2070 3870395110440
2071 3875384340360
2072 3885377269501
2073 3890380974935
2074 3900402883070
2075 3905421091990
2076 3915472035090
2077 3920504775495
2078 3930584809585
2079 3935632109501
2080 3945741290660
2081 3950803178140
2082 3960941562501
2083 3966018065625
2084 3976185709375
2085 3981276856250
2086 3991473815630
2087 3996579634390
2088 4006805965695
2089 4011926484501
2090 4022182244080
2091 4027317491120
2092 4037602735376
2093 4042752738865
2094 4053067524255
2095 4058232312435
2096 4068576695470
2097 4073756296610
2098 4084130333855
2099 4089324776251
2100 4099728524325
2101 4104937836300
2102 4115371351876
2103 4120595561780
2104 4131058901585
2105 4136298037795
2106 4146791258610
2107 4152045349530
2108 4162568508190
2109 4167837582251
2110 4178390735645
2111 4183674821305
2112 4194258026376
2113 4199557152120
2114 4210170465865
2115 4215484660205
2116 4226128139675
2117 4231457431150
2118 4242131133450
2119 4247475550626
2120 4258179532915
2121 4263539104385
2122 4274273423876
2123 4279648178260
2124 4290412892220
2125 4295802858165
2126 4306598023915
2127 4312003230095
2128 4322828905010
2129 4328249380126
2130 4339105621635
2131 4344541394415
2132 4355428260001
2133 4360879359200
2134 4371796906400
2135 4377263360800
2136 4388211647205
2137 4393693485615
2138 4404672568870
2139 4410169820126
2140 4421179757930
2141 4426692450895
2142 4437733301001
2143 4443261464565
2144 4454333284780
2145 4459876947860
2146 4470979796045
2147 4476538987585
2148 4487672921655
2149 4493247670626
2150 4504412748550
2151 4510003083950
2152 4521199363751
2153 4526805314605
2154 4538032854360
2155 4543654449720
2156 4554913307560
2157 4560550576505
2158 4571840810615
2159 4577493782251
2160 4588815450870
2161 4594484154330
2162 4605837315751
2163 4611521780195
2164 4622906492765
2165 4628606747380
2166 4640023069500
2167 4645739143500
2168 4657187133625
2169 4662919056251
2170 4674398772890
2171 4680146573410
2172 4691658075126
2173 4697421782835
2174 4708965128245
2175 4714744772465
2176 4726320020240
2177 4732115630320
2178 4743722839185
2179 4749534444501
2180 4761173673235
2181 4767001303190
2182 4778672610626
2183 4784516294650
2184 4796219739675
2185 4802079507225
2186 4813815148780
2187 4819691029340
2188 4831458926420
2189 4837350949501
2190 4849151161155
2191 4855059356295
2192 4866891941626
2193 4872816338390
2194 4884681356555
2195 4890621984535
2196 4902519494745
2197 4908476383560
2198 4920406445080
2199 4926379624376
2200 4938342296525
2201 4944331795975
2202 4956327138126
2203 4962332987430
2204 4974361059010
2205 4980383287895
2206 4992444148385
2207 4998482786605
2208 5010576495540
2209 5016631572876
2210 5028758189845
2211 5034829736105
2212 5046989320751
2213 5053077365770
2214 5065269977790
2215 5071374551430
2216 5083600250575
2217 5089721382725
2218 5101980228800
2219 5108117949376
2220 5120410002240
2221 5126564341185
2222 5138889660751
2223 5145060648035
2224 5157419294270
2225 5163606959890
2226 5175998992815
2227 5182203366795
2228 5194628846485
2229 5200849958876
2230 5213308945460
2231 5219546826340
2232 5232039380001
2233 5238294059475
2234 5250820240450
2235 5257091748650
2236 5269651617230
2237 5275939984315
2238 5288533600845
2239 5294838857001
2240 5307466281880
2241 5313788457320
2242 5326449751001
2243 5332788875965
2244 5345484098955
2245 5351840203710
2246 5364569416570
2247 5370942531410
2248 5383705794755
2249 5390095950001
2250 5402893324500
2251 5409300550500
2252 5422132096876
2253 5428556424005
2254 5441422203035
2255 5447863661695
2256 5460763734210
2257 5467222354830
2258 5480156781715
2259 5486632594751
2260 5499601436945
2261 5506094472880
2262 5519097791376
2263 5525608080720
2264 5538645936565
2265 5545173509855
2266 5558245964150
2267 5564790851950
2268 5577897965850
2269 5584460198751
2270 5597602033465
2271 5604181642085
2272 5617358258876
2273 5623955273860
2274 5637166734045
2275 5643781186065
2276 5657027551015
2277 5663659470770
2278 5676940801910
2279 5683590220126
2280 5696906578935
2281 5703573526365
2282 5716924974376
2283 5723609481800
2284 5736996080600
2285 5743698178825
2286 5757119990055
2287 5763839709915
2288 5777296795270
2289 5784034167626
2290 5797526588855
2291 5804281644595
2292 5817809463501
2293 5824582233540
2294 5838145511980
2295 5844936027260
2296 5858534827145
2297 5865343118635
2298 5878977501930
2299 5885803600626
2300 5899473629350
2301 5906317566275
2302 5920023302501
2303 5926885108705
2304 5940626614560
2305 5947506321120
2306 5961283658785
2307 5968181296805
2308 5981994528515
2309 5988910129126
2310 6002759317170
2311 6009692911530
2312 6023578118251
2313 6030529737545
2314 6044451025340
2315 6051420700780
2316 6065378132100
2317 6072365894925
2318 6086359532275
2319 6093365413751
2320 6107395319690
2321 6114419351110
2322 6128485588251
2323 6135527800935
2324 6149630431945
2325 6156690857240
2326 6170829944840
2327 6177908614120
2328 6192084221085
2329 6199181165751
2330 6213393354910
2331 6220508606390
2332 6234757440626
2333 6241891030375
2334 6256176572625
2335 6263328532125
2336 6277650845380
2337 6284821206140
2338 6299180353445
2339 6306369147001
2340 6320765191455
2341 6327972449370
2342 6342405454126
2343 6349631207990
2344 6364101236255
2345 6371345517685
2346 6385852632720
2347 6393115473360
2348 6407659738480
2349 6414941170001
2350 6429522648575
2351 6436822702675
2352 6451441458126
2353 6458760166530
2354 6473416262335
2355 6480753656795
2356 6495447156485
2357 6502803268780
2358 6517534235940
2359 6524909097876
2360 6539677596145
2361 6547071239555
2362 6561877332626
2363 6569289789370
2364 6584133540990
2365 6591564842955
2366 6606446316925
2367 6613896496025
2368 6628815756200
2369 6636284844376
2370 6651241954665
2371 6658729983885
2372 6673725008251
2373 6681232010510
2374 6696265012970
2375 6703791020290
2376 6718862064915
2377 6726407109345
2378 6741516260260
2379 6749080373876
2380 6764227695260
2381 6771810910165
2382 6786996466251
2383 6794598814575
2384 6809822669650
2385 6817444183550
2386 6832706401955
2387 6840347113615
2388 6855647759745
2389 6863307701376
2390 6878646839680
2391 6886326043520
2392 6901703738501
2393 6909402236815
2394 6924818553030
2395 6932536378110
2396 6947991380170
2397 6955728564335
2398 6971222316905
2399 6978978892501
2400 6994511460300
2401 7002287459700
2402 7017858907501
2403 7025654363105
2404 7041264755735
2405 7049079699970
2406 7064729102310
2407 7072563567630
2408 7088252044615
2409 7096106063501
2410 7111833680120
2411 7119707285080
2412 7135474106376
2413 7143367329945
2414 7159173421015
2415 7167086295755
2416 7182931721750
2417 7190864280250
2418 7206749106375
2419 7214701381251
2420 7230625672765
2421 7238597696660
2422 7254561518876
2423 7262553324460
2424 7278556742745
2425 7286568362715
2426 7302611442490
2427 7310642909570
2428 7326725716310
2429 7334777063251
2430 7350899662485
2431 7358970922065
2432 7375133379376
2433 7383224584400
2434 7399426965425
2435 7407538148725
2436 7423780519155
2437 7431911713590
2438 7448194139170
2439 7456345377626
2440 7472667924155
2441 7480839239545
2442 7497201972876
2443 7505393398140
2444 7521796384180
2445 7530007952285
2446 7546451256995
2447 7554683000935
2448 7571166690330
2449 7579418643126
2450 7595942783275
2451 7604214977975
2452 7620779635001
2453 7629072104680
2454 7645677344760
2455 7653990122520
2456 7670636011885
2457 7678969130855
2458 7695655735790
2459 7704009229126
2460 7720736615970
2461 7729110516855
2462 7745878752001
2463 7754273093645
2464 7771082243540
2465 7779497059180
2466 7796347190325
2467 7804782513225
2468 7821673692175
2469 7830129555626
2470 7847061848990
2471 7855538286310
2472 7872511760751
2473 7881008805285
2474 7898023527520
2475 7906541212640
2476 7923597249440
2477 7932135608545
2478 7949233026735
2479 7957792093251
2480 7974930959710
2481 7983510767090
2482 8000691148751
2483 8009291730475
2484 8026513694325
2485 8035135083900
2486 8052398696980
2487 8061040927940
2488 8078346257345
2489 8087009363251
2490 8104356476130
2491 8113040490570
2492 8130429454126
2493 8139134410715
2494 8156565292205
2495 8165291224585
2496 8182764091320
2497 8191511033160
2498 8209025952505
2499 8217793937501
2500 8235350976875
2501 8244140038750
2502 8261739265626
2503 8270549438130
2504 8288190920035
2505 8297022236945
2506 8314706041460
2507 8323558536580
2508 8341284731340
2509 8350158438501
2510 8367927091195
2511 8376822044255
2512 8394633222626
2513 8403549455470
2514 8421403227315
2515 8430340773855
2516 8448237207025
2517 8457196101200
2518 8475135263600
2519 8484115539376
2520 8502097498965
2521 8511099190335
2522 8529124015126
2523 8538147156110
2524 8556214914170
2525 8565259538815
2526 8583370298265
2527 8592436440645
2528 8610590269660
2529 8619677963876
2530 8637874930685
2531 8646984210865
2532 8665224383751
2533 8674355284050
2534 8692638731350
2535 8701791285950
2536 8720118076055
2537 8729292319165
2538 8747662520520
2539 8756858486376
2540 8775272167480
2541 8784489890345
2542 8802947119751
2543 8812186633915
2544 8830687480230
2545 8839948820010
2546 8858493351895
2547 8867776551635
2548 8886364837805
2549 8895669931876
2550 8914302041100
2551 8923629063900
2552 8942305065001
2553 8951654050955
2554 8970374012810
2555 8979744996370
2556 8998508987910
2557 9007902003555
2558 9026710093765
2559 9036125176001
2560 9054977433920
2561 9064414617280
2562 9083311112001
2563 9092770431045
2564 9111711231715
2565 9121192721030
2566 9140177896850
2567 9149681591050
2568 9168711211275
2569 9178237145001
2570 9197311278940
2571 9206859486860
2572 9225978203876
2573 9235548720685
2574 9254712090195
2575 9264304950615
2576 9283513042090
2577 9293128280870
2578 9312381163835
2579 9322018815751
2580 9341316559785
2581 9350976659640
2582 9370319334376
2583 9380001917000
2584 9399389592125
2585 9409094692375
2586 9428527437630
2587 9438255090390
2588 9457732975570
2589 9467483215751
2590 9487006310705
2591 9496779173245
2592 9516347547876
2593 9526143067740
2594 9545756792005
2595 9555575004185
2596 9575234148095
2597 9585075087610
2598 9604779721230
2599 9614643423126
2600 9634393616575
2601 9644280115925
2602 9664075939376
2603 9673985271280
2604 9693826794960
2605 9703758994545
2606 9723646288735
2607 9733601391155
2608 9753534526190
2609 9763512566626
2610 9783491612895
2611 9793492626555
2612 9813517654501
2613 9823541676620
2614 9843612756740
2615 9853659822580
2616 9873777025425
2617 9883847170275
2618 9904010566450
2619 9914103825626
2620 9934313485790
2621 9944429894635
2622 9964685889501
2623 9974825483385
2624 9995127883720
2625 10005290698040
2626 10025639574665
2627 10035825644845
2628 10056221068635
2629 10066430430126
2630 10086872472010
2631 10097105160290
2632 10117593891251
2633 10127849941825
2634 10148385432900
2635 10158664881300
2636 10179247203580
2637 10189550085365
2638 10210179309995
2639 10220505660751
2640 10241181858930
2641 10251531714270
2642 10272254957251
2643 10282628352815
2644 10303398711905
2645 10313795683360
2646 10334613229920
2647 10345033812960
2648 10365898618405
2649 10376342848751
2650 10397254984550
2651 10407722897950
2652 10428682435626
2653 10439174067855
2654 10460181078985
2655 10470696465845
2656 10491751022060
2657 10502290199380
2658 10523392372365
2659 10533955376001
2660 10555105237495
2661 10565692103330
2662 10586889725126
2663 10597500489070
2664 10618745943015
2665 10629380641005
2666 10650673999000
2667 10661332667000
2668 10682674001000
2669 10693356675001
2670 10714746057015
2671 10725452773035
2672 10746890275126
2673 10757621069210
2674 10779106763495
2675 10789861671715
2676 10811395630365
2677 10822174688820
2678 10843756984060
2679 10854560228876
2680 10876190932985
2681 10887018400315
2682 10908697585626
2683 10919549311650
2684 10941277050550
2685 10952153071475
2686 10973929436405
2687 10984829788465
2688 11006654851920
2689 11017579571376
2690 11039453405905
2691 11050402529045
2692 11072325207251
2693 11083298770390
2694 11105270364930
2695 11116268404410
2696 11138288987995
2697 11149311540185
2698 11171381185580
2699 11182428286876
2700 11204547066900
2701 11215618753725
2702 11237786741251
2703 11248883050055
2704 11271100318010
2705 11282221285270
2706 11304487906635
2707 11315633568855
2708 11337949616665
2709 11349120010376
2710 11371485557720
2711 11382680719480
2712 11405095839501
2713 11416315805895
2714 11438780571790
2715 11450025379430
2716 11472539864450
2717 11483809549975
2718 11506373827425
2719 11517668427501
2720 11540282570740
2721 11551602122060
2722 11574266204501
2723 11585610743785
2724 11608324838895
2725 11619694402890
2726 11642458584190
2727 11653853209670
2728 11676667550735
2729 11688087274501
2730 11710951848960
2731 11722396707840
2732 11745311589376
2733 11756781620225
2734 11779746882575
2735 11791242122275
2736 11814257839230
2737 11825778324690
2738 11848844570095
2739 11860390338251
2740 11883507186005
2741 11895078273820
2742 11918245797876
2743 11929842242340
2744 11953060516705
2745 11964682354835
2746 11987951453570
2747 11999598722410
2748 12022918719630
2749 12034591456251
2750 12057962426125
2751 12069660667625
2752 12093082684376
2753 12104806467880
2754 12128279605785
2755 12140028968445
2756 12163553301835
2757 12175328280830
2758 12198903884090
2759 12210704516626
2760 12234331464195
2761 12246157787505
2762 12269836153876
2763 12281688205220
2764 12305418064940
2765 12317295881605
2766 12341077309275
2767 12352980928575
2768 12376813998850
2769 12388743458126
2770 12412628245715
2771 12424583582335
2772 12448520162001
2773 12460501413360
2774 12484489859920
2775 12496497063440
2776 12520537451765
2777 12532570644895
2778 12556663049910
2779 12568722270126
2780 12592866766810
2781 12604952051615
2782 12629148715001
2783 12641260101925
2784 12665509007100
2785 12677646533700
2786 12701947755805
2787 12714111459665
2788 12738465073895
2789 12750654992626
2790 12775061074230
2791 12787277245470
2792 12811735869751
2793 12823978331165
2794 12848489573480
2795 12860758362760
2796 12885322298520
2797 12897617453385
2798 12922234158055
2799 12934555716251
2800 12959225265350
2801 12971573264650
2802 12996295733751
2803 13008670211955
2804 13033445676685
2805 13045846671620
2806 13070675207660
2807 13083102757180
2808 13107984440265
2809 13120438582251
2810 13145373488170
2811 13157854260530
2812 13182842465126
2813 13195349905795
2814 13220391484965
2815 13232925631905
2816 13258020661600
2817 13270581552800
2818 13295730109025
2819 13308317782501
2820 13333519941315
2821 13346134435110
2822 13371390272626
2823 13384031624810
2824 13409341217195
2825 13422009465865
2826 13447372889340
2827 13460068072620
2828 13485485403460
2829 13498207559501
2830 13523678874035
2831 13536428041015
2832 13561953415626
2833 13574729631750
2834 13600309142875
2835 13613112446375
2836 13638746170505
2837 13651576599640
2838 13677264613320
2839 13690122206376
2840 13715864586205
2841 13728749381495
2842 13754546204126
2843 13767458239990
2844 13793309582130
2845 13806248896935
2846 13832154835345
2847 13845121467485
2848 13871082078980
2849 13884076066876
2850 13910091428325
2851 13923112810425
2852 13949182998751
2853 13962231813530
2854 13988356905710
2855 14001433191670
2856 14027613264735
2857 14040717060405
2858 14066952191440
2859 14080083535376
2860 14106373801520
2861 14119532732305
2862 14145878210751
2863 14159064766995
2864 14185465534990
2865 14198679755330
2866 14225135890175
2867 14238377813275
2868 14264889392325
2869 14278159056876
2870 14304726157540
2871 14318023602260
2872 14344646302001
2873 14357971565635
2874 14384649941970
2875 14398003063290
2876 14424737193790
2877 14438118211595
2878 14464908173885
2879 14478317127001
2880 14505162998760
2881 14518599926040
2882 14545501785001
2883 14558966725325
2884 14585924649275
2885 14599417641550
2886 14626431708330
2887 14639952791490
2888 14667023078995
2889 14680572292001
2890 14707698878180
2891 14721276260020
2892 14748459222876
2893 14762064812565
2894 14789304230155
2895 14802938066735
2896 14830234017170
2897 14843896139710
2898 14871248701155
2899 14884939148751
2900 14912348399425
2901 14926067211200
2902 14953533229376
2903 14967280444480
2904 14994803308485
2905 15008578966095
2906 15036158754310
2907 15049962893630
2908 15077599684490
2909 15091432344751
2910 15119126216745
2911 15132987437205
2912 15160738468876
2913 15174628288820
2914 15202436558765
2915 15216355017505
2916 15244220604375
2917 15258167741250
2918 15286090723750
2919 15300066578126
2920 15328047035015
2921 15342051646285
2922 15370089656376
2923 15384123063960
2924 15412218706120
2925 15426280949465
2926 15454434302615
2927 15468525421195
2928 15496736564310
2929 15510856597626
2930 15539125609735
2931 15553274597315
2932 15581601557501
2933 15595779538900
2934 15624164526300
2935 15638371541100
2936 15666814634905
2937 15681050722715
2938 15709552002170
2939 15723817202626
2940 15752376747030
2941 15766671099795
2942 15795288988501
2943 15809612533265
2944 15838288845680
2945 15852641622160
2946 15881376437745
2947 15895758485685
2948 15924551883955
2949 15938963243126
2950 15967815303650
2951 15982256013850
2952 16011166816251
2953 16025636917305
2954 16054606541260
2955 16069106073020
2956 16098134598260
2957 16112663600605
2958 16141751106915
2959 16156309619751
2960 16185456186970
2961 16200044250230
2962 16229249958251
2963 16243867611895
2964 16273132540665
2965 16287779824680
2966 16317104054200
2967 16331781008600
2968 16361164618925
2969 16375871283751
2970 16405314354990
2971 16420050770310
2972 16449553382626
2973 16464319588535
2974 16493881822145
2975 16508677858765
2976 16538299793940
2977 16553125701420
2978 16582807418485
2979 16597663237001
2980 16627404816335
2981 16642290586090
2982 16672092108126
2983 16687007869350
2984 16716869414575
2985 16731815207525
2986 16761736856480
2987 16776712721440
2988 16806694554720
2989 16821700532001
2990 16851742630255
2991 16866778760195
2992 16896881204126
2993 16911947527090
2994 16942110397455
2995 16957206953835
2996 16987430331445
2997 17002557161660
2998 17032841127380
2999 17047998271876
3000 17078342906625
3001 17093530405875
3002 17123935790626
3003 17139153685130
3004 17169619900910
3005 17184868231195
3006 17215395359085
3007 17230674165705
3008 17261262286840
3009 17276571610376
3010 17307220805945
3011 17322560687005
3012 17353271038251
3013 17368641517470
3014 17399413105690
3015 17414814223730
3016 17445647130275
3017 17461078927825
3018 17491973234100
3019 17507435751876
3020 17538391539340
3021 17553884818085
3022 17584902168251
3023 17600426248735
3024 17631505243170
3025 17647060166190
3026 17678200886515
3027 17693786692895
3028 17724989220785
3029 17740605951376
3030 17771870368560
3031 17787518064240
3032 17818844452501
3033 17834523154175
3034 17865911595350
3035 17881621343950
3036 17913071919930
3037 17928812756415
3038 17960325549145
3039 17976097514501
3040 18007672605980
3041 18023475741220
3042 18055113213501
3043 18070947559665
3044 18102647494855
3045 18118513093010
3046 18150275573270
3047 18166172464510
3048 18197997572055
3049 18213925797501
3050 18245813614600
3051 18261773215400
3052 18293723824376
3053 18309714841705
3054 18341728324935
3055 18357750799995
3056 18389827239910
3057 18405881213930
3058 18438020693015
3059 18454106207251
3060 18486308808045
3061 18502425903780
3062 18534691708876
3063 18550840427420
3064 18583169519465
3065 18599349902155
3066 18631742363850
3067 18647954452050
3068 18680410366150
3069 18696654201251
3070 18729173650565
3071 18745449273985
3072 18778032341376
3073 18794339794560
3074 18826986562945
3075 18843325887365
3076 18876036439715
3077 18892407676870
3078 18925182096210
3079 18941585287626
3080 18974423657035
3081 18990858844265
3082 19023761246876
3083 19040228471500
3084 19073194990500
3085 19089694294125
3086 19122725012755
3087 19139256437015
3088 19172351438570
3089 19188915025126
3090 19222074392955
3091 19238670183495
3092 19271894001001
3093 19288522037240
3094 19321810387880
3095 19338470711560
3096 19371823678845
3097 19388516331735
3098 19421933999230
3099 19438659023126
3100 19472141474450
3101 19488898911175
3102 19522446230001
3103 19539236121405
3104 19572848391460
3105 19589670779420
3106 19623348084485
3107 19640203010905
3108 19673945434815
3109 19690832941626
3110 19724640568270
3111 19741560697430
3112 19775433610751
3113 19792386404245
3114 19826324688240
3115 19843310188080
3116 19877313926800
3117 19894332175025
3118 19928401452575
3119 19945452491251
3120 19979587391790
3121 19996671263010
3122 20030871870751
3123 20047988616635
3124 20082255015845
3125 20099404678540
3126 20133736953540
3127 20150919575220
3128 20185317810385
3129 20202533433251
3130 20236997713010
3131 20254246379290
3132 20288776788126
3133 20306058540075
3134 20340655162525
3135 20357970042425
3136 20392632963080
3137 20409981013240
3138 20444710316745
3139 20462091579501
3140 20496887350555
3141 20514301868270
3142 20549164191626
3143 20566612006690
3144 20601540967155
3145 20619022121985
3146 20654017804420
3147 20671532341460
3148 20706594830780
3149 20724142792501
3150 20759272173675
3151 20776853602575
3152 20812049960626
3153 20829664899230
3154 20864928319235
3155 20882576810095
3156 20917907377185
3157 20935589462880
3158 20970987262240
3159 20988702985376
3160 21024168102245
3161 21041917505455
3162 21077450025126
3163 21095233151070
3164 21130833158890
3165 21148650050255
3166 21184317631625
3167 21202168331125
3168 21237903571500
3169 21255788121876
3170 21291591106765
3171 21309509550785
3172 21345380365751
3173 21363332746210
3174 21399271476870
3175 21417257836590
3176 21453264568615
3177 21471284950445
3178 21507359769560
3179 21525414216376
3180 21561557208360
3181 21579645763065
3182 21615857013751
3183 21633979719275
3184 21670259314550
3185 21688416213850
3186 21724764239655
3187 21742955375715
3188 21779371918045
3189 21797597333876
3190 21834082478780
3191 21852342217420
3192 21888896051001
3193 21907190155515
3194 21943812763930
3195 21962141277410
3196 21998832746870
3197 22017195712435
3198 22053956129205
3199 22072353590001
3200 22109183040400
3201 22127615039600
3202 22164513610001
3203 22182980190805
3204 22219947967635
3205 22238449173270
3206 22275486243010
3207 22294022116730
3208 22331128565915
3209 22349699151001
3210 22386875066220
3211 22405480405980
3212 22442725873876
3213 22461366011645
3214 22498681118915
3215 22517356098055
3216 22554740931450
3217 22573450795350
3218 22610905441675
3219 22629650233751
3220 22667174779865
3221 22685954543560
3222 22723549076376
3223 22742363855160
3224 22780028461645
3225 22798878299015
3226 22836613066190
3227 22855498005670
3228 22893303020610
3229 22912223105751
3230 22950098455585
3231 22969053729965
3232 23006999501876
3233 23025990009100
3234 23064006290325
3235 23083032074025
3236 23121118951855
3237 23140180055690
3238 23178337617470
3239 23197434085126
3240 23235662418255
3241 23254794293445
3242 23293093485376
3243 23312260811840
3244 23350630950080
3245 23369833771585
3246 23408274943695
3247 23427513304035
3248 23466025597630
3249 23485299540626
3250 23523883043375
3251 23543192612875
3252 23581847412501
3253 23601192652380
3254 23639918836660
3255 23659299790820
3256 23698097447585
3257 23717514159955
3258 23756383377090
3259 23775835891626
3260 23814776757070
3261 23834265117755
3262 23873277719501
3263 23892801970345
3264 23931886396440
3265 23951446581480
3266 23990602920025
3267 24010199083325
3268 24049427422475
3269 24069059608126
3270 24108360036090
3271 24128028288210
3272 24167400893251
3273 24187105255985
3274 24226550126420
3275 24246290643940
3276 24285807868140
3277 24305584584645
3278 24345174251035
3279 24364987210751
3280 24404649407810
3281 24424498654990
3282 24464233471251
3283 24484119050175
3284 24523926574225
3285 24543848529200
3286 24583728849680
3287 24603687225040
3288 24643640430645
3289 24663635270751
3290 24703661450230
3291 24723692799470
3292 24763792041626
3293 24783859944415
3294 24824032338105
3295 24844136838885
3296 24884382473020
3297 24904523616260
3298 24944842579805
3299 24965020410001
3300 25005412791975
3301 25025627353650
3302 25066093243126
3303 25086344580830
3304 25126884066935
3305 25147172225245
3306 25187785397160
3307 25208110420680
3308 25248797367640
3309 25269159301001
3310 25309920112295
3311 25330319000155
3312 25371153765126
3313 25391589652170
3314 25432498460215
3315 25452971391155
3316 25493954331725
3317 25514464351300
3318 25555521513900
3319 25576068666876
3320 25617200141065
3321 25637784472235
3322 25678990347626
3323 25699611901810
3324 25740892268070
3325 25761551090115
3326 25802906036965
3327 25823602171745
3328 25865031788960
3329 25885765281376
3330 25927269658785
3331 25948040553765
3332 25989619781251
3333 26010428123750
3334 26052082291250
3335 26072928126250
3336 26114657323755
3337 26135540696265
3338 26177345013820
3339 26198265968876
3340 26240145496580
3341 26261104079245
3342 26303058907251
3343 26324055162615
3344 26366085381130
3345 26387119354310
3346 26429225053595
3347 26450296789735
3348 26492478060105
3349 26513587604376
3350 26555844536200
3351 26576991933800
3352 26619324617501
3353 26640509913655
3354 26682918439710
3355 26704141679670
3356 26746626138610
3357 26767887367655
3358 26810447850065
3359 26831747113501
3360 26874383710020
3361 26895721053180
3362 26938433854501
3363 26959809322745
3364 27002598419615
3365 27024012058330
3366 27066877541550
3367 27088329396150
3368 27131271356575
3369 27152761472501
3370 27195780001040
3371 27217308423760
3372 27260403611376
3373 27281970386385
3374 27325142324095
3375 27346747496915
3376 27389996275790
3377 27411639891970
3378 27454965603135
3379 27476647708251
3380 27520050442885
3381 27541771082540
3382 27585250931876
3383 27607010151700
3384 27650567207025
3385 27672365052675
3386 27715999405330
3387 27737835922490
3388 27781547663870
3389 27803422898251
3390 27847212119805
3391 27869126117145
3392 27912992910376
3393 27934945716440
3394 27978890172905
3395 28000881833485
3396 28044904044795
3397 28066934605710
3398 28111034663530
3399 28133104170626
3400 28177282166675
3401 28199390665825
3402 28243646691876
3403 28265794228980
3404 28310128376860
3405 28332314997845
3406 28376727359435
3407 28398953110255
3408 28443443777490
3409 28465708704126
3410 28510277768995
3411 28532581917455
3412 28577229472001
3413 28599572888320
3414 28644299024640
3415 28666681754880
3416 28711486565125
3417 28733908655375
3418 28778792231750
3419 28801253728126
3420 28846216162890
3421 28868717111535
3422 28913758497001
3423 28936298944085
3424 28981419372620
3425 29003999364340
3426 29049198928365
3427 29071818510945
3428 29117097302935
3429 29139756522626
3430 29185114635110
3431 29207813538190
3432 29253251063751
3433 29275989696525
3434 29321506727800
3435 29344285136600
3436 29389881766280
3437 29412699997465
3438 29458376318295
3439 29481234418251
3440 29526990523030
3441 29549888538170
3442 29595724519751
3443 29618662496515
3444 29664578447805
3445 29687556432660
3446 29733552446620
3447 29756570486060
3448 29802646655705
3449 29825704796251
3450 29871861214650
3451 29894959502850
3452 29941196263126
3453 29964334745555
3454 30010651940885
3455 30033830664145
3456 30080228387760
3457 30103447398480
3458 30149925743665
3459 30173185088501
3460 30219744148595
3461 30243043874230
3462 30289683742626
3463 30313023895770
3464 30359744665915
3465 30383125293305
3466 30429927058700
3467 30453348207100
3468 30500231061300
3469 30523692777501
3470 30570656814115
3471 30594159144935
3472 30641204457626
3473 30664747449910
3474 30711874132395
3475 30735457833015
3476 30782665979065
3477 30806290434920
3478 30853580138360
3479 30877245396376
3480 30924616751085
3481 30948322858215
3482 30995775958126
3483 31019522961350
3484 31067057900450
3485 31090845846775
3486 31138462719105
3487 31162291655565
3488 31209990555220
3489 31233860528876
3490 31281641550005
3491 31305552607945
3492 31353415844751
3493 31377368034090
3494 31425313580830
3495 31449306948710
3496 31497334899695
3497 31521369493285
3498 31569479942880
3499 31593555809376
3500 31641748852000
3501 31665866038625
3502 31714141768751
3503 31738300322755
3504 31786658834910
3505 31810858803570
3506 31859300192335
3507 31883541622955
3508 31932065982965
3509 31956348922876
3510 32004956348820
3511 32029280845380
3512 32077971432001
3513 32102337532595
3514 32151111374690
3515 32175519126730
3516 32224376319150
3517 32248825770075
3518 32297766407725
3519 32322257605001
3520 32371281782840
3521 32395814773960
3522 32444922587001
3523 32469497419485
3524 32518688962795
3525 32543305684190
3526 32592581052890
3527 32617239710770
3528 32666599000035
3529 32691299642001
3530 32740742947060
3531 32765485620740
3532 32815013036876
3533 32839797789925
3534 32889409412475
3535 32914236292575
3536 32963932216930
3537 32988801271790
3538 33038581593395
3539 33063492870751
3540 33113357685105
3541 33138311232720
3542 33188260635376
3543 33213256501040
3544 33263290587605
3545 33288328819135
3546 33338447685270
3547 33363528330510
3548 33413732071930
3549 33438855178751
3550 33489143891225
3551 33514309507525
3552 33564683286876
3553 33589891460580
3554 33640350402685
3555 33665601181745
3556 33716145382535
3557 33741438814930
3558 33792068370390
3559 33817404504126
3560 33868119510295
3561 33893498393405
3562 33944298946376
3563 33969720626920
3564 34020606822840
3565 34046071348905
3566 34097043283975
3567 34122550703675
3568 34173608474150
3569 34199158835626
3570 34250302537815
3571 34275895889235
3572 34327125619501
3573 34352762009060
3574 34404077863820
3575 34429757339740
3576 34481159415465
3577 34506882025995
3578 34558370419210
3579 34584136212626
3580 34635711019910
3581 34661520044515
3582 34713181362501
3583 34739033666625
3584 34790781592000
3585 34816677224000
3586 34868511853505
3587 34894450861765
3588 34946372292195
3589 34972354725126
3590 35024363053330
3591 35050388959370
3592 35102484282251
3593 35128553709865
3594 35180736124380
3595 35206849122060
3596 35259118725220
3597 35285275341485
3598 35337632230355
3599 35363832513751
3600 35416276785450
3601 35442520784550
3602 35495052536251
3603 35521340299655
3604 35573959628585
3605 35600291204920
3606 35652998208360
3607 35679373646280
3608 35732168421565
3609 35758587769751
3610 35811470414270
3611 35837933721430
3612 35890904332626
3613 35917411647495
3614 35970470322865
3615 35997021694205
3616 36050168531300
3617 36076764007900
3618 36129999104325
3619 36156638735001
3620 36209962188415
3621 36236646022010
3622 36290057930126
3623 36316786015510
3624 36370286476095
3625 36397058862165
3626 36450647973040
3627 36477464708720
3628 36531142567760
3629 36558003702001
3630 36611770407135
3631 36638675988915
3632 36692531638126
3633 36719481716450
3634 36773426407775
3635 36800421031675
3636 36854454863205
3637 36881494081740
3638 36935617151620
3639 36962701013876
3640 37016913420305
3641 37044041975395
3642 37098343816626
3643 37125517113690
3644 37179908488030
3645 37207126576235
3646 37261607582045
3647 37288870510585
3648 37343441246280
3649 37370749064376
3650 37425409628425
3651 37452762385325
3652 37507512876251
3653 37534910621230
3654 37589751137610
3655 37617193919970
3656 37672124560435
3657 37699612429505
3658 37754633292740
3659 37782166297876
3660 37837277482620
3661 37864855673205
3662 37920057278251
3663 37947680703695
3664 38002972827890
3665 38030641537630
3666 38086024279875
3667 38113738323375
3668 38169211782625
3669 38196971209376
3670 38252535484640
3671 38280340344160
3672 38335995534501
3673 38363845876335
3674 38419592080870
3675 38447487954590
3676 38503325272490
3677 38531266727695
3678 38587195258185
3679 38615182344501
3680 38671202186860
3681 38699234953940
3682 38755346207501
3683 38783424705025
3684 38839627469175
3685 38867751746850
3686 38924046121030
3687 38952216228590
3688 39008602312295
3689 39036818299501
3690 39093296192280
3691 39121558108920
3692 39178127910376
3693 39206435806265
3694 39263097616055
3695 39291451541035
3696 39348205458870
3697 39376605462810
3698 39433451588455
3699 39461897721251
3700 39518836154525
3701 39547328466100
3702 39604359306876
3703 39632897847180
3704 39690021195385
3705 39718606014395
3706 39775821970010
3707 39804453117730
3708 39861761780790
3709 39890439307251
3710 39947840777845
3711 39976564733105
3712 40034059111376
3713 40062829545520
3714 40120416931665
3715 40149233894805
3716 40206914389075
3717 40235777931350
3718 40293551634050
3719 40322461805626
3720 40380328817115
3721 40409285668185
3722 40467246088876
3723 40496249669660
3724 40554303600020
3725 40583353960765
3726 40641501501315
3727 40670598692295
3728 40728839943610
3729 40757984015126
3730 40816319077835
3731 40845510080215
3732 40903939055001
3733 40933177038600
3734 40991700026200
3735 41020985041400
3736 41079602142605
3737 41108934239815
3738 41167645555470
3739 41197024785126
3740 41255830416130
3741 41285256828695
3742 41344156876001
3743 41373630521965
3744 41432625086580
3745 41462146016460
3746 41521235199445
3747 41550803463785
3748 41609987366255
3749 41639603015626
3750 41698881738750
3751 41728544823750
3752 41787918468751
3753 41817629040005
3754 41877097708160
3755 41906855816320
3756 41966419608960
3757 41996225304705
3758 42055884323215
3759 42085737657251
3760 42145492003070
3761 42175393026130
3762 42235242800751
3763 42265191563595
3764 42325136868565
3765 42355133421980
3766 42415174358900
3767 42445218753700
3768 42505355424225
3769 42535447711251
3770 42595680217090
3771 42625820447210
3772 42686148890126
3773 42716337114235
3774 42776761596045
3775 42806997865065
3776 42867518487640
3777 42897802852520
3778 42958419717785
3779 42988752229501
3780 43049465439435
3781 43079846148990
3782 43140655805626
3783 43171084764050
3784 43231990969475
3785 43262468227825
3786 43323471084180
3787 43353996693540
3788 43415096303020
3789 43445670314501
3790 43506866779355
3791 43537489244095
3792 43598782666626
3793 43629453635790
3794 43690844118355
3795 43721563643135
3796 43783051288145
3797 43813819419760
3798 43875404329680
3799 43906221119376
3800 43967903396725
3801 43998768895775
3802 44060548643126
3803 44091462902830
3804 44153340222810
3805 44184303294495
3806 44246278289785
3807 44277290224805
3808 44339362998140
3809 44370423847876
3810 44432594502045
3811 44463704317905
3812 44525972955751
3813 44557131789170
3814 44619498513590
3815 44650706416030
3816 44713171329975
3817 44744428352925
3818 44806991559400
3819 44838297754376
3820 44900959356440
3821 44932314774985
3822 44995074875751
3823 45026479569435
3824 45089338272070
3825 45120792292490
3826 45183749700215
3827 45215253098995
3828 45278309315085
3829 45309862143876
3830 45373017271660
3831 45404619582140
3832 45467873725001
3833 45499525568875
3834 45562878830250
3835 45594580259250
3836 45658032742630
3837 45689783808515
3838 45753335617445
3839 45785136372001
3840 45848787610080
3841 45880638105120
3842 45944388876001
3843 45976289163365
3844 46040139570755
3845 46072089702310
3846 46136039849970
3847 46168039877610
3848 46232089869355
3849 46264139845001
3850 46328289784700
3851 46360389760300
3852 46424639751876
3853 46456789779405
3854 46521139926835
3855 46553340058295
3856 46617790465610
3857 46650040753030
3858 46714591524315
3859 46746892019751
3860 46811543259145
3861 46843894014680
3862 46908645826376
3863 46941046894120
3864 47005899382365
3865 47038350814455
3866 47103304083550
3867 47135805932150
3868 47200860086450
3869 47233412403751
3870 47298567547665
3871 47331170385885
3872 47396426623876
3873 47429080035260
3874 47494437471845
3875 47527141508665
3876 47592600248415
3877 47625354962970
3878 47690915110510
3879 47723720555126
3880 47789382215135
3881 47822238442165
3882 47888001719376
3883 47920908781200
3884 47986773780400
3885 48019731729425
3886 48085698555455
3887 48118707444115
3888 48184776201870
3889 48217836082626
3890 48284006877055
3891 48317117802395
3892 48383390738501
3893 48416552760940
3894 48482927943780
3895 48516141115860
3896 48582618650545
3897 48615883024835
3898 48682463016530
3899 48715778645626
3900 48782461199550
3901 48815828136075
3902 48882613357501
3903 48916031654105
3904 48982919648360
3905 49016389357720
3906 49083380230185
3907 49116901405005
3908 49183995261115
3909 49217567954126
3910 49284764899370
3911 49318389163330
3912 49385689303251
3913 49419365190945
3914 49486768631140
3915 49520496195380
3916 49588003041500
3917 49621782335125
3918 49689392692875
3919 49723223768751
3920 49790937743890
3921 49824820654910
3922 49892638353251
3923 49926573152335
3924 49994494679745
3925 50028481419840
3926 50096506882240
3927 50130545616320
3928 50198675119685
3929 50232765900751
3930 50300999551110
3931 50335142432190
3932 50403480335626
3933 50437675369775
3934 50506117632425
3935 50540364872725
3936 50608911600780
3937 50643211100340
3938 50711862400045
3939 50746214212001
3940 50814970189655
3941 50849374367170
3942 50918235129126
3943 50952691725390
3944 51021657378055
3945 51056166446285
3946 51125237096120
3947 51159798689560
3948 51228974443080
3949 51263588615001
3950 51332869578775
3951 51367536382475
3952 51436922663126
3953 51471642151930
3954 51541133856135
3955 51575906083395
3956 51645503317885
3957 51680328336980
3958 51750031208540
3959 51784909072876
3960 51854717688345
3961 51889648451355
3962 51959562917626
3963 51994546632770
3964 52064567056790
3965 52099603777555
3966 52169730266325
3967 52204820046225
3968 52275052706800
3969 52310195599376
3970 52380534538865
3971 52415730597685
3972 52486175923251
3973 52521425201910
3974 52591977020770
3975 52627279572890
3976 52697937992315
3977 52733293871545
3978 52804058998860
3979 52839468258876
3980 52910340201460
3981 52945802895965
3982 53016781761251
3983 53052297943975
3984 53123383839450
3985 53158953564150
3986 53230146597355
3987 53265769917815
3988 53337070196345
3989 53372747166376
3990 53444154797880
3991 53479885471320
3992 53551400563501
3993 53587184994215
3994 53658807654830
3995 53694645896710
3996 53766376233570
3997 53802268340535
3998 53874106461505
3999 53910052487501
4000 53981998500500
4001 54017998499500
4002 54090052512501
4003 54126106538505
4004 54198268659535
4005 54234376766570
4006 54306647103710
4007 54342809345830
4008 54415188007215
4009 54451404438501
4010 54523891532320
4011 54560162206880
4012 54632757841376
4013 54669082813345
4014 54741787096815
4015 54778166420355
4016 54850979461150
4017 54887413190450
4018 54960335096975
4019 54996823286251
4020 55069854166965
4021 55106396870460
4022 55179536833876
4023 55216134105860
4024 55289383260545
4025 55326035155315
4026 55399393609890
4027 55436100181770
4028 55509568044910
4029 55546329348251
4030 55619906728685
4031 55656722817865
4032 55730409824376
4033 55767280753800
4034 55841077495225
4035 55878003319325
4036 55951909904555
4037 55988890677790
4038 56062907215770
4039 56099942992626
4040 56174069592355
4041 56211160427345
4042 56285397197876
4043 56322543145540
4044 56396890195980
4045 56434091310885
4046 56508548750395
4047 56545805087135
4048 56620373024930
4049 56657684638126
4050 56732363183475
4051 56769730127775
4052 56844519390001
4053 56881941720080
4054 56956841808560
4055 56994319579120
4056 57069330603285
4057 57106863869055
4058 57181985938390
4059 57219574754126
4060 57294807978170
4061 57332452398655
4062 57407796887001
4063 57445496967045
4064 57520952829340
4065 57558708623780
4066 57634275969725
4067 57672087533425
4068 57747766472775
4069 57785633860626
4070 57861424503190
4071 57899347770110
4072 57975250225751
4073 58013229426685
4074 58089243805320
4075 58127278995240
4076 58203405406840
4077 58241496640745
4078 58317735195335
4079 58355882528251
4080 58432233335910
4081 58470436822890
4082 58546899993751
4083 58585159689875
4084 58661735334125
4085 58700051294500
4086 58776739522380
4087 58815111802140
4088 58891912723945
4089 58930341378251
4090 59007255104330
4091 59045740188370
4092 59122766829126
4093 59161308398115
4094 59238448064005
4095 59277046173185
4096 59354298974720
4097 59392953679360
4098 59470319727105
4099 59509031082501
4100 59586510487075
4101 59625278548550
4102 59702871420626
4103 59741696243530
4104 59819402693835
4105 59858284333545
4106 59936104472860
4107 59975042984780
4108 60052976923940
4109 60091972363501
4110 60170020213395
4111 60209072636055
4112 60287234507626
4113 60326343968870
4114 60404619973115
4115 60443786528455
4116 60522176776425
4117 60561400481400
4118 60639905084200
4119 60679185994376
4120 60757805063165
4121 60797143234135
4122 60875876880126
4123 60915272367510
4124 60994120701970
4125 61033573561415
4126 61112536695665
4127 61152046982845
4128 61231125028260
4129 61270692798876
4130 61349885866885
4131 61389511176665
4132 61468819378751
4133 61508502283450
4134 61587925731150
4135 61627666286550
4136 61707205091455
4137 61747003353365
4138 61826657627120
4139 61866513651376
4140 61946283505680
4141 61986197348145
4142 62066082894751
4143 62106054611315
4144 62186055962030
4145 62226085608610
4146 62306202875295
4147 62346290507835
4148 62426523802405
4149 62466669476876
4150 62547018911300
4151 62587222683700
4152 62667688370001
4153 62707950296355
4154 62788532346610
4155 62828852482970
4156 62909551009310
4157 62949929411755
4158 63030744526365
4159 63071181251001
4160 63152113066120
4161 63192608169080
4162 63273656797001
4163 63314210334445
4164 63395375887515
4165 63435987915630
4166 63517270506250
4167 63557941081250
4168 63639340821875
4169 63680070000001
4170 63761587003140
4171 63802374840660
4172 63884009218876
4173 63924855772085
4174 64006607637995
4175 64047512963215
4176 64129382429490
4177 64170346583070
4178 64252333762435
4179 64293356800751
4180 64375461805985
4181 64416543785440
4182 64498766729376
4183 64539907706400
4184 64622248701925
4185 64663448732975
4186 64745907893030
4187 64787167034590
4188 64869744472170
4189 64911062780751
4190 64993758608905
4191 65035136141045
4192 65117950472876
4193 65159387285140
4194 65242320233805
4195 65283816382785
4196 65366868061495
4197 65408423603810
4198 65491594125830
4199 65533209118126
4200 65616498596775
4201 65658173095725
4202 65741581644376
4203 65783315706680
4204 65866843438760
4205 65908637121145
4206 65992284150135
4207 66034137509355
4208 66117903948790
4209 66159817041626
4210 66243703005095
4211 66285675888355
4212 66369681489501
4213 66411714220020
4214 66495839572540
4215 66537932207180
4216 66622177424825
4217 66664330020475
4218 66748695217050
4219 66790907830626
4220 66875393119990
4221 66917665808435
4222 67002271304501
4223 67044604124785
4224 67129329941520
4225 67171722950640
4226 67256569202065
4227 67299022457045
4228 67383989257235
4229 67426502815126
4230 67511590278210
4231 67554164196090
4232 67639372436251
4233 67682006771225
4234 67767335902700
4235 67810030711900
4236 67895480848980
4237 67938236189565
4238 68023807446595
4239 68066623375751
4240 68152315867130
4241 68195192442070
4242 68281006282251
4243 68323943560215
4244 68409878863705
4245 68452876901960
4246 68538933783320
4247 68581992639160
4248 68668171213005
4249 68711290943751
4250 68797591324750
4251 68840771987750
4252 68927194290626
4253 68970435943255
4254 69056980282785
4255 69100282982445
4256 69186949473460
4257 69230313277580
4258 69317102034965
4259 69360527001001
4260 69447438139695
4261 69490924325130
4262 69577957960126
4263 69621505422470
4264 69708661668815
4265 69752270465605
4266 69839549438400
4267 69883219627200
4268 69970621441600
4269 70014353080001
4270 70101877851215
4271 70145670996835
4272 70233318840126
4273 70277173550610
4274 70364944581295
4275 70408860914315
4276 70496755247765
4277 70540733261020
4278 70628751012660
4279 70672790763876
4280 70760932049185
4281 70805033596115
4282 70893298530626
4283 70937461931050
4284 71025850630350
4285 71070075942075
4286 71158588521805
4287 71202875802665
4288 71291512378520
4289 71335861686376
4290 71424622374105
4291 71469033766845
4292 71557918682251
4293 71602392217790
4294 71691401476730
4295 71735937213010
4296 71825070931395
4297 71869668926385
4298 71958927220180
4299 72003587531876
4300 72092970517100
4301 72137693203525
4302 72227200996251
4303 72271986115455
4304 72361618831810
4305 72406466441870
4306 72496224198035
4307 72541134357055
4308 72631017269265
4309 72675990035376
4310 72765998219920
4311 72811033651280
4312 72901167224501
4313 72946265379295
4314 73036524457590
4315 73081685394030
4316 73172070093850
4317 73217293870175
4318 73307804308025
4319 73353090982501
4320 73443727274940
4321 73489076905860
4322 73579839169501
4323 73625251815185
4324 73716140166695
4325 73761615885490
4326 73852630441590
4327 73898169291870
4328 73989310169335
4329 74034912209501
4330 74126179525160
4331 74171844813640
4332 74263238684376
4333 74308967279625
4334 74400487822375
4335 74446279782875
4336 74537927114630
4337 74583782498890
4338 74675556736695
4339 74721475603251
4340 74813376864205
4341 74859359271620
4342 74951387672876
4343 74997433679740
4344 75089589338505
4345 75135699003435
4346 75227982036970
4347 75274155418610
4348 75366565944230
4349 75412803101251
4350 75505341236325
4351 75551642227425
4352 75644308089376
4353 75690672973280
4354 75783466679585
4355 75829895515045
4356 75922817183235
4357 75969310029030
4358 76062359776690
4359 76108916691626
4360 76202094636395
4361 76248715679305
4362 76342021938876
4363 76388707168620
4364 76482141860740
4365 76528891336205
4366 76622454578675
4367 76669268358775
4368 76762960269450
4369 76809838413126
4370 76903659109915
4371 76950601676135
4372 77044551277001
4373 77091558324760
4374 77185636947720
4375 77232708536040
4376 77326916299165
4377 77374052487095
4378 77468389508510
4379 77515590355126
4380 77610056753010
4381 77657322317415
4382 77751918210001
4383 77799248551325
4384 77893974056900
4385 77941369234300
4386 78036224471205
4387 78083684543865
4388 78178669630495
4389 78226194657626
4390 78321309712430
4391 78368899753270
4392 78464144894751
4393 78511800008565
4394 78607175355280
4395 78654895601360
4396 78750401271920
4397 78798186709585
4398 78893822822655
4399 78941673511251
4400 79037440185550
4401 79085356184450
4402 79181253538751
4403 79229234907355
4404 79325263060485
4405 79373309858220
4406 79469468929060
4407 79517581215380
4408 79613871322865
4409 79662049157251
4410 79758470420370
4411 79806713862330
4412 79903266400126
4413 79951575509195
4414 80048259440765
4415 80096634276505
4416 80193449721000
4417 80241890343000
4418 80338837419625
4419 80387343887501
4420 80484422715515
4421 80532995088910
4422 80630205787626
4423 80678844126210
4424 80776186814995
4425 80824891178465
4426 80922365976740
4427 80971136424820
4428 81068743452060
4429 81117580044501
4430 81215319420235
4431 81264222216815
4432 81362094060626
4433 81411063121150
4434 81509067552675
4435 81558102936975
4436 81656240075905
4437 81705341843840
4438 81803611809920
4439 81852780021376
4440 81951182934405
4441 82000417649295
4442 82098953629126
4443 82148254907390
4444 82246924073930
4445 82296291975535
4446 82395094448745
4447 82444529033685
4448 82543464933580
4449 82592966261876
4450 82692035708525
4451 82741603840225
4452 82840806953751
4453 82890441948930
4454 82989778849510
4455 83039480768270
4456 83138951576135
4457 83188720478605
4458 83288325314040
4459 83338161260376
4460 83437900243720
4461 83487803294105
4462 83587676545751
4463 83637646760395
4464 83737654400790
4465 83787691839930
4466 83887833989575
4467 83937938713475
4468 84038215492925
4469 84088387561876
4470 84188799091740
4471 84239038566060
4472 84339584967001
4473 84389891907035
4474 84490573299770
4475 84540947765890
4476 84641764271190
4477 84692206323795
4478 84793158062485
4479 84843667762001
4480 84944754854960
4481 84995332261840
4482 85096554830001
4483 85147200004725
4484 85248558169075
4485 85299271172150
4486 85400765053730
4487 85451545945690
4488 85553175665595
4489 85604024507001
4490 85705790186380
4491 85756707037820
4492 85858608797876
4493 85909593719965
4494 86011631681955
4495 86062684735335
4496 86164859020570
4497 86215980265910
4498 86318290995755
4499 86369480493751
4500 86471927789625
4501 86523185601000
4502 86625769584376
4503 86677095769880
4504 86779816562285
4505 86831211182695
4506 86934068905710
4507 86985532021830
4508 87088526797090
4509 87140058469751
4510 87243190418945
4511 87294790709005
4512 87398059953876
4513 87449728922220
4514 87553135584565
4515 87604873292105
4516 87708417493775
4517 87760224001450
4518 87863905864350
4519 87915781233126
4520 88019600879215
4521 88071545170085
4522 88175502721376
4523 88227515995360
4524 88331611573920
4525 88383693892065
4526 88487927620015
4527 88540079043395
4528 88644451042910
4529 88696671632626
4530 88801182025935
4531 88853471843115
4532 88958120752501
4533 89010479858300
4534 89115267406100
4535 89167695861700
4536 89272622170305
4537 89325120036915
4538 89430185228770
4539 89482752567626
4540 89587956765230
4541 89640593637595
4542 89745936963501
4543 89798643430665
4544 89904126007480
4545 89956902130760
4546 90062524081145
4547 90115369921885
4548 90221131368555
4549 90274046988126
4550 90379948053850
4551 90432933513650
4552 90538974321251
4553 90592029682705
4554 90698210355060
4555 90751335679620
4556 90857656339660
4557 90910851688805
4558 91017312459515
4559 91070577894751
4560 91177178899170
4561 91230514482030
4562 91337255843251
4563 91390661635295
4564 91497543476465
4565 91551019539280
4566 91658041983600
4567 91711588378800
4568 91818751549525
4569 91872368338751
4570 91979672359190
4571 92033359604110
4572 92140804597626
4573 92194562359935
4574 92302148449945
4575 92355976791365
4576 92463704101340
4577 92517603083620
4578 92625471737085
4579 92679441422001
4580 92787451542535
4581 92841491991890
4582 92949643703126
4583 93003754978750
4584 93112048404375
4585 93166230568125
4586 93274665831880
4587 93328918945640
4588 93437496171320
4589 93491820297001
4590 93600539608455
4591 93654934807995
4592 93763796329126
4593 93818262664490
4594 93927266519255
4595 93981804052435
4596 94090950364845
4597 94145559157860
4598 94254848051980
4599 94309528166876
4600 94418959766825
4601 94473711265675
4602 94583285695626
4603 94638108640530
4604 94747826024710
4605 94802720477795
4606 94912580940485
4607 94967546963905
4608 95077550629440
4609 95132588285376
4610 95242735278145
4611 95297844628805
4612 95408135073251
4613 95463316180870
4614 95573750201490
4615 95629003128330
4616 95739580849675
4617 95794905658025
4618 95905627204700
4619 95961023956876
4620 96071889453540
4621 96127358211885
4622 96238367783251
4623 96293908610135
4624 96405062380970
4625 96460675338790
4626 96571973433915
4627 96627658585095
4628 96739101129385
4629 96794858536376
4630 96906445654760
4631 96962275380040
4632 97074007197501
4633 97129909303575
4634 97241785945150
4635 97297760494550
4636 97409782085330
4637 97465829140615
4638 97577995805745
4639 97634115429501
4640 97746427294180
4641 97802619549020
4642 97915076738501
4643 97971341687065
4644 98083944326655
4645 98140282031610
4646 98253030246670
4647 98309440770710
4648 98422334686655
4649 98478818092501
4650 98591857834800
4651 98648414185200
4652 98761599879376
4653 98818229237105
4654 98931561008735
4655 98988263436595
4656 99101741411310
4657 99158516972130
4658 99272141275615
4659 99328990032251
4660 99442760790245
4661 99499682805580
4662 99613600143876
4663 99670595480820
4664 99784659525265
4665 99841728246755
4666 99955939123250
4667 100013081292250
4668 100127439126750
4669 100184654806251
4670 100299159724765
4671 100356448977785
4672 100471101106376
4673 100528463995960
4674 100643263460745
4675 100700700049965
4676 100815646977115
4677 100873157329070
4678 100988251844810
4679 101045836022626
4680 101161078253235
4681 101218736320065
4682 101334126391876
4683 101391858410900
4684 101507396450300
4685 101565202484725
4686 101680888618155
4687 101738768731215
4688 101854603085170
4689 101912557340126
4690 102028540041155
4691 102086568501295
4692 102202699676001
4693 102260802404640
4694 102377082179680
4695 102435259240160
4696 102551687742245
4697 102609939197935
4698 102726516553830
4699 102784842468126
4700 102901568804650
4701 102959969240975
4702 103076844685001
4703 103135319706805
4704 103252344385260
4705 103310894056020
4706 103428068095885
4707 103486692479105
4708 103604016007415
4709 103662715166626
4710 103780188310470
4711 103838962309230
4712 103956585195751
4713 104015434097645
4714 104133206854040
4715 104192130722680
4716 104310053476200
4717 104369052375225
4718 104487125253175
4719 104546199246251
4720 104664422375990
4721 104723571526810
4722 104841945035751
4723 104901169408035
4724 105019693423645
4725 105078993081140
4726 105197667730940
4727 105257042737420
4728 105375868148985
4729 105435318568251
4730 105554294869210
4731 105613820765090
4732 105732948083126
4733 105792549519475
4734 105911827982325
4735 105971505023025
4736 106090934758480
4737 106150687467440
4738 106270268603345
4739 106330097044501
4740 106449829708755
4741 106509733946070
4742 106629618266626
4743 106689598364090
4744 106809634468955
4745 106869690490585
4746 106989878507820
4747 107050010517660
4748 107170350575380
4749 107230558637501
4750 107351050863875
4751 107411335042375
4752 107531979565626
4753 107592339924630
4754 107713136873035
4755 107773573476695
4756 107894522978585
4757 107955035891080
4758 108076138074840
4759 108136727360376
4760 108257982354445
4761 108318648077255
4762 108440056010126
4763 108500798234470
4764 108622359234690
4765 108683178024855
4766 108804892221025
4767 108865787641325
4768 108987655162100
4769 109048627276876
4770 109170648250965
4771 109231697124585
4772 109353871680751
4773 109414997377610
4774 109537325644670
4775 109598528229190
4776 109721010336015
4777 109782289872645
4778 109904925948160
4779 109966282501376
4780 110089072674560
4781 110150506308865
4782 110273450708751
4783 110334961488675
4784 110458060244350
4785 110519648234450
4786 110642901475055
4787 110704566739915
4788 110827974594645
4789 110889717198876
4790 111013279796980
4791 111075099805220
4792 111198817276001
4793 111260714752915
4794 111384587225730
4795 111446562236010
4796 111570589840270
4797 111632642448635
4798 111756825313805
4799 111818955585001
4800 111943293840600
4801 112005501839400
4802 112129995615001
4803 112192281406205
4804 112316930831435
4805 112379294479870
4806 112504099684410
4807 112566541254930
4808 112691502368515
4809 112754021926001
4810 112879139078420
4811 112941736687780
4812 113067010008876
4813 113129685735045
4814 113255115354715
4815 113317869262655
4816 113443455310850
4817 113506287465550
4818 113632030072275
4819 113694940538751
4820 113820839834065
4821 113883828677360
4822 114009884791376
4823 114072952076560
4824 114199165139445
4825 114262310931615
4826 114388681073590
4827 114451905437870
4828 114578432789210
4829 114641735790751
4830 114768420481785
4831 114831802185765
4832 114958644346876
4833 115022104818500
4834 115149104580125
4835 115212643884625
4836 115339801377255
4837 115403419579890
4838 115530734934070
4839 115594432100126
4840 115721905446455
4841 115785681641245
4842 115913313110376
4843 115977168399240
4844 116104958121880
4845 116168892570185
4846 116296840677095
4847 116360854350235
4848 116488960972230
4849 116553053935626
4850 116681319203575
4851 116745491522675
4852 116873915567501
4853 116938167307780
4854 117066750260460
4855 117131081487420
4856 117259823478985
4857 117324234258155
4858 117453135419690
4859 117517625816626
4860 117646686279270
4861 117711256359555
4862 117840476254501
4863 117905126083745
4864 118034505542240
4865 118099235186080
4866 118228774339425
4867 118293583863525
4868 118423282843075
4869 118488172313126
4870 118618031250290
4871 118683000732010
4872 118813019758251
4873 118878069317385
4874 119008248564220
4875 119073378266540
4876 119203717865540
4877 119268927776845
4878 119399427859635
4879 119464718045751
4880 119595378744010
4881 119660749270790
4882 119791570716251
4883 119857021649575
4884 119988003974025
4885 120053535379800
4886 120184678715080
4887 120250290659240
4888 120381595137245
4889 120447287685751
4890 120578753438430
4891 120644526657270
4892 120776153816626
4893 120842007771815
4894 120973796469905
4895 121039731227485
4896 121171681596420
4897 121237697222460
4898 121369809394405
4899 121435905955001
4900 121568180062175
4901 121634357623450
4902 121766793798126
4903 121833052426230
4904 121965650800735
4905 122031990561845
4906 122164751268560
4907 122231172228880
4908 122364095400240
4909 122430597626001
4910 122563683394495
4911 122630266951955
4912 122763515450126
4913 122830180405570
4914 122963591766015
4915 123030338185755
4916 123163912541125
4917 123230740491500
4918 123364477974500
4919 123431387521876
4920 123565288265265
4921 123632279476035
4922 123766343612626
4923 123833416553210
4924 123967644215870
4925 124034798952715
4926 124169190274365
4927 124236426873945
4928 124370981987560
4929 124438300516376
4930 124573019554985
4931 124640420079565
4932 124775303176251
4933 124842785763150
4934 124977833051050
4935 125045397766850
4936 125180609379155
4937 125248256290465
4938 125383632360420
4939 125451361533876
4940 125586902194780
4941 125654713697045
4942 125790419082251
4943 125858312980015
4944 125994183222930
4945 126062159582910
4946 126198194816995
4947 126266253705935
4948 126402454064705
4949 126470595549376
4950 126606961166400
4951 126675185313600
4952 126811716322501
4953 126880023199055
4954 127016719733510
4955 127085109406270
4956 127221971600010
4957 127290444135855
4958 127427472122665
4959 127496027588501
4960 127633221502220
4961 127701859964980
4962 127839219939501
4963 127907941466145
4964 128045467635415
4965 128114272292930
4966 128251964790950
4967 128320852646350
4968 128458711607175
4969 128527682727501
4970 128665708285240
4971 128734762737560
4972 128872955026376
4973 128942092877785
4974 129080452031895
4975 129149673349515
4976 129288199503190
4977 129357504354170
4978 129496197641735
4979 129565586093251
4980 129704446649085
4981 129773918768340
4982 129912946726876
4983 129982502581100
4984 130121698076825
4985 130191337733275
4986 130330700900730
4987 130400424426690
4988 130539955400470
4989 130609762863251
4990 130749461778005
4991 130819353244945
4992 130959220235376
4993 131029195773840
4994 131169230974705
4995 131239290652085
4996 131379494198195
4997 131449638081910
4998 131590010108130
4999 131660238265626
5000 131800778906875
5001 131871091405625
5002 132011800796876
5003 132082197704380
5004 132223075980660
5005 132293557364445
5006 132434604660835
5007 132505170588455
5008 132646387040090
5009 132717037579126
5010 132858423321195
5011 132929158539255
5012 133070713707001
5013 133141533671720
5014 133283258400440
5015 133354163179480
5016 133496057604525
5017 133567047265575
5018 133709111522350
5019 133780186133126
5020 133922420357090
5021 133993579985335
5022 134135984312001
5023 134207229025485
5024 134349803590420
5025 134421133456940
5026 134563878395765
5027 134635293483145
5028 134778208931535
5029 134849709307626
5030 134992795401310
5031 135064381133990
5032 135207638008751
5033 135279309165925
5034 135422736957600
5035 135494493607200
5036 135638092451680
5037 135709934661665
5038 135853704694895
5039 135925632533251
5040 136069573891230
5041 136141587425970
5042 136285700244751
5043 136357799543915
5044 136502083959605
5045 136574269091260
5046 136718725240020
5047 136790996272260
5048 136935624290305
5049 137007981291251
5050 137152781314850
5051 137225224352650
5052 137370196518126
5053 137442725660955
5054 137587870104685
5055 137660485420745
5056 137805802279160
5057 137878503836680
5058 138023993246265
5059 138096781113501
5060 138242443210795
5061 138315317456030
5062 138461152377626
5063 138534113069170
5064 138680120951715
5065 138753168157905
5066 138899349138100
5067 138972482927300
5068 139118837141900
5069 139192057582501
5070 139338585168315
5071 139411892328735
5072 139558593422626
5073 139631987371310
5074 139778862110195
5075 139852342915615
5076 139999391436465
5077 140072959167120
5078 140220181606960
5079 140293836331376
5080 140441232827285
5081 140514974614015
5082 140662545303126
5083 140736374220750
5084 140884119240250
5085 140958035357375
5086 141105954844505
5087 141179958229765
5088 141328052321820
5089 141402143043876
5090 141550411878205
5091 141624590005745
5092 141773033719751
5093 141847299321490
5094 141995918052630
5095 142070271197310
5096 142219065083095
5097 142293505839485
5098 142442475017480
5099 142517003454376
5100 142666148062200
5101 142740764248425
5102 142890084423751
5103 142964788428155
5104 143114284308710
5105 143189076200170
5106 143338747923735
5107 143413627771155
5108 143563475475565
5109 143638443347876
5110 143788467171020
5111 143863523137180
5112 144013723217001
5113 144088867345995
5114 144239243820490
5115 144314476181330
5116 144465029188550
5117 144540349850275
5118 144691079528325
5119 144766488560001
5120 144917395047040
5121 144992892517760
5122 145143975952001
5123 145219561930885
5124 145370822450595
5125 145446497006790
5126 145597934750290
5127 145673697952970
5128 145825313058635
5129 145901164977001
5130 146052957583260
5131 146128898286540
5132 146280868531876
5133 146356898089325
5134 146509046112275
5135 146585164593175
5136 146737490532330
5137 146813698005990
5138 146966201999995
5139 147042498535751
5140 147195180723305
5141 147271566390520
5142 147424426910376
5143 147500901778440
5144 147653940769405
5145 147730504907735
5146 147883722508670
5147 147960375986710
5148 148113772336530
5149 148190515223751
5150 148344090461425
5151 148420922827325
5152 148574677091876
5153 148651599005980
5154 148805532436485
5155 148882543968345
5156 149036656703935
5157 149113757923130
5158 149268050102990
5159 149345241079126
5160 149499712842495
5161 149576993645205
5162 149731645131376
5163 149809015830320
5164 149963847178640
5165 150041307843505
5166 150196319193375
5167 150273869893875
5168 150429061384750
5169 150506702190626
5170 150662073962015
5171 150739804943035
5172 150895357134501
5173 150973178360460
5174 151128911111620
5175 151206822652340
5176 151362736102865
5177 151440738028195
5178 151596832317810
5179 151674924697626
5180 151831199966110
5181 151909382870315
5182 152065839257501
5183 152144112756025
5184 152300750401800
5185 152379114564600
5186 152535933608905
5187 152614388505965
5188 152771389088795
5189 152849934790126
5190 153007117051530
5191 153085753627170
5192 153243117707251
5193 153321845227265
5194 153479391266180
5195 153558209800660
5196 153715937938620
5197 153794847557685
5198 153952757934955
5199 154031758708751
5200 154189851465650
5201 154268943464350
5202 154427218741251
5203 154506402035055
5204 154664859972385
5205 154744134631520
5206 154902775369760
5207 154982141464480
5208 155140965144165
5209 155220422744751
5210 155379429506470
5211 155458978683230
5212 155618168667626
5213 155697809490895
5214 155857182838665
5215 155936915378805
5216 156096472230700
5217 156176296558100
5218 156336037054925
5219 156415953240001
5220 156575877522615
5221 156655885635810
5222 156815993845126
5223 156896093956910
5224 157056386233895
5225 157136578414765
5226 157297054900440
5227 157377339220920
5228 157538000056360
5229 157618376587001
5230 157779221913335
5231 157859690724715
5232 158020720683126
5233 158101281845850
5234 158262496577575
5235 158343150162275
5236 158504549808605
5237 158585295885940
5238 158746880588220
5239 158827719228876
5240 158989489128505
5241 159070420403195
5242 159232375641626
5243 159313399621090
5244 159475540339830
5245 159556657094835
5246 159718983435445
5247 159800193036785
5248 159962705140880
5249 160044007659376
5250 160206705668625
5251 160288101175125
5252 160450985231251
5253 160532473796630
5254 160695544041410
5255 160777125736570
5256 160940382311835
5257 161022057207705
5258 161185500255340
5259 161267268422876
5260 161430898084820
5261 161512759595005
5262 161676576013251
5263 161758530937095
5264 161922534253690
5265 162004582662230
5266 162168773019275
5267 162250914983575
5268 162415292523225
5269 162497528114376
5270 162662092978840
5271 162744422267960
5272 162909174599501
5273 162991597657735
5274 163156537598670
5275 163239054497190
5276 163404182189890
5277 163486792999895
5278 163652108586785
5279 163734813379501
5280 163900317003060
5281 163983115849740
5282 164148807652501
5283 164231700624425
5284 164397580748975
5285 164480567917450
5286 164646636506430
5287 164729717942790
5288 164895975138895
5289 164979150914501
5290 165145596860480
5291 165228867046720
5292 165395501885376
5293 165478866553665
5294 165645690427855
5295 165729149649635
5296 165896162702270
5297 165979716549010
5298 166146918923055
5299 166230567466251
5300 166397959304725
5301 166481702615900
5302 166649284061876
5303 166733122212580
5304 166900893409185
5305 166984826470995
5306 167152787561410
5307 167236815605930
5308 167404966733390
5309 167489089832251
5310 167657431140045
5311 167741649364905
5312 167910180996376
5313 167994494418920
5314 168163216517465
5315 168247625209405
5316 168416537918475
5317 168501041951550
5318 168670145414650
5319 168754744860626
5320 168924039221315
5321 169008734151985
5322 169178219553876
5323 169263010041060
5324 169432686627820
5325 169517572743365
5326 169687440658715
5327 169772422474495
5328 169942481862210
5329 170027559450126
5330 170197810454035
5331 170282983886015
5332 170453426650001
5333 170538695998000
5334 170709330666000
5335 170794696002000
5336 170965522718005
5337 171050984114015
5338 171222003022070
5339 171307560550126
5340 171478771794330
5341 171564425526495
5342 171735829251001
5343 171821579259365
5344 171993175608380
5345 172079021965060
5346 172250811082845
5347 172336753859985
5348 172508735890855
5349 172594775160626
5350 172766950248950
5351 172853086083550
5352 173025454373751
5353 173111686845405
5354 173284248481960
5355 173370577662920
5356 173543332790360
5357 173629758752905
5358 173802707515815
5359 173889230332251
5360 174062372875270
5361 174148992617930
5362 174322329085751
5363 174409045826995
5364 174582576364365
5365 174669390176580
5366 174843114928300
5367 174930025883900
5368 175103944994825
5369 175190953166251
5370 175365066781290
5371 175452172241010
5372 175626480505126
5373 175713683325635
5374 175888186383845
5375 175975486637665
5376 176150184635040
5377 176237582394720
5378 176412475476385
5379 176499970814501
5380 176675059125635
5381 176762652114790
5382 176937935800626
5383 177025626513450
5384 177201105719275
5385 177288894228425
5386 177464569099580
5387 177552455477740
5388 177728326159620
5389 177816310479501
5390 177992377117555
5391 178080459451895
5392 178256722191626
5393 178344902613190
5394 178521361600155
5395 178609640181735
5396 178786295561545
5397 178874672375960
5398 179051524294280
5399 179139999414376
5400 179317048016925
5401 179405621515575
5402 179582866948126
5403 179671538898230
5404 179848981306610
5405 179937751781095
5406 180115391311185
5407 180204260383005
5408 180382097180740
5409 180471064922876
5410 180649099134245
5411 180738165619705
5412 180916397390751
5413 181005562692570
5414 181183992169390
5415 181273256360630
5416 181451883689375
5417 181541246843125
5418 181720072170000
5419 181809534359376
5420 181988557830640
5421 182078119128785
5422 182257340890751
5423 182347001370835
5424 182526421569870
5425 182616181305090
5426 182795800087615
5427 182885659151195
5428 183065476663685
5429 183155435128876
5430 183335451517860
5431 183425509457940
5432 183605724870001
5433 183695882358275
5434 183876296940050
5435 183966554049850
5436 184147167948030
5437 184237524752715
5438 184418338114045
5439 184508794687001
5440 184689807658280
5441 184780364072920
5442 184961576801001
5443 185052233130765
5444 185233645762555
5445 185324402080910
5446 185506014763370
5447 185596871143810
5448 185778684023955
5449 185869640540001
5450 186051653764900
5451 186142710490100
5452 186324924206876
5453 186416081214805
5454 186598495570635
5455 186689752934895
5456 186872368077010
5457 186963725871230
5458 187146541946915
5459 187238000244751
5460 187421017401345
5461 187512576276480
5462 187695794661376
5463 187787454187520
5464 187970873948165
5465 188062634199055
5466 188246255482950
5467 188338116532350
5468 188521939487050
5469 188613901408751
5470 188797926181865
5471 188889989049685
5472 189074215788876
5473 189166379676660
5474 189350808529645
5475 189443073511265
5476 189627704625815
5477 189720070775170
5478 189904904299110
5479 189997371690126
5480 190182407771335
5481 190274976477965
5482 190460215264376
5483 190552885360600
5484 190738327000200
5485 190831098560025
5486 191016743200855
5487 191109616298315
5488 191295464088470
5489 191388438797626
5490 191574489885255
5491 191667566280195
5492 191853820813501
5493 191946998968340
5494 192133457095580
5495 192226737084460
5496 192413398953945
5497 192506780851035
5498 192693646611130
5499 192787130490626
5500 192974200289750
5501 193067786225875
5502 193255060212501
5503 193348748279505
5504 193536226602160
5505 193630016874320
5506 193817699681585
5507 193911592233205
5508 194099479673715
5509 194193474579126
5510 194381566801570
5511 194475664135130
5512 194663961288251
5513 194758161124345
5514 194946663356940
5515 195040965769980
5516 195229673230900
5517 195324078295325
5518 195512991133475
5519 195607498923751
5520 195796617288090
5521 195891227878710
5522 196080551918251
5523 196175265383735
5524 196364795247545
5525 196459611662440
5526 196649347499640
5527 196744266938520
5528 196934208898285
5529 197029231435751
5530 197219379667310
5531 197314505377990
5532 197504860030626
5533 197600088989175
5534 197790650212225
5535 197885982493325
5536 198076750436180
5537 198172186114540
5538 198363160926645
5539 198458700077001
5540 198649881907855
5541 198745524604970
5542 198936913604126
5543 199032659922790
5544 199224256239855
5545 199320106254885
5546 199511910039520
5547 199607863825760
5548 199799875227680
5549 199895932860001
5550 200088152028975
5551 200184313582275
5552 200376740668126
5553 200473006217330
5554 200665641369935
5555 200762010989995
5556 200954854359285
5557 201051328125180
5558 201244379861140
5559 201340957847876
5560 201534218100545
5561 201630900383155
5562 201824369302626
5563 201921155956170
5564 202114833692590
5565 202211724792155
5566 202405611495725
5567 202502607116425
5568 202696702937400
5569 202793803154376
5570 202988108243065
5571 203085313131485
5572 203279827638251
5573 203377137273310
5574 203571861348570
5575 203669275805490
5576 203864209599715
5577 203961728953745
5578 204156872617460
5579 204254496943876
5580 204449850627660
5581 204547580001765
5582 204743143856251
5583 204840978353375
5584 205036752529250
5585 205134692224750
5586 205330676872755
5587 205428721842015
5588 205624917112945
5589 205723067431376
5590 205919473476080
5591 206017729219120
5592 206214346188501
5593 206312707431615
5594 206509535476630
5595 206608002295310
5596 206805041566970
5597 206903614036735
5598 207100864686105
5599 207199542882501
5600 207397005060700
5601 207495789059300
5602 207693462917501
5603 207792352793905
5604 207990238483335
5605 208089234313170
5606 208287331985110
5607 208386433844030
5608 208584743649815
5609 208683951613501
5610 208882473704520
5611 208981787848680
5612 209180522376376
5613 209279942776745
5614 209478889892615
5615 209578416624955
5616 209777576480550
5617 209877209620650
5618 210076582367575
5619 210176321991251
5620 210375907781165
5621 210475753964260
5622 210675552948876
5623 210775505767260
5624 210975518098345
5625 211075577627915
5626 211275803457290
5627 211375969773970
5628 211576409253510
5629 211676682433251
5630 211877335714885
5631 211977715833665
5632 212178583069376
5633 212279070203200
5634 212480151545025
5635 212580745769925
5636 212782041369955
5637 212882742761990
5638 213084252772370
5639 213185061407626
5640 213386785980555
5641 213487701935145
5642 213689641222876
5643 213790664572940
5644 213992818727780
5645 214093949549485
5646 214296318723795
5647 214397557093335
5648 214600141439530
5649 214701487433126
5650 214904287103675
5651 215005740797575
5652 215208755945001
5653 215310317415480
5654 215513548192360
5655 215615217515720
5656 215818664074685
5657 215920441327255
5658 216124103820990
5659 216225989079126
5660 216429867660370
5661 216531861000455
5662 216735955822001
5663 216838057320445
5664 217042368535140
5665 217144578268380
5666 217349106029125
5667 217451424073625
5668 217656168533375
5669 217758594965626
5670 217963556277390
5671 218066091173910
5672 218271269490751
5673 218373912928085
5674 218579308403120
5675 218682060457840
5676 218887673244240
5677 218990533992945
5678 219196364243935
5679 219299333763251
5680 219505381632110
5681 219608459998690
5682 219814725638751
5683 219917912929275
5684 220124396493925
5685 220227692785100
5686 220434394427780
5687 220537799796340
5688 220744719670545
5689 220848234193251
5690 221055372452530
5691 221158996206170
5692 221366353004126
5693 221470086065515
5694 221677661555805
5695 221781504001785
5696 221989298338120
5697 222093250245560
5698 222301263581705
5699 222405325027501
5700 222613557517275
5701 222717728578350
5702 222926180375626
5703 223030461128930
5704 223239132387635
5705 223343522910145
5706 223552413784260
5707 223656914152980
5708 223866024796540
5709 223970635088501
5710 224179965655595
5711 224284685947855
5712 224494236592626
5713 224599066962270
5714 224808837838915
5715 224913778363055
5716 225123769625825
5717 225228820381600
5718 225439032184800
5719 225544193249376
5720 225754625747365
5721 225859897197935
5722 226070550545126
5723 226175932458910
5724 226386806809770
5725 226492299264015
5726 226703394773065
5727 226808997845045
5728 227020314666860
5729 227126028433876
5730 227337566723085
5731 227443391262465
5732 227655151173751
5733 227761086562850
5734 227973068250950
5735 228079114567150
5736 228291318186855
5737 228397475507565
5738 228609901213720
5739 228716169616376
5740 228928817563880
5741 229035197125945
5742 229248067469751
5743 229354558268715
5744 229567651163830
5745 229674253277210
5746 229887568878695
5747 229994282384035
5748 230207820847005
5749 230314645821876
5750 230528407301500
5751 230635343823500
5752 230849328475001
5753 230956376621755
5754 231170584600410
5755 231277744449570
5756 231492175910710
5757 231599447539955
5758 231814102638965
5759 231921486126001
5760 232136365018320
5761 232243860440880
5762 232458963282001
5763 232566570717845
5764 232781897663315
5765 232889617190230
5766 233105168395650
5767 233213000091450
5768 233428775712475
5769 233536719655001
5770 233752719847340
5771 233860776114460
5772 234077001033876
5773 234185169703485
5774 234401619505795
5775 234509900655815
5776 234726575496890
5777 234834969205270
5778 235051869241035
5779 235160375585751
5780 235377500972185
5781 235486120031240
5782 235703470924376
5783 235812202775800
5784 236029779331725
5785 236138624053575
5786 236356426428430
5787 236465384098790
5788 236683412448770
5789 236792483145751
5790 237010737627105
5791 237119921428845
5792 237338402197876
5793 237447699182540
5794 237666406395605
5795 237775816641385
5796 237994750454895
5797 238104274040010
5798 238323434610430
5799 238433071613126
5800 238652459096975
5801 238762209595525
5802 238981824149376
5803 239091688222080
5804 239311530002560
5805 239421507727745
5806 239641576891535
5807 239751668347555
5808 239971965051390
5809 240082170316626
5810 240302694717295
5811 240413013870155
5812 240633766124501
5813 240744199243420
5814 240965179508340
5815 241075726671780
5816 241296935104225
5817 241407596390675
5818 241629033147650
5819 241739808635626
5820 241961473874190
5821 242072363642235
5822 242294257519501
5823 242405261646185
5824 242627384319320
5825 242738502883240
5826 242960854509465
5827 243072087589245
5828 243294668325835
5829 243406016000126
5830 243628826004410
5831 243740288351890
5832 243963327781251
5833 244074904880625
5834 244298173892500
5835 244409865822500
5836 244633364574380
5837 244745171413765
5838 244968900063195
5839 245080821890751
5840 245304780595330
5841 245416817489870
5842 245641006407251
5843 245753158447615
5844 245977577735505
5845 246089845000560
5846 246314494816720
5847 246426877385360
5848 246651757887605
5849 246764255838751
5850 246989367184950
5851 247101980597550
5852 247327322945626
5853 247440051898655
5854 247665625406585
5855 247778469979045
5856 248004274804860
5857 248117235075780
5858 248343271377565
5859 248456347426001
5860 248682615361895
5861 248795807266930
5862 249022306995126
5863 249135614835870
5864 249362346514615
5865 249475770370205
5866 249702734157800
5867 249816274107400
5868 250043470162200
5869 250157126285001
5870 250384554765415
5871 250498327140635
5872 250725988205126
5873 250839876912010
5874 251067770719095
5875 251181775836915
5876 251409902545165
5877 251524024153220
5878 251752383921260
5879 251866622098876
5880 252095215085385
5881 252209569911915
5882 252438396275626
5883 252552867830450
5884 252781927730150
5885 252896516092675
5886 253125809687205
5887 253240514936865
5888 253470042385120
5889 253584864601376
5890 253814626062305
5891 253929565324645
5892 254159560957251
5893 254274617345190
5894 254504847308530
5895 254620020901610
5896 254850485354795
5897 254965776232585
5898 255196475334780
5899 255311883576876
5900 255542817487300
5901 255658343173325
5902 255889512051251
5903 256005155260855
5904 256236559265610
5905 256352320078470
5906 256583959369435
5907 256699837865255
5908 256931712601865
5909 257047708860376
5910 257279819202120
5911 257395933303080
5912 257628279409501
5913 257744511432695
5914 257977093463390
5915 258093443488630
5916 258326261603250
5917 258442729710375
5918 258675784068625
5919 258792370337501
5920 259025661099140
5921 259142365609660
5922 259375892934501
5923 259492715766585
5924 259726479814495
5925 259843421048090
5926 260077421978990
5927 260194481694070
5928 260428719667935
5929 260545897944501
5930 260780373121360
5931 260897670039440
5932 261132382579376
5933 261249798219025
5934 261484748282175
5935 261602282723475
5936 261837470470030
5937 261955123793090
5938 262190549383295
5939 262308321668251
5940 262543985262405
5941 262661876589420
5942 262897778347876
5943 263015788797140
5944 263251928880305
5945 263370058532035
5946 263606437100370
5947 263724686034810
5948 263961303248830
5949 264079671546251
5950 264316527566525
5951 264435015307225
5952 264672110294376
5953 264790717558680
5954 265028051673385
5955 265146778541645
5956 265384351944635
5957 265503198497230
5958 265741011349290
5959 265859977666626
5960 266098030128595
5961 266217116291105
5962 266455408523876
5963 266574614612020
5964 266813146776540
5965 266932472870805
5966 267171245128075
5967 267290691308975
5968 267529703820050
5969 267649270168126
5970 267888523094115
5971 268008209689935
5972 268247703192001
5973 268367510116160
5974 268607244355520
5975 268727171688640
5976 268967146826565
5977 269087194649295
5978 269327410847110
5979 269447579240126
5980 269688036659210
5981 269808325703215
5982 270049024505001
5983 270169434280725
5984 270410374626700
5985 270530905214900
5986 270772087266605
5987 270892738748065
5988 271134162667095
5989 271254935122626
5990 271496601070630
5991 271617494581070
5992 271859402719751
5993 271980417365965
5994 272222567857080
5995 272343703719960
5996 272586096725320
5997 272707353885785
5998 272949989567255
5999 273071368106251
6000 273314246625750
6001 273435746624250
6002 273678868143751
6003 273800489682755
6004 274043854364285
6005 274165597524820
6006 274409205530460
6007 274531070393580
6008 274774921885465
6009 274896908532251
6010 275141003672570
6011 275263112184130
6012 275507451135126
6013 275629681592595
6014 275874264516565
6015 275996617001105
6016 276241444060400
6017 276363918653200
6018 276608990010225
6019 276731586792501
6020 276976902609715
6021 277099621662710
6022 277345182102626
6023 277468023507610
6024 277713828732795
6025 277836792571065
6026 278082842744140
6027 278205929097020
6028 278452224380660
6029 278575433329501
6030 278821973886435
6031 278945305512615
6032 279192091505626
6033 279315545890550
6034 279562577482475
6035 279686154707575
6036 279933432061305
6037 280057132208040
6038 280304655486520
6039 280428478636376
6040 280676248002605
6041 280800194237095
6042 281048209854126
6043 281172279254790
6044 281420541285730
6045 281544733934135
6046 281793242542145
6047 281917558519885
6048 282166313868180
6049 282290753256876
6050 282539755508725
6051 282664318390025
6052 282913567708751
6053 283038254164330
6054 283287750713310
6055 283412560824870
6056 283662304767535
6057 283787238616805
6058 284037230116640
6059 284162287785376
6060 284412527005920
6061 284537708575905
6062 284788195680751
6063 284913501233795
6064 285164236386590
6065 285289666004530
6066 285540649368975
6067 285666203133675
6068 285917434873525
6069 286043112866876
6070 286294593145940
6071 286420395449860
6072 286672124432001
6073 286798051128435
6074 287050028977570
6075 287176080148490
6076 287428307028590
6077 287554482755995
6078 287806958831085
6079 287933259197001
6080 288185984631160
6081 288312409717640
6082 288565384675001
6083 288691934564125
6084 288945159208875
6085 289071833982750
6086 289325308479130
6087 289452108219890
6088 289705832732195
6089 289832757522001
6090 290086732214580
6091 290213782135620
6092 290468007172876
6093 290595182307365
6094 290849657853755
6095 290976958283935
6096 291231684503970
6097 291359110312110
6098 291614087370355
6099 291741638638751
6100 291996866699825
6101 292124543510800
6102 292380022739376
6103 292507825175280
6104 292763555736085
6105 292891483879295
6106 293147465937110
6107 293275519870030
6108 293531753589690
6109 293659933394751
6110 293916418941145
6111 294044724700805
6112 294301462238876
6113 294429894035620
6114 294686883730365
6115 294815441646705
6116 295072683663175
6117 295201367781650
6118 295458862284950
6119 295587672688126
6120 295845419843415
6121 295974356613885
6122 296232356586376
6123 296361419806760
6124 296619672761720
6125 296748862514665
6126 297007368617415
6127 297136684985595
6128 297395444401510
6129 297524887467626
6130 297783900362135
6131 297913470208915
6132 298172736747501
6133 298302433457700
6134 298561953805900
6135 298691777462300
6136 298951551785705
6137 299081502471115
6138 299341530935370
6139 299471608732626
6140 299731891503430
6141 299862096495395
6142 300122633738501
6143 300252966008065
6144 300513757889280
6145 300644217519360
6146 300905264204545
6147 301035851278085
6148 301297152933155
6149 301427867533126
6150 301689424324050
6151 301820266533450
6152 302082078626251
6153 302213048528105
6154 302475116088860
6155 302606213766220
6156 302868536961060
6157 302999762497005
6158 303262341492115
6159 303393694969751
6160 303656529931370
6161 303788011433830
6162 304051102528251
6163 304182712138695
6164 304446059532265
6165 304577797333880
6166 304841401193000
6167 304973267269000
6168 305237127760125
6169 305369122193751
6170 305633239483390
6171 305765362357910
6172 306029736612626
6173 306161988011335
6174 306426619397745
6175 306558999403965
6176 306823888088740
6177 306956396785820
6178 307221542935685
6179 307354180407001
6180 307619584188735
6181 307752350517690
6182 308018012098126
6183 308150907368150
6184 308416826914175
6185 308549851208725
6186 308816028887280
6187 308949182289840
6188 309215618267920
6189 309348900862001
6190 309615595306655
6191 309749007175795
6192 310015960254126
6193 310149501481890
6194 310416713361055
6195 310550384031035
6196 310817854878245
6197 310951655074060
6198 311219385056580
6199 311353314861876
6200 311621304147025
6201 311755363645475
6202 312023612400626
6203 312157801675930
6204 312426310068510
6205 312560629204395
6206 312829397401885
6207 312963846482105
6208 313232874652040
6209 313367453760376
6210 313636742070345
6211 313771451290605
6212 314040999908251
6213 314175839324270
6214 314445648417290
6215 314580618112930
6216 314850687849075
6217 314985787908225
6218 315256118455300
6219 315391348961876
6220 315661940487740
6221 315797301525685
6222 316068154198251
6223 316203645851535
6224 316474759838770
6225 316610382191390
6226 316881757661315
6227 317017510797295
6228 317289147917985
6229 317425031921376
6230 317696930860960
6231 317832945815840
6232 318105106742501
6233 318241252732975
6234 318513675814950
6235 318649952925150
6236 318922638330730
6237 319059046644815
6238 319331994542345
6239 319468534144501
6240 319741744702380
6241 319878415676820
6242 320151889063501
6243 320288691494465
6244 320562427878455
6245 320699361850210
6246 320973361400070
6247 321110426996910
6248 321384689881255
6249 321521887187501
6250 321796413575000
6251 321933742675000
6252 322208532734376
6253 322345993712505
6254 322621047612535
6255 322758640553195
6256 323033958462710
6257 323171683450330
6258 323447265538215
6259 323585122657251
6260 323860969092445
6261 323998958427380
6262 324275069378876
6263 324413191014220
6264 324689566651065
6265 324827820671355
6266 325104461162650
6267 325242847652450
6268 325519753167350
6269 325658272211251
6270 325935442918965
6271 326074094601585
6272 326351530671376
6273 326490315077360
6274 326768016678545
6275 326906933892565
6276 327184901194515
6277 327323951301270
6278 327602184473410
6279 327741367557626
6280 328019866769435
6281 328159182915865
6282 328437948336876
6283 328577397630300
6284 328856429430100
6285 328996011955325
6286 329275310303555
6287 329415026145415
6288 329694591211770
6289 329834440455126
6290 330114272409355
6291 330254255139095
6292 330534354151001
6293 330674470452040
6294 330954836691480
6295 331095086648760
6296 331375720285645
6297 331516103984135
6298 331797005188430
6299 331937522713126
6300 332218691654850
6301 332359343090775
6302 332640779940001
6303 332781565372205
6304 333063270299060
6305 333204189812620
6306 333486162987285
6307 333627216667305
6308 333909458260015
6309 334050646191626
6310 334333156372670
6311 334474478641030
6312 334757257580751
6313 334898714271045
6314 335181762139840
6315 335323353337280
6316 335606670305600
6317 335748396095425
6318 336031982333775
6319 336173842801251
6320 336457698480190
6321 336599693710610
6322 336883819000751
6323 337025949079435
6324 337310344151445
6325 337452609163740
6326 337737274188340
6327 337879674219620
6328 338164609367585
6329 338307144503251
6330 338592349945410
6331 338735020270890
6332 339020496178126
6333 339163301778875
6334 339449048322125
6335 339591989283625
6336 339878006633880
6337 340021083041640
6338 340307371369945
6339 340450583309501
6340 340737142786955
6341 340880490343870
6342 341167321141626
6343 341310804401490
6344 341597906690755
6345 341741525739185
6346 342028899691220
6347 342172654613860
6348 342460300399980
6349 342604191282501
6350 342892109074075
6351 343036136002175
6352 343324325970626
6353 343468489030030
6354 343756951346835
6355 343901250623295
6356 344189985459985
6357 344334421039280
6358 344623428567440
6359 344768000535376
6360 345057280926645
6361 345201989369055
6362 345491542795126
6363 345636387797870
6364 345926214430490
6365 346071196079455
6366 346361296090425
6367 346506414471525
6368 346796788032700
6369 346942043231876
6370 347232690515165
6371 347378082618385
6372 347669003795751
6373 347814532889010
6374 348105728132470
6375 348251394301790
6376 348542863783415
6377 348688667114845
6378 348980411006760
6379 349126351586376
6380 349418370060760
6381 349564447974665
6382 349856741203751
6383 350002956538075
6384 350295524694150
6385 350441877535050
6386 350734720790455
6387 350881211224115
6388 351174329751245
6389 351320957863876
6390 351614351835180
6391 351761117713020
6392 352054787301001
6393 352201691030315
6394 352495636407530
6395 352642678074610
6396 352936899413670
6397 353084079104835
6398 353378576578405
6399 353525894380001
6400 353820668160800
6401 353968124159200
6402 354263174420001
6403 354410768701605
6404 354706095615235
6405 354853828266470
6406 355149432005810
6407 355297303113130
6408 355593183851115
6409 355741193501001
6410 356037351410620
6411 356185499689580
6412 356481934943876
6413 356630221938445
6414 356926934710515
6415 357075360507255
6416 357372350970250
6417 357520915655750
6418 357818183982875
6419 357966887643751
6420 358264434008265
6421 358413276731160
6422 358711101306376
6423 358860083177960
6424 359158186137245
6425 359307307244215
6426 359605688760990
6427 359754949190070
6428 360053609437810
6429 360203009275751
6430 360501948427985
6431 360651487761565
6432 360950705991876
6433 361100384907900
6434 361399882389925
6435 361549700975225
6436 361849477882655
6437 361999436224090
6438 362299492730670
6439 362449590915126
6440 362749927194655
6441 362900165309045
6442 363200781535376
6443 363351159666640
6444 363652056013680
6445 363802574248785
6446 364103750890495
6447 364254409316435
6448 364555866426830
6449 364706665130626
6450 365008402883775
6451 365159341952475
6452 365461360522501
6453 365612440043180
6454 365914739604260
6455 366065959664020
6456 366368540390385
6457 366519901076355
6458 366822763142290
6459 366974264541626
6460 367277408121470
6461 367429050321355
6462 367732475589501
6463 367884258677145
6464 368187965808040
6465 368339889870680
6466 368643879038825
6467 368795944163725
6468 369100215543675
6469 369252421818126
6470 369556975584490
6471 369709323095810
6472 370014159423251
6473 370166648258785
6474 370471767322020
6475 370624397569140
6476 370929799542940
6477 371082571289045
6478 371388256348235
6479 371541169680751
6480 371847138000210
6481 372000193006590
6482 372306444761251
6483 372459641528975
6484 372766176893825
6485 372919515510400
6486 373226334660480
6487 373379815213440
6488 373686918323845
6489 373840540900751
6490 374147928146630
6491 374301692835070
6492 374609364391626
6493 374763271279215
6494 375071227321705
6495 375225276496085
6496 375533517199820
6497 375687708748660
6498 375996234289005
6499 376150568300001
6500 376459378852375
6501 376613855413250
6502 376922951153126
6503 377077570351630
6504 377386951454535
6505 377541713378445
6506 377851380019960
6507 378006284757080
6508 378316237112840
6509 378471284751001
6510 378781522996695
6511 378936713623755
6512 379247237935126
6513 379402571638970
6514 379713382191815
6515 379868859060355
6516 380179956030525
6517 380335576151700
6518 380646959715100
6519 380802723176876
6520 381114393509465
6521 381270300399835
6522 381582257677626
6523 381738308084610
6524 382050552483670
6525 382206746495315
6526 382519278191765
6527 382675615896145
6528 382988435066160
6529 383144916551376
6530 383458023371185
6531 383614648725365
6532 383928043371251
6533 384084812682550
6534 384398495330850
6535 384555408687450
6536 384869379514555
6537 385026437004665
6538 385340696187020
6539 385497897898876
6540 385812445612980
6541 385969791634845
6542 386284628057251
6543 386442118477415
6544 386757243784730
6545 386914878691510
6546 387230293060395
6547 387388072542135
6548 387703776149305
6549 387861700294376
6550 388177693316600
6551 388335762213400
6552 388652044827501
6553 388810258564455
6554 389126830947310
6555 389285189612870
6556 389602051941410
6557 389760555624055
6558 390077708075265
6559 390236356863501
6560 390553799614420
6561 390712593596780
6562 391030326824501
6563 391189266089545
6564 391507289971215
6565 391666374607530
6566 391984689320350
6567 392143919416550
6568 392462525137775
6569 392621900782501
6570 392940797689440
6571 393100318971360
6572 393419507241376
6573 393579174249185
6574 393898654059695
6575 394058466882115
6576 394378238410590
6577 394538197136370
6578 394858260560335
6579 395018365278251
6580 395338720775285
6581 395498971574140
6582 395819619321876
6583 395980016290500
6584 396300956466625
6585 396461499693875
6586 396782732476130
6587 396943422050890
6588 397264947617070
6589 397425783628251
6590 397747602156205
6591 397908584692745
6592 398230696360376
6593 398391825511240
6594 398714230496505
6595 398875506350685
6596 399198204831595
6597 399359627478110
6598 399682619632730
6599 399844189160626
6600 400167475167075
6601 400329191665425
6602 400652771701876
6603 400814635259780
6604 401138509504460
6605 401300520211045
6606 401624688842235
6607 401786846786655
6608 402111309982690
6609 402273615254126
6610 402598373193395
6611 402760825881055
6612 403085878742001
6613 403248478935120
6614 403573826896240
6615 403736574684080
6616 404062217923925
6617 404225113395775
6618 404551052092950
6619 404714095338126
6620 405040329671290
6621 405203520779135
6622 405530050927001
6623 405693389986885
6624 406020216128220
6625 406183703229540
6626 406510825543165
6627 406674460775345
6628 407001879440135
6629 407165662892626
6630 407493378087510
6631 407657309849790
6632 407985321753751
6633 408149401915325
6634 408477710707400
6635 408641939357800
6636 408970545217080
6637 409134922445865
6638 409463825551495
6639 409628351448251
6640 409957551979430
6641 410122226633770
6642 410451724769751
6643 410616548271315
6644 410946344191405
6645 411111316629860
6646 411441410513420
6647 411606531978460
6648 411936924004905
6649 412102194586251
6650 412432884935050
6651 412598304722450
6652 412929293573126
6653 413094862656355
6654 413426150188485
6655 413591868657345
6656 413923455050560
6657 414089322994880
6658 414421208428865
6659 414587225938501
6660 414919410592995
6661 415085577757830
6662 415418061812626
6663 415584378722570
6664 415917162357515
6665 416083629102505
6666 416416712497500
6667 416583329167500
6668 416916712502500
6669 417083479187501
6670 417417162642515
6671 417584079432535
6672 417918063187626
6673 418085130172710
6674 418419414407995
6675 418586631678215
6676 418921216573865
6677 419088584219320
6678 419423469955560
6679 419590988066376
6680 419926174823485
6681 420093843489815
6682 420429331448126
6683 420597150760150
6684 420932940100050
6685 421100910147975
6686 421437001049905
6687 421605121923965
6688 421941514568420
6689 422109786358876
6690 422446480926405
6691 422614903723545
6692 422951900394751
6693 423120474288890
6694 423457773244430
6695 423626498325910
6696 423964099746495
6697 424132976105685
6698 424470880172080
6699 424639907899376
6700 424978114792400
6701 425147293978225
6702 425485803878751
6703 425655134613555
6704 425993947702510
6705 426163430076770
6706 426502546535135
6707 426672180639355
6708 427011600648165
6709 427181386572876
6710 427521110313220
6711 427691048148980
6712 428031075802001
6713 428201165639395
6714 428541497386290
6715 428711739315930
6716 429052375337950
6717 429222769450475
6718 429563709928925
6719 429734256315001
6720 430075501431240
6721 430246200181560
6722 430587750117001
6723 430758601322285
6724 431100456258395
6725 431271460009390
6726 431613620127690
6727 431784776515170
6728 432127241997235
6729 432298551112001
6730 432641322139460
6731 432812784072340
6732 433155860826876
6733 433327475668725
6734 433670858332075
6735 433842626173775
6736 434186314927730
6737 434358235860190
6738 434702230886595
6739 434874305000751
6740 435218606481505
6741 435390833868320
6742 435735441985376
6743 435907822735840
6744 436252737671205
6745 436425271876335
6746 436770493812070
6747 436943181562910
6748 437288710681130
6749 437461552068751
6750 437807388551625
6751 437980383667125
6752 438326527696876
6753 438499676631380
6754 438846128390285
6755 439019431234945
6756 439366190905335
6757 439539647751330
6758 439886715515590
6759 440060326454126
6760 440407702494695
6761 440581467617005
6762 440929152116376
6763 441103071513720
6764 441451064654440
6765 441625138418105
6766 441973440382775
6767 442147668604075
6768 442496279575350
6769 442670662345626
6770 443019582506215
6771 443194119916835
6772 443543349449501
6773 443718041591860
6774 444067580679420
6775 444242427644940
6776 444592276470265
6777 444767278350395
6778 445117437096410
6779 445292593982626
6780 445643062832310
6781 445818374816115
6782 446169153952501
6783 446344621125425
6784 446695710731600
6785 446871333185200
6786 447222733444305
6787 447398511270165
6788 447750222365395
6789 447926155655126
6790 448278177769730
6791 448454266614970
6792 448806599932251
6793 448982844424665
6794 449335489127980
6795 449511889359260
6796 449864845632020
6797 450041401693885
6798 450394669719555
6799 450571381703751
6800 450924961665850
6801 451101829664150
6802 451455721746251
6803 451632745850455
6804 451986950236185
6805 452164130538120
6806 452518647411160
6807 452695984002680
6808 453050813546765
6809 453228306519751
6810 453583448918670
6811 453761098365030
6812 454116553802626
6813 454294359814295
6814 454650128474465
6815 454828091143405
6816 455184173210100
6817 455362292628300
6818 455718688285525
6819 455896964545001
6820 456253673976815
6821 456432107169610
6822 456789130560126
6823 456967720778310
6824 457325058311695
6825 457503805647365
6826 457861457507840
6827 458040362053120
6828 458398328424960
6829 458577390272001
6830 458935671339535
6831 459114890580515
6832 459473486528126
6833 459652863255250
6834 460011774267375
6835 460191308572875
6836 460550534834005
6837 460730226810140
6838 461089768504820
6839 461269618243876
6840 461629475556705
6841 461809483150995
6842 462169656266626
6843 462349821808490
6844 462710310911630
6845 462890634493435
6846 463251439768845
6847 463431921482985
6848 463793043115480
6849 463973683054376
6850 464335121228825
6851 464515919484925
6852 464877674386251
6853 465058631052030
6854 465420702865210
6855 465601818033170
6856 465964206943235
6857 466145480705905
6858 466508186897940
6859 466689619347876
6860 467052643007020
6861 467234234236805
6862 467597575548251
6863 467779325650495
6864 468142984799490
6865 468324893866830
6866 468688871038675
6867 468870939163775
6868 469235234543825
6869 469417461819376
6870 469782075593040
6871 469964462111760
6872 470329394464501
6873 470511940319135
6874 470877191436470
6875 471059896719790
6876 471425466787290
6877 471608331592095
6878 471974220795385
6879 472157245214501
6880 472523453739260
6881 472706637865540
6882 473073165897501
6883 473256509823825
6884 473623357548775
6885 473806861368050
6886 474174028971830
6887 474357692776990
6888 474725180445495
6889 474909004329501
6890 475276812248680
6891 475460796304520
6892 475828924660376
6893 476013068981065
6894 476381517959655
6895 476565822638235
6896 476934592425670
6897 477119057555210
6898 477488148337655
6899 477672774011251
6900 478042185974925
6901 478226972285700
6902 478596705616876
6903 478781652657980
6904 479151707542985
6905 479336815407595
6906 479707192032810
6907 479892460814130
6908 480263159365990
6909 480448589157251
6910 480819609822245
6911 481005200716705
6912 481376543681376
6913 481562295772320
6914 481933961223265
6915 482119874604005
6916 482491862727875
6917 482677937491750
6918 483050248475250
6919 483236484715626
6920 483609118745515
6921 483795516555785
6922 484168473818876
6923 484355033292460
6924 484728313975620
6925 484915035205965
6926 485288639496115
6927 485475522576695
6928 485849450660810
6929 486036495685126
6930 486410747750235
6931 486597954811815
6932 486972531045001
6933 487159900237400
6934 487534800825800
6935 487722332242600
6936 488097557373405
6937 488285251108215
6938 488660800968670
6939 488848657115126
6940 489224531892530
6941 489412550544295
6942 489788750426001
6943 489976931676765
6944 490353456850180
6945 490541800793660
6946 490918651446245
6947 491107158176185
6948 491484334495455
6949 491673004105626
6950 492050506279150
6951 492239338863350
6952 492617167078751
6953 492806162730805
6954 493184317175760
6955 493373475989520
6956 493751956851760
6957 493941278921105
6958 494320086388415
6959 494509571807251
6960 494888706067470
6961 495078354929730
6962 495457816170751
6963 495647628570395
6964 496027416980165
6965 496217393011180
6966 496597508777700
6967 496787648534100
6968 497168091845425
6969 497358395421251
6970 497739166465490
6971 497929633954810
6972 498310732920126
6973 498501364417035
6974 498882791491645
6975 499073587090265
6976 499455342462440
6977 499646302256920
6978 500028386114985
6979 500219510199501
6980 500601922731835
6981 500793211200590
6982 501175952595626
6983 501367405542850
6984 501750475989075
6985 501942093509025
6986 502325493194980
6987 502517275381940
6988 502901004496220
6989 503092951444501
6990 503477010175755
6991 503669121979695
6992 504053510516626
6993 504245787270590
6994 504630505801955
6995 504822947600335
6996 505207996314945
6997 505400603252160
6998 505785982338880
6999 505978754509376
7000 506364464157125
7001 506557401655375
7002 506943442053126
7003 507136544973630
7004 507522916310410
7005 507716184747695
7006 508102887212585
7007 508296321261205
7008 508683355043340
7009 508876954797876
7010 509264320086445
7011 509458085641505
7012 509845782625751
7013 510039714075970
7014 510427742945190
7015 510621840385230
7016 511010201328775
7017 511204464853325
7018 511593158060600
7019 511787587764376
7020 512176613424840
7021 512371209402585
7022 512760567705751
7023 512955330052235
7024 513345021187670
7025 513539949997690
7026 513929974155015
7027 514125069523395
7028 514515426892285
7029 514710688913876
7030 515101379684060
7031 515296808453740
7032 515687832815001
7033 515883428427675
7034 516274786569850
7035 516470549120450
7036 516862241233430
7037 517058170816915
7038 517450197090645
7039 517646293802001
7040 518038654426480
7041 518234918360720
7042 518627613526001
7043 518824044778165
7044 519217074674355
7045 519413673339510
7046 519807038156770
7047 520003804330010
7048 520397504258555
7049 520594438035001
7050 520988473265100
7051 521185574739900
7052 521579945461876
7053 521777214730205
7054 522171921134435
7055 522369358291495
7056 522764400568410
7057 522962005709430
7058 523357384049515
7059 523555157269751
7060 523950871863545
7061 524148813258280
7062 524544864296376
7063 524742973960920
7064 525139361633965
7065 525337639663655
7066 525734364162350
7067 525932810652550
7068 526329872167650
7069 526528487213751
7070 526925885936065
7071 527124669633485
7072 527522405753876
7073 527721358198060
7074 528119431907445
7075 528318553193865
7076 528716964683215
7077 528916254907370
7078 529315004367710
7079 529514463625126
7080 529913551247535
7081 530113179633765
7082 530512605609376
7083 530712403220000
7084 531112167740000
7085 531312134670625
7086 531712237926255
7087 531912374272515
7088 532312816455070
7089 532513122312626
7090 532913903613455
7091 533114379077995
7092 533515499688501
7093 533716144855740
7094 534117604967380
7095 534318419933060
7096 534720219737345
7097 534921204597235
7098 535323344285730
7099 535524499135626
7100 535926978899950
7101 536128303835675
7102 536531123867501
7103 536732618984905
7104 537135779475960
7105 537337444870920
7106 537740946012985
7107 537942781781405
7108 538346623766315
7109 538548630004126
7110 538952813023770
7111 539154989826930
7112 539559514073251
7113 539761861537745
7114 540166727202740
7115 540369245424580
7116 540774452700300
7117 540977141775525
7118 541382690854075
7119 541585550878751
7120 541991441952290
7121 542194473022510
7122 542600706283251
7123 542803908495135
7124 543210484135345
7125 543413857585040
7126 543820775797040
7127 544024320580720
7128 544431581556885
7129 544635297770751
7130 545042901703510
7131 545246789443790
7132 545654736525626
7133 545858795888575
7134 546267086312025
7135 546471317393925
7136 546879951351580
7137 547084354248740
7138 547493331933245
7139 547697906742001
7140 548107228346055
7141 548311975162770
7142 548721640879126
7143 548926559800190
7144 549336569821655
7145 549541660943485
7146 549952015462920
7147 550157278881960
7148 550567978092280
7149 550773413905001
7150 551184457999175
7151 551390066302075
7152 551801455473126
7153 552007236362730
7154 552418970803735
7155 552624924376595
7156 553037004280685
7157 553243130633380
7158 553655556193740
7159 553861855422876
7160 554274626832745
7161 554481099034955
7162 554894216487626
7163 555100861759570
7164 555514325448390
7165 555721143886755
7166 556134954005125
7167 556341945706625
7168 556756102448000
7169 556963267509376
7170 557377771067265
7171 557585109585285
7172 557999960153251
7173 558207472224710
7174 558622669996370
7175 558830355718090
7176 559245900887115
7177 559453760355945
7178 559869653116060
7179 560077686428876
7180 560493926973860
7181 560702134227565
7182 561118722751251
7183 561327104042775
7184 561744040739050
7185 561952596165350
7186 562369881228155
7187 562578610886215
7188 562996244509545
7189 563205148496376
7190 563623130874280
7191 563832209286920
7192 564250540613501
7193 564459793549015
7194 564878474018430
7195 565087901573910
7196 565506931380370
7197 565716533652935
7198 566135912990705
7199 566345690077501
7200 566765419140900
7201 566975371139100
7202 567395450122501
7203 567605577129305
7204 568026006227135
7205 568236308339770
7206 568657087746510
7207 568867565062230
7208 569288694972415
7209 569499347588501
7210 569920828196720
7211 570131656210480
7212 570553487711376
7213 570764491220145
7214 571186673808415
7215 571397852909555
7216 571820386779950
7217 572031741570850
7218 572454626918175
7219 572666157496251
7220 573089394515365
7221 573301100978060
7222 573724689863876
7223 573936572308660
7224 574360513256145
7225 574572571780515
7226 574996864984690
7227 575209099686170
7228 575633745342110
7229 575846156318251
7230 576271154621085
7231 576483741969465
7232 576909093114376
7233 577121856932600
7234 577547561114825
7235 577760501500525
7236 578186558915355
7237 578399675966190
7238 578826086808970
7239 579039380622626
7240 579466145088755
7241 579679615762945
7242 580106734047876
7243 580320381680340
7244 580747853979580
7245 580961678668085
7246 581389505177195
7247 581603507019535
7248 582031687934130
7249 582245867028126
7250 582674402543875
7251 582888758987375
7252 583317649300001
7253 583532183190880
7254 583961428496160
7255 584176139932320
7256 584605740426085
7257 584820629505455
7258 585250585383590
7259 585465652204126
7260 585895963662570
7261 586111208322255
7262 586541875557001
7263 586757298153845
7264 587188321360940
7265 587403921992980
7266 587835301368525
7267 588051080133825
7268 588482815873975
7269 588698772870626
7270 589130865171590
7271 589347000497710
7272 589779449555751
7273 589995763309485
7274 590428569320920
7275 590645061600440
7276 591078224761640
7277 591294895665145
7278 591728416172535
7279 591945265798251
7280 592379143848310
7281 592596172294490
7282 593030408083751
7283 593247615448675
7284 593682209173725
7285 593899595555700
7286 594334547413180
7287 594552112910540
7288 594987423097145
7289 595205167808251
7290 595640836520730
7291 595858760543970
7292 596294787979126
7293 596512891412915
7294 596949277767605
7295 597167560710385
7296 597604306181520
7297 597822768731760
7298 598259873516305
7299 598478515772501
7300 598915980067475
7301 599134802128150
7302 599572626130626
7303 599791628094330
7304 600229812001435
7305 600448993966745
7306 600887537975660
7307 601106900041180
7308 601545804349140
7309 601765346613501
7310 602204611417795
7311 602424333979655
7312 602863959477626
7313 603083862435670
7314 603523848824715
7315 603743932277655
7316 604184279755225
7317 604404543801800
7318 604845252565400
7319 605065697304376
7320 605506767551565
7321 605727393081735
7322 606168825010126
7323 606389631430310
7324 606831425237570
7325 607052412646615
7326 607494568530465
7327 607715737027245
7328 608158255185460
7329 608379604868876
7330 608822485499285
7331 609044016468265
7332 609487259768751
7333 609708972122250
7334 610152578290750
7335 610374472127750
7336 610818441362255
7337 611040516781765
7338 611484849280320
7339 611707106381376
7340 612151802342080
7341 612374241223745
7342 612819300844751
7343 613041921606115
7344 613487345085630
7345 613710147825810
7346 614155935362095
7347 614378920180235
7348 614825071971605
7349 615048238966876
7350 615494755211700
7351 615718104483300
7352 616164985380001
7353 616388517027155
7354 616835762774210
7355 617059476896170
7356 617507087692110
7357 617730984388155
7358 618178960431565
7359 618403039801001
7360 618851381290520
7361 619075643432680
7362 619524350567001
7363 619748795581245
7364 620197868559115
7365 620422496544830
7366 620871935565050
7367 621096746621650
7368 621546551883075
7369 621771546110001
7370 622221717811540
7371 622446895308260
7372 622897433648876
7373 623122794514885
7374 623573699693595
7375 623799244028415
7376 624250516244290
7377 624476244147470
7378 624927883599635
7379 625153795170751
7380 625605802058385
7381 625831897397040
7382 626284271919376
7383 626510551125200
7384 626963293481525
7385 627189756654175
7386 627642867043830
7387 627869514282990
7388 628322992905370
7389 628549824310751
7390 629003671365305
7391 629230687036645
7392 629684902722876
7393 629912102759940
7394 630366687277405
7395 630594071779985
7396 631049025328295
7397 631276594396210
7398 631731917175030
7399 631959670908126
7400 632415363117175
7401 632643301615325
7402 633099363454376
7403 633327486817480
7404 633783918486360
7405 634012226814345
7406 634469028512935
7407 634697521905755
7408 635154693833990
7409 635383372391626
7410 635840914749495
7411 636069778571955
7412 636527691559501
7413 636756740746820
7414 637215024564140
7415 637444259216380
7416 637902914063625
7417 638132334280875
7418 638591360358250
7419 638820966240626
7420 639280363748390
7421 639510155396035
7422 639969924534501
7423 640199902047585
7424 640660043017120
7425 640890206495840
7426 641350719496865
7427 641581069041445
7428 642041954274435
7429 642272489985126
7430 642733747650610
7431 642964469627690
7432 643426099926251
7433 643657008270025
7434 644119011402300
7435 644350106213100
7436 644812482379780
7437 645043763757965
7438 645506513159795
7439 645737981205751
7440 646201104043530
7441 646432758857670
7442 646896255332251
7443 647128097015015
7444 647591967327305
7445 647823995979160
7446 648288240330120
7447 648520456051560
7448 648985074642205
7449 649217477533751
7450 649682470565150
7451 649915060727350
7452 650380428400626
7453 650613205934055
7454 651078948450385
7455 651311913455645
7456 651778031016260
7457 652011183593980
7458 652477676400165
7459 652711016651001
7460 653177884904095
7461 653411412928730
7462 653878656830126
7463 654112372729270
7464 654579992480415
7465 654813896354805
7466 655281892157200
7467 655515984107600
7468 655984356162800
7469 656218636290001
7470 656687384799615
7471 656921853204435
7472 657390978370126
7473 657625635153410
7474 658095137176895
7475 658329982439515
7476 658799861522565
7477 659034895365420
7478 659505151709860
7479 659740374233876
7480 660211008041585
7481 660446419347715
7482 660917430820626
7483 661153031009850
7484 661624420349950
7485 661860209523275
7486 662331976932605
7487 662567955191065
7488 663040100871720
7489 663276268316376
7490 663748792470505
7491 663985149202445
7492 664458052032251
7493 664694598152590
7494 665167879860330
7495 665404615470210
7496 665878276258195
7497 666115201458785
7498 666589241529380
7499 666826356421876
7500 667300775977500
7501 667538080663125
7502 668012879906251
7503 668250374486255
7504 668725553619410
7505 668963238195070
7506 669438797420835
7507 669676672093455
7508 670152611614465
7509 670390676485376
7510 670866996504320
7511 671105251674880
7512 671581952394501
7513 671820397966095
7514 672297479589190
7515 672536115663230
7516 673013578392650
7517 673252405070575
7518 673730249109225
7519 673969266492501
7520 674447492043340
7521 674686700233460
7522 675165307499501
7523 675404706597985
7524 675883695782295
7525 676123285890690
7526 676602657196390
7527 676842438416270
7528 677322192046535
7529 677562164479501
7530 678042300637560
7531 678282464385240
7532 678762983274376
7533 679003338438425
7534 679484240261975
7535 679724786944075
7536 680206071905430
7537 680446810207290
7538 680928478509895
7539 681169408533251
7540 681651460380605
7541 681892582227220
7542 682375017822876
7543 682616331594540
7544 683099151142105
7545 683340656940635
7546 683823860643770
7547 684065558571010
7548 684549146633430
7549 684791036791251
7550 685275009416725
7551 685517091907025
7552 686001449299376
7553 686243724224080
7554 686728466587185
7555 686970934048245
7556 687456061586035
7557 687698721685430
7558 688184234601890
7559 688427087441626
7560 688912985940795
7561 689156031622905
7562 689642315908876
7563 689885554535420
7564 690372224812340
7565 690615656485405
7566 691102712957475
7567 691346337779175
7568 691833780650650
7569 692077598723126
7570 692565428198315
7571 692809439623735
7572 693297655907001
7573 693541860787560
7574 694030464083320
7575 694274862521240
7576 694763853033965
7577 695008445131495
7578 695497823065710
7579 695742608925126
7580 696232374485410
7581 696477354209015
7582 696967507600001
7583 697212681290125
7584 697703222716500
7585 697948590475500
7586 698439520142005
7587 698685082072265
7588 699176400183695
7589 699422156387626
7590 699913863148830
7591 700159813728870
7592 700651909344751
7593 700898054403365
7594 701390539078880
7595 701636878718560
7596 702129752658720
7597 702376286981985
7598 702869550391855
7599 703116279501251
7600 703609932585950
7601 703856856584050
7602 704350899548751
7603 704598018538155
7604 705092451588085
7605 705339765671420
7606 705834589011860
7607 706082098291780
7608 706577312128065
7609 706825016707251
7610 707320621244770
7611 707568521225930
7612 708064516670126
7613 708312612155995
7614 708808998712365
7615 709057289805705
7616 709554067679800
7617 709802554483400
7618 710299723880825
7619 710548406497501
7620 711045967623915
7621 711294846156510
7622 711792799217626
7623 712041873769010
7624 712540218970595
7625 712789489643665
7626 713288227191540
7627 713537694089220
7628 714036824189260
7629 714286487414501
7630 714786010272635
7631 715035869928415
7632 715535785750626
7633 715785841939950
7634 716286150932275
7635 716536403758175
7636 717037106126705
7637 717287555692240
7638 717788651643120
7639 718039298051376
7640 718540787790805
7641 718791631144895
7642 719293514879126
7643 719544555282190
7644 720046833217530
7645 720298070772735
7646 720800743115545
7647 721052177926085
7648 721555244882780
7649 721806877051876
7650 722310338828925
7651 722562168459825
7652 723066025263751
7653 723318052459730
7654 723822304497110
7655 724074529361470
7656 724579176838935
7657 724831599475005
7658 725336642599240
7659 725589263110376
7660 726094702088120
7661 726347520577705
7662 726853355615751
7663 727106372187195
7664 727612603492390
7665 727865818249130
7666 728372446028375
7667 728625859073875
7668 729132883534125
7669 729386494971876
7670 729893916320140
7671 730147726253660
7672 730655544697001
7673 730909553229835
7674 731417768975370
7675 731671976211090
7676 732180589465990
7677 732434995508195
7678 732944006479685
7679 733198611432001
7680 733708020327360
7681 733962824293440
7682 734472631320001
7683 734727634403525
7684 735237839768675
7685 735493042073350
7686 736003645984530
7687 736259047614090
7688 736770050278795
7689 737025651337001
7690 737537052962780
7691 737792853553420
7692 738304654347876
7693 738560654574765
7694 739072854745555
7695 739329054712535
7696 739841654467370
7697 740098054278310
7698 740611053824955
7699 740867653583751
7700 741381053130025
7701 741637852940600
7702 742151652694376
7703 742408652660680
7704 742922852829885
7705 743180053055895
7706 743694653848510
7707 743952054438230
7708 744467056062290
7709 744724657119751
7710 745240059783345
7711 745497861412605
7712 746013665323876
7713 746271667629020
7714 746787872996165
7715 747046076081305
7716 747562683112575
7717 747821087081850
7718 748338095985550
7719 748596700943126
7720 749114111927615
7721 749372917977685
7722 749890731251376
7723 750149738498160
7724 750667954269520
7725 750927162817265
7726 751445781294815
7727 751705191247795
7728 752224212640110
7729 752483824102626
7730 753003248618335
7731 753263061694715
7732 753782889542501
7733 754042904337100
7734 754563135725700
7735 754823352342900
7736 755343987481105
7737 755604406025315
7738 756125445121970
7739 756386065697626
7740 756907508961630
7741 757168331673195
7742 757690179313501
7743 757951204265465
7744 758473456491080
7745 758734683787960
7746 759257340807945
7747 759518770554285
7748 760041832577755
7749 760303464878126
7750 760826932114250
7751 761088767073250
7752 761612639731251
7753 761874677453505
7754 762398955742660
7755 762661196332820
7756 763185880462460
7757 763448324025205
7758 763973414204715
7759 764236060844751
7760 764761557283570
7761 765024407105630
7762 765550310013251
7763 765813363122095
7764 766339672708065
7765 766602929208480
7766 767129645682400
7767 767393105679200
7768 767920229250725
7769 768183892848751
7770 768711423727590
7771 768975291031710
7772 769503229427626
7773 769767300542735
7774 770295646665545
7775 770559921696565
7776 771088675756140
7777 771353154808020
7778 771882317014285
7779 772147000192001
7780 772676570754935
7781 772941458163490
7782 773471437293126
7783 773736529037550
7784 774266916943975
7785 774532213129325
7786 775063010022680
7787 775328510754040
7788 775859716844520
7789 776125422227001
7790 776657037724855
7791 776922947863595
7792 777454972979126
7793 777721087979290
7794 778253522922855
7795 778519842889635
7796 779052687871645
7797 779319212910260
7798 779852468141180
7799 780119198356876
7800 780652864047225
7801 780919799545275
7802 781453875905626
7803 781721016791330
7804 782255504032310
7805 782522850410995
7806 783057748743285
7807 783325300720305
7808 783860610354640
7809 784128368035376
7810 784664089182545
7811 784932052672405
7812 785468185543251
7813 785736354947670
7814 786272899753090
7815 786541275177530
7816 787078232128475
7817 787346813678425
7818 787884182985900
7819 788152970766876
7820 788690752641940
7821 788959746759485
7822 789497941413251
7823 789767141972935
7824 790305749616570
7825 790575156723990
7826 791114177568715
7827 791383791329495
7828 791923225586585
7829 792193046106376
7830 792732893987160
7831 793002921371640
7832 793543183087501
7833 793813417442375
7834 794354093204750
7835 794624534635750
7836 795165624656130
7837 795436273269015
7838 795977777758945
7839 796248633659501
7840 796790552830580
7841 797061616124620
7842 797603950188501
7843 797875220981865
7844 798417970150255
7845 798689448548810
7846 799232613033470
7847 799504299143110
7848 800047879155855
7849 800319773082501
7850 800863768835200
7851 801135870684800
7852 801680282389376
7853 801952592267905
7854 802497420136335
7855 802769938149795
7856 803315182394110
7857 803587908648530
7858 804133569480815
7859 804406504082251
7860 804952581714645
7861 805225724769180
7862 805772219413876
7863 806045571027620
7864 806592482896865
7865 806866043175955
7866 807413372482050
7867 807687141532650
7868 808234888487950
7869 808508866416251
7870 809057031233165
7871 809331218145385
7872 809879801036376
7873 810154197038760
7874 810703198216345
7875 810977803415165
7876 811527223091915
7877 811802037593470
7878 812351875982010
7879 812626899892626
7880 813177157205635
7881 813452390631665
7882 814003067081876
7883 814278510129700
7884 814829605929900
7885 815105258705925
7886 815656774068955
7887 815932636679615
7888 816484571818370
7889 816760644370126
7890 817312999497555
7891 817589282096895
7892 818142057426001
7893 818418550179440
7894 818971745923280
7895 819248448937360
7896 819802065309045
7897 820078978690335
7898 820633015903030
7899 820910139758126
7900 821464598025050
7901 821741932460575
7902 822296811995001
7903 822574357117605
7904 823129658132860
7905 823407414049220
7906 823963136758685
7907 824241103575505
7908 824797248192615
7909 825075426016626
7910 825631992754870
7911 825910381692830
7912 826467370765751
7913 826745970924445
7914 827303382545640
7915 827582194031880
7916 828140028415000
7917 828419051335625
7918 828977308694375
7919 829256543156251
7920 829815223704390
7921 830094669814410
7922 830653773765751
7923 830933431630835
7924 831492959199245
7925 831772828926340
7926 832332780325740
7927 832612862021820
7928 833173237466185
7929 833453531238251
7930 834014330941610
7931 834294836896690
7932 834856061073126
7933 835136779318275
7934 835698428181925
7935 835979358824225
7936 836541432589280
7937 836822575735840
7938 837385074616545
7939 837666430374501
7940 838229354585155
7941 838510923061670
7942 839074272816626
7943 839356054118890
7944 839919829632555
7945 840201823867785
7946 840766025354620
7947 841048232630060
7948 841612860304580
7949 841895280727501
7950 842460334804275
7951 842742968481975
7952 843308449175626
7953 843591296215430
7954 844157203740635
7955 844440264249895
7956 845006598821385
7957 845289872907480
7958 845856634740040
7959 846140122510376
7960 846707311818845
7961 846991013380855
7962 847558630380126
7963 847842545841270
7964 848410590746290
7965 848694720214055
7966 849263193239825
7967 849547536821725
7968 850116438183300
7969 850400995986876
7970 850970325899365
7971 851255098032185
7972 851824856710751
7973 852109843280410
7974 852680030940270
7975 852965232054390
7976 853535848910815
7977 853821264677045
7978 854392310945360
7979 854677941471376
7980 855249417366960
7981 855535262760465
7982 856107168498751
7983 856393228867475
7984 856965564663950
7985 857251840115650
7986 857824606185855
7987 858111096828315
7988 858684293387845
7989 858970999328876
7990 859544626593380
7991 859831547940820
7992 860405606126001
7993 860692742987715
7994 861267232309330
7995 861554584793210
7996 862129505467070
7997 862417073681035
7998 862992425923005
7999 863280209975001
8000 863855994001000
8001 864143993999000
8002 864720210025001
8003 865008426077005
8004 865585074319035
8005 865873506533070
8006 866450587207210
8007 866739235691330
8008 867316749013715
8009 867605613876001
8010 868183560062820
8011 868472641411380
8012 869051020678876
8013 869340318621845
8014 869919131186315
8015 870208645831855
8016 870787891909650
8017 871077623365950
8018 871657303173475
8019 871947251548751
8020 872527365302465
8021 872817530704960
8022 873398078621376
8023 873688461159360
8024 874269443455045
8025 874560043236815
8026 875141460128390
8027 875432277262270
8028 876014128966410
8029 876305163560751
8030 876887450294185
8031 877178702457365
8032 877761424436876
8033 878052894277300
8034 878636051719725
8035 878927739345825
8036 879511332468055
8037 879803237988290
8038 880387267007270
8039 880679390530126
8040 881263855662855
8041 881556197296845
8042 882141098760376
8043 882433658614040
8044 883018996625480
8045 883311774807385
8046 883897549583895
8047 884190546202635
8048 884776757961430
8049 885069973125626
8050 885656622083975
8051 885950055902275
8052 886537142277501
8053 886830794858580
8054 887418318868060
8055 887712190320620
8056 888300152181785
8057 888594242614555
8058 889182642544890
8059 889476952066626
8060 890065790283670
8061 890360319003155
8062 890949595724501
8063 891244343750545
8064 891834059193840
8065 892129026635280
8066 892719181018225
8067 893014367983925
8068 893604961524275
8069 893900368123126
8070 894491401038690
8071 894787027379610
8072 895378499888251
8073 895674346080185
8074 896266258399820
8075 896562324551740
8076 897154676900340
8077 897450963121245
8078 898043755716835
8079 898340262115751
8080 898933495176410
8081 899230221862390
8082 899823895606251
8083 900120842688375
8084 900714957333625
8085 901012124921000
8086 901606680685880
8087 901904068887640
8088 902499065990445
8089 902796674915751
8090 903392113574830
8091 903689943332870
8092 904285823766626
8093 904583874466615
8094 905180196893505
8095 905478468644685
8096 906075233283220
8097 906373726194860
8098 906970933263605
8099 907269647445001
8100 907867297162575
8101 908166232723050
8102 908764325308126
8103 909063482357030
8104 909662018028335
8105 909961396675045
8106 910560375651360
8107 910859976005280
8108 911459398505440
8109 911759220676001
8110 912359086918895
8111 912659131015555
8112 913259441220126
8113 913559707352370
8114 914160461737615
8115 914460950014955
8116 915062148799925
8117 915362859331900
8118 915964502735700
8119 916265435631876
8120 916867523873665
8121 917168679243635
8122 917771212542626
8123 918072590496010
8124 918675569071470
8125 918977169717915
8126 919580593789165
8127 919882417238345
8128 920486287024760
8129 920788333386376
8130 921392649107385
8131 921694918491165
8132 922299680366251
8133 922602172881950
8134 923207381130650
8135 923510096888050
8136 924115751729955
8137 924418690838865
8138 925024792493620
8139 925327955063876
8140 925934503751180
8141 926237889892645
8142 926844885832251
8143 927148495654815
8144 927755939066530
8145 928059772680110
8146 928667663783795
8147 928971721298335
8148 929580060313905
8149 929884341839376
8150 930493128986800
8151 930797634633200
8152 931406870132501
8153 931711600009855
8154 932321284081110
8155 932626238299470
8156 933236371162810
8157 933541549832255
8158 934152131707865
8159 934457534938501
8160 935068566046620
8161 935374193948580
8162 935985674509501
8163 936291527192945
8164 936903457427015
8165 937209535002130
8166 937821915129750
8167 938128217706750
8168 938741047948375
8169 939047575637501
8170 939660856213640
8171 939967609125160
8172 940581340256376
8173 940888318500585
8174 941502500407495
8175 941809704094715
8176 942424336997990
8177 942731766238570
8178 943346850358935
8179 943654505263251
8180 944270040821485
8181 944577921499940
8182 945193908716876
8183 945502015279900
8184 946118454376425
8185 946426786934475
8186 947043678131530
8187 947352236795090
8188 947969580313670
8189 948278365193251
8190 948896161254405
8191 949205172460545
8192 949823421285376
8193 950132658928640
8194 950751360738305
8195 951060824929285
8196 951679979944995
8197 951989670794310
8198 952609279237330
8199 952919196855626
8200 953539258947275
8201 953849403445225
8202 954469919406876
8203 954780290895180
8204 955401260948260
8205 955711859537645
8206 956333283903635
8207 956644109704855
8208 957265988605290
8209 957577041729126
8210 958199375385595
8211 958510655942855
8212 959133444577001
8213 959444952678520
8214 960068196512040
8215 960379932268680
8216 961003631523325
8217 961315595045975
8218 961939749943550
8219 962251941343126
8220 962876552105490
8221 963188971492935
8222 963814038342001
8223 964126685828285
8224 964752208986020
8225 965065084682140
8226 965691064370565
8227 966004168387545
8228 966630604828735
8229 966943937277626
8230 967570830693710
8231 967884391685590
8232 968511742298751
8233 968825531944725
8234 969453339977200
8235 969767358388400
8236 970395624062480
8237 970709871350065
8238 971338594888095
8239 971653071163251
8240 972282252787630
8241 972596958161570
8242 973226598094751
8243 973541532678715
8244 974171631143205
8245 974486795048460
8246 975117352266820
8247 975432745604660
8248 976063761799505
8249 976379384681251
8250 977010860075250
8251 977326712612250
8252 977958647428126
8253 978274729731755
8254 978907124192285
8255 979223436373945
8256 979856290701960
8257 980172832873080
8258 980806147291465
8259 981122919563501
8260 981756694295195
8261 982073696779630
8262 982707932047626
8263 983025164855970
8264 983659860883315
8265 983977324127105
8266 984612481136900
8267 984930174927700
8268 985565793143100
8269 985883717592501
8270 986519797236715
8271 986837952456335
8272 987474493752626
8273 987792879854110
8274 988429883025795
8275 988748500120815
8276 989385965391265
8277 989704813591520
8278 990342741184160
8279 990661820601376
8280 991300210739685
8281 991619521485615
8282 992258374393126
8283 992577916579550
8284 993217232479850
8285 993537006218575
8286 994176785335305
8287 994496790738165
8288 995137033295020
8289 995457270473876
8290 996097976694605
8291 996418445761345
8292 997059615869751
8293 997380316936290
8294 998021951156230
8295 998342884334510
8296 998984982889895
8297 999306148291885
8298 999948711406680
8299 1000270109144376
8300 1000913137042600
8301 1001234767228025
8302 1001878260133751
8303 1002200122878955
8304 1002844081016310
8305 1003166176433370
8306 1003810600026535
8307 1004132928227555
8308 1004777817500765
8309 1005100378597876
8310 1005745733775420
8311 1006068527880780
8312 1006714349187001
8313 1007037376412795
8314 1007683664072090
8315 1008006924530530
8316 1008653678767350
8317 1008977172570675
8318 1009624393609525
8319 1009948120870001
8320 1010595808935440
8321 1010919769765360
8322 1011567925082001
8323 1011892119593685
8324 1012540742386195
8325 1012865170691990
8326 1013514261185090
8327 1013838923397370
8328 1014488481815835
8329 1014813378047001
8330 1015463404615660
8331 1015788534978140
8332 1016439029921876
8333 1016764394528125
8334 1017415358071875
8335 1017740957034375
8336 1018392389403130
8337 1018718222834390
8338 1019370124253195
8339 1019696192265751
8340 1020348562959705
8341 1020674865666120
8342 1021327705860376
8343 1021654243373240
8344 1022307553293005
8345 1022634325724935
8346 1023288105595470
8347 1023615113059110
8348 1024269363105730
8349 1024596605713751
8350 1025251326161825
8351 1025578804026925
8352 1026233995101876
8353 1026561708336780
8354 1027217370264085
8355 1027545318981545
8356 1028201451986735
8357 1028529636299530
8358 1029186240608190
8359 1029514660629126
8360 1030171736466895
8361 1030500392308805
8362 1031157939901376
8363 1031486831677120
8364 1032144851250240
8365 1032473979072705
8366 1033132470852175
8367 1033461834834275
8368 1034120799045950
8369 1034450399300626
8370 1035109836170415
8371 1035439672810635
8372 1036099582564501
8373 1036429655703260
8374 1037090038567220
8375 1037420348317540
8376 1038081204517665
8377 1038411750992595
8378 1039073080755010
8379 1039403864067626
8380 1040065667618510
8381 1040396687881915
8382 1041058965447501
8383 1041390222774825
8384 1042052974581400
8385 1042384469085800
8386 1043047695359705
8387 1043379427154365
8388 1044043128121995
8389 1044375097320126
8390 1045039273207930
8391 1045371479922770
8392 1046036130957251
8393 1046368575302065
8394 1047033701709780
8395 1047366383797860
8396 1048031985805420
8397 1048364905750085
8398 1049030983584155
8399 1049364141498751
8400 1050030695386050
8401 1050364091383950
8402 1051031121551251
8403 1051364755745855
8404 1052032262419985
8405 1052366134924720
8406 1053034118332560
8407 1053368229260880
8408 1054036689629365
8409 1054371039094751
8410 1055039976650870
8411 1055374564766830
8412 1056043979737626
8413 1056378806617695
8414 1057048699230265
8415 1057383764988005
8416 1058054135469500
8417 1058389440218500
8418 1059060288796125
8419 1059395832650001
8420 1060067159551015
8421 1060402942623410
8422 1061074748075126
8423 1061410770479710
8424 1062083054709495
8425 1062419316559965
8426 1063092079795240
8427 1063428581205320
8428 1064101823673560
8429 1064438564757001
8430 1065112286685735
8431 1065449267556315
8432 1066123469173126
8433 1066460689944650
8434 1067135371477175
8435 1067472832263475
8436 1068147993939405
8437 1068485694854340
8438 1069161336901420
8439 1069499278058876
8440 1070175400704905
8441 1070513582218795
8442 1071190185691626
8443 1071528607675890
8444 1072205692203430
8445 1072544354772035
8446 1073221920582245
8447 1073560823849185
8448 1074238871170080
8449 1074578015249376
8450 1075256544309025
8451 1075595929314725
8452 1076274940341251
8453 1076614566387430
8454 1077294059609010
8455 1077633926809770
8456 1078313902454635
8457 1078654010924105
8458 1079334469220540
8459 1079674819072876
8460 1080355760249220
8461 1080696351598605
8462 1081377775883251
8463 1081718608843895
8464 1082400516465290
8465 1082741591151430
8466 1083423982338075
8467 1083765298863975
8468 1084448173844425
8469 1084789732324376
8470 1085473091327240
8471 1085814891875560
8472 1086498735129501
8473 1086840777860535
8474 1087525105594270
8475 1087867390622390
8476 1088552203064690
8477 1088894730504295
8478 1089580027883985
8479 1089922797849501
8480 1090608580395460
8481 1090951593001340
8482 1091637860942501
8483 1091981116303225
8484 1092667869868575
8485 1093011368098650
8486 1093698607517230
8487 1094042348731190
8488 1094730074232095
8489 1095074058544501
8490 1095762270356880
8491 1096106497882320
8492 1096795196235376
8493 1097139667088465
8494 1097828852211455
8495 1098173566506835
8496 1098863238629070
8497 1099208196481410
8498 1099898355832255
8499 1100243557356251
8500 1100934204165125
8501 1101279649475500
8502 1101970783971876
8503 1102316473183380
8504 1103008095596785
8505 1103354028824195
8506 1104046139384210
8507 1104392316742330
8508 1105084915678590
8509 1105431337282251
8510 1106124424824445
8511 1106471090788505
8512 1107164667166376
8513 1107511577605720
8514 1108205643049065
8515 1108552798078605
8516 1109247352817275
8517 1109594752551950
8518 1110289796815850
8519 1110637441370626
8520 1111332975389715
8521 1111680864879585
8522 1112376888883876
8523 1112725023423860
8524 1113421537643420
8525 1113769917348565
8526 1114466922013515
8527 1114815546998895
8528 1115513042339410
8529 1115861912720126
8530 1116559898966435
8531 1116909014857615
8532 1117607492240001
8533 1117956853756800
8534 1118655822505600
8535 1119005429763200
8536 1119704890108805
8537 1120054743222415
8538 1120754695395270
8539 1121104794480126
8540 1121805238710730
8541 1122155583882095
8542 1122856520401001
8543 1123207111774165
8544 1123908540811980
8545 1124259378502260
8546 1124961300289645
8547 1125312384412385
8548 1126014799180055
8549 1126366129850626
8550 1127069037829350
8551 1127420615163150
8552 1128124016583751
8553 1128475840696205
8554 1129179735789560
8555 1129531806796120
8556 1130236195793160
8557 1130588513809305
8558 1131293396941015
8559 1131645962082251
8560 1132351339579670
8561 1132704151961530
8562 1133410024055751
8563 1133763083793795
8564 1134469450715965
8565 1134822757925780
8566 1135529619907100
8567 1135883174704300
8568 1136590531976025
8569 1136944334476251
8570 1137652187269690
8571 1138006237588610
8572 1138714586135126
8573 1139068884388435
8574 1139777728919445
8575 1140132275222865
8576 1140841615969840
8577 1141196410439120
8578 1141906247633585
8579 1142261290384501
8580 1142971624258035
8581 1143326915406390
8582 1144037746190626
8583 1144393285852250
8584 1145104613778875
8585 1145460402069625
8586 1146172227370380
8587 1146528264406140
8588 1147240587312820
8589 1147596873209501
8590 1148309693953955
8591 1148666228827495
8592 1149379547641626
8593 1149736331607990
8594 1150450148723755
8595 1150807181898935
8596 1151521497548345
8597 1151878780048360
8598 1152593594463480
8599 1152951126404376
8600 1153666439817325
8601 1154024221315175
8602 1154740033958126
8603 1155098065129030
8604 1155814377234210
8605 1156172658194295
8606 1156889469993985
8607 1157248000859405
8608 1157965312585940
8609 1158324093472876
8610 1159041905358645
8611 1159400936383305
8612 1160119248660751
8613 1160478529939370
8614 1161197342840990
8615 1161556874489830
8616 1162276188248175
8617 1162635970383525
8618 1163355785231200
8619 1163715817969376
8620 1164436134139040
8621 1164796417596385
8622 1165517235320751
8623 1165877769613635
8624 1166599089125470
8625 1166959874370290
8626 1167681695902415
8627 1168042732215595
8628 1168765056000885
8629 1169126343498876
8630 1169849169770260
8631 1170210708569540
8632 1170934037560001
8633 1171295827777075
8634 1172019659719650
8635 1172381701471050
8636 1173106036598830
8637 1173468330001115
8638 1174193168547245
8639 1174555713717001
8640 1175281055914680
8641 1175643852968520
8642 1176369699051001
8643 1176732748105565
8644 1177459098306155
8645 1177822399478110
8646 1178549254030170
8647 1178912807436210
8648 1179640166573155
8649 1180003972330001
8650 1180731836285300
8651 1181095894509700
8652 1181824263516876
8653 1182188574325605
8654 1182917448618235
8655 1183282012128095
8656 1184011391939810
8657 1184376208267630
8658 1185106093832115
8659 1185471163094751
8660 1186201554645745
8661 1186566876960080
8662 1187297774731376
8663 1187663350214320
8664 1188394754439765
8665 1188760583208255
8666 1189492494121750
8667 1189858576292750
8668 1190590994128250
8669 1190957329818751
8670 1191690254810265
8671 1192056844137285
8672 1192790276518876
8673 1193157119599460
8674 1193891059605245
8675 1194258156556465
8676 1194992604420615
8677 1195359955359570
8678 1196094911316310
8679 1196462516360126
8680 1197197980643735
8681 1197565839909565
8682 1198301812754376
8683 1198669926359400
8684 1199406407999800
8685 1199774776061225
8686 1200511766731655
8687 1200880389366715
8688 1201617889301670
8689 1201986766627626
8690 1202724776061655
8691 1203093908195795
8692 1203832427363501
8693 1204201814423140
8694 1204940843559180
8695 1205310485661660
8696 1206050025000745
8697 1206419922263435
8698 1207159972040330
8699 1207530124580626
8700 1208270685030150
8701 1208641092965475
8702 1209382164322501
8703 1209752827770305
8704 1210494410269760
8705 1210865329347520
8706 1211607423224385
8707 1211978598049605
8708 1212721203538915
8709 1213092634229126
8710 1213835751565970
8711 1214207438238730
8712 1214951067658251
8713 1215323010431145
8714 1216067152168540
8715 1216439351159180
8716 1217184005449700
8717 1217556460775725
8718 1218301627854675
8719 1218674339633751
8720 1219420019736490
8721 1219792988086310
8722 1220539181448251
8723 1220912406486535
8724 1221659113343145
8725 1222032595187640
8726 1222779815774440
8727 1223153554542920
8728 1223901289095485
8729 1224275284905751
8730 1225023533659710
8731 1225397786629590
8732 1226146549820626
8733 1226521060067975
8734 1227270337931825
8735 1227645105574525
8736 1228394898346980
8737 1228769923502940
8738 1229520231419845
8739 1229895514207001
8740 1230646337504255
8741 1231021878040570
8742 1231773216954126
8743 1232149015357590
8744 1232900870123455
8745 1233276926512085
8746 1234029297366320
8747 1234405611858160
8748 1235158499036880
8749 1235535071750001
8750 1236288475489375
8751 1236665306541875
8752 1237419227078126
8753 1237796316588130
8754 1238550754157535
8755 1238928102243195
8756 1239683057082085
8757 1240060663861580
8758 1240816136206340
8759 1241194001797876
8760 1241949991884945
8761 1242328116406755
8762 1243084624472626
8763 1243463008042970
8764 1244220034324190
8765 1244598677061355
8766 1245356221794525
8767 1245735123816825
8768 1246493187238600
8769 1246872348664376
8770 1247630931011465
8771 1248010351959085
8772 1248769453468251
8773 1249149134056110
8774 1249908754964170
8775 1250288695310690
8776 1251048835854515
8777 1251429036078145
8778 1252189696494660
8779 1252570156713876
8780 1253331337240060
8781 1253712057573365
8782 1254473758446251
8783 1254854739012175
8784 1255616960468850
8785 1255998201385950
8786 1256760943663555
8787 1257142445050415
8788 1257905708386145
8789 1258287470361376
8790 1259051254992480
8791 1259433277674720
8792 1260197583838501
8793 1260579867346415
8794 1261344695280230
8795 1261727239732510
8796 1262492589673770
8797 1262875395189135
8798 1263641267375305
8799 1264024334072501
8800 1264790728741100
8801 1265174056738900
8802 1265940974127501
8803 1266324563544705
8804 1267092003890935
8805 1267475854846370
8806 1268243818387910
8807 1268627931000430
8808 1269396417975015
8809 1269780792363501
8810 1270549803008920
8811 1270934439292280
8812 1271703973846376
8813 1272088872143545
8814 1272858930844215
8815 1273244091274155
8816 1274014674359350
8817 1274400097041050
8818 1275171204748775
8819 1275556889801251
8820 1276328522369565
8821 1276714469911860
8822 1277486627578876
8823 1277872837730060
8824 1278645520733945
8825 1279031993613115
8826 1279805202192090
8827 1280191937918370
8828 1280965672310710
8829 1281352671003251
8830 1282126931447285
8831 1282514193225265
8832 1283288979959376
8833 1283676504942000
8834 1284451818204625
8835 1284839606511125
8836 1285615446540755
8837 1286003498290390
8838 1286779865325570
8839 1287168180637626
8840 1287945074916955
8841 1288333653910745
8842 1289111075672876
8843 1289499918467740
8844 1290277867951380
8845 1290666974666685
8846 1291445452110595
8847 1291834822865735
8848 1292613828508730
8849 1293003463423126
8850 1293782997504075
8851 1294172896697175
8852 1294952959455001
8853 1295343123046280
8854 1296123714719960
8855 1296514142828920
8856 1297295263657485
8857 1297685956403655
8858 1298467606626190
8859 1298858564129126
8860 1299640743984770
8861 1300031966364055
8862 1300814676092001
8863 1301206163467245
8864 1301989403306740
8865 1302381155797580
8866 1303164925987925
8867 1303556943714025
8868 1304341244494575
8869 1304733527575626
8870 1305518359185790
8871 1305910907741510
8872 1306696270420751
8873 1307089084570885
8874 1307874978558720
8875 1308268058423040
8876 1309054483959040
8877 1309447829657345
8878 1310234786981135
8879 1310628398633251
8880 1311415887984510
8881 1311809765710290
8882 1312597787328751
8883 1312991931248075
8884 1313780485373525
8885 1314174895606300
8886 1314963982478580
8887 1315358659144740
8888 1316148279003745
8889 1316543222223251
8890 1317333375308930
8891 1317728585201770
8892 1318519271754126
8893 1318914748440315
8894 1319705968699405
8895 1320101712298985
8896 1320893466504920
8897 1321289477137960
8898 1322081765530905
8899 1322478043317501
8900 1323270866137675
8901 1323667411197950
8902 1324460768685626
8903 1324857581139730
8904 1325651473535235
8905 1326048553503345
8906 1326842981047060
8907 1327240328649380
8908 1328035291581740
8909 1328432906938501
8910 1329228405499995
8911 1329626288731455
8912 1330422323162626
8913 1330820474389070
8914 1331617044930515
8915 1332015464272255
8916 1332812571164625
8917 1333211258742000
8918 1334008902226000
8919 1334407858159376
8920 1335206038475765
8921 1335605262885535
8922 1336403980275126
8923 1336803473281710
8924 1337602727985370
8925 1338002489709215
8926 1338802281967865
8927 1339202312529445
8928 1340002642584060
8929 1340402942103876
8930 1341203810195485
8931 1341604378794065
8932 1342405785163751
8933 1342806622961650
8934 1343608567850550
8935 1344009674968350
8936 1344812158617655
8937 1345213535175965
8938 1346016557826920
8939 1346418203946376
8940 1347221765840280
8941 1347623681641545
8942 1348427783019751
8943 1348829968623515
8944 1349634609727430
8945 1350037065254410
8946 1350842246325495
8947 1351244971896435
8948 1352050693176205
8949 1352453688911876
8950 1353259950641900
8951 1353663216663100
8952 1354470019085001
8953 1354873555512555
8954 1355680898868010
8955 1356084705822770
8956 1356892590353510
8957 1357296667956355
8958 1358105093904165
8959 1358509442276001
8960 1359318409882720
8961 1359723029144480
8962 1360532538652001
8963 1360937428924645
8964 1361747480574915
8965 1362152641979430
8966 1362963236014450
8967 1363368668671850
8968 1364179805333675
8969 1364585509365001
8970 1365397188895740
8971 1365803164422060
8972 1366615387063876
8973 1367021634206285
8974 1367834400201395
8975 1368240919081015
8976 1369054228671690
8977 1369461019409670
8978 1370274872838235
8979 1370681935555751
8980 1371496333064585
8981 1371903667882840
8982 1372718609714376
8983 1373126216754600
8984 1373941703151325
8985 1374349582534775
8986 1375165613739230
8987 1375573765587190
8988 1376390341841970
8989 1376798766275751
8990 1377615887823505
8991 1378024584964445
8992 1378842252047876
8993 1379251222017340
8994 1380069434879205
8995 1380478677798585
8996 1381297436681695
8997 1381706952672410
8998 1382526257819630
8999 1382936047003126
9000 1383755898657375
9001 1384165961155125
9002 1384986359559376
9003 1385396695492880
9004 1386217640890160
9005 1386628250380945
9006 1387449743014335
9007 1387860626183955
9008 1388682666296590
9009 1389093823266626
9010 1389916411101695
9011 1390327841993755
9012 1391150977794501
9013 1391562682730220
9014 1392386366739940
9015 1392798345840980
9016 1393622578303025
9017 1394034831691075
9018 1394859612848850
9019 1395272140645626
9020 1396097470742590
9021 1396510273069835
9022 1397336152349501
9023 1397749229328985
9024 1398575658034920
9025 1398989009788440
9026 1399815988164265
9027 1400229614813645
9028 1401057143103035
9029 1401471044770126
9030 1402299123216810
9031 1402713300023490
9032 1403541928871251
9033 1403956380939425
9034 1404785560432100
9035 1405200287883700
9036 1406030018265180
9037 1406445021222165
9038 1407275302736395
9039 1407690581320751
9040 1408521414211730
9041 1408936968545470
9042 1409768353057251
9043 1410184183262415
9044 1411016119639105
9045 1411432225837760
9046 1412264714323520
9047 1412681096637760
9048 1413514137476805
9049 1413930796028751
9050 1414764389465350
9051 1415181324377150
9052 1416015470655626
9053 1416432682049455
9054 1417267381414185
9055 1417684869412245
9056 1418520122107660
9057 1418937886832180
9058 1419773693102765
9059 1420191734676001
9060 1421028094766295
9061 1421446413310530
9062 1422283327465126
9063 1422701923102670
9064 1423539391566215
9065 1423958264419405
9066 1424796287436600
9067 1425215437627800
9068 1426054015443400
9069 1426473443095001
9070 1427312575953815
9071 1427732281188235
9072 1428571969335126
9073 1428991952274810
9074 1429832195954695
9075 1430252456722115
9076 1431093256179965
9077 1431513794897620
9078 1432355150378460
9079 1432775967168876
9080 1433617878917785
9081 1434038973903515
9082 1434881442165626
9083 1435302815469250
9084 1436145840489750
9085 1436567492233875
9086 1437411074258005
9087 1437833004565265
9088 1438677143838320
9089 1439099352831376
9090 1439944049598705
9091 1440366537400245
9092 1441211791907251
9093 1441634558639990
9094 1442480371132130
9095 1442903416918810
9096 1443749787641595
9097 1444173112604985
9098 1445020041803980
9099 1445443646066876
9100 1446291133987700
9101 1446715017672925
9102 1447563064561251
9103 1447987227791655
9104 1448835833893210
9105 1449260276791670
9106 1450109442352235
9107 1450534165041655
9108 1451383890307065
9109 1451808892910376
9110 1452659178126520
9111 1453084460766680
9112 1453935306179501
9113 1454360868979495
9114 1455212274834990
9115 1455638117917830
9116 1456490084462050
9117 1456916207950775
9118 1457768735429825
9119 1458195139447501
9120 1459048228107540
9121 1459474912777260
9122 1460328562864501
9123 1460755528309385
9124 1461609740070095
9125 1462036986413290
9126 1462891760093790
9127 1463319287458470
9128 1464174623305135
9129 1464602431814501
9130 1465458330073760
9131 1465886419851040
9132 1466742880769376
9133 1467171251937825
9134 1468028275761775
9135 1468456928444675
9136 1469314515420830
9137 1469743449741490
9138 1470601600116495
9139 1471030816198251
9140 1471889530218805
9141 1472319028185020
9142 1473178306097876
9143 1473608086071940
9144 1474467928123905
9145 1474897990229235
9146 1475758396667170
9147 1476188741027210
9148 1477049712098030
9149 1477480338836251
9150 1478341874786925
9151 1478772784026825
9152 1479634885104376
9153 1480066076969480
9154 1480928743420985
9155 1481360218034845
9156 1482223450107435
9157 1482655207593630
9158 1483519005534490
9159 1483951046016626
9160 1484815410072995
9161 1485247733674705
9162 1486112664093876
9163 1486545270938820
9164 1487410767968140
9165 1487843658180005
9166 1488709722066875
9167 1489142895769375
9168 1490009526761250
9169 1490442984078126
9170 1491310182422515
9171 1491743923477535
9172 1492611689422001
9173 1493045714338960
9174 1493914048131120
9175 1494348357033840
9176 1495217258921365
9177 1495651851933695
9178 1496521322164310
9179 1496956199410126
9180 1497826238231610
9181 1498261399834815
9182 1499132007495001
9183 1499567453579525
9184 1500438630326300
9185 1500874361016100
9186 1501746107097405
9187 1502182122516465
9188 1503054438180295
9189 1503490738452626
9190 1504363623947030
9191 1504800209196670
9192 1505673664769751
9193 1506110535120765
9194 1506984561020680
9195 1507421716597160
9196 1508296313072120
9197 1508733753998185
9198 1509608921296455
9199 1510046647696251
9200 1510922386066150
9201 1511360398063850
9202 1512236707753751
9203 1512675005473555
9204 1513551886731885
9205 1513990470298020
9206 1514867923373260
9207 1515306792909980
9208 1516184818050665
9209 1516623973682251
9210 1517502571136970
9211 1517942012987730
9212 1518821183005126
9213 1519260911199395
9214 1520140654028165
9215 1520580668690305
9216 1521460984579200
9217 1521901285833600
9218 1522782175031425
9219 1523222763002501
9220 1524104225758115
9221 1524545100570310
9222 1525427137132626
9223 1525868298910410
9224 1526750909528395
9225 1527192358396265
9226 1528075543318940
9227 1528517279401420
9228 1529401038877860
9229 1529843062299501
9230 1530727396578835
9231 1531169707464215
9232 1532054616795626
9233 1532497215269350
9234 1533382699902075
9235 1533825586088775
9236 1534711646272105
9237 1535154820296440
9238 1536041456279720
9239 1536484918266376
9240 1537372130299005
9241 1537815880372695
9242 1538703668704126
9243 1539147706989590
9244 1540036071869330
9245 1540480398491335
9246 1541369340168945
9247 1541813955252285
9248 1542703473977380
9249 1543148377646876
9250 1544038473669125
9251 1544483666049625
9252 1545374339618751
9253 1545819820835130
9254 1546711072200910
9255 1547156842378070
9256 1548048671790335
9257 1548494731053205
9258 1549387138761840
9259 1549833487235376
9260 1550726473490320
9261 1551173111299505
9262 1552066676350751
9263 1552513603620595
9264 1553407747718190
9265 1553854964573730
9266 1554749687967775
9267 1555197194534075
9268 1556092497474725
9269 1556540293876876
9270 1557436176614340
9271 1557884262977460
9272 1558780725762001
9273 1559229102211235
9274 1560126145293170
9275 1560574811953690
9276 1561472435583390
9277 1561921392580395
9278 1562819597008285
9279 1563268844467001
9280 1564167629943560
9281 1564617167989240
9282 1565516534765001
9283 1565966363522925
9284 1566866311848475
9285 1567316431443950
9286 1568216961569930
9287 1568667372128290
9288 1569568484305395
9289 1570019185952001
9290 1570920880430980
9291 1571371873291220
9292 1572274150322876
9293 1572725434522165
9294 1573628294357355
9295 1574079870021135
9296 1574983312910770
9297 1575435180164510
9298 1576339206359555
9299 1576791365328751
9300 1577695975080225
9301 1578148425890400
9302 1579053619449376
9303 1579506362226080
9304 1580412139843685
9305 1580865174712495
9306 1581771536639910
9307 1582224863726430
9308 1583131810214890
9309 1583585429644751
9310 1584492960945545
9311 1584946872844405
9312 1585854989208876
9313 1586309193702420
9314 1587217895381965
9315 1587672392595905
9316 1588581679841975
9317 1589036469902050
9318 1589946342966150
9319 1590401425998126
9320 1591311885131815
9321 1591767261261485
9322 1592678306716376
9323 1593133976069560
9324 1594045608097320
9325 1594501570799865
9326 1595413789652215
9327 1595870045829995
9328 1596782851758710
9329 1597239401537626
9330 1598152794794535
9331 1598609638300515
9332 1599523619137501
9333 1599980756496500
9334 1600895325165500
9335 1601352756503500
9336 1602267913256505
9337 1602725638699515
9338 1603641383788570
9339 1604099403462626
9340 1605015737139830
9341 1605474051170995
9342 1606390973688501
9343 1606849582202865
9344 1607767093812880
9345 1608225996936560
9346 1609144097891345
9347 1609603295750485
9348 1610521986302355
9349 1610981479023126
9350 1611900759424450
9351 1612360547133050
9352 1613280417636251
9353 1613740500458905
9354 1614660961316460
9355 1615121339379420
9356 1616042390843860
9357 1616503064273405
9358 1617424706597315
9359 1617885675519751
9360 1618807908955770
9361 1619269173497430
9362 1620191998298251
9363 1620653558585495
9364 1621576975003865
9365 1622038831163080
9366 1622962839451800
9367 1623424991609400
9368 1624349592021325
9369 1624812040303751
9370 1625737233091790
9371 1626199977625510
9372 1627125763042626
9373 1627588803954135
9374 1628515182253345
9375 1628978519669165
9376 1629905491103540
9377 1630369125150220
9378 1631296689972885
9379 1631760620777001
9380 1632688779241135
9381 1633153006929290
9382 1634081759288126
9383 1634546283986950
9384 1635475630493775
9385 1635940452329925
9386 1636870393238080
9387 1637335512338240
9388 1638266047901120
9389 1638731464392001
9390 1639662594863055
9391 1640128308871395
9392 1641060034504126
9393 1641526046156690
9394 1642458367204655
9395 1642924676628235
9396 1643857593345045
9397 1644324200666460
9398 1645257713305780
9399 1645724618651876
9400 1646658727467425
9401 1647125930965075
9402 1648060636210626
9403 1648528137986730
9404 1649463439916110
9405 1649931240097595
9406 1650867138964685
9407 1651335237678505
9408 1652271733737240
9409 1652740131110376
9410 1653677224614745
9411 1654145920774205
9412 1655083611978251
9413 1655552607051070
9414 1656490896208890
9415 1656960190322130
9416 1657899077687875
9417 1658368670968625
9418 1659308156796500
9419 1659778049371876
9420 1660718133916140
9421 1661188325913285
9422 1662129009428251
9423 1662599500974335
9424 1663540783714370
9425 1664011574936590
9426 1664953457156115
9427 1665424548181695
9428 1666367030135185
9429 1666838421091376
9430 1667781503033360
9431 1668253194047440
9432 1669196876232501
9433 1669668867431775
9434 1670613150114550
9435 1671085441626350
9436 1672030325061530
9437 1672502917013215
9438 1673448401455545
9439 1673921293974501
9440 1674867379678780
9441 1675340572892420
9442 1676287260113501
9443 1676760754149265
9444 1677708043142055
9445 1678181838127410
9446 1679129729146870
9447 1679603825209310
9448 1680552318510455
9449 1681026715777501
9450 1681975811615400
9451 1682450510214600
9452 1683400208844376
9453 1683875208903305
9454 1684825510580135
9455 1685300812226395
9456 1686251717205510
9457 1686727320566730
9458 1687678829103415
9459 1688154734307251
9460 1689106846656845
9461 1689583053830980
9462 1690535770248876
9463 1691012279521020
9464 1691965600262665
9465 1692442411760555
9466 1693396337081450
9467 1693873450932850
9468 1694827981088550
9469 1695305397421251
9470 1696260532667365
9471 1696738251609185
9472 1697693992201376
9473 1698172013880160
9474 1699128360074145
9475 1699606684617765
9476 1700563636669315
9477 1701042264205670
9478 1701999822370610
9479 1702478753027626
9480 1703436917561835
9481 1703916151467465
9482 1704874922626876
9483 1705354459909100
9484 1706313837949700
9485 1706793678736525
9486 1707753663914355
9487 1708233808333815
9488 1709194400904970
9489 1709674849085126
9490 1710636049305755
9491 1711116801374695
9492 1712078609501001
9493 1712559665586840
9494 1713522081875080
9495 1714003442105960
9496 1714966466812445
9497 1715448131316535
9498 1716411764697630
9499 1716893733603126
9500 1717857975915250
9501 1718340249350375
9502 1719305100850001
9503 1719787678943005
9504 1720753139886660
9505 1721236022765820
9506 1722202093410085
9507 1722685281203705
9508 1723651961805215
9509 1724135454641626
9510 1725102745457070
9511 1725586543464630
9512 1726554444750751
9513 1727038548057845
9514 1728007060071440
9515 1728491468806480
9516 1729460591804400
9517 1729945306095825
9518 1730915040334975
9519 1731400060311251
9520 1732370406048590
9521 1732855731838210
9522 1733826689330751
9523 1734312321062235
9524 1735283890567045
9525 1735769828368940
9526 1736742010143140
9527 1737228254144020
9528 1738201048444785
9529 1738687598773251
9530 1739661005857810
9531 1740147862642490
9532 1741121882768126
9533 1741609046137675
9534 1742583679561725
9535 1743071149644825
9536 1744046396624680
9537 1744534173550040
9538 1745510034343145
9539 1745998118239501
9540 1746974593103355
9541 1747462984099470
9542 1748440073291626
9543 1748928771516290
9544 1749906475294355
9545 1750395480876385
9546 1751373799498020
9547 1751863112566260
9548 1752842046289180
9549 1753331666972501
9550 1754311216054475
9551 1754801144481775
9552 1755781309180626
9553 1756271545480830
9554 1757252326054435
9555 1757742870356495
9556 1758724267062785
9557 1759215119495680
9558 1760197132592640
9559 1760688293285376
9560 1761670923031045
9561 1762162392112655
9562 1763145638765126
9563 1763637416364670
9564 1764621280182090
9565 1765113366428655
9566 1766097847669225
9567 1766590242691925
9568 1767575341613900
9569 1768068045541876
9570 1769053762403565
9571 1769546775365985
9572 1770533110425751
9573 1771026432551810
9574 1772013386068070
9575 1772507017486990
9576 1773494589718215
9577 1773988530559245
9578 1774976721763960
9579 1775470972156376
9580 1776459782593160
9581 1776954342666265
9582 1777943772593751
9583 1778438642476875
9584 1779428692153750
9585 1779923871976250
9586 1780914541661255
9587 1781410031552515
9588 1782401321504445
9589 1782897121593876
9590 1783889032071580
9591 1784385142488620
9592 1785377673751001
9593 1785874094625115
9594 1786867246931130
9595 1787363978391810
9596 1788357752000470
9597 1788854794177235
9598 1789849189347605
9599 1790346542370001
9600 1791341559361200
9601 1791839223358800
9602 1792834862430001
9603 1793332837532405
9604 1794329098942835
9605 1794827385279670
9606 1795824269288610
9607 1796322866989530
9608 1797320373856315
9609 1797819283051001
9610 1798817413035020
9611 1799316633853180
9612 1800315387213876
9613 1800814919785245
9614 1801814296782115
9615 1802314141236455
9616 1803314142129050
9617 1803814298596150
9618 1804814923644075
9619 1805315392253751
9620 1806316641716665
9621 1806817422598760
9622 1807819296736376
9623 1808320390020760
9624 1809322889092845
9625 1809824294909415
9626 1810827419175790
9627 1811329137654470
9628 1812332887375010
9629 1812834918645751
9630 1813839294080385
9631 1814341638273165
9632 1815346639681876
9633 1815849296926700
9634 1816854924569525
9635 1817357894996425
9636 1818364149133455
9637 1818867432872490
9638 1819874313763870
9639 1820377910945126
9640 1821385418851055
9641 1821889329604645
9642 1822897464785376
9643 1823401689241440
9644 1824410451957280
9645 1824914990245985
9646 1825924380757295
9647 1826429233008835
9648 1827439251576030
9649 1827944417920626
9650 1828955064804175
9651 1829460545372075
9652 1830471820832501
9653 1830977615753980
9654 1831989520051860
9655 1832495629457220
9656 1833508162853185
9657 1834014586872755
9658 1835027749627490
9659 1835534488391626
9660 1836548280765870
9661 1837055334404955
9662 1838069756659501
9663 1838577125303945
9664 1839592177699640
9665 1840099861479880
9666 1841115544277625
9667 1841623543324125
9668 1842639856784875
9669 1843148171228126
9670 1844165115612890
9671 1844673745583410
9672 1845691321153251
9673 1846200266781585
9674 1847218473797620
9675 1847727735214340
9676 1848746573937740
9677 1849256151273445
9678 1850275621965435
9679 1850785515350751
9680 1851805618272610
9681 1852315827838190
9682 1853336563251251
9683 1853847089127775
9684 1854868457293425
9685 1855379299611600
9686 1856401300791280
9687 1856912459681840
9688 1857935094137045
9689 1858446569730751
9690 1859469837723030
9691 1859981630150670
9692 1861005531941626
9693 1861517641334015
9694 1862542177185305
9695 1863054603673285
9696 1864079773846620
9697 1864592517561060
9698 1865618322318205
9699 1866131383390001
9700 1867157822992775
9701 1867671201552850
9702 1868698276263126
9703 1869211972442430
9704 1870239682522135
9705 1870753696451645
9706 1871782042162760
9707 1872296373973480
9708 1873325355578040
9709 1873840005401001
9710 1874869623161095
9711 1875384591127355
9712 1876414845305126
9713 1876930131545770
9714 1877961022403415
9715 1878476627049555
9716 1879508154849325
9717 1880024078032100
9718 1881056243036300
9719 1881572484886876
9720 1882605287357865
9721 1883121848007435
9722 1884155288207626
9723 1884672167787410
9724 1885706245979270
9725 1886223444620515
9726 1887258161066565
9727 1887775678900545
9728 1888811033863360
9729 1889328871021376
9730 1890364864763585
9731 1890883021376965
9732 1891919654161251
9733 1892438130361350
9734 1893475402450450
9735 1893994198368650
9736 1895032110025355
9737 1895551225793065
9738 1896589777280220
9739 1897109213028876
9740 1898148404609380
9741 1898668160470445
9742 1899707992407251
9743 1900228068512215
9744 1901268541068330
9745 1901788937548710
9746 1902830050987195
9747 1903350767974535
9748 1904392522558505
9749 1904913560184376
9750 1905955956177000
9751 1906477314573000
9752 1907520352237501
9753 1908042031535255
9754 1909085711134910
9755 1909607711466070
9756 1910652033264210
9757 1911174354760455
9758 1912219319020465
9759 1912741961813501
9760 1913787568798820
9761 1914310533020380
9762 1915356782994501
9763 1915880068776345
9764 1916926962002815
9765 1917450569476730
9766 1918498106219150
9767 1919022035516950
9768 1920070216038975
9769 1920594467292501
9770 1921643291857840
9771 1922167865198960
9772 1923217334071376
9773 1923742229631985
9774 1924792343075295
9775 1925317560987315
9776 1926368319265390
9777 1926893859660770
9778 1927945263037535
9779 1928471126048251
9780 1929523174787685
9781 1930049360545740
9782 1931102054911876
9783 1931628563549300
9784 1932681903806225
9785 1933208735455075
9786 1934262721866930
9787 1934789876659290
9788 1935844509490270
9789 1936371987558251
9790 1937427267072605
9791 1937955068548345
9792 1939010995010376
9793 1939539120026040
9794 1940595693700105
9795 1941124142387885
9796 1942181363538395
9797 1942710136030510
9798 1943768004921930
9799 1944297101350626
9800 1945355618247475
9801 1945885038745025
9802 1946944203911876
9803 1947473948610580
9804 1948533762312060
9805 1949063831344245
9806 1950124293845035
9807 1950654687343055
9808 1951715798907890
9809 1952246517004126
9810 1953308277897795
9811 1953839320724655
9812 1954901731212001
9813 1955433098901920
9814 1956496159247840
9815 1957027851933280
9816 1958091562402725
9817 1958623580216175
9818 1959687941074150
9819 1960220284148126
9820 1961285295659690
9821 1961817964126735
9822 1962883626557001
9823 1963416620549685
9824 1964482934163820
9825 1965016253814740
9826 1966083218877965
9827 1966616864319745
9828 1967684481097335
9829 1968218452462626
9830 1969286721219910
9831 1969821018641390
9832 1970889939643751
9833 1971424563254125
9834 1972494136767000
9835 1973029086699000
9836 1974099312987880
9837 1974634589374265
9838 1975705468704695
9839 1976241071678251
9840 1977312604315830
9841 1977848534009370
9842 1978920720219751
9843 1979456976766115
9844 1980529816815005
9845 1981066400347060
9846 1982139894500220
9847 1982676805150860
9848 1983750953674105
9849 1984288191576251
9850 1985362994735450
9851 1985900560022050
9852 1986976018083126
9853 1987513910887155
9854 1988590024116085
9855 1989128244570545
9856 1990205013233360
9857 1990743561471280
9858 1991820985834065
9859 1992359861988501
9860 1993437942317395
9861 1993977146521430
9862 1995055883082626
9863 1995595415469370
9864 1996674808529115
9865 1997214669231705
9866 1998294719056300
9867 1998834908207900
9868 1999915615063700
9869 2000456132797501
9870 2001537496950915
9871 2002078343400135
9872 2003160365117626
9873 2003701540415510
9874 2004784219963595
9875 2005325724243415
9876 2006409061888665
9877 2006950895283720
9878 2008034891292760
9879 2008577053936376
9880 2009661708575885
9881 2010204200601415
9882 2011289514138126
9883 2011832335678950
9884 2012918308379650
9885 2013461459569175
9886 2014548091700705
9887 2015091572672365
9888 2016178864501620
9889 2016722675388876
9890 2017810627182805
9891 2018354768119145
9892 2019443380144751
9893 2019987851263690
9894 2021077123788030
9895 2021621925223110
9896 2022711858513295
9897 2023256990398085
9898 2024347584721280
9899 2024893047189376
9900 2025984302812800
9901 2026530095997825
9902 2027622013188751
9903 2028168137224355
9904 2029260716250110
9905 2029807171269970
9906 2030900412397935
9907 2031447198535755
9908 2032541102033365
9909 2033088219422876
9910 2034182785557620
9911 2034730234332580
9912 2035825463372001
9913 2036373243666195
9914 2037469135877890
9915 2038017247825130
9916 2039113803476750
9917 2039662247210875
9918 2040759466570125
9919 2041308242225001
9920 2042406125559640
9921 2042955233269160
9922 2044053780847001
9923 2044603220745085
9924 2045702432833995
9925 2046252205054590
9926 2047352081922490
9927 2047902186599570
9928 2049002728514435
9929 2049553165782001
9930 2050654373011860
9931 2051205143003940
9932 2052307015816876
9933 2052858118667525
9934 2053960657331675
9935 2054512093174975
9936 2055615297958530
9937 2056167066928590
9938 2057270938099795
9939 2057823040330751
9940 2058927578157905
9941 2059480013783920
9942 2060585218535376
9943 2061137987690640
9944 2062243859634805
9945 2062796962453535
9946 2063903501858870
9947 2064456938475310
9948 2065564145610330
9949 2066117916158751
9950 2067225791292025
9951 2067779895906725
9952 2068888439306876
9953 2069442878122180
9954 2070552090057885
9955 2071106863208145
9956 2072216743948135
9957 2072771851567730
9958 2073882401380790
9959 2074437843604126
9960 2075549062759095
9961 2076104839720605
9962 2077216728486376
9963 2077772840320520
9964 2078885398966040
9965 2079441845807305
9966 2080555074601575
9967 2081111856584475
9968 2082225755796550
9969 2082782873055626
9970 2083897442954615
9971 2084454895624435
9972 2085570136479501
9973 2086127924694660
9974 2087243836775020
9975 2087801960670140
9976 2088918544245065
9977 2089477003954795
9978 2090594259293610
9979 2091153054952626
9980 2092270982324710
9981 2092830114067715
9982 2093948713742501
9983 2094508181704225
9984 2095627453951200
9985 2096187258266400
9986 2097307203355105
9987 2097867344158565
9988 2098987962358595
9989 2099548439785126
9990 2100669731366130
9991 2101230545550570
9992 2102352510782251
9993 2102913661859465
9994 2104036301011580
9995 2104597789116460
9996 2105721102458820
9997 2106282927726285
9998 2107406915528755
9999 2107969078093751
10000 2109093740626250


