0 1
1 0
2 1
3 1
4 9
5 41
6 258
7 1809
8 14575
9 131660
10 1320264
11 14551987
12 174887262
13 2276174790
14 31895551245
15 478783042890
16 7665081036273
17 130370168718467
18 2347620603019159
19 44620121619435141
20 892663172726141844
21 18750621868455013979
22 412602921349249182309
23 9491652517378183470216
24 227837161660813313322784
25 5696754247363031331420087
26 148134593736473570983883404
27 4000089705208108043191467124
28 112013905254321751272023964129
29 3248699521562803734030662661356
30 97468985826294528237006262870473
31 3021762588425639018849738196772893
32 96702900228663574210659683622260509
33 3191390645517550538008243572060036977
34 108513325472773569570317980926435243798
35 3798159797347532262109550651792477407933
36 136740135485802196537019839951673307706323
37 5059602039625626819008874714173765254233972
38 192272473825368514186861458239906664617740392
39 7498899959460343657680670911036263266704307563
40 299966117582492997560864854190878878198685138410
41 12298995365829863637023832744742513819475319754058
42 516572803164773193442316336621007652944496847667469
43 22213230468320412304014724204411710834369761806228134
44 977406738596829801103921912659604761739908470133697401
45 43984336382463670596063370702355456293601770149682184687
46 2023323900054265488243523081756759812927350166409036235019
47 95098178116027671607047792686393030417108937638164907006157
48 4564800518242093164479486175688270170933816210172214993632744
49 223679272041662673590471309654888751895382848998771352624223511
50 11184153798439365734866779578329810380829976667813843961224873385
51 570400973321444136664534717467171705962670677690926386452163154768
52 29661297971259178431902986250912238487562666005626169638218161399296
53 1572071160784333335622328004857505299461582958251522618513484375319599
54 84892983484300643011879041331740220514337405086937603252501061514811096
55 4669173414232477884010211079218213952765532405113579431226834818287261320
56 261476855339340330171243065092229696365468737852276951193939776794816010529
57 14904350540309367421046878468339756173272746732389960093261072279424642241720
58 864461669684771775376486971585864294477724841543427912568004645876270074670577
59 51003761465112213427873073809696177833578496588537951395414661986253517808719513
60 3060255496607813424407226522338707349527056340805741863645066241319769926936500433
61 186677314216415988432391570836604320049739392238833340538174176729797718069896893177
62 11574095488940721507235133138017087235439509475800844189269589786571431027388832655978
63 729174136314258670582662202148121173247388151088134795407711446686482794265321593641289
64 46667518078740987749267245720621428296472941148425104572774608936288358428416763902489431
65 3033411823309142085145385442106668873445212053666583398918728120038316440709144369603624412
66 200206638686676006136936604503444441889730490318296680598226871345422258052392059127486680520
67 13413938127043449893150251036222218849468535797208174450290345929361163866227124794936836726371
68 912153859462601211018387361233995095101607324634263195786541360652799219536325904344638403989942
69 62939016716196856912281001798354668450894684860744797102632550338785836992522592183898020089132398
70 4405757998010034070759456426386899236000326877323730213533179104406867311804313907122451697248102573
71 312810642166431344226343443048192313746213411504634113687247289495608884736545360057502759169788532706
72 22522492114016489178010552461473443299064267417703377675076010108784517272705250969324566457161346884129
73 1644150735839199730062911848600414134630163522146101217740975804299478574642106929388507596274859089100091
74 121667780073385112887343929483316742347259593065634499381059584012740405741285385865469677129859837534848479
75 9125128550488111499529150732353678622931067608457422860334818952975747999630949350412164433872399316048763349
76 693513058138568152363675581482576776171030398569808429587881722377765446929101434845183273989494901873372502012
77 53400748812229894502228794462017378398654035209061380347265654742255964894352293053850843036545367157863899688243
78 4165276657611032747396845026338820222452260608442004581932441739533871213255478120099066581179406383120898884514125
79 329058242977387864180655484431929762727280930127715501589522073186620581378076629690695950279721083256341740522028120
80 26324766239688653594241443212143305052939271718287658249922460386239131022175919079841783724063759751241674048513881504
81 2132314395968096163199051693873660386928525913702517202252883156168848680538675956423424679782326898663341811765829870183
82 174850438585869840158050600208609015587664579485466666015739597849991965045334184579980205134051365132560541289258756562916
83 14512639052159676110425388300200972580386265975837169854622886466470105577024781671976516709693711433522027410296515207077948
84 1219065945010204729468059015320269444073220199022149672822726968949801206167442737797940250463631325069647629148618829233254977
85 103620955026744573744465332403423319964254892246041693123263823839928802508162723381194081249818930733650313598715050002497680228
86 8911431157578137661376239437471005918871081505691537282940398096006809955913148260346034940517847430516794013544315082303672181241
87 775296948841187996949191767178008155480672237435561787915160279806530365766856233535580635705553653717611218473613709120999309785205
88 68226338739934597220676364442329524528939085404113929419920351150622352045088364876577858330251221165011254526305203833154022735069861
89 6072161970716494308915519187846202625087416343129151101447477133201581345632776300311950083462239719380862686429190229780277493829443009
90 546496127958382170178390625289692592274178432226098470253848772308701934167681400740542578672872985851585077001064067907644088658842071038
91 49731284096890257355427988254090910555999295210745769020959078120794177253963097644119127814948102214936572029605882790003277097706047362997
92 4575290281237845109687992750414739463557185334221297008230438082067330710527296248811560382875392328253603388449114075060761055417375003660027
93 425503089147375511965323682569821349496002784439445073962371249329806373482906886502276596692568832273556818295921611108786593439247546464516484
94 39997389842421491905255137017539715034445373735898258444000939355158040695747755257409288327357100129918770792960690655991519789847488720370524776
95 3799761185610604206689457392651773757751237619281002994774105699616178000757457804046380014219690263126939732538042510547344501557616365813608546203
96 364777924824796298593211840341935420386817803456545166388462071905651747685462915002225485918283650397850761437288672855767289722718058256217508104130
97 35383538702784925806525359023441770856951395826032352936197708976726929841571294250726386952650168802791783696958587188390739086143231333163580257265202
98 3467594392395293950247898563212078847528752293426409149753365027930638356829988351486794014119744982054121056181406620547313525131039785901326822797594733
99 343292574402983750667139144181676489776187250684821418915915914689277008629664217723022611848826589790658780263482130011529750522552384240320660543450938622
100 34329328207375780636565527468885695861160438971273793956297463864345654316826104914890762637656564279403483609915606918327351833733410710494772255812905425769
101 3467269084133738634881018770154581706134899393603240042404343357028966947276150256380669999991341231709715952843588661564303629834124743839543742052111377646439
102 353662133166790146725365248834055697378739290522031853968080854248784007176184585479263786044340503287570608507606570443818993302581768976401942416282433614507923
103 36427268374835799864273893760962674601401869244647223506300240582552481430455645956573999744092347151748331483250696586927192964869589671390821058296081994615440541
104 3788442845521091453361754713177658467709206671242098451135309829272172126701281731784208734725604086464289893689978132217751196953696994074133069150460590593916381904
105 397787206103980936183277695614151807220861457959001381432915468235286570871648934206512875673760517759757013978664719096004763318124789541321925064682924972311101149103
106 42165516701558728907027164282887613490760517347392635726336052233421541617357647937182277969418103067228546978401426725569678766107157430559466838498507034354176790379729
107 4511717863952475035234813301778400998828310774584354506914859859595763497401521731841967311145206479401627455268740039592220063475859752463851099985478553017993962410428320
108 487266324881279511767232203147458536177072005378026204749567730667278928292506090336800882629433647296411284683051881605397958864919489515675001442281813092641981621869489920
109 53112113743092869900086124197401546218527830107239551102974335314837870026966398562007170571164206391514964487546611897841828655633756571523436276142394624110800890867176533855
110 5842341535175943593959544131340773640840058968417899790036190714351884894493298644864252446762684993479604896885037846242680336559840174587082918077863379609295956881726411174064
111 648500884937179501488532933043232169050318899638397632746426668428520557846612734592112695192423293143530736376808567036700728154059989218145235256645719700258033826247403866774416
112 72632205337191590352455488673090397736728153815160749346701992812664932154560680207113745875892551160488225504131534601334277236912030059945409395616872891218148014056892709122955713
113 8207450887785720061714658139147477625797563061231101511976905260212566037235145850001143012480751806505156441176657180026465813131732516454180435870542792434409944174604339429853596912
114 935650698209341961394474004928678535805260289618144849160632692517569385285922320125599487648196090788174121355611672140151176098473814995755005979712391628962134151980957077436418870113
115 107599975558484999943545215477775377798400406762394287974971453043506104637745375935804355307034302225742344932346350559186587919878962548571945578485716271076427863773825852401239349547697
116 12481613579686035564891368424738222119569698779563859867299712506857228563110538078845005217902004019689725022465059018180004251637585919099378595465214828530450501017652166150812145183900185
117 1460350660124662579776212894642381845346726367729550840763764684567680777022703527069505861693509766695879403976654616350404777743949749482257287179442094362845966543333607375085698713049615049
118 172321593094661301383593008658232013301669308192900523998700182721892418700888291684953563288544766538718221153935109422048882146961910196831457031065324106248366204969093217950616017131924544722
119 20506294541491854236718697813066459059342886814352721483565056343330211539862832931585631721347263022115507696768322951341853335496970588594781585453964499073212639292324128240398745306955088575233
120 2460758265680342757731403289993764371884837111175062037129488288728994520145093997197329945573394949673394315371006707470255101069191958530872754769050098772974242407011982056062682944065217332751935
121 297752094790507663008102565275262805462091893790798892293716080336573780722393775437460293321507366000013789596334119474119711327136520906055996989969124082178095827980859766970020415329325867136706156
122 36325796577031017870696986400977688399293329728251093565276328931174687908555120329036018956487341346527726561768156112488507465617326544480008822339404045954725837438943476218598971646665325429130715976
123 4468077900491346558781244790126835660641823326249106858653062717511064070741320090659424726307834132412809713886113943849501358781133303354958146893256235752628823953474861598851785637643390369308863660563
124 554042255165116554304200370180858172445197016638676832070764364403532617919485136029319540982758075433920404549457321705577116728283183889056622326757753171574138526422538799977155359108995531834636222597902
125 69255354547232723350060787666580073511026425666494060511032676103099439589311459113905600694882672403922743624135288749509364568050329220785166750862363825254859225254492227884096857086567171345636054955479446
126 8726183609107124124800776808478669516060650917624904122603834495115964410381385330992287006404669338562530522260474154666067634577059044085537720524951628494583767639713927663119401696478739702128014782128329933
127 1108226426441115094082807263077531390256047556932396100924351122408456287183671776006292508452474971513592244167889316557234000745519955165231068619913510334318481638520721658293763969763518158951057024759877222906
128 141853121095171826508046029795499351112921109340198033906437965733634610958389165951723668893118186119084615098977080789903451114155690361808018353682431047520416159449102881246057556323444497481851719307548192055505
129 18299070073644383833786187445173033250905855226187381623738742787307855045561023170543015271786258818700592472829087942845854525861353210791322538700474655033390673736469551108596751004527733132635676520703867024656755
130 2378881326026622780622392533487020477680541691499473475878238411052265972835507379514143997917230551381020048652269768348594202829977408442782260493198944981361456222704318685560894218116544834278959659596073489832861607
131 311633737415729774605186437978859273574853187428649705736117044723778309710673383494684767174494988467285864542677537607827420377629268817385199740645769157420445806006584646014239634688380020179538673527004854833619379237
132 41135689937016477536652277385584314457947122552292213531930697381024311497518977743344730353063882050199371520818380622409105181556115206601267948410318929728808913174216646212981848972368171719165370185100727632616684138340
133 5471051519385843565620314137067780796947922660538247398693734508153055533701969710879608165245492147137619174308941927319947686335368982432785522703093404051821548175083259354963957035113403071738662792525723131376896906319243
134 733121526865177869252671304739958584509568786218500008724371896326598889072683362604634483512430296706417903929127303615948205623780198904530894812613997434482402296352768766734462271184465388373021173275811529969509385304942517
135 98971488398178886382065699444449180077420702033742605762217269865485612073435248989581141963638796183130517429175227624914252577420689964342084002238786474292983767625450131942444832573600772166701296722974900987938349872039345448
136 13460133364255367319648066365073362626090809372434315460156346089175059548098261266522457066271206771890044645606179574872192990424586505888488289875520366690653896040157568110691207157923775241477519831650171623558114926870409593632
137 1844039737146039053147523597357660159691609903161073655041436862960775811287239938880301827348122352609529529283854460012097671584579598867120704774735915464614452722306179536702228849560099577013196962978420063995193092114004858832919
138 254477681669130185692131020566755990935802321477632231880929811523126792928863258435979631336324811937707441302206773832124728507177139485042585943081560811689743061645788026965171466128958888829365514293615414781219710581000803959184444
139 35372424672275824321940851154911812886801774867009625100080164114406802567231089119123701800663281401754878121096032775024487006883603237593931223064916703865607666876556616063295055174339601394832289441852205954932668046759806622538300036
140 4952143142198089697149825456734848519472567864601153836158533058890678280963975051157196012696514092490388156012503156212348205159047622422348105470497888013016002591623370861220381128865243315475674548253234790530701691101378200045552575521
141 698252692005293985558496773661654774757613940513405646162816923163208683869506339939681509749471159690768605412645549439488761176882729115830052956512088372956879744905018583008127669512931565399847770034734692695658500629458674594760997061980
142 99151953009601090500955185741657287839206953156453335774370203249503861923075034733613012631828506002651945478351910212472954136091361301654342707687162678793284654991846391900386255660946630965981173009511210067195416955093322354841445101381545
143 14178739184659240337815985860707905630703633246508556218042611381745170036356291894856763120743501751407413184180635185389944866157474984231815851895475204063215731695839217288496957000277625958621938691709199546078525685981179033634909721687827021
144 2041739839096314619233473080935485734130872702725113122209428364605150811652673771872053768750083751144986880059222291987250939704198751494839714333054342409279811277960337099580727824295317163904689971301664804104693090098291843283453619733790555309
145 296052474972871638991034598646016914763552220309047715627038661608153366697361543071517263694787407573035102912478189041971811203017091149474361886978295023670930221873558863131989335295332310659441977801087415617600632455086226285125764341862641962257
146 43223689703517628611171727034290190971289885572387459498660080680013155028154858001025310212965202992666627840048183961398255215530227622773225299130534864406363938825002985695705019947032517911530446002836146098568784495493961001712314447750835208349158
147 6353886469896769598471482340986819943751081440886361996529276278818662999440387431498264345413422340089496582460843160770127491184822868945167108651617291176420317566897994817942837093669428723629303371796856079819219530223792463832867382465162508352890925
148 940375789649671846317057368535246643708989580355622193581764143342485340223910734584829266155713895908060640274410612750356952638976190638067031029163133050700254341761346980173266153841746041761758217909890301988075725674386194819720649884354387123558647971
149 140116079105180512136498770255205818493021390052758851618601854678191675719672755762855562707821796420707020734142861396171108739717883465527233169795905085624066709650318350051788048332460054287537797529465660668515480263052534016060374824484133511472502173844
150 21017424573550016614014012481245554747593096010076709515514271260281308995276912245203197402701960289950733289114594131111987851212664889474822865803603066078192359288182886303757843135543195481988116888026592693989481677896940549993983897369706784167235040476520
151 3173632991357631808059808518782815837379844915500743848087042123830764343257494196847151977466528315210352542777584262619135666247017676263079528870406121304073147653024299354561394659999330201272289173608451316573015709513889371821481207932456143309253233173765835
152 482392494918518245186115167852528517693373413198893170426933640025985536558490557266278626286037719555566427916234276203831413611764166227755019442768070030029289691393112802530032091895994855513496529464079659050419724877071710621933175726500085014647959500625311386
153 73806093757382438613508848709461825698195627405622675228739877952518307656067045815565120228158576495922243372650422488374468506575619858176296924389246321800613479167864835152867517575773483979955932984237963887899605885155327519036875874122282682069504571609536420250
154 11366144785902878261743978820874158723153801380155722986713637378772067040563011570585422209440375713428655900093250618378193388283977952194502252515001674369537083938146490662140306829458436531573616224150993655639172452345339465710422527577247434684925332874296228909645
155 1761753406599935967606807089465830307145874600670963460726954647576950443258339910421854975020510807656880775647309678317172382846843806118480304649864145063418308068992088838857352618630241454383621541736462944783389830952977371328536735640824805322497257506649842250401494
156 274833679041777525711539132974366946838407834095925111118755382501760174184916338159901007233440142311626392845467055118323868473044646905722643877972655408385899659989724194591417314241352818430812920422754187862136589427876240237906768833720417874953837093632870140833864665
157 43148910341848643342468167364933252401947476260663002757090568480051104891165946217127599306494521223676770534050127840078084106654786132154359477846211929119934985692554574843833842616506051410510691653604855796342755818521474408030294127739160760862506158832429669211403521119
158 6817531357518898847981905657273632811168315540933955777547231273757369726705106018985981534136084394362545058141471493351693923196221902568001034460310784529239854576039760809503424848113193383343598048512650688748044986106054862423529129256258681865886787560955882511652709406619
159 1083988035512863000384174422584773565709655847824167160480232010038186790066460226851447383729651885583929287497279658377029570435936228597605975924477170685459953649389641948159433733684626230657268951339352305019314877064041578877821607365282797857511748881494472017264965312723821
160 173438171979878763758754592549898500380049739546819267002842635787246846512843418628124015651942914682471133353105813440580411425918009885189220456635303002097450823772314096814659085057225429917265853235679676012801973015758289663400273239033503135523401546415439606786252461964562104
161 27923559323823196002957185364344973108453630403668983855369219456209289803307243809340004491925877536046641194940152246876432942960645983959269629520352703959258641107051721666681731701062990443066569058140524863362495151627056847917168838542652517336631380745927421268205673526139336647
162 4523618778435428778205064797372730813116619544706071032904134512369925024509353630033534430586759620143327041438879658553298890818765521273858875194248986995741270779249677689286336854439671821029245501956667706569334253193337337445739107487124438374129998704338787083430067465417922617721
163 737350207761318850604953079480940222335009745886568672001907931201569353488717667382303368433673121969191672696804090555814600364281631803658767035103498150911831331919345007981866536591836621278626851350643307530153508874460017520234801320947761521989460835610313979622858691024203469470960
164 120925489919974939145604310949244925152887815232658069546280611455496286390729304065185371103131375854702506415558260731458088212608073537092005712296232737454948256952054795412469445364524608015675689754643618715994902180401746127432203250973109974911306250302852986192324153763656418692227840
165 19952714884033421829882267716755007395688115746627670887278366698425911994320384189462846299085538189545153845221195898449901661678113771151223490246628790178040453879630599742412837057820269201930130868007201001474571998434794497700988427888778120109242279559968151396846470402400075669917878671
166 3312152145449963546398157650887490189564671883959685140425552875754563794195890752886167250254936206810739476690063912750864787467767614574366706698474449376551017167681343395930546915331237871193644281342898067531394012047193635538399119499139809833657262385876384352508080369800411117705298093448
167 553129650141123752198370618906832760147150510396897883767206422812235064623286537190598061163316552800145202012253504545915882423293616850066314202656657638349494776899298251229992159799207453538554626335643486564980232001685697938404907820762850188440712641053856792574816520034899543121532754452248
168 92925821129138558436169923740883337214736077122910337728232453589188887708536126888788853201129779041500773028366279206105665146916650987038683088493298976500295478599989865467838167671940967835015581084649841757318681925427194123241019915865014609214279942181607061088871976806355833423581182140294625
169 15704470395128707275639809908524585764270776163115614995441565507678673531870193835986821963325433167886044263272854565959682911558488952344766590688780923977448688985432622626751442197651854226593375590594385942782992308185219901215003442579426467236832977543216365076788069085080286259411934760758126760
170 2669761073431180519106272081190417393591552242030675343020833670718220124888062198690834114961445965173733125046789300720155186796707968485844020549721162389481553826513099645144247633585134816935780927510298281560081822351951386577946462048318140955961983063772064170767556894113329693165751520915349914705
171 456529329408374127044289398223408856070829862859399729477238014157722819733634053048386411236113662304266447384547027155704949153567356444381301591368495755199298704924697239299397281019393397577954208635423175446457506259547537959217091492302233833498717532464907336415374406637308601731838341858028599983177
172 78523076067181140109032327774046140293354264953369079701314929318259340351532120864710134706255476567200164722230615216490383173779408425411488563248562647456127332144425896024741585838220059687116577072043967365562576642626792899425142166682869378214713889249919148296174551517755285401549075634351732777232353
173 13584497499144484101223630917454144651585075020037334849678168813726207317255306685719250685850427369017558844412146526031437729374211251012124493130042437452234807424093333038479584638507337496140801705025461374838888879338079875503322750729060499067427414764202140199366538947685452548743316787598621788137693081
174 2363703477909799050361165868215817616193515195146221982643460328064388388648062830583255716110796834436379847460608264623524476321011064810822550567230566853680366890389649798089926325894838763115294652582847550068317557919838417432654077061039511442200037166406237324504450607646082018175313155519506557866697916474
175 413648265680366968175484245002423630926145745859118753700764960041126604532091698416311479739658858537319607705935890770347216336943283900710797172242475696519359118072853003517529156514768459985295938435152465349890303761125008304300262335966247868123762933548870031626575448687167388691138089642902242778172086621241
176 72802121928739584687853429567688393951290954441354940726004332323575909850062773431884191872681330803422988991362405599874162138177476714947602326563661982672282109250436976805751208505768525972087077446190243952503443139735760137716597177775561082910780411159430653970557677702019355780545566163515161247023642147284391
177 12885980308793862309348157755812582161013731323150214800946732108193592172237888193569163127976027773799537924230840712394255945506366020567855233446869305394127640698061125673917560085373680886736938938564978345288209572368345384052672565774428433754231017175293558565263357962158641265320601319896192987752827941299256316
178 2293705322261838851797908431503129629507706027812229952806025716788379488911553162638707869402692423054034825152305058677959098994565825547646032975137080845106113082973116515663332730254828227376095101656443015766232003662173000611392325308372933140748857304728120522356940970415135519561844417571889610379145954313210006984
179 410573398289113011950994984945919339058667281560298044262160055313784575666987716237875572391465689089333840548240588228165878468351559127982069797754190598597959586416406357177690170218031264237372967370658192202643433662415246580959501663393110583316211279107155892363200374819664662040281711835981479584643642023152490118851
180 73903237464000959738903715986580992655724432708316294267618411849945440007242133398593990168790079988135638897759154342751282912815171655768813699306221201486243513810234540414235578474365798310088907600596351726432508635653889121263478404755891453853785538701322411212493197994255563484533238771680066877626969031141979381519718
181 13376490568394818236419276189388022676945381335617304886898838156891558218069803968251837497966743283237396748564057240648099563137744058825806374866491987743171766211878617761209671030525670003782547027898142975370315595517361255294690814045466969893401464002653965885702313550842197820971555341362926133681724260310263828144328766
182 2434522104594653497254332168458590019042737520416912610011677068874374223257855656197266900381092060480584386906339514279130576822826355409415016189841137277638458646481081265352874482936012376750952033823396762833781843671027073294126890075278315306820233080905580005509605792654029642746147152691476229927068666102348252289974527341
183 445517692947296517999462264635353946646806277685160424264725438840834182747067599568366639957720184648106919075137926631389581061143048670266259500368326734250240904793065492028656858848447213677020842367496808791285530256815225720603463410732741212931010361376798543653080285042083413133671898009017693434392525464091234945112813474706
184 81975282255283696101537529531457504959057708984832189299319254544389803408576874460187398255895509908738239584618875628290164211449447230817109399680521852086019812825456474290508384447456348367911842560713468613882488307885192567313547856956452474113245693296258937340098543852370449700991271176769938317784001792505777026279391586825729
185 15165432086271692968091437471983975334605714247668995854199282114066251379335168290845981071874470095300695284323265803912708937379301383353876057770928922318188220649626740705906581828528390320088444375636059340361786004522447967007152941790723858267581066900274065219078241631900118502742670659996743971742495041971555046786151783166538027
186 2820771259081920786658043368713548682944556143678988599201915002667200438224706796232551616101931353166298619097965589803617125131712179589918287277911780287836477541312383357429608277419998296430878007909991772300909779412235835493781888380001459103252504305471698884345640249693992125676963010103190396779490954130335199369023670046236367087
187 527484389398883697672446313024492666625641916983388837715136704137275570727626988049236072585857674833117659247798734531027658979958600482209181355188302274869125472265041338752285328894308576345270923302853582847207356515064717007722347754155986765213166531614594283890509406889864232242491484871838957737641443979327948596607973458300122129781
188 99167095537854307705805843031479565293571349604305596828437408776372035429296632423592963338103386617566310539976730738364807713650091649258092802527516369533240225162269070938911053645293669409691573757825224847393663748404175842347735392087209093307791843105677525919546206651777739461825404641247044048164534953119930377315253859903358890918348
189 18742586698196982320238877649036375267582350964326045158551868662564320030537939977472662536004772274582739024652840305482128265114117585134138719514275149665342978228623937032220903998177058358428300301984983316140947050267948058675392976668259278638090864851981663342192001748466492146269252831121711531483890665121551371309906371962087401625513827
190 3561092527626205438612782098209537349825979934505782546902530476160629080353350050973781980313051903886070080919358153639073432427000301092687321126074988813019715601689492566204649264224298876718529747918993435773945633965623161277758681011664771253210794748209579264205048113227447287519622522896094934659854701655982753983771176187855909559574841757
191 680168871110796314483656792369707696775892754633303675069576977821497707091560718329257205425719589849012620588218487298524502323172484808886576851265927918319504746403143404683229887288948376040578001235675261883273310874761520612403592768698755483781448412491715850818216028718855735471726825523963415014120344345362612199789959467227808706576496213752
192 130592460738446288774826744612739175853721944054296234265449096845464884890219718995097338387063233260554972318415998866997315410305647311541393023720497188867644241995359990947054202801286084553907693093850254251555107969848312493477607162376114389404595371380139147320424161898023798143555843039106637926134169082090951785537116600410989192651031835254688
193 25204352044705188985952438935822857358843034854439042224796769496235675105070566472753888256267164645390917429594449620046789152335854785128091038952698209601432964744535681631766593549946742767501938204172594908537007386071992242487500737855952100484629413097956351852000391656414819496600852745792626911933763952552957006574061990667010484784268071559696583
194 4889645657010548884867402120863219067030942313546683458217923421423676613379104078835690980230240792645017679366564402726051692602160474659819279329977155194533831799449415042849528515149442674792128092765485883606703199444588244565616367951240244891529073703900357242719777617776532420052036376137420668841980235035962350000592586221163446469264445247448104852
195 953481164301978509441720963221816943549385458585491382944963598075810630538695075812397731339573728692244968586424695363577814052052113169959382552131592703928474936181119924075639954562546924156634085904655935003815627001910647386920178705706172506076948181451312422608651276314747617957743380458483108637461998100350822432019125152206465515013456285562865228620
196 186882358611891877260955280696353992581394267568826019935297314816397876056934445000362900850332963358009304624774099480160491647780518853021609236399870075366400290357428994190188694627446297028185815841188971605937679966389259031820840001319885523095282812823283430743999354158473845949356695771568180878196375495196666302589761678301082936994883605546409684071297
197 36815834425834013841505960031985978264972804772943353020620487454677224430569312423279649138897554242009418301115856330720422306716147418366206339209333064801491246268077110754297258540663950813437955304970412937341490166785082918445194611492753350530260497184334243657282358208774583205088109171071683907846023656514213333534883051809980694708375766717467045803846356
198 7289537123277463344575198969775150140098502443813701069065622405953286588873984937199522154297178419065322208110876726332034343885425292940735195082213051093880674618029140291590705342331371386154563463652313570905485060654700421673443306915922574817336590596394543146766752142639920104102681531358954330719729958913810440741551708296627222205003309550570952104932171481
199 1450618261296932429354219116895816270587587149107461650396098729379333663981675116371594909430940206059925835432673718088273794754182928856244009864578869967422404981788379632884538743501332160737352185638442082988134738945645316691533281717948595028421027719248139732773445164384052417664125523453823454949588018216599268100901395130552172736087356681340625615845850262949
200 290123725891055337538871506391083318089473959767101875965925787116841642150783884412943828445486319007093651105371345849367420391681199203543638705328452412150610599340168462731129257294783513475372064003599026538452822472109396908472493233978941991190906604370622315223176347441526901081991514866983033133285419335367166648606946095876538168768821135437890867115273534695733
201 58314883483176369400239861935005686486284546110192364696553221341729981978880738514971583916587058714782662002824056737476304162796608810762857261241409099268374918228723097067237563897662170871292557173850331638856159127864110088003814486916381172074521862151676278148944739369251192397320502693626652377699030725868718323990877648374600765174647258033339219523156268423636321
202 11779609364838149212713310819309382461862019489433155883627051503226915118401237143374492694340404722266509844422130326317649617432504488139954879258784367209951668327012029184341253676405245518665418023822138267933110120098028129067403909423672432656243472996694046682366302899479069632363576872363630687942114105801517534644693486774459615669627633371820089961042661690209616078
203 2391261281309596072291477174062817421924626135302850178580043387006638002718735441672790842838759049592739512604994666985174571073639194454809247576810637200525012971604640604758199958568779429856106809580022075588474431285544654419476810557991971787101407400142100217764989934946946018423608269072846763618315430048546730267206075029107493734010742107086994514704971677870812488741
204 487817418016924565100200143988538624083996704170873656815058244055796836014585987862726361882274679291036290136742917713089087451630721261998708031383892471725301182957183140816866926023158799014987531739438851120712061694569365229793445361459336077331031258672712747776614244618655726260800881531866127031441103127964984711946687287693225470939721746475497898597367600391893318491339
205 100002594252688265521839454944272056555984248079068078513398707285541357836820364314333190934851697935471884011051986975443915562883532723718711426343456474272421162409559197891516088517254906608563481337421012124022508513606960068163914433906982743197726720514852106682299284879430222841603445441186300768706802025461033468984140183364084770461874297271993503529516229720004023051887780
206 20600539198576345316691072301474391776167598953540294779460490860908293727661000486223520678161135452225307291755734526930780576303149888364443463445247187321393160506395137974933523750954427898922936867722347657592787930751896345131075212338459561082675278628874334260754088215142495799262346608100916104047128453875832991704193412185151520930133573259530631245147119951132717766780895592
207 4264312589740139514404182166805487074743941151376249361095635238324504913219499129820244505832078803159997191466017320560507005472926930152882320930582230543313327675426159475177521050181418621394645961593589443999409343089765932580863028540951852062785937338239504537401591813762985867758758269478652697270009652834503685212737460215700940218988591544166310528162222358286473034523091819259
208 886977218671137524372600934374451200090852871454756025244049156368911593032371492643339485879454260760675286768699624780559408026199927238864970190983956639922120701330965989955320161469912107759899577138429279193901391407688341190739646264346853043024961361807257973483744461861270819354267403258450643404763545203180817446316329693146162293719167964935187167685637661346429477173324050801266
209 185378279903346139746564228666404903767771802469241916356595832602084244760353097284458924995847296821252039385272805090605970139036937399222555498802573828238097869364492904690937863614259132430674809467805454796220705989782724812657276331398916962911339089968274174206771114037182031530033485805709400673427789041721698597946096314254372289690347964938600637057964529086106060480142508863600514
210 38929447308327868827057516828309363402206228006423105187383847037708168048683976868734633889616943996620534590901672001061894850211767799690596960513182365094461639193198860837415901714036518173278952777531068694385236256673058390189893191319829644115085334465212253062431008750991854147278767536715513098725230238780862374576050651468338612236853510614289222114866294243985193209490840646045952685
211 8214115156011617664784184795975144426767914291061018104050042213054736196095505184045993037388146942195454320030826329623309374513499058134570436398221861002844685714006362298626735172302028274386074555858209771373843237960798135706749844847776583601989091622082509010688889813948204947617458658781779780732310389909852367397181580092478833474300678177950955736611016929056388465742160893750442793006
212 1741392783831022751626526669875187951284605365248540776542441662359269277740736619723945092844137143440029958350613952425751768608802078398403730961534032137750729847565087536294677238403757222688112667191559407142164358889101184335280592422281298521455613246559671846814393054099247523258964295728708924934051149516466785331599690871798141205296323154421532493362809861012944766481380945107076269799625
213 370916740814902462752187834798448690242347747210395198249750448850218431575112997369154042245068990786614374369749953670029128837464543122395594076000669871705635646454642031628487926611803716505604344669707708783418397213851065609531546565732299224729333851687879033795971845385157224437867689547750074441979092297467902837355483307794307013405341305598807649664722729899534979533184702699296834382537943
214 79376198962619439052203526215237611662151271438853154547482804154031170466546573628009333132430838804629360506035130147038892817836161255190773401405016148988728034030664822781221013548396339936255878531466561396071079751450603962036022378566401729645244648239389357397355996290203273926113580798135833494143087216278911026898808222231141885826409987999501192930162137420869682176386188038922330975280219427
215 17065886259748747058269261389329426257738425928564158724790355978000026368846068811495246071362816031269599388857469682841266807338311887470173078109540395100640802818052632028137590502259689893809459260490645083274096430890597630040113481952961216436324642282695204959775232831179812092609466389527795658658613619602264903716814430979077249048960558012539065323049846271106212231436816129031365005956584781117
216 3686232173939210994391085964470825668568880485265352705345113390748903396107614013508967889722452752892215041221962190993620970443333042622643629662848877343078156819970661427361782805463946240670276211474668677402622395909163515790795731164932754214844572191729867647069517883478530182318093615873382957770409425792273814138637591802447301383189507341391049307394066124004402361333430795238136656439875456479648
217 799912540497206711021743758697221600554670389605124414766198700758120345017693174024593288088438512239288273203886807515876044663988905921436178018385009193480258007389701591067152431227703431018129810401760165929491852054447985827810597734835164797424731456094677758192800175426833629969574166871685698107845833683097850225906411218747508862435894745901833698706898209233230153093107272386323598924534423706326367
218 174380967960163582500234255934517087579770660410768979547348766345982191213909849629498959793771738393796906097646101753400343419283196167496861748354088223259486446892560582957903286282820352481332086286502237153919390296062522691657970386421029831761024330077924316676440357793515393692991353596960261243101709060142570553777405079315818890165523152527715771396234455712536715588268922192550792860472464663260901281
219 38189439355740172445973290831831171121621111767719377051574790519996881373653049284088299212771790153147028219814578727919057196064960847347897968176804646591582218025784407609103674419503268121304208237296412886045701280082484287800127096217667863021172757976209808811875732495815638175825471073921528959005189824990074535824879989645347941840852336782584436717873960589177788722633349279972069124528172133038559466304
220 8401678258087918932527546026490375041199845698239042161595283446796715418444360877885773875996370010569370686935753727915807614886380714394349395871253059020166474926188584453405990506595581442093787848464831638450386140601850652211999616789082399534987601604229070127968177534679791252348863575411070114352537977189483764077174049534798984700005238963958067881599668743415531985439646350767021077759717696425797896309248
221 1856771243799366004415752672322884753139341058852149139250516736439606799440586181832455285593117359879307709406613769161596989690576976447543551481270422751633237477660570949323889817764196064343432077174900365102009644911789586263897298626327983139291923476583284654129600588044949453799886236148553689192433379162294032146196572502000734250338938142081038057265069584763743993855593015187323483488776777682993812092885695
222 412203292502337964460641985202262078859275958307400644352368818639173749469572879672903641578270479436786617782324696383031987549422480901276363124637970204471871903205082802318718757751000365290778163741244355645471913261819848315553775895299004692258533054147005145636388954297443770374851096075921066843778128184408925116604710745204142294271127949246664013881718883565472344991519094645421752896589388444751437177743691104
223 91921351031377882250561027755196496566368621102241740168662569747102639725145589055779267843502068907143436904199781164923589055136443013746057765493059098103345474747683317294243189790454094651006414701873188238603513558158107378069796448650911624538451941049985355935054992744685030153174299122657548728302751290199144679970378650528622801220430932692484003011759074234437819764172728985211292091742548731550202708949230530848
224 20590386344571133222857679048669359876636077405584267502078694124384464177646210829666919661855034621434849625156169794170422271544542616233069834557548200515994889609956018395052373160841352730217565580083748515247917241046705876266806932292401456552579513379043672896021626634010622844209950603247763212247194673871366732901429110111556511474845029600992700836710147158653241154662679003873375133568096731538419705462384743145857
225 4632837751935089979818906707234576376767275134808376802768994882724141718317896375820816269724665946363800039233373768337737777161497187497402515328174594392039259105983910549052388598626819866299682837075170898419492670179335345799728190873342118322339775027350934695615157265430298734834779635432938874597752489177313883720671782984521705490124720202479256181587810874134746390743792758909698673428577140994108961516695973772601312
226 1047021515780032398194837416957069771542397313203935361909273180820795522545124031226682588516310190882356623153616280043891067485676474647298995956282989318719068764643313279452474411776040870691917623191818026789181820667556904466953327276968216042672038233085193341179737412097233003442720503956442430974189519159575518119161182895259206498013789206622177282006851281072601153183736691859049870650370706005587311829654556203396760769
227 237673925262840043532494539364612935478843943369448138321940016203708832386671510380878606927041737040364196325570145882302860660093102834022104548215907690445629641563811334347748481577907599329770760899673852248641303787369899407410157825485649626489465784069365646535146184589325159802743242818013638326667445343612990355783054320082060098162153099593293445000956914223774779079190538377362328384336158940007123521125586664575304719201
228 54189664225603033795588714612945163758329172622784445154155929232435379232444541002633074020998055494534929489830071727912588905976781769151414831798257609770792342355067196199107751904540129900827466084491312463032014102505677423560207583667109861523834843447365422111882721316680667295622929032066380404357926733848740155746303826322275671424381886956711310418730539618642397899548224237624128691026061821685777591187963916648431190046249
229 12409435201706126299254612036039276414796923615412264348172431612774063485820844979851036404173731740868880617884332732924542947250817996488623291079792905203490083837447917216222234091088513299371231117183756937670384807837441465109096470566422712225390264493523147834007825540994697005163657633784209025482827170430399814816939814550166919274596448140665303330243857586371671264198849717889309188344709354253156552295290562622021602817444201
230 2854170571740259574508647833278112304629163389232707538975935914818067009156459118708759134717172154483316622841789179712936642473409459378589024992561464628618100173872304087353782536447321214670581816493785895011893003085219111714891003050592874783139013812441892140553092944721149489837960861256853711888326902533882644633876868912647031597277379396659218952542977246779312838315293593495617868043939920302456645024084589533246397710364540066
231 659313510451328412917565240664673168259664259571100687072331504634831943985900521310805365385814809681757128946312280173831820236535397070017603076111361925726000681749186954313116164134835009669164201264996710730372209776713819817494668825102121409124835238343763979198608693996028165513903550196191271578964323201180358607905868211429116943522417489392053491460048581467100502935628619193936202766407503641768489404265361686821619334730677046513
232 152960759243578595209127734343428247114794937814342590225309605420144236552855892585796804471581844193631135653305684768994448143962106621880076890904418126354242565145979048296477382523749904420272693435941471256960228008967221872541693385616633299762386226076282230220372885022729616388619633972831642574737773948328184057833791058931184231231039406731852691349337931388082489424408368050692634820424917534309324341369049124171860661115495118149007
233 35639862612094956164245911119314448133971829769068601987912216014765436752949441285408892859396839131460363573853470234754065843416455789716976672758779408563467774915213465997687404835598800624565966911737995790443523149875368866740437988630681660030385556953801384525131163316481890060847354391591495233621325106614271953240562584484703751170895376323280470402833643099377713594512826386398570904394741873373912698246254131558256601793191099106393740
234 8339729169857240645090369037050062192695744685290572007372832692118121469854057232586723550709591128391344439795969927557011755023091127864566681460760533826575310782161314541832761357762447615818455595675093544957205877815255868244902124328917158651353038576860000666408650613274150266294611955439510277049933232876386039419008860581157100632223405104482608858370055405351547915317007245674503979500775131184502855627447267531259255747716734562313434440
235 1959836660837970038753427141962233302139994230633160050417796133266969385704176555369665206010362858335654330614324239587267300419322702972386413903432507258081450742293039209288795512028940237217145905529033854947885895207041146971995744300682303516334563590334552309170493334865195358038466586767552860770019459201498615919835197904154036510940962661632226545422345718933476536264475551550244536567951796678193239690071652349347647359030152090451421715571
236 462521523237486153335721133994909297933934906373085310035803863275436804557059172966123559436231353360892684945707668249535552407091844734394773115163417230466039502116707083819087736213639567180847682836785813243692652155908010436128729135837000891218277068090068252567005477290512737460858236171851258324715059614203886585625013186505521585989569529935958111280614395335586661313843419191510483427178432805537351314683811791237266962295722822006100360743102
237 109617617686742558055047198937531577710466958201910589059629530341943906916265963701085748759833932165713823114821596967079781034504277248233816957427092805141519015152281143187752877148155292946756132469229429088942248475361954103874245294997617869053048967843423329578381630935152745326523934561952659101978023228432786873565206963219529778193729243041632281338723328434644849434476720982402475921249247576462614630585772443228492157609709116035289633436696934
238 26088996929118050493041310853986799419557740332043181462511929056974916380010070769211518944170887876165606572636201306813467060746618823725054380640475894488696041769144396664763603338851983779208433961968415181235965032907935490804364324200921654199232687015861933108759446503553023118103412502677906401376491068405921678905751096916643895518180581725833806223069243012136912032358532122762892369746394059101695638465893224865013365977904461769519501619935264397
239 6235271191102260542809179965545113051092895807228133115710971116224731565696016027959898959903961074866286692645422003743755126589546713053977465762619969109632814914904515036292668836161096550509950078605816901887022130250300894118263945741478547027618394633345138193130012848360127106252190509856491973631498014779134509666247683413104264039888331011613339559229771641129512646907011805027169659390355034482170868668051110105623105126522522928864646234039468633258
240 1496465305099777903759319301825225007325450414668668351591811187152996259654857679242303152548448177635773137662547510541695164541053280141509088250662707440497485862615113913272526896184417468432973912377660994911743489144569165312291554726445441281864152818100768853197862240369692375806016375413427197576877727503038739185473191149558949808632755830245687577479707871317739904547381702159962683058637050774216161405561527596901376548441626263259931539039341812706737
241 360648190707040333042096937822500934739032389050629736819989421127730212526653460717536598187213899151997078507887095312951148281327962007341337718518473774111683070282325991387472311507651287596314271299884223710560543355771234656133246297801999750772569227627659325344551017447988869675296182681460959971840335081214472955542396878545900737168285191450374157840222043126061341269743054937615252142916268729374213102131605082639671300012538208214678762758806055107558499
242 87276874621646142800708544571405157297071940336044010766703671334852943880913268885675912681103683402705442731482062356578185371591619984870029835836402178574965522273952719724798371970189283920501154674472139349589455266140899287386033840595975422644055808322682823423657732482439003181675888713294572026169308352649932013510279377103474804603253096107652569424012852896050126846303113108926501072925055813218628535057585766101020680766104941840606032090270877302372761015
243 21208283525990622900127983849490056873638496152559523953645695317991639669054443648934605266114500163753777855296416477743520128687092738429977533126422230719131502907542236123353830933809788361516717451844554617272227453159216815973136847847931480593388125150717562293486535388957158512531992569363331829213537083449388485360476259582526676636490119619671234861410278213155923459131465580232544080646154679886228282451316152285603219207054876216206643489841181628670332671429
244 5174821901638093401711894143469449522169662539289301945949023297568802334709709303646965120005134414383720100686482636343609537301947190832838532765522461332415634932806446178750317522794211375512654250878613926382870919691935614639914703141387876868786204081913540454929365324007581573035545537517018329250022992042320952856902118422930266191105063523770164206932423564454131576150760141062850630908166027724777159666547345420897350765896029731990827629595008743320722885908276
245 1267831540455082126711699666567104275741881916269759648845532241311699241709766541220044225753083293731378230079073708868309049795347804937285410267612674699246187708468623861699267242681325727379168132467569760908082074503434757868577677041707711024803465288180434056823341351697322450271715020043446917255399685388985338749805046034176669423770349769829882446003582621316968028257189927166624622425502822642682030555561169743291383139685841859777034052666211314399674772887749307
246 311886601368517255152323918231475350812616698679353178735048838654068649443881907249018177404469022486919372107007842974436981736695817388757687785787784228859023614546287285062491988407267996554852083620457064872497424872299856754103740498533792607964613647668637079413666559490612100681158919994673080371491981032764560231229012045359979843300859316358390321059351047664530561263115640345920817581761855662409139289124612659481984823569155580433394946080120420990658542899830641413
247 77036000887667565298810811226962698589615368913125313726160955045601551550243500509926097112834088564537913677871138587651207176182941498917530548766648235573101497624202825023327878637230240737471215679561396780734716709199904002134853182967253056943013308546561522442256550052911836883409399309775325885795177815138830461755471689008151867155844633350649456841988122637986177540252715466962724068396440164947112853968098659986741093216282960058249613366743869000509263133223662313928
248 19104930755804637104269334607686082384433162974218910343607214542373667407858871545994754524071305470171990054868502527884917116311469082427157450664949297647478569903177717543033037300567585065544316246867491336761731560045725199398959326531232841537289350126477833926547738059804838941730431572254320906571038608953800732486034478484113731407988316611660604956577946421385814663918729950186609902211562011912529273148149578799051277700404453466277438841919683775353135195650433212584736
249 4757128381968557375997574621961670976674559205813906034264553891148720492694157902716508374530109871010870497501001343459030310835519274915996982730947946689790621623938480760789796412825305495856527855174172583767800903446235319250054380513757974610370264110720275984984545604224523877715078823809165895082349356613458447918143047600568409840548777438022123350968550777627163180376886283827746557492314104489931113832167823370189087111370356051414026504762857610427510469919490821632681079
250 1189282249564141119334524253112040198094036980684214334816765925109090214376642576166128113484721693420894753451077691607034753011294171094882243517798084205744126552187615438603099149862083648424613438735974505064743787330992248212321599398145859587098679913706686089369181285569231075252443472771090093321239110743720242257196685411085480476440928671194797539041051378383036071066576651462367573298526662915363108352267663778744591751324775445419427060182008468605626054874397129183735030252
251 298509882850460932562239796069791305093768051018063746476828934416810728555872102335441248474174193191255523460200610330370778775669069567753607977282220465540371059556231281444812972681457596889748104211362094506233364143542174392743120246853263818827451732919078461387332355773353119498041195126406757932272829938750998714157833010251412567814135912446527405620513809130034896609340067354514161271149996814880164021477729904764050127685074037609183124195254569227769749239158933307236494398100
252 75224499992572918942799180604736652806971502205670475739972960002144085893520755176847000048508645744416133933711548805256123169529227202112459042269085019212066886589413530801054390695320140066827513974318958163915975299774434839441904802315783509860467057436135993710159723623976194562554136602012150617264543309263964902884669754869451168225981931034079782260616181837870349199880057727110136295822914181978010313274615600336187372554812880218226250125939101876380617480791751284376835239248993
253 19031800876685447620810431362046879384244186246108591730641828514074303949241179813027443344528914342780668727018528749885182375960400504722794327458565545456821333795374727667897638052114295161074657884729573887419751880330506676363298339629092024286417339728702233822042588815228548362788347065196019648348116099722004607870305962375341967732134381433479527301530972087083955113641796738112167407578343885093762439984694451420382962745551161344762132120715713705768633503064483687491468759374357452
254 4834078019697869396607714690439499503180633494047684335710517396232742036728716784253175280392841191414676239173753222872056984235499279537728894681691603110473549864767299940108562954862976333828156882217520190128805990070676982880626563752029867875277641945993833228955740333732762830854479150642179243493937353875049047901055142759002880306787268512375624827643678151146942858934809590160625230553221889113809289516440433616237082065470250351717656777028041136514584196858646514662087227025124651913
255 1232690045471956681280805131660433582784367154925163916947133415985269223653994567026070050194174600828033929821574939255472141492298655340575272368749443331340793639649434663554745155598840355766460138620495597120761855299973230183429452640577220939762818417162542345655701205421301769820281308522028911115255259767224125742698867172885244217133089922619646399208702449774834104769074845251074888011344173369849732782712937121371656599069658949313762914594650739542741604861229236139853172125810830107261
256 315568689704422663778781355325933721286556760149214454955649615775885949404030507641033558904595386869805371595660638486458367992393207687988279171988512409954334085392922864619470095628579235304804117636162642322062809796296907587971292602584447818763330087628290297892327152673030883531088740558333531637544643196641575634140125736870547270270006484459392345156482430204301704988793387667868647555238923539369301779899391872460046930127758182126645995660494830757515376472440581995391404936793281316500541
257 81101162922192663986885601534194347249644093719615103018970622675437481462319913921179193144831575211222363329437262438526246318159022846811546822658837052741470080893080905741803694793670773199287325888807563511810522375260285391462587960117330593481911583075754498545994536148449604533015468032450018915207460289411592688072108116486016166465152280080600857456465639849861840476005618500261422742946864456061688785052722744103099293516997983747048724320060725560759113928282092857924819053653131487480553137
258 20924102499305798252529847757432404911275341748395006429222254544529702187816985099653365883506646792844571395062673352289650061029310879074689761396524697106185943552002152980254680366257370683096841612232628627038309014340864230943808060569176574272775067959181494949951281637702408812121530392934721924181346985178710447970855379451126516718497722526974866463060933498669254392477659111217137569830067052352262446243068033404473860470698677946056469502101496383977337236515411309195846079369768890519186942134
259 5419343178457581156250558126737703523887756085947826963597473838332424418416497948871237045895339328537517730931975589564296338723327502466760024178258240527526979288636728407731691453800850264080552587176486086728206678839903428408261463630001937905544380128088182448617977728819229228401243433947574095030032144250572399307602811558093241571185450674499459332717472089120197296255123687392013966323282477037083052315558180450542474782004817843544989854336278884439791849384594961634603940234141209867714446668701
260 1409029388601296945010473086723005984599511081634622449765549235907675699663252391346349474291174515082905032487040312161241925120557786959403299909440787854831120097985711172172051261595610656002490071240538160164460760119419641906718763468976424090102725797126093588149671301482071896283532358857305329607846187920069402643162107149320475780540550105674419587708257656102530996750013110733160631766898929923370505725422697022586531649519839673317664856224881150075797002372737050405041456679421599955427909808703347
261 367756712273143501259329980694400076845282214857319956178821209016412446671513249775367412096728315449931799168260311599430847035765704455026019425743568423160316557946157719941211339785815113731391274787463684268181512467786555219382059153018967825869959978600046344870054109589384040334819569904817476897091703409832084447286205907683403080974117014576468566341588174364627587490262206856673147325435760370133806698860216409031151569472399096133266419587632984372775785573937571147300950475881805728904191192187704756
262 96352269454249954245106767443049073608870988068130000414505083957247737692785308274142159711816910438560788457119663503002061051963292013871822023064863283384483993235851899898054186487266467399325042155420659631235729722973435147284956314613896830381805325481972398532319073948374076206181184117549046842186216353440294626333784563018674723401701800189936113380414767118476606162843290706695739383292101863540011429267481330282522612286718127196551489021939550578225024699955373585471522110282238065293124465405934081640
263 25340649684526515169056969858468079805145039060940353378259736611854626828553935402604170696906796027690517530032536475370166379150196040763863110872658862411694999883269245644610595390253604117243798091855775964091317246063533682575227324180981804343262980807210335066187092747764985006369443989980117034105634116647173326864590626398125750895599134531053409167888259168674659625889778955887200924127086323908882852638359040709697492204470166492372388248099814251835481647682267952762918559412032276612475755060777705045035
264 6689932252228424550918042561295534457358444002652683006500482823172039515563132289314000614718218344766927527792187966018347122957345826293068771322420791163824326289816196742492637065449631058582590159032474429447476289323797827772970452347897502384557078673023485657566082225518175220449613882993890706638841200978260577956420819941517013603244333464432129173259633103706458870490076624878634757315845440383465813364140184467792956004283262898784502764031190137750535900539689887471515026089840691622098472034898807340884810
265 1772832239545071414493189768956851517298134878444937132982628777150758386119705442238826711184647284997056671986506725234188993587818747894247252144085555788140013235769278608464348618452525205057321190793690034644900479142265870306707464442105467359701286611961874663199808854400464330167300091355749272357386602631671760039040769952071134642209195171478114610786029533311745837633082631279419624080177808285822167621520007418927793906180289241614147625571243430382993170093067220090600514936299024232174936222800006024506953706
266 471573426400288365308218816656462220537463487956431399254086011241574954417095304743398710383457571622809130129445848977367223034692545240261850598052979584962968344104627876390008021729562485052455671238717732927095455634477213628651550692054702679644150925307820274831819287644709007354471837039517286407298904511292921464731498536432174611079147706811447548575902191637442730159719231699883531779729145258201344405090027250152874598438941347209696253146727248681504686915719175908635786327005777924544936952484899029609531293069
267 125910118228741497994143525883360535474571666001255188906206978002466159173443477492752034300384401059726727278417097261332980586957155493841566695817688194026694875524588222628525626787067314408267781385917952756483345549357994686445619580719510311259993066171345359427067064933301755999994421388778881458530220782197611987604466022069030504192159644207323424334024231686463416365562775844022152742457196415630639723090664004071186453369109348271514697159181703460342026907568821046985529681550249963716940727024728632926715431915782
268 33743915230967200552573293923120161420888241084606147516737736069918484959999624207468429670156441853301332904729126039050689265682504847987035662973644724170265802920616115203002084907631277166466175526068392926117605897028900860499166661047757647628612861136493780250203299801742579408927165266792922942384643884402165276021516971996040079265768069065953020677747715664031262209462499192363199493817776799744628017432633196131092807358509117697344422066955947669858523977214784226726562136165425128348986132033274855399257161568124473
269 9077114140277029749218946681756956735143377926686029594865249510980094937389807745999617068069503625453201796990395163396333367203039873493603073863611626907760670911582423198863313620168857016904371321423740174561101840491685600428703089124948191321502218934018677502945237310307329150419422165710970350536042019501991481835630994929931854186840832737036776185209232665428792809230872602184164063604045518589595453092067139939318465485188149538468343955403656216646440312880150788427797031899619257158839666332133373667436044768815764687
270 2450821069695034489772111592361430085209782989348559993123995180378581638027566438306851593882834579641166604640861250951204531810781939757583817626308530900471769199517005312869539934496844968698809073319972618967403009899446210831739206954975173095826221632171175268485932927917108737216755984730804772202494262325979264490844343840013644768508033223319217984653341487714237431419168333715275985217397774933583603596137573964943993823373707113605149410988381496857945805161694528013147292583957226080110152613772839892753237908567297705003
271 664172577375184808662643346676535399332174031889941927348897727358067763742440424780405196879107511395639856460339208466028506222100437039314910550800937821317297793600714281019875728252814801779931591802063631876952067917961717193203046083131594004484201319544110770747248323872136071270899689716378626852721829859628149481349369223677641724345835535055646205747096898665989671977119037361838176720313784642554756063809317409766214588319889344805230885066695519560398652915867171521131369743376679626085119066236935461757613856883127836109325
272 180654959200278548510298488733910992132264806960820057610959371571893453698133670319885705550351379238621291863615858683550080485078053280773402657024002814621558815380736107602252595811392866421855426778903950718011311595889268059922429392017971819116085401920435997680606549983695632000343016441699317925881038793902895662909992100102308408885775639216801242036762726855614521635361996624165188436253476630865930828547040519590690246659940872163321877674829092127740866885996496414049309425792520658958898071279299152772013933121344154103765896
273 49318808763318183133380466968580885574968462719869854424911894687117273616753768052461674228949114297812771961100338702331673874835372167215018440535188021008747357542479356409425584395590121526856468908258925185962326000483789979251244887499320216569037506376722291709156125117414763370311117922095883255375067995724015167932956825016617875653106286522253185714472193738265739834928687916733763873649169555021948983360549254123406367226151504848001099815527164127636250375768653844424517499535943307808142555588455105994157440531185759803695591543
274 13513354929494336928915865274677856000612157449592403892309713842065587687126059931255348299542451075815722308621205725117295573761904418017789131336462619358272418601234930857611172164143149803988276040726129105080941078036694290238275485580905905603104285715624547016530319776668292907737388852453651444730022336272039875269929132753291745284234571198768442997057792578478610046749804443423126025056225898703583306550302623248448164152394688968130990959916213104363371723757916985106660837135587953092793373654554920374296560097714443816802470404937
275 3716172966920861056008959971133387867990327563167524992025286528486779757746573877362561422145585146552082112113415301638973649884684685110998572664332534371530544358457236747315287549644557818882508754910539061705160232482714121594061878379607908076797316803967554270417833299796880517019045935110787030699391994236888553505021837327139430157781324851212600257793377032607071474085239492665352905220838994650438671033194878487404284323289032786117766840620713953358111479515160942897324558310905538685559491186314297989151790165826767283400808312285840
276 1025663837507775178094839218793748988727101557371162337538687931686140587372601623659603057435529958346603258568846545453034132031520722761379940485392660556918472260428912427217732182553066749191815470068246597548474596089881098527541036935261557627836492575970057732079905409056189257526783418712813064664798701159517232215416362968204132756783396965147250715657343489943939203379005769833013235308479309821860183249059753183622090720040507501271513344013516682181167023618685171776969266942844927749101035190283119960687274401770290121016062282066586624
277 284108910016363583320944321437599019233119132616126866683024341696488626833386024005829909420338397546911254255015110332901904807322387728711079550032029647191655532683645944809173529789543817812432493185456388973185673278779220365517447707618422624722519649752277423035227831369203977671504822458226923819452129681230945867750083082050810280212491527814930845773970140830056316293204691743353553026700818933107068167156164732468565626347548882641587132553726040796609474269119240098054457156489719257676892933285535022601355731529305460720079101822694689519
278 78982284416895010004944633377572469613582854847938395272930751042196895233240830166768469543976918809211621787058424899377332814382923557951050336906049570584348981147142289571423735912068280640971870870574385955623740581821088227042093650841678248888676616225766731538901877956305305386439374681478955043381753450166191425011630106853799912177932960295200477550364214737509721143653852475131273072128638105081754251346755862016018218933187235952426795085469520582885340563038107777581024884153258575445253606572375231911839404073150839904517823800419695476792
279 22036059403641382806929908902021156609687593956777927023472354618148797142355366361731650321975675218829959171795817684619366761281099735709788566756668800978354479576997219648252076754931415404964650356521193818112218719277275795106941183666902101963056031599974070039469088109619998315195100589699465882729638542193769726612709230644936111905908809489154863531053047226452192086957831598573164853150360648276429079846111383621975450326540678911742078371872684269658374379421679307315449496617293028239081254435763049571380509807385136596548625179829984739467688
280 6170097201237407218667541134454566725910564774136084798825992659130346592836756248056910101813007901949183661925337461723643358962517540643516256114026364337998548664870286868802471109727855892477737724690920639984199187768983780188384262461628003786500938293032039115606190741149262266662583508125495363618146430718514885913450320080748275435275027081946417418556544771346895444460825434009869645589207034919038008571047521726482591028562642790385547227298616702956426419457018744286806055161756360886381266595799520481391366172942900411107026810460994961562677409
281 1733797471512280262235599068671000005125807928697949524346894483077129476980918972185652072146394308401558227424263400861193582623133057686675183870142082191076733343526512904418073524680999329922805582581890440984331883010565605875112431835904770747363261437695235443018802676066698609542796738662013560134609233795409583274062389965950479104912106965892863885015344181476907094912934234264478320673113321069525890571972856298653332111062540490472810675724501464469796989638103393220808056662503305715590286803926878399976979939985067158293701681653970097355433740952
282 488930931038581841233204551225039805487791055268009679421678291172459748806213434867086607808583838920589857793560622634491959538457044829841873270957200691221240759583435793040336030464195320901061984217393817399969227233416939411333295991607512684560643651542119594879442433588985227131065310692889003356891569389582586870825047195816496397457437976199406593884054121282582253669831627978246083576147662842327597694154505168443006899270537071394690434038466156725851290394693915731626486609724925446382517356869888580319672641877704552985377397376880836813559295178929
283 138367465824113063543811325331768533862178320461976287548504554053791427172851587740898006123649430040542733653944980056236147996670061611880331422713400023668339810959209659170988834226309495270712326488997899706032571275455369391374883142393451012986669726388296431414960439918064301576616016251254604200991041373544733521473260183316708641977005817814486229962022153436060320482353239639494509671789079762792779985521742104764414405458744048329982973603980376950649321094551217066087784284164264224838974184756711659829508224943303614217487239879167366880132257037350905
284 39296363761643053071002940865420400958858653262817123059674342045065731471348804880252978110420582424302753160836829184497867753441462744040129497400973347005972888465882230257586637756418946018880960568486568680294132210893090928281678562664603759497755697020799061912319650974335613781156167700949784917108576019305171910917572440186725186222427862083528021094942061606529493970802509883484909275744739998859791654939955901698806288456947531850796145449151778502987336130446524922975717178318764364860880099651479719245337135977806703818759871627932100153974938339168344305
285 11199464649930132202399520613053916723354327155484990608026546326200315814253907003298968495643081608093962492018211904703137578714735958965526566443023945811103655655257954790283777841251460543771715564142640508671462480042985381394157213026004054671885742772215035729250290286570517105599962056901310087153950879285112773776681887103311069706384735608681438410871675325969148346843222656456455100079418051970366306313082820293170129096243845118551044242389124950283704248879840392435910859073821063435201721165706433724698244392815089705448810629520268039781544171794373984313
286 3203047166614949458112389982956070846416405290825348237848167346302398430459471748646680471549933587213733353802675912635057459984710477604263821763367693928775692854083396988440478804575586168137701192769448163475837681357436369989467745675203444423061348406192952995158445851880047728330192301505807187435238353457625000389598062658067332569443318338094527014481759067271483299317802644453025437611732906441684289191101657647330866450354550621393695313289236943741893316478276541339104637870681392470996141931340409558687017555361866137823015296947857385513649240374638852356618
287 919274615411218017764362067114274063762310236184181469896670147737472439673331334559207055840787160371506321146874308599919860011347413955349204926345522959505317861067711867446877932086468743093412280086752759890702775137848659973159099572140513878626125988088771551208597784128875646701992752844502064693483241659490413722158465818010204820880604807888853420212307042191038919963197300563038067564385895638243388717429485624695762068864332942235054256506301901157480387803937628257372877020319916276704622456054896846302612529063127096624558189862668829693611594013238465451691305
288 264751111637360088976400680127952156471378794729698574300222218601484715026551052860865638680083693473157036678224784913200729089543212648612488949840643498385423166194812328340610425008458680513823824208415923133803416582625374158240583465090894049052433628341051751178147620329696759391208124019140708434343347905834997722207185708950713195035753597441461002384021249894369860887697516248600276371453338102650199891352304486078020062173186079851385862975903432311604252254942534697804173453673854035333058137747252623148019857766669390103700862722809746683284482547812063189540911607
289 76513077669291398944078712781758139132370164509693469623460696872163775247470115195733666871905130513609558027473670445266835976992908424869964515031589497768775152581686471057230389708402167819667421471634587324565514344054095846604268600346759730583042164713260768476390652592174067224154604501916267749139602415263021256967877449082881429499997928547218905878036170182991024339511180831450768777400889935131720651969394378679863092629783677786151757187426718516527516385465025484218488806321019557574038743801239870770596856268602564462755580822350848891912030418313408992570504179228
290 22188794362643736516218862235433994576935475232431578559166541886267790296711212753425432511266599530521092570980006722875999633167663465907117620057570807043990713259324798742020547909192492840641038413598590497629518941181238071212557840418759466150109985019097599035696391668926047752756128709541223336254614087392759483501511904550967250575409041039903098482337329777681481440536082367515324071522393209959990265557901804676131546254161404286649894054462261382396782066745632998298618268578849712336303789111604474633266780923119801820454698475803535546896915977605425316500425150693832
291 6456939689031550600939866863312652677792536235395178820114612289348364179312392964348906582509857823549024884469255312806485719653248247665396524661731004531088294329309848823552636122795865433543903206004838251642036279490573443973602648043025934831470103745424658001491152331952720555445552236892744029131509568117988821368935408638702887818870421014118996541282167733347810887935721744341991802013569167005033372577749207865363252116001092993787278872620244014084328204631483712389967311764792173637572473297593177612785879544667577863091095431423655735383726457294808605132530499192546083
292 1885426542223368114057239012244720145431698845475721234860406035411116084686769240530111113560212228286576293484138606286834720672420442304112634941154483386256777481708781019850311862317172123399155375488255712748649242742276133748483666437100773664308731459748329562956953433711499586538235701481890260338936292169657566365771653258256141408873021936118604084492204734209901145259279428370223269089499751567249615056144072635474826977598504413753241003108625626966060868807426014947921423472296927344210277350974695465413218368236645273227728794465550168559890474084858349885868128988496985366
293 552430021249035582706244063025427473479476915595336786677256086708540785348803980897748063124007205421165915033037753602056018909018455930431933851993503747314849890122099357465738859700027250540938206300135751032535223382524789550781856691186207521161390617926230600141585427470252716707798566046451265361755006114937841730690061407692858534734296578100833076562412951798160590923931753584640152873871570253990557131430744397997733656699454301552508187210615417625578599354139955871006973674619536869553035936443163994575022248426898911295328177683437681740583215231196969255500961378348617594126
294 162414439161095839378736956409209403828271568770101486073470929721535569589276729008723859256271283413538426117762868497515095172222865350043483883279139425172574929872485869714624871857080257250766699740046322813241858958534847109076753814414041097273318504610519287290942118658558962617533889308761145801844030060810861704800520791732517686617658831702486952747342490392994680427257711425327693628901845681811557806707384008509749425796143796658623394614478678022408136378773556289043475040272767369232939840459236809591411766609267369255982210421127939185196026215663780790541659536931221999453229
295 47912263323376357063463630255194798618780403650577629343116393988665063851068804431112019540822255727418292277892633175044165649475186623103712353792616012734876376825938294983376376898462400523320423221624416206417773890066265381729909872219474997897176287477566109247487050918181761395171670422555940975324509545811788542231286365104399234064492173098277523297674203650342899145843315389030526360972582655133912687477908394798521351559516375211302728917753216233861654163859936720119855032723313318517571941356029560778857401976170610403805298529690321614145962637086959814973281608153094653525814594
296 14182031048579444188856399968025786442013946439524809476236025975157032316997936809217119579579513943330225356588049485888580236356693058475610717586482043756530902170177515559278122493422589954957346355477239797371163136530061318041632423740677981749979223416140804189717367354952656313476247860673690621598585549070301638376144225451024988668806752705683303097777717405327401743490803203016542972128190213662778663474575147721851116057084160461454210864671326426453884883659739977435388831700048091520275033747456622876869780134990997533324190955444690578404624878496272840812465546651250064085483672545
297 4212063546256973246282029547977571391696949749082005954645071861563498041219526410890942532582834153711643757983502932834645325228128182812987083210152933553968528289692581866077341809796252930782846369110139699911881078033146128528059048004488989407826023901230828065384632686305176242220370849687864732137071511761939708219438244559996005099670978788905604425013887564067219103806129405811336113377459751261536626675064432288157798488452847249339493944054173177614159855263215530845423061101864363727056423488874297912903943882915859485932023225731493944021911996695603192536720172951937704970158000599835
298 1255195032609104674144758932224576785115288262787245075639490100978710393613546572583109736933723659450581294715668429769990657006313497428643397004050281784314646900081143047967637826072037170298089264635668073822572974089425326433892359765157463282482150916919361718616839035493044356545193303550324535288729261154077124672969681341451539728500419808078216315209185089440438593620024854618408939847535727821103225016994575777687813546601651599335919617933601442435452104591746555911809512448065645837289451234828423490104496834823730079148963728878582254699202519857027084137178073114935182003095879186291199
299 375303343114184394728171298447948394801044074601279156665826492664686358004515059198223429777422533334751693780435573677326178222048208444550492655432469426474166936186066111697354828551784100764308600040757465027428913995064445663856451653046929002818126624117335986148043251047154972512325424714042757398711292282240158417821211473382461280871602860228892089614152537298125950147190918512510679047499126874890291605638705106678951694136125942369760888670568560630853032180701987537110999092749291505445728959763766118454490307351855563647535221583078005044442666987894586338872336468232338555798706615105137941
300 112591011358382410932397882098443614395456005774283245163759857089549630528350600198519850715111825166093815557418188070203719135905112989621513422603907248248117188792876412894370180720218849821798441577919977728508074022281489765449192552032174709823416802887248598306069106083411864364050111854954526595342851958815071049225779880891227504253491057410625204695454611217212913178595483166012015336921964817386590004764864882132550084556434759616622765280158456297602264882530306787564361418670909655362446142041976813284942918013444434925979538338969852976320688203590938171521048115071787331583286939954754910108
301 33889896929263170908861110801149392382185827968635782368781868262934640746454317886847620231468133242441557383945464040468178999888753022503070397490570089823246842455949600443491520332061525940435671511132442567617077925852676598250859825946404117971775022633363661928850238164785042159667796758727919605847269017061858693971209090087622161683380265281437802769764468394751265747634427673019325853231391105104819233640674363511049130827113955847906651021166931212781166600545831526549984610638968702395387963333537490455614798531040444560179999337957383503037036547592996984991292207575760848121435494303544432285587
302 10234749623244163842844844918289713395316909648616155477930437547059246834801920010858099706350235794062416999454917701092537412618759856892344149143137477991559399370030651706066662534992237937579774324979197736935287588465336322800650995148717349721334062471529074137184744221851584826529619645786681149051390040575265890059621980848884839593303401858199936894253048683519956852037497451633673432697238208739909158340066869057747050867691802938319693347914190567397033575070905482422070426634966733621990175818186241645127906065354828960885487095133572984073195126258555238981502446671558724030280294384987676492038125
303 3101129361025004361146809875037547355668252414442706658379412904278665970044242819991204608063822875824562683022471178267414976430922508448606256433397501039256994505353665052691024536843009535524371264065580070131347596321144950371576782428446461029913640575706915238064174111359242369262203480773588098071624372980009482318207558648771868179225939270016695700209083142015769360593188085035969382131293851092122109750220270854227120678010785403180386317663530302238213768451014126234500914399117757629282333997802715302427382107688349202037172441784549292113884075897718445020977746208377416351576801733452226751653528984
304 942743393531395184314972019733635998421933498362238761418906260464450980762731310185961974546642617186933540521946006084222233771358442345882346961893635297074305976121199087917272346183315562922460745147279363584814804515783916618312538359967376045901982678564947499098832787553686009825794177490764299269613021080460916748452485771644828101729008904845606055739166814701730675122860673119790038206565037194787331573705429621033771708213540416794749136383015254214279411171441495466951331077301019597239234326107952119012905071966855219500189542662501660717387765146979502764858617358817900246567585315970119273321649464736
305 287536755496574777704394151708448816098116507634302119465077365302532643251126719210558423952925410942486317984027530765523183485339150153013829608065857051882619305835764461876071477719236316675826402429468855851763989247889271499257969801092039991434804159630433930283292274573362676700036877193922402850594269532320660758809788279595634268797026902584713563400319666990125222952386209376530864920349201738886553609798472714549038486499231562506004363236206348363736355201356806259231120822717664247091433713443277032671419337205702972657215732283037196785949236516219000859963695119955943928790383607655681986700698227223335
306 87986253384210604027553332716405087801118362672601277441726990541400797392176716166916517712004391876046564952237790459192450681343732808667248757280665124671083586099732936041407977564135386588821950192159998021799920972549309721062839502287729094271972132674193934080517912147797201788696022945747216819458042620138868152214759849971381383795626590642800890433889218517144602254968901255594614737565619994686987588842552151092547485323006214148408141511051777926363929168042719617352975440753434057845493974878310767602884922039709325009806418152954265785599050601731166058586408982093337843155327438243308579769424053624838980
307 27011781674439442499249241773880401422215334184355588899087708934022565728300213388705991309509297399231529814204082714864094527616993514977730060249858117061293255081229963607110424946734256049399464553914609687251302908202247115934124963827409551876247536534942894892613997227039316056501698695932750545102217623608674683651764770846185628114913566785357683054416101563097022295736802931188892964012721751498979579349326657796271320061706324170642133033391168589424234683147937265410354394213966410360605844766110057869989909092000906711721009373336044921182229969506998273945032166499045580013544855158177953374863440483224973404
308 8319629330800859282918321875143467054939955125014536649523253281833680849381752225974883744445711504814133067747493444233202645552400973291441164584615516186592426330257440462518934635737106301687668434258504642611112999254270607486253487374781744161964224122370730887792971712512658492127876598421041555736288729260010867206065067040201732650661916163943971550187286082073216847337381207578597785977648140160089188212699830198196995677082520843020901986293206397955361009882275080460001671880143299826395094370829324710510957343174953678616016201418966401798520402506628500813071628558478259899939603661181687639169662998610489375425
309 2570765639189972286842969514525996752786621735866217169905240147540588465260556222179671410866760278996350870027105378743640535860593263434520937191143709062987309078216721302384222885258720975492262723829778318886829960369411562811871769724486563521505133797756821192715896420202235769661917446304147732216946856257428598244410410144942035331817299685911868494609652267139061040116455303079589227056322750440707548531699425216347173849313469586505887010580883799071762404781481335947579751316915161153224199851574211092169421024810904766110999025851296924064274375572649410213571250395410131083086559720630971157365812720933474936123460
310 796937402172454757800205548001542541124655582549195691381802243913000292275903885476124914780678305507463568171462295818693995844972966898688520484714670309242299936833693766199036308651053395871113543186160386684136662217123400876174480482840762346485695229799687639627717675490687542673826521357683188852754615644238112673116594448461572645234619132459812804044358311645312048630145735428278522765245980662062843042785980515720939485829815695229473314564340044494583524330728580439624253728952488385432322675199694970792636257671198661496223121455920793132014898791981256180203635512644371970104519475547801939637476020489034093078303161
311 247847548714892091277582491265123480576701996052710110048813796903449654565167807146579300446558441904244179329590909494600721174191883810294076453628591635405387653540131421802781217028346877590128915306232748775775787171751376181031478402670451839320539540396151100665681972663547250796877032397992668575289796937935511561360995285601683173071431851518834109945738535296264211270409018392957035737187071941197824506484816365788872576487064035381407886871313726424228271977578608281273303829707567648156052004777293877575159297157657470075232748004823769501989437121346975685300332270575652551940787486959580543330469465036392895891157829845
312 77328440340577610858550310960657554991924528341689026067664244444356587305509286350845186098669055607644741943534103816526182493628939469998278722573994972533899073879139160035910344481289996325562172560070065277598683371246350107304946885376720422841135379613866738921335160902819582653097173432008605203785881078529592122001827017928545439882357401308475614126807412231738968194489693971513201309180820558299222127438359769524978676558311677665938433715623903806126819000529335346719942690028263740055010531938915392951871885052031180285282149599503067787214552510409007559112524095562104393251121512644787685292355758433427732574541818923461
313 24203803420475596543635762931096910715557459620259830257570291274688099652624991179622314201133243966549415243253310837497286757893849744055395037542701395832451028608770430758627470220716386152007751753529016804209161263473432017833250127471874458030800066790530748881753184618017880351794500631871736144151358483088993622662797202844823619606323157078791132141316328117250920335499371473375102866330642365239617850013892693433279357204630526769070120211936911019997783336332730624980502941227354008542195067361525868393325841606558274771690635817090703129239741199787816949964732402318209700367221303759791282415109360195837146293934328345800961
314 7599994769724434744485812115529412494932003474165578806297291557879657097823556360737020952314439498613400194869898262155967031180111168017161662376561145548572893793929222338471869254867379308424189230865941888987174188282231997102392902089125385162574899613305735941172701301421559757557974792161789945248863714269537873387141444415265187759751817465604118530041546920293859577875225183457819085941893177059383887300011318707682449739999138379616088509363963802906756816065021371401094486091996818097384547463623132230092069414777892593625799797031976792228817740712248764982877344928582387066625964650294372626675609894061427459083840607204214174
315 2393998507120077625668252533492386857218691078211214007361698976060580874527594864650734301669420639401332276673501839647337247874100005183284863645174205995790406612885852794896958887103913444733612258847116815171090424506269821579953978767968267079651939060462066049202878752618113129269927365725310696770602477566666587176133798994462570001412702266380099953914315533507390230508632321768600955098098969135347041097947820269639510718057081706202423212326516029163436009314119733050015456558864377757203612561062350530309787769398806271054487506629371888558213162753463381787621481877551643050195945770363957190669903005902266272569165081077954494101
316 756503576657551370662360887855120109074927811829662866845957391575726105726919282479614398572165324317308932527657067835180245322789117425617505022665124180072560154573986700728300525579777089968593777811192420652098182562303790566129492957178227340918928804706146452609607449333692984885057751158199443922982671213783607725645525807844577810093653128822425743019187991220991547342568484677620848561205006908054395466187211232991472253464752228421019273235419489089467818938828508309266134233607025825984358653685837490629629721781705994769767595476153150965801617909576828220522288202771123840281319626598009694376776641781146602827821443314012456404123
317 239811649000433323948837890421697305635577106214010077121326105724088291274747608193150485821418312437465928838067680243548662079258212584143085126508169118205292666145741371989315943552527847254802844414526459078598901846598678173927043472211302245322070756241647652088717443784183279051682822233098808047165397272496832188105378455369619996330063561340343891745319653300148161095313365393256175909540159073639597481549120560880934119713225936407739868847804996769288904417122269264080107354242399370830677887987505411775857081988939629897801515017540142920112697334971335970403095326033136114533952454841406593858704897163961819520619193005728716636816324
318 76260109170134811255885700490604810176887234213437360947009716343658028746531488460611583792679626693955444173170075664452153835878607349957511436799325069937695059415158982064308059843621629634854193991043931681228081129399228671848442984071151649948952659788722074288344245529127787974661396009980152409619989873858947769150684701075137147758100215331633890335211557578078182243090111212320107476435680781615330269826702534255777589347827283891824690698448413625665929931516900254216940238679996117652911082787251843069423612692058341105113423884552778707339614868947210345514947888921501039525082981031520526076625493497862447292388347534554247767879115880
319 24326976338280158105730279781224710156667245863942141801421833205541694321595756272773660189093598059702435325859119192274372744005766390214680999573994742640373084098556024426487672546716351013072667820330569828696599184474719070927234444177683290690170580310459951110274719543006663031302955097299170935067664615726346765926283870934020365823989588878097468661783972905782922577528840161867083640224679291745304172183509040802015516984901410490996533174843590417426409827089529058752220554671187228745330287377850645310821113708026054375943171758707527359947639074797395919372924817610535237150749151511694210605569575681989025974374720598472599487534743571035
320 7784632907872948594700337427667688093528129947615697804475140868425553631087224556782787646810923021941404179206775817663159765179169403385123088149848570661257623322123260107958799193581119429238948212111471174235829896229713795894071369990945597443459076343488696838583214431197019738383503734501379165419268771363225510090075214909643427802916661101118312652458654820489841825105551042424197551384249192438815482377917856154886087197036690783570763431429686629186444683246458133045249105654994621683304433622267982474473579938282501378181074758389438790263530344160561364142007882441561927954511957551647057209096125128622216649879181699325433632141441275285794
321 2498867315947434839168430826052728859232150066959107422111242112784035402895056575790251755849473875402444129436263383810025613526821050243839211211124264780913836961791685324972738669755659024028961645796170229017564759145900387280454253463979504921653663404165191262629360409102734394276680648097734732059890094847575136456809682287364942475010543729659409024707008867800354382015246370798389838634558943644221333073972171479123502501803956437180782845138310804865675994653972923741325471349133750920332958498570187948809705299035908326512807207669857620780150655154769935784005221293637156716400417424244667426966719144702787746409379397894684428838871573603513042
322 804635324389026694772550937449538255122172634895324317804103563160125810815596860595973610930850966066783129083347461305066632104381866190049006439344012407443740782443090871753270704636667299170027676091702454404795509838178293653744411469870288940139060996482352207486556272280519560970417231293380778321626480676248425391786249549099253344994126728929507462150594178999659922574754486454761851774495260302797852740427383583295849409611907942575033058127602428853928505131398935623764919278862177138721670127200175275218015727931789897189232672756037671306263230855114068917241520002400799683751408712105085934871989373801630446498177121574262978560594826824947003117
323 259897225346921438157431142196875711739837948127449649882121059851002373744545048146948589896240155661416994576729588415088157496034873137724635850154292307301469595244364995822826653515241924794157797855516316995691298149391381309587036692910843309556111588781952449995551353113036680587484242474769460400643684096965784127997978784509488649719958539277553112511267224734199795971329349335990162971557071846302091312789009653240271669076820659525117244916742447379192165530331222699392335017570694525796342817694523858431384029069128013357124909662349684610800604093262532581391739244791223180975560923033857860257766568831435517059234194864515540754594329469395244994910
324 84206706010137177857877368408649382709165213657593820480022067614208994661303401389724494706885322133246857047748645519015330648766525950264882503128413129814205710686848182229966485684415723144625174563110578298944438635532325836106974449411620160255189998072679402128941163667344702715813683115186601365278017767197103752621618039800438897239151516747014667772468630227898469495419473215353554399564168547319764873786305275594190979027894897294050861714590243227479871363179305462548964028343847724625516913598942727272144323037808074399525123756215713153614637286518370865910795083322798897910395171863804795212851222846111313143102276196756678159303601676731763294418985
325 27367181062565231581863534277912924279555204683063261446655807582825049585175227082854181971684951555007160674084567960374905070982385142599819193614747145877641670860707224110920851353976519295337780073066290130561851366139025573091354003547599491823514629651742798656610293164999572943678568953270108030476912417592020072098876646507641739801230932931033224885067229125255360585331173944498878089382058326869444189576254695422879234775764660844382415207307945304135815900890284538126284556741589068227647274362996640763797455423319080043425459599235452287000099730644932241649146236562949646622477798358553982654348517168069038390377369679753262000400785955597367108742472775
326 8921701546190716189530388489461897708886420206354519486509093036243085866771871518100559616666473999412645702585558308541395883316572548557287332567679269864695799303529745548890189187049652320763965892135206293595797536743918635610544024330590820156152388378691329925959855562892567005712574653734540167474394249422366737435802042757448776194178583575433909867638141717367697019217554648565332929118876957673582498406041656285877937017442617588909986407816880002633170742074563820091614164282428071383602063035022540278045687330770078232412726543600576770261401733791456097302686835903000074381374124216010444413033337112324957162859822801258815205046436543768994603797561401523
327 2917396574017776214250792751808777368104624825808355187276114382895624306852391309025685774098926411578579411239191662390327491875180520911284858279396127502581786000665648168183456324098207677721263135978561584226982392404138664909299568170052097014302151510212061031147677026948196745557417343398560865137329650117149457535714773224921829416374191307469922020747007886516497381081079360919810298528981564287598571618305369178092636593085694007363360143457843190041533287618125095528568756818282036030133323863486197868806394301450461657615110378807636116306904674179080716854720327161871190968307134439425759050671491661432704760205146365714089861604809204160427744013215432806877
328 956906131012192723404723186320347532564165501975549867553088410901379938297683519710879099612811806367677156900776213433163338084869352823671718715280317050341117563501674320578621896145914826245612899276528345759030485832260214368301404542485094915890089342378815321702035378059594862541978775991865870305260186192249857255754589815527653063854214351312000284871468356911869391505315201044045666915262131850448985229692540242923775648290577185944503815819002980949513526610376833113939628488965621301061866682518021626961778858470662270335916291099823844619569307130937936418212750607386223763504033341087245685728214573646961500305523415077226009763761701529293158606070605017633904
329 314822134946414498381586307360171317137405867922796319134005060204740072186109611528622259973734317627913783445646779390627355312713783712133092571901889444920767407783649458529857701612384351934111285389909610025133617030408684015008433315565644888509479705947406998222629491301317835561445028726473178799510936206038701881876734920912683372905588909938815244590532824700288464540642739578600321545787099616551631487733842552005234760043473929060976933224424796366149955521155462243613777956098017972905496905752555185315505800528222548480672924597295132080991842568882048664504189555203739424192975731965952262625471420796524558246298385927918527363395085729548622716417447363327037711
330 103891310367109932501475909930442038272898672623772436930932044419792989612664785509227963842703873015064371694222259677290352033850532375364962371297340075616108249732176322646149377898999484334672079621196443265417262073999650533230112812735799153312322331566947329837589794424788939631670350594570835800960339222652071855318237595330731962902503173028191645654719873645110966331406866223096827949730339931425166966149311278772465826999619582761510402690780469716515865405047877776642737782649859567622886039164990938126512651787102043899545380347328151201999540661540424417447816262657888333726063928163033125517923670205836427086694045182499956392561718383267779990513059537725119707249
331 34388025645325649682373972996422687309024525766799680575238241809128301364551920598921495453693181193609919766141881754735533389531202385984508192242856995589565931343585489799224085241812621606606110845841821273909805264554855991019596077618358604716568523528838250933872865358675895137272611130760498633849612893218208168610051155563651910776034677980760137335712847919468443679434455730475452139452076347825993966693392492658766674584425378475214315179655967114172713348097900764822412433936360494814417881087345365555918941665088493472074061566798200247509537198108494744051100019365262253235774687230030646720924106294561004659618720688879695241190311044641858146171952730245102754685664
332 11416825143892385587377155797984946906938776829389229796571734548640716462511382011061159547870656103747128618186671633865755866579069817574424144090813666339514779047605198180641313359997193598161932669042055442757275398099446249835873927786161687897190526830533711204859787744339379788210178018302542999384429079570317524055940747400602276203010258900790185473087154690329172702149168383803329267498732439052429230045469283030395639972498745740719010761599647530754933563868414096231965415294427596474422682331992472869675459263820980889173685401522851676763430511755705392789062535437646178481756044546321638643251328540737095140042531774315548648525869997391935710177521929434141245710717184
333 3801802980698785134816457883680807180894689229983958769803261466561447421602269435012937147896856167955539859984905042521816058151534316953347990712165693485738572655069030458506202641177821266186892248135163704831059238401639749194647084413017467541362752059212388965112968994044602319051868543435448007936686485417594180814771979520875748637066342018969477818921313821319361800037605734620241092270733801665138796455475203547744305655773736330898596106633488009302332309799912704141000036578519954925701888462325571795583804187877690210298925037797870303018524764413731218879606659196368702750201430286052961994268943439912793093307017254216099930992302927789553807779797422097716356471075586591
334 1269802264329445525679996297897335591264200820863693762713650480308007057071760720398162205240540867483512700454797816486050072893679240924823000866879726109950674445924918860312051280601562786531665224089366369097216333445758205340724108233139989395532368620913984972024233511756627891915114368052661896171850553828702242828550178380074811172083979786405161553039993487746362680149447674232071985769329368660309053668116651371731583406561777103370888050044215354418913219818597539378895541862050532817905420375252503154415721710589031860416827906772611814804587766333260623322778112273787185449091784187091063766147120550779085482286553082145646700419406864028435726375593597960159884188467491624464
335 425383781384014538887569934549919019043401088866891069287532504046651461400472766356148360877900286348288962146614504896170042150894278867955340439252996428460808618414405913414933540284150253482495046393803071731678357218879794988035075929849752019826719282387238626695540636158045832470322889717997771822655934301473410488199357869206556543852685634466246921848768764569340878508410375166080882839383873498668411083677538300468646501989475274626738978202833666929630990149097303428758198987717759082853508774554953220714212512398244200881599127116195761005240255248503332324541453189843778000738104666187595454302562671013650718040185562603855152315172036683867856673734504153873612752909773878296752
336 142928958148634846463793767641688557760197127648653859248528460966197824153453692700204719280848792006737427192342193614923219206332594002701628294284988224294218667264385697045478586547879767525760867962102328372171337687662087919259283901723685504696712761607616296994479583975041387799233129048984338203308409798668036759223345873597362040485999647313343003680141942737926177817549486131014645874515166037020189454393245779907872320157075003822056958473344325355332031294761313551888163141873240208878688799654241206811118995333418427251597727308891851293501331800546648488508366031000827800985408668241892644751585045998473521087088535648929839670122226836927419993325919971691563317700660093328865089
337 48167061435694471917189551055241639759857614545997992294141616772909627355728008583490431193970453387352247930844720157824757844634229966268930584820042765346603910769446871754164004290738042859306985566558932840154478995174790520306789356329098481362770991726503933915109563848055971201597348319736458079838726445852236045262753216502667767793404225312556165050530940782668097417239537125047284123855582493134541166748631164062255715356101089411587401747293137733177603384161002304181389736602365674493183761294320037200353410258805431161852154936752367431133578425959753207148565998003503516506453619381086195463411692795726678164519801086795520260036621013744522863947778977205890937530439928336004468944
338 16280467616032294276039146031811543338669911803349499129202005044308462139538989702165298455858735000725632497203439706573777943826454030387456273579855333193144978761690279481719260280136539054746268086487012087578357363725793633623284778509387146400120634856996894437784285971724190582231568672716702266981033184009924386245631563576617443927283715861015252719573301682079346065708720565086732366024952561447221911697859500808119032727655172200067091044063036959481363803108399077007916588487997573414214277024497721683625894095901260529194430131820554424114671518454907081022879956408090568266737324827016466441824060770080959246909128847708011055602811459685395658878843596529812324277175971006495310744609
339 5519078807692864056846963432371648475186215621729735502107198207077490597699365815941421576945549726943573430026820445212897952803606328966535682146827546522452596388650339273074223325923459835318519932840833021893719890645719417122469378433250046077011904609947470429641466933373668557459277378517220166475246655996183964273342618499165060686073260648883465298621356630508783792127611906663374534111750667360940302105953279560443911910419743689972751508051286475952833039917809876628310827273757461133899057668682326959231591720748517986233766317882622567558576231758877101560053282239074764644079555087175918607563646104227537181649236853550087045709032236126546602109674613077170092038259390512849590886521361
340 1876486890949696650716911401385462592046592831103339162712431978689580349037039088876100503142349295101721740913614813061825619602741841117082064467782535457719413465348936891738979439141984925484382495779854360561730443128502592171220629280883728324381010292924123399085966587566175005648096711890551496074500022716155439557408580815222553638600444207428828826643591355434868054659582882744621591692563474613884688985106448547813258174054143566792914335912240896410238699927262126375630289635857009990257028593719513754778815585761316632930342871784401546474650781065175066449924530258417415985994081742547051088744030602260748233214096859246631769132111480633189397520185920369102866375426718588759290130346146873
341 639882062374781789959055339950734807510974832746062261183937563137156987638554608384729675902138021347157115102807645660961949432090855473833044758426391750792986377973945003463550952185937419863252540553466509925574256263534111381973501831350908377388217310128395793082103481928637620374382143217815405594809041708275372908925098549254017943997639329300662351915970091349893370797609894433357092940628876893239801838365122350523322653590528411586728188680256233801965315637923991310888082781660417382672793578886908239375019481996397163631767977667341190988964764572567734569238426863880251667405118407683194075294647319019036687687925522821359128690072126101134655704187302650743008647761643297703579965503693978633
342 218839676370332987551725039957078168912050343171584536784377650807304103927366871466309181041374357191827187252307074869689877131570978179263559240453190272426294386172281968485212971796037249440152039506325412076212439429568447384073771871260767531566862474087720581129020250102527932915375807899047625747865025214723489527220312250530111135177314022767347822122192368484376793830350168151431939112444144120989346950601476055785535468415784537602148420474150648062845089853836084863943477567949517292389017671777437955230910581305951271459100620829763323083471084600970628740433745107553610548402079783586762548102606598231802755644344892103378529112178758544653119303402449244949496171996778875458719713555886190960754
343 75062012747997996629634990139100614707758451801039158323719859651769265026247534987022226849392410801495315430984808507533253979780084720971083053639573199007289889895919645888301832803999654841942000519434607901849587847802863709742488094283701825094890477374108745175500743957100256122323913405566759412620695797650202340147446216748989749810925987010088717845569635677323951153546216995106920604811524818626295231825684257347335761293130444505824041808462344110037658640343176962856865557067263703003453041933718406083229838945572457633104778805294563386433674967434487788318907471739948934936745337758423039093296240681569549707506764419652553978740852445038980315724832630019647736833425121708001971418022226194660577
344 25821333665075435590158016525961291360938522441507135955484154088083753443343127312644862805650341119990431202573004332206730690968248008195763518118102697311291223710169114133465837411677785637502887905190586225169278070792697643219638668380597090534459078993128028597163842085449451963354666960279251673572330544009753021561467316411849572442994427526749177540200658504939621896606640241536569554769350418865199346227639061257728202931482180091060293555567423734365422176208684151070744373407304277154022611770786289466447543347315889418582371172557285139615566166726992944317173308755396161378743730999134340814482057383754563137455702336211524211405110621237661432156223056590147945953344586057783345058089785751311961823
345 8908360552130378019270490804906725433680128066420648247811106729144196552561586777596220600567729769145413148542060999225471827763799825969494772277863911478776017032597116720609650877454779637012995207594831260334225086848359546047670108738849738755923445386354118041462687777520561132413225932047957625477705533413415221885685278602712603553055347851356511786064871428588906523082878544030452799259304119396782016427229377336868341582432288962984876480967602136657366776482175739791576536712475111517172385838956613420800312916645144461313460972733505032694016494462981767730682272388101890782887683998860914754521406002608520746027728594682760059691821388684510283398263192627823228383738537012713269765682933332600970758828
346 3082292901161136290663583077767707278254553726498447895820959575723611310724839077543362301840888198909134552386183967701630267472782699345614633150307020650802899907858382177170230980203019362405806025711812654944857683748708098538221277108618198176953162293459479590563580322023602066015488417136420149548804939802433262072851786691430994327336649978421327098155881205431033011634578283326970658757560434934336214936411828209924960882193094567453656274062873956208137124738150086654239407416247502719469051507185072111033720435618897874759372762775350351901256479951541626503791642884098197690777008537096552021910484663495029541264693508773763819958478157966545448133762440188595274732808353529622597917903103089214760307039048
347 1069555688345581623011134508301427477476912864972006302864144883744401300989026046593801344028513816322151929658868241938474367226516978609424294094683572402034000890609306035816298417062122542110385965927774801647038066599357851778158069595967851528596928384748597404181619566069874087806278407455671712451938661256105429958785613104861187855284962428501055556558445858685885464916442457527739301662012580460915504313333596844122083941577409677870778909220404373939071051014982432486389376514926630258264315181038443564101279924054844257173281185847788917224306277774317277850801588715128692109491944719859965549871619807196890018327974922455900717948640343624612512977738427036229746846123828238782791362972022539686794024170543827
348 372205397360983509068630847429878371975416544370514326238018915165265111032574169337816422914364009215568409812112445278711078245771564083679306283939427751635655267484072565658305290356920399563973590168856046162831767845026706115518100314737029809651208589739402669363439691917691737597707150621025620029189905072535756452487837131862250579064374031229063036395362730952430998968735021385410365039285976519006834294604124556213239885405621732763608986378453684066000999067947439469614982610347540754826204717346150038220472255171711634786590775301952488661068650053495401618042488334229329630306978328286636009077153201947329731595176765070110639211646958965007931885273539411028364785440308426073860012750645616322791148292324690542
349 129899689843569046987224747080193707354834930494416952853964393034596675197591006548576086683837642898009772842696348174638101711034810810769476584324126585934884989957741141131512900675027179853865507780542811534453596867629687931732014086285777620804668151725376118526799633606435060468803927597714775663027575967924858606784779304723498834955455191572242956544635789414160829502154545732664784052652123320254255037489269342942077139856483749120688671153392883864782261090987905851195802239490106555929350885291909377709089039122368231778315930099126944093413662671182855067780081436229321809173530818126053041361030511300587403316775773538855630632392428595744084161051361521965141569978696674145637772728598150688849048930490861992758
350 45464893584360543136691907500336814177047180626871663442900143290398603807959454270053723526945863071331053139247581178859819475810918236803274023362032494444354550553211180614641586868856347073098011943961915892608362197746523974821908486516161359217336910297738410981574680125491403303829550271756986393403076492651023024585532674224450801956785027620209891792733639411848007697525020839317589473906846486114150184952252896696920687193937195347060390645245327793482539259987869077883395756600290324428533326380798644275068291895388729232099089881256802128272616383526554822357584204283440063468120005328008004196291778698445205554651557394549315633138785905791116705593002488164666281728294715087362887136980881797400606189812206103566925
351 15958178392521345362945877669879916635900304350865042609486602770967740267123990513937195633590843766765218083012720618004687193431788792661077349558685973428823950515487659363884328307579158536498201320277812816017627457072565605215902109803373266559344874816923361733338051450926866395027647340801003466135719907300319226701034873628456495211332702823441734477375580224284112606693280252070516676162033195198019752931909355948868273631551726378061662643699082812419739412257740182231950849796667124569496707212069758832849046896225954303890050121502688150928665672755120849638315291788464130735969382484087466046170432477460671044342159835840339927452992276226599893679007643892876668389557131346633060843309333199224345912595665891902436698
352 5617279053966893254895042914247224816224321841174355987373189883309430643220995056087905960176150373576642561240023342930346241364193077086320848583610631295199202451221636011569565827293665154901726572468805672323827933796736828295373406114815562400444637544893326780887231164325524183919852801569808415509324733424864303648481489086775295761386781304761873680522117328219586465877693653037913335338603790013949593540542168272540318202460487398045203491959419456757516002679246726121458401520031306828675952797350325692981619925649614159705761199400806427380778503637127881438397118269702246477704840981460424300358074954127178808783246895767346732174714546016620354063179012753015631230599171406458266043656352691709230852448623223017549722769
353 1982899596980100487699036422113085360800813964028908917286062914608515597854218870717939344049628135764280966779834518549574580921199107833307733156562599571270307353990338618506417966317837537393003626277512290254143045846972495881314762002346866559679675488021164949130014564156270287906514646613242914188764417705130084489960014818697027852671137714150996649644091002328792846150841254572425086009706085688617178748111755304712525719309926439384347526782456358726058735910852614296612971503362564511103260194531317731219800383890897589153592167586664431379019068329138909200863827464373301573509935802695540434042408851390451516390897263508988185556305501021438796566535602687819494153694219265596961119067741735797933013743699835829165026237779
354 701946489247312357688149619319787557483321415066842458449351490744620063575874014482131555667959627242242995770497585591990637655478871036568522859577859365601635660960480901926590687845171103395440356698641991305592270265083177687116636180635010368873138241449242025838748622387422583772638974956382673224829536139055864510084298647888495116758573173474858460857477169575553116105623017505198984588469306657836871672871067241686946002372261222645511780604314838387190417351920649976481356376092047430264803247857500900991327001595471539012280235105779451713549052045846519367347494199018732333950778746092986281825944825733084791723719719966501489367612002267573886437753390709503388716161148804636943696033335675620453687340432949227091680425015751
355 249191014917353994913079624648610411401028734797372755098231753960719889188296561583146814437937588023297010651811765365203362228387481946367979787791837242009843250039375622627211717324167396292711636431471051851096600591760395672400062434872240910581088876603756008959409322721997345890335203949221452134431316348014298750808533316963393939999884999357137363128151756243556012656669102969732945604733274540739669471768415951883202375922789138960131478204938751546291511674963836100144333756429479877806618810341318414552572471529632247648587802874074104159922768237832521649664123317445886517957019410272692092969059013851395009316278118154601820260195725154417821718643161828231728500268470201247035253191668683207515175036329216973860789022480048997
356 88712005276377216149257321772978150684936951189492628872788338982142109768064771632038007375784469435550007320606922029681434052455105415305216471069360371280703339554632429635964608380239525715880417355610947014014970318952792553319413989444041768860600759430288115231879617149060183449499908418952130186343376997421925765548006840758997880034014765113416329575615324510887945163359892958907437780135217755915493709183913575093930655253564372089659685009653249115392495608404597473356611410514837843224285318688029744643351262304149847944692436130354716254261368250706514365558246302738390529139302057076949990488065877015914326097498042844832775030606049267583746574714558743921700721734563699157832201374209955995034363513376286886869657274338682940164
357 31670187287559644659909579249252438434097606541291698641270353915327714676439250624385597597418166924410607097942662705591443140707747944221704353308807371702929823424275099301001169044926886370911515786833821481287327015050687471701386168464795272753255208862889340036265074999711730266316634850843860389289932037738699776412367462319559538949133504662635976608211592565341335574425713997575990297906241915800444569852400492050667727299414485580530952839469771142824797706581276001829610226516509862215164719301233114552678202625235498907198277723097103914330211892600329720197332664772593816940195502278028638790212081746571065882976384743044740618929338323751402062320870347086828576666016672921459850543079526073027528996259130014850208404162787594679787
358 11337927547328382622955619197391622256627765943839897708320296898150829775605030100123167106169332634814173387657494552225267374780098220806334051220512614653323360805576985628509663772507259969121115237109780953242966773581347298389887593110521577390147185935092136940494914768715444879336047057272509917808699938373087215984225053127468948870577674668993678340014476394695710622756430924470410466116325815323108237486498319690970950139595137683408359036793134479008780671539120158582672661381578043531988725123079075692495625644979251668041478722044368949478424177396454515495688393316835221356363025729573073232280111203390469288895564370566253450780343640294452247146515021543408286909890969442823298440536949354462661836161309585045621613112019050420440149
359 4070316166914899914395499590378235936085669343712425656272244332012825853726425342073760255190805167467227117269055185462715046908923366179684754998596970799263829090608816949899828566259323089393531801883246073436119099745644318027554752565505225171146377471899596022213904865728079009802007792560647898397583650562692305382188325168775034162533145274198260750897856176926409135345449028604663275150636527971431369088640315136885721287975964935472345073528105297270650491867535353740374432149209338657659638767756025549665418893250075957126586750598800713572186788208063672475980864317236449943715384515520847444288540898148932506542159804029370678495693428077806891893092042163201062844052301499100962060916003549981359511534677372239822963014284500726005893736
360 1465313883429738544301669172355323435495717831931686318841405242065325137996942476025054940639885055124535611038074062651902828070098693240182400242903616105349721878478820950514136885855694402035444190501000160104645838483085984591294654326354217991203241396394272293775685824192258442952183337955102945110850892782433305414987349885493936937631010196978383195595181440116692419407032799149106774206209745882199124472799653154079843765006801975599015387532023585956976462721908140509086799232935814949777194386721607800345779906926432595036569044612123703080195072415326707292012551548870451524925172305978509636001152303757779195497309295403342930347930871966687128584317259820493076797515981871709692185428218149569852502156347825243719509983549170433472674094880
361 528978334593990709149667817131510154997198650582870648781542709026176171118555785055105033817332717238622625213091511932326025383840377819902288100356307855056478904777575974289574672813233224149315291013091532017339054178327587600151966991589058915867524924392704168237296463523234835336627943673886277730037007911858300000984865277113417489422692422264545671597217179911078752797360086005689394429262650496125514580897149761619462981109355792381519921715778588116737461060170181802020651688435151960025654237583950662082977931391693456766704761187934100900688320098781296125325562100519019634168429915184293437742562446216780696355467233431735538988109946340661334007843025088228043810719843275469137764585335425239225314290376390786691822910893430108512154261163223
362 191490165263656970541979578592605856865457783682337862283769773211964437970568901642798706389394954021991725261593361857612392114380310588651360651698493440724386962057140683910459931358047559660698314133802738356768884484792786202543648106064744458554494364922913852701093364223220741848017335213962417659569193659260005725741131994691707468721082981926056081514714120923522862365462621824957617992719629780870492221147506390986875872933029372794040082605801995954469555445082589547402183391962389307947964149324667675186089110494630817849699037803205645723650599020132405613495198432349613742041871516727483255504502494107556408378544151586607873172437157566706259066452958868122636185882708953824430868981816788877600070574396743096545890007802728606737297928778843036
363 69510932921335247166215675632454270752808046468124307872381065358753575113966787290220882469460249589753106519029612430461423641325708883877830396931353604790184677926185825217138856111245035868222292101458775025507425277271458357695313445090810891163717436873500521319041478764400777675347178587035033520629507520013167643310641744047789582133626997701178751546607617085601679272047770536525213629570774022875480440674793765527542250034377192337840501183936899595519620540517905449523273589455945784656740885759243139535765947801110800732305940795701738621932573604698208068352171614968012886102102410422421033705153677363347583756969918020557248768280548892576115974496681237763036576461576945270232148859783863397140345933861528641373421135513783472475151271922479252644
364 25301980641322699156483924229548988817042438908794549231288005353671719393836252810751971329093598485335565250172029350870982070094608801412285904287588912856242932878089449934190492203642538682499362623561576135467766835604919198856269294316989147561710978757004038545539434744834810120296043678936639549281696197358808845881673596803125962123475206008613910092056515813593371077182894070015349772542550602851975872656654092446324902251439260229685527193992874884326318110223439703966835190603267642485357602467672977958920129165560194249946275983044955234251658593486787934442782718499480891579204545730621086637262814045383412921098442870417305415125197773117598896039459986231795490288101629518051053123236855449900009006590722413016921703045510917157730750756842487216801
365 9235223317063115719430573427744538103432203932625577834095846521629724002679108217062272820716576225937389360296241236254632170809316441276105532367691256589515551949276573340260897475249389335207386678996603557051211608533564477168110697512997250989513424355295203914949599084051434140349539638846543863412654431174352547266822314315404965558483387635310041035712791301389822290217481066480846316893266955480230755260663186037921371295527075849893963013887564544383098019170666382113073939374559473431934140796628935604341197517607691890492026433209484266913146833923875636336426919242707390125637143275419730077567438135569933931313748404790619649736443532062238730466921027880523090200429466539506542038843190202843167861004133493576391837458351018043258143143193979648921660
366 3380091873066966195982084206985852210764728144957054423527695571678609702487703835378366432824031837613583685374637330528420235439057100158472392602235793774469901593804581694907138910218988719175975260957341104798293499738135153186445230680383884043783695641472918379872595902845782424169486858512192228079098563068828072325992253660721705489984084141777470421428384709523909129422956614427530825033362964847312502176363607439466752949247409829815575138763850991118013066055704976889195960857635946187979464845047961949675157362976310834141683139166552833093688985081285692295548389147174134722008966643008442053231749767925950545555999430093202832918035869295877160503125045197633926539430337676613284926680905333808331966454585172057478381402231208871351175003897932951795688809
367 1240493768019537876570823216931656220448632863284116791023762737382060468156426095256366102350362342591382183203622400647988928148098095947376970909592344890408279597412147238209819848431353267222660285770069432584125985339429272429263797372239474078046911423842518559421319787423271639339821917666061905578308271209652297261256848856832059521076083126982743661892037372508306277684967231860691952817943753184064894002677189243592483225023603910420836535297387701726060563895079946965214325568422773457523748568847806970876738670052564407250386211966676855835294326028149036046042127702578344441939073916393189694778225439354451940985877633041091180515529994281982464139844683666451623503561914503520334604193998503981368723083731782666356523518101790946719852402313385761687143442605
368 456501725101636572704294382691996344614173100552962844347900355548291295541012808412559159789478983506781095293711764030942398067764440927267607846941047655052760070878774082214360384744532952836717655578158909184165476707333189321098031769205521486715765383000895540457453511670962131379922746400190058945905170630460907740847614912958826534565929707696424938196351824508639312967712521759696771598695934958269791953446716162968405902651428830089019544777364702010319376279585458824531636035327459381487686337204274558540511039261738737083525906987789949366356845804652513112694775667402669240048359452506980358517847116817314585422670831586618364010954337368656610927940304523096253210356964938154416213356475527151524095793467318619767706644206271698935511958477985261483520676402637
369 168449143322687641461817019177515065134334295633499579478484078252710631411853131279642000719050610562065899390547011676692405943845549580275947612466031789186056015094070823946262371785010480034726253260291159403639270501592946335755480095727298789365885513894721737374637105551776832170756341760643848775423464120837201094028914554866314312698239042108149085749394666100457325532904179375241337574980450066327482925446842616862556657011883136797667871653997852569509832083193166417662127475427754227040848634387307002197372472837896319936442727961860769649291342289294747501155756812368363243926114081993009038309969692569088617872866627967461036506447816325106028024164293375272607829889573141039654935955109322880723058964435320132893900662370429778023315845241066533082097785260414033
370 62326185510381963379948050237327007963016130281660570975272691001028408386506594886319730778780930608689067957266760727620991495200709640898292511366373581183530506401365399684411553980093574475555248151628300519485395253841360823088072493946695296544325796234869890513652847896797002749723125131082059379030492881326306824095292907814234009362467487732181415692763350241243955463787101738773758624126672160428675050545119773593524450279363210662344933353652276045494041322902599364694881096336920200850660909770800728508641756703498978481612623846660908703591508317627708631725702112660549805409351094215561176961068175807013667321864534319715849589568053071349218932905716828540232229962389069308501333344059657853864539779578541075100267965177272991716023862076902221482006036475412397958
371 23123015737355158617233872046637085338271673562842272937751857057182250607976537784850236944046044834781611225708158817370915906604259412302148376252140292501185127980426705040464850955335485619496902737689410649046900007506098280032053537450287493428987843834667495382356287484618711362071542183476936830000430750782401092661169150494310643391128507080498720614865079332205156494343640680510107968944538568910908360291823342896629896990455556458587630452244083967607693351435616923472718535804269465170513960500339744685255208818020199540155757614163011104612348318553571511675261709186615312612207736050692101666517010260096304211040913077956243370966475711379234961421242799269035203508552765427383870979478559776734798561271830287020070104947275564640406721755086450415806889372171988446477
372 8601762191194405650986283324983034100867192834045916799842849782239953731588534879670550702469130116639980500095233861156004070641596389067498356517691413742504445980830764463194572447909544220473807887872967282027765610070809563357816587442467139010181056638267336071680013693552371730244278033766104022047857790137981448144357112041712669074128430030423608285027981010369650416810485398958118914930043497595758042683524134451231555405562781026360872123570542543945767065753713661918184130643443191898939647387823653797528942075048459904730581705354096054637332873084613180932692358128934521028467765663085625805962404436695210304684455410732978468921601977528708055860758369656667846250397288518133082083675896147163990826239238795698936458348583945089236921414776128367183253084958045510455363
373 3208457421967884328581810440114772194277478853131387529662524919320884743939340283130305184660447091068573943913658144744710973591298443523596168777683920058701320717910887947502374891893367954423879293287113099452957611527202474815187233292185230744188127214725308824476426135000730448975121206041007062387969713782452842810458850982144641193117923126282981354678268302394580087958221981385581832816423472856562070778304603240548917353323817881559026626781679076196323206514217841700681410119766503252144890176980042408079752411276588951462463939322325521701542568843577351743311513033496801664718087411033126856746330777023665057674636511932469608339456716754314247534500737693370763731862648542041778234213775951011484285916315629952702160585077958375362271411068861858430626725768776876164787924
374 1199963122062020213599914339070668893933947767614486061778330195329725008597814481843809708763481100151736324586930597550839538864977431086343791727150538606234878950868928053219298290497821525625502094683185774574227444804973740593076585315384351198901346436282953169689174139202848157154118055202421008286974332955498864775913795589660396794847390031486849187647113574825731617306688009725488966493558316737431352292902642195611980883402901868614188875591608878985592814451704175667288694330229743824841119267218456861301316772327861903887360593618064973442399129972194566659141529225051222195835189916141861545807331043640871251762922477544569789431443553999064951336373198739806264173787037571829155914363694164635414676402299168145971304164305395779340091571043417149870479106678107070327031436136
375 449986187976781962488779179124067485191298614589817941258707422934346442704087893868498400127406817495161355000059974272032549386374677940571700032678165012720907091584739981618765785325827967928651726453810441211269855857396372864022846208902306584522282933968220715168112445561095446037537731189463945639823418954027654566930569634836872881493109410064428506214884160615611377229308837268029160351322198636623752301354576190402761733739199011855882881068597576760682393310923197382660584210204415221201803523086216098635301384680832364054680032067937775749091783014238708666404435324778924581307238275488729405849000753290135592801516538448124492502748270592853311808556061248944088378505831590230510504152549479090072797978843840533216830280591980564571910742686569166196763545121145441199935098064267
376 169194813096184861831549628514270254661472667640729252176049050348364101098506535973235964708515332699074851617170438153600528058698826088251846259479327600150901183838503668910431830287261099727908957994391312469663664708296259251277539804921733860150839871548305418353827928483824157711575084877480855642587730302653825682071579803616366167730691524420071370902759153748006482627380298729222927063260812320217476578433462204200644892983773535105447726399845942425374732277553535244316063064399680362704884628970197607046958136799497791437737594982472482326309553816438892145722771168739901709565124921019937078665477996729752536940700333805767833045972566421826278748645574098604452617059720141651969033644915072565419274063013855873120788091169089901464587201218705092412621909014223427241465191972996090
377 63786446937187937034534637149708564148712983568450463299342615537993656773586981257538922382729697954513419363145904357768594179808535165225808212511289959557966958776873784917088906456894015593064728414889714167434750743482579347679113692608664296045569029376404015285299468416749985862960121307046392982097590898049158193138715137790961224555264294401146969804038576257225593601985607234293062953827259231838622144932119836788927515878844389540557530081119671477584032039823311690515507109856068157199229154804003032293616940176044212027750881083113313073148648673595722283326618048898001394608496486894896110940608296381778793708386529370619428147471236403915615086369284107920276116244042840976867469342444811084551395592585576468764873402312970972077881849124918167172388539695609146509628007887687282746
378 24111277842229416152618017820148195496348478171471504306787391190776448129108764323525500397668626081619707509591861847356477144032725065204711385472667670069241535859472473868139569878237508545834403198131764862911218203576126708215450703851767521709838262148846585714284629397756385778389817929138998926160780639109419705061743455946122612555635666269852374714783594254999595612773313993180452332605024692279396444031845901015366981807726646724728770082428997955721917632417998440861256452846762183830139062919520192379419400657147481508154561158776896477525740696802749051574878955292315176719860834660747280913008747730313890602041293705127220735993112366176643688354213009905986869828424950900919083872465146895059385714142943862880803212507964151774245077045969044287610299175133913171497767980348895519437
379 9138174640594574914211952416935423121656582549933035413730925613402374537660423875629236597188338701964534544285018874488981144789458917110237791597833565914897742392542435273032234804715676313393438267909854871825976638482681439006174319314899500571496421656092599082324711249405527177658056418293850347976647147397930673526052133946740077391318252977657098857045724028163154233254051258175988892503158484895515892723022753351748494506418185076219274072136043024910491633435885964193486684261048996470983430256267410852195166942975169090586161554651633729927220376707349523424663415501329789456630675466673061505904472720744957997678724195643884270477055678726080801538804228045517220873878290510888616091602357963057652316498723850059536163782094595035289803491031730486678915328927805367476651236147839670090038
380 3472506490998832341776415987504735085646629666400520594118678331778133400298274619913072422009413472205919035855145898597621550557182748118960691258793180070241061225100042957499819059969769912877537727935201681073299457492920433787504936697889195434497232320453246404091420845373037161010033164871905746323911880206395452038216197177191504990623385242038286367971314738779151123087726682078090247737326131914814502911992936137904101490293942086652103228526756511705329775873700746040148321050212838371110017895839925731840228025564444606511165446269382983598969889446090166092816664543741417789522445894328737162035921515099676802675502611117734764020137452858383512415975779395864759772625982882223356068543834710851530049372306248193776679766942750740561647751053405189226852496657556940323687262922039765881664153
381 1323025021293110806675646796475339707927756895595554689302225057982251207066538888404409239836587328247707315900225606549417505475240915098774153779022972552097184465246188085752378798127622093281358966012118236752456819127239092425292797312797191164078488933769211177652002770656385953857594192595831947627408278680197945445399781247996875293672734888487919645901820345042045087895615091418380370748825921469593710168262196732233264698535955550467744779526234395817726556051715249077293392042643997112917284478593137542871511636578854709375717051337757234305000482930441746886861252340923390762438405325460918180230247923270472322447147698918444355346113841525268850583774148658250493285344239134977000463953368769764726738929620108847716640752811613048080518618528194886750575122811140856355121374827404667649925684031
382 505395576410317609339246904677484602299249377430666991179520799611071187904166930691332080876049553767301598602955270271915236069504319146649560964062358710568256295519528633842279246949221249064831751803505702259148248558558610271824726585837165654476983915692681982048263223040161933184655336887720640581370658409129909956004063488839074255663139510038891260048693085897509279902433431429923817978029287007701767075307944597758613818337724033115048658217569683474457594232738492019298004147263375419232395612789439053911739149563456384931862094783346372807777644333869500725480045243559566273911049747587421678194077718498265868664726416344294135029984028416764058375163327865060144526035941097317795199007419053254841540386419514577275456886646363748555950780909374373949403350260895335363208882920569795116575408645819
383 193566512710164626374596248044308577690082682849204790422797654488396928523562735051329426801671823111703456676769940224435332609863255347532278087157265903734002301666101916961678866581189858331370386695818139835657141344526862719949737857385507841443075708704761840030977622607223711155797316048063335086476454818520515925940460392657759794301992413591665836675222187841375531760934250413114186441765712398602040619471948604927421368231551285270947809401535645824230282001798394190792627668698514885991684261918390949328047557963259846557792395324352553324144804977811797670039189513916642970390767632370874291405806090256678857897943822810869875951953410923895540074454579404269594145201284985524681325666553634484273731671058772827708996375138916849582430626403955621686635284471108371000931431558902784704104372944626861
384 74329543526753259114066572600308086783671166069608430713463677927994536517550504392788276700660459748068783859294288846634380821022501003934224983016697665079801988034152066605660856271934501854490415053912097721128815781211953538938884187821629636708523400299606414110317762385179446396598077077644705864870853905128435475957027681580142257005715674164669458259124611934728894280288927949866030430398775058715026537064648600816523269867445090615955059745679247048973219924143695472694867179367013801508800982411231081728245348000915054235901698555985483151986073721480696166178542547066495582476836295707226378821665899119060527973755072853669430202438820487003570439128259658787821468258280005129955899009957523548698652491140046625080472303486625575862879456705736549163007101598132633258384362056138284295283481899697529944
385 28616875268591157579550849129612422766682603535298000686017498361319495781399319999557347912418438755105589320431498411864777159924135025523314911760550529180441186529661136682236697349253277112421307925419661229645998594063099229608690955960780581807112818069316300817836302614820532943014126044203885533416559916215764476503275569416481746625349045879676761507545495692256796092929797065565284575551164353663859232173423861930250654416193996562590764232183826548994056619710511222464507902652308608107639216693115192044252566803830595007734923807778600580207383998325356691717740331580691286372714521669381651021184727548993740266427440378115563316527215947464431452592496718959966995399726854046915215754424044581087087718771998723495010991393264619999936087943601954841130587488005007563888034758461945646310892918520799706919
386 11046114240809212246035880513222891276556640344790393963212335213064634348413994566954606396852370962814403701093471740519684432601381339578510251004128678578182105468453802091547199100169498127774341521952762626279635128622638991682680148900337019348561230660907509525208492871275970930450874964657331912025462300612194724971296221675682739512904320313540057125244234687655498974621965189176700672391122324045674460823022849648973962459493619136262605535518575850982997503668821335468088432009046460126578509626910987965863389442373725599505373705387330472665156871643197638626643108068525864373153746145916582035925887645523764256198707781840253061919257259628092388491783882427706068763482856064679244330570332541406884827993454849386619898095792893597809029111091619362623291680963161751159439792280194443980059582227328472787737
387 4274846359852252192722403986750404124643593380776214602980035154383369348825288932512441461158420963930093728460741282169695568685496220461885475007047764643151804975895597477732899263087308319317673877976549244194414237034592852205104295502198802131152469682818006785468514961819325520443381404518541605243265640078627168820762589702544583351778485972771350436808435342371901972636489088789239059947425200203226133768562916943450125104870570340623809574155808345688914131866273705113541168577235338803013486243216517165251295170689327808838688095788294004892382013298064929109903215179604603645401664712142308662356076162149495005269955859082323642301612964353712728353461240756041566187110801813590877815842516713439511525830772008992715150724016456795603245991751370087241923186060245273997914628262528714513287849283402975357803568
388 1658640444856424387958607905960855059586559765106378336552255011935744029983203668613467286044163158841753876853946258344838704379526853387481615349364356202643958691529864880682638278551270326401811689497516957586755183261419214781778925872235047148448321851159022771394385440858503531573097870981446231242158135183627173933984837811138437173453545808133375728835195927931289349896549952309818886390170128781180447229920876120906372401191090124550031239953982102494951781152227437005076418336983116760186448877646442046347886614732592797490600996635705689455445381574417189145355830925167249375798418653740259099757459593283459160032223406178822329444152463223672433530005866598337565600532981903126968686377327993662619634196514977033170925470940368023223299444671707481079520672848931369923928821010664648371690190456189574436999921920
389 645211155141377568534322967490533644624954301739661862499615126067674853792734923918627908180392262494184183724992496683085737043004811170493027527923236571085857087369328375493150473450842357309301002763217140406773018847962331795389985529659731141420435897223321179887434986910943616333876932713532513267863338637355571884709551851125295411838908345172523785597005466453740932420755880692449925159177524878123842063788142457078278162011258977437200424867310108907687944834211480332617397669263296437805448866561485209851303824857757482971294986702036923972829198762762029863938695483176276144237313602612453081638815853639040904300063417400977449834281432032523095899357059090321077874019467487282102948359269250675424120516213982052813188781435599352619650679595352432323134536154779746276469201592643025135739422136778958058139445815375
390 251632359054829971432890342766116094904540426965654887927279105126463501745905317978842749215235904689573759512934530627886001786163013727484721659661012276819013550377648018233523640111627045525244029713002440711739965739533783469387798766775886149551574262222034625792113215832297934008863044645040489211549912555099953192291062863464044615706340958174256221925533005533829648387898738743033648390557354597318698811329643095386362370084641210941648846945870090785614989863170741062268195318095022765214802663985951718275042822197115759737460662491170591925991397302241218243065949458245178055461759595822186126123755507631378276976014743326292923600017043095909936108174709752147701882950724694261623777041870639448448833880346504662141161610190185195554577356248679432108762698881429531573565319195114509554267688193394089765869788059100904
391 98388255707719408543108899938767205029385426116690591392322803208957253054137039296134852170091810821949657653065155183395943388067147126500232943890686498964946703485577758189037504648922731902911068421407333313324241777668075859369058881367223228944759833425459241002761810179199373914472513602406573244608478293360352065440153447584117067018053661553225799039634862834119248382247106641626061140345698427891868797590784910137819928515839515860364948255897685405139666026403322059801738379527990575165221361991404877138425836174845491522532714015249694714474015256067079481873164528885526470020046753563312082794906602998788092864540084705027345485251322738805711465641178573101484632908864556522258703077308792778999481372454751715927148255926213353342575792739832547297941177340638279088340300267846443315087700725820783100834463595060076088
392 38568197527848318431653825844642679352586376287651315305114263857141495332571426989554709887931806202988790788369908281876203174293795759597713654991204163440732249938060655948759452808678657807625853439793680185257383590391923432797334672275922565065808137543651816919724989365116128396360457999897242138951550026723935284363683920872077592521667859006681203568584437424985678273322730645029177351915364102088662324903271812350310326134765414239781014590712742413434966897725991915865242110009767643991359649511528444961233347483147082392347789836567853732147661926036692682418340223200517342600410615871445541680509551653156639680981521804497554232173418182174702959577533799369900156742430654195660386170510943487906298048850503705071406221949453197381488415993315717731497806163918050555681595287582122036127496859338717846792976470462959065441
393 15157302131709107253299896422725258517798635690127820846219681550414817918627574298705636943642698268246404158976892980646409103269465305847928921380986555554232327863684938543158501420857992741651051452326975738811033174503957388156919464980035101622634897157803688493521172404717070124365528011685705450688937583602331676954834165484852220789104700002307629350966127759085382629075129919293944185370034873235553488324383444912958148943687547965516360617447801660220123562036294549276522273770229320278649872687636006841668142110962447774424200880692491499075214988915214828672844193849702232132317482960997289524812506047201574657382292021197025465830000545628744454933842999501790265895179013000343920288258354874488454030095915716786071969508458326951295338594527789565837502039945017561179378984868981859201325080080269840505513777617145037814408
394 5971977236669899673238976276771551733547072520681213646791737315509044677853770381964099548064927457872704882536211140504995553480056106638378248024574590669740535108185272757159965937893058438055978078038965283906213697403042766269977987940251592773764607369694320117365823932982145987398765865549195152384587897156275267440908792081338670159141385837016529070732252416349366424094097952696027292287916020746204930183544672477275330959452750930092477804004330365922099493721632105221593895468947111245769200169371310678427002268570876772814118192058269681135024134580625154631259576123111737231186028326726439199400292972410626412584808785431797443591711185480370792855357073086062510965669796939864617638091197975166036445856753537323215787840629092671237070091395534568605070399620691855493309502615740204010406453981465092637497845556869119060355857
395 2358931085621005426626032492632414624036452350841831965785366849854600362035229966018673300595066121723330834579384977239289807377028510709750927165134273296955838249197682615199498442986663700389426956077098166730314780988969073460488170831068723697482150042645531533663134292977926395254769309612848084986396497279828784087029541599496616457016032448957246996301646841626874587488525237960392070512081532025479151599824795435067380429604488886917357212143739675964714126889978477014513420440718328961614122049620966741035555818552191291555741470558596197184041997454670788152732897405309582607353166389878175226654199085121300739284278832208603599213834382611582827527271963024062290571239883276107832358366795541212471371926013744943677646339860935504045037449078068141230438270845785610382073445397806165284649352508350089607283985657458831250199759273
396 934136740220522412362123373682229036568952166530636838706646964981784844195586903798543224446920071487835546986244768940544725014121496779991978853251014987567623055146938042988878469739721667070198557908633778679156130893698102098268091962942144544273134662157424802937978167061603661955028895337743865026023914300687365703127052383068991086682790427996469815150710851216497854816221252382575098510672657422159490504637595641053572476039675486594369387041642146577630114688678600970336413047569005809257832888949648204722093787482951973380969171189605855469863629142479609938911884718190982411916318155026723311749641887333047187159723732319191067682729347174187890958288607225214666069791525567696727614601091610836848412259609503189527781522728869476518488732425592172982832686929935181601884161718338923262579058490826412160908762760610216835447732341761
397 370852297811501871047562325829797481060977477206807866328966138681243214163737356515562424033626364510525627898948938341818536840597341181769028881497148999213527692374404619437130266806601377612985703601683766213555551777225541339097965049244007264579620008405712386155017567055104519760438446246616045513721798746548678496691974677895973624090408118197370190647890349397454481060772685384078219500791629572429359222750985836587613227538413087083466506840487540199979887375604392028487766423072686244169582148451410676017292590484736470573998306590509908738075223039612674306998327495640972263754252769917665808217486228071805678123663146900336424733638438011574963671182162779124368601832257581715194742725868645684624769999137864479749603910954936863436025369247100275465253713921325066337330920121741502157891584252978381719857755630769502726198125267023065
398 147599219246839915918940658932324382727098284001214232482592454765868498946368191963653776802729894265321443350443346618813732141137356544401094914337719631955530615476689536931343076588024234263295710812324051107191443067965327430899137010575456553440136158309773614980760059014200184820507292115691805340157445873919368601340974095861680701381215345074618233792354351663480566715936703759913607282099209593989949021613195562611460934695049267868197443557228465287071347104918801807295085065409770006616151618311905548296815933084036752392833909134505884794946333137849839283526910648730901771593357817133563771426909972080976830135819411034891561461195296756275600764296155840635424751653819660002414059820560437716071740884599613914967832243915357551369409105050420807791307260601563918093828928149551986208663804275678062622396859826037778767873140923827001306
399 58892090347762606892702147638244176072570288454388811821828066864875461043170596984671664541375676705703398872497989273396217005403255289459030430804707839652286690710445235529481973536378608950498322754514412209036943142430427432324959863755791090706903415711868996692172869422622207866589733464218821006210550955741656673309780070502915365989087096050353531276089016615150448552654454432648034070707781649347304503942646038757164195050469609958761753168072931732825760650122831298467940881771324327777856114222116091669725966744718239170644676506606190412395297861729344159086457226667399243247714592868928254852783702359593529890286319322369197661399058771212659053329948096990748926339206183924014345261858843850895846286652070471291171444377790708454133185952095367159915942945689377179308105533714658974330781736085773511438361582651552275004923848856733860889
400 23556836880809638380084601150422322088623077503710479142346959403882461779754667121343378847675118749534088570050451507256363485798375796978294535859940898855212674711233478960602028288811977193402084327777172086982309684083274527381066623698246534770775895443987615488293920079084017256844932906564420895716311409740260162421269021585115502187582086600957648905175987941840878215970743894604584396439551661322180946435776861004837351195414299060330875434162186374105384660008907270595960409684062577256514934028010733570711738732472476637730811750639089345977936620842183742859931504663614688581030364656076841776445097378809868099725883976273972865232472975761939644481906581160625128784419677234120901535133022992095629883910368186792197537250324105291527001252888885358166928108783178714373374888150231807232976541745255789681270753539095678704016356202452376113223
401 9446291884403103484093756899200669022186619533184470138509595686141776705418619408395078845225276224022958047233117755296494995432612976863009197682026129116379546470265856016580487206499756030602704342030067631528008397700279221410462577901270881593994240953311350430353091913232808948395187736546917010565851555620736072969666080337579508100581819489414707360212038749386895491565401733609845862799474780388613747500644564489330903052283003313291216785493923850473189822806266025346583738873479224299402501777535540785666503825353329299803560297674093096748922174850381956586511100423930787582796719413802447819482026902722701269943739746124685188741344585671131309988446067637722357913401793878521801520416461860951223015591539412102899042373044454052617430241226653129466553754236575867591559517806095548878400796825305171445203973088840185305159685290577175025390652
402 3797409455314228296130904058882964223407373197480733904458481109485127965329207088516015665123890124808582546394511082625169534956344427505440276386235365514200256985620255539555826915976848997059505046492732696903083793949398531867860820966230621912367866277037994296739936333465328042499281203271327566685114337780637812817119110915267103262264623412918904459512302129431565217910188602220066902141457003131786025189868122810003100541346157432882289065292063724036085774419640242434989259963020411711008461270281515840070117877243971867957509580954338438105447539080449270006465780543334629943082767699777769761288284520461930629704443158514762090612415846237912329040673425850260581862685373817578132059236108191820079354059491416969506357616306759284733623865239486462236288929034989390150561284774261483508268023803000997111982587453120786384756426502845660794829121992
403 1530356057605307764960031095899036882877815575830890770917726171816425377792594016181288555731685415648096265265165106398846337100133775881444025340241924022104501275630312404907956168342726723438934920540739932406286942926226976509296965611524188027177319651198102589561425318974367359295244838608210822502942869558219858045819326541390685784923647610570491699098755568512896666499562438636174750772175965141213090795878746363984971527837203836280160613974452549110915315301884337719115212957018045287661564404953318939569724645952798127731829636586221891834674050205294297496973195278826865194291732545071170525952862214636352801390626792333217075064749316498824620127270679581468176811912463217323341688113954671569537963877234808859447435703766698492395861000745515550058995154734956941797033626510777154146337821086085288952843219389591819361695712442631963502991436319619
404 618263866165128105850059530930724699083975537008918937819701650433027224911761393374479393305758598372383339213042797451369430781444036321329339963476132668982476748113739152114526325171436009268841769103867616752275187998212493910314416927980927765521400327072515352805516689571828239620896811588092645385022940433223933891983153862053997732268169835834117625265311970103287752039614208339818066531650815515999649458762508532339057475908036454423191514628112400828657488328340918051054596727802768043173720618406144406657250328297938094310317772787954239649394509780783245889541084065668254386355435113802191720089851973677140337207215763990099190575529101348214317873679974527805278707457350966602217799041640728147017059308848893962295588230119830937016835949536048764677140301446030112959153320293473005887323240208547741326083752439630442438491824852697140679453195225991366
405 250396873391695793497730702288751620894938539303358564778446977342338245059519294975078331320863562588595501998447425756826784716823904622827237696088386503408634111386578327846894240806085415707578910606076477770136844945443647932474402591553917677497410957200101271962222852756463103977119293691739927923589424245684368787528802948370090912102815308042064464070260266916435798439174190198003521385452384566893864294370866335333563897748955846733707429188963652919733730845149620649957596544738640983526180272471411025259218063100900682683622433894140628966681652672112292746162679059527204113143211107255423046191929571915810877492783643824876489212613467270858491214665047765107989577041390866844645843768128613371758292660242510173712547172211246762105337129029347480173214746558220053818435875019979136932888862208431960334462543193636109297908208859461957517840836630128305118
406 101661133657740607370694195049295349881418812712794728961831014636441671127015589345069834878847717874340605107562185387601887392723179477135410267499935600867753493431953352366463871583183015462730484583936891056155423860424006913038560470764821800112324902977880418812867657341974658163445151829336087953398951249633592844176410088676909993095114584912373393553509066565584071192098054219514306954843169678510839185940753323902919670456019129448292888811040471034316992944961376587651459635394314153347719765946521686161880412758414969075146963624680368532916534654225691265530642692114435427589874098129166846896264458103543645534775762174153439286755217841467180430803249647175202931215158315763852647216543593256843209959134386884996911870812637592948163859177637078441356287220627651320198848852178782616307186374349390962948170186868421265487658702860857721017885909070473028845
407 41376082635228159530128749085182269263186854942058528705303098596435061014749794686966209544649807786373823023544487878839563071577195610082184621531153716505441009791758510640629099963408137636203325763345852867590491015742946810031681932230116328607571766554797984601867842149217065016178656036333410973218663928646753154027666690057810091297707100595675642844513440622816657181759412146570739610257303122455542580677185520353505370553714737501528114592476500967191817785914256927855980173714679316018058031087675563080174141307175549009461002815880455568805508903058875906637463354772743350365587530649441134291163074627846211086934409619311977769907754812535345131765558353760256648615126849430589960621568840538816642747401814079891531056011919960569564564718970189997729538253076056979381157401143405111783036628969969433152711179953637696375607443179104504210593501576512564126962
408 16881442215966835871684116622215770436883478606236958318480793784239459578694406351320803444373784218567644970797155051461393246857065242561340571239186108510992938812305695114533328478859001767741788326602929182129875874696812189380222093298692645179724635749179492117764623521326268039527099617062619060553070730066723778212025584601192413989646321248666278364690411914629729963029437034149242156992022444866630506704020281045962861853043408398535164221145270772541567496120478516864481210790782250412649643736132174679533100171763750197661454516124093660353905565811326714132670541072637406003567938791394197301640626832020397955090994110246574579875342388741355355477330237664280242850950908650462437622891774476094416984456525465080765018277957688334875866616014095577768611953684524364027619856538259325565752810397525751262012015687810650410799983081914246328712614776240972887448513
409 6904510069652703187000018439874640207276042512788541377848102581415968240569354451721387298888547503089602541737246631172080613168314469653947247907647653380867313709740016165750836080781074889372422351041567203364901345061843906304524662236286233408150976246064218231926568645957758312115900070268914854438381835395192524555904152454707874675585331580933677675905165580101692686047182131163148481238351089636791234263622666829305458303734094947039141063034193368050443174547261603320325990516349211207402010983517591336972410294012199347673473047388681556445484442249901934531644782359994083284330142145428422954704710166825258970719507660642373351475893610505650023324588928811189913676444784068355768515468030193809803060329138833486806662469508436154239415342277483446581519171769544906142599161721845768513958132066960702108900160141513545106120279152084728052593942538223794209936950027
410 2830849211309773577126326620606100655347715956617011849034779468986744171503557354705358166476723565566352614859917165869528809078135075712509591806504780948463031631875426211474864074378440631458968436333694080071315286656338033070748731580241220157574557476029862584685862348578365206401649061167567162986558498949356792361427010561763608732610168543597009038472403576868575246912659037295715170449203167265690650959170454754386278611541720035715522838900248465853683635948012829189847511823663524024393456539358274623509814380893284346897221968351365069903559758933477599275726174042524283692062059010800714710311199750724505433687420314732192312729071920122826134633771724343704572127855658698279563952521813622599700332368232416533218891395560570847078081429462897651038802855884589917670579615068271567377533057713527145920157082506290793054748084587227886333104383458767211682501663910159
411 1163479059611201372132591984437340613779452131936549082427210998715139422966881230172714909063540274195339361842715896766686443453900009831971927355154607448190523022686677797527559363636196057247639562816724920115168947075506680985702107439923328082148433482097545020664873660794955142483613843194069338112713664174327101793994057764936012391487607250711013212144714599473808255740562790387413003353106815730243747277480070312093322601269370640765896683858330561756405519457768265037984361088488129955590211462975538342526883069613340210102258624315320075978550381629470424924976885796818562742712318260574971328726297700829025397286325659536919261024797718921166318817190889659923054473109161426894718085411340644672025788792177492108203894525105431174064468137260984166605139129305790363531656949848299327268684737851765277768066688611781514099828717192233418736839172713506214649736140788789429
412 479353386368835104624034271588221212626414692909943247537093687166842605094291547969867445976953190745574823258404032942368077047168030387401373378218194083949802247081538672061386789319784937148177278625335369170584012924911442689797080874297735642417621410926141040642364412100658810618765527627756707840267738516586436729510600910961942014708643538463600605270977766793540161568497241733978419707776970557562603151904257495827782570333897311463739327827914317512025810117486874290172763409109090574401589537549943764156258498625516754586529248564857966080525870122310699568894346011578812569985641692017172478292080562150978797332484113168226056826963363147307744363982693189066156065300801860770191987901009376540935012601983247406857671517956762582731433181030356161196284214437023973314132475622697646278389649022843558574365128156721312296519200390574888936192694902262876792073714255683877228
413 197972954232027320829273308418588602026910578867238474466843390869464933877430752318669964599198000731369533138426095325032347559538014706266918630223297769680830224970738735312205166938799327799078478990200380134839357480618999143562260542582427980800917957861611201845021671569296785942280575713561642673164901980467196268001462899081303175601887246605804137170931894630539240464939854661451161930742229738679689633117760264117783710320456812717964413823974290932963591285889350977867009667657078054554904527795039853313084006951967181430805273451730276693987324167633836788908563454234397676452637402927210255136058692790753744747326806113317990933920494437981938667977121554627771142378375424209406687562244777555033405404019745915497051403353925737789223597921699953499860682640096612747916547773333358049518059801500505118267089405240049439991773538145086759332648687872366004472479613367554237891
414 81960805379017430045721893950479650113822207209940992302371328674380480055535177393691825689497790429867535109987127149995185423021624996194523976856299986957078609518931881792608534167781648981210604797222083009273334227314159796448137836033340063898236198851574001758929013359436190970014443312642206454828945645340747603606809228207775044571206103070017414210792228666472444500101611310966361814153289818027022968598247304304903080259314323003978548854918724162908050305169230220373472078378752491561990385687569425222693463931880552339033803413533583181950904162501171689548995120006812231688517370236501566776270956267967451983444092303564967320481606746919960450875165957997676572790756371841017222440205508730465119181315752393370763497396314305655600917668520055270910655823278256289218177841473909929099131295190684822493130550435932531598707908076205209093533447325697467364563151399671100126269
415 34013735190999006206644795237517597973678641244954897625370596474055273556732308806965203600876474982301408561794304284056067835290128467756788225198111251023575790849961225107009885802402962966772275287201721699519172045503402165348862581547997875113239307358646032582237621828894843453873615212277570934267428123351887288669699288727428465420934562191344303824679985438541598054622491831045523620830454690035155647093478935095049769963180584714445720702269926183435475900696850776428739492872709102216407158863520386567305315844247426471732537589674934150225557388489726495784232112591519099308359848619431534246497403435367616875086892970947687774451980453898509881728682600534422155840476024915625868853069261925161777542116062447215361665134813472760599546295302184998140244559228905234073490432476623865971432044283432247021766327160386908349201085063720542883169161163186421857115484751462965023363128
416 14149714235401495046018876477353937594227518811722395146631117066893775538530508218559029335304542791033387424445496859019514869545388561662853314216251540872403068355244319585993583118209966471775922117632874207400735840608130262023125121048488201211963513463032665277433254370863598015404995812868620935778535445644189073020987440113536039777715129075373723602675148284297094051801437531594647149167793012539084226550266503235061232540250543882123045248073116940257739840617072494773057584769066321836181487197033536402078718017374943316175098498915319509954385261586374557513914136655198853781073049930958324100963430101230314201543636970567850340808005736662768986763009297776562726085180311121651209861690188085356854567587092786081082283690185211376260886837292904802626248736360589857567797515743371074910831829458027417762065028632900909559090969712123460188123860571752268039886010597182388470939207584
417 5900431000084034192224731582500379877752175572132653196027160421637361748328182038209470020205645722856503415728842410185392000590797876256659824417224846256392053418294100305223087745510624354293857485474118138930272864080258773891962768373495251972068912910557019123837670590508147091296265193995101555504062190491518134131246969740962985002857297966843048882350365256136345552546088450878190483135693314535377758525507069045515142579090637317473955876403587473924925839353419840658825453595644812963192663285143756054805675858632279226606120752115295062718145017983326515485645574083208162040331925198244361623104883904754953557978600583614978199246873033151588161320095778923158572772873335319241298194359253312004825815614056054427316099040334227936529401122352976639735256264883677617162284142501341421185636731082260023588150761926180778479625433249943766786094609811645604215032292687628452230215670083975
418 2466380226062596674347950214774749263935605336508731525849148306985610158911727205436176082376367113906968392377473251046102424359089182855540742119976436131394380375998515627505700891643212584900758362472731956476297456223892258493644767877846178420320555823091448711056211471307649141951525758837182874755839864160310826770635810691121105186051281392009518815511060326424963318047461081712067284041767047136697283133973249047983199788159426325065282985228140968640471367720681294789090592460458517564032737686004407757949545643518924405216211417849268515566052917968145260452452841535245236915896943349585840397320909965182377457970288794124846829180568476761324759228819799047245484487905365844394912476493905590556541041250230514982743023829583037547096235190342636826013707115001866362431645239712541579008843885535248778426711512528676219727717034068083382002598796166265118736833168791051992668546641218351860
419 1033413343019656477354781232028372896296893824452196132775583433889204790371564776138774215633756491336105338472936141079310633845488106707248694273976755171557327122349514758413527845585672309493350697427918925029317048959282537525097681787067790855090715313802343935997883161344413732204885323762771250259938774640241127705274550721554623300027566458682246534446581482122356198856074296840231255202794691085862186711303244451637967181361264710703441335056681562006591383590445143750773947787047288397462360762798821244647932428791865360535479216429040505852815192537423387302326855631096027578158526825622566988394109477338276357350179407825584762562358873379006547442413469326814453553557800459162090570953366165823566866997555720951954899146759860112603745297275338504685552886438279478580039070575149953091447737860932897076846959273645393331711651400713233423908607747862176097819716173895453796737860765179649900
420 434033615869117720657076501901379781445455161774273520031051434287786855230780702634649246985117766772455687871640010710995286585889005998640204108389886006503769904170903035121882305592157861008456001507440919460549438423444393921058574134494008906128604375934810274233149175439994948542346018572894313099377396357025654619251579565546881267937547918361139478153661987192120115792242309765074028941554736527448747489502879720702084307202016336676719995671718008849943328957838639082164739388210768318223817446760831493039643729703935168689459724112438516688772506302007858633630310336351479749242905347425328531614249226691843879596982467243946767506147125312928816228989979757453628338811421738594748678283010178364404708148625034027933166496271339327962028897914444416673885491774589910770971643966131265301090892272865278936795770071232589051680455830922984498416108299276842448013893349725111782735460502162161051649
421 182728157213659012521822555996381317538035150978179824950535705533454880023378993632641743853086744563938072407897229264275517744864120243605891640713626248690959392444710929783343705665700242770985146436149352038355226528865002288550176697911513505172499282909666771635053224972660815951625957722240023489203633377987528915326568538366858396043918045732602504321729327630003221598460648506018329608529112161590016966475278630362075589298448454059751768308359252182108078772192802494953944860617918382889262273151785430578505526104447993056111354283759451224510256285251144421048881556509656044921736983059950010981279719079086203675084534650279177369781598117879985155054299935527575625130577527759120882346972238079225563243653221826220893060416281516238089260214451480104979444064516582438311786973031742116842423664564053502888576053411945048109911352509485778834741281149993995621514321197158473430435420592635794998196
422 77111284410990789323522073340035380057796626306579535033518333286284827148275516056104368183551037473494849228343307695396550646953926433777899686878538824901095206726322257067600560617981193620700350782756421416023755653815128884333249616714022273318376407569310005234680332934229187020413618568555937437986433805388286482750067333739915686239780015354291174188262845153024323759262791381688328775261795737780369331576941004619284801959879610335744667633010274534212733255048129833760852232728657131673845474194774977301771821311941910653409712578704921274824339858006368020529402621500786113149028163168352555879234018239593332627438388322776628501217359530463100493446009457619575567434010823829949930674603426376165519335955393605776658775405469093372193893017989119154978334766331770665526531262697536323607408969341506300084773248233759357593169254193653950921535932207764332934783607855254304075108845501683599481182873
423 32618074173916335622085278336987969567207535818593466867725295042201350459294253753293553010940582821523854768500594898432762345652084053266063564830030139712935285452774123081401107385170656085871970398017969273859887562662676364961752429987179690601691032659026884083890329297477296989624857739191198682056887698434037896254587720675143466373189482369961003403914139807053263334408392338938782602083797480190569282154541023959716912633197689576052667762203337471408003866772016835358118658773700743119573272032024708920312466494238887614262645799711629924127729137481706276699654576155453198564998411506023825987573052943846433085094197454499448343908478093680142134585294458553039979931843256102912297864854605923138371407918547792493594717862846419039116672670667193231444668953929322540697544266064345797148464596213241710666416957594420350727088697884810651562391927405396187028531346143484522369062236764942776785861888517
424 13830063815196840731082183058528011089258630263153931908275174998964783661650523638154453741922294822499603549720397052729949763107519128313051438699716060665537058413895013075935929097999769511810200990729911844415296403279427836473787607414917584638144008192425964670903042892236823868922571584668983685672167362543298823987003024219397906475949132612699556908464603921649238913795601548631340835320189348659025698813559327109477231680626998977143239250677751704595498003727492682577447301227938836318535833120103022885783346950568340557343347931300439655349059603312756031822942382387675269210871416322028068338630996410750325786252347070876835398375549451283576500824135160535088822546252790848789869812940117605355145635408590751323727812815633002505148501688541410359035499846424920886288923645434856564054433222479261814450667795797186335532175704122982445656107952823325568367590856546445407329955436824738556843512475747413
425 5877777275681226132691506446918551393005677977433673674176019441596699628771126842766674952525711666664406455620867204096844040113796923440899729003178699539930899628095794009917284001851023278481722662460914099389343803441268138131617501817839206899255750118533850123753803698561316012750466964311555203522546005053769610971049250793378777732109753839957342394679805043226616844411778176693902618387738023703677397556501377175409832702836078485045097353027379740473635720009650900191674770543578470892691992423734733116007877057535187360754744177622112010933192881056601029537486553573567232416192578234918255380623285233036924938343912759999431689862865519230239073776458430119431664821308570978757342330399411331482789647379689741223371531999961576875626299962017885438568325744687260909336333880362876565118206766768504209824546413383350689068693389438606047755430948748243012203735903269115565827667432202598541147689202077352097
426 2503933184676350680359252990557859567396357952801816622385918017570784126259200953607111036363059191880202793142198965946445357954002180689991391087481255664070842667439379153773009147590750686974526025952290202375799007985755352169421785697904362113442330753877485470772888543367779216386292906046437995083001962266681251141742773347154800664165687882200792600055603756242818389825944172088387193310741602265361531740208150985806636650841994701024590624494999293848443759540119017025687122967801746147688275011657540371468773467134922804159296248192311316080800015585570313546381825221648793320204435458071999804193171484419835911427373005948152808880477399009038032789055560401466806319957411100637140038574744956920880236060490645598251857619173067474709641862052964538164493230126111055235923314429673948869047676940311985811740193434141308732104085355023572113487241647966888979056612082905630284628190797961955448505714574754004590
427 1069179497516929370907082489132572152334267024363636224066650810053074819842246130491283688835933758777436237670926057899926273306258457369664580620457373567990371150070731726451101057893108739337661636702029897874289865240510341935198775440580377452275044508193702680871952749824127509870594808726972193238409209232207619324121812193241148322394561677598003665622856620844891295754155989072944428806368334807688071371120278098058088068863995098591498150945843199828788894514626827724953766662145948060940566067049435978823212042033305938512700612664812794567380917353157730509817103015528799523077832362339576560446620901109262755680139846044555391145634646127958142568079725939696647368799459632477640494051155722485451071508120776487635045850842525442967022085393619234879059327334849113435581027839318067036796486162379662900136691497713930422981115510946473538423866766859117795783814583843642978892651859542996547067370948491388200709
428 457608836692800322110683570731753775036169072438992258767873895054754906085880601392523104355129553808166043051969264022902853168766699981810287387355213893457277932092072435112659272612818544138565737471914121212024261101626033230801352151803405185252132848018404984480896024432333971347246603636078027329149548596476871178263357560805713068742427862231453248801267423081223561036012452146776568916930884073166541954194274138971616044293455307869318178695015595581481127799531722285582012514748006857239504062081143446405800986006009056753810583730028231319063054493537270771403779165619433343011777083466495237707664506921334925504949730794895227409195008268497123479616270255107025312709498365317572088968579310022595721571054987096087282070903664889513039203801068956564008269235966909924950498587895893417502026313912029258266923610114388987737295576071869551657510599529471607268640312886501140133669049562601157553875258365470905525867
429 196314195949077707538184612562428350606235666869043584615051145750325889852411030515794318982572651309821616229700400550223255902291630200200974669158168935255683561009184409542089135496917450616946075324503209904538812764195584227524484411967232220281889218684557246097275336027248360443527225732463285817081146513892502268837482677071197600800102881228669208137328924613052420170086121622855492242137735888871651029072407086035125254615165628759926900709342939494453991522886627940752717420201140877359239538009360561823169365934124819617230348738774607620500682539327520332072848354814387347449639009215997373120587681855595651881295257365756064454850276308140063990831445517552034662085987438636060627441800601149183478395743061585202735204921387475947228767849942306471888623831216264610025874366053967135456267026763614432420481852219459744021917266343002747708216274007820387326326539605260306321961154047574216753808034948622497299453668
430 84415106396462409275278125216009169025825641422222790111744440805941752742686382806283818145073617735090812533643647578448115837837947598603333847067173883074691067214691596244561781165876619551504291064859653663011485237183831698856212167543460735881967268584448632209233756235622294638971726806148830355289279477792194440015356199384239354826340883717451114695058768829325782362919623806139839810008084044951479557877277789235660055600697358094758764488013765874301616012419039043777323940594023901556369123225157175682834784998097756502020926983074306606440882626672668449106785812204392590460943820118543595121005824091147932527482472027554799804696401103769519771973806708706826784090269336212425334755255246596460340681071659497878729113386288316342359256109519362570150578005541648452009352848565261546882328895101326530700132996727750685357285270489722203407480074671337835535331146635122882993110142997632066663523343432234026445743885160
431 36382911772092971783245516189467093313638401525316167416146371523108685541607643161269528405572937954083247818332498210249665971913861752531436851706526718315619636884087942165550997907811368252335437726085985672586192561274753665459093905813935880771938263264163056518989717899345257854064756947943353155285734113227532996600360878461322283541579058367077154896476826967974258360865479932471175251666622057235855835778190635549117761907132649925751643232970290481855187664314861426931471189560049331066808806589050866881588685145782105064389133037326193607432483050222029088639566227867651537727533472494646456430143985598613772762014796453775580305614603694114679558714957650685182854156956709326552049914659189220233026878733328385695706440044054406150886618409281252869872812248404988954749850927632624902498070588792724362555815838123507765617767927055661421812363015498367452187532469406838093029829964073863250079473253120815600640680622230971
432 15717418278172555708517478070219009436348490671407918061862401728085243654626281550490497302796147161309265677162871686228656800313300081676841120339168880628685553645293113033886850180352782078843810331561296459563654995548319111869497022360589124427941770293896877785318050327067823447452695888565980028010008771076587282316360437170256580632357354814783093372616405524822728837998727670999790954430965213001361498799480412702033045214131813998255967396496966906847320059892003182207651435395376151423143159164949050511567435629316601256065744706585613115960047918697281644947333274584522173927069155016965287609816948019776513544381695830621565423537637705558094185644989686758890028099874622601045362835254024626741869909979754654106668352504501913299957971047267036939669667835088202890884464820789042689987100765270990978151341306910319059185795232531880266908946318111727287879448168031435428630993208518300123870421862239529985057101070885163986
433 6805642283278929414712886554961081517957234512370911365232000171749792114336685396735150944678368010994147508393148507424303551431890611041967402313527819446568610877794052373056198617216316971892608976574623496710369939095392649807155608394559425964220258301191885249939980210087880023991606597692522964425994508454721248827372949325433498182289444287482846865245132982365779245505013807382157095548287557245757618883134134454535887049039186662639550072200715646692421334536469402733991159080845754754268791031161185321823050993163658340071980461993424445359313961677688205607532206108669725719206125044233609772137928734574878547013139349624081883501396735899456989923320078314212799580899279766791314532515662173889722863941915127371506392391907555231458434148185139213915691312894347862836270171420361181894937725126996883742183847292434146082950706400874696551018162557338064993716399194903662537002455635868881767544424319986654548925278913078892578
434 2953648823708878910171336331344141757727626405645778583143022906832152823839492545398341832529468527917335926809122088887144161820772469019937357666944777052864213752201892498082274530973877381424128800504262049744271898739785532565812864961426602496343353646593804726800064449157575729102872971528068862447587927240817248446145853207959895133758185903925672273670697507300402128497692714134816044410307303177902921066991885909649846077518530825850864582838397056605091822899203049416275016904029436683451317441141567607772937894210398011155449649283412283938329474233082781677727154730295116697438533724264331630400773931093468486631248001766444444990766794609571721856080031418283656388475995732700849160215897212786518163416844922745890545689500759058561772722085587237401915769541771469280919163896138608207652777701257825129556514836548095647016137813515472414464726174610751204008935941424967856246210488468586018158662466885113837937821355685972049197
435 1284837269748198882269642721169657805049536359152895026483051088196789934540666566500841798131313415236335450780499462991651082849349624650272913938803218696333694239578930527252015488747337021625060185906974654761351195079116697762766819997214616807087607692151845643951783606019646096295396637520101732296660804369773045227248010778183428723697972132922377068612940160908485975541954006646100321318065585744318196666864467969658508447786651337508754090046637512617148756655793446280085996768555675748053625933182900239279329007116394393485823109569773756684399553211486847424374602202344924932430110024193294293154911879659554831237619969531794994814114402730439110123583184956932764046767114343474114586784640958070184654570067361353971695588269535199478197734023172542803907239090006259313605618063749936148414338274248684473339040256581035427090138320469695564052689703848312997198461260307058645808154634201358996847056290844701215319273671817443641043086
436 560189063221499279227423055855743912923760888505131256288433004917800754959314851667737817455554538399778278528592782650656886970923539211300212561253007978657129581593635465469983499206236175861160184840658902625196114475234758415351633133096789717009048882218721303146748152104526118160552981941977550666390039557210064628522630354033873574399312214533044976880935640646365850067850437907727354858990786481097848238268145801039378592306754081232190108539434099902508151286768611651056300059072592787842890415405326566648158090748849941887135555916382281901247095918836188832403737775286799487878979408960526400282761123807423375569359400742141316987117646593264923812796248487862841752816061015553273493420732522749924857171995097434161914019498302130787604674950971525032781984074625354849427775148335315001431015277447876684369589036237026031079592473626200067676365812914189581454659099320113731184381629170342326096090151132607774412271912762609021308139913
437 244802626535092832440141695751632752635967023731995170289602389435124743581526237857786517024760998339640163551666899636581237380581910276883130929142279820562719732884846202814167785317674270799081763623625541455734801514221386907079728810789027029186159354216288502662738396069806811951313111314390132697350172181676652724298886357004509167932289705267312462748313422303856891080454898361062282343011062512854366035929021849037980264137743688535528729133461867334190175322501529089917701958364756856346216478434762591908380301203123213025474260246358355757669548793190362985925996763254640836793347396592817485452229871905391877310747031386811759056259301542790360925335404301356124682547931440748771982026558432873511588157198184412418601918301849410155701360077120000610500201844442819152742876301660860447902570091550277513585160667948610048677973205006925056605516689172953196317188434417253829833866281794248252067867238971156908719431220185854181867457462711
438 107223552992045200105179827278500587993869166493686602892635899538686814082288361263043627458528913535389222108301003601821507955997042399974060647510146439012908635670951115990466544473172308104671855717268358971561152585931357623534316744659233833212771411321949748469970705382142595673967335346496153161642840008895982632789002678863996571921200338303027124528515416194969640110211196566053292958439488016761383812373304903607571295009348631151864258377964477985650322025553183052970846017935757040190994313661677881621671050485625981537946512959551178961406775740216485410809281431054737091205336024567874107014665270204385401581216862222663489530231563703970983546175127331160352524821522064582190815075861767167879991753222113912774070348159601218187267594670174028313744174015680432968913898447338693003681197996927698099447669319239571714483023117973309815732607437963132907683554528671684838944032801774639805398710098209080048425030047605167256072745765216835
439 47071140883885969289172502630107869840796389938250195680129672474349521217726100513105855789769827953144945305100697638385207293996475555435691046857379409232682848373806703107085743963689641670423296382201179269833151235616094947201081881608669918973986083588433704015759745956256903709923896538217775121916308096685415490214501433066555203141154097313653336734108221471462953301114415428198271424209644957339820455827577329220015400587861233689176571892306622914568691174234149933791424703986397458789032079383257420842566724459505987392858402963514079396822138352449228933017652213040505133612741490543255550900490854185247438909000953654468073388054290440278554963300728523971891734122331691983703798924850302628164361879514222351698011751165892973780814735635415748331676742458447678222603911117237236525286675923513290020553280199885350055132099210949467956359014800618546972301459600996187835402357408464396548454489587319110769547617818420927541160727753776437885
440 20711302478515079557421566037530854233215916844764133563247396467918568206048971388819052263071758348905772613524634064223290482520924005555524614383508798346940094409914415136810132972359012970334792006332046125977669455140684805211249842067272385926607935151229538199511293546229829771980138379442043682423440957241927179047686079147057003391126138682586878697632542944070544060204124949317036148776808467251646026272866096714850474334619471098725068703672372349333958785043376615871285049589418798596687827621066222040254542578943236859104123354894715427318452390416758316908492945589815785298887929425727235581850946745968616930744174229460015064367405906241167269433042401218440965726075309568692553024478097209509184974009434149143493995350196745067257303990985649420177767902717382106831359197070136674447858302150987792143998315119875360155343750173712310811816625483194046158548617072699516422586973389594681138540472727426265608359465934332124759257672892461404992
441 9133684607472256068913310832910761273849395316279315888765307627623887656241224547045924574101900348925272793342807838924478306434743398444071154891248675091293459660589528417235500621743413666262259484136143776092870172839347170960876427420300611512101765827235048989883977393828765693728432373268611956941043785429369903751994826481857496223479771001421490111710200495365942320489299323071206073717158450936951931109101573397858866396709776773235017602048032961985231795504773138705602812810625726052653412362878831243108016520656068426116881475401595422549795426987341898189616210623671623426283759287417760027344481544302700475228983997625591088713005065115482173761938791287587128205904261162837545048176471021117084909298143966216508677497577460893862907434559860734646452272586713540473495343735727168108891518610981610190899455863203672307650022792653365014630763303303450282185755496169544085714350236197251562696088129777642656780786802193558137674536013658981761727
442 4037088690645018950231621966491561743257172411388237499334657331669103292757663685246499687964751533764626480947411675006014688214571170105230561333314008105110527635346268308031497488982076767867202032834768313435407156061293920796897275321936633505688818443610058830396126039591806349141774528832519561403491596992397690829212693733983879463888465064936493256682582087168189448582176903026303940979526883733422668229863807097008277387376522509492345158458374353810718282750492075776176310845145978888067725842456602175968584987263431163355636397844311103795168372372681823898268231130967283635427688830521631018597362643563501980546088744952418570147295014889624001359886872350570558610793151678637578878701598041034356786238503392096141538849952740046873352647704929715545228567836812301784641387139013642778603101799405718730957600598096422930681420338551209235402710098089726261820048532226140478261437326331135609307032189710128216268986672516017845083429629795865289865025
443 1788430331378348351982767645998893927324635844676822901733520324424205694528781424662142139406489455601246228871248599076932635325635993398465149781707334357581560436338585680286783661239325952883196441215386375515977622090492117194395103390117612777564918423735126364324560234561757305129465660233082924585834142314514091521195581419527016896616596806019143877884141259880593813862992488448902544488002707047523176529121719089706860312308748140944051102647197246082892897926385559655599337446969767826251599741583930006086527229866785163253020642453276528770690443598002828820449460208004397830126036749696941392693102814800524869319151175502269885495281820330915245084764423317387559901463297645787066580649913981134414475322026950717458999997517054541158385357447891845957835095907243655125360348165301437891194522992853337699789801352953345598042589520665686038708022197086999700374373816873414377268849545979368723094939042726612847852892907739008555468266365295513524620899968
444 794063085399355883224860972650130569553660862735300000928314801574962583618554265032440203988330466490754023469379964675773767933538993938405323391220366237263563016321251363226388780061261966566966552424150519001381616393918845713005767826965074913840046804341927760230202723913375031135014140600353565053334273069731827494150645654259648465812761428832041884623538942807384644087053305849911375895085349363417192252833905494032992774382816967998712236045390781356870370649778779496632383237660202536107162390570089648460080576276885653796478017483017729577377402057104109970963356711586373883919207169432960553191257704460396130583104072380975824411087305652936499048599751476797659171423960566537979887483651903976622069277149784714839728431914927211429244886432678848725000251875720728049087075532384525895144704426609919160669892182510197171938254362475610186493091884768154473573122539063306975846457369894482373259279867537059423846313458668432447140598575512109310241383498752
445 353358081076890749325101033292552036434502570431553323189575085370173013048463233454763261267806433517888607973127046175542676742454228731732709119554185642210301752484012127328279623190256553086453651563151046625151446166108198464875408276794008980532087839309794740522557872933703968038693990850706394113772874323013857219692418974570931035254437763607188768530461342914450340955117618267564368325920862425774418019356424404572295978616908325512471964024889214620556022560588122376985562093111411818859645039939141578477940208380384090466295044491215685350555151505748073682442341533192398640278614461253045107213371715679601565236485273301711731767770991310146771855874892126948703032424779673695704407205382854672792902897045226675110463344485220308991494068209247383092484543175152859655468352181193888301366679027047617625309539483132238937705369052664487210091844359527248936919492053523268668703954486125844649357706646058617228602786054201015234254648177859573683068066697979263









