0 0
1 2
2 10
3 62
4 448
5 3688
6 34056
7 348568
8 3916352
9 47919520
10 634256480
11 9029234720
12 137569217280
13 2233574372480
14 38497936301440
15 702049663399040
16 13504656880506880
17 273280886412413440
18 5803407252377602560
19 129044887279907315200
20 2998494513787046912000
21 72671693238803427788800
22 1833947323642158779648000
23 48115556954048466482124800
24 1310478368948702194445107200
25 37002751504873762697783091200
26 1081814844193730250509836902400
27 32709824341126559584846071603200
28 1021726223817298031189063134412800
29 32936434056038780027223409070080000
30 1094677507101883843746416447975424000
31 37477451989845608449998657151455232000
32 1320557999603144912472314354357633024000
33 47851828016418069575846517389783941120000
34 1781813875589627006477775878029456326656000
35 68129554986833472577389336124554991026176000
36 2673135800652635032786612878556486227197952000
37 107556472046906770863436911417843459280142336000
38 4435205930472679544304706246931162683633106944000
39 187325656884231019371101435798111167738319667200000
40 8099224748518788695893209835791800106409087467520000
41 358277853189088273293170409973085091702530497576960000
42 16207081188427953913843328746554456407541507438673920000
43 749351702112553214551763364959868798356644909632716800000
44 35396427713162857087475471671831667730778746093232455680000
45 1707384483630462501565705924917746790820443177026065530880000
46 84064898075146221333949930318113800966627282460610380431360000
47 4223089915217351673274427521702097164861335071592537710919680000
48 216374521101321949460868579803759796569273379567532893347512320000
49 11302554152170098387460461058573995053350305745650036086040166400000
50 601703539221381673228639460305592807948043798289659075788013568000000
51 32634033960768736928702507503417968060151117508127391126805125529600000
52 1802575713522208241469665384494091657664097126769586222762689560576000000
53 101369770120880743489172365101283824929394659071556521116046210996633600000
54 5802007041112852849401591861777636101843831102773395307186847687796326400000
55 337886075798466820946276154051440456017893382011746185327280536135558758400000
56 20015042519502408495452821288586992895148916984543818235180680472827841740800000
57 1205627459852550609827354604444631343620079321976434471844080195151449187942400000
58 73827884979739831213574462011658158068744068520160147753785477124490834581913600000
59 4594757262141573994655476374337782259757148430708971358570449019467971937959936000000
60 290554382216965760140512450362960575173480033785809803212165541093080054171172864000000
61 18664071026568699533143281187604951869080480587140068226648572998105862941595140096000000
62 1217570604990155888463482851507213335544070223688784693799568112506898539736259887104000000
63 80647089284431472885482355513750064405061893361052425662110206923884473846021870321664000000
64 5422393172676932262523115515757748552542192958464944728078183544915375200075782073352192000000
65 370002788840377310813792592296239788593666087575266523084136971165121671579715158851715072000000
66 25617538221452850063996339166337927930846508085229473058322040561034384824572388326122717184000000
67 1799275154735882896950459803599281058610279854818483773364205297035236375953829651735476436992000000
68 128173287153925242436613902483786615917028319264457340894506620342409560000974800609399441195008000000
69 9258734278471749640792945619328158897716445388242861558216259834895344636099083461052596391772160000000
70 678073292646052637624580279667134919664165176942724796029882730144148797485199119025405826590310400000000
71 50337495022001795989281705853463685303075601327618595025096145882080322452988489710772157773449789440000000
72 3787195195576353808188146080356142620005250741118324560000178493485100133507484770629386101239001907200000000
73 288720870252586447956721671848512304587197357476152310406414357866114082885889542062368788896286601379840000000
74 22299664752637149060954181899799877109443679459288340582794762784194015519578092587179578185668124171304960000000
75 1744638086828673670687305671081142291745946449336563443517960489205735197637592754273603712438756050112348160000000
76 138238261997318084384391183931669679838530332588941193354939378820893821675066519083248022293638931074588344320000000
77 11091694583211240254429034713924113438669214785416083130615205779183767048830210981586615063026843475695642869760000000
78 901045654882468084972644442965465826132640829502151537101910823479637884703613754602033837372183363681793385431040000000
79 74098451705407131284031005955478294951548668488987399996687397694272452351369391300549248609141758910967119347712000000000
80 6167663761597164733328930746067851529081097522060712319699951312625580555890862038708422636076710573920637515150131200000000
81 519539743759688698834508436564944097537865825482094713732809484674319432994632782943072015798970452128763480525871513600000000
82 44283524906177285464456806350385881669851966953819701689849592101731430689083707147524990915030706255073210822475068211200000000
83 3818837063289909669787530583201367071414610138669150172868221388491133948341927015856565726050015352142818407413236891648000000000
84 333140329582538694384207726984460183414942894443703662599599940745693319481056446582560896760571084707615101343565328731340800000000
85 29394992761660968923833550503628821108341749748682062056423031442607570524231939311133508803976544642531033428226100855360716800000000
86 2623093571822804133629524926985640836123279773688582965487541277519690376407637304134389435130561336083885569052824103324064153600000000
87 236697649819787154445289886213038743458076965296470901565535913734062152426046139274104290554569650138575237733141991211762765004800000000
88 21595362865765645146657416449765983161321560688899406007191774784204117156391461554820419589683413894574626659866326708857076921139200000000
89 1991871356998615366662762805245696292662422106026130018494545393253700972389490379819045542523357736631896590220520478453102721105920000000000
90 185714253218376483903768281588615395281000367414088841719295299300787547621508877460975946618240514853791680018296291891813554843549696000000000
91 17500980988442355779888570554503234818348861887306006001570182097476491967240702191976177321214705589878301262683193936524002416497000448000000000
92 1666724614887589141937409658625000812712557341195833598186964751247789148609186311073197271981024018979261912321622545144089586630358204416000000000
93 160399023319883446180938802289749190207440660649747766983389754432749774225089210423245813095871576430213941489509887554631275811676912353280000000000
94 15596570333385671615748168937445214772141690982701921454271577869520481357174136456906053566255304833704572993805120051657855988874243131572224000000000
95 1532145743331314594055832270398498325807948218635342139575695788095008975709955385251378997030001603837043689581398744123876386053654688703709184000000000
96 152044119122128295400119244104102303614736890554953634422813783346183578531090418448954487028012696717296610243270996820087630994834701434904117248000000000
97 15240304658527335160522205929472470948975748610169201231878844561260333405986211154642156882392340777389280140614370590176154509544198087236621697024000000000
98 1542868518276575519077129943950798764550363063766332705855542872228269510659346670772990784849397257356358025975872707788681268460788724111969852850176000000000
99 157736810702104753063873329561096628729355816304282713197767870251319406576169063012950597365114683958609858911740294548581962848201991635712054573137920000000000
100 16284128110948683052662625451992188722919640254816329957725190912593646962769811691227027175818325888403783171630951489917105254223017021278984289963212800000000000
101 1697393484603922597451260498549473084228175068689248437653772550174057663991652006839042225956410837703981862376979109235830673407004948601913702434817966080000000000
102 178627016118048777412869760127375211737134550071460914488639112485620486352445389624933800719729450815805340585490452849697310509770860459112151367810233139200000000000
103 18976631825696101701090874019748056244431283436411618866267692162477733205988717771840092984942215795858681832551037265550594814714687640061522432517908547502080000000000
104 2034979380318259922917457693390290340995976617387464396513270216875803162095354907079420114271928008564792965933429502741996692354236944349396719958846455960043520000000000
105 220258166527981802989562141607727682136518322799498947758030048130289847272124215548079819417313591736808642017241194412193747228588137464244730704969250014096261120000000000
106 24060136050105746842490768807979645475352589366414663235219862446019592155469526950332034232499771575749050949274027664501903307858838157896053078300645706115254845440000000000
107 2652294793026511817722966145156788182830491027661686637429374555091175301243758771589161906575714144950007854848607719014763967905687558806834713646970729653462179512320000000000
108 295030843878570162009283779966788349077080713579557441662745902196642615429276438720926946610215132652493519484561986485776090369208006178173050021485420047203536711188480000000000
109 33113101847424011132755201872844631988585764829412889218030100364801934901440660908490114505143932865469787482937009769365626908008607904629928895433882604973057695861964800000000000
110 3749597451569400350836612295200358587390162796555501260273740493552835179601287534446703886386257133836913915563301932484341733654331512198211245881021900228118974263669555200000000000
111 428339269347102157125551475563725477416584023992827637431785413969381614804943940432650716418782663674505900530764118624501145605881912266778903555304185588022352678562352332800000000000
112 49360133157869274354108800432320936091446154092376788119579286094451863014091842202919191162828821125582764032173683759091596763031767428571882487841308150344645534384376722227200000000000
113 5737427792889913344832158664041460499012998496725078938965188919535385972828543724380302649592800476365894120928753003190659842694734478112651399760074325282717226716083650769715200000000000
114 672633474717910412832336907649213173509999667935976222561573756920579235361669390824966094360442093845344066150716112016302170428548504823219845145510586308614954780795718027811225600000000000
115 79529537237832650945588688128340135283858083166504963838603740332396000807752281244259566769645301380717359002137307173585278248570314813514532723784762857052532817177185001248758169600000000000
116 9482789307984394707314400589113685124255927844388840404718942893109556893356466553925860122085048617393421613704710148714089337482477413171755987589586849256060389645800902098871857971200000000000
117 1140173299813830760679448530093509592975829033380923569941497997172238994885487423626129217014160120993717738635359973584470046754946004187229791291282214639267332496510612436146879830425600000000000
118 138230127678043100349920159832288390290753221245230616482852059200628719389231861435298577393054156970012068615424453179567991592503599878435788944774425514711253238193112391052613128709734400000000000
119 16896707282887712735452644807913203481324184081069763283309796500980048722427454914184874800887492843045816090964288523854992008745344735671728632281696667582521165107549631815479306882121728000000000000
120 2082283767250508339706986697921290660763735743712718227007005564543141326497023988957431805440871185590717950203358530729171835133538761046803418519861041603119110427129608398328146970814709760000000000000
121 258694747649528962952712858186255984412927027511653473748180170595639349237328599192646101136342352847725897592062796132047092897453053383081810438251320682820164061278398429542384578381240860672000000000000
122 32397913001214282336914395177261832439663497609653566568666906001094240766196286870500666945249154077288552528979613473632190024924074853239655493214561129278130950967946171879159722924651944345600000000000000
123 4089785147848451701521026341574737104335775545498183805493248882181827951385125122824085101890499312621265999475606799286070703175166509384465605755883624924726183626308206605753427198951143476559872000000000000
124 520368181072599739878024390782417912549540489071062795840839959520455585077693030096731438755309581520692892946480454319031212217508506267585191247014003488122668875622442836878039271464009689127190528000000000000
125 66729969439829719131625690630989502480209848736155130714246282299954199253865296135767381836053105698549741217757615829228409882998534196578530241093612654194566899538298964874519324289849570867059621888000000000000
126 8623918866473688468697174623532589437419334628200410437914338424339261820459853841683922940035917373418167624139085514297443331294551648761523580715324752151230547858185847849162027767926643653228443467776000000000000
127 1123145283702976168239446893266735568551026729169339334031649242402050255447938694736287084984638653938216716760343008515369168526642305048556291475014401362330593015681858691899567495971759650912783740960768000000000000
128 147397170797692331808746828410710758722122587521225686283534906245074146292808298474284807006203843402905528691634071549772051988073610942413972180542397034633957261661011681896763993653871733888356745868214272000000000000
129 19491222296919602403633990041988673590614869501536323586485023920873695840205441179206893068802346794436358631108158241729279977301843847297436329782141250906463185361318624412820669493366585524499326865244160000000000000000
130 2596933818869004281439693734960085538540219823729872486312269002337506912676623945049957276587598579055800695474071662257943255737277587272546822082875068586446183443541368606100367064986515877850537090385245634560000000000000
131 348602184636595427181894719134144812515489112472599296450389677228255192199387548677665306254165364686325414234389284378731548968313572408444996534053727737684063837592597622978045132263256534616380803071190792929280000000000000
132 47143588737818602624804075401278645320772525695688164720279850713770593020923587900756100356474441993303242457650306075492746904915458395537430987662637030778970847558991270339519666144762861597062407236444966417858560000000000000
133 6422657159884013366538061918973181436122354895783294021886029088472283517732628558686045519380015703098987110871691617203074711656770177137552754997717965904780231394263172815908000741708255488259584610619868051406848000000000000000
134 881420214576217859880880698675432844163725858202407846993598224636148350951477755880073487214151515911841027467204400666456797745533783991709267434854135488872576560525341193614534672554882597812960987955320913661463101440000000000000
135 121844064697068316489395181177350935002220401371680909456501668884431197414761979504240165671931174701645373283530171315169770942653302834307000278787049378699372431898892454763695122748448769011222796130397971705623729930240000000000000
136 16965088474570805954547519462209376534174714730448164782866330833702697736786245220679126376360335012823334467507660196317894820231686473975115011970976661060185860727723556139362407880114179823904361715316807261121164062228480000000000000
137 2379117300531181746893556672495765602516382939535024730246443664320774889325623652269197284830975566424743194272446419429575493595767205960220075060858387249636087387973159917138686883779506749847114925121334455723996448701808640000000000000
138 336017172779783769320884975240322752062885680498199240977272822273988982132524428922057760818655813590510399886589315704296012243636437272968746078942348618224317604073436511710095383177429500040335691560692950791061173709632962560000000000000
139 47793761428499365017530967406121839447338651998939050543218811594422838252760569202022300514609847950692062027791844043796907181678726648830669186149374656370613947550399229807665736059417878131206786051789636923941352061863460864000000000000000
140 6845790460788458610083460751286112558029916302339659075694825105574003444138903761040544621363806606838418144031790535081250558137666199957595461891098957266037015809843195128994752799334692701578729004421109604876676230543374601420800000000000000
141 987409898250280407565173884449892173067163266431210949824618405626694641579440690915078882817571931867316909896606029213486580809913163715841134971276034236266152652673889129848350872294728288810914228685803194679841059662176864069222400000000000000
142 143407531102295379035402071783042526266816448194029933393084266300341637419744435991981142580935023194929647954995852929140745529328038734069556550551005877809813304301429431401374776922209492139984957175328761959045785872196517669686476800000000000000
143 20971353466530041130897979708039609452391234812766914225600685743565904687016567644630715240405911081849382057157596129422874308839282397671306566655371443005191193503245257441574875743480699107725352218066794170211469921586856762168836096000000000000000
144 3087739624545496384046595785489192519703695073379203662026568255218163969199066146748515637631944336800384882763526254329193879686053041931011620913929444175625015310964945858233238589491597060578598643819562951018136620422095596456523281203200000000000000
145 457714380876277983186083840114362432544511510588987728627604947938730398515839996813680416197563551068437990042733469369326601016839719202873517654857560523137760568052583933323968541414090449383985301727728805288432658791074089428059340092211200000000000000
146 68307494458060375633105562368948010948136426893789195246440053659093714417539820413050745192311754701499328845947398519203243327944561349850152019576514848452619145147433131279114235053673076711517177707785833900363259507969428946336419001296486400000000000000
147 10262249380676701263013985617008977237008619258903321708429038534164314223638039730687218120199804679659767672671268690910024893375840304546915370359529142751654468506284750431807682972123547561405948965270967891155862394328616911165449622030332723200000000000000
148 1552022244923916109125775017934073747638320307347196960701633709566308072390793272788705512732906873650817196385964721028245567693966621450065385920074056730977470486782932736365559209280306918832052168062675487089236111150576698120317298033617063116800000000000000
149 236273763978750855394748305607156791791214458826193762609497539856014995136977258701489454911184290551866138456791971724006512207125868413846216829602034110046541092582600567588898872325557507057817155017585567327586075529504451777746552301466236747776000000000000000
150 36205662558040514599034930959327205376031536792909126914475509199966413447799260197766395419339731333336574842792107089395576129069107243048490409438146360960670670267180698939715306157232305485275950139723370683531042414048617160885174623475121426268160000000000000000
151 5584219031426671423928901706055397003265030844849552442639973369032105445540642250564064197904581506580641685104978660666407114834298198281654235212150377798462262344442789239977199072107979631148613026555300724310253673686147517022697504648737459256950784000000000000000
152 866872205156956937575207150117396969014881939299705572407722090544767976659180775113833612569568905438354171663363609845305757019093642268727461772094122436700458202553443753384561860067024763095937800821896581495743821752165984892636090290213095248001761280000000000000000
153 135436704771675961829956579557520358023153973472150685361624745068416372986935306727745560571098828389561392702455707648272275289279833143915495043127728146071829880274568192916634123956961446983050765578821992367436176298964360873640067320296368744686864564224000000000000000
154 21295534917971266258610846346840191096842712140159242949382547737233665758397174420149269428832489655525654580748799110274088259707739089636091122248344260039590868564096866774738598038651862959994905368568005797692196718814379842165486465100335240682871388635136000000000000000
155 3369721710873407203272416172895660431401925032788465094871745969736308771715335177065974427449110424951213921899890425583741396320605264759974148083307034803667406399238997573086152332574515424025536180421345546416456224850148182728631873612685482604994515032866816000000000000000
156 536581235414217575286005759651373025451522506180575034493429719532832323979338259604998121318648257201135255950466672055632215601400448079936175254650637702524612779928765374879800851217384850040356781949253006964701960012623705254333325258414299314308339448405819392000000000000000
157 85979667312714289097646390125341847345760548938842202067411053974660588683338831671960534425318323705859889733096102049438424943516145000435092299849932310593673462374715236896002130049509869653027072683711057547993970198769415339950593563089483250689642097777863294976000000000000000
158 13863023483426973182390487914594746266361543781852005769447791740147444638418106018530341302833766763274450192123766681835456237899264181510797260871603276040882677198542675104407725780159920207852317120064999441882092333054829603321432694374603693882794700702821818302464000000000000000
159 2249082420217038073950455487947583525457888831432614340997963764843513800095303510570704407469625647495235038393744496103904911017551192870946933247034555974475883591351811030522714684739603080954976872147254131377291863500394901326945826604848799704180115860766887394672640000000000000000
160 367131370831355843134811673457121780984458601793367115791330138925694084310281003348912029151719572539960894656984175027774974027602266185805109680289406617540366509927231571500475672458219431266567519271204915457138534919088399628937540527638483160111686826817446414238351360000000000000000
161 60296212776183178608044166101000760612213481423849945139296405943314685588950878301748209992022603649920857719193606172942516936984675263571589704703330784831021383553022262927626968434293322853072128106030949623881850844389318817357697548135968567582542962414400538078651351040000000000000000
162 9963109113015587079600030482983828787718172210295072419022620416305985738191572201196065514495376322348244843833314237652530461009763598211426381127468764832440272800751606246877783571514110270244976496302912851081743506684568097777559577239483624826155912135817198412361587752960000000000000000
163 1656228083769567018485124739628727808681003392223338738340127148653846028403752978583473973011899614051378399480834801334332440836131782913620717712943007131956717173143291850319552438396546230101099303282446356494932640855495902908972104088627276288890312014836087987320944706191360000000000000000
164 276981072402085396924081619619933309125520747134433652493964546292231080859125161891599539370619808338636841333672996474281176408073803659077749312659486791304608574079131575170342274210877770426104007817843221808393674203203431339715467653611419743844754019636812665321775352072110080000000000000000
165 46598206524882652138705920681503954368250454965178258517884003836370798871220272509077285986291249065610274447577438540666540351512921880245979086343981473789963596567232147215685075390646553627688503552357916594786239677173737296263599120052945474629019287455946677206631526633339617280000000000000000
166 7886097247036068391533698884792034204910179399103578526594156062614217515366593410247277324235039599310437775459262308179037245834961621510659964439464310184824606832434150995305030108301408905010680163545787622020763694526396782815277657652982617688796604727816417767528065643963387740160000000000000000
167 1342498187017255038928113234122275195040614412450668245896364718002399511922702713789726861176993076823519762082603576972031666193125829497292207243604964496756898362184739390465022444088183481824111621733890707047936330508030431474103817450192845311191288772396882804892188502083693004718080000000000000000
168 229884110810704134178084711069260327500326704532571316425114420035898031451820915103370033404058084436584916236152482365070419466866622543178160304577629666301509167851797867650199919031560375484229232989222587369350612685365864592508666259405472381311312927483498012266793040795201703950417920000000000000000
169 39594335336363966594739515538883560553030967674600393838297197504892912199702591525063001076205476322229856278024863777745535939456883855012720073203433090706821618271212059099298591638316799782184378513113474087748987846351711095685929250830748246558156640232340440781941505964071440196462182400000000000000000
170 6859166967824816651730417072413016985461619849570086110755663182231209441298218368134606251775809076085259836162852570272517984859686336174204602961600074723244064425405612767108293088249091676108069385748108001885018902062286826228363962967764027618341027279592415242193068619971007871346278400000000000000000000
171 1195114282069975184179728579542865049684922237467922421732735605252255657294783934443428044895159207340532045659523514197305180080910956922600294755653255790168077266136969419291050904131608486473125309102215516217132074731425755802855011720655305736716704823067493301371380668284463074288005126553600000000000000000
172 209427127572851186800472353357383812728328918395999658427752022544811257702540456271929157167553269870957655058674596221979477653749618000600303739699204637369150475178181829617116360668085045145627647279221066507153591678241503718976201383002588306244353918055221138524297553848017318802810199867392000000000000000000
173 36908613491117424408369708600771489269958521649421770926499571571481008133892423872074276721698240524764225371044503250186718537109937971256414177407455982902105670774946421974273969896591258316310991856315012970700836108086617473840108509173008773401280134439690065517694056067517736589580873946995097600000000000000000
174 6541537529642202842883929693187884360116279366882892393081869003992890256814853779546355059253680910878955478213392932079624001394713665472316753410767514455033325066337559104681886140126746750789241647064638622536545428030180939293069277636508711298723929466002233781406214315030357812283857447315465830400000000000000000
175 1165937927806397662467978844953324408954684124870600604202319138882756011082227657657856272579641874850232791991518229639230702883238195900911778334963095377254221459155623804891073076950863779881581247479322459347467843608981282642883193899537029024304901526023474251121789227788262497738667603750738617958400000000000000000
176 208978129685109710604238345740801549843842207807591952977280091102949067768213526746893101680467830331300045457258942563210403170587406219678735582357091977983903064452394660095446100517789440679504577308961905371076800342447658902092118848856259947946851419194731228202059733858451449897506315123203439905996800000000000000000
177 37665396387606346885357643398666616408467458244248449980900987635183469766576102846672361214281377679802824160984607584720430588443975959585790587172383652587174354894009344269475392621406394400213473948639179690132181388361189212737029025634874384363805518412970278569592279748510730234448717848849084697699942400000000000000000
178 6826328340080875315841012138601129760319805292059991164814396579710175188838432402447206385362911434624354085430998866285251358033460975938924575107050647203069179518373925467039078147539031109590184695093582949126846797596545162587743129138732696326870263964760498871131393561316447212395089715251161464296806809600000000000000000
179 1244003235415677309567605893838121860693146607536793484580224332235215255350965201682551328484566989679979841848425704412301523202621276520783535212776699651619117813711755889650115376947136917337637454119991518183463437379620655749756321495566202203867551175471103250480712014489314795459038082769437688307038289920000000000000000000
180 227946261408139552897236139445578393124665832884499034149298606737201581939277420130123778729097167349816772309744471019530132132652312508461394601219482858091075460252220560658960714488389514363713087739760318427266098885902976183632093391450153298087223773206651912493235542811796333715173816554205629842945766064128000000000000000000
181 41995922911878731749500219960183437035388987060597942015285566018907463339681487360921280362821795434026068648850210606360089270127726906856700760812958703698624568965613787597823560072004976849716198402378553419480065540775926154919431834187639127815776723370283186162298299294070073698551843969980942714803966856658944000000000000000000
182 7779159631259563236164016583168843716021172557816525323588611040371844926736814009446697904700986247960933374703899735625614137495308383034962849898941874072879639504355739724741479523140844223934598664015050012117597993380992378319881318447050654573407739885322258259375411299951694123658581418584307836134927076402659328000000000000000000
183 1448760101890912253771928720876183438086805485981603303317198359239369585646515818673849979356536954688733665878230751031239159339821368824641597637850558550102082630853944415054598899541675185348100522388279871749287949003483091472074188334128681672657172732582706575732379693519629395660389437129599089999022210811407892480000000000000000000
184 271260144919979146534453572646463160022998512072564420195248122231700054488596446056870471610529050800417167041965437179864585628040401022176222096437774725746619813923159343732923170593037425569038993385701814715294443508345287754689072984542371829246071335464974962107131058994078449218717062700324659648635779326103091412992000000000000000000
185 51060943078605246040206874623454835117201964248630934852922525494789492994445510172079798673925583257506302926216120893440757235394301538048142926611168309667502683337670138641746121947700760043501466669968436048113604926696910366815267352471336461811964014548525491920183589774561386740645503723245567869877334076017868833554432000000000000000000
186 9662572095392758115223880703134846330360791133637262841166274213439744302113135628632558421894432158812620766329986655764706567342528961933859613088086713967677174901534956854305758092508625908367419247693415173129624542260775718099644998863503316310411723861531059571980708524247229617336130972903666513558285367685433039848996864000000000000000000
187 1838169721971930470659162099341092518847447197124841559239769648640084280234633043080611327375277966539282411861524544993502326775122001748882085621999628958664376767857310092894647876911325341476796937236254291937365120690760120222037866862005935565610886643399502039995466663714946780501119722659316907581965904248148624046976663552000000000000000000
188 351524349904333108404607391283509545136867595444458036289418193108564649756080557261144488349152455325030264010459355034481411810903363673547881412573963732512726357636862064746971064364407322760956216543830269257158848801463012221784921192138894013141664355018966154864064673682162088801880602991119803235764899292916513070486501982208000000000000000000
189 67575658823792779395283567756383657203717394580938754623881882417316752104694377435306646915793352715269459437917884909080525973232117417811574485290193506734666408903579035261276789822345479430217126659781613757628271045163293178206180678977236836319332363196531557833002423964296392443534756519134242755157402595888482197252565735833600000000000000000000
190 13058054602068145401738735526803896362901091477769952691832447520744041518942830088510822167954609509560696666389183730390073836486879824389499099308706505140861043913361076207504536354080345347856010621227241272819222620718407274751228108260073855233317255483468940174555509133839284925682861868825677191920036349055690177874017256304803840000000000000000000
191 2536345181335434267643572289284042026828322351251569867311111857390922051984271812569399637426137108519578020769564598795777013974860257809083164109789493117296087887650343297283905238052898560532252155887839264066513449091773704261471719017234595712776541570211918983338163581738770915766162316968293725768252504600701061498764021384473477120000000000000000000
192 495186060236512421680087278591891364288732774452731712646525881928400363667230873606798466120423834867139819569843447417926418841251295809324470880849341777171996619142806261521893811175318496628292384529003230590763951323273102400611094979277257119374127784666407142691251467805244599494227886409747448803796594481426224410765746182883523952640000000000000000000
193 97173365377873393326076570472967096732545546063193704656070466289623439835116128698496286292304973623879946367987750233187604983084556036367076866783695386104987194320616637444931138238806104206685953518837564687732422264132670787522241053902413222471137938424926853606067753602350876017471242707405131164556485782963438512506376560332593587814400000000000000000000
194 19166092499232551063600421533292736699410914383151604032609995923815884010698609059017622289128965409803960586914456070925989271004764785546103737461615924778080613815756929538747826766557164189781565196616892093166874008501518819908755654802856280882104855382514978866145872166335331247229023819695389777076803322642227330563454687361289015798005760000000000000000000
195 3799410815533181051610333610135251031698285862489652525726709277880527465652040928959061510215990378053433028572658059866269063505988210645850298872375728008517906873891114893994118389884443116266392039091000599000661042841769715242727856158547055106550334035647637762560340025075734211482291665765354315960592509684840954004818345934418796968316764160000000000000000000
196 756979671516518634378905317267846346096353711587197180114014192777355373266307812514985283767151528219019250125083445387105568069289346606207776797205531820696682944162168732826845753294358910998992370595511793216626992296263658698876834013676480051911751675911738787458684534073657136575226590707464629445215763880131900929620751955992114822731289067520000000000000000000
197 151574632963075303052980214913111025674039431468894409536736379328179384663029789736091764245603563016527188558674537572855994647082925383550496837452517319532660904609585827120056302550195839161000909700339971076946010850592113155777537705025949694150562750065865885307788956626055778604855657531089719754325394986841532487997225926977698357420295465205760000000000000000000
198 30502283142564881363014435788922768271962685152644538322795100250607662434556826582453522267116041762903958272140645440694678712143848279652808601794989734014977104401792721208582825429042173194667859216061501735249004836663829765506409452393197687022884657832084507737599240729390858009515388910700712732844169081438798013194694837087211338959613499528970240000000000000000000
199 6168661807077457964156955290080640367923846047462827750778631324113866396270846252008665887510381982196268792414840541102370842099499950094405159340431028087760623477394135351578797990410272657253483806713877697601598684188822763920889988536678373032545295823393692992654885524461647736158775559768555837012555123595103086869945082193188380084471767071771852800000000000000000000
200 1253694570351178213513176711944370670500314672352575617842041126446606965834509067890246397818357084553359974664085942581467032589706268043142388866722227851263000723885348391245827891119977618637905977145885194836957123917348056860848039354742086093570391735186651003089327462337133376109101019983715884891932062149491611297126157950165522912183436682119348224000000000000000000000
201 256049649492823828125725849015483831908975128024779584169888982989078860287550049163627231128928514522203595651236736361959841596200226037372791896573006013425811145732981910009691516500737606048664376933777930046979540492199582543573487883033401138686168099198408732113712211675712028622097813541026920019489444273497335055543540113640667931717603480262801568563200000000000000000000
202 52550623268835930457794872180652572937392588532722998956467602192681820817375634450414865822624897688799922632430835855212462383833665515243814394738667261333774347488059344539486532052994763586901146696605091604873700200636947558281523434994405090636319667771475362231011974592770666980074401969800278220187288727129312448183683627815667343051457376312647347077120000000000000000000000
203 10837833912713910682230105094691601375541372357685242589146208437339495713383670995580753958371962846968691556185791708013278877090467751060323941352243435585649036978858366607531689299672476460239599718338886453527850995218646057095178043310214611370557234423619239030008475689371623033545363292564240023133183450096445972782143209678526527163451018358498994429309747200000000000000000000
204 2245990085460457566752810557419730750098578292858127509383225856032170500742103912076315387228888186681541265821909297806185288476298654428862131233596881743170771751027434556847886838308877764623452669608170092722491517995722212504275348060325585824090011183621407465478827282173213597012177646293414792441258759864868582586525313321479615798137273622880519962361646284800000000000000000000
205 467696144112009533068096123020568248490267211894756512760582148292216465928622852629062342820283165896489041061877753827624175148417292070707523921387049233134214655820647038015999906172711300400971067044357899331703715077154322020117786672898597803910179605987918044270841864505795188502428847073044113921300981731408327666756246104436437421626207667579765958611041045708800000000000000000000
206 97858902202087262142235194045618091169047582968271231419480770947384373911533027042492609389267992866165496508466078915594536360958513419131158289160102044039951636686082151018995274813045774634863330465175547219685596726788245795539738602359445960912940912740770212116125569631001786716679404131291335991422255015245400498641474071588547077200861109617999998383392938367385600000000000000000000
207 20573470815531277354258095234238281796837738505413613006370138381732792907040288724594885880754005079789504575758332264981002429738992607462037535113535610932177636510744290976125539067350353519089077746599382257202008672851522232519065067765502549468142743748473277339452162553979452431223891190488402419596016570026382816381707131610772312146204119181682506598376626860117196800000000000000000000
208 4345859079716449783714673453457970503399507565133031423681029034769674011196793181324879622704076014874770194631490446687373964762455585313474875711567495435593806573577141566113633197947550252530592607738913404076858387774952046091196581058747290305082613198860378044620075768341925372243528283118131905318603579996500854260440347018843096152335066957796543321455858279834137395200000000000000000000
209 922348043062048389651871609548298445165708602828295204856129001607931947683564692639718326185195924367642309699773577156699429114188649122834021539527999244440014502085554663528353265634429515510583742982130096842648733682241822284708681563889025287259012454364179539617899095227660166583903678990725804250219280306061562046837064720663165782530781945937586493499307064508024881152000000000000000000000
210 196677870009025518830539421689604436067362035706171260617215334388770574451058140270800848360831252282874420651329104736290704680872942246315448423639718970676737204516134455987656068968597597644619274757229384217986046271287296709471041696611817879933426414283571216301613278085807730842745069211001537224318492148906212453104287145603306469608244421735685336003612203308592186523648000000000000000000000
211 42135493528867648351575458804050622871497456940206053901706647810871254409716027476999057848171437946505914876917090742743336293562032665839355380345972710230768151935484323481150343200734519491204807319715526133160746544155849547280158969168715113524217174823474808109952020507142150170832108102302500343883960696882691371586114689485157148669147101288837296784912808715895259290140672000000000000000000000
212 9069077949433152758693958920412380967955236676987942627348285407523322278873209912095080260985465480924920233039684927921749947110114731374556099937093071024834571338830271161859619776932363343210497522563967309221242347880856230767148419092665439541464049668487386557351409611637300206261525278205364564827034577495447551494045182994924798746662621979375887818921614899770660928123568128000000000000000000000
213 1961061755964404228141451345829134217374275424438344072680697497720095028036502761998014011216344649349646617031478559768778519794870940443798937199124035300695795517279214935715153475791998405351867562883238913532766376316039651674755243475198550274292561289752002864889188445883130687724043541840840043581191771537169693107324786365028220172597750482326688967328744907614199673870822146048000000000000000000000
214 426013344926235915899327554436095242349925914408094726331113889426020316555776529812402190581026404733965376315384089606341133163880369786017445686204782328700296420736406260649086991909257466046999292421182866849006867087768722905411506192187934925628328494933903311189783445757379451288693175435418529908336529651351759512578510376076504994636006833860548287867791897491093325530876392505344000000000000000000000
215 92971477302532916327912294757734465925779058992348564009408247997991964239692526689597136542002930747398410552735603587820085208713504510461132213410748272071668088528745784011002099861783801570893376277066513028437497801500966871825171815409322959268007398504174754707618375152712243118821466108781759576170360599284625134500786346297369316310650918100756748001083718188732914377498325579464704000000000000000000000
216 20382701117842921057366493888100744594995938710634901138000977327517246728143333164317185529891806206379292998845533189300676692144764322142170389699714701390834754009172836011223351980593616031638267937229198219940417191538419963239947220700477489147560050935146145418084168913096892488380869497864792057727958694725031750217540400392415879457747492731199233707148890165864357196115860389141413888000000000000000000000
217 4489005948949210827571002354950654305173852125530442207211447188732548682480666999824984128559269708464485692032803778016873469115905833761292170383144223462790697713702717170508135241665994460598702824065301526243130331833341159816360651247975145565013761805618009106213109901506844977439088321305304177227256773748671521511795049841635570674949471510215635939726741434952694839760268107692998918144000000000000000000000
218 993130025272027365923529606044776648951361367266143377374733979849831726969408430288329724985472123478042623406194359370994850269623793529810883709293282757848458225126203409094732637842211539074214280007342496754899270486455908606550552614899148805108107848667860295293187404377040020985511058741380871657136340913530671162067134494547534209000215942870376519130577895282619255373007593230229680685056000000000000000000000
219 220709311806611659193434508119643371030730387697899056178476055771218023522527434252969810399433924067737835828194185785289555183442465195730450625485686750313882461272075791963699494363396435301108676292347756082885221550154435218122301206692830244726659384414973424936153372084858311474570435250949035534372527819148673154527828632900892090463217943176194254772788083774478419373206916055545373702225920000000000000000000000
220 49270278933675977330435402796225760698550967605928475026657689640274541946750077521755969345478437098152512840490859909553398057099683663441931008727939437822346029616002810272851891005884000534292326163970020302099032508426072234177920838353493831501249909190722181406129832654595663544691754257879397386811171549734248030258533453245665493849713662385489794711475227702342624079807547506118544405928345600000000000000000000000
221 11048173616230770969012315800197108321801329435811716129277299850998418685664134562959860759380192518709518237831759682921754622356563632606083150120258172816970527241206151574534159208875783922326557175225623977766088721609408001428598229660546709523582572074200284182733529786849738451126325360325225943000732227956327275230009280671481847645561440963819356431099647012927354378844810592721901301704352071680000000000000000000000
222 2488447183650074594343954316692503941737698466283664356689734145911207162526642810322525624548353769065877935568583973417298904092855505258952083624410759347104494628889734963231832511070766183105926401941124039638771258133458147007672451205721463215444150298009528083803748731762313906932349827270686720810658118641211628794243859856316272330854801660205062018252555174808930526557104580207230329478693729075200000000000000000000000
223 562976506198124488008579188712548247763501909562496194628126705431264230923445909205552837773693441972135352341210617643931283287448640783046702823531892043004666602571976847672492599946493004094583372686763519048089756792349588249393967317316469472952915369392724122758033647976437921654954970573185429412595769729721180637490023883664610339564199251626709042978893315068792176237346385440128136951028894484398080000000000000000000000
224 127928567632050002643021523709154547984890287641643066948548238904126465133503016796601791051172898497684611295792140791805842878821786157241084580245507320105515704528790711764644908463043948665860500824568685859875508007951236430455956776032843262373810536255897097625839230320173575798371858603362634336463972138296581477997012030914166343353009209886244193779774152790548833682672033169040580630736430542062878720000000000000000000000
225 29197913258305489609008428660199508839397053064327465821719481916830440405865028651282323115974615189826268158890174031968633578337975360477905048763539426150691359320291142976673278307541344981035275546476507988589550622757271472951313880388252626609711975852749895935241829613830995090891887619701901648879653570653272082706907416951186445463467387541352119639086563299755264029750612928258015572001047535670127493120000000000000000000000
226 6693214828475961107899065945720145584110533157993988945109618199251546803023725408211642300762049581816048692489848414103474809322795397460031556492165055701154393226102017327900814953200111774094818184942310763281364362634966381507129019307105101601506647164170782185815313483383856086575375900992628348744931546430987540803443658448070070473569193198132132975979367417623015120469284250524809560724134289444874475274240000000000000000000000
227 1541019464235630257479524727014546747329198824800856621026601694376682183904005324507626830619256486685693514464223701593929161751586063371050778471442494951037027320257737033464756812188290598410280736892095799688932778711964048213400207411608492895246724615860620256378567605916626328328682417234125118122068583051760140276176166842878951649414289229469493891786316087561881655944653753473222355797699128469550237294264320000000000000000000000
228 356339281586331045240657251453060416212962459914621924431304129951247606769760210306552506441689639202145541123220400911741109806685248995995225486542972762333617279858229065606437402717660193567823742324571409293240241665964652489164835492541065176983039136501870369928511216351088776522106400718299350042372545602718082722790310324723446710636677084621848568587914913015153213819833839279233540442668725479529328093199073280000000000000000000000
229 82754833621466441584265319831219957798795899523553745533817709201286944512129513334825679966384211257933778251112130001709899875662362470237389878394665832658552766889892442026596779643500823029389617007304341513108391740137228660408806215241245982780057711697091016033720077321305530271404046699610816975600210210745505254239178954474861331493547111804966111272145674706560498632189868012046307614576793494674625352016330752000000000000000000000000
230 19301411999987048932341747126582769829660260363174349998296131988022039260005239323189543636269947924309983376049948824561717839455732853136269281829250404591956139518139389349008608998903243477778576590109096742977026009282062119034085691848254755525088749967092525174176354856231008620980447462526142505260401107497904936582268033386664360059398184151016697261001396715787860624439418224878289688604939566805298477789763495526400000000000000000000000
231 4521086853287040198504168514693250362820146533170990402508731418310337965993243493143799723306589913077207630744787497400841941902163299040106503135317147158745951166721436131819888191833571816655368556178781346224951692610832788708009410905330031150903331969453850904148483852879379118352912859445169229385440896766992807292404467163064897504331659564454958998807042059766537504096328040467905336740727625728993884934477154825011200000000000000000000000
232 1063522694351170705814737870726803329248882585438830194608260582050949023252636249177128822377151982242462552980693990502304410582837847630708647479154045904082379819798724005921953681490637234014181165120051848384321974270485945564928918221397241797565297931317088058080047749581414637061557777656309228173620489792221909609046993941988288145477470824647988304555440387944453068458087489372851308833409103418087797718364595427894886400000000000000000000000
233 251242419518163029479882301977808752063899332993279657872273715506234807713003898583901135870155048865746873214634049055668855767968242318447796956567383420841106162711697671785841558650633975789302577407455246597003084302630489476596221947807576508467357661295247280642586001584816419447077960503374843109121495092868194236364062075428715667812839067313737543936149189997692861097561786188361787925568392861174297484693108192306003968000000000000000000000000
234 59603763715597513512002086467429095638263216738486767557099497444552614845293741157152652569131269738278216299417392333117024571356150651723087614498939657080064412797986270019326804991853455445672475832608551903104434124650323558898204891982032996812693116109929086353432140405946867926922213591622214866444085761941241323849813148058266883951184517449840900443339053428571201903607729591688696527153594430647020507442887777918842935705600000000000000000000000
235 14199766304253466376273882010944504756653453915938364811686908726129995510221276805215878637310866248362497538113499600044084357601540616136886918487349665985864456122911587743088754282474969371826447792718949229275678157519046767343411128165603166701210967631053044835382939123687412111712717622657704365609475434846142977801238484930270023164382934421810476932658535893184436306791878804364038135039456323040701951900846709020637483604377600000000000000000000000
236 3397096256826548470980637993719156984706566898855779983905479715274908202985410190084122221220550192481009191596831314397231685742133325487637040105455943568868020533004527638834651678809349725648963954362260121411606727670607951634833534982958898224177095360210029459027140874156558907121890438386061396806144300513955957933465859343504779922627711020217266002557492252985679567898740605773454839579952013361088804169098630126683247812490035200000000000000000000000
237 816105047280518838158756737753912402582934691221733171071519323061216328582002049801813447293833849455448054277888282801809096867180402441915477160168066554782218439489944214443622751913516939883997264491806493157474007604639034385470586514612540401877307510069300782903444522281585667040664885674431855492827964421430305813167524920541084882243759605736637724768974810263387114017242706574089210984121181419259197553762694744739459081776503193600000000000000000000000
238 196873972662408606953854608582356883575264605128474200092692251506744663024724329999290415871448003838316842287699782080318133756896362542499408290867248558834002380667859949353652216226664821213635025751467646219483108178877255629224133179570372735176309178196120614915104805156963023237920397926955863616375731992212304371487336579741330258792562407462290465595947180778779748340008001865437844980456901452227928453811228081495509509155768919654400000000000000000000000
239 47689977024819608770620807677396486446624848032718630045478690815766261765553324993179732346788979693056396387672328455964257692887481791984772177845252770338545951949997261988237454474280015822916789576238982875950123399335642358437821773645598682555827800610823591028022064335550241172269254996831008813915613608375280447117557868334472589827402819533183332732553934330031881050654998464859048371069790397674769401894868177995810109970866556108800000000000000000000000000
240 11599922493446808101161352311526865271309186971363189497536640056852613042322151535410319756689451451292268130910321038402885036550432741309421997031067401786796235773383289233318616208553927233023666478015171679320879739518008436443428322646177348626873644975600580468443151692384380680473486334872692274508249861537042224787732184358679399451823124337670563678359864535791515179722293394157309584835153942140496543014173912262250792716160302560837632000000000000000000000000
241 2833119458641384713898359139794997579168152632820253368788976699643370681145324289299278306708888266320222230619226914140013242881725621501143195565464655172841187173096087712464013222683260654618715437451672751608305547647381309193540942511861870298667715174940889493714632859070240062347984646547552700710521507202388607325675354283849319808414322907885727024872012280636370307908028018532826436277130206918499922491399635317382464935237380024309907456000000000000000000000000
242 694783076147319950644796552789872122473959347061765870076405594237802613210139408548057064121833221629083852372347563670071877942280135529716007125108081777594975008298050506331141566444671992651444101877970846160676793942544878929176637972415507736612748083720137012800034416694729481970925667291753072941674327351410818911607737843807013154581636272234927068621850648757224261926035810119962929616046370657667125345961813000765351322924498154130214223872000000000000000000000000
243 171080652767722896916601204158611886580413797966840938820433184140066694135793364625517201886013180136752634720651629588842062645181818407058196630960340725663517773592865193688540746138444818329945843325675236134288805894727374018485591282895979997815871741982496845966729978399390003478566394500330044861843365548879235879015792711598416167513241582805204615962298172846874367097857833202169742619467706572987980619901202863693195834628074734906060151193600000000000000000000000000
244 42297307897290392610382605249427335214825073315851235071673325613921986065390146171603526638023591570071047562820424056100719667712030452831934532374797398547453734067919835021297236269681747768810398557357708026875975862328046707506639702200266627863667775657497481168732110577047770909807791011116039752150591371845108884211802394391950205808575745069327613883436415550955247974133642623609490977946852022569540884161235510597410633528110245755537630972346368000000000000000000000000
245 10499717398450854498763454903868936157922674844113163272189203164348892176076244025433789122071072389096991217411317403623152756882794211548846893605785872332475446656304870070270727425184280158322556175255606968416090018601533944796254904980914194812152255894041802558924332989799067507932070388548166225698101563332216724689467097096310612677865931029071477366710143701249627242086191379398032118151452594570905977316696439824463007067925085076907246532782194688000000000000000000000000
246 2616908279263332320643521441359288044671598686732315407767252553799970544002765169548957036787593138328247511109952799927503661330294871562268328059121069676405422299374403807669751556701137878814534167296741965014840203765223800466619393135750364123732661382951778578548547420843202615887131459680603267826779636221063461579366904181429833146505177087442155098087479903312213220185691501245995925682124166385751158375650822851700347639067587862001934952893970907136000000000000000000000000
247 654844838060253570875977310517227000734526493742216714588159864293045600972013568399170861607034903448009665772466629073487501577617983341996966491737568134050351890369107591029731564721121423234885195896594225181090745369017804462625865378740740700927131166001004273076910963607682980610242050558906285141768932159907864408830366778544434791719529401786390368274516945788513283715691274207970431876940248281743275155719407696540130798166754101659308134196670594285568000000000000000000000000
248 164520642249530350338104798204906963905801019754531041888037187747499275197464688332296609413296156599611910203164927406781740615924333414764552439085684698593767823524220012973894536680834068938522905606024995808554442757044350313028429034778636485115349247112347692917067631078582323688847601488879003347380038435515026787519207048682830782807684226987230916655152995483093301178498721646233801209314349287469097263448395670623725327233859202599419145027718968541970432000000000000000000000000
249 41498039902132164438687204961422569851457004351468522464522997739290483245673926291341011361045046269043535952149457639944157419540237878697067732481994390559704528143262592260494135717285556645452987292601217324141765085867503000736232938334128645577880850541663237851940575808390665454822386976500668616693532461136350405082236898490091781273590484473479170139374392174958887750832865865673331908805072661972123447906769040086536989326549654810639686281174975139115171840000000000000000000000000
250 10508800453583815139402430321857046786286924450526312291933137819104564902617081374634970086599624874098065183880086139325197987397467960471520229292819324431794448468628429011704022924491338741058957647744677766339414407918132330556141029576907564297234554923087113094970086875747721073931485020179341662768944261001799953860187841636102472646502606955646068103462784026938486906016988189420957879735241144927652613922083801647725317327121346193679783358361365605666258944000000000000000000000000000
251 2671716106477941184139883288144318323139937552489624041667277557425252863471917270792071601859217576906660196650076094594652446859569558710774196458852401561493461124807129530845034957373022460315699309330866629917090813833511343235359207693887736684684799065590200555049105184875725339195545875178572736195553192362159846673113888685677721888079705138798678453941751156096348820975077841204784596579741938485013376078473329779514350435926715080969873352286868165786428883599360000000000000000000000000
252 681918313769241620453726137505280139303235048323289836816512848124431929302036171542050193409915296457510358197086838009288738662330809126959906171855728506459682184718163799262548901791100823740925399537948354623344385497529743475872000648309253600455726525061942685882292571839136755820175299668811215534589170513537427299754446030216378642899982056016762940738801010902089174547241576768374816867461601473170741588190632217825837045188112753937313479432280069127944809532620800000000000000000000000000
253 174732067401991354020350061740788080672491606390362050103099581213641103882475745972043697253429693511623872379531556512273255293001830191644280758978465243233231381819953527733906675796385188086603158971327028012822122998647519929831173599453200876664487468812369745416959405669656410590957158737157916868576522926415796814509522805881587060225637454696828195188484271532568501557762597273094998832313228916102769862686043535229662896609319694203822160032397284964873424167145308160000000000000000000000000
254 44947389968046053019267854569458005995707231450310532839607626492388093684976499237421041874928668307646100323529293257929861124292308739957628399267453907125494215928002880762332205776914355495730169466812870953419890953480446362912088728298600987203224747767225215808279761383940561736081865040278699360753568190546827606050888040338439011022728722024988157280937702195772692553684060653100726594710618145660592149511430284427735840752013382480495449584834398507607725293318061424640000000000000000000000000
255 11607037251194055254442712670607000058480991023607341783335962367099371298584418107219871202670550833081373083206327050374151975362390767057636977076889136426102839893276093696293145091722270728927179201225693695803869839856446345610454432724137983460122870886871804431020257510552567230513798574492407618550227824693873797812594615774521543976743429650381179119403918486992241923646830919037834465820119728307560491928494324681940333086740871930400657892543906168971477585537741451427840000000000000000000000000
256 3008962697866524445123469822230238439096057810940266807339021322649293308903611517476355631864042014502387791383647660356538234024907179462404422608048604998749995401272679286961991655286550253948949194899066619498826353773829844690171037533347164222628511819031200055981011059662458038126397970760101660506724796973233098425740293720911305228738943527626045953477081621235839791095354082808065366487739902918494268209684050593001433493177878332966190192131240896080326155184435481364398080000000000000000000000000
257 783040621183399904014172442831004084272151201471114125040955682591675176041650622027093976700807778248703508655299881368706697461993461603583701129078965448230711673743903500707441228034867732762442212207269594596224792490043227565941231774840820595013328701948506576987918808699232139463041641887675786401432023987132844586521252462056821342400512848897639072278784642381541866808776051429218924280562062666680022999061806876101670890605893195706206899092419322457815704260729676484564746240000000000000000000000000
258 204558452944519749832354125045806671300907659322192784216496167685681752666217892596298831453078848911315284968085834041950534269386822691214597519364718036623476991412289849204843912309809119485594514247871405279025834436520008018858522740410650344127959820744480255776713908977429471542737606320106775147873260639606258853112639313113241069301429800624817407750650584483420884484621546191284161124993106200321511892746593431524981438570820378216212313832717526908480290539876401538387001999360000000000000000000000000
259 53642604371708018201337160123441232448532261198341603957114367663349625525597329134389737942964540051162596351873653025084956846851087546218395775616187974602061342314932360523861662677124144970249979068630444012678033891491744629574499239743904646371297110954487225590072876746976200744057836508877675253083767830994725661279960273360848766604585266671622196210415894674511136789453120047610191058828441202536635449650412232940069689959974884299024656915657277992320824611203148618544189118873600000000000000000000000000
260 14120668250875064992978683341841580159100454852452354412542527097891496827363210028970233956213660574495356011908411274003616153270214331767133479774575819082110032111566027475930502002200132097871477904171593690769504378730629009973572259268516410748116350724064701643200992107845255458722784321917651340736149987014067002350710448051112677321558776562680631548721454867263467580567082130005056670405708852910854472877658790357845188128952311254266974899534900602620424383393895068274253130786406400000000000000000000000000
261 3731189855824395623525569388814823433745314384046344662616939404440529748409371173833340969376771870336079781123873346847204327580213416215998563270230893301949536401225099700468291532235680828393235369642912175904873833523267295028081701383038273929037577418909987101100714799906037715029772608724219923665952513632320309085675790350484355653137310117677752782912631813929792951086195228829628864459027629120391429026628067698207246390128409567069264341989841867445556663298293449406678401380096409600000000000000000000000000
262 989646126235994116297860083227118082175793931006853793351386669859103667181536493084016120402255783753655143788652065658448062835297801995234970798624109337546556116537396782825459327494717567840648197198094873009330751548023685274166866922163395895404769947578666171990202372660279310959357426508109789547836470698309617295629375490223963659222614947294984342156439761679044148057708544814138069041012055333257360075130113830186668486834257330529732889415490937945653938979830497347229700080502466150400000000000000000000000000
263 263479493338130400383449782652702781335082477582430566850942778047022833085683983988267300646013748398251638794968062440662089001444060932325504980852656116550997337760875308865828150054167529437031868817413620341632612244005222946163696073523650458850358757772466724778306811971266004353262171059971912291277880405143366457195000519547128874016729160245392654839074487626216066357486796310278311603169166220143875962395866314229568303234812293892390633772578301377355144782007503967226546989371811587686400000000000000000000000000
264 70411223792358315843930767963098685061345375795307122151697241177724285032778367790275234594787665077099136296763153923307341134709169114350271784944142281812520549357895319198134005386220261051807245093479375365830382470945444288078632100221521869385185960444930073215555109979732190842807110079948462258707727254884945316906448467551232922979966467477877960620645960523094033380820749051495130668539317782226071703111520517287902518895249475847127030469438942472250302928238602408037058329067390961398579200000000000000000000000000
265 18886829811538748998201394050532612462224902971469807458278033190909652013128583940980019718469164743414411297398577388692906252849166841052097358049866039138237378651473750305650704163279314701441269316278763898866491060297984161690138906934797377423061553025475255463527059062615494511844505800621405778280270410294738770653091199787105292568907472598321724866763194516650039545593094909436171344219838890383541104272779662094675951280228952397700782875761630130047032588302130950089029843141095990815306547200000000000000000000000000
266 5085015795017010011767397264776687375590626600899633175907460180189673632643432941012587387128242716370040229381151844945401340146797502271371812783995588280162881433615057184324646303947405046191782147967821871587974344936964429354992737673474108385620515875139063551986182894198026340493675746464775626557553717676730998641649473958809840405472075354378135762113460324405045122074670770587147336539348856164150609510548371777825890918004235962314432740037674240460887187089226437426422992554357185194647512678400000000000000000000000000
267 1374154674048372172707769363157360999183745248063049994254599878420671759360378645792914526502253913688418627795156046470204587650436654617626211768210988995957028267192400776825680977036659030535064007221169295532767325798994466723001252813368551734081456247331420889850544970176461181381792772867158670709360443029600925746047515482339250941445560037893536797328353715631817721341890684739875786947184642585720232011162553468379971130072425597120518909404363676456301974068207041376989897678111207469858107372339200000000000000000000000000
268 372720310581649214708949443856505945934127986359847091854222252030858564153704622400212087175547088003700883892073852602366084720281633714037623497195521936135906197801519425234378911765487216384881769792866912705519324475032180278405449333807675291054862175180360612609646979706351600654107420594310485447189607457070553534182892243768413827475666760472745927866099338255840180738314517632514963027718657567678631965556217699808366837008746323076258409393377567981373703185066027709915302150884339727819413945896140800000000000000000000000000
269 101467911808064909799680390198042692401555913479107537125139965041626640258567234178722191508022796255155558185081495654277196520196805990353316886287712003785786703314045619593331260667133108818056182611860340400706003266530301535851058542358242052607372864190302080290573690199635487512502901826757218878188714203511223771643564889151036211890149441792985306612337181871642054372537682618887112631589864430046409522035123621438608534060193841632851016454168370968288240381071400249770866822929244585605610899805044736000000000000000000000000000
270 27724693248313796695418221387221095660373489626496123823987190025730577345900575240825245511178827794009381046816365663514487571741542351196371870653584622513483724204156921697532161247773821232192438183965410555113116609585422349501057442227898460119144541267181038581020149812308298814582909464053392576427207948516414060584906674921212064678732119505344236465475104130398881440623449533995749703784565113259173674291781389970756316342812305102728543148974830875841701952484239445211763000916007376353239317208430018560000000000000000000000000000
271 7603110862297336889562765078677591784382144804935654140103265711174809544795868946619465456986941426353490337541641840420866547798484851992043746903472031314808629898286954361304089099189597949917720107608641973760176263123965112192315856013129000469420452253400280381275371834582974595350356740431249043461307499795362606003187493282522655864186526483892251424369388254880686717356855836159098085941585572214843175480265956490155023466902686716631551685565024675154828939574582670007813933488759999971275307206094234845184000000000000000000000000000
272 2092650338135042239081362367874058086629498529611374761981531481676748820441369920166597836386384575989632233497766887608233992480306682736507447443310720277645690861667065216648996802109271361768793074235132768242582809742041026151073413008577605074679952459698366754609787986882965516461915364293824799274904170565176824483726372934978500113113733464835415756801933870447195410863604257631236889501885794343289121386313250838487906262737052741369440775014929434595488503325316005236937578706608890289108750979558913647575040000000000000000000000000000
273 578065501058021370419729710503740923247040736254397305666841946617590098265062008953259972786857540208761317808325171006179335278593470347014505557256614330167394566791947686685175314725765837267861638307191189776189421095846065283617010062169524344866844211722604119637388218224520538760777718544823761488462101184402120142816781246046521156250575505579386273820953536827887592818089204590365952800820806322040176588822008067180571756869712024658834346118118501832493739426091655964942529973198712750283165791591759007621054464000000000000000000000000000
274 160260606546717976430354656747880352241262280087208606054380678832101753248164961638513058884622513070492282075859660862754721018458712240798612963917102185298759958492571027111104408853300334260710974554742311142389058071474727966518506336164139474770598761133693571045614737841970671493354519168206523550799362561738374567588590361477769132790004867624423568048825514130168881768189338095476323555854554203654999315671360375186008283471538615190354767597701289921521145511789521295611307984202257297011774974797408488746853072896000000000000000000000000000
275 44590281017234028981985455159789185468994295852494417681437166033265902808934904745775176303284837511254716571133123703890569947403512217038798832878578128452358359988599551871085571978606071563456049890873215668580926974114695652804578690325181419639769158094201834119154423488787596851748328985322221632732944679953356061541508291348212862331624162329144195968562351830798194085368419639483980928477789992141226469288199316687295727938330153665184423692881289638184974601594975209812876582722157112477075013953203261143211904598016000000000000000000000000000
276 12451214741260363044361412144220625253784656469906646246066522129076021606675029031446494287415933700631390645836311180674595326217123685928584606507324114477762328275357924478630387377404417813618579946843611682698335674323125192063250869617866657128041066191779041267776875993138793040696518849321729457513380162324032172844663568691438560255640700996196772768767892325622307436043985988564114411875220617407493284642371030989781100589586007119182473299478848215304103779903501664418511809780682742629138571110828001415859637827141632000000000000000000000000000
277 3489279460633237850006731678362781549927365985811406964376334654900898864591919480737949702822617330636914934235534922217100317405916574350279654957788855207779349381058336067882695569972879651923709898670847884941373258087358572329325737201406775465621142850817826382658162188438290556733029168303697716370123542465096565463077598478348117292349056822347949595174202358854219983998605595233314545834217483304115313346848117825812433396879791241338662957798136693293673606513670545754590911495504139861480803595963973777850308825685426176000000000000000000000000000
278 981311235582853886748543975754843624322318386759037963907843639166934793835459582249884352434981912713668380649608659943572824580362430588230678005208892108006102638458108144026583726336457961902876173847534804685100222178641933069978471667984456538153091013671036765008067139086355052708310966588425697270982307588819904677671466427534220833842766917762717521714416762850034234737180123334710004394353964107758555990316610725118231729599426677262332913383136226934090362820951788860708963554954424235207607966078256272846405064263104200704000000000000000000000000000
279 276961424592966621399312115529912121276029519326685549345288210095450185729645261774966299942253646659485713961974144702766988634815676217692581781617317354422697936474025806331142810637670940116573897507827839846674295281373198750292567581594613429685490601705853217318928818649989690690073771978843349323094173890837070445434241777830925388550825520205084089948379755629392070543568223833522621466891713905777913268921715296251154970966544081528807928597997383196950133980313989373781972440055462917222833024342293393548383793167024416358400000000000000000000000000000
280 78445464883136444153361991832979734107104410412295812002151283771055701031600137905276410458463888728783452831641424281975889041154081612161194377268963939023995126020005089400807085541586775482021978853113927140695847735155730155893168126862936663745048657540242727723111643893969412120063347854431486432697173549334060092682555026776603900707909404317043934346239340784460517742720537801781599848430872484913677347004211583401254162270284175373680659198805567462991011169607632550956407340980462608642908900155321693270849382953794643762872320000000000000000000000000000
281 22297030489043545499138714008187848854829596334164757923104596846807994816321006351966379909874590428658729912632491301600755175519241416202616947253049788634710717677019683767972677403205407848534165442675086057277746616656573797239753689451449043734214798246869309081478511706976193005470200101683371372454285114550144098090572486264809451120134014857183115630968476876176991167313690101403428614126679045861799426302388168524099901470535536234193652318544053093965544509939425781192127916994981318573711706517475996130482011829690804620503285760000000000000000000000000000
282 6359917304267476304382181186059419126515886317227737551955029284255938780889557222771329765832553624368051014918063167925985953504839984437032559511922387111362487061531336624841784097629616634866897738690657250060933722359115689173991998260054849145488836810538598165221244303636995365715345699414567455795024546251336290911149361565368574302483470472421443716218583295200484099148840461833066128634199111784065966904421414315632114601281850630779701221147570079000950430919746233554049717754739038817471641350922912086517664600672508333204512440320000000000000000000000000000
283 1820437721835095766831671959863974957044334149042876718444593070293345831894127472620468408524661205127979199135281382816639158160961341600627085639446754219120357049441823511410967686197690749827520912526411068973518360529293539783505028547421254247081312568773103411199320388620694931710525506624848634444149948610873936995136281017532981546003315312040305954905457226226916323574242983778556317801869931672769057978806487828879392469560441423872926140112390286816402227797507140164155817862310951092849292341227743478941994393212353827698573416857600000000000000000000000000000
284 522895373217693259902494050325723538585593383434662591492248390192388059730234852347316007506370943358912481903818394266268987857468153785925698771649150707760987217132833747862725884188559825433209229704387700371267581499182984689242732591811010028156446674025147360349154726792548102902980667266054593121396796079870746951957436739367725613606292035479672231184460200381901145033291125682699928488787198557308889693132400088662328640471908634960681290537177398757027214412673109271036996577017472952163341995565302256828258642028990858379211141367726080000000000000000000000000000
285 150717306339856373222255706155836094521233002355929892670003981630628033639523067364082996145764825577444556613312749213672159640781035646960642102975799676454568301427183164432817684398691217621371221645810269889964627793844262956341321891302532456129386844032607683701758547034772124404073079360846966582763711735431015346822727633934942564202803482614979194348905538503915410013309217622327315035229614525761073125739937509164605397331760778115589955796799955595034350487922815469629389518700081607924048755513270263289266899981846402248851428803797319680000000000000000000000000000
286 43592881061889352435667628757102828216212241925443340479169793392124251482051078791280233221569659227606920132032995014001740688317355659403799096773177529069988731241264348148564320366783571015038093896297710245883384967473087173265725102299536776149194731715493375010789933191835125398996182717407440625931441476233263529781872225895096443625734163664465206901114689313307453384208267236879841664160175366060243504157992057099538370838261046698163961237240097934218669935552826983710253207184310631110088031749822223976509831099404797190897810240968180367360000000000000000000000000000
287 12652226391210447326431017553514842135175204101086111095650423257446397239493692384610802207852779962013335615020080856816107139129190284130918154475078314663739456884978486030079888453086749885480284690735666322165899752684836250491695297566991863069146152714506991370792570617333225850005729954032478804287828495457086381598869391048262845726797438064967347604787690581815296865583553260960541981330448864684854987962401219827401004286166957122731826592165424769546325969355600742292840555812765091333244266557052786820935973932052961309941841806560741273108480000000000000000000000000000
288 3684784665336387105688859666892712442571665633272340886188430725397177913518026082050441610767288071403204301035902080916603448329189632908248081844849616477441871242213362668262319470530392087505879796889443677806402091481900139470222212436533024313859268262519228990927406977203657849985961785077684551999949217281428198285968938091334258046487355963319079772790946248751019415208860755214655535443888210237490792062945800616631766534163801307717243162623993609462067818533365711101024309953305918265642350538120952561292308077241024201620569238809887803095121920000000000000000000000000000
289 1076826981941436415279636885131534948487702055958377718838760641236072700073381888314049935443227022034949553075770232012859392751087341684397878799027287412981978968035673745635731009389104015230132946167507980887899527222793396457194236529147728641641706233893867694423856312123716205052793330719002855789068312179352900561964839092095815585196964265327934185884509111395953908379854343126904930909217506344486819429777718281924570549317321366106212561488004684825106307274116395134164203603705237308019692795793210988850957577813217895977206728954198169827147776000000000000000000000000000000
290 315764510076511083624564376574079152213290673081779947821303850705882562105336473740431125235039809437653224641408319304789540201138543339216045139492225489272055618314793712626839960580816110249900280203904370810740241433272571112881514468584585661119836157355782568468220227595937508241103468831632776813012959948922330891643013663716914424580082038420211748506045168932332243046706228146955307605101592146225053930167427218942527082462858842735227934463665979295674171326698236097908762948229481679410248045852574078880529704953895667327475339384671621868288579993600000000000000000000000000000
291 92909307851732891852902498657290292442203803116346117859429248904223841755997479415790853678437517584320441609697129988771419996672699022294879531137532871263946374380136024375996538067584020682065126009196342392997780388480655320400543762842700369973211362677224096523937935603043773925512994256879623065191407248122832701842942250984655829038049682268075294255067639970985904550257184651061142404105326654023440519251751995403248353241853201318228230935758981237127340208721991770700320694470443144802299103555464754295405134129209135492152165880337871320928677055692800000000000000000000000000000
292 27430178728650483255201227532185406640136275326783002376469565601638106064719643043602232095471688673982582061970989147824229290044657861484283733167489076699562439050478577115106226570376851355211850725475177548950799282901797221921153059185926527552912536226179430461471703943178571731296860991158400574836301287866688121087529514871183253061985849613155213673337664325025039451981326715289505735298259447808710830730130240051079370122783240698400716632981306294949609848959400274388084386062111861204506637438602267871536921350923153562235797079399936913874860035905945600000000000000000000000000000
293 8125808290493675302582558466656405833351450342102006253462790565227376788288582843625360196870090992119371680834130203016728815061842989821392912898345716221860939160342527890034308182937529074078157698720478404849617719394621593943252566964670101113579302547103700338882962070738131877409519922822406775020617692169889476621374290635857774559443356798301454866217182473120384168100761022689247158082060634575725029703939052616587138626380116075999236407110732809815461588461637299501807204922338941204636831930844214872857414498804062113844102357776038742770741487907897344000000000000000000000000000000
294 2415283305404784834990829640026306154530385838728900004888942618403741783022191826993752633712770070577321369813088126541257310303575697378852298355726378466456211995869835028594461251045962985149719414492816709723058303902946883144708581883691873852972425781679165145386603816151892542486488242215585870403467464076459180736273193684688989470111638186284938643201672811391667090137150193034779305902769851431547356684784215213314983611855610091960077904483014340602517146748494444290927922127523246093764380826811409945708209490513953499516574111360470872088848708614364751462400000000000000000000000000000
295 720324596055468212648846079487106501709214821919063318713033052490525065649242890701028962192611793576969205893349072519367328902731660176644097047820245448049282363826065724908541101288940344197202891022598644656313723664921636833580933515996305248203032729323422597433887495950136256637338127465405411846155119696563593559545466696518849234673217259506206135673969412721539419962927539889136282092236065775264895715870694832373742511339067863414952489402685506185946166300428538773291139005024303777787251954023479699677499599207817033067581512640367394008599662513344341239398400000000000000000000000000000
296 215547099791074045922384149543509447009002755681126889668503448385911142577643786030960512588009294937793036564061536149578731826313304061691320838113861806868529252578704858180575528398953761016989246753270831525647177070057451263122430007573680252051631213330096262725829538161547342646157788198235715532851797984859545697324830979126390539695267101748570478985122105065037530604010165592287765511248417550962787693000692156543890280005785387238352440926131135773738946872371776733789159244464973026707049240118149025155315320656817520562929262525335651072523475660000084114590924800000000000000000000000000000
297 64715013705212539095339749383307379093597055477721438388995184427742856943172232757027946408628399847323864918999652416501069558119872562485619962671810845587036003665415089417609480099287793685538518018438853904494574674543435446288673194661401641858220273074164109537809962513334850494024111782991631795568553623275734483582126088080453793223567470382914029005160854434006667710975987799029843853529218497181393815612753066148921132133291163582167232975773553397749477736698208322645178125657495260474747526517611666537058441142280131150249951461643746767016943385373025773501703782400000000000000000000000000000
298 19494496267664301636056040286520409933925006418471312042556687390141962045321632400182421448648517327671263502790692144104696718752768832429787518611398260227341965088516395680735933272976117805718867134564299212337317404058399346720329234970321547487424702912776755360281610461253663265296229300230870878352719703838070688321781608468586561020069756450428365352681172289431712943347166021591255490923595212709347523570045117681965002909341088057175379684737292652884193465489088966435427789268279530704865007857762649637857044202936499288231665439614036340320103085935348917488957626777600000000000000000000000000000
299 5891939899139736535030575895755579088969876473177930207268842239592534825855832888162000150594717446523722609872731666893183720315224403029478241465218355524079166504347873679184206947556762961313200056827655444543856127425496253529054982837271945769409937513015301724566625257448862001148661853885971740136632682892646782410439439702643102752007746531455608309310662458387135986374543041651090117933135515638871285077939352390048083214507614886656630472055385719532419574078091259683632902050421992586813609826231414591329493073203688469343022937463703381867495077596466989527927307108352000000000000000000000000000000
300 1786648687774532831816512767763698740467314807749610327298685104319287556070635257930945072236301868456981929599863392294101234705294435146197695383163445240811938920972039051901878060580128817823563786378306814556560652804487599162866015184046351741284586306686852237815998246266242637130011618311191791124763232671573544633155367407158057194955477933648519853981166037303261721474572161919200122972145493731183911948155340420630457575092925327175136618977354165142671173094242285535507050237104801178890653123405730515230080643952146516630748054177620532055256864416724934876865569950269440000000000000000000000000000000
301 543562971625579726457727145109637897357475900108987262303379086366405111227358024196435312915211004894296929984687627459488172201614474376298599552264635343150123000718239584457460057908965179904478290837760736523710883920865763710489941930854460901069142844003037624364208960674707208333332836526995154278813854761616619514536515067215653951637259389226305181560334344413825846227578912235855513827933387545084715961816676704511369770879502094015063286997014836934271633642649342415612344898814164270476098037596394264367651873843182988959740570626643509245652305193355612347477836365224214528000000000000000000000000000000
302 165915024157126114778090774884049366469394276413980581454231564422860386466465739750799104670824163859641347643158073099160605678088609806762569107870981340089016397780805959102363957788076765785518172202930042416101309797007322488792197149397105612693418434038303525503765197146962798778046436520469688179895100074363219109295455263500062982617797298411103272680773916934344471230925735307823453850963002581986011571139270515208301610991199069966068004119078253838387870038781049962892761189208848620924390638544339312683961259027333898150435453436174508190712273864039248134388827887066027130880000000000000000000000000000000
303 50809164616260830462575917524972767917916608249680746314219145959894799754028327975405509068322236369486262659082687419899635485802770947063162815181583090391479061495011950363602259221087957455858805515108749090750741059312284179019045040663880178343153399810395373913653635242425598304440899243400837581784098622603021861429831115713872335072895999167007965629264833424580226050095266872948356896074945857076551759522919014550477287425836025230444408500806549989987564058610317096353030330759035576214317413352914583753156571603292105058854296889949545748974486009501004981626163237776034677915648000000000000000000000000000000
304 15610407953918664358950587174898529657208019946363214992592466789694981876450686260910858960872710142583817382329475945552347279536040985908730380618118845429444654115140218284825220162488604087612492747256260046552863165469937386510822698991367101836368929576617115618086618229089210169526458393937985732914229968193260872501664833114443931772700397349239386536519285117749650733586939400094276155888299995355710706248906552280326307869026442110706334448343048428443165053539887503558112517176273756006275441433404041281234808198429939118862376118488950884713550039736381074463327437933946485658877952000000000000000000000000000000
305 4811690767239721473689996915690034748829497287842621338325332251314219653391654237144314371557891470029100268055438218933420094907147288894418857489479755489175301364084661749205927366534935294987246979558159048022165460764903068825761099401171165032541286720950079961202862587723078259301573631074963370953037656691549299548314322649220837704639156937870184210979068401790583971041758248935946572774859833537078396847259976709793976831623889062705631469192577309710130638980939568371247866627497775620378488925721754642115843518702461189050285111693642244990372385675145353106227360199714556997860851712000000000000000000000000000000
306 1487948333184590800779065681545067070698437721849592697422003412069685799455129842074120074399514747767573058993092465948174690047842234540658425373396004498460127326729203874036763286651944846499937090050800612018796296402769873753796713803657231052906749514754161863780286614866395135568932809966145004235719817400016511869913299794633873737134092298707789920529331745437610426412119083627508078359011661093078508130578996326544475265700629194171007289882241923448748094567322748565925309146924448406668437854616381806413715750537415079249621635117963735892483868648307005071041560461231680040962300575744000000000000000000000000000000
307 461615240240783031912685324827924613610852056542059503505399485729999449650661790950155082122599646175634905618135147052966190954993785147939320799400012690231141204181665520640446002559227638656683206039763235069758760603375947540169949937285221820210829925844590210361273686425459220905276172842150329672869606783771782613365344349946663719701454057252653160346027700985778616476593772018198119386198281420374866067832913495787028735886325153589539951094993526944658526218783821686464181182916635404534138970273353766452869630003915521437662235531092077837004924103140409460547268348995584515485416745336832000000000000000000000000000000
308 143671312291006031919025453933145969338512615029520199978077661029891335183944163326936729532180412231882523963363627504302236895982898909986243360734836239153184904893882075947901854970526616857036005701405020782550157411812612177873456636603860582622400712026047119556571656524896963133622001223028204451364401226839023572978311758697916886224994291961764755862007211467759118927031153181406450856226852476742958161094314614360914350812766635034878569314671419508429515174427949374333290889491457793189402398207603912126821899332187219724497740637028890002406910875527878443123733187538299709048859261558325248000000000000000000000000000000
309 44859365630903733002981211911346424611429597752863330629748550877945309024014851946616828959682351353270364084525014125134084590994427794496830047651348020423313018518864307763084025686411157806119801749317273232878260010544084970758403517845545862136816842744185072081064888903754075604559870878777313679547665782125960874879905361478502887271055439154078070741385123119224695429113016842081109433487754566212180389024965497365643627565619766722474918035036006697149652443706296503375452897975063692100938632164688097400648574892370050684681861854754335687923995698280323022638379850197505092700758233726823956480000000000000000000000000000000
310 14051571302186993557592581601240467760113410463266384704180477258536629049412108683947065759567863476958144956230605986682343076488062989627403403841673032281452081064437137032661551197868573750723521918449511205518242090059743799608218769087635997699863662921995931808552542675471307278106273608193816488245238314807125733055070361026073969813534601228616697715840578471044223328186124793965116063166776196865149457094145410997052628176897065340980267981464010101267399906854956333469598661616832916158147267118511610549975814591835270595761825825287151277419509228048229118066458746316157752026120732404910412267520000000000000000000000000000000
311 4415510514904011545263847446355030611831629742349027785517676485356961390217123289230028738546140652662027774932746263576631611349446163965316905704714523968083504604073855981733711767985179908324071409207076083046811026927438665124050538509647412964590684237556862085335962291603145258089595985992921002345651426340744899718423907978489197948524658712202387987144876819861615490337861209741550727383699900021210873264714028007948198270570390349099822779775535869368064356225139623131099663706730646721291366666392759344433804921422911759139926538009474915439097081119167019097910253363264376966626682955135681067745280000000000000000000000000000000
312 1391928172831427449887400353488748241093089327884255745228324327479403933844976808582044527620761644930138487438435458597722164371132289130981246138901966190807926258814913506961327122941408342380867730734465580670316725025323763992467179804308232722762148563308876797022280480764264207162410924497597723316728889137954750594167448614638734570148267146134171753003341944620536026918854054768698772142221609286600012786359247343925518144995510524961710932311984639107772783107357669913340025693585754974889207332446672930947032259334666444941593722248295803956698066950492812812722880444371756179671110875398226047632670720000000000000000000000000000000
313 440177892283248424059172470402720928307893232503948194277705694118076900889570193074811383475283428473813942680387477575750657886462801278426935978634879175627237319243459541470190766445362866133744735638947917680690791148958398633064434782742162753508705358546645314405117651504583135827342468488183259445799617159452895266527310560173770787653693834543930952360434686496152788982663256788852854675756172017020306028542803044870662581534027378991777715761683772813800478415073680995249148654512107293850945553337563651285675961280561733405995500480121268464773981523200915774669565978142259699495170149857775871745085931520000000000000000000000000000000
314 139640303758539995021370795632502286068056073319546756022871157829748457417829542909144008183294765174721686330920933096539137903070798486417970692480855252751588016021314914019925789716216852914453308276056544157287311395723137524416197754258267399587132681520654430465595347917353219987049157221924613051888341284295774306816115415983454345428685615723618441734360932143996836840138448406487664946776861517530590631333478560338686004351650843219328140686528215545606074463743845311585608030531802319102942912936077605723691322165409230839134503131814546256448015259377339114247995494360425537472507531944154519065506411970560000000000000000000000000000000
315 44438581199294828223333879530750972002234215735592263214197741620175686524387287018787083695241375052077564682063063258850215741342834702084218919155266952680517551294113655041900845464223930611229884852095266970970153192901647465533967563793289340736346976364534797528514891153565143075039098483636887833529305335829717319256129073705118154414501121258154407641179418588713724323267512605903736340487672230033047924219408053461643727406085485527831871815325040070692149518278755763261898137764875977658066160260511903731084455408115889470950997918537346430743823181935106117927770820590153506761241470387872979535787119828008960000000000000000000000000000000
316 14186397928559649222491450428264379511232791583599839478947462465112996348309454993871285617977624810503963341917132952229657105510492066751989784210378103204268794981429628161719625149899779096547439826703782001974811640932391840732519705920709894569932850656231661299129765015311099197572903942375755460779947512001993702779233763253975891898979522340792715011248898531145559341303671267700865270928080122223972330901606130112842343227535423992824440683410221514303818503791165699937646973748535500492807926645323750052660158063799080926593562410219326032408249302500835484751502331326184319437698501183367823162943366109457285120000000000000000000000000000000
317 4542996291405435737088589471179900318960319721610645092316192796385018996459971772312465049383157423937054712604954576163527183446069060183282859101192251061561559188970097369461597414559282282768800540478960764943040518556539674938434816579445896937356270593693190330092110462047708153706565231378835680530907952755752686156680565824089598727665266017898986534726777869809120306828618518298418404601767621249581642505256893777615079644811900307664862026474369335119494797712667725344797255855154245073939913372163303148924909953283299350787872055642965311832375978474463329663349857255946057869541960340983539232795004530707723714560000000000000000000000000000000
318 1459374265487239394796318517285930711381375010523948755533726354287496023000298239437769706052791835834553582758037498019656119003030544038856726257890240508302256923646769454262110777541547051659945376448638275011025832001073242392751318018110772520078904442675072881361971655741147054151707578639224312059580853439284859850472181523466286176589864133823035873398480132497501820416544061237448728400349440856817648147409131065460300828920025957252102493398415077166230362858110456632640927641255092837767480083619531824290225116988162422235660062085600874566133737068651157612966694830665206665677593996045543580876747648438608792125440000000000000000000000000000000
319 470263025018094454411661022316327787716572338132590452772324626200755965693409687337307648602701416268140800046556203382464387964198314352819317468090944985784884157377444453346554480333154238045283027753702726134501475642446550725932719017714686951572795268337527295961447095842466376714375891066279531897969095707088655111892536337498895658708616372595590649273970795745606817304518749182755874269165826639634047551429514267594132185342416858977347792915661308244801889230282364728072363195964928961589589948335031760499450712549140379069816070778693380576944207921220599141461889921859019994794870847015981330007953266325575883869388800000000000000000000000000000000
320 152005971122032667447705680727273236734426974540390747404184175347416418734360071355983773703055987797599138723333276758436984379735806943298448011869624559040501147182130936325972588827185156232306313968665131282461455819058344360517101681890661783764682346596640909024228500745406194864050848658721806513257408860328254702334016765241461744180303956850963847927977906905852270990644489075737952861981513879471581398412360670080031227427223148711650900447408186758481852991754775583795117022787204233255726033720533397331950305889996091758931689311887355398621973270357868765897346722725667980131454975712160597571223468252822794290593792000000000000000000000000000000000
321 49285818385702624964114847612251541285071797197641660689041184563167665565007365337410735609637057027252090725506331983959380277890986346883810876989949983907710913598567825362584787180273175386139177834221165324628222047359392623215292744746445042218436215593214642035895263012071817706442261375652943739385370151915481105491813405979723688417234447688410476079096939230018666219196012634905069429056343310858893115670056478785631075386763221140001521796825385529392424014966946968258596231392729901497086849765654642009622643069054258903155507558790118360187905405469223963332326652723938527040841236789780611919597217337443019958485463859200000000000000000000000000000000
322 16029525778816968173543399437779282217482654899105698844313152927398357411470032804512882794456760023710317414255113328615812175733057465665818224235886934963713420832380094011526675694262468311050483377115419488150881942682658157019811235084715129151952858044830311306429457914003353543345330649208530534415548854755512193758931122653452266854246484816673676281692704393270182107342398166630334566963960057994251971801191286903504485996035208800025727851465540271525473453321537416774500631442756238765900598648736061994227329015171092195061023759252457221947471419830215980569879680141465819429293477302547396092553327217666333383968650428416000000000000000000000000000000000
323 5229409461624537761526262073942665801687447548874618542547077405658833702817282843059797586273747398029528254175335745719852089588588920633477705149519304800334549928292931012331463836392998248266079156616387557507105980046958551567505668796882555976917359399458687099507121851888789432137546454284301553099220753298385738512700494591354922584257909155742134047779470654213340488799126791685990001708808197960237860356207790533735226130786093811407127159966193035708646081361622933136492115299648132237755598810780077237253209257279680144391687201673119514791770965109978418678030507332756222275744158627891092713981942608318712085278679295537971200000000000000000000000000000000
324 1711251390066129041085519903605661071643781691805603120726657260330650097288995751623286813674741504872268107668019397754053586244119434262720425825772741365341161405266341378519153355516630302045405082064852825731425552645134790566784573891099147006809722788424805319432915455184978316658764945252443049233259690058111473803673862113733806853226275284385592524043311581718493691240794409854854661280242669228479747639236005478846392359390362980655724848521870052332610832935078179429347277046294072682808031887439796963381295853922987694902454268853364878054811333945378392025640959354828979725645593343575616456142865441433191461697289658682887372800000000000000000000000000000000
325 561694427596266327374269656997460995665873671253310421129231560889567197643574820422783894640023519491967763885881666474958106942574989907723081994685825655825760911402088863893519624041497851649695427902396335727257501159422986442416808864778809139151118035493721731500885751328926944322488322857832495012512362264455067744480257997301801338100984845105536535025728149200726370570793389077636120512953655799179992902319972730555886842029499072046056105752108095636982453127321280610628780139188605589556282412328716065362539639149985172530847726782825652461375329063525412627918682355507953604631183232389869100498232624082385271117801460607839161548800000000000000000000000000000000
326 184930064746644312450198800343264822425159183158538455754645615548288863572255490215319570223906903763974145747492638789426615169752652011209610169599149155618051311446504663485859368254990278298583870944150832586594823351952090818575412736719564916305004026728707804568623037279826463952941265329242243958102832036523594804555383471549470885680733603106974054249193716327268276920877620338011126986046068535284764103845692654810509145420489629728810101678858934119510656065297103032604428951903442051905560058540536927586244692672690492337664847983869212101515234608772787347074009186549663199400079800535460186214587450199250892213891684459029848496537600000000000000000000000000000000
327 61070577432748843866713805420041939187901388543753725050470922767573122598985751992148573346169147167243904278873667100906012309460098846448911841887655474506309949306703604900287193926005515995780401535382969542918328241558476083797920471493705631785183492680172909573447381343192149294438787357402788095839483161158360933472969067761405623845770806457003617062130927569222254936263328987660123626133118197939998926931267924658925845553258548692918113548214195830390767904583901878345029275894152079940425897688216050996166085324139257893482113090907483862712382983957784492505898825009696964385467633410672058268881754783124371671099249946631956255788236800000000000000000000000000000000
328 20228777937936741931351033418839467714775012508233788826530375583226173893293965676967748643315448888854670485850488696967524253968464391403016427684882779738411294660400743226343421431882024860144369556445808570864057153324264808883709422967810525951689526499425944682067031814950790920852814910959080416197795869223871327812477079033422966456023779553606214627746008604207827530253913626549802192337608649089179657466227256389054517173300012614651538672666761386923897644463026486928132372045637524018911569243425523371680500264924121960824101619469550929133128196483096721565500693751544688272991050289007270909876209587527500454433953692519223188643853107200000000000000000000000000000000
329 6720729642089309068002695579571549894095038552504338652120746712675004098056901528499553371248917004961416626647301818967935335038494775190343403725785473908948079508043718406172830001835121353515851997114076756752105488487367291648412789583194413840262277449390502504890523198990825745809128437906185821933065178387394851033042115064802235791948821718146251943347816593790618357155931403587938503952339918477535670414911046867003428997902216036728679047282884054084673392780591251181086644472395683804030786669235667406316417263441459654824152974722971638934193996830705977180796491958518388934675627370618290630817736507474373307278877066146511664014803599360000000000000000000000000000000000
330 2239589519869411781335310993952270643196395496121249414786788327942763502705365517944801789881698333527667047657177535681526702824549116498985515969998887954200382622772558932847573754388222117528557047243238411888900224178903963416209316300411780324904134405892133909578946405043869440653566617727099766375897101734934528290701146536489683926249461681204723792664505161540387355173070733408486641377892792271084859344471384894603174920026859926605177546493939378520891278634169547736659297342343848816424974655601953788016003734785892570914824570439747504907550236949069833421631283138506196256333229270757243341239553988406753594125752353375963400786412795068416000000000000000000000000000000000
331 748551595004683666771207872074814716241734170270223036631900134572229453326935434541106517551019643733290292647736908078001080407198730648074135149527109334066137880314968958771270835478342708915650640926437273919607179733891316741113265131596563152727667042861058889625055306955446533745449792409817051199520889766852161956958898195653186698680647982485501096631153527351951831743170675398346452494540369167004363837408533534560477304683632951219385551621358162530050439514983955035009985716156190230455361332329312583088209066449454220572613786902802714878631249580448475522522200247822167499821607974296594886891956353500815190853129154429516502858585859998875648000000000000000000000000000000000
332 250941493387627941275856592487326468278289708042710330111828566773009135957729381947477725692457154459552110285018593066588526812168176809567615289738220275729969718110085684563368373958182447857027647025978292636556080714263109689069146679196628480933289793419579054220779885307841699061328652913265129897496389038833938927704877630004012681955341491312154777556028001289228014209387815974350401782839379824731199839788383228784450071104175438310395327831187673721289426437684796716294789407468069830555271004433201123192323113544520763407127118961065275150884501404708708252578484768558726942204577105913642995955068574029838127526384589058883164329681965039606562816000000000000000000000000000000000
333 84375581029048493124737733501902999345870783528244378990698039515690002981101589035311587944741659848799096750155742260093475583844349882800546996335228932513300169258582133579373110108927139785234434897840450507281183318800689397087517544172197888155449659830253575248075550843882679826075756711577687736422417147994602138343722911685868504967707803815284933031021849133021258566651936084021469950749252048381598413391643781153024231973945061190023336157419499878117934498756278539666577278630939579466553473982941652706126542610014067398580081200100162289037814958462259644630497688349157649400233751022496250863903050576317639437540147742512562704926436181302250045440000000000000000000000000000000000
334 28454489179550157423186464964219351699476058958523109510472399983900669869136292779000364556312882401729098271450082496831518411167697780309488887362679945873443961209093279165872305179463046275422545893260356867470644280520897057726196855840137283499406412680692178763580326528582463431654408678917834590470977378337424109227543823413268411138596222055063442606601137498176547768018724980455601727773733961538699265230775752037239021308827371617162702674416829227177341371117773584537540146211627920994853238279059947167171821367094575410821637075641216063009981191014590587974420399088091918318893598692277201986167286333954027820018631545633428585455432923158053591711744000000000000000000000000000000000
335 9624334536398333732500049537407630403754816233629422271190846394746617347651232133166578218127035023327990302840527958946259023874512266739789659491618852874438352977103503290023066358995900424109520010142044102145707920193708561593116871461728070219297142082593395736023360784978318632557886805380618892424702168516457325326749320360914940246521895254796294804288091351568817915990884194536819401463094423323084233019040264495995003986107051588371754710948076135113601450569596497503306135900038295379809892034883512282490771525624681457192661765480015766203873784532155507210401637201567205776283373182773473260771048794408787169551746387455270794093750823173315459939303424000000000000000000000000000000000
336 3264921405027481780311590122399648429021439553345968832764699917081942952772613997506976985672776963486137840849404053221025378112414185398959930854599186214898049328734908335871033255589478228346980338389540733618432926818081272208399565241094053186055487287649334577544375166152205560448559969849443249848965452193685634830095642833948470584061969402459739303984076466299165803382463181154666122534557946244370390070646592582568687328075214909741076252850464970646176531506481865087697584814748885161582080416915247270467095150792736907987595937061838088085947270355312510285580008563200944736500492902036681895078504717110709610478601984939293857984445025867405476517220712448000000000000000000000000000000000
337 1110844021102009829712687706953602550417459747752637251310655164057306640652849922346280176565745844963923151821566018794419170438594464084260480436348247287223466179404280879084767939529887368370638197981168898776367051353326539651908982147058799334203193275695664446476696292967460976114974122482129589748732803165334843816907599095448273370085816833944637607035078808502375679471573874611020274203071758624687275459112161396010687313772508857493376518679956536978128123634389602291730411732603548507555173702368280718716507249249056087886999816781768198984837685023226236421924454253001859540359987716746273561791787298761489480950081813089052981679037673977644299756576926859264000000000000000000000000000000000
338 379060045897126163614473833614775489749640016093845285651106992239272514740188746967232135668737569508883072982405125087905060216744368059252561714509206979446548346191350961758816926976447345058791373155968600603764334639431280888527022979981463607333769035392192497460631515732909269809754438524771184840396143449777236026691148445911041740495442674012921501614911441922557932789646301759732822463254215367902656494538337175059171039752004020449105093096946307752544178917712778965748004351320504447640877311755345113640184924810199499867903903707249749367884582542603616195128480931030746183070631875601458698321166700883518023411740375303808877554423489972798656703351802514374656000000000000000000000000000000000
339 129728019635190103502964512492152366856232766554978886585486398897656587591325257514405487348843560176657413640325999318908062497047904477525612034328356353785634487591504961533331500877991210471239083213698674638170987146854967092671076010996004805090335016561455730244452767979996648669594897499163230571063602593851124350059536137121063559199623848365191724346481752707557832782014455520058580622229418020691340813132197802881212992642129102017233502192200657560598926029557461380786402959882753139653945353500525985089659416891420931014684279671928905466252024134298789211830367967231914967364950695075775683533207160675433412703712113198344615416825256348715315550749079780301209600000000000000000000000000000000000
340 44527335366086161602503730210455789091484876363572575969876524881405429808300382161632938161934745132924359867660885101640005124735057723385641923988918896138893329971825664379688309424069583478842826888564607041802303984363173675799721542117321986576771114632190860552510634933232070700335560875659234907268721164335616083885180804774357413822373144834171903300778385464808799883732679957243577791098362646638095516256867618011141171649157013729921711756347139354112524264135622515769899852689261176479289572881499077434820886519622642833769642707544049844337010116445210439180603832462434987743481731686452622253678811631339888134947820404828895897954416250069469168436171718735985377280000000000000000000000000000000000
341 15327914843935483899599346079203795340908849392373344370811649975775991180300225373650284317627297122686320361169838627614769625287302284043625369180867642670085708691567097864077461740550219527295855125133599517323003919832339466903787779011559462115250876908086531267460773609755413967623371776462553643783545100038592450366055865780997327231185395329228377014320124994640415756027907580747032110889833877879912893215681151373793498303918036911380686428684772520342653349391806798758521808823438379468952628354436710445697427134435404880801236666119380631688257551292352715565564551813984951883471015721216247620755432529508448100632531662247417396096092791594225411063005283362374565232640000000000000000000000000000000000
342 5291749051013735096358318282569901172171582179168655981145191759802256293556649983708017943092972673038429241639589999313403833937914448300422084101074370055499885473548704156709096310347145962095682570656887794364102013378020104881234996778418369320914277885772863058849538571526568810781462802420620790472486034866906506945621406314379100390111055153861526616653546435750112367277626177692465381090462809559595318366854608956083486043270100115457856718338464104717070818924349383327655722173371991996391321268141896057603521520639707660153983474860131206962644056425946242406287474351605758308687765912717317374049451153123404972557922061911098080996972992050169362107032411051584463443066880000000000000000000000000000000000
343 1832194384146489943313699189983670806195996279172496933886980989233959367258178824949694278641926483676091416436933834021196476118047836078361708845524099273848858207017240094537620256203199249890540345700064733112190610045944067808979233312737518362381534744551025037000477748092686852199780995992805822185326526204624600040777629864038792403220720242591125600168309616490850125117582024645319871155624333438137511308563522980610792597260425244917078091282333461557436541965178307312951941455881973787275374701084130227899991166875960390728805960879961724149003095400387525663124218745948710278689431008530032800875820837694287347796478901659489209498591705164155297508435072836555333033158246400000000000000000000000000000000000
344 636203973721425283255962581203970209864805945506644156543238215453037214568033261168185886760152797879516615332593087431849982971627604476153971760801873116644506356664386713568876281024316154333838083918944411519400774976620965689685273348689126091567770022494267591876604419728550827217067831365808732728290231563150435554713460345735934637556844979733697232440734522473449189673685231748098270216409611020880271673931994601258521112526238776985623161555818959037798070339870666860079058402605398754507751732066467024630811608918719462078466288482619442087566498889928360371714183588458800395591685936659439717614794952771118348824022487735385918322076873735814409195824512952241583316164484792320000000000000000000000000000000000
345 221549170240389637676673666020086915663133431197980527100149129539422871375442539721703834707303493247617580810497958490205533645824621242975783899919816028027862788655899303024225947294497687922710004042768883824893009101176824340947815535062166693782678820247075906082936792454437032458175937330710085358750986861262531071453647592485633762720449757722789018684515344474412408173021882564649933654596633049621141130741777764317341553829695182247034970210647572100552369380155108663927089284121258019203341349934895534295233873081258342591677719877556990074294102318386373712429456344482215575984238903596428340911583116262468698902662620149639263846032735002809993244860796080992118333863164504965120000000000000000000000000000000000
346 77372961078424476826080313993411754761425683277654626656455756760721511870027850299436056762216669233644169963595034144158241505039950361937350129187079474756678412075887819127744832997384986578979941937618082043251869133889266844598922407953157545243727105268412335224335005480800315416533517409549759949978081984198632241827074730144149726168704212732992160555656363300948722918877631839505811996758855758466852601245978984960658875902350191065469300062970124060308947181991232903614548713461736917007038087907473771281017985530043205891157382014604138089741139758029543034255336615168183940000401245028886652216342380978707459683472639734409226177046540725159246579447183414101745825005806362967408640000000000000000000000000000000000
347 27098801655881137459303602141938624565686932228008318141270395155636779344580572405456030935642415316396550924791352536135270772910897805407202055099074705917224705187417134612453757975135866055745084319879022332007631180234946099048770291843819375346180677488517645584902907250472182758396579041270266047699713156974595616942511952724543812120656395220574862580490786958062210834955427380142428725999351746427878681160122384612792726304822764067229164990521425950719810808635711164440634097690571206775732359198133109129024160688904198612946016316012504139464785036287539468336102685840851154089472564346451865331239701249735403257337294498917246268929620378707341946061573181464938332508574963206528696320000000000000000000000000000000000
348 9518076540513027089973110748643051232429902943681100110995329735512220837224156323191446524295087048003320656158177677862864840700062821488568669109628932710746620491651803816329497777519374151126431782252066448053560832378901105422907988734422679044817823488597333589345581524859673985975623166986309055064304320206822979155913908303280649358793596010988061567472648570387771555210770545826958495026047493765654057610318492975365701021562760767021461230067814834072354938827134368220303731438825252210050148953591610834569842970463524243010105567674168866677392886734795377524976563270821347450253786977723805439127225776925081410155241066548097768629786368682957734880442043216754700096098604605960282439680000000000000000000000000000000000
349 3352609855338906917897862886821936093866096559990587861251566436747105188167149873215898376644762230678486822218678623335011084591888203113133918204783721082917587530657953540355901040146394589511847525970209043240237574604956377610868657659951628012664236823138041017293726994398402144955290852812876705944314456157691414668853636109954635760749257299395519072809925462356907286238097378341216738911390152834262274419034360633480922121050176403815758020631854973922706024991571846401780837713418040594367955697664715813885693561088227671601690788579185083637244669547944811804494655001631814704245996650288488612066260164657858730567860384726995413701668628064348037018913620998807906220958528400863868328345600000000000000000000000000000000000
350 1184262722762430496060145682507146641083632727467185732640975156208151245449399032315008520034451635760452498599197740308031141637359435064064657538969392366722321581866337723308204798885386870605572854538149659757085605635820929796439814939602985167282670724784036375096015614185594138701574927981838643166862476062806900851162724715467836525079807823510276268332195662482541930997362924206119653128668809387994060580767123007052704860219843278918552479085773358620123805287462039892502261654507147187181843947992761416353238271655918195645262361281761428306061271692530553305028749038284641151757606016015952969792558853880721122791103875246814548836564027041289066216078700236327975272620329837798466900721664000000000000000000000000000000000000
351 419508570363656662072937298597608849661866175604831107891857556072833954789487323936745173175091372168931243965183679756165866993681423779311808062738947531274676958625098175127982389074551742186216148930893337518206872520949907750748614753465497807951534199859863470525980985970567128857295162468097407480788556931350299776823302920771917769949839397671393848943641973464705427455757491094777578782526551731190049428951930381355735835109652292835256267687536665742565343662224128855115297860176275543525081625309408946288864601022285195307977541591276998535387079690220369938368687056333069685381307225930274294712053887032957385151107896341683700845713742707010792781321243813569427801854885011099497108628465254400000000000000000000000000000000000
352 149024575018835570730064805594361277327994642500949085975275396152314206966653472670608106464690894160012222871512493401672185812818207119412277679810189264704118334159036835885064317920458430360122513891857598256092695674597107583428676769991305695364675990771186423882795356527268897653406657537986846224224838714896249134102218129622452550193773665833232944135176880906692863647666762275604174138692282156125908735514645145404970684275926504034125935113465115988833847930556751562215147274692493228840539262530778160408899675100814454169871805521401324761755205680172517782610167397620385374132205966502482820767669740921267490138836087881681933309926742222053934895725542007985646792005307686251753211050554556416000000000000000000000000000000000000
353 53087928636723673785219538400756969967625039303106628416762686162786742222834726666305735712227376833391132847121585602644943678781792304827111787776279991958861814497917309957093355161518664981235340300158288538938886698339712756109794083643038237760832958035890373803716982288902564116824100455181890918790783623557675384418977380503209911180168193436649332349796490339435699516203194508478485689437505032467812556963727784562864165785076924055682764146282018305918918405215848002623322548638188074964861987769206567065714385550494994621944132911191257481057558738161751096504896468150286644434217212737439456064441744291481493508788465816589970989938891554727759147554205935499847300125426442256947782489200786826854400000000000000000000000000000000000
354 18964922883251780509965501872301685683797816219466168634837009322173154646791507892584194190772329536789021528357102131618321791866228391781750329198687887349495253907220307817985894066586167104838543934509659079038438881443418195694813090578533602580587654167918133063658371521043325124982245559981290974218826824900027972309571906735656675509407277307356123173482561527361321520435295258993011688317522498753385353331207301439228412124318913008458724724710523829219754831272039138847193366845484326150850333801373113990591872168742791120477584412342280146849502566368583151565308909155345119285979141962451949596471733798075428440943333255420844686866444117714180599897668613706702350635950236088282531154887315841194393600000000000000000000000000000000000
355 6793919403192098572172105601943105165860139879062948586288679917830727698947129857139513255184232272113043745267637397935310991616806920302511856564700283318835359665006099457795066063888182650604927152810420083519251542981499735614055856980641712712177652741706887701516688043414303033860203453784675989083571320263181636367626096198037383280263778428643654713624747533378212747997568357185572543810844112422063247789919415912679258848155353179517011341554722495663343587609118662429763376247754894686182679634100872465689494244902745264402162887707038916647122772504918747581387581493151256880731116786131215909850454114819131809533187482397552428209942653967990198752461352353774614540354377605548320101835798407169022361600000000000000000000000000000000000
356 2440620892558584886150273276406769054864898686462715324762299753004982787806769001405385436955589515489790703065601554485755198017784343856797952760952387354640728418233412083326711762599742686518019548589485914803605952261603480134222468245089399175142212404482578009890909493721056426728200100486484993762860209001243061771353049276684148134845380359184376964915826486374638051715980835205869859464963908367415816461195311027045455661807706652520646443441227744007115228443364814207177624690954165773824836926132105958894910844798714712029497388774569242279014227057550155644506182238450803843729863628468058919412914487902143858447973108156715813302417782797141190104873503144577204568828061863051818776818899840441106248499200000000000000000000000000000000000
357 879199673758974383165543566296802779470522894073543037574069799950543432417221818491562460129547205888025605620016330914847192567103464706577215176049294051282467241889852300279364510812650471136689641178711251960550762223312235990371330158198017975335913093190950680839907497005662909263383302883702523787678386096267868701281690028966489641644509978756767598591623613114013261521124195459038842244019977419184880218416157342762005333548199425941896213647377783227768228157749323343433237931513353729898892978896104170092529349483695551624621385912881140536319257727031496419059561364679155966358956046662955446965252584641023424456153226825378134850440783107659408035175870158998249291231140932520550318367151893712142081825177600000000000000000000000000000000000
358 317598633115768952305561864203792477577934364292355224634396472519174051940620335407337491698093949906058272515367279644605536647851960470272494453336446823786127899082648240113236301469649964843543605397456042300399561278220032794574426415605566579428798888271828922992604605547263435348786431489367279240111001305633752305264136308518409332245464553315891800743546723935460270440777660284981774569792014277095915494754054948845239271992445111519946057640185564130101939027033073613263954394127079692929888990252342122370330664621251231735865177851575758243304723464813012535221437688977338258070795892696501092421046395332562940580228078065539580770741480862692977778570615614495874781476292468310376535650914523140514136967243366400000000000000000000000000000000000
359 115045680054876294102856387712460036371491699429581474001735244202859907949104142077957052919274024276430709988663849401489534060527533460601078328920376446149146711174627479590613520061187182604295838084223303106319344526748615853803917047352474606019915264869368035687758792804380596921549657698415027317978970252208050060738534921651650990827911145811869023698516009745914361355122735930922806082640139655357092617699564814513930837196210285965153399013273961418281435988378678132728481237715655323922140452443219664959422935418618887706912357144374500309177415512371644880321493667940315303232425427379049239267638466145916219426972784868775526067177718376493537152850947184211475592224749765895642286303122474683983641542146392064000000000000000000000000000000000000
360 41788740460927730674120165749193200092133111348260467418756500214139632370059394071093132918182086065230920075197612812931299535761976807948413556471454591544971533675290614107357489475156671463798265717241685737735966259934826880579751399810730790079283714045226684455647495756060805476411325611692682143140652337638397963791777933608397106974572957343384568169270105338388280789270911721563130110211344601272218608818734480168945350164606691953448191348690677999140354559412675758786292802686088595742614302519809101087160933955233164659874361777419054333375840946997513599209774717281949182075893939426291442439661826488082099922352720113483552324450892737051143831991673989255881009688624458780074841286871036620757275971617644609536000000000000000000000000000000000000
361 15220966511219490135081046815529741566824927201926978577750819571283062439257486534369283791617534477554610811485155865144819443724203181695012877817273892730642216033802359369289073410244604580064729677782094820779991904585107211054849008120373280469230847597982327922747164588536300491016723224627156489520944152725817476106252529148914557821886179281647519094086473833606151096288694719116006672217469707392299172607808540793950077188949298656508111999289550637193712734193808754057844935367888715529672485521231366227165195997620839078675172831447668900739968924768979058004691351763539129584834566210880532219473926196612140193015631209089256875607663900936845202919056260974299316728514993205537590068530051065889498296273207824482304000000000000000000000000000000000000
362 5559245959374621448127726541650534889075041443432356078782911157619576982321464797735757704457050120325298302592918016836289536833333627792132172391060634008254081823230303760720560159092283248602268075070385487678310848088602948410475487207472276338993105903764728239608102130310365967163660641024091079547676569054419639399722294990852305920026414221874680914879708195927397618464032670277193830845681152653306645859663044528755376221768345219080483653343846457636088811179633727936340555570536955261496116414999475717334285473715309668174223809848344492245240648603902632526551560850656530078961994574406581533267750411372011348211154535638940021771835794808767935515958821328265612999585709619932525672293993255022473578753271140760682496000000000000000000000000000000000000
363 2035996381081024894630038143178477996546435421540616463956417421598891026901381452239261541621582624575986127020521320825040504094957639372018412495585803722240376532010496754108841766832619843846199849312890307576877133244662276936984554493859479970700254589136413973782232853891738960229653767054741567145923180362798463921933850207572048607016192612435889319204337720227937175571968180321918411866747519454115023360479748803231120542500871586095376746506588024542244201019280703540041703835965877762055911251485089106945830653960517888400105236796875800825188686131777457247872833464656327496789228273383122327318892137697050209756997716775072552870556396582931817802675533934631525481282761328956491145967939447755474438243485163547929870336000000000000000000000000000000000000
364 747691305404564177901407189147289441493910106421313112990201618161416184646353886165613389820914705823874789189121741912797690460638913422394039057018036453125642936994045958183717911982684166273316590614946590575556347561251706649209432450418351534210950001184753177693330691140127004651937034192983751229026782173890967755381170215687010570864584767795364964606634779459549363124046650936982834408283800085860601213197120444896158324484825559842337288488123108872632979861054780632676705548323113148987877342392934421698173730039202447397605630834305448679498373415886102647623952747070128418467593788138593782691294848628060447377007259947689088618063316818948822633705564041743142743927022755554801786562724397062558318556901037515917290897408000000000000000000000000000000000000
365 275326906363122277583314973832431743032132160936338960267563453970590968372682653719748965384261412711239599055574142977943215771196788994629749638018243875357982025348209217849917893481900509948603683814062710935340118376421089027027012771583855049811516534501301503306555674427975376118771497148038450573238691681182286065503607903014456411875314285429702614023048152696164793913980500852448481123567353321086896074763982909652641856526441371545122467715210335956376935818642469316882315970796821476449049840366391491434041436938036795954987696493797488798781674200537348180851490583946747924777550068549212498701913723763111158088765071192985558286388761441873412577566332683742625521194164170066976355511502641022745826202297564936280322319843328000000000000000000000000000000000000
366 101660624313921853274498481425703899665002121301095145077973514806103320467612635770805912446762269757524774221063800351871213725394203241220502558940749759704767827526947906539322617894240547035849469606245256361417958457739430899442547675404977145152750656180755129018505969946794798294927889742327817809304594503331746664213081461348105796926723376989015083704870960582902697199118534185184949011750846679055581429693031992061101177110814656776133846704976597699426233669696781088747060221690640812817078375097689004500260303963099764403649309674067510133439480571562516880812266503610175457079791544731619985763221123249783153892467297707205513114444762785678197678748627848227808793343553711529772414478067940158745941277268664221998839227446460416000000000000000000000000000000000000
367 37638429814121801322725189912245129375236871192755055107634017147910866559388896757951675994556404162180114893280945385784038015236871053344356180574601915274289902130308501009503782586550513789431621609777041266026850963028583756574166353294658268158457439360081728157261743456236741189591378638724535412832797009560478781750326947281258713364126852868112019655999938630703223337841572849299766291990326894408584839890866239961252949372041543045275102886402410421129610523429091762754111418731821893686488776996894346675388886520315779010280679695868998966702907212073277705007213722345195163452907231945258553360798977617279754894936228966239985206872916701436196594283297517270247687410997170893082081175668714313170767982562222967291167900847369617408000000000000000000000000000000000000
368 13972742689040784126269155109137263960814651804587472163012175236482603099865981387163619350359970059232497276105817969472788125750416357591951269054284219847691703434165606688355758173667568023763405801797553041854930643363450235623550238722496543613342791699038554835344844983021473466428006155723691839339552512999391060628919681731988532835341537575323124866242034159652175247981806409110367146974583014748099245371967719518521163384025207218400481440337350596513921818450572230892741967444227847416066292169357186199340859263093722134799075069102904083699801595777581195107600195716022485242504338747644306974839205214572794440603971759906805717020344277284721038528329835649010906636114214886551243230262360060449639381321913086614729933582939184955392000000000000000000000000000000000000
369 5201158797429571488415934667960790231827276249469384645230980260969691743540805618138246303201196108667019763632639079493578944926966273121297827708800540091357952923394099079244908268485961014047305015627588867313641825723469874165691432416737454570877391952078204244339710500425499158280292799145630425602266997472833444796774128965912464388511340489053129127870535599780929431471397743463302342361981899263750064869703360956022783166094939799525478875808295497524464973406961460580187519612434437483695423992365813935378645762366145450692740251396306694543752344912583303981554353054508223919116669261770519263013227057110952784131397939443757999051045574512662063981199091783171215876956674001042884902609534618648204417363151740673789164210017600054231040000000000000000000000000000000000000
370 1941260058479074329950591600293599811868289942067812020360604644380255630607583441044676839704558215263628930239279606973764667716278761110331521355034961931646487374614926690118015511763875386795961579342967327014677862437851656751091441490886289499071585966850066380871192926864570266099035061479117351024891803860317943349613669733040565909392823516014509505187863613152084178147836339531143325105143045550497751873254669504924927664620219649285445940198965353755855217957767356741857040399536347003395914111818916121356809581092098687320001144699821206118836148126252250546076846820845695806792820470113187370572188251470273318094885159055382508665324740874990702840732814160158522900874039987878345270826899371943066090160032147847154316421786581915716812800000000000000000000000000000000000000
371 726489531206935725773673975058693335870360433084416106096918051575705440727452174638119223713086926328382362980442835636328916449227189537653372552262505579199196910774620309886733330799225682259984580320905902630325245466048281365391835035618436800492907654653363601613355950223811705562516670975776202553300989804045327900714152597296812522101721012847464081710993626760550541133845100452324409359787542156954325713421727653616069470964180065171597523017080698743323165862780598470785091567478479586017260808468193511358334230602402529427214853270785087936071360313417106528929882250878058077115523718781051027051047351609889977947790586384868127980946573776493336372548162724329229046908602928186072029768820326581433841800709132871058011696177447962313448488960000000000000000000000000000000000000
372 272605075116891288997154196361698486856896428754488239476723838339205159434105081117077485264772698844679152682848639815642461800763317521865196957847183659364092422115253190413775462943049821134250144951174421714628199945918495207657634519468381561775189208210010547483375376890147351791556547104534490984735734477626832603255853680997704858989912629248788930056298873012237896656795155009001602788317129406698644250030079190521965190565832773704369430888932493876394269361993656802153457824324027129599936103429414372004725048776846360170620627284318331830854736091933084185737194290682346727402881466658090260000621438899163082086451873431801979179206225145947197129150615138956699399446860402016006121946015635113058669651273215401996851561521793313008542285824000000000000000000000000000000000000000
373 102563861572684066968337566576123118022473607387166408544485080231967810361510439250103182612925700498465459186796804877216294793087914671596814324550877367344467968305485857246408382904346742568546763525961580223285895909382614823441479328547501625214291053986883321259224873318002492063613171354253376361572146749289241755773166933758963784340584899857454737848094980810706875317920915036395016155101813651759773644218384717238225948274256494570230631081804237793700427085915773649559127915536172271886086876544443581813312719937975581543421769334941089303630495928430172358014843196868554053449332333741898481133014303112300489026571131913347685009645839053941697325981118917941074789464692246524997488024116320314139424422819234503738573297237788334508484879932456960000000000000000000000000000000000000
374 38690787856265664675963882766209086343671771546668615455970485101400925105563607197400538835612327513246511166008084753381278025488282103925206965397563722522091537087126328081194691018048388651972823856479506047594375081492012659567387019209516719858446509694633222336112232774182066313209459544277435106291565998097499372024102523170633898139320020627576242212318560960124722769840170235995803916566553217923724389623612946753933442087784518542298886012405497256496477037419499692945780509390567032998406407809012625151498329936077433332598027472985986496905758658479426678009870451822516466924981484349748219612080791750848226826387667814317841442449979534013550887508432379436852515609022681356842326247351971016391799709898370731807489774869488710063037357008921559040000000000000000000000000000000000000
375 14634251465704680674561247345488590987777261760764789837908342328932781261242671037898295126515245958353917014824704947955184423337677298927886400695225980218111658649314451142987266150545100937642544829195391630744913003423118210862766828245997378076059720769034017338948085127433221367235019961917243980860690788686168852693278260675960570148656286873354472665252123079452065992943928774814981569611064430950257646757344064074164682161600225158800632052593216521078700198280568178801276595069619296909181675684888825014187211104316026156145149428333059881299704415062198598201365458975053795664615981975875148511748203301235323579700705958897747457223536742278895238539367774716202302327851009992643440245810093270735955719796835663671706643869408225658757911297597993123840000000000000000000000000000000000000
376 5549835983647491267038929180611164268305056090531797912318978324416234106617098578433704654536629853765326982113273876139989215031967076778688025818286182087567476273389645583502836747447942253926786174969765648496455091932000691083962351376567437488164528217042621781349385641438322792763235526089639439176555187163643562355619132485842624508084373379494836979137161397333613509991703661002718326428201321534449167322800294352295681026292784373733540121142914487724097794048235747545923339694369478550596089512353361405390499560156764867914581777651292193564613417233940515548694794963614532689804277003825731274566923475221033980841380600472076272728727110232978412102189340447933056668708665038362354001180604738305849540218974686018438465870589905490723053009383039099207680000000000000000000000000000000000000
377 2110247812342043870423048813631208517023461797864572432877943389777014146523056048127189717614302723007729769680575410462509226366691094535082532680397770263594543212534015361298719529943124476053214520797607224486833578710153269167731702591674283941882307049288988764638128508634614554939332845130151393042454348657317827558312965506500961431796075785929970846172264114442832772862573330865247895853889076574134703540973454473506657887315781801699441761620142133389904647525990517553219486671574383351779511106787648494753483976928546573859536024774317803571443939725325175668493705706158426525764347315549147505214325577807111527093859219654034126299751032266252994254983846424423921768831545159769120969395842881410839432144920416080243406678999603981970595636824377345169162240000000000000000000000000000000000000
378 804502578435357305166992789522282307895602471824388577774379842046932595998609000644253328898488024440715281770833127571113965305032734599995310798170200679051515769422610457177828872528330687073478110350283522845008012003433698018587442059564854043133446809188931737333644409973337095781856635031363011103030913346835366915834408857976519456779042185860145117810265451343595044362863384084585265399659054347099408002602521779682885411342360085351802934577669115884626449461356946414173170558189991471466471234402713986287598183879271348848901240945119599979264661931102971059967771609955648063817065623841088002668397003183877311861415810463254047837703730642575794108274060969428681575237054333929049796497969436823603973676757870809115789290878685107742721806148414406837361704960000000000000000000000000000000000000
379 307509902258874381249662487852680005141580317316635204561898023379610636412958552960191254354704424628564625666223214169282524428113803506755326231729568185818434660116225506562469235846092364246390364846580082542970253198994601825931557689751996770462079072842725998438673880703521359485163173445690099936154490406505540009952475209712406171477831877480012851957192149227677910508524725568039469669472010846646038396164050924022707714906361669913117410472380123484839131189126748349083202266107945399726849809577109236399875597054258238093427725422861864350473956679320348102195776739146565127982465017479168442966348456722660608397161037267382976543626092287119512645371152510777814888417036418883551335981817514434788083345091435060017042110032134879222397375975740270438839746560000000000000000000000000000000000000000
380 117848885805829986051405229412819530064157102558876801983872818499516862111042312154678585137632888853220597020696416527193000069574402756074480359644415262356185156822669773529846488430147979631528195904218253533995430791199083164139981705710402442763388122420478686599539238637279744622787986176816504063191418466634423141761924167543621569533020262335014126053209945715504483466211657812384347021084431101848216200945051620803970332072961146279508764631138741983801942664952819216177781961758302630669731591196600242850307589597043132772061404360527334131704760173421171399566939716870990260219790687547113282952087990291208758544010413408636876912174226044363217332863214027021262654029010254222697421316838831654729435646559129325190694651078026906955734087918738047528676203744460800000000000000000000000000000000000000
381 45281792497559109672546181955237682612620636712009500160308091033440604251565872460530238742902418733623388723585068934291884937197982041058252379915751645597108573131866207572691086273727525234306973675248348984831123620331640031593884853443396220615271587509266502846084293252844098689758887848228400453882611080595346691479686648294769227326658296154127032639901004967637106106944079846294919517745541724254436611887485410745989202306721520053356716579030050929075573326470118778584126328682419984758254593124031116975924348696536001496393256615601419160833334356576929328747244835625006760830277602521241260385219860008157759496581637905205693740822345419820014847423137288762758907081071485552457354738971325427262460372284523327548666254248709959478818795574862575568559721205360230400000000000000000000000000000000000000
382 17444179692731813164862829525067614191223046836398523553950951837951061250066709285007088173622096822648796076879577331501816599804228985645930971036596578214035876547470498109407011254162793764391872043417363635968730303932725607941179922368641894725091933009115045207336318175712512442052949048959838890823368885422611828559202073341700743100204812898244253709965926731381687448906082186090301898105720317104054148268225351764587192878887545336858248756746854869208417923022390438411410875364241526775368199684067093650108093586439104253774413248051297588873273883035907027038234022707032144254150728592562341059607465450937795176901497483307471269581543355994875048284632698294594938703760539161708091354181258475629317664687398753572228711709608510765222616239755533152611283747912600780800000000000000000000000000000000000000
383 6737571373613340254242026091804775848318431448053266044365748034559262384764477585600019089404249873448813439436283561704222481921894834279840362689507461107399243370635209258322558332967414505819481730720989086297047605991674254896567594614257202029415015075781991970551927569271313270846019215422661737084207011373095438411901633934614540616673545979881372939792626790296873001119979628557337581306100440938271751743624934813573696786947607825863700181746393694202335149138230563343718155007921157992427592419874080467136420616596106119148026507852466682478124251528410388080364633947475162937305168982269562554373336055432676106686867595209638483090258838487190104154897809527077790459504443750253451446125755351835119911567051824211750861043051956060734690445789351893354240489361904762880000000000000000000000000000000000000000
384 2609030646435660072539928988297127847246844304479162891563638439118350841500296912542834521463116354085749904594531501843272729140203759398719071297914035537352214119217403502919874141614383651621835526250506921875204356962413178398925559525185172341510615979149329294487484849442654233187439386441849671526958626221460855405869451579411465463353656991869762336912344139269334141832613609939391494846804672604221088874549478528598026651977862970624099802331896253521945298519724810677118316217758593131622002159267790853425818946748373244301541376700134998048724442097820061389985758623433803596368895865663383852732915038421499089412898475305042047325340897411848869350499039530086502556550721984011884383805325122071188693019241219205857716371813469689862136965643818487103724536405843864924979200000000000000000000000000000000000000
385 1012919799404924623444532142649781693989559049522979496299674062877874628126938051832890586616564792757530048449137838405363417896633846159454465412852925513959841233521067384482653367072259617347871608611675834394834163057934602484802357520192565390504791385391726036174644114602892360782718798836719174076663937591026113636513286985937672662042316555593569664623354188518854107126941712718502266225696195221983820478837560107481185210913557918401663306659441538110749709353439294933252316868617801266842945916321730541152346144151120922376367912441911471818658968295878279610407373854972693922233046565874474388647861624486744545404217209498214802524199666863964161031395806149593223369192857997010596286569146210867885009025366558623050586698867024203561611782636486315924006092235684095903085363200000000000000000000000000000000000000
386 394264919896911304054826786372903874364774565512608192262689995921914877316152376770154965267293416089980763415739706096214874846769864764683748612387801353545313539675464922901556084513588049571115856565236143190098235695596545857917904323891989034526195555558366505048015045384725298028211849875426297150788131078501511533248875379861727316908185988598161590414945722071196861683343009572922373583742883930617988977633432607628607579131346489068230482398516754251121373358456255715809505887841489829996103469605230281267997378733829594955201445061667754221545879140117601372289531826829866570259546831499915478822267291238795962766742746207946522678156476839555521583868755755008443561983030612569276263290410825738366637414978581324918156498271349046790876259329765761997185686894540722854047409766400000000000000000000000000000000000000
387 153856392082027129336943847627198597014047966779511847719760360486642014113215341602169072268109187847196361471261592993625681088375173856405366616510040512324936330751436179479045866631820849085128145245938991310018189067878805233352435579362172138614241978515927583330552258993774534451601085464472969905443303636456236555609102507230869062045738644531659865318930917915839901304831533755441066128375570065003756567473281918975358651899535440936371920400305882031000744881195115613368767079565478229319513236732045815217558000586069462271506755883842079856248414605727226395951337227777016059381838808520809713745798802380434061046308442147867913390337030642440800614792324197943864255873049539676894161788326776822816213504933403241189023219791174498440727873965797728929776058945684067273057066234675200000000000000000000000000000000000000
388 60194169871373948693695800012542733536916471869978181023220710802031701249672057778283010835947755392501958719328218140029063161109621414616243028668054250115117574044661097426541286966333768344758358924620512488189934602362423249409739046150031614434727064568674796944415968320991651629025059737498698269746952461099956759004520197309380692649497516263521067693333809165731698952905328409879547184824747936476617410222780739724050716171085268489718633561247356669878018348679958552385284813972606546663478364729897837112239509058163998789999678983606893995547723048775891316671095194303600194519386833753503371314060373693800159994038973277495307126844874942226653413979617279199166441435996046943380484310054750295500222663519793664332016680684471971133593836868181227333141661681379254393439897445518540800000000000000000000000000000000000000
389 23610324505516288929640032962213606519480249445504388267525675007385972265939240379408650101882091582472661209971262725659176642935817274730218864388580970676716524356806677961224358191513401940401511176244874819233246758245178418600229574824108188318099744077881568620454193700150509163932051687369294037920817034142854424615974278719861376581445576433330267552507686564751762978471362469557846894697200882559176533799759069393360138126445319372762762036919006000432067581178767598155628510673130596103138181195244170534974571139628068304334433654910322267003591150516198346357010612404197589489180022343844283608493739526472564254073151951122063069239919451302990823662206532160076894136954556423144480292370195918473415292169416419670882756727282305107012419943304526941779360314369308848999777075692830720000000000000000000000000000000000000000
390 9284431172221600927481203040581139634416764027874595794210798171333432738129675108530201196476439669488562993571330850732096596643905422508243449642214026927256798098343285874626426706427432419057557628007090386929917614843171580807805037713439436678986087239252911851313778578036322402514365907060554130278995369094571382364283412270441478661583670458330702167690897502009164133943998164224048695682593851880305747889777996587884774200712580519183961579335826973632347580158139198134505973054551402841769177629891885652229071929848067949720191509473271148276973751449581718695735064710072245805623456970803290238221598033216537348137774033185682519618905837129672982280953411537222834410753689806622384347203345766133630977176271206386381355955302715839012745357254811770295499372093052514098584694139958329344000000000000000000000000000000000000000
391 3660257638744205339810132301643665023476263619594879646080799875724939937827808297736670743865725628447454268830785295675359346706721944132297681957584878610868357533431615139832357128246876749081246200149940290101023661008713451850582648048812715522328289832684807295158133310498231202223472171470145688667270549089426379373642227974178149985754940026051141814944807652800184999781362553691304726845741703900162728816524203835734453722939495902090561907463922559032075391723537716803678312704048235415241913495801198650990590783529256634537479072489500882210429446658708147341086201286082457775055281712301437555595422336159529010686189890304652899088481344435137919967803035423141564075539074350840691374683833663650091218923328650026930729395562016826407348903477894755389914520929337658939501895287970182725632000000000000000000000000000000000000000
392 1446665836921802214835119678777619708344021397622798007030790866235153910086561766221644348285221375157308500002989329912513856221070862826659500108131164545916308324750486920559178244390865409948813019555761625964039363112653157767360864428308591284371384339561210544538110746218628229697470703691046678499267231615496963765595724113666080569157342701493508960346458388186919073170668790731171112044015548875551841205976102833353759653600209873143802745040015371898806285683457596644737422159088550791701492028772383683591746801401942185025866164750104821162095605953094618349684713701289738135172101369479965706427514001699210361011156843723873735502336403354074846390416362543768004286576172143414153772719890518886994004532884332969015649800780323195622909450379730261169246760913083706003634562284204736510951424000000000000000000000000000000000000000
393 573221182899248293573603114002932509580976781464430439473929355720603503480246085280791725734871093288863162407050798435863205903209805105012443392841987505459182040685320837823804714020650444994611858254427021469336480468828294805301613809828030304669809080315500320658090416267471596975707507754318555238395378597828742747541034620211235211526892748691949005325326878374033538479083580063131797945676505247902566539763928792643236876597697665061698017110134041977210695033531069425381057911938663802597452138698345634533113929731935987950850253786764020002461676425327943533255152411487304803769805849006049789122074112051456255589362524592476817493517336679716463197750305319053743651452890677825699280458883832015289593351985400021856026822445934228217573143400107737938757242568186251227607969801813860733241262080000000000000000000000000000000000000000
394 227704128776298624018502394091985065113439895001051059315533564707006987629267091754192597776150093317868879375199043294246631042579485120409636975667019338180160172541375305877660121307254772648984562324082486979282688714565262267997778949883544976720225001954503478960037869188771211289665148813492473132974202082781668845512686465458165229063854913822408875778141824980468827212640857615820565685434184973094337137628863398471176430847569278915694091584589132924795639848527207591866419913342130912302775428314628814058996442830072607169470619617433290288128999691878916746698407460098576149713476347180028727042867048410828862109884143895363565166621996411239896982994268522701752667586824966810154227988978018322716522837072312726131136828684911756083925353250789097062116120443000055451932491435691750665195855282176000000000000000000000000000000000000000
395 90679996906111492835281835880022656359906959501750950751864591603713968601762275352057219791780135839505852987034377673785707769661578937759981429601405405898765114492504109831959144472536642737287446673493543310966729090474531898463085362748514788451114363835187891828314687782267109569975247351643765259888146878647059613329182772732051778487083430182607536929652683995634129651692298212664244341693991964939862244330462777962502739313654509919387901813886890914228938481053503753418385496032955225150240881117155506020809750961810779430959603521578810217125968000396557396579971421697724438939194682057478834992081832330697424931866016734314346981459424292521395925435463765578321275561498545192466392602086557022243287209347437254959751926651750540775879192588089366502928946284924624945947205277153176224569619818479616000000000000000000000000000000000000000
396 36202725409006250287413116932899696447902595509878686283900487326474704364064482429114679845005775437459804575013924317297957800923700456427109689882593517438351638976170156006761840284409629536809027009478680979888318468726610453974226977749383655897258487739816353180651049105977415475446689499260937646636482871964042000036352061441556712605525007243402018565568380691525567549750566959048307037264715648381414658865337284546601024978089840170025699942941297971913419135188028526772614525323040603055030501036459057313096841316089432485899108259782664818809096053631245201521393365180777655466061443393933231432401868309892573274656708781935421138954161584726527483070008524790224233963310736467158754688275007687435426094408371312285733580591928481451995781153745378537415163441157945886663147870260209632523681253401034752000000000000000000000000000000000000000
397 14489636467769173261681669499620167943135786985039598753404020329435653661919121886560544408715874943931064182967503773352553764404598375952828090225761948772220575881578656299419574020655990439795725727006274979029612811062507185584134341800143081719271069555273048274907875986015619766313739268303981449056592382549122206729767367132375298024714083828004926509365881041314904832426387764934668529397109030820842604642484885556545533130792217553835220577162502332025030592106526273230477319915039404124170684496396774193008288855705872744852833713112311725493310301902340903278917909373470073620946008827190024678667420203717358794390271780243781463802627353659047265608325945898022519687237618774877736637519381378577532707712661692136481453922560650525894981748574339418917441285431306389916139216356417472159256234582161227776000000000000000000000000000000000000000
398 5813764762750850050284340282142894833027899000907286177779450910533949271986090191299417720977482506794862568947469909426306132521951677036806240142219342602742337715431812529322331755252623471516180335149587569753271653288991857611491491366189414419789195236053448947639631633516732319856770026844839952608531878455418109999866461424221970805694569188572290089197141256771020777130890992906638031533802203576243855350449893253669734149736944797314769954736555701170835704314252909152435055775642096603650259209954150812490379650370330561313775620109198120583626304817030091237510386119385648827725302463114819743236910363944061244996698594504505053661493760007163443899029498562477219755173924817916076516234874016044209510118799761138027805344099958935623620714641634301929176230572773722261606995934717779728808632104511994855424000000000000000000000000000000000000000
399 2338505878314947883610512827770640715713846556854557692898874857151787147954009534995342331371076095355045498917333726928985450806884946894221765222052855542848701036586222442686144566654495099687707734948029516671265809907997600315329850924369764084030489804685457515991831449710126519247477214892106491370203689953589011067341256899947736729407577492586187500683505065906878011224630676705864295989605791386863981136344440868622294893350221027354149418832546283986440957606097517819596542143543422207365080819664985634749665787972942001000115004674621720894684390727161980460380183008770191573192395846775397806101152754040316284120608470681410503964010450052617903179541512068237705540254485971029508974725128900875294501647896118407924914931279901868442895436552625269107430825352123952037934291064763270105453141530963345072455680000000000000000000000000000000000000000
400 942969915313951000976777751602830754476492391390339459998175512147702291739747137374318869160439638704747407914033867111455496423465183894767819551309953570096049207525051330962675328708607082524622622971113379631009215568333825594028629429286705671214250041760679905931854128013301754401745328683537131369931097759350177355511712281289742901198366974235912635226390942414329817753872267631299749232423555339696913253416666464645569094286364560064297065576794344064311348530725217573652983508154423941998406514255039134190084004005325504643694588405000845133864906333256016901219052362853816565935199305681038057867833882307063264687360593388061527614601676359800825240187526544154859363014791161552154026539829581404117595248507423061469098143925928466717658048439564560417893540096560353889139555828300208186757229272740242786143436800000000000000000000000000000000000000000
401 381182450787572293891316513882865151320699719330457127591167454724026174024604034122466986420689478051202272511057601335225619080098670746695276139056681756919227781763697994868866987213235293217887313297100689681027542931405679811701210722482264068329276144899623137721856335007091804995684152687089161103691398970980893792891700217391667274520467849813549240726887046181144486963483716616337543295691462105934440631693942457199401453040808601417192733707567746003758252650942293236323500166534794308169244895467945394629430195173379198236072262197555204409511848494239843761571607140293402978242920559883776694838029649253905104322493196838925323279128121790259314308213026840432001968450116976528718758211581327122362574297576356462838991188282437457936135598281054409244170065704217841181087381064075392394089611760397632923002596229120000000000000000000000000000000000000000
402 154468877539176528775663485794440599720516580104730521314644636465284527446954849816033369131197144656169352999901410183512526592943879698879112420268491627346026908432936115837200554262672215111502795954657104158235713833154394366250042144454920225242515704145712513747412654447887352811958099543175857796222080704826390192804481482056150992898221714430357892845194522272608027786396387299201314176821212875937543223674743794025258849630268697599009809134447646326576743772791881620555669152126262663473241646554595973630707922151313658355121769277372207976869603039315235152845046105151375494246988778107690170231229780102454492469394238924417530438706121743091294460122422504538880466398516929189952061825513047808177873034985415893275043115607076039345482333646463606042585724705831305522644278674283205534470355973874544009019096720998400000000000000000000000000000000000000000
403 62750829436410567904835065915480731939369962926373971351602262310483866883400770243913800426210441744101214006034639330848627519421366393049144097069311399217533446435827836321937373098598213035224985106705942648738623981123588229424260584401111008017762410209311602535581655908953356220731097198348889121667321170311715810052432873914037519217642862864179168635062615625992089162804275037095778159301242579029420485155895210959372298071987358857843147246455418363553076961119416277036543284719977234598987960765982746850583311759172646982252188136907616420411407409868867182091676920844950206578756673325541097028127065385249570860410965672576118862212316755449400948407766550169357688699430364400121272684595375731219372023009640030882056269353089390833144077549459769797476484486978069277600617855816446839947847962581139838051097415851704320000000000000000000000000000000000000000
404 25554401042009608997006755145627467417965068451963369709161764447045895299526275134001642335532430194499825858415114161195276685450921862442998757304632134976212160414336783182541995175000959444933530120769566976059737710306021018694191184341866820604313559270007201370056592885249122442778964248922976372649660812866758120574605967828589893345161411823227805376608612866792971309663117737520538842761538271740158805411940616299475667033231988912163116163740098651507522333644471976950052199350782127222450017883857878749880428530932617914844241117229066247999963812934234705781173809095703571330668863256628527122145552256365202655650168100020970599098099419346892107130842439698715150356470818269676843639233848920735953130701794071626270459965302829726398041580739982160342017235001824839922604478647069235031367732876103926727322014493158932480000000000000000000000000000000000000000
405 10432228200909731548821430911646726423274209195358434053040387902388657241700414798268590388209764232871877649904856041683577506165205114653351377372748205766048226211622649447517390151293699207803490870742210104338338177674292104770821829447783763975024906045444551263229793627750508813769425443403349044483000900880413208621205399929605969600848122621655082920906614819993877267653631293544707467791017730568863243213813907317318521634183776407900854197429602286382624929422860115546958504113713639158480959178972249527720352743846855570909675647857185481852091608922972751181855110619626863466124778542270484761506641615423544741207679739501072140088494434861518755325271349036879938838617265247800029045691317947282256589785113834223630473732566873023656520122317734089855282992032337022265178891471759538922193208539961728338717155605955351674880000000000000000000000000000000000000000
406 4269244049184125888606202873759867500151331877820832692590992569070956369386221774379739277806392319935235733304226279584769861172750856704832741638764471847533181296793667692070058586311194309676399374576848320596166311921747730646295920234793950204665640326911863167978023957492665564228843429372699654684463490970135330836607113859615352575513223019171120026665303581208669964659320881858599233322870300083283700677975122923721084415836748255242635862124822458002437653843833313507023209773260419823641360914690260853815105865565339235627875194113907578021668442804614005922231544806702724631953965555412567357034526109370409155668370770119815045072007150152047175168961716589004473327388395200252319800248486939686646717008590128603581788958036037041600835267649365815581010029659704208912307619946665436064287703765287798792985832536719820912066560000000000000000000000000000000000000000
407 1751397891973571026541078240185481660966502372468026194179836930089562700905547237275085125147591554157387821202104443692952924424562712202798948882061540759828250374288817023952527173622729850808864048486908730762855855113543959074073163874308375616923471329441551232455653589681417152898484686791645869443495543915225129102983850529646861120480390337083028266381567113442000215074128416726838851363363953605527432993640734319162774601334212368712419134952701262146423164073403909528563521509795260111500289143230883295089601170533982932848955970189179044131751918417323516429851501073985248403059709110805390218148132635391665816757117274877733668160867255205717035055604551680173705172837623803499052625958024185784994963803635558855780111809842063073774120123993034394118534678240454496547437417957584193327166706733316135487344988994233785770500423680000000000000000000000000000000000000000
408 720237982559267117392560998068344732801941885256199411468922739828190400348171002512267526801208040562486444992031128223741332933912801013456987896197183581511154730310986378214924818630995194516418164121116838435135985511583209067866002298946376721908038252976325525837815092829446196762092940698824463516214751135341173441407022316763773561065123314848628625115060562857700182068337021792526771784176682814152591224649418951996298858514282227418612510282921109636999955626780344551770820597855571287672218933521205520622995449050123252314216550707552337525732410026140070111379935660467019105789357191139583258542414181475302034647163483551734114299787309295911196908978720341012821500604593770819925093778142872293041359561037347367948730340475244841365622703484663315699043483595326620767922556362644304126469932520053240993879227310059158305297158635520000000000000000000000000000000000000000
409 296908073938268702108822053712707705844957753167865768335421321601626247528475731395119965056000860407445193269070271092061758286831431783585876113789767061116605314515161687259340490963869305785042933840498545831288896114013468928507593322598274695546192739083945681700918651159767699479907193964577881162749720575881222352681624696232322205722858220835126207681991580512332421137228115811680730390582634521472765331543626647712696480910415436067105022703364332465897882464790389817600310445571200954192224939830778087320825147369808414570101396160120250647391909906232508886900327612270532235771267638324236234615290179910496075212163343756422462536248575331559747512492264972436764102503575938947411124744544558706630055915272645751190536165746084582349805276292880434246944606227222236044459432134732831556583736698401414494205966787938999903492144050995200000000000000000000000000000000000000000
410 122693125025018598333240365127834618638367894148676955732512337083515483874352770808093881393327640816161344702971220067812904193962533207966951909010133183042615408825322489993880755693559562827282937385110171170734000225035478462041798461411792329974292548653863965410746684573003522828279793378149542239859402000703309001918300459270330014151224695696158387768198982287059805648887171403175091947607163444484160515289873399036305954205492801993161553723454493030070653962509268022819938787417423727790555033970821767701275025982532240264295015156272715605120768569672874710772758684827903388980548734019589700774466125871426382235171159456394095799037332591114360063341371546648033098011306655969849224776634156580044488571026269255912088365495349160499835783494200356464310807337593027474517251670836960405816284522429211754876970018213524705438124385029324800000000000000000000000000000000000000000
411 50823917678233710342843034475272156298869893050257920443711625460072944001072323730723180369309207055116774424307040204023316188852746699000609571478427316748499978156597357699865103564146572550867545255344018505876087009209499656732611500061894919095962074827026274762852146524278578562326266374496435888917256045783270753653191960790702663944575605327352174636416472608429076800218117654367238418225039221981370475340542568581841961541656842241660846699441558180938541496722594096351035582820434747593292925021530603420264845790505475581991550039829572684659540679119605415826324658659075265993452163702945635931109265562422557539008080858652484160834760371781372021309805352807202794524811344559945014443820422186887491568970425367907548117829506735779165141765438701938870899333361590387841788686628287438774903693812067943560451239038226724877297364361229107200000000000000000000000000000000000000000
412 21103923735921179170359617105666008613509733781560506576981179420341344083535902113651576470858055395976928411515676245228741310824509602488400446386231539961041985100591405973317384849751815719725546326847599922998553318400540138135891658509487089956662268816338461054498289389792782352569785910745834458105241201573819405087272965996243151482260145772295315493657262847530744009143487478049434762940765042231333720451159798200996081910980752131852949559573843306843134001853779484564170765989412580633025642231589431793871776141917977424921857205248822990746526924025970387524860556989733601102428673491179013423408038349708567275465949273419422005855879510036471554789088351109451815459628178784288399351790743200442009098843173011294465230138527985863729615901964854793672839823347609179472391885112142314666445228842344079376310258284991578047408530607521451212800000000000000000000000000000000000000000
413 8784214234736560602970724014145469056412105399126346996602205695650409936485291223182785204888756220323982283415958249445136161616389553289567198211767006693890571403887221021213685746429655599646854823370467963883554689678437594787441253690788778413476020980314997763418971805591579531670595650287195005895751613508570855181071709278587677102786547006633729598568817140923828240209261124747388895385877100067282513057124850444630467411989924372935748629324018485185670427686083094284551190325059571895009791662152114251757905711954391393243569167747285377961107869776121132338058441550983174442801338127375824654204726943819944032726965745542659690434192286747644038367890426171308913939782581681084044820335158136881263412773432447888739708155090657427866869110844648156865862460012986488511821243441674475521947530621256996918763778466371931943235507157511558712524800000000000000000000000000000000000000000
414 3665091007573341920675625072369390965487588593320304877447847199662466533525004624857671591935945934276699575573746121444018675976463414396961766410972238683772336825447044565413305577006371044087761538069380943656821785949437791263540192066064395470009318477980067967282811310029444671565635617059445346278462692819666757287795646076887074342513998824439895419440137473124711864662366010065214720819711454602706685642511772045131738009734745216533326735744690746015769204840041765522955145025782973493688219440209758410123826250470726396164136811797698557122720428008669328019977072322737619986535956529267896348684391535631832549221270091134236726364300360609136011560124521711015033552638627023600700102755078827607610987729345233720995527801897704982531151893836554894099418289187395714097347093231892956754697788668503856337269980870899340027818839964223373127870054400000000000000000000000000000000000000000
415 1532873251787116669037826345422831211424893329211633873404329158014596090097781988800185824912829475119741118451886697200538169982866488496345965011487416453392977694769036829585035975242179050265748500454793571438793115467562281965708766896271869217208903321971587565996000874275486695126733214883938358842036154854697002626874012117934789027987233897627092182089232552156733860005587203460198117437824464601261861370229240825930215188396668499432199888461655546420428048165977476651890319518643891501496324034758472122375153092428388349467990208534450013176518678342360630173340522296284639906272133423524957343809591291845382087086637405035193867722157004042512769318745388346630671723533342839495887586431349571408233545855245353046748531064907279818256155025508511811421177765451289305363389579930177868888764058659933824606921856176238777443853436967602982427788994150400000000000000000000000000000000000000000
416 642635754787093792593671751338622923148343449570618937198578782877369046958416821334309865496279572902227213417809278706039419699324814592647558215383861029210863759762171169954997023970205633320937278954398603327757998304143221661488509047369957357454433895269403700668410948259574987181463958830566576296581869538826451172775727744988294158266975826155219445450795486084854792492967040074549559173135892082398135864278652943817776857611817465560713782141204591879441687455485170485511725357173592274690197858606068375308164269522637821524235804290793327967396166271858169051207602730283037165634653328449950736357206906474579024067878947853445692078488242663641540906023799886130486974385607540238949606015445046786733854659868457047289529295421564343675378769868280677935042644258755975647443508250965856724983253836851615054544998735116899919575834919364465419197191343308800000000000000000000000000000000000000000
417 270058722733472321936742516120246558461460628734831068117774912390393127679715322473617225710251002921638658562982881263524536299635463699162089329788046036809286705924193726836858119496110641846573215673841508402614826493997990250017601831562576686509299357312244557732474525774226385801105527286644353618757246314165953124496371943950252766810392635784618939961010117781632241218415953175775792457009800686076625944171733896311794138286701278387927362682639321185564098298037289805264994354060075119520128403476124926855236044727584701213844887162008122761590024972118535340697204900819177707842711881039495182087280794715031066265706062920487502390538134133212396276309149797653428901637110509796620003943867825192173486753496678665305935385986668783051288012384492298258600533388329250091807695672977441811507167377747165412595073904473507855798811123994651628555993312814694400000000000000000000000000000000000000000
418 113758474487270093112879751270513510922687127085524633926179115305208005352394096303708332529835618747507320716070452251329535512348550835385880045198941717646680067616663364719083120987194249177380941077371772958166060069774718293791121920770445107071202326322773749644997085604062802730167124916003562334937327501002684042747260941209751798782050886781712266457647932049966441410235444533339113857346073245501616015200839307522073538960889834245392851263439986743732978084922298064948677131668270006396750794051722903312365416430262637377095215064717679282315360126810426641705619360553329770921828849536610524701459191684149029958280232774441861626619030999549989297711186088331087436992582532876761907087604826556317856060359163096015688649104081470851309563073203921874315930683785997017697358960181615275099149968053500119627029224043436438255234609507083379524652328514328985600000000000000000000000000000000000000000
419 48032930966622141171779342155954830846874317486583164869580185221461660567718543646632945315743259060247445738100086735766166800241630685718653603541641891067473439785152809090739274481996775219805602113077997662771875918560677472158661184384603732055912193812498770374870256974988604104911335856192852655117870639411533845140866856682851184447975404442052028934171522752649614603847306887745021505730542883730987692498491263110106367447126441303213626126912720207939077772439573627438838764648307987684398254208740928220076765316794492953085132428684634918328888722388706362119576139936032116125379277773446614038009594626009042265654821715687617935060054332732205580095956026232936995380972172425747818634130789561313472594144474917790713983976048729166896805116246160539464190604174921668730692346027147441147234547029105229193536724598692026563525751692437894118407341599025528832000000000000000000000000000000000000000000
420 20329268835747212650820003027795781983013905223965323853908570726987090433315738589325675693939726900701548028030925519906072862302488782081495370005653506103459032332072178225689062712823158376212400275755602143435445481501618320652149104853149073997197420644605790316636625200836757964642603455499740704882859323205731512043065932745583677574587448961905621091841443661024495449277103854135210097452825975077503092389879102625243293118027174824286587574119101233215985737331812653509441498428602529864224075472797459103299862000207990653411885911182902929310577465960176843078900806581398404719687972693458188901252174963348136405924863402645614501758041720662164530690934348010737844667091001123257498870585940640662942231908448831540303061265142530178543462724465215214669425705144678179465786629227594971553709695436680344150154565412358023813893048229338296222329526796495408332800000000000000000000000000000000000000000000
421 8624409075734658451919779066079033811704105569750714200020011414939138362905003829046907914010117514489388694792163240580567083913372387080669306837459463439981241682175502972249613814818742058289587736348480613157044340603844011854249221715615042324975772020850649170764170179086306727055649191178084981033779488815689052074917903093485227668555850693194905180245512999655042569813117265479605480563073798449389772217005486004497283957638006426057223084752899460826785588494617795475709155884104418170308886640627850870068258088487947367793223291996837215023877882203144317918888183210416267045099239305130669158114914980967140375199061866828642372643725380802079511178570793107631181741015729994856231164465143341389905672803032208458920496982536180377888016925141171916593850583515417288410505139798395057140606011075871035717234623721644034055098789530371261113453747493800740596482048000000000000000000000000000000000000000000
422 3667409803994758510226837991649938511136835978060832592436725279132437839380294823296110185437456672993502475815658752631225636660834767258874950282416475893386268202775218585298441074685001818777173608508184244016861771909921501093426531906550776816257607886648044015499390222188120162776433385793543483988708962632103787070188489876594221661124735512062503778893426038996929846380266712089722552131495562873907684333672354957399504549038954164484222278004644615888764298159640171652666404123401123438219850075210235265551141959637276758216338450559787275946478485900934616602812938077592899139031542723557074617261017093619160834012513527590474420025377635203959589484981422416544163930687393456624943192597972400125854203802537556675922191103207755787650533003234249209308687082924068463185789025983422938344499010505442426175147882190721904253804217017531381187892196829868519983530639360000000000000000000000000000000000000000000
423 1563182334516812429310837229308372873207554688455448418269525789018604457510694810223416375459179535862997214188869947821010729329610806882245407832621158045162965481009040447940989688055567936466859850268016509453770919209501325449122584778603802130416228846932211728898175133070499433039934101884783653791948530092533559694997040032376554871603963949287735486252483687080120743122843711531322070651109325440441193026464995071048708318199571515542273686253606206528811575905404230952112659285113252635467865780415371680845724229588155919374203983326897720865734951362776226323263409258980665405982380393421642352373528430240864601916482012408683825878588936983122497835664664200823105287462723784161670579259721315691751028020139575638202204862313665614206765913425450036279819837431773465406802083374671191573964871972370585775679768400770015753697675995916932342681092398317832715565497581568000000000000000000000000000000000000000000
424 667847874130832020342911915085907473267633789886701771135884854721877701603344913200915478618566402386969701266493796080770045272684648098131142562675070892513414872295571520004214194721979716096972736102421226795096252810848127133238693409662088309687931863654842237124209808343873468868421846302690216409230103127225062275657631973882475263749710565206299060992908557874505435497667383991010925063560728465529314559120167892273687029866154387591897236490138702100021981299231518780172155597393208125899997379702031353114625529694391495447389802248952646630834589818100099187146349769727631858556201487058395496145495333337483884735829659166505391208539844640419981301174704617254255495072249083662335659114973300679271686717312520615646463711289540640759820291973782866194935056395232960435002489795029916597167244686968736927619613442945475925278689023074841631407679329869546269555820878364672000000000000000000000000000000000000000000
425 285996547624911388329694619380428951392007827364760113928796263355777586948864824511425606568963000663736658950992530489304350595540331592438436758108451763411581231143678477816484722251808057713879572267751322065086807714411626787765606828911018410748650761637374661319114154365442714411354093721159750616353074255955116444474279439126133108541895722470209717378041579190792716985666912599562904828086813563112958405371155466592089965982890776703459075041981682463884759245611910287355915893304464424122691852867804248506191615421714440468359998245354435940071189020058542409753706673681126926002789918826877525534109823600093821512036058869439615288276673991105818528221921981330702149284966800301366705880951414837816134715435344892143058376076304802048581009186784433579028673955416326008410526516437348402099790052960819922601011271399519766979290120254173908592876200734816930306563394305523712000000000000000000000000000000000000000000
426 122760033557653196681580942188951180456031905257610720071463052171244413279721090564762709582935575958601591426664732838803190172316547073334029982675301564254776879875208082270776713950399892170105535751149395273786134886555697170968103693316309876721220416447372710492036895543751573123863661073753771013749776295729055050910694229642164872998313325288536592026025358143701811703576678607194414236148623013967283277423499625424254481986564929657361407607708414732900610668154116530557975008574165281961457726004329692294717238455551498649177803699367648120136540385229493575929276553587758186876327360701352440199576495894793491702871014137027091992895068767671608777867824628477341934393820567195778085721198237009089050651988928764356049378641663766528114252631552771331650399264870805522073842292927184192186583854586675734986603743399031899597085496870395758336540423556042410468934204724896333824000000000000000000000000000000000000000000
427 52815794142629139196928463787635931156310843878804642649147059686335180591296702168650954401330307311589238063217584448244801179349352330440850091702017478125581095906262875552101329927753255490814853933087240914892258198282735638725152158311072423875306454597730969720345376609382617558567706434442743845380100822205581417906315041884817873531765297418040269671017628328482957674863326036348517112030972480861020173896201630446801371140648436885362531106636426323084697276574823702395188623000068144413300686351432345107340358789347867701093753842873336964379202562478063321103596637745295464122727224239464718405156864511984929492594254689846455236105527487604848247737456354023988415240484298054243880008585906883881149361593500271409331243378886323652832202081006334420698267421217212498215694323869819374255087074055579221845239421559526232160776007938966369667454501717641498949724880736426060152832000000000000000000000000000000000000000000
428 22776075393175817376832378056774104716202924830951704658348499717512869386575244109971199543247517497511296104232450775466665038127622170841554250392149913514997225113006543045872232063364238107800567887295970387205794873543918390306689133234600740353221196925842155315115161265432033834436302842488289454963076132554830699974941932603666798345764823274231666717326808398104740561308398002563413559647074801022381305553885559407319263311718733161049883874214997656525584604442821001001597345815451377577780823411430411052136678459421654648779606139495983363474485264817746862440633368738066255839358461567308225029901209945258707558513066770591926453175911255084037323989949847778707053660769385754131571203034750342398221793504949750471820106445504252281623756500627223498778026693043381826242885678180326530596063378566298718662259097164422716625490514572471954188679369725446471892625324103815348017430528000000000000000000000000000000000000000000
429 9844641271905130865453085989147589724935489965707823086942932980909173507768254810155413363446393093966566337333363844608685037908890039267882813610384287105063173805867625911297726987845882407093085356757595093596666166595064361265023862841585511363101109480950394672230441797321777658772217720328335835484910162949173189452668525058235437605720024916938542641008328166911282543512766813776536552507105202590486832747626332269979710045526016054707271473209741632160261827224658984966371186633032192314067522197046520029610916526486777163063191591600012267648091919690231693473882552921905717730718691046183636384273690625649571308663648099837882587446190911408342209186756401672750627107403134086088192962146734584838121316710530419706205786730211429250142179691858703224002698586193134069421015276969194411421609237427558021659370082278110143919355778620697793839955921916050648455053585253968477540686233600000000000000000000000000000000000000000000
430 4265053675289074921265684495848826661667117073855620245052519441293256404957637631830685966378594706202862523251967284078168785414947622531897929392284312938103980709582681133160796589179573947565360492646700930844314126294447624273430258617193621396021222057494704505802192645321994668384779243140824875577109688770512693846880711446385739098384754454195021196208030312943038263881375977977635621597671684095375971505320601577836235159177664655290642459510605553586687467801975997075855250436492835125168351267000627894010187965550348301111302683205500718455392189814812181950051971352936062592730610239276656659956063415855672162728127533411822666231210263213819561090675484735194249252866142869111777282823228312987903235177669007253556003793470531858761592256506872987059760237302032351008315806003324914359446415045111655061659245071236895724095256700543598526486176704333182899214177603491920390848029655040000000000000000000000000000000000000000000
431 1852040137670462168009182278917437732073605160667377886142152819034315843369441335754653024244379035890216861008751431840328763911296020110783073140530818430095620438887107099138746882107672584336922941624239069112500770550075524256824540520636537016002104942874508475772454306409577268033172411973221516166710689180165839809888159437513310894017914145499467365504387153097069821576869956734825217591280829361910991305223602184530319923153593959257620522780103826121749688735161531065049834982487788797528360490186968497910386803975872805157087998317095241237764497176204234569960323777022303514739135462520867137344939052025283308422249444900917243043879818213958265811557821177349171616260704720748065423199917204567370428651447064616872869153907914742321843386524526111754727806214762106720806426792179724004169810676337890446853979492824813116010354519102786135822718264401632587604901489377358783254137583697920000000000000000000000000000000000000000000
432 806074667256177902596261896332771455470012742771419877001506062849976987477777378213164081611780900568165583545811105954500600217918947026547098581300451745836684903595737270365681354347033874930738334727732113769078108590871807287869946117468548087537736336438845571374873585766939013829395018781139014028880113132179143022542226424035953678524031244369618610546148478457848537896714008941415431149522025383858039052666990543764506364357282174452157347053380111790519452202177765772969076278644080911638239278915337573740197317496089526855790923107160045093239454986366228319678931225210717475256558422836979684579031681398300378449085337681512481083553814644374107255816747032609817846744882867356305826324740337409285906937880298428943663946196669067158164944026658956695734156650701247000676671774700969070761355705728583280576905605344305102214023948825164194072327488321457928809789178125356656095160563704791040000000000000000000000000000000000000000000
433 351638843340097312443925533739955956132413258040258357754830377367100376564956647518187891159980881627758142964853475415399822415790304037566280785308211701092358509053193826032116913773803482763126475421464905004302625682475497328816751128874210685987078760582594763310292575677042940470154184796860062426039471235345104689627038625656426259626280473213637195789286209811703643927933158783735207711751900995716399564793738969479344517425235235392564693802375571185770246416465098434964385871727677555474546316677384074570520114712497082781899244057425474887617568484596045239047192029246442498890084079544399132152041914542418212319119972842067752704602393458646599483379013131658579981824791482133186853620336595352742003869854317275264363640901240593676660520991949061918978125795789522333143002307960716809152322612024148651722205668600745261377473456971950600372121421291628340223569866600259486714885477990032998400000000000000000000000000000000000000000000
434 153749185210176200381862764383847889469834751123244807635836929488154211666520479729477609482362841731607270410020602518346303127676522617247925437546314581469174106090064724211263149296817049144077411056949931088219350886871911404264164509820370585286951266241681847102615433510561585074783605406025079816874702314955822207847045676501838508311557922314388688225912104260356236611989934684941357629068778962202505708196878828568961847409470964715900430439413173924578214794175786178879552836372460511919406742769664013450242074737454006464655366927746036023982922426976897842492163498215494684353435029624314885269979227514310151924051583962106319775731035373481387475316022291072214202953498365024311817101981334070156391505246709622814763956013089260436710467369638493654993767177224864333676817200181160681706396241319300788866655978341842421829910809323456570605656560349590105305029612586536442423055893038977578434560000000000000000000000000000000000000000000
435 67378438381250257071962878284057045708850831541968540996444961578779585107918241000983485093846452726625536715318370175377675626690409869634651405906820182378954569321401039026213040613248554796052633351353800652924911790827421228555381639447964633782459509819066307712804481418089075404373945461385983508242676969174520433663548535486392363892882159194348117257520706190199718584999720805525546491701211769668925346189210171878684199506446199026568183551443368908536179058803583835940129425832101958834909618910682741124927030990423741626723849633520749018654129125241614340678164731171684020431860201271387061284342536095247768190825048369818544357896866920057178936755278550751462066611610031686933976253785651402460375028816050166646136517556068000704877113296858526477190530248283563418755188884645464119138468641541901579223981600523111731056006787392498180395114048727691067183576902404772141274291052691675426859253760000000000000000000000000000000000000000000
436 29595040341043870317034917997491771746616418260369807561592573694941855549312079881602454222816118282741135912961710809789743714257569955355775283008037534110770564016816613579840761142384738648107129770505198619512743363955970221780868875401809060364305298920897342635695041906535600559567764052553250155226327956337089139276425111787709549795033767966001446232263718693088976950894977589028614474187844613216935314646327586648588779633213786596383795517751571412655086889895859318246339910532547618891604150169197831021291331825722556897257117375401442159450117019269463831634859958773598549793585137493605263645375412673728570541195377579910836791955476576029466785217060181473818114098302099956856903644822139899617808782532559516571595884663963214009682990455395542717215912710265699178520320037895853160861632556157452872406084435677697373403824349738545728521934703325860368943724251713178780455814971236160360785924587520000000000000000000000000000000000000000000
437 13028804191376312435915234159168630601544375783243101153548386340144058915099570921890337197502809498911174930537439716395203301600066280591391801554442833039109563138822508865758918911918249299020343473884121604188497588237906276568410366581041809493133538722696996420165166678694688294100927424895980931154982397053509876772746090283622424692214198321861771589265569719547555772167218706493657204673133832181761740505860307054874132704513071320926254474314793485823498130873509319819076546041377648063203950932388483167449349801451957889094284482060605573920585277588141211727237414203429263791637243831315446918600298026619604418753240845527953688199624709503984318586392645623888647747594839371186130847891449277746139627713161372976733585142390842571866463584849808227373711203149264376506114142991435105706769960974363570180395458855689693118967025873606489935720306208893025872114140658206525712534383245427209472933479055360000000000000000000000000000000000000000000
438 5748778331851510968547998723870065037455270499253116198853577075242389041817843606091092506559142615302323641674672991239338651103800165413154035446267452069022972642325257942727500108958358757726617558552427848904607210686694433174275787303366018594250149220119240546595750032907358558179593063556012320094456033400177318540048204158494454131942368915443022240034665113679710162907909199893276996384616448068481392597202651392045991485801863941588654225644130178834868646905335917728270528781634794690883416403395957032559571969758577476122779350587513825901602289585165170687787312625239092151414283648427906775147287577429977831194212181975500365219124199366077368791010742058394550884136497574906765215281766520380583634472178839001016971251826729923123313357940656296078761246737243393487702427653586013178302527833827249458695985360466074448917822261660017659707276993869456372048984632842618986029565839265895254951674186301440000000000000000000000000000000000000000000
439 2542317125152200713953850612063445352915956845400011656885063427210857509875555619971052089911534923458576493118584326914560674849081972067711734728903085356706154382742583113083876778745160016131692321054531700114359236978748060765030644833626676986067158116001538078349114017274242623353907973249480968234563265728191653584565835920218045984992590832878503375393567100852138475007074466465558837966290198249454748509613755639221303157736897351972803007069140685781888274840371049604896639152146849709138110410698867309521694865081174084957228920921632989183828900189683963275338762281957088000223992244772342386989490746062926828455262945169699698052531295726012165226603197175275485587830494304085540231750424232404407970206675592327309728136054701985345575045411921241906679007655923309292938140726764697752342042166798702483308679883016584541483916409741207208430421946258223777060708761181733279503212171188971828316673260126208000000000000000000000000000000000000000000000
440 1126846646104295563037292576280270114992804888494503239198682625491215159649639068273291837404745052957552545027464474272748188381601024368494482803943470815955619622505257411204565058480692510509936408601085158392063054825386432743618077055429958054971308661928370673407365221597907671104014605293666527905964021320429518825241869361648364665105089613580769583162221623167910507493075923402818376133221843393951978237114271421910824360272394717316183934414337562202307174436728387709309406073560786515569100273210261797970242840651102562357329210954968924345532565814871520426271264782721032483144288924727033030803102208728881977639043147324958440779683722158340969353541692102622809724464260233885285732319650159235204333036439734503957989938366796669622393765477381258480416422182771800724826750498683714498559861272959870528838697691078181298109084556235932431796171445025337741243661238605940196641936124164803188864619778074161971200000000000000000000000000000000000000000000
441 500585923278993596115040293223827913084963093074633693228057163238484260880072742535826366190754215986988775183521325221800548539003638917540320992743928302658026046933895700593530926215207747483046852965357087948751550440137212247274662355280271328997268906715236185293681193047526865165470289468641483362581305160183465100176545139915181288310375033976939719499202337751944496050910226424332605553302635122098635112216256923854055757216483685967927576485081863416518730889775166104358326767201263749213172381013588248721183297713397151215379641648082062992590946421242574094462745669596785036684846004739624108146971047976269028364609382563115784729996650398203134094568430752757065651523018576239367779528355587583605781657262843073549018426590507235974507642384998855797164394094494158541968582834359428542143886511593221212820631232292500790940695535455497324209304647536858898250494476649466432370162907433374730483745915103180593561600000000000000000000000000000000000000000000
442 222878908165620255662408219093550413685312967159653160200215150432720268504870538405404314015263892347750558393395940591843672122977025922418470412482784032718079157703493112429762244440729248361785798026441627376330075811888764724477592268951298950501443093557319457598718393520915630952232016904182313550703229825624576245475816092202672567544416703250066086759805614830011050171715731065483160771662745979458227557886980426897762608938133302501443527946046877309338549546666200907854142927848356725158593696922942065528578547369597733346045505535600851657224091057772192714643601900905556572591503574148818889845406133063932435833093473350100913453768803325278440241754509788713713616636258024940244949502360159553460833469011786027132152351163199873256678039880828262105014816952423214091840766657735742479073183624335833426702859498347520779765222899056419607981966355741415169160067195921959921771822173797824850304711879641524616770355200000000000000000000000000000000000000000000
443 99456607614942347496556123032562331963427104633273938603743988491249772871671172279392917124800702150304120097827240358138310325592391877451400502972189971194114549328502962857922227734749614099840956236120187115389977980571047230357455503310180602407039984655917548943290043004633302527097247507525632858467359205473955204618002949346255730668716377615038060642546116784427205819297026980666835760262533356878323294883984514893500116108932614849690429968405174969071991623159882508282929298898847612015082808431018999841809276440365278934831401014491739050039751078753607227295127824918877197149482750915879561813681053688653131381569507189823416174939465888777000647181763057945006386238877610646478779682830847594162626271465564829940665563373930785562092143602092953030089413282119479250552677455665571884113429010204784145796664419484241406434386856803115575387873376291411917416709564707180560057556018552315451611227203878523762672402432000000000000000000000000000000000000000000000
444 44480582124086860305452198737817226515287265489830944295299792948768468832282038049984545497804837849215947440319881513574222950177052281942019556259133185237820171915791833234301399447347009475951413943160381899258366249854216908886785700872112042128558567883062759014691892597947386701345003309851923958613803934911147837058511519896816298651890450571380058162176257164300877641954563205143056024794743376588249552438043895205538762358257938545962728134380033576637782942305280698697329097211401117494169882627059398539654229133968562200825818950144624527445096414702266703034960750025468555554354474488686113878247700312186568790001742396774273809466287206807289372047279089354187598405240015150224207997686862898277287192753124742502663360702271714149737716982513079106725812527156076436602668086080588754334662629023105926373873273152745491484271760384078692778726421849404280871761596625391636552366223550069425916962826702394235787208871116800000000000000000000000000000000000000000000
445 19937801232650508880889865592487155849723118291958466044798730916315425705514970367770844589491075483848187307553264292876084437933948143637413097028334609951039210118940366706636787371551066859022203669479380819649680888907428493262742720711569866647903626222244125240340181988993634984482600997637838428491192836137880113200676820198517762311815174363769795054062063087739806682644318533070816100844929493211084772369370496988924144269316986851917091825389017169408628820375885168249134565847408591556078667695199541750156845237644856386260490655689206287264709396884930329255168816382256420419389262433056856635173578726731139715713158661797045093272948865969673162339192947880310985576046309038634041373144830401768979634467422997945022459526418323150410819555332706925074393343570764823818536074926908035620043189858836023848465598032826749610348853118061169027538555894593826369882754589908053665561062389382352763958667679807988602013974580428800000000000000000000000000000000000000000000









