0 1
1 2
2 8
3 24
4 76
5 249
6 836
7 2860
8 9932
9 34918
10 124032
11 444448
12 1604664
13 5831765
14 21316860
15 78319140
16 289064460
17 1071275370
18 3984871440
19 14872552560
20 55678270440
21 209027020410
22 786750047304
23 2968257334104
24 11223268563896
25 42522737574604
26 161415556062656
27 613813414982656
28 2337997972290288
29 8919147468345037
30 34074765802778988
31 130357272736600532
32 499339911079340940
33 1915069671432325954
34 7353115480345312496
35 28263778542715437904
36 108751850909484123656
37 418859254805205882318
38 1614744024390553910840
39 6230515250544865517160
40 24060846813181631908840
41 92992456564552260010260
42 359682021006634877685120
43 1392224573301425390399040
44 5392693242564670629714960
45 20902352042279196252844290
46 81071008150853618485225560
47 314633996209660500871483752
48 1221812963881265108470541112
49 4747366845361229354092484388
50 18456118920256314486928334112
51 71789108905265815120730643168
52 279382309007933854846786652688
53 1087810923464476796598368548884
54 4237547130683142698459917731216
55 16514868234302742651130863735984
56 64391468431262347220107193915376
57 251169980262882081472137247568280
58 980137894919210679292482529928832
59 3826316019647769536574822175872768
60 14943183755068155610110842409918432
61 58380630989850437437486629548266173
62 228166944244363953554561189913333324
63 892051934516830309490342578709531700
64 3488802778010106716206954002788508300
65 13649198999137731331115700990846390450
66 53416837124167876269456366847285498800
67 209115104556208439031129617355770307600
68 818888951397770890828745871607514512200
69 3207696712825972969552623426524723876550
70 12568594757257753285071002534644968682200
71 49260848434950789234188120883830118265800
72 193123680360367365180977813390619878309640
73 757328876538326925236104614235042400505540
74 2970611378124752929945937347416558467496960
75 11655116174944034376212110306313740532783040
76 45739776018639297131924201713261967774884560
77 179545879405819751685326264878371199172221110
78 704949902819871389942445488654980580617500680
79 2768471056444177737508543235555779804693211320
80 10874724071534808413671923676912724182732152680
81 42725851201523282003344253593849602237192047020
82 167901738805068282282336640255662583407493336800
83 659947683109043989331527835534476620167731255840
84 2594487569790767298625907438662291673823887066160
85 10201862093396924999985826620508024143956294575340
86 40122791063545110245387739220962224092803857099760
87 157828266801805821377098455728075056447919482294480
88 620952805363879017622485643951150933114729416419600
89 2443491348591296714606961953247949075222204244175400
90 9617002556924589600151418319324727941190789947689600
91 37856785357524646308041616798799661447489930011814400
92 149046308092379952480247303389374111686369231929024800
93 586908860011955029017699444369645448608608561073320850
94 2311482299487251980196490353716320912047606835885345400
95 9104990543272523081594348504808418635968403072612174600
96 35870385766154115679281685997487284130013835117714489400
97 141337973367285784971477894872917206811426129253827335540
98 556989001640875512927906390498808637176795619585177036640
99 2195321088292831604657557452111690700258415024660647683360
100 8653900711431983185040861521640461958410620096543622706640
101 34118269206406198545443187770001609475961413487996284352460
102 134530925455818153389054843488937859492127675659927032666160
103 530537621131825765960258117084833805219335623670067923851280
104 2092512469435511651415890563544808645591035189526835130760720
105 8254231832518529812220867379314356185385544017108426552878280
106 32564241354624363786174162011453756528962836272067511130097920
107 128487223955947349830853517517981152638997546918954095923792000
108 507028787089013819317146572609329894049925259216872900746951840
109 2001050356418037313545769679568244830027263546832367319606562660
110 7898328828442323256373007261791543660505590319035955208623713840
111 31179079158577865577264564852886460376017579336206543575570983760
112 123095266305829575405273636953293877295587906089039559138754788080
113 486036124102591220498328297196025370327728329700110060298856568200
114 1919305166646443095471648454729820701444435892439329389169830196800
115 7579961186619487646219231548026494199316306434117471253250244683200
116 29938952216430897470391082242911175320246874227827004890231512384800
117 118263873209074962160254273792471758265785027415990522114672112018600
118 467210640099538891418260325889326774648764598607478128355179031015200
119 1845940653590458367611863801411480204165480774708206549560354502504800
120 7294010832126298534135553135614836361558398366026638809850781301535200
121 28824250731227049342865506238588302467223019253183560213229970771882800
122 113917885245913346341734839232546460463962706012964324032088230204193024
123 450264174131739680652170505191906980466488088449399903489210227636693504
124 1779851655624912302566903152403618481074093212661773008626368084260546496
125 7036237889724956578354004871180516064129179102025589829294187111637161629
126 27818703687119268239751221919359541042082714547734064972175450236690847756
127 109994841503630031407120109696374448496109266589277003084146975269739113716
128 434956880539777198772134116715937060104985559983965250437846511968374980748
129 1720116910778859913421931022758407914149106944917697179046915240548904173202
130 6803102711345658260154906848071464797290800074413209670437787502560850822448
131 26908707271251569341780237728923600199898395213245728614183074758664432771472
132 106442444250814513999153800921116192706200590131498960458398601613150021925320
133 421087653453413880135313614255230984594880850451016237795793618179417183389814
134 1665962876079869780602600689323402816286604197774745097378111518655909539706136
135 6591629110853685583117165907854320468807934755891047566258341428531422697424264
136 26082807676399563032641282839947189529446107218337436508725308813420203868890696
137 103216602277636786183206062861106111573647372149930779618889118576397623690117028
138 408486721368062048329150026765328753548213142373988578441324616516007911298510080
139 1616735688889346869346700087308861148139596140181821582553386086063374737683465920
140 6399298161513902899557295145973864992357905704683695672998901510436812134717376080
141 25331298680611408480610148345389054933451935088437346859368718751248584701804181870
142 100279905474108025514080203710787801275161205531560589679767105257674873740110169640
143 397009862691291310122650718587553739249755715318227141584849472254105704678003990680
144 1571879223968620600270823825945969821645397316635015363986449663214202744342475037320
145 6223964926748022866937345363313729712038482198594611955179153151087099513793114281180
146 24645905543385773728856634115318178774686779371514425420681078989229923012681227527520
147 97600424425079723702661353956902799499126499999569363218614772652658241103687162233248
148 386533845620235103167979897101344994848621354206397448275652053871008353260044721912048
149 1530917764470275525611765744056068002767668690251476775797710885200540622457572296531452
150 6063792585646882399291906712435592337373674101722058649009560437966935489694899883328048
151 24019534507238931331144592038066253078422899919694420149002959149083921201804434344221072
152 95150757537399267101656449950222731385002948965499586879589097630807185540137146064363472
153 376952802331528438437288269677344440674321377454562049723246829680998386078267299836760456
154 1493442200849602634795916679399870366209691431702198097384509273794407552248163794970210944
155 5917199884763762457945681176167913413881278189143844978272628436084035077613292702105209856
156 23446072656351108102068292488546482306680080359753308259207427289528841479103232815114164384
157 92907268525082106683409909502067383654193349147053663428724490708917851739622573992806804230
158 368175323015701679095458437827062980804737300407618249632542064214258443549823778928897460648
159 1459098952858805837327772979839629923912830114528437624789713404059758364637071392651335265752
160 5782818894612877475314233009576860603369030146865470839278302963592359700258837102483230419048
161 22920226783849559920581441407498851764546724123537893828222134901529180717045252290779064890172
162 90849471612819519548138659540407209080793613394936681371479912265701698301596892476234263606816
163 360122109481634311094842967743132903028701551441911402487227635055126957204972247595965363811680
164 1427581011947112413663574111441023812252991271321320555283800213325180047957758163285732970094320
165 5659460803762361647672055843160480022942450212033293180161632540555435583386572810300589218670180
166 22437392736206300834173059692412345530942686860366758987551285588934411753976868635045632774405520
167 88959532340177611748057369982198926852945959348269909272890135165149694140434058281999607240744240
168 352724067376564168193791742182224086632578017393686277465669746991878834403085073218030361507372080
169 1398620648387303921054913168433158534682263936813194019335963989604934420254413835487328335596680920
170 5546088033191252772639100587680612328790333821420465758821960757404222131161230907211037978627150080
171 21993548760295390713543041592605109618685876956699816595960618412725345403922702649906383410090037120
172 87221859548746189752753183459543471113804741504981840225130111891130363206481406524935639281118872544
173 345920744900637100415405451105838733061905244734534297494790598680018314912049606898181417567628121564
174 1371983435463670128049229194969198749528948694212902363750294148330047408935702686883163902860611241936
175 5441791358377087832642790869230334363363570308635381042289752580028079318383726232002079770767007270064
176 21585167896268314774917118676089415181201046248213118926821509273446026036787637164423570938896376814096
177 85622769826317763172978654701502032673634410212646871071640566680480345136711775797613605540997420335736
178 339659047250272674477638355291894773875924983744762625857893397345099583098626265515335606158386353702848
179 1347463323209752773331833802247191061977158911510703665445636571777618692048153598575915031560199565324352
180 5345771027533295426654544574466762499968854302663934394194106229197937568107029052178660091571411723534048
181 21209145589806633547953864981356148023119308736611716546247258753611531433255755426132623200210326754286872
182 84150209929573535034067140332086605489118584336053414450723297547461006863872047760263838375358189940705760
183 333892171989565100818814891649592347993282584694311971329899228579926140352314714392106912355869035502067104
184 1324878554213677865078460086086786007652705811728947392734611947535178209222031998344618052652539259755448096
185 5257321090209101959561498621957579313139495449294095186399031884373609069796896970958633194198613554543668304
186 20862739546897107982506241864640314585369392298372193107380070660640464384080755932032776656083860274272576256
187 82793525904543971034027510330414335731951513462043742818778798150596002551166091994141061016335233640303446528
188 328578722589251717504857688146595725440909368442327954007950919358362641371392350751923735713332009300213147200
189 1304068259357995338918432100327890933832775941186559500639123748006264794274904349439208593753784864436075024050
190 5175816321325139133032128784053823790947521797126770860470586625245321994284571081985904153952316317194122262200
191 20543519498227726928946944801540591086086216956062447620670903792379300393263076351615367137162223289589957065800
192 81543270051869578824386177134385382459881760390618584697469011284194561985873100054885361828585556098973794476600
193 323681966528516807840210841874629010999980991891930200645077664682178347133569194349157568626805973824674537207700
194 1284889605900460969530512484949868308418530366896312294954283146161450904377378442851467629991191177191650016824800
195 5100701256056492419470346179058684641016584014987354514324327491988353959530999322973686928965323989944525570615200
196 20249325032299147280034748058469174117295465890845937041296053808255015589417441376490319050886691916293619730302800
197 80391038741610757099955338602445278262621333277810813719790947064927794910495367123900210871667802679242833422757340
198 319169211371543795546316486194796944642307474284438188804750301838945410607706033552853774890378750656139609046976240
199 1267215396811951285567206181023802163858422431916474562139415942674121400765366642577004953449704046858790092969063760
200 5031480951161201087998814917222617960488447786260456198349813070177672016410737701400955122231834423794481422043916240
201 19978230035081172999418777954970079488983732000604248265153073516651960062911166662050849932363536944232523525577984360
202 79329335514498762535739302081420159305631519027060085371632848836514427274741086627480064424460137566966937100425948160
203 315011277647736676034674159699935697240896305859778824850025009904990808669044631817217333676428117950199929467528222080
204 1250932040782956293488347315846009387001794758952566892622011363180296090941316023467358812275253831195837637511884549920
205 4967713165917375580921142615204767855879581361681380929685789242723839999283185432474594634277743234561176814955651071580
206 19728512567672432078589883055303938980481779736759738784398809541155281458507292949257753798341465026510903997744282359120
207 78351455018371397120776436524149305848579547457550965133126921522024097473302926039701085426951831023051197267053963146800
208 311182051575782066861299266715771550025415792375585328041553175158029410617753110806124244062767351552546272795664580385040
209 1235937828264838842325905979652540801600900250950846986428445452639261424691958376994177090812758877505050540414442432571960
210 4909001716294011846395197194021990414954755388501093445977686267099670903669066033927212140337481042364493790961037333327040
211 19498629242606330166254309443350359287506812049683585597679597047175550236602438742299695826245804262109280073250201890698560
212 77451384197499681252392035540575025740825466757661849160405255955160010047806689461691744172666876328557224769317353555494880
213 307658103967258614661025539454797925161207821903060386915907956962642361207011712778816918126999225838640220933967938545580600
214 1222141461413473368620934030922399181068297169704922859992267937286836406625672737101162956191796251197561980059459381163714400
215 4854990803415758810852293926445710684589098392682814432545624119239359864465878314882578026450453594563936231846745493362925600
216 19287193339477650991702881273365998871499612604221065390267212351892569846271151837064822077694872328603752687832410298422218400
217 76623717835952459240908787310653534522394916058989240258945678942406831934912284772793698660757379722225338059664238824421222800
218 304418364240623490022548664894636991425625146430038081918734162066794571886381252860068546417414666375982862474544196989710905600
219 1209460795659276461014837539953660780690104846568417697418792843403440693971573069004619154627457614904733808668317412003284454400
220 4805360154825777947073604359641995998374909501874423446157038680829640531131282252770425480606160427270189174287853499997439265600
221 19092956042844430008387952428305266795549691739390155532394720931510330761933829960307887470836349390864361999109501112854284400900
222 75863586096910903564270892985956918651228272907586561690153967297259826416358913548226481921708820309132261399799952078703013622640
223 301443840532162549369432096676794602178690625073072075619125649838124940879618768575553687961368575595196002042278666358149604836240
224 1197821758444516027135482253213019729693655582314733141077785731848910898525310612057604414577069694954692388794844493147019935083760
225 4759820846780620229865708177348934301904337034626920823257847050013996157388711230730383583469259922206613424088462320552880363331240
226 18914790298455604832515255650741959239141986333294167572669742351712720470283451342146256993320010718891504444387237437245054040839360
227 75166592130170457412457665455517740576708294156760528487293410760936450946572799876618439897627945187583547073694683934721959551210560
228 298717378528219666255756683415336247637996362979474092222605606828913762861423546919584402081839364082322122441224645836188569822712480
229 1187157416902981939620345137149726745257907366463453362191122291383118171571847761882060968201791524896378266166739123599119335353554520
230 4718111699547267168639511458103354756163179670994265497894826119996326999400779281691929468249055775076086438769909402440150320517744480
231 18751676874247887154332166640539917819228680515216616231452841458168503967409535551586673055589138609561084659058313755631415828132754720
232 74528758164376768633941095551113278065753501648720990361226599688271531237301527681709282663467949913060446808724263538576414542199668000
233 296223452954774608523832560173699517453079970822253058915704470246607613077462814805236191453805247027048012112315704683265532427063271440
234 1177407171255668591788422913785844959660302794375897472348196163275579177658895311128365211372109275991628012825330552696890136536798210560
235 4679996156723895674097691632043055382733577411278497847744589733978605365412275440187090347529335467071514339744864882892302254826197213440
236 18602692285182019010743450072727625642571610214207895394707857586843027938772975742621029928650781049673932067914917190537652903927347428160
237 73946478777460967041630299883804028701741473534600438168705175918187889191245099062594184803938936910987321291757462984045029243125041886280
238 293947986716513091245959382552930781250231590000022304931016538448830510624139604855665570716118785112923699841547837651955898121562626159200
239 1168516054724418645114683480396438222535651927267876269434380064498184617141485389015223987706860083814154052415112452333282209379808877680800
240 4645259574974492572272973199841785639719664049134042274307278084738387130247104187195514028940860123182846258974306532137842693995390565599200
241 18466998299633265390682354293475044113943140032823628987421771375066998696893512209238888690815875490221682532132723920324363521869585373558800
242 73416480262563789897832708214265589822253161330441515117119547406603564455065731930416227686425656322237488947661862913319947721618104610921600
243 291878193531944733301877739313924566333518685778035291999813356585183241822975275898208506477416849012628441226215991934528437098078853098851200
244 1160434124027667415157236959399061948355115211863921268147186821062129949644485344905989296747586338888142947524135175751707599102047142025268800
245 4613706863024972837961300342920391789535934468041991612908105645179238458072682602503379324491095174011903607428483546471278345907500330181221200
246 18343832792632097169521156814104772890062523777332793214209111394327148314953613587009748409414523632444828769912894031956417721274555860624436800
247 72935785188505636695589740402579325631036893013504898221847604359293334440377630586849254155679442329770687935294548211520690496906446514261230272
248 290002440605632154394274516165972559715797145092894298229809537924579632363603362450123520499224801515648691073409107468702654232275392169824152512
249 1153115927176515833200996545074199809384265740368576734033828747634313894989375960380695255279735546557679156727210510680920822257600992280961787488
250 4585160418912966182075295781229505191184694485299901318644770831936934990992489608163802008162133774869163221025432179994842480209653092436308992512
251 18232501750032408961663465362415858210513506934274835902709989042796306663181399002037719999564848944821236637958687037066719105189548727994700448768
252 72501681402142706835530834748349926466169423615017560071285300603290282725801576568993740707283600929554239015163843039817635317126344206901425893248
253 288310128445662322815079531237610508074892877667766066769162020014862152904891812257427743221757860807065509991669001898105378135845801044981700005469
254 1146520037458327884289235793435335764299672159915657925704170275829328446807136327411085822189108459447137150810835062115088678016182813312642367695756
255 4559458322780897692259901585374930714775312158394653051225821753978078315137403433506671209300037545016363733871664138157588868805785520598261228707444
256 18132372259432200042639232126389650934237845683579087074332349344649376492346893113453477299389961026231684077953982303176596280472190050665828639538316
257 72111694841441707521343485409373000813457280588507592610022404571520205695479659557502906028408339033352019023971484254438411244441571967779355621181010
258 286791585399497965043817312812888069509624719762237221488770015192678686003855555615068609821390393089612391788045059578251803518217219906335940152735792
259 1140608644275134823094606032974285855683649841872577127243094851806780215966407489476932041152491778510001353217349768831598618348653471423363221228145808
260 4536452749317428132253413422853068255055963600780544577003610120306290839825147265866150011668979495961721432456261637057431872273698908777275949464520392
261 18042866349770237092951260684101293912893054696442018556444847449529187962743295389724814273926213895125092564870659855677044297176445657557944093238337238
262 71763565628061876837347061577346193962467904300624588343592781238212635676142391362057363546163315034114978254091293482249063423045810558764733519569612184
263 285437974864235168269715959397800987370599055794561636538730807620146470219244483081391438171995434785271955210552741553301272086383649122784455413774693640
264 1135347192971036480502882713549472673642792162254882631058871463723730934217742068064495825656465167965901848762670104639280781928513965195871775173174364360
265 4516008569573165866779501525808576601472017055200720570691108896578736196045404602090245635519471531376468504028496622609571489976728172670772152999285559140
266 17963455563063327010305691331030560870967909916477446923352930661162749882026427150353736913559628836705223997878911911328849651459080511839793584065004936960
267 71455226990799095593465447407688293012463073132612228124435838078613662002230859511576204536652631714534617977166455985275065274488338231191093818596289533120
268 284241213443813307581263489418693647382652026903642059292215841488648414359656244079339246325518682191814733517820329327431333432775438862353946937388425135440
269 1130704066996365534962940635708245858037184865043037193847708653166131036859761557544749601703399881151353384848042818013119320177006697328910463399110937457310
270 4498002116530256794380071691910316915319939107382575135667153494037640060100922833288957874288001130251862640684036470057680881566574779381075612220601642734440
271 17893656159597000657524816207655894138971420365605030448451110359904753024016986387867061841926331012942708211112722188182840959615907746743211442915246155235160
272 71184786639709557206448305524720161271501764477049924389799368231461157642703996453171745058960283409035651480511889907343994601818295246762758232373723699499464
273 283193898588373829977372415526553100083645302469898424629031361049644823668575740045681596918842519050296289580767284304648470175033511219650868495765944338379964
274 1126650306764160011365824779596784846540585345249501192561314611591738510012632818364410488950882373974359427704855159773768671668122357242383064988113697118205536
275 4482320092672828575887355692124091800383603018008059479332230913825404234228302497952362204905728494989829614217771031550226488120211500572273206994552072742370464
276 17833024872725634476579101339989395955012757358252410187753736266159310621390495677552313822404407130536698551117988188319673144089592428872171167492492521118787696
277 70950510267707881346763569002663717970050540945268404398353929306171747151081576236786715652828800146757467249674939550543657644459112375496556843905065214571581596
278 282289244469709655802138955433364075682009888840453462645055366722025307806813756116766630570830851490442340923095611408715644449202452280790450533724938841148178608
279 1123159360394404265432627372693472086244709738703793679642826426449676662258742574411109838361066174365597183704343179267054213035852958636781440307755457553754296592
280 4468858601030731866886621508168463279219245973181175315799123803128681182176399046859978622218580351910366511830673194802271805597693893922123352090929250900770857808
281 17781155141826279349859208713064845865446319026690154302881738661238608969812981885071154409104425001182154589826898378693122820995721211155432829606433140081890589512
282 70750806904021345118768619977427318906592825096782868926040635900501766381923616432070962284665899500404795583077628850687190017856079498172715782720009225244348826240
283 281521025029566308384302234056384310941241058208241734423568282101884413600047791086803893827229449839297339704920644919507920474586643431961383274838509754185069502464
284 1120206862243950553948495100035968471913260403401858628177140809343252465355153744171774908873786843356766784072028986369919776776204071168008523939263797861626383352736
285 4457522283868433022940889268591745122079831903537787896807470671142647413974880513099720118624549216718328260183010158454842708722739305597259749176950360536194504452414
286 17737673762325259647047354845638042175916677267842678418516167581284966974442884459870391438695818653694504793303456085653431662820341353079127673099436963978579118404296
287 70584215883761167146468937466858341988875150964752549535543263432881700976932628440665994695861366102380008123444054852909326451172088398533539149327601789794284353788088
288 280883523290866291976127040225312351676745937026497854897580421662403589364002818306695610131072230769753776881796363011661473769800072113707739855206493113653297251036040
289 1117770435709490992065169266179030996548549695944206607213415681136237573150829795374677949736145419575051167418931957256306353400670017335498344341961701930329558473844460
290 4448223555457590066852842249292376869586262709811328400229359645838823216707069527470620301091946415034116140055616767542548298608414965604123026662917911330478771267899040
291 17702237900433913395182091718078040554242333668857996856320249299246562904511254183902233708381028646736336178626392558599424309334396890359802926474550408756103867521230560
292 70449395231401529689268580101186443950842640056293715292073069410885240941941452768495925087991835107058833037297051035666462904269725686141873953882878737167359067078412720
293 280371486150911412091560411021589707032101328477281910810992106234985847048327459247552006492652488191041006983284708295307902210853092683711039052399323245157909014374986740
294 1115829517287187946651500579797757322833684748324426376966580632871045820671044714211296701362817251429640350880497315849474942915394338790285398803696586292222281110181559760
295 4440881917281263595374841135132982219264285064481340424840505325202659729016726380272392257096043764959709693335601160343756736881915394677362836089915634358382388901162208240
296 17674532427577796171676146212151698259625932199829477347626728348161278833354671073374680408288722268352939066242394294686608667613194812505905522452586577818596433999831173360
297 70345111284237348843067359870736322798090796578748066590526166434507298761334218589650407697383121951264713547338718747904991708060968489172599462003763971205059701507469232952
298 279980083984474484541695162579261312583336605267682892787594881720008481476262478331427800618021509829749297219471160737182830086992378827836250347180492257392017928751708614912
299 1114365199291633459323302979896607703038087208209853848893001641922927342745433633999208020109749582884660595461441238978978809004916671428257927914760101722947777813774471113088
300 4435423345631160323383487747138979556032369544981496951412343791554701693715477196005416619233804210129395970171139456920403213417885362164948471452134747022857830687159752322912
301 17654267535716391394394778519539392727517474324056780446592734483852419041308907221301494877487725183100806522645969160530104227424382127097377228905592437613095786604566972573868
302 70270229405817275054620651723006827667801634137966945649801981989878248077186301183837696402753881785262672799493320516722385688677538801620255275197407582482372805150872227443088
303 279704874476840804217324850807991668516649535836978618814500864409298917253974044783231812661907753291973429802891541753361733362256374869479259861669564202986148066945144466771184
304 1113360088991761162389903176357547351261120324913283618905042494513345428243434190452430995293681172104389314194972793679549148979653536571104310872149824020006160277218155905246416
305 4431779742926725370348334965764032193536811443885494754378728149575092056289369800637330379550659698790376971899779147195605171547059866931545045876840745014574123578607342816245784
306 17641176600018810568359968006584885195109527194989864858964346370092202540565692153615533337888757961021235139783710352454741501464320298112337029571140689756071967310260526808592576
307 70223705659649171639678860047380736508477174703725332120388068551635490654119055170897026763504478213038265600251272807862320190333023013925095436853313563344558165530427432232578880
308 279541770185093105084362550649594869938813237368397173693522398995927861832531345690444912025775182942326126860753366378432957996841750585943244996852290270331041433243886818832660832
309 1112798182222857178986961879729389727347228211140326159590520771848204827513901527850087446787976969070593928417620194363505764374111570471323007222409559055396378942464864959601955768
310 4429888445247144106869766949971917236117533520011094976752361495067313483371402383955698014793653605764813275250995969979228445612879469462551796312649270239309286764449308020320590432
311 17635014259841430433269491606912571101297619487090521693441281040322508427508105370223963973799488843024832500332524435218868645851908444190902485744512463400293800689213296383297206048
312 70204579330749450288653674771406515435178610492695487610186933623056688283876543667745476733087722768107451200811339964889510943344068113204781413856443402820649716104028119572364670624
313 279487009392540318140289366906987526597496991693862214508717913914128495153640518045994492193674928961268583574097641859450238760784630012648155199708911738391366454246793597261188746000
314 1112664749790669871787048702015326524079016437736622182145817399064211806783498330823045341866386020934666532017913721894894464051820714069622251360563067644763663320133845091058532704000
315 4429691779557919126227619037100746061847135796133159806046602629356904846609199378411625997604421377358607795644860402712647545486820782476066624745613183620473588489692418905568645696000
316 17635554692774283255852290823467728406013326540390082577469240933365696097787123198555501810702111330086873380962856469253557949214771441161642150361446824143205847774053844893213638344000
317 70211966197346719689718448042834882032449754345390879709105237623402467243653688363429393381738970722421606521174338957434479126982166917073847784120062497914281600564102451806006632931750
318 279537129878052734411289363944010427020528354006264482156448254206957120427743791598836445452326872582296536011219796465671001499373467021296050872226589413181630913376813268806554150561000
319 1112946235203012065994573351854105790888699445231625660860417969056335628192320557896108665268984820530321461027153124679187242449988774658351417256200028625796954055521854755793443759039000
320 4431136664960270890215987776985595236198970104482533599357019888442836889496782457275927427410178602444444338712996951770908364201591974751236902030114202320546976926171562279222546310161000
321 17642590059790097560219360002095446916202843844305719951525701984911339303729856129217119580561688035457089394125078810639970874618884071400606682900646066036022247372246601911646020788641500
322 70245052467659622973395394388223256399389362843563904328571163871325274929393333596857953793910418344017879921121489465630297248981199383672147028336349523135945201930328822458400180729879200
323 279688945270737688142926421757416571414073284930757462725251597203105094730196690918236387972694754011695378540807633739122396909690225698443599964037012484270846890389572790260204262015391200
324 1113630162452137240011975118484258794107399287817453248796379447357147310339079785273716325120484796738444003573208889381909916067369699046509308955905063282323228034370583898697877983003058800
325 4434174253016992325851079534551022447272739711486558308628988961544026572124984618619119642654805882096035613434318549943270509107458149320696121906810448711905462804433163121917728448247403700
326 17655929102330661051326585865710103517440137301527075866555825934145735030309584212108431089073906526540987224381124808986921508225243491416650239481423810513056220900890780383820463057026686800
327 70303089307483901801837993825028795427156535202697944762501085348868332411921764318943546399585115122597834009264395162196480519963266719493293927042742867866583104722154632506686478215572690800
328 279939523702156657688534274265537411784472864785626858910176005428493454835460083174240579605514598281982491139171020301901332009769754887165343254439917703113063362067084881045492597536261340400
329 1114705052732485086408144584801612579402399985033256343142647878956563505247889893945667001224558613191575509582819838936111557214724765900981998492219964766735950351513654034466105371571936644600
330 4438759602831483916138663900830333385744947975595577634219871066361038555928031884996004867209520834550174511539006649415860561756741804257963971204985547615696955911508143421988839145121218150400
331 17675395874572203292495371804913141098800872459414162365589990588375766043380408585830701126865674402374648140900850157017096034811878583823371729452438688862830181561851569224423016928213548265600
332 70385387893622983805012180800034651094172279666424609468356263497792691678354499299180359220975920189322420877079836935240657411283371078360714645841931641947333183162851173681276640862564192764000
333 280286168504214717984733470711707233792872426795326780223746651667469283096596320710666627739518354978684843058264465926260318073227926491133222293824376368637516646854501099733325369049471538807700
334 1116160349117229874513563377778246521772429839960546565092650254283916602616506647406578506699183919350179584269177993228346429787646679315148375229808642618132048374802198104430991580965489754914800
335 4444851387093233747777380388238593677644663567306212060575701393115547281862471260786467393153253603264905104737861486760735918309498756627394753908712024835048888226279787630845256925980314356205200
336 17700828596185135616419454975178494599668002984336377229856716027865544131609432212643670368973915630061347397138814911525422129115134598434167458614685507600144406887054650904595180944689951871722800
337 70491314936211453288254945801506772347036529616232855920648253325265042234069311349532290065813293458301397092229260408272195114771505680512179532217271342733264845407312993745947372027607280557279400
338 280726400731836101771619699494568718915204719191052876983837144959951346020626881191023100387980078640579658835627075983053460981768375639864645283634600075716455168362761915295699057273183839681768000
339 1117986348336842534998812463651435420657259311112957654585660936557128042269947758192072111236318468997944101682293455197744138678252018048933242487571171103108836141164806375534215775185741852815832000
340 4452411625766101184090317840051433804212422397051698318058427440388160280486392171016817680095835947344244694770372313296884770410557817434103671308678012791734876554758176675494254261427851370820868000
341 17732078612694104670299713265777473699876102581642592092891427683338272108302339955372152918950782035856879642612488173781363496224257700011144310663996711756631159345565852487696165120163730484125577000
342 70620288619905073922869098182154491062807760996034883024230506811248756835731755210043151615389182699798077843492126332495992106349156389344434877438405192068756285951666246581065640998339348085692884000
343 281257943316318288898853654389043971878785253144025026648529291999731319444622909047990494229733037247325420453479964385346951431340630723231048374910575990185061274312388034053919923523866899137316668000
344 1120174138906448889644239496768543647179316154199088266594595138514395453358034042980475052366956588781880884866500985796594615401208806495551553661167922301494104327807873270307575197295222493858449132000
345 4461405444496380770867066142495027486207401786571318407162141967955921498967294401803638310682475781052892137936702520957550943809113379867103877784184336375217787321725464890947014079594036078631428718000
346 17769009452094056503008058628602235984589596568053746306413555149589341472157638117387103973438733112943440958559761005343930624171177992076929329200058499133586764504406638609373594728538277744728253152000
347 70771774919906537831036712769342869391988606741491343087798213392537387068118564799844095544589109883335534160769256244077923700596356360808212992211104330995313354454832465840908667013362550580504759475200
348 281878706678453981347804914833717214834818005102080525700685256639644324910673728567680003841763471623749172593141872145154370076261196494961359145951444323410821467824129261630080469769412663398544995403200
349 1122715544938524476182080574461842121506765632170063666097527866112482298232193382238646566512529905422326642363044840913523793800073394503949462955877871131307322470601984656766724307296188631106959420634300
350 4471800855164961926722032691318210822700102463255441317618905065998440083526740091465041400564445315163053082231726220195681065642368174912117028819782084756275911288486997935882378959499109572444072170253200
351 17811495967722230080638550505900583277931588786504803291226378989191787405143732478077886447582398775542017949682032899642295997359111195622397598945016648317332736664310259267145230218453093724020130523154800
352 70945284253998777453120004172992547295717534870586085063931771743150905214785805264383717147211994879512492434959710379347202189293068110172806673001001623330498938277176304225287238204622059351913424346230800
353 282586775650648357594638922908552705691336088646604908714158980261479190070553617853374401406952338462221035125344440026914018167990885705920320216091459966817297286587542166679087268920318256010826344274941400
354 1125603075055421652266665806488154472180410085236868200609469586259903754578799588760272224347274232644488103912024106920341205999352062481124946685027562261828667290288905572232104607555390094166286642536993600
355 4483568556309693479465166377797772223255712604491366414246799289644350643533875614364986646433997339229132531693500638016942257578383974060197865878836923383187698572382871096751017825801257903345106520363326400
356 17859423558554450760710934015946823688652280890780664871929594327602376004131201142155617525914035893203093353710322474399845118399543830371835179656671465852854203108556196309442176155355711916722959759587829600
357 71140368436281937168174776086152268916729686651397104975559696896349249342535626110449714725203556603204973972822381703592701274343947780403807752967797286723615776129673904664806388527461621556911091007705145000
358 283380397574778442580063358025504731645886978293450161100133610973480950066349693239111994272521862013766540607702709817066485525979240407282197545332518951024378133422310189048576539563835787156359936220938199200
359 1128829875884071335958304326994065854090841865227454365416646730028928399899399277515293301729197649655502365524971498054723366346944497016014745963406484853893941353800789022869849360358190636902140091636457560800
360 4496681751406829955994038379575389132880094401238173293276888831921722009815671423767695743381650424960932250898971571273769793125151432944635375879416215683994465463501915012348748212817277463957707515624861759200
361 17912687459111867590266297674525907162358063186147412825982265664410739178275070327790183203992506579016809413640819474492580215462087113912103036455350400645901427926401937419270766580777261507728526224704140578800
362 71356617902252539857627828687988916942677199408550028585416270973735633269250655099233234257248088073580986767775126641687137641005109597491865151877289644838104356241072251915494744836610809873522156471049939750400
363 284257971457814048018404856355621057758286691731319754601559521781485851969457578046880493658437586098574995548947352663170831327255471617246131808540441742371555700367330175889202305928577767446899681646036787296000
364 1132389689674371074890392502872203155177152600432480697820044837405824397602631154866805663853956309796184460908575031994582959305307306379160449438221937571130043035935383065680530269239255104750886875733410166904000
365 4511115983229689122872652521598878423211816818930593671027399024647013363681268379842887797841491469027692997073999006740194386835492768154554816563409209353729315907463397684729584481006295337769459692146528041371000
366 17971192092052591248778735160951338080494922402432037472876094048188877946451717903118550911325277349909033692269646464747108598329246815626391015603594965088148289927939390045076278856308782979457270438449165395044000
367 71593659178305707481016190283620300042546645047768165727716293421800397947403788296592599833880472432830192450395111134300653184531529906534235586912077566838266791212399297033226499997667600412072576990774056286908000
368 285218038080560211658216821186853070878750331261110526876972106301163372915329412484776951764308838229172212959895574818969538689399456405262597716714190066118724829770486517601533640159610084674567976173934024429556000
369 1136276815634475165284713395602794788677022871478872048522037373614414351394147406850728065334097557238192244611201562536626965178313945215693405059420905936349684137075968611431088634542858924528449963306458956612294000
370 4526848982703056371000204041213499269360295899240812453252145336183675188531637293127716657529815276302013222852719717654625530458886262479183708129675786510587214751736018240016316678297675003412937776442772103412656000
371 18034850477299527873177274330526867174977979410438467342441123044230933788690232154752258590174578690770142111280367422917351219467985707974016496498593860404627295480781473971510749540536863718694520647718680234626384000
372 71851152571752799100277198636573620215668838713848893789655440845054215624481916945651924632141105894228099985769956839530284854802881144191195641383686864410383713595198648448410071550169868661616462508574082157958498240
373 286259270966556393784986764119731674146697163489844497818496640153521766282743973011881286986428631045126251431294404313215728496991040306772575767242968597170931587469498705874019553317012109669383317743429254913673525040
374 1140486074621470142712037115116699420522782820237244468483862162328257060336634799235055926384671712396672295042799022958796033824001904781275048091507425682342486659378572607334903911236213634920253251767127259801287424960
375 4543860530847396257226495801603760031158472400415317231474292474922435216503926069350040948950212771226278028585895279031962978172419132003312957485157353489059022433610332711497740309978791686929570791360648113929178975040
376 18103583692236350172161845952170399282983076337407171073485613632250235787108180939418453947996498298897158048560704642820402291176947210404302009507650032865600726790885207979016425341220238990527796617213926676315790762560
377 72128790060086420858347692923894434418361448684688970276633571336672229564693028594617273383031386099845443333115041004501467022282616477584199036027340903727351524754469298204908323989140701708200717380759071907294927616160
378 287380468128404951917503768659607194162237738057283584466225924170132808449010110572995254673719394614105232936414077224286502578066623106177830305516455020288210579587760596501056609062192507520077057696823294800080615636480
379 1145012776865625577136930392840691936857308435476776113870379039996369273294797102395475895223566351790186450342027359814040050711663817211667427375649566166451800424195036919478627112651231012399094383524625072737285655915520
380 4562132332560950192967356326775756263241366311251411277561356325448979517828523125646603179258964009795207789785407347517428395964479236234362054164906910107375587562299681590655125841804864496074991538100488206557269990628480
381 18177320378101016254282379194684591989567054427850353716996254272971178235075068977958195361827185841541270984370089073717478951150343598994661793443826374715025132003305438055915001450040091915626741885887570588032257363401970
382 72426293360542630132622586467834202359221928527403696670604785890909816034799157015481479543915808172002615109215730676660143582851630700635032622982643609289285659046357542933462247502487261224818543271706265074013411540070200
383 288580544517794174395970204697039359941886191978089294915849037770111253517072063990819722389396324954406276450070037016387833238789692404679265863592644405382611174922022615649479741601648498510692160763985656561657784210429640
384 1149852692441302296855498547917457475691324682152651050011929700929863099295864998630872397512164511502618201209628749407130298993125233585311254247290171480257706776511807919176629173343662867047180354052563005455968544503842360
385 4581647901123191664790621860332009763544070083917332979595824717508502687408957405445939515393660406042936252484665862642559900669285319049246363896637582065391291412979303874925826738277022466206722002908508644202071141669149140
386 18255996288231647567966967577758936595022520275054865436083661758315602022217301793976391059263888640804143340517401383374053751189000533496696564257664917405578432935085243880805903220882213663998438044896411980538500371925172960
387 72743412163049159245486115695511630090499231176725170417316310124314762105262006413103703526541473747450774078783626572274427137915656381408801186380554379301534627598838228792183772628610897453155675883168836713437082610435589280
388 289858525113394773435718188454580474764856451718845279551243780632943387037829781252022992173623086372905811635644113130515683620789926251029751579815886043756626045007657393387648269676684649621542814665277604114327524138227806800
389 1155002024228316018258004560585946256580623542667358996776854764990374280302182683496729755940770734509216876371333450057006199578831600877784898389569979157879862802166656910113475325133261551925203564414979828787220601588750840700
390 4602392452422338821303091707556619580146312142080466753570463785745783774937730260904746606506666551930390317697002561266344042542695065704570922251111881384601458996905575176464904316642701985747768051342506466623047200072463666800
391 18339553874282413212960508133953259953154411989406650617597199033833354981769722837385350264465849411591744632153908994436711720008022095507330394863715593834985898088682473520213674909167013367406107475542796356428106155811442165200
392 73079922511445300630122634084908589843688530455311998020281706101639813466561698472972299558946210976789087127063879069498228847074589687505789583720042918397950029030262073921352471907366731571292617205173433512173932104258046424400
393 291213538587784793739808022276939421925167246319939061693659688117140258147288018960148421003610021182392711006430896428432352150935302735174275875628472404461010258818038024383529922410227594564274732236879800477045541051254584037800
394 1160457383134640393589205284197510142404800120429520614256642256382800337407597559464710189380291225740686614451614178940582589734741127104066914235136637134244727336335236025431842774027683169198263066483946190133482627091753540467200
395 4624352808014798676944503510020208569535017719912663404940165911817706126902931615159267533977853552098275503858180005741690050466682859006813963041600911321128895065783598523671675538796543920919167955228177608754221658606563079292800
396 18427941906935484862849359218794554954695060299520383997038177318868612544046643869931771783240340121067133287981110606801580363590350507050357216696553234310804246224856539690814837974267914596866418790646991968380986190041609805959200
397 73435625319445179872423721240315553953784832635488717685830972696986786895216589560790558537351001293176228540475807890580490905334624639719445949334868610803858919775287375523689591793855459664942193432362872348475233776461513909100780
398 292644811500717848237447111376584652861144851446734734624069772722662586873861499947404587696762633656280298231297714944060057765462075530292349861640568383428832222623810395891170267414187665124794500250005611019199447224457844239915280
399 1166215765375258788158134386933222630688765898570518505834005217190277148433304438852984613261830387448746588646262625632672129102227245441501703474805959131311821222345504006824567946956558321954942714850527494416657286225216559091844720
400 4647517306217349250666826983725370850481815173350878794542661002273674897717079436157238217425294784778408637923350863843534931121269934762918845505769731134343377099587813353373594218668951033482851112844818189113596517183584264590275280
401 18521115127996122285904781298269736864125279596546672392693468329947103533950369424625120027083099047540887875665125117640439561776536704357636840833453471789365092252124482509453804942498065718163011937977467596052312020264794355331752920
402 73810345009218526238682283283401738629704855134923202107825759924655766121275007746745123666125373696875581441478340169738110248368295266267072477190808756396745156046943199205550419569336567867956349233601622823457420631707869690604969920
403 294151662971497870876105647677712524579723126296148015426358282928060587098232523995960537619872932294940022269104448143236976810998151449776303357516185938651563540823681373494660597692644375145451227014411341973185128384320106816009668160
404 1172274531623142093135554697584758331580411930226190879457655156807793817790483301473469494224501542970023023292812716259188901068442351636686311855647897373178312648903312217602431947226317426685850284116666002770218731232057673007274335840
405 4671875720515114430710951141361580787696798031088930148335218929151264412888361487493072330856598840353230521993086444351002258776793724472367232604971867783086575199525649052804397012946009268889013909711640865945503681352121164783185627160
406 18619033931077547066684828548124081169308876954837000613707153042637343919143351488309496485242904978168431421043299943485248598202739858081215441226936227679623367772042792245805505122093916499632834973909061401050821161942316931933238934240
407 74203928261705007513061413428767835377076034993212666016276017838587255664129058596962360291596064639922250350126154881734441877525127819364864153327474836693215680884106638018994848462785065727050987015635666191064421219538035852217338416800
408 295733499788050128748494319655896022086673455090454639019295397863825942919515325100229184517224200760819311591058405949526855935755889500548890402881432473090231050840206260079165897487071434730922178953285262740876854121018729758896403669280
409 1178631387867088226592983652884047763737873755770749318569926394132538256700480179919302076263440731244413625457532500793557493027606038724624698020812320699289299025321794813176434420262633690133641147927875057815410167485415507059694729984720
410 4697419184641295013626460335167977505596850310362618201691629055734613706269612770233889920957043625962627365900262379940898850149828108107157517060086660795725102159894849419121690486403846992086240121361302781622645195540553967720661598593280
411 18721664068365656044744776314987711417018412138622144898283018653590532573123737723665161638803994825340154817968875882512264659621811119369665967067287816378742740622717404849202148685007290441578619492684058171732286100663464937246384227665920
412 74616242868879808036690125034064109229362636990014657430403863115157868247480616114127738147604003675156708439151829470248802008443701499146496587609297408955519686904785429695712513827790462020602392489609116413744074467165723427218773502237760
413 297389811914560697296715117914340605261518366145984497562067655278623979670826744290323377252256754193264536009721792257893880193756558600051907102491689898967904122140155495475546345567950135394611859374734917882674490549021726607827968897714300
414 1185284367827807843978505756788142222403700815058553657344198379481746674425272720244574337470915182785460865010855114345068050837913871076313371630258914223320670956448130036274722864417961552863019852229523375564866936317225824057553922571533200
415 4724140123749348878425352498641539147889017293718554181026152958733986569796916889972411855397338156337823304837392358299255497842215038414352004877444703918864249602498603768802499892139213212068277370421430566077966420638590815174049157963986800
416 18828976381205304521116714446207899657885987763553566812928417050034402887732677524361210548952788584845881162715747038140897468012312485889029554071762575453336135292626744738494912320437128019836176850084594615080329065759998089927052549626045200
417 75047176679166753402077406059876044616606269471927516710501875480427388438021102372934580988215566693069175489165759154628091448272484085983708506515197325795843593169692720001465717599617781009595882745882369333514458429396247342635738126301277400
418 299120168363362104893993964973066107389426020310255387800927407070649603360260924764579596062618000661002998154026161745441561347262946394117594555604098996642333057915031377464868149873169856014874092151229877723088466199718294908205556258211860800
419 1192231816798439826949577737541033350285137210853269769521034500551622599222329482083135089962889474379039353393254295616410316259815408988604226426874561516143768675437789352959549666812867515847055517206426036928085957663999892209818539474217419200
420 4752032191155868016468227819495695139832243687688162616371541220436938467432872563047565442175424797193418338661878894880286516906909346556614371755782646309814704415597786222219810954887891471647812419354217559710417411080748616514918511077369640800
421 18940946552473737850046123303559935394518837231541021219756040969671498918382970538200102358222132433989808175291602949007064650180378889891213105430978991924435350366707190799564699825896213751113994662335117612446755987018439383847638135549381956200
422 75496636628065953828147821286764904720898099171340823480713555632695515279813548066392519008170431442299068132017118220096682001365616250587915550833904932674553207526768034256452477354594803881149136995099509926884041672124576478200671240213807438240
423 300924213400129553463071940250351640289564929083538596223288873827465332102346969778803124838379718471077786438831954774970880600914980246274177421758496523208484065887913601246746852893088334993716972569313153403139711218166483807705801324619802409440
424 1199472376788854369929127035059341643046849335537446778682691760207473091764042812686675396390811394329999741658131042589902008665483016393947627469813093215581239009166642390435621422193744880655589362906393112514182603693703951922477280427252906350560
425 4781090210183650881590115133664880699723277141292951030054905047022112478822034503681499804675766541541719775236715538467102116964107856769900880027236990358411198250608509034649381606896876047013894490125759117572949127781255187462877876876516734019440
426 19057554878906138223429921979353161123240632859286379040907012813915054565263892484570707109311385145019025974703990322214004723796987753129486159063329908998867285745439561111775895682221871191593150177024435991961645942016945772300950536740482361244160
427 75964547846838691431148753414074644192780169910181442333449602392846468006190088264029655232409271592348099432676542076050176592677402204534344695916522334416133634186778853701019672282027644447984956570899243330484974679693249153954568504075635312802560
428 302801663054470491788010334500919087475009949505797254608901391594809348607698367377301658999085226959362879901614147201170798884859595281786057281802794008294276522585162430849287685945623899510847844813044304932490809396001801039202650035632663379174080
429 1207004972864846294731352587613496050673848335751473004007546352240559341072313073153808086057794404218195867041832029627357014618687051358852486108871560412688057109773538355812666400747998852378605115188785677112191607145445809913821097573847317086912920
430 4811310120680171463560168261138375290220634990392007519310173266221688573567804955350816221409560421244843412624674176660194335724091691261497373999383157644628742358041601539108144574803340760896900563403788681700912141225249271365259689496648667068226080
431 19178786061716108686176576863994491088931838790111522314841990605812670974393641914044740467724693029886416481343532385589891738540929656013331088257688232199056082478609544059862140612078519817171036999345645537672515925792147506946507638061328478563857120
432 76450852842784447721741290710056777607646676752599767407023028438922165340175692226412387633604459295053216939278332547635031857752860363222019081164903777509456515266609708750577819882006123077950239870260693360111027107966919458057652528125634657573181600
433 304752301910684236982411708077652173111251916503997351536306150140285938143548776541122558388225170533135456861259812954733739532309050593255814348493970007084923318413698413279473285599777850073898363892411568374613117418844735729916279431065774279148081840
434 1214828800583806493722458056970138181359363881844710904580385378680557313616097954470076152404091668620039086499716732199932736540809227706951888551860632641489649352968544448182206086981465119867415575768902379789047588530728407298166590809233427275091660160
435 4842688929827459507376766208025792624031949358310693717685010693093533387736019302765775878008523463041566288723399105111593036445919952548961124930922140673118069985627883676557038447177584221327824919099206795192674334473860684065578298258762751262040883840
436 19304629014012786349758669597779034032280151300891234286538450680156712299354558801228467810517802581454062695638454740640841916704916550136256567709602712049627326714626948376204002134707770954254589286554444164253354315273741442194099715978421918350641773760
437 76955510745263423140573539809914774572787544943109758849863995910103615603072858862952293444975561446895557886848267350694064595681338021463757246554496522397387802257062387197279450429877347328350178222868078113436864707406417980628921884261146345370136496880
438 306775980155876020019065949176897307072113147946243815127748043534615740261214301625861429652454438158669925870570871163436058661057340473839134771009485960633985658797654710166977432983926532495981039170595808632713562301639236625998459683347604809358102328000
439 1222943314437833139763473107317060408140598706303382730539137653220967815193671699036725910120678576575686437346775840503785311692715104612809253915280728109235612240579003489859696024238351005292198529294815816696594411747957085644688989029412116893895631272000
440 4875224666895902715850809022182823712158457357824935220701660469804478254031200956491079266736086985479360009984069872436376274696407056541293220195910664899821728072677256884571680153851808112586064657420118674666969833027336388227314757779160095285579249928000
441 19435076683658382294091430022435666323933157765997080707017983781070664515590578707371858921096658957845748865712800125920733815613820175063080939039981654957110927226210993526074087100190574728586654872047468924589854333492563538874066792859331819275763946292000
442 77478496612171244121182256811439714497117109958372279319250147264395333564939703446001458756692878088098675084129500613991676918953724103175650248691524870449830047970336195867874981367701325626276365372571766114458951990591850132351408569878703329622297365184000
443 308872610864764607014954397386132649762063517760593011961941667836350495144310496314577014606254628453342465173900634776444561115886158008607019723473353466807085057327967524855680582639512115042911930004678977910960654993576468136733275699777352654895619627648000
444 1231348217223635659448248219134374764071920284408016846796287476964521702612351062790641433132101890881012811219977405917165108903255065735659788311212067993383670325375471505750144351378661752816821785052775566595586672309726608039839756114859229789749054555152000
445 4908916341627162023698519147255309624914702718681320623552979046344212053559033148951345243339879650367338622794873893466917563252265989230109641354192708306212458719654051663644016736124390686405728698324650985606822874331895494195473607149895249922890105237010500
446 19570125890337225991343844153974932016593609156351762860638085468755583619351997726147022133133288599898362736847798699993270929962467574435463889165697408355400688992714372732288090614526267571133859962883968564320841782085733860045288530150436277347582209145622000
447 78019800792068300106494937706859336933460720501661632752852332702572881118797489523778234017949061996577061570361113551082262058890883140142654733522844205292372820762002561550656858570042002078336730352187340784640251754503178701384226970071068025647916335159619600
448 311042167502453644022837063311811197413672495779029271763942154989123676590203077765381233561010352595866248249839115978412369324941944575202754951744125465386952649884261291497874166170709633916392356178233373639293546166758031109538631847673556902480886853520015600
449 1240043450266106326799253663072909393286233594628262893762347531497058229863641834016008085851589569911982323861916803466799386295912275260357648377424921976969109718523075803172220581505037436475487600180973617714155574603978292276655487053789026783592174961113959400
450 4943763905960692651467993452690321284909195932932289214694243756839123175010296837820866910920930844820245240188049675704154632480950781734653498893908104033399732025405271967660658687914398787187193526017497694578278589040362038476538587132605172940481334999666865600
451 19709777175721543248753821839832437524675371292131484322166494991849351941140421675021850756785797434080496242107304592901222065670491698218119454786349488837414952979089656864840790061941620839278552538246442540790036621774343963947784191315148424875040989415569198400
452 78579428337610877712206569519363301022624605449724213642049344577410673983505764978588144833588139078206266375671351828196440880713903587339132146323053730681721319314842746370448441455665334459429724698545319224005831882580059954465342746167141330374892760839599530400
453 313284681628169577416674269539206862142228151036476626413384527356454449605382801485392180569345075219610265321106118720649435331566103845875861902273781116829560753057939296317438006752551101509938384458277841757381333486639421336934635334578519376633260879981387390200
454 1249029184429185514594547752003927144146859493719438687264726871628913391011137589355255390751580794860583775790940024825669165150729918721884194827727655907982884739039967146808385852498284720694904652789839686601437579010349754172295309019643352857091800875779960664800
455 4979768218844669774010243768254785346728641151139901722036291505638564378606825630846192741633871742343834097765104537388913222760363477229315867519815971585701846134314158575012981483681702774551581929626420533974009658039274920095803742088610829020202893348230258295200
456 19854034665721704255529918708831131313356420296927894867302345933166374325491803383239918659403549137457795842920433499471888140612059164293289203072663527054617549244148680850348359711206229175605667723103703752369314258684456254580940061022969834899054790047525841712800
457 79157398466330722576500651124471847576910040699811040201309486499382284045342181303529263568077211447966874683928506402545272874984603861314605698876092091227132181685974724234552244943429569596323564411443606744437089498636164502066962244600370550679522729073280658322000
458 315600240784525754474046148842453915614210355933372749559367159957790688199147105415164400859051604392550281769294884496910098637823805065789968573731792258421807266371477370126420594949177280843196060529329535032825740635387601449180991199935911222980710141018501855897600
459 1258305811853713778155479959898117006905348535593987874579128954628080280906692233802809770391290812780821634445908270067682894087132392985811326507836734355799396187682128447756403467736518726425697399231007377809129465467333357936996830882750593139846617559902051866182400
460 5016931013895764290519639102227476347546032657294929659818766596440982625418563033390560024958471907338006589722055562854982627242901843293516399576360095281974621707914107982132634561535886892603092753230177405009737916845823878595323620142949075309306929171442957341377600
461 20002905943900845635095798293453038040459899825484969713704111151174095762782660329439871441173059167725435147478004509273224149565064424506156788601704295995664589704128868884890425539903448900323085390996842432250400299502832718528211613391642082883743187657434443276961400
462 79753744065168916726039244668187845166204705485877225334723694540856162364446336626318123370453978781938597060719240794699947553454685315670265894430581287588892978931359280525565475873988061631759937770194336636059230106127227968701086994009008897466107648689956752251447200
463 317988986558272719803297671221567621455620851931514958568980126972285041914769224662238517806969033908909303789187907074490174710512330002648511174739548054844414770134829698769675351530290556444933548246120163136032271623238999568823927213718390966793206301694932405376604000
464 1267873938367423117060203266718764327728648315903480107722652017932392167420524482370243604666348478469836453885499930101870994409498140192409768540897209300331198370527129329619868559669880276943622583168409596925422072732450044509639667938128357427056678799002654497766196000
465 5055254869693496501398033248714610218076521713302836768273748517770746475510450144995476465024697800809402564742096912204043754166536049987271004896010857307068664252723906156270538799537204057255334101281938162707299661281504388941340800829504849042182768193784190550237654000
466 20156401935216742533374257976495118572696971728887879196742316979072607474576003306319366089211744120266911798729278947885374512852329337651713250266552400837190250140436079925734922645358240407134650138220447567268148372954127952760886381770469115039718353627926067440083056000
467 80368511235493453487780751449092062497892022189846472204073452176485180289175529342524131303723322087167831606618407628291053035974502958756759502791471569430568268010212550781567598383294491340706362040583634330492595170336058388581911156945303347931512257990971593391540752000
468 320451112799756032678992760332735185217399693176487223962099132163429214931955345041983845023484411018155590675321348152652279865708265940185826433859155946103984541905528942577411497011527430704247611366061741110780905399344094937282021256585727477521408837365821429691540504000
469 1277734376517137862749799281016337403509916950633507702075012771051778879573299679252710283632566093842748026426300619045291650513747982441745624015402666967409018269961174869439481663245033824590984478374515255363646459718135050721601313779068883044878053428720460200910890646000
470 5094743182514073096206216406198620573906315305731827818675005288159299177218202078310005844923015460198893797700576293787195611665516564667599653225082384445012527590071553095643863413611770177234265562627099623235579120666853277332733732168644462986667014500449322233590422904000
471 20314536799328591263194570343867365051760890908627539921886186622287803198920995004099499665511085403509336413977256365991563680126746868366714091446273098287913956353222230725720517850359329919167590011838565351692500242389233285214109351516628035541894928455737200724460596456000
472 81001758875621533525146782604758700314083806096551225199824301151547171021487020652131350152438538768552192927562266432920665636838638826041262775171009802091526007590585277426938508821900967158141822046678015313726393297396192486677680588249297572918726861341999144343040306593600
473 322986863989440316007052083070683689978040828380678336632778015500519471677518052519661025450117529582584185098232395724712335839985332441508238623705272847671018154704229427438585654770729791892927953585396327401950974767926179650448815431671697082581091697340584616523477325037600
474 1287888139177691588655844007135702091207005838549191187769537430807813038312142396591921898742974771449143043049478478670761695790947884922812167987595848815929708806387811065017059077515298910706681944614741446041441394303027415268292457400998378028067187063642272742426980900262400
475 5135400141325914430891217423750002172805510007909234345009989393445844343763971268559617961188874504198742117563975677488371802202696009977652856418070164390129217471614878595656761633165623033300047851958689902672531061261858084047473421480722130272142487764808867871727253853337600
476 20477327832773847671476571153170413985289548150511903541998312733788147755988574410649739245565510894811691630893757761442810162589184899668855828966425593088471941426214988655547450779019076821632948165955508006203980925591385363345306157602535032364930799597877593934279582345206400
477 81653558298130841122728298445710839426577807661296459363918192006130083123809462442936806656869896588599363591679426985042652704499489670173068772580977148155433446848983055446910682445066243776016037356913891272180830861187658643244382209748552410969599219224886073709847048897579400
478 325596533740885091019641635602024586466564723562227686215273960231171504284126208846247791083556241561232367690221613166362702281743906865600040599317075679897532407548748253225800236893005144224573411482460732779502230301543743628018587389095637157990889273737708207757421746718335200
479 1298336433696072190272082371943236142099201367229147938542598528983631487403269110417579371079749440727457462152679076837413381281017331622591357716233260982453007945117612168659092241240798000570175617397506582041622216135854089609420646134268496055241278900845081880096379585095744800
480 5177230704884706360758662503433903762880557948378079075704282980993599299410957126726865247728759353508900101263416504078198724082993405284510081082018487813352530746737225856998283362274349928485390292133526543790894496945098881690433246653586754207106333964350078930229565455026015200
481 20644795379381234575189408576873886735797068380647813494135579201493874432664545962324242298611087910116629645440135150570681091232833324917273238836286536518152330307456882407568421963486774360308394335974512154303367945117319354827504513041141137741272212382308475395447862286122142800
482 82323992879481931482970704247789098268859853165108449391344679115485070542354177299461871816222322198302902493014395514991431417389007986236538784527556174634747244029490956670793743145407476740933749229550770545117657224007538969657226880412364155803268185707123778904584298180796400000
483 328280463430486066974393946980319786050071070335649048564907134198626667571693803920004371731916730832826800873154721073845123477778386622461136533683356087406452217977338715114234467640486685226591813307190881905523998707771439875214084246305047060643038977143224937442148009165146345600
484 1309080656532928718325224622404511145076855716672548588588623505187475214130710667343587317162161653610605073687125996812251917164396450116469687099952981759776475271983110810882930958537060656365645896421078530004442921028274956246603544085341692759792426393900383814846077352790716334400
485 5220240580779942104863336244672459829970327356069531567425786253001388256986918167000019344304100870424143002484647042017033281619819482515430002657329899019920132503521155128877673410454709738232271012546599370710574489149038049169936502685076100722786956165879172461727016700871343175600
486 20816962748341175507007588239653685842682728917130981541907732729399473464635154958251248742533971765553560689908304342422837315240119831217695588341816099424089189466720212414876133129374399482717325957731197763858324528838855925540304312322335099975386292181243826787020789084565350558400
487 83013157739689056223888850376608857355923706581825250414694157691119099386463813489820018706632508589231850046851650764433371189354999557478026628807523060776700854682795635370833279583479447799333147644191531614828321053433715349147664944732685898263676583679522459792804282865622613147200
488 331039040945135386532529282280976322564890291717141734806854402168411474790556418126727217280732371921393133109152220754789462328467033632363274979474430479920066791306659545130796577414930607501775998733391997710652440275306860014236526346038574532035491241018269319822977151449044339048000
489 1320122388366851243200206375325217127966050886649736262068098131705007374298145813296878784517609114541594919072003031763836780716371425794287284886878414841565009453572954401102340860586458103668735219119710647469216581974031186298474653055954423892749638710476344754362251164968528348052000
490 5264436206297712378371554976560682584785897326265414456489482886510183507937443448067532917529156642968211040914392306789333364208579713831515926874886499231711915468034849368206556181573586091113872137882420943694011953469540880648895761776670046408260810266310328352612987745053806827648000
491 20993856139404844047823655407529244996954693145118051771079283831060481705203634330410624785910679625677972258952588836428243732831393056676900569884512240208440916908258303953537328754230630742663646525894142468696969492194886706001527786765590225893022075021060955020434171647259408151872000
492 83721159449971654995176175792405901499925348526063745061543502059363218115453938422388222080259178264658372797034955621519196223727824722032293797599959285478628966583258624932970187568336636122257763937707539566707287055672417955152879225904460574862948092129124928068338387593353936140304000
493 333872699539715120961570241737149233763051483447599329151226541069748897377339141145319656073808360732148504914256464424787516089252853853922567529490313695420338702270665205251641725803124170934015255271750856092833142203571064375601177280666365029944110409952181698761546694198333844443578000
494 1331463389629804910558611911761532788875620105885856876594916267448944504806162747474851321459880190797357609953322576536677340054083364133207457024291580114159519089154709428036042415063072260500657926637445296323305489616973415818028973913662231711934553422123930158491916164363911182340472000
495 5309824730976095956406701065661562420595935771798879218310196834393592903723045111529832230270754688950889042098852204736669221400164213533545925130690871997178095244607620249323534455233794451796954765817958967511372297237431358988795999978584722881641433147128975722692957286098352374445128000
496 21175504574728280770674372511915298600931818827936759062676261621306169929349842266645947757104370610801333866364127166975115285672407403373702595386911488223552456590784157410469647742817468722423538838580677236318205981590596062955761873891552958549325865243130514825766369162632644300386392000
497 84448115766495454805766756887222741347479732526411445923039387831607354751376024545295616860746655770276243520850763995443728492768073537235634975692426704252089675857816868473945611018466379367733800855227220428239960636788039590386934559688993140660858712545068543097175248348606035817497207840
498 336781916797028260311255564439391359822867667062638741774562676428452989774240728394237482897710804105036157884338464154473740373311067536175931586702737086052145148377412266779607811016163561611414997746233239873802884833601835733909947552907682385425973034053719429422215581875414729284231952640
499 1343105596444793270764076286331598177998627358555720444868045730767555629842211421890169867960528011215865829438370866027218692644252088526330853811369271851713297108629934314009209490416250125406671027965303126433195638676491970352130412094494360676001939365837367556209389954849640234976081647360
500 5356414000740021742725413266175493795283179524214526394661257088737396372849483771640329082186624636187819665386121900048306177834615792623734459490777652097678929903928740939897901134812834473994911492601883383072914349133790609808751493138330544295082985996628030974294349615764112706394111552640
501 21361939836919104578952867139749828887404698492094366566639452345814156387415853486947938325857292008168214401997828151177447933750910883564376356350957386062712124703543956360054098572649658255539691320983487762949957891008895236564185097299750629039176975529747879344815829659453551392137017228960
502 85194155388472516277991456407171532019197707399013882348737255013022968660154540082081747561139714597308672368758724337343468277369145801782633877472007462596187717450473779511873470342878715604444433649928002088333326844438216654197766601939122803691231928749765879348207245262747775194768592018560
503 339767213683397825909912049991629629873685589288713189803766795390003392395533050181029256158057285307737081763701271346006431866016325199273233349257230026158309790177587942239858747376185177029828206807191764553478275969907216460036001555651608583071847761394934468577855675528655400833350607799680
504 1355051116939272206678901867821688084987457787035552478119990265677197350955326740759992733751068681078851777877763556113271012267640774167421977351940585612399186111407061119773210484836316432589528768492018975381521492040600365599000217461421563222479997848221831092742769712315460597991139376232320
505 5404212543512027254800065254018382102020081551940501783858768654197836171206762174105738154075368816351391188383753036690908731125847034918621981041298229996383636710531107667029325358160676625981105407118088494481137485712152641368535611300959191038816113598417189439420518670480467541686280903871680
506 21553196412880659477055705954081390346078039571874542110367846036299786950873025218675932236605454436189946674636770043364181511007339213266811828455426748466192486001258799745472714409252711772603446916165355409123346525228653556953831662114459482059638002851802723674470929995932474045584591182955520
507 85959417739035309829153765984563699415524916360129690597751777761038581054171337241171501927114277531784584618002896013590497254241751725834489147820293234611457766955585703288745005590773485479222614553513965581203034149366500879169582571559493149073059570100072490541609114704286582708678264967219200
508 342829153693734009529793974021659546024292331516462420768391081188111221505240749278947230559307138593406902409655139526185396342043991223572021349289610264893404478871370956452725588887000564316598846750100225718094583333999576948048650679487519804613775309486836840046787736282507699000007596972138240
509 1367302227910059480878595942802221632383130196628406699267683524609303029090971863172061292183349165579806193175909191624604021565186277040218961079898056662351494492927814081458831217841397101296185670435632637210424196628034996792976047815761938072549996739873887692653670932976492134140257277946641885
510 5453229556204024952625976878651483158539433658739217789056415406703547309909046644413417445952219576575196985064323346926070464030878983768818560974651761565789281136006721062568839667145352403886134359919643433554175334108860660344871721984365969409585653851878040720198944833232333673749521219358937740
511 21749311443082371721274515796171655741038022855995986027593344686525405095843206932613622037876595869787556422413164517492770180314486759512765879247451300401129555914844036041673981121662725253249356943713857300865250277167037597847174778779080328031011584706905110225481619623815990622541217871891775860
512 86744052767432473277393048461450233365475893877927500772753536487230729900770901217881671621358437986880400859803112587882900571290103614604880141008631797172383184546320446000786430758954167323140934102340315721822538292228413652997659618074884470599239677301921175702218150071874327473063278047641891980
513 345968342080387166164241895707101770093517105533821318662471930129486713132455339789641542927715750274136787658740401177170055298782828233796710761451889645452073812328944776163605789254562742982624399973147738935166788399444904687268042882750458322688174601640730390935988145093588932859622326238975428050
514 1379861371817508443050590617723805783990578802065824570912879145246019936841749529101009845275500792112490619549537349360153607405570585612077781447488390441578760350220173836774393608527042897488521194679370854829476600141103457348033739475883862599609746169488840935709009960659630980237299858348355313200
515 5503474893003094042971391739156302645251375101995078012850643789543892093775193954189820960407145232240436191453858776588249041752525541720939566304142671081490932299231506653175111168731699290621035863850220528260025009089827060096895978265495897782123370963657121444461166515553668047847137364836384006800
516 21950324675915984340083163048472914203693628979341811735007425620651610254612623307657893982468023160795166105619590967174389056259977536881665541494697590297818963839743980418497905571584892586906508900006354615556185737634866365750089293718174800899663454676659613154004359975112352378731790802917964800200
517 87548220771214612329520386773651540231373668169910356868057268678566283037751534556076098786705798675227625934375186376109661848922724562758384734791882629651799962980535604339799262201915056489567243683456758624852104198625671710744064891121616909828965330041734790502181501219914067718134573580810796128150
518 349185425160576178265660766038733077504925498270544798097762157445758382884831033685201539337437204943982057264094108787806826088947219377709297683985077384518545049025996779031095002022335143284757017603717256339147398875011979405234439941274523903312234233718101223767633109405305663784012745021293931867800
519 1392731154088557711728702789759780009388119511016218267713132676974142746495781401405638175549337098090301908588354389536676244454682072693992342761870464531537460907191355360779296105135615786709181058388106695116978985804634454746980954143157279392538023757577617601899593257962632174926815938910370725512200
520 5554959054871518828718460246283613081000653496491300071741222677114940501168801506114826896322446667041804848954074571747511736143009073860049079905450698291048387341860324474563861800910374341246842810810327521237603038666146528298755587292656953714621625564328397963999756703071510642122361747410316717497800
521 22156278426825487909949324334869490520020429560117470194975890931659905439132169150715920634899784584264738240190335549541338396082019078543121815809310480940854244717034882147344786300221402301103433683679538911192123457225067190377716759714891481171365355888614429570759344142751496960817588619547119401641700
522 88372092237188530884280600917350642566750030811136420873869222652265410590890185875442124978558346004378290140655827907395624463621998646924454810538187847348239474935842040022257920315604058323365904437808906495841085861115207186980517788152014375934167787684444991659779654740033415786546821250461074840666880
523 352481089697611737116264579137170851535542954504127926367621618753882600668785099985291055099077471070603010659303589738820003138254429392525305773558170576057916917562500427156612498516206389013871960574180821981524300820400237550462994057532828297181299790385942229669420089205325240028446256695157696779890880
524 1405914340709949450289278689495303178928248507507273781234063089026880310753986360490246953364933030575288817722972279890205721513538148240833152818700041345728866454084010696849842673312589349729470211063827648242933381124037067667284936409272028099664058829835681635180139263812921259323353924855738855176119120
525 5607693180187864533469968864138956779416736102422109838102531850545449014628600073986139523100890413940949150113067795370854701402816664307372375441222176649393342711233661492302207058752643610319302738330690742107359702626878371250447827078133206893418907265829889425474090538147385333753305373886256885542469630
526 22367217541924247499285495858135742673376917321519143358752821634631062119441055377721714360806796929887109775581122079085863114460098384323411704284004854557186442418407683458085071591861800182914429387587191543701205834634383001840909051217099651954135616293507419449563520045779094526937031389080123392958841320
527 89215847700018667098043243680349297974600112836917394425533671022766062433107399106663909982025883254813006682193509060923226664386586844169326089594277782170854320897650700661571318577637010427514695376797097998315149978036916802840097969419279482101590880477510380869125679817492284637044873743285688955665967320
528 355856062351526530867912214459174459149921007515894976235057630446240791576488904353480201730951603595610626164420120422094913342988102061974199243902980534602790279876238824212520374203563323334987421164811598721258186343176852140956835178518116897417089420358123718659205708100354349181332412908633900744916620360
529 1419413856094443072824486231873299223040460950081851379816729975790805185238597597789710079794326060510311262257936104327626578949013816299589084652495016367500288974453644359161562603188771492713116354052541150545142435029176120921186993968721050598096224697301951261245665446339323032369010152681498066653624726140
530 5661689036461879618955867415002405954533058482633368853927002174399176291561782563482914158620643374872458794301532441499060185694912627634883953420299409887738751863192299884461181392738775739283496329386627275535578193770264553790814005193540633895447291668363616250538568092075616029633695947480250606643672459360
531 22583189365836276436691944555046994668647659052573116779806615758358135654547204001300224442553732011981618317240018333218884179734335854926639993690682678030930033771256205802896294874957062631051395039046877705922623384581323165344287669874245188262239190755689115912105428263209824762740577618365091431532905915040
532 90079677617446200296761246375781108796417250048723315982274297288670396347406429319719110794898334087085254372288472168422896704289965529642119652191929710071520756565984326147008981057862396605504159824964552580309449838782501567251370142898340269630456280953816784497218800806869136494227131066573956387935659474800
533 359311109195082834897980120109989265030731095262320325969304425444269926579037133387161496204242537937246090894751283297814326285703795873294126449316945463089901695260757146720791367888094787886283335135947061237897468541020034064558059257020492485782387483199968181621865407269146005584751404030534591367231863996380
534 1433232781204253036719183996038973754729438570789988104491047379876659036979396815384933972360852488545377166139774617055975010318860916694707153042061561454210031719273692638124676004659664554011570606436365663386106253528734212578557894159469954202262971755165417489235640382904702366423066906276089372188413138675120
535 5716959013061495196527381499900487795293390024029559896573821794272576546099025836412137359345758529021122294650915894386783203523361706195091517588367971691078300810632620718950848647411367654060192917100506697980081985660723216939204222201493922541797227053466436839649059678770034354590939367287888099718275666212880
536 22804243713520043217726059357172432935724741454622055559083348943731536822402410449569943644360720641573868731690163304082319828385010377693380866425575999893624549951504879991804004208632270592227774048667817977517472794267907574497085795838177612996581705049197794680562284513000982265691664742738943173933770684490320
537 90963782261180121007580607639376654858630092848579017232261028852087698861497244348485538595499044747470979217158131254123216826125408532788364971515666511636417382271743878810547585268689599165685761635170062437139384619426091894351128200174803358580805645591115249619093002106242992146265393415094653408138709663541960
538 362847035291455831331597607543718835935266363666923119752319823860270300472648346837153275781289511300045482611654896180697453115517297212049338878007799998062269423779530709639487436077264361862330745602085099684936822659219290806174607535753229464497072655999094666497411847517164271838364863240718170852513629883228800
539 1447374351917221511370305717504274240781180297849913630845227349228509039674863325688854203701789578797045658889704752115762103896819820225076365894021238536182366889546177974280540322397261927364327938773222420251866652219920150081500176451860308037420259470401581807388165703764639327433274231651981992725007599687731200
540 5773516114895206694402784692840484252144670793823252189944765606732737505007235818961844383093522689492604378453544179127151167042559358416655381019013398850845379611690048050742457373114011139238257602926354809865953994198902372010896116627147357672083346463070012251697647531080680146291115697550848450179305001379088800
541 23030432845852811135143477548544445780342624868009253979569214136521157068615354818113473929866998460423337952093524947045250213455371985626824412557052259563922079527525898678733140192093830261962100939054498532546755037762309801977994888277406819418738081277249580152884830592088908003054324196367948618070121550205891950
542 91868371622591272110358348546724695644068410197195060271124180421060873773969893755713016999036710022303065472743796058173850491586735139022210912472747688664352641352891401253110430898446262063605434463889189433569179760538436477308305544827889039188867425847753783575047352613554534156218363444824171130713709681572603400
543 366464684330191063849834771322600798474766642733422373131189234912465961130526146802018765633244848704893128414393926087487472882843161135165317021891495296582633312714634816539597986435446045283734687437150276277222942937750584295852374438987209135600172252888785471397798462323757751828214844040120619610025551937110887800
544 1461841957622410541327995704762234653747738509945916152854581747467922283642725533345024562785000914134861715542004183635726383228645659836470980900272782556941854469111362775839916806995928601114383524105239371554023929245229203035656875118444470922218338916797910756287177953832192275770127450016025730993025729586934592200
545 5831373956997714824513913609166335086101668125579905677568984883875526907965874624114224179703772557812835431770870903704568965297059733991730446868701835393910280399270299122993020301600989892854644414566437295698136822761832045539746270541911765654934419439263238637838430682690174739524934064869804006834775067259790180300
546 23261811448771473837741138988050427856076498458587074728309778326696874735460901444485475106905542251975757893834670347622856684883629876678376787063594340469183563206472717527854907923721631370765906990788586425993442935773617312776721820809396137199663682954253387343367514600978972454460266846141122906509708727753311159200
547 92793665332410646260089222909355176159558753163467785446794173420558378767433707689905489416925972245604306008038176454099377804050888003615840110091321440671503398027511677291213566822492042584938748271828833927842065263485034673871931847705184580337299878954420013994394336279808607548481297028409987915049728772511976822240
548 370164938318309382540177500687928320968222463819446247090339236056360296809276956258528995831604954040819796217587885178930618355090935742505056516533384497974571394861819270375868767456748243427955004830379395442297658026414751654587232028258723896694945929174464786249468001727314333624983060887394987411246313705988338779440
549 1476639140032874059195545413935492754284088450080247940605527647217533129070762894401289017103131444154947403033041695554991020575011648244130965157417505956885472190923101292659212186829977011986036006867628873812725205459188106346726800190351003587235305333014563726296535462646017379356382102894396492849751923598650887943060
550 5890546759970911882029511459063485546747229141948302723807812248976495152436303248963637991183466470524500739835590055319748198193511430159312535119534689301349062653821492135998492456254438070124148339259714662959240311602054361801499211138112837685370218040774008919041246477122463368964924305323239212617558639759927057039440
551 23498436615782318999674761534393625369583492271506716053860422726783594901024435524085246906778799554188596049321407204260148925831357028249778153708051441760082263495626964589010852482518457730292693096936768698163330298234196295917171212281612456324677264930379888610522067202815197192632956181740696134891883698951806155874160
552 93739892593697667253392972519948113639794280503156983831787795043663813398671033349487543002351975189079622681129512877063681793457359483913538512601124082923068322673167149693964395696358355118194236802418201721848190117409720481030185203957085008595105476641379039906557477355468619932827887618289256093757378373015185492584560
553 373948717323684904782445345955166600309804609328844161760163374670801708241097760060763535658180876039084391581333174525915313028041341291126379454126786523745633254655648271329796747751799413456481914070978438873894492977256254299700979743830731055784485690801037621086589784066879153383817681494852528437161876196297569249081080
554 1491769592204356918458521060479294302478006782551392512907330146682306946524976745958104393520199123696485900540821295949506615844180734302861033081823617564218443183809729266483302834610807798777310939252428821356203195271600934007485060998800649187815204141631062504788602228589764176625686871337658586852626625582716037669105920
555 5951049346236161238280758495416866329465807537386003662764918162264534000419090257412212121777536968591250898438965615097491150156802193376063299209937812523719237580575915908451961149413627981609940341006794609642839062848828330475979069024532813178581234698420124419475420297629079023870531923997276805005107252637203458243358080
556 23740367833667265857010551754313914411346378434412315169718386624295847728968332478147024095719718441967667260641006862223977938844246503700488556430155785071187050229305611801902386653409147153631050910957109173822730043884259469898350476451487296592242768636431072438821696353367139373931196000173067693161615674650463555968705120
557 94707292127403333538345013451318425976169736972613408261052691191489172015173022240394881365618650714406387105414377812285529792036721644320914303549816890395313918452195290085475383621279929054218685394407651385338404420618232386872018369019038483670599161861267702984524435238921276966723953458415682357716513334804609310587985100
558 377816979268053026756913975789146938708247722964028081364366917839422807735318385934961818578705624760141848141925923139905589344481705479639376989056079816462183928975930986880948305837623918755602504957916839143601719725996646534339285335886500502244179325894343398150125912639598926581307923657258910503130961874906091183239213840
559 1507237157749574251021418519397073779796283114128101005254216383299339959364379490241436241619462546900341072065649164489646517439766949457534119251621737334724829530606565946260717237483704651504526549967482451791669262614664126619471144213185276228037313131304012074044080185205312606898420583303704242341624192785461216937543778160
560 6012897137057364677340993877011965710610409934317099288433796169222890770613731352407001810898276687812376054531653458258065838040121143611977826920984874211770637720583209875977426365791043602717975744964391162777341634200569900864536507045974845761361640744369821760994026091707220888116576966345832124631423321574488920234155765840
561 23987666971228005748536126954189857035052488250027114243381189808253676299174023879548980172597471920705246839773095522964243310294430875655710496688683181182037632578711018099444776932274475031097722286602937164297603918148755490526343633835407315356276713318744718548910605058871133743638059465456581252751683418935605270494253596760
562 95696112129907448635454227915819192066334039172872266967927367061111438518756947785457191919442909958461914667005674359670829355926253319027576418130263654655991460056078035589113353572590918300151940414411127578253835271511558876591657297886356173799338147706516331632776434564812518966526563601849775708568122682461751191307031218880
563 381770719767218268486003276107988838547436291283870810349758649134452469140261989906656507895076649656283443576178901532727369328343317493808774724956916430499976992343294303528874857869060497003548203787564468801857529472482142955646248606973537935185166659942399792519090066396782882524298991235389114541666957647812109206423816136000
564 1523045830238557324364723588639847707323868960412785244780153185997242406781272912181740872030452354137472631712080440468749850300343219105896736999000917022563984334419895094115669879794802317412117184239941409421593419490806906275624362719137847713479734008066857776944263687485331461096002966589857501182754989534828760302338549564000
565 6076106150297572886823718819482218079266337105201413044902457503659826471390022798582647035628798562521385322209896392747565934741311117116909298691081806610708644707439439508519518740856373172234211024181614650350409862339568076809096153560493593673091685203126059488426685969847482484483176250260781016257728340750307154061922559211000
566 24240398270922240683874682706577478187671879094972604295110177889503958649480881566606283227436306209455274412555007027437500473099216444821281297385232098639664948047095493752510741920543069764726079207901455476769560141414441099859115023947542198423557841217665080654547680442241587927176574754442492787360009149666890562354869587804000
567 96706610241959145224340730459963981868896783465298097062149752790250506262808676284856236445343529732291553836188554498590416636578757696443201088745337271915969583284033148359356913996481925465990315898257672282714727200618271144234353052515981933919325284810810269842524799627213036698015717593494093340623121773848497857103047033108000
568 385810972016227436402860752212703862378112223111234562887893386922955031476652152926327054035034292171463166524099060550428150323919043217111948345129105580193238336139217911699403802694317183499045037401423773766634462508144801064077552329639076830455717628202519277187046416856166329634717505251924504542272951099493732388859222910276000
569 1539199752776318357857966510775605725981852563511024708333131645779370945305500885612986025418349763205687180906067365877489430752138035087944019385232821875674566467537405692739779363720019807270597470965358288103482985761271858604907046521074022455730043603571387304677573365673009013818961889786361198090684923017837479796319598662074000
570 6140692998874894986348563686087045574117994740406416160112513462932137783093108320160658224992107074396837766795942263311511993375221138124064219054654131641693920895027976298511411511055521462645098990721869242504446609352653377021968124550958819346634328256716665865997804171475760916300717698355412289629310131584470765778127404001376000
571 24498628343257964896619054741502154366927458722994151479979664543395520484799600890948020030292621262977901903555156802491079616574038057017123663299584397661059312152358661324232359116654045771089614616470680533987205995159859878833577446597534639327126686919614799774568411412736522715909409705046749434383347687400392194823021359526464000
572 97739053528495923010043044924451638781380097982215387345065898922186381220745162014462525458100380596009673643418727351209002082392031688275957228506778010815614425453955406472673990901264483577250470826769656601469650748934280303805107924454528194516440573917334127002286793874795424928600450133608093651892171238352957830412183620541883200
573 389938806717453785316068937730214047994127729013039210198692707090764908461340033290390000371671743250192695220360932994029552410447320544845767111932252412971171635970724022762733734719595577029514583677126167525888791127809031238189699867702416552592396069366168664501153963549750956770986398583368053215066512786868007526813861052639113950
574 1555703217749792478126213989126587602545732720978366695209265834921851081014379222185290308292480311571023713574310459210653055437443228452193307990880364093008864032891755330046853612314619896601996293170270833185321725110361337847902029792600356400685102587879548024603462362347824468093566530355548438669775663581190805715266622407760929800
575 6206674889886226944448001975486814781217292253375157928534173295318375484319721524434207769097948386355047518133339342735760806564748754170232278283886651320162207642392676308300560722287871873314841815792368273565516106615248156811956708091230261049072075354653277788675809685667077095411759948301981785775792974892118542893877099276401470200
576 24762426163822559902348476400618589618800712106897839372365911607901469702154413452370025215795494741944901969910744493117763971351249835218508976347846147241071880991058294264765058776580949553585731068935544355943669016795489313541630570629391814659304839212628699065865244737422505110123040141541851153665255366919304240123951849859596817800
577 98793718468858822384170705547355693447589975944995975264173317556041053695170735720773807197658675461342656773546976362279098507482955495064289205904809700152712416005847245438940795092528611237825023355844298164849371204064272846334995419953326914135319105547404302251211284875899416568157925383882243300229404078880978232857190888568434684300
578 394155332049703949369115096111149654419263095032903808236139435546336346495665907039449777610990230007600429852100766722849604121949638582601631427730927721581594012357195035773529321740214134328773324806865767368835293558015248935341338810663821235045560936664170287707345836329707487835356725747150349900251247755596439632391235305754077978400
579 1572560666736665582994581747307166153108114364734926416727853316432720416136387126709173507054053305443142023800768921051201277012404108593118204919797143388212448886564765464078508574848507676416402360098340054918226684931550067635242145054062092299447888992142780099085468452073594228144972748735384262242013967774864357141910575887815006581600
580 6274069624369867290317867799945416377467852865249845767319110129109375107992313604811321046963368125819975236274094656995075271082779724206517088163395646198879583826221832204737419369187437847269726236699880811220149367287964363860076438627387252226287188688148923181877098321209308383870493471498399902959088914146194212550102046724435305988400
581 25031863072833457442380723110343994984393033804920765432947540154522417711732011420495353208787578135784541025269770996837275262430859310724988005027295378577362721986962810951028721247489521058412991644220535354521890322856036758296098258024087055219936208186433941770370067070212446655465947401563443188741045156976695500714236653762548859260100
582 99870890956960468829380048680063852842028615305249905285595576453279738397270118620144348790451439856005066644593122856674298996003814903313613102601249734646558187396291211250812194712402122475702091890623369570929173709276187959163832604060353963634843464935375872403798319401787738789722838504816402674433319413977320103322106697998229929754000
583 398461693676612647214363988635848045959058029157965723196657960110655529128358542235503284493927943086437818638275150233796810086178292601655738487835874856286466381311091748166137982366568826140503207296620106311004381307327753259860265931892328304166775453674744250910783074760147697969333047462149119103545016703868832097560180403851513888049200
584 1589776690569297250235431427596126208850448466733286325765877546301578384470355443661515821850870612414490196086236837397859525043952751251407119127923133976987974188378095893809921399254781919669401187503827948478164261521880872051892510454933228213409168414575825667309492870831750168671690306920003323344172836921804497978147890997458638258810800
585 6342895597680440817606149046844172748971081515120772391690414073596199702843302521678238319816924531983022973253580218556910687555063970047305351066739041555031538802038840514573431872428381741783374800012455312355786083604048560744282172805097924686668689247961566089581428229762117022473354758177239244807044610786790953725278237179630941675834200
586 25307012777106341554435491957357012935993970823664393468871937855857568591004269939482050169673176780918911862920636070218755709370163488090824735221637045785719468433921352956592574106769553787306973200776071929729006831263467666023937762533207737110990996313486216649417176924979633877610991131850940121933082443202151949058087735224236735022028800
587 100970866310998838431891027041043242062164393276799909321231518491720817956873438904765585719516168753805878504830668437164194103998822131279309196134219671900475503968546765353844702643884499308050890719041348215886373910139347556906235625932876028415380160581553020412671742491292062977782830963797327523445124766603749254365826543770027839218422400
588 402859074792731687299627401006822191373883681599637106609811820545079617258990570819415256679477845702450723717436881660013856134361107212960594056235719836782627668698269482224081291262378630600913902816294249507987367233523667258074545606764240385650049536224036242206650074484067887352992084715392752063186517530062175367038170160766570539368108000
589 1607356029547502408201764830271258226770615576503137329935429638488294633956238719396584311116864760112767244502637510467840138696524965226319456916880223194676123451132264065486496724668397739915388380139385588427878937003664018061229841381715722292738426262071884672815640920837517568575632697739159229243185057074811252503954768546561601022304054500
590 6413171800451724317008002602632575767818965083449965790999092114628765500083557697912050364005935479684217954262207501332962658226206871377410531189660255707666633042094169263542032632123562696805818913852944515609954272162337900134251960974609556821529226249679386852484748124505040305638092360532646718473172570965061524057719947101790091926518958000
591 25587951354345378431700113629250479099264531844912032193924227004851811290361377552996296715976610856328402028899000735337653776350552052083746516881396431035777764377692328690752663352505387476189444575672635725729267279681390504873140482327876741183548206492644606723461547792150170260985069927139898021406351624194740308662968760299244626886380962000
592 102093949292342976408649748012977993781429574660760558941810258061291977344420110359477717760290363748518414397391909166865950213699142191763788701617021302215665498435595849491304569919456459441623161737152288661016468936146156916186846977881632984711701158529650275978028356830926942210026646257085444013894336011110439516590695307514132400812216854000
593 407348696205850633754025725787644254308240885310790122259006662112972062665261811212892627025694687282475600231269355653021196457065556979316180357887349923168008163991171643830446108702502565670457405431949122848499954434831413510885936861509424421368273189358710834562081982346559861910593648683802282840273896676391168401496076444113300949466979933000
594 1625303573794468295643646943882859511537274892769368335494336964688087747578754260234656888787637733771257238513769884214450490529712348533754376215847533383366275502671489849657611030766063698133350857934243715501710223352728398307020966942943997723833814523949019501536945754873778823023992872871394852536522989822159826765976494601875837352600857992000
595 6484917820124978433036855613231822032100605230657974025209670038904675573523441238083767483654205542465720260654249573860686400313456599260331338626563122867685865692942793909256762975537666018945191201396856649008116242061466673940703454334783520807354240837076850976585336152590338654947833034474774277255769846876057255014734306119262997966260951608000
596 25874757259667841871128431986617762188332491082779618259272017968938020300432009368103321767434183593556377238684326348488157727692267768141648056740726470832095227150636069734260067698272677687841278829143141207399972830321754970339173241028417901967458478443349133272840792985887747665107977753642736722216764125579557363903985100548447081839337166612000
597 103240454133247786928000748032916765822561521302576313780078565000860921809236108915392273392748403845696563464510461169818798473175163432110727055688260723792722281281297121993596511188359452851138812253047144984679385025776815604139113754033355005237781445225330976624088693359113210769884790035577041603114125306093329339344025529333603310635682988928200
598 411931816454207573560660594641847884768319820622951036819251834379371074847750245845145489473877009393553637131840761615095599093839579523907133940936493083775953245675247987155079248950617399101141863594194730229241758138988505747639839224710623536784859783956000978071089160486885315689387890921649179838805213419329240224973216384624598270297808599511200
599 1643624363750557914281341965300834078764123750591822776239536618300855628519583153636371662087864557028875410897444234273030143769231709729127658273723326636870584524414944512449838828613186251872885253682269721825780802605786624329383353636976212385954971150685709340318127373989175723794152606922376193463056231415327389143303477657313472148348997556088800
600 6558153843022250713632381064874818035674118671886638212017293804749008443299153640696188987933555386132092130862496312649989377201809038543752082148939152937653760719794831855789162187241680748214874274413915914394874789286557571669729531266292095744732473755918493375742685060781287855202588530616295822427518992826149035427220448438410927535516887436111200
601 26167511334282798383991210158835351397843015203290887605925330690551337792752636059850675739763664712013820874993476917143818467679096998085935301192111216016604248173914375557237945797472549792549701668067134227017713721201909167318682816172001523758800367567473127257729142312324122772455052846718878658558051967728187701680053610681274142140490989142066800
602 104410704573083620025051829944478705182479839423182071010285140131249933266352650159260502637827210877358869360551200270011635219874193148974970276615701835972709065784823131600321932917038022302889295584690745749602961020295713388356365219091078953390208719115450518194097067935085530655232528569910171721900605927582627007196320285292701634336298532119852800
603 416609731957360595996641656794577976921524818916794212072163045336708309772049445450235319812636881998532300242675543756036923805350552248973189721568911852583346118867991500100952274621640698406570031280423563625839286618489403459659761828395020352850789117507587297934494181642199546915836873839835714117821276041842941880141223495091529355989643376432102400
604 1662323590800191016890289059105829350962628303763676627561364639858147481419501448985631400827990971299664584530972394428289876129792650843731754677060267119926336479399997244599250598652107907147903638351257781114255783572179185656144067446713039290156332837528186701283515309079186723567875062098610513362372264391512409831523468051589067761695555255587857600
605 6632900656945839680532761913968692837611675311807383117719844554640625314943584205388388792728587163187368891734873963437643887566514041044015660479063209530701851754443909282163601721617262257458372651284876946796342375709314574734779929665035418553123972800737100474093575210578518908780974010088396413131183266497321823056241917339570143037743395357714949900
606 26466296816250279699637701756452296029731223170724282813791486388004665869819727085238115573309893511815298509528754305668396854408612354046771073803806543202160758306733473017877995289337805727769821717118985143589029850792834745935105434293069759619935841948796360118972617890231963697253881927283834662257916675238164724949465185936576828786453266646303083600
607 105605033902792906292800624679640193249995140916958690517004175959393901205194784011374501078490365734037397591953213116162271844838969191573918393208390216206023773762307700496879635838159846583769736893704073111795868456471511120171380412874154266416095209265120078765169992224763075126726371209375149361695627552749009385242203989211207884238095375452206030000
608 421383777199594621805859872457181094178045402395771919053081351897680771421430163536416067532984877498124741998145700456548887663544278135403224226916752657947656695283836553958758579339424853510501829945049622692057954551685902141656318102895636408440403118368347678067644989899357120720665421309364527910003404566885094409143833212389993681833696494527645717200
609 1681406598027401667108336570767275770397528955978585481502364045861034524204636452226680574356135358809766514078430918895839585388054648876055262850956489388274108133764379447478271644191954804462323197661662505560202841037823421854411585013182092229590133450051402903878556964574171102724100270438293559266587714381150029202493387639829148477846888151106012567800
610 6709179654286709974309101981669424595582551245001691202861066650760950038495363361291720891409066607027851791516928756398498073324083215972712396557048105757614493106154745967276444761133918466348979214749180203968598314171637794053443719601752521631130531172072298016445423392860890466943156408786226049272632526632660240453018495357512504791264246044540134427200
611 26771199353253647049728469237478130664694627924601865475849395374589390392453397591350810661103633335026683915546298358127617389788484861087047094535809578609673753120776027493546457166909844472015067988003585828511547536366987068369066559318031321725803386526542306325698810495831012423761315742767487200537943106999105186899157156136642197943801089948941258180800
612 106823785017310710388447425035859992723809534373896110153884130997325060892503510384212514119263176336725743867515942604594030231659079632947666954476830850306941385192944355314189970149163287447668421444999958469869973811196009664581334837674010127495456724445652516691603492292634633660868124501987782484082336684954650276504879694469624003442894044423704659346400
613 426255324944834797847087203166132030380190296383940742999819251792972772198692673836564492514037822633428096991277456723393394689846604974933037876702798057379761470844188767243188120930256571063529122682744940620647143704174256173882558001522300050886160814062550643017841566501484949076941534425537017280650432944081547676946575423636896639420785958733755074341000
614 1700878881096050271468364862932151176673421410384412981165741750817755023084017569083832594016833536123324730831938524885168453848885152413921590159635381605545907445462010663959543815299939407325201193514389169190154498777702319691886498955448562223172130218244974715041967297805618965791480431146690692751753586521032207133738251581865806139325615272577374374484000
615 6787012835626134930130909174022805535645776558334495500184556235266870811244654341913919109793513913226907397496647394303130539634124988450059909017485632814355216899510108398737501727693494602213343606689200694165530998764331708162961775858411684811284309798144502714097788988566286591110711418980101750478433580424947992570029458656659896063907762403247721829916000
616 27082307017323682711505774163546671030516470092435662380020572615017666298452890477378205376986235196727608573216513770523236890075164566204716941934132436848888656341382078113968079252902384724876797267231277209303800024628742844835470917413889947123336141203015609390277076044172915263429618051027622037788786325255456216117637652356503994742458373246613359712924000
617 108067310475708952072416096232671018364551737081955244164757268087984893516498717221180428367803978197275862879409260223374516669347150840451885665510673283894443611386836203317788275443192981818807349898568616973257362146742709530368410880773011629903120629710189502915121761345760238573465121906832680670669279529509286235264889277192629877641157809631140289677918000
618 431225786482127435163005089674326331332987717261009603260708128489994950813574501394778694869355602874734530038839849823507011531607693936391915822123071680876970988204473679563036664648387382558127648654642028020054381679796488924040646011539410336861969187861045655106665556592305737322401085645416624686400777632112342813766278168798953768105130831301639639075776000
619 1720746089251020188414839683021892619256430180107008360578389344888954591006536788955009392598935473823261334793245822729848376493973903013533623299104839850738851412148798011695354240122036977133342155372691254219140229611277452974613463236229399636160201272514908404811483550682060220345503863549928636182860392109962417896868490282207010391678748804176894333401824000
620 6866422813816224963480905823839860704706791929228077996490064581434413104180726084522708018820215882024968442492661545479201333048686323185030716283234772062024127132910401060636766592347055751802512372329806166967302255009778294340082149759561431250086049927917492600011598267187856088324243629287603250233135418954112225575065742895439176077178996392402791623588376000
621 27399710321458367490222093167401898636128031172053267446794162614028075745243339092679933417955868504656899515773206255657165293098678695631745665291373671670822931094474407792207715010876617852552791781875782757890368135015672852576150541265596460403648149483490191548815136466773528549760353067419350539167264149756634746646857234999959638216018593431729301942629839000
622 109335972568845325670630760201277930081769119212586043225355847137121950737375124229535791846282321479650773540124350159998671466445849876361632886841728391609154534220861593436835459439806018536831156967336111758216351344450152327276346991241870292349470915716412645488547601968972719192462700332013841184734592848009494921332268432617932720456766615881243728692474990624
623 436296611900832989491628971804502839477972475546606965667592357584965672001542806924236251227220131514631307417998325680357159658648013328321380589401888547930636947519338731279050674438063994691100014960848818808297906162685722422759429156168429217754375590623995608732797893618041345085780165060526316064530378530745185942388601382875378997798186191156458929729354465504
624 1741014026437056809415094083483333776093193955449851335667302633369889239327499153272109915771742455412931176356648964207967736769873282860134673050547465604611821489890645138463512975084440083708603356201304368963706411496638766100416669125541742621427040074445021250989730151025698850503099172071019876888711588174568954189130534532740077737833103592277382119512606734496
625 6947432818526286664388429063034103013797727644818799237375077602207620095680313137300551200958489820434869951369625040990742091999181423806733013853827692737366110890315579820947340664309376152928538345360343360640945856719618775139318749902953361133065064605375630979020354964345557743715763671430565778568198626110102664851453532697134793987897494377844054485329318915504
626 27723502238087352416948003031027749557335355430430946933173977909774250412289689133821287326379415554784355932308047187004999238320298344487961629996216543162610058644830221528958481523655750018487471886928599036835119655218032766100340156684493669139286200310154534495551732296738869579630562321867085127183743854286214910147349885217871715165429716523991558742190356048256
627 110630143394317769469845494947955127139820509534932013949432150120533902245509257638417558153717526529485715311904483910199754725534824192322972337882372759645744861329471121075433403565825568263431090771373562198660624580186506025655986381364520356594030004274820585342208284280268819151881205998832797138837335287659513672626825855527132452399514781047064794017523447398016
628 441469290394753386565458822406074660599499291866961640250629397417843579637276916253758955804008256808363076283841912676327388353029870335377122476342520955749440740630043272158750414372971930928652624428367192839439414841475881979652331945338025682137929094581794989296521028928907391956347016253624565870450451710721973084771940932218680678966879292597345913322114350842048
629 1761688652532212428727530960883442133262720002121291224365058112279490379024995323118058113121221394459683720598433970492791107972087768491158833423758894220508743332905563608812516564157428150154149462465283855751572977500826838616325642186829825124580483741771947180570745182378439416394922935651488356897206831677184537052973140117453359230036899271711475903471482904983152
630 7030066701243156505079800689164896722318852737583180575329428271045627574695288856895578841397189031657919466606836320807410589931253207897484002020961098997190803992724688188014712990308525832861615515542886913258772665329256119664301432818647292446503597652439048334577511819680781763780669216527117725078938007061519251813103197997275123982634755725895167156190453753261248
631 28053778219334840153352579804952905914643253679061593614483736799296721115830573724052819887897963770770898784241271905509991706911936224354992412579180655827701861863799134964965163640771960283934505441978539065997742618165498520445953805661407260388752030714165078172321782251750394791146336938296729281176851424447859306730605957268819195990235203940625513166066158143364672
632 111950204938543817638957145868414014415801867285065631792615153365960568948503941348322159727730522402425636354165326278364841009743084881898792227027697487199191134010843228317673318789326338794392404735993433036284177724148244405363844328739029266610112310645497121057723835693928921339857900529631882390012526678175959272798648471020807762234651578036872216152357895836518720
633 446745350594488556942911473529574372530997270171295344979024777344728941145057373482681456963338155429181373965371557684220088591484807481636384441997493635483593234210545479054986114419890523454103252626599129989316203498035178350788232822822740278490226035596359509722551788222474593045282122871310078942646904774446134972724208392508549485835292742404457755580969207840568864
634 1782776084693145134373565476199097678899921953054931419507048521394284952907866250658750392939498324284160121737362805198933363984845350523535901405417630341892198700348244250920672329152605319996541960608617045571224461125160468343678355052698122521790055779015236516812110338076248595615112723144459582730825919021872410831587228057957407931165653201049112150205001474097358336
635 7114348940714771841764209652273840174995631321723295592479013704138213207613509891635561074435585873715470890766474262177682503415454450059195513063656053772828223037919690856077934225546791387544814637781632869125879211392660836002985051515099460110500951859440570100408857891697521413415221890517073465435117209918484229166769310261085317899621792709495616930733476373818072064
636 28390636219038984891523283290100126913052088027835638363764725620138226899625399746070289789975439437091546910842405897773181075559679912545774210919312087917907581949876679735747634001463663905444035745667317331398523314091248364478055294107921929093098734020407319610975298830088168303466153466649753088002433231080124265964924700299471384112269856807748000697975878297968224896
637 113296549165801420055667129892499042220958286326359802606406615947798766551989426820975494081966809434065257340042853098691090348819838975204786278465246972079300043840116341558604371182819807768465474286113834255404350556777972207719478498185537022193666276248377478984955773394608900310380012263592461929627977681360416658764810126980656626086558310029640671563281808938684815078
638 452126360927384801370513173866908456264399012321580465927773359352314643030774146010741280311313180341688394938146091174858196957596993713603346852119531222914993333458589762707412115966688418534806728763074897098335212234794028087157521179872997342117440474720897991538864938408935968315331439841035817905456394486769766073081492637685375930636672081304511039225740662561679506280
639 1804282598809786062769110927221399142788916725342321247357469459935497483223093930927025483407077982958511475644132770939598613646373345708161659324177943053525137561622073515617093452100230884460069928476824013421781607736698937708255923984817953117870560046635455341295089809437317326615711911262719436383375152824025753996133868282348303290450442361382800911214015155125643309720
640 7200304648827287079092348330784877678731059929389582665601918139139763914959318247902782789514666145308443815673927443867584315308476882198710226014241371365864218019552269498121718238294033771244119408906529496582927632007950474294639106392251597830878224996818873309840245124168842741822656719657360695733813511498263362465848511466123368824578333281323704115886285763750216562280
641 28734176716490024879268797175514358475167441636201644945825503736629421494244896477614161700125440444623880895848354561008782763147360934732682982092355999093036492624275099937358224707287534180385622904475109118409642766938119606082404964322600553877170028794970230855979924960097802319087287131274881690403810648552276452567452073142201598496230410831101771763317198112474804027420
642 114669578114083941404350397531001389608175820613154855465421015869731978823884622809557949959143786699310955556027071684735197170193935693470672822207200553829926156461321174113406351458382527957250295002534686292471562719167595508011946110064596957565347536771435391040050941991689728757507581805982642572185079879859909546509509333205700468509377394205390713595163797455940535950240
643 457613930004500954548088353941623601558126979098590597021484272280539592499009726798469843334237150606552336557560423615546987339244186208391728872737949210234545426305433817388878333547229663392859546118712156920313370780031241663756261535379633230845376682760341123191398327883042352148307851024989740572528637216959269109578109500093113133706823880112299344955348124680470712966880
644 1826214631067138214366329390807176711265260809461655785880440141175851532475667399891955581449890083287501879228577336363073801429672276760665524453258395619832887604529024914316233155192333380516140311083634559482796945602910491564034444620924125328215593588618875962593965285446414519619783887769351848566529266778080239141608069511407783373734377709215693207241372375030111107531120
645 7287959576907020529356643623549006080913788400821912480756429380362002283999670460698752989516741679189455775354139952310114705223728985826271390864132290663034487418923663477480445742212356624133135381954293163615881213145195996782811157271125663341262887240681389961481309249876783635270702307480344696470150106360786377034095114073019542126347752282577946831279198570755172770727380
646 29084502741853202795862053608145299575630814442105278931667507050658380435503335506948841359152676326281726550897630980983117244197669610688294926859499374636536105377641841974506977103609571336561431739901120777207834172126899493120458341512699727922270588882450738443761589778416287147341774064201709021431526270743406382675801309922128527175617450639557440001514209686015126631514320
647 116069703997637142780638213064717297177632037985324600000887065046621242510428686735257194678189732252900975139084874785507312531590985969499139136951848812778659833433932087724020058159311123370413233543400044003721107414356459383905620345152816067649213674110596603535925978859380832073737364799277658625530172007974629846884011514815231048436022251849247242253904695512142551810829808
648 463209707034077615033107912001556048776128003985375455991500408749406122389793959612325026029089438329168434831478015218404333213391865991366344367893061708406503929147569780380235020941155731836028817071242220313005110047104470919540532070522651745755511876529611343244461693359515191182685153121616580357741481129836322293427094240180265737806843487790176507969486146893126212335799408
649 1848578779612203044370747607944435946058048941025550345870655232582662111564079258984392651505617187717997545447612629918142601427621863954844967670613910812523792497793504958486627423600130436569203624041947630369535578630912096719665834913362286383611180007646426845466381016715601223857018480954114719458302880277912158700852508340550134253704644882016166710138724527564902468605921592
650 7377340122439433177610390222027544097737846800016545127807522192122355603977213426764471717433488468855040800971074392466633117006157387304144921992453595055351611795835325326779353210876992408312430588744405189449870127182349922569048975441557889710013972703815973132265205738345284290099280840516325455559143596738487322873315822734888477477884695028773160758565878619529212316666705408
651 29441719903246127711577199899708362364579410011484260009755052519634838567755799563288065338961858844392201069289328088807162417412728457965321329555687613555358416739553668348058139132905223032804389077281925325026303953059087637616402721687493558016769373101588657928937217725251280066266525357875049719568270502153653733324332080818762456131632400679878346559067704464276376362719722112
652 117497349316060091494624345452593354797258893873708830340222184589287107042720796726455498593270121666073904824785317161299385510072838991502647392390782606913462931602311637419914068211239730517953609707459621003704983746705367020453278352974804723517478802572978815247178105444668854890410888602724322084733894267499004259609514688323639363858484644358245422223096306591721129065604214112
653 468915382261050293100381095757035814561204422531316549477409572480561332312165290045815945157492689866026010509629649180304601588788671439640865064868346086242602052511210959159163241164111852805377936212080908301785492898879164895639466959889851570242577900514342604439547201522224744806565540721899118605078743011551435663493517854587441334604501348543720614762340286722847704599256421476
654 1871381806324249516404206029233941898407236014919602950187223772632423104793667369822443630285393439701764887628390405241842372973906037828165659273706555706824767950427901022743059914346650576063034452402061434700836058570417006126741787387191383158468815496828054226722768088575237550123062542090641359196207272807924801300843777832509207984127288749742252375503305351281186896152379765424
655 7468473336198199323940438504182003248451162783783010657193128841747367061990357147740214549559448690211522337220310558037150067381138496355547666601273320354396086413549812246438536669577254402859505017720972169550681076410089560633450759799040970910553199080507551606340628505272064080392705517895226142318145705359209840085080369205243833475961544247971007987434383521944958832633725671376
656 29805936415443608096262087273918587023150740361837388796829336556824111242792523194583666755470969367235904411873714614352226722892894130480917615712717636895424824276881042627283276738984400995185547555941066133961064027869833752743652891317252516024044609516236265962786600215218671920198791060107431000300722100786002074686754123786038654626000626856408960253975812378211026582958466823664
657 118952946969865215281488832059994953331321635894886431577031038417771044531553643407922773074206708861078531450014100584214741178831076877863765288563036540320616105550878243253377348683942952192241167124884763000468348374552604380937997169911479677963405646615262687485011513717102832232624032027798009408731644194771437976220347373064621781577850581110278984866394654962416878505351559239880
658 474732687432199499672445563398683312138265237669606410370195910896011706096498636495157564491657090114503869816915719520043559123304908305500748925139249773821917694274907067320611522551978803054087007301386280971734527708333321477179664872974835729404091453900792102685320263739270740009762732237012465529927070231244065652561473606938765983598473700385160552659494964668746212903378312972608
659 1894630638686845422976548843300901705444067838814831266381407126319991019041880274039281193950305061947199775104060410342176163253389299872847002868921250832909777406151629430547610510648044855730047393265337832251498642532831781446978434811521642257320588900633416382589846379081441222694814756646080849087705890258522542864454114780299389775233141793271584792342080979388797702504000117401792
660 7561386929778235550394375598495676714155493230815940309374864106888233586416049898438118527461766096833670083661000939359814970635034149180314290180019430616124754429500072304696185491133082486771292412380713778323970814949733463054029538873991241000671238931957548743862246116516392774618781156058832791803327782662883627342507688787924081905544894588238261285330171062279561895307911118719008
661 30177263130186156428018920625371879650068806270742300717022724935477122365031867144117710953354357515724252987766739146909281296144296731077809228263064524964514256816337555738209642816637057092886767192982482588900091077245360896148569696597565814596119108727357815834987180314699977876551068877577809119974202884056039758795127144872690588281012804434521581582357253746220352400891896028927112
662 120436940382405186623806279064338695665823035558683875802967515847675853667272236888947400350375987150312870633724487694343525985261754997203342556951544082192706168311527805248696241542917841084234188660830319063077483241146195069092051495355371516787575797712268848820884377945714547410951095071656064319243389174458181751750556530121561269307198623976073557775947274813977859937435077707269536
663 480663396286579835362730298484146945765033743590312849242953108313863243907505189099182640751782871850838983899585070276431648012656237712405248968927234188634816144360072439293419202564285069427289848682842910992817577612206988871006431942394000942159355825807130851158645880730808035956249886395135941798324044067558231512157067190665512930141087269667581407695309328058014024717590544740051680
664 1918332371760263619974159856349864599033146640631166892796801452194910626695390309279356783091265645647056052105362717758147082607935287252381627881722807954836555884226075056380935562258699168720372174439615984826583250355245714163597057763483711258731683565193481823307825413509606679064180267292590876803526869260511911332776061551689008620273439985192205707598013798075953476391599794418804320
665 7656109283527312897624078265866888392665416415105376061058622138069801373418037179094790681887765542839242667136432220749222836216054695447573337834458721391868524931225485264316756401572805139244873351292181284033997770124017911726470323410966473640234524722838305169516961040042224570783397106745916570425786582549847447044827977961849196531922128664970385333026563691024400413261003459104797680
666 30555813568071348999826789412156762437050177414498537888774889800981368442146085636605625280567705696826711502308204246553776885182452778732710544531023789827851621921150678745792251910073770788327609815637099057975960875453449078378945430985824368820448841959389232293581067321009377270223379542348478075933760410135638285240252649988577073524223654320579982372388459072939078125543084349287115520
667 121949783628086056333315226530399333331804602960406259798806636856278023868747311231984974522223281252319626811120631219716618239077061401924181035910165559615200425138318511893941968579525212230124444517932342867192773924403524861265753585243514250272977034830932694358661867887497443910149814845358242030245501933612846951271219439589865356669822978154395294023253345964284877029782366710891530240
668 486709325070916293407899478236698664617295198835542950270342687550143835150646581684718897390626368761207565822488621430925326820327964148179256805731490829797125498342134124238265078464254129115083467953403670637722237445258581305177216980295897015274528778343447244321213589736151944048497209462951143272177207978598109163455194095436693004502673359679289165360802215545136462804669183576858598080
669 1942494270253057387532394595958977295260909031998965043921194108628197693408804243862697960706169419706179270629205775841101973977917904181128805732243941018360333274986782638779402254140174009818566572154325588925193692681599173099165188644343547739821740284248294753208332416539274112310186716894965913112224116179310341324435992630010137166904488082564665690237048229574657589134984885418043442420
670 7752669454871591426044442250934074478981581128819132414755606775492187405663218303804218202883016095061446454160603571980135742710920407013298679292232212326357555150049235505001687899928036262350196065205494817017202005080587442415661535718447907536719125689031613670597642761731993107585426131919971407717080965953965698119535543605107712542001838380715873101684685149059225156553196793219239676080
671 30941703952010034753399930383633437862249048733691101193949888903724355917238066625431106476410974714989001821668172753029241246859058226299439204796666731298507018345580057141284774356351339470333066786248026964782541392603697001584663155529914202066837071321266643003430386733318259857334540567224296574845634792376474459616240157765299683999388761201571441782190532357524925233017845676220904151120
672 123491941566797112499106428048983696748179629571269408246118996927710338533209625192783347300868164738161943762659483963508808049444746542750478426833163065157246924236358624420017236018840515542688319992756895689705645010385951065396172367268589876804407109961767185552074099738254104066424226514910974165322896773396173789346263369086595312616993615609538669973701340668472483389186536753418545574704
673 492872333079699496891754237012791681009806773276631490545011070006824783671353382429302499515073519054625406797249935037114596668749281156139557126683024034458049985102797025790266224933929446447402149872374172851821749916281908895052140262987168820828668771504554291298390004319636888759057981474752008779036707548222746878622147080485632144544029585075424596875122982118632772582230889018121416428424
674 1967123770691770328702614339608352297999257473532306056385403742315007154713579296110999366768554555437932846131032785508704750775388515239994610279457587869114767288598745404166535426770649159490457310527857627290865183931908952231737456567125587777104781581671725505240527839582202700771053694994702453092235010661735829913999474992930337543536616390525596526128539195432540900608846810600540901872576
675 7851097187031090047319190263451266691823091970073635134130581023096392793594049197717394958843376548309806789973724934259145171118722978063260367533998517367298856946890936736811118098321882117980322756554258006849943075392563055014735062170671360190310282765474123035427549322248900386158128622231557593586878026845105026295376115835106326476026665845108444345372117811878427016238877300312943838639424
676 31335053242232038352725336980818936660033725603176065613160801248107443187999931366890847212035170759307184158332555742979893277674134429731143548791283592946040338269076157310187861707091570488559772887840509820973903968583490599901722301537874894806303625474436731185712460619080320596425246640560815192126018879762838279539428879412779377060867885563029788821919434004680028762821363799271559205743136
677 125063889984498376042947684627169666621838033009601238939060072989860399303123596723088590050661274115817341227579822542947468438045119608265988286247810876411349989199483079949348263961276329569161588493803225838076886356876604329004113415254322666440668241867634056677199499009339571160055555241911289273260226447919394026587489204063536726086487512512490943835448072085376510921365473520175018454885176
678 499154323219752663091639110155604595327687744959615133211305799854337847372397190937526132730923220909824982743155115457921446101663582774959267079864390692348117955188501859588925449200668827900094562900043385106815353431521122864296810111496861499945227258374837237661820009200956032327460131420573847580162290700847182245037778702780797039052352637920580515177672570525232251500570696949866346059347168
679 1992228483687907887433523869332332881186473140692673073173596768617231124098519768028096692104804762905529644185562253444115688448775760995032569753899883615270365802144298445496116962584473775916538534142241720046359888475648373740122865926639065402250204599594879402953817761216137196889631678176497641073623326386289603543610080644818390545886201143363912488386814792800780229031049022683496741697648032
680 7951422918121740920843961806899939664310913321827322142233905683018906097349358990788355621705905730020767558019129247205273658123129542974262871339395591223369925260726806302293461540038217401842493231137632323830442806630991564528246036195123354591331455755004098673193591727629420282488362045278627853748784747574405942514781160549559611308418548711357175912146881375584044434521013112931319655868606368
681 31735983172828508068858041404145879832653223640246930122081031190375887177952220992738669401529733472213930833072508088202083072500660816416534345566454174017898376257878547474097279341744053902995252031279370708956423841498924832102699382606999673862139300180996837772492905695238360368923616766679367438666246429475880075103590855820536382676070169537253112061008554406777090493781970580476879191557622352
682 126666115739916507625950145632806540121742075245089651458572359986355590763306755278828354683576035449445350979631610045100757333152189311314103154303679302496277927636738675692975314125458988426289179449446451448631697546738160365805703470412172385658497377271367694806622967399096831401464478203539091211625704369510914599258493546371872625582132983356023636600929851953607932222909019731019972026519682560
683 505557242599081922483000803940488981478653024722042273291747136733536335810147946743837248308004739264238783824106028094866187344024339843995866252182352086255983271737729632568225087747873525043636011819664685570110851999733733943179547060712048955501108005497602984101119867407579566464642900382519468147645861038284949946208366092296459546970504040702982916683415771222079944721907672246635401959547076864
684 2017816196301450477621208227487764386456857744859856495972877001676094093841463610316676877310184815842140758940076970268921315364104259761416835989069571444207600878128130975638321151465877423512810978630974187728642249159168361308678365401491297588539692149811370311282350593049459930475072665126448056708119494121823321654936002651457392274038355708053426765397481341542918225993047177643572386289365686336
685 8053677790641279827046752578170102998915916603159042483970051125906009188549635877313453589993723531493396838912563805425005705706235048611892187784230474593809052891359324014048429093481167007899200094335093345834649970285563942382726496494590641924203873202324557750460489493661729855035362319424525138861953705966825341359197349049731099971950966919064949700532859909733316021656563105249458492722769141064
686 32144618289820430167288962027748855462233979430099509333604739067354730999418281198440466417704323701587218391655061452789934901631448235613442358809893665825714592503828081506231818852212745014162694418187451924858270886001842971230752276356812681149848739717910358732125908769353585817298045773326100353876013989627797920824769014659911655211758510371247570541927568345206628287510467405405405030879812684896
687 128299116917309238657258318451835049064790197816057797260528428813238381471403848431556091947177551621646520074196271490982326235803070675166677621463837442719966304932100321465078900271610219329605755679103348370808212057308850024919268055584539931269540961719682726071161384319529040985158985503680120966511811433648725767100282575634002240448877169214624951537710021263163643275805083441548176914210297830048
688 512083083139858397522431941066177967193387511167055298541878966131730939603084305797428668054634460534195739605261051185492937898060663020940944465591812629343368125013121896090839933258929345573392557706924104542321608445294888247254375740951174914354696413159536648059645894425870464734478617014618614104874220041087868360334507653022758177738215736850774506240927274796630927356219195714434928956581223442400
689 2043894874500333072398985281979874821606335786876167161097026301626024156698896390682012207635777190662342648354326211799294418274940522275836717723855732612385559642605196682478151738764556351326253568889909937573661841161588764662691726193825735337099135608900677167841060427771109017481180408749022095422556038051999983741267076411369982311220515734279366323526865883213730611782984394838234552442670041187600
690 8157893661336794522952764645638358764860336839776305975491569790916892067036190751450320209832655627508957773366745934878914469599047567456306725672171325460955174921807280310717253772008913482296050746261010188138859040161047491170749766521770158644600884159965971477450082932150099489250815541215589598109054164158014660608486711919784710060727654266409825826005616404141386727992744723610674597884099588022400
691 32561085990745079207574560637730828219251981803092013726724467824922583406272253683844747800824744035967935273880363569386710583410334814611619829096800305434180352284169221784666655499833879526397098513259417983197934467962632120400501374741238377046981712392407922490007914831869554958811709565883040302935635900846825635946208031590110489565674823446362733953851406217111768691945522550303571351929690350153600
692 129963402985267294099521669508514564615574710202961634027678085895032668297777647424846929867578275057155624090082150272202603446595323551460358449942568269725273285009177973318652775957790796902349136174830644007147704602731497687468963158096655435634693874085048008663531426801837407338709013347868297924082106420761313945907881264297244566420185077308196290831069367275911292051433782319635042367669950003227200
693 518733882215415332945620817843864533642919570982547957649543278942481379887673149965492593239276086019292857561799576471025266392310486237990856262079839796976350764943550519604709269821672293291115482070232863645680885713585892105703808488776710313985069808811680424156453132008314640828837611526896659531830643066432595087014324041634032431507497294096232838460665046610117207684876811578337679513884485421288400
694 2070472665715453558019152460718062819257915886551734761696147013141101185535265827533967908359590467192463876961699245789830476380851287336446496023039917561509578395877872074192373979095805514246303629750483388618750997071032163257018754780491760891074098640475478428583241518141535835126898987165794927858037381284192934318727308530583329568104775478077086033956908982724967569269019859467366961080886207851201600
695 8264103111452294703067303826431865079102325168531149382466203850695431280223533582822620838308337355915167095266329946136267483646319132564692464631891398618998929548940660014363859160210235026857542796576481891537438221872155358874491643585507982372509259928294277904404493722939511590116308779202165007594932755190641573867829356876614849038856040208437295230379988453972505977374102503302951936344441594061278400
696 32985516565754307957583286545572639597275392288790760446986061077967601613533385667907275622376244797607585264600188826427625460326606546725890714188316132035448794151272986235953569534560843618715697158965365775742610358540936892194577032208810989745405763795999978187239688406301582150060903353622522361280405015736673415383868090748305674523571757575392684909232183553854750788086090589013016452434466473923377600
697 131659494961531185712096682643467726465017545545805429013372493007790322160088764307904970055175841415862697010913243496352974356325035348631800715223660964596527313832155018904040529979945933532193294325142783449800854521279271940213305943694075259002719080301543307753528414300924633707357516408582354571504344284577156618739560835917965638039374761122191879699973136864581134272151634391662103552518752907882122080
698 525511723311176717945275775311603265329444183346476650423498072650801023928836468249370865200304548374831050985067207782443670068231403594269076795350939293220996808044294558675797977502475836510121482342120119372110880452667622812764226850250867843383154046323824869780459689779697534392231870056674657541684579013151096277239235013259037179940117072835483100322305691779033424633302950738965812183896135580155066880
699 2097557901490902808735640525511836277946809695389076760770301627405546679164556886893201430874945971274821175796846961060048230465917610693206307063247715414635331208845082853043614429532812088134154367242943817792932445303824809390446917004931937185017698236037101880236679080878267540518679169326200058774681876463616508550143996651442965003542336811378062592655210620734106096785822907657758887833198630472740613120
700 8372339457355182176563038475071129066231636534875635291826603469397308765603795769485919662615538877512650051898247310981396190969650876677183022768719694495656393261083552642551272577681160135741636574952796873448086771239368110083809205308551866178048175313425185249012943177547232874893865130737065193437145990965661500069077493159261079599807518722516855298669659157113686219954520736644377023344217504989573546880
701 33418043240220610681151163246741584717360220664774069616319064846114327157812751592885180441978779919528431415231042060084262742761504165209102108535254037799870897128986716657491400960489244206167895144899537999914622737307123476136659494470022905595534257296061651196727345190627277419309247796650547584984651662931272530402126205796180628281653027092043689480451552139370217906038840380275287619989234323603542877820
702 133387925583808257313091349528886275245534439156207292762078389820157696653375387991284505189703913799702343841162902763722135870467647202280612298787101159976199371625221261993462627717836269224305541012551271905878123832458633728394051415870798571244941423361531263596336268643582417704570190505567306483361996904435770636395842349932340242830281921709450758597354779196843946289838812693887761774372775605298636251920
703 532418736709465392207050340054191381614805157317566592638689022299407805131914014100484285122559871717217129890948109886965480081633704438113410798751516017714991205225629722933443053703151336881711122078332569180798469511544433043511376460144020582492736269595933172928856561240492908862876329667853405532262566247999823657579894579272232610804195288626924203987924029143613603435505866602650353901580683735074110174960
704 2125159100229233840201658860910701047171982657869719662581690438886136063745491924302441184971260198512800798050960609678655290671827394818115429453674387394384910714555773811137420964773326419299364244280613852111334176431555287047659576524837434938011994586917222441604420812928723543212035934615273057221358924000147587698849350830246354776197720243572016662895891209436093514038224315682764774418572748208240607489040
705 8482636761540990392892289606709276571610280401080251181916891465694494793779890028786657283433651102366524705615067925574116784977690483691976504911652377779216234501711549626639092014404801103158940203152549485945374119231680567377205817068079740472616623694368984659350394940100044510737559174237932331032988737096954448870445487865551125982665778501662804784998564891792108853168341035104713619032700522003446325143960
706 33858802218848827850484703525860470633132563863123904512799132358259096246013491282790802466537253591197083255578459940630689614874023213426606944223141177380398461985609636434925749689512365365358387923950388723425035638761683219017705023340504513894664965963432716062692660702463846432768360558618233615797055110276694788326300389897017372655487808811413635243314991883531401530262104439207190510838173395744279338149440
707 135149239486582991764148458511556875480027704119435830772740561299292268559951813061803552043811322329983969878251871714892635369519172221771628229089220358576145548881671703500600555983288035928492411214767721375123602964581419367145456099608750254456898418393566199033345258915874533528110491401130165959464831937306899194136147425435688923046369689303568708021042388684184257197115795827942147795546924582228854098769600
708 539457100198168712392927045321401195153848909350601030824165544331705733843810377467012200503341747895977882264935842152604603279140424548576297627694215439517627515445643021168273204346784958851402987992432294854701889785656791642077025958307108589177423239927866749754997425005144045357014982828331212098008643188827053371375511699066050235396053856550539009610236362735670501509328856600423514781995828645089201217168480
709 2153284970031706058388155802517003325651198099191789995062977682284303116778215502478824791303022021691709559208075499453014112249003725574844309779654358311270681895637968923807761791552681091505961941466993679092924371201763349347699357326681238085722128989182397253777977709974992114938862232592769363344591184424413913653317713909172792082368421001396104491198004818351665563058191999264412760933243207833718595465040520
710 8595029844016230497714312455551138892952126409163257767792243973989171762371332691105817340082137045433181727101706818150321867612909177813552138212267916092715574393663003669645436692252679780940897358819634818587020480966630475070308157708037057866007645315413421378529020054208449296725813607085771056748966071678845043891490487235821760928599252758832046453937121637349992960954922788952681355290882462498546263968072480
711 34307932731293206681070900709841005570284723521434865850599478424585628669760994694201284518973846382574112926745354266080148879757449980157924813723164320795777806063654693408005643106071826409597750441673252612886892316441392873545845118665394343756028440704252607308971433424304936636924385124673015755625515694395824948890781096842360033599317614504563999082811556516035599660659411759692678348218241250740077622569754720
712 136943993383920873317000011978203094591263482248904070059397490001277240950909856949265066712307262337521247521585469215939797958446147091570803627695646819156815110707083344464250869642174644680912822460818594694068914886312952545487533463131685131456758239976152960011169353667418567487443234076907539919872674266970350367698896660752628957228737711268709128242188327146137860642387775382797335664184368059604280909915038560
713 546629039803268593281733389216513705590763688633777677523796190777766324538465049859365350246935910217039513022664132433420981740251240981172679230360685028810033238752323591331580569773001491110734697637037778705896330662322848322791339896679631013150986956611041758735081435882581616553522215318618260530808982196622374259132372183700007989439929186380411656737776872786042763576542090847801370010420149092225379833943361200
714 2181944411633554009135811977552567575017496116508367381520228435623155685304854471854578533913874547761881256420248640865071886216433637694541051905773454741642274662559222858389883154809218020386431858210167985398565695214668716566436983997225884498313579662863768274161719320496262115940963621161073905287142159971879757888589314697151872553770818824984287576873263865866698293885910231623511872544616774568796251134753228800
715 8709554294059628521960886650743620005369059005532045232426890699720391067350496362738834758854977798069507618291578371677682899399749230729238720539251756967901762079475369320798239785337175311708911608210264763125772683332862875896662626376111661372012028608388949289703778798679745599351428094362757338767843841320612750409190694504590356846451156206841851198672818358000787701660774092177027651989097841116396344052916051200
716 34765577079281297507112922730232729211328709147469632011509668984851178806218589649760149359807338113659977497955300977582739761888050804606996412954012596540456218054119015698351963614534560966635181783329136875946095828817024530972793780997048604544186725689449882988027772971773493392843390232808981778501310919309332409036601352195955556635844859855589880348811837143654746547959766551119017104306490839941897012903859236800
717 138772756258273067000762786479258674223837229877672735940652852902685634646535713345730558928033712832654810695061973597038109700070597433297062498030549682603535164232055457922576313151913783385616437814527171356712276434238600652031672140648553749039876439061055364475097524764664851811277679297150856018096001901946691159871508632420282272458151754604704930702075727263511613853973154337398238172466816763648544567092766910600
718 553936830545270239277348396625030956308934560992723738113313273503284827806033589227615632435258743237852074891341391721388298654485418372473913885345968265492225446114034052380182392682744715952706742772942578545998358465517022927326451106162544301733020794238307681349062556766204330967966098097730766022525766742574141091427268643850802118187126721772354279540895882776606771793330152269215358565960626780463525456808581551200
719 2211146521434438584673117985091528367565795947372087246285406226384308010241287484540791695535470578049450829176360196540474668995181597585918922805631864441833098061146785266834229256135714883609533123250882601138652261322955194763497843455803862798109310036198435996799062253612726436508461136734240588185213573943630889021093540185876836786844961527856171978076772065383457120466392187283509754477790890318087488271879741168800
720 8826246482362466801782003690935832455301680951511176395899598663720704785558508418801622416023760407474901763895757520097518252516159175445926556224469113112651273017968082974427524377714652346240284098169650001736795661047510633111886549524631359616927569852181055776774889616056683692422967592304791214997821622405435856057022864247171091866025719125258923840012419353772129964895068018028991445319941566336612300027008390271200
721 35231880685247857583293177646018239555521059524263947547326131007997045338482626407920860264706235936269549996979481430717685817168132351075505292538737307156511451231541019726486728570378494301627725164401628163545331586835820039526174423124811587884732074259476457690602677758640508796627150066134326480126738165817069390382186699327399434406441945081414095844405841235394919746247786171534108472093595106886021805431171871286800
722 140636109555295855030090322040682622927067301274727779344820002832681502555785337431942657157423206939501440875704943380163078575992258465800452569219333438333496175494106442801834572045415638777025366050674884647464244971373306710804332434513929237805708830263243982898119958778016200536227924660935864723241169361700422463267229999602383946410383589569737138329216079657722738368781965148138991212582494715867482876785361633290880
723 561382797219590249896052470452513849813098135456190899031224584857781400779895076906852679145846231328026675805411923444251063850610067046101428791467251768705313488534851658646326685165439916547827206350475963408318214121989364034263717354275306767846110997936049620958190165933595174637380184160768195809942161663405590941530502275277577535073226878842885140237764284108970630608109621606844026030721121448181394431721862839710080
724 2240900594624342759602084158376698017670791999529592217395636755141135642915094860168457886126282962260476633277673586293512244836068052233068446717010197168374686471922645360469908991707953858338566346183790199412968602001650020356674327186807129893604471688471910717902616886335226990532238878476176719670196975364094085556467105520498103851031570009335185464725050288595561721901054414213813772977717723142842056804865151395129920
725 8945143573549153871116484515992836804233073684166541999232216624406867787564371859694405519746891738875343758999000121393288805811813873464395819337128316924235165697868624045451204265037525482552497897855783850788740879612688940162952459941244039621659418390430485818062648613135837113689165361097228890076691426452802700429012742821321077100243329310519174394137738494554549675400012083489101191317413259812628727087951298914200080
726 35706992142483557588199138054742554946786584912394458522982403599827999751630800254020926596860818830097559761367786759509601758695815035614238563713372370418708699464762040177977056845695240266735204967602169402616922884839341188249831772039829278783275932350778127528759698675819897730617027870074961960432123124083242864767047700131493215230566141890440138390394726575015873885782088479423656669951496506291096565048194516265485120
727 142534647384705182979854478845211425043737314047467861856212866855280676016568342096969410192915469514517207751076558032073022974182939944563994532786751051205496514825967237014912031712869747155207988384764814237128911334853304177116935034487111464841799078207118579231830645425634531405593385135431826543533908492740961401371141410023775419756144487292765557425417553672705473669726781185479196194708495529519273256074972901717251520
728 568969315200990112026323865044145384569408518853440057387356069578135196572044101562594047298554662213173935146035477105670798319019089398004681393237270491214537032396967226925374458049533014708198322895413975837234570454539997105937356331869852260249350066556565448375278343044190385699343787115639830550377889191224357547708070860249667743851658609576380028489016973991092055334565188783720967503725659932103147040276311690147156160
729 2271216128405273981935388720067061181031815800006632539134308066174486778456955820067392837155772307260808551754310640188113858349089060345413022159356755262834425714836560124979199850496845858747342998367187081671481493682252801472958692505662650905455447028432978880946675746780308181675585278408639333118424071819660900896851712721537025222642434424030643509394952281326463080997186176690772004214244888087461007061886341173021007840
730 9066283539079542319993495905731785158353196673490279343985167132289854562740873414273561740472904789429778159964526448681235745165923968900393783538613481921438767583474046650261713058029696790375242840430284575003768214667335312801440965253620734668839035212095161091778973122898854844040938772065273806510990246673443334977329726567232964660684536521746580266905990401834434385488600713274400735843294746746003703719151691524252700160
731 36191063266804847633357979950807804388035526468590861070963691331668312594626247270371377537749535809127898183789835231802746124632924626153957566997973721452122099680419960254663452057855863698007634341432164344982915234335362405482894038099709815932105378493410522512225354810348417974949844253771199385776463299071883309983412187727316455182608962970089640744139211563041012050031756975217770998809680654898395394431423761798363146240
732 144468976727192838118255253468494464913826820409157269508463335140090998617066032657891884617578529408772018033650184313490281885124604357436413005866219580040592926476333078652902898062090054936161304361721531353717050756637185654001607452022841316214439388690717218473095171976681215386017148602041746700236977870593555142227007620857606229217107461560520771051552460669638963898470317824811660992379687443171552494842935737673692784000
733 576698811272165470109185858282020116219789206829707412305435728308701261587510827602563001834099260731554903158992732898923928075811313194520586622490572176755975996947214788401718066713258130934064826440992498013783255304330371333948352580859407229291814505794898803170210798951748001971242042948267842099276541164391757396659238636742740181589929160700822015656064081699778990803020400567935898692134532959404426722821942546259254759480
734 2302102825309231679393290198744181300356157368447901502718849192745570620855207987646868634542245979943965688806273543516179530049291099550935054105125769690322219949909772666212049901484530427598409340888540320265252228093431505476008464646642725000479603524902051312139528941720883436968082244523002181611986386893530476731330549656064506773168424674665036602194262751662427067446852833375222332695548416419453968184701508369119389759520
735 9189705170534894821748876612674816823645523694367370192900204456330301070102488242392804045795430827798516571847783150300591988910352269986516613950204519193476361200911032620878902392222676744547297596507602172427428230617441804944360589598766832619534441002963589142009144261252815203536919083602316045593574023449868310313554450529105527823135379649360361170566687859573862064997086800181852790337726100412285662882637562788359534848480
736 36684249149752844248659643612053551267884084711761977236541792158416487945006389688176634445112048048234746698390022157730338707585619055680947110321224032669166283614722864013242396242421223092881778992707781426161241879537588461151412628305841501321756062510129498229739046471740101408053182013064849579932311683463931138496016832598742722145115059304838947542517189237406739160453423515420540681104847974669922146917473402017114880658720
737 146439717647436729597727658153352284254450864168627181469377015543164429032822682482506596885377104886381613819197819434639070252483909191144840177723561362275648752642409821006991328863136929117821938816316962489212624497786052645226367972774637226416143086062667919224487175123641661019532669533847282565542018457360499713056267438506935397314092486987673774361880468719700480652010575980657618508333113539503236495175635434782817352595760
738 584573764476625074409006841514124788250603312017752986600434640478220940053451204790855628057674642319935611682572010360761243283442346844706978128685581075690635088600437358562234232956949458089965157024029145139267466074793225103895100290553521658257384852477378850533483380565552584557724682558329787139805826014800504250651725533801475728877954654278373588418885826139927991894167650175109514897227696451884264536614182647326693858550400
739 2333570596612991276938396202646372731192301560759322410225006778478330483438066323817909324233377905396645927493183533518158630169547421418931317182376315417333070643004765152538874244110124332470198750816829191174153776505141191903308163862060431336806320333594959490681593446321707861365812879389690934954199993675961445105398945057793445192436163854193616453893634417350528703494391078692073363613239193437106719785580944142417374211529600
740 9315448093289765954600784530713870391816496032023015973656178749233268493769790883937097014744742310525341445816971799657700496158855023054371008872513696554599286696586513476749665625317169070666744430166695587980143793101998150436810110833731385034743813529451388044591690264558205325909235713241929743877867029899957641596941624370562653460007544795351530205766808688213670170826969462871416577928333398016268550395794107828206633220830400
741 37186708213330552536220996283697962731703544271733030465314566958570898233482520501898393168835879067673768745067065793976248571820952351689421811672226045832569139797366174395740410806560440700989035334156751353350696347852302084821600592655019302801101585240155586734619207492147320141954697220877548090393945992060529805410288441118659286172429036881079046333650099639885842736964506610521136112786552684400341673457986877576317490617915600
742 148447503513243484454366414563001637283495250877802452114774764415957794159117331807602614534033778308612999235921823225188326990446629386206862137890268322371008990405069687960805625878273247768297382811967236834423642108949621882235972589165169280045461245311797458014323732378498976180761107411553837494275892788588811928286847521164798557496630755353403673347327605359087833248621967123138108152219173460277627094281477616239722436633659200
743 592596706996016022867762437785711266741345308633544342624702353474122041268546934106036150588344693264621606098215424946894928527320313319613502191051076812114449104134012404229552459127134748450004433407203032598464863005964822642812270616514487165728517565801665407976297540895331811313798586993900419610032126587007519926519251776713508011170140052239721756202559410825940414076541789803587330179800145568981395324200628350903908105708734400
744 2365629565850345955121468066762038725871831258103811523315501120838401733728356032505672151623299591650066375297341875229359041573277225781086236749857838954683448053941086422931006280243614197318827362751091529024505813467473967541199449377280445356755162329667668463321661466165435574765200096992606511159081085316775721609375502685193550515525786245110299449698828190144510573622105265892697756334027772429241963691953793231457691846238705600
745 9443552780572422741263699089021128970983218832265923102233010428454261745638598779428110053905960318048549743646733855521393853651090886698623019992977781931251757563343196004394977319392321390207971098956221763509680516869127059995826562863327670279861727205315907730459791606139377565364131458255250037579257691041517708406147145821069878348802052063543649735645222402555881866030514414546840681055516004915370469998999446105351341473482674400
746 37698602266289143025859085080742211292146388440222843585515090794290441983574937549694350183195894720304501471452274523073990358831487741801695492586707406528677172752127020650916869845270315581653711102375308101634726447548856539450778368288305745670761318110389900379739731330276696718941839694623994566309842677728224171081195346347311821927555652620292948361109392922985428644097362548218427207007399220557080012688965659573145828515338521600
747 150492981220867132472024674423618032951481554274445358795683590005459994083854742450773336287018469130827508868683279093142127252149435652164320222091844506390656005084706424641052944397933861685791736452801860373831497328793968582667372438524929866183552177720897801029897766422932517871296686402843351603604134881616739400688700403578636393772983928718269973382575273216037569787251542953306702870387093936268705606200267650986192493215990681088
748 600770225052073903925231472279682293122906628403881179186379901815342992099547858765340339598833645019289196467476489655980816414024539757890145536844209368541999589639442814662360848898024112188069440674858878943675367674946741355036615951981589561607291398839689043537560323587259409949148165388280006185522129325938381496364586649223171003713768620959050108256344783064920239049940396006710744316780519329341882654744482977039340782587622718848
749 2398290072422534385905837607605006397429702022140072906067662835898024034886309966365358004515889268844927352275088403124930619100789556334126845939448248568002224316726770261866467889070108852217897910915998523869194369160475983991080157049625402926840569110729161457667749160086472516818884715685440744675331996333441317249436215269689291606746990646912899726313053408438184473108498091087267092968639727588868410625844896518113396904088570311152
750 9574060567916771086096333114040724531208358747821973903490678550141783175424867243882068964675086233174937275914416622552798026118875224712560034223149309010513154323310544896105978286568263614796714446188159404825946035651477806429609342918911507064129994463523770264348638501880521307478047983504913350905241074229268697002417894422152893354776753897146726289208495477799107570598433325110071474578472114017818839325008285028711559798607243798848
751 38220096561975364970166748442072413924114074674286105589115681574047096462563757731518396278745254707579357719433239359700084950736680209139859859453978049493364961386561139509515421364971370708131860606552723603958373952769416606880835983761330606922248839917356405023387103074058743716873338070799273468145190210860071992081400743890448361215743893606881584842802371844638962438867641174159408895993942117498229284765725807976382789348497548718272
752 152576811426553043578963255939688642607264242677338758273848514507247773965329863621536386191307583282352851132263239031946680266491258657750218590506183542011596186602641894998438046605643755598770878763990474266423021446514930894834186312023930059811957656179424361641814384311912283055262871903585032930314660889197502719416401126428909595366125597667329813127585634376928437137700218088056562436225089686072795494788787281947178113066740606473792
753 609096959833397781486475482965050878519601389457975784142182569459952827206354699089149751804878364100640529296558048039701369134410557725639410322189212060920009721756914966467667807168855687004354962456391406349501017783519787605359116139266138429416609215726034108547667414592311713376273760163883102152268269110673604360397737221291160490134797658654268035051078495078862956281830752058372325643208309523375369817650899473797629944064563915492576
754 2431562675307667119647873461270456671809086538486504776352655447976317870247473732139049062142950970880876614201799822826627776107308357070616245963441530103207699520467688456861882393934665521162332411111039094794855103330142563680811546370857291810184073988900594645084811644924241362891366859475236212612388406893064124556978547255806486126065475593870610318128382337954554180523508301178562225499624587946451901209863535786809553939523047818669824
755 9707013668009089508935933409648963295004607612794681641594054322222002593680186972981672772111320288181992197956145620775789887109827775757109668372492708105126380113847108071369041433983694249311888304762666619739160118550571979255402937829433642326074423388382363907117407470368759476362923549448376924061742779502338116511365240937376457871520172567354033037294628498300704380731536662414320660331145030299225813541729339323924073509491159991582976
756 38751359857753500834763266796207096455034590851732087385565876304174269085946323002318496923485895302059936382650832348822348984788770653094895357706095016512897401399814260725999164972138742296805287400521601048075362665793095424738873887086939092026449282367655999013565443418656625577791722764802869212959750053475044125966673608457206250074336787610442771401334509728201692130219231436516050603554438168826207067529787339370755906285628351860488064
757 154699668784361519061547405032086851286884450971719169075489392861435199193779719531719853016717959243159332630319822950230445304307740025043731587669119153591406462491524116285630385982063493729479964432387771622654787363608945060330772182102936067805511009026466558152656079654975092850204572652129023216700285241003026731160948351665816922046032906595594352450261006702716921434584283983631461005978482462921949709649510491447315985727340767661023840
758 617579608447270699755481966017915216908832346817167884745661223485404253805658346690744526780979856919584654593937783552218543591757836667850820643624033030855646210666599979292994545942575415661430386460438420794212743961110520355472303018535607064562910785060891077357915954278672829401412660598355963844097931685022256443222583831747812181542926433751803015567792778580694001496487446145708966022283957915257859874820988984906259523071984193773213568
759 2465458156870046402590184383019721636645972222893811423620261980934583112446109096436541613224380239809831431203414000899929336920828071550307204882109614259661793274011792799918854616421841441185478966043632474041911713173695233641254245283649511384833431188819050950009405431608509503346572945969213070155055391604902291621006697926224377770146460716237713176585784296491860293227264184040234174510538142793100387563834300734747672248476197238204552832
760 9842455185933196695415215578228684925021819194414122976325388097642612138096935738027300736717586808673040191992883033936731441104375522592279414620013988430643797528941474982921687345974257888339468082001328532038648937824687736250848234281121049185491174159204987209163887414815962001946339689220644817469747135249820438644510670406022178892517704623633005853565695945545861226725292120060396428423516990295834073057248399715753560794676678989030691968
761 39292564476016554248232589759336061594498197503733286849660373507460956733910870869310011690176754569560951988718195556254462115419140755456896382478917681521634182000153878004778427123028954037596733683665229987315924744755709144660063451808181751403050998021168894146926617989502736468930613981487116751640796398342561142632632871854948955507571690133811176018215387493233396312070752781317375139338028445607584289069204082033045379690365086366930399552
762 156862242190330536941374862740331743461368026728277280574666297365854718971325854564769166762866881443708716160114336858456384244682223259757694830980855542091330372690509835025132587477913357551659216330078103021233095277944245357298552872952249913858681959205269694319747998716296865473485697857769861041257920752951873904976981706175101523488180958327286045562499988464192563229603308128787166766637309375661612243812970707895329521141104883865872423936
763 626220924896766581618180192924186110967640027136073830237039965124001382912983872789255832024529686170342364068383193590689338206052437896993261662411357986582165730751416281087366662664027803057348553911710900549610319619269168246779373859190314484991622662645663591846930649598836651491018198498816198028962577549521560216065859018599378180560246767935953794516768311985739818787376017143997037336833223624584576541439909933235884951786653386314198824960
764 2499987526770354201121852256273853167161672109201988855318925686005125911515391649852218452158372014068715927185103030925282381910589449726527024740738815100247567675666347988235248657340700766736658935723140544905405152392319989101516086933115895048542033729127534902825588367079137292295816232640897493365096376451201149416555600682930858685496748968430998483572155563639698918526693666771653994397752558540981787611516870009245828666606025779230861687040
765 9980429134817996278920955654102502429019626241829541419179623990592989786309908587584011432659085385948544232858177160447660201393733094326141544374255039307631974739924677071519728308156230572851440963499164752738741521778194901679571102166438601542263369016168096513625755492793980189280055579805067459779943375946727225971451580741680417600246652745494459765768026346911347771192207531709574778795052981740423946669592471472680632443434984166015088548210
766 39843886366802619107008149909426239021510099062806664434824150531839130944427200187600368303183455194217941613958327170937381916561331350774450799957690357317407798434970918569838584503273658920520067190140399182653075113251610156568361040988489859133119188571047434878422597314628689497425666581560299750547873941708343615784105041603574580207549362671571438420342178760325732677917949106939111199616909199946943877247553427154302788609733452106251727888440
767 159065235033042125838595604349070479537033672444203222658541876861663727280984920493623379624905326344778356429073907321414921947573158658028712564980546128743730675691959212762175918954127197925487626302821258622964180728848397595652966051475700808442410490207740761785430755813923633885936609163894381698302782177136743946430095299694863929855857573981037374283712459207264229756485617306418905656214701308744736051775976330897738930609542791204229580532680
768 635023721083404102536820622173924902940590302074484882710823332983784362792287858559383631651799468418440070315320921422126176336759098637186371697565269765171480631791719350702009806191021845779665514730420741143573298190195865807930197269433766210930520157665015258357947449653023690652905165920063500333791998878458026823661825284808964265999760381022357163244454248044717387466117181535626932695937489625098846368877776963347003238633139890749707375087160
769 2535162025977761304851800864137597194700442441165987087170377401952415538018256405102117299082856946434841362918655255398319886911531718414160252515772950352883551279957971399935725081794642045122792928216408085614984036410716422434369391895239640195665374127317465519748277916263457797171509014955047704201279279245686298635471808677001059230921211884089533270613159634808786031347863981345719484111813729799076393718119793540520476328903537947859304386336340
770 10120980451891651754960948955919682222776368153120969390647967679416762623712645887306013905722426315453954767213416744521440176778322745234822768371165047723676856004383741941734841361048153038372617369921089218386149073620385216995285665531961785979917632313099781765784640827340762640990869540607119931569086607433117386202833417795559114602090786199513471462479775297505315064189431566874887752957424530880087587998987429781693452220006194102533740983848160
771 40405505172033604085668135387003939193349135183428605549881442600723740253021627198052257537956920881545449720465434278329365765559046745706589065177125710787051595074642815324302823159449122961299865320152126954747114247961279018228587637889746153524978170273094506649728622025155303435499282894103690761985329432352788981767607423602080476819687614620213325943093542143477603255932261241203929358943043912068926425140534151088960056667638748280571673990766240
772 161309365450661703112772998799180512930605170304195339845951373257750087673214691940764539097459849877692855559745238756699257874004367099218994763475863744882357774977997096392550782973221025073807636077464251631537674690034907583464504506325115045614619532298933047810385142847912014358065696114143323420065896412147507371139362470779779255520481532197674942359070528532468342595284990608358189991450937085721209340073077260325465064249607987512166667316176976
773 643990867835627391909564386670184481916696436046812699717731817375569152613377782897410671570221960632940889787119672308039804328747157062836602159691501704604370931188472667015115327009665814521081096586646235082203027124285200996826569411939558841338663976094597971093868586609314582333562477990406263430725927891188289587235494183804395877062084625512462745760969704870424837892444506079368309846694004293537642755953337223756883569957416493183516373544742076
774 2570993130885086769248199338076479325061161255739056980916562107319659517032741958346538008094193304493259961474033075158993506878780483945247407279840097315157092644800052457703894170237057848324818240223872189251988796998535127267991719373848006726744096037217066750071149324658994145140738903329463904159486263777014819494076399758712068932855245129090238528694662730368918856549976372325469482646506341799045939460150736182858348816329600650268094641670317424
775 10264155014946947266641880512808827298307367456254417828718779677212676162366299855288625517590302598241969790994623261251327665785203725701194297716099000047453033544626136337179498446498546689976712778861873121005252447240524106890348474506957946848002229074663157415358194604574754307464395866499154884708679525592602198192156122347196158375819440026112404508053785950992941447827199137754578756891767303394032846047469284251660998094827280036710570756020346576
776 40977604291394687476256197007715598725137143755106076904968793735922084265181159307594699531393234823564117573725246415835053774159709514844357769787133034900750576901862595613682566112948507402307057242097609991780806949741001131539076129135707843453289253421978437548533744013182608631672320255121988738816375943296016531421002553154879463217872242892803163728925960716160039789288814622714757451904409534388161633844964292847844485139090120550524897912788342864
777 163595366594524473792526567722187149744116686598134969458706000192089136104255039825540394604085793548633351709368916275999380636910827675004911785825651127670247676562054005156370879599543107046173504002486369018893475693740986880696534179784738947792151187168655762515708208778501945628266902985832829789187775267761304559689075849018764229109708129187816902483777913715800012372092363827538431726107262148497862120818622674434010366227294956916655790131754970664
778 653125295963412291748636084292486571412256566810866688270234524343889833876182788820994012449147759839328147449679423281273537332149618891386862523977273567172908797541543226179620451225965244131866540071214471573570403712325894259538973025113461776075843949138776185180579382351568852725562781887575836803349780212093638467891653527308211978008758260890629191745762860393870572691795892229468103620908069700766984010647409286237636718550388049590594493280947369472
779 2607492557528211821698965267672438175223187844418560334972297550090049046327457735136401289229821955638302653480374227935691658512136507076020725655130942297342472710287528712005099906049567590487360645838852445950552670272149736666164182304767055229545817610235631326911370318220046788376731234502206029258022193898367359727923559164057671287923862497112598925708468670037213417147932894911911230036192897445911662990849014792252031160132584056782321499987283987328
780 10409999659222686903225280696174653766625265291891079683275957028455513397855197386926542995297779468348836150607238333007653502809332265225346751809975143450197702996175124660419634015088579664454889002902886194724521852512182482797015802663186092067232242147364057364126147387445381618869603884912459762969409732040822067109864814240305073239143282330307178769736812279102050233696126092359967422892339691624920440758117632700026725379634232735259295946268453962272
781 41560370949874054872718428790690974015118330663765766471582337791174978338486840278068709015703493024116656486614974118014744170488418594645496543090193762044796220438840423852255916543686580368930039937580697753570139044909048085146499519126275583027567525669240199583286288605312432394460095774642465034005186877777651898054871429203777412312014401504875017519270814326106678847285270895982473460720929335351860596117768522308518621481454361292127704961782013876108
782 165923986899347657783552890911521220126545389205931653528924722191761225927319316384445253309792023137619025673056091345164925239267679404444636279065173843129840821237949805168340879714076267172229128694773516648598581155871920812054606495204950921309124011622109032806093179699223480326665810652827238051508837045271591265891392832778437749971076796784568731636391575554331252134361469373359895864220795457667925615389191502135684528867465474723284881108477030447760
783 662429997339315431589045255010390864300311627191321763582486777915968860495994296505800403561903901355364564110073797102161028317600232642337351774102438813274274470153208378221147689169023155128318033206232075730575152009225107564793044021144342026642299488327800204869524485882684720345108552479383886265044528460787090373966382327075621443689436874255058954514402746999920380282880059416743554922242088216918961671869975558635685205661361005721540115475840528321776
784 2644672265911025862306815134698226789903725046500766389117425920915138235469790757303777580585716279940467236744934092164153648871668219580683564595646774080525126149895107286421308068507613888696241661960183397423976290725717214526054575778620113160217522048840002706654347247872817007264569323267691207850025434630796700802764267151939089315331543791217287115073513687595696008672897843128941080901812272258413533130648903946675037498641246755751036438296585341395024
785 10558562194706276790233659799886866615718660535699264037317332449016735694823492959053745615968443237778096297965115880941444468592753944425119661869479617155567182452122989135688912310136068693579309459756019138624258585430622206445622700357432065736445670244591713843102542580098110000929104766770784803268852841681580023881382777388909224746514240498956698514910753418247756274544319335145482897201402969678532903944910887489649615883365508041270802799276475567447576
786 42153996266983629353239820640241843627611469118709136763363551876127828312490920635240028011965429462999648063415003323126066206449690361317803659388195227244687175540523622514742233078245153565263210781988360783488381271239923034952613179021241375920931383088340337922528957339801057916928141774678731132189176381376071263846340900633697801557623216107327731697778579294830551498660984907118766234764521484648235235471385992022113454737358325413380539519902734779248064
787 168295990360151904397803066768860345096236051734929132100439320347696741746580395908259727934653922925326276494387975687449369817483807767294228277679563126184007226860662330710447196824232046737778367187019902534166771009788638180003799922463602244744458050104937237592868679360781349920703883267307565294702917929959179575225502328172883775321507080680435933852450489983289546070988655977930279760233072771554396507702315245842183034104292390642822611901745697779785792
788 671908026006301599305200119694750173786519969636210874795775133759396227415325000877789922102466352324757994642862838034515306177819617531803452672889471125775443212054557090129287870870234753284055886151019886042656326578333585826277387244273664650058361828920866328985953771090269869067509351674508106200501789818531653864491150629265419265189668543323501791156253048892076394590369383381642040629508984497372083925115413046917086843397014109116049616406582634006456160
789 2682544464437254501923692601837388943765005085646020933480789837210116280575283062447841378566124238083237162032459568874911564173181486934186739215261011062393952580169472902695297366707987689172960211446896659197745420393845752920428350815712535871598415136499066107421424638903646228228045199504221175635196944635476226321288324337687915452392944045584336715925069590582127919133121173360272106293677308001275575767371459510182061398633659445834954751800353253022490840
790 10709891423862921245806559961282957133961844429090936038791562369946340168926008723575174661214890556869011320976044182099050831748683011477195233976861340671291782678320499818401627723168416519819522865008751252730664402751932823313472956214662680596063874535002965540803124585751380138345869167353736207977026919622314096205680309653732876006405989225378882687383615302679213671368110909660593259069992803566953217196901898122051320420925129549195525781356257034699208160
791 42758675327682642956897634869081788538515587137805262806542410802481629072976169082903955808376954005050310732270443818177971287503902658974043243109776531455353689471934872088555737656085841641958134406569226325364829818571612179271212226365230197275997396369456302860406184285648694866321966945945963343091882387482336011455354476949832586301708655179392015354865996646583199770695037255237112868720986171189718575678080142573936961957715348384508927187191910688139790240
792 170712156815979775056188262787976024218842679352286353916993860925630582035974364300213161667978991049952011832452721452087039604248193176556284528796533566698063645618279177902035632213762777512811864801369634206439084186452336333425875076437353033159136721573241048880617895908637477643159355411740852966665500660179362896353447039243267929658805074863104636728290505743961577170498038901658114246770864156943709680349808798968975709309803491972103995710378752011353358880
793 681562499312702838047508903191008869300227891309797663063653917588230628690299919107756767891371678002125946915591930945978622778448034389872758876271458369391957202636690296863012627720208862470507227643201595663274479187529652300498791341311391036320289181841524936154780461685147849650077259330434823477028163753387345921674650743634608350205574219871043245088050723771782599333339336165197590325029495780457038302044333278711198862260700428906170112519665076985839450960
794 2721121614450590844504379715255606566090678013934626650255148992908904890246895495931332396339426857209290243863564934416630275873429820680425201658051200775070617777143225482083162464661453405520062813101239244420913705343505787487734824644452492684300432547800576942564469179321359255712538331731258331346690231456511293780550174513569138305809861879368452219554495197029510955703895668048593251294732750412952185940594452770098063407980345203769487078954825479793788535040
795 10864037159797147222366853557165014672440741565298382184680671986298673360140352871968969762601142502448365937218547883726863546193220604959009098899295983495868956434416483236857749185185891199925285623359412424514908540360454770795933134988006438450235609357915326802835307282244864178486121195741121650728863994019848429128529025748373850582911356681201730028708352015264008491867322533930277370261561460837290666072854510720438708268866214681056557922548543933121796136960
796 43374607255027021715320122252554267670324282077078893066972408963336059935937002817719365990456185133201230982456714849867972826143547813189874528776800940936452488241788423435700127683078834758321360059853837068868387032120912168477931977465947916187187372227022696768857157142321223103277552380556567545666440588100584388149158265356550774607435887512032277875873901424722856600741580681652829188881468048905279272418554605264677690098637336177832841989662560974319133349440
797 173173282240503636181404501663296750779509493474675086326278367793032614919237176245818045770078781253696698589944959385023688235995381334413416388681820908313569870282495021153486347145644223527049824027921244560727712224489787847078156538071934107775455836643526902389981452024608899720681125420584429589221425849706640141155049799007592884248799173348512394230363804808974363903468469588766476929010597302216036180148851972058719442425431725858804682136429917416469980297228
798 691396599074680415594501861639327889776247921028056835116230785746001793367581825822296687483887497535785457437858950973488330926515423904406765809047343336095279644673472824338589785992711709449689074441566907360432543801966046247801657477332334920738768419922408463921008699627167497711282334736905559158552124324121475167106353992446854907924088567138187102183902958961599426702827785765488949542744788484676567291655412911158489993069789049646731720499185463558747024709968
799 2760416434884621579529282066465794341742200805823029600526037324946515695944799120207687301696391004122301208098120092104763791871728962195324754944109052573068661177634977665482237369479746238425766641809064491739122672201233092579068503698998217574629781157775654961194800084733231548944818241667806555660860344697943182776495300178684684807740202212730325665557289141168432877657870471512042657723930897568763694259441257605003465286415208507820523701768032386389486792602032
800 11021050244852650698569988809756644226897193227979161930475335670745774860656137283665554120576779473122715066975548928560510242638056145027212120116490510009475757453239787164178273247848185124673536027434911281618738302344778308691897328298739332939030736358046472515676384715435622778132802867042739153777314511060787191038742748644040160676434703560483495865916621433972672354197714500120688117682497543153486517931818021587534647739923640415571953245903653787284068813941968
801 44001995284568666461668196968070017359290030683098735912214359986870283588169882374100099021549472787159762394174107342913445741140378354043495308030262298037004202343631988278245386893963577982317388112642587216481481851985139562774734356702174590515965732720477265732077536959105284467110272823300964336665792073963657072244918655032298041600775077358647713532528414675471399375761027667995704696244096986866434577525247397672169766347331950886954270456937381657384740020120952
802 175680179039619713378347959207233487512058332568391305231066347579771480189991905620764092600268652172510378534376055140945277764728969145891759735049479291403439368892168753187381954330237946865350678782713873120138636500591808927767796968915747964870676510340930533192279655124646135620579242615574443794241716856585991473632903688900876965074651542717503610328242951442022913577798023467780281862846303337532902232856508217911748783575532450435709341473633084820679598692589632
803 701413572766578327728441497518606130361414307947705626660399774839684801604302361688117276585803029139259330825008957976632666823232904141417980827468942440402927326797581793966578150173429726278507417257104471092094354168415968142141228516419699072341598802969169705883552142418525032521073281996447927362771876026343538058897362874656210839475852315173969575166777329983103059667033422960648874060883796464854147377839064703433227429889576954227214645647710565483265218428624576
804 2800441907024109035507308910406760761514553864794159772572221997280402909384063603100983637469909671323694054365192607464059106096928080172694148156174045972620797891987112483493418118107776002830408400773568546346822026432416456026829655561642144042344439417684872791866952131197879786331107227727778298513849827152088091138363974708520768626619253641576017498140441612753735451579251410920566336416853102087017945603520520369467556079057869399148157497571811326087916471573561824
805 11180982569656735155229914604726088912633179950286971656474752704819675289993613302560209083808104171306121792144955508603902805223282862473456866958449899103648952392279239653387369260161484161367269228108167484149019833271153687919167188071266999348287525158495281529727049954233855489300126268514297289186757815872743601537571490543109590023043881186796701202560915134129057188054783146536373517572350639307756549080982207712946264919560808743901392742478915608186531554504283976
806 44641046840529810149068309427597927967268328830192558298937053014486571047295760394508712533593752761771299166670038077917883721058917844167591069290328686033989661338431753659542140324223742436817291173367502794957391817148781422321438356028797703786247779855627937124500458201616008776396209010181578405040798481213830386232639179785768488045715538098304390759399259379151982891789579160765145869076010699967877193080683623015437325746539775125453178864459805068813236603244108064
807 178233676356129423066336184566316891248006296766833309392971755658136643414409597026024272131922824076317937975786596392788331151425960080516444504244802840460261926707263299540280585020598257895697174818205942132905927086163010950453688253490988419352148075943098007514276537485537513832879508133009065498371598881777915956784980325241211234514587676942754253461317371070312890403789814465094328840116151733948769225378435947809340173437279006296968676631669452856826959853405953120
808 711616734739574343534959989702175179341063257366728828681845112042916095380056569488049947980814669785394680847482019654395428587365714232993440530015906204760188951491763284644744127490410909793456664475176163623626984222376861080802626673621420034283885689699984653913281475234285421806276095708991479345638156101204751067834335890062669766251819081376107208836091332693580678732822810721036577124439642352914631447326873904855413865937749151369755243408474141955989709063837220448
809 2841211279379259282365150845227502222108598413628519061654050650322350722626724266696907443885472546160816687078268251230413658290537905468581857221285160698958845519220441195899610329955360976341521556771547782473802924542978393827848122314068961341717189474169744513433793054030587373919242332664486245023374312074576922104844517409128727916959820498837029302413091691303039960089376860018613306382764767904952994247168171747551623004727891029759210740880640497043615547509327371952
810 11343887092615886252140368893255205452767788129804515167847062448272328607869374973717571901414499214023228739533913644039839740234209268068073560640453682423832696999655223408062677364758150153712782835704094862105053032418097857694808149134253032279213264647501910985441366246778801317957287305389151992705622932930103983695157403388105317326792643218610872537746269770671067385067774816776197889954778308927588189737387009722054020266322329990602037635300557072658846175603578894848
811 45291973613778721403721249077881894875675816890994705794049545561868035237723054122894858213496694028542863931360593238579282849162282833299023018413291384719640028534159494305171071718035572802786843428710779551658413898599318909452389588417835087711741426331980596250227106583232623653225150183783153772954997965247601682677260073178097608918749046121959175318146759871981604948771403345356278699698451357923805414744820198967736804462684974177008924452978151516301102335505102767872
812 180834620381613426396183385489428483852656977753961494044567300181744639160204983968235217521949620178702020684638509069319999389866367731545300081208912244087512048311616474430503242138842800752345974975286039190519027312226451949964579520870695359225426073846574318324213838303943672843354990242048373087089984831421340656826374332220303593526541884110209518458540045458802059103194267493861484843644363269916804224748742888730004412166357191102796646276868327816993810814831737932736
813 722009467469051807777939639579046336139507346957190375464727541002434028626132950127431594233542052461988310825867882243178607877415808692110860493124837857825195445569621116311406194223231343900485051006258045947416883330289857740721640394184095507234881442730090865471649042665442032719934329801148616633257992051191113491988976417031878995908933693256323853478614213363675861641136963369252051358042797377606607935040019398233708364947061878888857259166756077027599954497840713489400
814 2882738072674674776861791197384691126401279666487380849730607540628205211595144577468302961063610829551756245965347635824525800435626243754215564390884335711961978193394934559371917170350290491649061072965517868847549630506529745736552372329981572287488432892184561859846543613088630088023019492963914076099794378563076098438341635506624494853539939717847308487443114770014823678984680298072661785610507295164491536360627751494403907915950585277174153890546460110158406458503910087165600
815 11509817859869298784964186877432455893197543188553279578833083241142379647681080428356325077926982761681702229611925423264866484124883112682935742125184262090012476523905748391640378152230079423302933639767115220241942139252535490039078541794222478102888434372040167543074145186328097958615417764315417158852841907507683393816149804316101621770022971866568432003358254627605187709819446710257711945163878424360526353951412759923129643920878259765398936965821692248231736643787461042594400
816 45954991641634105343042928202484036399463530171092276641536646111262130836605717674495971493178427883448922138303035202461939244765021338209402499911952616206116711409106944982222751359590757520238704874732390354712275507274379597792929866502499860495077910606714890816283740344682538950246203161075611193584684204985969014913339686162624774883764744871839795819653900072827558923167280676711144724607723850581466491739206270111554679707449807383695994016521357260552394068821457222861600
817 183483874675608149756005594206093531937721864457982777372190584829687878198560603940802005109269124154541505360032132784861416867121036149959935967595957757766238347055743858027108627100959443726966064208927588313405720132000063302077589862709026742468446331208669257518360880456212424591622660864832987067673729615006566455528884089735364893920101953906782659394223407828330674319572636588230761551883031933131085575251243223137608449236417628286947799979210125259195772441029269683513200
818 732595222831132512057974374151547663488241853616390572796681370005483357597052571761570342192840658174940287621701774039993694122397645215374984121858866964902888077844041096569596916297406591411647182790336327754132534334878287329682060222840011027321996916888819251496923895177721945182839855867576979382069167722773564468617438384657741643165600547236074924411766804968669150957261631612700169963900844176793646184698972568564108381799444703792651637480843022842771008606117776207510400
819 2925036084954758032660531014123934136340762097145155839797780205984899914282702339913300851888497199989022840894049371114385053499668819075410429462784549149332694459572322515627223880416581488550895844829591236308891124147808588449240295460343295018091183652552409755656398246158845834251953908893633356050118975169399141177494621859982290882432752817792833381710913770881315008839888041776042434747988897675707617149966744283069378436149741002429869583414563502356190925498138576621929600
820 11678830025707442382202103769031370070640732514889223558981263832387381371632435854011281078484809137826421978381848253682837035623831363219414286423047710854542469230453095313750877973016085938670881855969132649431988922386012699263704510649742092815334810824903994256718124323412111675813671064526011111762937716885219107030378017434965347327785105444205399230716387545792379040910293443165128926249332684573411057277953663766065069393544890699992768409979314009274342148360424387701950400
821 46630321389526628037371116211738298998207244709908611651681112317833890553889136828807892297365944037688266575228351285755560271808447494296357186806510709977392268168018227500216999771649456128512193348641815854069599994379548572772219419815931414841439710845053794279179601778946494030726770072850564118200179044988642985446876513140246603877744852582328705516804088123257445941501329511706377063550156889348725316418088688473812686142719392536728097323700748133499852392689883792380935600
822 186182320492198793259791121279709133925758603998220728401874958498553300106255641660525970370053974462062836964970838148978851809531404342058334945094866078245007402870332685280453753892854898925511860286136866523527948089296114840746562982365733674024433739981742949421270189693704228480015224075844596065639629184193075603054181431049765768764681021953273298936247925708667979038707543572793779267798268576313507608072034790795126102513762144161971425513184834943947893479783389723771359680
823 743377523408827959177193020900759707723040488024992934495642969525144646166769311523699022028963342741049783511097162769939244160320197034987310545064586825901875749650820431083293491097933161000161079150828129482291060753538697212858019866972888490688507014787709493930662325973223060766948278532146573571655274397901852589513644334564002375156319732541867679078580856755428286836653441607385827554230467145257338749726889285986088726022484192927132360824699101864092344958068846181728732480
824 2968119396807400471107548636791996571845245663375979358810439960053485784114984382674138071630823496673204856480996364411164224169950603745180763377196003699598693764736105483986262733811944378714286748544285310803532792560244029286124233145683910510653254053074678965432490252929475620778015541921958084289204097701849517784861317153391619229081319168023144686834949757574070945269572752856499334485066458189538987452578113830043458302895980744978069877557082633900700564987398321148627347520
825 11850979873463021618289701032523359992719171292328932731744466072584988851862812182636790708422468902063899432846380531274702825463347861815114348586170955730347111976240382155674643471308266286606248554886376875889760844310489508490235285720945486919883521466563103683383894090441622026875820800783948395523015210509006610987304879672315786612884156623715135891309627616091217695700321706232147349760864898297555168113825847849176425800687762989970728563002358112371102957089584556419249112480
826 47318187834547062026209550179805819365894691585915732093142887861594771927030874311622222666459745464755850269030635794603419855041587407483717741058217500262963815385554942528254589995227537526507546674809529039292818660566138286678126867090368865008474940674743397647349914500342477070980083752759299679545502810939710858871474064879841721685222653154698097212418584887292140666925472039768747610736387366472333413470027145701097014921045544362086436442099714466434756313836513334076732638720
827 188930857114147109788121404661616728501875453033521503925900659066019832334423617397073039708889835827996349587214967720940833436810333575249619893468926552474571823092478190365425840507967390405093860614000538232520996898023122414214772975988157625198158912635997325209442506038090804587133763455484825771940411444777508138194076897330803393544219635027407617463013172134244202448614746186975517514698260301270723273362148610038343171453752495330514261668615193386451765022934968460733774136320
828 754359963828283299480167842391426908524472904124520466855665318037341527255764714521788858107785648295968618862261968523936256029258814609324721008963610011529385211431024506059754332408727893764345697574443162289159662554591217404605779130099259145035893942116821365623441581279160842606229018715450352222202153479782421790988341340142287287417559136025779790116258669024320554956161908444405124572474640165208287214708487098936077058585900805654034274814878144127318378991649468285262449324160
829 3012002376707858070484009639863139371402263769452816884558442703485567103018488824733948517325933337529278342752561176033526893544189407433377705015669533207306202990601639471393422800890294450412789209859778824295905790297371641084022340310420829601999172470061064359068800327631610037329011043928343566775735125977971774212454771702026458434587327333860882247673210642300314502159838090846240508089539978647182793073328681645093214586790895771361218907716439860674279268549869469270882564657340
830 12026324836881954665645968424613141834255616943942125118926874454023228538836487470225500525988753942149594817615291074946378337146973066237816614963481085209844279762766225750624141130858996029122725954817321429364918175558731403307809001757956117868734669779589405653590469326613771865531655606199210127679072834551302409738429636536491911614817631753879593637184720867268848348351374727804237067339523686862331843650214520823052776746729133666918612303266789049063189724636059680642560699398160
831 48018820550911618575409235878255274016604747104374224327178480265706659163231529680534601547304184687239363509319625839180402394104271075174450795593423912399170729835327754981211066647628140926955845447488620073078836845950552889106958926757549368386999661554235857802968413305964706248536050748949514788551967773251947857079333221884983184537877300661957785237785032728743421659449533589252632974561634561773716835932059708754460230082447296867005907921235060248511055940948463606832444640288240
832 191730402194676488554008965124759882325326896555718785919837356764208858730421297504374465538233912322166918940659395404738092144958876899280168972029605798712445832664230962332374823452559288169571440533798062610397467476132730261876937537092278207440963798485027776643917920386251492407623217152474046527377012713520996101203846678173855985264328403707227304532851281647363820557349729377430407073807856496524385923816795388079375971901646528583258976752600613178537050970317427122612635024803600
833 765546212125605138131835184422345435829142162962522342470600827873705318590645197366395665908263412607451007576076987814264303135340519593455084977605160659901928322860874125429921341031198948706202829008497741047897129950048154169386012215351631831478412366571987775944975018302328536428636433586862282182347494990545150395454800522866238391039217324905525481217208359969829273018279140380393602878749855149413863351124925805504296422055765056279718325634046141752543397171574174199419563439245080
834 3056699686484782775951337474357467799085831472653642722617823260164366935329508687256671984742224892754028188272206227842572836444230603722648033915352193985947699975650657709333058539945952708191625421145295012022853457661665773611493173918765293377619034926336150739057525362656544698710221891243306125343146129708244049486115085539645853259547914121784712715992367690120974285210657950287617968485022211555253064778218657772483493151760587469080515215428579896065609639135595583465097459268793920
835 12204923521982262662197468228205995125943934669543890060558067551045617067193003469221847880170134192253906827780353267765351839619682570574778675999781650948315940092371891279211981393888438569105448391426348825790300873071695748373766425771485440368249717627193822671305828242086332851553844480484019575554571223564331431331346375360125154395513879323143338474656448746074267964241658287425953764378416456425301925427129714875659860695425167268034081655253523860910577353991787342415873940977254080
836 48732453797376099363105702178132101174359966150028690511428369703577980729675036986969549808956505200337258327127253092493192538618156562238194159147463643725814368872857086950368699621195543548183426000127347923288357405856453705698277088927940730137968077764852891914845062730213216345753836388155342877308004953756240029128213796302192366083728195790885204262252805913331733809518641272207027112644568243008849119206152593295698077337635201469818550562134883311905360039876079496533559182063297120
837 194581892107041124645301412707261881786110203654779685264492393686796447119670184552393859570770609711560267693810067977057585641395221426456031010557690055308712616113471951867301244677154600161014230650376866637493965395756642386779142620519660414217766035823310780765258044568163669830160575170944460280609136625516733963367665027322162531425972158150495757772702527537072700163128438284870007915413227744209708602135502819460050064801098388460633059453808558181383216622212626965250504382765594760
838 776940011144781321380759384056387030752163957665114865415044768394927231321615130636446251996737446968868513806834442541816431233883294117921230619322481713333235378577352229240897100122484432977741347536890849498674525388822499536780790349715865464026999031894742551455333071477493241813474348577905645138617280168432234866371721665002292707081653562769219988128214786417620197590483896768488453961760684955565645738022598569288403014983586355765787570494383994808414617086351493804681589658146791200
839 3102226286910445950491074975357101915934061307104309105781033424742833176621441815793933623809674998332506763651177229300655692081015126149227406298245969214644983327540167127374129312718934585211724526485862500696215248090749098684353068280209430074709811224314786117809987007744208504932608166753132378065589660678669583043108935594687435248767999733706953128146219405485557578072268085890710289727066891711072455102771329575218384550829321003744868290182612576193088219210931462324640052681279048800
840 12386835729409029989955363785257404915146400453272363080617876607231718732589787800790612043718610138544799088452078052502952115830481577144394477990141476232950264054098138937422814770479220968935254903717078433326014441755509956154562977509447156687249738584380490601323816739878271469726664528413048805529803526409330952891877853984592428366656555290007340910570566519810175334077399768220928247948378535856086323449745964644695000876609190699041892954273412066448570090299848378986315660390441231200
841 49459326606631567423139275386303417229769635656340639575430170352847758679961593390489119138449599228064215334038571662177386466676886146531609223016743012955561063464764583418282773523144173103429069101986243796938143080552029881462776829587393252467052173912639182464665655490205545496006764719747411404590350982818794895147967640082005102622677361105070846627306729970034830021024648595125666634407968764169125257869646259202535353186875750417017484482321654420236024992348354879694749346334916506800
842 197486282302010305123193327929038796087580708574866879580808602003236503099153599094550048902026465890047462112048158756024781120477478696538720463141644016303729192199155992312993991730790195674570173746809406188375976427029445415244110143807820134317770167729556117063765083402502234772356769926353309004246046465056729528442574682653853185946065180110192443457113983997555537680225837522327802600797214426904409571342555946120156000465291463230201798343381666628412778936947180037203377893179852185600
843 788545179967217729827461004168275821377717323308587982892467169034317591416370453267170547869185090866835368979251557211429181545977513360522210687456544600056032227604613820989650690858060164136178104088413675402588534722369881438968689641678178159853952008178762688848690040693293502908794920492674952614212474733201187850601170960361712463175804716618353979725749455015657877940010507286396635681549475995784104202131891491481656819155136441455797528786085495317105258683461055629110792451287377491200
844 3148597443417257525582577670942829238035343276197421691225324248951751201840697675221282947335133730299004715039548278226486387868665513549482736139305410320183448088131894730181341923414879829411635173259049614037961797101027108840953698378393029503602557527309911502806246004415282799247306232908291765163136669158021363836482387710134670830949742371426523325320815585551721166255308752816619878187166093854181508175310856448841836690064499860670182767780323534192861174423602222865621845054754856228800
845 12572122477293863986763645901052461463042832611211548571784025634850269919711705124154426922122722352921825450407111553958015204451494765805064579000099636406728240586158860523129508676604747248387969893797622951291234079718753351323651612500488178234420739737164465442949947133183373559412312937938419323481858752961985863647269139815868548247385349114293869705278091270545930760476098193604896154798111880330741088611174132511789608460303800286558955050180624312793884869616663829516706326331847580336200
846 50199682876715305804837421657158493453964435142653547314357436494209944308987889898147523312511143556509045699408013550363436388058842635998145048331890901774032521171779202490783887341836667750941584254091549032867340943350542779668060011264536599461759113826921603170299750174765388632325112140114011587907324238511737498851532276516982364883826057852498066012439338494283769855214716046106233331423315083837206548340538649064720497349868197340051500683806765336369244516077716043041469390388106910696800
847 200444547673403098359401025968609943752530845680943281958138411068322309472875577534732719745919014340471515120644923466291050071979719445878584782011327905419337740854737207067561142547949395611108110473836521305889682414269733564984142818090332538835947796350796102047831028070731064615745652936468184698752916736218926886262456822870116095325531175326105216945541057079989480947757735880044671176195234060812751795624428249797665334330462964581311644370554702559575274288007045439684491807285447134309280
848 800365615373434058584940796813153994324352862483520234378796210747782193579718610552146146858075159314157949641100735263703226859351267208759628345384203813206701953361765426425190267659436789542684106189361043140810671850039612691663020884237313174672931989678617761488531467069724959773656559108262283587484712920867285815318124465165379461925592663488657237193381059733300123173377492892534595363647672752082758617191943221039019930470917824189250875296345449629777270270891247890422749973074544851456480
849 3195828731942752032076958521696364124315286108473999124507747121678788756967504626317643515044422546151353030823633202336222753339986746304268953984588811141099389913163644953201549879460753218182522897989200663610123961319961924989966393519934075597713791814478951626772252360353480756318445193040152791493469083891296951724090333230770781264079621292757710641585562252084455588649424172060614938270996185864948839173941047856718279573774979319122698048771018547363356255546377542570575672043808514488133520
850 12760846024627551574566654111091762412489551420711561675085880082634016736869847794708184693214244876617878698374655724859301212901928645127852683012453720185347089293763401117017602810388473915995405807701073744122390849351556666138751614320942525979786506831520167896076639092280061562780697256615210919594477965344035671723564748176696136780339768872737074742543073422362340658162236454306137306264981092584147920258377643922907043071727030789304264533631377929813148862042947240270000643589535802588196480
851 50953771464471903818765798576563327608627728488986151291028779740503381186323035372787335028141092679130245493592042640788343808312051759280322943148961417526935475042367752160393714442932865534416944132197320193139619996530413901018630129866491312420784511348950341160947130964805067338726005353563950450746540347382501503333753345726805521560275645832935403118724035976234708473147377622801688035727168788666212296674060316900031892343637238310631404636713955407931369782107783788525523891186848357939854720
852 203457682931813001469257784472067207912379664866503107086012653434807417039316044941497516016723051767563547235914445289428303629952320995064944487758967303619621014993779444506299041638577875422454145643061924258843533487704125099347212433858950679724651822355861979570055008595428954209008707016756022116239201258227534587054157624305463849487115345950558141672597448123385613098693308690182606827921339479354109797564286460120222400082004069547431742035188002388375243258071791781171379076684302261845037120
853 812405293337477568100008470454508241445670925621610325882541905468474121949741749121111579409436228392678244401472000742374214062696718137905773752415250452681870244336141231687243732534665444070750770910144360022802078442212720471237235622451754887804048433574017548580717385630892481487427601247806250960980682014937754893960085291832661146430602156159722797404198490636452527519777465332025014036464171460888920157596780073097952913017780091858340224808238130584174259083562463410852812941110092981248162960
854 3243936044905280436130723637796340875665002586681844036349662919537773313271626658014273220600010879413153641142834803009257317869274383542667158141879537374873975271837540430943734885425365402726158110643522216065013585995022003914001506124294818907410247375059488506013726996308753370461143164983924641379525028482282821692640028404846426750090321589829160071515925513105498696810185755062379351534453781340569665579132734612830494326665439404050455864145716613785783503626809935042492363734093317026215071040
855 12953069895154880196985458938850558697223077175116348746795729996139653811024661644391109011891240065375901958245506946844545273912500993074941548949717156381205595456119892613270464865401453374647602633002128272205747954566782873638038212246290244079951266462781147680061369607021975435088824636923571410291529139612415787793122205371149122681075913946033052905168377597365608147336648147996187373919460586031709833028514609736822945140026086605462783018530405070173531388163917690924927897901997400786354176960
856 51721846281100386167191907590222067940242279327667473075329702697270090322302912373798278803682976020091653643367089232475069762016560213037421513659137159267941104283247472743109503217046794128501510744461844570712379342600164535379869063140628308483362166871630676143775789104986844203455705425357835894925197785013753837095386826340824403910372575065487748723067258225622759389162316248865962368168760153311795120571418573861674044028036581261305824726901738908355989769166501650679455685900279523490948341440
857 206526702986666385831912186657329362134041003828311815701018177816233939874150739810094476740874908087512918818346984613768844852968588695751853561857054837762663328524180407759182618764256675528298521196869059168626931401561499123402652001584518047022870888904124298645941374794084521002521585378848253662323890855680219562176547468642156705536397759234310440805601466192682943920685236934682305549898116720958507086959951059784626609049174339037942604488546145498728884341586703618451851236325576419575875596000
858 824668270554630864599308129737653199032837227607260276921768675943888769164168209131374482799717580383720608700812867750934940507587935941136591019550983691305384656269215907261495660051516554079237415317430406061705757054648479374095017302457187414630385077936791685579651714567480822260534252858801897388953032374781254721234100433023084936408148598196588721631910411079389015113527760792486774050755549953040363848819185599301228547386173961757239505822660289304842648321697225761326711331970900808250443066880
859 3292935597312714748373658127897276309020229570765227899077481426600343788206665777948456958504997320890049765361086778221175843029726253530795341159551771348570331821530092315910444679532196963794201140992696416688576290047085695417880484169747196854298981008539592916847509392473647717755581227308183151318346553638487324177569064383443410785392456592775164978467628085331534631943629255569296277211562714031762127052547304216359509859871721715883571372570328324165387760263050678456651303065897630256971518597120
860 13148858901800861617654146858026664886173655357960743937747078460519306422702040818377568211837143844753674274977023173633784650923266599330104490527093623028255932272729725583832997874927533531003004640582595501331452769699190876205302382645198422368783891993309526230715596218306258439085875422200516848176239305034529194057847255211031691767550724503948944100744484276082163125486580697454707347056157578824441650414087660973202465072604420354744920981685910557499636583946772578092366021481801258238951340650880
861 52504166389824380894448668456064815890289309808369828555716945632685372157349206135568627552010238016079763493196192171619937502147373430091115307607262871362248194914254236962650945804877142947153289307492246740199330289710432900986198403753504304126598274642567958978851356477225433434660471994606617789106641022098503206315894988750848858971113329434732047040144039700867860872481818373651886352686183840724376130782479998951149501290239838010806358791247485173992804056378159523307483607634065562671777006367320
862 209652643336762887478137057635601996396557059054871179968690412494451891488580973481982321606159812049739892343037029500992670953459853873433764136206144722177825029668652030117450489238267298211841715241962012747877511344364131168981941290738259896718190069864568797058161104404839811219124728975951555336239567657480983782828907135308817328491379927314240270030146299203541500908391685328250177365872134257388351868670069996225984245484977852576438873942442910076233597361260235616315674610845474776666374805190560
863 837158686003006934184554978179889771537077764382658544019141372034831137631272775702225930036137864741990179023796652692139288779537668586963235231349357999437281765226988821642382029953111857480122231181030542325842344434201894799113942380979146241546718815568233812797061840127860746116092494681553870835251682532305530275261725780135044193899808472854163277011156511600267208432431524225415424123535597677871165543308839431423518207295468372030348727583968161423396064638775885224939027241904354088946138413218400
864 3342843933006540789993672795943943215742223792380957613729769517218239008509355080840669717518452753067797588231693961375802855358693073403084157403911498167501315084484918725582203337855328927874894722952764846855885586749504766825382222764104663208634632452198571321250779293371976644752605877041627195393376330423693637031307086858910808508145495230786434268745460418135630132031459463535702020086701262970574927058956127028035848811595277937724423045889490514799573118274465740728084281284592338023073538294461600
865 13348279171637869828220004216146662932485970950404525764343142600049589935274325523116864368100281579216421674324426784467074492538059884804394259660795524781754567897746791669481510436637494503107412487038227596834869680772807723940980726834938125039065084708320144412148686453082604847244818496277756029925008800195540679367386335348804032465277489940950179522652621925922502342024759014768449767409388461946439796992990579747079195890157342506035305093894708511647877082771647228309662785084243677716686425998348400
866 53300996105723409080320556218636395688609805895277042704842942792483359197105251423769831025177002972187809230522007734657947014709988490092657604234167055101043881510851387775257730367523131834078619129012967106587740927920533754377773372400759711774885299377119625414867230711857366830314097983856587768153493274642250360990166813771386574696516477394655341762662945024268820369560221731606693967334325356709610237464320041997067391913498700393931207916743917420774299870795269817027068542610606770578133123882217600
867 212836560469450222092377267157642810541002133503672740375307851084011488736267015315690090255527546118372754971130140314735888610287368375969200327545206726084777174172132442748082169053305424535413512388965145295632326480701091617756190466145519579034034061932543490209623496749689406051168235965243951393275878640462327733825578968969095481071288413096414890346960036163303461870385996284517174661950022309031736932852388057933244700066664317008498643331153760480081313755972424394840850145282315702002619507380643200
868 849880762539641927395791768135949825170377192744115822925499408536104050843303365050426137020864186483547343670366530249011924652121699114095594378002274926407131734076597783387946060662943123751360117515541227393755209855597135216200727659949428199858384875732973471865161084790899079264147136797896200823839659307644713538857974679041233066750674831390124772233354670151975333463315068585926367110925354684646991729474180068962133352966111124926702730901938274042431408028685282042954290405409252351505480421992702400
869 3393677931043783357747021239583196462402626545447177993036417215595727329440735107983308500470732288908648071173553256976860897416988126158501101731739163397176918717282588660648618531686531003942551123718693641841496333509019610637330466570791615088706925369882537895040550897131155340179780635849230909646471314415786605002017032523496497308194045426020315919642610858256558934936686643881259113383531825463653675977668230454302333204764326097013957081836067943350181342629911490544886469005495656372727625890256787600
870 13551398171403478830290391343002341844861657585791514778103933369810553942857018069964743678780018716137409426947093914403649674370976183262225558538767815245458970614714812762620692881424394292088318658763611726160049694016791072931892914996045980289446969202675015547458277991377374571973087645472694900731528787525633202653451697844101638354573704570466879950862184095804516137570922545406332189302007450996953867387395830947986860071343845446867347842034042326508148585720774405254773607313130037278957114257364942400
871 54112605097764473642397936641820016696266859368016782419786477921684301609520304323431478291371085223443953172732481294544897021765636451436648940111227543448948630401091395533467482918835060286383003404598643894811358363498932128398587862515403970521140064649812495674465459056483717656189501588608881094038871059615186547389696960528023970166020008080367742352083220704109465802357438387699404753550521000035860691913492110327991555990335849904445019152416143347906733082831909568690205542551340855135126268016313873600
872 216079532268590267880574854380291651708327461869658571683251185230606231633622962976274358581908362605798268413467956650094744610303791943016617820253699664244941714242870538177559637979857204231787102473392016456802620899383802691283835730024684123252089625149497514801771020662350348622342921925289970028902853669670195891192987950156326356941699840797115309223013720467115052723405200440813874975683296560143575994644104683746337468000011698978421619113631582770037869711316619772316354408279587110614768818810780347584
873 862838808531713588834883986447991424442089460352856810656203511778935093112542468830083953750906361963326013547253762320427357237545386154075331645187829240810174261027227699457075393932252636200516973759504270610765804730748490938611214597211841185490576419014530318103371641002143849953692167721597204789867152629378390215809744436826404979782020654060810593472785628071937485512855358018755340660683799587834632105177502930540717484252522783066673147438764748180688438175685937450356718577563303586411978316204704256864
874 3445454812219277399232232990802910868364531741524993171625560223636072101209333693732936081975840114264763270635391660103220071631636335906856121059163220910086412928020727259709337949516802809442815157262454165049775035371707521668310185149348227202036653474740130736878692069122116345026455404622721824756651962013948569108499644508949039535101319910993952138932716646320506270240970786891077440198457965440437304245372294272025192599939303333320893526272040552968153553356405085417070193398080393447808916298544460123136
875 13758284733579062658539029580540893006222327265903474913870666767418098121623341111357538553909752235518535908963221854795644239560327409372745759691262711070637686335451185972640544381680108663611475687468285800090732611954979825683279802360848444741091924084127616134770664003125908145259648972650511829942619080059629726248266265791042280983828948042895600655533966245276382304797249938535500374893783882323001689108327207688166132727581867164391402119985169381719220968934817890737817862659094191595767687763271166436864
876 54939268493074227577302222306913700929570581355349107070615000917280878007860304013006356262771063782588802657916257727185243620430245912234577488964123579025849624384504964382582848768933539969462590153343513690398085612224751549933347766138143547661760150030769288652676980621937150416111038052336187356052112883433312054406309703318827750861564719371488429185098546942220550297527984812106307602366821067807145778445080486566344164320908892584226565170555832406113098726237320352680242895848337230693798361299248793575296
877 219382658431477657815881088996854525031116763236387036756444262055654517708610612693138239145274335206312301298216138569226517483290470849702096536177966767193322025348727245841950466302335040643225922753814079244421541718990299201649973403366341959059084995111524634124637407124763238247334873807094526789517111823068799767459670563729699064870156823337637121391298804397225394790153651276778515398332314782825194124500930780400720461563451984329614456112589100031129522698644709365655076574760688799058955144220851911943856
878 876037219523530765872583757331046625112032851525235957759561928032244234998312334055423132704310991575075337837922256145181011316760589948159806739592890362858012209402654367902069373395895886290045378159721869146255098935148157988508238492395154592256591048948540356879605973542869634382950201747420204695129565920550231793869599867104378792515682751709846494644492327707870438439432535714376105521215513118088684416917705301826348525631216167319454447323427178867837068331966745000575946822166150919028850628789508538376768
879 3498192145730868756072937758832536277649180033958708091606068131974397145464587957282788281640171877880740775616421309466874490326941977890006508591109774772924192047149375344709420033838064690067794630527656189052825381438505374349364834328596282703093620743199900261813871605658209096104222259559338484831285116187238516216950707376321170504863572075472201333171146018465526402139046723730840747179031107216407746143990983901371938388014665215680976965130722450043241174391076315576101838625478752159865579528186568532586432
880 13969009083039498963644030069643427611202816309377305066710690154468574198138198135372393933308430196455783754956313540969513753184570392347843482045048627241162954466349965546209634589733374453408023701501049430050976783554286997286616770010335078145242787623182912364244000812458043112040491561165087435743234899989514733553242317929844767795837096168053027370410274317838293601700779148334595217695855178228001283806394741250970508382328502395365364964619951514250769423117986252523511080240342633758576825852668195623643968
881 55781266983493114488255508830829470663542641859038852144571008002335578981721185109146266095045988570095596023231525218930514642596054196721191418638253177583776248834203022584194360968738143793927208672271036075371806865687800115618526107613467621331740274373313074411140594419680198126113307205348898261275364238599174357131387275164565825497899227307955053762527957885968716430230870267599163364163767049547185829752776890018320026296495663287477428481307906198355245410502992785510763377601631988417855108729642018414470752
882 222747060894876559875621362531869772656693796181907140837037982788095382978780840204231218672523711867473754806982233269644477174158923797629952386988397306206438930393910088471541099681906014502590833986891333863476775595140315065102914275498631027553695186007886557110419127548826008224932139419773543169933875857131583538260497113263664234416472126813519559637055595869074487051167545483643659975647865188783193767332513932701802301680965852845662596699922500975345495913355416824698612176970777474421864577132210076344830720
883 889480479939957127715111611152855607984909310226065682672165985901920530251003237456103089300168842359059531000863457990383735391932033049723412838399337018079994578124208369587547065207821469258396608085439263358697548519573093819531735101768959629823612496507259523834891678710798179523565836950526656545768259471859152945634170716052708948052161205998764011095756505181009271606679554645357935687196496751599660734605034093415285961313825116504896771988161133574806925090777120197832361417904196530111371476455237318927009024
884 3551907855990198619901478703621692046320076630033636087399849972484146275578215391648636407115768581026353124991583264920830981178140249072317487593189106928223269216093340307728516989115593351318478049905874487051825844583239117812373481693046201490242523926869781900614279026373185716071569615173662401067011278019410134201472408578986807538477058521950960176144595919533222796426894920632178762333255281736407461728323670407151601261434356361148499548144509495427253061802134628393370763494243463969821384256263486288127266176
885 14183642864284599026853044455292008896698071824238531790032944068511326720512690937576064296282636799390752404809569760434364201518766831403263513209362634052037536588778029459996697372942577511912948148017194250082696799648932219758885231068238013078241893397746594607962289297555196122106094432214729857165906141091722663076982852060724272576608081902236019587436602562041102153029274862334352831417522183824185619292506650977412331887743307116338729142196686135396935290888748136879153736319657338117819274832874441858856800224
886 56638886934453997319514426440648568532215877294269923034222712882715912985212754056622807873992504703422798649769149716557423783222538194263353195858669094481831744474179638376421721089770192672181190677305752747472087746149897205851519085485231856352694968196187998941751874134762204000976077300258647096703550615900533884163962111849277142966274721370247503840667071706838072840135143793053063669522329225226230565852548945996717906159923162867531146612143973908264477194642528421268828889414590437823732797076324227482171979136
887 226173884270345803790347606948062467793415482654523992067411664996504758659045998609473127261665096582906024943233690803753555623741909870000969994436316860646079018761264601607195543943476470147257218659718224923226879697934625740321564936974628054134027119904030108408209432803786461826715165797973099687035398372335013513133888560219435809026352688790251811296760233499024363214590485950151036834987879220904546950308904741235649730904880100467641909133670229456780305274515413068064641330705158583791687495837673605413324165248
888 903173164826950096877834766960532572407396701614022989749281331180092725995514446333857070111449683181926738400353009794630112412490428018061614318560585997306775143480517804622049016522665515182065047562737376405002410255396196397756939524116796732022019233293568161683394230923687734379001108522220394951780983897611737108023317733758243386323891944041130503653012238129979922987379293081065769928076207775869386546061631277197015964015775147498327036301257064537140996543448191607750015313205503076421179999383398103183889086080
889 3606620229581797136365405266024279916988884567141571703892918294954403947569733601388423945498975709497746635608924303825328163471765672714251375699784857203697508459202615904684129461702785232898506006491769902491757088165437597605044575551581386586085473683267043638014645372117975897936108440571684593523108876467695320500975242894598813834382212782301476856717471226715152374868157787262605223383411593952334859860474441352755235942712433964616662779093177111234061259799002378290978523211757224171392942646355954908094088889920
890 14402259169263171478793049221368550748486470691786254585966228111282857103110925425150308715022520490383567047033310988187082915317895309025961082254948952044697623904708670969040659317169755063334210349584544915716390052130573733467425846556419176385367152014017657240524638446986047336579115070712598008105708319157283740362493639254005189196414874691889441646631739006033221102540592232769861297248140375102941534087724957937198045831012812311579002728528543659607578680399435538324841499875514576093886297400496289716914086702080
891 57512420496228925820881506226043062473377306099628107397022967015170585321332330451938794299619551830204493493181425305495694407256590488847520514248815398181705839804171871261957187546497064180399533655423793667165217402882988326515142514417460621225909605053122441617597402735157060918106725294318694275151521407431725100138632130071576665062926443428420666961766865575232714015403295180854380278645875190850602886887495608623201460869748562464950026619156050301835450784160056422635588063201659320192154611179777300179104403077120
892 229664296289027039397027772609318803770488115672852968171667209390206131392309191385566603750190794756874786061665486966232737572085688002904922523611960468814547655932373130417647322173687248144900690591140039445185483568878365491117348693518124623931058012024481757493181751968714790002792361452876212556500908996435909693672334910962473550263583653554960448479772741042203618451482272425284506658623826393135670951537578002049589618650889123976457077868826860066634234380722944090075662636922258583388467531583297628546843539856640
893 917119941629914054680609541198020052513658221289880663469371313626387133533620130302030574419128750118457292094655436511613919207788699199345410650144651335548823303591327020829057194301990298962996185157919436335542932431530947183857704265206214688352003982117373026667937034990971599048648449546194505665710677121239805791239956126686848079830461909738517987573948134729987214142515677127661456478945774837777439343981680075880855954664252391437660109076800985775696573000313117462915389150475890206652427463157118321347467294058180
894 3662347922373283646293996919986899276229607677202361391825368616344533687843321298692400990880982975397382031271950356368853945404438527143134319391583459939811634423942186170103358676780587595136323535069766550753034396137331553755571003899244357933344571255013017983760063161861919347460791168942298471601782928872848252978217534637339458151642337138000889831995853953824976481032227309824034561721353198766346510216404104992220286905632516344144332399251166865668252146257450174934540150038848671435623988954123779613955927225582320
895 14624932565800914483296795095373039216928681628821578066717682922797959275097740674208593120411582600436218837601606201927308876676280719017340939478431496390305305755008232182297079396669405127475168176362486584636244262183460839745674188968653878182376987527012278524103461639856097850081247922721663339926156776771003871640116041143425944167495350884019931222447536545308520832343253542450317576539332531473628958847692023367612914473432013201538631585270925576460799918859831112486394117566477415654654966080518001743371594672273680
896 58402165717588840347063952583325021534985254408993881414107586668961816826112851582698800260173049460386180464438933660105594059367103938850567205391402496118835795914412450108195887324410814834775485272558115914533181318801634748980580572392761425796541194985787015508128860782857697416766689440022573118952796063481895127407350574824277380625826055791673268877803383453217113856356191101776004958115989105940583757941126303552039867559359826279879905018781633631586313848007074534914118606426768704168227688308044138469347040662497520
897 233219488256075188683646750165137993059689879646422770168761022493671965356643255378426140179675138147905458732052367982298082269751857739299313605712411955296800261253910663371471608508746254697275543670149071635381408756541125475777746621316625940430603862980141228433931268295796469776303968119328629772044288971340264588506382314842206756209918533280331803790114277904740216269890626570165345879805119954735680105889496948891712326557567982520730263522117531663975148363018799002989590813835978727035272654433671450710740210838741608
898 931325572010585145639005764119398801604002211647795739500997197633202176596792996791208412862777666302017029503726408210099990711797456920149097231592910267204493881930126068407865908392532470979418128328133975826671882785407720628061043953100231878761294672010993734524108686178337246717928968985030756101775336919481700979641138991306310662362368562307783890809837105744060011640728557606424431733211231181487246469257407040565208503789798773831344052168347093761064917551105197151681530649979315278164932458877396241843227457283868608
899 3719109966779543929686440578954545067700089039023541613182059254014637884133785070839737470483907564271178534835174739920478380606940179381614919964979746074519415444988440924596420853863146807123617544646061291776548681769902838113178722454478680827109492420873463229349331261530596150967836072657349921284782628922185547098276732191944592099933515901035508134474455918691462550434927806724475410641070672989861000074912450214373994152788282589079798848254333672321349217999574416114112198830353229928222399773801422113474480760203587392
900 14851739126643621956384979484697671865630408601705817998702449381730571442242139560994763523343540718449782443774358449790928013906140089838451360308614562200215732700134012429639273695129854925428654971001475993006120567122528006758996370388361677350742842157490836673496097945994814441247914534857542985262475162537745426181687695046283987252204347964957477329465341300750153356448717198701626650227474139045264869126148394163381583167084075508752255878456397138398870728387080039871938368385358397674556581506543244747104229140854984608
901 59308426661922170083876926316080431722213493760610271831213459387310809209000100515840552657967335847752576361738106981347672191968311052627595836556251598559359582074295760385748445317228743491515202596716241342058860523458708152761778668404146621409473521886643528536510828359562307268816688852407477993166392545288970727783665919683431593757404499928345594719091223259349231008153563953648682413957596215622661376543670294333968104690407701281648125600959062645646672999974366648563600586816240266544009269056999830240561051733044505912
902 236840675514915084704731891673202245353341959968557829097603502258778507344349852113604141264493351481997818418908718454095823856315846040074994294343675417979255285995372214523076248614230366685370225433003072407321433766983371887409592471659901785228320902628277308609273647051496815387781547338878373798200212461961360519231973222530639405331363511026914850016963567261452722897340685410904664213782170344923587720555426919385658341079976094830561589813072199823096105952381066579189186862653727613915542100951639011361332312119181663712
903 945794913703183487135504694647072401264878996313837086690263566325636286112955589305603973220541450095930625140865901991762021850140811127739180807603121080183369151814801456759756161300063204470390381211701922809054122319548659217719611368460668320843853853265480642821535301752404086904029637931283349320675162870680561125878326270796239023649051132691173284909970679910462603314844764482659510274467363950837283473497173024359663252880115755132544980409575121314381190367716895396556335791586639916843374623583183601229475785265348118176
904 3776925779183828575019221592655744512380744386573685675061161104714814583056259009960290006747308319478190126669920005131674798038018734543982307458702399680641202078164972382601480072578654787330025992621535414696768094690236756821954375216133961438452355166968805704118762652464167728635255186975597195042649160274313047402210827809680576232498907439519881982019622677817084472527524268910041919374929192934927305631942521765521754473379829198262334303249872729413751059073255515531576173467258630172542004921439723560016717379245204856224
905 15082756459127483749855932621535612414909748108478356404229678061562211403172436210070921390765338947527340951587615327677448980573428183943000105222051056092465517023055774042409938796123013612047184766325506143190308555578336293678225754244892829182753931790770397195461257452382388274733762591530256381287164641568987202532636283593208154547290181455577612606409042123884108190026454485703047381345913415747919162593177514192249955495362523893621687022796246462673423632743307480392072312295377503130861405986755217942599503744378972730576
906 60231513525859458592967098816989881724990048857947675055247348495553846776571855501591348568398734111195486569957866729384273402352408353856738789851605920601124558071647259476639630102137956547206600886775418368456924800185651149993359124173326057018948467149198426373282580502118288110813343573576429906161736951383074912239717970492730992089480727693997042978453718010849313387238186410491235804499883200369078086811978395838994982075456637177015758513618071537450344787440229049018548062337803875446818584612144554935981287358207897662464
907 240529097921512879331665497489508826114330632749246369393299790224708768238414000957871073297472078775133810085344801650778781671984808826835307063439287976860594652122089855371194075399749465762417978234682497458196810270800342608712121812453696430779592033186565738054651200814704857765000664702545846650465071865496030196651698038161971256801531709287136559988983730818601785240942305591865798899562628441482934359267535556240971946231482637496236443673526803309308098843756028818971240321214080088720381813059094910604018770460879489857280
908 960532922410587304769418085123817722108490059539723602360888038523943022242321515159668972070320157857332909487534841424710841234552444918551570056245687078540746857684973705353923675601919185615883204444664683158961862104513214982984262656145566124635988171291346765311670872836296792876503538137763766830373272958092274746887904358188665232085377560087258099927808231900396432851079640082168167218936945554621077627065598182015764159050144750297058775766550896926857123475184164910508182113236556784779287991490534511023735472305665545260608
909 3835815167518791290041567546460970223688180999593917583363036122046358370212178099998192494991096445611651852424317516653060211434950785245971289459358878264679027206067815853262932820950726870316328309236620643105306452813428958464112904004432746009935710138040087561077785167798723662427428349502319619664648048730662418448114192267298714644186548709724914239633231047037791578715053089891640410307499816695159983075664990793751651630675782763064080547858927382173606073380803381593359050627920091378584266442214642153158413305689297802848792
910 15318063735488557862346215541847120367866818727365633677715796462260827361948963459892914482742027536645562224968378524783424754521249366613896343869491017273848067922670359867631986578791788142753555154074321992769688228446217804124600743548372741437402655822578486920597767905657059385660635120475731469280676240878282734670077906726481447292668943069843282943144623428306120649414494180960786583661797477875768686709182834535916898339292144290750949079892010581706479875102493827034016522921914604273193752326641589815121062260577593662367008
911 61171742760452339567843417478961018798173163726511120585162060441244792409796662285832323296649894531790399060351554267538080235709249730452055556096700497289103510160077180829129180967883566200360336013147119442877350360915471628465109642354816894472365202303088827721646881019366923353384504016192892016125403561031929633361877619140686174251851180544530310135041623001934060367871711860309682388263057749442239931420925084956438335855130551004151344789816720958224462491980148505172690500171749810276375605763968452201027362682848969030214112
912 244286020328855551804044770277990980687219624364061092682552757469929601454149359790692849905448962626769520885906065314098592980743960337713552209278330920179497865116234665856143262546591338091082343667561197490818744496643130665554180495017245984935918831058279916081638050464345152025637182723169518240462412522026891042260631884068495925711323552631074201971343590407938402998802193782810957584246232699298036120631383152586090148947107991061092316503039783652559950452771377566373330932677164854469103369961846344036062515050604909792664736
913 975544653741302474289646400298943896610367708548780530508676473193476172636369968294396119994489410304943521615832709989792470451618943513610931763122271463604425969515120174975609914213482322693675684845593638682481546584709281854102800911381669407011606491685592635612657580623907986792049602612564692504682378540984290089939849990781483467967501549963446501419799787947691588280897938529643821694383435055988131154463903129589919070180160775778499444946857965253552283643366230790441311928016492467447372655641373608856994670256934207344504880
914 3895798339010561656215166083946798267898968501965417387457160358545028556912738140602970884899166900422740029324286560963851014736060799440056750794521679694032842661605927334396997902265743292085876013435512628942761047374788047500903246974778547820496780048686008432978497858493345310744434235377157557479736520979211482312340083008794055619710782978405377804248649504419537620556327986126485044870515761135257762218527904025614870728464744349122980740367199662505342786068999803391023925296451202254128147612630073398982673113699228029289141120
915 15557741723823794868339851054722535997080642434306603052125016459618635047858995243380428767163165444304181505486783756890534050074825235619044212368215643150222257411341658676783837938648247308542567503718449829518154478563723165299123701467630028920925244460161283978071457600393374179775108163064769265703868555964859134835880610915407247520444131347073915068809623011201390301164941756451929914476744034068156175470215232167471456835169567137805580715051181841873181039736003443279498366904846629965666922235051091045404829928277086225010890880
916 62129437194956391769812454587735069401537829712194342275376117886526332712800105123810371380869224602273101233659677979834396732076571031523839540181180635294524274268661946438160916724756765946365140825167860247897130320769290475269740804277573550009124963203802281611400908416884187245270884477430481534373017672866589729082487689171416524911423822499570040425475434538104172977362366895847894665373070761118763108723049410740291077624900590537540179001079431074177410955274275480071241683188798773502553945705258619753153113484953236550185840320
917 248112733081836664733772157372932270275190530441939249102484069458619946294915585933161121826335309206971776669261325870385006502896987753464010753335541038354061153494675357759421735800666760819443593757492658827776152443994326942882293898029944055840950054191542829347220498108439461990641046880799665645659595997953099456745192713258750377063477533237020988119218890005041075671066533572280193976318946602205812310267065229834449784266474358988238882304070725598566077324240570546291249649481634479005328362399965666833414163412157247269351665840
918 990835265188020171759987872753529565462390381462462065981286907918568871385499987800215701668484606730170157151180012974494258015914594821478457312878940922694097115978926042264980318899260635370100787875649818383491798826640548381612283379630438649350515284381204515778145156585165701460297299223485437792763735828140967136093084191336736765672608842247906160223953789087163814411522995338157327911911434962843543727634889114039039754336391374924017530717031788856749285941206594025785024868814063578663958618401392216562682775966557832072007225280
919 3956895908089023561822076417645611517492456857165677204072136993451608234781427941638196317488982292181168317899688474836970921779674485769548110663440693380534228437829024415411375206935260634562555095564703329476059965929442133714218851670038443906222520968403644598890277614477192890915445159161976950989074387391812354672875228593273235268702524759447922557775870307555749610073075715845813695160061923091851018784885606178385905516147531224732845446827308441220832407750095878669336675234156399819434023145815791036541406985012751974149523622720
920 15801872819716301093972911776561552012629450522957553020467014667631027653475760752210366973070799356965857938519942558504768142070407001793948925398021713310793602152393844053915502310677370022409332505669503457119948918943381661010199908831191824855191800418743745820162282274433211801479862139644369464615465721476691651998834411835085281158656030626826219626306659345544746728288243222618825848113639919678829418383892436865251587874767813764079551298765817900556103599847239847909862832586928791696093125235647931533565387140150806500526081673280
921 63104926163268625122433001420426791859208280090563178235730526496025052931111743656114931708512159647691423104510281527816547989240745480143956977209284066544860369456474394841434164248840036766449122917865560121954587801727536215187081215340158208042410093975945709158581997352438428913132104318787094975302786333293236489467984863377508041421024637852527310233265752110080074341483138609385814976952812337091146735661293064454975408055418839611381827067619306226407283110085204441517396666035643039484990664445888032915288241971146602763965616501920
922 252010552522751396993703365284462059436022299702161984225425603637034091474903334294811862147818349096661343891820883622639459783749497689501483413148466381319009709130142239901117738021846803813503466530497682068487680207354819830475937130701273288338797336012985475049736084959973528157286943526694906343444504132337799947144914652967607229743995242851809112854596766986350713112504064657891199080429100144678783512168645603083613352352098351474552591777993936488857138434907318844169234565842113545006273404723870940611052943991952920798233615839744
923 1006410018148574828135824385624415899075427399831420117613986087887787117411916491030561122874921997801808536033797668206703799034691744101876898205371479716853261215139824311109334776515863960757004147036175422942931814671656694689646892359832115490688349607967087653959774330753830767356026526305506396615527654808426546925844946970105597767327223938272537485559473662703578794927885199947143484123278501915307446766443331742164945120249831815616808333577910771225179327496593022441916131699587185687305905170610181845390341678550307963198767659044864
924 4019128904467548382279197627207573597001754529926550680268690590396243759870397781614090502355732402545686422534002599714380056498542046675712073177126600821400519154241316473358315151202580447412361325299606538487369382197043106343758258507421784217335393350032399726097594994937485392992320939116255893195226676577577867552009695884943239402481649258947523303955217209853093088030388128245917496821851202208046376732711064514334162157704787215106373316816671108743433981705176273498733440601010505877473363609819408757989448796441110352324297043371136
925 16050541078537837831070851968865219266940027333073358359152301573091519718845583442047758119491682286640482486281464359315553501019695588248252805276995011591472877629203826247307191641026427893991178333844698733721741822582596626828044120511355170206861354313801888157665227775192604351953651092313639582844561064510491111725742101374740646760054777357850591874717938421003100501864015544886478587622660850468695200744838946656092227501392508482631082744175049681549799621323792932891009366945417290016904596199480517715330397263751354614116378029895864
926 64098545633071590734912805246049923139902403973341655268082962805672063708563406066986779595104086447222415353883858783838529929068224713133375250076808581961061981413341193332653531980992000305581992662532409980589919789873337336849526160443421577103294265063998624576315388604552704517487083620448159162017253403242327543599433578627483721687183131789814660365384737066237640358089759537319851890899736834149462156480364954886935879180574352812208768227386551954405782451981390628040014251193865132531468992259535861566639198637649275677768544654475296
927 255980821507608837163183761539524618197579519807804512726131630818327069923993708364305101592668616835289591988476441751364385988523407204123282417268570272919127675032403201230951020032205267399160481083316262883161527888084564118102468882982317638430535526086291693948047158065088085389758750228394105401113961563873484588426057974822072233153996628543350169315977193990155279811144592700591444304375930687098089112054382612952913886861595218090145403801808100705837959456219582566319571108013501844035990435432098473102633870385798245748158245794887136
928 1022274279990134366109108363555317258133912427898627924055716667272136020474011374628411872859765118595403026062571100924448601322639773056909306616270779933956425656627260099497117592930200249528315925834620903438231514314796718029679591351045311628404206816963510656340403207196386063437147594484403320214226178023764640834521962167556574098551229224593453454476608376161036433578752943118939929610906778784346994753953942448169399937744273384420652193013932496834358702324904767540794704280961601136984963334065949794860989038073540993790572028313679648
929 4082518781395510963439075703558536920461510224125420949331153751621626700986529903959326739780885130952278607363995452195725661909632599028252975239990764363797186788120407167539044112446884974890801846830510645022606409307681720075039534026967524982889278670342856440384238784797096424067866844513186925537275095273052495678662094705836467114438474469002468319299492873241692215455036295652624957490991789796053732729710819326876294703167275890698778972756624370667860858712620037770426745449977719730625727788446576541374589804900226765168124850929397552
930 16303832248441869278489094760155689583567392352086724354894483557455953579489068278233013643466806255577176748423329016798513871482590132940575868687653326885067081530614696292192523215754421441238374356934762570658584628187773011969773969172356055956217754187113931530475807968495087178669239132579130057778714607327856408984392303327034463594372696573639758648086300864995558051961956960983739628504141398774807192349217187860031031961861197599837207196250744335424216889864528578970085626590223537588794605236802468371044714928391854395413975798118110848
931 65110638337737367035855773733288219074861673668887824141957762226786312481546177957963325188687681195123533453274375771315480994958196720104323401875286929661375329746267270653968199065321138318415178230065904550013893004511821763281807027322075481107137812002409372393408166108205661913446919612555792559493141410419777392059151553157321768434929152948203444212510205957461055673131163176101180593689287928580210901195568919032932387166967523753645077069600129822435661984271251234085258692588972738911669762308787938975270212354863582619590916518136627072
932 260024909933474550230029808814957448746984460112334432869200757126114453909982086617084369645360259959365889655486939079607220743034315658555910730940508067706291903913812601170653567437878855564405114289743704869895021238435513701999613453643667277857245198831425462694044122343464891703257876369273239522252215672887184128467540236070163506717198349491509016004376872845602681698058285075975379260615459209394740549446745145851063597705876793688518507171443372284261780048243668799156111691553946131251604949292537979695469694260355526263757794983319815360
933 1038433526157474779119979375344093008847927678173045229127093808812119839195662007006935348006979256020715657270932438023056273448479218283356165518245944723003470292415099583102740976271122311775352999577127230825090229338494707258197929193263232323037231397123271647414033679040632500176814521967515614409333997957692428343065510456983881406801116323135176274849835483401825517779748491772984536403884799416949459206515535719025717898203456056487218186939156490805640274719295311456529409719540025863242602054860669600129744128155720085479724496690786529104
934 4147087424086996657124251061699787564136698368622361040518676448401788500942117934879187156938607810665523613504758165490054399735124389122146582835189090374985608972434573897501678740451601172458861905033960937931173713423369592335665328307243730961126794973111237843732152425464756546865614220067947680381881649133713033438412402876459976629292025036340316078275399206515676800092258197352338341583980119222208738969198128973780056961472127410597438456229406570903675901666134735879533883238278673218553644828075363943110270590664019269207566837724163276096
935 16561833804060792141090594408500835851063368105020793788778888470939886830508549180002045792599437154966113108699436288240466594192297438444953716224326644371016697652460327991882190932480069049206236574662690557352993259608022129358297953531370357788875792289447247211458497635381215661775234064810279887186136201317974589571177611738782708526997084667368300506340065518898305575961462102628406848768754871791554065247491089130244121969747504564857346025411828808624244528510818043883918064853155674429458929600460161212483342179153159916431980754617490170304
936 66141553911045953057743625662767385028244972931991140432589889059025031795613113198934379180502255785438569511290144038579978190339052247184200647812050065778884384891416234372445163447152686251218334863745779809315025569087535423437142007337336370375611778201368894770883962117850977267053686705038166231790857664497959991300752400431589944314616335123030353431359974111375146685754463710020272404859572998718783897751084779124002503092687002879526965013213926335256963169077224435935417342607895332110353544725101675089373561724763634424077169441090239864256
937 264144215277061537355941688699410811307604016676081041208801264775193191022833028159168299116595321856863742269429320829069356080863809437367735001843745544774799088083995492190004238914194071683930295318916167999322999736751506688235576020070644539941537565419470711480554155743155126064910953484797225404155847309474084396025851044693941371409655792647983326466356558719137810835089597704050865265075117802804120861590240383043093446947955125519190505043839450880441657359346273081726368287964757814261429881657771172338480339660248170645405495580772039503328
938 1054893342326211507926376853454110649079963983655561550003111062221256418270069719066309217954216021169340373365756028858849975883576310577281499691842777024667581723379676841303729272375631608773613122135424186017954493503306452977378787626532133101914418001422665364986920677129522048473116606172507467371642825738422725319765288769928139449389641555336165627936520954266168964680975783441415132802332718498514490481101115186368992786216171569178389260411683237512448729204804097201464880232437812184277402033900041521281735132397456566929631169734334327936000
939 4212857158329189109852522976537446366698738896499799786130705937613727543029938070926642948628321859317531626169699073565483994771052798251239307067391845938241171180822094976478768515200195640565659350970846411187940970678962509902717136237285234272870319843328047337947079519169782607406545355964008396100623627692669771270312537176815380899101118131358507797415403612517790531659508521695459384798836744388010630670022084174325366397921910956481745785340048996907554549443870334698272570050924841659060098750390627740569890482013386694676942720343734115264000
940 16824634980921305108331101034338454641001405885515516225241793534411239981416015901249769696463755538162368212332203752508841038836764489650344868213453011744718839109739633479713556289512701148170731240546168596958376021686485404902244829962962861997188818144642972706407347244315870083523375316263163799807294166535006807477247052073332862795471093191882064771436050847844775450543997458820447865627550114792650927790824664081296449664748569249990498696842036355191131668403125142500774287278725749351251587643883944030070757323564965367591684509939410289136000
941 67191649024773899041273470966657775064702730808587465748058580361651324394750317518455399558586428956236620744975133679605319243315653442312102691635027520235831086992745254512714520678981371405243793663676866933277609613954713861383792645058437430041532352052792142029973099539171340415387892997679639017167871777977902311600777034847958300059813638556217922060754634794732473331011133131594128172340912770444537255763286169448678790929387474625088229696798697598067246323147014925832013657097628463717934366907169351711317880496422171203526573834163487594254000
942 268340163144792896966593040450451049489881421075613208023432493482649586352009987302832675112148000371078631500481850515731275219319079798491501880646906059303535919148050896092227716713022924845811750179689224652988024214233004315461751891765988668770826351902209717061946271005079652764099485751313036963890554672309501586176998199409558529967856430471011879059202564876464335024396494705344065592148006847490320564564298747166589030013937733552916007062884133775712677943158956427829761688077676201227853727855016973211742212728594200464173747524761097282408000
943 1071659426601880792053740149032595461859201030187013640094908775155814635089361204444957208183409471763310011216355186320728749281039116403840157165132019917207850845174319345699899997399113119970600895227798864088939506747467331086902657962322103626015803268343235557109439706262011846717972577734007181574380486730075344420942870868125957791445365021639192668698916385690985395419317819501587168594029103502019812686264558787641880555621555890571796122146627967595624078805144071914607144564106971725367888682585565533374761151822869976568429023165881388085976000
944 4279850759274011267291285285136423041779501462770524977972162256021565140362464543765448677173777477549221543289095613432472946191817498575614889305175219101741976641832507320026950660539808904859721732219325420778904770271243341094813553134055739586748133062153132019991656049614834515751349020472993225184636787947359108556041409902064920102863642199872659069458649051603621557895871167803541160362281450318079142514046520053878135433594638745365557064689242560159396906624032626590150453080833457162224471162181517568227788272604870763909267623407816715967624000
945 17092326810592206981700957179891539454197701151302750629078375335419948664861077815385443127905258849145266939221370956060372252553451691218460782054172752794017574705564354872213678543379750538110301410722419852964352622840036992078295635192947360012652620415627245015630959226954526457671874300306531654554486442526885134630372594270982217592412838219691827216561213404755525545861464739972375256223437967366092064601781076190998116361777927717947866169838513817806809522433433723716414348584020893829107830852906544127872018753173916044582750978130483288702076000
946 68261287529210324743348851601392831787976370801711138450336180055822128808996970365693196999347706763604658352940159674610555584604488969407853981019186398133205590762823004543172394600838413594955995278529144090989388837732686123610754817077931581062136909949720013210650481407604371224995718545971479641849914288627071435868808351880670073290443956023672132054384920693324896479403593744137284272767907532597463253977505507069958182766041654701965871390677303768259997383676775857357504216117233592303535915676304086805807946720540688280873174620497619070071264000
947 272614207834564768474200061553602627350257283387896034276181871947065752588975055819661249861598046691538544943716695026815225115430577315238444646556193293124336694665987649105415063931856221418677661044634811861768835482431988037503806552829791630948719485703199677772343993890800972079827592997021726729386808610467201031790654929726778469500282830869230305832362555069820349150773419630490679047208605869400291175344090248087956924239107155464746686276204295214989624020275819361712874124407013687711801003271269754783574315313306293015090141574814759758189907200
948 1088737591765785234721495868187617751271639075405361189607776870450835089496712737434057437076043825459040817972582199818212170733190271802107896368103120677030684522611324168786386122197302144976278841127401851750183154887923423064788243083618951800249133045768225489728497690787636763519367601907487447695847854180906058309151018356542556658032550655685189299688710192663204452939886299028884672019738325818541337584884251250722322364985240763553449126375017253587777487312538154887384326184876144009091578214602768353977117521181070100107449966828737543752404899200
949 4348091460416676179757661303526444981365129214307899426905651677675814329935022751118022164074860140292976530338148589060169463668626601926737485721914218818384859946400881656202855645332816065610304423329991052562500384175279709134156613645663463517757774901996382288308853823560009144220605835002978376374272607848045792863104151424282904258735465447231527888893594186736629953213593043190897391056953898727687328950802857582233426486939724769703145928694364903646859599408610541106398688691940491687504025439223988808092104067133402226386908073937317504756427800800
950 17365002156579248227329785324797495213404161995226907381379522305846881700117261340289361467880645116270764617011363367874711811180037753786057304095289903955397622100684687529241339311670511748638408186172473894462456551231255058221348609154269194050773770939876254837039819540645309685963730586153976319547450710672051051307966308940315598527086195913652822347082192252022517254244250879698353178568245982273307472958446835032043424281232429606203453134477072006488495780643024592755803261403344574063812156602778667476590209422013895150945146457606789040641592099200
951 69350840596658817945086258873150102770593701144780034937772628725323982496717642896684860180959702273175997698160502962084744924423014971547393174990126053719623834287518923557949864432783384612410414028234807254177005096250624718324292122785753903347632972781099159210501071901288847379988553539506843767242285129263089792717626374672980637138259595613692874466688532829392167614588593795745574579684949796135042133889136850526237550436682353744687006577593685871110657056124053940898237909246696691764749790929033881131139902865905138419847717895557009952845089948800
952 276967832909443500808918343911918423524521774698885661847528786633142861818320131722530797474330551824117384284482243501220712086031051430330929540654024384491148431006864107496113103482969405278343062992536955913341791036999829775371826085961523438565745555750229342436087268910402680754738550127741193079989947232737943198731906318418994325438221376465969608359533164545374252066154352249521058677872505102910687600868584400743311787938190447640685990551605671121594717299580793965134463927961952643046639291551395787103778653870034048803216520098997874098156683612800
953 1106133767568539233309080120650129150540797615098995450543528455957165382762190270425465525707448703723107567451275212475328447025755243703814549886526744267413663218247468635490774336623008818945441476294993511259943324850138639057713025956917600403040466918081008226201960544749118935571851633366420217019503901137558652473056483054460098044513006952663961403946818309000064000178589265020191430190806950638161805380532850050029262620930551423485083670384995255379845162521844869785104864648070746530228877838308266297651937332227958246720057554930145280502287866126400
954 4417602962764889729167624204025839731773062260065132338983794051873828719103474599755198459699366501936398254274664113809125880551846397635223275399164753584106880932467755343665925325996659732435962226891304933838024937394877802880146903364827251577036907455305516616211406457704055680918128625999124601763239789767516494274834208978442339291867278256274506459523308744315675976705544878497407333458130423463921539788607442545754147325909340761039453352974323377445018556271920378832545968692516319571764413972919311271748919585108695885644079865054051176539545508633600
955 17642755750982002400235829636559764254080704314148669649665703590961786413558447511670532840456652781500510467140716860805356399048270559103159471005406862825920492776428438417485919728996935537498154434390418833984710277770380338880796583037144050004478642846758517142288646977366961172611250333097338522915290270503771390522426662831824325552966128566752566640058407460983809746739098884766979892241210148047541716361004799147935334787051801369650075195423286050501906044470352136248885757085116404966905207400228131973106476015719961312119009232339460223901910922086400
956 70460686867985070475671310685563710363300242915310554116553355700649842666188856687987305090418857903481175939973372289776208433006659653237040891372119884881503225347027848246275807089203985312421317556410061468624122279039895387431289906378689590754022306918575544800303197055722165005765698936219530183320344233797818229325889021340336229682255143964442967315449562850627239934501446442660399443868621943773380061605798373728079931947388896449054549349208981578738998886895107443136846205781117171505581001418409536477292386327843423140092439029028782883321387267769600
957 281402551783536439844977646062369855682049629292057458522145059911340235594153193747959087106297258699512725642452510190122140742900554657492638412127083500385187599616637835620295375275111164356949202607697804365777179614407049811944562703754208693369842031170962343264880274051971876362280834255884029562494002324900147072864590926190365806163643292654205881295037878131095807253848037503741774490766589827438282559148434563713525766432048387847945422283578405834290808214609170812206086791057734432607919187163838376484078786169420807134586993717055873730995906494549000
958 1123854003072271705890756382906635550724072886900366198692642846639921641768048326807150467721776825565303197044198982347577280845842677671405565247213472330700274912282977883437916725723156588872126751739145676374386289827550268042341875587799771295933440073779645251769201317717647412881923077947657385906109240911004956642035331208663716609601345609746398234185983744456235705644439258589662626419923116471096589573889694488396706287440991878792019531726083364117968040108312175092562489825534373978838474234237819597930474598493836229961785048016082076818105809749663200
959 4488409444202534396203855912486709831720704559223272052485068717224860995857388130518544659810821457597281722561419878779602122955461073359458687435964158691181505998133179462125642175495583951657838989262402724101369122911726360256675081650448730601207582506150470802136637744329908457997567970775427404601690438590840390557042662971941914810581301921181658050879225952683375841144682416566540814196021512800461489926487933408813574139305263297394046804844099822840332183635968629910649768956204620229016316913465446253821439594651157188492631021137764739512719504476896800
960 17925684231928071422845745518644687362661234455924070634222525492430380267532681779389959104569395954917829264499907634698259824364177643026257867482625829078865032296835654355855445042863878960018133048655389901269665869362075156720424991569257020649836865821810561361017021771910599459476503879546118354940854050156304200713891878401723229024019882993977233675400869571390218458291021702103059367610780669249780309373999667433441643701633824782090849966410108589289634734514045999904550326866784746917722175625406079681583731865063108261290826948212859361677972592765023200
961 71591212602271497401597326125788532169203850683067725167540920727282541296262182114787085833455547368636926789084551829449871396826177608582686272847836787202353963592576646376199810868134453907566683093771654122510680232002134280443261326926586177215122468207269065876927645766313569305380992500907385293321475075395908041020021670557109080400716907564036602677239272000131115343050196695128153348997953768063244819423309278671651896796103196379872767595025767149436078420119083651863861388231974622088369870178742903461301080023957893852444994004316675063371048733184174800
962 285919908320281274971248026502648369224519458119663494990514558749104088916619193042771645694042234806899648491593840998697836909869660017264962076519163514382286765911901886661675738357334625572069087288917560235758832601446380441017743551748886594684710509372372515773082877243129849435527834301513456879501897310061068113314226132475180827943252480997953208412111886543222672934141799464649410245354185033673066900125198139754500514017902678436725252224005658431536139660373016028896289749213856397597643628806467043929437942711193975359535223609414957620323593872876950400
963 1141904469042465700625067415398551147444452019943943844467980643609507373718480887231468192219527351174480520520320421818697257275222629983342715671416972800023245952505374575124536316821923607745703224953505818064610695051095654680106069166972839973085655124406399834121698405972162074622768978519934325964014103759631638297251520743994430406339263061680735055143383958174313633715256283092658434813234209320400630268348117373956653943628614953520272137862799203973909770869252732029940678261129630795897796690662129326643328921353563659289957449044098214613294909464915088000
964 4560535569051751699028411184303473884524055490635616937340901128264379755538346119852682522182047154325207034278510022403896550292442736734651900035581226191661009867704205095086307372177569775345193814215683026297080356564810775205355715992013667576068599233421659438469828520439435100155318885463969576093771661396694357254950941343200756839249257191626789842131870166507989529110635376017756971763187778855529062202140880995971487155743628948587369670027094805585241508370459337068424379361754785758519214843648852091133695842755410626170297926051206847893957310346581512000
965 18213886181800292305183045141072630949943159382115001526942460244912072515628376976110450092655488464942135886605478861124224373594351576612701213285487833508853263785649579820355666415089250931050417154437588110403625387728454039567712950024664878806487552952242489458090025298640923041004255364871386963395558559305389037291354786232287803399167752411040659439722158945416381392382669599052848590736941375906711197800648357165614014312587860181945092243174693935518256932493514578562477356878168163939832554050144902310435512952105678192780432808322426958713884350548544438000
966 72742811829641497685531612036544732091616823030884563573213802445972579522561359346818794730913404174944792393296277982514240894629298660614441745470332563853114688907126101666089785791784459196220846790360351189424816538238502918568379216610197791874129752357365571225156691032221915525574358001936038629999144448776090108869908682620895122780929149375799859708205923097354134340590439487002599206166978549156782542460188120301932807705057080173458313956234062551970008491480025007641725871000303938048321837459317531240175228930705769588912866727179488335445199234936449432000
967 290521477443404528685930864316582054067041919284973566899507886092740590132765712751205263950866921210311072240607227523063609312821546122092099048109507746651437890170196657535825198864502386926737529837110308394356515846816496969056113406248727052597673671289591829816919141520468175431051893469454938221834941721235770656422389953899699351628132440271848002578444308610205420566455666985145758145436186407719290515566954941309950281797165356677088223733617242014425812183987716136072792417315926464596847768073844395167584412413352572833075950332676293956984952368983361544000
968 1160291460390437021619747613484400092334681379637574942198116481549682168920309349951969012798204670107071402808202019355940982914901182884716830885213190378817830976542413189745658018781022037377032362289972653738248633850648865231123449902416122166034035743479127224260889035472740048487444224043138286196547468553369898402248761838377243053287004532628690209774935071604064840657464456819185156712924454016741623701946197707111200312815674719754122834715129654362601110259603194364871142870833634314816753667373182729683851369683290635381115053993402040500343633679576700488000
969 4634006497837431012531014958776708430575784281449667425072725213140339194934961217702978124763760046752459278144319533660226872986074661885136178814604251801046471390588111293420263357285336034069686997626245677952435934456344486927604970379201687037103966575096936230877327708949813376814130321082221122616464167867499047513251029880136195086843878621754467962555417180747302856238319615875152837000334588739913957261607557556924273828667294494083086901836149431772835601232300728281519235040411869492486512873101855844614742895655790920097550027636318161443642630684968419812000
970 18507462166272972770275464238893347725367085255239163074468131971631130575740063468687459038064858633734008420703683255461277146420380092052540121441546250692005047325449826604302336126831407246699005737991776662631586641436531610281670464316886630176581674119383068658120207331197527243444818971065347767786664397839446576234878523251170014171802310129482651523301037712136142277500342383741251791272904839397402416592467251916503296220090340636074436336968971708296697335487482221114940037138421783340552300819952248817529876433968632041800616735074344686033177387541737548288000
971 73915886507317452402151841600628073855126566777525292952456224797976490427118299243491573117580438972800748994076756266624312148238483884077970836726584154122056511425726769827822332314530685573128340445073557609965286009498137495943050663356122735097076287585437814271676662966529953619438882021868173043991870224189559077521885746831859450443972679947334213165951419533284108332047616556189965517707000671082171209010773458914973980429482001261736067780114796121438161173682885585913469337573526592530691180162041509522503402945210821443707445587866298223270134768481441053632000
972 295208865760805517406463022924441150868993914562336514139307667282948074335946102822220623842641486928898759474851302314465493715143762816818555025319119751609835311909975498822622656594793825674748573142529866071377570018664679748350536547576008545734758463445868250059791355302458361072072301839071845525790933573984578034558951563473364104637409161933297416932707513223143371824106832526373911924880493722543882500886890596264656096452677799513661521301738454530907544882605511768590355484759180058249063421359060784132068307096580738413822450546640288209157122204044915152003200
973 1179021398667476955110734660494409354049833749086516572847211956586408962545787323797007317582239248408953387346231282980647357268511527841232587873522986520082937401390104620970400644175601807627921369521621390228117286738593299406284735134847045367799598642096965808333403362839192532120918608874917268783906264342541018379197142102863083247564525365470780857571522311022404191501444854328030474719376357530194607198963029769624696870920955779084247596471674000047168428528221572055833029481229406517020114537843736644732121100082698184652802083330291447838130466345294151125001200
974 4708847897258204170873113900703024326860679644114061343394425092877504582222529657839311951153354165424669518120683153508644189281708874529207040903213119241752135059983561096705435821054689014733824672886647235435827326815133592705837806561539230507016979813186678666125423184643496223977833064594114589020752637569892947919309045129459824584501143628482061439929731896624069434275612544105034893945365944306148744832272659642262785487878200238015607374604059700438068567555510721483107320293889536261774676339991643586734612307160707649056851919280210703287676099221213846635348800
975 18806514774173549598975444802467222816614574600629991762561474990347432443708678663089495460972147477369841083398392048974183387210319769347620518883841741854826568373106473270557120072800409200954829251738428463022105453218211334456162153398454548805810428857529226764036015738639708482839097828039988091660367867419543172733419301515235728001858903368447526730744294994578269669517393435429605826014233860053777607911715221828314289885622226138154198421409115996888606544322966963083475060008110416332116330635066637183403949207927415584639748168124719707966979280078521416063851200
976 75110846678978020318792703646722119879232790038091428418309860781782550720342930618511997549459995448777784079623571734131335626920014856102227415856899109469927056227622920438610430362792389971901577628899054912989932646615876218359896240610288671252555677167905711695832853869420040668893156361075947045431090842074744435179793361174350227106955033653369469645328862805697940677772137768810418330254209404533536911711782037279306359010477193626190097540936113381051292838969577423234010810358299859682055793508150449323437291970056053157817132034934107214927205207838488838282676800
977 299983712201627959901065023800866997716201662886284354570338345925902314358212556608953946842438443254017538543221746916245309833611354452285312526101649472170045766723231408439631717856847438016126739813762998646694670234962611653956464496483310333413544053300300514705719381315202267002135778793988859965014754028560424201954300291763207119763721051819799272249780936947414216362211525095127894231211533364140319104908745701498926812869167509824865259460275128956903997161882379215835609836627747853024162277876150352522452838106786350102052328055308131393738603825361050533307192800
978 1198100834611707546231582635728120984446116025964136291345338728036830490539171974572505147986924501485878934455220434557239850477648755390493533302912804644186736409052644494421738422843055167789649531989173000054881540845598015468393933711246186896224312186908882246648597184212804616113011667044185832619470666278006743548672550898376560180748983979054507467923544300283183567442124144012957310508572281724401025216631863099681873922240795158012927233133683819372162320679947650068770908366856184755243017393810047926925526202465661856124040189447084534915274045543466793230683462400
979 4785085950368138617100364023801749618486052903074555783483634067414352329835007000575647239724087243776460636037417888619322487795290879125859537377829607255166727026148420642038425007785732498828339765029957051470295237790526028086161485628925598901525717124178803012906452612199274062457465889334255967300335832270965762412419160964494635944558869365268654932284867579847553323199035227905733779276165379364963277552030440004164178971586833034534983023139296620738780816360107146931852310410184554216076623668570385098992829612766092948668016142659390755986063913587549321965037497600
980 19111148658186436537254477643892436168994217842096619805142864447287431121067236106926058384963739318463396838598048477133267584394121645793935335570750374064726907665794476272587650423355094206567190361686727778165555310586203370302958487261107079021217114308634333104085002767379449641399211271147849415784025484626643825053822669930653779967303532408008977018762354384636493671841556136001990565763152611800302576454780422107788423465832975642516599234905626332067113871612231741433406506686272807672490332470557796361431086802658323825713610008063333086251054123158799643946377622400
981 76328110637481781118319869122184346124653306454087186096432729896802965310781015444646456180043671953933232916566583644221255103265198839996251363919677510124532088036481329551240102838352682610214790113657643126344127226662710112088920560876639942219653919561752545532222930547714052655494523356437261840410335449623096705970408628971402115265990763560721241922123963183779310860902173059493240090696747902434445770223743494356492953590938203113147415358380665111306756790620562622181866432767472330438297907818647003471262340654685555253814810699069508107716572786178749599882634373600
982 304847688666787365101594148948464754907007070787076538396607909906312194079229696270611701769240075633541769723584570884812718832877830104554758374342564407223346112243687186156502034368002977378513427268793189325720633809688885016502089458456783531547298360380170328899248767250400511106743686392647797412875111297792564244071991648273722081961210089647005489266783613410315546217723278353457777682354583558232398783645260996964571923567720811239114693088732625029352584777316423110460462133079402621243973559726782380330021255661919888647428009136300033391844397056493603472625204720000
983 1217536450748721672192560620762663382821278217258547064209484590390476771533944513659993840880363513823817947887528854137431702053231887812357868490808559293875655953114924758429103219689904857394587469137921483546077051989377555783931228322180300885187516283232816089288892405058262645330614023927202801234948446013262653701580196071628394001778237765155285349596196870463452659661557708062737990201650596539925076449535652120211021702007683635633419242697690631154780150296856727657067418013089683174669455745674486745219563637147788904287150789609105410031012846355262485240560694787200
984 4862747366973416943195936313614037492659237131296770162354022803971146342810321848940275669718039617151414072249463759223579777717350233829907589031279363702387353882749206466875536490697590173487240735313596150682193419919427775422940302279908111864540209490266154704153732494655178190903562000878490274684603163402590969850879231875407023093794286850545266663561989060609852270814429902332466194058798598340724326767055838508840063503040026309000764109815760242454293398353434576240817027261168748014117630754069304945115484390535966359716091509555978149331044251789087394174951377372800
985 19421470576416208520717119801533551128171840231485394850739148601175105833232874820087631598857577954149841002626383819950299007637331705265529003325834385569425003560609175943505504906329371085729035590814653242722472005105157441341749109749416642366927949983643118159281404229315743998412672919742644491793367806945977076414528034883583307368203166321825629837218429624748945293767942360012267503520474351628634380240545793785526046048248505631407474154302673051100773125792586316584213296332738779533481425730379563415633622721266908165754960862805226005926848566225359329265300486747200
986 77568105091025794575618329862581058570944060518616131665462487725199112368501227874841743864790120869301742614349402315823790519081508909141270113926893624584592919081442169629985094659536210475526947261256820600208417030747557120726834066661520993360118634481794682013525949540073561220317740707945413996722351556533050903026423771932921042759330464511085701297841267816551782780478295581563370395860945970247384281180355470779743811711086130391029413502032319121842450022604859209680156750020806182248258958931381662746646233077373664877877982637753277595274570196473778279312842019660800
987 309802500693228396797650728049295846757167069169813219966870579810622465658764948439111872931084391757484686147699073030798224945576321547588793795950308164696798559809733236901197006399748517107706159820997060460398388393193084731056758199485989918548732215943154526532294855133908992593634394986559443572656261815641091365393245718910365407646058005239540117398071064823223911106508847747757862158723786221852206119519288904968763864016930041293223348624160619278825977097636762029383156039703242827043540709977453628589425921905161941038316605879221283557219264176700417261590046690406400
988 1237335064047104395286108077853466489521240017574396006722295262894958077712467805226994537157792573763331016007428969809144614599135165390453692764952330890334281025320140519129798189709533215898969126173331413170626531814976622826472761936627021873348459126777363191586197401877015905378286488586493288009031264034712671038288130464589745185542164556812031471136927610021741188546781319096539523191936260636662135809190849706983329209902748226068179510339528346483266542736750948627635200938708700015795273717856725206170840412267933419755895341449281612563713138374401940551756956699936000
989 4941859394248387513742796634920914763739172780610429150095927010484798227831111530922248820888799374063773802363639903070573588067112962585333778497263053161012851012785900457517814515173378829487868479674434616578760089085615286441443878868761051709777148359132335055051138515705577189630084238710579419697239997573210667319199361837678253097554980341442504874773843487545027897854612757724291589106647120245414881491893893949170784571897868117138011294349105782622212152103961622711472829387645610666996390885054408863392923376040395885265142969111448631003966904323347242666653996413514000
990 19737589434827655971281814515424814457984965570625662569988380773197162252725617335023802449308102363545879682425227183399195228649947145327661580335639187184130684775458165354043498285823916339214823610604705815848371976243792937446057477025520948148418739522391559163640950808462697681366250004198974220565773058962310678497866749822005233916320951850145162685972629106209655100401613503534956133533975447767598158873970792102747232584697357440317006603846985525915613218477623631619481010900088451787170258236305204829268155070251883992643447188742751583694108300941460116745957713930136000
991 78831265332809190417329787155178891812780366043579304084829646831738220204063573857356982153864784854270597148025212618912035399813943068152373349564130256205640156006718339649896376176802256164754786926180606438952194605477308335965304470109244223457235324488961856130941040551390651195663770398946783559499564479962803956959487610174878721314746337353508325177335725691929838517572503741409637293713167692366614307463768822927559094367326472172293518136656336332194007815231752206313181293427759470442443145648081797888146969972022589464751236374120195855136092657597377253137007104470504000
992 314849888132192592107322211558772407977354095159660292240079644569528430768048451064524781729396308285776624372037325010254040210246021004256492911094496235240926079953127880417192140412256891426320337376486618434846015016447763927621578452005219474569140760542828451545584952624637633513771674240931805304775559813884923778240680750968822453778620581273798335454168869560146490189716221723518970233208910011256037514871706347983167908799718287938523680432161076795162139222963861981040245913767409233024018731812993382209658123730164049381516688546780859757683542269718944325855648846583128000
993 1257503628629956771814398197441633627919613500288845421657684411235392403963501951659912417179660294646485427218985914841714646163048565745608909587444719674808879147540580957980760394515871222030460732553347907798104664521211211749390778043422919382347349908780610237439951641699644292675241682846911588481506523764762990570818315705315329118944412608879331846770420529183461395621525940838128442078953918068491653852782633363410293536545093630883999361243954835046786454005079499337737814754951384931236975002860679918763022788100886013573939728531047539354579863276914638507046296625634596000
994 5022449827575469538286566757483921659927653065061775882675635780755682615726050762562250106460946666581725538032197676304981440550116608217730223556820282336307326287164761270912429698122185029524252992185596999109618406176456649379383912928794733672488786292729981888834678654474178645751996534460165837219525671200698804275312652493406219919726964085999483610649814269068729889898191646700829336823017384943898359902592748133282729920514073488995568836304682244536841406487291899323763872446011249356104384820997280879469217708346163275969897775008240960597454484997400827084165705274817504000
995 20059616330580637216720299359374681168692449791217154382822814919754292937971515784311912652224853597845661899403665463273131953339274101127307448095402460388736127631618478158182694355893705804158383107759830677260143694744016839618567602738936723631417730063863227891405585566357715338719618318883948971100342219482184938397627966327273747699746292323369534993672974732064218733323930369506963097341241394199314957368447184947894342418134752963864628134119100729348277369523901299471397948010352611427637516795661634709451072503041739576010054855258484727039727531573538473890148361051521696000
996 80118035414273479222352975711480720705946795837151429531525246865532055065652006681252083726671872704909120096091630143592176533784049553045666403923233097663638471821641118180114115541713563784682134269222626040807701829712046037376655625010710649134481536555867473621504873223901268453719362774226539744376679840972947970642450030839726555547237041207584952011874005934246545293857545403054110924321520714680188283527823933715604068498279958362933002483642487218470701857346239910815255141380087745871662994314083055276723853762912815224950429192992500428036905263860704646463329657464780944000
997 319991625841783106961101186817502274590154145130480825545957059135797445900023796612761345702999367932795662590514906596746082995310657414091312005295638305959488758430866622202130476210999466532506811792753186841134186225085661076389138011384882175150418925358272700190417639402976887708379590516422384921691048612580227304768698091482546331329025546391591707480497697640559745855397067503678542338541706143746008934497485516284046541698012240740470275810295830708948378645580718868870234512072037677383447604225239339539662493707141945085705390986195100826230565288566204458755528729863123737440
998 1278049238543568453915059540968526364584333249410457631699227384977370586762971749807761057050627058760761319102058194456951416351962607946245660926727378182789069928132504809238045079718720468696112486891429498183940406534472554193763017682936880694041162670398189485882126517258272739360249890827097784401488160023099880828775251021742580683617856542680166376999245185445335296084133307057690601008929938954130085865956763857826911716121340922449734171275532619003354024979639304112152631980233157775900989324082437507867972963287667430233344675773823374276706060369578375821112928879240642938240
999 5104547021613496503851448141795485864465945144104408522388469814605187729410076501224864471445255575294005037278338254664098143359904603101755339713994097066841305231376890721669207208662357394955094921933887031412620363009095270553156863143618642299234892820734844466341347798528715216439928915233945893973791815172535765015429128276438649492922113379740094036629581003101165073412491156643393006822642976647663755650432548582512973135644333166726298560983384344875886906923234960741875139484944359590868557318592685102720185579519376945606943055803245727716580857545570822159391481360836472261760
1000 20387664596278058883611149406053334733085744774987447476734382345551136443139371733549409051833562938399843497841072376132764638671357525209387453142793929511809887597840899339418320621234622739452309526512479871255207900428025178724311222706322011002249451010343425702285521358441773506597831152662594521795775794829635973182425278906858199925627938941313862438718283061278948737710356128672283236658779669809253157627833288443232779970871994185282065052469253119394034369631121211778581161935623523703991741721777050421771545230746222445900694127270335427909409108477548876528704414816632370138240









