0 1
1 1
2 6
3 90
4 1879
5 47024
6 1331664
7 41250519
8 1367533365
9 47808569835
10 1744233181074
11 65905305836049
12 2564220925607625
13 102277575120518170
14 4167486279986250932
15 172988069360147449566
16 7298137818882637998561
17 312349784398279829229533
18 13539988681466075755541070
19 593697458037818682683254284
20 26302053106583451923036304267
21 1176167442010991540142668660172
22 53044247806980839625396455863848
23 2410898595853866179892744141277650
24 110360185156253671076962117696372983
25 5085026642270334163348211012630421309
26 235724111205420986253948722959088416734
27 10988827360429830109132863281935126390029
28 514946901166091161683891136944772431942135
29 24248353042056248594621248382804163405850146
30 1147020268955145968205244486100845785151173636
31 54488238219856763414401442850835518306980218671
32 2598739860134040436753341778358602153727355507321
33 124407654433601550337467545657078001815024488411185
34 5976689123682788551161275255550650004915124940663910
35 288082326307602297371625166304032098986988091071616446
36 13929491499505897908115929763740886580373846548774327271
37 675527991896090656299744687637990719182400785867702976840
38 32852874211983332604521654386563291039663165651217566982080
39 1602001754068382588115881970071885555949312708278800141830153
40 78316723904485801119454400441793263616208437064525577358436729
41 3837907107171745399995793498813573385596953593816622301701711359
42 188509457539380900790452924131305187708171016019002067543445838282
43 9279494801584862721721365406979147025782730702371426781050889798705
44 457746392630142818414087355384569522854244683576133149454831402062901
45 22625318475168500400849695044843991260370315056088044572786145204177338
46 1120459135304670598193223006249777990599923990778087237955638719297173108
47 55589614338113140339442964028374890106416119918152838039919366495817429597
48 2762832650941055870408419219453925183929406501822613968851439349334580859075
49 137545933040193287298155999335862490835336723793201343569981836450924024231647
50 6858734822980444161445240212025894981622873396107555039321188277517034537120474
51 342543628644001608343860041202943333392826199513668778147411234737630391205442224
52 17133161786512432360068124053988926556456321539943465218810166273773579665735103609
53 858191985082770050840616754356406095509892354179812467832614333411864629967892766060
54 43046082828966726482351298133186480075349693073461125347323976312368730217810395410376
55 2162037618687584046218465240985746931738990599106579051866288158409642676719528432160456
56 108730811269888961839084554147785511070809533022592614720507541030937604316684596543682641
57 5474975917737695487978144720699273586114868461936939216958104670518487210260350487153658931
58 276015479606458552273353132612907800557997595707252485028559852580407535671008333394171091010
59 13931205056631883326216874383051035392454865517900283721076669458284119350194054124817705058535
60 703932809159951341790480893629237052425575967484012424635824874052077512044252843166150676305801
61 35607795308778027495854212593714404582801360129071042580813412394846872617092502090471552268316326
62 1803080689646284033307681371206848791167978192174437452456791064648586769369854130945258383863941516
63 91395961255285021205296457872313617714282679208138763510558979437434197009651055893719675100128677870
64 4637317719225787015611866775290567186563853287322220785721450568592339994130376805942542677960330953897
65 235516628719691661594041195384009271539079176769786819386414234804172540968786383823709890313429432893721
66 11972329044732818960533471382280515834432436994326300747685392576505119690104261802950550918928341388684566
67 609152574188436864320898956997282942282556409234405921099546053665207270640288849654080225680570249086147218
68 31020761004161452584994311834355073110994974500514879957177130229340267551070552718653032056536167930326144895
69 1581054300648798345726550858094292940931385169274212294328367485389242889040864407827807907921041851523497989344
70 80648931082130699205917464453590408657397628531800485345065530476157828858880258943313319804684476388785760546352
71 4117161436825305106266909452054928096874921019757728656979702229898267880976714261781855558623249046850613967945107
72 210346361567919747343182358785481057449284471125400212355472094455413619443124287181121305270867496448421451824819573
73 10754759678155930482289714481927961698012914373963412720176526724217078055477515696810955128577106749028841551550302875
74 550283078345638470407292541999465569078844691197097138277209021655238661564747920368838066742513145392642397761030955186
75 28176227485947586470563039042792256327881841209263769644897065740548897487181330521274608604641551228536164672527610061321
76 1443718769830251462775509559841101914458715398727114016992841948803740104114709904739503585055778907480115138383539719721721
77 74024857621755916902514045798642290335332932453490813118037797817645946461973249234472555105991746562772105416569431556554506
78 3798046077887583660584405483663140823510162784133712440119557147229847689335132232524015905967387496462296071208385058956315540
79 194994914387165661957987812178358538487287743097371636442832633428241120457792184911045602132068934642639922139348678361246911424
80 10017509322638560803380825547168704373488649523664416496737791921586373942224142321965487932451642047445115217651467384174930401349
81 514947444343258444353995735319464193417080543983552591498678982299217167929571850166011172327107877716278562551010387103312615089889
82 26486602407874449579424768886885786375582548679064973583452399230150301578563866714281016327103509155277153127443045896874228686339174
83 1363149652068061878310696322846244835804868706494433892529904091929349660604113253207328775310180807941768146373797398029870706785816740
84 70195412417233917703956722132663205574966349249237174154823882629992148239943510339508284244148510600534247653373935651412747710577400935
85 3616729364992239818725082015902319086388746583796364156901400581031635869961025661082223588896937461485410001606690613646966394051400142444
86 186448875185636622987068440485054341033621353979948304451338843852304640210781965426812019727917131150331118670710736404678119699722856731944
87 9616888326962048044912206027122559966776229608366380278301855678284451827302684025890490831698046267590753174251063024990368562126283260743462
88 496289617193518439565581405105269178642136148506003152470458858029526119576974840477931106425226303084999650095053976730170765871410323582927675
89 25624568132873659190242837127165945538664863499617919115119254186395233452684759920450730265032857877204434845648322231872894774955469536243060025
90 1323712818368499377746842686329036618138843288890577676843752225074691906170467512056229951084113534310183882041634668897925334021893955115402315270
91 68413548246108995311030995461450280233957295755591118045732397825687708725222527415261447835936857938057633761927135116670111563622107907037859266145
92 3537504482516094128471794797187228472036701908283431932329616357072835736335464637079052433597263499514620582829848172647711407784811805539577976648075
93 183001223164337815572680929691676060149202992849217274046530490130913063236934376932742908398491647416197141723142806190035129062153450929201988613529450
94 9471282836232463954666039491079214652142718714597542570414174944335110108313539520268759252763817914590565467215273459914063482315299101153201781063589780
95 490407703453135827605294184898827787359278087173195148805489922215409318540917254838025825946335040285558689836285102928143301388863192507402620651432085530
96 25403607825113237862935191190225305757672263918814752607950763591421813052191457119358832141026442545987412288685289092002628927386557742790882723289858182555
97 1316495116080789492494426991945413984692374251512813521334975045305474900931550584618249965894759460720986401987406842602372235172049512879919438299709385526675
98 68253520843240048409339245761472488577600208896669122819481679153336328372041183653186403330159056097015631153687576823963823892571570913731060972989230648809650
99 3540048013866871601501183456919149889206579245575634357931608903182381250449196777362348225092476232388831300526224118462449720024510969708878764788184598633735442
100 183682581113220083936053228086159551757746261683071607054728239335145109193460519056833970236155754195310233550106071839213856334826356261570117331628356824987440437
101 9534503217683001490031857021296166881183262204915029013519036342962885111795244958970507215408897807001469885242084583053407713007816118223535966064206320647546039912
102 495103606038563644555504535282188458897844337061703891279494717468542253520629362863149926391075709479550222593049266948387869476451494043352888360870291597340605058272
103 25719278366717791962629259058466950955966330237857547157868007176721257356531360801353792333924940665494184669544734172028975163642769165611793650659266216463155747150855
104 1336543129384490746533751285406440692228372662258132181580258778214243729963641115541289778305576090221464192493571076391478737193349927037072540972463141437713365397553443
105 69480928833319507135217477701659558912370522516755532001200728308560076880626289463800971154458447028024303884113932913749275198499782282395123480099788282420564830527621653
106 3613297402883254766387806040785489121205306918800103089502350364122325657524002819492503079825675997314727051495810820962681862010021301100093173892636563311579598754584347758
107 187972517436803641236399635105645851653523587060280348795785851411638005768738021277062311522963251018939231334001625755138229399000201105692680430158032429768923443061218216403
108 9782159562363942385321732144247478935686117595367270939420613343010093740825995158450115772418305633515840887616839605883225742855473946562615158739123642981118937892540094002055
109 509239544589846688680821545997731684179008077708145837890387910300357738135644828032917130821294114865193208106196414370475028725184197450938387893500234668780402357808205372960110
110 26518797426481895392774444946961769293811847883495374513053535868257216823182557144559289159432593293105798722296085895362586018468435892747511268681436629264362870929315480374013148
111 1381424840653217562277175396722392479609277472807910954356109270649293684936469133636970174484952195234378911911977927860500156690135670258174313309848325058166596561206665667986071073
112 71984650605324163828234799969256547227488607575194765687227934581115354009510409871758627059513977909518909413333833211945711025933226472433380452384232389069252787948944439042085231061
113 3752228572155731471347848883031974478539616919910599901386398030401733160002504587004825450041577266648052931340197914954447037896643100207260544840228333355356235898841095408577444245705
114 195646922954889537238150947547345475305517112856200188646901118645740601715604780780568856113910029385193855334602369635142655272722183545106020184529380236862335932155055395089605755549078
115 10204430590879135921672282744928870272427752907457593067798830845119752277358515391492459810715553197205848578128851494382290802383814048782891215268198753831282298578054653270459190421898744
116 532395377927286323428808191808680457981847838129934780143964481322661855032209337548765681168258901962252649126935628792955742641822908140089136959811148466324894258260285722869691627729359199
117 27784802189420071584128953914293293840041252895389934381096004553377265574910541116889897417232554126310276355351358719012622562522421290197142324396123060297107485625332150238424763765923010532
118 1450459866838869490921501316275155703757904250023319437542991600753614925482002734706188685020199924962947952758479731130994376570930303203460426272760634465205898740307762404642364129967011550680
119 75740365299707642339121383898562373156931125923177799502572825647843304103020499878187362366247540752225122898351319061996880760978811276832598010419887378643711308416334181064128887541442885397076
120 3956127633477023690941402251054053777049205492297233258564340224072872084357401417586805792360743948280892191719762368508043675479484432692572454201015926300457040024788283923128304415810858064921503
121 206696162510873633361399078101134527298105447479951900979621720852771739302226661710232732132329030569519540433697118345732308524326027791775989628584957518703582546735276356523009054571814556126555373
122 10802189754312571698701465377688913143194988243043576718923442872494521300756760377612192438574356137057657293231194496085249678376297343939610191895227349305275803182348060525934927684660491048829614462
123 564685395615033728459129998922295112802048009671444030233116395040957873546563882231836654050094031478984775729879098345005635457826325610372816324596655320194191786479386477309651476174599623674136279025
124 29526693612425075680634767115451597925395210095927562649586926939786171886121354178628740364281131918967121666519266540269195570030143272981896072457822008428957435984397833478652679034884234928219201291639
125 1544311033144271755566991255262585425778337280730289799608277590620347609967432200488300995384207895640069674919201015375828551787603124162059781358295504580171150733740782878212577599714696894238700046866634
126 80791311055695018589333059941313825063710769704539484487768940447557787942297339349970194260599950345980545289160875868287494504174763097735684094797755411001940356145494965706174549227500513722404806212908884
127 4227686099538001957684122071954106235295336172484141152961519127873164279335815111942281522906214413388488065068161951013906565106752709123577163277218590594088601133860097064680208565319484611383311263667828879
128 221282628267315454854544000715190696093095114156339504519974550922654271328452238128563020231922687673553094083829370080403013456826983512262157183264651565319434793220543925978072316889939620155485312159911506185
129 11585019481556426625875325978572588369717681550002769653037802275694844510950255864990475999181594224414585891814278054606389460468399338082565826190944664629231294523371476156460440490759169198111945871126737206761
130 606665733757924989214134165300230503212496713078217849861896941405953604757384678668864274709941974580672118344887325590778681221227335139591950860227238451691422603620186114794411422788834105326549325703486666395766
131 31776337405332414972356817446642824122244468568443476312215139493819754148047002397933718754886815274958623759579527735440709222868741380248829474055207724164642110008626577509975245650285908291927750751972693742204026
132 1664785746109395213337587474942544712318537432669998127739143471851417311252920219402327283203935355558531886955398301410795781015557481335666850433114589656531955813931298957100587777995034027656031632322530147537594671
133 87239163697552112090015860682198540454788356379106623405225009266584461884910894469483412069843178344834875168387855965479253359647859192939975197640158960036197672960195909337536146747307573549464491770268139544704790160
134 4572585164229250697247107179983599130735744103386611373027838955203108481123787234250434701114879269922379253684625792350521882265787642264372163930689992828887519536943331608789062372815668933937849463909438881598227354640
135 239721970804509544073785793124422534435952598101807917850079030016632993213534702910811824827252352392329182704689418569116200354648983197955837685662870360453222457186507784695762040216039569763968328603764809639040381514391
136 12570373953997861265498138356567955362941397041945205677175745921912796834710157367322744163285575019678340218623634990160809820842295175867864947754465531530752718893720920796345340080817420411565216285252587486257765765374541
137 659297611831356407193612815170833693952004150674804685885976270604872803894606846042454568863432828550818255602567649758142105650718918881129697175376740588555400502040851772617939911534774805372355116817036688446530012776836275
138 34586483579436718493909497750600771014762395818809069830688030582460856201568439547574780906324867330432058234269309569650079334685509044018167965993556444564037173059170057174170760101321219865423869044123689524901862889072942530
139 1814770044359716448724371015263454615026924457060691954286631320657313857032959594931790962045585486987995523225568796044180675730867608182313173454483872592013316593876896836989274565347254206021386409554490855433207753653328211513
140 95241404767497862971332551144298037396445729716855946224374060543805318617618363431765663386513921611026772794252762493129478027937586836343926849051587680111288973522450654256230465645225735102095846060503460890349619635470979271969
141 4999398094561060926270632022068018227533657898778559324073324679860951557130315306225654205132909504463229192883413119859799588998909930900364861102312992643759679116702179052554933689592082011733021364292125190542427643753118385813674
142 262479960361350594912983706439332074635100455855591343364529929173175177318567815516731254195180742413474810071151686311745290271528465986723453815885326678512143227679787570003383255296642190189509878677396480825370611815580075074825172
143 13783511683414836689850205619881454254659936417783388956550399586986506982249993770144533613774437291955769782400654391547200409852848409765640104523727010112469812928654963216259135254229957930137709007176082729912286229839050120714304130
144 723948575940728186677131863969945827579683158495695788882692906654913132191399535668132748148302422460759165382817151218770833903119927141086086739712374105975118232025744128776059759382932567850045001119168046554465251703412808728708078081
145 38031067132739987185875213513070587327507898830307904234476298197837525244042309123603531073947050733207501997888251515007396563802447149631436467860075014464068308531959443776888648174872334525290557811275888914696923822973980866664717583453
146 1998255994700701498851973588496418863369358902101866891388548599332418880935363146859534411002593442135953139937686038534973171927107608999678145712747675770058936427632935460243240622315080936431006901901270655667561561004449568224243418219598
147 105013333581293441273904298380348083964017472568469200560028007277333819503244991869786296649424027541195641498182447950749530367892936299620231903514321429919788470258373655317724990700996378781827184574362782948684452290774109351714020515989532
148 5519724278028967127564012085741979078776815878445509409874894671419270772777790631835204311074410006820377553280519671652762831354288207550650188746873734473195607079630833318582446196789133076342123677673276242404671017001656619853210072423118475
149 290180934537465357756616318222051593469482422740867429737558612032480838335395105600061392194981858671191557425963425006418482803101627125781625544795935452582644243936077156534498064552535099804872521710776243571866687254055063895277767062319340972
150 15258009160493863617971732551698506905663137751104387965561575650842153702114967190965570363075061073351408394607400515886825728111124887965985961996708579109268510837800719629454611436879350539106937408312773233029818668143668037183006355175648147176
151 802422962222664746053165262370190355542446637061475949846680748333182712310421939738117714934812036779627040999471382565298122593635014006860471172966405886711382307850145903208392161271948261257910802577458190195219413684034005508259934475039877039626
152 42206982106151061671140429138438516458744884480715076699024246906836549044426483085468569210283119665588351442680670301003087648813792804733999880884994689867236819950336236394674716515048012689324725098023728819678168618316632844604414473415542957675431
153 2220443581103411132134686167123336105361391675143401490630513895855359932499869665137815869694852501982264214279405079004391429209361062360101751179350022490801020211924365624612486034646334192291350560785273350614847402121994495924637074800444552479494765
154 116833855722927491826508453067036112974765736003532745860304208775085081012625596725444685112172312325192476153810569502356303787417929059600867080202612068078516940194198028287845101452610570833253383553867510482567358778694232037221891326257069943741508094
155 6148515226349026987493129454596204592253203622330460820633092022090178060806791443422928839612880749449044258187357477165337491052378132436488841023031804974221593214094061223327763809302291561088169050239074922034096958332156241322028654318031178860301891629
156 323626028679281517410944868141102929137116519927088262219852680330278825561301770800558324979613391277603448879344422343615629502610088800169689509841462737791752917652451556474825229866565674541029349622190996099512483191078849646579958820271700496662454322119
157 17036774339710917857094409847882165843612128407157597353796443727669223713872255471729872766014249585055618003026478342759667162173656180828455144829605584609523669178059918331838351197853131618287164186622553467149715280563192393228939126725691802431882758071394
158 897017963017969268482426781145047800161508438733724808199608630313722239855386901783430038598432279730641307658752949996551825078468464564338164846100562719703753344004017242029478358844916601122307478225123421018722125504732743773084051301922967814908657297886340
159 47237170279727634975226186697090615426997603541887281358283384783739151837406483462743131499605868246364217659961292440325766746574035492563494017570413399981847450006743349822458360125393835678494165060505285616093738249965529248746308839328082660301950481736932865
160 2487910257388160024519224857272472811051762314438712513161788420327365854102642501506749250588375463120010235105256945730967204254396831904241920904018125236575507357235084348088642404011556139906906195449024030946742542274437771931184156565940279736148480677999632669
161 131054762131726405830308703009053238416859881698513256572231820124948732533853266041467535969269016562831804381312006071422089295120446640388754458469757971164397404405305316295831864910267665054186625549653136078161977905489708315794310135345111644086196038447266664469
162 6904581047255171004541995886540652124191684719320702688865697165488939280155864795339530789011998297893734851546051647287340605263446963219608626566528203283985638719365368420410739970424952987136746409758144752408577788134150424705132045993994453529806720646205690195390
163 363820756464316564544152792534826208985661160550213201851708559492829735207289164456678231821230964723522661184964994745620246508883298011339130917514449911525609465116333226875265961688137402237365577564467417857702943842784274277918106130079164882929902103284087198816070
164 19173545547521533807672704434940794896859027349049501647183118946384172714256017894132771035443175354023742224579088780545985430558167671493207791564785688152590313524356107066248609538053489200170521098056731311908155804131170821089982356779658617832463144270431183663807587
165 1010604942904130396185204638941644304245872223468727912915456332211115836618177404836124653148225659413556132008147954121686691490095226301678008907226921732938717163421907419891503868263127240997286983993282614258007839993293206731689882105271530711116556107946036265452659016
166 53275025683015873929444571639310506518967142726367763130205786834415789398603967530877898150546632712870944079188890530264005430518406983733219365291306260574650726874823636541187395493321665867986778567856658230382244818965385341638645933369065670018827417199687840620170801536
167 2808849188708037971398447841236198332744355585382518559369771767351748672871155863952463829885776614969978124603388196608813522133337411121096325380282703994000042209647010731713143283709977513819182392035599483710607114791467219935315440765299265445400815774588434615182344065653
168 148113599822822981131531557933772282902475134241400787332131603945490254621276511944829337743570685143739694019063935779269004328915044673746820445279451252750328309305554393081564408721654626186063670017754884815208149034486181250915077333523228125857730409971078438664970763602445
169 7811285009089521877565694584147751010621615343832452350255088791484165515584083146181433232890705331032432280328208368020379700591226632950293981237541370486022241614577941448402607875105023464008888247964068254320829543221022817951722153809328706956342707180913993027770151206199979
170 412012455248498197167876644864416628328275070050342333208660288495717943044080308806439968587017542109356597312256573490922121993767186357251948514725017166747795083431544697037638706993322567061106504796811197578992499898049095177647597770596045100797244956869241874884965829797763602
171 21734908470543341405075469524441671061049825605269962417335172033923649477092315795612665582614667587039154439821007001490610453664240229104007240199855591898710524498988378996641110232797422800886969226045374798675667351416589334276015360684283026792303702457745522424832030686813105557
172 1146737998373168553428891418258494741547379566967400946052586069894466575612000534200614270258688930744433416581455797646582077811663246793769484996504558619706345530836025759028724625911037643384370173050675510370973045756186034929566026754088572855183711142966745923780310760024235511513
173 60510233457655164282480949186577957648183977198505451607429939738877604227258506754151567032681122910499309456292210846847787282876488438054934692412168725275762641158272150798280770642242488126818850893128097516547739473266924173775947065488207046063301109258497944004022729962637833502050
174 3193383095179164440347875727802148813177531023013321782830477462344819881433013402033907861879285640482055479863441909644997226092417629893032266202010092240128485232605987928622014155241222155750295461228670256054116408267047946984785262117191968864000581856199627991839706982987955230844868
175 168550531636817148054679935712427397038306533815573272042256251298084217453979463775976046809905077597875617579325884078810697907682078683690766478461355358880486211054251592091334887952017866663961699049873756396217725352551499279577599079853312503449861316671528427686350730072354766149244621
176 8897448785637511794958209566348412695584768035178428620589485077258841828729571823606226927803860194839703476939681040406958803208598074259260244812829390271590161311591549688709783613567126776384769881098766445531130662335564616884392336187833471904357062602784096901891178676030669137776618871
177 469738868570075544058214350139658496230477016044830196206575829047031302013973492586314231223595939391291505282218727468440700002188227456436445899703918294103350678424725379660725579645723010622136817850773809674459659715632137581002349478686595204545057067760781837888027291037668457882480057411
178 24802902381838306598489661871990047221278514097121533737352981182099588462145414081030801817796450387080921283173198174398433317320803524861822246805068444153564257787842051237982879297556978186408171471150364693385689864809196493240842655044383663028275623668838647857380799743367148490808308653490
179 1309793716965581828662442905197871446455418554502642312130003981113275092897445067496530538452495328743919027690994976740311268505137454964893961040742630055634204714825997773448665022602621163556703162518753706318504192730896396485333959010686294861613887076652813633139848533518016883164731338251104
180 69176261892906856809921334542245024582077063550485229068169355019071284611397748458252099293160938759140689532129634352137070713978567251183579812725035307022672695912090560768066983885427480758741836419923341744242353796477517810901982974371504541638988277987844313091318636949270859026696466818141749
181 3653965751487202681494827630236481589822170137573514823968807207805185777784627579839297733862827056514006639367930792915659117526024877059883034538117804098228175039436270895392300311128850495341634330701404117856831995404040463824003663770815601366986657452718670126998762940551130817972155577664854364
182 193029846656172423140922543375327497982899267692411849604303250067292797378212014022064831535025976314396663868941835676407523920756925388785732184934882828198708291310536104402944668777729208104480357379449249252743967685755417560333156269410154036444194660952359967716593954113060037118235303273294523624
183 10198504588557146483422168963633017439792236000680337647232484434283942002480288030854804992373326275479187626163893177529211616424044070966489163353933852097243181722700514304887579995603908099834371039483391940175799198940366045653322292066113661994839569256468624058648997560207016665807797314937527801040
184 538889842044010852145048190443771028805379405857711628235978983921388325711198212748146038916881399297835522972763383605298133895714285762540285605962170463207679673383509095929481969122890600802813798144780112856476555225027175756019598101827496368149338895014078345248843514930115742377500276124015559807165
185 28478323226403917421984874330295464584572888348763283309756492093829158251827979613140257301257770517069009356874456162775212526341070371825064576109996449007552082971100434364711396651857469562631685586790100483720102758087389565465852621222022326236667769943956490377957156168332715151370568579455500416213079
186 1505147985134039907452950567438984451743769041164711393716404834057396395538255048301220271273249460295246996986733842059453201582934103330455184570221286370111837794442861208171179100781382534917616350012597962921941731540532146807337219154002538712056677272617058506645624418200784567419347104301294106051950554
187 79559824999663498557487545282453448853653401161511697280797930488264699385875713091420215444781446097096014528003621206997934832507209274140358941538518172352065988041152808342452442876816204126867058652146248211553561539270887985098526969477009851160420379118245566142799138198608074175434249449557301389652120779
188 4205888335916119255114446424432137362479580386308847255662659775540948234447034910920067864649329355191198161284502925576297289906797665676381505497220400498963029438048223158507258759302418135562580434970552967456834757825171205871832950416464954164040792605030908895554654644498213673543694928641683992133888489205
189 222367051517695566064771532819402291208829168949603203663821384397260845367203720451718442239107762088270307054751900284642703528798510666252167561843494553346781029293238744019009224476106212568143922679481708540760862678447534903421582520492098758559091920084777627499897688325940769398503919798918877534188046806798
190 11757944457398487158650029490817319627859115868809058597653380335663754423609547369725800237742504365645930559865230583675958342314925259324668625478737125013680655631384300747215822101348284201429059012663806096188486938341623288889929301442796194144944077193099476369539897479816980984765963971565403249411932043196764
191 621784846447678570912152217499838704513361784284321468498430361559254413189651173699757178760993306360222770205943321838365901648117352735914311514630310842693467900353766048985101812519224212654176954902763150193735206300346468592367909965994435225959189682256442743991707805710710603944456116847231891666506839131689869
192 32884869934606382620196100486508268265088218797690472174163459494991582305736899117233477318335118666240951841074142162416711428095775211981044420727997836084512339877206890015490665984232086774407904529468251490705621594797792057850485986861546223911976322446623811548996485579697664227842995272219257742681994380232102987
193 1739397732789662058344327923594865601319640628452125489871324810283573036773026849339190934638103493161810015748856072504278970525489950159033362831075569642590081132525070030788697734929588464437808719939798743935752805581561559268856476154006342119878517222767766271225369535121458864585920946730564028455601005705111690555
194 92012740403703962023086772854181780183119343246843859735964779536142602107191039269918613974057680633765169925334727490234319302654309533510746623838611762084443281452935549078286349199133560637429730962305010869709450761722655012311234566062998246962475145971772536304315127977349976089630950634906082980484133421958350117346
195 4867913489213613963183408246667168565168660760194351766163967338705890219886341078282722251359410586693823472090927915892577809295305420166276787660081644407565206426618892434982269537887452901686456825247377636003501481964944765081993663464714520598978844851317405926859273323513638882900733608356334202061095621356839037659718
196 257562772188054312773063001782693398798814097223435307847182432576408824253161954807298372861871340603094138369330004497728449505876685898329556606817729228509705157951980218752996088474971912062052563681083349192462725825261149668954595120114192251611663643063752731553288003660441766577855515362487268518697182595261517179040013
197 13629132806336161171233426781100089422356479593949958062008521089620849742624056818754340953736303137268176458959250578119094447550741895104105104607750726601288871133659731737683516612539276892502850627558034949642840562916652862949451833825180004702740854717996257252178998205332932377539135045513709326776596479817881845168304832
198 721269879713623197153270652935239420353718763778154441470753707569042408277664436245276467383030950420075426809794498690212258939510209179948227726752452262945644269948782006279321500253873675469884081719407197666993615238809813590650447557760265134133540990009487347951163208199044708648702424433134025430007441914663573653600930000
199 38174324729398722193643220419178395164999058378043003021946475303127739811694937907960137413179808601817568679540043252447292830281048678939283128183738180854691154580272488423495901985073534318273979583990669409634866419648268479411027513512659955666062666206136847653194465273068875319026462764331774428546958335514594413810638607489
200 2020637856926516604610142208113957349348380733751843609527675566000641815974143767941458018427655164045225838312053480009383386937565973483509416611621866084080719370423654907440238177169352916568570381181917661947434347362306216622698643657291548555871892178362206704147003169508743184721603926933918043826936310914729182960430952257599
201 106966732298503433986064771903224741134465163872011241587846393844480343567738304956125348568892759539861941589752092984052074425981995041626042306020201295708127148450219147549160838976777656341016288597408800224944398253370052348799686935018245682339353505113820078932511357218382595699939610890142508959503709521182502163706220085698449
202 5663066580679068666160012144945727646595688103935997514102434666624723753026579726365387993182693844089450410484440835069060838489551662024383810592675501265858527543613308292993173330788621127193295450390712404268344282881123764431112061743111210295885098921726279019435844337517333776051332171829633528853394244337768880243950393130251414
203 299845048516196765644002390290795641766954382148136289016324234479941542199032355951561418252096439162043703932989877571163075827712234548910459387357638592546585840967690293925274489661019905192716256883593547816185041534260167383164524191067470009795083031550272247498345700864047590178805582650315399725885610525151343915026712967697650635
204 15877567086389886390703758780971628576557337563399517718285384603454782788526865721941570675991812520359933783948655850095566684950804732622312341325680976076731429888380724929936983783380305903405206204917394214782874793138355541631959955107137495960387369984515018564479087751665223592761635546919782376329489989943249722524733679855450109931
205 840838297778546116129438896945880675721837861975097926605711607298844865558301357732145787554116900405245871844530627370103880158332893733710341981335682866560814654354715492566341562006698076715897544723376667899700496235117524511745145076913470765628341006672962079438165729349667958764037699635483626591953871535066982381378771062140157185406
206 44533011338416247434979783031319338157993298659944230197785169879704161799196933918464335813866865248564149209783035856437900410120536363682786563449299186154854030481430271107108658588643865027054556956870941872035984029918438270374893862586833199103362939116048291211865667853338778008873633455593208900340365254073383887039700843278651253313916
207 2358806397478182055833672637751782354915722632148168561584656101500469460182806705559628213246592412071223945486638117909459635197505284745437343996469244565296823178585917002408104789169530157205655702676928417946678846627043126683703015290899226700151620987842306550098089677881390079208272133712792591678987548749295777970273546438729722003784556
208 124951880042450834401274115527627165392675864889752718221530447132009804513335780549748650260333542798347492422947940805774278856169658457652499550382606073367914749078771756032901511419499703158228362491372617111380690820188775698121855464854114003559580022161169284570689087462168014299884731802116845345521667156336248858892222420659797352926980935
209 6619621720209405374877254707791648228507694842235500026189311106379721331697844626285182341773922836767861739819561878317386045340380910381907609311185028362290753215101398515340619864024337248194111387706452729050578666191213822008110857678972796178639521277055921687287907738408147478989736078205428569008691459962401012415330172096572503695838794715
210 350722032707498786779502051112994477051737867318709274257919757303198423736724929811294546690329812969709819065032570926664419492656137945116868952430072831840358712199022912607050554892031695082690042246788183539557267033737894927353920728585576484476982554103859446976592259457638968802877607374593075309646479158833889732474521311184033080051215968386
211 18583694298314266652119516398167884299372200840636352717821365011777057768197811755955712332340573158004927002888773057438698058682341093272250305063313190900062631362208925795508710140741057082371470691080969384242290817769560446679895242713277156056320578160159978535969705089692741818640961663792771270145971583984359521088140774575906901276398517464636
212 984781344973566919991127028613441695632627510631183718352493388992652920846960033475882714025256552040004100268261338532654358228125569204411981243498374526448278804261345532741794680442939127458578178463094077385738887937125350508274529160146782048126671966029392963359297478423743829441870554565081107859869718240329582890286780205229056885793324735004733
213 52189840181384405112365938767592874561617581116296678738986572958973138935784613382471757623245651909020950595246654804868005984208033547244470735956610786357722416935329356843882016339088916966477122383966956732233451083583601975507285303200787374576329426906715541685262254620433525008729061931224364910191894873315096293137561286451649018342732266821648900
214 2766114517465239730007225029838249151281952598011533409977335390436083023838438302680083976150216626598629484535097109408586397012495900591505549203909644400131840846342704238829597780183449363811505664745317914365486630451818452076741505331735058041490549721839143297071340664168040671080566122348303704317289897290029911170240620752467742629910859277508691320
215 146619598770076430850580889267729497683689397575502017232078227296509361790354770600826312593872583342950488403661128002284701876446615602464654812260346421702383822728641519212106862129292011141938731011163821762964106811762706865817066519256766184264434738420512987002416116295582322488012963267411401820941001023976118106104561231838234470442270676839151793290
216 7772329978671377109065346871025042991400852458922429599239743675076251583985260378531475759278661617433152701697339755756804263064499446315257039556660251632306488649770196968695780792993753496766273680430560542902279539836986843681273197476706096876582527197627437931987430447807618440685307739665382761994194089214935781952717445654135886686241476522674342741865
217 412047633036452862776232850923109251175186299343953941879927579722618810818537587241482871069865410193023648457614991214172146090898253264423412171718296993343659300497821525019149748225612502210942893992635848784991870634329304979987743826782098107234902748812856719112394279133681729365544871302226150667321296809493900699271534818421447997145683866349108930058355
218 21846419420993196926770555898051095220759470481939913536845431421732183278548226594991789197147055736343991052183929386437994288672154804373733941763317236824015036200504006931723831675296381754928610189274867824455910102066156443568172889931357782181383382343576381259764470817852174738988084208285344624637781319178643745743876235803295387080957473557811592756125250
219 1158375668682346142759820357782824755207563836765420817772992974031244548768325607118858846027778840783313110381991928432892952086668655291348160608810920962634437709366162515581907433948209193876865523102034292546604134158399907260592268414702912112265102628181415884652819252423858123214227119585665070650556195167662456536931144479100737440101181893448912328840056635
220 61426330531592298768414701465588518155678806789200034152857692918444128668832459381573575789886739512383719524016299231424518026700291296839274521307816761583145327895287911488084140300519607428823425618650926859617256335862161008199793359785146694294701877440237684934055964616098724075498312460612492098246101842658776858126970372762995790685611800018778961596684148665
221 3257582165867444746262121641535311510124209542127831343492581010123111498058020324059806089048578629798553338108378612206164122382235528809895836967285193673159306074967232206779772579185768804667460376948172170108180290108080161774113801533650487229655214934344445246808993476624587363649588768868507068823557262607096380668615385284959016117022261920504173050472364710190
222 172771269701929169990409201249063367176232006854620528320525211805844366628565300352913908600020856916047979745764773958208842589596899993910541576292787331332227101865744235011961327212104786039093010303560747411711896562271052429558161650203596668409137327441859202357165915460219003629056793939781916254248809932298404689380345697180265510640775569426847160921611005684380
223 9163949647988443621864202737686193662494307016295352909147959669276473167189555201814730237452941000216975131202621579759434583042053007318647135184092217050829888575345748013403416203650935694877393738097499225186142176943902593660999914983892103033531097849279642977104061746152486427980974716640209531060566253524816359181688823153355575212560145756833640223769806279905600
224 486103305591172215044301023407834718405928798345080942840404661825571236692003097757287290453938735507948872430900843661781606826749774187028829339287050312195852577171848910073602142223596817127611900264353718112629399896082815802000435656503154754110137069470298603357808129500910508365899563572921704556119477278970143842019783401223105125352328357254249689779740712212794013
225 25787477198524226572876436279548745647862113746558790355317680780332286285409967344117940308684213292225344677189209126718321122886976258644022348342188838505118711459863794762703913704606978499542964345572225669435864732562678316923375304885442888485847524319202085047206013852760467500521637839465069941525860026496214576727353549624265198362786971359694523248161308714785879493
226 1368116995343856005105794511284637178322244955567167619859768879258192721171434540863898699840007622384989440964117600033341440678906896930745317827533680713242282915935377024108056411308740069793387282101711291162495465100332074760821461651207917112473899602379313993235869573612890121700430812111172588026995689627983435078939715059147256485275343923226810223157432007401060903518
227 72589100878775467625243296345417784101365182620612709173362865129370633855417574456540979108673569454301787845962181743351479260721437602463351918673794117237162111042123323131470341212776051371065972171380406112555341233930324264827833814410466820407699721516347123082125877945744742268679946234748312943244648365084605876743832393721672895311553289161229838858626685253874121482958
228 3851705717170606090955535094508410321745156650301839910740378233487815996875673071128385264448111832024838439800907967068524053913274094985812166136841278074011084469064229806771261822018056147841021562511652209449397518219682090588351054306530807416686040617538983898964929166474344226850833545938326687827361414731336870672776118229492760266000147654335844989642523506446923329404595
229 204393927578135423226327603425993490075167777154158968703901948422870451107197457184207313527752132022614945206951669842810706565455110387384592711672824129494427584236845379997223494427820214582942008685472904302803443397841536483896866649381464992858138854506249682898733489166625055005422436521441406220864714999859112893278956769352766448283338845888833080903294986967618141403156152
230 10847153875069758342732168357776068304280725550025807730791701103690006632233737194194356962327449128171916657353119858813506538533436190282720902818825498164287810982325487331907919003367271886374142831714402224128650586803358653213518860931012159980029768510892127279031527755080182791739220592776568478632019503547206564918520992544068462564830287445923058799223260766191613642742304992
231 575700026380438738150267320527873275488860074703916409401779906003954153347965073091649395663287428613778400007093188909636298568505329641667450721750975196154036636289420889972823494803911294456837426115499789012019380512481296685287283931758910967825411354257719335880002316440293751210951304748980242141448321950139378501876926637891558539792753957794282771430926836482840514607200565337
232 30556883119655693144137722129785718827105160287163105002290240755049253612157250174033077177217173524086076049642608895969295201249315233572960952565696157353142823061574084742269170211627545551210763725383702742594810497045960601100739080487956631208696445618285653244392488767916523488808612262161061476229719082984350834928759336766320448270239331912261713298689968501363900618763855256517
233 1622011520448454054989664025102030117966353527212609225789877523579168748462071885221411741398833243690558418468289216167632873596896328914748808176024223018098304271514722007626881880242839143954769273521966022627019314689805111315555486468338155096558515272231602759745471061773892285002582799759570794796267542618843320288192929666654712273397397762014286361730582606418524522309292316975395
234 86105445857032207309847187511317734568356920808379991645131059165736090130571360854603596963534947735032883183837226211671568298428602501209179556396629073168896811040768159346334214146863401991731648223115219612452848032130278939755511300241679170154476136118462086459104847587314532750278563919552024909541673239482061194340187652309997696399136552233924014511929368897491566320662467355688290
235 4571290685977919391782995661388113646136895053201226664063510452994283140017161223819919269907619770599700407163601145572697154906054775132158338906451541053831286469754694257784753253615923001946903696184819746589111334769068186440296526454580074379194206143662680340211982818672039005820506293459641677759440665869740532750979758113614878130718072090218725484698897938479783160247677938930443397
236 242704776836923569411893930550001853643316180809637265815353265256389386500661056651531540288075445625816437266332086695485663513952538054941774533475406903544687048253478613748230540371332853569013520285035110170173359855237203352499216639107061878065146196493816816905462619739007107749793402701161481033377055431722574161568315363879541232855725521921079439224148468864039985408225433442498680097
237 12886910497558696709408472519617518701679921221152245239089771942410530705552405661133049134518951405187268434529785258997333146253363038606273375740256378608507477634354564620665601697743662731646551387801243911167568542324989350625432184036994773494207248833540011166869217131747383773585291035016258756205777878096369047993274761291728432932205345019419967192298673688447057241908111055064262129154
238 684305519598617460896481964966094062987920334485815021890596574535591121588534566836733815412015842272866770820496170184218282259017812373728485206180982706169107947036720684655800868841544397126221809069412374255078288261591989337001133884407965547562379993436469793465647637952535096363278442502591081228892911709298507701132099187797495691907728046757409062322560245487555706148761381556017936367620
239 36339735279875769601263033349947213147675767518511082560079431672536637464777383765228766754476671263768775050375698893187364043066656651821062351798489726882795656291446865590464573394976934646553717186734883780364993679008133524028091835226591973254184682034297206388468261037261949057929268660376377339835951623107933662049896350853341448284481501965365767040452181124011994573816924817398160435778067
240 1929939555290938678873922612209116044052629448159039778625152530803583391672226692761968425202173022784764865370236301893566402747888645383150707046736652440932114159514285576006298617236972675450391715395515175080060595799228352587350634156861984533016209400252359965999333787508601853299486153202597353348859721439893564716337724478843409160998220432731113945540278991455880091565814108335428860375520891
241 102502778173716737986861932913501001053538495882367238320981719996734165355963649192049096361452329127444688405371879900358180702867667920164248367062569118484966558639545167597834302986559165502217640977099346029276589953889455793047134239479964760684803747077250961980852354516256453450052235488044488977156358301549649980353782067937695377157207155027510249990873149911425164675142772107125530271794577511
242 5444491184645800482151289568583235785271158425326429389703467694743065062502785977657116249337552144012417771606976030518930595537077308592492700113138656027728691110161576912542082740908448006676762190563034790614510892037801767438781643363467179045799933405257187749424366978644064806175530722019457333074102559302611805175397414774074585821654932174735942744170882556121352433554322559289625239956743593098
243 289206766951180680263977970340217754451324356534094406973312140708502809030213091899278611900643303381895442417709109755694095048228967176897071380833387944012412312121646466131011705018594999945313950625725997712810407068485421967112858625258986614838360646501480651640776696151100902025912469389211198595443862763537426014848520794336543447980288336694820011004661562242036725941976607548930945928419533886520
244 15363453472601536636184510975962258387568579276426937354858345559486860969648714111018400896239501141921255846021835854896338840012966104190004747671568527369593324771892154467637568251826774622692434290854132282664256758360220342039557734334381882727198769033558921719391655721397241905369505624928926357009449684230018939398151285016802148601704214428946225144110919252736036440689852940555576787707782382680689
245 816203132970591610947307921016610324676562068234056288207212400335935560785850829087540016143092321827644760407024312802246654941124396103023695739765307037141588568243776054030196620775119972000425139770761929019072385765877419119189523813479403469504130603946359942393866381305081350253320555890264670388538308331003568994566246839069438380216008337902902866561506704543156248391252513899436405865757020113991292
246 43364709230928407080709037129176318395164377492593742338676705164541475066984725682426528435111149259181655199515840820267456693054719662108512012791862041475594881733958510288299082736204332483103407225796843390985052309325168565166016500033897806822482465287240432798728703064622469290133770310285111703118753146769754963634465593816531037916848806576195736503292253998890863790033110766962621420951476667814922472
247 2304109743473913320059175182458584314369719470119451311601566865660366932634667120326834230981247173490955031510857244035471339235199832934903114235333619157703994971289440963041703710051964809146959253315708498630830426610665410619140258445776785241728399611807073795080369523491397415193768894943979134506298434835151730432553291025905402724016080822415222981529239008403571641253821467851611100582201095522957196468
248 122432915851281010214575305362890333325971205181381240785255319826976096544214735267127231604809642592200883360454068117590436420242306018244509621876696151912146916424344682175637818686242086067501177598676142762943684080376742707835429471923364483286499183738722258861975570992726619725513407927285910504348730241511448665022190707077203475089869338737710679087764507132572074014923600398383186037706926596822719940225
249 6506108601573004350747680771702699048948067534795391971913409297413666777340213046216608318469137355958234210051570157446167195623138462084102077803048112289924369854361084145765727494383357241948557562754583766713536346341491185507050234833578085980063689356821240055774628047552125746542107945922754436448421393712392936425960524310483711071424667486537668830643275356324542077532666770819194303853933440622109024349395
250 345758036165168072139568135367862688500607323489161863610019826536861052274954242830624536343223022401906773665497025315668283118644630886758830068339182775573537746840887498760007728882423920156943505588819854831158470030070771537562032235283587422358450074144066783766047656855551512356154836709077586885482036240220166922501896618508049534942462766457683442959978964610476918401429215692685337134003964553476752383177474
251 18375996285307368086029347750739023961812167936940731566302616489212023514208880982271030016505844641901297028042977834720199977748857984484772887541883888998932355426192850683772893259710682954554540293823075548014170261529684266954719254207238419757850074306514372249056600173039666188980126076432157301876971694232569224985411855088683065813806134482615892201263731564461680339252958817010334963241947143753907972143285599
252 976690410898966743640082580795542430658355891820673506463707587988185464052369156745288708912035567483666620737076954109995583885166831843831940774543856371456178991044303977180434360633695407492392352606442128557123137575694446746200544600215032824162897588325282686574608855743643535262033167546756906965782051930857963111592523667228957380876847642641301752997961494712606059886899946377758009887700094300258696428628652169
253 51914676806347257139700166301930452041634909079932077990085939500567155886695581466693866417313746044871758625873512076117031122105110947232610416270404067938218349667583645637584869191455914060972012335842031373087113042562053601912575189290784809371264311919510597822425690758182314445629429364687792009311390705881850255732950619622278876761294650901511525129332239900246707926504292405541159814230396779902410300919497165910
254 2759626920064181545894628349982714486406542240834293994399039601702499361181863943226124997695008038845643614783416383560665636566515248210075708086840221237238453303574046741080355125316105297984644577683119203304873361425765158189478132188019976111231580665103018721287901517242607022218484844943270865019736574462634691591080421730957652035759374867915877716699246599855708619250190185291769331672523281230654708643449449346796
255 146702450002068628256227024742137681477182498614424195603827493281808150335653031132317835610464001039722106038214133986066482763176420834610097050927075350934571571166067581715342156420722494931645353502412790646869051342372487132369656449995927490449115266966646692729251041534641262446520204149334055877646049855688214092670333733628197768794440598253020046197615683737573730559748399495864444328563670033282918589750516784276526
256 7799215629164676732466092458450753457073842413711310442815733174853513518308850856511328533969547285436094022958801162189302340427451685476562896962273448822380070460020294802713044829546681850663530656614040315879219305913879150921103141416250871111721312073783677783278343182651986796713334240930571186900222135175878058766982928705997904947337625750572355788414465394268868827036663751405492000956440358505681799400620017927778761
257 414658763976937973328712625863522915203694829808409079169895037209088053630535392129762584100103803257269484891313836372485418559784888219568591335406638917267305244100431604669605770391564375541242910681690067423190531197217596880747080276785060700309953008796863750533459916727454726393512899506543916731904012839595916710047204156108206787826843298966894302903652086234354033195257225586456464967082067196910481544888385444445055881
258 22047376878718240397588106495117256241833711154427607387270030788671347794160791428537651974508304464412405378399005887627714383532205381720938086467876920321852171513340425683016290923368815016646853953837700957072177894910156896384865750868779539273871526899129589901662986877692645021933746430086307684485671514331755993147315227303047439740209198154018083266389853477103101060449358363423067866139509075909541780667875589218219507510
259 1172327513176954555879092630334039386500357398009345149662042593898755483689042842981016325642200079725337767469694258286153139979385101162802554917108812680921487642476260897784292889088187492059006155635037014924614808403079757326508507703606019701639019353232030725887658619942693298213848119803046639867322577644162550657616828575417231720411003277465218358216970679691354513401643828277803164626864361906756084636393712923795023362890
260 62339992225342902012489593016066189063420126544090455924463801022242007523029726989398664150137635142853459203919778920804333009399097871734732813642275161193994822412918824527155861787312430046041939159709248122735857619564500582441909781981194186850720584341321641905866898177095465244150444463193430167092462020179092215993904212290820946590096358123820822073637450649730014934358970224758695282163620551702710126257578105216182841143951
261 3315202701733377708631840702736090458334986414825282956302024750918512018615742408302647090698825759795035977299294769589915519813872733024400545578600462226030522067940200765628769134682693267324807740076173189574963023412152764637614577721134950817904184082534404244364080847447461833146233432722548623541678716696564008625952522081547936083167173268248245609418419429901637324422658661538556777544761411076048004185418728704759380666708976
262 176310750542906318165681353156090446858349757300675500988673189993055880517754644345486700631696665042714567841642773545330112226887622498905737863046453456132443558002548369549187045816573975319991881603820575661856687662398383369464783322698333054669724411054577185798544554257556341161805427153967811895351403299118903193553482125696486495981704728426770949547838864377970384607641267216841075515271751832726621285761737623442419575949657040
263 9377189027142190029538938281167402900711734874077425965372510825786646000437632691335514069139314694787342706536105828684808833452350276221268799941253957022404479622142176375794404606597008109364706588868589488885073418114231202953233973307637429206693665584965111470042847347390112434353324937128012052520369566151131202843977237189021181822990451284389930453237213504924095090023441997519110482117480426645961826174678790982918066666666425055
264 498759897010941360095586526983161696544710525860893681902762914923340929987081048148733176789195934945694912365194396595727265089848363710639587032715238453998619120987021624335413868752301106131884171923049165044357991385189904858162534343039214917308695085444208676048817636246511900325852500031737182742214312403180028432778612812373899758832364309191533370263412683059105577249339256145487441684514110695294997926209358842189702524059078166653
265 26529873155139123348986362802810419300678277377078458304071755607522504264771760458478982836834815731605023141005242079351239757012234365162988172151864025412274631133433533471442901329325217311186742456945889752040219845641690967720630121749330428151529859164938758852369910420086511721930541803137070671425602735358241321699723722099431709382517397427657173779680078927806428883109495893662931310656812449347534599937707166737461370706774866026339
266 1411248278861943661168911232980738236085546711610348800710779588600225244295541326500164084839207444978760740877694620274780096424473086629235525018174652950849649336135558374199131285092034325639960850887139429115609204933567298574799642669273157112850174761573900373147295585342239308733698897644714536082492330266500298832443047951268447417524437942159634780175018061582244229185103815011493050030004774899961972831614327264386439246056567582996194
267 75075130821489494207654973337221273189121615714163583425495179142874770403666037034194266975904246446671481135780018747311400166872746951302145434935396781048447372586101522675395854880872975118948230982239449399519602587520176504657837081893511208339675638689191870500115859076202728391445388170134432929386544890250265548398328153412997164988105392866572730225747414067066327005963260671089472798611969169961821015951991867323313288382329416218498457
268 3994045504860998601055503946882133315713249526755559607640155086926946489489945537832681755354046198113061293476998010690215758547216372724120443574663065996115466720944853235577179790812238633524914591448927366822438325129845153543916846373692564258709544642262998627051472072432542478146804641300019370229837321653772657709125304233668394111218908167397286107857026146273654012028881085941438431886873145502420983045532706432728037657503511400198129905
269 212497574822818785495434571163024734535753163773965411102234278835490082732560000085185246665476895068272559089210070238233061478064283998295136408280299723678768271634944663109909657890816178105781930225227784792906268664642616398346097192554779037437105723950341830773538991382783396540427710671040523513128126535063404058212004377916711472794283235786284812943789720136468975476172080962256549081955265053339261593168687704955289526958191024429856234986
270 11306256339005696448784107991536522484719477198953727790936595211611516617932449677500952889701627062251408181000561485838498577842940113791810678125502687282608325474957629440275015044986108287682889118324090673871396343228141921632425310218084032549606099031426680164540328922575508343899828829918477675220508376530764919812044724443487441088737216691592054558799516400427337699858530311417218394026438454072099435097735130325727182533492229198389174083668
271 601599382426514734889598295701657848235440679089664363360955625560429120733022526995167262099770066081599705545604373054009269726996587058124591749051186011508377829843112325432308501462264485935438497608085592081103485461340224963646202580981019785780020865647231899543463612858660745881085176282764192157317617058489710683538757255554100880594231918391051783996730801082534317866820036625700108401022100601026214399574627692681206470835208639319086113490038
272 32012490747326708346768915450800678341985351921555008946945797574907369171547746694950343403301243844449010819063873285692191134805157919217747060771640917025655742530039468244718702177057071494768654687841500325237750792019795920787024333907940994897903223976028672446912928348981213567469259294320842088044527749627926187200528968268014319590158091973714203752093750859103585485148890363652312757074107844740393646833890624403022763449139630628286688014589017
273 1703550090961474907780785930631473957352581354864571954868508177238806895788567059205660106203219352614442083779769976339338580974442693318020881218817108871117491606510501207799191830198006828150562635269057239156237442423794066143633442517953531769080858152603355693982865215014050093209287548593903403429236243077845261330338896504231133912644648014827245371812834212425878044496383111090444680204497975065342003394475876794022219214738990284656450833368092725
274 90659545527610698591084369792118100672420733729699585839833617502194924158944840564627217268471493865110118349706289299840550975743662823995413911619199604818676529692246677855255281258108008853351939778331558494197698171565627912186240632284725301441671586149744252136957733357946000776066057251284351334111977507764399978905526597017523680194745288359081452610917171220042780283622397512330076321611332347796881531773123362829222716950741414143685202958361854302
275 4824976319853616425597425550854262503773832747017176965236958160071537044952097968998142560208053746567093979914913745140533239769029819297825110201012489158607724739115879720357071811718932349703216502579770464353275626870282706029054424355457729308819246490392627740163082272403960261549168146943770843203395452882926901359219455502663379744340531635441453258464179271548872838793896879801819241849622719261814587362995490139647664137628901645109196310287366811596
276 256802760102666440713571740643409204743176985399937587483061399184151793208743135080241509254057742022489978702867525737937436699421443806224181939811122608363976138397172054366549612596741007413977230122618289997824950296014765696941498583768761299626403008431560598030317431108614242510653826276377730037381560228151307593592896773353529439093000849117327755499556835418617252146086484486354878774520213475653924549458312246585196052707808193718508659153349468285171
277 13668689421094781448313884985219194189468966491361201706915412458019531875407118710950866940809283336020723149854749141729713784145207197537618964933488386495151464653940454334631066870153148106622127792269969678966265180897915279839406862193441761535915559403612894951128102535274857960184521101007764477991034099375149220052422055099452510400467789763409088031323679106419303952733800343355031961697873273261398614131100675070565998702841433826382276627160133504120876
278 727573023865146382411665358278618230475204706814820628992033429820730901140268924343915191618554846875651336306186828217660511179966186656679519389778328509529878846013963433949761171702654431933162134485665212466740513397184803293255225455999484415065685875728370564281634449593416041733830587546849065379562728201296216005396104030387048364886571736864755133870431496709570956713827513164814934959747301229482186311935671486178989926772615052306361504296731874279054440
279 38730104093762733090852563034411674171821581866610864656609958010258650784945569309127707683438819913795279034234127134115177569507141377644589327730031773761390458800521283011412496164185860232140196095012622004429335369387578701826074722219500485195097646707907631792623299158122991018357571878322859034016747255084796744395623715733089695785875866428116739597737518930600124209364567218165628624906223607034377754877252562074665969971552105016177957223390867269981847474
280 2061782947991094341312442010502338877425377010068243486249308681173746549290946104446449419161311226057092792780552984476442155900903225583725251488274861119438642440623687675558193697619604116138560247017626145907580676242666297996650678356066576092333604075007101782145491516065283800886244250954133751923526605135773637563961161434533659211277365937121281392198015109120660999110851015239092859773028995806244432679316661274117625176988580637925130917845177098827266801759
281 109763833966871524211162803881802171709831147976034509666078557524304682043941780907784428529682310141190274946562383441258572921542091550955836875143658836111563888113257623274980426687159378524717679924130490928331248848540520217041934212877932853082027698109239660534002349396851202118035105420921748075585328963856533209474266388917086807015243806990957359884862212192281989889106452411563542158062033364999823715233157069230181082216864861794156637369502765487929934946549
282 5843828770290864916476618821146301560798270238253917775339713799708677127619595971629324342979723630296985092701457901168904377579846232141394774083629849785026450493661679619133078360567265042669795640335312755527549408220527405199673791211309199116369783467866446391687087046559521847484952968009776897852356087075603818275931777290874010269481081477071235530338867320085278701834117620241127690444181842864161258080571105628446470879130541628288792718740988426752972254771374
283 311141134486545854653564177092250795747456961020973785249766286605293580252687409868963199664651804743618866467285195943032168470766485684508957984530360533798466597342839238395529429897003267146554107981508868552750104854449904586864575076389178542305054488297887229907032931891200757466233461860190109344166302662017525651248833620280179084979561282565854635587605376203921556471975490356645316736501662769760179110500278667983002871004491967794141889854401794801911765645481765
284 16566812665510695092023052610679373740203415858810474106574492701525638326891074816714951676033887447416762810677856714297257169355899058096583570778176608629952659217133703375584893568230043268341333577414229316580923504751071463519766167383393120961178141811054750152574097528688087688945757413528093157607320134314145243088358012181574526442927872391835578272800649418467666370061433659748503935564983138599903074064039543787075432776066490258268253448062596157053224608260608415
285 882148951362473280127043462445215326007279442829895357810269901380644291895665675697704891021641120818940803384940043738270687577769663493007186544065739323652620373679043505550101492831460193458714454851153259950538647999221962934282870024815615547362793146454616659285117620793306548796425631505941297366776412999459426456092438091562650425077485307969830499229701558352257011416846764649090385065529567410384159993669623535098685717767381020433657503053890542132024577332834374674
286 46974932389899685774955156453895040609192975612492499311380543318628049988030505099455984511137542140993445653398908392028793499317225642279022396370534956345354801559330726397819094572649761443197728839824681814480648253441213457462618747007257818833938243900202430699616097194781360844760262883851481393571016615555480057082768332562282608778944930372703417902076294552575224900403055604350126264318734880060107906833632888101628860309569914524352460462144762856492667840253123082724
287 2501563535286799249485553232396506717630873541564254528099770412186449881481222591553545382846912296475423130023041361250607574557131199368820111037526973537642337573095011403769925827977914020479232749463337608354727221779968538456565108684037549069644737824590591215371303867337310822546556976862102382532080821237309513567086775051494933137428744338784810297360097319575794534138201539512217829818840798920233896215608508122197130988097143657843228226149917008164556508248160119797355
288 133222597630806313288340477621053790093931783504870116226600586402627611357578089735935640968270527161741518106202614877591248540815762539250039111677349721179160879614493426973096331265163513879169308635157180523849440066249733466226949619019983601740007854518909475607124081117338732105720508183584976637815997871622040166153903641624065395816776656052186185983374749030760866739913302729590423304602002117895437766010761024638868971995050460149092938305851911085959905796191502159737945
289 7095207450805342855839480576972807658014687793021977763310940359743469048315144346475334409792947974633200993389465582845911267093818216523035197325589928095922906557243447441420082437966803321350529102469422302737103326641561721560467956999907889844516661447667992686450975216539597313914779375912882370216485701312446967657665466246263473288178452684901985496242537641592579641793888602653667440969671967691177337282858047074174788179216318348963447400690942878567208672762659299721725137
290 377896609571286625930458516800364994863300426621803258091942083540956156601662833623452979474349686456374942834192090959160941680437652520787593942390445361831253538250558940649832157491791718519027204900836989298681128816168481029201771692570776086592209879158776339511774282123185387505511954547134065810219910265679076648889517066559056663646371703639754847159430487739402273378810803930370318408933182483553146361469137865214473140460762409406177447733984402697786711822328254482232918566
291 20128038200631824156204925909556002512938241406164965482524161956974427598952344390077634042385561059998225643520514385029251531744025050446868571790292717565625148354071842370553637126651482848079781330081455046969134037352568846794494050005991686978273288793280249265302994958030929658724800933774536734149619255369860818770875742098949373141831093674239462859169693195884628234776092378281604169363862500970464200342515169829980034388483822332218580754506501055164068126132527348357129117086
292 1072137075901761838924602414394407565660206240148765246208038003008085222494710625667318595634187901024408645466651640615343905418053032228306913124252653072957761812722577056107798479975420903209755403909101313819946911357059743664223128455087268888301942999988049419087466655077689361045580925543580339008714814288197678776501020385166483812176258305750592421390336441907133316992034687354530255953694309026458254517888514316123152414641179835014329017733652186950312758237504720093520512940103
293 57110959478138737896681224079712347085200420809587508731070160241468467870188345710480729324206914085363152708133518234112109953272387149222647983245419325625975212812502237135629737247486744738854907705923765447415471971414333166616032533461919480292333140374100553952534652117189888899586593230894209114237842041412355183897514106567900515959695842451093735321315470364612115256897562731887193929194638917849725359810403278011049737894095492868740962805286640933089053781818722279894708915949320
294 3042346920574596499277098227400809878202209142895242992478273773236155318718413905656775873071166917516668993098321581680398753592629878629098860033265266358816085110938071228143332306202962380202629606638281918914244114307342546158666296752950873980913404928942772043000687913250361933322746773002946945116149493075124179260313414430100178366022935711137879930328100000248227477224553392371418706250901880658355737154934350789122418463338052971745415674140129817363423111135006336759262800773123904
295 162075740703318523085401899029355352610209363401484902653726809163035248964257344032674240812270635827908805817693024301130902411685371824615762342626217475450565768756364091106197351261582781059266775795742081163198781194727656637960202806831734797052559452624204140953828549008193706419876823973449540650808687352600763411860254610675050273059855742433538998794071118244442839873920771309253716235968225404079700138420657660879266328351486856439154920210645973477165487554766496571100137811039867577
296 8634698154485551880129100955630090619068539349693535144267719434983499638725760586100623766522017924584674849496314778437181689654537456666010553546555916173090845219276151527055582925626130770845063489305675989846847901099231729908870411866993687935654178166015400026784005758008077594643896700724934335464224695129104409386492590495043076809111240506904733890231968709683581301109918942934395446162708662573857990321722565570442869012183882424437861273910467766573049399264279376545265143909383369657
297 460040469295565271178367075465720947265216046594669342073566253837186415728167778365823438813569505622444888050218072492393395711827683004475074576852035961735731370287014954982981969368007659346887247101169798540593791906598391302266404896058513456795909573820775767346967101466187749211798512872441941293316360068946603760487660413070608519286043671627948298980267231025969374362768191109747018596398942604663182342877506921185798651091654299820650930565893585600857419385274195961541189400900272680063
298 24511196685439451587532652976561909889636571230926846645033050123985717653762624866134034766897532180141802983921379217227084993773321011847005119018038634095309064706499197425982291533812498293449234560593393384415889616148895928922582213424777156676259401412010988135435588402780513017779040727372987747227444823661435752164404272484500992672315525765591401626285441676466895500463655237955279709586025399819161075805928765418237990701482833199145867847258656345368376597607252610236095001761441436111050
299 1306027918068073464960638091045764289288812829008562943399257304791970050140027247043697946364944819661582909058258399917135701884056585014287126464944468287882154703039774994696069895952556423774788630033037620750888231133359979067048800321742147419168013207506433561445465203595828927351942892493494291987397607303806234707338250302307798183756859206787318236956340095670183838507778851419164381772128288210111572373073478060818619246440038458244920058588547680942830981550934134363554741228192823697070033
300 69592068513892851666997371957323414615163804387019155483293193611004862645414268311561707653513747589141263861703952916314499239263228122206415092170394522832648753768835414123784633803891945633996089025147433099739453453793550987951215047324400340288126922807148906272385237521521918517838641437833145151772354819423899356036255701219504916593431870399142080636454015684715155235271503811918421631620504621297577052705303947276746370277463456951914741974374294502390321633362208953158522242683418758325646901
301 3708397167806501883460130290153241037968674248565068896696264457141131348714087748419263600606805217861570749855910063330870228182235931802184261900086266210040082060636295510513312878032084694463714451449434647043650823140779371060311290501596078591290894823951205193550266241626133429950256356251969647414824445783815503012972943129394257097999335778885810313147546293290381407332079564541062481143712647176592976693802066238560201323407414344025064420832940841988816810228609883311808392168144644376525772026
302 197620420694842657089462304350791816293027311198106190531143792696149650802476124902221413484564791732903693404786304770963019454511305683058668830249444717196930104942239711794413771103511314992205987449618438736117417122581053277032901744752740698968731338134834723895699242614160488990733443903801017277717877250340700694894239516630759613135595604915684698587017936652182762245062360876485118169623304955702156385380279032628404280794433220355535666630582679041497273508531394165397397614478393462449468291316
303 10531648499435438206013132461599776763453727430222082140372504140673791559172612590108962489507372470045006638864444276767987259476589360640664978222415283373318613953326460403211208824251356273590046029116037877888499085746293214107711176156936965980251422528968164774093059925608433357746994054761914195982705581259521445455719715492173923145333233560741685850008700977164844449937111764739221986544409784117844564988749648917380795305933768829467943318704546568139231415430712957718083490345107690799861434092565
304 561280203851242243656166997506452611850828839471721347800465597586421312642274100925801787430983379105362753488594227810787544234522762754595551871863901454872183996444370861700981334589944777263173948168705589113393383912337869532746170669705615769581343744923283334459784244381082848812357991862932888354556990222086123596781605815161953875256782334421239082450377340865486955409345302365103169251839001324784389512690451860765553027370621244870384876665106741590765193469938626580262495698602209622751770828714099
305 29914503827045959086652327823443954930054000237947439308274191313161508589870163636579072029537531176828544247665419340478686895341608948532422901160354399468919411663800773107917837561102327881535847074517494432075576493180711463317365924129759897242838715149037726565518200648166078449629813704028781898709227672622517876219607604792793754559053521298668601146669240557976881442074816678415911735103196311730662715127554479549038199585225086519136307912605113167826119143782153657230096045953395310340455829951173519
306 1594419032899630474747324799085373762615966352376265313386703444708971228348148860028491330288921542152906744357900021744910569648069992622900921725877478630408473036191539368521674890948647592437542469852547751303108529231508912772592689471460895059759809457020754852892816851111227905845299932647838063364167185311470871977122258553709197271759121090700883142989306430156817608852653376676021957267016729848471053615418369134979699150765044507881925162701901413991289328939530675035670643212797889858050071267736707834
307 84984867651902604809700530305659571099771292095546424628657734792078303181814707260094051083310318842395662432945049152254117719713222963519257962693989313850345733630933435749935726845078645713142064094209423223067862126749730389005609186073857723194987728548278716425355699257446314455994288843748670793560477554362919362857296338973755625538315323984869596918946872544821893019598723377205467169574750991533148375507664997804879921400303626382219966634258194692126017212398747555134350660020719155751564510787843708944
308 4530009172007244223292718602139574425768152613352608065353107508850100411699489675080744328525100663971051625422425501732658221870980223500813840482800477290576779647791119611376192512537785916610936465807066838343670437540692764225196023988683836349672733535773856308608863657244134214176519642858616612240909143191875092185038298350274859876770104045821664503651150178941843840717393953028531426362192176944365550002611590757370826267453118030776660813387476238940004193529089632560026163674231476566702815958602770145865
309 241476453069058062691408603157239180025728102900436184781777677781852475058619291391205500565332071225520609323439572037093525185210175506701341208648541292124560285522989980649656456555567474724317230675829598841125948764222401123210251538351619549469535275864877537810767603832710499842587817291747087426380004357140295944847304400052621003386520277011978024595099440499529608822966817284284163631310245544406391666146930759134231000040705095702883362637317250270534791985502675223890650813213125800685174948685402915269740
310 12872669086813959789671524445131147523798155247987267925339006095913237715985578968384130142137543045504429639240218323157480195224754190902356603431170664063863011834190185843394357565939095268553421925857036777952285033234114462877502135708002366516238324455263761266273496288579463093413600445409262115988049624199112691052212760888139953714108305124345040402976367879814245788377218540354900961633728439882460955104662341682804765030026742813713575767280234678858819466809249776770848780417213389159360032041220468284634824
311 686246932394240645862294623539354316543476302319929116712188294863120719068862147836043161245844630045778738513050314487214894238621892432784016605287811767082812965211227071743163800927257893823911595149713055379755178454272191379152957337396604299835595149151620943490280209001742792912859049361476173244046783011900864195758602959752803484528477400312685967962781674051385263499215117236832626473743272239000873280940483387337607583864246778293766562653801794464321398290700742905092164095835743374028364619103605920400062424
312 36585593591788082815743402386519882094142861241250803458489558972099275635739202780967379772977642492303413724835441291348118970855240361048630420659219968164572812869640180984121946965464891409029913984630477648835679573136018084931559695333205571636313628604393953207547356321456685271909131810139415114586553960594066777177668618477726789738626362312108162856827944165601237457503231184770478936075565171863280027302965910002444542837614858106795790866984370904463196054202415677394310266585548161740382757840191531006048361025
313 1950552121937742471755255473458778204270247416226688808992438139614816948517567364994924440692750748678212032456754851868395270861779293681740965110605596845568344878083649275719125791039033122197179936014786762841400555188914835214225068620944680060943491327105737849692273445214620105653410892814467368397374026432125253193870283796475396354086840042231071413428953545861460820204216269566444441275160840255257838912706707819637505119717486166027002887176424733834604040203450801168682638732635459286197452586612714227698659532995
314 103997443964306314532495877927091522403410569475209241002594313866317466244220371377134374271552456228279910546437277941604969823320757007281110893692968291336117350278092077598155558310759172459237853247779122453972250913809352409366593505518819999392536215247684050006072974264145930732889044782476241773931882819026964801775466000106056180949264831431959692632106144331852747930284801743531053186538820258274541060701258509541677339216871038680002310735063795578501775637039705739230851498811473983674985384133825037435167792489122
315 5545048005576754054701327059478637365635836979426821266437947830555456255027595268158203785455618524207381774267212409546675030543624341164467956002605187607884789226817702540840111853038515568371742162949004461606086268376257914688764616172698237421621709807341579996711519500656782281866328250220343282877248275816796489594143164656951212874326593899858327486795005163557590740403828940728208891712384369494141547462145730005986744468923286891129478938999360088162501810006577291005992146165357681666598416907405701578857814544758871
316 295668721786522112919450891543051671217063475328278237604967701350781397548585761410370883583858498281705867010308966644303513328782488703320882995159378598313057180566463702044203764070136622929693559080887267002333216951361919742687850584402772118550716126031044880559838356409471484167799586965437447680154580399203367244587868533296756130652204579063314866565049309166114467717044503058068183046069362106161609433389318241990957692248274543533460266961367332340789828290854889001059255925430580184590825253972071760442828922763814841
317 15766045509402792860541144901339228131057569782135099470653242932053831566009434477857322765697568167745188255695050186331945955183004744249478867716262006918227131946926821847802498102705936581008279909873733766944450703928489092799743240827502746125493593419202120900476748630260817202339614507068250060513071845012342251624050232757493776849924444544432704412018679502405344020312370916293750720093752797108647669819674075500407761457268411200460359043619811400105221807746261051065593765030863559888983543517310124556828240358445114118
318 840731612356624499071654684357701867100310774786736816322275301259027621899486856304977710940220860418275042685569860952870512302590670255042123774029459902360767298801959653056501299210884852045129087213536123180156170059817122586326275916924276217233854007921051626645354681049158230537979695527693598167236477567703381973945341531633604923426587007335281219218589988983722810010505857777457907533328067766807490091386518426693297177736034140325426863886551311678406657701645357073093682593866625680228816106016710624007117584514943891020
319 44834164542490763200155719776114350401807828931097734907105337331457773902670892650391392878113904248838962441460938157509362933784140158782836999408935984176660337111570128806276377533542084194929604165440910502338004668119352145783966315335526275283473132799773087004638459685495663651820685593721126672655669999787706793044584163688342379968848008707747437935298060749896531756106981495220899745570517552221737870381859018856452322183238375432661333977576964437346507338068875535558605547704894757024218740171471544142004848918894310752144
320 2390990112563146521406139422844343707362548603951113293732675568194326179686360593121926421685705822333965805254668525578183380630408658432868751053382694058146591557428851303188956134364359921446557081402463474445950321843647574766233866099199943962930493216966451786993009057659011626544258792526642308028906830416939738796323272932374648079368968747627430863633523080710280108062304605852152241651092925681612734091528513081835823486820456227618610545783552336243693552727115813608732350273866447408950734657309098354681905278505084149500877
321 127515614557627180266367302816295635643678301718896882634191265919680586466529721901898474032057159490580050849566475709778653802248620993176414634231784487769993088285691617290323067290879187935924147622069772761884849390585439799138343224405668955734974734091257199418271477252064517723363356515922017800834419729427603637002978597961567928308285113969230044688835286171808502516709300907444201253351622544997222066938513267001014768045263875579878968252804218973030666847488035215536740107476226527706604138996509874755760722972194973656877757
322 6800889849915972392224194470439002059518695138109449666540429580570318734127841315542717391331923511293557578896223748955796298930273907411165514079028486114967559754875220746693559965053611405885399095939506961544610752556313964796282086076270461924272713177292222452639004137590759250556255473908342843675372857300827513765118465904805948486284099272386978754698230251327622372614780222779694611673812877556728777160217430484577633631946813847656456098221274862540833409029535045259139565870659328640655151243301939445688757731418854177152258798
323 362731100963146521794216164090502828411391085707016266069625470355778384355955604717970604841420494056431499050060469790031476622609397944384179812316288999148002879441849145297323105489886796311740866825417304686737064334490381198736007485608367784107965596111391257550745823520903560552550457374487934159285075562286708952952738990475591774417592525610262315573189629913875646118774968976631792162399260681960683056424979049606382617726375365648337827546383495838939925764377294478571187687906866186790129158152856591320791644693769869831509376250
324 19347302630224257058427564777606267056060389676918824794424946500285235159433596041846693534276026084085646925416876107829368853342814163163453977174282214896500416765711557849571627698027769813476698711300805237841446052423131379638228895311847353592591355148934817533778823340858644824162265974143060116388488503608544813993704461833745529086972145532953708762955138365311587462493230234935099208399332024157474301737965950745624213249108296442260106911277328140578675477390834325350096502335128256229451594844229966954840507664897210926217735537211
325 1031982972448163909346008114137261616240157592267416815675272928335534119112619096346800678854140978105861986496244145858327491781551284737231853700730664811709421157463095783173654297617879815238157963519329729896126135489143628996574139389088643336241473828270745798805957290718965849864734860474032605975993060491860940356180281336927787415221994443325710577154224239708099869093474966940198720876312183217529219153155925482513543389507344072171989843016931794408444019831820815680313653162916565571273466381268157022499004847525154279509535465977376
326 55047932578159874459800533593756721117720782979412557615813547912757397282486541832241997189617522432222907852934944846459348151095559436151728121115847371763972190604251533127135332254010305153236956851118002466254498849539210290291436764119964341419117599156702485918563398618626966536749831557035050615746802996865732375615505710245236809956683513688163760120018586737460553177964246185441266596365200379968529133954252684085519399325302240737262563751822258203301012609565702171831446224412070811016675339532628205116280178733873276546151099604849776
327 2936471356578502544063932287147071136800907576088011640869195519602022295196073302123737741437855269959969712810136113773421240553401804015021758016816443393988277204265525066033597371075330649798292524691819578386779255975705785371033740809511790897410491397150819740586823001481883796191232727298285217272052768942613658506983039583649324785565171541622899954634635254788802160193771942031712961172158957771641686279847883212214234083709388968765440409447030737323734365265285156935298308907292680922218226980385638004113339913692665880733526189666564911
328 156648665849550658024596216395139475225831283742717001142588587260596175351656968643845581028753516147321848128659943201168726129816555478538593049889344586563900113926247459131219289121005342534376774530505798414297405582775385537446012371336546789339876523030470576407079265885482107032326020386739280042636180447694563585086502931056693612427207678043773438127172887084526617153741674309050734554542396051433993786923073721855399861698384094171811785372872334628834033855953451255204312069233889345049540417792136134259310426562493289821911831604181229865
329 8356871208662749059533078929616392477534778132780491219072455759877932408450279579604443570789088330697082341374855508534654364819939913540205421406530413313740140548291129342950239383120821562047818472052989399535465781095601730103899450566638007999737271472739652814057136978678017287195356125170111868446717675182796195230370638901094988770000878905970875511373524975947237449029799476000627090621064245991353851492462215933780983952615086089087475967946552887826538958722140778885918024988198759277477853519350109281839452405997756400682034714224137017319
330 445837605607983746190792448307641755474289209885225124514909773882712334446014247532482370977686063140615647298272245191636152516274122560322890431523373442407319492894218605574569281155266808013466456665093173434429093791566272078222223901331105082048604452704055431084042864189761061616288358837640431533135966576983147146865018859174971619747009938088433443132514833045443313955792596477290039944385992959027885986588890275701520844101959697981393011432367666503228367982127871968707342890634649462966756269236610841356358065171350176076966749168454483639994
331 23786227566761514144753126765209736542063513051806720476327449404367701360529667455591190050218652726181266705512714733358463572684168890306881646276387613006511060301046453702803629248434798731413774335728930805677089763806462318960282873953492982757719860376580934804679450411876929264070446926077834170455836226492696787456008881613923487151747815594420164871325659777302512816540679692036023569978916535504490207621793489725403828269224637817820072878735059746313549753012327309388996701527183262372907022426405772942740322200123373053432519840103861254000109
332 1269083591965074874937628981198057728443474636775340560897370753190352429402235203503293880516598681758237584219290518095571328503512687702857304309233847111596898828585413498518159913679136607431353455792238864627844420778459389907966105136099494530333367202511126988077327523331652599457419965706411452450036483224217036181897668355012153317540029160345892274366481024613267934908948503621538493930642438572141858723946619304639267278783249203060178798743245672329013211333963733072736323614548149969355152720470364169977962260738698963856296989929886861207433469
333 67712770214839900122186464415708636348912753203090587817084852912248247925126790645216082938505998602266591613660197703344702570579026664102260264961475672617371610219442226377108785309513030527906250203263900048322786536470321756802390352266198679591356118353129051814385595007732237134662766828381125741479289299987809980035117435312507864111380552145926433106480886689682541294306862875627992489645720796671719838672348878386577537274958747343625704814460917655455290193489643739202943994785811537776172855660408611028700555857651463182387367922329470314826784690
334 3612988117984421739698626376014533855469949548035687695173989916699041428235192454529895747553124406533842789846193761386819186839240745341263518974307095154598346154447901370851219507971417551422420713595669969258375742230963402043694540018921145406432785925242063869504143078132943131170426511574157225471582789522292262225174258769310136199509508417189591111983596834367057034284195101118826501724506521042726065419348201195462762890630831376834147630961856545471639687098184616538060311776549695647893016896683575632485284481894642074887001516624652709997394540260
335 192787109052450025693442357848066798085301104164954952895904169839429856661564191563219880839437306708108333369760941434597855783366415660792371719133256756788399464996179536707761078452786766591214938880670724951585235857103038680820905820186629156400646150594407443412596846604878802334604821156992357867122682815514613374111665237129879287522763955406264790153307794210636060193755074481259184770446405073020084843039258460058517765927324837276100977846721322065044753008243461948033293816065211161189738379579544546163403887331223909142584415843324067535176494927464
336 10287381893508571350131325727717470377700592435988348270327055609990168922680516443809853664365547925569391818916519691438959637411774744708109046240233205930649570112366052495628157735955228713640917106484530491724887036879513403701735515156731048454504654248894878318697191752194718658018439265372116445338149452116993714839247939380183592435072717486466096867557441677362380810023387088867941028333756029673698226472018969725002903934841512025090905987899462216573829087624257773014550866914045678700213839366113726979269642966342880985949271977460865493796031341550089
337 548968033185909518729526345655396677575167791159973465124937459192719531239963046978905205215101753571569145460627882465052712303921849981318554982967021614137458323012766398565538116516690067840452051599014495714781485399645223409024004018583199603452229748814812441176475870075477866985478820263870134167278526350084190230708702342537916860238631292690052471248337862113578165907675342919146257711650104280517395209592828918179545652864703686616580319959526448181182556809742953460960837964366337799393745818885882465308545425313256332809706384766568270788980428674852117
338 29295740584647820765331164137371997905168299610518839234627309307209901752428803554598854390189718816057047123448580073478662531941148977370845454925180451481986410661415200625976862902394497257348733311234709101633102096589040617891023663083786362848275620705417852284575128765045589720773892491650949455885361849752946233559896482734609111167250173864819494201430951443728675554862410962782088735996975813028480721751812645422681410870489053654882985960459680976990328408049014335593660379499787966317354593334843250689735363839013172241969625189284287957512293552423416350
339 1563424986616589101021214015462800769469853494191899241280965024193724025621048964452631385179446393319951343957659605357856470974035369072574647313236093794361185601285549108603718186816686082089411152039057595102181893320760753286613517881614810805007006468157449759774695994032767503972806656925911984780306863964705821517655084152896742298817126975669067087963172549479557725850588744060099080043787725752831938790616252649069309955725679612186329719844914672093646559339754832106897744609681097934689928455851061040196112399304736494519189031325988879872028207082132220180
340 83438150469011266149396119643331036837573849861732401843720655325451855481318139306002919359259697693326769179343996803424944366492498408882982598001014856551677874338346902426729188148509537494433132314986137648238801333914407163536558282803474235621163655062794304898803052845885703478571657156018187386264032342988421987210089167564196249033225416736607971574417662078569216371238746056315599700287968602812165811433499248588532851237855805403284751897384155263774443987762691002136607166780476864134126143882288349509277448742464758071776110932928183304023311152525112340435
341 4453149276322222155436801851359372395889732160685729034512540569300414968726538501282370027339522988708217547337487758462855656034645509803417149621677234836221581390665738825993457526344092385498751656222529293274353909455362028319298277413686031078916227165838405674966162840485435396275000738887983958181661518257463636718615166314639403342021193429349869213173179588316186223286168925048910398064349634181639143177920865414640267936391754064767560233761715448985574754771043906490961041252501026203491538898076398203376632988528152482640249538975322433373507799719881870456860
342 237675663865054978345116883488826029383909721705850425074207194000464213017229838568618971362933730973176030968242002315468468281880557701570721292859170514632217370975832709067791383369445474027591623487634177065821685644843165657703573661073845798668830669569404329961431305776599711437736394887904602925140448752781848737976387794172611602730591931996039759941564187005005822087972802447081535901876587396959753334685216098860926073230441372692154416857981511950525214193910138177496237628343875090522915502981391507855273622106536527759797992322660181377398426070757803447800520
343 12685773945199403795077598902863576349378581719644081432064231541029526519456293262753831520376068875038437141944374870601443102524402636989829026157441014533613467980348071764854842171452198476791833180009274414658583767333365714463959173399563127789166558695305398576856487405257966555368482912680167106243311216685018242373311268141899983556698421344750770657583815048843313688143558686194715415675051598615364638886806007662806545599728913265524842953125669958511944479580869525072225358939916668526430106292804718351565887481367086396428295891021302188782308202559897089271580750
344 677117323998422251769458758845801502268568334907481639354346490839837194137606613402874920929024066687895434119674281378141416497277109754051387396709763570155427023079195336044618298024664211585001174334050557969796974512385151927953168620682916768872227038163197061519602037947283127623380406120993871457873736603350956572138519204825273346284706330621048997431151290959793309569047364304846884585609471931780213899010416372458043111397881371171141075934915671147170765819932026760793698390995028203837910462313961430428964014834922649388727191885902861366195853652652592999495605015
345 36143108531501299078881501030370541185462333265850178654821707603158664632199946756290048593692287183167948318510974423509513354444890079868485900528372085356201587741563019657549373795567992022874370700034180982270957546717535877814040794862032327452750754588796344068894029115667517026326775068276427172624518456429888021181709050625892478160616744251735918211741631123576133675315142258202784802390482266755257462057168482455124202732108582111865457998121114911883589831285162617938889121842531026235152996458701890713636329076751699849487732564210479342423170249489226358877494029485
346 1929308213947233114010718058620504019761176921263981987073426534273629631552349210011145307042387591015868084249363173799576034915047294423818395150529013427028423707360923479628777211876440832671783564421390770337236876043805657237643057186175346438576141039119740565328797823059915684743330139293249940975016490886450254444321548572740297813763071654073837690130266602943981944209035416791236488473065088915913203508960524000302813431533188422208650946220640309162060104672784345493349658290490857635788562137772339903245721185140941578118961841968968306393000122096395451066191816643710
347 102989316508687533235859601582105015871266906016849154244247520301897910000309192873096811755343804239005891065437864173328538302220806945213858890643153190899266794180964357194015342656070329236821239025585909109659053383153157789110328540781679701942699330662650349273710643711457709039180522782193711014967240394792729690581401853418116105709192633839082695093052674262533612828097251369329922749496417885311547794188486580380683584768441154093124866574749009649179956391512903128427858868219948393375483337074896926641978084429121373501405626780095815312668262508586075806571986093100245
348 5497903424404333200178678130443324130652451390973631466361818460918746077939556378342887044054990757837665295162122850813869766782356617329388073056033513283918044402459282803773228715799142429865416146092850629595215189869540981875112331228447355838482134242190892610370819188581775369599194235557172780996891991959561914665140307519409852000043457403605103195968578246341598160923454094853154651454645620255242371252960923901753168753038910253274726035313640836012257933246897957646000922367516375589505587785828540259674819127100658705852244698519683630498843701122885632617213717776140775
349 293505553840814263063052413076498059641174533046034383043852614193465286910611129894265389207101170415147230031164099304596124978571695913534184636720718822360418215126954716040830754337044213260498180617378184387922386756907313586174275046822431066593708650838345289776784707803641787281880130358228605881960048111143463011647100061656682703792548550245587161410910852167172132852573960522031344193482032874010516622396545021170914426730808398438668116651677636471139278346909692782398506728954707055740141484767694383863983460649391876650108582529464035789590851977568837726128928637607669362
350 15669305381495896076800944904462959367116659253255064140834485888989299846551302794706491934409306531185581487767772442727372515567465119304786079983685712697930991551283181646247403004739160423015321932459696199917499634658476357471887169211847347466720243329210894729884227390530791367796160789261464923853563055951184151826991598672182305874807665102523939728933614403663418134527225835145208440722473391301563424972104824454111191876808864880776558421964684917646627759911315187751117555727091863764409716534584511368059538244015343361972342738108342153283933458305011713103892476165135019172
351 836560374080834787854605865557398209271112459842830454637086819507322782213599076004028245958568124313612283717127978520315015720617831647063671714089535214585782461575666791824137469743797534318763458247412074570429026918304645635921081836736576160510717365072953999159959464258154468779640658457059325510182214222931603226949230705693887078131731289046273527392539592272562192125060511069411418303143511327585263539807956371868145700314891282461218061174208031884855190687532970672932828892948631346480227296261405562418305563323281280765247099927002362401526973791107932727674045843488136915022
352 44664129803625529928187816785702564075993313983930821107765803688014915515085379262246415211197997825403069817964441432720976385324193276557479952845877214236800460495538788021106713722736093526168485451492384487784672977466854173299284778162827753911841925662036225973522279284720478615992564868692163632603978841901136405560495704371676829078537816494809821770997184233554731559997216798732139714390937656184701661582234070239174988449748950555819262081785016405986792166917570199377128632465918129010202639084023676032131074251873792823135524399525585605249418117819558709302990609469038341621807
353 2384703716333892500135815709899574825898689709690188317696887951530241247026275120317558767108891188322314708774018237511615865349103125470336504359604402427081936103556740125040055053331137160662838659409961524612566632461717053532447692793822856637972378280191691788313587866368104432057628847546744605254121483992659670909223874482924090235681460884134930893471868634727719563895201995769896661218990095890415969722480484988789728432971995144046035788302179878814949108608457542044298719713679350477686698933309692235129557450290383160458938374404554814883219256736233326681277185901889197733381255
354 127327984590311605593125154176548507223142858693308141458593372458120763424867120897404671501784301708731494196173775572396071252712919677034887839359454931107547120695995980642547357690934592159431324421688370315066055696447532623573444508940848376365455588767891045617115377501796217271276101592623865519262790521599691498057613522644935468879949804540158451570490594654326661009801394028101964275512846473657269563377138213823955307913233158736468363001055947979972190934888724682292838222509439273226533946857509423693593309084319604411078818124233705926615087219610043038049944268359160299411063658
355 6798719257125982234716177883409443478629386243006318987211318923335903223927519693977108329292643880901963040753557262846457858422709485964693067593147319025087134270711876615143304351551106243396346863281561632125331750660578397355447947696833336164925705555587900268704065278553916335037087302388526342371880219108070605194709962144326257645585683893230293492293091219074727117364362237405756676789464115228304932754939165330281414022000029701583981728528583257842154791011250269022527631291202310280072992913375508344225946257074548686188834026317614838011136813411502158544014498393720196734555826218
356 363031307893261804168884083617487994721224032558167342049084544444762258370746465872321616712049177366897142469669627578382772099028512794264356536433379907195862304870756879609233862191185841299714697776103154462579369569414003450187058851670714689033250293321113907362797735545715754661663861209522258935928641228810036139955626347243681200742575211684470273036051456234932482571539107314353388658605478567725767576735829597158234577556303794228544226913634663989664360089949950083942361388201830085755903920218721641556738905206089792780080125137799988441248716912670965279305700724695666472805234717473
357 19385397241225866936214914732066453754199411757834777935370418829407506839381711248311438575412448304984935117424325782039213452291201237345376490227860442323536591538987721227524413210584600576111811500207676737143176142674866176502761527735648001240429167079032998312420077957631120692409130838800854026714302946126838876329102971114573467625504778803795693834251149640390274801859310770322836295469549647104921733530175962245543112716267849762411351415073420050692003435931865680960357255384961346639242428127340870748643862035551045140785579543973970244830071822231055666872927623165757668264877213455368
358 1035187229207361706774516731298404975775201835298311105518425342156471067691175662758043943544557259224958579279237086448733808929557747710324975368224034300876679715494465978995077759716882541402015177592757250332743170723529972438413697044812772212744380387775528488613847072825366041286709197993988955415590117573056798130220057283973569239988441478418130383086425090461632017507122494151079823866748841441953136323545502436912859019604916367001467711003744741932319933867851760578699081427329120481153966845971247635539222255356766074921757728517348931159008693874169857038268974284336252080237886023450080
359 55281091169378322680855879228227717506441448430884112494076296567046796097019395594604724208301168808913173015361124240929182099997163476069158879292662977474048012002211213151877595267011037633053220407856539625282525875553209730622337836712007801185269984916940770410337138890383052357166854450645966874178547421470069147859840033982685708998235321249381211395966375345632117821827062606375415236520937839206399147147635216645059166729633018367746463138245500252582411477615873056603008192432593568022817602585696505725284837395622755459656674391768670045558834328728711591111242554264752456569467606348324635
360 2952213307529653046089904057507969051421262410469198846231305740848320526461958785264809186456915578954414289914228445538224531250019644516058192189913479757028524648829014022291440333818973183942078572047559530094141896665101640782984950987513798024540476144976093416218785161288592242739988635023003634338268131486893156260939389118209686831206564912603895922848424771816562676951335964197349444475415337716766789829238129886594455718952366192336119695860360347972730471532828606383987338335602744835179446527628681506377929352710865779872630527740035175849091036095510333187980787755753479567549625594501015863
361 157663880530472180177552961568068232329981373473955950980731283559362953275242062238714918944996114555919982696057164876525474910877318039849825594497483214556358793064512864907360335728506865188251025648529184138428707772379371345303996619303782648539356752230633918137186321266432058090303103369350797705215791663245180614744065935486760695354703875636035316765894213497442014530349791477843229406999967965753159296431142725138158178390167490495130802727675468720212131505836108967017193009656967342451044056034356125945572476646288049412127885510748278052329615444031630789168426364626735676462353377155029634913
362 8420346572361069543570229665378013970031914102797020047971159535639972564118370253293912958750257373110255335345179752955671519126859637596864046319351546166046072772559475006553801812533111494113508763503455307894375337779310706311935223921291359345552449671868286863056147360989241694125414676357181565659229705794634228926911056839817015113325088947565989491722378433944657456744519451598563835855941748429479526412662656974177827577683004853909826780485411773700304321942442524198691305895615578833418717208070058623605539565970368449717206645683810735585617476718859330552971923311838282816939003858790439070326
363 449718679503976673115932770286717111530862926008787880525185568016613733997899369535822972079506551726310840823573256999500519190041273445361817574671247540464350880820247156742641546039243569947378737103904231464684693250601077152230376767972602954594055840646270843157504366524180783914986125581846151533905273642928110173369815734613162793681222264473885490645558626271195512167860833286908130779576588311820774363741234673545420675742580438059729287111064321053210055071241483460671644256317445165072533962052053577977534571845243130594082404261274584008711410283441656202685878379859223904403709893650274513485255
364 24019558392097467863983072527917775378962091791171389472426359698183072243606345514867915564000951935030266856765946667774507204015366953431597434504149648993835476443661703089303919238166089348766868764949711418122521401541632651189885623785060614721755800949119949519276081191628870460739545431833442146511278749159284511038509252829312116888025429852838743406582622284175776536617533922196607660136499336990411974271684314660485539005609151853237724583417774590446363046217328052799858858103440908103939287030922515375210153301712747134432439919016691914732677471558719712080764746576134400708152723996334754097479883
365 1282927664396423174770403089034369967165562673268502614332570044766633878235668029575775879020878023405507750566563314667300666629792375856245912716863274400234046958996862827403940694978100620885544678453589767896626967289555752601662383979304479203758789946941765560462212920162396331055413757352651142199679298253167800532252101624583286353529143348550460308409780888828832174398121788993877522706723254485900223918728956603268004319763456744425587953326893612895054175358983375079258213259280201896308435892551963187905183248934848610756101061688336122908402739485097523117746089686748297038740904986914889782455233334
366 68525515360494357205830844281380000914069607239335300994147360122399185442686604490667110250249598849195673646309644923989460615483721941868032031697057885435168031955325316654303188078753599052665676570269003825559464959226551203244318781789295044381897913702031465155190345636085550285622915390287289203291046565658238621971217244078623056706966525107616861442627340313112219176167441168822090317926870348956890939320436531898590075855095082025244185294871451894009097737664820110360631584147344728337509885120109831630662030479947888689906199603505129621165016678324979604087367518586553924668142295629212018271064441964
367 3660288931819793255613510315715789559344032148246235510685778845414511071841853319116156554741097343900311050623340465008268253376814447844627012715908429248359285866939370805041898480513974529050536402761266667091978678750676385461921153106516828461356135851498811286371807955577758312951780592952687462523985805997787361616114861900517309042200643661005013399065292004205120095824926988155260061969002826469739730014571235765698705266386459947369473886611817219274851543035293427829850371636947450674742981320097640084791443986654606561924412911067157803038323232797668955095344475281901334550162316435960020930885815727077
368 195520038690824520730974033473507631895942752992955586456563132122045599760764130332298979809466028888524360669530987262290480164694831753097788880617729566866002313748868028138037754832751887200531333828898722691822496307899403613069567141223814004410685146088510145061365623540644814874400663566811969535232993427220854520782104678365299546830306076472562611642714909053448131928793382996095564669079962883251634299336887895441206332577897115915802896303842823423438229747872427092491790891839335255040949801433995198271368011024876403174799799150102368766341721218794001718329502383674738609773766210152899023582146673853105
369 10444314925121219716939533676959966864604757190047129972987010624462424218217496996895211153044457921365631556008085115058916826582449967697036996774146159232022089647277638736817920617835415530862700155980951601231085062566264982031899751156246410775246911082710074421045233422691060187180581171436969772978701333622202660448901282911385325469508869217555003385419368278145001784671379211927284802109623740405843257228599199605476792036541881930652566585103462063995555870152803111949314379061337068878768276468750443031007810583917279894002195533049344022592794210463160492017796753112051674896658449151635553507848404742923861
370 557932103706933853296684800430378073695857503187028614911398118776458543812155638013759496341611105755277749262854733801886100228755016877676328404588206967929886295882081714562440833150170544020606221006084159935849305774460725682215373869368165679097413513416403708023296948336095322876769686442164203445656537185769833486425890354898916838795198845474068161370419800611705170119992864059324135118141193178143218755901739212495510389663718377215348365790628836825507914821194739095808840774291751265868585085270502870255793375398613880114904332377615663236304010957242426993283700076137891583267721025502003532330916585742852958
371 29805429566355997936037788619903864952879726954698393087185762244914257542194348013443774280036998645612209432701083166928953598816998547890113683902187952366703063410282805693498231850987345979330804161581251142992262900531830104404894708653972451231968091947171829767049474749556571351064493570658213756117160156330065788817922415679212726356223805377280078360109070157203762521969489657275470997836771713237689761483922889328248846786340953243180116761357536986445777045944436004461736666559103333997827130336151175273237940237675960983518446241030220105090608497444659652165783090745890318153679736940004142965612008944250361528
372 1592289355608728316170458113923073861706901970771493901791498820706076394939005596374481025986039759304752868719780700375183906964602472795914116344349894156862891894128807494467438738967133667842836673155490709512949510882386617877290416853110873587245712625681194334227574664996680714992177350618236879109590043585056040889322878396740769246330545362468149958629841847713256468781045234792214033403617196216558780017198165210837361726567840137556382369634625265578007252712960224103926682425227622776632004878695430346033457145830005761802591930523687477062647866205070019672779209417964212763290139906085278388431144283577533277107
373 85066997365431577194181233009847418888474157549599267361964350501406745073896868846317637118061503218356969623900705875130306699736350607220300751180212216423390448998902402215339978252672299137446436544795558613556896007032889049751847887658265313103491237364025747099371892564715658891846242212107617730736084832740371962232088331675057697671681008032582943303946397342877003960377823046656433671550833324564466160833633633658485271381077927772639745311657306153643430665371077550291158952915654210628928087745565974081411755555815908069763932890490888961000994121355486232994647196967790868805211524127585889357573935740237979506900
374 4544777790258883365871567994176109411155779405533699405349130264691877491265068062004003542626164854928764757567925872322604959611837108801701971850753826948747704689610246872595013418501867349936945690049310911593471603625671096368682682943944597161984800929241941299850451975903163575546174857378586033685626645271737568737595551901421005937294684914504027372130444432642163831453901514142948585271121120558527590018677428311190257811687838730122035656773472359360527428110988202802400684891288080383587827297689765095779004987481825237413011459982186849340397381371565032510149549559033790484716723751880064157784190986420449580711032
375 242815595133222359239944029041771406692519217251786244108924601197527241103869140633032700269512727329024556741089115595014496436641658118901621914484261860621383100826584555162491894136212514270150307632513217234098976386160572909596726817106672220222629765434184358367431520402417621460175346244552838982323809880637157503646861214804426563787329896350468149520398469870026229204140310906477756386570406585431857087882915069812174140169513106586274715527936612178017616394421924949357648989007090573117248806702736978141447417378481621274280799618955218727237081388590438718617477637324345069725221998319324543352805184374901025776743796
376 12973370028763193704775428413851048041214352871511443588213181770584635477428511421871023000464124600357364990989466015521977419108180005563142021453206663416691607766938108935770305519521272382212066410866385624670199773247235862553520596540369634861082649456610279656068834581966924167188421700372410299766109644860330988982930765724733601627137335120453212153967719832167804623502954658542676669864482798850991417025258517901670234073905536183117586171307697261510158130491695564108880990512390977708255758331055470072715446259321164917426435984728332727543284708352218258178939752805323651582785280493752169525025303550667732538823721171
377 693172421123690843350132187332118402437374926774879864164579189791447121033103094478293944723153339309393395434051356409129226114198712087146385244615934080751530491412308270960164068560608708771146888297280107837542730960856272700330642308106704682914179009753562243594069497398163463843842428143990050190723994631245736543299154630949172388255978933102550278605602057620684210756655145469110865827520900387946850817373236994054739220031862366295880924394670402721061690672338935625590999103011110836267358464029648998854587529594828076875368275394410766919931456474167299934299372131054764210752154837917839455319658696054452223469808299401
378 37037521947591963575612285819077791720876080727648430161676094011583408598687699750542307167959958288520347920956582175000082057471415708678503972845875425368749298148352877600584206769071510449373767497740715337970096715396482486502697939960456276413275299927652637215072914377378850816649093282944737682795421950392739074094198233273230933566776297889473745610445936478975269539118096624898613067198750132744889459213905170957971420379933315596960649269138894851769959994606231904045750178186306211292560927396501944994530097212555798529005538693103629627524611783061259232951292664837835553106843949991404360495780962366442653540938182412390
379 1979040493869770465473882955964160581869446627782712612690530525492637422051394125211758154969489185691267299215218831477065101829427308835182102572383764532623040873593257065249334185899357093885294715229472527986144862745436802681516859563050669678734668318197863830396863541845591435104457162440586171200925777588084132536377510795985062019608696002080461876868521114285581545841238284214101429266147164166291867521556284181768661513641416579206176651161220344976390468522393721689739150027358774454671831076915050557568467078387565560887554945361952626339773546427346029225376617565440707511608285887883372244655002757629877567878011040762909
380 105749783707420344798684067281088656131818351739934261070829844943742112082209606343383380905966110079183037450419315502237100161974308014044550670922131818851355092067645280235095005357247703804216044824727611067462440811458877343594194806271842237679081013637613299183706085600538463209046132598598318349980446319820338084205484231897562075350818664559602728486177513543091979273161011283705078183920596856990657730500026436500432834723169219638199910124052635724855706558235852092846879489197697453086040733402919215469094176742148426219342394164755416104807432093652839821106408224863536610954054146242716444962736922356294977648944106757127179
381 5650882542611433729083066224638367126854310408275965589677624126338680261523301153290014159155219908013222700429592345770462795865317681005060822705015650406666864624014981186538745187678801046638313528427865509567412827664329804149916589525136805276712526436826106037627662325909785925059882800310702220103691748635028274266036584266954220867872319697138423811450787075831032003992187619285200058533878378577553409474213516121151867515972071716514590015779913632803629708429521285134247420464445027592024726447016240389031443733256618658851206399593058539626918448905898699587594380079213096175304501330489251298409019190458652825249268861288628994
382 301970831874982889796533161813593384545849560485234171891976984819648825591913863194605829129226856605205276753304547158507419274678873728978934388197524962330896506752495351721254094995043962292139949675861197753179144058915901147052589325755378550364950620435524947858700620527703824596886659279716807315177983050894080273824673146918126034571388285548241963878254340287820417778013161006185462622697715900937351839667820175931013057418616983321796532743426517901220094070160738044344122023243628868282453412039815799336025204623146863504336771335684844748162557946597094934134029186986472668497967680082795144791442721379034549009564279022829693124
383 16137102992675235507346048740874246487010278476695862347328888340213698363788198536212316426659958853747676591653015420661515244463910759680858668657763330839943732496511745691731199427594006108171666007925467608005482177408358404029648922245225163524304850008621129214964680365498531471888494677484109401339589154990061692667517926345701512790284377471477249823434977036654989101116179849157692580006463547827395988202659296707411446032922390529191536758460568822516493581265332102574022946804807734031131070804771354729454169792967544569042393725271717337890930917452338082850386987648739843839351082554622558897475416399042780386760114893208511231290
384 862378548320433376720083585962249344076874969122678267063233485637537053944171504599742318343726083983585146841089765782640160413056837888200850346464474490947028827645973458681141465326129034634272022034999944540420949707895929337439718145465128999098826355938841695060132206237922721136158375935523343386927613951401889609762610523267365487979832387151401096916121247840621006735086414303462873866899528522989808514174906893714052340415973083139638554217148376881137857443036078561160840791216799678208005982684223123500431357712025252968812474499446243126344917831926910901425492445679372041164599229151550334190976223041333300832102541318644689912235
385 46087383873037825751762283160272337121204855836603631007637315787568831416726756931209909716193726039852383014033924006269716947246510552277235785026329324966201086765709397271213383145885461378607875481414773273480447505393281212002694232966370876470505331085721357898273031178086909054964594902861472640972963328465135101336275766941083918812210892651055614015406696245565434486034999031380926571529886279306903522660300688872051133468586161461441246265219250001097015973643745500144965076406673051380752606960766112456405823783954672097982333040080091033027064571106682917939998875036270723345992365818945121662900170243178676811611457907831656441501579
386 2463076180354940720576117947907942046948351056506513249967408591443054726615293425372612933440529407331790910926292287712410978495902233702949242460842827426540591570444927532652026178807368925860226532580239654884279471713820419929380455036411448193010869870652375376767585926409885499722123071641860664733675784243171717193500237543364114913445036804283037231343451889013686534283028581106764211939083454805395400583861937856061598755714302068946709317979330679412620494866342853975114192635056082923922244497997311670130878446710282502418002081276201069693726895224471316468388810759135133620258807461220187010042742698672214932984892463339934370502271554
387 131639204321051065374090340246658456746900046597121180737126589403707509176771844703906243442962836870004431591732141152784504160337564303577652098506231517145026831619925321637389841704210139444287778967032255358401582633142542653181628809080135214018161287685808679806234606353844738034229693826495082818737767141455874503245225805982908296583403448171393307647275571145281160067116101402162467392317874131655794795539764286832307770858342500579986702843935745449014862248649701858183263766660403623753275797916804475728510539689783578938565620253981662737535713625882950973369781412640474707701307245027182305317889755653107510098225394251863734435079880430
388 7035649718812696266872099734581337952733273620272457428874185502748809574522526881274899406852812755025616476629557576823295423045270499768586411002121293948618441019395506636523791923835139721384201081933054917933013869268023104022418944745011092160925464289983101505254676289900004717193130992991978862345204446294639738910177607950500591782902465354243241240170008105819293407320067955695734601424008851637074287892855271769604475760160224532907493241667877072525739927440986936328270476305675642194439189811240352201066082322186536350823564653552510831875861757644972542487263486028631997779413662138667052209471564426872883158443596744150633486976271715645
389 376040539420722736068853814286882007498006770084077191432618138940717558765734759233260869818599892641488900381039291751655312530172772211740194572272867051740783921647958380438715914659890536105632494661433249222835674203798803392554026302753146563539452830495221675820536973446508101580124163276663356806499351496072047489150912994916312929170475383837926352535766713325352802945937731735170173941398464073734018322713517473478301148483388500811162194149290174322039291753305762074426268127096633514290264040544182982925698855629412821080104031418254081447220973889959792199789818915300395996263203664289672195267960829899075783528920016760407735169909617610992
390 20099097772438620072005571055688933907682829850418537575062775563823041485812411314997100434792768937729466008849093511006462221937468554870589074322374633836501474122899663987453123913857722794426648979439636753909661654514759953811961869331800421467364115274229773531493191598487851740740465821192093193026533137193332508339000835198553841689478706405589713470664984236056453090468358426628644246431859923560039171791041222656911483842665936780956716041432170088551941395074808769955583723905431587264206059532092003708453939276106594984208894541856589142715567665752361043577726478009950079919010741796147549609940807915821003893746694689093972451973117492427696
391 1074310544231841609006740293711937884692857386155031878188085873858808907942204089248658600414958812425795350948724071378076489208035014035915775665615682626643126026369266270251244761383030089885291218253886712202744217143178973447464221895480209443279997400568667167946113565951402791942982754644321932644370885422449258440733779976834683929683875852324521721128286567627187952010024549264083556760804815468313796932781802947091662524283902611435987164207089119673054054449824228132283790509335161615774567102513886679528104778351093964730210444036954718733351940561888058240617170202023195679890207849800870276174952262332638598209432639571733228638118609404221541
392 57424131482145059825637375064291858812197095007366326160226565373503259987662305837761960187910037624008588928585620275427542442783011485947448827035562853357503257272181729307313256769738140114656598182079346852597386381950130860853961321114016728487668337754922590869366966016521453118415546567599081415122078244810113935821283977645961988943760758097715589888061190656485154200245382435719572766208698691825219573451006219221515056368042748088062897569694249574772513140821460905333349367938090567815352150161036896449085715109428178293249544367077015393609761801776018275150556894090211462794345588681440672222890109993849544450200045145607353257327005632967502423
393 3069518791633232629701362512992372938603240930853287890516417067687648297957782644768435346589405484848016761191840455521071285536684845136310698863952906435019545548176681404094292905243453273335961284453383293250114589996440398440255054914787371539943070107683124736351153015994230182658467108707474428338671167106095719044246160773232379578835324225473611370658605756391692893376773934417999272500106754863662956859974297133313455565709165292421647999765750215233366642588883616789679814383299831472939448944941981976275472493847853512607215942520040084684825826214970766319363236439727087970967267626128273503383587085088690738137051754814847772205274554408483053545
394 164080648734463030124949775219380845092436451957429605880022749190663352200984878921137766007124936603941245420889626850235880615119068827800589389663107068079232419683871617676541143636423885861265497095097289430692652652287718627368536175949885641333892993088585964072802329548981797477838111673096242137211344281015588415645741739395676660624029486599842166601115042509805289279176714276652084586191301501283653358593441149907665679512267126445881636497121271378695326005608232272468382502033844775208591002385168414983265981404304000941170658953254017921793157765389075067988838896230801632463848889408641285823782747171062794418891320510355191012926047429162810268454
395 8771130700983879991030461509473226080279454694838921694317200486630679664797911365013507657659540399591181103633183351160204731266969843063231829137966991567707541985084168199811878614425448910485173999971320491477698313286869160950479595695578420506090048325749990243742118296433444036592950613655809339516750133387659536573207263753675849664897307662220710569572682968544243711518562500807664324204957857982751002963633906965956965681682245931584480129905029194965270581660828099935099698764687213348073724162700496010483731553640842634757345577743488770379298352612029802636459275552047755692543093562201075800325891897664308367885083101548550334178814693310653881477627
396 468883439992037053897332866472448274401230247213900358927937172194630847779269913291347362106306338724560600925689544844438379307517562436098356639917629932761903275721274926440833603148704744736965834125572873161432967955296700465520064849785987125292823152177804587981934430811206378186687391146518122925086034599642474886104900168747086958806635761239230244463703648177179762023287359192327128974518859033277753835644269989402107802881430015139356871266875038101058210283627028884185001916409080185119464418209531937123495278015007836121902093178472801773645571372042990065661716558875624795118618807581993890671420910928265293612609340036182521947788842883871603685988307
397 25066012081106222853599803408684589638622726814128014806706949673276388359515686276602493617657195353585139153140718164890629517247824016238432938067028545938247964021164157080703712730192425216196730210021684150752055810672317875209641794804573345293779203007055488097081496890743334485926984667491650424763885389140145037138886979546500029366116541588376258475321356127343455403190712958821931131233644620064262629271298172816020877923986793815157281495932224328781916454340148366545950337331779935421150563320842828829472380506608474293989185740726131115424038461826083665010925354825014474152254229017713016080712159417210420996344739554469476821648974801252623219423166238
398 1340036343883681668442010589065640434766762002514506934906822458630876467178264632129689877038972194276139114239828301788806886563416381428232057818673626714280738665237713463070195003318888036476638673451584952773896270377856973607084707922727216946218225983530272982699842325338641208902372993368428628942586218922608937352249840675411844740324893622376458390044481745033796034240302408691447414973143524817163076657012600487061028356880006558272038956206906063754493136546931585590428150082923863472407716075560254611828285927414094564221246698635358534089335843897108639428948578930448666497122006340775577647910303769999604035152559629718272410336699927202341606995537555900
399 71640537807837635745276421844235992605136715163434856052757697062898605033890091357063811345751809047684077576949129547967106590213531840788125173885642005065180301131177792480809133890466705871919511293372490108954255294787208862042457848052302635655995938176466001263975822803294594842577658858635487879550229873870847249341443393830800634114091463847172095787837699783781982609715214189257336269058185242358537879658582976530485891876715262993091838566962539221675858097827752667463890742161469244043440383745414902329183646647262573401635480616871460215273464056832434517018437246783905401486259774443990948559659716604304138336318799641922412829290954840369900417938873503838
400 3830116381424988514507470842509753242166524837817158587945486467976661089780509677017207669905954563436435227802970667296307462408209978229053536314875435821000652624000639600380631532067046126034560933447633719696937356717974587393361180613566408983623054827622293445184701073007764773214991223457289024274432511259875340918232067705565663304196910227162725383901786209394223557819700526464312577694573444371031804171521812783839869307993081982685345496657083422665154027729269544467860629391798138407753337042857197292383685299274122032469777180848011868766591828562848515415861298516608731528857940548971539675694269907283205126820367309918538840011285715162602239810581159293859
401 204774522767574692657771155040926486446114165398842300636845487472477880612697852148912930805546976220320927392144873491179571527162715756490893981966405967247748509029736294660118227917273440946967161966799479556009731203459879597108880760868813827598885792435535857751943736859721919587516192503266716132200958495396314629502012568392435081447080941902202609208977563493908598545561018352146851336199821229108146369193854855495446003402923804183281109287748513499457420934129384462014410811781728015157116261558129672909234353050554762481814647676921013015596419713875656465247651762207977146890868114082391379268125731750753868363014842088008174656235699273236008585526485736439159
402 10948399579693060424913152595076105688248722674510462610325959328215617057702080589468026601923089752743222950507150779052483903245232499310477304073563211932608694995411683768768424699642155900354246472253482119769616641314135756114501735286214878455665260726915134196881989519014480409267841735251422583127818053306667559857182512422928478031468546365061726233025771016890175064233920024179205746987369245771016897506934010793874010285166233669268542337677499758151914739293131558399218990779271708987639041671001692386150637880492369248349442608792321762879169950855680994285525446934427761743766364184245397187975909858802576507140591124333274917592012964314196893922622942871008554
403 585377556823169029808153887366667079468449258821340285848219104297491457940153552815753949459953593889404024003601540592142810443901206543744140503160755534127466739392402451468834451367348776552013068617636174934161627701856555222086677766121584936352064875347758967756119084341720237742590449561627400278238935575475414330679022220468793775388600919935783528548968228902806236289509127641260950640238425132158490104979630587116342157992056816393515374822432964734482435665637715797262774074444573907187085494290984671625625388348367929701259620597869294665181203722408770238440424997564328931705351219061821340545355236045974142699239770334984887001977523096113940426029999060781950260
404 31299121981693520399062138608658128231799396397632145756838135002341659465864171368855087800411976732845885374980807388669776966742449775675290774676044463344776038892045033414701832573125221911098456819024507490631380437286381745107122607151482497904845134739523220370722701031919437796138018565196727979408782856059289696220974500787100484083531137158145368159022358019489511022292298272044184614477312440701819732795890539717837345831158147162250798188823532863372070580047474626325293611015265777414897867951235382937510883753021243184365001047985190448527014159424761160101320612925237065029991098345852346134810632761523407322147101159132058383906575891241564618826820414795536243521
405 1673550599049776936396128216589297116649768984769166145691572996354350988487592048795656972411607429543764437725612752383699377804322481206177380117375946504200349812056088916383226100571535922869504700760008635326420637075126433651950288106306666428484856295498436957197424381655492408595213382785869970191118106303178111863493666986992536024864697344351842432033567046011096905249692916710550916217336898836187528372928099186923812959916376683335764954357493900956203196099866382720311546611414018789965894853042192342723955392604131579195762231852198878677914486881429045340720226565099276069948583512791937028986917531293918948456418522298144040020479418317132195054895994626028542359236
406 89486205754795199779087348067310572789281690536064191913560764416844062608421049847562518136881956571872629681687267597842187229587069605434269818790221656603592055180919885627440252682790005183362994991513378991998859648250622229847937501963715940789244445328060254313726055167181649941709038248817500644494841341176672247609280182799421758456511134862745960230429956871312174041771200709754956138776060416987530135454487156748069723418652974343827629087352889939391289386948043019723831271419074954776755235200706548355325101066772853283365194748094567070841794208602292223050707656475660044606178188707099437959393589964545452083891901688640365161396267966506478918532773495916296402723896
407 4785020941458567001200309943576574947643952077455363530024774414851213978562563617254033311055686241777624409551883196838466357497021204357410983745144165994818824943288111857235687668042977893177424588714934498313614218997810558134479302176312949952345162048007101107297882934992811520413655123272800543513353416590648588259690771934528634771897794047782667133998347221990329135842484653804348818080445449026261921722843610700054799379294932772994464663397975419204923061092712242745355842352185364250363953868212853715313076789160958306780248272392425157264648675728653540221342444593476116309012895985652152967452676625630892815124106769269814671471646112653503268169954206221220887605337646
408 255871574634302269869227260433951384972108551480496495229650664729973147995906755771227224231532881277574384922031344591730248168789784828664598157158459862544196560219178531567360134589216008526148633767989432273352154598192757045031872668915514422613986295194793909763243483558846556633597280495579767814788386378710040292056710160955374084774232224400028671629244362994861876055387251243062451395210010949920075282593520757257115873275429481276874367439779897469742057484747353311346050260741569262027665578237616081720699811694561785313858200966032633871278362718339939792340689591198757498635775199434840210295408504437561933742246118957712912292463597934526559798345516158407752746816869685
409 13682663302778678304212162488061457216520107570013063775142944166674488131769329298420485808003623716060781483364700229766837277021182983793856263824227418913313782100578903867500747742793300582882290486717914570669766470275367162454701164930523484805772594995306391878795076721518182926236628867794694719259267616237219470899180333680814856604471117306399982655684759106817789900890850627861163482257488417902551144738605536866206077772232946303045239914048017344106420004511981112515170360392585627297603177109536630932442417972748032302243912082191986289593068156935648073619478005019654041345881367898877901173601492764507862922444033083262218173976334420263484095436446618786859200907062574535
410 731694157402937635809255481815233733885179992327756626787911315530754786514352265694533786049604875262999871613872620527266796308303286290538820190117532682777312479418174197509926104684885054520563359553040736169500442028494051713706312319868232154073800029508179966966345211128551790564078418321463339741831331506639701111707070243066513681439648962341790802843326252020455681751662794129446550142449201352893584023596788976664492472354807528217292079801309971489774240881435525085921379907962376143524882760222186116195218744910624299840702587538916433645524674574734581750906739814815199187649570288441422226184638368781582839294084980312578610523834742709746533388390076055042826998613731229946
411 39129007529536921908465152140935782439019620262009777571862504244478363744597461323525464936913725226479389603395367830477885753319462470648930642878840566074090389187624694741590310373787006367243163505645713346220729379439516510945223164399723663568077895175462390073962216572413673900573860242064068402358128996790858127569957541350930575885100994642979740265137167881602898499315854761981172731040803521526678823913337368767876448288087928877698382583847748492650235450102482791870723601494711221653469858363163866452626486271081633625813099504232263141996399657302506070554493347636986332681357842965983048867677062656220872444577172058216524266415012907227238589291984440789937980698760940591271
412 2092561960759283963022241086631873889002389731428775771079753014021960176131268504454393660794266399530365876441412440124129392197178959570626855600416880554979234294293180952384698160069284243278771444128053094495187393441596839928596143285134765260832032950659036891478192168862081778078551993220654852575725415281330074216316162621054988970045837474042104667104207613097643633521328073985812425291671855742959255924380040802627187843542669008767407387415431527132586977968050572770775608523381672675015656356159344805706892549219134394782852236044004136329200609114632254263663954579725350847772131576922814118390810611130306396362957241186219356241473999094556712675952408943889234091239881646991445
413 111909774035653170259970034456715744262169208813646060141229378304095931954648846819591135811532738289526111888591697616881012269513171362257471903342724179281793016971438408982002030752214492220496678276452058933965685005180864634909540720813552716474401780658427193809774282447339746243807796735592673377413724304833916116579318771083643063791623163919602166176992288295737800852227900404548171482883925197174641563536544079015500034071605895807315652766411030830520365411586367358721257336516283284415419410431487118379577101245439171571264486739238927418100591311387430030823594867209836262021349951947529543348910637894563971289874380328942277553686587044308933577017616982080198589569401925815549030
414 5985051074187585608860977490521266363750880365680343808321191202325972839484953791990675598007719018127344969208976037749805704428741296397813481693484924245557852836279860412179808668525461225647207255519924778687445304125664680018378443143032690672107278846458754068217533458782389930112310091991800180833124059061808719614836010690704497341457111718519623521057516453121513345402301301675348313545311621963296892074110370362743454355405611684795072167199479274060560449621665734073087748932856697973668591475401761081694688329423427203082876746574498029996278640707671684404326826450186464889542787137033397074397200532382588085722046157870563386721384165211525033767346828396202829839202543715903476748
415 320094198962273639906870203467837345384329096701285114762508602082340220554125501228503165998730240894374730123275913972376045616399268001550059093649927799959314220451134612997190539356127443256810137617964383947375363270496579726892292822594643871655634035620443753977710795068111370752206222209148738155150994266886295423803366101114249021661091434535791255272651812837488571607902922460303866639972551875941679174690728611603360575475116205647033974383547853766720012261991059030598506934499937644583457301365807150730054417776705664027320128761327653062368854803575688184368263363197269145642533820144200348335057445289548924320066252662672013698484926863201395814830797837035243297592595794169589272239
416 17119764976704862553849643657774354921306409841733448099378686443237882767644700382943409881270984943249896500325840768454752377122439529622062810794547458422230558378509774201556842517891242888494126883125085427913557630147344611588695190492322291443634440382293368979745578449022372768897777978719626495778502889905307179893274082211247976928346960218159011559564218514035163279961120067546939739775203447581939956903618106957471678753500294229026813551164262300494693012799217268616996478964985449047810050494516693577755829352688312654795648361731172481497418603371652168695940739458428014054888419405640418825822390620320245483425448837015412372961750332976042524932819943428823642966883947747061810090319
417 915646409989396229169237455064725390713590818902031365213917610692320917195493569881085579104466584946851679240443249295282332267485266259623487028239616101607829763729213542953864850728670099290726943199100679777488934356224657444933824031255661174391993417610158516775697433246392858038471229071376708758769225996194174910637029375538767050724439218838888068389495008764338415502289207681049663053942554408050786161311129195789749942195840987876378743056715836616327973020243439656227955429150920719018620564450645383337335341452692732888589155146278163980218965529972820576414269431765478200753196980807525188437409838229158322449025526058870283989959555160838482073275110729375475151321510742132672175708087
418 48974245250916913772956156353022847661255239366647104539324758540698410638649664224764521013670133482094607327828479384628749875015245807164833805475918614417179307710608485202538613247437151139728990100419354591302870348460883284502139798194333720622376731944047050381323626213551232276646764348945071197938979157215183793868232982116348450878298421452998354865330043059516568415733903047109260293388563515591307724186832719495802510762954028977748085409249308530777326525523325710930233057084719182124881729344290246753944764966126278412800804130930385826970462187369152021646747866445435056216635809899278510531203125664959953634906952564833971218136915458964558078583842504547349823036767395417340302763307530
419 2619495248812786695058773457801216597666225282482828176337024150299933745143636124737177446948147387121670660478028376844112950053484760161369963609038909824632310203116876435932564538604633649678460221838404109868084751619882672313512751302780238268415231399274746566175568733912266372816989313469853395907721783277619915166147914481746789805414608463920727825214923268730374798662156758627013937338892366339475186150878718485618491149186106583941200270983546241136055918279204825872900261362575527278980484695651029053277470465314181899314265548497343268079342258191692943984856652964925273244024334492524267650107956045655120550145243380252063250667086294191270235192550403753610371032608915496236870485037113666
420 140112647643010702469049352091544954698326765937158739954212768304954509973414013776092755273924343401412409869646992719763463831620801672114892687170565516947671882530119162011936709199104213928181118128750346540991836974011564569596510522354688748231182340531097106488543830824973675719894385663353226924907809173739948434920343930912022427025890949856418474188021209085752364973132747015829158273052164749592686991805152090959930413159643607209926104270891169403405873014463804140682855840919579004654200535960287320978600370509811157892546118880223165688302584371507585090440266108267730419980803812503893365255086274940997342652618432412176023345260070673239958992151922252267200013795303955682667462981530184433
421 7494572740860960055796099674738330248393651331179628590639185513664859491401025994402290558351249591147410057296064458101394890543580210150920790876762664632104181873372969885136467694650224578774012715508768175321283418667780683999442889845727184062284384196768338116319738397633807292912448872467261169605053429948038313991824806181112317577197631611689833968016343406344874311515211488092273828402251859593786488738108381348589168575242121228380635881133331025055699340808525727340027142396851570839918704766069066370780051904365186504480924201850908282605926203295505094516759356336380599760610262087704371486415160992564872527874135990549339794387702335159821385992414235443303546519562973440644240464745359623128
422 400890889329156603030548792690736606328637905065632763589432299212042231324765628402501411454215129565646123804767160617029026825223573567004609545536304705760889859426289165737780532429147906079948583062802072121367907662057860579846334244183693881357130156397989611925512327522411260076981176992578291044278323776001980538429594111196673080626500697057976173407717146711169596887108523020831220192973343253597494524984683960235835908557983203010938044101257722530439253145148349186861454968290494538992600872398435911181089293140585023348381360483773159493268506883109072834017335371446649163005689381756124530819719514810895770573145969044493323766941329621359488900850808302486257958463268072871171416426944344349952
423 21444465002900854025563256378637870437035648378677053758126198994163146684727703203346474249562757285487678471297611245199858943771495554488889194927399165110241859267160930975307614152270076995599061722355832867656581491333658568242432107761625902391409709901600931292315803014924327931135849080329206575291325932924717904910807696251030068187252598603210763147298713941297543769755310210341434603866980454358617259074220268137098553412178779451571910656117422479587271843791882124900260373401130277044581806901743613329851050176025810793729656085210520070461035026424734619490126945822115010637109510601445056237648086115755943245054057052438749308791071328555790335048691339028771312396071249904658975574946846790997575
424 1147133390731063038045171045628910147636722742600232288624017400337543587483242804659435010362399499030925397493364383707239488756327758332836901256588742998230360803053126282044561498029134742632333860901652501091644032835152254794927184619439065830534608194291422315830155904114387956257750540776268961390294828699621013496926795681678856437015502563855643581013573872486406397278262696727150777232727163905488927091224209195261163534772980269520087610086131420528583202647371339137583237595324089958554447756011225027581045641643976064261481930319763433055878265065692157493868821412227703944909080986530391863104926580176820786471348616469958688445242812637780458265129275703992449618115711567254196189191584094575667007
425 61365214614596002764158584697126621487599793542262983075980082313723501537564179610980121126578868215174341810809862160762106280933227151940564796979721624846531920524910613807456892971490997450206265389490295607384805861238407534661972196503774549389529545049185475736048247110476187869480603295062232741680426896648764586588001525197721582230669271826158550854837988519838762261826900690370172751778434385189487326746280304927162212542250454529912941400774013727901287222091718386779522314586037607252046104804081001706071626328903802163508055196528018117769537819783718449041721373934687246091494859246237891128467627403173363598830604840639614585990525468788128525167494780974484732046464735694440162688427348623790142569
426 3282767905895848066742478814973497099697465825706533820727679894347110425575819888338246128599350776897650796536906496516733456760917780899889437091663784049205171570758415003182456682527212648714914345817573757715264220549940471529920677906577606108040736285611711724100867554191127274443624936814159808902245651631484495619300613487907700378063723400848287571461384686060054870301140800527544724156217632502615069334444718757458619292160562704979656064594429228102270694803516995556127125330803908615354727475769135087571105299277733076491733481402881602043039376390031127430907451373371953720340678194510406803296549238671453426129221827854100616754317855545008289983330021435827278656782637630833057659504560484195734086694
427 175617439495771705481390849083864808432093240132250917021377406365908824459926975100965067611669902160648449455326174972178314717973865959844997456428509949317804115882213089825761532222757030620475773309738683035191809915026781606602267051145282691818488003926441051727208457004720284842169820482149831856971701240991552609798191544838677194715694648636682229065987678323145563820647998695845400932789265458173203166306656036773381344138931666836352783970495854991587651859026609976246962481218288099642823095436331693031102021271108032425998247221557738012521890112894380950553832263007670608721975072399679227916232347639191816082106864557167757221035916142920514872676894283423294763905334902769218404899247758873536110919479
428 9395169047510873538200168939313227689204199176216526079041595954264863876156003598726255091027268589468223149422608804078860787328749577309317987406952389325893013610739680365111934511593624532385703366476587933148178561437988418537764257311371447566922276034995386381174397792267908611637226061642160538670488980927410512924862399809900883443716728993551162266881100267535306782462398514691486973748906518154229670639697252648316137926600120681284548584424870755935359559930948603419802158037563147040161274176168209068935364172417660896646588926279477860698647388203932591236475076668987208430972797359695219445537275800724488175223764968318306955182989753781787408859034209906996110962141507861939789686609340119197069663855235
429 502633011514677554933127478619606778214509766933216470206545372418154077632450138583890629596076428565640777549248990332200754329631338617201758850107328254471290771021636194786910808861013927426655090797102266760300661345396481736613806309693440146660832251424863715047090417889030039145926464797116376603508403692943541719480194474173300721066484169437594653972722821040866191648457078863240427016719061291794322723589303175657982765718045905062323377897714185668305750405046725957989726013421477770371254341048942515159802462406693739175994470576615184837852688328072037022990348317463587054592935320754846058260746277784785643683470976928660329946662667487060650085224864899744421624960348051119337946605439500961362368481317206
430 26890992145420487540598402023656905708509785498667598872216748321028680074719226828390511838531357944100893860490341270260211313414040261156607867960886729721156651238993066121557851148444756404999758474526399167247198284131568675140283916203795078507859374090409293282834331322188598810763674225719375297978427808330852263066164732919975793621363998303997141243514947668958732055959448003352470662052439863036149832513251181904413128627834717976489525411801611988430983437149173422722619089085707144118226925720440120693052208219508035284832589070054289585695382864672188067957460561976629367395928198811544806889392685784445561970559555945197548106827632403268358469082112084534602057572454230595140999394131939495247885030636869036
431 1438705843039990224217091891529382679886172512352114557062439923768556604205460092898217407635039817159874077425354413221077190935191645880879478461546920103727678086613912980190876594933921429134179941471353911194417109916388023247803073078735870197896900027581117902607235300212848253105491946144032715033173857566063227881639123834072466243878471914661991729084018135787977975450156820689143924050819774689986911077504844625055789053069730428472232578774851724730209108965850830113602875955214338751914853302082879155928815313163420362399601171830621486277930917770533789732098083180743160655289621886577045890046120220714879314285918336248388551668812295410347233798350086630655334911962450796101713365660870156029289815269919051271
432 76974434994518697619150600613766719826597242542589902737656543122025600978036442629568480451656388064957189381451544787852313137981431656554074792052252703032478578408962499193251168348419591763211992662138977014725572421048692023727918440659774975267301044373627817439358348723084178966606168605360059244790773608172550048378818427749565950821932112390894869161113594212727383426761939174868964963379895843454217265243388189822989353481163871859657398734256318857204286531053327416734427271198591017808321544011324506101200865835421791425830559670039700768076399478348164491543114370654111836606487497700432045498651582906557438723748959173864979558142630722762231658718957632701555502034474498403599086055356651894511074523556974732861
433 4118416734833632781206567246115648231927377596348075722317460673077365357257137000913017279218109506730539413699524384574677518535519182079302423660876196443329318545465143564032963221062481681729145570595708340017316321931635080217280063597317871543768459284240452022436730883715507540744857861923524030031593621134707908562654128246546251174699312844443620710546593609987795736417668138267125524045061823481710796490199126393928025617978203405794660889298822723204042667884560619081699386771462627615956237500894604361740383513078358970258527897725237708924025329669691035560147318268608586737599353419429234290362687771014073285061865357339657264816810155883629785397539909003566897960265999591921367727475680765046164848093184829637185
434 220355200803906293162815774802509073052554390543259559067298938617487666282865675605158635623902359330668120807250979905869249071849049947221969935140460926358889975738520850468706829479794826149527686523567404833124532515659107949489431321152073522755135972270237891106130047989600066412657521502869471398624948527052878164229869118984835282434989187466746440367345088820753473396501882169704787327335774673240897414715576307270157007010915355056865867468051474434105503447875571371531139271752464904942353331960489122949360342499018804718049090303569949711270797288199887434122503732973662242315052501982537505694068524075121316710426643511669654463176734512945173285424021167430721771617363914314336099438079430697439701441183740626324710
435 11790317843115445854489290165727696733530217135884794860651456533817845820550671171407573949067560190354040037483789067098604607395882872234176978999171054739138900233821618039751984557021329184321259409617871846653245507234262326610607448798502213822592331561119252459095320687780683328229416702406512406046940566886554510015480824874047234370394807942780418220044898490305864427622135326469112162833281126461717421993918582228583622939401708047693042801228065310488356781463107137704206499334484280978598436937818616542996689975922124465294956578730711908705512262894247575428350335908103017462443544533242017851706771536730220052653664004254225602807447014619196195911819385158567760257840145230932501391277309991899806010961339311764056256
436 630865635571267322651167963615051841232907321055143352766781555247986680887530891696909379134102645171432792494099183795328406682582936827425906741879407168883258294982421420701832021174104135323146085517310109565178749239918593023543117867283210740140332990998074926248319769240953926999325305283561438517614714249740994648222520325533705929956002679919871816832714459616737696793594112369092226777503376146475271540071713999180978016763118513616233112510100152798626310188228885719162685296973680758867690523849975355722692350664776546673416770866575654414925736975834483731021718879961215119218761024480715116498536801029396154475505616840726655788902626217911748033324308824652413617452455613007524141875609912909924472406822915214528973031
437 33756494331499316983193751433191287488290201664665882911218939149209352596759823741359502253506275974071262109837710761758196624567671290154676471400630618587304898310493136565227559414197077697399157560794607831811636964218656821881069431578678449829035211437511587297042538177186931456589414270648002456068651686147990962254086307406530822141120911104997855224534271194071544354235882693312082818379645652364176210920071098791165199553074792803998988498364369827789377249202178852861863940653236169205191719018893724764102247102552965921470959916439734245216433659848161823754001552866635239114268804557070073779740019177104630138644225575493996839428817231181508714413088557514118151680996169809509214428405108948324972883892228656335724493108
438 1806287481201176789680271189338222520657984149911177981605354228300769005300575464659182791910539944168602976275175582068827892084773674801377576234033854786475669140964395115488397679017468292828007157742100541808537816304014633232598005819282718565185316575157765207536551075531087364065930512702367387946266845477212581993493666414557054243406353255758546677203679631479840947214914951355882334458873901957446036240277786559158225835941929729993929526510533571362597492234281325913600813666953436168692703183171854216621569333173980893408392599366065437531951799411071428283542370389658367409483483490599286487687516733928586438621146326633930328722524135694236980977681948853798954823932047808892126216906357411115735088709274249882083693345400
439 96655246248741172807611779384921093291150829584030127068385988187944811145784080189984414575069787752752484647706424658489927822790823263079299658299504083654799506797284343321801441684239810660118794718964289769613071606700284807415517801436156114943611628745591722276195440447283851044257024713402319069345727191323050192188405346747562777517560005570722269466759778253284689634287369518039060112790482053764883892024892814552905541105090483074699972314792386138124579154754513869320903868919344690328558066947840543543255225719697338285299666385805682231139140307463476993391538723986734491359381472045492688380361519936785339796397579998128095126368474523659574110305017939599498923741810732054196228105004336517480665782742432437870937005484640
440 5172172203996649162682869664168812210224585840226890972311263500554069394612627060859707500682923115120794842160980591548684032845716222632631347768295357455901558365954455211081098012497921392235089475360931773582233918315633550313486321907409265704413750248365759819659692809247699726316215947237658783830696480221804998048246957018253542112370742531957212034413168387065548193726955605273173366739675670410165232963432960491214282650382078251281558494288967047905504527006893854781630109465067785668936556350247837827648604753640908335798152459220602049647822101213521903871988510543968326977471947753017342067012598469770485772034510018426855486993263120313495214793628155436272147592882602038232864098195141557644775561133940276350568823359531295
441 276776660123755369206032326415609315763425281367376566840413114100749815386935987925708826599086321044400058304520187553937150942884219514650028685918907839498378865593789198658814384933238844247608325502084880679122064956077838466006264279522198197654779273321930999646227335176813479844406620634530348413618872324798174966438268417772640038712670298386624103574967629401326797471074435233785880660998014595223150558965915855735875269957521250723107454011048297884413109208365915297276881983979992137258054253632368499633017498192055803303474640747274147370806107811018953110674966637701560329692438851320574561197432113091083180665002842900547125313485725515145749082418236274895706751190045150899430778678003078398897939755994758255076388844647656445
442 14811357217946222661202129216022191221617626875880984255242108730536872800461706226743529681410556056938808871278546344934719415508773900238090615575903276650857145967425008738945472423618444347726842296814620197920937889753639084759929200120948939039064982721018369295320669034090756825188216721483781933179661010291761134332310874004055004893070851010496502986882090205293446874704963998245262775702379623577669238041287080608005864521016217096928209070847313012422771995790647493157875067274295263491268869960259560693683399105249398907408707824065616344031719533800771005898554758582479347999754765754129567325572357571507452200018834786014641629390072322018568045860339151129622833564453118465798494641308428573375150236013377898289546166072563922910
443 792627455534640075554411277410791463595856029973469275463629998394835197010202750813328473564105217854545022988933538428027691750309319286085661754177301596406489177515958542002790529352525810406315234517134096892515495092248055364265503269516596580769165023891848726603292170850557572793373571241121950179020279847177890990324719651321450070030891177713080379306595240085683313301762263875548743403027754272373564752658027740969529976137093252201054319069333938244664636289595423945059197344234175645406571340488200169072471740097169989566005660690087131850518519453303367240506435490712133488641541379870334198246182723607556620083209677323425449564315685368695997672747942012191253602662999267540281201973719304518797885643251899513415168904579692472025
444 42418195601463323465077615141964911218412694842829174735522887101106277627376761188049864180243352842818839203800542672424703294751837476482230253157686900548444704178948464602253862816312628879715753201378838481425203130162559624603250939070932314057550030307099774504717434729141494200964711217389363202221208646778631669579472305683790488779101504595444760328173335780654187082590926833027256600670334315180133054701497236944403290314685372445942140718487397520571707911715582776877755984322841111471095812136545094779814074364067841339584289401161789950965042281759556538219270956796039358034612358732738427655057411906698768899616775827940523007943182434808976086196108434660779823053764404026627236604631885491497203883711520900994107807512071464205255
445 2270095109313446658697838652558214340979141133488835365325200323988129031342067621544474202100712607100259596211273269781044889110497714302793524356865614450330241943901226716828316330083926702182855307409895034114391517302421652024359811327213656287510256993761815171620636149269840056687964444703364595942292773429525770178102216483363833020248379118489526624065124591035416884552761228883765204483475520327353171161882252388689804425226588077652714913555948826346646414109299231350773306898573836425976395458143626230261199762406129472968675976350702083015105940318657763374262221718868218096762891351979615183632074223842946634844024412012977086179290337425289049981339359969596747238423975339540934195160296811895691971436782853673646516250531962727952090
446 121491154798107580257885824554761574517082148722275331304142702005640455753161980932362032664838582793090854121286729763390044570841518720546015324964029021682353689052426136792996660441743985307877198457873898700720884748381628843709249428631135947051412674180554409691922720547819688557850810169749883552554731531516341052653831879454464867848752492792482145954799991335588347909750991786601181014234812323736020944738571405785752856212401046201391988243626068256906464748139932469997571906737024229234113094244173452550434287532948201877996020210046450058239166671748869398754981224685447347776978065567252473648777891223114796613430298509955890246905125766389108855882237458208080443447322654822869824414429224962889643873284404745588680963059688362993901940
447 6502104911950475788353198857014338289466104290391207482078408401415731884646959934496819695208634547347919139162892738686080096231379705136822318694971954215970889237992232109279119311214999027837949578738292828832580732716466905971517377400596374965817943415802748169690807453171304413748983849082354406024996730157429616845169702440674106831400540543239516310837398087766502665266105854987389087536412554123387743062122165038790330039599259859286385962297457822337592335569929911518253814296654541765234222419001453658426054504114995473308434489540574968508475000417505982523201485071311331757965266588669714159629720495591363454819745189061347412791317011242372380257149429240462815214105943360561604148695746750353464671235969263646544759594544065863180470385
448 347994156660578584417773714594383940143579987063379301524720606763557772022764354433626666804842310243345478157792494790799868700366537015930243398339458605413488276507890686365975783549998572178291695192355307417134703366914566200992399743130432840845770780750948952971291738171128711572952420123104674205772579942674239155600761861830122009073156786583301849265144785215191172042718629481267304693008998691569702395767280727314810130825383353798953474484791023825491959560441084280132661601722060228540168740786588953428000419531557844006642620699939027285182985261733570149209636281085206526244023832681746720519863827340513500493878755707477693043322416007944869640094839364848739074507544049979912055495601353789305681940643219594827265258653939376673994126125
449 18625097652308156700800189389615218803064056739810743206955118038982752691180449198660845923015710224419707759358528410328846085787544537313543773814300549347213212988080250072463386779641663817135103400437553239031842354875494559356335985779312254563460211320772079357700934476189094030800437307573057254451577794362838898062584199387656358928627051369254339158368337883052127210041754151741636942265919710862247776733072399489967150611984251831371736346038667648673914765983243683947138940157198711124070999197272252842343364935418089340475871933072240384839770327107231586753723892739433687886009227334934018426205387878898887854374694940062840487314808444618141535190711164173587797560709794583371194895846977454157153100522508252744496850801853671230809577282685
450 996859047661045425559834151765356612134583008190842486745493056453256312821264317526453234815293215288882885128231098322263460280296300720565799206365913129294356497705000213485028111127570143540563309802850478479969709905458902645485976905595502646363799178428255677668035525815463047773717957778495976390777672260658323537904419066056793632515489859540225585422993745406036104880059146834187428020273753170003656620529854885711381195546003806309820599599655894630020221307259755969278736025291089279878376918149659332674018360417547112994615971358367491318462451871580643248884116394207716735397883564794746823003136977744270713165460221833455027320648366036544107944041139607457180797053831606371807797601380584868312324803089447383424280677953185207283761083676270
451 53355292238857831953645686170668521562980315602343533518650347159618346633413770358434685148090935902732047390830322340210748067084887495549860678752607350422621437851885558201824360434623239123548329761106341267291061478502850802228015994884441167012761846699197578568177186695570009520399734970997537499914738472179816082192851517930262276635128205392049583014111946600558801127752218768714834435340487794294217085301061450169282734006866604004865667551442238595491346583762325110009729276045392725450322707707305571639391339085887285772553262024922480299206451255343577725700832429396893832636739548792492882999132891917897909094961889442332249273442810276177901774953326692908379071120208989143060486508262427151792701903907982671997106332480834529436038732318333770
452 2855812990023063679152715048931945883764669853669505897816613672789313674587083929402311560684803543229281236766458990557698984978560878750379308546239935729407766839262309627358255633268624115902969761860516976461078792557389245331179619767075436702350173386944890235377460305781415073679404842003221527480244635433107395088790672777259035607756709010323910609888242036878561332341631029065171154191732798001032588602986790187411502752419341278825418258030126569676923936903474732633378003674653276180826031287683126419533900109820305635032360619676547949015148324807926001705192225526830332259025512079295283255468670044092434964958768444666017038129196733261926675438745378827270639259858302775573553825602767514055508631143235630300651204719517827688909682720692508795
453 152858819953657041412907584255880965426367816078006171131027196375418794824527742511193393397910654550028398478854758040765789017038873438392115819854955933820116189176700230459401297924869927434071245002458691335278485419616435166725814741636449735441940115744818907011968704815495609582249287382857084866165140771242508522024874929428721912151599044070396269212162115333709667001386565573642231468711203102266374832713591860086877802904736032697370718076725880991353052371279920908050929529074155629264997875178979285941576187252209430784190151998616190983674972271796036701278994368663224889064358212314463525087202231637327904454766705276253211244457054249413055964752473970816695948454833191533028095631262872395753081031654080844332180096154313030006052876709929324800
454 8182003845119152374158976332160271430796253173511753484302977873670811131267543530720787701584637051920600067582572120161302930639665906724574015321470017592730568217195378042162325633073095832267028728911581201492878857290031881677610249715686851967574497221724703537774176819630344660020509370788198687829052494813636334391267444417142947576421172922734420492031209971039120739962887124861420442334252948083859420175182119271284777260084142725225129833147153469446112939866431819278138565084355508832746227958540543769952138442057409803696573750711867514253343185037645841890376160561334340403154473554261289295035778421059024565112745642316601371476641729630612781616992761396267082657112918290391052825115650816724815599283088411958663805441717662533501638769756471525680
455 437962834313124998243986686022551330028624698003569835184545903764846011483707644077831000701978187872110368553076123198449123738827933579616902237135235177282656183814233268420336981841550179427934120161255860867111875101009977253433291530172137690404755459292888262114048109107225051639157985400215945132026138766823486144066928183216969794965469639426724718210164627552885845222270358783362413542452845039132272069685756679562642301485483639041114901811353970391877326947424676467809090905328997256914679690598665652264791436802761626738358980847854560484905950588086564190278913457936111557753935540141876635700260562042276734608889147342769641287183908253989132331128595601227152005435765496984954959869274302704936504607320604153828416944087882610289041611533914671894455
456 23443540527279806362386489522929129659875786361672814237683543556770905249569420002079745201972310135554267820140896182561537466417109552066635614153835622967569170307236583136609316539097579975942826693821744648473557693369335945650767947723201838392750514452734824190552781716477983143292660001064458620510438565395451964327411500795411109330573055512812866891746071672559669463499081630059318924490872748615675228805073398989254016781693131818218400589563554673958129003082446910973395448987998577607431555762126905550826813400217648633411851240354036147672552889009500580352520199567667383719959353822332509719485171008390397448883193701436145402618572519793667458109695431990045185373695868516296993437730871711253637791837195383715183432663947914624305429569499098286872505
457 1254924137336355397141794423021056652049790301859533521399181778738774882213220437857545161508969985612506560557615865585724114803830279466433328577750432002351437920226861859811943109944733513817505514767355708528132316339538741423071645240968877845160114883966791212690485419916729575901787830262751895664865181071380913937211038927261912765718472307429906889456613390495288066802324560400603086649191686582132162935376745149110715635339199599419924187697006456398935404355509359755582025786958864000932887192705921252985018658661261320224293639118420701210834269560727283595740638733020472869590701350230049576431666917911686136953677570079691403136181051152876592722522962566602553100981215254459270535400650288296129086511187964326295283097741161070995779382564603932383651255
458 67176912001121542836428782465940068010990350519168100021205297644838937821872691062247489391047632791625329604522207949264793475025523826848061904890063091061932084450408393753695727595504122300076130474937709958701821733863580145971944225138330062947108298455495085657496458043858854385136982949513275613394957382596249808720364382369773424327158892494821633819370072013474715134623212008476998932501095784953628334484452321407950912151896311849705820234954645808678476423755798879212326790420979181141095962765452280799657313982955412039450379872500891145910859470279759820239760378492121962093356229580840713539655534907058947565593116515035075547727018736246725442716423488303225904395855910552400671829769156415841957903479334464001594667105364774048250773923172525357994961050
459 3596092511710402763212100393134289750255641303962036350510972065018148312619044910992320292254027981166807092290492841290961294042091451236910400280655565824694976527535760069271065469628578788087408522680503835644120437392478749156090791646342023992561448859777310684222743694470236971371059332111831763318289466782723426238592984777124548201689534389574417019994634381855843386617838689656150803556817757777090680350508994842395390494680622605831428427031397508760113707491280806318005362873417876579761647898052977634492730019433130187434242484381571532010387861688660560368033268495543623073497025474312334795498067685100269299016042030616840175039295326039299723382882324618667951949179767428620612707534335217162862402203846308753307128953605919636381035825971851352506253887725
460 192508493378809674602761760298061071812804387778525514368866839165961231825121204950884269980772050995464173202608190665173629204567907144715570940664743023849591527842872234606010359045463290719576932339404055733692630842321418273488210712763980558679836023037932787320910419680766479552840976174950539560367589750703907443899744308561508731730872414017148007969506753123300106543863280064726951917741122218365006702272336279934545996700732693023044359875535076768751143578236230221858197101685853233776029763898266585256348530721680780891441684150547583362640582424560200065361775603668467835842980796092309722958264799929541110632823156058007779398073006141786659739423729822267956539756548005535952310210183246964606080234505713523568303408328249747990100034814965395133599353666605
461 10305691052022986940709314673296920022331002382563064609094640613807847388805492208590190500568306653378399548238147307056354060312983479180359748557814395658805751498056884096082238828006162862316197342922004029215484628112353889144005082935323038459818809252679323204777535574050078488841169503550069842486906367970112123382605347158701950315620060852194243598947761418102042966683093655991373689449209622032365155748715384884029529472994432831816979932686428637003302744522782623610993801361408135363561813007421497388900292058274113477978706728921176183303130790828074947944318391868287787174852610919775768234347741900100138855523059362349312326558405970389901400115474825020347680741777167775515310883701160597230702324111913400756510465201071839943708629055042623761852525713191730
462 551712077951428093055749276955224105813637441539917985648084448939722369663163623732567110813693033453416399503447872465753178239714283429617309612618536714629915620853896667489921372351167966898302696429710088332410921172690769390617689760000214666712790302197964231642086507365674720739106863952835190816272752562435434103661086194988330219933608621368636003878946040274645934455653764416786378570168702850872270821663864522705615695885906214003184577630900312809397667073289976976009569234572424953981696860970530188590112437505213527816012925504015644973608583531832227480374782444985294046623458149168446758305790028340120043262413260061131454718328500540389337917724599022777169097273791014078821662760358175811038387922065829910107133978523917540793096738122294771099771418835806180
463 29536292344154481579989068647721409052725191850669885409693676958598010115361538264832125302834727106286415997763992491942187685075104041032392664594545786278562943207979798710621382056588010864929799115205649518403107732526098616304807771768565276046441014974837571377573086010766623930930690675544179434507277747076806742183837221767844609260624390969900971183970838403492660311472745303636347419618603415828696654418871413575237287400826170245266412301068356723380050501532835484785018840789925156684548713563882034298155633174373702208059216874437976883843104134625968508310391628865462449875685773708750513791029485646401490040659401536137730069796448594562832257844107341403623514844934038859761028660202255638142417970366891314980415407868611453649180812390353677966120035288365691100
464 1581275503568310954700037526344495042042713998355609866420811901620686156514265229093225099371237321191179020367227320477352133412891439370861467886075417932569915595993426795330408653769784958420664253844868896393152695553540435588170190656193628544486928409945372262202627631358086211585790308388299765534496756413394618205676391229844828136083624029490590375131210696221587885069498060911236518563553337772057377886721693546142809816441577487112091086707855449332649370885250883639485550898326328954414844170842907343330484935601998844071272569035477210550123713758024970423951673348437194062021855436172226064198789203019753330431039117784096010898717594762003679105747463945722119029236694566198848754060302628947741995704935483608507246706272793008333235606078556208645982280374844305985
465 84657833918309665783498604871940604469802973925823331968619093783525235696192813896203710439530628313476576442676746048358461536735221736988643482806644167602469626920698663219459034265278922593575298783611201962257312234706183178631515720533890246402359971925779276477802492970701424318505290437179277330067350665735374802039960241993250547249248023594832137277359663073980151142645085944315744335005682869746744320277206409563360059084291888972854542534545413482755432264753964656742807641215111120315368834666150319842258805500328889164563678594431156500545669428021159334799977406256917940554777204815162515811499778555171243001308758700883828544308545698446326870470065401062635777769564549442972023976358515615588035095201783929718092177021244597376013160403417690537260702172948292883405
466 4532468254999286717453883334735527452302168145925544418441588150987480457601196420405005060575921813756197404196869253491875315503750612327566786822375800977378765500723021137914174407418236392849939797186314140008765445193238033771652263630956833939352262114538783003137912308244476489450052803828851757634601664962843910122021015071864983661616428042956758464745642722485651797636306607443519250913165928730567599393997981738111574653857117830286800555880716511485512904063783839570648422521116855864945726276805895772598275245962516011400272382047112054281446578903732112769205764210369537971793385132419406087692546425879244448016393213417937530323722416454957007531813748246145863605028891477073874355881364800926361690101799705346575702098510901108233767563063264112244502712473670971115630
467 242666800994310569247166196503995358403484427245996813180042955730716221509619832158474439250818000542403083953103308427381068433997485942798304117599567653266337270529729289409742482983085869249039982158751996404422952243200929044505979819245710208046134210598414143593569321824283472210276426114667079201855823368875854524785059245959148600234717994624071813829791143671977277502954372003473522010167747263718816926831911480384619404969503161059825901486161680637175729459138083811628598883206976102457042655256611635502586565876587476300668741354993974417678319632659289241310447934148466957790534414427728061212999545957142672574532460394250184200150755515464802117651143990735771782639070123381157147022672496919555657496661887597423166170180874296812384336720123818755011606866919249456590340
468 12992535141488656969553655449145860946723101420463431410000187948058020435930137016562316208458894134885324955572785051798582184224551393383530388862248882458012457684497757826549620486516063737719334235702875409559524890069230022461694275786711355952197747137364706279314735967154757033989828856621196494691953070366377470711674309701469174004759131677369006166493910174088914106133571143459820824155495474625838698020059092637571125419404649749841557189232772574257606100458557239443240516900010476660621853513504264946453011716508394081410169341541169475291885240032048776541420399993737164103018339452519695889631963307939613664830238690036551105646279959505738680897559025487253345961963531264845089798693663592409450222693560958439374548680088591330713916009902585039698135438266869247332560475
469 695641275361512905094931937123645518723528660533080745479343036947281330365221374606215591193492335069559665975653159995759662822710581789185863335473046746373485857510139204782996388075490236459901469727881543720143453575774301266192160327183584823872495883009142745862544736373402672806048370699051146965044186184027643340378076998595102782358179564149613298723605424686954261439786620890729118867600607152237926897294191791131209956525931459734544266687443516789218323158851197872190598202844561410011317403518831581896022810183608221215232903425400092040471198589531147580645985864593002931394874638459487215291427056108518548102535002920536845394630472421536406332524473293011011744579765324671853828295409560094435427964006009884642097474175236750590879984941611357056094393668634310330238725020
470 37246430518599308701677366626418107119204130996131869895559900615851232828234997389912818148070901359735783763330194965257906946344646226811298537378733049202164937880780106239949852669202906363538758620261270087223229107253675039306701275484749964716826518621228995679852975504034467417664612758484063639561141294960790423432099513821607152429916732395517329813400729088449592513676817564043540012901035367082978376269270417286401721963556865052631281211146142957016010300241315431818085942179161390103488503613261789983705762206398692659240264974827383446883177216507607141278491273387785586839048603830239022586682431886864985887875330211267442745117972967889820050512740424129922906576214916578001158511023202083661235744893344465014617342483350679566807753446468295942530671084633088572273004377160
471 1994306089180418404286572158625780546227227376807591830640744833006516240917331030692555346089522081598301827125105304586966786549337594835568571995090572032622218417471761735982094811890353468629222925211365415259424121520423208716538748211690741431778686083709321225052928916749824247108921398313259019414438887693556350452723111594767384965681793031833180067909466025281351603119042171496863439581771068865024859224563936931047219216928256189616551066557025610849472969494031562287590625378983116057211487653692966215269079934498168010158976213056415565721260773864894550783838704806724090376667437893755433441120257308968428044007445785925199657155871302021942767839892019335131065585287238093968837496740825521423182337689984871548377022805659830012193605035216589190042814106558591005911281232268310
472 106784146012046279600860164756950928518353194121190244062956352845848424236707961202738549677082586773092034373726753050835632260386311423655070732149234240439901893214473186537637603213311459595213842114355263601086212593375475388620096727534320463345309026773682271184073554398346896425359926235120936994809859630075791026085496378803057916425421249190265117569788458231344971766604585856558697049079675778809208366725418536554740803127588446552863494064676834963344838045652208465521232823180980423590637310008758855648174735220199634562190263073842723473317087545330509457477730677395769197930403032487457827379273983694629453468943025947733096804052675380848189677836402570813229827989713120774186064945203237275939248281218521280971200418675302293835952961509483059348770502234889167706908115613895215
473 5717807321379950570380991794461024360211449057685729232916068679110171648129691475010802458019808340835104599129900362631949506214055242541659884243156997389219789062451150195227649274424622076043740856418080408737123506177698093350610884494321321697162959333873033439884602228137458359273639955692144249928847935510574149579134742042134738303599611154771205470881052096549419334027874928793902335398880798090891894358949094323918064170840971805137705942198412803652026073981656736822969855350577851371382168041368432670711499404869606193111380654957708290821697153133271661106838300370685291173853798963211484312711320152028262838413328761546414861983622627161616976885048428147244558870792118749696167969346593410233770422099592954271062135362035186159274556219921058465090037782095993873499807273606695125
474 306168139636831485661593540649573447360675399821479709944962527016537889877648758200869169528354615286825850741205957883522153224031820797461042318951111235775817940572329183579267418833014869137186351100353890016058854113559258860143016951609480741766747080969523322249525119240662990247403887980161374799567074206538585025478482577835217981813013207940191931635878766164033056956322573267863170854983848671161852002785637397370987241507838436119645498676369910622820364282336295302253630907693561450715048552809361660648941052754019068317297777251925759740206268701312551976589168714707556362423464993877746558270655676674289166274603341465699656457717376192948216863714796643087450235583575955659499522136707482446467597796440001073154947330524087757766946481247002705348861572340076630538217335330008003310
475 16394500257948126715497090972578934260416254053240544346940508468746314162418659005371918760662674001593193807950725102028189356120041016491302640479203843512345727473654146639539490729007338042924516833262819455275545459035128854185782614697977016392667027979124296402150471428625728036933934048642350195668441563781125767929567869839641751970629923117964763889944410962757574366220164166263683036438867239435058784387056230673813790715060487787424572383440600646475842120634963926356139030676723078166710828951666139308344001792434103195689271780435514060797991698402822867996271167605301954850587296859491578636272357637052398839636038552750198968416437699634947168823190026440212469168561043637359701399633318802358480329698707817263860475041065964449674736907325391639991206178605385981413963011427459929005
476 877897974161301611081158237418776386024945457900641420955156250525089420735007498750867483494692189856504593324222723952717266302674057171665112932821896693089719137845085036237314789270710665340308596570545086571494904412737419700924677574000029540390881443545673719470315825473581258841975988226887181035880888226645246995439342627635487795860015401014375141538175418092487017684158179632148771284558863734067217602374512860970257004971797426129235723799613187764966196825788382914806057643285441207393810736509983473042556908978410887639106357442027372458179563297722389715609961616835011797267617192082848269066850939696577568603276514771053827890408791146667103822272894621922772730192219621661256097923093667396304760413472079724477629622698452279745497461896219176359191105530737915675555736296280548388255
477 47010790598133640988349456748450049923835162541243397982380719278167237820233397184697236881393937996096778029413521195978895403281117298520385967322494691881259050583328593756471359973974472616392801569475589791522456298069267888668918164133876120554915265467676273576582458007319502315551183215099822113538556355027884258137970830719780617912375331754086529034571809365918336327453509312068394976378042602060733733862984001911572168922796261708998035854468097891605818568988716721794806677841362218458361943433465500710663334963589620881117167424916524826427888965156339473541852815797334509995131694954723961058084768207971925664240410063769203527473699178110564366148454621404492851603661856449130493648869968004141416269346786511307287354666080845609932080307838726173371371684176336984662302660994770320008930
478 2517437372632354751153853924050056281229527658218072694970085745472561659569538530110249003028222336448313398968242522008075354016249757591164857224174900261532193881606514060752785789884172115012316061313022271700697469748988065992596475155091453459399527946222463125137409565110058209363862317360440324949812719796463143400523647394874821858686332204399870090121314796765950400890508640512596766944548300589653985901432843273537214100657893028549938660048671927810851014153830233981856274588097311773902858212500564925551779647227020887630824898577115761281952310354985549029534975771009869779118425690020423410885597918753267544786817513174272785448532379194528406704558747879236767518742816826424206092735311151925175104206210925646608459119919900852970953463333314246674186767009933110765895971908854582611917700
479 134811635022774597558745737201581500231126133892515037447690128050448361114792955173282734988312071501803550271606487908147303236080757183209811252035679295858632757690423561680145961357607662328391313954095322026958609649968466776817751463903053143726156335516264968744825107112348697930857682769392672677995848467447656901515239213036524329695738908541513759618514217682902169206918221328634884833988127975835305704450542668040820108190062317101091730987767350518652007979153510991253145244959487424319556305422951895577903785945262100968602820506677677839650317032939341981974119612687998143997063411552396345999415324569090682298019664411419559658197859063296490951121325980317995431430200156161941833140322005445314215734806025461799718605377951328571675462474530785511589067960703162283073351403330665388865891420
480 7219441897162218157528588717561369366819614265527069070177723651992910006541379613262036635160745711392677777972293870377620782996560844332911771455993090521463098923364544331199554465350160823223762180197442299811217695667897777072146213475584763976860175769366998911449990693542240536845886666989878191342870893833716359268177447139820314483306588022902782429308764245569480584390671829087477804419529520681170765073092995224301199089165237783219421983472091823286488608000125274059102887345021503403870321472272977655587287227431789804421673360014453955990710335263727554398838946217239509092283507175991793266074836205085349286284086801200291106959343676553871554019725767327479871139684431590984487940334053357040770413196093164877558402826192454208776536797654779178787385665484492145018619183920612361104494458995
481 386622738380834238437875466388203509293374848354100200058749315131591388534769559198743714740657761091255414376222202673178958561512799449903561231305342145250022204805263236969916428968116558329908996478720554404872188636079714095890775844404489511182351361384256128188417706897980889430123657518432612705115142213055609884469237891655010186876712633182880651628247549990553959887048643124025314170310045449747946913038209243917304069517916154660039219040935838328983840351112669472165918253521866744645829755912899204857428034390063229695819224704654347340412350680414482619997092467313767165843083927224581655818636701060862522798923512661197585618272129499629922751820781278775061494923363441103025632568867082332441782414029259027139954075069076117486634397255846827137632189575791790093988103608024620785076334333195
482 20705162621595590819833818420536581303907151290657758320165175581360512186701504460036257862151852572052190980386623399399528321616631944851287962635279590749013217561473245360323644758818649742314245438703657535806311763036987235763496316218820084709381713870479439158432219760844652160938229771662445860541960502076641680340104276808785068707354775542960642807702440814630445445245006040319778042990269181239093785436060805012382781931532198758967120400974889991271364195232935017233742278039832737004593396490712891998121894051992006187266316312918449115316625501770619181932662997743027382204322334655171327934312140095006733389199292295258081972673135336800551779912913169815641153118406299710342248447074202218217440709637973156742706055932670734294081204795716215413187411320229372672358590935373971656768911981475970
483 1108861626670517550808891119836552827828372499134027355315946431722799171733202766334949418996790767460153846044499073840563082811837790752716213402583955905621382854802450134282983546695661453516226779715709274103825011426008079250784044985116838497314432201285013916530871755196817537537545514887330189812954961951944156094026517609838046093050191099175916513547675073156152010580643112908183166643574947865190055656247902265355875783120465811550689857023146956511012065525996092648224691108690303352152121683518998952883400516087963747227950659376401346147648162098584385212210445834963062768346068509972664746563811748223138738393189796270458975704997071162153469919915002451840340802137976620580364371220756357327793650411484016479811276534394104407975563847838497378158560325031053884117399640316946540944217549164206450
484 59385919832810872746479542895610291168440656998448109777431157861030390738836978038335110955540031496920285144385834839700607832086138883421997677085581985426097423223551929207548074838054311056481486091543171419930611004581199228244393492264372790843011988409620682356053161022620534914293043229588918564907510209429105878103078463389108690519741006600695059746526660977580977670769551741859857881080727797095357801919829956251758639539277860978716896313011584547611504095680052482796538996016836626903747404572927423887540464098556110592178288237992382337607882653690851587186991004346970120519849852353076665852266674069429116828114179674810103596683320783403799445605206262567473436485557299622357967439670410896313420408872970074537491770961481440442967789520606429432096909575937696695361170522543916955335024335222883325
485 3180511826136841815594351228441170252076044911954346578063543269034313847828679427474084961858360602778610220187573560575750155570043866569977184769795041647285821308302831631356411849238883090824525905712967119146390769041950452521992582973882457013234908702640804860172247093728269756959860150715401613251663356982888690831644190289651982792263351840761609119981845983435806187558841362883185118391476421682245041346752222514410728282313826784893786852868708482825209279937847703666717516008009954942550107044964185037007124193210971227315656395973443464477569631953136623636822237448259016489625586374601568582047876923676819655393282425166374035630885665362069544039981374552711429908720192185326581325076882382359142212785297316235806911899059967849925912114532968719507572890882895002809356610216342507193338737738323526920
486 170340495153655107344751766613425956402531017544233944089144188211942643938294226600049213452096693153554732345795384291181765487151276769381938201653027250485154443452798363639500871141105361242835278284606403316087221206722230070760289323592560167432197836049666800475007723497965159872023687655063053111204500353816864217076787579597132189888287213343415372455620562602241671829194151425871832788206486442987563018529769284421563630662004129983462652366545694000347567378301895986981578504856700395862510611644031256898920122544101934584998369140810203134207252393859057849123252457289603250154539283365393492907611247102146323053627660728967042153946691106252042583725283930043231700729672848493351886710893156840501649600205929497071157988045199575897749612572175727002347693098403988319152616788148126169743800116645116757920
487 9123177597463122405731010792203186749695878648907252271955247099947306978946565386788860253133315405911188879830033421599658062073448835266081291495224726977893321904827083759356665830693588343421484007558717973420096336538277324832669862506954805496594382974357143627449977299345923609921506941080301929131433685981070006592012229434470520110463875632025877731851557341067303013736762882800496753697927617371737146152998540544543984309134665524003180304534527321260336452119659950115770260085347228401195901988587982599168370584066647077232323921365295143227235687071782406181407093105466369292094328681504796782616099602767883222848628158642683686584763232400550327070214187820690105608088265088533874747014135129233191155444056604267035533305510877192560607825947954031340157728632167742614429864069976044567686897386379137630695
488 488631720092561086872371460280951658637570206599268129250658346445613005415676668024591560002848756613410331007082926743450097231239105974275078911587892474873200142596572302396439986557434809331113244593298238083157558750290934719204073672776006948515100283174264905790650454007245008567043412682684660987660725645025009609141145075890212460088458541392161671879925424348273444205300834911450268064103179215010751073072028138313374210387561094907274146438626103057195135633460828600596416022518030450576761829510532721551263243130572839484109031343543249815967930430277684572686157647658636490594986972953999214508374549644784642089616201599340663228761508452882888593753989776506252613738412906677231180474577259270865038343072863668765428099109590856235567992755134544180543566040778737857565916802794759348196655457112849920663275
489 26171249438954706855381361420304813377379858781495466933008800547630818089164528432325472005126544129408077628716020264817685357042609948973950648767087154529157132371184392265345008809160221081026059829266513476800081773920457080174512327916353901498084342709953155586879071903860674055273823057522349872338844057185996186140274660017364654972390516899683558022671920417306402300753514275833560581009742178959641231170435423161817502781566725495389354737476353884437519593597982384440303283227460196547083384100554005253729655074732697589442699699018301040388856280089208191287311992614940735267219726297299237703962230808112422900141383809921441706463202989311250063174068391804933180289188607103662476901251081874832800810473789861898162619255357634610597082404047381531761264665641061904623005192623231101115134679577268510116150765
490 1401762704525480061877424190852025972865393933346433024779344488100634609649525801786013925717694686659958825511551597380358676009407353221144851329070863263534725376438417128042646754398280520061304611258781842405198819239019326308657165694124223328976048795217387226316681933905657013675804291649184840798242720890903861329312964972828559678767757060655478619349323648694036046707086381390238295160474449112248511752660912766743195233441535886117498397426031877073846057149611760102272165036237357447617705223864731148103525473228738581218073160251541820334951467970325395342383516001827079111925446937699513012755715604269051758170895238969774618190889227996994867515102769604164835092195151686389999251272912348820058561496280522758058524136586057028580789223678536596369270544410011422128019324244825496978571786868517020709965391870
491 75081295789660828437671403033993530856051674854114103269769589645891275323081405088143670103671296447334578636497707886460890557103868999207768694739935418677927884453139712354820567148004298322165436606285398801317405346489810192110254563068815271980762001331987828323978922984877257140909693303828280290355660709821768925442283295904597092254124402619788579598175993273743131918330824343489392788573298688913767640384816777187029803750112751530255712895316286255712587885382962820042295058508657201827860441005872406937341949846088381286082082008832000706838813367991110072918525762266126320130213717745375517172167123096219553033418483544627344804858066876892390108371551754620191546173676191958399686034511999277977850387314171066782789266489684547074521809915470493661946404497854613091551827656168157557740623417806989003809605240395
492 4021575278705285785511112537849778674731017406599611299266656458768059864534348540573304787113184430656223169058377075873118428029230098794718190907238415225351657833127258095764197267456409474130017791265571448182050839534146972304565158969844722914562555759250139616649500646741200436623107072824962336141737636529472291010832113566735665943306125475008480961598463646805374290133803086623904305740882274487311723539561596651474918864796178471112683216739785580876887697171851173098868484861600424149185964095110633793201510663952313978781687458121867832441464738559913541537975938149364712037481460177897380505515554826387130892971194558413934107713538735034594607250932557587172441018938630799448583551527235691980883803973281114195713244764376761017591311687694085711923683996340446203725339165029917622961027735244827186086969909803535
493 215410962662721244871788292116875239782605828063126212510537474624996958827414489209228808681257580639641901007224586105128775457492183300952155401924542027390889434568823805122158338432159562123277827774107228814855357029482749639487885201342057741673433425103623556740267979378758925465891993122999705188529488645448635777202908369226886505315184941408683503445079898874269216006173568417680205069910616440904485417390188837461196926233893307509562134306579600566791756006473993973786642089176451554969711917772868470268250476827986874008311666825102558273797310827272552018179337330388953459216605909420928622104697491591364456590920717410470539337960529521921927829645034283777913524231822111337522280632017333716333952026682350113066188960991685875634847405003470749021616266441338243892535371858574586027229556446674774782395573485381150
494 11538424891670769056556036421662548697534339840130291452839605458144358588662084425998601542954021101407010969520206716867577970088700914660789186113887689964025530780097512307368930878734246892403392193610792818016161786294522742685036207775949722700896311590184369525091571479949854323675361417423485163968230830360632732347979687985659904390617219257861447592788114342658074559978102065428634077736165135640843003962896843369083957120017830658072594084065044009933705296099737307678184232416050848341104992822706898913933782269204617615848841011017121691352268296749334132449497052489449125882711913714766072465586636541858905410915077542259443848672293004027353854434464862323705665761543291082543708243674651343200276147361488462622868128284768101573534915307056856535256063330731206222974827616561644990932594060806166641299931151049681980
495 618062438826917842084927945793128259718121460481025990691476888148383730806966027052575392199649867543739043512130367698970365847058461130258465527246790889833984708563830925162216197276461917811912160324353719996334681660384896262303360222364826101588184102028305362737270693275817478754172665294445028978209939971664416031949141016731190020051538639730743662351090642800273688807060690033173167790495731648257570716609969463803987330415782618207843719950556607520904946244675418607628549795539508179409099612057760462367623389743408896024257642258834183221736230852292499503277309946816185517547431612784516142625849253149772161657204184610557320007914481349029592781470873243550812981697977678253803635348804998206689956466703014599250874352212556774989880326655754411219072950117651638641788398120508419695865390308425377154217768446636919365
496 33107412849652523545616535882801404239206501176001969453832049451284706214305996401585675740181104643815845308933247654872707726333233929915082284647552379345048169856854034873644432515503073879921622520856856381824163980066789674831817202692354062818151825253036828144996518363461150635619271958668741514415439681831502046844555197733101696837725783291642340561266294783295146905120949499215829193996905249043352161552583065766995069592857021810803646217351665320788369118148839265862210285222170185844593854053679405176602207192199909807055001130306243466156998276994587603589154794204524759185439220715692677843481231803225541281253406130911966434799126613326341595595587065061229588365411599396319247058338163275314043343027776818701870087080076848383632453393487521353716632886526151876587421192231029281977369263769075245631816693057333812965
497 1773475440914766430825162345412248290935319868853443315655895623306290244524856305447937133225825302929513681585498267952122410845382713393963162938546656475025034573888840339716842005745299660320249922322351335234360759175629283093212249366181879879357277645438332944457868187246189463093513893766069721036223612645852919501614527815820257156870389836708908474501720942817216373824376876954262873016921497874583559229864343126547000133718960115626149167507676771505896904111576949703061514171762928769544354528782045011920550223551346321307590419701102103082858800191752015991095386891268037881812500473131967714648909136441536162393857014399807981618942598740978240892865564460635023626335552360123198982458092809244929521527950014323484180696691412258448843912367008066417492114039495234306748902339261763660743591848016707385742495530791271184185
498 95001863816423233272863225768517539366832901306743498347412007797235709694343536827308273922055973038309990723422357225339323130170583652623859214024593880641812952533573052202305122533426460839390297677445337811414408136747371795925505858455364988687286449400147360092181009272511093713001118572780144937770934360712650423035456567247892222295065113294598505591679466344763232722363904714158071763185122156416111431855912165028807690558594692890720265168207982998975277053504555371387143533073059574146065440912262941482155256760158715279752910487644958127004526435290086974316693096336977746476070193219111048014376767390226134032298093515690805923740573036278468412425142179044741149363745759505763924543433675554824244181022370862635035708966856488602285083744982037372393415936610070522104755903788980162313091025066296667583232522736241868413750
499 5089159439885183331858841356508695352997891090032854921210147198379223524277833138548963072020995791042155179751120870647946547402067855966027620943565137528221434604407728999024973548929218866718064983338177166237014615837274784226036819546351498789194384906801386170675956388150670101990705280624908812734274635541376809690737190161936549602230099893219533772058862964086824608208616920221129333265344811504891331377164784395999307680971497953005224253553216081386476280275084765777694914851067254658918422167219541808560822860577816307316890011099371698326247615244199053328903009058408561847219843009664129068927146809798742318519992280617126667358033197878415878245086068635870126194854881859527748477729948979879903741155249837523726716854132047115202493885151104839875015936149206379481863360862100443404070703441663483608193267912552400660332904
500 272625795282115616672321494172636049637730801314669330060771369724015999163266795551953435097554163453233558642877798819419824201846238304430828403329157935260683862001369480632038285172801863292167473182740265707891627563158462682233120288882146349922403117753378595015590688302276031027839308298870869695599361516723052391747721140271761091805301613300156240250427190841231608203098505264806946687154333112105455238244013658501248062526281369643015152288325893883169924148661127878543567361976040516507738466552991845448394723781604731104845724737343544613535799768968452290905310930169110442926739032994506105663041873855886897728183112185578016789354977286433894258218817194487236062698160126911805416090267013234309666655437656757502580631809423274623473211220377933570511313152994690733787697705174599383787790419569841129942184440104932864502703087
501 14604771367856261984926802667218923777647928126242470367232785554478970963260562531773220945813995889093873248996853435502977428815568078802667075714266707582013449825777768567443666610574977299166607079602144984856574072915353600273162215665975832546694420453220170171870386706394614868662272612668623540010422258569068742604740214035199910204009659192058796286267027405529305877332232194125708050413902559099359811086625771631933715586193073275802434377419464423675736164663121477195563793134323690658082808423420473723490600614464199896859461120639918575300448830061302954944344599330901236604186343972177433052515178355883913346479250571125330525993532290535782888135171897279413314188971359592047672325528797653412969074920594896941477828298235886708851874618631787281054040433690566605199711899441732011475913311428273788782066166439573860308126038212
502 782401151858158700252596069230432618383435715614980934748096167137468215499920755863186314903222875890198893052705799703657109169278821626309409844386423637799059654458929133932798230644723708308848093942894618065155729558777307937748085809982191327388871458639053436441454911967833145898495925014958482420451053719788937165425866208795464597560215702072635483135346834180752208170150857804152941419199109008006868664451873549885755758635551306459104106911254546583258655102952190450416644919791814928862823513360484517447280827404958122025546301025506887062781679896251533088911215715221360031976979492700822773052686378276475152512528764089972303336139566213620020383492369479971882776442387779433840712110459545637867821934444889444416377156172007242762757849065196458455941223524568399893677716852518778685305733059867837492112290844451636498097441419672
503 41915154716911254590591722068415982994724789915112202730488434065908058914655422082111059670718837091548620029679106541772536501723721711034219872446016563952349825504152037944823088826118716046925031537309816176322783048334621920413528096399286937572713085197894513464403285609216921162981437627776019635016453940921077814181595563468316806270948057303281203611433080729883403880095124166231081516631518232710348545999948244785911498995419405734292380524471547597711464288465059155130482346202227262099815555445495337517676436263097996300128791090501636299009770103594133695246671021133261341741681247888392170340854074350739513477711149678073299623262252255398062629604818971681240632871269411350455610002486641344788210461690798557802358552202403954609646211666160773868407988855963905986298466774093311860411122963846505694996014412666594408370589932203580
504 2245533366294356507468970715621578310891624424678671950572501458861860191017993751816011758512654013117315994174795602106636118688933996455248308240301383611401863983511884799983341522194339756999717321740078341035320386607155249921743096543656857394355301647659333091539477147182336466742158323949099436847595424919009907643035670596668602739840508355550827518080843171620910210903987710273509733785493892344892703482192285158417776775604072608740031269958352049154140003184010692938560635483533306137669973633357218030619199393894737138635183414842919202025319422276278471965991850502801105317152560705620702293573206878352638927997488166844453173737877476476188724361964087583752423808307649089269048986771462229766380475279812597509043358205190551601998317339937634750786458858727583315984844195200449293249627410659384621826054005380564422898808420320431423
505 120302532884057072444980908461045047268918718310176414508742829011428400019505068961531448054759834171570711252013137203916809955384757081108190172238931854560534667840592854401676464950564894265270812757997296204160870022105275696829952096528933900883495744662907475323859796158515451878357335698412087059708806665544080607593273872963750007966027841809223151649570738619614432246759198687396684007991088798473661612990378132196801890192552763481083928935253812683775833951834436632645096587738978940813522636321963787042959702176702311372406372568646436126367063498299383963522998519699894768361508595437419358654641402236383926784170902684293455888096819785036800188389265261200274684745707099545793840544182122963175141106734198797574392227850511944964022099414716894571974897930831061891586538834762169192323010153266052358523208270751890854410977822818000813
506 6445206291697529971246494490924560259683856223423100519610606727991362908662321351626135399706072152028688730144662312372771737196018631433234902505535668278831202751210305223626454218428966242518424982992449554137381494611593516248223702865716440569922636510007123367025735954555226761516591265719678779199943116651691820158605012542306586590765383054028494574777595861208561157765622574007320917035975645005560697343115252114268163698511677183369216548896744653542421511711216940386722926982459338277812761072127993558377135732950894502475222355794517573812532718286019390777081387115567626641672839095786885827551199119164019654975736262831572938001380378363084381363655305869264923813682530255720109308004018232946299815221652726896355188779763786288155899822270429043539174763213006054832925370245150481045105413886401209299094248884790642678856802830563333118
507 345307204326838018436151171933751051907113362032105284737885866613084242630567895177332577574232680779423685613258442672659542473538955785000792839979042896823118083197964523317550317941060016433658169438861803878585507747513558391191027789698852297882134508355170048774641831853830553019504089735926915430844862053599229829930712939707745287777163583817705413058400265345987428443466825357913995518433443550248330517993131148268623540694662170079030999692398444942586723310615395228652512272765559419884609543164865618306032278261746117315649878971833697368589037662950842547347582102681607479964644743378120521290942706317851408735771880574461676266236496086368898261366020259344675642290047767198232773283047996179518340272740605965152201445404380447214413065083763961700463398330753910013242515643750953692217207856685131857305117793136487924453553606046327729153
508 18500403283290271341459515321678762752415550985568416713684174904951030032915853506323307996829959131335512544206087287853621999681287798445725009763953979138085830043363876601724875725156237062839831737989387800387524334880148997673571064599431298941186995251856347960546488245542018209746321414953173265906934725062702448458871733638088370868559867376289000111993397901076042272370448058501509049807814383247279356798505166734468893171990250079412216469664561786845125153463069832268459255408005395889542694581336435226123100820009621925512059344922956129513490036041329541547851197337549168647625237865424717894972161616636166763117888965054892518780543008204654583493104257550837914191482602082445821511306225577222686843445830019346627582594501827023949374784071408013523320732707749464752333760326741357222666147765246011815577475645743322249464342826358064571255
509 991204955026458298285202986768149197230593887495062286797560937726829918868111431101040691390282413907410147566779032884619355370170052495927019180557618723685698804856062047189063488265139496355752029966910542982329264819145591711985232403712015369215358059906178985043133005996859379641767098646119525340115042712841696290358685291933688055881974372822561385128805179555289853392586934587490080980814823854786780807579310226965936584688413809926461869710576340559175131958959271974525431825311312865938836217829288832915261063940993586714284357256843746407327517639647252447909230043122707634180873639806765743731363061748207530424089030930810429911690887677941611803192936540884799885461389938238352253721088220009173832989759253950849405444625462748583412364856662752958140422766413893669608712448801323660421661039859963763651801600224678632374683458980040835217770
510 53107079576562265514179331235514173795602439642469854884267307836756787685060397231709938349032430892484483325912922102046449201438625498843473521592932266579880002218970328299684834868076614580162412150956474847664667795829330909278828496987668639848211266051925967850266072956162650459699608539147143141664609743548881469204308625931741033944462816302956499601454469873604851664119262934958796981769899420711586272838132951997222831512818858796497461576936831296379231828771789375608755159145793995702973207491553329530727492960683963658841727817575423912035300586340650347161279266567968433245506688332370597708969910895881557726067594722409925932490788844231523399296511744911837939760170209338186570133055586843608327770797567101062118173816968095910093403234766590263922727758482298480858527062701268064987950135105674888896959053645001465162949822046117964595850388
511 2845430846170416803684044685611192286825530552012542056225331228078180535172990711982490471013395338014177407998265020140276177481231502262481442232922737699491149034658375167388856818381903445277371720609528716984921981956048464965636557437299827733921634015305073991247081756685282099756735111202782127870022589470750936263512431909171630051701290569467697380910645396187776640228559621572384395735573086445637874647937337145057176110809493801554441260724868944929175622157248274581300061403835233452271169766614534876325814993419064208151177562494594213973125184815903914978341503950472965055118510263910788683076643082390409430327939562844264262643704175400236947129169619608750237702238417896020216297104769015821739691049433441753237800173752705875815481086516734516884305958633333010136735853870151946839574833678819908721511931080544320044829427666900459086621736463
512 152458023426200381420817900447264026593857329426167834758975474077548360117779427610309057325752421893930710346026889795484930053578347556751544366707334049806531725840910030700450422616349184225353797573176599883271138648418221802889443058065432435063662935688444375399660826218035052781042661820675386812743015044119483768295800654361333469784679142714154924722178792231007439408332576573297889915988823167841998803299052906021446527277569512774622714274295394836648529681693147985158985066343768389880103683691502606260798886106613609050882227660073967504278082238101785036849702202043704810837609605540110989493554813007619816704519762646523438447179502638452975283320021918927581280117986344799300563818870587929862239376421961032099263467091092242018594328484922143302659661893275109573097382420922820423598635938115545477026152156690556501406623506574355673835585553225
513 8168816550823804929294913910836133644523570652603742140730426536683577646109206611850450030358662462441856383674476301781130279742914034827633324127361723445917685165732882989967979098930697049008790278053224079093988111299417403439270086766527144939502871784468889203893620784173088263965639012335033720799522250106856355637487005031730797442383979425303057307598861485071844485878407436157427137920899822677168748374546706893677005778224733835808690953600688765658072564462813382107394841367357348246186897103813829924060729861470668127587834294130081792738309031053038460696105329772434862458537988750921206285402720090860203203624196500389300121650709297198575495091360508816312265991159345795372552480233022106082396194018849740618172081825814404217562206830030335077228485026590664665736040709363714166777320460392573985853096121640943136119265530013267320453104148862665
514 437698021926955780055233773182064353677032852700077071885670727774565274335310508364965747753200739973085710078744067613256823778227266793934687101267696926718843121544265334607743094099615171004988265612320410698108627477621347231312384626799907317792786427532573341893669925175687359828962874258308379280313662854767816331333239908059196155095121377717293935442189189831598136082300713987243366286635675081830259352151331412718201576508479836689057031178247159314021237211780705712061219556203292188575384382711995914635165364697916728883658260758096384359805454404932078720735804463057193713719098585739867370869813524555011878508856130380786031260390523832289207774509988426703715427814787249105669791825451732306374018907302919571985208524043621986526253807701841403521324375664930642597341433501904099871502672713966838356132223485042009699910939709989873442347169743076534
515 23452901624344155332027428018608536375748245235842698636959634375372644621530174451249591077594703127288575616937042596280538669025429906654120972840733083803379016305498615834916369027651852541914262621236155080786864985916763176175317543758786685109110754637679941740262427607719934207808366997453726073032171503984932025131844287218506386802248843996529012898790926556145824293358660895985999406479179038069568558940788049104789437714976375897347371749372883738605012630929509274190336546620395625329294490820929908489586447372900478995862502638581544147491732012711832311724815784412807430219680139084079634085359326236324664297586401489667143681153202208622580283726250018088601839606868752895192990578565738916941078946931829985495807213680105786260736038838772471286754046636831679869490187378498526349581349707532076469852728981113428133041338306909754514212028192635972842
516 1256681181093284275868918609139681307051798629567070557028582316512292119869593390208626562983354245267507715067401307103483154352068487275817841988273903118905887834046210775733498165757150381402432251709205360550522235860785514261386665746420947313697710867927248605024955649289201957154969091368454685578713329033790461627797095113605286811739257456072158101658479476278577001916811886988477361583497160704826221139648391607316237206500360688550587248714150965548539616079788446838516842887194063780335474516485656453505004055542705541009121415040955361293711379397361634522363965906756895635114835313988240297706113042832846647861792270706508987686926855302277575963521475288177435427472919810415575707635048579237886642211536986625028991474851865347572051886732241007724523147930865354100341606065827534646499144788631944854855340813465638615587433348224142130520554696772611407
517 67337989822238805530907686212475274926455639257823884213575737237398862129407210561139869624431940752863368920862281035950128652776851647349054990451636645966915402833929484532686802428556340904529760949629232730288314842643301003715243752091958931673719486540232954970946703499287862201263404106250118319167269713442537495116090969226207974458168495915925688285143666635121169497752423396894623395155926969761908924586616202271389590547816674669485130053051686378068743564619781993521399148176051331365768918423406011223433054277137547959979931650256664226126326514361039939042611146148434819727518646388585713417241702119215748602242655569466016199737725664539833297392629094617521677518806525028888890160977404104506659899186644370003429802364323579757211162148002534220300061486981018355666133164384831601105188753825044673326652565344816200008547887299225672146285400718137157296
518 3608291914347089449791668973311774597289504258520824638633833839243585570756816819340917787248354349636200146521462590598218764908831048016206804057134988308774444011773631895056506878384999731373988725981658257221150179816397077989631485517983445857873747556802792912726998230478059345198085797169116522621299219763544695784671619582020108314197006563318619903097083214273756992352759001293453685928118940785202268532121680055206660191727331577423378576123265524981349166688868249345876790014580222849077707270986075835761519978606990344541693982373096830604335621390043280343159380356138260512065527648942449452008910319091902072941207080709125133084417464229484227710660318796607291637647815905427353610241839059687130531715907959087104615756597562315848244699678262611248854098865521746637281142495160201040111861664302747223869081361500718600961453146676458549290949345591811797840
519 193352431989565206618351186457403336195750409417365001765699023790108506143779664760718917255700034715520367886742267683627702140666104565041887599917087735316609840633887533648067330718381089235804805665132556295954901692311135956566776234530321134594343484538687746770318318642285276476774630907016492449092729726331002673272981184807936258117525451605493019321597208966036110934713059434294321473600684430874808739003547524594105274529157416074265293290151966638405905433665361170879174047824621683193502071301764730011227482921094295978244580840152509781525272238031963423286064432798885856091551673964451369993735583882628611616205128447519141551918420852321203049410762096530598293611051942089362598076993026389401459008724301331976359710432338426606410328838273171660615430769833196376200272682748910200318872182554204981599968626072964288449379254028557372354172668429784411612783
520 10361056558912114238273537611544409652793859616594208397091993827524692969051405273417372599979602918294506003786329130508484757091668011881602728354367018717179256464634347695399291185264041119042686189533145587113121586448436930125822998330512661751395995371952344476085577901637224854573760799616104824922795033873227669184724699668140523534308354705304248344494402675745730246448277950303541978468464679437860513072963904928933543858401567206344672326410391157517639544776979570004072466256123226638593181562780175324006650026228372613557174532488505941741460830461980671454266548065276693775426409581413030423754778572869792840285020378981027685159136823970313548806547358098734557973688120646036469997560058256886145102556820495411489729475220193888404050866318006567820715643675385055886210259879916409816065940636958702755047792311671240703410941713665533186076325659197343190072029
521 555219686744659584464222883080340251921334517376870437071560263915257363201991193898576677825027577110825351096877130895155905626785801933238988158521654464339760207200770246138322145729757749673479012845758449945183344855139300915407406436007642470943824541289199255592731619913883160211821779727373048414837982709100736777401916035225475436066835152363878668755824625201297713005700411973316110685803265231545232315003262119238165397828260530649190672292151914146738637263427171516898144955494185200050041920082223211171349040338726368822869851139572806962327238949754521504302540416254310221271964623515815648322433768139871207661370365149315906702363411492144811836595652384271129591130329268888156342170639011837973109863130115234917223993737727535872623538577584788945475212625164439235599356560111787645262866287889698971834189992114609883499743157049824001067321626074212773908499139
522 29753088318517347139607281750561624722184814135358817108857512886961936054501924840464694279190098696989588413842605886933810719199185525155075458838133560415176607824218077407939469964835839312607631985070703017735225972976309917214148017283496440745194245757226155955321579967015414028635700044742778578820720007482447849244832307529993982237430598949490821417561265206760523842292567151047839334036214914578603828742670875874242711956165574019879627618114489736984917262408360594556389896923194599861991259820452077917550190865031930605942317453474963040286033550896503706864065231480245231010951608095731578332803457740351975898264130590536057251370997120328545878161879934331722419443680518024412142223393786248354433086023908452879217044800183163119010550216247269014002605685302475497859978538000528490729318283628534378258144994878499541649527674235086814299950122849814436540825742626
523 1594430538899699974098783385115092394323453784955651781141889638553443894193017281669417576130176231233934795161509536439949801704189899211847565676969298841475262754412734386329256854081718407444078345968684439243413383479995712854214999391128013788507473973122524483460522151501204557892322990780071479229287515278365634816617408604351429317507877236906667579051691235684806018832896454680323881685667823729886646683115127815732819241253680560169963346951866603374353079889149170006639691759330419833299435774171972572344244711000009139335254658744187518757077060949370438095744922664280050001683067177592846733849961007623626906834754365805709831355834940573650061553240596942178551693899584150494160659111070902533415132415311777683389533980704805026459826388461655973550938752114195797912630865054825519269759954613814925766869483116653837758818684973481724808585338711803529138053864590425
524 85444771032455054968174700711690038403585312471472269423237412001456967949993006321691308005359775522055436620380737304262986153744353541323212489078851861691732620576812329216703085012600536404137740389058095520720764541613154353512069438784063038597806716745808107188189104180775834160141291696904358225665628619714685551203774406904044511431425132228704622378912214219077524258432800544357863888981745210814889792992508576837314522142972459920537085333966815979908641600426446485152682595294332753150854078762777946942295055325713401342408537110493559882136996133852913144372348494248843912917354293029121095152538461214656403180032514111621797333440222453908297608907746654102073736937967410749003157709189936993858635220452346710010509305534148967135260787922404437170368788919384116904074398029214205973000079403190211147003455809000821793801168736901914929739257711291175169399664000242321
525 4579010993594580367793647535074950064718740987590993296053860378329141236939955375875434358678748144095335934740642086753557308899573883640734758968823471820749120913750211899487968240739868332036025247577072661702239885817846599419187165011160199064777233933305559335611917700595811533929508489561078384920978519546541643381733316577160182958369839642679147994502614122580584071937889297540664806044590506434636041215832030249126486178135474097602910343714070161721242198064367619012617424426228922027353372135338162709411119689103604349008309800036912606624104241830464489210545281556617087652188518344202590236798937399101585269637727264498967970246891844213722433538441417902688824505348385245087787817916618270828640564462451709558991981090511014361140257718722036517609377767544937135305982422793394176775522649505409335140881386845034917834095165360398399237300376180022771129997721737377898
526 245394128757600203267934278153222978904968213167941054381985654750322549132684935403582854250420241513850942741118256266125118624595204827434136494052554255572645077643238219586850450814944099190217754341412186622911625020203615906224513738597908007520188040124961713992000777302750491339796827423567193834098780885509111570348631512015875490757035358654696432637792208975555130051731279749198134179743305124447867092177576294883864847645356247361813182723730105414191239894532942008930888383306517745265814108189121743938970319325223619247225165714918844852736899245817305694227781660364718755420783945397544315482298551479358802936429737538772703736317153969676189149437355814610141812725412726356201333798452336513440739864622971143032422148389540407294980399809687351240941368838339696256565019064444040987971010049108189863699583553000578311173458175531903532405832361097508041685995924547217748
527 13151125157599742831105478028787740249812573339495322843975373469346425074957504316141778724499450211513837968599932156715450374626835955990183955214718472064373568072369611884732007873902860264925697144701512398282631059502632732759959132267064995088463044079309905395012437882698534738556639094615380672583773444023160717702517912880546449393887421794913482155455682376426790359206342070770175210847362110197898719824983494952766168825665506415369451478440788262517072656187092634660481771252893569852013009324150014191843580880500517918181429171061784763295180440881994801388382113074483834406749338481508779039781998264693260628421842308095658867012807682116366311363989251986553170537556090652307355555953732897511510605600252723916864737900763221197864961555177300241266808112795714288226081656128808554878072095460099571185883747331094223234164361932245199044893609520902194425469350219660999838
528 704803240493933126759286374151790868030100465791289123618581501580470099538375755894264015331023127121325749734998040075063328673394298734727220815467784463865844626285725428494375162980013803733608939072265590131127283380186728541198552252059490507386723954214801745563774279334535672862990188300435592896135185769440569461239477665698393040056218666204174376004117693315334687232496045862146454865352165117833304738429662765936232963818502005870458438699594293829071722394300432560530471041682013427603095742070602952970933862973013401490739492385317097720588277208102771864065450605701414750414769083224557565414329704637337705511174801744569414880455536205993668426471961976795963972290338315450785433606442392619153076663762121491699002631709185188467849516187740385052263854376940419690226466740246916985968143550996273803628869874893004892635675247714798170142123963022010643818892802614799358345
529 37772792064309678736212015797239045018182520426466648782670875089540898144078039447314639630080086642429790261976336405348625170717028847998849387962159207646898981020786583642275120479341660382591484628398952955265541051824560031997948036136754239183377995526611103735399122371303407324784396368359512327216030473669856686165556869856953954961996799693562618705048848369557523143180316569444383198161909452648028061689316673807188662612987920995333597822042381916000127991329878932607479344614356019453144615607021926680622497293813167008299442919710392969307708449040250203148106102295280701001223954218389862486363937972069020235464486176530803174042932003538167820558298233726898877643540018862137187470933931590278241974809987902647716505044744015448152040512460675155196108480059649078594333912462537449925746585472310135870367673823334661982446960280832933395530549079171581125849467187356161576037
530 2024400680670907093803662314815540589993699451766885589807232648055685085503373095584180019830678050254803127613881243499362152801341734420002997675624587823944039691458990162734846306318761307578525520444685313311759515560548455116487666370067066459540178331450166573892137755563464204055079001692010675403456721360710087885950290492027565617326712026052578687024447297703487818282665327100708119050685771112060347561312769003503776391617673913914106467740488180342899526520826600377267193901552370872792245445631662494637361764253731710238573381342885183109742696297595379541568036830905978907158356648103262195108905993476035550330846332224571156027916629481325521345924579565704167258744950489961386752338318329656701508899491735412611438232793540889182138957741163032571078255346016645283531323940610866158106281150109410500931193935703669798743613912909115885365628050575602795077107889656081059452542
531 108497574409387077595995671026896456409144913765982522504319738376357344919118630304822339382102576938625764189394860183820354542062542979692071821995911376482838646319040364315105556096054327171261007503575379564351524731819767230248720545504592217629253896581565865175427309510986874820292313436489744127513725514181916280549055563331591267223491974221697042080565135721986393477978047221607384412511492294142293735984124851567907072541974907032746125680105997058475044534364001475399602741330929477266190301226387092301935609336239891994250121149469918104845962870083191007525523425128894937540389502793895383080637793402869898847773061383537466493644235414144521582270676626822527411001113301183514375723466156457169896982632865449526127146993071988076671466487817603516522341746554662641051196577539743449188457773689434284070728215372874016654942262321892226268633169612643670855010410176998954076256812
532 5815000121474529042490056888336470933829143414072644532294723774349559458771069711574336901675011653635036211035828034613062570987467320996564482970424498427981089455892994530311814166895405507769403048020211158940137366666712772109567792737048936040065284100589467213712037556891934180124210028738283414592830856629466949682961126256364603064305695674234729158465072235820598480754860283532386899579220972537003911740580595427042158281057574554595566105624752572865699221275592245148148164111175323087242598861031370288647399178011947110697835507265904749811502303477216182341104213483478822719893285100180495288755258009541979539162908109142175177517522173025709832331686658343300430779899781604102058627380874421900057200769049799291791062258674196598758534632430965525632751040895435787433637041362230029051144767494176219212203366718726640253523661636432449539108181676869184662714264177588272429343243587
533 311663216622349663968803432603731536427442815380628994572864395985647679700028411958911941578999265969440900178549558986481296797693102131210287388283421309810097862725876587113978529829950322875957413849643843426890279246156843023442131522019068884836567286711549655468137875672684578993852621936025866440094759667588183119391389266237857167480120182265263080151555972898786658951927809906897637591354257823766789834643500104996117168409284098518829670044283308132368816342407187557241867231082772761074330983376491393179378218969270523696541321982746353134701567225145879163841941942944124638195616577893472650730230149222076322465246218618313236708230834585186230940809428260083726503862695285557144688101784565477109872453564543914404080893769335741780027148192088253136636018292904032166220075805766408763719054009745998322915121134023902915879542359764031766962590570076219656781857913356189181996223467820
534 16704268714997198253881551581176190725078094056839318827648619834783155661644887298696074212274346980452582786287414212394541332829992242218633669308123825068679029747422971576080578767079684513437771694390870588791327389808968014412153632231963308486788723323876308420684117575889139731209374735912292106679228428552496066191672209174723651497485891861131188174722062635550320111169654333343371690695277756455065932815563073158857652237984157613752121465659232485739556455015811759726518403454441995699541494066982834239379283738081216536740545966450684508038387910236472525451984406702737458394305660307431340877146502673259948912157754621217020619407362599836411949064284339183668346019235825622448006051289787640459555121824010212358932080581040913897307680764233822146553646607611054383234430570642186697639689159381908132733320803980936339060345554649115256305784873250102705743023617074209528058380413724520
535 895314179267896575213819401987617739041455676868119626089011718205567298141570187616247109048547842555444249624818356738516352923655611415357291566501330230314866816979248114493613459915713169168501932759333055845429181476449267318836390695006336305711165498394506778921669796170580751417743679245774894916204077369880180858137593764020106673071952026498367969157430138639658925269149154694371100429238230707282277562771889519692728152543133951610487990454894239590109913433790169795721241539085825269022086305738510559751192151331343292823616057334146059582769677677845689911190188127516043976399862771281553839454792182694437491072403467855312207567214833682513004950651470471618918287280824269883991653810108569798555970560166814602203107589797233880863848568539174638432406830233105516767479025674673298745796059823093636290781272725968082625521329192343314172288742600789531618667699067970785644479527691461762
536 47987653080782830868444225947550241044186522369742986391103070746857285121472058850813723162114249665680239001230914771870606112326597954568425660674934357888468059881066713924095049231362377108350873650904335009188539768744001031211164274584273128575532682575093379904532243821899866629609815855378194649601834514278560663185315438617306096493060776059952930933088542680356313189468835594064598000851594312434411598924341077571964936937202503769084082986398051000645328338219797247159900962483616686920251773974951443428817637003789576937990634257420837234496819033674654756981366188150691359373877281398116996609463394092534150378847829824261970057922565014901126717625238190812819538237775574414227626116527052017083717361996852253167075901032892280794889400399097418253917701904952545797386301084151526366427210204383686400313112499881423528223098731079547620968527485532341404121310287700918520387150700676062287
537 2572110303278691591742785512123705415488909825471380081925915956241980912040514596986795123669948755482115361192764639688417657059627693081377655530756339364460208647640144543834550709568017238974928749924378611870425386352095621166320544381189212181519568299056866061022080828342951031581529827283630191480727871063384971716126669574241758961087698669871646477382106831101736199042295727103302390308353787673913330604187499544056022108907698186922334095734182345147713126478746033277484983823951289237559030806735185094366413314387903919683143302740664698041992618678814348908812283077040683087778436874878965905233820879954194621559072379744231676800205830841176922800973325762796099055006979040815079040840689467842750923707144793218753807518602293134107464923111090813831597526498230065798575155391988073844682984035658900332654160257508995914307744088441625179387738600557813875954054014865679930055302571004376965
538 137865523997699008618026168072391110810014784322157247460958762026937330011634332179669282996900489656289312547241526344263521580182749554278128242713074140738537941695532244744837521553594914830987507583675057031629722887138168521253279204285100039310354004473624459047606862262731549976369486136658324690012872091716418229134199373712397941901504687980023964608144593796956944612952261206512224799969493282414119834725543599355872228710757737333976850794340222257324288611633885655422286332111420697735308942060444458737588049727902664575945245160370582592613683657911940460628444190965160951225872277220798189625389442224729422558797982130732208548468820371719117349080073117492019399343743275433283593164860400560794705793867571556407249356986249714803849737094124477008366189155536417525967316321464760317923859750497118773944497526143581644195478342242622483763802732412584671550078104380253196809695702473389872910
539 7389716007644562835311299510907683546472900099182845009045445808273249231323738780429746858674061300198536065438570585232476834129796174599448664874652926259188961274024798056033819954742001637665647743304890964001004624686345704287388896365423008657425126435340915044423795141331337002128572583398093197664406856871895301525887554066834708404888769738048058861991856505314705444781595484689347371997148153125124932459920661658636038287134846215032662455888142691934221442618851722170439951598778692791975280404473462046538764845484490221729124246397565935491119937280842634372846241590480033048909226762536195604101780875835936923216373275805257487960895239271991612082391630954216461527479028121643703478152073292168261951523235575120660882264816950160201374817565888967267748333338266089598424821715061022255832993838185353826970152759150982249191864680783798248763234825890487923636223450067099615523226706621443442581
540 396100859524581805566314462557463274806440883509711674526202590253052775070874463096809895394648607620582505475968640755748478220495624388046179638635872896889245772235573488889399632627167564308045039965238161355782952147817943342989421484643464347005491276531930719891205161404753200429409499907529950005747047036541446964387283109522940406133278633824045916397652242644480218805486472514132938154285676739040661759038696927426566418892348770185001320364334605791965347649102831659964015415154723660992778848275339524440102820179519287753078326966321524323766874910768049602511326683362530855701247110856061089623192094149139090277241210528368885023766890986452194206050704399425667268457899413624615983783459005752527800005102347816614060255988462803641875430271840875242382976994919956293414000955689280562049733014104349864479276561705532041764426569111926855247644907240130301918493907686058208514876499754968235986383
541 21231944137032504968401822252715909171181136999413531608605080877179612050333206461288410275568074131760793692027146426885993307331154978136165466010256419204816621579211507290701734560693437349256287837572804298296058420447061593973054584605007030844544301752105657420358460886162579751937689525899778016620311278475952822589267706163678657035873171968437707242002787419647197010516974856427470578188282180065945782366772987137690513423719944238189889313146640908802654487813643289534971974492609605434511636013054206020945648331607561011383213647033888611592915132394608726216986439872994977478323076241159663778285017780038565890538997030179656505655057271480043962253408823472265010516011629436988395607257245345135431946328030363591477284381035272703956368905260896848565517952180913178357066439811699615974942571127245435631836002545777107783197513701820699446039645213151159807540581963947043656565293491417096965500018
542 1138098001396776576486626646427766837928325983247783981998198322479311412916293982553058340810082376420170880706557194259778383079698880625750292931386086428065599405264462792226032639275295304870774432309629185377806494870863578405088369930072213875180134360234598496989613975565650090749801084707194174633091160457674116693383604683303166384172185137947045774242873880365790211386495118935496972057970091579113071577889887010673994364862460331609985459165265699888860338369494620843257579660391683555147559634690341601941597017682288634960728568423346749533363517226365754420847727575568043782997560617861623883875365191934595229518877089841417238943948255760652951357034859945036494591317587401411932664822680849756133571102316344027531667758112266018594495201698086086704416481926737244783026834633094233335998767001380022496562148771372045886009424039729273345120951710194952394943259193531249313810649820058142616040384164
543 61006408223741025897269025044133554356586033092588100113492634530146254421924883330215057493190521114424398750299338240647715928405394831527938353262790314346465058723515058579936579009913458588013060313042695811847197548039813151551890796334274163138145849410149286872383942980449672479697194206779546775893337431058908941073046387836928997243183411259243035664638687742098792935409969919941411967401662185044138380083305539002527313309121671373711382471902140455115927267844747165285565348459592762217161641749630068855492758440402757287001657531549264429170038667164109354877362945692028414548124716670791120606882339476564785785083544312743779032163839813536597997391726276753453239738974258604007176428589121156732245872332671170113442578806296642771473506455762820291464579721810252585472749700355100036451416950338872014993879025017862888375230119510806971294691416170039497566430323984338992754569381601716754272952351535
544 3270221192214320283822331127612266480826992678237097348165627180575976724762465745285698708665582362450616170985346974112434856862281112484149188624651274073836841156535122999366641114410203408660235258602849491391028281731255700521403245066967319554488493837066625218933879495848520117062682269924022590731479642006237693233022904262615562751014067678601821255272171596523646933058934687944811851870617099030851304092965538845530425303948276877428785256078193028399951136081687369558221648445336887189145563092609843241349858677875687699858642460728839794037274631588014023449528599893033656263993683324942994973659685584428083066563022188858735868144642777955423111011778832858325534127604278549979044470499091152531305324520832820244040929687229203324203641473966028394557587069861544463919496134422439515471990095278199311705539034917502261139230657868543153339197907627043845010115218677233411542416846324999398084587442054577
545 175301105727359306123511145961111366154274542272334926398344488225497134043824789066003464202559439507726942567628476191378807996151631908111960262056036160596133750810865144799392678091006988425370808741186385970326938678018698261878368950618107908932911723348712784075547070951984039614731372430322717010215718463606010590893454229114373357179688751262476068396627810928370285479168822858390109121040435625292736611092313597064340412723813299148899291924937222326024113623570379264356751524126021521473099414966165670716791607030097964122865239894364051386993536600469939571350330358051638056784680854542497913158100727680848116564947466306057328752018794909819182324704867988980512358422610862516434854592813953001531069463372810917379206300115526294805131568605311399499927804388669291407602438462200256318490609183025519883693411176789396887062987250316638234498299958025447926161248379571708373161623447410131731311081554761001
546 9397190167924406120483870663013695942167767676087560811380650249386231905917531163514163030721732762549266981859367214760905006167179831154681509564804349506788974769230969426716850306802541871779118819713595449290669936828528648800215222617380456794869755074532450101708536913084697826659044865612888214904977244527555472823417929187411017182075493851133716726142408634064161205847430097075243556589390676852501609474148846653541905620963317205790838085911813892374792059223849842984038948281952292943049990514060914552572870985383861229190048518047657034031146500790930379789163627793163243909230714178118896886947454507529912397627348688309133315166068818104572831383175609648913502841523370950522109463168913929292329640741757524591660268652559387913867392675636422518508408376869335612224607299861054855738234378338178053000455658646461660535020495046231631025654524378431033136596882984125991750099904273143362566890464069850166
547 503752469065630838322727076161558553839377945951941788958829838115627548632474466985807866210817075941322738059381570766272175403257523483271252018405481098410145133131536022971601356243139779696079204010993854666772030411264580885686965036405587517415998295184055339279980533883358539937316093240856920278434551637838220545864752810149975102724025438590944843772687647077947725036797749081030917967956060981496393450860108936304141140384831930634106484995695825004618297792453042403230044626783028194157140593275804775147199721126795141267977207822352659183200744914053927446832749491221290181858773946836697690653118324264353615591236529484614517900532764171110363444003404458702201766027561688275703326883482620400177574058387129366429100275365820913051743259054325087307543575686423017707215206988975920555784494370175392829009430314096965513951729750766425069796256970929891409062003980595170966172044357990847626391455777393396494
548 27004873717054372871091443334503147105836086497111094258178873606161442693757127818624329084190827783533281526234475773128322522413054057720357390319395374154650741330801329304551853542094187983025543627121592353824287155893363458957327064010136335689460822185181816186293434017635044692114893058676501551509437720802241400748041380652093403442633293134166203415418111255181652101904846247345981016805215476620562755690850528972987215303636885765152863110307680087242911842037303324134459068655724171731850376637905257353324413870348315532195981264861057431577928633793724989886295392960392389690693401721464851708307493024399382321861933962901466415891237952916111087102154046718939153707667035858465843189286542284761907737115282316366169288104927514582198111886637661504822102664557522507035448962952106912589123261384417422701721779328744560047735973929556938547592781935346296071471032887171261197973749890803691770271629800837897775
549 1447681029369553970268635538036399137040469472133652638632812765610153185442405787858241866962124128587229950664881764206923800966637462436121316532597753086425063416451774740200586259108134186633954294119078776789113311608847906611447581268524031762047695253991496248321843357732906358221978290498304880737963589328249952755909273274863039392931190288920891648526132537110001272278249643566834310233297050327719675003838417167333962964568397766411050549738048614435613864976715094418261935074177438898874403392357948127226673308332348835352222451029346507754218079970948835995353045497470981045674471949752036228556949731375843377091994358822855921986895802521255354283127830806937606350590121656588005530401746552421022858210478932183099069891952084234627910959514950996654119690368322146532189847011547492955388670159550312905672290333049263471254575491469693295396989180167534012210171906242663493985294341561585661419518150061985312904
550 77608513435228787176832615096851290869041353751520563026580803788317191025429594985553053325849333170744997322297232799664439356709767263365238432081238525003809444498927693140265066915090092889241390717389415786837683169532777243227315549539874282816037840101521250691310938569127891789936104170536911514301625092211542510225095662988956067974661164229785298002109361975741819528334111500877806614421869611273616234487059811672721865218697284740913100759297726645529849542239940821141198289299390041381138714591145336694140135923065984085295876945989504272900810124039301073270739584983448582905258728778765420848037742968272047593326289323859068536883359210424542051151219979832616321416464687155630954433179523698917531157143166626946463645681620865310997180077963171620929658004971400719877393624489959615406434311019837579584361583301049164794662721608796301435266863120055146626987557180830480590862892330346338276380114826686036678848
551 4160557936319206844747523820026329134066070652639439473174274520976186040789316450508698224434276551809051542615850867859434622065010380598180893603890113181507862668482232303976106794824275059873576612020942240490528961499200491956818905863159223637628612026685175304917040729626906068509328825450424545213714228395785465332949560447943575641228629260804472637130119272324666111483082384747263548296838517517853397795157401844771667166441322761400285814289023130065085129896148592614599568548231589090791222610138829703582375551574550828454371896985363498210122576993292379716446092385028034886900370515165623893318321692552197847268436343602883148197196719942867535309696902286303562219704428537952840432057151486445571412341168671383445234666045772871672520820433578925926610547191131999367844120012785837574419075923958777310337173085414036868016123958990690871509400836405029733764120457890399855422217748185137347559676734120611779397473
552 223048594194491007713181791079006035985255890446163028850062610771322437538192657900000525666213840236695256924834057618674936025102467908128334386025455864585950722784514489416745384899222976234529939030214868223853305001026542398217485684056284057403691979720873572559731163555186323064595882972394554555190691017567100135229870389451293862248038047160633277322968567049530574292360289403657685672267439760085381601423852429047778701504182753251512887685788927348291871246292516115566952469179485215346683384824199847818099246730232133129238355819625104273473160214807959470941278576028215550252689509109585742494053637677728103384525898680092693592270727846102122990199198672033124454690257920827201977923044144172471114232039761243893089076204776002601682879720223445619946512312318450391869085128582654218555633860034076029511035247558605757944086288648907559513345745398241984546679326397758168294685032376940652166304837326088166529498993
553 11957849777558500105758522124567387647075053248756748915090894488843819488527023694483792604428193037708480133896550673995505741907186303590451942655262516316272863644549087713247049603427228752836989144630217183156091107589221383517737956752211222050892139748809033930858910627712836177253026494459524906643987531356191544225894333818095329534250330398203808926988194367398875474286545156508239561655668949587622941915270898375959297115238759439941316794717339709824811232390656832805885458893442118024778964991306125902609447112174902127546122826153426880427858569888515898311009266360668488673029510857820671492044531336983782453869414869665559588215539420535657111453326738156307596903670361419016078799144401536466885544248879815128025288568377370099898885640717170045096715797881666066350489894777672178978980347378067959739866690231475788274846827344948063601973012787000149852103544211617907531801164185295843365754689382515223715267735495
554 641080197501983659200074419483502736048821572472364300024201529174912366141205113173167340212749494233573735587925984659630498660732466208492869992029235583538138966429550213658742973865639035455174979414742544054827478461583499782001510272624105375472695460504580503089588190111974244436780349032914662197982749985243796370702620288698997186463640999572883968408907578937744770043622416894684315964713130298654131754225186886214696729486303305848970691054167483360716873710000538423194154703343820906573749939141402716209686343100499618695061957726454784415362522713568350048392589535585905162379753095883041424823920712231755737860870564830745966605020796642205671121791149620550730473593635380276229616527934059710587329859783476182841864521180488712101208673968957584886159108778780448408393209684342514213849641452030519833186155630462930797792854850730015244359627474051250291637835258722216360754599919647721376642934207617173873453700459002
555 34369821485062148741240322620379131651193932710921005598967288031711359696461608294742676576266952024579337312308987083640647735962627211889170930472833358119035074878336676620320236342318058729564287148766200818512975569671649604027328528910578378021839783263002266261809102731739116946662629875416982188726493934565630041330952830327788431452065238217805175897850513145957662539380952381257561211087100901128776700254911834035632442125160807406195034274804438920580842056797588873552767725269523788031638521169801909982467276005462456045358275250610589164089107639745570765028324014557343333755879864447047658859314451047785271559850762591941142745783018553621718236593883561083122240423724190321764024953893870564021760765358700009003738513834567372928041921021104048048810038355073249380489955412713413336280456880352613665918851469307223715193699372012692704175949213357358583346535086543928316070045998042421822851097141074725356151480669488937
556 1842671064200749275990504055343884441431048259652187749834615489533130917632258275186267914476753472208268506235347829592264164955998814225965965426905560388725530040110383760200994508751625271400397177750183877718218888126127929075027112012602512716813431566991843884639767068523464186080156759197889664805585028870366709080842492883801677095047708287014277972070725540082420912661119456699250257686368254363635391165779167442532142533888100909590050323853413580708399115906047313010534650199925042572458769637834816957360036559251018568076401323874011260192100133877703259954269198431158766483392236570099562048450398385614909820200482073188829036245365089727185247298631656002210459049059900663165160481671002480216215978329555281848796168989224823456179063387515066839092916791947566142039207759258171367021899243275737091064055138678353119312184391518708733180602348759235649356804322244253063954277403696110031775834608153940613805873596021156557
557 98792496627143798076490889111058835787031411435779157067266066960327918622100320934242955719080839128884678398473182011666696644414511359734676630758257161789012768463200468207219097087509331138122795667241397704277775081975846369244008504650411508727538823638531414326894875858516753862641104981816122920360122840036383954462758016362140189452359183248633820058397567294933258326307396223528399955422009480666109313715996215153589033010992517661953994015726892247212279558113686483853551466402151316172646758737951563789039185534415900386729147577767848979579827612260002649698873361105411873411603919458147882973964712877478862174236408822128515111015566153317521690484578159595926738347549800302526478408274613520753363693771494052175996703163133692866163909539501096826175376751518988528940638095232805259805923638141608519269210697694602831377923812704479685927907618946388951515698226388959679377486413709193589016051108551398909796417804561033962
558 5296703840641403425368837954495649075120079902307121233464704874600357246045754911397744491465027098769419689060642952115396038918536025681673002231871445771840101245356800691283781221844650997634088838328103825348546033746572562530866601293937161150447121679796621725637775291635809095997243877982498061298342440635580609370779903004993634810815216271313205589726903600006134941939351403042141541047708780088345855158775763380399345286008420594436941806895832927123642041537048803022605927937418627583325273641227963666866360251113692041588696008176998631432706342533536009871045757650065855258516101922717590518757404369534231290563401695715575487903086232239005188749821414842633212528632659988808833632169828151454163023799587790965005551127293354480021494518724358811025990871725883666311975160423835768441132957266364448591005781013832701962000658211481064911539297752950196099079439113635134196605138286373401301845182034468841262152101098866424020
559 283983420107053013300258251433637635470579908776822930215900981670061105114248093457683037528780411607599462089521307153287695100558054202561097914710002329001744855909795369276741842627322143289452020912006214656900541447445507023770656956828384768524657138830440102001283265793197291428791157239366079970333553744114190525812821675189910739806137105784152737080851812916158374563387294393965467876315997795525447432280233428454156190914777918267420837203330355560992449879424863602016417494260541184009703036442719484768950713916391332808736293007485353392355502860772712003398766878299833784415700918622766119881712616798109051372322022699163720385152226959915750821061617177481894604868773481353194454758888198730961622598691082076776271550844107486127148956647946751583670032372437779898299946168444045689705645008137940728830209419203949028544531440540798834451827923225512494151689695040811801389001363462181723052185232679686041573793686735597806245
560 15225999987516200306201978039619803159308198685024683402128862742256952445830780747026465876153310655283573761046609134389134177657574562682433222317579804892659531168223447149353990738413223926471375244426300742944278258922380681496408422861810026444005705801619787736904228964814011549258038245345468941349489539244782260463682718241472078933555021228313330381729247201324585104298356677122094344069582051832602901853456248917903029771379762324329987909657508591513741150919605715017853877205650113904955683610181524588290376750676444120045826755766706619173421530940395037328178935267000395902280577047252858246967431653367807045176229983118546462465248003218726945550727706720585030254597239877683666273614963373999179068488925944141879291116022737845694726646495072044960461842040831677107194849124456380020921189077867241369252444114527636273708073746654976371676239334730882259264643302491885899327661304730645736981471239281913101160962637805340558027
561 816364649248929519086906107667158175801731692103343624454024514992853532357407009460261843913310373889209419859300285329604754931721813584644798277811323344029203709135099147162378213219889882993842078255933133233496499526219926790444059581603805162659169096333845890241546538478479652932586676418380781397966515134845099487103013805408123508173768084977010185845321559810235133594284156712917921479920055514183777966264477226205323684811222483061329754633696572214614883677219402328520861157307236683762007175693814805879010982941739511887491746555686454088784518563920655400216195911713212618565278427946716429366162789688068951786447971873521332179887457697339370447776435912989838842601344037789963203018480848631713488413956234211420325357552430080178344102449275828133957126147305737471854265195198049650926986197342211147245995206170904150396271269099326281591176581690358876618889268559640382357796808340183056273916783501505294787229190472690487512327
562 43771160516059413650328709074746232991387174756789551842242905692861950449882383163014114456653404159933433850423056434821282258939564676345370212525561317932072019740157473038991767862046887189684490380361982715007445332282349930024434261598528872988389791962841195335395356741839845984502523298920437504917513057302574298874322681795136154958476584964130247904942044474754107316017296265619903953466957559411262900585854958929240840625301673098505072945845379646210164773572049721947095910775743635725224813000674651548464138348751952321012113046989288735623830854043128987968858115801133239964284999176378006787323739413071030998230825781051179150381121511407138791797027201627988186336109056711168308844759839135715878285214521935192812555153993129249150221716910347785284217692768051979867432256053580194736405037266919160369082290360853860105916959761669647099696732700218411931714703476717826434069340972806413600329192958937634708669241294771460939823818
563 2346915312191395332470160322696746242265976062585363069864318153903707888201215470518027841907600971807357371364463729883583888785546156075773673823437149468883487983288655032513209100762184166407679980724903014759568773809255207679798949792931888566622363674182807778366524406823746850923784245758211740634255973485456433750589081319609588538220400787611425613418882788304065464372699066656399583819704277660701474669295583629660642661135611530704411248920692527497403746658096060308425908945247024814588979186681548422736593582709616332853753261571452591863976621304670777716890173482677577124322359359764907675637572676046380447593393479935300776149107281326566871855410996083649061843107387911751114463286387105804153706536260921702733451877904191217276535146530044346306961242152582828581337365229429496643941807676237050726387016794754238197239646490124665326925209845555976407214942604372590690341647648598912321319735276702729923897086634832079669439863280
564 125838126081202695783060413672865941348255379572850906241881339837340096628808367821988021627888565833204374916153522097119875516436757672189915286851059162326532067482695429110035224445455448852295098210681790287353490118424757260201827931932045226228527117425472336339000161221679417794410488188806310316096610079697233338173146753399673675138984457749155297862282668964734055323373377763262955658369768095760886142731301678164339705013403011766205491496333414427866327783892561344099720635725526210426227426387087216964511784287080023659096104885676269862321688772386408116519805474153366830100557946677737889648926049831741527573808818123793689481393901900060632346812708925672484675400087358196432929029280696211152261596352600201569118523774271613628527058262199609252678578640218438534400793030384606481640760377514212683591963688541136983907381877158676391604065575544110834177280253523020502125374651066724389176318843631849077954307862453697424816715406993
565 6747338737388850660238348973114554322285519432555249563259450540649923356018359483474197029170042852675708101794549159767140267147692542012658059022845911958160343739152485558621165870675462858166097752716003201263929256643759924483734028339535839460377204897513450854589098036414464887105676196527310452561160489947868122927964936510022895769358179954479501732505441786552120096932864949627895872208622100612609441085206572309489436010959703308501334345784379907170910465114439799279148763631182668453353245057163582476596515529769958715721033608863566194873684335372761486580159518261884673679876689994109898133735371739105914097929144944255124435659760864804978407438347505726437257484187992080238506452607555466142305622567974324750332714731160129834526318506222820118873564824813434808536610894117118759361813810923229000414287817722790994237213589864022884851715572461838490149691110087681475448464443480445953786367231323179229124852433225646328149522268499724
566 361791378212820910726780100000805100772724624891994864167831909526364500806684475741345477892440677863709413917879089222808600189846397053912093943933173691099922030044868598968855784211211195518450321966284569696200412064435367765411763025508852760069297733373634298724491967996518718553916281191586001052889414992640126837750030885754301455000436478496588784433388074663037973021868797242712538222069714631851296417981935038077609539568182528452540193266521501782965407442148086272060707311079090853371188497483850075844942741275700806978149979658989405029036986500526092760597813393610224972845901408134434087069329908081830556026768714057786309917652806089871317719110981585557370502441493378786644555778187143073584198606508233828423473082842113517172030637616269841970674863292474565258745635554170950018770562236619762261384747803436728149327375388993103866234746622169042843572584620049897079890511949436784001584718188996191305118202036790200944511044526528904
567 19399445720167147316146219514889709125174469188157618311141140537517787469502813103459563678748599313080577483405234921056296486719453561261230503283667726753432271974901446804300602031296292074867179730353433965161159680026929721805239263959004493991940541423839658513685931500392610333894541335788584947952055171075867965635698187309736100930423253956501509514978508476989438834734849877008250375252799105547010026016731086662319998472316374253400729472998168876456673640291678942251902658228376392867986806161223361341866942598477505318570039197896461959202735527271871978272546930367998713269739217359928844493206020410083018028120894270661196081499507546098006101727247407881673963848681256143288977453935181466141816902097559287225537501276466396924799191800889765213743663894847792007623382343126155644593047756081483600890167172261608353268848986572349847590726579646578113960055045040254674785146800203610439852602448734384123536002139256297344402675295635489192
568 1040221485709689665387931337006464503085063144265218459671545573666787753192963659636594740374845877768630027302815275532760807971083894834747175831267019976321528993940531368056642605705132733568219031124359027108166586114966894002084541808279275258720125765812838167284842331923717901177423751008575493235249100150181901091805862026483889594723019728512153923407780523014858388481059645504165345327683188336854165579733550400072520399970211660329078478872432595066510694090222242945868725273703152422263268246017691763171614790741344408572829861833542320679208424203957641163795571398288505514076454610541024409653436267505901348546228172624510142100080519771955681236112186280939715124714377036368933859705507009001100178860375481287720200972336509813320432163460969969164660892451028331941998874188396263387211481529510420259910141640874839737880850059145237521510725027928615644677370469713964788945207416755062530159797063018715062884100860876727239703417788114838505
569 55778610231337694837037549027311175251757539010753431925728425732672866992142710729079365156677068359321111303305419045739017715245609093019820141687831592374491011001243173080544350481681261062819820789906145701477086953218741689420524629582325651536997282803826508050996535901974480467283850139919564855633473153588497874134160506861790351420437835430834328595120498070017504805782919991768205148069033694487095561308862956137356319949176701865288719236443095045263754594105351877983642845203540941670731362039390864695133893919657618993253526150632383182663452803869910174929860645085227848462710503241993266770722311748270839621517053165855026401932255656791434461598958696270706503324446925010681853129224034584444013329408375521836606289912095425109627877369931529678233176428754244646499456530039899961861415677322256695985306211994385133042009257249799622919287561413309822944251104828059573190387940475733863672002340195689707716287197438708910336999417253003263611
570 2990989654610560738583561095972988091630234921785308123772364040738677648363626691338594771143598496540076343908477999266635243049424436072464935225547762563477437825746142991622958319059183365994741676848563348729447777653903773709987600452713958290724186686233746584715824716823654075971331876734095888063923237562802694783027841529631700872751133556272193121829612188004993214605514740185182890045606812765694165367243318516923514483418896165345009764604196793828687310657897595195844680949320246482559088072738605743557005991076299213762519234841668553731908133939013629084762502085853832137891748842206696957027671595495307445997500425198076838339375838851517814019827670559011302568913510061721608153128184202817229195886851040851951475085820936251204676608373453520359454305468148232509998851959324647842356140233964539190770467940966572358670640033503330577405775942089936397140073142254238369304916586279510967625111484204468842091322981784076265695380482002514759538
571 160386372860968199269381948386185114449782254897164881666450104937032776535333882703431013626868864491345697153107069978410187048932854876609759409206539480896092944976132301455659328685186875287282659314514497297950764307552709472138977452996245380834237966160286083953942586728648008237161979328789826337853142247923900101605791092188777406686347076152940272842972751111902607255397624382887967267479945555820950737349464556502864410320481651347886830525542839006892159508435661252686356591460297032120506767343511690384747017019297223242945266537433656694868445908108809481577229751801753895560554604196741536810350620194451026346296570775060662764358732583467413758756004140273418206940494728501197283966826659123121017573704674542751424653230945505159532981471182652049438752818183212041068044348191712839722352535072242753889392954845340594481812930767790924650343334388454045378768758271514636403997632961244835618113239935594766802759969598970015588650575088788748194383
572 8600532390439108976824598347747090041452765049740570109340560947904826999186884259067617264254998701895356642808461603599829768499664667554376426369310451230114609454926670521548289101651898895527973778927215077903595779669658999876282443115325119038291924751933323838480969977130899167779105980132207141745488159286908005518516280318819642018592766685950374038220883268375702070657950659937226830468513105489209952541543614024350443419985783416018063716798032553463048869422703556783868993935583166935886811342372216976757093734630597499640010353620996109286104744955105597044864128942414019783981235863789071191653161545462800358915053950116418278036980169902417708144894592587788897496910283230704751202976429951480875081409381726661163348543050419831184264624594051133425330707176750878474443638479334689984737643730704482622762521423133703816259163507297929071940820069428020712690619380814784626139025131199806332078848391820472096004302090853670594763996579661172060909537
573 461199153931853394052023911422545072093080785517914827789625272396438428229846459048874139201222459030399404082440146825860708153238483666705469151346875864282059002084752200607784271065708071123093269112656038523400178160427550842491716511353382374767434712651515891962215476154693640847934763605241733941271728929661076961804366406670723065457761805627771662143039155346748892170051774309758178742742113372352574702164980667714951487656019020885930812614281001358567951019739790967767259006515774465128814901722989614524262747931753330067818478470468733345163200984626253822341938591908931497906736826362829732650797437354687955454140986559832868362086833461572799058698548480233226858742432213410980267002077552489645148617364940279834812744713351923123110519828449580134205004469326453686337406413160913008823998375882082272815998308458994302994249803943502645110968655490103901950700539847697097358727467294758001180983104241394097457943006575573127690500110634586835842509750
574 24731869478121528345707863540203157933415746583920485622138331100596890027437613265059750936836670640224603478449415896977581904297925923903462123885052263194625458008604655829939898053858492620394066893130837504737148092241230751055003151872026361328315989176859177797247037726714057533478887729493801254697598272918414919266957610288809973259067520364219066434332560017580620535228156521102508051145369169382114885260080525349578627318945368598626010435233188343239087355429351181371669190749114632689586770202873499869943594833767953561300920857745173345486668073428164272955006202546639120162970855282581026993881408246850591089476015473370586151798889671738243528370031909069665919035874230986701816631569133271105095160258171328860415751911230568639272146385973142398777316530432840123526780985246783336246147311366989905689697928086317031853751599278864513059931163308672961871529538887784019839091105167516546744583027986099541981564774050190886652180843077801877635976903084
575 1326266039748996754720882936500238079666327663548948385435860521793575979092423409752562227836029045829763032682347850423400860372434959351169691603283750181804649921547638448409066036568188362558202557475204712855932291316025012585647125972322117592086723127781204562815481315315126826455047741687125412416741996667657196600721138156762877981448141904660717662428573491612519428384777801102632390612346127486385555622664016999848537676991732339981903862452965709217944236296614222654185186035619976604572533489877491261708899781534512040079842946519518484200610944822969408244723287805788410489761211311189597991488670578574135069887572919807416446349040470502547270207859286497653942245755969987427013327379937031124630928167104632463972319282564024597929038450969148659762501900950130952973575650744952967086667933700585235423105207467780912752138077437683734818098770921024075068381441663647865618908412675457831683591928580512823893739672729003148888289100444224387052093080096914
576 71122922505059554190748908973626940729516869131862390833936686292055981870388870324128798556338562195727845582855680690027994934497211847924470319512343799964404216101297409610468297468709323487562650349422021842962443617144139628606914313759354199962268518904218023494177707945079637778812452120289668629795314132315195520315405187210760764328282369440465648235407102923411133346575453212624935768628663126414082822432292782409129695661112053368957297985078765760576471674679074538207266671036299016681709033066290750379064385464321502476776847778798127246849489143967135030708246456220067491893562482606726649499563089632622351697353706241899016238949861353410159489839560923091456235832942053758239133166026870004604411289820140977416047969603791517108624154188692882370876934414453509277809577088260311852773865748224053328637191025903025019863766359320291454051872193943669939393462653870224969810068504350311146504014276201348781480661324618858801641950300289641799743509463994889
577 3814114808193354182677874316612651371673316220166024386384928638184793039043136358684291752879239456796994273438197791402138298701428079137725052998847709594631841802044564190302560106394456009250831621934956517180488353634737622207124521239850076288184612668074902329801609382557044894016283701910269485404802212977538288248009342606104967514973583222469616240290417985480336228481732352169652089738698628678833502172771108873016152218890067107096513160132605683122334075650317126580758959167288950743704638289930242435012034773496463590997645741445815752691062268817061427012242075822627451004582915232780937423428075766573119254543384173488534615310122104994407256921222823046078206567008492678570052666769493350048227665873679306160625403218763069144251836472106370023473964441326775859936209332336442398491914281309378319676647715412632089237663500148515151285921872401190911842908790285802869508668878063985850903524302708757078911166343657237037858417487007096741978928528593652729
578 204542299571119714734516944814590581154807053193285830228317247753676423104668189449097830029231490251102797771517897722403604856920056437814241086254785622501593149582091087744449671017911103122483898924430805580966995918788975571919616529155175200999457563914847648649632492933086808859793034581785300768423869198384062781767486598147690384693077304435558288660793475816757817149507323621695603908744660222793718136058425757451626282624624361420567169197192141836531475739371924103712434996877922088637682586702197552052741584146075930709560625558665743187736548257382889951424043203418061951926921646455133395069031659743749109529514796642181277820397294152324990967770726284948369799558813581036848897908986022212197147864035979124748323222741317351955093218451460745013804654125922338832738579049181014748603372298459969364426662087042628498863883188304497566485382588151911651449508114068749073002151949735352111144515442952660197816609748876934873895804840680813653934234874400961110
579 10969269177547338858039861783839176392943394415419507191937689279994302997476671167239345040096104304922520419351236888178983377313083391868355933966765696190441604856871506608560199286977345779455380435884009110482964080449126916692766983156606661310616206187867836819690911184747658599106124927197851287374695756703013108322610182078422598335056051247433124168419773345260967322263544960774615139052034308995113572843305942766791166606672545131337232499652162587911344433232161179789694478897162184183991889073312455518031105272529811308726659973063615276871443801774277642336881340504462946768432381390965729051291205999147596141069245776830273466788991553827183204394095184534126548638829189500590069495541584678956422168218394432889959833561643606460906750903669820985745102169141991615009653943203572626198813314520350951680557308558092938041123556175337553816470150412454530847796680035680792735189085616374652676529815906283942787721562930849733725579946055637463226903203983818616466
580 588270977206105139595296709558474179616679094450323381849880700652699233952680010036582186179947406285059662044872262097215960418427620549726532373941004707773655581550862729713702471438694497852934579505897203885675798834189269779694082373266510055338880161964295521554782736834747174356091436540461355465774602665484761970556754758481498698190604872087725505009086838455327277472289525336463278597750254092219094655615214858798325457740005092295966371773406599872107131590925368684818647410261843723291911009299923639886072786728498802345991468412129052774590247009186827699374545373760502134507703595757256977153149718307399472797862032149084651732766186502969990780206046222733440830788603032034383284121455954678970764248798250968363606705956250391734151648578190220769727205002188664844012727388373744340827555869094376147669874316304119714868445303800745731480050218417731176751014365275599930315218708840620526142720426047565681161780958684159051564543543024187734674099657296110309791



































































