0 0
1 0
2 0
3 1
4 4
5 19
6 70
7 261
8 914
9 3177
10 10816
11 36566
12 122552
13 408840
14 1358032
15 4497995
16 14862112
17 49019688
18 161449208
19 531152855
20 1745892452
21 5734722698
22 18826352472
23 61777432510
24 202648614072
25 664569581090
26 2178948104572
27 7143067052707
28 23413795288008
29 76740188774699
30 251506951618522
31 824258141724137
32 2701288279324038
33 8852785787493539
34 29013226602664904
35 95087603098161356
36 311650259577556408
37 1021480434454209701
38 3348222030308630046
39 10975448404297011755
40 35979564509055333194
41 117955060238165778491
42 386727843643449502908
43 1268012095084628830189
44 4157872142154364517984
45 13634812056940646588726
46 44715473503811875331748
47 146655176428696996858258
48 481025353660474271446908
49 1577864035769952353900030
50 5176094285729166797486992
51 16981093661811713131972033
52 55713423203876628550151172
53 182803505813376976728634871
54 599845535750697500175207966
55 1968449538758649958232592319
56 6460092981239675713171655162
57 21202278766985843096757855601
58 69591347042617262560487068136
59 228431770102969275125308948260
60 749869938157953671996038085624
61 2461745573511460817820707795186
62 8082166139048260575794017796252
63 26536238656936622927629754637991
64 87131969812464872424578555605796
65 286115819374944238147070264430354
66 939576124919312928770707793144072
67 3085655466207060129985263198791837
68 10134162106993032611509235173434428
69 33285326028576851645616799280834724
70 109330652474564023748074171522422892
71 359132598692363255097475750807961132
72 1179753001981125811049296748587193300
73 3875701717023043498658760288643319376
74 12733043197687010380903084865357513404
75 41834667305355328794363872544214763799
76 137455556225398498149037915462147874600
77 451658087565256191796034609507961936358
78 1484152197662481549233402268191013085652
79 4877170015696315899385086046607346746581
80 16027943960548173709760591150831413175868
81 52675402562344339948433054542610253172478
82 173124171734462409835205432491235234919512
83 569019339313821857574576492878243591426636
84 1870318201905250132355421225879814568308296
85 6147843688071056432577959543449170083012869
86 20209178988479971118691438383591383611234542
87 66434360870018875293171369437262336044203849
88 218401087006310365875871615918232589955006394
89 718016600727341910271582012803422463726525255
90 2360649711394682152472465281316230902126359716
91 7761500829581573983517161596750909145220665159
92 25519766358940351086959052105118459889224041472
93 83912032430140036676334711102683136766247559516
94 275923116798640168521665283270856330686657466616
95 907335660413167586138945453072224302336914697694
96 2983758501620852120202316778766782517221659970632
97 9812392485046866488861594987861597671178060827836
98 32270185800810034205332134222470443937032612338944
99 106131206006501351646199134524035269778829336549067
100 349059596014748750751908675861714135275894651853356
101 1148076132167388323032339430187881238887949148554011
102 3776210528756642354593203305314624593839978317199758
103 12420980998266447246401327860727749217105952106537037
104 40857291462318864368576059799150080408371929691789546
105 134399303383144084227115235776738166306482208965274033
106 442117829661628984121261568202020587019196693030351928
107 1454428610602926563925823247147504429213058929171508212
108 4784757832652310987775094918026857771732808581329755336
109 15741296429457458853204850905163358544688060451499435446
110 51788559105869045846264508264287252382988528605331460244
111 170388300307428771989194120346423674186701297445985626817
112 560606521828098570949919392012629439156795720602165768284
113 1844542972034582125785408439334214153834255181769322586334
114 6069200609130078314280160519242787151012464572385635443000
115 19970370526194981000813950000272869366076411957821262892451
116 65713182641215778256840381907536116470785917003727942002644
117 216237228611294616700128362847455540445427023133150247239992
118 711573651503273331446696883659701873392238032344815943375756
119 2341642116720490138543748237416157303255037178493932016011396
120 7706058473387635217771698824695954446876744578613342303436404
121 25360338513740100766157995597638502411201042513092698235219852
122 83461966224232595001115387784555648107228504717115161007117300
123 274683676676390806890034532404003641326386472392908846672165721
124 904039954305328102465942962936004245353032979675942422307216984
125 2975450919983270986500783900883790123104015454069721570467836029
126 9793280959761108914433820306980036856684117390342532161233756550
127 32233967240964563248401483304015197552964300405778478968709314173
128 106098513086061566725739092039452132825502300524450813487901925370
129 349232535530462871491156992049251979244185367257256045111738222493
130 1149555204720479604202845395184793771285107985348743443112412512360
131 3784030064210798347527556460971889394612400309247175334604311729778
132 12456292945774947132337407459057015667266219269540171397894274934320
133 41004584700281941553419821065416608913956437930473843612252974157223
134 134984926192470474044606562509739588655731632929513789042998474597282
135 444372592347327777386075522397287402999401554673613949214240953151297
136 1462912258319243820233592804501432037592548440689955252543513027353590
137 4816130031587261310326310311724799599936424148471849658128358473063065
138 15855755141064287830910182024414124428310011531925775703861461236123884
139 52201664458908328372157929462337392094602165081154019709341341143420041
140 171866154371615235016765522556178385512616149391562295715046481011733056
141 565854602415380618850126320959027973823558721165100223513677239410081630
142 1863063803900382407359412066805064872359981033044934383863819294320360836
143 6134213485717585479647333532495068055887919891697688307476912331229558820
144 20197528444653313930300468640432735898151823831779829682678879069698148476
145 66503676908122109780042458366003090698070110377416282794386142739064351670
146 218978299451622927980526515792670167566811865376338843864507746103437590576
147 721048368573591455744702855241752637958384262941210014464779504849212299171
148 2374299631001216565762257883197238474669427697375323797785888577716334348556
149 7818336668194718307047743120336434421163077586970962947474030047171240241275
150 25745470804404421443341810830869283955623358001047831686853571108538351134094
151 84780280406209731592041625319307111119710159999480228244948042226008714418571
152 279187720918613762830447308468594408393910218502040992714158664858156441161994
153 919401373399895776822290986325674135422318135473739561350824862392085954061469
154 3027758762410946597209664297025135796654366023128589828339261085647114932056240
155 9971135000727319178698138508099448205834106160331569343562709373401659602335126
156 32837875172996124043085581963171406369259858469145704636577529867630529847358664
157 108146518924560384514823103797024710501096460513414282312103196681020751302258559
158 356169732166081287881456386952632562116125491286188370413793358824013802003316130
159 1173027965777358823616332072046657111824629901057086697648497717825088684292504079
160 3863372095422327809408171276071391039727418978443880847506897432299354959547780350
161 12724228315222783768363130285553570371012462078189795926677498122976746264667926839
162 41908588792682935501768196941014967734695093154301640867308344696691679500804680328
163 138032456795381746206679326815400290204908841052277528182996722861992146428107964067
164 454638202207041982003543160934169422179631666660296527524471703258392627338010802196
165 1497466414338328573392031221529064969075575235505843867209873632305147664837185104868
166 4932358606808368234755926723951600999633052412618571068951668792590047106134013324788
167 16246451543396284192504238396494497969662357403141393032147002370708568760516270416380
168 53514152234253193476254732208059273959922563316351691487222650715934391269549318248972
169 176272664682167470721369110506353438715003262820567820920357707017047978609317972781288
170 580640620658544246909770023408275807480023000546298958387798277116843430944824932704788
171 1912651839756984811756668313835476107578499249593279082016153760186485686672053046137665
172 6300433466658393503868984675515789899305990228694225600587738012000930503847465169490248
173 20754433095651343763873483429478585965343975085348591546385960274043946001960907717384804
174 68368680535259563029331408590857551005983365356044171480176992104193729444328943040431304
175 225221237192308693416259790571886939770654731024960610753726141235369268636364879592209671
176 741937360506789098503131543437840661427440430844283704229762715681686387708442357206635848
177 2444166814133742053430145393536202685296498116947680183145509652051111448596289753431045140
178 8051931845525436258480956186679868421760617815654013048994215369286765061691629773638567208
179 26526193035398082185668262326641149387359976431477643376386564105173267954417042461737661872
180 87388703134569374334750992866204688483253628761062699109835671457318343717596052788234526952
181 287899653125831599368621694677753738235097874433090021676434814260168461279268120975987196575
182 948489251479435421715808418818801767037163317731906708024418216135422118484753045518061268218
183 3124849155720970375187862439085827555984179967504203400351027643537688638293031072961029411587
184 10295110713694714609393083143238474837421489142943240546444036448218203384776369489080534223646
185 33918626161743025780545311446281352173664104822867870573726413149764602559892810004224939921053
186 111750815925796609252259732029195680451716237971156126741754390525194325423330418692211075073708
187 368186889246171266345816856718177671729627748724335039704185987815441753016221544021474291362481
188 1213084503310266634363387369927449161006816629994671189613995498965927410066086848260012223032240
189 3996859294121066115324045158059120731460061012887062502645795030190677500732438802231161273615226
190 13168966291922678227719688357671708962298371820441838917851855620292686421946915616146048905548940
191 43389983691344860740862729164741457171271973667426127952627685861471338576252842874210746548616586
192 142965818692531133969630859149308366195648201806455246683249549472104759538167506043870766823504884
193 471063903061357530280710328838448045431404451966393753627896575501174531668864720938561374086962394
194 1552144939436852681281234734389870617221423930916674184661142098462799723384282671380384139745361040
195 5114339008350330883211135674701987379077305805816999528010547598075788975919406775685749773108471061
196 16852001880775364342237120707045635457930447561200440116481981567322498528788881046802383386332361764
197 55528787415733275291208753181842082193551337404802003185407069332110409121911522959952499226239108297
198 182974067347920357831927621793113604661549912558609365499741779131840149792440580637137245820743801338
199 602928083948765923010436830016098595004131588956885223604979237281311292588364832613806389653647301559
200 1986762993505919542927780514236281818127966673882287270022704063623283869059544522311916816425862022862
201 6546831247318914603837935830857305162777405769459964231010587217752790028375493145322397738945523071747
202 21573505837255327456263824051674376313252139563752500060403579417052153880769925267283247150045455731096
203 71091022677058710156567679681624652348332412380787580475121183318899371119931286666401860825888880115016
204 234268130982886196852877593208915698168184071738569346712071302836947526689872471011790955381435427325240
205 771997760048043375572879737784710154091270574535456752624190469639275859917899790978934632191141731423164
206 2544035725776006742642754122211607496612772077562207599034641496474931189776770875072962177276303419161576
207 8383679578231107259279858664466291737103262210584819616100864134738331929155187725064800763865089494678211
208 27628060561856515238218127700567310710252759100329111947805840332008905932412868845125902903833530323403080
209 91047987906708142423265497219393042729305136691387777963108379188467787042918190903557351383270444244477356
210 300050596663752403143872210488701067380345918913439482774221882961869595174749837379552354426464622987834840
211 988832630783312605344583896378440187118992211095477634701105386300562526185534670473531668926190189757229581
212 3258781191167305856443800954076965568141961105175965136366666112007642581485311888229574142365841390754124412
213 10739688730624791999414552740080431035839121705108973329840493712994230770758191385862252306244372133759319808
214 35394210923374836167276618303821464646862839500282294172169323913290506998827990709068084691563004446573110644
215 116647863173995015889535262646754699600017277561432527828885539399138705159362424801149584161362742509202704132
216 384437123591063467391161264133304926754049281554187322305583702301242443732779471192133383268457057017544709452
217 1267003445713246844667173142452555032656672016117809816897671738387405541098360877811613938989297792098029595260
218 4175747069381100132427550587843859205297162025295329405445383910402217830293471429943849569048566771481852164508
219 13762408783624857972581124788562943535805067357555416403247112500155845371461846010960261581713296644603303400047
220 45358488014887646269898435402361264396000557310680783570154178181298801881839568718570119129140047217149343487832
221 149494942511223787293900134881809765420894510248954125370704287692949825366234709135020364898319847428389337404075
222 492717758840118398229739387212361039820729545738898877804493153116799718579591092410077451132593202756599213285658
223 1623953851997975601382148335920303178161360483704440507809586678647791339034892791426464118057775967453721250054579
224 5352453141569023607957715153440535611314952576552959393282379304300453859632163108953097706497475054894587959929414
225 17641510031745034253419300752283937282274582461376891154815086410461333610212289161419842081990179817515909449712371
226 58146328824015797986036499895008631595724685502538918501019982651018173786541907649262112624715281073120666181963608
227 191651611864953975487810293032134425441206465936500252062683401267378227259854564467474042703310161662370347051917510
228 631693277994686475467495151145241300034769861806272913942245036474380704196008081807711889676065210124832856291847984
229 2082109707166968757846765687353564417270590131699540131181039527761438219113279702979291541184513277857727491618449121
230 6862850019773605825551722979858279426215445031584510671553730478561729268922355037183237682565825486524750251955925646
231 22620850231273549538992630347438617609365188780848783813468112230706055904012517997394952167624228704651938000325310215
232 74561876653268238520426763734018286607120174498437390217757747047053548657442270743313321347326434483118526600451036794
233 245769620074658333554312885040274025821753459885204033050591874600908105302442052527507438087082211646113829156279814871
234 810108148725834299219143867927909760719496134586631834905715837950564094740002885541159481873714301490767142203564903268
235 2670307103347942703669687433095472959980923247813770231914239831117976508323910825202308437357302977947219775736559294599
236 8802029151720896445419032664914617774411109012004930526828096288484001410632951134230380064557480046480612516601880338064
237 29014009507923471860290263456614668781837198838243858412865808380039893986184597425434775767217110485753988402201336992558
238 95639219754707417672432267724735980889603487359930800274911671833783910302987958116325793469068535793357487393387782206100
239 315259079361241737222706323991515580682738045859295897513521237931593414205603907340429840626893577472315104801154419886988
240 1039207947397006399913564691183256648215472282607093721551434490581571341242752882463341669244144579139048402132687842293740
241 3425630908468800155558359309348468198254241467930431486636325238649962685235823493525975293910547243328794249826840749615798
242 11292286948648843285923840375687203517334163842622293357309898242803367852898887348029130331077198851556433892124804264427072
243 37224291961349212159887233443639116716688576471182004637295900241663197710636658481220882805874535216555169973157281536327997
244 122708363812199084491330255192405795700239247062290255310775153241705729910949460216490601898258264778005686592728220789028900
245 404506067038672059908531590087374822532953651365593136403113394316256983807691326892345943816729793926725554724836102468577093
246 1333457092659693312391477546783420396503326973318689636344813694858524075327436663731141620808969810629179063536043353701790562
247 4395782133978405471037740479808321500550612290427804286827703059528026733356724486435214891193416270539169522905744467005613901
248 14490933321713362096165067202823529528408023940497966351323311644632314787040133509375791648715474226966388348967802542839945574
249 47770481463800240976629520870488641190670687282072801569903670871517739853511848136169715399337425303558047448348456540003437627
250 157480185555659798790440355851800959497872327530635837587867356430767811582270020390670042585298246417803217899477811507576760176
251 519152839719886045224857996588689767374900277483954987258661284322673592424295362067725383000095934535359029957329778001194009026
252 1711463117631178047809301754503005513477842791163143286636248210975122535459867014929226392303516794251928047886530692358963335288
253 5642126609270830536013383785810383197905683514423498968980338725876048311869530906861896209459911499617553592878964132316918134228
254 18600347644450586256696043544233603964552244873125968291903200427655401322758826307346330894662320769989626518818905449563279705240
255 61320011063626936765302661848200398217171156487509828983854561745332099168739795958438598604525446885118968726733450410953697354187
256 202155841772675931855448161162189822899508863256747351972314959464418727558274365502335386033961297182306088766100677838768896090728
257 666458719234986632397047992597033085183761198950686782477499139216524575645125517441287175765464115556474027893746863323345990353108
258 2197167056904999627956928554543378143995182623905014611912886180869423309452147948296061785070013864287787236762428269012008963595400
259 7243621501713831879291364118807468946218612474544363053483425009274116676633423871222500723784308798276941303340608508719089807789083
260 23880930514413471112175503047908874843744423076115177186965534504785531641719223484711637367739389271832210568700761934648644129219060
261 78731684953310871221530858620722937091429487375290198525796704363227849048764343373564583973042552424402755262583806979087152160524918
262 259567690086860957514842549650770595126755707007657023387101585857055948945809674371307797750824831211529654934696236718560637490971056
263 855764929090405939100087673282098450522663361731362063140998448290752332823547084942278958911110657821825569487443491050688379140169674
264 2821376745003520847350055671052754592717458001934787840456703204376800601373229506505166432186457749295624818193939245006018200570120352
265 9301873034124307463916016130117300629467108872377635358669848698408626198165663237679384377286056929337702898337704763767304234567580646
266 30667787123252433265616462477359316151350636585116750371313841783930767600649713128300619056116647430306323911421207585798234481680411676
267 101110710348802572537372360965130411794486304958262067942956587301842068250929483330787601590026475974316560278680548636988698850680653795
268 333360818052318451441940404102244320267424225459492270259065316130116360593576566864471299862380296410289006125531337026760179781916147384
269 1099093391265710432652097535344961999599908186213285749472672579661543830445664197559157339108261852042954418377119305903171006685397126046
270 3623742029761950611336664417978491969683754016080665576694488523574249745945089665937281082996599552973419335446312854026845217228349548836
271 11947652016868382842330367460522079303779990980001939258518515045202295846749971681097340216840788965043393991151881722969432405778054198815
272 39392219763351372867372589656927611029702710121201153707240447611453842762029328106346054140012300984810372004992972064598451755084967504332
273 129879594113627953672417834583166114511770013007965395585225175943735324819041557175062130671649520553010125355437375112644411214793587572406
274 428226908213447476927516477570663278333083120802721286587741632315372075766195690440580530831778561109886807146632849248750004291015170344616
275 1411918173793578541624887545559156697100410017498384443751056436030861355936135969330531811599539208111704892391495706853632035688053398460294
276 4655299543802552172634109491763266805512067005628470901989785202391651471635750038814211497240995962430149481661814383061835726848175622888032
277 15349288301527633061914565358005520835735789089993753311981701847733572369517517450143557009470554844359965758715906822975850586830970186641745
278 50609418746268624532139323326192526558052956904507364655762275702261498980897624377044656380433164072083931688823826015161065117407728212503838
279 166869487501095729217298862656119281336095650114820887596799115414318312505680736053782190206915509471415940639726689459844637936400756462654997
280 550205560223656125459162049120398592589717004797989395952399259749997232774974911751892845568107666937735429753396805604287406131764377796866922
281 1814159475526543041648901333686399130463514012901544493905775136132644725807974551536339597704576315576970402265653939608706571817266204644255155
282 5981751616053336197419479663648719119011038889809154911597922782153728322864722656086391922198521733547305305774874655764823269063226717124537068
283 19723487135406837441036307308065006623799196439018742497779979480986980141046876763674805441356926523149780200183505267676524923355782852760702257
284 65034143103027668631268627959547608213025788345964370368261391326397531059666550083812934336634254847261829260822052089248464436391227236291011376
285 214437889026746749796422069477072070616515684864575661285555792888928815493996402233119577963771768199871336586823742784586602389080313128226788958
286 707072568129813165421156318574058401550012050844164761181136053014846342188552200643359859886764140078967076430694214828097493142774598372594991508
287 2331464475716049272902694847088008125804415586883253961264935903486406002236774499931251011772100110389890834049786569399541176750521035070210331396
288 7687691551758001432756911859267163586518997770711370987161359890839572838428098811809211774252507513486297562486359471716384220485216460519436160620
289 25349267598436860482389638820035611913334140761069431329581727595810426438322960099173826117530931327456821329336346846079425386303250743012586311886
290 83586701102136465601749724291031594706412782232932572450194781143037663426259717113113226438429398627507746505245331023559702623337499749112884211760
291 275620326748498206933769601404868287401930458193568809108915681842070957306418870107032002820763049395386255298440603976590051594270395799622165765451
292 908840297021278473231735778614475164119175476925873132875730529406747877425465544258409740843318092940842051360162697553828346238950090990355037725724
293 2996858004596449517691306847833993513072391186446056980688826371516935383432113859876395893610634281256920065722790760319814666134313251359744459563849
294 9882048972152840362804786416810219868351593609819884916715885475154884412561964341093507886030834406816584820198952251442634627490730301565184606571650
295 32585926093363506769480616320723963408996866756540435808029086981665866794711262025116724189594818155571433405198353839574834680270412283355199372334631
296 107452209703106912485625301024335642443887802363148508858828592988528348281719341941592272689736109370870074988909659092836309276219743490829790808017254
297 354325848801095419012501592676099275402632767759062676025579356915706043837483373759398425465725195145732551101988795265343813351920168063586940810655507
298 1168402586911950509345482173670292458324888590404772765112106807788160381197928572373500426012960455492141250399478779846578651656579599302590178920652768
299 3852870023006885018544277910809360277958430588701527156371694943138295982109670519973566629131235641799067928547077188844963931351375817472891226176410514
300 12705108196132053937852788744492458926324102642536765985211884721895513782951468191710501292740796285110720214258827207467265718230079618152707207712193032
301 41896189475464331489030632693496858629382452079670113618684506158479399792586848364846331095602023553605312626707247724068496974299741150392455279517257682
302 138156975245729794306903793921510789242058496323953807833355194839798686484441739410254646413829445126111694059272803996035289775840932811110801687861712636
303 455588999050432308572526341995644502490133477756454524953117614120370744137038079977246600671420411950737344894141474201449645761206660332228072520679805141
304 1502366008610403884605528878195876205347273172505998636548047898116872041286002783130148395099444792791732639501043022147851559201010121560560571584608520180
305 4954277903671308259773665672664311186978531726470814249248336827585282667143779709729206122843000684232712828246262032013328265760137279137897856634952407914
306 16337554944606932488916957606851720711143151221160680408972438063503743998980669007244382130381841396012092060250491970752151533933881748718201271708499030616
307 53876059938082169107957725024813906192751895654786733460083023665735673980294821052398857535748380555834453689951676562074982022690977586186445451588393411441
308 177666951346462646124106247681275296340513998568890788615089452591893359864851830558783338343458294500954167664997357832584225636002924409056916078830127139980
309 585894629267579624145120558588937682053384510227668638457598358027330372148517626748040475890228648332936129584756220222956217648626520205408937196133490625186
310 1932121420404830027414479545950878036827809911036924866490071415236925829372613949428841438927453489056605945819050850707832462914802100432455418480665033414240
311 6371641510029342758014936875484478391951875041652540501838547418527886585337763082880925770626281769519233151079399220093419857931310651426898479727770352647486
312 21012138638978366004662033165453092382390403005688084290113539872653037965249905509944991828716584534033360044763309645587465619972213479138178931828195670965552
313 69293289274181073268246158043043963563246524986472726032939969294177542901473947667812019922461791838718686456672971517359980110736467745449369464546003558260178
314 228514666923029381654682705801482894761957378292990712725536989110224064231075920427840762413220798038108294740538650900761530715165450485175425434724645206688964
315 753596640462085844922079201095366600686496401717532266566705948480706302412376374940282833493548985666524160911183228561982236987744911708349437001853873819196137
316 2485225418218867234434440013487044625630351604748147928462060228307767844751957816878077377539959165045985711467096568766014729403644857876653860789917064333559592
317 8195860685782083694378983859094763714491390566743611357658686485076171426993943669073710033938498541236945572452233524316591953467756520025126181779831504511246140
318 27028707878154151283335652530920374254705128122900888823678701289733163829682194996729913295588548037383346453435382345453578296164862569588157419901779595208454088
319 89136982088984226587266074470475256384001742477978217183533647881854612892378034817269024034395355077674866103695707041783917924856528559468994571888360065066545897
320 293962871465149966793715675973708679333991355508040236733644497928532973214870455039559750772706413483210530623152175555391898208429939040314910167556690306908050552
321 969457864036218096182400788435213411892199344753557042351602745126536909999355296130797839172339370218080471376511609797240852481686476823685498556594577290005088380
322 3197181458674560447013862868964225153979622883780673582273799092159283367862485609461367543066515915928460242574877248177468373086948068821639699238171403274079691672
323 10544051375928982728889652234118995811488486809050634439667464221701878513987477136551237017927625109527178850420691566017768200480507355164717928753510921621938988326
324 34773596455152781954283503496865013110613941396678072133248244950419120567452424221844401022153682184740776250737304102936774816225579548895993146158663702930062757936
325 114681552708822221657495292057708790099173835827080079608799978054078805747807014122500765796436113598613190019277403887637912433897829394553314601436312403219500609649
326 378215537428880399273940081080253042867955519146598432171267717504401706510096023118232106477525939006537381308442222652646000043099581257214677769419022801016832547022
327 1247346188547308662554541781767447603748302396341754791203061868496996115150630401974078208038763751127950220664366810585956289359720730487756862436272646022757600814975
328 4113736485222808704788346333344455706681550862621275910416472219701122319353121893566619359284515706888280089518319745412646600746842034667413638230196129406910398479322
329 13567122557090455373807338634043465342118502317184909447193238600773590398788665920292935505030399063881975200121737569957587035167443120180617241021405951519560970402463
330 44744620898784583842199168233832945480953917635069964881843588569362225397797773721992699469818605129879796493971389880422891570153258180680203777465340946617527419116468
331 147569196382438678505061557793925965544292266754423086819889952545891885151435822953565528516493786696273323725367663862089002180856304096808030258864451793275556739835615
332 486689947584714249821727465337864176700323926966545207735723287998653622946020599636639284104434035684385141523901204537479988688232924795880665885575381004365085673153472
333 1605132226952530466875174930361164099490942321452558108976489882669925573473120969297736706722909045610250911094045219549212575955239205078371202483975258758470919944386218
334 5293842507732171876448885525355408471524227784556239946201098369618814964722267387937850694884676862718776956455074828131400824361374796384717787663700452427293372280017964
335 17459547089469857351126582730798462011503666924971015022327093286945740991141742505916939381168401426638231784824634338344629611571059269266110136997822327889518758358814292
336 57583316570327022038386663718013651281277433164453717131363703017351294541510923194354098989842770889870514928956159220627736832620792777790869500541326229164030774370882132
337 189916243188990107243600756105749684075865265407286937334961564804034957251037075324248191875963950004617901782563555208057645583335666788592848330072051179425773540277066834
338 626367580531521162541588889485375114443087609571031530091472372369235904498463643352785888743494902974844617816896842823444371951338680953465411033118155856563381549192627280
339 2065846969616189356159085478558755468932326919171983261930979649832993406414995655269538019896403545348440318086383383140091805635795942451283622150141002507486222955392433469
340 6813475977871327806848895097972901280973391646546417069319730560888926460791570589616560967920210094472891979746259304448297934912051783160262105557062227466162831967799225140
341 22471962781971156245017816826824538184979460934951996385995590077907745130193764576555873558602286392016066797430498167741708532371498260811635466660333087149410948459717607829
342 74116511790126173763047625643455654772600892246776840494311035087541702272436031942056866887711915207272172291190333041588007007233028949409515858188194794219144494556045251986
343 244450321985678660617142988332353567991893570042427904998748914570544067303792329467680790821182719009133296861476086812480403098178176711908309821736933334200194423923350606381
344 806246651534434898900324693085190902888104715339988325807759137217231414783710602721455857556588421743517828301368115952122723824418473048277006111576831845336385785061653766230
345 2659174841807803069800360947281208357274358626633955456091939839017737230282965990460785334769380138353445982450932435949306336167595793068617594633934176839786194300923207200739
346 8770563809901460305576603181017758223382557068305833942339760255014594538046709662508010338152900106231463259757477164222517545801136818098454659202078608044993575240097574627056
347 28927424769505862313491708193904400533649091931861720875293837934082499281273011826440490946613326578808623564746984089492762092852585563058053228276530490942823990252038443335346
348 95409949280410516372213365554976067072282509345619347648034123054986862019228865376865306857677349608294773966977166256818348095587257221852289387470340245571961520386251905508856
349 314687273932418550728120814832248260533720380621938241485077077814977059252203421024014216538864136513388557135985898441794299304805116013115101423047393793372923552993141483989475
350 1037925805559743439477562930331250141658782729362940576702729904231081825586703774120090790891405052360549578199281815712138152185573368939517482465098961844667029187682297996043994
351 3423379493667861298426267848418855930868494612988053177905880642092689100334518138199757966792091058796859203834049178341386069099339683711987375188183436709949078260030906849895821
352 11291337191160459213172772726334032741442032159640933030217161439222702722348096969512989364714799353749607518792935042354153987373914763200501798473884581172178681197269127084536774
353 37242368854993987213193307707251614186816621692594773498423112910516140815140045990076740292053650293011994012622704571738624332837798883934747351362134327983226009872380200578606475
354 122837451375905910225086626676101068147449107052869276569732635899919780539627198991485247798397715046919096249645925165414041472595979837610265267960218705423694392381123637815740344
355 405159352578911499085870322502722190445223706680086948253612217492328979200387935539889681924415112932086602305799076674513776885386908453263911680343386889285968839413131054018415865
356 1336357030320384603159480503015996293198624917696383520880967920353773261948089844473176125238734762323566777020050497591534552635784463330240021901182170281386792657030901020995062364
357 4407787932663599192858963129982375095843922620771685291643455008170295489599148177297824377377590676599058871281650639452409496899337786450612874974454698158241856171803156797873780960
358 14538527650630153655635033339247677642392129176813990379311184802256818974062907070857872220876537420871953734612870442860136272937727494327427318719379186847513291899692918776021246164
359 47953653416710551074282571522020401407150803926001949922683015891556548739684170865214689596582717043045765602816230539629043202996111308807948986154913591816033413947682424658059636176
360 158170141613702252044133502939929596676585279649922424329479975696665429738386780335673228888426894048804710390133470644610036106806571091778223310079645201876274529321638624564789822796
361 521709600604679631903143924028950769471036598517847766091444707294507994504045005576999283715123641961517519175163445450648755000734084793736525734958875091962757710994064938248642832420
362 1720816921676670557486833606639441573757401243730209538028733560834480803352452065523219344917194562706099865923598947259251271386255374121143835297707136327953751412330213241710519781420
363 5675995119204944576645503202429703440556418523366496039445267484619122156202233632678942725550597577491019133732222154128521091179495774518545469038850839595657125599869989591727661118247
364 18721940331702783207682111410402216030049364739629006169248950417123198003497012468526358528834507866421364576719910283782465284871717347038222424617370218203135334818381731988735436583128
365 61753445034290940441728160681845845496913796168957427802731730059646132708743975551383450184979683045045712245056350766058108676091939247282845782530876308552999840230822094572738658097948
366 203691547161042213400240748024489336138982461886966858714151012314102114270729004834358302519690417066490517218902486270888358712255276728610426424722371254239700867762747734650448544653240
367 671871622152599414639093230177205659912241880615583344522933358888191670849178105093846098424962349404980141219176846931477770394776062185828881348859754343625003706573864783138506088818893
368 2216159718153067511474440503452804542441805848252151515840306713557412683425694937821279656586864543564820260108425602381863941805494253847261472888755745230756344447454979922081090446884280
369 7309998282135144556687583620463686342172748263648090838448781554658354038050652417676333375485399635021547201455289942224231615476695460346129243156993469233350469493259063167975219757719468
370 24112094956105994013611973577987951282398814404620706208306488890924841880786643264639980936028641512941277662293200522142267866638683829477796824996269384685116571133636772418228716401722040
371 79534226245548416394215418997661929941387691105755512532133423608291850945409847095910769606673211031347624246328188941673759198580049953490323343112480906494794889354868312876246147396521588
372 262346100210891286090548615073744326544132296553304675199151375588335712132933433409157293210164343693526331954201590968326688926982498257707210147849236044240833135310939991528101525174722632
373 865359558546194054038352610719217531826423545952535878545298082326273152583022169021376489850462787178028264041638484123321107876773442824418070559218007997108030593601217131019718005940061985
374 2854433963689118417486005624952176868214726853380830220230970342682781180986759629018908146505117199191442525573244125439753100239559185006471667110955334603771087373143760079265033777122172182
375 9415531067888499476345240835242060930940450952773398610267483665502016156226278124282771444292045368899373892356458355420502784629788476966802378209907035647319627830071482031904677064766955765
376 31057825785696432724607404280705590832231427994707360485555891591663817056015088915519008066660049059061569937178964799231181774119721561230490312422137973169886211790751472889618505202892092882
377 102446866524043510203868878637784258471186054094891919196899419592562230753567164580739146289426503789937551113254608064082959092732381832779181239272122965470007059445885343951385302720528953987
378 337930743224773637539525291016518382313814933480603732995320555203609451651367958941912492297343038644617729127030178338260424841315213567604082786957378069310867587822546297062088849435831492580
379 1114700291178295178968969161419195506430665321434831130920085519284121164711000217116145486615505835389917473111507571655822819207682025418578304420181656801129483965963171572888433989690078005267
380 3676968469657623785109998691470902243589925978828991740633615135421675452064189583651898929036188955500426390479228592666322265414982119804636734334238750501092570573721302337134799604332160277040
381 12128946213653742592299189590102859676454141502585628470996634397026109287162053552666382748440849037127387878388883760312787751477248904793514134974618905012856683625144474444714114647652193458232
382 40008991182670112713641348086634379177242216878169606000206009288793930928370594210179772879021578710502347467555621883285289665162834480412602235670543229939145438018589613608862067061059191872080
383 131975553209366765060404443263038542984609166689000422698360841962387187061492428275314328947834146595153722153111564380770984310230945294237509802555580578193434634840416751289819575379375407769862
384 435342166434005705816893550594746423194438457206792932238352878451246855812320593818285755211825699152457474151133776847486845274690296190607386732758527871738607653831424854388257396971373160018608
385 1436049212739757117236381787875767074239336894332456869345479434405947913302761945066929544709871033522799017655874404338898091222654946786505858888473234638931392914938969594293869718009458687187768
386 4737063993684071742018328068331563488076099055000861200903248963624166305776904010586947746547167352318441067245934175796701204947154050224103859155971120846051583732883183389933507158396408692938960
387 15626096895656943175996398823908600296943799910227533917774050356861706095411512938019798725892440155982073045051911038963261569685553676759802905843321237602680411152933734932869375665613460563975735
388 51545778180951902175911048355255924487287589639359009684858043462837962625535763686671851521039248249936114598962991904481629144010614921302332878421406829939217778026624453740540956189554607479501996
389 170034483976482795894957661716131486047142121304320170423254106283646628048621900831822504295827604435135964368054814118380888352043222121178433246599961942474796455559213360998493274565082692483992079
390 560895851949714284176479097916420638135450114175880210817589711371500726911237261244602654175350964393912610807229447605750319987290932777442845054224407174373734556583335477099320628666269122570476614
391 1850242939309204412115289986138407276250459053357250594079335970172938602134588220015649170113623996359274162562829106866335466148909242464278173525881482962654622359258610075167584776526350001864218345
392 6103466755505492273019230500489882507167394871426922327238094235168041526319558145616230975467902760416562996516803750324520649287898637519803437479606578403380313255993358978001365924521009369870186034
393 20133797920288044462467783055023294672261679996501390437065031774605071340441131157793777205432692052193558773581377823206571808567823615023951847265838107225735445225648306358815628487681564821110529605
394 66416519829327546804113086457074156814904822663193513595915336809823561435332653134555470477723298761088518687781017658138977925100869536151441041193684973694742372100618630080546614867913833578211087544
395 219092649157131274700620779813734004566081458624705185046402759518311469607200977107407311795121536336644182989601975124944768725516302172294508766054955787121505768063676057248964613225429040957186421580
396 722737806967076347977553575758705993639472982173018649592065720777506336917597984039121930896597976972354933660249020636072422861064777657656867958268876937737358490889419967729308719963384594109687522344
397 2384157872485068529773384994369874503334669983317929497287965014880454896189306964353130531194503480386623318566454229059611385332659631861812993850269531601245625708138919384621276182058542976631790900524
398 7864851180546832058516889435203301115023823469360483099769009118972224398532332926091069518363737141188377443757509655918184617608863521846502486593554283225806834002560682286767043325796045887368178923464
399 25944617116707698395381890701661527284326168269847306722761024159707133528788043456053907165910304833691931449872637703383444916092651054132547102641792552997926801391436868003198611818693478658034927659225
400 85586501392601384330931662009938816253857588773700495231086880594296822571600685655269345197655757574410041722202374003676389265016811253426294330432164342699473412449909393334360381525491802488111505824136
401 282334874689583876547760948289996152193351726701405322330902955154072651267787845861510991721418449083048435630680388892204264138085914730418387115126923326377826761509807604219456074746966316489242427060124
402 931375948648454279413395805108698214830863041669831036175491360344799117065488255032933034757599352863882440144240282047818993192215998331170410665332270589218917264494386727949438108539815118755819975798536
403 3072463584998786365349247213720659203161186798482310349552230424468301564684351061312247794693333345606965443630379843494866075184255163460827862136207447569664803530940444973016162431285154797109250947627811
404 10135605473804734079078183669815231674202162993726432961280137243344493311458639088399920275759954989289288171238797386142166013853139219966075532758896526425304522362564135895290147095135077285669882774841060
405 33435965788726698890408046998540079067800316938369888497800249391135026385866614712064189065104545666888147310801195946536173412623989075730237619573875801396546127434289191754834356826177092437038839689727244
406 110300952544768387115303413370936543852719816004869858497955620099991830401148651437418243378896629717470168170282843050457506866709448753761709315118822203816775562601371821266879966878537096845758708401802516
407 363869675935389068064386551097517910281997066144963204066936018343438513855484942932830763467406299500854230599112005188868189908389100943918767514124542788774782023286792146430584668977763368817745612310133896
408 1200365955522778920769684353262741809620952059775910267348205921726928475365359414632285759955402404548920071955027809651374128668625762532136272925673142364247970113078306027326591794107828521429736938006308620
409 3959885915806417107685813944026235735140184752807010792986277951890296714928557376911189361382186482657461777589195882326081907159711780941191885225081595516942918372514865833299924457680751263134302051712030376
410 13063299138599074486573352440673519808746924120881733454491000269344007534419672385569500556682476443491390058639610517402018968983615900596764085673303465600637018556082852483653274100693230490467258588651956500
411 43094739275378842648073338004094183076211686411742664063375843311252409997567797484287065696828799089346938947845978496024538530938019934363948979195965685945165076126535800149092371931004153062757906997739906341
412 142166353928843022282347166665742488338946371424907946550868270479024699878478582949091422837350354232666096408117333641268468546753234317080748178150429321730868554298991181326502586955399737658540242874988118632
413 468997545727375344967299081983616062019065939946196023064189340265064894451790898274891028918554433902095848562450240549785204936652997249104782580402254408580864166563270682023452000373862848375233120214120099423
414 1547196541670706101378933479956612282724701510697490762770571934120242021201098193999891310962911925949566800979093782602062761994717049593241776337529484160733088305563982113003760057467594388499039793589001819474
415 5104128127815067653959364109827599376119191633149238365894498081282131078287023336207268257297135907392983148025228289520294353670817854303580336412737571485839023356662720504632657564768131331770774385415817977217
416 16838321997954547685399722238688026564009288781103481859852922123285923208031468292825012663328602041518958655076322255652029019018782211705108884081752836099140202926146031221102233815894578590181435691554005524622
417 55549123137864826612107629256427104729773533793902422119706274902006613437758068353152592833178108048058787623248821169423351751399418613944787007182526893504193126494492182256944203226292512085610490669030006886295
418 183255389223614999791947327972043979640409246891886964416679776723540985030471113014725611234341072715952052325824816198836662959684156210740812130828046335094302742999143154099690576434077038949097279486691941289768
419 604557269212279236406289326325041785277423725857093586561518156997273227376817335469907342809793913727372296127552383788459165744216782675866880912551304433041628731535828444209414106735689053764976486552658775195122
420 1994432208578756873120209110573945096127497349533456791820728883973180016580807482591331451383773589920799254543442282076475775167642727502373432373385387744309860961535773162712008769970439860139084491026889182106672
421 6579641707729719233949200351343612925030553827770420471425351961686875418198831405966488999479762752523073412779013724537213940821893495470384399731218279535019647778979676801222294157880437148330038289160926522151335
422 21706326926431943146668194157990801131964579577910090405735834730158920843332978566666877612415026934927665764177301029674066846135639600545597730590838195103831758611918272084723812126658002212985882236121577653788802
423 71609651246815621065577729574753481231405387730613704967898387415433729902121560096963525999908801812609576468801224731463601993676359555067494565768915978819500310317675377038233711215753267076240416331834938740176521
424 236242427391895804931288611317060375831302822302152308546326655867715490392175687980908918646713315869786654383212745148801277691251725373467795181372655201751130860105522170409726485427083893153468406945519119858213046
425 779372984848595900397155319032511284576920322899247183067266753342950201532309636077612019273242372295633310842806369643830423148238548621060296668116218167428380496425222792713478195529386056371196748756040703198434129
426 2571188448440902065050503573853915637185580968244464002703596607083045339002198390613683315520966536597736626835380788023552356344114175655427366971428238281806467051032508736856478518098085683107288043360465175935611452
427 8482494221465170554507853056371687695412308116559941341945694354338814003629971366652279514702472073911346568041896119455083970700957316965986905344903694756466715370927720114369325207997577581400259717641695242692489585
428 27984292757827628906328909027994384109994559341033503438157042305793638125106317073776931485361580220212746338781518598617423053509286229266550612880226801750186831632970442241456122234055804289383193939244904201819130032
429 92322210112944292588334608510516733043408250417901037995078621205355419704897701144554846209332762757638024761705136697913843987362875277558059915567722271187705462110758214866855105645101736881492998024852064439257948938
430 304578426478339304002031602766373356082058946499629509418572031381939435734524697295877622286155882909669493224167339564726049069198315259065084515496144959708503320743105357129459605621746303595246787731223180267928874108
431 1004831333233229390857954948549418563343990193029904645601886870231189708891973904105391023963043222019330193338497218657323558421605723661022277791451398066380225103088570069936754193528021070622763181775596803125558514700
432 3315036227087168926881457735837298883478520698420061954275958677337578174772299382071014465238957737684504053876541305548283786356782180954304936435216672801463100529866854525637311468350182948340407362527282057772006755972
433 10936653760718572452950465480231978994668686391267630630328606016056916668679345222693351776491257963812298709403728513069922538331893700075524321612145169650448896737251251291065276043052584894426657201531876588059140442498
434 36081261846228415540349780756275065221661262026170342436088637210537212556371826172973448767066887096945964056778756573291705618743822475993238466439635002491099917209409102102639064627512519759156068531909793723702246582784
435 119036469274579649829702886131775848387828371637398051720595059921634047515665615899697643488148512908337331525253136869864568604823651064158268019941500674278099301572082464288831268025937147216688989154307148621062256803187
436 392716742481560338971467748692443631652882582248812081495132882546823377365862565204142055507284528952113364933974045431822764606495311163664997977615513765054053826061538825209679614363230486701071567860906888354421339579932
437 1295626589902176389805779827627043443295341625423259565234746532937215310255866104953835059777983557076505612665562249139828849735738367265316352860727895257022204847866165764616434651785043897770308299922169617718697870089499
438 4274460805681337154839826205434970369701382010270990476181176130921060237604223147581193939128355138995089809369058684398420560911813893066976604447401250824105883148381353956361555646351413741260497940232535462085748147966110
439 14102102682570502636076488098640221319284668737369299777070988915736631148136437770552036374452937571733236109602582036303830961820463995601167226263037598006160211028854944457565150428944855927582688272069253787722772124875579
440 46525114220508735094867824055640954002689908122132127515701523588217256405048299638055014189693533108385340982171905758776745351407063193831036634488490910053007683744941954852243375004131694618507654794242432522831648284675610
441 153494232229286307227908398932238470756798606279512709045774115394125934944964728506036714460108437540181981224535723417215048233790172139300819310140657675513579085755816506183871203191589087292811844657507797231973766797851669
442 506404675408203946021621393409702964403071326109764434836815937690968129360050943746398479857052214117285648090221353380914497581482646961751824591039320153473773136762717011002240490225674349538866985221074801492967691994169136
443 1670722729114733847850998371412472017666398583884443228441936961706026304341680718310262846855532485603376927448702767218025573044931674158681235802632225224421939055147253929807603291272012626752450557950900555199860035949549926
444 5512036430010681297281430139943425891757856775675221883728547697819599034227709216941535858109453508103869228062137931305197993084194460313051547222526442958713286986555144025537185525368771659332451238050019158520762416094505160
445 18185313700112355048076147457185400411808903798644943594276344032959187758766424278376712670161367013476478312923136058663366273187809173297288905909492720697271756905122822468260262507415763527583844806921962896718316048354923644
446 59997137468475070958809913105699009779894305385950936306703029708819991635867957047231826935760593664427066315770480361928772545021744829190214868657431537683696807265232212324204924346609373954899526258778615191269897512742987656
447 197943513214500101738612950711210569036856914711981091156872548912072405020506784149494699516132470412250189794541344962171720846526183126456924177344553030183826474398268065577014456919588096321956734528208277569481599029418212133
448 653059910553136171519878009594987984740036044867917071176486555265051566301745635978084429168027541777878326490345549833683631361938249993872694275969525656124824514924163377034067339180577778432103281651136809286145085325638291512
449 2154595642024041506422609173371229659320856299965917489434717724972922255296827218631805058637157538623164963684544735838451652408510486519977029855258700422797618554555157546430099717453460661902985960083085253696877866386349300796
450 7108525530994932997705856829257711216076304979227568871472972911530114687645844439616778500557308047090082820423133413954573416998145975469650217497649115378910157275009480667329895174983297947042137550313224853916520819004632007288
451 23452776870069906741209111214545177307247223973288760991275819472313319511126332179159520170874533256318100515650607342147576141465589192356745342928453820820604588096381501541430472142848490717599720581297498899040435504609004737933
452 77376664627877510282621322909528486226303100546939259838571259805408353172365396110795117116307403728588433379798476038589444003251868597483763472408496192287990675312310314210369570945671511551131832368799018279181863429786299179884
453 255285838610820929224277608241659194246697558450948421701442422591265559083041362460583291749498719384850026165450363162773185328186340095611809595904146941086739540766824526786457869960767920432602131141960497453571490704934675971554
454 842256601844463645108572539219351931585311090586402010834692899815278085447357737326060101336561068860177176860411217455130040336231706046955251034212002225039982710101905379917503687098086774450632077467120091212750325368449981657920
455 2778837176828412536685811070087096371428895828525720609731275301791164013968318769602241176802874398543236665792674411604007712695995132951222233175206317374893162374282697352275775755041819241122159163101236478952384598788641700553966
456 9168171949806339033327325340634608732232032685961824268841848793783491692041874749829676035777706990642464274972728933113385031877353509560069004990738163829954668892181621866372172554291192440664296750046631467038821763118427546989104
457 30248466906831109679519027012758122419872491176052553058705266639854122807111014006850221422780748773020854948466869335770980932517533698392907968290648613852443869548548064839629656959542487438075531469766958003625027609586445221107234
458 99798715321246354732428987322545808084307784033884105220019149007492584849359340025918493179780761585997811870768558550038691630235359675779833749454078529555108204594542646814016065398719685045142556311911813497566113299607051369186980
459 329266459657813373137458029587330856392348318998851554860086565482645693977787588461917867622775591740945922858320378768689935189884142679858171335847934500135597304482895108104398954725055474044895200876686852238080949145499855414115229
460 1086353064716003306771601613358590569870228082826103066669715652764196925314923531850344834436545190739132104802910104167804830368065563002805715875827340988223820529777814329909850123267508677406506448354223617996180320390091971504915400
461 3584226498236160910614976012047979325319426158340988374737736750687965252996615698424690795679886911915739929861742389119905272791646349194965138932853804890791370036583137048750532225314933612003443055128590794067818306116222402186538914
462 11825536344762666399508538347768668527026327879251913583182240515405164348482073073043720900894333769244820758806846431278490834740773753749596363730065056238036989296828314591645818028097946125990427318743058430725235040765289854461964828
463 39016399795620883637788882746176635871639790955739564149752946977311965732242741195713539183976983984152250762050457930295221068989955902799664363784188178453080733903045952301012845088870307089542850553569506857759508075018501524447744857
464 128728431927861409340548809541413435147455249697618020626097959977441321464759883287754953110351141593487015052647667020187562832176822447401239375325321188697479017202735053419106473787541218342422480602905449276458826087274792621038709556
465 424719990020434454306688000103463766491630399661068681468207381169797117617140477958674710261230349950139140158037197584265335445119339867023218524618004543038239189852753527644089598315303430993876908601737691561838549380147235109425251178
466 1401302375280533020715804361807871890155841926894357897528527891244314353930769834833296543793906249414792272679886671666030490490120647569795763687239676631081684256219624945469070521924447042318412699133502942351703763588890104031617404888
467 4623405052685152191458891420772136862509370553823893871408570309499239496956020282907533806196954544996846368876965339452096176905363159561201554682831935489588958905426167869939564811393732929141314987719230089009827658205971300041067679810
468 15254323549194386567657408849380973639684038803149538096735558682154059863936726548235280025164993576792929790109409705854698570634557712629169335088304116111188477625831306131679559842588814199740878955294909269949737353853507271166486729152
469 50329763024018197738067119673544784214828299482592804013677940295851353613679099429397866000702348501161688635882480836461748545967584838859470894583450534328462498871074587669044471425221191073906725294555242619925079806790342308158087953463
470 166057209318904275255199011194134126526016983794966261800297349452978499266807158550365553696463012257286855964511214030954983456634526927671230035718290084271794779564197678770951239888103065291806376935879515392305389074031571883425291047858
471 547887634261605156118091277902979034302840835301933818544074280429669924645354728751527220202439423375644081054577220231171552055487685879038973787496866886277993230529291256860266344337512292419217564483803492163183745846356816114713319393595
472 1807699226886110443936815247156064013432863944790024953320584064652028449448696092397645430994663978511263410470533913398599035413784694327001516989776078045706916732112385849238648976795203474065518775961924567600126349409005313724523692788102
473 5964331208328059076381056979633950406829372519287107474601623021016251187146883767899976543423851192019202531231162042274830448058106236223822986993512734646808094313634118711837698699758501812229290264003157474458085198660710629442722930511061
474 19678782943171542526663789331278464205717913372802400906245794816023525582517978921432051863153347359970469900462551001261316721717234257805321230847088638112661849227625786865696845519447701570745479999753806820455399916805404005688821749979956
475 64928537057630813481710693947737473553356963695093824583803330032036250663638854372973528230796554734893078853014100503512060357484990744320403496716676023929378436185304674043721484264468727141824578531055887865387961280953774936998058996093239
476 214226846718922698186598690041729864816019079555438926292678998566547498737968735847509148781308041584213096969618545443114619998228431603505134150824702614857672932785796456518415592134600152000613924734914974338113501314653005530856461265555152
477 706826892817361323392916036272082333025497921106742459411702515739623222683857345588190981183356843170901558245345147227097327502240718701482374390784948382642068549130351315483011612578942687169346724591264470895902605173215170473252413702607070
478 2332131971021443410176861287758217379087059421102563970880836265962688800227864980734919019380273578216033224521121647179195572760190594216820765700704303035890364036743948326210567911191564326916477603182603489325694798941857343400898472976899636
479 7694742043883418733734796309425930040512142376234593700281954448828716919619003779620506337077639201214157641183066560555569249625514583090222590197469650650161644447805909335377232251774690935008878015877160949712792709028195529678322684048207964
480 25388432554379215087907829234773992474257775849128277667895304237978852312323390674519192614218420073502516723576194688384451986964577041102829317310004272761572799228998196960997646597290053327498052281315079420695300362900833124184194306641364684
481 83768085590806204295693791823913032030944275701973227199956932192164545500703881515100213463437743281553963656360836488562509750232652115576740141807275905014382186980367171112778804156579831650645526353211625582802775676777203113903463224210190190
482 276389898117523886941754355793556316953651582983701384439943414620769958813570585338724771727588567966202383574733991727813465035790047761366752589395277082414899519487133894382994506251536974175876156301098868990535523422171693375630514415990381776
483 911940727592810582040860600975184871181562323134533392667516028828546717750047182231938298353534912868003830601950372735072700375507009729490406470600394619752689381068600753038249417392545542761257709606732716327105618637069532576946600862646300589
484 3008928896598284090657322753433848123664567114407356038553157031512582483218492376491060899865837013341515694095114501358706577403810177150751545130129378906672486357584390269121216141483577132632610774101770225484340767983646515359143595334506252292
485 9927916186232312715427618017513910166350079723923866936271684753349621233603980561572679518708222187876808585151593941224192699734690535301680567350943112031404114271343980348010593720205218822959571795583956604761649964598318297865470396530371846991
486 32757076830111579799758009009598290172831856529736656361930009022317231032026913696294152700793857061888786634550849626320413740742557061193683249147359576469519697879662306535354047262941599851261933640248827596589283894958076108904012456798087317806
487 108081915623400915675486227920685039642479683986060718062020933828753928617102237245416243396649407952052381850138274538158250125125581605915209259561427367904908381247267989340509994134451284906339703681269281167522846166829582275853672615978842112057
488 356616785512205431326242603865994128648478929416014754483295303674857797977784704166532120157622943128779422131368278518530120808698279137865628178460745073922885455267816551608485111728995201254732630749334857956481611496237457549901271742047143858090
489 1176661053027459694440337183478290905396610944489797565315102260454271707467625376292452930030660457369991725236273198945075519382573432736841278688517886233122452057700438962457846128912498846599389282096205731071037614806130194966253956422838445198437
490 3882413810724578416378574179308062963137081269432895298219901929900202463076419701369376288555277028850593116366309020526657044683572136561273555493902101853880038514120974667435580424050893981541538469988557643885152649726564823504106163972231662033920
491 12810117435545849049042434202063630055122509620316892100223914760481914466685518135382139908816366786518651604737253645406652140383454358139007274333514426174823732768540753735654302867192187187735929143475567480296137237826105741684594267309911005459542
492 42267371320491225206898329301507356778692588871665219620969571036326971265900539816935188163557132207838947124706860512123617020402332277730963378061962206623359365052980654296247209606811478790289491481036039887871241651322457447785651142690962385555448
493 139462743397658093596094703300949883098489737017286097592629346125457915153161711646760442705959506599028392404449428473447464763369860690089209745280028159979377836911693094773834548847596771883319059253245231911962586800720291813175143528861749569215438
494 460163325037812636466013473140499613204344480053651967785852282269985478699301303323174447994236467081094978116412497641190176815506932802683832220968228807858743508359411482668917242383335889359046008919032328243281949987581706526899661845272461383238660
495 1518331601636424108165381802920074225501491698942164210716515720256469359880040446480398258492008374320595738293424885369940952513667282650261062264935331350132382298362217397119978785801743459769051622386070756477672905463558377497217562602168288537788947
496 5009819595475215133949723816832200244058960928649311054021601006315296232001529401709508049840991157430009957139100023938383165427383909234639525723872097861266618225914998877168329051429217982730805360750173233191814022870000578250884955024150490156975308
497 16530209846561100039086860697467329355239451162949321422152902746654516180985548747877922402659046211800887026375198897889221526267044114605002014463393014082098030253210230726618503877891257947216305679510262778498928295549506914547060492963930362370454998
498 54542553622232091776748227970159052828765598240249380372345492664703358407538713799000341105664681281189173508565780629289383109943520746040740655875089337342248222481112736518181451840183984292291372792047447122184812749736781331154662363076801377855358888
499 179967210525442853603587275063969943137789227433088439337106640564083576927275474930575190496007837054730874014984256921909700758119010887190994739198475763505960135035188535013566529062950908208283603502671295225381129826234694729019391184939915491301231615
500 593816303867923964825646462806125839767392488324373687559305141918731151327645118461898332364852633686396437217143504467821527328995595103400996546567107778059785471821227389660043894230467783954995008321116921009464471875812221074785947381858603211349242612
501 1959348374379033273112565348619041926683432229904733190947842161906050776261431941253324273618326436478034415609799944887401386758796192878314492113622760608923891440288297229400659132752856619761415729119966314076765408708908337017426680524607444034456348998
502 6465051852623176430992881937367792186824198235037109711558096029574909455423740478937199350057949182496462027808265644733909068631680116621288814678387531042368915015897964405890777234349147401640614204872624006264625005135008501549572037885327666199765821392
503 21332078294935539989695761669831890128344723036383108836764736816783363323615020749096705873093958595338366860139501006679993057204371909097538678231219656539278774077510590207604212184550985303659204168822857132497620508192139452673210372628180509132961897370
504 70387433076925057079638179854133133351978197050138561805420281993801467985889373363803483007688032229961522642690175420226683506754691786786136999316312192288524519467121398936568903672276852226637162907779556357339588591999017203589249533261015771753373451232
505 232251156198670769983575946678147120435605007371938231574758293576629489449015648416806993393477099224363828001508103032760737572282262852624514434958923213670570580685961796219430761190749006080151510259889115306071215254405322843035203002055101506196663557350
506 766339899546533297470653534217356614525406708848032118726881782340130824337661185595224342307437392506757941054088051537080252943280956200716728994312011195889894376131818832926121685079810207826705864315907594172160770964818084953917394467431413391489611699612
507 2528632895709665029032830547876764666065364125081955270691402859341157701572167255068104622956265961325857844724957409246780712516789941336285089303099341692799943337035190610819262479845744578458713925431870999965435331259018340163296819580369080879946341378095
508 8343550886485157754507372041134317303190304799397486596249280999188220513450277773310967731994016386661390983345079067379601668443874486350626385130152055143988437546544487916342008210692907965375796047277629001165547174711537872987623789471835191703164319588952
509 27530673836372355145447226041566867362417674391018229496959876244825148456592713009991025349809411277039941822840882817141779073380261258158256821662345037626098183307554913620416194817855155329945763776883027896404164324334686167907677267473737230393218877648583
510 90841343213382894454613705444521364801887399906491476113280561072369771393435993561621695014531021793678870301709759163998258516452578052034620013140602768250971603365643537102128329448598747341050966105624752267719156854171886495353153588685475395264807433638578
511 299744369562795352642122216901465352642651078383982339810691952346342165346725319346274021394536930933549917394111722658434016311360985495438986638114031642282183021036715182512131182454926920448448118195574897989527836489710006364873003310378654837758360265156625
512 989052394262996091615814213641120460812957512234293095764973258324789941828021410018169704612383067304010462136321207995617760624965820667794325245804619009683416633439863250131615079689140940633056121120159601373012554039898852447362188930435835345575980899181390
513 3263535476771681051726577686469345079346593862895716364308860055258459597989001226948167785370019806622399193480226420670837747248170799905641504831337924490749052262511916926471379681403633327635021526638053125825764726090962315641372039719373925242259546177315911
514 10768572830202923341393944550615169634308054699705123632046824189329179712817138284854950979080162687970512099615976009554665563581104809353269215548799162870212930254424560546746080071710309544039453842065754700145536926896267584244181050640942633623432005471474344
515 35532742629086114546648554014814954334185459935994319242247292773497148114207505326408998202255071042859105796617706867835578959950502247107725355784865926602971456154003404199083513180056793941261382672442899641891577362378982074584360093648523744818867949809551624
516 117246551253600737484628526139768828882677227605200036978411999733478786726779073426947149017928987586411793589223159024116473183823944553657896831040451650305971667936868754116781923532209283205836333604594986392104375594747556000295491968900741959079230290304473800
517 386876354763254580895338937713052646648137382774597999072846499240178463147294183646225087314126814073468177089504151227417046094884326684655670130070062997810286229881112889348161086386492522779463926557378815894649424535017924633162568993684663861126650781299183489
518 1276571245536205913371395285897376724770547199431316654868245888102659590210174923923849792172145313582084823128731470515586358714344930672324650030859485312463965460997257477923469404419359858320573469990809844627117188617655229883470833934350346829947375977923800950
519 4212294103510653248760340178669506661030009211824445975773749904333008659616032916576140284923637378701561375473284765820789949221606490318799222147568437548768399473461159071005307231498044672113820905936589535825335485803938526481341063195170675510175337113657329879
520 13899304497258742674415417345110310872897593182685925335732745618827441552753514304205448308239397401717385941890425238014821325133772352666906869202156311849017191974697557425087765845398047220439990162820218345955974132995704975321594131067876489015885901951726343410
521 45863606694233160365320451510557641570683940955360660688130610374846393758413977948378623718548417448648689247118600315017803237648219534058195112446002559194868185913458570257130805865751381379067725468355754430351598120987851985189070720548335174982677697573813302599
522 151336640503835473235709275508394998090072855890575400344878004758318050715436561732802905625702017608119604298470679384037178054285059529090794911578731593593020008724425400670687102799462914815776357118549382616158260210881370784937675008804920765502497453421239911244
523 499368012591831240005312040325095868933263570378445608607911738093682982759946467403966251975957025873780044383530656643425938200232323693606929206052137754615092451522641812437261137382681967016956586101283430881046713230346483028799069728154479164425647531693253349989
524 1647775701981385793194350641392737878175616009471102902426804858336920103738143004508642520564159333630419592958910962068822870471624543652289891772072844467767502541197665441759370762563080604460704193491518055848886548027177171988529566317048776959791046316293428285520
525 5437211291356729658795646616447343104844709865699557365794860928616657648017043704601522325202533436808220201251960360057735022794962465296629240857425513132789564554514619106559257287484705843697123949404395521496957384971928563684699219653927659298220507087219180823486
526 17941347749020551208998884304357286152293266319924511628572547198063092716202762281975036968444785655795889079892709394177948759240740276798114117129166880417689840538460072024882200726873956428416422246458516191969141077646136754327077193896147224611919433255110895019844
527 59201764834833987639790798087996747536219984475657685956834180561540490812052675255944015357368339141336947547274024830071181198110720326528374151915360311790896216192146862491023279392340047670935601987788089997929666407692833606294029219137540694923688958149409785173606
528 195350701790586326000162135604403194951930627514970258566331720857642073382153303033163503466329561031316952536840085638504910556683985816732005583390831267653048679970202302490734596638875548486295976281744074839248445700627748376924511209964614765806683744369783594302556
529 644608500396920498875326480340468796089994912002120156944383407658416415258071727834011551001087462075801740003945924860197545550370690431146844646106037819135220284763072119714284402050270137573988854815304244950487454836756959541681603307137135002962814597462656246842710
530 2127050535427573658993394181513985269415894523817210458975331540010772463144638226542894800738263697253480385034256159719893725535106880572393618761129556064789389393820128928759451734514032738229870931352921090608213785486617050365718228184024922713731222252906797345340224
531 7018758717541036117777779483501871876365859981149021771359563188394307688010194551680182074699253652938754647896184098230241755051442003971017595585811159395769421363321592961558438776915810304139214753425808395644690857890086862564519437453582215479182682433474982691535061
532 23160265840948391697035661795509687647592350866790509622145101260111883004260611876065674139390173704752078365825919437285434578507087531526586205117490110284771662788100214948527874679370311907915280150056282744258195346707987055040001234464747434937020250311514314653381316
533 76423599126405246221027924524474161448989800039117996310679140843472685542154527046867894756344359718940849726702997103640439595502687085155981832563672395354333518028249865147530467690726787471061577980295505307725604412885656324685261553066988396780897336827545972914795295
534 252180876758379121106315320201399332942732127908763345374700916983057151607854232584046122599745290564448823321686677768801612632794380365547485229562151508013313944612437956991425418392084509213849491702137988755084898432948968277123121768161384519588297366041677686434139246
535 832142164724749467501196340724635666189264896525756533295127594636068638268587361693930377332329204842083703335712211994417986156578446414287798453838567279345499593708979889844703427144224142309344882716099183791411279183278079673062814204865296306600894495351119418378275975
536 2745893051675945300489393891525206484785741522420409997672097981452786272224849502410019443592493756621744533081756696879920485928074057366474005001991722297419406028960987316520883675663606608073546979666991479666099626815422868123512233490468579386573422200827761801399475786
537 9060880801690559844001056728406988560086942525461389902710276725963733763031726964853928629011238714985978196715165471610681207565501084993012288133808090484317788418172778865968920440785810436051716229646421270909105312308585697204134635107380183630097976778145850774099430497
538 29899086727283229041193574930407033716408445491378744010952905023379040369415491208580989167440499103818673850688832473566288146901040924312632620913904703936629480155783381893781831030588681068641901223575585763173878205495266751054411998111427100139637761226331200547570646808
539 98661140800790043061707714794740553563936827804778636045624303172402308170956401025957551672065829549341633234671423955345869032100471919085938271938296918112625497965232974610186148336725030208921960270257626851201275598382626061863228970577348461632298934684201051672321820504
540 325563001930763616995116642760137211661020445113922173266859608894992948297274873395612709633714179602081442768415543937171850034278476303808546493725100742188797877600398139023245552221374435422647490675566531187566217026674060847903973733000001819288429077356250021944419880632
541 1074297722357222084328153859304351971120278247822191366608503633318076220876639174453283142863307530342024781832737278698122226908928118914140557186856148896603392833129380270228080781093789960915128309942878915119195110964965716845526174578854492821903995791195312508019173865537
542 3544989573862688476840114349494672370571615978881113883812421006713685722961236387780041287238295421164943916819677900240235012783230636101197851218900408936961314973327699319127838631876611934414705296884686963842626623714242749569831102620506959638893705073185986449203601265470
543 11697847722213871607017353088421516393744830320313950355434877549214975968261885331473853626665354495237707368207398992627812092108572220947985561661173188257245194044423439264982567230167274430638883098370874468766094034833433658424063942547812330449100079583494799780348947609053
544 38600920090690594163833789202277614592990011176016730707450947637843216658777576692071224421392592617720050276280866267837405062218297531437539061598499982240093751204420733165188885113237061556748874632813734584279836146694696716152344272295229204595356755167939847262163163440162
545 127376713376700424048584367801376576500885602665039284957594550078512121340362836783097628719277389037473677615294989162345801201039292010103682885256186756271796216801076646225664593612628863684849874304058442368467853778090849591009022242300635062278683364474513781983887683848937
546 420322954193359150339557632371443026207842338542765124189710349773240590349108287821592588908189926716106186646753686729605854461380067388881997033268681912280246193034977191058456329748861124923696282182430163950063789933159845057221958812028528431259370404891064136815759482501560
547 1387001277711186586803468076533806102279323613676825170821692462851899777944190236325187235277619043110787468175385222035420247960908169888314990865065373424405800544322992316791298287689538145299052749482859803795375841020153054365463957896130109819506709366774890280042439830437027
548 4576898657955193713167441911855763745269670308883459185935024300706533288452436371696205294674518774905919323803499394241253084914340832145640962688293711136121616897257980578864667464220822829936238509669490747382275150938935007381491298905850108946832464107106124980923921663302596
549 15103110888878090104663646096354397550778831173958412689581723019447137803196104394743754344364193587692441275071393875777186819373841764765637017640482560702122591463991055900781707919345258339965732515998454464023008308401087397226616936781888596849469292346610519427717621991784946
550 49838183276705882351490365300408137122690302580498976999089650211787588939269321765448303345373889318826848354742260930872652678104336927462997902414828763251182443263271708813164085209862439216061605889359594642003841189412706429987322485378189353437252646519901671671529330388755304
551 164459387836648775134652806409972488495215788632517693165305975021950681170099414050458884858719894032335121801477797467002853206709053786621473043765749459468612682485744160941513974544324761659365713172414542003698638334153973642241024396307774085937782058313325154526769605512696302
552 542694984884246081178882273523292668240632344402489296444889147025773152756023755221985679661964634102290423288514409551340459652541006341363803855625008459694631487103224263357860285170541719387531683253114116808905081906795206166050585943907265439938227957432889039797324678401281160
553 1790826932106169613828614927485665834392171034221357475946323113926155441439747634788896936504918455104606656326210831310864425762852633552292691231296281235617661795956540745731590490987051590997742370449263207203032340081862928278998354630173339846630593419722234249012846111508818042
554 5909518459453226795273990968134035073619814646380737332221295197886028725398682371613158984096878168452542036940058331337563234765258635203790747527836279406996302534356709589317931740518433841928440280400033879800506998500390917772536241834513144821218538183570555485963151652090070428
555 19500746440548214647314590251405519549823691917784481662755950394938507209620850627926359440180672494892104962851194864185279849249889496680292313626912516536816440320681883857805615373549563558728231618089827888417032675563369248658207497979083959678035422073402846617087112842985624423
556 64350368796376651156240526992878957668132815557777567736546499494487962313385023260552114165856514125422269639518751553244257007078766635418248481351743976429430305031346468691883925048954785584901437276496216600092247854775549569563377506426532499319917519221273162041447686942316222600
557 212349628588760175469967602832770323374312273842766137628450175545921859444047443486656448098768080098300888519102908437460398956736328053066963454326644180452049532610385427836982590390165484452699555080851383288262036740409103415887807587496906579624006382433840765724473171225165648432
558 700733095481718894434116136028526192027720118966578575242892465284300798063895079892795244027955595127713444644311624459576593250242094551920994796798307021053336423927169677624155598268763441444698311166755454744837051152639989302227397771378015724031677468761191190752289337332265415888
559 2312354470239491002124935921934847713527422787562035922864168297721702439253243409320503742110309191205962882367673542387946988712017605826805858915692976420136940841438221733495289522983648767647796560718941717767999764782893727184308798849676077044831381967478919500332753104772463338779
560 7630567587691220741229309482603691055749324404033345581324188930498182555319355979470272958558904694670801252055524927212268159809558347569336673566421929102267298925470282089041194387913812264340041642938738124018697986319086412647094587133386340862322295488428163017810417651343456329472
561 25180243693688886881950882702967212989780787086039122221192595472701144974050095918928301893065052214701472295218077298652396298702404721358259480719727322777364866333176219361122651270913779137823960600277040017578781181947725466259986238989431733178473883154102110321174059660506243902192
562 83092851635100064213977926900022146005684976152874497637795981647383433635721479322992201813864028029948825082071407412368762156256275565306752320261293893586331835014742731613795271531827732591582758457757298567879036198636168665635557334595900012665682449181579431176427714086926899574344
563 274200375672344341152699748426672424625152327287829339471881303847720158669792513582051420100564553153359559720343374351638689535516857670380058287942670992897323778698236692247274219898947110572317418633941401858398993131638353317884695659231731717661878274654109954174159226341955674961910
564 904842669132133524923260345362368142120851197764294337089442405416862718473156966546410677470189733400512941777309319140926486144195594945831224355418233838490535217217542974058189417947642882039266646910740740377626084810393732597122509287835244508040974752227089955575964445687331333957824
565 2985923944909002484089691999268553923088933846748561424135781147584952229419818736941663004893034152130082295465342908670797838012024601975625834318978137544289928441840651694918547814405959072873559047741915126641808680071997337065938311616197386851147890047877517758569560699168566481486785
566 9853375903785141469116094743799230260362759118428370849383030232427690648757852409681458670738980066549382124458459431349437175700920471411056994008839130064560607249702381643461000859545859127120893431634305002698332387669718138316116536477394832245230035929086285807225426288770712724327614
567 32515617001313136365926466843430452935979377490800301558714733475131904340341767693249584211052788768713555113302305829150483237348630223607390465186695712022494221390933725831332061023191829982908586731898344367185297900106708570538971819576229272444297549202898660216801233542303144437672341
568 107299965798309656415481475983936684129808444431547546669312416206816150823038613605335690828494021920929486830021980852648602291200072214344159214862006476557920233488187065213453262941829150490780531972585905082556075263092817567948857053641498024829603728381865403110236605011232640509694506
569 354085222033621409201600967697110276080204271296758378321844177310227264855007446325481755189784644944708133356694259980841676518942936338846296616502143703598653379992220581090825984740019751569135214026369515423708154866764210291774877621470591600762390179181958186766388500198997074663309035
570 1168467537805294010984674040228241045018834698160816468904828657028099906324507308323430035778789543600051096743096992024647476335992905939514335793259008944995551830888641655962450094168197390167430211298813731443200361216264438148113890965841956082885910357349342425291956423325921275905327164
571 3855903272070046356160079024598583863546369203538118327839389778474490053653858064040197248640747876114402174066527746985483127220187868783321093491698545105820330718658280439739179585056449885587536449600302937325099035663495123952205288193514134571480252154457646346186893454919123745613314961
572 12724368494468773700417028302910759910287537979892639838202254700248471911700977891901857213830877838766234694906417449887716955022067458685102336684989214140242224171741735847235734763913745323031981300971401077564180670141713702428019506571968910281424647820124757137528380372174354310055953088
573 41990105895751939907977798028540698253317774564084626589890764008820179287992282674842130597616414356437500235154483745861936095006534750046464511874879269867542957224439467365700924582795543617240860501919836550452530655899553944722641770108625642626446050338739416239531439758477017232302606742
574 138566524863021089051245872996161016618206147087724124144555447789466751842324217981165076134169145310779223844849536786666422926115282524288976424323170645616761459547118690921885864409469006548781614541141392467715250298920100041860861230709985168177805646825139199704473421861270483825623778196
575 457267464888830674193762583718497381439380964691892991438304238191569576936042309287249200096110090575219233011674064797189907420800380775020340731776556838397101065007870289370729753178753270334608749919493453704387556480082180550080529224169654230430490979974642134051543329009996265518879762308
576 1508977963398748719398395563527129332647253222027545557434546576397497390012302230515220816232864714186787340566745428708312998199240325831001614779699454033213927119490341242324639997801421166323144330763969039497020590795979210833377436341633502685230101948315783283704067875164046937457685345388
577 4979618939788937920925156312597499346351529895620169606750666309899614086487871026208853042482592609803148290646013714082462173460119444065575250027420839509428462522851511429669638946579467350481299280604296731822606006345985124950029710601049680429528873426517384849528144388267422762684664929654
578 16432738246868289620218782140049195333344949748836305650795306574133753320568473111012287750990441474132801826184590833680499468692005693289864717485130868876078024365285986477049254583346310847877173381689241452644894483531097855718692009563489643133505833629071741105540829699068593211781669384704
579 54228098694279859015711898386810411921674828798171481457012672555164091110767666931239876434024234281837810887005519648648147574472292162159672118630355801513052739806911975234544787098345755506436376287274193904649785056428577280626923365900389725779672402776711466284106510576802148934510222313515
580 178953183543048036501087641527600546739402212897030712813262398284987952643902768816443390344943314169026324781812443356976590397051621391330171047514913360181127574475748024956765117494379520410648017812635259499938697366616606326536379159569705202338816657762639554759746271426007348634788676401516
581 590547844342918153288611673933274686830310566030638805086250487008612162264045806174658664952943851634995019125456058805656229493973379375847740202873903962727731980890804229936492317489762242956462645131873643239456806979506961124900806759115356971491755550751817167656731196354164289497620913721449
582 1948818326339826264385693121577117054324930825514303962341982093255226914327277100920402431469953444141168474712953101700091711779616954638939786718567185733617625138413551373791924365140244171511873774694371336750542014414354496858804333361438549716276889229756657820960143541973966402181347895471634
583 6431143883290780727592844742228538529588095033177502097025093529932314628066187574493395216039378635950218907818814163900671801742184185124500067913660301349769402311205874811936522860990650186161948498444078189343283895525286985402727507953225937022080696504285338286032405282186783491973752630392375
584 21222947507557406547177486631977499623094521763560579780502318229840573506301608921834655016836058387730100874828650179157020389611169835247956767738692350449728101165024554951748405571529442211046791773224944240928248184695442304453465454738465979646169969129552807631091226427425471182431561100294134
585 70036393531143607334005389948072772059804050744415957323604393529568243907100997321910628533249838181768934981471713463671441217826353643695466940479899852641858945879262307904691612792027975076391381042503774183999148412773827018366902299770290636446905884190758112286260261958457913626326290934542555
586 231122617570028861352978328321605187165071468005365903217858215801546277992298123601509585473002062370976850637913893173479731761442478009311266197189188670123690589578471673016619618612255053299710663230549279180471900467278730854738809728358393183997562203952051401466375764358980202593728777394540864
587 762713998415750622175037787665590494064642688476826566507355714411191411593424187952620862532132015258615048934409528287943573429612558695822271024479580145933602895716765644252274448242495657995129207271823532259547356109791358727368062402802119963354663482623106951907586644648867777698655694424109778
588 2516990531336603957615563892501925102627473881128903066307183787263299232331918582770193861873650823455236505365465450462437841120401508295475877523478169677075047810763666294913408805505314936142076803884648803943948967091382133328054880169217085942178432166268802217435396371613016607598745210128025192
589 8306193402560874019231382544948546719044218559730045423523141554792283727422442380117959856943350517583139893023361792355528174787832743107462747769545946241680710758874811526224869969794271457173100596029523969375508222094029652492892066302004958314931768067243707021692736770509009904956499346658916696
590 27410886866167400411666732219775068192240158238655896980834250725125951889186382054485204135029684648657847841496636801136472362846593591890687830683649237431717992369909281403760062714656436846190598919994605198451534038463245264122297549229177978572136647031984102318117872634531408096697467175341491568
591 90457529839614863722981748948183530424673570158101124504653581956663250972332846762488585212782189627759887816056364362266279677244344579168960710976340030289263279508866048915205487913419287060441997621758281260138056171146977778207910946225140726027516545393110777241605334679709108295713231756385774313
592 298515542495655331805786372944013732146527934238527519458718801683228850549195002448833488098288254915799935336942555564732624930904215087878333380506105484292758661811027922088234467699008709005729476564086985898907652930339898059836740795287032838470327196012413758267100160173933568763740925764121632800
593 985121407870805351642654599576569381270829449303564655632330616873971401404490992262614609783940998604313904556130832154620257643363204634330592464908005958965108633812066728083127885761380595136444464333631550669283703870854620956839592784533007127161521750041467250964394709556938376447055340680735700152
594 3250971400379382010430781599859715001447312330134913885531056328410735752845080668184203791527683207794207702035936776746905862667503432996921969924336607314304138450957582609100346444729603906925873832279487606877937169290130094194655498737616294582857532301173737010922498063472248252663655713780739802728
595 10728453473187679754842624754539084470914243238723172837102565633955017898126950853358014919355478644386127839779182615524640794799690414639488427953299662815000401390889616579772157715630103482328744499479658311710763710398831517604889725860430403209727291939533422939951420650178053282086831509728758348333
596 35404761617636901576498886394706196600151778247844252787373644563760833812176178681762456542465940701981745193618141359589820531593470781341872156867016468670030876724245012456550419055478533271327375393056290148856112082514110779772925066600612176517290702797483262239987105234811966837075839163255124978060
597 116838723765166394401641430654274770643458921578025230254606314526530295851244591828423711064352010405922447915077041217026847415895345905466575533201269431142196164862224446125228933124914960223098850583577882061624775813495665602365363046396142104061658622443782723839136631590101024777456814778429165414382
598 385578234066683175908430441295910348116032571668770028284519172932828715446785920373119385125023259586889965603602508259871169635347512429857171270982414592363708153399268131357776323562168624874884508423164698357182644784374327240849603250515586806649512628403851092061251363490453604088240659794305558095496
599 1272444324771553899254050424533114499639610359784566273125097853846662631249784290935570191465361269598840593199476700882610592237573017009362851123645174259712515091446441723406884659381743481580737126100838328032121340198891159682679657768041527488125651659279500751502281920912926569942664933395070858223626
600 4199191106735256280300742960213586927494837361219516802232700082061617761727658964176985820296936917903581900553059263262354167144783058311914000449543742849646246456899565137526093721582410119520244910664665557628992694428767314658439498234105689257369860708564464378733994722393207461146449577884140005307304
601 13857760806671254573466306344818378293387631504683742075791361837258022912608874867171965721218411643319098770635714612600859088513990313835821791459363820039095809713030395222413335635387204820228382511444523059958805754856856985198815744226351772513232279597055828663521276371415167126248065449704359108176182
602 45732090040135894912103635840173300525347525439812184059411622972623793196001832234592543949892942725881119240784572543996524747758674952004667661880978729622861477716263303628573113525457164347229204081347490585614280015578077981362115463734443265933545153933170591333063663488021761458431698745191363591381780
603 150920976028917257879634189001606988946936617979235384145168110536613346067277684376928538697636194241625279287633131851995423576457741975717905201677485551324568256940890483491338980827384569478032595322209399799151766908160871067252062892087665496827906081118182638258926950740324705295233251267063042523118001
604 498056629159946699809053065328262273464456239751813349150417843903808253347990043455726315386824973525908795548390468751490413039604317290100828548341330683822319398907890482569747063998281415722182060063186608060443622474285767308565272504405782334582254859603185808213891326418099177748685518225588628375396184
605 1643646454951072005202497025088054533529391150783279633913251459660773381145635669028511856212997270995216736422752751236158323963214951718774340587507616823797002410332953922289006538785758003285858404510410410662680095279252056550056075872521270006110837020218270839454760132242990096158010580212616245919481219
606 5424236923132280518198186631687817395209171025984625014424844175101322819777179545418772863601381124521945530760944078330993345343351127841810347897333487039661404167324578421342424620506871181375054067373226063049373626911084648361195066842041328477376769725937922275472909419743403599137675865143664118556463050
607 17900676866444001094926120200118759913153606380298139614602988655037884589152063725055998961956790280887624982817501522169632548383077685212777406188874650110422060853201509626017855701084643735156930712467428049361344551658682192176522465144697702988045174098653162513251643825928225315313564400028934336504242591
608 59074603116333002200118061086426497666143582632932972413872453598897963532210493009325054347301981668647370087064528214554626555695558677139480243286259802881559557656262308482602076794616801978347611179582500636406009487872198153566755742983614595752418083598593199222318362785018266696135142546790905379489264534
609 194954259163039053948879081605124138783044760641667414141200596638612263025611831611657238847591513171687840188064178722251915323320299942930333235862611912665237279069149277098767904375673140799550363528537373778641748723831654946277610555284595276612525170070629727344922562296927976989767176430547449460602310187
610 643376503932041212238184627822533593818217305506958529009447491505540218301646859573632145713059000238785508639529722998135019154430434761440583047473673438802505831653070339547001203991391384641188376214797659592789881727477901364179898462289933817848025254738821699812327558424027209306732839826751828246422639896
611 2123235745993811833846047004800659599205745007850955846928445464006203180601199765590627269316062338051035215935715010471634469919791783581127935455793792232125482778180427248556233848329247962385495700606265658774291923628239660865296875165540782664859486577192559463960843301188561167004368363048302521587418199096
612 7006994686299331333855406306167100175764673598506400091291051338234121616343209580615550870451456225190706655487627005914388933244989727815831544765862893381570077709241771352088512841225983091064484477277851929097867490622104120753979469630734687274265156248703313913306250371255731817028917588919079574857024560312
613 23124156905588563191387622654621799694557703176699061891730426582118223982204264703385206760532001693823912715212997714723842674550034793502539202885246548425497511786413282274486527620077911661182235249124656825296629167205568160152612232483773220937761490337912985157282051105615378667106947064933578543420755191995
614 76313359675896252373452136393862833973945850137206533061697550471106391411802089272731927200921285424057385057076028288940495038099298217551084039446996569394151740105626317320252990509735608970517719608531478393496807035940143333646806449205129493490377063324615860756244135925099845516086247444694896072438512738162
615 251846421770143786512300577997288121475298307037568741626595416257432399941011449013153876803541505798093073931790096566528541011579448055921694955137234334227758963397368806588113405763008735747991928478291456315346705539490680898989163005355572806197001377766073434736772482582981804047078135809079119224049709751965
616 831134938489261610110411434770992675622126401105071035226550457095741133200689050890206725525342901682179432268200089092507819949215814461632223253239258415028027376789462564832713549685658854682581822266880601598697820018039535499491380972154360568599174416103849811412702931045411726178303367713412181054663900275622
617 2742886488186661830261117933003271337747981758526111021069620634884294746844797450134463273550223108793757555076683056669010135512793349326628526084865891344813782836860313138883662246116630199030301187021723630413410232365578526399091048638124942074183065512293717810456835172805440643807353353368173732357100795898213
618 9052002617973888362546540339531128618304008595870510809367788141858574945447222961078228367138456204447383435785461353758037050155609291368702983697839467994324608112576742299041405070017034326808829176865848243413475102690260791286323846733739807420588329185340477911033776699275232139070452237957623499873064338161108
619 29873220522553038401881280995994381459998549192729759182981520954822384767502645156370402768564839392696345059628650505804932034008696382490829448373807535172512930611656030339341431831164406010411555074049945356823959324148417593426756470251990742145752883532388673298996857925327653513577866798620180290703705355732455
620 98587069006515264093404636621973329419604185945382473088564712315614783031373583522521236374398674428450466555489911449552278356313154803424312182593788119568396267356252039571444494825288350873811510726025824136560695720616824103141904984835304212469846458576283152518426820209089889189865597260915847224823344076340352
621 325355685582374881253218003543693124718046672711613057912127681729136282471483722466419952705949218068017862129431487439652404427594019673915266509895414819235705450005903450231324644950040940972657417285812393813088447021957381960078393618324690678317688565716255295922499994667304039905454471342303485167436182142132898
622 1073735664830034515406438134501089313304024801775505964607772015118229599720689938256563587273282862914006038996301526962014980090929203812583698629586950531538945285625574092684214125370110206317015339037931071465550120778936736656506428058283544892884142545596153502240918770889221562335438377198811475785780015298052972
623 3543536319896847899571941561418288376702962942291057937644267750130674685685462567666687730512595883289341791572133696116537263265417059193669378319178702455720998380887886108671577896283398188295221797881063095724005011806649437152600748303066049014476671393393887830561434288829085359929103160724578283243060926594342610
624 11694372627663496072808614489547040748982412133469736554053910636220947094635266294029381851285112989775963111401950789439830778351569350779134925715865629741322968010150305181122418234408282811181797903508012012097409124549470623491872699467772799646236749326488813272357199782689159721245830486917939413359360541868897972
625 38593795891757748098839306465201444944220957399904305324452672614821374400607956644625833156777823148193904788748125066924565437258724973163588597081161362652041327348526492100687238148435653029673408631477794990996796984584402879132673884906221318446179503893232122772495701044141575533236775189229757099173355437983684890
626 127367489857816285922949546547307239960040251072563445264963349635985140771571473703741028295979006548323574435752977174304991212274453776717210574116735570191222691503902377057218530207674772687308342647847253534944887496701113228210770869886285182207946028982794191919570914514428405731671933562917793488805318960239355472
627 420339505443119850998140479591260074716618611260579403701465926634108928861864744444458001389288869009275010082357792576466069768744417328831218545133230068481268979193843179134710297244447779143746109167114192731116324211942877972759781682610438940850141536784059519613633128267996553120422949175053246028289217027445874727
628 1387210448319769313531122933025484903338641253733436415568119282238456136164940905145184186428064295177345703025587924508673562625417146607532411789200022437831029374902671068015413504783654970278803070541127195797970034571476917282882476362112916688573191286415169160211266279456964389410143221492012890090865121784925607868
629 4578097262569126303117735983025576625067357229856547724335324481504475920024804304183072665565697984797754910169603739874906320686640186806473636646348100127793735979364281028402810637274881287580990542014508373077289998574856479384239638884278110722406647550027350082933633957767056940154379860990611576565915919240785612109
630 15108738307481070128665290972773269824335085839672343524254211585262987914705730965750899267769555429430325047295826800088469906061119113072171881832847297220336515953004718952256827708957663763589693579051279849484731791421362205050627974009540287250150189854856269928477180794618389838405427944175384429880885707473121675162
631 49862253385114605506005401089050963488788956769793727290526369995392018214683417178147279636456896760220642501877951445948932571606184347128654321146339770396422426907901272607377059366390057531695608135351962637463762617419109117721981096162667637525515152578408973447888597159343047722759702722554852318733210357198173176157
632 164556908767652681993498113724882997495869223264141439270018717500412325989249992904751193178761945262618859405938794394024379142670281390660854573613527977205080933482718852865711529498192792603992853358899056993477585268180521620765589511468462451237455544801431127688870839231564960353354476472349224983007222231373426098798
633 543076305412067313261279202206350984890770900564647512156459968952149524659793921472025132595084416784038575032335008484607283238825761762497734855030950348347195571141346425794724059549528345361895379300990697820643418712222766714539609082777508028541584482196610994031420829403326390778526126018768892857887328722170261087659
634 1792281007965658580262496408410743420533630648212041826366213281059644742249726933472684002536216592419552400950064900209499586468844829622274125022805783595449495563506447005706250262689878849260520532608652252690435705300348196684236148889049091115656832891980158935508827288433922601679536314312891867638509689934561244376744
635 5914960691499774762246643164887695343269731857462441298709332711043089990237544034292708672206284803473511536899328392093873125597594191079088029788398224749931736136424385778639268852757093753323911238325515031685915340395937084662027808026932569652374582988863643818399590855034317334332095634602913870957790656065116778192936
636 19520823437816691590886524903823953609292429101261642245834105375459188853783026065883215283980142104329105680449429766740769774990581619758291086580228639173730930998767894427891163808863571561912490158181327583288817070623109493432307563506864900547355951409969778594946827384280659100191354529668832330367752057390691542679368
637 64423588611840058419113989062593864407546386252370495938357202903942920525771095053711412855151955874146474546676599130181221422140745157368457113946047701906830759723617240545170149871874210964510089701812026746946771067248719453814904664266631998562788591103864246774663866113946050431261106818580395718459867913770889207436861
638 212614167210440432708586764376130581413657452655191357239333464033339461838686245495181454625224157276850098424292345486250871890903497015040839480638015252682966781795281634507930868959035985150168960467069132507861928441647126109584596346165708006124406640832831051331220585229668881310976441371907089980516956994612019001446086
639 701681445010644624657746717716770117863633400435237057233015266755657666925685929433520763620389719997169157659452564011641983481820488373759961363714022257039958566850478491558978946651109707047656459665432505517443998489721442642670788115991502261627922359643804541209511494478645327846827257781513449913465162514243675579428075
640 2315731959209776810591417350387749531759003191138150265894807418618092837735673824828451144861253874293161152554151619835609117522948393195568188359190564853693667872430572729622340513055716443813915906644832795365402040671532375405148175230343185224579029809340565929558895183386412668085939933393792571926988143109994573682048954
641 7642528889871773275071315030564204018759073620961612407380983207028702922901508304494376662004304137348167600341362256889426594126466991520640138812600649010102992991106476703866534886566730426183027746355106488738063160321718721213672944623548246009036524747182679844474107139807598897429497023289364628709647848182816375167860701
642 25222398910172109655366083369877533078760733288925395021056442558157579200128164014867977685298394982124291651397894256009223964463299013805100511518309588522209422580900333981253476102909003293148945851340143783095846868786005910945965106565245246622363706129088480583317939305210319577146301860430299750905616062740114475747730808
643 83240789529259049809696772370973989057663447183233346036779492510407931080608190370668728930887749262308568286036596111742052849235109535260295050319364493433005671632234992165001510038425899400053825166297466598940693162759097351255810496581770153892265099649609825153751528163255907982946267199217477296417205366933238793778375109
644 274717603782201202233708413529058748957991923726807498918924756528840826657121359043990597583655166476399119908943014075692667071263269252386298151914088097177104528448092081227867686776696084648837131890124228657468096910724872804991981531266010125248314500661023495607246716595140715265741245635183746058029802308462260868045684364
645 906645030278978936088997537804272550382937502653039153456322162283244796687069932075451847270550644105842073901383322355349713342814627919778223927762009444167211140465419995453840149240247050083803657019693627260256207420674729003453208905805593301963974953263587198034872630327120207783171468944582762389868800559174400988778429106
646 2992185928065634221781172505471579169478525740818967207284584928549396251130427757472428868885280164894430416116724498351982307284220700656569967329404617426561921470926944229102690389170865881651236314409071486209458809709070219368255395396254086525500259300122913994352860341875830076878426812591617632739884338420001456950355256448
647 9875074044769927330981082280144419755083586228155845095579848935095928679760373642644787959674467380994103866685417458096892804246196253221293830198334952870732342956167180395225127591863478543391590989559064170389382199678592493887703340046520738963469121599112044148660989097462582630385674217332339569279436739627517081396525340270
648 32590621124791304597078359614158133996786996193140379389260148064561566374723857991123917388470616204710678611099031397822119049496517671142595239752719252089267872556861885218634355704136294723755159053999973616269272989694528797549460340824557105732643846882459577570516348213037232848497845669311568609713342819606634829071438263664
649 107558665456153961298564558247565926914308626872972115514808914791171598861150589881627335239702465266393955564375724894437863447286155676411551082536576357065267907475272581549076771162547787906839953098513401346086438178482076345259385006665420041081008965406890933898249115796312530877447506965801601082132961675379479536627769130226
650 354975730721577571903844775432783193394009312098537622882523635760217449668551996259295502174039560791348536009984667127740013754703724405041040827481259639440128324942476710545831309869868098932663584014157393120902823425536512690758682143852737255038346835141356649163613070588633812569439307532204598324764178030107480090727827039236
651 1171527281462357389530890900242925889704095844811570306238142842739930222196923178280443313342299447528198847993687554197618631257134455435864653250744990305999926818697193953040051096222855998489230286529131158857440091997324185430806704760082575828482059498092504478136689742788943696810302363649074403685359641473432539962946385915045
652 3866398712521576177875894657383096268997192755535231490891333035811685301708825766186952443553752181008026647221991807039747592911656958075705316866048256131647731251534295786507373722266940277955522408198006974608893147831488558074316347570075773031136857508417054157849564818855900273139524559355710285501223954493363989867437927620872
653 12760313764881414349188507752335194846190395202262167689001139281764563006481855790565513524708523511987171274840551077674118395778105464721551307018817029177167819988998241214035226360100131524865120155673308617217427180673581906912674338511459870729200424714158492865844192527109226875332287099336223186720599780030798378105954951550970
654 42113036121355184581433221755977311203094720719951772354943460396437312384762463272185355268415988456276073462145065505483407921154180868509513382310780336992222801553947324865179831421950152282404521202455684432827019143594319633859475062823601483735511208816319042478259582065259117837572669847529945137866008816846648006493961856869612
655 138986377018588008317394937075548173556550915996784726799769310895811326728918167608642748484650033232261130474323486148393254461052690045369061641967097815428519712661107660669158227636927491639102771061591651361048262680479965098743840789544144252248732667080359165316461092434037198589157229295400551307197648530194669431576985563861025
656 458699636802862719752555125707863963792776138102553853077655896781693514869158508668418598374165800775846937361248025551136247254366927136850347728881839278092695379692727946720151943140343770631658452074237952915728011352731129015145307842451829392544391843418188342324273136484015980143432140471694045609752962367680265775923491459939492
657 1513857641765532061830808360836261909844157007084533778594357050856791852581168538484453960885350591040508160657591893065482723510616942391143510295414262859425515416998712338461958834034110996082166492575373625799397122420260060332276058880596153860301867585412671345083480808134492165631368394811766795437569092830776868377851406507779970
658 4996226935351536686148687111797327123799587320898186767377822067334202299378800837673609864021562843217933522799072581377985289205610614970162544622049128341111859437959843952934664842033824001950244246666251450897580455479974311729126150144077996340821450232526119252856112796046635830426406538320808664168728862225236582223453040111330392
659 16489206303070673391398000909793489782829974809297561441730408136774829877463616040507916968622113320997062625406545184876875151263057424548707722061310261373503721874590048420871928362484939877266786757615647656857832820978290887075718498450626236104024684286435056050482375584451690904650173267349487679391579020545937624402387343744037618
660 54419910336399123824665837190055130683871471187678972359106413885930630261118101223910903465589849387229104890604948067529216197828863639304168058984380249104358465364608173401555727772502162580791548488819146560814366830885303285887486292961720421293654162122146331356949506346218825712433708801083720475894778635879525769844745258616818688
661 179604149265713107271673550327331305524942656356486155342570178225076996428002642301983910481329951783568367553193192672550560759137185917260475458033172133279062067500870476826021262556804698450927803473586369468964706401383142520138953817767195420785072949351812276250982813310192819670297008071524718818517249254407553745313526036702945175
662 592755212250802268702749988908168159629519736640879597526996359611377997262233178038068846672536920804869267553531056055853771821799272086252979590984877538946397595791947661573946010000034491050589533326736097912456085235407790940547915486262668564806831248578069437513809650696488452859517620218733417324739183710084692661764968434014410930
663 1956297356943360397976380356498088877105113586984365116226790719598788762577545800564502298390192474085474061395125398928101765264470787441115908941590786039567427615357287199628582312480130797532533957982077996681719023466307246877180268252018447298265254794259678210112061208661633687991150818256284266769908521397413984647843782037962406931
664 6456465343332783001470748506115430961203123393064262402608654840797216822256368194885190017006090503601124076777192685829228314008988918964312587754049635518646335912534790637083929351719557648034941970672282840598071175035724022946737575071411069522858664583125194202013939575594011706630214092404393089277998098745956570838663122513359271814
665 21308616250153026968099879162086686524599307620981467248727691441116106731416161362363161715143638927112854478032021295529887924711102683690252128866496095464600815667131691238991297458531187292566905824797259347795430171943427410566670835810426569477803488711956772571606204881781638002640700207210569616260570845103298290749387121261566484229
666 70326036028914378284441541002129640456570960396754699256918414310919648754100154279269259394861098528911955271241387896171759137777865312709439527617223893176954046058999165635072783833124299885037045443088075739958629466629107310583730756521806446881648297277511780008901815477082571223813240179659699545365393414300383384346797923619233880340
667 232101258189422364013709593494042254265404700397456490169456530148729976361526707169960348770373202779887839680615685637335412116569960101161091989982977013698296009839731910892322546201155570266670668235308272674426452748184093059813076982529951767123639368329383771958562749213295008891805741917567283148036235238007888521434801821264792614479
668 766018599067224101765825940545459369724678328782330297512141359417987693175279194103220256313737531784806867703568707619107611177688487883059327380027025963119613166597836133284000308248338933557619213043769849786330098442153683789193114828904817063935681531189499755907218659377152010075313972353986752360995349190787942560220122248625072735440
669 2528142775515018462841735069363677428969857702404882305020328992545263521880831763380707141403930963882467345557014278553076197566005159621274833829768510904046358839274774241555829974999122222875637961329001421475142113345566188578577073578554435889416792853092739560722479740501289157086752259387537481968936836453010799366534214880010452118354
670 8343808738745117151226854113728480858967249323387531072249832201683152752618499495099675922537118236959716585811021648715361258807806644441277576780554503916599159529615338538765277676786866603717144950071796194286917990631984631885122126840723502584408141904677275787781775339311826428140204192451223784137706815033932537311952910176938850201420
671 27537692357102676331065493099933512338686119529143636642921560956581859116325724779786190846503541931886928850551090535406388502087801791860777643062932658330145877266582341390368955316250559531092205098283241338853335667394879401164826030916242703584063398212922429263406791318632653189101481397715864862454143481266840416596370072397046652376964
672 90884789517848220989534321965875918769980844523417321004667959701550256067109227292195775746812542921333609112404357296702644431081494886665949305013319629903614706388876760562463856974574759969906210503204095934445251738281692680586098124953107377210149889907463662814822885210935472220567035384848818382785590103149887311243308771742249421256116
673 299954460756096028949808925515479092130064308986869128406745744485075982547860427194427559765621496359086329121795284118068201840971299141084853624534257616028655137979866480157562316208357613050840710385679641744076460539317730631929474491000127350614454106111566607570017038109244126670283443329164498570997171452534240361143361380564461569127970
674 989965135522039039835525589392687933400485176778148848734715728167066646131957813305916478801455899700608851055953510435000400049639266255130173494146673459194289653422916131439903701154520815243023641393874562957961358455473449955788041990507090087577818002071924453562663075580030593292720590616212141632502598647320028041648723744304507089341776
675 3267269280966040482902890961699136664334854573016070557390976381701936897989988089438088294823101019531989438984245433285075943810921145831868543700711831618970125614066843526299167290934154223089802972212461691001032617550670248201946255440283286442080035931129241425718719512503774978111351976083996509751361195460495746969994032756952851000881005
676 10783268331691839426044136649204656028992388791198811758070439964623837095796077522915105486957075296460184781318901129989426164624360926136504518875298953432951914622598983359811124704026500932147752962478039770523302039722319315474841571836824885702259981596635911076780275569962742551143225236575872292622113063500863777534963404022134436825691716
677 35589046056132859618856498785773109768712843892722890769411072595049051949360194983779729375729049571736102114194717232150114426999479861411227903381691387893530391621223800307571262791641040124974028136680103792017570433190522526431381203454269563006947693505918793800588605384558747761554590170912451376275330221601600711455324584068403673728882391
678 117458035401918371472447983029394309366117149702343362602697177833994964266879037716350450917694505412370239062678542896649440997309852713459375207416903223466513405139936871975139023669968716653600919097063859300350503046998584161439054588129189879953330590863602420993134602254212796536614833297317353624185449709634594654462941439458773310108758750
679 387658728852112498257999954080732041630671138216812538787149120982232603499324157190417994190703732930768292254649612769343605793619354554673527880781722710789662706968199404926620741223373037872099107433657823413830944585963325721747324938716136980912931870785901301076923592257591734984663163913328342641670573805925558570736169190391928232679652121
680 1279430943863464455722697772313795267581851531945454595540885117757075338270392634591761272187704438920109723444311102521051609916611429634904511738190633779776789111062893258874174305948030827131987595596425698416924416162433659256005233594245562200883320883717391079344612456763632678708385442078160873418377104583310877218022879196627263402157633210
681 4222645080023694420467915897382626939511331833685826475017662082529741035003187846167116989866415861384894582509132206055508599468007855291507746539218553933666208423514604636491834941135221240175605983089531276620319277034959548152988872743641780905494041431395494135635288989870319589553744160692832452173830832612097553629431097839857906920038769101
682 13936469059321415719764246953167260298151196387900034716180680965469465446547152808627400569143353881342568080374177765435608622352180551028955845681789742656510086499648545086450128110196499353138073246066976661054531860633609210603364703806755880121254317399160238800572132028695907591872199909736629650072677338549754010165117316757004511250407922880
683 45996138635538806832255324385356992802635510213716010751239040425511372402017810316347015787913081414723140048705427569567171580034256653078867683841067675629221748675100499563924408924073705878269771916698424171618389412966823073522202685295572984139550578742520177707007268049024026121351268399118621567310929937605781162420844984968490845977787078966
684 151806524180715983047247624164062413620241601614958800662395870485269377257865518964113940527142654097332955412012969097105460318120589668067910434069087149897466059261509760954811013850472797690517833529650082196936168423129170429185918647720806130404354236333333977256897027532678237633423830419986735686126098078339597696294671189101708303822666672184
685 501025627491115261989648520377237880186882918731786254830596835516139217946884291482629599050606816788385875935538181542304708833534197697299327017965525586035297380391581984107739949934565273925938217230891248980155117139163095694787083328398544740503607772878648065813449485017555684722104366346807370944383844848155010352059878544492159612993718060374
686 1653597797189542971649724419521849434330766540152809209698573235515821597898863031449806304188681130856239512994323554968882030205806511090153678090684553022803042464794248579829591848661989408154469399302681004661280321823185004939407548165499491776929056662704200601314463211578533692131141798072581874945528071185165007416420809025089594782675503095220
687 5457581987958848299781327787683329125507613223773182446123230117992360958530922876060827809074302886480973317101698698845505174731255226332268408820181462330522278964237052335003530976927459839662153221650946281506524600687064516220371190837389249983434125063547499225715403685742756070735065507369468478727448618303355596951761055478206581435664334614515
688 18012379577243758162937152109512148245911046315899331113230682936402039963673141066674255210344088829670609764323348376317547628771888010096370146272940756159543751350588235072333705154195509294091851304022403662055683988103880903661210654829456527043501195234037273437898459705549923527786473935953860394195102625168645170360590229992399332943715320321628
689 59448698159621992194345826677290999036604673242391273927521396922337972526365870346851019860490358213419954821543869025563814014367484749796679282069000552128685993215328914221686278092732180052599702616050938223096820909382043794690195425074267967530160840270237849474523345872442979108683360515921144471166285409178873860857594704472051622089513405007582
690 196206794413625655106926617229629433604968767044647153703250160288509495838605440665797993582163378072599304178100595872987079756059202646109093995475637683046647747359346315486778383571728850248235949242350549154400741711890374748682857343391127793162394995249805805286065268447561193277256781165484004678539644745895907744227882809048629786211706553571752
691 647569179114419121662718529643854703873714535249486851054432420393207397178478473606245540215172477034724266345297227095128425792274993832205761929479089032135115600776811960798473590994625819224050805642808599004692394943309270549038341036959466975652583802996161301143656660381713701896579774643144964488790893767797290039268764411226171901700892275152895
692 2137266760339912384823576219825729957377769019696889671442720716968674361028446442598183607646668991893272285461914678796247659476024141489405047966652903390725360823615894525082840476316587875532429275658468542199882185566360349300183968627448584963034071749434356420244688170806167653007735237001046448850575441636884480476490945817149849599768141832995892
693 7053939399599904599785577517496061091560289223416192953783211279743950006623386207644670280157373767718524632217471621982137005063262223509456322406498789910114822876339105511377797470469348188404662675275837550497269655401773165294424803787402384580260562459777329850944884888000617771381801187272733014045150365123011196544275304479762706023309070677119750
694 23281188529979941135214304542162952872392827407905221803145655511671542577666928965614796974192268280002809074845175010783718481033514941634997538112338492661635191608394710699833431360722122638790443157868077764115895470122939926991032699271706837188698852847487913261564993184443022319488180641960968554400631621861460913700313044907311597755788237143661712
695 76838521645786159874049325585626437261338260261148772613645932089179626653519861205324918167356309525706836679256417816029877108310804155785827560741212823936770733516648161875507868008930301314283757345099065460871032816486708661007104721692670225393985618392376707434076200518449319410088259788700066578075480615729309480744858361225189176747830279757207530
696 253602354623619714050220385126102037096007303404183315833018687456226219269624760102084806291188835099024401260656998769818606640890353186531077104178897091289246591483128575458118797725116424537760910736442917248760446648141790840018303420087905148292884056198178750091479585218771517185857362506918787378317229945649059825192048368746684532556901457051952672
697 837004878843367870503794564622989214583984027297361363853605423572277488631903141331501892043695503863247093753450149506533530131673356553267914162045625365218455773801720021141483872388396429618260344880239675786184972329856412269252292840241245443957692464111203048619025140600106277557809258765468488030685521534590617107093781640011589891360527179964559398
698 2762505320933419382673316493810638778789100653253440007135794440113685335398713741077468591346197429615860876408397932476751135409659328208924021171089230977929932570240938002570999431854062335829709813630648473021294489166179765201556115483390428005377003723079844328220958868691122039027912227479893988093567677381457313464196245711743289494815088914984208220
699 9117561082380516991851021789368548691021184348314185642592693214932963381507529269544091844969529336663095860197579544312179459230209946050713068718305076018182290188738004373274373263116981946213680512214621775919914715822220789139190763617792097323401643787106053163565012534056762032288825964132306568258778225828039683314124596794688649115552651262382514143
700 30092250142237449713693869433648718798221094291524302877431434691486893378788921193596295682966896879219390952374389992064366202365609310842506824395916389391962426112379589932756146877342072101888432834054470845106378916329905852292249717004502457965945784526144307421532091516631920569033726591660408107197731997912321871921869877928619274533163053195593715480
701 99318709337318946947293814138313093434558989116231061404822802197569783913110794686798798419147493973358619526520308881564422808418951738700953685667975300601350612099734238673256805519160520604404279582185445816308754764741513345645526480821937841751108937211239960821067984139058454694647522340779567608169515194311981786852111459826952210029995451784565382598
702 327799202162349566001646990159406588861053906858311071788991716359760902976420854818978384462244950242430951481301180684175803562367476492603400245639263963441692536671095085959878362906126921171163956185653762208489535387432726584165708421408971889233778545833451430834633933928027594417445837480290270539622717118601998407905919888056800157502028852885495190388
703 1081895058264833350435221692003607145342873227981044353802052682100509254633931224055168971450625153006974752996439744298770202970213114865242444603459875498493191224193983405138790726957906670295063962003024724069590435151865049520698282014578543051036149297883520731881395177224196387072431907345304731268107492252102082911254503874082357292697899425615255195795
704 3570777591580391108897531188035834370680259708963393165486064260423057671604075972923853150603239416851921939090763009691861939926191974274576677545656148693919202762540839995470429242960540438678259147672632664342341151497398871225772342677523993616085018841681493961303628045509634265265390076402649636536942778285325347899080130281894516739819244933486216546508
705 11785306504815117715178082039434498036819980185135206013316737061888944749455013404395539751102385575209705461971272096386811673911060810101179384227604450291521228906934009667752610619123415612338520677790911239752406060600350460931881895791635627713810074699782549486000397847448489632719622563099510841227234220099225059367139400462699324950324125048817736551910
706 38897293102874582284646405109481859439200555653252186576569170515346605933447394966181756716706363893075672419895229569534827207806406750018970305505672124372942479715297384917942298611252309571852093710895415485924185601726881151387244452478818426971035165946039399878918187143961168139518687621797113380343551702011571386462657995597325478486858114198033844452968
707 128380272230154852582817864993446387294416163033965304069168545019355878110766947140452211719741383030355716473101688627234601113788909776154026727458780941419041678868422799315854078456523546233638067494836183887562145129133955966662737819138739079784283395708531640515052382666425334604370031199801705377898630352855935335518371951352972968294325163327024509903830
708 423718688337106587580851077324737208325849967131120944574808716817852420798861183771437986715005895716384759919175296624141390598934962610362930078447551383825365523190851159819604751721302452718905680772822830137503808219559892679921844485518754132759945325432013428187074347420067261446012605400451948773644203853986577629066241476369272569548933831081206621916608
709 1398483539950824366112073368791371149932910024706570745110576409188951756105418532544193730010534733830443098507508994150092456674350471704630334500528019177457859502489153666861080540047734785091544582326636727249614127299580641741017229731081107022006079983318799055501767830037134346542605086344782453585979373205630359149542068118291677487524303940222166465603107
710 4615699330614993779701532303331202543875691814684433729148061084496783374719549396158866110448706079868407873237586825821371246262153830879252559807014132696248161892064989267616587025086385056357625673864942825512918163728840350707725393233915461941970809537653807072256548219600841237916222087119174472849589445499752849590799846642510585852412001305379101980467162
711 15234144592650608381627301841919108853192963132196737469311530930485820682099605878775375043425369311658010450805774745306117629583940241958039198359226377522386738368410459184191416430863353999081899580626116260335236162547981547666664855004431943139215893724284784086924830633630235583199830984715333959079448362392447061263212578575529256965628815649645338910991725
712 50280437202912324891644974349787876176889185954783968347557066655792787393789496153539057903282546505280049865482202376157433588578469772951424373445142301472626448761838464395110590759500839409986757448035658705508345115563207601422081645703663864231988641301407024928653533352807096343091672728055490332575454747462832609984303134589552786258269131330949713854637470
713 165951210955661281000108915394663549791969120392913486278241619160340855286406413231602734289636575076144353155772247249341695963454724072423821808113607241000462299917904319632803551550882379086907832148228265587640241623922560404824253368667674223076746093870759235079397489873156959240596848029179746509943690944426641151646059458070799865768169059280021210632797629
714 547724558101003311727791354988954617937669194543589106254750459706927088666032801112808458874898607415652405437781409589972229521903312953082555024409972786342755162281815671557967760950379692586088520368295047895121217693771421428090833550808945164270258075299093412526424204948820704219758402538966412694836419433270053988498398040283407893091310242979935199307108876
715 1807775131209658790762206653423438563189342384267509491196444152012647972906559453528667248651510024485540856069599574754420629785850131738582928290888444318968156210715225150801624762173761345303800214606691168659750958818271257217454347486060190422795955600808462638322095764420156877271932561459463675129328808776929074113779853931105010847568716032067576932504932361
716 5966601141360247293983348716771582088342036116060110847090777406692270889568712793108730717173157537269632206222334453824812976254698715736338604548305329602356965826258569129749747158562810139233466618902201399383296613547505498053936241242493011932977117013486343448324624250840387798864833342998013979669339253596119839185700022057818180654852520398137493473474684960
717 19692915166071952091921357049663621414707030924474115991366827211742756109997973874060148830015666269910127965532001314935636948734937721908989932848620579691219806529978438337781368339666827202237376030765290072887542674817170664240478650706569947149369141745856558981276911491878691101641635671319501384449077293285777376466746164376487538689620854299695177534834688966
718 64997015610773894811394561013115110979199510303806310527690489148065502068643318941433964337464716352786846167797435737268800120412745480536190359504360937506632263408498518589407234373981640817546390662156786305190289010653173807974409154313919889975041682227112748442838401105690466769453341236569589405165457961001629639994230437579342674633500406766664095970796819380
719 214524660843846827592832307814607019240546933876424041749061240409550874051243650573196001673919353571167758787029722392194912101872902959806781675921900730175330065875962332485472052982425763222146247579591752844442960847177089160152196723446389817582437182624881536452184857531432076437921395480619796991625360756801227702181044841689277285696243680379037620844477208096
720 708045933215046429289152408310119763657055778272773483127417508233565124888322569667641146182270605114334379581394912368524975234297371792167641981606698200457784516296544422371051331073886730610950955494024371530537635004592075092100603370194304520590058223674696712727522391461489328968108561308204379430452371130070803926127704973008087338190929861807605363365468757260
721 2336931814279210541565026476682205334977572163138599589233770574798508480604200381119376281595203300654427031051407077392423797762523225829797772492759797300658585175910889210516169435478382100772060665720724767984253667938487627418963288508160318091868509982603936600090206182394049076481682869799965831284565815293809505530234967805479948741277387874073147950319817768606
722 7713137044267691414995445200700578626288525095763673372997333366190350700564280581041548434680280679631657624478638439595442793749300976167295645296292787024120997995219781771190448674354945252284580111378650988839404126010168288858503989620106429375755237215065268479352077064224960796573087793376238548413595295717916582947017864433975592811450967129648846010357340373520
723 25457541016150264068979741624174627269690980048319959127944640833211208367260874976958949573348576423571576947773099288661882961052203952349679227337339345370835060236213349169966867619305666686470069952984139938068819262504026921822133823695836541694524600235339924702128073663402225374629724144917803281365184390310182381132786895388627444914261493109125704034277409127943
724 84023787264238026008529202603587550438339591903195349628867045897722244897676940346727538400865088416235672148377704502698214502617461074295439246488832877151236503619441427641591968610615699863951083579224304037650473826010415587481710209855951738697442325304130151715842890552243562170365420838200040119892213851570217239802043659051441758225284026050165318545556272093692
725 277324634322943522787880568737828597256369242373845958861969034972455354375587722892734890651604271186830646092024539967779330512097986113105395823066043640571476404821730978400270835295522850975885786588424340548607038413583525076754244073032295547544582348308059631914802134581773886921695521258666788017228699571898121946325903845924046374167430102344746290641100570053507
726 915324399549613476020401752200920939425891825903047272761304906652681293986728718936596247669643991905755726023678171353552331142720914583438666295262705319019979113421950755992733335487507343463584674684534881749507380682838690229231332258872926899247895279873385758031847594813392019309938836665716396224911712980553322875040442323265687440490574121407110575706504932827470
727 3021078589144869523751986500324756890125104131851892622242438636832148028405267161430865329428782122012326422369950575518894308524686117232421308168030164198274809907179755060534473650835489193919144130844788157605632843800295161930493682542701226981381517601371882850501571085036591361967986255178489789528650289827934184417645388189717393363237353643681712770607231962925179
728 9971245263283389028487166579398920956500547854757638948757487303945270483908518257313261678370715019029954826772594289897946553316781381717272614498534063044296608445893486048470484439529019651216616854816090745939097304337867619557598729501386249697321351334477099707673501725738619707666830788098851949128927002241701010883590282411245003012597414245168384749927715103912202
729 32910703481335835481156898207401352108823914929242425624114019443898131808940422270071299713743607453924447646838424907885057364866278459318658698928504663871981626406939867050850384891133629824379497853120812012766871875158270261817360844433821240769982563380739925061563229803555857321689975443588339646825845643740414568081798453802661754676126707053169543551794380397437557
730 108623882760423245109080362799080899654461542342445735653490013397316639587816800376982424389729729261120680006562124386750639436723018667830310232961669860879469124467104420503406592416321124499122952461119621524979596405322685542078365549363986420237357630555204198740692923215289917291475763360495220883499025233845776766505669952113429470504045074985615634719598909603338528
731 358520396925634734933393182934662718813783335419822372239066131456674746173405354538754457505153574936920740275901795001430659523937300253842482063084346107923565839123054967660509372844049455909650596434240585268892957840398969654810046626306876882938049806995957862697398081654154081533741046858002821134401165494201454281122160731837094481040939818274550042431632647612877634
732 1183321628512015952068642901438020439190612241885888790746076091438339430861504770466547222586623365484701488818697718510396258138601178926156891293760127962455559780205631576415673839634383180060647686512050632415228982506980910299701781510453646387206671093651823778815391583933267067926220992224391068624177065181104951911942452021190558046009128323528863972487856986540124392
733 3905639221994897810047713467689201263045040610616233320147995099309994597066117103843414107157125730448047781800743015815113311167554290838820155356978664398050894065051121185099627519863099231326694971665132565186282149576765328171269600780077702620013431999159838548825280191131481429314689198884767139136095289830739839552031756145125198642729174247235312528328021042289446577
734 12890858174045339857519897997055168529172612988365756720517668981857960878677757679172770301136303569740199588909550256934620794503738672249592333094918070247896457259364860866824443607751760634377731797205149052394283546951451188440909042960553138396669031169219089968444328327196553283403797212725812966336835436104197452591303250351714554835810898953079913225661187110271351230
735 42547291823792322977004280014212785651552158059973370657697950909977433989135480995512756265236215475778919567569831787835089934987829838824972199496844781118008937385895278772053710525845907339903752939679609318381628765111840940909198407193517359379225631806338743382068142113144778884633776371701113735763338898687125458441751795408681777463330070795352161386497386775248146543
736 140430808966041446261401349466457191831561101313479549946735088019969568423939764472690648212438704874309188662044184495727891864987278954176054049273722808653211806782514652080912689962942396181823392539021501081556364677144888143253841356418954527185953230427451952710989515904333807890897437489996338088280328788389031807791053783996848701955438726294953965700271641976453184162
737 463503754213817283659367024658187881513730211405145647592448571089193738015981694972215587192055477098904381437802435614243635684236810136376331460919067962581312665779143038240091388304681037656762885697896729636828957451251167932077386959381059594486155034768287929968579160716704410395233333557271875451851443361331398824932810468300215583632373487870831899270230366781235210569
738 1529834661221060093927830220696031740379363394627959377668979375704869234294717859675151903207316023205154766137272263931690508309129559968479235637319497371992683434264190639104795712835032148380044813208432556332459667463976117437986772500759363240088169512448055651184831955743119298731394388178817527450323681299169953557160988146409303229248912936982953952802390920146826800872
739 5049357468392260429638015799426739745719754241649367000722585629752095460933192498854451787074131430166004632014533501355466977355741011572414312671968459734114365282934684802090637085725077408754717779600061844787135885944378921173544784948450006578269638045120518498236882384193221965707667778776924164871650011501607825921143397618538561708215804001186570986651773943494956901367
740 16665874939506950020110461898595648204469910227850191275997616452779883944935982791212238370204511624910841121903308814269350511119622537701470373479712509848667771819468118475614320888906720763151834905915926531296616902014389757588885085588948716136321400870647213452616019688795288910125304819996354752449475180591166813017337925869384870510764203661166658413944387728464452702468
741 55007321528393976917700694652057052458353581084178638503875639191468729474416502638655497547285973766016767610304822562948341922113872643139881733538408189002291447672174668641893686165874460619746738602576589557883137547122479044093249400776496366820498142214065772065869947343185058561003106837092024326520892902335355389220691895267122112006681522530576196366319423774113446733484
742 181557107868670774693344141321954846935157318289068169990680271696847325354171002907697207868579695356731269167431743414793186648687857850992756497557951245128878911170345942941591413629602465023566213953938191615302235938553570534199149721692443049670727266672672287210605598204885314414636814631882003640679575545361706848896397311946005190548344976299820304221023008878291159320884
743 599247720184012903257425026211937852324716217731899785242844619051782974040636101521803963306730227249502412714052261743989883319269767821493095498105198352720470720137543459025812208837606498579709656500970850594990959582589674995873703354377494844389099819077975023043147090698432323026300656755496755695364704009294784994787888231393194752383166870824791735485697025843494673942596
744 1977879825959445604080552352195502079589814834059631393064260376138984660076728318654196290007272360793456013333200587863434780846830280217965474928017157044023678313356760545837909939295511205144951918315306947266533119658515867490712792159520824613964286488746196186155320344685350937412490223680464826272739472364853989578605748613422445630145174071684711514352078060155069980153868
745 6528205032382988969237624469478409509634132148395844692240370502995096457732096368033900709510613750064076668623032697825560305991945370701455669871059783079482435263771373191582198735089280355135332431655040593650991598869745314713685799962478204825784259912081505967227130065730476197428616423281992884756176366823572105988002007442980159666734036154677528458574381384165243439833744
746 21547061188412812712391094218150907124529829640696413930740906839937986709331249493890208934522884129531062720762813743099537709633310015352310240193403456086363318441421730275922814884349851646506230586346004114646671586920142208614979827629515477501359920055139808715295263974407551430608708717607740876145872146040229829484007761886742444034789076893963849719867585372614225038901924
747 71118514537011701337780093775971259755526565130626298868684474765765417334521303025490387428376946074122567167835633693071369082595552697562533246977881496383783818647888451852980938510163123890703087545562266998596314835551470416493178125592572628010427139324451652364780795924009590256698938692691544977040295029676717275639119247233439285914644691905063971418000851354946303207785157
748 234734908726727255982913498629768896017627870496501901839306501272918511047811161851735290184289274173190994739609416260843401043777862848138918143827380343026836513828845651783611649259793919661447445805770860400041924506213965038834451068379559855229441445449103476668946936980196518276722251621292730037967155143032288550935360076143955476439734882536305715053037594013756936091462888
749 774770463042906484143041696997298288370702011525330888797970391694853796968928977929502834745323858767835587711851736392186937557405040251635872194545448478102926639875505274713033975203232096846483199269792209059586699734251734861054401604839715322792949804363740442970837821770066208803914607574727431715017116258687617448125887970750245376933188631140931272673510086732955103712969844
750 2557224168490116777003007917860200328438397994248835343866183774020340252847218677490735112948994092214408693177502154526655989472094834678880773248002879201394325563165849451904102555617656843823795220625911938862471432719072211662780773997322386745362892083756389238728973207907455388839023175225535235927032300993176011307108746155926818547970964755696869358199521102841043092172099112
751 8440436640750018866130274595570584668226014330121761436038678873021791595955767028703436696758637098486250459096838170432374094061035704628899505292150281713113673987072966226979109947856772134458855620634813828873913970857157622117214467637115441248454286197168895292621877213788099577360062095149693413625745732500883976066658298178512422623640742102692601426039683857998472395924870907
752 27858735241296481379100982605784286468559335544668436010324499105646785295397070934813882501795812799491367254153642360468862834961743211155089897220069787194967984543210404299726909777753263073023412146811242340492819383272043388307914669088602855281236982128813366765674081899650501822895262057740705602278328428756955496259071224499486679064429940243283835480619263467051336960011715176
753 91951378621245835935254709318925189337028021628810681676850891275733952349328746456721763540909198222362903199379983274795431278823419635987381264539754105292775554409270411562090360518315995610087799703765222905132903149810775994316024246373884997414687691210684255582274502867656367688895492690369317874137556673656906791812245909503838228767611011908722899502141639832432671575066700708
754 303497739059464771043064830033351433523942040529235583031623282621717034245594184794188772069574077344272224030092438791506160196232571575485985937526592780926722673497061317164448577367914241617776144270217840991847557562530636579330340444067945290838591322182908292570325762089389609612451907193260659992580967581648327130089001501535375361900486437092209190066729415350265869531600142088
755 1001735443804298099466980125251817574860625966363982502427491502014996154389517030871149029898505738343923716902466395220972862394677277158511913512895477989492067198222877172477852119237396444866761312328897319993962488021387644494825669860995335813212043718070382722241507976169551424410914505742113113958952739034849597313227963767782714320709092143893005074786053627210987755985506789912
756 3306366446538881943076076052391041833001190042817705618693989407818023148096258345309881950406033309802475281428082854155878675236294334023640289569876185731639704106476188372578521249214512295880272610562428118796411763232875548787058464875847677964510730743514393874936141084405084820474098975651824094816742599894613847180348340935575244773044585641987964846288531800320211679970899038696
757 10913129101970405316232473196170856915012484464234502758233378677421951568086328798518119758075580825225634461533342116139781542937827893179892949938064974806836733953299319780383564998948652156077215881788628023580251824564090362459277677277794140526712616718331349375766296646503830267097812949833548643186139940305059535193139080584675604221086335991514303014059295847797692813482022886163
758 36020352885148952954324088171673794242981636236498539245749162209927588411243721643351330390774779524565521370204158320404241604832176807676339807953348617586851100296118967779987619548478607032846869687605443730064345582580473752517625034633193120889483251165182603774161702129396564717304970719533492019574547621965541670363346182239375686566288295785327590722910490569978254497578482335378
759 118890456594169973781165962920006711165346126253901297394223501013222272695701415605336741679238757636360175750210258303259028939137825384665275176573516012416966097346570449912034300939804248064189731021840777871824001034242218159545306322596779404012126003099222196934565641072436528344943483069380067560110266233388220701696617159218389296444113455440564188635252129396414280435472708077695
760 392415711416355493689854244525818939615878493687546246410321316307641756347928192276594914978524403103485338718199788195206269937529031019106510638945704922212582121402406746838941561747624166849086687298664549905534703343955039897774128671380173860291881339597800945678563550932910992792649684455379601400666656244410738511760383825042063322680018713612969767249883617071948836730797283838502
761 1295227745604872493324470886377324091210945403921288071813699966011075183836165434010228293175526232843201573087168387512453507755088999979844605752544737607585428025812436651238038546694747372083270799136711976334278956608494838773620986674802312959794269386663499271772997918605171312176739364879208098890649406913317411750389186271268075133500838527891550483275081832803831387476794659056393
762 4275099721185053075137411926767241528798232969448143889866246396780823543673006753577017688348256180367510803601763231393239912977978968449928172187601510843063006065991233474166056195777104597063556847310581153153722254094155130037559516891775511000669819480404350141862137474807206851811589179701052210954527923237578830353636480135669536802977556264397698221989895201859359773403504342032316
763 14110640189160282514623124316502648897074598974053703456652498560419341158504847221880860402732241257316843551343197768666716241838546557383991446728575019315812639057009103257133349397666432015984925648835598473208974206084992968520822198816208265505334176375230309078648850249082895202131736114056375834107602301190473741964577612010350169260043607835588720852541416552364610512632261570341853
764 46574429400438058784986424268780571288270938398784769963977454377970798206659618063152680937211718181917822529523246556481744682854246372048711752920004588662822145380912983628958811121825532498227016333892638360462051901105995236112577859067326058070066880238575036725956840810581346498935249379365328357095104447673027004464274340588185006676197213255165531990643892109082456663479563431365168
765 153726494518736707889485420079196511963095175920112645372403137803910836804154284114327594681441919665001305975626131107994498408440951053902529337420857013827019570793511486423172121395190483445428754375163843506000518565480320703790940720723096472320763244470662466511516870452170536660748574189827003067602071014225694394047837806953014297606630748401717733523322434929827364479992045534029582
766 507399762893714276704832154567228299483731679563598650105506560495157552746509291451958635478608393337462016852550301008881581049690261578458041732631924230894676653886241597192432984740894709207352782788841061902195553778594924444715206677838989111934393209560150062655213913776945338993582834244420508472698804722643961158239988963408808779601589407144091333580931885239973088675172969399416676
767 1674758343434300614674803723315628408282151174828191603656973857768748010362091035496955816518285620917605788324488890720211229084324238212897544458254337011502575352618742002475557191587747600682081959272657520282344783457124476746658220709724837873759834154438411447640880687702154841992388290007334032552829091455896406799468871441293288877737244449945008768411256049250465483513865812472902066
768 5527826371083986748364827358784571630091406398237405452076893993869091459928562854265070690084200858448909365581782052585042558443160240790323864832679235748177800860418110779817685454431595169700220810621361263381090327477883113861372678351003686213243438174265452697056522455651263808198724868947394047544902088441379055412500121014818069294953711730271439539416850775821565522434993668259158684
769 18245551244295266964098188887364212810489896636909873527780649945463886600157014379715303087591654061347773013672540114234563292572224267369264042421319900056713262626162146036532460950324291901817200487472886668054743012523918178731497215358114169111957827044630150348181267553550762760470237434945687163209345609027193199631362264672212660911163291969129240044950852837345593303556738982090581902
770 60222660269500289830964340124911762841519385102779969241776308690513754313056361418823338375285991886993106846219307027950392126092202459047656883605533525550508140786723780658148712961584561619734432676617479424131278056059752484167247222459054376629577896859248528932530639033551974700066342540527838382166381422202221771898997949522552920896186441730498341373708434861516342097072217602608186576
771 198775673506991752103734657184959779435097531459383480938330618556197600733488611210176622335832413339217787667387094327131959228764721553482941641661149747380305478446776225336952469687951995758600712613163323256329264318363355293752724194618474920776298528835761043591178272647851433023879004560788034723207768413172925766161461553311408261644033164295968207282156514347850551905103468466594032001
772 656095230771298486453243567871462666945566644377298655149344405528719555871281211477601368079282464720027841402514663411428469239422979717520611700875503137889379318970517019418137607021378274890315278165056109384200538312369912056168799739536640417071427551796168791384444512255099526298207061713247723071702937618175467761019380522117314962851581307599613240208923530393876724033050075992508349908
773 2165563269953654161565394081168054479725053110346463550910923337554434424250450091171735289230041009012300074539010206275631700521035883584195138641204559615429125586169423802799881935271171704258987198137789078095174159501906450232430150038694640260123953771629458418888343600203914478072248326383529932514283195897895818026535458519351694749612036183846097625165990602223606470852208631437710303157
774 7147846551186499216379562912589918026601993647993757180184276199955204540150453993759463188582494534133379600109456955737614456976952780267297211975066383271694763039360933876000749783651793439627953215503361988514047281236848246473904682885463333193868132408734571772963542177718136718763646022851032169719017476653565935087151004841203855366097272966384471390776472004823429015183541991721215362226
775 23592823099885964676714303161793315591744798251057657211102037995150912923199196679098339185655633112350717292776678101322222568402042721176817106608226901701674138801866116675670612767229134466217389224688282270553027390498922414839284227031369773407783785053814016203001021072857790728071739013962965211454400589901599877495514922147458466167901356244633107731180590100749460202737856962750047243443
776 77872648976743358365873256702188410454197400536106642401814873956539550707014962969288654814316614094326850354005254153037878998194995807261685335325543761414890332295009741149539964025796710273174553123084682707639738881373164996109664814296404984598432809471887999457557937878567919097241869779307663666337085497131061896015295201959362259170597475389807890699317716552938456991320369159869760256758
777 257033855321815267361017606289104724364342388963642797250346403657658643129631706840455969834222750429186448515023771384348869319687807594424629831569866026043498932821189954610814648474675671031153499173391416758184490383607078620449491342961471364384804711048408123994441534382809402330820014545467741768224897736188604121401886314551321087820554232772018533653291194238758467165256951959667923425879
778 848391008093772404516186047286805324826503609872614858872814188064068417572595648470787123892222497535457623742688927290999664461122066929041178109450966344397406684677330657963727771291593003464813492218962102491139724338679081419111152093917082023174390432753292941083342967011617111253120646255038968356026428667190754869682461124574033499802508006952973860091484093670600038877910262807686817165592
779 2800284308897548611088892997603050823305364009826327760815452387456634085007513499181096960203694474838339965098242834497750069578302530239803104194893297339614151352412728691392678505706454353463305604651942302162696684169659905861881780664163112992455843366022346849928746005055211729915586237492711554166102686714508905383721530938716775168629097429634674852229994950185057973133135938014665712428592
780 9242906068759004214547102385065521205507198365699265759554991152385634524413188038199242941193818036794487696032656555408208372026756408613701423432133356585366784684015740236331697364501808724110910217135390325716455732509339432609955679496121200143011761521241475018132013638424495133734197130473260169147016239319383988672371822931660019931050380743511055089239753282997785491733184651101322414006488
781 30508109322245920233871436981454256657386067141764347701650522794031856290176714092243754905721344422946378135017009972843796429931347648147163430600830055084983242659559807259911602299126730737183873470250845140174823666624793243908490286858918706866905640946942050051785109412640906608799770071893987423405580846203703960189455211162823166712770262049660883477348310796723444570280963917607504374523684
782 100698358086166250697044787586106850007729801169055768507796661282375317296278162594663399738636811279873104782019592858733595258946665580834495066606015218521699129260977989406159402040024885748663957346028238512971294689451994370987942306274674567868276418921260596801760444703793446650111290428452826193807374333405260724978872653374304842109429642923511978584383928215803716256986437831647165786777112
783 332376128407186093916701850429507316758128538996944674616295131944142245447166339105196196845482002058608649799296600618176704819403355044392231401752390933283145628911239725872538231461454018252372763607458684185700264217140283593461662500071539881121616648698786561585995900356205925664389599900533099853902745077688039554671772393515446173684539000492920546492945888726701819597858347873287714717661767
784 1097078235690550982065508696542351679083113593505879403009202964208921729746408422375599727478917473915825996379060107222597398926912859968451112820800878793126240184444595071951232824465206180730178507306739609404092125549067389285045032986826386568361447853468540230456605317214484781576904184788634251420002525764650176901799581284969568799521567008860716179551688060304195772038083260717950587839483160
785 3621143307633020560032966939713741725938039043748183769749564260466992341502693289267167925801832581057059801898049518725442166265681050636581634419141407143710748826456183720720043796080439820377484049408829428834821783736105320387666372020010176273910098658393261724883409430371019165897866606639208592790185992273959863680976604578594024725327231061310000584182635385021882613019035034935442300788771828
786 11952373695112189909426023175036236647623220970219855197227387468602697469551187682404278764355510410014866247963595711530030383507422186541140704133686693549730996098377661764933972021681118117308035718499455518607086793412854717446231892207391941084046352447852123168354453045259820816615574234255395599411712465582950191018278356155887301988233810381942580027566497940839725579905381650923448676108970232
787 39451448221406006615495379421130243291081174608588049026205435495848538228646667359701351165713749560857354171053986359731921459317522995462909203384350138063795122280401028275214899890692011002385643294317245989602971629106477076918825748595873438930185371038282066375903330033396111234672576137631470676212278989996350465408212945898901790070881464067957362320274751573001677352313686553325986250555240769
788 130218315635704731644978454411706809575083628011147946844152974425712888684493644078884551220364208800459262139083944492964143635631104076299785762296241670459558156197959483533846292172286830946080623915389540422916915561423408174562301704843719618106508507870579895618643487547229637824474324187988101855399299284326168442263970147277160878085036962318994855552400107396776615705211875323697548044089389932
789 429814964279697457105431628087458164057982203091037540287357134356724180899041578980057700259124928826720518930263420926693054924106428612121292161359231831802372465076593238851382987639198375514153438903037178938708269217188331040375485532187677838015572557099543331613363422431008536508193098195913460866629820813623481136280905966883476859580555052421291210739446837776883069585095270238617366045706072632
790 1418702467308190659035503041446912262135702559833632167166987966312636706733034739822360768636464072425020476289725395145178225326066320917746939458194754641707455169533859561123680153066756597666742076126813489187922653692532128938526722067471724276346406711985576495279817112317327696969583136080854520058175989697242128643014122032025577015722938871381170792348930881427236270536504571518649829188956644308
791 4682755145850871042536833804338112275178434722872773724293200177120980459807431017127673032398590778640348784035039178005609390958481206280665332411097792303391034982116256056388145894837361665366474198316907447886601744577877097240189797578155356345438361151631459885638206111361975349637691432474543510383172581710240950314286232463225703695397483441424296346940075667512003454783188759221970208450170705084
792 15456526687005110349994123764843196576949759687111606459564573535354106668730722952421723114501760812224925262366822831375595494435270327015638525752273095870652762450942920874817602321669259289991688520038729820000841929543442444368146352630668424426664866635094923487264831740947161749028886251656011879045812065721562115583965457158847680969393253220309801209293392263948228982762843693563130238402940977964
793 51017914084208829270979334695800029936346608904999127148552488790669917634883120517644741190562097674471102464375038311172968378251756903519041369824323128348502757064382954499873433138114476097886648958898312883122990056859356127630233410102167314725709897247877788392841423724762860193011281380007050605368913683911247958467449588360971072337658728900166270666769065877852999766270044299043223952079273274676
794 168396794016380762623113044595205181591989496857204399126297755804823613644267001049796700635001143282253528842691661153278194637392401660118637540681468488681538281120496531599659606106215632065726460230304438442703569702291152537428476693335245042043105669229528886242808855236569237613257079420887378768287839099885055119869439578843796511330722923264302595458198542715429496447393607135539599027210803477868
795 555834206429396939017883112966318715125082705617881754764029545220776062719024604560162205471615060944299433739624805676561254188496175342148757140382986037639832383906519489437447355514533111438594351639303939359575863835191417719051551704019172342022716601988430661701951600029915523087695908277372201264694232466200984705827595687986223344001060256452222605989721910691148983626463747414366273744070695008739
796 1834666159109806633883570283773921435904544205148618280808008750735304224235385468006970005850081276995655279727203264772829665088637396458564602603128397436761343899305814746953331969633749780968067427365357513773570175382537804101237351300138049263812796838995348965509119701489412440025010961042158584008555889499622275833725811648732238526578870775157469650890577073616672836801533444791008964235506931931704
797 6055767029596819796452935402359617012229461911449090271472063874973937571357523450803008333779891093604224493049236165672166428736290667071806464660628524958059291321683504645309032544308521778893438850974689729092556626306058140919233759873023701030564446885804520985334067969081925171715309610659848788784263011877707997912220207642318635601852483750278908709519141789025752617841966637387815632212897852690165
798 19988564024728513162820915853520471045517376902981109953672756686404161269936293021343204249413562841296395980350679598847055669085719055173597627190906370791813330336459902108062222970385652004965316884834853400783985685508838969494082883019880436097925634600424709207251792712769260212956851422286988798080498060254464176159837296527652254216224053673823065812801103499643716723989903962264797523831509418582982
799 65977272660448116794834050112706027801125595790915508946498226230382211332267754615715104158772193248034248948314206771001271754685282025860745221145613282888962067552671871512144162065166013923247405854760617500571214659704461698576552480781762844162941946383973583216818772222090050097158717777435076590311204530198542048952487562390888641809403003895307666293104656482381891522740854638609902721663563176773043
800 217774712106404857356134957931483671623085523803204875454571956946891900390625751476475825613500954329390286591444888344327301347203646389658485122208179204206663404304010611142102519562990262690568934468010226888641543369819217660595342899340063040824141473307451510804290359430539455682630657327868177047989232775589632149768621650055466606444953979401403036149628039360767649383979696292410259795013744927171418
801 718821176451921601222392306287745912991493607098516295429595400787013906056712919968436058948534597780278213824354630096458222394584622225271810148744375590206505531280126601892492743781997072883821667089010545059136468965966117017663395200694370475630314518826198372102588719714606073331639190609863950745387841565781965217318359319119302890129282158605527853642854666334200782852581350708593303883877265154469565
802 2372655046866477385281414240490718754854789111436396905220398910324951532798940525310558803267349519959637661129994243218864302495428971846233794815345527349611373610843961988868044633618711790836844275830481702225218147179575046308267026982873122143948242532033884646546797093212765420376817355117628000039650557426812300535979449684137591814548456442592416185833224332287500387874770892187233925464981963021551416
803 7831566948119508294340123129983445312302987806460559365724342241409459620844304268183415998633720909001208936865175845597739625336556605105392001599877863616506541820403822829317135743143492195531414799173622786825760486397514263028739223829649978987142399142065761978289481169909954563629785786448143846779451470081691490747314829450539538249272995986762092793644239418296328313246706436162818616976465609502452594
804 25850148990116647101411256800272939878814894968402383062742942601866050459330272888029231858550317999653656251055005687356804966263677535796558200350488671690321264817747166707453369167584820375208253458269581992891640671503432727789788316216021958175904031802983184552006259202849425417018648171134423562820597231067897940747034477857200450308258909537164005306128474262308758131763239084057712752424121572716679872
805 85325287117053492975818651169078151812407490537300294834947529434500323466518788980326408545604000783963999079334480564177465664524360260467690335075228238144184599630423906844251132670101265221025570599697041360704136525464452791265772253174898540435881552093110017764292783736370746178832555867653459715496857592796616275168198306674169455503778103377148683504254003488350479568103124420117640427365634505584114921
806 281638996007590183559430227168791492356641303591665005481746325777671227383123726662682712022783570781734219377906797700818278327129428135283404275866507002800887821480163255351031748142184541117349240536935675238210470006707831413231043787534916923520864876355833474276553258532489188632214785179232585065168595716073525109016592095042945466568332399860132401521077405558177795237308297821944498003176355188326009006
807 929625733441410476214334336347687794368648276570310721905631814861410418529717077930281079977487241120218733547426960330318978817856735266863259874172984221212255539407527770077400189840378660995116587077310047920745927785357973299479468573671196230504491222322566591385807602743278225103425985282612537559541028460238970933154562683853377854838494887881722669696379490403348678606262674018074334213527764533619086279
808 3068483600762717596267482643747654074816962232732565373178560423118022322899353662389488796036644790537469419148214678016307392572953921755220250884584477248482264295035044498492048446941714321458713623247804952181917864048949179149977687142766229201499447019446358571410043200319400372699974158597699836422068175290576250567698318931651311064701457445207161057544026305458867992848765278478443253455404222112564311962
809 10128375522858641234108696507230231616647894779691733421020895141221035105027461687792018267120913011813030050718409957996380958303842976938154339115572089067971352208307426141249991283425176308947263774898071131022200780418389302849490673533034861902632827700668003035133148807003127512850567778945375232506985343752000637001815921394978257505955757676054476445688961151905518497407632785050343876063240250008253928207
810 33431518380424693462045522377666068987073940133270409629851177110295572994085642641041665772410237207021584815810042817236918392973471510386027629481996730549963717147363980215892901403921510578266924745791770908541556723577492208748744108730408024415199161065117656977430543550667461478055088999622680461139709321026392393603237055451829453482572807396970767442971307748014016524259758385886277560035260981261025951348
811 110350098658334555876464746206391661198093745699996085364255442033405718481869462158667326553201510024682577273025187239594446326938874816450174218445029024274722955970812255953288794194879052852237980944287315727178784481375378346835662442180361106494225167065042621074748545255329182855116292878218657023291605736682637746194630187917697658561572108478441966283343000715899514681211200888395266578970355668462677290139
812 364241701945335080228312286847920149410967060259041746353105008566141894059299920590091004325133516661983382277676167599171675160290640354698188669140963676902874030731717617689716393668735269667768175671240086433286526661525252639146342435290488839715150598940099947665500108264755331386302473338457348920265159661649739749556369944214619331332957213372051723857343662000978624515959258546601998809494051327619997032048
813 1202283600655594748830796464655471806940492386640572510946330584967781354212202470845647276597898079447035916497993905211587291068665023819939103246593202723260821068353617819887236457753696784619897397602615033616274126277755621972404240882350629052996607235319766796174611696248137995617973674066981827782499488666019213661697662773614338592565696479033528046078413000471908035515159390908584630046100266301784058646838
814 3968482734586591698875762858450195286458586187963498704352993842734730675544985085667858977168765935284132129042446355814593534890828826613893884513624798003053040022141472359945501994542746720302974454844389368531694957811474108415141125206033446394731573917358975534155003856045473636795109909977654966512773295339717980739344940925733045788284910778044650878435342269342804928304104323935238384607571950265379223961860
815 13099127865930160448063750750053031974921172517516628405598163150581567293074109737961370426069915848597645169744650733574151382513183370933934635628784698340124413033306732852349216796853394216177540624943536831306545754443408070414704308464093178740633739584311687115883483147856148633285281977805852261503669619488924569630388383892012418267259246353380909522064569651841517979582566672604626932876759588973596075211432
816 43237500638437503107435526914726777988395229324864495743574948174464414760544612193308084203673653258747762128720585227045092478900992344147839836099422574911351887346417264499828818842854801831780430252115242020035148255561657183642461083529437900647701353243609392973395812650501063626713273776975646833579717043962880097249653374211992570653932301353605419714276582933408545342367347695871822844687582329917998668065468
817 142718112802456651725218050409030420397685759319299558841780913201694307181036950136837114512018171404890589287829953799623047718818485645287742038334066297302581212157424410148956749659357506181096047611894904063949884402371973914288537864285252262047488149214516042863077213613548036156014048631290730963348202781618385547418874465100289665964926555347661790846587086725010337545128606790303088071544732105100073459334014
818 471083528443281321928596767849855195542689213024188293729229343586128956610552652482015568464207631352585093358934649858762112501467100196211013508746961569332825188992116119975266312709378429616517730877773293413083502791087262118451040422327990556465096412146310542566456512686893359948972966165533309105061792381133554699764607532564796485213286007734555118837050565805774474851320371050037286090865743638404804076885792
819 1554952244933574238540142748976095391370923061559596312466129054335555851303768804955175249613681245497742285057855889462976210452741838763292196617702028158144416056111376582691214032546905117694811726149279476395315166711814804918011662537014279675381397598602946718490403034812970804585099534410504115032428044547997935095871785938975702175556570493183144751476940547084440975954359839362416255659096214734603416259175917
820 5132589164335374561248296956093470080085908056807536327226051391228377256476420035615864930961085605560380609538548805203625787655137288367940455091832380511172835486767877684714864968377535655520858959386574402790935167587451330380365957265170010545926901012286508476334448367427543334888230145409550990762911858527976363242086267409844369390298822761330129989292216704700460137929345805058025888253268407568776462664477828
821 16941671626757820032315045697180910430196620141138063466415107380682408170661907470505927040824127149200398845536670132247713748051962093236597012119117695118795991702096409237626856706222919645352937733734372529530862834911491059087075552574391252372144882186377698332542097692774109945594904928107458207133604899952241445791812377613757601769026055173377555649598736020076842762873675683134227861596184974393718629858164409
822 55921179867090880126292198919203151359060992886951603460747532632743363762164676065889682037714718055620774996195300450339774740556268328072874335816849655114916688012163937887598960471772729574460959501991232576063387836589120026701970577796493543102996689936387459026061633743863536797212335819901575049713672420619494766148366614106258586323846607693347878025995622916996153745383597800860582220393118337604030247791574554
823 184585125222880709408598223732112783384319669145191346928330205413054699025287666006669517659829874036640832080676683620957438692827814965488581620884713998397062287935903739929425407521458626778847971266145085533273088867743178170550340693416278758582997407644267982676832148063259224357388973166959064688761969270680603945198511089471851233939026159458424731531312593623412875907289697562796861159269717106923265086337159689
824 609280645997463820295806710268202953962233608757521162483231109605579890470874422686720430610489504385354698086182759680463459208942427392415122187483959563964890583998895490188602933950881132593713294261844622464451233469089942323467828043946674390653747369078515301789223863200514932032347523176959272229654630079452925337772461269500276154339632419298471924001260128252436427769726527891964195861329046251182086591809633230
825 2011121792922762713661051937105686091952076097357849768898805507633218206413208858777784629535142446400834734251718696380549806460821915921978824943998968549570719673512345567320773026001059922692572914117325585620799264430084110107305299746059392592361245047341401865179575561051898570276596743911748194759541325768463833563365868565438161684517232977963035270454134686968961996764481877648924632757701356884865774773051671111
826 6638342682769226458693484563555157241599942462180864227479117325054254087070170934609936087970324543029958668667823390924307373435587900158003337118178952972810523274727484085694843789223135323136377950259489691691596813184573530416015423733658119512605349151585895303783491025592630627490498753946696329029102353644087310904114616194596478958492080088343250263411391505446753688386219596391064633654994589437926349657912315104
827 21911962135012188518849331780725472724917970074198003218703455479330692272476760843816392472958795218184074409409880038015701826898533565691016642077529643033579246914816145753308865393106171405552551729389014195531508036857526437629333473801810259516701427588297829385132073359275791852593679203807320532366533345522771724432679199732017627061934965859023667985517652677239035362883546473363052019843204778538987662837989615206
828 72327453481320642246509223493672998462463929587760698872526087850967275696260124423060822991094117128790774960156106970716987230769951822671348584943721311786048141858360610973015864032803001895246590330086036321264087688111933600659531982217258686468567589961483833772212503414988660860337778966269296159388292243770877509687865250868738082444481103857802680631512220549814461623390950486664587774963913145156809904539338134648
829 238740107237401071032308751138495839543092388326887459468932119467057259246658021850339506862503984117635138952032171083178644185963745854683548782209444929672865492760406207306374439720887984436355765150578482519524715874644674228777251109667496069879531851808197155773877609359359245579800937902730483688234073418205341972830081315219866515638059973095908545371659024961254042646665710505387528936381748747421045341941275941878
830 788039338783392785710670352934875696659539675558324158221366503142922349309482127446514417515730082444822680829166404327939570042779779000538866414131863888564990403572688803013694177292699399500256132282087180697639277444500661868197338569527091169585956000184877763072204951602885403561908407594527588537779976829367582802031666542360359951312494388796312792476290568775953107426267094109008955364608672326891662290106785412372
831 2601181843385708126697272148657025849269936292325291604735703871232456030837273388981365554638016339003921452331602706070950242297612363893864043414284808419345300584559878569202995858932805024925605225422207602240392551561695077853771313167273821520903978937975508710007547654788589112910881846732207719090486046572896013590675305912621584940835972964165051529611969947729817102251264096292214229335365064297996147114835142066751
832 8586058275794850105718882883357850407812791484791567621630066214936174391281634407743399060178529982299373235094572256181113750768127480647042207315755431858186885783464744439335339579519358061293468599089940749888990383631517914086024489385142175807533287311939617277870152650154652631843866153800875720733154441942183277447865669408622698212429914522056881335617850345080377178244387465098544358348007408181902838967185412529068
833 28341135793762467497646839561249847672664039251956266757309986863538066697511153866108029253059200338599189077393007067165528362339405722158410455368024577437254067193778317449043429474933920557168742573943080539504722101116493049958522501944229295013229566052048606671779890796255186913590167934462718490764203539845163464886801817455675377657650733007628484390165747673819279306104873583848798100628348493688476570272994318909398
834 93549392291848999241450431095889529230499775752541914760640453344638426652930412439442173162462439192427411837583764278949668676022163593494735944301567449650379481126144288024317844362068997972833333166723418749348774945427616583449285955159791164554840523114204875604761106469041920331476536628989924017476120023233003644512432914961338985567444378538921521775029032534524470643531670455766125147748282413378998641907840181193480
835 308791253229732745227950514927482143670337936792902117714517702010977567320826287469123976413013838711380148332282765327291156919935400951992318627273314115528909560437546369290178517005628689187034679866894980618509899897047379008503034879030358001950524949776624773079645052958870044480684248665983089495871762421039118399898390539779943408622070825635488352925892131063483333729135632288115900412012165383177910852532085170743107
836 1019270156721810847143766589764037061609287283690802556959808372249530759596308921200947392287962876357382050474070992983760855010681843884109395005641256657292761329578705833942806206069381073073749977517659492010838038194591283781559347452727029404774122616163519400132958400882618113548664933837239723547528868556189618552011304866103095724676587138992409908092045236282313972946206034558279280975730419201457992583924542725534548
837 3364448815717706606647772141062909700685740052188516535411435394895720339708429810114299829757866058988433206065574082600332567626814822034290494495442188587334804707606100759028497644011139538624095370288203940623923851450773477992752356228276362187921882255223006947768500789518973298216192317579142237903190100180570372159427824801964578283851206825418177788837895254740531724790313484985013237678756374450616013538245809491857766
838 11105518510987368774946780251975201486597167164288631883452694368888028505784167377266266711645421039445540562376250552461108737572768214713298869258743495494348812530619542665656167955569633860322306741724821425663619725545186894936958059254544673953399301002546079702344565714377794180474616332269295951431644910309311370259409774762595806027885818028746539712402984818596292201452858183757929802800347160180101796116496519697126768
839 36657602032547292617212747403176901048278006882856918151897298706359272398072760164028817533820258246202904645958905936730655618730868657805741515979486633770521385346930160759573984103858948415796944457161620564401953779314469332497501268258035885213141662981641787878825925956337410556847147315595337461671970391254798665641263991998918951394621716687129691697065908035980463412963400666701567573456555219223027414573535701047199978
840 121001167331212345436307775389651346854645799260609397234685036235079393355925121320047146213916542018058586743850523047607607757200070553754119023446058344295044516878038864685361168076800790027925505807474946372872994160900956701502277475747877178229866750400884305151641693876460048896726152101678276256316376562013470726818456572533437592561738408214197335320102456841539971528920158918129531265109472251562485044824324448199440992
841 399406716486540106365013516810628984402999765641714131818556029508115084739318701247434021471031493589264058328398605279908947492577275504799134269584334854806901829109193388328797699097234724278193978034675863941920479933905286522875725667691118304498849845865320449302254653989448029810926047988391246742935734157225910374469062995423561736491661007988098492455592749728855394357060995697911946452085864917612725416055313621092954326
842 1318382599376014529499677661789390724933722469479471903444998582740609338698266264500874241757393863363940318856126653674128833244247263959766805141340040515516967828549886822271322707394928428205792429630348084748778549146860733619205485445082127092865909005668405895563846783213352743717647799063003747577020124274696999941965446760859365045010704504129693293587015878363078034248853248549173981199460259331713582574022268083907457596
843 4351789252080074443880575791174354238130499022995147301256308580720177610161858954069009325339051637684275325250564202311184559897747334915070888944623507589532138334344350331145282077864848416627445856101813015986734093799598182842699231576399475503752186800081484847091152320254506223024028995194466413894463124232630836027109065815887466868339386249082008919748062517410633387381105713618549380694705630910024599325623160925927565019
844 14364633229554789362895167694427714563563944374522617665537144044428932356121025980367301334999242878764683874196259544293748602509263201005599133856433853821741909254541922303747830593470063073311233513750516650744730410562687772920091217451725986133735607237325633237016301423518707653434145986158796475729799558833510019190714410426442207172719791017641687502712035797515544670338401678664156793485000314539612683867870791347051902072
845 47415629532331420827369097740701646378878064488504772544515415285739128071258411666139433216040961272427254736846277791859844000795091177746369047951753161257623269765059844907989373492642693558730658168597747310557546147461943680988003225553345933377197820667492196191209241117707409491983273494424106747520760377342077958118391694835826329756865216030585084408950762864059679311496348453199890174146799582748137851001231781867580202966
846 156512414953065852366115580176785547628393310161849452962845413589534724076203164767798983754412080473496388421766319494380278805794197253557134777542079232626367022064203469476011226849629646565406735262924003922758658158581518040901757489535838680150648125597751481734002863199795915628178880597541392614073131578869001898988059587974417113978271308527799643592460869854899474135747890503443009364565226338489571130052495658638875944756
847 516626115061176974258893598535800093894077749674053477484806566035059092145095295007377377506204969367775709506018272883617692151334579659732258566628662032687095996554972595981373837462123843390207685848848678952321821065534462167522833454066831592648386473495401073554597491331620542009127397084509915509791397959981302947284437220938850931472184099135694126871431960333577746811864021938679442335559818120297172993836448574136608575639
848 1705313419374319482311245239528540352590323361424194819541625170554743540683682258900567385100994288754680235313030559086386480493610721807337647393122193927112459805516114534766422272406252532508312600403887589138499525677661011985996283066948508388711375687849382541480239354651019453726821474980961231133783182733950863339804298374247138282784029147991680658719670636286865293109133056867530746604852132297511915439217732038869773394940
849 5629014323286073396935950789512579897071890731694834892655076661803485239691670425344845563666177816634763071136893495663278740833463266543626752653470041465096289273080341171451147964444164682658309711738129480275213587187581058137226345054191773332296440316282650994382039635824829881693022613897620247500880711480118555670719762995990353580120288849035563922103893959514414649824256116492336819540906809501797413001475904360124735970094
850 18580645068016041561031200800692513710912547359381122416181789631824152883340370185043927192740030813948617536014726498291984653731269332032118041213422014898248718890185371069231681449457958622542034643468876574433749513920351602619903652373535166105314514295436509165516995994942245861681868515542880257070310689152148689705650246965617218157989476822394827495272042804823938234854980154178624451243694479638321756480291533129232552424360
851 61332336522898882609351375957901129064164652325824460658655105430632103130260423602369302313111992541373195047274983785605113847525548008589367384750406099988869418282396541254626701754282999528700677510846468090159589037117293413398611259510948784010154595252087605551044343415546207707163983948566741907246676915493139485376908811028642670846714863135112858746137926161801473817277186686761715474028220185279843032932881162343085676449814
852 202450344741113022204505523922607164379916796365119313979471076126566006633488071985116128607616032935263461458211052045887949967301007623030986657047830992886235532607807750545423611392569195697726754446827408300566028210150868468504275659713985488047880507193913377097705111018851291791862510828778282372714034729134527006223337538952755367269699622845336357995303911680190309512647203012389708805730843324243329631484377059355752815732384
853 668263619888589904195502125065180634376145163227659693606810803679000535833632132688284562049779675195524530838679252292270090597303276233178624867682458674753016563805685060349986210807088037461335281416973008087918611886693181865372421447065059481110508456882179067869208092952700712550534449817573171610702172272126452384062368011453739524843990914784324148446701828474270023402548249817304297318231661752380164181578912647166004820245409
854 2205857249679607551083503564707070809543385002924710089250721877080935633580625256934533376645781001825276399428553835477066582663306760733796270743552070026719768199386151301285198220201521072051616561277243478615604274725171709661094222801944632121760359232690226469610099915753437347070327591071904052511861823219666416420306189423039908627409479531357185032560054761433369335055374717023439045128271315261430863653367798754209530160316990
855 7281272341976491226570192340360375532131474809821628767454225159393368575677829829292859167859398728096149600640224698772143393553953105495106351622638473886510617360212324576534336244188705713987469105956540435425714426211808872503300406643158911557031686960989323429902010438244562074165131432880520462987687763826827619287679507611390734365398430031855153824301412409691437584715990594057071524222569770755901825344703539112212524800672061
856 24034629523321032163351700727749255599382953046288086901345074247107664248227206444013200116193582629400255417491800709446038469204811852184591340727869290145797354010204254626283654788351215861738698790786511360118859801928250013761144322941892527463303596566909201082922968728292210667648989301785537447565629596085891635764772260523903445690326015123244277037505546881931512554780847187849634306597514827283756301103042927616821832920996554
857 79335556774256838836951760726597708833806987449164054439333093611951941692948535204093011403772478977747134980419834966579780864086800387850669746534266609980668181951826532814899180411227623105794063986051914742111068684951413036822340204036456522719058043471124122442384079791193344220984276869910279371878004844563254575696116638676900066440039996209093398524560648531089129754222368511900882552288018530993736842335915665248689526825876979
858 261877749442443214323781166877518276210817651764548246812363234971763670398564137413199545563186698844137785832216671941166545006118421127405968461804771214947195957782715850364698512879325148788284044676569925440022385039996660655032318453309511067366390007912003603514612602714369294145210725998802519401421965839425868273461842861121993047942966198963262076648637565730960400875865127013283474587405674697281495454861396640421921957904952460
859 864429560026154867393080693326906080030591888972451152129248235021346762629093973693326971839296797451334803995072034542321260524487377512067425312547294492509831268595940503197690509124234527240138353384349808551086201556168872743680173891748526658117464784211906475822850432167259525287346456114062511869319333569371297139137408473927198252731129251875507751058569019923215333272122598732972907387980990776661260324310308332183921455146129369
860 2853388471083699640997842937861290435372660035385755213435069245232692262162896644455138842716101724962237696900541099634405217613662018600785057507430389073326713200683937628704480562951926219528406174182941115517983270346840084379023484812237101570683018690750597750031134961245071426703792413897249167898658770850521244047576776875971528811151105705351158141468175132180025255788145700930350887400203698467757680628712872624731134362709276720
861 9418732810567348802725060711332571898153511026070282545656337596164426155120926310476682346520005286253060252999971409738250455036882577792350813053966354318861455324344502688765773224066754521626175770250654795579489488305082124842974701691646692785404868376771604752789587626797086923801685175473147007354690833555338113532898318109100534777141260901844460296969763387156404561363223018333603383520134746342982938185803589301754072849409484834
862 31090258544022544282076347914839757197729197214851855356486036927076343125866783939745077240420004162830630235314514218786592429796521023660538468293881415478976342622278256888999555616306538587953471109028463939117057396493673539893347558085434897284023285544077179604606618410471164446188404541834635620150959660970444082808578427508211837744804769284200611157616091368832958214863592201333780410522722294483877131615482693644185817140497513228
863 102625780054900929727236387351834393153308943642586525772133175848425964557652620164429759446415767351241684695407351053187111057743020981253154264402762440887910452319942941636624082088312470354150876345721445253602410018284929773976125905303668977192280191011227320926714723613243823662065326955662848826932393502472489721390343789810514709506410669142075016245487024274203936184703180777711788694030476178288156171592395717002058101828726794572
864 338757476611770529870856448865205305284254802380390063180608028970854677969330963490172613214667554698587410929213989604499169376580379232569338097209563649565916166400249922522474787041969792870612000015771881301038234255762693298102095182885585221675717103052175494115894164274562691285860522699133252145583626957246271931573363006947949698787567900899103402197575539266759121838587172268442702007326805053100869231825361809234860024200671350516
865 1118205404335733451832287662738746224391327348383971715931990085980568962848560518558161584887987681989990933682295813552740366931341954534179143621661571482600030890506172585821300394694166189908266449718780434384557240524376619520689138763041742545441002914225402775094083758825012979060237995947561461311830108228174091276095339724767253505144460568484654860294653360379921297233519680024295344522532418009072967938389968074669312506069184768338
866 3691089396490045591788648868434439898415863856895186659951448869706785034017092058540681038489395418105614760879910517110651122995983171287712272481799246459738525457745249864109845697793094814508290330645276756842752466698447274446458947158389972525802930449178413500332196094550130308936624972325881599786898879747445973367194753760132592973725492424542089652994612326830195755246997020574268064268950145708968255249455908370623608469517525978288
867 12183941891571276248729346683913545904260368486467217591731119934098715174307464060266486795897369149650954305619931693218229692041420695878054464786702165683889760006295844300628852321888600494324241780216279379060494371956059244142479838751296434584424111410967581624635063629506194001052752384447741390257311197447615422034038478813913185401002852970189239490168750912102073171982444252402545879208101138817808836310356661212243026827494516948315
868 40218081722638987133353607455587911901995892420101922578487584735375457093189130363786305675955923807901382883083653213877924687365836567421360872789226479345556927119942686378241309343137785909728862896725151468822445962471748033272855089632842769033064776477288392787687204153677016452472783770031716347848614468174455780447472510678382277872410356282961409027628433244544858944913335377900353320484946044993578687818265312148863632603768627281052
869 132756306979336607052639871045068475704442891430138663234720077036282622838080325806132654032204546010892146160702954088767358902964517879686878411304534877807826736712581359191364098399753856141574035198995170055628473641585723555102308525177674788244799494545134313381486743255044328777552231308013414520991252337408125530246149247063558298664742369574344289230837483137112242776957962866550476813619763550154496281576202566802334041748600585420193
870 438217028584220058557442132728370566113532035131644309735624066936050062136100982366775267694797799558809051297943879334018475027132366887544550951087572605941513690722859975150825604219682854298792387236312022191437753366327016474572983543529205337934526911150809291065213890073397387207404788163933024159632244789519768533779689365013589244350864468718233004120920137511612754066768145664571880116916879367479237761113248179850234983046023561131858
871 1446517235555270791025552005625564092422087793333042182130175431989857103940715188105338986253538702520077747572591312233165371774317016835213854229131207164643466473996964929604262947765097050526090270897485911412716288186642421740415487740867754669651068963043422597258760675619871081234883379757868306775703532137011866074078657410454926081954838934905130417610145763897250406625201947449624713912938175983663681167607372537679069701526724998660375
872 4774833707865665473272469209829635754363265006502423408259997189465695479611547865379593270707110250437701331335817417704919273968203778667809912472166952439206901091599156648566466288602824141595763108866586972128539605666397351786303108745833008832798191652768606505981301134252112674088518247750004118683228064217740918573622701137798836679202783189232276185221599275343407486281178132537723982642403361856346565735965123935117190387848465488662998
873 15761340964720298478667258447937462843520871789265061111113292718382806441491834041697617477904842418590718235116511702662738292663270351887086414516162482538379985229337069304255938221849276525902183901322617951708346736501483530778558549638562252363507010945302343072757700148007833880562682922096423694631224108450019235684101117118414605694964770062530700601960096921175401862878922477598258093533957427823107223717631230035802561945544831337716779
874 52026948163646802451906188833283062794600455357805768594069125335661139662684219862489402087307451563187890143205823570481102108675505776677271063334273087927622047693469411970843144784937957366015039069609569419259026749275697987277454747901508216352698088307773570466883776013159124885623998049027158271346328230838255337328619014448997437160549158069627623121225548869572825663434331808681248499727743397355756314222567121356041457581333257221843104
875 171736976313697684242565029067713312548651393078311346000503609992993118027274740728840678894267453385169969381380730220886086342261013502598115995829274820154795821117541890713565679852960084839788701346099794496582549305982132991673991335382991736397257429482633751992872225367982299417318156960531955317966033806201639589728531318723908982376693582501275504254907771640090173526744286845395030631333176032297972083664980624365191701657148334479099346
876 566890978760807695695619241450043229008784725507882780439457314693710894313237329878512704779161013683859879622582158879019255028547323349846333999967681489034202743004843745283354097163144411042662017546815643747675472127468676268551205033331905653521600392750620972809819372369361373989831000072112875522970623045645747847265234458637582396850244452210064060121916901832269865643697458120245325015195533029935141226321064969671818763733850345541922248
877 1871266108120027493021857789946590116009306846610273977234770607121253791227898631410624048913549076359856848560583101775614922891660646834773100174732892631226260603533006865790190543373836685456952153738055247689681424371154083375288544112954015432563220171356289059835327189214674610196700734478095089755843201758132601474004708513755658457358091444044534060569930447694325236492708530489094149227120821157057736764951738803592114734090841310164978650
878 6176917906805082955678418516650438463112635490799677538864288717218216501834437115636553056633414522559225925231681884427857055660638423414153262740521397122290046010503824817478493376550524385897851117820058184714279460077375935745328018937754151671690147374537575572426351453718147523359681352805631465201093479074772670684297128356905029020449761961478748224831304206098731457216484860985276899981646356057587053557075750503143606097771244450221570988
879 20389584611575001632948387101740227901244863347310551994558677428401874490033759054906969023573785918119116016997515437541854530415114629393758174226717691346098892441652995246449985818758037909804724828508111597493186602774329156557139240691249779127993637955463236082621443505043562134644736527542071013907073462375195737280428789363274861279142986947261434553353788989119632093287507625565474925651536135732234880693529641855157676600898352152884997477
880 67304669710191360138521084178544425052706682704941037574136346335776594901200668486554073508303083469832457335625489948305450081174462276335267289822876789091378555656425083553863004212654214404928664167263480602506453047547211047472367866455207157432369677482479048909723473550077160130861866546591469359207190250749258246885274961426225669842478219722927462313286806344274896788074176137503017289401121903721694200787630440355740598629502116058528240772
881 222168399501860556643793283382554339647705893168896293570647414628573429646647069141339206511076156961163855623260040188516621791049697597683730649554222009740117697467888642607794124016507182720122510246353326897477448146001324911857704704416724616567451303829104536072977715155810935380559433027209001455614041001222384804004391708116243290950752862564477546855652472885326994148175104439477650825598150174897254748238177744938791157926463603087101389810
882 733364097213034517199212452228451943007619829016102087772037115782744913001623074409786672378248071670335831797087425705439632716428695357418512771566479995336333158017133480936666387650916145328371320112953690162811786726214570744358831481521875020822080927234626879258598178320460265536715837517811315867504331653051231380391971277241519772688341971820138201002110012167527481857201315806803435993166856613096170800541985940064147576140922118914810007768
883 2420790864057595200996989927889045964187794546111674608124257050161830252908145796317328166575665491650955354421307672266848986746484036378035861277653424291900523317561214080119301618334010201821282710036369284217455974589026157514844987865122941390323012000713311376756477828087848694002290543983325100558674394496381044906574468813690087877152869310497158672285181386615279630154754944062012790179511995909181975797111945641969088649502247046739411941857
884 7990890264551792664442240229242388359932829918812929560821641448041184303219424113169524944968943683463997776383045490586671465047563282267953315532952779607434370416887006185324414032153575465076152264737822855965266349940365151291155846752479361397086442915789630943073077685586648703577694998605896749079902551532860767960594735008217879830996531659410961215405656073094169805755603477015723408320683290817746251855783666725038420497373395711172767192076
885 26377481630292469139545356947697186927037165482033744435771593555832753761884950739732048204438048340547072596401821618394186717633868110316651646171767715749197725873232538101031905006396759175129616805290304489109720657978322881835413432042244254244932907490646472984641832623807366949326569782094907495450217561972987927652864678052984492020924305708553560958738828081726982665991602181756161393409734964046272347668400502003564656034538150063635831096258
886 87070644407885254609442060393815457577132867435184601375736107149747645006613203777174362495312971244164134516376383153869037479627068634774989322177502532580486729852716344296058336251161981454928540370814676402542520954107869038349538910168850138648052319426317898964617126994758012221385424047090311710180279210265706948437848758859472958460972479249725000836740046377484414416080600489451119211752353446687651632588971758088566037444327748696768954616608
887 287415677981427836058443156111676839962487113844922668708986136849251849099631961381031420082024482609896333086148896259959867107101241555787086021672152177966679630984162779115468626378442386796455499864496932652805163348072172327750973909367576532741312601628558038856894589767895469872131772089047333432189182238046310203107506307012743553995430366016909369772025426554278770971314292062780662075630711757214727189514083411014713931136102168511515979577326
888 948744815796311966889544169611079042135451923807958003664454687247910008427916257268309315312766186286546656638743165311205134369719746061146255552436498803190167076964549708745763430857221075110457985663980388351051803896788627578386639986218821715711565890262045777407682423283784123483983625175549143104239688465616241992521977725046377328061855645860570476349744548162150487343095241320775013230992980557124316876310212344880522806364463231864360833195120
889 3131761222315360204619102285755848401937953311907288145423576015638662485946669379522301715675550099539617999315336913940680697554846684313662458611943985746089515444068749744955560776618289484624624772840749073349854422552840655773172878114661363111522424548709660213324388529805743185869516667893208991096567496099071768405824668907304786877110085994477196381943180686505914996046054573518158563144110899666634074217946199384039543001840034394584324392730866
890 10337800180266495661799668078181516760461700345697438834245200941663315444246328029933554282546382094288205674329468878964621329417697336756620364632058874591329231444055202717021791724384160409068213792950461229135699688449719096044329695687226154111196322111724411231226698290327128852527499675233959397861484829808413102517873972708680868870007959981411946565014246977678382819869404763425643910559178234175794209765654441502242349433186259900163863402913860
891 34124625069926351306470299228985069608185600442362274650681232484817117753932662585765639355226156097645179042582416863132647195948776588868214091712659099317378962492181632830142819455664684112706066853171291576195053343120088304504661586084003992593558458535356178541566822971829623418395407156665950480145527167909341386906149830548285980925564557562624647183307512864507219027598704761812214350490047092906586727356535300462565702217378514355879817982705481
892 112643959260889297854328602576369977014160138870554966266779800170778985395325045811279787766051430499431470028944042393450632780884737365655663462500766873559234380576349349262784509734762246659642609372603231136828980610826442652171434589268790496452799989756953271944544112930668113426417563428203109267235029563193314359114498435364230223958334672339611904951054273466541401628576360236311501363367848523779823245747311304460710745204236562262644011847965544
893 371833220436342296376844567795845699051396540770963184005537150383882624648673079904246420039405483696345139285717299666744920088488753694848750152348172244465909221053209022216541403598889256261121864634741626348943647380278901428538304868688942179010893059863841137961648986788364995678804137348227028674575413622084253811873033362481212994549912834726204155089956807578754286179545839427684502543664066229497151820407649740811591076710771488791316545044581529
894 1227407383452019713253233461788860828791513065791544596156020046727881977247282651506177080653570191000887830483894447650064261601391592694244805813776256050682186207741247448654408273321428316024979649002625901777789073498864462664271455897666334174647018172937040544080835333534042184302578583439405908172673476578092539703582284052339995399241617243998621261177847883567347025453919864738171171069747584129957332995500336603673335928419578647781838262610365390
895 4051627745352291381798740760516471737021003163288220053313745553801212812817473087672823726038408665828231967828551296718839596208404139806850289689621175530066279194610148796852503600364439406579236979836396669544228233124711798310292427127310196589363860315798962201820000519427778151836733483010937753217289715455162101640430432338362078252948522306328630142829597571240747942411023030105385211786550804152403843965712688616874174649553619305841564394095883551
896 13374285894171576795347443582374938421465888754757105567762326432334545378310646929839226076903037359020385063605753109639763634175169579167550210678867973386444076653082504162496490641617281582399524077051538359504039802183847217008002592247060440931844079962924326491203201975332920980972049641394691283701024185181656839156653716561828744888995257756541423340273290008175511860516048498441570291474862796391360958041424217036399898174157065701419556839427210674
897 44148091017083102953717959728547863950369647792620443165527249690816564133679295380987375607092490678439359855319453745670280849632207615409847757551105101921897285100279588314393615389432371090857937258748866211747289922945767352990207281408003151891424424391510187814675140950253383595101607368644186607201322947877565645716492724887333741507125255717995121006633181171289463204375645955810039091531526034076508214127463641241136965406834552453065586161383383801
898 145731527080754081476749795912571016218591334958857620642803211286001676297791133782315997657536410811389265035545191766079646809788032986664200002957642613761631457967092672944587356260053718636791424014540776993426476348330725838403362149964104171708723914887206376108746133812845475983868874918465630278700682839064282778677106524035784763309224735677838314308754196258135035770154600059017439827814613174007023292335029995636596096709781547338198660248781117400
899 481055696387519996489470073795176738856024864204459683209007235269259608862989131693911825116834491357291590839988151353419125096501366810975553937511774378127906734831793959035458880337377353125180764877076367015285957834391888580493755880355315805292760940225439740119543456704100475890916364808783444136621405969546954283276908038639827633048873692333443138834370886401316524970118782000458232650316782637408425522933108084410388095038800852563120008034236874256
900 1587952350198817235489594474988490783857621199126641175376128699584889888009480106293386405595614654307549274087135865356483234945320237548138383269620595818674908395943204192888624924481544547109306848966230564002466410598749043261214866969199910734380242220390665477626091435890483411688815746863690961311386698487279134923580802688299841373879440267229783651249818172825198548766807232727691824537420975772550735841169038185994458316119673372686863107922645861400
901 5241792550782554276572090748119776310484785957433365745120261941102973937869901706623761240307964627323532386870904246550927527292910225128305869915243879975872162634639808319100239574181838225470846034532413057053855030617367066644382112566338149607539031346405035398566151234960021921873715356553355211921971174792631536757205502931485350242302889689457769098495382342095573342972215863495300861454327632049499840524018689212837621108725965726243873046194087819351
902 17303041520009363649368062126617695767446581513543102900430432347458357570218674642426190044642743141130662853408368923243461248241308323502173880318918355262247464437870609770002912091606659958773223209985012906661092025065795593447648071484048213988026044303931615670516144504457427601686583668811311876944223108624956716319303447092462545932379156638067593706343095367061332843719336241120581243185193932411717888582451999049138061095192411997438102326196693315066
903 57116991981044676745153182381264247815802254374005871563530203829418138141277217668778851173461925760497235513098890615801888467062692486864863133212869064041091784121134068131739251044376969470333821932537348094812636376358203962843392225606970438273501235191329219873902185468803631711972935154278419150080740866132822914044488787291834355919591978813712890932368191053558119378295938492720578174058788845399120769051718060592914000359706090018776819879153151065809
904 188542152913017377062409840942179035920386851857190154149103825721220976357941806401923663682412846599990858284294341319979241810772339639856007725590545436425693969805171940422325748994656937372482313183670826346726677689938890593562512148861053237455052486803724740228611447795021491601972599552446651907699309502910451926892267300746955119716941235705144925235410801324245297926109711205799530671851476476329459476012498451123362285033887335988609256688671723138782
905 622374588469519247876634104811297406297557533383834264529394229188362308527231365293729092647613775343183778634422451148337880310458860459431529585921066286012921162383862061768457166038238652518292826622573836320750015940240683824498649062912047102825981831589902251833117650596472739095405176276951650198441714197789970715851506727448371968381913513486505757079361195282688105993779547065110762555226158524436515077965306441502793424179065834694468166437929149275681
906 2054449629515426851360204319226362282014807248676668047775722589719780815495105749884433877491748198855658937768553477325958010138226018083635162976264610801679959825421172379005159681303094311600097377450242460703681211239127660706582773321593619789244610746252620206833780074497218601801229321832687781417773711335959852091772028297895234762018889029389173147352016438158126945137782493079022373224154192969386712092067833466989485511650434200411977735646808926056756
907 6781712871257420621715114408285361981201777700450974137877321233547651605542661151870481773237689840947628736203874542808590479276011029759556871117803168722000392441449125827434696735866756040489378857175732089513957192359433412417387621297252277932776427578733175867985449015285473830693432584264178372400525766040986163292714948078543145807479039824808730965510797873023011955167218194071970397034231613698742173015015220257429321900843732788941719848514517247810299
908 22386363598989250436918043466201037329954562838000403965296532871797729672401176583704994702818738181633877015537293313948668525726338718538505844896183196414117856298536196642181677994472890981539944321015727891441685170132524972245957901522131119954004144931496710179699466186780820969665235114875027837094586476415606944149995983503951936121069785671114904204029850877570173872081863297328373082586330783497142668510972593918047174842630925078780053362710838161784752
909 73897196409337036500486824683541814819058509438354376351427419662144804978563314040836216241946122893913880443410859419859336965475497945714506842831770291231541641721197751080064325591976176907058679188807855116518116196498504364075801561591922751743593723545051542201272625205171969514770845129652657401451171128269897719773205292134889357217669167634291025821386653007362086006519411568744375948028127096028082352686990238358456021916374202928606928333897013841894962
910 243934160955303269936617396449627089987752185449077574184950939768538179446492805909122279114135115331509529311607362881761099726851665087150418135138893440833934886408062376217934190384986385477049461465789198269044497392091545010474258538502822823550603167417544389245095682200197620374584330289998164042579409202997800023221551471635567567635792721654445846846409204926151392010803174172408679545854390231483098252341355893657416192401477266007652315885326563478938908
911 805225534855123421325975684304746397977604994580729626885978446024894073546137717440091679181019938789455959586430682422130945306011114172191005375295539334608994399527656884445505333374123965956597371562566521808348253605905659876765818417757237369038405734650493130038653412375068061123940574018008716568899338502046265687806101743213954692696113890613205336159077180131457461253244824412392210617406808114938262493909125689492098141887190737698032261613396096048929634
912 2658047302160123046930726403765901078428614104741714897335192039582329658870054116311067102778186676694850502413943357718192054074232433468150706423372808917856949395487918780661819159470141964411045047123555844214689983313456709827032667975211181287816309609259932039711766026234157787878524220598679234599115268604902601173539652867872801528150803228274824127440309121482390637148020332227928745494685026281812517772144879021130844343507605427529266756503411314753790148
913 8774212003820960787441592932893588335642220394057466705072296282459748542092511200922073725500042016914650256864724144060257396424833721806262592479534447026855466365585368321976910557365175802682904498669800245001421198693434768377523711010862652165334506249001819121188902560182707094206102031041301526461306233193101153903493730252745936938952948579458742927650474456967224708994259067798676949113681497477079787372379089746069130318844991468433807009487417805313081498
914 28963683502332470951609623526109698721361263321777925920953453163271008757545275240139888130860417635794805162979993716995639699040479818101429201014613491629659373439336396615535778029703465249069928394101391449512362669976481339444012188197980456992440998740359646576073187540434924777901038037758510281499338141207063516284618551247169719563840655204209603101031206261488841933953375515506521776671802925530993744197129229812846826300132762292795606935534029374013876800
915 95609206340313933905513264339287251289969778434944963636331056739706851654337275631043084798249130728761224849075087459146218151701670236531696649521494932640662795011012150367828224027406180527996628085537690712448261857525938805383581110716688346348300413220546749214824751778253282087673714777379265789796969701516874127128493020813279397376402040707016890461239025540774918849783323124882158351463813305611648413510708042354587716245872429645493256893208970697107172547
916 315606459313693801316323907617455914187177871203934833657586882461744481697826749110993123374145074361028498452278812178207413400074009067892351146530657453449802482292183183647707359638347618139688158319447585237111325228316985790070307281196940047924168353428128686711517184981510374249349386626581337733865202851999248552046866760864293369982228811181455731348855816409569348833287236499263959813388345793846117292945886914751344333467574689190648410687810339113626637468
917 1041819069383544896302332951103410022959915949116093285873561662798150190869265775388736814025452738050683380627583235223946399330844095988766087565009309224108080306286540381720150222987331229312653380997992085218873348558922056210140933060868562925453095319207742570808318917779887913663042609559194155164108371361809555455692995532339566501397796622597628398012983316061853690401896335614368309082063375088623546458558332511572240300921428897505289607396140148207413747169
918 3439053807049488994467101525816493039499335947096262209774572084629182998015547598743314216533945961288342245998891651773900083287294187863534059054998705926268858196871007928327789979502080355718165198780547957500823136097073811005772784888923144388268486518011942927513329237538034090266555863319151087821619420594814227600134399010861060778412976751028488172816921957944629657328467464666844949366922173016118689628270569279576095507559156465097861617104162998606366723122
919 11352353013768729585406127090817281916154402863941613065834897822417223960072661180380983718667913608080196242700760892773219818915310456716744019530256219926056928465464170305266960786950910833421685333328007603016189566614434382763713807124539437387905187883212726456374242281822209802848919243530827263670236205107206662104148763907699319952352515825374715375400687247479636320134055935991449868897917191369676658665634486312422116598323099976016125462520816887354155590617
920 37474258831443811173984295961375360898952782262543845318399448165980820656728842724434904525102701031218590285095371110949171106904849216924370551392463006766256593652254378726407041004907850717435816576907757024086271098218182747861259103412698411188902489706253067180989408813993103997638839685845033555238909977452320760472094923102710210903096347963995937141594723708983860758488787593446939693872957289487157052519956748996004699839392834562100501073381813931463021346198
921 123703066053378668419845986952652065463362398537660839231881406701374414576739542119139630590753016443857927941191898148371809553984815169406744233811826564400296065601157385913636616305527377929081213883650693170247584222852724043760819478507404870276833004433063906012576115624241521335816221175865705907390017872106971475973934959422319432707878906951838307538217882263032866135778227422534500604031520548976209953353651484867861550981283714914546789401158183529250553556639
922 408345827891802834388133687757195897556293360679121182012086065577912838540580979965089802658262334522993430660947503958470980131114307748180474119307943987898762778223810217363510016843864805558471310165200706134158110850088553641955524762007115046070071377099863295227487790876736919581259761455602836915513512499183370918587570854376070693606458513485026259826516565255280070442842666730360382082505040209625591954439456312374170225505484149182508398911215273691218251833864
923 1347956966907215802693249596974065283372281741414849676670361205855530343247294441038159906646332359352385531384524558078612429993825039192884862429023526829795543350412560521955434170515177384487450528008712323676510927156569599354037626563504303777496575475327479224141654888888001993224692268071661200580801356057205673560547982441848112812104105676756920117122669386502798623295609454219842847548837092002981240481495804720263138706184564019497968221771893524328953159435504
924 4449632857017747671346969975765322666745238658605439969995549050669724905266382895809991118855028617188020764970278733095792212529471643938013360593598107930622854806763103760838250274881470447752673147459279336418284306926898392909772815922133867226910967123520131861493052306574579200765414528691628559924502248466098928402723592231172170397378675762770817195604226041074441629279407318728261425614043853719849957738153697741619725416711676703172182791365250483870194155013000
925 14688335183052275668730143037774504971769180062556191952124880304171013495921766139940089591264998004602187803326467366576742940661623705670423256757240740318571901867353854411829465478730893602223467100093472747463549917363557198396798292572239890857602639369648014786519458864157490013568590479993119377942485310545179762025445816721175911144936752909818301052127286273984858143803818966203703392323445789263648333909771514030573397754399231558432298514436808957555520195894071
926 48486542361977141079147725888940075199472108697259867601146770234628830409734565650493623091975559887902000968137463659028383126789750143274455026220926366480278345732077062158285629268898546138391183660176309738454138590896072889087375935701167216710970701668741583042427944105208540428120600025644317095276018064187545343723603644707745434785553195626918856985397549202005216593641970046838309941346835857293178022110999726715823552271005941831345668016743676343283447831919314
927 160055314833469861754152940516241965577638950245617763947174876943448580341849078543940096847179178214805956827752803124664571495276373738726860429443002560572408276130744444743170517841568916792907784845628886433972844687028763385543900737461332846767823506155346520361107603293796362236123967232017534991419197566071779049049810134234136247067286060814586750426217816738204392148573914750520659760777678161527184750292154223300947959681996860396138621344800293183059768780488171
928 528346979022776369467220388299222818005643576003247971872136440716511865699897707186154757791634357306050320802056180276827437983743721167737091574966046373744161110975978207222193034334249966155144592830825454196560455563518652576553810918012206871993636841947929954743624398407537765550431521154819265586051865236706261154898943028927709962607385597652923948221443331466888457302485859200104320456053371770779721049743703698088840330541983423982671664368693924608804894163113038
929 1744088828475393608717097260727609706568778591127391581529171294869035206820839943836942120131037333569408866356868645909953195147458962446845120236125353879788195174657304853586984354415647884703527000503874569511432076104058296868470771516164316752482602839262471676171776667933030774879427602503208823842983012727611015444136630616695203832651214480268081740022302260241983165718174775736504257458736830074785242023799701383760068948362098282180746969801440464485996773720129903
930 5757291442783249694684795600052557994761587865154012108368115339802493844674621199187508108481196159417668565529228699050051090172394719160633984759723771715804378971037280602312759685990911565674580751360082735833847942834484090022481455309862753452334628737692782555070219382037126356629198949180219471916826592471030573223794103945330963825868951175228319288427723162806261131179586324400399437483659415400435417411967128801297376287053941048889816701473882428027585387441429832
931 19005008630527624417343301178397895175399058514202841772799568338161456676266868229615995625181848109577578495744593950866410281587255582509586935768968598927172117721253048730978956940188684731998846548609999158351744770671682728371279096921637323075733624830400747672834294413601525259661757161753959828132768340838983853150413624887020853249783237995389443863289053442532789336180420274098891512521691332613116334759753095508252390424646323039040835371424780627021589414835108941
932 62736194196441846262946000860813222717094698476588310322146924856928446859724065662419050020286752031242451892148559097744250860261991603152680178409515837330694639799273257589953280014523022773814042340365635695418564473500040706871782852867426288555258660949634858786359636392051714431801615399156290791763525218140099548668625692993734373175573223432172586500649152063731280937869496667785906159601064733793193393783215627096177729353404526656742114688628971588674765310528223228
933 207094473036852771484044014750904414315602628768786379063392826674335028826113575280836697108228542730038502222134148932542305823357884267992542712589596169682090255485621048313702876157033796858421641803475398375506397674889084558967712934886017156179582909494259765040049072270650001446320853479825524100195874095829398549801008267862383377761704834642378066901468580930347141282763123466501576096838139165073615260489828495703988969510289672104858928664424948678280224993440999238
934 683626813402719314416093806240082428161763041852691658541733855403810619341418855542230146152211717175663489760672303150137675038742783473639060625425611324078671273688797480809252642625162221246682691279395471485404680908271163320466744042621297104036174927589986125718180699922621178605145202649581273680839329389966724012168977934130665122265654436073421717889603921874212391694645827731310323951846231425372072665402923956320387072120242310707202058950597300152918245253022026600
935 2256679628033492169196003340968788929706915605688855511202981412191787744974946059835654037827967094178926182912529764001220533958533573255211307739283944792510149316462153994054526436247066827591974629436521399530075991343350553409488814657679967373073203017667740839950089737126765522861672447542240997520119404983374552405311768465972429357818865137685548735446411751514617805076068305472486489271814146663507241896036475280658591169838807162573171730927274377162860768317208741242
936 7449394396671800009898728377434395382890000363679759445125242465007399178173096249461008979242588799284723080591539813903378775109468691620502784648640982133044366186214667898494807474535945454458322111231229115132334390528826469392367540810874734727133140925234746841260813301895786724111614363010068217046687743211016847849685198950004381869675864148450501965792418827774425550419556597102532946220474823853683039469519327005834654600421645205404920774020496713905358873281895496808
937 24590777857624232053017721250832333246404847937333443991408168130456453310364294505204962400095469953458906425361543343707343560010355031340340100100144407802115908902233710523629986021626190011765787669618526188421653180663186809615207064566001513762227528588603871831113654896570825603076362299740717293887037812351979804747110186185825690740690054587389723550259529358886297706734488211785936365544794869947626905150038752772603946376220936661229457807433871363330543088028755056206
938 81175281595203857524661394646126437600143178189011148469743772489613442829293051637691899093844762369640627614917914919060288754258483089108248009039058714283088888685775738918318512688749764566989385236047958581449492462425579419408924288041197232293355056645231968253283410236774882365181007910921877921914898706382645641017703769257411374239190448108800721335207253035846648893330223669101265837618038745712701681352466759014699660403975874485887272226213788148869035495783106886788
939 267963461457502783748419781055955586285621893749152412667793439423950413323116683260156097983805470222128291617580937282883721370099625238148766990450484303250021797871307043378178710747754771080822706021344491994154013392468764671858104724359946935514704521695302988041619189174693070454251840290196443745753179804678907819052501816272271282766676082498429424840875753117148559090392375134895810289963571387709373378497290780541150876558706285561482718752443540095860281560372259763873
940 884560602059639107925532021795181012086477947085215175753324548261322514838064975512800275509232273102666113994242771146468323606796476324263252210136328089148458060840618951609325182345200091628295562361553517863201986198551003444182978602405644161359696849754897300748993210683300310029134546863088192717735599290495104848205082109202033979663480951185187080862087972876523509922864856323762593690757159629759799134287381788601575757561402277989217089115586843032708175334432529897272
941 2919979767542052607895200359691652463387091172209116517754918650506253565291500366035492358858042264829791930039314053480705522224597969741035512505503336527483931331224683787491571018332887201797129500310836430259509216294858897075963053953167076282292272642606463316179190085488546677358811842096276987568421919511802918839072581095035727790740570997466121217482704682507156550896335137056031503724937644517519594976436629837632550444470056080964814271980049523065100905544918942491816
942 9639007738137146269773389763900097284336915879969353993199036075906548437139154766334836908503513110074253548720678066604173736803229972074479299227548595340775182769299345385623764839174556407978677014191502952865479195092745877497581443786062310724181248846397062328931378808919502380656348646475965213872294552542066604191503468595163359855533128944898638657727562778393177925517379827515915943758969115900742995061957110758249664559180983541574903551445556448098001169528307028268096
943 31818891939673534296033256617467362562182138753585270076377991094512445238518657600859195695075371653890517537013015739843495856395126635766589322241604415258730541078046536858778267439240599050547799085185353182164657712406963288204501469421460842988256849894284011891635977097270765907265845738612591804625789408208941552558123043371059948078229213762332659865285960470717630908572070330545281482075342475355378600441698383049898138982666138022448928794329983864835961356831902086335509
944 105035960243276579142503215252386609778282613808202545408937040532292436257396545328899541963187273811132802888257711991223518703366819951218221104013547261072071613068598156336934167340757122366419613850600514532685869713770615865377590208111515109553011556663518199468452099183602492453498472106032960507068319023727802621196514054183117422149559331645366260045014569277837633522247068585364713509100753777992337582775231490769540659786626704441119893857610259548105745746414837585867632
945 346729827625543379308160521824866699484836439123579572763689253309205618741466268668110825313217805747312199498756851844508875109007718714987339635170938149918251745911318028707187545619601603910400122919320080617533216038161852910543250566290158162843568685706064702677383927039927769904827930399079719691431061965173433980094205700830845614938083672682847922975116563289971904468585851728433800455489273229899370343965021945320612994356232176930486889832543493288304582075366360990435976
946 1144575991327504918635108318113318341901319122929470127301123937171504039733326449282980559206844357411103086624609298677673777473550391671049997782242869820134308082903738605250648936725889462467860260474208246280419704483511011391354135299432290424688253740680042014256593789790469425796453931991488298121778504719615587142468257423775961743709961692147616699116771475003968169199968280264844982558988408633125294233417007593462738671754916327935646095824845340557231707113411682676579256
947 3778316146734000623256700296156210786719455868525993304186573557510556455459204707032350661237915098101510238375326707374265009667150763793378596481872206603800501972903034099058909931359254901006074872948046662561818781202844398451065408523332395292193334672279334809700466439440468287092532674757638248172394162153049416452562751150615192673403374170621622905563540494525616873480271925563949831201613167378530738141647719532564020617921351932930649226186648500207592753660967320949791890
948 12472462024340226612968839131327949297470163224478144349779535483361220920769474433753870095769336956545867168494579051321835930493497255034024518208549687148466798187204930398531698331024479054579200163979671555627437459761452029357846798327747118662484246096822302542305238265465810982240012167537147056540138416024831658037032562988587813247298015115161440245542046471877006449371466205066043341321673799679337627925019643295165478986238608040554047763950800673280087810425943925940700128
949 41172412904419951013925325354894283786179642831062130030602896064557969377275402383533317904770752976496543330781477423018087182184489495506400649288367561776633519917848397308723403758495296816916067942629097219677688992837971639926753553451322004614375619550452906671627404452081047680656891706868196188432492443708652954116038549608136059533968367211933895853743777315805164076222663729628182884279220556180289461844221167883024409110809297725359225082080966192301969262732144153374047527
950 135912900708000360987366132389283848142208413316535865874865099191576582074277401969917072142841390483099930370582770837611607382675933352721659668592316947151653745601845557745875206794810022720915237332367036392642967257210064659172007901860425161998998936556117843254226965018835976978688403559825568708667465371486786239267247719202485538892645361675848427378517744071923942054740252884781797137607973013419293089734154786269558898444706814680543578079327684077734216325907583901410381522
951 448657854942012734324711092761041606265827187235154631460822635441242624801131523284372947247505421041880799383903260105490229899428060432908579472265669296822165439662626805417810174406786022485485753570700176947104548029449112568929206435246801911896104122223553514339224869214085507449484146512963050385801727217766777411436342956253636894608810747083698975546053834644444274855552186514937116936984080224158711976727238102810892836498686030300518049904784693444539326192761881192607752915
952 1481051299526362519083238106309706870800793896582344053580649023274889377601213592541678178074955241057622868518105386792000012199309161762038913810152064589380438833414073769651727515032220854590712936649426107198512341893609219587303514684057227498888477229828822232567430637014939150397350161100704049589817507678659974438991246305974054535452153712328422138365583235252788208543583653520879835244363798801366081701205534688027360620959254633222881953793314860499772614257932970487194321414
953 4889057654423812778246320277340959919015055044815547624090116704900829689558185424324970464620604860288710845659034349193684428088967405380685579241766668373031070744960296596068427136575636196680577987865422213991877700248300113922390664206246560602183626245465202217739605540018468505131727715289088124175003082207936710814238768035728273408386820832139247113119151672776937419009170069253364805955370426521362414620570111830486968082160625657463001875707721530900856858762457154915680786381
954 16139142147544137517449153044837848150140729459699903400394084948588194403228734317219886259973552597476396340314213822033349679836313100266107630429990584044568456159025515545251529658827700366272563231549059787740980903654211887408881517934431951448320407939721807281902422609643109319425121131336323561408156266737546487360643767721238072833770941555655394746818112044236181857929306118105718559599011502247576643519002044134441163665809691176757019078978215736377914605995593725412221823108
955 53276534212945597968427944328918797419573570687192380153678503238216822533295063996046682845107622530257823091794413673251743338649298510097922997542933747093179604533623563340056859391186658051238081867136113530557011996050080470937624794545191617873112564530771755631127417174581575397984610410304520105413763880984647476986072120469832109819206588429627311083778663081953860851743215447747776538794854546461631902088446893639819954117326460739524760633148349095116723365370476881010396962079
956 175869979580453885059726622951768133477728244496374257316435382309441542174609554209050990177841924649743456061713980605178013888301446242359076052589577710247869693125354443218831813681015280163222164835701566559213272162246569851118655587568842987669806321003427058046003167070363836632288987968051393711812180081972817130823265228604885857847112876890227232886196730335956868212499230248192357971400721602052932544585633945850427875660274061002635206234082055450636396175168835389866362207424
957 580560776155920094915659309712592816735193229219807002315366412504933441585836396834013717858384133323333688038240143006379380521219092993919045833320486324281212655786064917349437656174681918196385707826429410539695469258179267997731011411627439986212805831096880200923598087773039124644543866859236939539396073489982582432207649033972279880506833531080913738536405825529684459779766320990738671353633390974970515827963291050347538922069714144608379777560504286721956232827464536911108533280286
958 1916478260043982360971709950953570289882456087734541615908286346228565386148991913855509831443957751726602542768088527713860703926151657702594991175444579458582387630453860841691315649351008166620430701283165065795824155307237772597798499908630719889447899486100792436233607430929573430129599531635089398602571887253515603663007072831046980575922175114275621434780557365417880768804409020035940426717485917812893303370587054072666470662054274302312681817033998588932558633462547571174158060058948
959 6326453670268347397684087855249565475981363640144124933656372926097710180830715226244109564622980547069180785741820508620584997653372889385933491648270961278875061070455102165048353554913492460198526325270555318514345908223561007665612534451923825860434361794086800554864083002179258740448653433810709930614646021608794696585564662082552957582466413362878109069953823697706991954017068999570756450023307727844430779499043532461317317305452694567210314241569784076265803058385446494432030618675148
960 20884159181790766955081934663521717698351918822031814097855146137418510708915501353918297466065404753997394504063480140662080130079121680525832790861648455449262313229923505890705147393710281367101912223716932724980088686136653270052666504023163809542741574245896690733589467892865194781346076231756701060712753725849171499235824461334382667936280245129720413923627566079169876451557604226101898295763455287517017804730279891709695825837950877331138248924967010366351033242233090202022538688303292
961 68940413687357563146830932522068544252223914105746005337717055083948746238244886827168694187104158353899965014220897243532077257034294362426185145670548979065707005789950400506781156949163054311877382613681458345665102189201694248439913297657702254134259433014299837770731864570993035776249723976436022170866272453288715554049293618866803334677387436747431779297279470071787495083477909813679869816140035353704769077627961742761312531139016014717344127938179455406330190089245647269220834695169726
962 227578380466378066519240197185612589389837796115679924767622983801047280212204623028737607448834842725105745160454208641321279491255157079521087080174589051054223850343379634481469581079978042921575062494089023469585264406695097398734418337642711553946197141586142298480744462309383290891759466920701137158134041810240581461746407179532537714150218006841456039668958028953167508091170246355037222829795889847374200393171568596538172130655249047244070061984392850113589741354913264522308395753407872
963 751256679580757521121805178443012728155410004567814010680247149287677418875879568089025784576090596416264702261933523427387339767392646496753195327961589789370692698241710755382091304829522056239118664050487185930846568804774491792232853223009172691404659058381607491017502430838182524668335109405331391358118214596352643355305238344902229374587095483979824462108403001187079059057164606173482627360822273824385661624126306701448918037247950773282088253144208749397584901089911614469048384831088277
964 2479967083427780371458111334751754785289859990522430854480160186238067903786908165504837230471176867181048065436975072372007544452066939898138127917776239437174239569739982092150123878187738511627408640489068155709945283400887980505618104246194291727944672008319134013303452596650104290777118031777539726275398215230610086009088464317280723165656254397402683702613822127423527773370465110732948162248394840907596393589051786317859940906329568851979582902853384815407216500034681656089362485244806420
965 8186602658693077675360506301758654006120220576527479460014420195601949398134207073023784122208525184496122175690290181679384347037599979915463921233385924900305380167261102253497889351639429608311249563815321366179527450471710820855855002155977633719259133478390129350684020633294305633011739870072940477597349062848341885495058946360363851776084602666322509955346965916345107828267326511555789284005356048126043545765679966980221066028713676701926434159622469918698279085688036421199940259967925503
966 27024752985926380847968022757985574991603580256523402899087875788951575672294286342552193379956134479732895730188705882435597008443278571524002937031757363468599074367519682885468672699632151815669638209064855264108924237322872435881393537648879401290410232067042592811413567822414382433323237231189255813521433329192454502624651535882374418466106341543938341516919966505282436413974482392820177950148333547117433508105940377187559374228597673665446090869372179198796673624526199163949049327997353502
967 89211322733555925165609827069781585751324695444431935789050493030730467862811308616214006501927966049940869466553686184577994629062345785038874590512426937354227306821746941120251343721246240114744387134202489571613205773602470397330681158255986975155699601564737699745929419699936440146743262105405371484188432296788698927567463821856079212544813248179957713406129894885263737379565860786809726728734119817078086914812364320157727773245144750869757265711680182449803629316059279958633874199731643521
968 294495354610619283320008160547683935258341641158338846083384446456073703434822442689772302732794329396366714702952885569595036783147749764255427053684312247041701447629217401953415204395795119689634404353693889455947681507786216796726679811933261338167009630170834775670123396049686146070538831801539731812312295970317908602131223410919239715998359921163001229301543281467563210082715553435857927179051751599753070557869501912915675052974174825239980216696672153594287820521744984201111900638959436698
969 972158644513452051179514611455295793739101165098612011395183592373301007867365751513970509855775431594507136476332325730809567751824907415796277892879659561723441616632677227745546959403543606701235399061982191739377420233593222768983876412212321558094966547973591998829567663484791693005779026101480101668267377816890458277109206092752798051816065954395807407748180968898502708743410277230979408411442546887887237468500399054121274364026382473111602314765512188811251995338537111973328398454040893853
970 3209194649050055915803823709869793488309038098132301590170088203287882495071008369006358355284437521753171699671763315632834235234384239163525607204575232235997072684029337432264698973848556949685818842088166562299254215362783549167901376316544138947945256589118882057798627080194452226940415274604876234997139745357504831116572824558783636267763285318691439075820365369141618654800201707739931272060076800013119361152581088784436446528005997849878615596713777965390207234251538739102789822457608857632
971 10593883662799948333740954545036391027894808416279139775125529443748172518199825175680368463263772659579474828829222401387578466178016655913171851572695704059476962703521216815449194850867154976826278861644077352872333243027067068900535870879307307311426710651109409547050117121538726092726521506887849696770040539514169955343489960746417357649325818463957200180404242195797896603101767124852123948818896152747966925974541665037879855701329350033959023762260721718765212072280963420882484584940635874326
972 34971524268132222771090778220782227727989795903746677467734868923649186978748317858654706765695478216899184778885513199915898829271711606039812084262729423263730528505710988569090516611930802062549616081329747044493426592009926481038346723397893214983479664951677827785716326712480898874377717192463941847945139216093194847102648167017461215122659801796641717032898190902058382729728865563096049386660170726663754735834924984912091375071899309756821332941185844624142612339592972391311122160655999597848
973 115444739037975151479136858995324194989600500696877075596256670946119257490253379342555172149040283154347465033458716219542000954641326063001722140339797814605473344998046011238432161769628544561207822211506714333666942936036125682565398664652538428812714202669717804747470582473312084352176579444342276767494743420210012588631617582800437968292584818177465720455256326163234121192267690393614609921798903801392094922651686949693354572064393048143857361800351403602379577833554662441758407746788898552192
974 381095615643170376353874890646420611676732041043269404506259617419752903086503879012383900805278072766247157521276379818263121612726162937536376893824862097708044216431002079145949010164986287099437861709175184305248079195049698300027626272845198086341954127375861360528725156949057579604341327633775467749029463022455500067172223950546248102686673529752729094930925959760788294737856689540198473455328193154216468620680249972898271593185727970158245241698339243098572076713748274706735642332165875209056
975 1258038637520500031376670755902294380387401211301635041331267084907609379185606760530298927546193092367678024785961423396244049491083564953089895787917539972634048967217187318270034851374853620884772447355296618531418650937546018406903844289516233892062751591712869929447036392672363920051319226160806038773182942219616726173382180145444466070383674658876469034258209940388912066313161964134598596872965522573639094599358379673182892330208013525634201328695025924214961262235322717354624692210096693014583
976 4152926333229813679167625505722609962280348552737409846069370693154411492717001601875219928887108970500574165322840234019135718602816887560189710402944494394132056031570965134699880201504741975504839073598578488834580867490221087042526058993451140801287141145870818118173266038630021895925787198637104086389619944366614693033292069990628298262064394552394091201190212256154094050936003022351735370175993721864035200519488282892251142794836084701273922193742510116415261758221008578904322705598586276911248
977 13709281544092098267048032515515262189880166057394237379522129228527656360781025121142125281096393394435052925278785086306429397591824372192646379205248277349194201221713254034483659618483612400380018206776622251159874511713620162353161212655930656457481135750375375937422344409354403400903078353252238419052837941172090789919589565726841052239267023406933111280745993839771715642986932463968180969842018723494703734241660714443616528946160494559448759345767540098376682317522851304577029790954682953919744
978 45255918475288328499229671598815859912463945257750888191653218780489090381076686612934366359449232611343807815226487330617516098000117365221391251110035683506941212113949306398006531272953746152927833005574938350880797094688845001704641901645303249519656731371532014543917371888501317401613149900010487341890915863780731051952085407787241810756372930186164716772406332913035241543538505474889888681054143312725162598826094843179841714376632670708456175637633104871457512357254480680577487832517197441548376
979 149395078427674013709138842080734758079166402551728409743527572077042556080252095277363077769349433963508273681272494702812760093458122629755664166347613773336558696265154440611228779993837572751219436753766371316081203846704872476403420878362097444045237784684601522918811334393511519675448763988594289779704932994580622551785289740860278282687737826861433772569147178694366286344316173099889625589046729101648631665583279585823936457482833870028335515122916717322551446519968199948837674353860966631813643
980 493170870468469933152679026980839760099358356667643066362133405253307936336554967663400295814307651777538618426219216939708687619409545464304382631990818533724936097804404561790264408583207753986048237769086836097599065524367729176443724596672065154383991683675096522179283150832522327653767228384399447947462626447209633077200267573350679796989726740543395610748312899816783332307858112398042284057283152465992198759467749499675025461460295400061281900192134757870242218613050866201755631481446578455208084
981 1628016346904755656719726029106834487111848460077137825795365077574610845515730481989580980417273498327860878730283840606714502423642739332082092446990113099646535276724479733644093560444260108033394333531481309954470226741495357157044066293115177369229997150364480584170915972957611242234515090268686095581208004840913620267996623986518180584420112650209596415870440348502754172780365291607485617414485350497018883787677580105556264892109414106469471924708577942612610353987358438902471079551174240987597754
982 5374280427155945613035691148713288288272295687204945997546985134358987865864175434737635098400513849734712082607031889078254159700605186001169350398258662805678829781360966681855315856071622386646433838659900026866703178661607282263687777660803855549257895039413537372577647468103967945709012205386221665015536298548877807924550712261869038923375295014966717420416031500872062668559704426800192658886774729190223533287576140726836597463817982513057700065092367823053865265955838147748570842785230001770013576
983 17741163739449941880376255642012775444165492573268425418959807037986059676482957559373599415065870772381359681148075427328518858920972356009143878894574268670943633275455877529843370942756637559157108209662706506863648039508380126547440140674395420554643884543614497322548584903097299361589863760662998987850031552394865034657235237556448229328444143122414856696184479644554575719596185941436408009981503697129180350523239200393428707728436420747874094498698099941362345242697775577550901083232524982797303038
984 58565802897712202381371328382611524572006558255629410151655406447091779182285662661710538028876137110235702577087354556642997584720519756992320786800518013171945131616353311858231487386795071464502242573830204497564000778719914760080570432101767487220501932931389447150786404914859753769551685311402227500788351585352220431086531648720736099458449875421805026159467417933820104747335864615255483610859935845044084450864136417494422037556564719369001551120000771960507897630992557364669487898221193419999379848
985 193333144943721888520258813361192492397734472815111516804384335379501927662030033077926073665151971434317590594847819679641831800672231956378797700665838378279747724632562182562915050523115667159766917213099420789409429603719504343184202097003233130852965060886822220603468956894151382174211721282865312223469901331363265741709065391262706283647617651939498234474087918664439299360721720206694876078581005034213885320783400885375595496809983287201790943310806709020277913856193759983532810694233468590598303202
986 638217555295486964971370477575524937448982457702075448583704737673431226545605938851118495182796679810216106869705719679475832827372874064642128916764970233414033057239756298144692278006837048151395215671263067955895845263691895442611449481245406840220685919785482263687795711860864844135628416008809187546057351514603361293429146158795960394211424668114093371744281539827051121344653833649567765424240848669641148838689595281896655587289662696080799661911741024113748523747834169252577740175888516104835137516
987 2106839209918482112368685861288807669610679874648064084191864978173433814611704639902121846176308770545414413847118894238574456894473611726360391944881867882190239900631979136498305192384860388231516758757370898230400435296729498742483556301307627138772470458706861926859766252090119381366220298422081142060348454360541349225375360768858752997442786890752034921976921408366993619910763045212057995460305336075343358411336308694361604011453340724348101930578812764193366011938237465268227673608343177423125300207
988 6954953873480034790611084363239471463597374054685062142381304899690774621662387224369022373908469781886317252502394008259312708931146750036517387269655681361760326444720486678245343584337025265278555844111693690456223398779662384157860137544168296060277241799880487560191239938379355306726213768666849954572423994643347148834773143650948809739360216089807028328164857946310926086413864135744530038111683615395146717595936533401307207253453211319032257378256101914351903675968743680560459829564156187058928483112
989 22959230634060018683313008490978060723814343596399754566633457058273197090052308090823632672242204454376682794258250939654917883456294670874109259906344884430686613136809583735654670559626484931499107333629856847373827165307849374320816093415321443457623790783262966675253655195832968511724738413030961430687918018254287821990307812746916655478217806481813099479750016295219128479634685987199393225927499873441983788426937749279264608738078076863873952641850741242224765537118675221380339711330807376126748389445
990 75791520884614176298150574619741528328028465717365288921760139048756085524106602088027753509221405012023750656798585713561676499454706165734512586240578719428641863443897683911303526345569499538349372551402589585560690010523596063617168606185552011763714902509344680376150671077703486677365515411577648966098235696015789824356848274592427319720339244821805706069044237670051204646472120510782203300492459660970598637954007366423512888770781501731409044678765627844355429872565978274049813232297711862589100262118
991 250198169186528205545430815037833064902078534722656304977475239937715320876267030587761974055166888207556067571915810280771650983551935700020330880435754592004560545951695583178410407672777825909162396677490968615029205771553395928076584100447006262244758671062592501476445374966280587610833165677468444466769035391736060074009622470912374083534263094053147298273572930133125356154616439816935942049180835191143483082782517974956905993217299299220332709276997561789415280044688736147362429610348550296089215580537
992 825938758589406123604416205090119119897441477677062215556437693372495486664726658444841951340077325654718375602699673731964493946927118262315479170528397030059864939305999538358487883194301877058416571686491754671178548894957165900146411479077378773405592683804853209954434543307487175191757070736089449164645595431373118262476243849536023547517527817007618195225385646207761696722814998898550273707141038431984631998980657313455511535762861904784365412485501063899841592189982910659514466397338961653880033424186
993 2726539407583634589970519312039604889852803759100684543723551920779471529676319750973183686353861836966898166042274368520666042268933133319906481412925493232600512022003996952665160145018094213579111796471802677066981015178151982438337432835451394999287619750703908061884360632064793755396150326996188154728421569988207419029828657630661292711789140693505124177756423106487534125352027781967818433668423715730458613400980142836437015065982873922281716112149065242689399158820142996159280249162142562214170122746813
994 9000692494220702257969709715715288540889376098353313278544098899839375287945500227767595656969318309488618587613499393742008037591029615967040723314653099191498986746237296158372993805928389755679773164678363597546990478732378229498704246885518883284351169497679677434983512825328508001560367419530447751032534251765416051109158853715599338324358286259184247369050789368117889922001154909295798805351110685123485561919999480134437363664421128922798467486241302742160734979796786011415041294870287964293514113145128
995 29712574402000811479407803890006652415247209685343918455534315252077274576400946464492569898634370481301064000294129619239020692620992981093512551180237834723213569372223589097236179408862871017356205283042474780663642407143675728540147015666630009538377692026302605052174957868473740010563985678004160143249225199526361217414234254072117383492649852624391075018753246084907786716763037176562787461798883761435301471043839278585669521606672291335894732980016959089381480209325011160806732096348977521726067339163792
996 98085509443107779519066344116729026790123695786188117354503853166955018101939208709616444397769855945898335209116812647639406937921324124989576331780226873174318129334428167278574316954919342227028981057814514262812749017388114259735201839572927667336539984853110896524672589281865715437468639173906211570932549889519572348177136904824381830805578896518530038197275937890008815560624286009404555050415610179733578070166600434455386092590816573690538851626065731751165826365409251504310814241083145555992540566735016
997 323794623804269858190742098737561830135997803752177428942774609198415300025513599629397610001992534323120238386215436325840266514403190281071415586646279272514769387939417022904739677520247327069652096414152449131852213715279548532396676606224079372797105925904845661349494588039064625180381309046686094736754118062679885918409554169213026705289596045226241533671011995844190058657491799174674865340533606716910076760658993722610486220007694619471187748796247287200102321254486342105308537560408922994005579243443221
998 1068893968001408122395992750444469228541834878058200014028994108120019000959286332553433471743638268717731847428405127156887516983603289791474008829864501448466922652936747926184845268659607284628969253270267769125747298141930509823495203876347474762033575383875122409831274650561092549648116486801375548864642367600717850646114004912459154117895478905088180473021722839953906458494447526264201073021491444357081069786014877623383492445851411552434389341441544977138404158936225574168272811567614899065787880341072526
999 3528578874945023558902091514948618398263308105352575292916188821945459349078515597227862970156449009869295440824202554416161183026380621136879681431371546683470906072908893944374062346239723517978288820231358185386875169934260702803768298802694982359216233229534659103291367788974870621073953503229028660556432223330489732400002947140394021674388568962674315875424232312579928820348616566833149135350948314541332280771364853968744150305662455728541587875856814489978330209108097991251934432612141898894730864746435955
1000 11648372318280386777737016157689758850436109267958167882141889379644842835436194561731098470014397731881363561366799859587212789255602732143912047198693038571375338289446130645743106342195514539415407436316693981628686620766963919529073459859426770125387583600811819899105604242044979330316950526560144891933028988914448256787434668288354835729425807259197540489420070092787257189482477057396852764790773407392356196531183431928827697862977631658753780214559038837074197203695072689772924832641423548246014608019408474





























































































