0 1
1 1
2 3
3 6
4 16
5 38
6 100
7 256
8 681
9 1805
10 4867
11 13162
12 35925
13 98469
14 271511
15 751656
16 2089963
17 5831451
18 16326785
19 45847770
20 129108926
21 364498596
22 1031486590
23 2925337352
24 8313215743
25 23668977163
26 67507773621
27 192859753310
28 551821400008
29 1581188102590
30 4536903990444
31 13034447714688
32 37493121300827
33 107971181472779
34 311268443500657
35 898274382703314
36 2594819522380328
37 7502546644142842
38 21711725443044916
39 62884859093960160
40 182283445838924403
41 528788663216036559
42 1535098394744527953
43 4459599092506030110
44 12964272134751197469
45 37712139027696524817
46 109769986880287304103
47 319701633646824232632
48 931654508112199639341
49 2716466027440394551725
50 7924723344149154159527
51 23130550150925302059078
52 67546347017624513872858
53 197344158272594169433668
54 576827598397580394039146
55 1686787385238344487659064
56 4934700116813267228516441
57 14442459671983901702137533
58 42285912334873185479615539
59 123856509353684747746139490
60 362915288311876103707728965
61 1063775394588635655559620981
62 3119234672664281051190276039
63 9149450042753001939630394272
64 26846419078329972203433246771
65 78798503616457429166186031603
66 231358671148048237671693996441
67 679494498180567024944597650578
68 1996249262077153866353228602520
69 5866360034809990924138240930410
70 17244252882431699227793988690820
71 50703567621865344417519835156512
72 149124152704755125067231128563259
73 438702174809211844042901270423847
74 1290925029842081941468153623122633
75 3799609018774894739668642168206366
76 11186153530096374881966621056689847
77 32940033899285916334022498611879415
78 97021106936568477351420048655120909
79 285828107377377300874118135809478680
80 842243872105714836778655012489799537
81 2482348650282054007027436371925777921
82 7317749577738802627446653281705304083
83 21576454421116117394939032571610745678
84 63630947100390681630863898213795571362
85 187689739116284073466075972880462833188
86 553725648147389439070720558165278811730
87 1633912924537899520313477874172594662584
88 4822159662757453003769721397264060298365
89 14234131748576130832971303587888212403745
90 42023813111464412182516922944498581730079
91 124089040156664244921599713376119801388218
92 366474154473462003547597936838888707157014
93 1082489634799268644533881816224287718459260
94 3197961031456445574262639409339399345051334
95 9449094991912069507111549655622130470065184
96 27923736577790006071835005848550550319799221
97 82531892349715449160625759630161589783254533
98 243968496199969986058455159096183909416483391
99 721287042895552178076446402977023035241135150
100 2132768622629480469680054992284302138507031936
101 6307240853079903086906230340033482342995419454
102 18654946695944559670671819304798274353541228004
103 55183142495021024825564031642910891893823802304
104 163258420204445742505482542865436180841018399213
105 483059304437285102072028623598653515528624229777
106 1429486303984237959490443180909024302115826896463
107 4230709858247570997495252495241316322308752220994
108 12522735891016461231694251297189929921486496268667
109 37071230259947657816220790678816951228108696470295
110 109755341173239023033642237375485804408744254051265
111 324985758036868877897497452679777664276452183060968
112 962392277791661238723063087081338266404801558222627
113 2850284578255952118094771309637359690162857918787811
114 8442513983564927485590668380569693821469313418187593
115 25009328225765148984048033082384599812739724032653434
116 74093166589241548765783787599384659308608571145051438
117 219532800260611011754270738009528614546935475508428884
118 650526612111032736080204355108409600869560723877104590
119 1927855078596409269043688485716258930092303417874536680
120 5713821377656371486649548000943375952398978098001087815
121 16936404032321952041310663009898050386846513176294857891
122 50206199693293504849925097892933998368906300240183751597
123 148845062712569841453716024532188596624330760781083511486
124 441318178449157431396916413918778208170435384376592902184
125 1308605898032320347705983479195730739738410399982070967838
126 3880654608205552265695887932865604726995442035764989610316
127 11509052499054519808214060933636545663918360801348388298240
128 34135952871566098386940784475388329740802002134444351527027
129 101256240144528216460928496987877835026183552868507149150515
130 300378132830524834002133994579273525026621819347943742949081
131 891150455196454874216668014708829676667517996205687963453298
132 2644048535784279801444546072684181630626462824392734186889104
133 7845542163350738490079495077679316744475795894042444039513714
134 23281509522128468120482037788312153368976191038665243732825356
135 69092904231012227040279013476313666864872440071710906137238144
136 205063992812619669527572259292836844725705736597070348431252075
137 608665296445087279630973871205545704339089556989071918815937687
138 1806759613790158261584122827744838590823139298760286314950276185
139 5363576153995523539546996359836075255173725604990062834119292510
140 15923565654838122423093033214562909337967521590267251338357417207
141 47277831612481972677378573614246735861925243721949882052953766039
142 140380149516173132472616025326405730154002016558239933596032209037
143 416854366012927426149951347394386891708507428957167399735015922680
144 1237921478022173318528616034616751587484381989648965076343788735937
145 3676474231534994263124302096822629473904891797434320679267579171857
146 10919411750431537785715471800618607070666495223131927507514318266115
147 32433652432571729534374295072460732059441646982905414291622937889486
148 96343183378602948801462569888643431869977977788935137680879262769306
149 286203058522957301560110168666085143804568583595078663395439423732300
150 850267006371295921616411349390160812989390545287287471300570077253274
151 2526177150738304929816696258551583589881715510092739539661285743340056
152 7505840732449455748893126981472637162659259587895554653556233850255101
153 22302913915799826132794277185476630846493637248902110346074361014454881
154 66275078915084503736215064724196799982461407314038468751151026460582047
155 196954064869866728995934511965411083419243622592120834506508708406329178
156 585336176943269554447759590742167035497196104583289867353517775455082992
157 1739687279260447883154248580660447843690204981122539567985236347640114146
158 5170851883219082291060184856053787149441027127243817745521592594766129388
159 15370138745815080792961505802482073057188937349814890102020781614722081280
160 45689663061501231933289187192161277290464892270077619152741285380493795745
161 135825809768232135253669929933683551205271889836337822718453854903634908017
162 403803927371060004181435511170009632128076918990737564584983287535064757123
163 1200555870298889015995622796431090914497525965466641535313033398411614650134
164 3569583394321881342481484967474789932906491866798017787186623703632204019512
165 10613918118478919393726083959649065029779318198179081697231602011005525901646
166 31561432378117531155592521117206779682888208941270668868247182395799234235292
167 93855598127101440327631166098943220364626948451071684708712692790048039778976
168 279116750987621381904729572108726491700565080981392711480538132839600470405545
169 830106100397690756604839877593829424602671697148291813562092670270072397430845
170 2468897395546187175897739666129577910156415947948205460678899933096216060216035
171 7343345474566462443360284819632357102687422712755343025653294325449557134867898
172 21842689775677733342871322757776334240065790553560808916615991411863807563806895
173 64973950417818000469915999696627977975164747911697460195963222104864506645355835
174 193282791405870838813634431592672145161904449416478353541395162777859287961175261
175 574999721726107796240501782536566965667166949649230392041705427438871207886303784
176 1710654800135323500282163792443496000187732875796618518231086629731394184917542823
177 5089524413256781965664392041589588079060427188562274008894654498103571568237854695
178 15142998458020406778414940278092743802396800414502133092272781207508116407817795797
179 45057406648580962153509874347788749763462002697912175658859066617176645369314021970
180 134072568185948958783041531915868025511926546973695688504547572149799274898781972366
181 398963236495303912132005847617311749107993905019002608520997555712410385252791181644
182 1187257260849130157933994698032493671125565856536764429822126041828393194238083884350
183 3533259965530585347915408863578637501611131476086650817849406456456948985857427487272
184 10515379544753263676063645522513819340264303715619022491471994293974825885118980696939
185 31296279945591713221314207237185371299304274590291737498765552213764706821172135928407
186 93149106541070824594997055410295731614118033139616514587772137612008673156076960266553
187 277257108057972466165147635807923034243560571604365508695321247477387192541519750501286
188 825286072366816581959330574553225251358571951605231758696527839069754817425673785171661
189 2456653974551614062231194865188900524300403101009640182397346002399930300834723929649505
190 7313090149184740769731712360954239641062265773722695146668509582316765880912484214821207
191 21770838165982183121734335132510658460162594534387982054002241796361396762470194386799072
192 64813650062711110263472423074110185572534393864295643585093154783065948935500313335902397
193 192963311945100637765317608895220838131903531224001319934178198157220420186459646979460285
194 574512883080060450646103467273166660522594842701053898556529788604038332591987613392100023
195 1710572135176295207281004378637894674061035805504974339271359959862330174201812364645227086
196 5093302168959318722337076453029650697713132586849204731279260215111471433896374302476706344
197 15166094411376516404112351997532587865588625098041061688505269820786346976438411632334905910
198 45161064569999800177405273531425840071244148714137797245480592986371569213628621148566382332
199 134483972850269575287247017494510566746665904982299428513937289316627867495240125821077119200
200 400490922547361821284018287892102837028730946965838693016240948122379060301516245581689949813
201 1192697904880466120293264078276648154118793010399686049782297338930315533143731372055346736777
202 3552088001275121307686896403710604007186610135203210723516335493380372286552941110102444969287
203 10579187344068932446846049460240727636627504621040421246508748733707310270650218361813688728322
204 31509106106582405320781766593187096666800587042994803616245315445187596105605268076406458189249
205 93850133596823688448416317991202464570017479399772404796690614471959973307628155689123641863601
206 279542987388483581581773741799220995078235863751724495474351563843913829091461308909059187209019
207 832677945155620443748008476566267650541151719611661772278062887147889933813057319920049391252712
208 2480390932929955384956128778389691348867525527148896381542616921972355242776120191033669333830991
209 7388864196126825693830932484374802293508802901734145221297872065840682929850531153629480455895935
210 22011496724772731263322439153076232757176265102634189127092662608160725146969408164912822717298605
211 65574603208761348785069714170954029317784388844890296065317187639524100403993780395344642497214194
212 195360088547160329143314110778113448192500048714956010873473053627295488164096889372345274707625886
213 582036151955731822727639782525621750240159310904320488916384643052210429229063495205456890036181468
214 1734115001353477441153828070788813743033849444162613313164438186927983648535570289460115312143822574
215 5166774653011799844083041442204646787765293957923558675234556323669617801397668853926767788433878472
216 15394823409119727065393631837940813695739745298791337432471692430870769774129954732270497863786802179
217 45871542675716340239889209209668424220956639563676855229019634869994265118022070984240164920663933087
218 136686398916865581776825704112894515154413857435658827871549493659243642619395735530443783679351741665
219 407305674002545990995786311857782007436540023566997799106289906496042764378881097814085141860404848390
220 1213748489202217408977846276211834940228944463734679021088330619035943339406831786819312742301791103330
221 3617011687924098382375610612852019633821458089111736082135687250235029713135214476725566724218958969164
222 10779136573851889021768217626367923757711056717804632529245825860868544924429901322263382577595868762434
223 32124085726423446345244854111715148932290860786073902885271373949487270639661649917543526198311266815712
224 95739290590836952497945568532525156838779113291018752617965922235140684827798941458990955171648591106587
225 285339667533713775115027150120621183434478386674885817053900369916740403231800557967728700608686768493707
226 850445533260734499305586569272319656011143485530648590897121778146801436891936499340197059056801587761329
227 2534796847307438684978258361783229948075627834555516745204911166138943935650014899304378060630394591743090
228 7555305088573060281495379093503027539154922646656525886437422117262166657129164632594951874764283368472992
229 22520236302349269416578324287900260023465082413987080242418311769290988061871558399271973636736963832985410
230 67128333543530685436247677281256857483380975103562687740739932004381819912607994975773895546365148002435516
231 200101651182142331851933242899759454560924043186212205324893052797322049619192107249438786688709629584128192
232 596495623189424559230094269113686953437201052632405943511602162089627936482754795357895058358927792514435683
233 1778179231448269323789124399527222312827206475253834741337479123532352442242640699417584275547803011198705471
234 5300970537786595195715504663818062529695726610038043288911295281014991492847424872066382593990480533903482273
235 15803261812879998194593872913843531246738452477130948464597263488361122738136624993754133754491038538328954526
236 47113945108464077051848235590500549970593316205348870676345278164328773630205854521411849997287561483642895997
237 140463506308724553913561790366824940148680152438040876265775444774674486309734954171643383646774461183476572753
238 418782709610182244412253651877926293899627049941616100792031647670407949669241886105901684814258618677201768839
239 1248605061607947372150701214923481706502708942899912816832972042235582141604551424361955058411114454950283743640
240 3722823612669206301415169521765638859281047042114886909618199716368205537759718747780793909169520699557689220157
241 11100198842040492226485189864339655062643229134328908840575334753675073875911821432178021901615136662472952794941
242 33097858752700899144284506323097990930002454748058884632190237946611081616933679093478365932815628960191235110487
243 98691509374453192675525729140734748999965010849823942748375426837476741927051577214918790896312930011171773466630
244 294286506955797627998386286207183373947934809867405664378186462820806336397069211593713538493435027579320700550706
245 877549230400460724466028999337284406070671444682499651713636798842909672253942106629350625554151762299714877650508
246 2616875883932631819417119970268873274987055104643832989489591882160635643520231272874256766152494825747286781417170
247 7803782778557548493439194738546612337961508041105115972525083372670222806371907444901239434042610612977315472975896
248 23272205785528315383324554574233319204990034819528444844519616740298410731686848563352027934465490973997559862215961
249 69403308229487811846773180910937077710673738238683082125262025602068232563344472064547045942147138865170139570720125
250 206982182882255591811047272569259231693623079190939919835299596370529528035041140636689062190560761039367747034448627
251 617299378954621292690729905852663166055731254293548334192663369740362174489781789520413592838496810876219424273549378
252 1841063318350252516884424688172805550916272985338858428854867409134100174045044423154640122376248396575992610320444933
253 5491001218796640584281921008056179689438511785004162654966812293885430215526062244458652155306771730144251426389082293
254 16377371775681099583267232468314996353397214825217618813194161054478570312128359682417299080830265381872105919534158471
255 48847984847388621971339094796223697047143426096470507348744992706265559618200649586644040305620172300732305530772020864
256 145699747086432598743442595664367910801123750515933093915507125028877671221532886988055319509576463623580557779000527571
257 434590842088103948019256438480591015092242774998523667513625968025499722972580140788668859848975595500553787873038156243
258 1296319028992156608917679050527438050274756491937445906795005141931201779834519133398013523070083750999314681093669209209
259 3866808837528315895045862117919106172602337152297490697557938726519837440866357474821443843242063698469223099253564018290
260 11534610062228306338358193732352674652588457968075314836743567260787476100345229066164427037251646634108583696170725116880
261 34408240871005384651865075947773344225377307177820871574283215031129965226671134766222110727750908028890082729480827313586
262 102643461456206284046746835840581608819022283854642477665860997295887532586840406536655245399130051177447786177481335218124
263 306202905022641124539345266597879005852929574485058972762284501433265885397815555685720210181188604721112077224303926056832
264 913474551541857767063619333666070391897492396102971457552518228907204611964897066665791897200264487144255664151829728897931
265 2725164105963939525918231962067217526690912450740583689120028518087309804846468956221062748646393538144314904727251862257143
266 8130136946745146318253508236819641349487531382541275322295117274109206452060524181901902318637784252795523034872089591824441
267 24255598174701016455734578689597149639599933115322495386202335355915848549590662396789549161514535501092529641864625169526878
268 72366068553038964306134877719076287805874111605770149118546444100702843874531714231392976802202491895188352255456864732875695
269 215907021253972874596417731376578513484707448680535209791327340984893075183106389609570801655832545848060851003364546270611935
270 644180070379338381594029811210760934456374444907669683149977320255410151090611343064244327142977377111910538819257009915575765
271 1922013669037929114850753581477011299319251446957823387890876898073707643532285212577960735835289168724382969815898888943757688
272 5734747031241574025478430254413661101151171677440996434264262118298460385078208063414814733403536370741131035914146828967195697
273 17111205304553900838441921657414733770206716268718433302967112503021784588929729955663802763365831538284387196382156003061414081
274 51057015047323001010926736046709757213225267031233233342928217374648726577691010254684972298305450961882539650741443940832249043
275 152348667846070227686007838784366916955571395905249308592376141784034422785181072108954531808826926883945895109290934740203456814
276 454600869494169522168355687994873331438422138906690371675072339303163368081870549508276475316905309841642762975852098590510465978
277 1356532379024854833681248811793119368695557476012491001256366547713218772578196264412549356551247440088199278404214450382777696780
278 4047979543397822773496444430236769552785965270294737803848794141167880807180366782515666913361719366779643369598871621998978127290
279 12079657978712400168222690358466345182809760689187593313867176410154596541135689537314764936752500769168248586865119982432694378520
280 36047827246351357284575390167172262225800450361065326160138308333714213031423648131438032539844818100127030125546467743813339771885
281 107575065090947690560558209446117586506404681596133461013013985716309709104464856085420854280692197255208682069988388532487314011089
282 321034831414292350262810613611287044660775849800906481503462166674923891311293286004214223430550534821411599050852396549807998896239
283 958077517042303468195032037846611458330739653933842225171413211681380750398938623973593446597153906893151438258475081039335617008762
284 2859282356463929521072161236747616342135936392698307002542309911910388738338481879831741588508534801008046166233111687988888424622592
285 8533383952588481868900562415714900392426015318873982811677221348831357804217013668397381926106380399792498987887822773104239325286642
286 25467910898549927770210401839371894996934036302791973952798011811661205773423974839808482159163559599514579382307060814972176681757852
287 76010413609599165070704388294113251715454393515611226857120581848505272171752852269072314244194588562006313540536910950470383290718976
288 226861372710142701852127241430342337518468657843686821363045762445500286986444651409758410591606306884582565229720447101396784918389489
289 677104420111641436385230030083579665402688833115402332394220489726985938002549514700082640539998232773643152943475032435757109807247105
290 2020962818604587525627099272891031088014462569913365522661963223340131984469017985534096130686854724403957144584281199323953374944560115
291 6032099936294656992547013759031180900931007312890057656773506531192330195053341341269085707839412162205560699903528588751322385277928502
292 18004713356961040145233359862133550092911432775428054521667124889098540572539094029066340112035794202343285560948021989384240283856165400
293 53741690526521167370467296073104311498294637660227997027250428602010396071824383370452293734152166701635370016253923663328945192732953230
294 160414571099781148251294213536888777642843495145768566494413381722960916024140180992344684916683946240906450680912523877977017894637391484
295 478832516142280714184238802709749093613585355676206462682273276386265246300354284955495867413205408117502133760490369900632379302369030176
296 1429324160063682627503052823448403262819118335181140131822843802687901837257852148696329293182176320762707857045533537227676983046853396089
297 4266630827000409546151759388193102572940814826081086656717190569711760316315148601877983003594375067137859262133612140035188190599607234061
298 12736396858489078387402298948947417068396374526310930990063365413432133349508531671968676377600106741393809524722732600654007329042229794131
299 38020273399024151374969071292183882466419854926678380926863149622517835416413885888396957064760044417524209984555811175927795594983368321050
300 113498723593286972392086558465077922183455929692264664238778595794239250065428955543022147219039421824328006913232945847822447991896027283415
301 338823685695591121950007631969508033484306147505129691760888615200956398649163349994252151028860682450332662329404827268882464762148971421939
302 1011494542918676879921418988185302212574395380064840812187328675460092544749749726521398827904741924364051620154640070002257913084462874491893
303 3019675510993958687998507162733147164275727918004126886483161845498878539921408938886867151726534951106137580552811587741689022925991351273384
304 9014962319608022174266316089208382852532222905400879894145131686644767307700824248123777336358035891444617569131022787049070613846000737661351
305 26913762515896143842720877074382555183169933343002405811771192070016267857139159055944134992466372397582052087805864107463452363703278697005607
306 80351082674463650595716782565739405831289748232796517039203097211677942694784403713814653197214247662239292192430172440768309529071062909140309
307 239892031928983960913985360344363609982031559922395187991615889626148749832120452240258667892519631381813707226428863199262906980787452477966354
308 716220327172523880821944375931010908260486203945550078684955402182947646266062752492721871453904822171164112680742938626484267309461703315113838
309 2138376380568200969269978233533284536842154000811197109306444809869057328285184499474182887489021221722161193159796915670363131190072015008296620
310 6384520691312304545398572678573050789633843115742175085036996632627218124684329738796531937517877912598482835146513338994804837243511013871511774
311 19062464611685606244100803921710303674936998607562500641176779479772884666374655449631494269306847372604109818088961405798913416798748795443391528
312 56916260958295755731371266542272784305496477033283652463127870203996665329978204579729198961338842584182268769405448278171270513552834994437981931
313 169941791331736384335255228256102284137247775011147782499984296217571696868453731774385506898244249318977321475590190040418446427982089941048924311
314 507423409327882085792641122515450604830249004828917269398643107432175307769725578018713239831630921828503751500857318715674306951674652279903915321
315 1515120738901534726049901325733769395154002871192194002820491556251524332799531709546190367468243891219572827592680414659746436274196384999432301414
316 4524081115652316510821560788542645019369977431683144718437039951431350725480702003649874331306163116803148359899480763768859824293457742441601335495
317 13508896674335441051855295869745418044334857442009186778107499732304573412483799272164219221546218368610189322211253757511027635895441734361881932839
318 40338123721583045372119200690640305751592341768340553748381591792569961618195537359028549073912518177894369908368258716362628267446436315086769471965
319 120453045559552391223048577237448453833707579671020194141868191295485146975967560336314027547811851176052443341943915493302365645202244038447377994080
320 359688138200919400728039625505100210619689830306417883628137457704093172873686044972562792185778076686212037593354837296344163008058666844351167299977
321 1074089935378176976966180598537318034978024724718024425318985943509368975406893008622550152299358306344703685591912907853862906763087303809837838087881
322 3207460677994524943791971721352147408688764303517560469853591383782791424981992152170719688716084776666033112572667384023569169126770059235251186470299
323 9578293911983106182115250202833019659906641038808860187220167700521086675209996237598863610161998659187496800519501635066419634419766888976947004092886
324 28603624309378727418557267468755076604839734090514735269288773142264497934162961784746630816476762335277814716926225873421248562938654935360360510193128
325 85420089367834978119176677682339195664123439494093916531808143582788021425711719670298952067232985637555133988072446939144304387412587163314846761754558
326 255096788595788325797313461512404783900424380819796067483691137914245142176975133240014363799504119955570997672652222271755709143478913494694088461265196
327 761826259698139511400621810716927664494207371308132936916880070588751602840782706654849128086440453960831287168037323328123982734109842363947451794577120
328 2275164626288012921012702819015645009802392941244537080230549507862767127454802390782703333135661912536194719805038573769789760682221557880294345760883553
329 6794783454991331258785813739701645313312743641962109698092196499918468724709395548963065785955640060246550426561548425793691734734958685304764706938356965
330 20292907910873993583931915889874631484345560455234378655381741668736689140258711457456057502239888006121910964986653428458482931869543231511679282915714539
331 60606441257793952541209003207074002429774134555748267090800594299777312744497565975358773759884535625251631315938152532679203667110451805325394223223949498
332 181008547181526358083010646072588147490224165818438748311800436534570414916491189651645671768898706656713368677102333296921442799068015587229454852104178517
333 540611335331590482858212278329609300387927797258491421769522918522675058729077570239119364229473275246273977010188352114362642822787676967107311664868330389
334 1614644598775241109263786898553545778759734043572842441344685733016323249224340956458883243582904851927303450283606070133948112336131973059570638038605413687
335 4822524453366963376103224813476499523747427450211659392238133179784722912272589989029359156316262815280647478343891433019589314968479640785103387895623747144
336 14403817066309561430598322993142612185101651566022562204170113006252125235799362161236644725846204774497594677734068350983380209562770010918258128278796077923
337 43021583013575047163372987756732370668604244234343975592194894338508007982656958856363164862216215175184925214344399463874684998009977869187870589253030971667
338 128499303617109280897564005938209057242897209776458721004374482154912408965371197896059330197619860642965627726614457783754958160074292517417413950685925645161
339 383813924799740814668189595891327126119614330632822588660027504687235809077334041654539251854243905107286702584939738500292404301402175399845282691140796020810
340 1146426490353428394668742082740301264918442578247470517325820094966594696715746754066981818014706762920630767659420999060982423425852251866510694004316417890598
341 3424342526321422838911530697264528315180488165304246044439194667029865979669756842995980782379267967984277305063024295718534291570462170296798746288587840620684
342 10228540165611197418948267428150559926858448154448088189787751637038491040413187797368075151236486838191735815686202055922698548659442649924816822885930972859638
343 30553118743664189834365284637546666441372618500738557634511070428419176720529603741700347833127927786210975328227171971735883185764775831483516803482776866979880
344 91264703483861561619602489026051380836087503912667617000562163589566409251531728376249507857392572463616984327681884261610332803853472880380144336726365235403399
345 272618624020987006715747665755079811581207906021104611466762625242309255038433878673217928134807830882899476676421737156468746464627052806584068766532184668422067
346 814354574327493739951456877986467096761428722872566407277838909754195525796995156623900896010548042468750782586448769209091478219524733094583454772426241966607629
347 2432634562570625651999359999627632587863133993477111446673765834262088057665454170189519046799465355382549513494378089485408558319235052847892559935131916520044494
348 7266838178041201406941033939922918323450614914721228614955885276551645023125940255671706594185275017787635663517831827942070366428637711071454299103170450358101610
349 21707977324418732074386130742011850714555174405517512036113119171467554203068703965087859990046456820662932647246861417177857897079323689824826128864618727556158700
350 64848278767145925537361735089122209422730888433455782514035609472076208035051470465900985531670405816248608243467693331818399591196482061126652914154487000466700010
351 193723694089440090181897627350649749438618514490573299064569007232534084159311475845088917952306846008158640535366026952684006316518780759925619814891053104564190432
352 578724936455144799520378192202110862321549485280653999274096477398155546432373522733398754283050680438916816439894525929975391419662358781215144622111848932099563679
353 1728887706680194652481352432332822933151477607192160722855146327371067049547482902931683974696256295248731052604143016517754625756698646842493764367964995694394571407
354 5164954312230286526897181003417321502429899921795574058000980981156872780367243978791389367565817878635222813217080292159700600069289743061153959471159361768068717373
355 15430189558441038636988800038683968529121015789872986688042474628620605478916312703252066274717997612779435751832596775482399411359733776269033880060092686829545881866
356 46097894476355977240276418056595030119079645817935069534914668273253124826217889468837952149752786751530406875642435104480966169277678802136098269509250657113827087392
357 137719659533324460733991048662734869267942298459337213533795604161679018837012810356021461545712298384528178878332649244529685994862447591728272605782919680068247512602
358 411448787154479396352842069788287497864159362480790563866599000966556563072734578172540738359321212157179954402432189656608965728527470771736883166275337782523327414284
359 1229251084571293323458387601170710394332188372078610029301915086569255052638148468286557588369255049167936919574587691590496944321402329705192372179988877347692948775360
360 3672572298245953131506834594302628622704232401721948096140089757605893996600369520803621591051768064101179784663746035759681648124161263358890139747331652520664897891207
361 10972485640166111347114451977105431710128508453321109743707852304578583430913691307500294133875803291103677762326800053993538672895457724504068568704514797933077765525619
362 32782689061946382439779098445995940767139454444660184139709566125460201865420995392120257966925426598228654823894695939853635589635392508124391581783861492323432429588013
363 97946514862830410612747260215374329620503954410190003381926193700042406856885305115554843138206081172388874474989389678902326151283001232654383117963938981892522516682438
364 292643062958647016248262909795823607177654729668146066850469393800486308864663110874029935291932132298459722895865044360263790399988426933235621965771408611321454154142513
365 874364037613664831913889418945833134858493710323218904687862706902571640239284358244970585357481494135623605431042853062522361454338564485068201962203449300162113596174597
366 2612468851235357950333108942713983271690704487421288077237437421471281590860313058272440831868617700414859570597631535324843300397644933126369953041405426337133131526284675
367 7805751304365564711872553178335017711900323067375823676568966596884892104550195959618795888641882533664880209201153270102739634627529552104687557187171055809292532932463672
368 23322925722297257678968990966868323137009725841759550212861927136515478335672396409326809592622148002548397977086448590482113995253667825779240776008841336513179791275766825
369 69687687337251834813159305344496959822512913382314926230201454488520758607017122479023761806623708464721046486186409065985534038354225648724562453377109038671033265292617065
370 208225423610888233173348910002837582143424825202126439754967421218475587553933664026847886050115251816768176334913662953144572750332752948680688417793843422749542528888935451
371 622180091384639465375476320329204318219606200623018611395071773779676586848604614347713954418817017323325493799883943405611813506374382845369400330415772364085464972514573422
372 1859101476194311241160760886229607948935643019496618819603215953841923065017404561008963928906191424187174475774195566820728121778491975532900599014051118112499545019543974314
373 5555135871921175036714490701471680180800594854804381069973022379611579139436695748070355077267818936173001448648402183041557168625448772782117562474949918167747039308554321244
374 16599341354996444659714148393480105504856968327798193328093296694091475714780383732951612212621975476526159507422582019496274211980148932628998761157209687549806222642253601354
375 49601131349024382931544604911674624646316941792753562520281353547795456901713722335809211939312771263312339191865486642692102061725783650755579903786930193217107659644749922616
376 148216598045842128400977033232448785923697351976389689038997242763293144399383624172684251423830874881405760801792138315515825096277265079549753076544505704361302325190432502997
377 442900945692946440092413936200015333628984375891938856292588599969309427522246173813692784154872633989232232215182541155715686415467935643639850686245635804209333545683648771305
378 1323490593553207643566069700726293282321182475068392768728335952755174842719399061636762470326166081642945139456071566052906530614732109285616874368207486460155395622976788929543
379 3954937016057172752762625304536523325980686688124919384601748598555228423519757934526499413532457716338130110091192339141748287647283386342730787654773058930850063092531084780730
380 11818509866932349908530977095107861600027041930641338781738949839401611907820778366721274468020779138953839569489052480629432393414110757306920721132425612905416459164927523459574
381 35317527136289461936242570629048194628663774546003677836238854655630147687017785663343391419433100275119363195786730448262417859077203602191403686377874856628092495860944637257436
382 105541252766037366634600773100333526164932101731558890623759993544360500434330576278476971175154141766077222021943218147359560331778016448138490670713858216957660222181779218531430
383 315397736014227818294251637326034888333504063951882478770402261146625576525130185142232568040712657224860778658616663147870460855130301281669903307432608027891654054888959894507648
384 942538816826247095771265032022749487241908052668183759901621479839544218216221781691129124986370397334465339508982953002933974816349370875616769334913787035308514663825856099058141
385 2816723665303676721344537944072046745033834058496278165273157640293550599439913285610104309160940419504854408796164019676229054955699015050896158755428568660800145162419291805083933
386 8417701912592138777937889477326130674330973868510243842064726085885582215715045295365771806637684194404940333287978760870345936390081325739259049143683941890113569748705431753547287
387 25156320690091954476550780722963178785704883381547980101935500554307823545889806521460932275336740607330641743150571654502410785221291431834138562817343494336150534690960613132164334
388 75180456884160826892744215738978130229758206394381379714004026281145474975551254533750182643106226473461395158488087905914727386153729922296350733384513538454063391804122877304156304
389 224681355586701057086242649334939724402100483781788997892962255488112796256101207248621324579289292610107954006912320499574847040254803403423001540161747518910647212021195837273429070
390 671480376595941313346011598307628053371624079724610808601389400672184155598461442889117925534719250329849941197490459951828898164312601305618888169178928893220015180774699097010716948
391 2006798690061559741059940037410197474176518487898373711534655565698899814717562808236404098729028986664235743840847315157124942618562318123492561072320669064680271002045215686891138048
392 5997613355097034624166856076564608000645397452321298648500000586866370525525918925604408327590511171324581220231520561189288070723835834635731698784440830880437781259446461965400836773
393 17924921911442247298452538997412802267758529630772734262624573575022902526708782111291197015342061921038774120478586661667315419013166998587269219833097305609926502297503852506679769785
394 53572289913921303553569031583258250860719481972049830897405174123473143092494973050135322905946511081755799757823021739911552851438189588704640476751819619429752894462448249098152372567
395 160113244587749551597931628437888097417330573898386964735443414964381024832545759909472429763822075024766902387746350842898868660613851254456833356804368521372131225956718060797471195074
396 478540165507605824812956279603697223922456330052456413637030051242938740328888188909733359052889475402156672229828445556555251999424739431115558397182062958080716520762294870238016064281
397 1430255417583255213446025768556199060114919795026194472220664780800854228998278754449324937677945178975280560615278251213530244509411537127180420769169234961087213378117198057431940091897
398 4274771015961497824180902712457585166027264906304634954208749539841849812395338456729728681402144206128173454143148429333838302654529549201600642064172806968049914917894488443706218347043
399 12776624734621457484066981144275816073547138776460673722940960649842830928038721550567124073716797197642894319683694207532585250350223350802097708356462779631250688181689766857122476814600
400 38187693733310556480432367046007645946922767328901340722607725437520044659937433916000068654701371534468461776728855325958339111268951050007161661438608118640049956477092884411248393197167
401 114139170286924502020703887091020501911563771623009165036172976477717765747282700432501134953614570140159426255271368115030913897083175740409096674022422838034593877274227742710575757925407
402 341153601651594267034177125643919091243365628156413961458407305129233552432606051481171562006287131496698105972468520419292714159695077791775361322074126654951369586989910611710162111115661
403 1019692346270689240581186792131163875218985439672882240937612829565047963208387977822042988349604507429259086689952155968156196254186776913070218263239435869773806025548149983127606992940882
404 3047840871317710131718901012564402274817816412011101567466495775884072330024995630008657315720099555023848209455697444957559159126710385089941511290802050321483412070799500209810068609292262
405 9110019962055452445554076737092061952211588234960526812269135955859852916303276362955918833536993144166612980532132146465152218322632748826465224530918687032362593321056766214730444474943316
406 27230164215357725737168082106401677832179993596889324053211761547725580628837854557587196402565483496925278500352141928210669028767460706015763070935469509023680858786490279853541941874809510
407 81392626860523105389392702624886792568475599355838013854958462120503388703188517644319959549196985891743558091926437015391172099357624411026889118369487586753741150057543363940605210189601512
408 243289700533812870996504375968133305629458521715714598736626393453403590147190012499027776297001627923543310888492170184790580498308099277975737675879411879699238675659135419978682160435811507
409 727220675784024752596690237833581881902680326803507762455820100045062499537398116700070341231185989970191826842825315976586208965232037353312388398839763700221115153833304626983572187388715535
410 2173764684557747998791982562749458008095248586457005492360641316030644766013505904246390979638833437195499667566572304141008708636395501263098424394373983354151184771339580546540472749387275249
411 6497744617575469662647689309864562123710075278231823036085297516262467244059395248406866749000774121596338949757590755235303545947550244454655853979631553801906143486847880905293856492552938374
412 19423009725508446976488556562238268929656374141073632780248327245661951095110115048645563711154776354926879046314048210505921529728073538434176484595458144299783865662974821588716282612177040760
413 58059618667059876058025520605717856761836441648400705553014536092877309448439230410198280177699219258772466943455970661482169250093961025329035801087252516777918438980189920376817153191976942998
414 173554378420558115374814898831364905499985607635908812752604727491746254165734009401430857760226681149575973399720774789849893411677345293354831343700486565718624144452698410447691566465735457772
415 518800870376184337996816487301081808938029976716772018779951689573470178986566529740396960908472904246738247898660658387575494311539546934120721853266635306561887483202080887042084995727720451712
416 1550849041098607358858179871714879688208893416474047354490297735882435139538359449745951013482554094501662294572318961740369255123344719292900052790894391216571944260988367420048278320966565745791
417 4635985259194329613008283593954699581111259952111792991692027576631088088683590308809137746073492397469657334119706727216674687347579498200922529796687513147135469625356737326987608159705229180847
418 13858564266030469492630008844747564686842555766965376909753204406507141337734416160181008353945135142273692571380235997001751100979539408886418460076491215535533355957795605043949065742938910160605
419 41428393212401117205089033129279884536177017931500817685341750871844305132981065712756546051008199252025710203558350148049067044354282656709639722099736065150090805494885012503302215903720240354090
420 123845884079174059672609094881320822244639119087420757718601348939498751227678445423315667983910036650450251400560656359611311108004080472843023302635254975962914748884178881358471978396855175028072
421 370227510903996086591182118514308009186053975434524313593492320517069545987899416758303168925109045993532259997393125385772654426887253623588775821363350773868628772499290279479608338805748542528466
422 1106775153997873728877309024075384108348314844069789482959192639947036725775062282623460703296756609007990904993131121298056228389775485466725709337563356587565192178513476277109387083603614174303812
423 3308671895529861487829451056133533642142411137770607808574741772915147541170013613217557537546142087195578588529895719600857428937916764451819945635245151629567221892024602786485384619231951779592160
424 9891259015534149573718204291252911903736970733541884002237310835139603029154157906160195394298996882252803430941150581336062932238094151782541796279120629231648600225694887131207199082514259411152311
425 29570114129185862996918359962077770023232050243757511894651641467764821371257219172597262352983781509543383818633900991271894612511306608054386758506517218110277062146592611763343971889933920067831203
426 88401160111283433887462636956641686932374497294248381817795657123373796380352881078538743934820462195863601681184805159182424969193891847342776334308080388633887919490392725111190671561163049360627261
427 264281308962647691223939646727760173308327270236884827446095307000622147180753698492179577780892527982047694680497898418262797175017960273604228911327873071677311060162851871163833275661705847902937990
428 790093408609127211672830089596001587319933526273360517772019493473720343234546911706200004011418583924547316804951290161712118508888512056607827764347758959594593841577118422150886498573686545276967025
429 2362076270947399163304060272112154186297261390170925977764920734701732829164054153563760868364967329558623872404292049634892683068353489063190631868226977457181373785672397348735580067849353411167947365
430 7061758597472332008393590890083662032953783662688737244044907728062198074381273025506546385710338182443081594797592605011052106161274169294832811801758098680000171636336012434329901390773681544852437635
431 21112286677996508840377874573228692776698663665624676546447553052932433491841666357587633913220093143934401341660901070849456871261725591043592599328595701381934825598043398506774754172674716349207522648
432 63119147143113431175465685971037340934536563964277197740106901541239940954224866368001342471394874726165778714812741160191359623110550502898131586193585620065802989909491628886040206717914878732188835193
433 188708035998879817340605188842061379001511596350224602009158120309648427347301305494516910535496221111065135750726447239290900995771829424717550539820122620252947613581078462308205677105967212437671080249
434 564187002014186465542704046134718159460057208696854811440272185254683046912687502352202933231095474477223797128493130891081587789262708058448239751394519560448019802637902483322778160406626815437010391179
435 1686782753516604636855161396169568177536421455885723809180000045154364731612336896528602256048867845663276622684324520150577068232662110878488535069324610339388799828338121058698317173388153567752000550894
436 5043111910859115017597163265297951381152105996958877524683154385262385452113072593852346098206041968905226293394905110126037875223704364099386604004561175462708692815238482995595261741271657362931760444754
437 15077919566148632952024081959720927432478934000340469923806216510851393917689456515185412950509622264505754188801890235858990157035338734410450278657544354365622892157021385394002532823473941728597656024212
438 45080381895475307824546261346479954446292646887885708068718597016182734844013009788475034464148877221868474031057476930009357976083896905053206198661050304954868523295484235982201461128919000517553038681698
439 134783609723277601712007218140801084807631618721685913435549207829518354779001575383331218890891913573948913993724928723558110376259877563851728945279094241645969789739533579501435332054344328519661346415960
440 402985943315251607956007455060889004451382324075842998211023944878676440998179789706502936589068019194464092233324631870910860622997663937251239769027692754683730809775115340104712379725990108979572015779445
441 1204886156437458898452827073910120711507894391511390814880677747630910309439504820862196831774042843391078749135285093067816402422950821681599909978499562752730289159645819460247227613082437474240341416695049
442 3602511860312125915930718049257725989273408843510241668086113155066553809222943203154368784770617284987255153374491501259699795383513508265088259045641781558106700529170474822188191457799827041261485196876135
443 10771299382898536468333963034200417938227638159793476433013715932786456411764754728293269334845390524832534666117351197423660768781393485680815494424158291429969869932867377671598474343132166181986712492604570
444 32205795672979833958840333865037399519885616504130344497311052175355509671922627997468027964147255095956108490448117420403948440820703063969486431741963885746832625107209879051584605675551277090068284060025483
445 96294883784763543995744528021283933087666082464175867213937328104084610961902119798546916924826377905947026927973674914841521592515732476310422329356436764100712946801025270214802800857566751649103142950343687
446 287922512168516413561357820243346860089523867032983654887706104231740335037941646465866144955135227146301457053083362062252277787048789234450546751353303948886103266425529084508959837749117083971779824781639121
447 860897105570004299108362013432745039466592658324502284324353660781583791600902250476547467145765637593337696549883318041817490256308430897736850696646537454984012785963284548198058238902169214456288419972782240
448 2574127612711372304645386476063280710374097798621206621433140676178374756460137032419477826875106318213628153728815265806494542271937258658850628955213098520325046717810206400575376941278029719345198448428130419
449 7696833390438816731923310477352741533522387706280649588259776981171202428185516300244529329915965810444191276741899184597908155867189366415591201790773626592920207142931256795674340220913863658325335299091196275
450 23014273547507089859076395094392875713474607955146524905663860281958488364936811072012160440965126314464981553718655613231921544958027714625122600928795953930720932525135863265050133691804754306068585861811218649
451 68815396205094667201393154355889393243969398729243470760988547347457786714419597688309922900842001692780649472607836145046628652788910502750042775842698893239627478460126728663123529074924266132497213853581499474
452 205767652721159059546551126500160853663578885774117662415533562164626052903728553336905915725152442790561701979988533470589591516346333344261716497702591974578326001525447173817293452942951837534875292271087285112
453 615278476936546466232637050947817637993398831514380346354022845552815691463238085323295418473725681268507582705897295468455592692794708062213310786115311499059552024840570516090254321272257471142462305247270301514
454 1839795111625015263534965370441008756037119125290704086148378043807159453258464903648050961220427273512214223416916724421901966350534729760807121221920144000656240989744303239168166646636815152661607477175791506724
455 5501362993689115550187113259771236582039468983609084026730732908176119513756939789004370518124752131846886364564125360365392988245961410249317253931116147699728179227766698263182355661977907095861760779547748266912
456 16450315557453054229997272385442741814583219580061964859646681975274456396001845976707649035747509386144673946954639607011334505280412309761167615290752170063378052273405551933451697002282643415511522199393293678715
457 49190500519675904307931222790914958423846017096321635477248488075602702035677655381487229336507125059566968506351142375849291026320956156947143690946594342468879640429644854655697351506669125765760853608077334426919
458 147092765605526085228885782884006176329141815238789238590627274727108488311841832857996515778812032147459853502654289735252728488525814566820900011322809868527931652347551941008346256012166230519204941473415222414089
459 439849837498225048230492364925438480820060350904715854097808121363161750267667298994247258718981769434086452964286784572475736845051236150729048347747642937720005691554020445704236211455783633577313294663712563637470
460 1315287204965942829826329413924362346146231163369669452177496761151992561461632196174800481329027072952975532219740991176675089583773277163513524188182024614285669030524921908397588922224661123119630802561777421968783
461 3933143383072500501448287032119168074040287214028375977890193589395707176204853726394137544213925992019620257341294233121082328401461987622679764497644663985355352888363414866717199179989918364069835229461944857982303
462 11761479979536792767927274126847690636857999750308653083249205011496763829080203230435830608622995024905944422719509085072309215484561995930948673763172620662349997733484901712811799462771391035443060194806382589758645
463 35171198412161196306339690756564503365575641998980112790614174955378639083823123059022312677891103036284791747520393014515725746858845313940757374843040841033465273107704931762010506873716786778718832219825569401601816
464 105175683952969991166477919709254785449517504487033324567465558551840963151434577006397127032211165868490045338360570965093761695168751611827134858575206394713856994229243490932077182517777801230016353300887891034647489
465 314518717332682283065048855929890931568104542541396137793007759952749167463490474487772955037381643050957285019090692022802000233066056908668692660145740381663652836895023866097295818626229341221486685148135163886419089
466 940547225866901478138215830638341523933155433578757259901793638453448828764132429844635598070080734845597962090379725662964771050432105692453482274020576754868858339593204235806055611496948164603539618279289029012664707
467 2812662773425420858440296541860648667823563502458455250151442105105778437270849161573395444594850223714122747163264027118153057168159290827362960183543142512514638449784002521352231995719084029858534575834293356011907694
468 8411194166266153914004420368236480066569315024683051442943906670939772756127034436969639392815465951533192970589788351643847793478547873344381120325361145230791565905637235586047007366149828331437833199075812552176361250
469 25153624550246480303216860561705109592117885044006748351462780118023294218886585026372665911532452344850036227382914366074236264336095659833757819277818591106128235762572991850654820278346612024294451442541676176707210180
470 75222263949298143648191731213809759932118156014871131135293680029617616851928621236890232066467153242637969854561396465686053583454819024435666577980642218711899152358284358343462466513667097072255213916854249612218834834
471 224954727254388783463384422421227240098561698909745464521701078382856746335016585932065703087722948572627752085252980863037160598009163075149205999231991011261085600575899059404941533060734822926806035034982384079174198328
472 672739198540891349347045146485426195408434310782426841915741450769069297670705931944014471765419813639887789367831017451975331363691416834562499515322901018717006459340449994890158177826641839236421753907669110426273090317
473 2011876031054380639220449660669907911185251205955581238012745220349289785168194150101591775886875400064785753804938518782202614550997966843281464046964021503748317914350304011296399140262923898167350981043930963747461426609
474 6016702821983674753139484433909288327193053670481238392710903807991502857002545875863858375776581409959428137484055016140033040728100099702475793930659557548337574752769514615165716969169555041346135780420780679879831012047
475 17993628742314017354138617952391170998549110838073767556763902672561225005146410164115064493444002442373451901797586721746048282112731511490810497817224747721855665617152512776244172658652852656135220838582219878965805231514
476 53812328853908997967292603238823648812244314038831635690633021700724079800349247604735986606405316611821230061718542742519965030992890344571075102629420133903844876699442363488246074499881832607154774143480278365564490043878
477 160933940602280386366145483752601484759003465775114383280725621513484797194527469882511174369566661547346671329282764974550435946824079288214820468855059463960640375540188508632860363626754778034714804544668146775841293619980
478 481300505243798748846771222722535944540824662471567323786930137537020825890284668062496304040460049311959199468151630894431850921711369878824403972046788530097926341005019559516513453144737663269592916758028265505174333450806
479 1439420860093657880107155342136377030412573774979479644567263746237279357354944001305468184498137994595012813732694350172467676369064821356321200158949792389969724827905689060361249994296936924981335495596714330098873656252320
480 4304889990573464946799682746427916435283024296255708940040760845006838046700795879491667611461239936578121299410493141809492380902590920088757469758590693381729341357765076280775201354515488123990912041177220247816109651495973
481 12874758833413795320849372065674014797342001750364556051818375704410744552652746506976215447243579563749372836997871069939340725224402469535403681512594619277082692628619312707172297397963993582132168115321060999368408648297909
482 38505158517021920400104030662536343622077301122164761199920301567225776413465929395939542342718823270022728293943020588561987340378744537759654513283137329363405488257218610088416223039216141791156812969251274795362333250557967
483 115159954637824181766100765595831717299868928440272991509069673750800931725900666149130362991250081768541221402417721845051203801021115613932342274443653506152191212881880863031223138524591450737272501711069183058749267731680142
484 344418760873445789121477122506453875203872488531664194335674373295899831697212467027457543032252603732909522000356251676483895419890542840974347452270029510526599672928167174447355195061920943530052054845963946967106022459396608
485 1030089235457836997535254751385690881255299601542582342988524717790662127483610882874979957481113221044417780173196317246240923341547545724599816972653143950716341894281513016853761987625249568887855947440831706079596238505529502
486 3080815002559058289817862107390309149933049795474975625853676388621028120348049302192367837872043409139804933774262603570649311132730226986341027306143343508165730753507473152314882610054768062982833034743400304551010453067899300
487 9214231174220154583927184322733537521361125288457068409639862096191203882680012872542216064080243978544545527920144745172513018314009577960023517195054510679449465739429047677914387018201359676745548675993595778962062082517982656
488 27558481779528223783676084104853233333080115815547505862077853579734567727925381288015273075080149892218773398957076814469871677096091267501443637624045063189640121799365165947456844733420961454986910532710123220415214368273231645
489 82424090234929485642096238027984625274739185249846003881513481202469470120016945558910981917823264064128132700255581731901830981754415613535040392958082019487757125088597196213986133284269359088363517369044905914577345422948323905
490 246522018582869978988509306772208467179814621046772067328332060733126150999013638259505270606394082698712632026529400239723298605689605834932715450858428720364997012077918454698991268218461446075681683036133764088955186228874237151
491 737326658126386497702107829770769088256453105512205870590430608799261288257895410689350430631479376234642965503075981989466551729957792476981390851158397985964739838786246893098857008256063567021763249062901669992524728858137837282
492 2205295617470398817261576109839314894438422496771539402476482405323046934663682803516585516010259927102175037489295833193495762928131529408157539899244479027596315508620786890221369190485353606253064539324157326419047749930633442531
493 6595934575262088269268019593887269485442723816430611441943054092602792522582186608140532717381872991643220379802734052349485709015896252913174491200746868600227427205551939117294727585596530241559315090035588568169321555761731277135
494 19728247151529400835743786035235897529988713208858055217024690655645947591133805657943635231362931347285937787433558956401289480227751039985843748246091715314149328895199266962581940325728267609906674647769559340688488132665138998041
495 59006966190172330399948454324553241233367638685705031815583946728574320906860534811795929440891942354773299202512409540805463633338376145750942944249442029581858056496991050086337383088187330328909941374961722748714606611423149994216
496 176490237383010148968520671127663954855873108291481752142181721956430289520213175296404307548080224477488594123781809114728205221636757288840396153633967153133445502043988478382268399397020330446523796721683003995232334437699133213443
497 527886666601136621917827326221081150149551222894262853137788162101177624387616049193771840865790845623848931879795821723884981408394919221639503274032465224293696496734166369398324477543683895030404455232417949247357218082302305995011
498 1578931511295347010670509973752521715385382052648691665724851051234618419310337091800131386687693795755327798212188108253983838222832200168543503750579520882121256464291895831424212555995607784983222910755050475119269198695118079338345
499 4722679519493348288410156278918139895844662715837344367737153792577831490890147401233895153827476793447700524377691051030771110228823871509525024308101374186461474359839005062046478385010659801108576613307112630772882081294172136384250
500 14125903402073092355118480182143738576165655401832955728624002211248229364200357397023947434839565312095153559356437498289620647661328913497950584467342262543826849985956767658056899507653175652153935698509585037175802980308461326338286
501 42251930036618818077808809351889281276320657274972098749716346771880292972068867672527946156339452979673036714993895165682318511857331142364449726689962627377537224430045338934354172489066486989918739960969510817747200751262832746196244
502 126380312534092110318624461806314155237166238572436890337625271996204565485156690459644876730233272045433533706643751452868094538605321656169763049645679912260436668982795434706101640644676109634250136032200021325657766543339071805397774
503 378020055121605651450729194609009617531322431093717562708360789222693956220723042744635465670841575573169268993990235480646682300683516616628084620247480070831258847036500984314116791658712769950096697773391722027175915144250175849743464
504 1130714054028960228140685297191101665618340586065112494589599329095638321928967846424875805570059359063596211130919523868787998816502222508703899642893485248975729191256011772499793616557328867239457184702727428172094707293185337270165863
505 3382153095534743146785623846248482531318073657827291636282946341377615046692021078497461893038574294651659626241192951905561045452749271676551794650134686788603696124375798623126971205423869429802011447104675460033879215161968999145222147
506 10116638875741103005481744640528168501635736985883754480548711831586403666805592943008516795337433268146541887738100319663648273547690124365405837269261914594584922519331754612179688057604504536748998325149769823791219345118676011601226893
507 30260892747052109643390270190472459394386819171463067558433345567236892150600805391387984919719926110855326234293245917284185135958909050312514877486210895824759374305216924187333461708859963439779617550819908534477327475083376789484644414
508 90516909695422652481572772574489764333018859337412813746591667406862100130121330849130290895315676445916145578001047231529558973327926136066651106974574499591091546194475460941007554621376185007252470498923685051875853452189849965184647592
509 270757306081661863458383786285445996960798697180744721211062028373580573684895534955984691873873063567304306404414405905903174702850678956781025076511770893891770451740319065184234180275633884457173101520018987892400142043534465560427552670
510 809903217873194768055728008751007414731565332048124305404532203582365764020115036555357446257066532824863234085127804560751344210438440792450202206712893501463904218206119917677812036739958876780564316286921448595960674781530882936590840780
511 2422638022739059845559544997673817234365012598488527897615474102796099218819889183550487901159895839219543275615960790269974154636806069771420476181639042508065671758278378596710229184141869096141103590700505585147030248764002489097674160128
512 7246801885368224449219611983591335446620803522020257328259782953021352864121091635504519430665124169261739292397705245498169015415985430039127430293462690181111664554699680014034114297882658228716150531088184355160703823852878242399804224467
513 21677375152488711131959550442925866706278644841854914436480139542763034452782502711546342884825481873225771383818792666777304682281322954334562487891875326652173475029470878325935120727547309710550761318686817091860910532369123884709467789011
514 64843945882354448372367806309276625279525484726490098086987585929142397195912684422049066167823930108893629820925795543030183964005391684408340069531302501406938150082517897340296303738983413309847441725193027496782796828253962098334156067193
515 193970016292895887145358923491892401276070005101727141029842736400922086982023731836111061660562412694526079573475701354428630737284268668931480233519233666369593351468110019709361461544490770733013506549788442520389106463342076054998274288114
516 580232682099841634748157969738033676572851062963157177511736940425309074567270590089298110384715342388963725376912005821644800512592134800816906683862157384947847233741124271062116020897421842156152725791476483656121415656292084604907886618288
517 1735690074744110453523312925100553567044293355830688285833239444062183628522466527249013709315598755896155816646966722787831297581423382444056364861604066436074461935219984125273165004930498319977890009841357900804785817569157344035028351491794
518 5192118210914161967541153122624169570105057285976565806043110913878159398447188022613672722234040869553544861232659931989159718031442934851376411362532408101906008582591542054486254197562227558328895735400150504606205731911989999036627361601260
519 15531712854356170101570501018716415454455403215698644863704214176368850225151182850986139611070017647669582627543458009859788151343392860431154972992580054516870599133941694222701423358976999959263733478818601208544250535615716648940097637658880
520 46461851722322005954354310690757400055035290052006034715909644459941922899221097886207831271275762833730671351917404577419802969870149287223257839161125527452715237064573901256145084148033161068124641297969176505557627914859789802456482042826315
521 138987597367329016461130363706636378742327032185402710686225129125142474205625864756447079363442786899399649053700198536766987931354352889391577767997860413216700723779108878199137657482537431162905756541200229471902558374295684236934895003499959
522 415774588916248251225636935019471756720922278305613391974522994397707541107851790414777230442474459951184338598906287884965022679703939724971101124501908130535110984445726727130380589350221579328181357728683932373659842028066786225352036219100281
523 1243776054938707241459541555967638517923548269991540186901331933087699871885669376472527833154325175346544785669765196148516369720618795391242102305796059134587924374570384422816137241579497062310618812649919669717875123879168837699870218587747678
524 3720735386834897893147325007646649404526092278800185125433929904926749474056013267813312129246551676441968047936227917882218848022716463145889519585114055018817469231581884297271062775568999689306697532040900927412026102950290037071018942223154479
525 11130577900092939380494414556221805775691300759642741577976425125024837893797387025613709168780348333640001462392435047078966560408859721032099200909475448981363949560875508457390412943868919275789879505460368687921432249255774159428577721193359327
526 33297296168618247359182371179245212027039433777365221420664435883684083935378309760488540565171640080773496999570674917600113747104024601024234515640564616299780945908260454456962541480511068079333939501947814282151991715820411085487177784043980629
527 99609908822014073188844956442215290384062420573183219929999833680704432891034246138598960504380998439432106269831379010613206297295347703352638800942342072426514652086567518842325295205565330737562444335683275393234032062629224622923947461798562040
528 297987759859295346585070137239056042187981700249892661328573605792648587415963009195628944485280840309138331152315304328537265841476438010043585545628027439634370014434329108578526340766179313320887953855731878276448460054591137533573991742703908465
529 891449218891397657604002991898587682159004713732350246173065239921539049254305776166631777264788164608179604200283505224850720367041691808992531477434902511818094503483783253837890098616218001714988504920996229989581526237825554438459696703388905985
530 2666840759389833051359837350560724114255486387479146945573551704841028043382672840464848307935549553184167916536820414338998628509072074440267221316853798140323580538197687121902013321976047737501434660910030908970964917441091741650087785291856538515
531 7978106748629099500202638948353283570692779119604950397412139191427128838641944558541162632238158580821118596197163434289474740917256680741648424712525001609262086389861316110157507342629236184910329884538212556417636786065582393475048680967668557102
532 23867387085583247909865310845737481461107574907957026145213139565387658205312080825963187079724895746708523633663551236193780000485173701116883912174533138557482238582293397841065834052868264247518412840797116986439175604135302110251561171984634052762
533 71402295936642627236278958368954350559604554668065016623263329773742667130662749146991624876760633748736043593736276240944204570945616510964129299663872100562180480580286702471577830708432271555375101345118828644720925322510833212319708117884560767916
534 213610076113146241639473291729639293092973298883519074489224776665256054271924106600591958461880275559886792146182281789684425884114764103698318150321848739952020492596033370552755233141513985991191231596642220029676196744212994858269794507121828120026
535 639048091839080647861054766117691245669176750750346022483657325582822900353613362984964218734048574284567179013642318192905188895374475300205972531272283517557942040072488292440667377716652440905958633251612786208037308469391689665125292437937667356056
536 1911822600538289828858171018608232534799212550034995808714762715509832889860494515168359498112554108433469885766169792810512320110581997478381996071825670417330703168221436839732329040435770779318390085955457400728819090230394490035243532966407165072621
537 5719576500521771267529309009139179000789854177460926160518491555094860302801522670568483387499188994241105402748530175888303648648200405546132381811201548004709300668477700122008979185669142671873675238161501645994192649316318781704893611344730805770193
538 17111275342589868650450669789017443048521927404472788931153643405295480846672074094859129785491535655067283894424578097091967911478173153679179841048930186450866818245315908712326502106845357712085691223952762496584195775374481515452746406474207470779247
539 51192118537531169724287579902900434694403300477189110574159104601608305772700246680197134538345585301477139358758511250896429608584230003300847713860115264013387981550193799206046070628144929865675178282307529037153886621742631990701666673175812961776890
540 153153185468572091563171439080677222308485037361501134013389222551283961399723351745928581985364873174378503991238687204817923862799654632627120804059396566050543136162289924511516694243054595657560933892265573261408959875469537906956591228268211008685240
541 458195865366341921457848654184533120483093725987366270486465916037958693843149609650529986124715795104091831685425899515231172765342590628392354083205127354936242523241909520096875884964503188214828136822958211042799405576804343599515938619906710087836986
542 1370813869325506386608998851576599980175258897779391593673667309870832860399670907595495726347920328695140055190969369940638370792222271532340969305972772062464252154989585263427712660928819523195234353049451989015433645984013036871223701789444516119848420
543 4101172133947507449369529941068934103759438695942227460254977636784245569510837243412961565694633422843582689344111332840313381301500543490815211938678376780759429861631477308169857818740241213532828708700908357302095947069942580325612710000584384842189440
544 12269862108594744902464119504938325058340240330663209786279703869804778317401444969672027965989610673875206029477571095260128835714093669888978923616278711015165177544484672850550710907109999794680124848706472253515972740715888275873472352972825026535646977
545 36709082886780749147004245863570902610027440926144666318680002680931200538293875575869783007632239038921784082698977460360038518543706493351801272259553608878118469812285090267175614218912658251787341317236795361663173464571744138794373440445390975031685393
546 109827107900472868861187528146604781210579835921537951199259988535713821631416724132192494932739298585383072769301645187819821066452411217181166740146312257099811785820239787509223354483324486867414574080839046662491316882991271556067876303533527905374735907
547 328584984012602045398740743404022011837349039937425821697658126388289256370588987660041670983763123443324457184984734013119120201980410075460215661116327035890036695365008591198912013867523726257849584016639197800105504713173718273647886645067711564389208598
548 983078103139237038907137935468393333380846275604587875640349050656340695800328563549696299079121425297135364412711374450198814911397522120849665715768569842805732510710004538698153672600154527601940094755147422498835053588200858574598192316782622803036522488
549 2941240042305360565930054247029512552665652460398737038504454857636205006061281883975689290632001648434654424981590048992914447127460089181392989126102533040277277182684014230589034520199489731141270045292274178591267086167739363654136364113056383107264987150
550 8799845477191490495399122785776229542052525996818591068265905127985522299427735354063286786206938436658999498856753669599570024817040724637419904075535543697750924436608930655998952770332919628792369389605754084954949970224832856984495647463683516613763774940
551 26328234892527923425450605818870292759194419118147374343797820027289777004200698089597501530346782639095549033938840758172143938475565098843660274194217231393633677244986654930229256068120642505675911710856998200775223315023728794169867268619790829194150888352
552 78771761206308024056642251492376877293671033954455882483646083213334948987139257832625704185450799816299460434015045616570412917863025598171708009437645412339518427774847232010792533473153145586748864511810535712950833123984664117530948518715415014155435642569
553 235679318536504591237181561728056470253087723748588341417439543728218718711046788586269719217854231252326081915257340289290771716187853712848508699147585611491321467143422471909421680311999293921821269260678407571883631722378472440910039695229268329904469006237
554 705138602475680285282305668997100317097098502684704154928769242515658661497522507840110748858179290788055940628265823454895807854334216387975797076901222179713629159712216791962947263682122271953484941429296830048925385889174258770267636775441157339099462911683
555 2109743214023768440660081907809210758596131127342546290738096975030834388424481659809290671447229609499973984107201770202112208065965725008370201779000088210957169001199927912496481573176629299026788672286090410555413011394582527734953056195782806959563911364026
556 6312287782692788558720100818934992811816624183491839941029515768201608869772734708141436767927225616316194128323628255347679775688854572743553404600384924417231752667069533375266353597104279574607981701809855708342396508655534525843047910262586944187523616197767
557 18886264112421303108752993056597332305464478391454018301513255920799318109144503645307343409671021174428844733467070603375438824266920811580272806755861491703409433717244435997809380190124725442410909748230452860290535800440456944694734802813500085467675950203747
558 56507669431769492979277652880417296089838011752669466690386035565444894031116251264732249376704470216863879326292247952421857363523531107210900022408350524436084173226390500368264285401792919825577073928290722125728487648103352514198662601331413072841987740643589
559 169071651406643781836263850416477179523395657701484451354308367793620116802185214517580395121999280714635960408769837408383682124483524180868595807893928698179673337844408450818922057004539176322253862669634853336041666401606809230260349250007213745581226454069160
560 505866881608390052657362388679925170181194161143503760679215316092972891882514995547441907486706376450268072292458655417276143039021818903366566650829240770172699203060462066469264202502472380240243360580562514101094969340367899016967175126412779617136240759879127
561 1513574309760613964530216863388405543799932792697296278974337974362805116935938612608538773722753736776923487816321362046102609559843467148523926272930619277145918187684931722254255827898403972711206004979535553978153750377835553404080141907632956955233327283374679
562 4528697240873621814166037944666284962009902531819541324553587713561842963632870693642978047252296260138781512858691009259868773221409066072103941228944462098925541445485170318140367105419949074080495321090373504139554423653857318291301106302413270164822506925601253
563 13550173621066426557327795228666868767002228158998178383700579708612201519711170599734264760618453911427130946277735852252659323846614687439410556630361925670495297168888984986222736971872645607396168188173863750914038865774735491084621519095992674429761512524475698
564 40543240512923682538074586774512518239711802796271183183832673824136189536796977719814470799679263762917292329369939337539589100901655439883827742286080495388610859421432146433545404337367042168807052751372167110732705186958818283750313832382941588569166401268399918
565 121309293610865735374760756384005389242810187419273913886286061743613839294969899113408855121922469279630222269543423186383023764613398743640315689902046528284118141010333018791379315456754431002239020768352229856158527211387487471836076751789777606454006046730435852
566 362970810403787960492847091245722730629962976857266917305547739296268894875287591520468664259381320279364147471426140012170674691329777743819596663967089551964628907302692337668426208146018227166225886862179502963891232106466077743328474120145928887290061131161538270
567 1086053782562711080561070146912559079551847845824361265697065547630053059846493538956646489845081944286917684723810679402271857445753543170529076430524420465334475144706688226014848167709346668312781977134443962832693132892215807407331210168349022887742459701044288552
568 3249622859200830735049730448895554850472500755618775071593127224419592508453707297079686748584602166065564186259894422070256834335900165384223335774353672875266825383650895696421842365052182789161033075991276981475373285487107242682050080628715505740989083826182144795
569 9723364798578494279573817800717872103212067194644865494476424332619720174161452115162215757203427806401693727636029310272912068026583271887592841784685801668870229350681093469299358213926988611291447508561369041880219280573381367174617335669665387324829275358722983815
570 29093916076285020982506871497946176701899626363409388004220206379218755889743500670146532608263280668438052886878357326521078169654838109389515104524096420345609725497606280948902952839998678280770656328422351690611566405889725508958365388212618323219212816902247650121
571 87054206246195291748126221754204114518434600966065304214207823584504098435995641281102124130453455963146968196281391190717380660993329527794457718723602559730915345088731050474441945025172481773794102264095070445277926545087682130213572182049743415513548717191750107718
572 260482953628501960112969573662647708037067590091494536950458964611101643797907451108906586808723881763575637506632805414117443360666400534871205251756872059771843905307692227891801379511212126214538622926772480817788498755574752762134161305589342009254461309430078405447
573 779418694224352824790600121594318320103325471774344212971264813402273671904828262046161248268783999091336842799699758937814611752952633623929939609422574024354659151963197338558645207061206953316661970166846476457605563123739319328052713865319203981828759979542672169863
574 2332191908419919475039773545797205159914898950743729653229339060980559135535581746633786229893257784643756626427497694922439331730711793755229936482413649651353042355874720974828153024255590043713470039921679716868006233442666356706311394207429225774117252551570309774749
575 6978461702594942548114905778296375914391007581631058337908367381504530744070322731538541706289444431920225539691590807581474466445559507166139528217033725742395980621775816654295385348306002608115640968886650834804878092760987164072448603835301203866102819176839691417824
576 20881277119882638197911319698387582227105126394567272738727833760410692995285771442662189910391097742195045840707795921812582634050954946098780852374517292282559174371423362343804348743118468799006902019024599317058008913022319629300820274070126998949577861163218566168313
577 62482205408621129209052797580539843457501131973557896655383170210172980276106544527925161974089099397852648551058286356065347966991168108976673000321258141809976645479369106694437507505759805133642433388675837625711043472392970411450563168209930770255365232484604003984185
578 186963819826030018139110969262119653682851563489707825227774671786194188797219094177952854727369296272303569253946485382538722400109817937466336302876899135789160796382844705198918409054208700240760232470352317334376097784812519415765244068981180171618347850589609288496619
579 559449277175177929793981093362652242692797590453701430917774589616948585161136320644079005912280713488994175127376015011318148794458036496721280190819539632059605048242831213298073693010923805406656910790118170430853282869683919028123943451519654892048806191172865500033270
580 1674039793782552076148840487701557188941879339444445697954651541755657070919331501937959894573785224728910018356394707734460330414586378072290614530014951517000772771229818905796272356905338670515375187606437481120097806141962829108653895602494320520579215793091391251856072
581 5009250463615901939774886742550535283299193365453326991024572401557441044018139110183401553376685852522851155078776189267156721361545493491465822377069553854805394077676788502680282272614625003362407872331088732968456014494121180939338565405772256462377347855120931227200894
582 14989309235787289046527969724876612441897606320331803598603943362821086170042366638908945041288934448981100133662479138118639986621445968039879828799747417897578807831767448389336174201295741419648057381225806670888688415577754202228856937195247975141951799630975856299596556
583 44853092094230743229157662844545955258619597087943511448499280763406393661873687214646881474110564077955711871179100983906730428619924050179088016012186017316096462564035168636584052707188572960934488225536868586672649284652496823515425849762080198584618622049764342571037792
584 134216233239896286103209935866689020374784998954471436461547905685579997552538975097370301003911520823409107465131754847961232568777671213301023876185893920738807399157356044433023553503778704753037362527008466753353932503602058877787814638218670393399093750361579405577371921
585 401623935903075334430992278656826323665494508277046166996200982774955799316093891621724478916565004499137458043748082970589278932470931679596074967603211527601978409046547886544498842298576077494136337697477472445692023967304058484149531722857663720294810682951567670190748757
586 1201810534556969537512232399706327887747616938313347164060285873561253904198661550860834178459276554624287956445412739096499949430549997253978542214167817210673262940207700637736151574959066889257936154052725506576850534626557568028392099662871451384574531247124332906934245499
587 3596286607965982814436612973868052643583571885196644996818860550110822728803806101296063547263927720166124972689603584720089930674325935552152716871640893358306163120992319366640423296407615701968046128665716915355113844181762088720960660040452078064284133725126674047224262426
588 10761540619883533661429867043635782989159905360155835837975440488143090698637009421042844425883983423512763779258515355565889387142186519518499645947760106608580710021060448643595927191535093259783357774817291651501747475252982580749014903249126674303765879395172997937692819493
589 32203009548099140462962975463547952345937212165063955433871894991769455725292858588663521209357511017828969389703969456285387876936383336224435831436381959072038130651169858097338322477976165186633795018282914429316334127056527682787340700498163840626633109663129016656625712805
590 96365221511224466156805039669582905432829829073044498169516652487052539992663626108286694951407836673178605953000783299854784287883154343274667321325952216665700913207324538269746904910682941899899321650424716544231300290644741648312366388903658287297637659500922494982787904679
591 288367314377829387349443950242867515160949294246094626690435538643797542681432626790894034381244206138172950512854245347843910635653142705650685673453376242832504647778980673811542500429456370330675382579138505483823675981160581954205009308084464273307416878586827223462119681352
592 862926052323082809564374834479688768204239652586437513955511052279853997241094512078499894293127193781241107336504105519002419168731442062004187892983463698235897269602163502194297885684181479347484826800065691255112670773561864142650486792441962050313871476886351034391417525299
593 2582277802512394860067683173068762263793686889718721397079213249661429591191083101414515228527077307896054135821801034000608627417566990483995881208202523336448406646417103414052691179910415697522933889312621511319256410734534176823362954412743369919986833108050596857780708415715
594 7727413818730891771014702024227172050677765692616232436136977036046445974191089221686209353962226870568312491631088284686622005441077499283396060998207669248886832190063211777487567681118124203104369177519507867366605892255587685760324134848382483036239751731545069211153772230617
595 23124225686186851783764669326701732890416414246112409932796381408147587359946374083943682708014395735482785727570743084176840857028412257563103437536888875123558163708666574505759466707364622510774663697834418152776681166067464922399104746108337144374876045576041369413841239229226
596 69199354488036412342839264646649531306218393929680608553988368740891736972323215832037256619390698365328324364238266307748238162799012114805516209889379857076850381371934910207983142919770507728268144622945229147371563995334507331862717748321423654588521908999912649376769938296742
597 207080257317178966928994588256326142534656005591662635830288193875462067392664480222812497535575103264290138307286010109373676779274536033247757687646286183747836776340075107845236426986667485109743824049585168528422992668664580656588702763363127993451651924913674315683060330269932
598 619693800526745042026744666899518767245698844706985790819109201515365276737406482385655359307560460524807083840341965328688061133247442377852168833167038527139628793228037914210866049359959351946715937795345951508504545343751641666497877052432603982042483142878474093735604922485430
599 1854459716163076768155090357964667675972161155061599666709487679157067803663225203374722621616140621859355453501181339589695692810383009074073152813053575805552999356276972221088708581633980389789837517035024403882804624039934683660098554625271862621194376933284647343966231128802600
600 5549571444743062304279710747051401838127200446459765376208808097938520004487994327705122923000147417830893692732330436423685153208974696120150628992830686368283885637217631376462598232096539718707590409478311884838949303100985297131071510110941238299645287622340098646161781747678935
601 16607462285757251217017612458837352321618492667969827283453499446401281976206384896672810883820150069934638299824983305963335735591834311023148467118273829978422797249481328198204265837710760719883050571956700725530654482091362564990874786302088495824934293758895952518746987384955971
602 49699140938053925206690179478021238695619388967186354708010079706204945636251038531216296189907788079123665256320779475299030011599167915810206731606856607760377042500893975164210499375971166051145377530194487985077680529675437866750598297327646103354766498451836046039581386212731517
603 148729206914634422800849858089799564919549051766434644788801588940138368604499886456903447226763538232943061396701913771119738442177496527326767943998705746045480785808232300587195889674255037178399811304884275067282242130971248640286230333784535554054450433941881814264693087932350446
604 445087512354022740622393552123338008040127009277799559651507924482782846138480382462077847216671618659803633456493057090806483663921601433466283982881600037498880802763870229909190473291235566430833083793562771835325407933459709538513445483389130220634844531298797162547891649335096354
605 1331975751603380649555984089679894420424984158485771678720748339025699464555592456661218885713149827432161866963998619489782023134727760164884766426567264688309450207472962724022562476745581059949744160033146118709609547089522701828211309495883725126774074925994982316411971789355729748
606 3986107284651400056318924181842312484975429150690748468265258447346036646309811495121947607897801569370597311337428337353246244288508753730105107834005591887772075379575209894919019359078068692153886873467397663557762386054538190425177724001221230443055554580460370840290963780646204146
607 11928982408526358062322547033162969600584204479727468989989176388716050325841135652820859251058233242212954920592454635286293288621004478482823657892612971701505658655283110022755526136232772089675520404247595844791577980432906198883528895700164726785089961529027921348071929339089193056
608 35699288218920522032068105132905425187762735345914643887845599502049627084817598903201473429120323836689571993103225877293774765282206353949606330616654287098932375766215682172230966752242806439051350079940314584812090114424560325426371643976543874779271608256335229488325792799060912447
609 106835959474560666362424573153883762231188617929300187988705358649764032593434443891097250953666662911825156600250957183987580700314453870624586536335935311483298604890851529173248127255904574484057516380602586587274403213574235341061948067527731297828345564730962003617070164716533041455
610 319725360072263269399896299341097469011949419516876419462382777642812175414878972506516680600690400364094075072504508086679019649055027470303592378621863900057937046069384103935651941569274037666962674982528206230358990485834245887052932571607720362571775009134867341352797219730634543901
611 956838062195521217654131417459728717294471136615755819078216664433055182403148646381096928072484241323154475417858907768823049273313127057436913711932142666671705659625721502722563630297664345512772044469021656226896673954219254203203020139946909361796386896819437519690430476786239774282
612 2863528581158840178743143323997800220417659921593819564168440609769139456379826799913931200208346379001220695197032029975507406577206957936311315870167681919720353100651340696374499180321627629308655953755654239467770387602124616180567446984084201539170604183999513898142922209227546898944
613 8569713789265460544892907280789979602789563743999830855842965696123107325110824791966818445326284682303916829631419900754408699787595765081486216216095687763000507085877937967428830384003296311868716925237139628756404524468805533934153607163866686329161755510228514316686939671494557637114
614 25646778650433848832276398338276498560243769343238034227664340682616548331424754026535261608432594218853419232906835915166583593438836917582215695889968972268763748639691206202325819806315716452648226446296695023667720874226612764882468198807469561815633547608518454600703356437066478103724
615 76754002943595627761437711650939490698680601095555604831165106907139014298449729221882665926978526837120841005933947002324876154931271957833368368838004622683729191826537653213193895069850048604203453138938520487285860109853758831059866063940645203846195179434126327378994021804239552106816
616 229705262459908440920139282826596966111510353836608168041092845395568976415508506377116704736983089147193300969796655754828564317797736306889299282880163654928746353132147412277977693290767961608089979750076758927325540458034947706706873347832567435360873482108157885298940757273596625552615
617 687452268158766222499036951488911011978001680773370383829497594748809704853916653455702164505202662852209074141937949783708090759574365179399739906195989156259456369283074394754425366672203142085466454558358318831706056502047087521703742683719414088742865276123503194018731520859804182897491
618 2057386293118989817451403404835151953371285779212324636575057837761532653769009191712490788505264337079920027134142628961689905173351616905441666672422419958315502930458162780836040868089915714597153356389232459567337158217175671882256341657307797224132724334280162746160687361165113804027725
619 6157307146548508177263851786720427294304455120704598053588827737661513340393840456380256024637523163193092111753101649166646146644664673475405689066187656019032207979293420660690284162046066471825631630963971205602585149415017004699197354955540220334181857764788280952785209043127631858520070
620 18427544639351358266387295808813452763173410807418912960302324243354453678278686897179276200260206439789520799421312053621720436318724447044265739024776907127558339748127423783372697044321009771575403508284777438183465030531728467393860454980044360941477394476953090367145794883696920897230193
621 55150035716296703187392019988183360381144579521179852798594525499839200725497840008743861009945554089771278448112848924535511266645130880166133082004030537230505253596722226240963125713824102297416333854482610087194683041085563859980097691537861584188713979944632281988366531406762527276902021
622 165053900219742974271514968281001393720151447120010542819744745229694253515893977939266298796630488778820343303447661956417738631773488669044901413763647221400598983765918122109169326309835232434671325821428561243307977592313314035184546384086509126346887777332940225350522952665017848403050947
623 493977816328378986763003826169900019140570801325731251586983386682944991205080100270162616082949319040712547457126277696995601085629237201032644911401698885164756016780369766662190422044479902174845887014736618645672188278850737835341718920038446363402797720396891746363744556892181212858439352
624 1478395926217873693892383557578398579429280449781991204867084117725864291432069547167633729998350662196270528917795537479960777493674826421229212330061016244188066868723865728216102429814486811333662419175409120579776848639384866901971501690005791680740332242836970829790063883124918141470193417
625 4424617365291849075945299258742510062707345293978189516925800842512393423496004108007268885204472010012648998433792296456102413998578035391651495259214789114570984873056454552009213121810173341830878697311954529285627279070416667543483810565399739332783074281386852840071069146654380571945424713
626 13242266618451189821810593337810005143168831347819415268787412006408226221904416240013366549037879335764706710676130643929050264472686615799775880473066728293647085984536916154769586329070277058165065928372299693413717612007591447804467434069912550159842534783934789889080039647364344738090205371
627 39632418619599449532833751401588107777460356719341929874606305269334157576901898312996817794675477871025556951606608543298841485889725183632737229945016499102059840518728388398861006723279630581014242280846155674202155365670414609119402053333742403769412372709834199640584315843310313810945382190
628 118615231511349431238095237021406255726932566150995010333669559246174465930577987680259067409106931621530539014493822391486522588139141781062766525223910203645568787380232319533469814740500527142516784977241881748449448841184242606394778440984543546086385336939226373568292412746191853640946126154
629 355002961014693576296807769675373609264862064961449492822197850895941854188739156881084491505373444485332164118485370406215974820324501643030583304988981887064258715956720546090479451147604637746169185283641110243403852291729097261669786935776704528094222284510164845176861655958052208019387590140
630 1062490645780540052853412050436775600976020545599211849749536887302760890404652344953810750488480091846777902243288916547013048305970987067737712650787810203331429979268573183288116259853768822706180352752502532607177466142251736963711767565007677579711222882264137842315061380099496040737324871722
631 3179946950785632612877735773329019390858573501942865313306985603963948259624439283468153183697325140320315835294262766278031458505554814177214778796663544709861705014591825225152286225014683432271310027384710595468148938102806082932431872833442876865550382447036101111706311895160284041805708792248
632 9517354577938846408625058661362511618685972501784825651025124935766235868871972199944526072273638663285667355205871715627253612935820967877246131563374807817445496295677706307554048349937153285017807972077696603982082751231248466390034656143566801149239123588349766629936800943464887143264495657205
633 28484869505338169582114057734682492808414635490862624015194194737459212029394469563679935294309573786788683880346895699841379313686940471422498913830108440723823014735084348965501733720708447211198499046822709670227839117646753932650250550356101891859422294378416182640059062437171053457600871447689
634 85253815262880494853113563151384997394212204675552346597316193653651134845908787644081022198999671014672417232397105499959474401181039033531266616365392300756371511592888039169970724432464624321074615528326896405424516182947003828627191579237253805221967760264600099251878224610182930711087432080743
635 255161421361953418331384860639326081123557337165791611586068038631792030149463830928407738086851500382893136260598858018150919101835361864640675174283047522344578897544013375633244868171448965800619424337684084507441695228415785967741978019950206215277415236976277483669051578701442148088729937135994
636 763691218184670841823376845984879570139202822883437554011661069618830254456119653478147240411910430119951430220711453289898948680304061368937469733041879083689990277616936028619912924874355540104231910164413255025662657680960451287202131040369650557355577589311398683093347117240758035089422279162256
637 2285715483942138728161078062487809370260198543242465196708555554950803697389002989874309456149533449951233362175403370342748742148896354853587834134658368548337294309500486030557978284739223799185523966976888071894168089015023919115664990292659442795527681523429756336988023151174310597915126865842562
638 6841134498548823758774323474747122405189740088614249077419972404659175538817080904782516373275550179752927446551714621279235598784761869823261494927991640912823990681847369328497779953427039770979754454962270295038217279461583123721731211311422985136538529565861454925295929886704208117683664784370252
639 20475554290527819355183679813768413400739367019771906590463284183572749299660033531187900537209351359274939276636844121514906139977017772225441058868942066454799789742839482934975026880169121729316809327064970839731806130967262733674010103445270218762043046285191202826098188355286891746663715142389760
640 61283672178879460883054782649270581746223249653097835598503214140831037124954552521553429533240167175726200390489365136760006284869714371507190872900748337011868579084489995975311770819724352136948861072996309345163085394964149412809293332481957960983400911125413830779655189350510931469478113077044169
641 183423706165632567027646721801288120261894548610934574285477128689760561885759523395301562182775316632619739552159183583294208415716323061223527000448728698534932333059010214980083638951354511039915740561473989394186410584689455919249385427686591773665158919720890244303489133253512387493062541198695689
642 548994145511890291413483246108581319104006397000789724219508458481411698344268801960563460658912959826835791604994120385306477411547899932826912473390865305642497418795749029216079726102928689284148982890351635128237094166271878163576012553696414022174219399025017978937561435204028317252188199651027419
643 1643166311547651882918967834073491701562677572821816499444179185764556465082158925856427298551043288210734408974233034348961874176560576143615498983875276215441204962805902228185753702098101625878332766889552649218210735991663130203580366511472378297442422350556200481153564967440993269567638450610301430
644 4918094702003198931229410927314751786243866299218394383443488463169627807171410004124382429051785682259917380836032392344707608645515606966013046919257811949308307503518449395599565128910288192064294782517722579870249474117317748344669677827392947396356642250394979335693796227227612897634993888070013616
645 14720203121313668797666007053943016935728351900912652420023957144651768618234064295301772778718140160301476065961564003964234813902489150728343559416294024724376735389534367318711599294589943768262712861741790960793675704580787582070230620729728777435348311646764335813628366117820565328852468093047752182
646 44058759423089926654536675756749108699929059547320636293836139147734141571659001870003632378363186109543117430325923163822409256786139687142628749130111202237578216441913951706348110773159670802228491268717638033841237230870878996663825739271989208101667677264340994639542649988489485185520352519413733348
647 131871901151197463354838839592965119473131943923176133035138043940157245659796391370852339875479568130884686385597116106505066483697551955570510734926435948309413624178921509228862514410218631036158097489843977558121160182038431376559275649786705129666279327185780197880821424237512415759280223438522860416
648 394706071338228331586609962570641829562554570951232501219756615575927753705289558255911863772246623226094914760706177681873268332546293282817577119553714902930323160570482359209695528282379729153226686859385473724791066065203897312881744728314007829702229632597704996890734029698157618077028513007896064049
649 1181399759151364304973685534099439755634882749422212332364566368969693761790747546675634906165955691944936560482220519364845943349908587819137332146609697609865085305787695905973033069858503506634600415174018574903087352073540662367465745907778226937974424511224902380276302441534789592127829226030665303925
650 3536075069771197791859481750980365423605601263090289287787957073207506773609660805547435077689176404172511083937199387134892228814728067163536750599330932039957130303066278607675302081688725752729009474891950753625339774911101910613646377104417475375262857597186754132700702007768505893048476441184763956571
651 10583945557813501246715284669733891332900115263625600427053331758856281195418288073668907193345456341568366740043395040381649307230369538297609822417244298103850483142684801507304695856715303347646388340518658155570713230024382368613582152941269229265358220916062771193267682756527504190680482839729683692666
652 31679275146334835084702129609348447912753145547159332541785085441943258383794950757290506691469116921431501611247463702950995396914140377427417540571165011156580379332004470154606938940254619772550836439513843456218242246798350482058570716049448644409497344098936070899093673365670230891266888753596410477493
653 94820968708660070338273595077225498707686002393889513257163114529250269279085776775396479992556360311568007157168607899871823511426916179962495333750249808318606108997552336978644712807350875531635225014428089250433932399136780051715849108179306419024563212642487760375227711057985223665619539232955767680341
654 283814806285092220926003135353770358153569113056325870082321750216427207976390510381794608363500706961708268549693486717136508330563799575096537350537301732475534176753587198492058074880962183415665592548190844617392200093898827990615498337599218898415331460884831452421009494340335587997904665415734970295831
655 849507491045041850443305548694735423558370748036924758065724309613686203485274276826298150105114590976237147376309267695324930965301598288032075682750906507509845898474745792713188986345588755002619429450869546483669011786467104226646170055069446952617852488122045673833360368252440299441369291680756647285608
656 2542733687631865602697168041527477654897314710696963524460072277393125114543148638181069114508199294464607988954655762780143072633375373402500860180708096998671828579972148398881125917680055414953935392181547224279365473758257870735221486476276715379519927898849294838746825932017162285694748971622094997651155
657 7610900350931091150975435056512800878465402127413128524395349591971394764547060862812879576637094294408007579073373864343445504962784696366368916500024286598795988543268857381868758225069905393830628351584231608281039335666376755468947469154994520586624724254225764286569532675567733386060599451698386118292931
658 22780994809942213565919505314022160532686768246351397031455124819526012231263942705146807255341864762469397083649125169292710776943647703507124124071168306715319410766311125476868118645763863482625641250812800201030978665092586329589239888082750771691262458531400367476511027775125875460973356941768986591987641
659 68188450279797134639298418403317778260556379740671860735668342453482158718077065076261159219783097451085732509096340851402342737342857829501911640975861524114787890286552604368541921733370075107164768765324607269502333923660133597372172581739227828014294640321276364711022737420891582565809677591720714619008330
660 204103492886066091420852763220706759547647691442626290698594402021487683765672167246320853689358123024122681296870617475905478599586638467207384416918075682014033612324223481943424426475214674443274540845988856921826316271853506540224565762020229748369219375419140904202048574360577791169803827363413063070199662
661 610930110759535998996738691261416933280974412949046610579954622446252116850932481818870630133777392779525669486734037483206147834116244868809558860109854963000240293815957096184152807235430481884346773338001710184024801380982583513548334205711215316027406955142551105212833931777883223245874323540208388485755812
662 1828664764437335454525852376529690813930835992642044222328657541129719474724276179084595096056339722600764432586554028227778145308360836170962257172638753441143701207995981329452975280855464420421936424007896025821814410614790838249261170046209811236654741859697065638144883688756430770960450654209463851232037230
663 5473663952923966640186835060698323089619442744707017167130827276772118724583059115009306694663194632958924636575494646119683636951119142187593937790945587877697931123801031975179806031052129777294590354055709129240987811250625899415264175421249779531786418921622203547610191620203111725726166604339473241085447624
664 16384139198667002431801179209858927631633749566486938713655508839242908742801494610533249600702342952542698958095725718321632944608680046525148102317843021613661627948621359129372928746811686422756157480613312971730833697087885454523271234020549213077121103233211880153190503951733177928361565809146009231866960711
665 49042272528508897447018059535988356529083273012680836568514057799463236619932338551961524416445758869586492222707148270272053924512285703034252378264553123363491954935418390889294611959839579612822063199172794399404960177686204245169430706393847802527294021000987854778386001827195959523837557960981665548004567731
666 146797614654159079938121882292163080499929132574847541988308306530414441205391842182202239302074385571740873373981589914515746373027236443280932902799718959650389002769043854908029991447618177396301790798524669447725198131555299196192648633433843112264395857417858919318911287809806868102688040627531673283761280333
667 439408912709667979208740783026738507829821425069949985733197134903287289971749876842442509166861844549372167680582495910511177599417685812937082267436320943850878241363055064630477704138004548846152193809515556671697776526745613656568469579545652624551050757875818183723159390297806484040411967321795534546136915886
668 1315285919565301467196184878974713841913731808545301964982186568466015594143328760639512464151251553904481017006818542901710042141976385260480890588962622501785195228249384221563293881278743148345957161193319679772155018586172421190075992010198663546542917433722143739486811753490496266740927006601340563500372433040
669 3937068057452852262683781812113700450291542432321218608850712006127356074294358156844166031040457442155252277152963289704765927654685178696514571040727869653461482118483262738988270131564578439295437446759194037968987919024938876942264290403628922710365711250982323738961620713054879958313670887407565432541371121670
670 11784932821991071165455610388975782380993497420206159099634108072132258293980319475788802885193400568309147100758427220878436336731271277298736385985439613171992749127945211832851302164365494909097035610981112195564511136929774092351100002497305287104605423795427058800622206377466156577979726562404950635110144938436
671 35276276155202188708062498575621371837639217645322317859856640715872860811277418624835682243017602049195489010181128902093795088597627512640941060618048894304615694132263723473158538842600724885645550492843999876103100654223027496834246643694412141880103603875651611624471381751693568402713068560336432604716986577408
672 105594132225360085972108081705424309979137395919294951485246878314339603156512441176030964647574733872047805591122320434367041039676029636473207482662002974620922768879460952441965632590560276485363113718304561314571954845499347344605991478398502832090233074495103096710679516672215440280747606802060646157412783756531
673 316080906535017743113551919541445939037010258853690575361375252695195840948363573605927021083417129486358299341738691184121136154116383632929248185589002614598027269792948250663493109317366686515992736837126319339031158902747058807302744315824744249824084946384898847596172457590032154308052617820468060952252883334755
674 946146004699913274178412571324898368896455920987722426037178052881561396814252201884778193851565394230087925711549843322841493680891634922488602987391975808646202522486290238091683192294533090807925380488484490744646511550498227210951657797799965902991816102702213158281834574820626003083990423286928999860975176913593
675 2832171016074746231786165615984365878568245305069493515941130576698653409523025710608464319090512762663508940787889607725145460020152668567070864156232223267405644072200614407426708809304550195864205090660815747282986468218876106962159102258053323591703282976804960184092344879022798908540913775408312245290113771857314
676 8477781137007704193783629580610349456541515494216723080421503759893656966910270702079562186892110473674065811718772493890753298742014017874639343834656770077752375860203892855958739196889993406008809320195620031076377964323949041242448877415041330375586183054884780246564890933139929001445930929318478222070685725139368
677 25377353861387708837415598889706876258234118254908614765373943073418284949911839475651930737764470912918723027510737597556543966233568274247796200644172173387802123619734709674492463848766739847092287483296482312040746671327227314577102137039209010460247656007188190997147851701167275909303843460961774054871935004055370
678 75964708314677042510528450267804288818375307448298699560026985584016776019835459280020384004092505622281366264483837154206522065874416876883850255456032791908027736314083281929051222611697420541226287248601292058529709999134365122858877065295162285903672709710768711430842171341209512042066615028140143398121185300948500
679 227393901818640167320123385979972032623735169020027077321138323746858629523774745012080234624661981669381717665159285789985864325052872004035611580426237783893050539617449430862045133707264059979731914071303658359569909308902119640902593828901684265927298296636585840608512124135688206469499396306789718171529599298225120
680 680686517949882167536048829306012235112419520143985807162634255610476621984977001837425671424923886055562615564210032843636304478204389952708950173452257880876310720720173188690642915999729211095027551529783916764376515598390900209794268095306395840222247628430105610353589392522829259480739610908159756597447907201782155
681 2037590352959778848185498298036971140252533590571270148016471019750638388253250609749973493870641442955674580864799024422530605109410657741557103713690426520734326496181047666121806182828181523801136905864344332150491850086400921461759899278291648094323270413403790292468028924098891927266313478792575159448034892525956999
682 6099412290799801043854917387110978508899497759348962954825030960598825714875475170574074085762230891981717047188675858215104145388671815695080031172065577616754324840927903439556997829226453591364242521545297302048314500055576508361816237281512082824400432951384197413936616696775391245142203629119333238129121149604296409
683 18258306325962708213091733009163604093639508827581066848699849514616212222934775360436179388490745023972876601845605777324028687709824413069590462996741557674638970883821160579230705042893552793483344303529808537151361227204182463661680331484991937812319767138304912102642267193587322864548551419318323214887490260146342862
684 54655562388708274515855037181320113691179306412532373103484320160024007776012162695892750719177892557621269769447035949424376892241242579018402847652581641796788479200413876673836265255419060971381965880735575701009383367135822482480225617137818634251222059002031895679531179506482556200740086231534224402500050478291941277
685 163609915922687446810009893710922703255849496349790818985690132446098768453365450074793188967857559499184239636047251720866878307576976783611685190091881321099963628686724506142062693437177727305024905383793641311118258300674406802887035095963889148444221009394284657767299965272401600577954741385225341949074191718766236097
686 489763309860764500219819108347786107290480263961538002212419050751817620417340665179022897203002564378542937729020892267236516019948902585021424167052764053052510556707190638480116525879317779304895746515254466840208151661846638022047636461730237194192917510957900955043642540290647805563534397842015648384596539256164470727
687 1466102184467193933940742498279147059976188822374059101316139460666847297372498205301887956055853920037887356219001102258186724513664819568904317240187278253448156402521558859995673016490378622962612202490396410387151368951927097644669553194378028206293896850460041914651846915473200860676362326362388086001077002177805432056
688 4388777848437611726109136571904442606691925753313899916795934400416741834052055851950270221963859548687630959353587157000565413771168258612488353327911695168656559482825456708300546819149889072746073281061860566057675059203005965654322023101938877544241470635737919664899494767827311395533674087402514290584194068410977261349
689 13137850498663520634703745565383656651190547220514991096504743712890854946272682487559829376855183939173180590727230019682544770180621679291384572199511342059777775802616570026672801328242269310352001059845798505014489851151968108681508326191256755823395405260445437594066389818412444519315036291803387760291573755630085797605
690 39328410002232377249699837612560132817554462395469272460292044714069622058938660498346325942593310946161705396986259056422715842111029511237928635772093438566270086803130240385394816352331340250361903103839797258966476356145062979964436597536917200199905830017670853290026020825739851049656110743867091453517171638945262104335
691 117730723818634975836229417564163674998469129060479428373406699553144634192621046312089583250776316506589878114019372411522420245783876132080532632448112954339782303580678039827277988068324208433186666946877865683572187744121244315723288904107014031613866048967831467012187717341335453357595983680856535604748836353064259706262
692 352431393925339721555196407373892739884017224636934982537635776557387713259353159564976186519117857433846172833955845815454958129035114544183666276502392411156377369863092940488613554567882548224342311719333421850258783992841939625409311646362457764551838711029803988577162563971411876172734987612014887259271688662760477173130
693 1055020031015172958679974588386455055656747362061241559060917648869064211231744130336980793086579163636802555834622502720105547546290596249115004568827206735257927107788876996940044415347343357356516949885250005758979913605774870733582962126583895870474538566101948410351245490185246456041655107805501200656138026349558407860260
694 3158262063243253068941780308818965154590836544952010935725127422063652279663558928436020141829234870478563207495577939292696315173387989697073995601527325438461663278856746814030730067059088026657163447015942148942054178975860448636330173399777349317126122008206083302824784447881505220445993768564533579466533790449661934860954
695 9454465001101435868595461765382245483202087413021736209669625867562828476793587494876608482339487334647693676190536283846147403659286282619344154213433114322902714004106597992948327812240027924005513708375579116636617439827864877744089770627556367560602269824744220574416564992578128791149074023724448329038771749657486021944056
696 28302649046835233097115868624636690248812083983941931916788559764646508670956490602946045537017877642140317202194141425875086817176019551023826953544291030885020926840109130514739107307291704896274705561083489128296161644391149030486575958416250614232618831322453733314649208985816248285341328712640801750239032582858769764813233
697 84726358841623837805915667423218211828787938080103520596558346377155330009997038375642143808387113453024084725548825729887645180472319553653951511433842045924357986692516357268072258597118161503750576035052513471716229828513059452548065982021354392057276497944941618073513866624497485194503630336769338983951374893179418099296565
698 253636250629249635323328795928793263420336683638786892736042578183165285008116708828346706097951526634691590559828447987299443126985739958670345251486064413187181202062929514778979197887644285698950355341219519741241231844675279548750502200339593339392008542289749678344835836461115717714590305042901108464720013233911996267716987
699 759286062258672211830540598289996818417291924762141941423991096956750863210672244599712081202352692442843763455326101360095072283815800768577429271579028991273926567572601196940534416604654334874062300221047074897075798175449280487528569495808825300512241182266493793715068876443156504092609509121332287962497053888640371302122450
700 2273007395781065918245625995387141444774633709139608503679074259686876948621620112919561317056720621823343466624851958092656440956950891429498422616879921210750263897208186942924012236085133323244176525893931638662196426553070271563356257130434697690728216167691307271550739443778531425952358446495726829310990956205823588648731967
701 6804521390843221869838511233211731005161881296100577663600316333213133503420816932871409772013101062271945446967222893699749071869530262330984226200590008323199356986901122714054651989415104690587815254628854898288798947449631837245706804544083910002131459609359232620751937471309139759332616129183971961059683388470115964477344427
702 20370215745823810985742306031621914846879365994504278310145727215295843341679551003200376074650235340137328747024202495360509895582360117358949328223795260836599659384372242584590931754892724757947292045320397452345487655006204268709031290006712014509457615851811070189307152323336086835924372487909283464536051731044215866892076141
703 60981061560385757624104075864272874528911578736455367253689464514258416940747487839657345869176351625279134127444365483024084257517615651943927835872443583774059929512772944560376113744935696226199310106484077888590155707112919519062550783761639164234916826928609214389915424352711305716172359263654808498473894592662287998226554272
704 182555799646498129997063820090219989150810819323718679950561852504189198217450828854615223441118820768039415768078847934236982677101884867328468328930315085613340263103960710210196084401034511492871657349001296072286477176447476289199872510247153236445219226023282052999505671076226817454981038516857105252779103487570052984455962807
705 546509339517463855701161153072922785773415830453049291554898344917863692887040791274149581666996503851173412939705734898092394797468560488763421428410847157281903988508043706865794412957776988909012293731683627011442696839400602891205023860154355903562979657932655970937844116576410700342068380413535211909373151423598886180447642551
706 1636066066794528862011138752747745834448781282769464039743103601515168659004557650008112891162495369155000056593140391548296034472336716085675237661106331141065005818222281719656383490307612949193823193275246454048693117122926245790841250867338442465012815017413522509969604202860149464155080881716758253710704168306757588271681808805
707 4897848844170683899744086290330266461039298281571020056470404201079003576362939162751844222992125182005083808168302558836578818506942263105272117601832849439339166852003680006401481246441397362472612057152481302054860735024506773771845132681576460316212603690871925088112926975234415339588825603861728220876116247709643435617725590762
708 14662607423083289388258979766119421548185343219667479861191145393264518927681524956513299057873442261635596666492509223540991119871098615591990287218022318040439607209174879279349965459708881125717473426181952594912804234695293114409537444457472710438033887206319570653836153095445767327033818173135492276001924653872821938936458109432
709 43895330214857666906523211027331630975115360539081424493012636194355451195989822655397909749256923740043138504486462287125808993750515020722554759812023752182392983251400343033778153219850778533047669347174341076287496596425624549728010515808614589215534946371462079961316152079429209507611183416607399611842815656521057722133633387810
710 131409485522177999396253254929064771391455045377477157062497968251606297024391491854971469749388916891641342507921928476335625140096367815070984330642056271850269464491546857005804987781566306015973098262018066997795938700684919082866893609466785659809209896949051109840844721802273061132985667511198503490372500691405745916093297636724
711 393401840069212627713764179173219154916554221138845370171925205562740541285282360790999060030268582877593580169262559306205074862971894101840767411951868279216065017782674849218900011331541039875096221556398970569268314395163855668657919137112669671840778870826869104268229307935911912171096996988564523321960501969243449839990692880544
712 1177734324836405515709367948137238166047141807639949217845619150628547065151856609826252616691011510376819757574464102607348828488418613325424913510072954241698429465754194733787875291029658002226483616759049540007300900457488440460167296006396221275327705821234425063522425506137762779937120045300564710471130662253191073716178921412575
713 3525815224090712773803693238888260039623925537494162139029469398941130318536626145119223687525603921263024688952442754356840054621932227093704868287183700733127113730919329455168449161510350921769990565852604237390499891254932368509887009071784066541657579840099002615489383014174511105268405133404020979521697506320881387525493749353243
714 10555359550481563077259474431734843425731281386252322882944352417097251720577604385466381042672064859956643920612901340144482428201035099835011975666023623765046072189677593343277900952787771836787812627008354037723008538014391230402895861576512626723512865475912256117340094718335997675973064669745083692071541870310683542778839065422677
715 31600050548692328492948777308019890610446584703245538071147510069523961512543099757060225706305973483929260776652799765062363440932350864990364391455656862005998959640625621266913152718562174046813271609269969105753968547504573803372601852503783392466368660628091413537924845843621337804701018882735059655046193049265279569610659936886022
716 94602754769448821238844438532434950083602958045692117479248218575793387863394495616595712744424298633621165765116467983107930113185437067527467943943245085296768304034603885286398606563277998111345001888332741721965773321343934759444670538062973388618841822598671820298298898737008426590756331914420168002453884880791536577215093191829731
717 283218125967470101151044546682516615743211491604115314619706305734569989793235944585240033156230285807368575697722869431340366494464230331770793476776035276013065588106598385473511702503394436960848773583056184643126499023741316535047931300826803310530809356330695823942181818185865218437371491975666347229070970667378893928358568003068787
718 847890089916161830042995070823712999969811024172729040286988573278990229904912334508609528161128800113571871887926323399328390463414445602468404178574834879090033452377130604766639178059326936396959840775031717409032938930777421949079355237356133242738004828184506642126144676464529274303118327017291245398875727986760888616898043641579025
719 2538395697963661662786270443736852737766868285098107833985547518946197597091841859425230868042648437421939533589861522352045034220658560040794194727438055599760738247688009677754142108395396341808192997849324078928570604079668977205977851953436893143388352416277669241739425937088240584838612037945936023175991501546773621991112087853011640
720 7599417989910069967356474317014215923426657383798664792402183317671786838267069174612332346495532363382386523497685766668225851577614619485847522461164902178210416383715846476755966327655211462399516115345272353490912727895109760235612754094279373477023394078132598572776980860709491911417156395267896790601142130503347246374025236017733677
721 22751109701398165046158832338983962763181379973456468739950887361742426765713560180323595211947726676621414890341416739017971495536530566472346997935095046326219510411872020483264507288849619399880876194398965149782965038799723663130038685466047302582941150454952330414080540063026179646613214832576702071673989422887715238286613617495911869
722 68112383073192428546918081416429243720611986952512303907302644181239726763486598364085022929543976486561332215660265283893077365459765068986123677106606626145477769637822326887046959477587767782299638412028353297691617683285447195765281649101511759390592397202275984888506552349472427640670546240498464917772343745255693051448067978746746311
723 203915764421781544191560901289216802818729084176223941125738401663774160317472761126235632133205600517498948400107671283268209748263163940852697333199500342449883094763934074287335028201003346392468421051140687535771859303615693591360240982161484022476047400967102505974624843268891132158716250985929128173498835658733840155650591463915863382
724 610487477807509708699663768783344545398124400803693433588917887655665677619823770433064960234051251779233361064908565131068438234849572621598121758378964974310909349126814488243442937659248716918216803846398136097952418366117421463185842586666055659775578498194612329899652035678375536887283654201706929599738159759475908341625466381312854746
725 1827695941393206326757236002587152395537385803962849318522317291786795111916276094344209023303937978092863807624272523926353301341084331845664131702803002374375159799773304778221384349599759631383206445017862389672613014123278317534286885998938033400935634723944999514767257354529335346036641905371823301763490230090640816403603651495642865172
726 5471827024891298675727768395922131872833269571726886998185636275546250868703824267901103434355851523702231635265828376922454014058585441616362936590432237595177493750078678471645140631292681878356715553848621908614823377531307562515429344150067535184833021134452543324795792509798648632596080719408908656324640296583127768163183969668930971594
727 16381814151946720614432988519498678815634518644428045973838958026393612437010884540275413418562804779090301331491595490825135268074327024626881734721559150307959900488110377154344373127743451244295536866391112608866384559674171414255864321147487982818412560900901112454869803364635748722763889418538796632766486463200637468695503171974462993240
728 49044786457523674727932263734429210625077156692431013488605870906543945142835029482987044299624300755558665774062297897360500344793323709811542832298003119659436460223636193896446104985308386291993692144339147579476479801458883911388694238604711318180441649873789585799420633883545622582801331476277210854810554374659657006292213186090004064073
729 146833420751046928805517674030555642995061738291431137785593628186163894184973886880653332198788467153403886889757801794547710874126786725564309506998328208049187768945831734317142368977150022437828278551020042454264634302499345314663914829147712771915938724610696811778717453048898868417351553047921877918510350900666239511712760567373270387485
730 439600519791076232292648230254208881836395674999686069541993048262764867805449681973786863925976016944450672794876530333861902195594973009247747937713100129361396069332692942046867142081415977484231268269244467829402159537269603271429638185763533736097375468985113837040759077033506472868604981308306599343325464258694115273144151220324339983459
731 1316111508311439812522583542918716809641539817701366608774391807283278372444580197085861722615893829995323879175135242251265525368634688932920279631110160583729197468407422950895756478693131793358162323863748959014787936555085457815666931636658484754387937996338454883764872961926405518565134463343079000785983206600436127391541164101527694273682
732 3940291769877317862254830281124339573125076429039092023111414704154448705865438188613641542843121461208574151773129691045040025341995769862566157968437181386759263533279266830358612130388452350147476116931148263528366081614713108458172451479237553544109232112833151555019843362671364917770704603546747024578035405893320524176180891718648440839846
733 11796828848707012293383445034691054611787958570110489622413489934508672726167103917673494784875392910804157330458208467960485372902120222461613698149281441362488832734652543819942355917023504293856087996198796886068299579082828200612116146942291233907060993320092773010231735766717865412906782272078053313338440492764440580863455196708651304345316
734 35318591412800325142230926771899451624468713650435688526052185505923310513027727923534661554593400817420293913795506179706407529955101323947238017029432556025436509808012312489191049650211280620516950890816018275376860555802819132199532977703116239519317254588590932974391570601434913009865418275634187676301796069507112890701349941683638844122694
735 105740818118188813724158691110924355212707850831111086923484223602553665228263592507248712229869030752117826532691377172823102896192790321093544126331023765627572301922166731338294942252279837564549497788541824902703506291391629349076623481694348395697973030168455026224738522409537518762123687854166824723107307953029040711063237128709581526862496
736 316579763490589054387928957387656036048666691375458062230165301185724524700026833071154624075404853447127021303556938279153555979628000334820815799961855795956157995697302077581498989650919926890707188154895093177771553324372816901413816773551698078544200488315147409361516501517720490635538041758283947178764413215233801816967403815462812050703505
737 947817719530371036518939020113954382282465456808090519564693999561599844501458957300287748751118690508338458970698703359091919537058722087240481797669413811775128949960871844200841141079258370928199908965557783987763710977665506686549207781202580465817291399504864482681845715327181885397418070797344085583017274130842099404026062358268057213260513
738 2837707858761016853384792622767795687803331634772266033444318163771567721153732341783108637536110210481079782580557034444750544761792294614003622238918662829053309912573031348244214326445569042167058387334852086596811535635766326274534378626999858335562722386654515297429259691613815158382779397621578229616178236555095510311749550271660435399606995
739 8495945641572466020960212510476106787529163397743002131359375333886834453479976321757214662182963273545977132423111066546657269163243854033507357591268631270650064596244415821352783212096069584926710841985541559783111876922585260847569545403420902031039851581539144489620230206018270066087550742930470503172252103469381797626081517546242284804831190
740 25436476197289951271407824703402362030453350862945094706287750469161850432441185695996835648860245765466217619681455160497720237938353170253762667891935214029824985119492272064481137305677004557541413113200002459710240079808920818878375591366101787546965481437702779481999465631011654199457787968826059115896296758948273507972743241075596310759331808
741 76155863201604666005769996458156386904861402147243196220638004155350287412507625114604097739100839063042052595907624045485552043247837394858655939220038508510207203765859379954233249482798549643025839792245119942462520937698345130959025444965569205444655626289725591209154508197418837247133809300459193509414408106373467573562528792554209099482294086
742 228008436539881167523079452090624911421629321452603906010926083459414444401849573291509795951918859410438421166659720150196142708108129455592079465502085283413977722976695589119251517822421961614218690947658252474046608639322978026928959840936309260848751421718291765663124090640358542872929176974212103964482035741608517422632604430980404529204336948
743 682652458063189203782798506621405826376299529246054530399744984158811757352395913294386881405298243199168458488877369454427558390761234491149548408104609901102233117142525806855232906091764124779802366578947974584063769103978490450283273971256848673382671947772805562360638506792094071755015772732707432267577158629110993329798380371955672823586018880
744 2043852577788576440795510435133293105302318254544590271488472949906453087691597239520248664954730568678615649078404394977436270311181335623550248768033838709258657050038274910580211441231035045364979184248919487209140804725111665210512257188866407797543940001612361720302617231876152046532635600173538131507106968906743933315484947046010837644702353513
745 6119284426192491254442952660812761671692679078175650473523870278471945481230804420091661739217063856399381265261668295255850084954699401452612615529753478811350172185590513447699673905848496733596170006546221324150900506596401079410533619426427245507398640295507014212238108343580380805829951587965764681376146089877353483666440520424642837749637360893
746 18321156028289026897979887822274014898353558849385009280921382002806133649698487722738629234650140332584098588400601186082480237216949914959748889667562757542724161351021049526505050390081475788389008638215711052937387836083398473973752941905420950622247726919046023448609056929434559443650878770316096355772054746006985430193470208770551783270629224611
747 54853742633450165568223977381614426117083926323968402184539870997327607988961755378586919640477242720891409283313011962051324785537083131014669635501473639886051024242499273845579885534458500034781824151051563318998813387032670947099523118166706664036326865596278019256431111487239328226846023296211940386482584945859250830821587906642695823527508291930
748 164233145332467712721210680904040140235449193454920209530483102158289117017272000590196428296697391638262796306631173093711479028953730326434212959258393198835516277546839510551842474497643566397138412722551704943406898345571527407787154506334340977584216490865105339697942075036738560231228745068521387902677263094964208428165110869265158245425879731543
749 491718454408529511894127773569875193456476925177517213141979779773545470712772856799197930980344508804402488731133847377366710481919285495358640634815423832408771568027891070789378351543839290429745128006718876841053024700398158073972357288489900794211062200005142064178181805792863248750073826650019277349180564803282008899270220421730971527077070857875
750 1472222171343109159522012652268645731569282004182757755861685100319536350456922835416356280994166618686561065290651721244639749329394173439141932874229326268497279865094532613230236965015507329411175536174780999462729095915306567741252764156165930743466044455048939741640664159897067051295580681067359120157989242428811161386644180920073523974523102132149
751 4407896061466221283911659305418761666873567905745870885165208107331763414821856381301747381996618334006956013088074884274426673724728689690051451040321730881096352134249346733063681178116938343212725084868755646406014746368227566245958521190445018977859104123642003856243858409311098207291471943600183690207161769652943362380355168086595249594756734473416
752 13197463791677706456976471791164401749842169695015554073862031836908615172580031167223801617498985108480277372666958072473913670526005398572296870028013014677183904173704643736521497774435040084444895311373668763717026140500401083600351954375151163536010410567137969779399108018582020784503187560302936719924305030462207067348983432607763262681917614539831
753 39513977886127642849379560516316558326567503429731937321594629692403605485635448185089371160815465265831807864001470603335763859427985652050342605620421450478198955539391960257560556084110614358497590455666769033427826015010220162931893401814377620425748716375918042873908083414715206236024234569256071534147745303767484070141274973820042885168846645999671
754 118307468663957485259050128119659071187856142048039053209696181696971293355270134471013627771489660440187002775184163506837990865455933266244139284952278786504733248288828224563620495961093308294497295153554564902155419580257634009179881238293350294046199722423564763221487820778291743521183482694524352274549255368968850654152557611454557435507481792542597
755 354221326702944743267274623461268995565056346481326247865350386663479605185011527396568349152541648762789409013563733299506055026578447046031960853574270094533544872483027056642302196139981519178002446620772462978021535890633354242334456898574941694896708577782969179502495988892296338120712351711657971968873710940306797028049698374408347387639972466647058
756 1060567657347894675928375080157409916133187827169852602885802630437402862808199600811834076965229453581445537891425997734215746210364706504791766471243469999870107569480388892233009586079171545255324584204206462794772410561858086089358609532562029287257620783432635536640043668237831009771599186602017321102633490909913413941828681908853672423166840366060182
757 3175434653713776025410215744060835983089647709733637685708368456669190339661957654353606434359833451762346878401899623625965837515807866068347167425865607586941301700882892272257571065356018653368248052218106830047611435572047565085883442998274733612421879995902051638401693621312514796635335408346665164821840038355445579110286202822494807582895975658208996
758 9507560671605164771268092523939444258215834923480870906025968137378067135338577332650870674990724939437686470554348505834191327464665703679794026664143465513161037437152255099057662645668509742847099957869268965838523043885446262565852192751605819903573587058609610667579199323170784530773572714366036599040131020551919138175348970406361647422927189088486518
759 28466636294381739711470999441192708675765818811734420195576755491064357897208669083213070022552709359138420340818971011870309813101516265649757895617797839876825053063996366087153143185957202915495552270927126656385900178911862376420335129661382273746868545925504483414049320379066593174105046644101654426632757133343720438314590916238669853289930502747831880
760 85232321636790453227724346827255311168510164920242865978164754650406449299259089714430749666078060128976728492008213118582104871816424678936351904931001298486730710617224295710563729187102122117088188277377239306689690989596018368844479037377147607848069550112769058817148381727843997837034379717218895835027704496088365495878190811992416199165735559010592715
761 255195845372030888382810295233284661943484305614605411808474699654759321440917089722998698069996891600603134397228455333736091917956381204006641510920425652275325068554987873040310214666372379082922970004582212005528874748825029112558303261635440408953346348566874744260272469575224318594534712975433665146414150116311207335328708242802107158175910728243813367
762 764089081603787495517594146503527197992660462697344748795885934823986582570926161566169280101695398057190853919907848672002179617011708774172590814898679561713304241466113382542208078941067444608562092553567340197397959615343467516511694344996877074450898180575849542554433561180511159777432060243997400920211288787973381937694799080649258500845746279810924633
763 2287786526480047905140375722788077668379008708136377433693288947145938632838385608222724872751480848186350452517936654096670694890382227054128877199725195475024385673246137300128289921051268973707364051579659588575819277207728800014152217838214397299387984291279726917508297528406380301960585749945375953196654192795737329119935634730584299872759425051540653254
764 6849961159934313348927015803544926825621202290208158867199116312570237698393904602458054858243919609399019934643398236448017816066949937945946993265473644040749003424262428727386718547764195866185650714120393176578178206114695855274440021690123527914504068125631990159811994217965197874813471559533531340319848776821978707593714546024322135412336637324139768717
765 20509818830875299262348937289145374234626176294795148296092259832745181880152467352478039364219509621649406046093538835941813315845059933409210987206192171593889488130808278760540810822107834772369358216018474765456006667550656182750312084734027813019898248729759315685833455778138682980893485865548062885001719802385132224346506098493283281184710970581511324321
766 61409652594448581181029982214031108005143629523648956652175950790690464446433585728933134133367079729003446698081912001670257312972536997092847848265957650041596804741878886625824861620855610890369165595157219654398441518817180395777348526322993934811427443542148183750927842634380955785138475488670509782691245305853506566368039638944346557680651990547584121367
767 183870710925293616631296043331764394574606360114631532965101780739310286092473113463015143692154987874435019998454546196286204120497555798550181442847384698114222090593894909836219176185062352911912137191934879985476121730377935562972926562079189929705296807562105944255820650720753930140653288709252693265617615612805536102956108518473827599514667461438068332416
768 550540870875951932566908468577963682528498784072279187921266071919988426524907252391521427173826083846809199302966704196115807530698474133984932222828556011705255283451746152727180380818201810302075856410532241620513579858229273811391141113742808670304400340651827376259228717182870443669764865756856468262651499236184026886767588435583953194170157329292749760765
769 1648419215721532495913922854692200047534433075768625817127153651683196144206143817586679582436749420410196567158464014715783142501747942335603365606281818612724692004695918005315032218153683668074922071887477088975302648533922467300275645321481269758425299703645722945458338565424929827231956638433512986080447790595303752892226191876786647711645677219327604488445
770 4935678481961722624555313462658443171531867732655362538512070555951689536676392960510872348561163548829251365415525555117621022847882872345961365887764473473087930349748158257400717395657923900206189286959543338177573816019377657890095891156989337581559367592774803530443757150904396800368101478519925813709646743007924514205515703222496210327781094480925831093495
771 14778390606684505992361588435651048629751248665964676028244088821192073650694251724329435702082539976225568856500205012329230486148420578088447196178755432075046510485512436338681803331788162297679558403718188210472559712631555700621082834214675433290701547658820807773493829904895018150208864030417024592154382319598478903921062085230402884819461190195637391580526
772 44249514018560020706975359527335002927487980118374177195108575445351239832991577650740598530345205595563211792067095048020920982474870303444570037723000933926895475955784543504758137737275801484678696656133901619717011358784438006208001971991065995816612048386116755704793437507408266332317484335668832085667027615277132596987634354926602060326428932214845107191344
773 132492395061940477104291906459065411984718730762717040461412818423071721961240577355771897672367132455297683822179362651994086928038452434333809474113478908118981050205161199266931485802443375549602273353695331382248013476096760783690939499418098309509631188642576933743163608687527686804178521517935923707597708508141369644578910961152752457782634116358330664253742
774 396711212288895344277920572691645919038235798022948926771898029147277871159602569627053332577585502346630159118606460090188917275609084517287043144659135288887332773076614266044951983796650564738170914167435156528015012834959090633639439805324036086678100594311298753564418997544395224744805763633016750287338963203919923453180742683945542726142894162969108650140276
775 1187843089178094127708021568694660117473254486466345568964752056100222265232183154904625759017839648263427539939979249049313712591141994597166191203001885027876068045769888331488042868870026243333975883642796468677267594430030396374719404667798803278226067855699633826879542080236624752775019570760295417518753098929732128535740525860769152756455458057277127071104128
776 3556679638298203534332017802485647200573494394535197499344163993380717204512095030153819202517645534054121095727641479890292621068014132344879832049026115812138888259742686365015303894514357491606837298726219934380678047510988146203311417575563919754155864382602582395155072861521127555885694069892904143809435473918580820160730360069737562701332789589620026228733381
777 10649555772858369817251994021764957345622896544920806466280689700859573732017405987296482206812462605829436830981246832142073919011393990342224422326498156533887921975942107196264171167638915268035622605942376637574623841640616272372770378561102825911051214968692955862215460105838174698618912196926327829634316803612374482461341465787571546211241641465983671089407385
778 31887414247135428500356129941513193387110447866296688575185045347544249905263379291174374910282805954868128491553155446067868318144210185695855818376438824525985733470064141445610912805431669894450013775195936840850191814935320830768746836761719178019022091258510321194803041444040557020473682994490738535762622929999763154141758715354921022520632991054648982567951415
779 95479069959259034716446547079059842171366329608349216994801642644271334492096711793374550925347695755914897460751768745111238941130501145383670222361354675142202887763475993988312360163476658679417068419538216732316859836314992810274698027720110717168488109356466069854023337266014683324262936024858841306238947605761801631119060406017517834828176747788654119727172290
780 285889442977641389418189578545857221285964842597907778113387996067570920493803912490352746536111570262775187432111983363373882743485243364795733146524806621834661922827412770386948310075018055981451675548496569968250649443112803198423076653869334498991908035373258070692062090282023102417447462102186961551080090192071702166902903718936307937685989450812255781884084225
781 856030259155745460668649441888570004988992061377434986251539453294270793999279760694513618400442891668804629945219633232550207227564398050416667596740597990518463392921365124483372701553385344716767052024818268093980189846678410093203476421408776693093590024798123026866200719277890046381183057344570983402393304518786193751294753535484726153628964953423847901480452753
782 2563192191060300254346766547757659125979368252856872780244208999749194711491685685209606265346646239219598519665822134584325863661937271281165819734113767759987452856247887399463266643754555834914949265024083387275983155277217477717522792270473026566098437920327634992332874641725281645551888292316572731265116330745246673254880700374238793610911582423425125090199706683
783 7674927474396163769111561686316380322219665630466819678537238418641148582065288574074533682626846843360756235227369311560036237032968084719431976359931651753828863814244198191266992437063047273416040416779998921280866074379557883565114517402907702316656071299230442191077035120434905294300898509520433680729205167877929963830622765822880012627877630162584388954962447624
784 22980974486696827720989942875078185674386843041676567061213740517245043722360625046884724609462633623076911573118501884885971034545057913781354840557548887394548930422386568974321726224713752577876769815969922357071841939712299773459716022835435625784918107527760470569964764988753272374358929650295674625672521688771072747424223378872654794837678464087628297780327278719
785 68811915876494121375216031936298671244848068421924047790191739125213271539762653658967533079445826525713668662326777490185142802037384300345311902126186438763875032143969871648082936938694799817569970930157645096015619636659087356892548219795184587065583957164345787468901943670819162130350535568007451013129562209495802995662798096574104437749096315696483962002382219759
786 206043968026864217240845902207130243223614179208787528512765435547871616118981131453744116332354064192636521230455384203612813371933265401091275896911570140586331688494663640581073289792159176785176247924444340922495293201666701493416680226952911758639895621421589542156976457488285944857766973265246350052642342376724139941078759445404465185297903970893391899620874158909
787 616960278223182311536377067414399122307837328013948920473258955003147212537665864928997813458387220042649822198332174196397092333866273226371880784613728086746883009836875094797557973495048466389296637705850663208215058289495218169581943942319874550436171970479728065037641621580936203868520697412322544141772720846647594121485260805290048659704284788861611921439043129202
788 1847377046747456277406733886592894000415973758525066112543609823637186974186137922103900659105838652785474253147161384957303669610876198426104237244898186266185041287048108912705724797954939390456695032846146381262572772917642841469098893903545994743660967239741010171819801880902448636647428051901743864624150531427573500824002609745827693760341524785160354035014407622438
789 5531652898660140480998109450540560110658760541674611386971879022808326382509348967814434229701337005063126292738266518815445549660855079164504212736089282850181569186168718678959144729269774132968958593453683454258509187839781675060963583919892649307936901136646181687473387101577798454862123745886865436090601221569634760452161113052429015911345038503256299713762498321460
790 16563622899980940508352688770209824570356012681238522082124044673858431288039658222310153226140931642569514706785842664719932821563482372293046382562295836872002859660681691699449623851626951689899965570793670083947674712441554735891495548129478535126762812653977063443442903189158531178624298305480217400562364130305452091620885090244441499368826889861356025661849463940390
791 49597156792202086080323195919689167124797294947410368174334051706729479444079438270677693660739295531105572543815067181264501558772791866119541118147892064911575147807232958533323444988716763273678201733828551051934400089420329551341378941895959907527628037164974656661312371076126001854929924961183183294954784333509634204711234143037516995767119799164286923169393408268904
792 148511217198344126296022232454815498523443956235161358129849582621929378708856915737331097020121065655540170045768037336170705509462008690585649265676067609242679628286983711016460703899179290455829305318796680521021112994542239200777236485361702688802977987616748655117556157693343950257859573737935836898512259004272940166994519973713313815505159054787079215531099536434435
793 444695528073644954991618568224998901081537318606855100036750244790070013823078452243728782791701065268008292293867444569427881682265857155249832034959418568193045220885462530792189550813056271671407786145387698165182304535504090304613533026060739402164550624441596562486717548861206300539529221295482732378314361109952983450953758153454092184304169067188404102692061826202335
794 1331580087029036289751280167206284439747570524605358407484230443057924331927468099863711005135954171827796527023489521267828122451308796757017089256794944303190126240825064926918379801463635459059077210478755058399378357275096078063938030811159901850567493504548161983690269110557806832675394565271502079745207326628650000854314883754374088362169840696244327713778160845574113
795 3987244286209880006728732416927892348629950480642711477304464904989743457951189046340332779810087296169205527596220054142328247910836076714072562056665544839630257990637889540161364406021497387896934293139936671968861830679090033841184074585679128085628267633765624239404986723284509125135117073057751906471367539354554360729636216468196537675945962009644365282433876827379302
796 11939315175582737947102281783445368473509782718621275729661200008982927769628969001343806553481804328474536362546022265430646872062990942783790717436572665199649719719930398905534953444125410644649217647578991593999397748878632974867757035313035373379319494076265492216103688000440765572442360812311486287383313891880405825035862367814968818565998937686036123395063993402043328
797 35750902282027167369040539174205708294525082372696316845220328068171713495418818839917393415796464378272603380028274955024766433051292009281295016667853551160557531285671055271636276596165728480174582988434151270206205871763915643570651293688965051096235469200033569129909525548458348621834406826967651221654953883511584047237762344914116917080019425401916529671754646754582702
798 107052203779657850517032120667268840135147552808633608711805476447675997144940730955008692216442438540987006719454044675691614541959770335521289791884397993497085363512749786709602045595881350985860537714569804170344108603757807263297559836045635010588202702018383738307005873042521695724063986924777233757802073078788481726906502392785167514709024054045471619516088209484312292
799 320556973952498330087402026616544024786085788423543724831124452479842478911302913222163954327951619747398604494439594440717946027430351767127151918428254682887469946992477742892420045604970460465520150543611987608444219024109488187219591991781892698760743478494161539862049195933946753196356403464137827150718632845160597936398956404416572617679257727351278382907482382983225600
800 959877600702649199566475455771890540630000258259503517882327640361454476618444862677094051252863506625796753862177204703381101754543091500392866823128421953187744056537768329100800665843347629484332604748024175945784833367818180278756309870859969989543452599958159774900166611304280885581032790505092524152272596646960032055629714055990124233033085667902595778050690747708780095
801 2874269538765294271769580852399870606828786812135140904630396776568939634867541123077234108727061303263307378994027764533397628556238477241861883892813453705774033132000474301332295642078439520647573445138704785486433921298139126842656866869620980483566272656199754112182544670762086796332702878108640485665536416017306570473397282131754178965280815762683367313901855606078447663
802 8606768709178326981428558056230685455810693096452804293401174671715135559941371586978771140590115932814519167515683775384071537485038406767397077790534763076199873308127278175609662220948612966799207360942567018260473322470996904809735155932651353762996528835481049316662274753725891332014488729569054787304066198160726049894747009616030218229380953424253544292618800919388216221
803 25772335406183799134757086621373064757100405555670877493258769652158741571428433728149685558707081593389310729883130108130070625440141371474330754521932880552512116956215632323455905223873479943539417714169359095270319232938056683033001990699577042706623073102080122250854236551464018026660152371274825197094207416675968637242803518449080221688437030423134599633276652289062124778
804 77173539119146965041232537199247633456632119114449577323539213786163142997775024903472675665723481604821704985901386101194613384852307477444657006918241394948928543302533487881276884015925209480589190991800036134952204254040111809809775379601956167806378679826172254581577973332934608722839080823570117298944163648198129155094089226002099306987843331919373494636298654492909732072
805 231091545479389555689009260776758242486437117465981595128539146589866909540389700948127096065705225788374194070236111085448628015362880296696888056890495234403446373106550219992473452812495304212386947030020355080996182193439140627321337674693192082983192302377757217131541514480359460675521402705646177793764264024933857603542184683337067107785126390141884562080810902769299099794
806 691991391839329068381141954629647993177989237879673404343095291987263844793392070947818073176496473611689102266991518692400061718244083640931762502936940844460215994225395789665029424987054602474412622271646304350644838573748405267357441550217456236661424120231261784300768356446103372976154499427277470788135330682485797845868762088986632040877595057295730970405115761124422149188
807 2072136303438495397178940669372875422823118413789256545296801133910402546495574853405351630863094435353288508817715005746716047782678576769110876883387170557330805588306947141286898842963465005072658979848543966429030539762371408802176085685039307259693982458406233286175470212129867331503363305887867087571301413061232965970385074930706381584717156080501358506142749654285148723168
808 6204930725915316184245860012506087835341758479333838272571721021122911966522298743966412259022256606324702726512422024843891174539748515611527220868425178259104950333997291881151904793380106556791969439891629156319667373036933459289997144251918048703348443415050802832568906990181944269634499688535467014611525581767712889435767983572583380258313190273058920672068977484736767051831
809 18580463462666624474551852466517777396885539064774072671030272690328876546056585447661102831131998419226456375261026613555030853599602157457057299433031653871691474631075010056776605046201634835320443677433240874980679653588192415444268990442094103007647993237601048199393952063495191971773061928563783574472492459966393510335910052604629829391495804378806235629166782131359975874915
810 55638720392526501544394611531315476888594420387969245873702304254892788303699318362206444650724843141754424557172744745036326751818114676389160496151693762025876508825939360938521658105584399325934535645492361955701840027407343282649853670339513758328496493834247997194574058630830465167474753304002814213558338495335003434556186007715241142233793405381694306090902534652495102477373
811 166609095569249584218915421302207267720193688222730127620898100610855342348860312668581373938717605432322548867685308336611315097277407940449236869127502246345029228342015465760678646665367122136071320009947500441149670652604879846209302659045894728020048747211430106487837134445138094635200833063807763390987022731441763326470798734261079998724377292494561483002028639758552145296326
812 498908910870741922986964376196991912770988384778604594498077306372833547059952593875025587364991397346291813863092824433850027808603947176477012139246814578725667310351045249006319955176506130977804424302435405534531516936394254773312039070981081348098042829927300412147293443842671188649812568383034995761687031639371213126672166221149924538518800893468803416192405378023133995755417
813 1493980031826901587518219900671795153156890375770989974547111664897036876150738873822364146004477464434588587288880989792688981464745917886713469733550914058799444169788752754489807770194375280473881121556828348410601264140497972586949794921931153075361092684269331796106474686616558965087575586628701292732515218614206900578894283016304599218960903236131485528173424012548935371597437
814 4473725165184850441417541265483970910675792966585888772015815503598043159052824591680098657479542849615460725787859195241224866475212684393411785524803925730323297077179624325115404759673867547525680298505081352575007316082936813186060858348531033727772715122518919744332511419596467556998796469043157731256170036814978470816601929574604747661017997426736918250090973885698747282925787
815 13396605898277753484034224462933454288302161361958663807598858440635923604264072435249891246740156487644107406585071841422037243645064808353032648638693042094681063184474477835809172269142979070586015864478504137866876309264942728942436863120193597292737276740068361883893746203008682217186321482533078916350056577241896064849295756287482102467172969994987841814110687465463325882160088
816 40116333521434534247440880676249974796641472953067934360239568942720898280957258290289174848273661984889221293828666063847925383224456476960355560327742737458636373331566189390400413434187792331010234395598723856979393599103548526103427525516530268399882822213263424812069828097963706824534599643225353449360351294865139023702640452306847545820230323452053019403581755553394252549319785
817 120129219028018333012233341680219459589439548711184984898900863789623361453256883802152949079935357401193157185743429614022327188038613211954464866694228063289939787030619452522837292884263173753986807698737104768986243183308696102663739981451210893262583995356425670367393596755161292593618531165905065728418662021890738258479360138440480866212672352889035177533695193934114404283425513
818 359730316859915647003211547288193641024608442459344609512368212021040852035035159727905167415505101996021671583350456653453567810015848638022076124805118810582190214293299030149954544492136519000061542149906151824794520948979327571881932068241042000206869083789504268264982206284944138208967543296703194162520479090917650722185548075923455943610440478762586870410936506086035370496142555
819 1077224917500892902279145692415615880506205221245296815942217474369001646155505982171028272938964681936401982716665047857277172314490809594945684911338387984826322713262653647687356987265015317238972944270548679932687848875690283416270935113251257242275995672776138182062266120093750412358955144397827923981534336962660788731362995766639101762145593206425782446065573631056429535564988110
820 3225794539783631562558537614747476138252164380255275492781574948080725779548276693944629855663312974566871259949217405183724222012950221103656591108487733579322471399312896064052622687546959209142296080080291648881673786788017689070849084983990377229179727390373300717821111474873723003502745336107721469997727201626880457003122002131525542685741611526996391682796275749764134077660226354
821 9659796413204136153293847766006498877841110482261117584594556729204024890017016199320418545787889005458930341521624487057990502271726054270470026003606791488977430329886668625560951102193261837488960616428653235831035347376144898243711179148941142945753847300326774086166203029707057150862845398454961819105931485338009642765173359063494795761097290395637453057326019336032497823908195092
822 28926787238293997453184485084099673304036399772439376192601301342819879589441706807073277758536742602825276718341387996965285224753097639670622498115843871930963279414137581033338538632722637029157945070411026776491648380812880847240464150121113509232832832255679467188361999005782715248138336352114012884676049371009548773700858541313681799661422122716961054542469427748125268216754856898
823 86623032536641976526339607880554868824768082977890940864536841117833461457503813895387332293042627955038812768239234293985277447858414153997559761927780264658841892842630653640483964651076044607468873174114679641008708972337942501068074489212304454680682043747678527831191824911463108420132421147881483424298342365634243976609841435497494630304662253486443370129835003897884194798965757272
824 259398534508412185437975558552043241831333867311019164036125052507093760918573419653605810137021408376807725131157194977942813814949487572625717800796798485649709475445010685352400233103057064361402605709701777333684042320131897107111707139855972485350758223669418965787971392970178657251918989010748960010175265135620952564932251851588459309455760211838226519257658975023844737196960922341
825 776788169486874785452432020404699409331575250966459873684588577813756628323468012599095056631279325929879116872287205751365142656808057051082309637333609250714233940559256901436579915353603334016036404173987336959517523069471503766965461320805018845386562583651713135385035645565625625338434149189154394118064753757442460804092498993053637219779102807616969713451226001916457707231530773881
826 2326154918336940047577405787569152453113262572789032018419741539248700046165150437820305035056508851666295590644385251634054780310236894519192377562725918047123129039967122144315049000182677498695917783681044014854557102139112722925525312755074001021600448229876912798142131797179093587981756334635108842072374216791134627752430482470867205934519114311138808307972448515593778804325922942647
827 6965873960066282358600900493737164813987518460834658734815069796083985102506407145415082468890957321520918982593681191911032134826616657826872853616169891122315842247905038974781611172867946299840151346396561510439050267473622304294451258910430216621803909947650370139192870921967607303490152972094375419509339010481535442381032446578452193501072065408714537851211795689292155849496745772090
828 20859962942605568812568036167016364006220286326570005453246706824598194391574532359809457660579414696105293794369657512545083649734444624463863872024900271891561232855981546987377799677612243611929878155103600604374380913608777888960175068762189294873851156468486166712098681639171951661163184539018372908716308135503662542655689491784512064665647711149523983748112079025248156292794446340401
829 62467250927400252317358648900975535532297332183206770078360110249219588857257472215677170744361437933651150240735440506250317229517400828428972355725482925799693069766565107044520011481589949623720976679940728369319379759909390699842957013458408821578185657265247985611930320889472973242580337617503209303878973101164545606224184518267783802286290406062553354555616629833107665668351850293505
830 187064851553095226693837785214351556576660381622395387469162322287177626091640868675371767412638816173697843019570101762903854675503851520534347634086131142343420912797062215171921979633550249937475455007753716008988958461627334419312709432759966069290380509096176596944992166698684402446465708225016829587624999022553303389540200919866624957783311857148709865505048752561479448075253402166763
831 560186875662484563558874020975473971454570202169389694095323925224304764924762946668458625373422006754100400181410094781711248686357912067667283851727728689867915136882407449220741793354234211121607986882211807550386325705230172610465940095412161147291993387600685516546911900786506705559552607571807078483209090845033892414414459606110733665801558182596525747366342837224554444014062339877536
832 1677546626096257718448979994808909735231706609055413492421681108579708770031061317886039242423592094289216489452437175749764389244183236612707451345548695394061207901867666173434104367411992098652276400772134927518058441525531496165266864424941905910713984377870252116263592272170888059360599327775424918360072837722159270653695967738915207595774117811055877182944583531083494080360591514295959
833 5023624870607969853258046072414130319521957668548157370914335936958481841917898584082257302554818015243608770062649961256189284144533374113134197602698567242852948080090459213448109535268693359217691944901459712810267864096436470989608593333318877625072237145333159222387932243469358400636671855457672318136728548801329302263050540631026940466622540793291381803547235430326357990452985584500823
834 15043910235669831611114747843591398634450271575580367157212863703419964040060849887220327295904510496650957624362866831574087748042437946540544855327663270364884602162099277890130768894455066514507869017734310222021893586148131373461730215851195730766913622170418276218984284360070493450132123234573031767322094898485366601959913023168705901803282474233632837207743582219406257228710659559022789
835 45051078510379798525313329199881201775481800751580507104094119986363251046126842210039858575693308255583416491456450160619342493471551964049520806567325387440902140648100357158203134703964504404387340011756171261674387608620983248065530594535572442762869774307291169276920933512420642874540071799823341179832782818325152189408410257800495315686797533660598276528379909499677443272917236103559658
836 134911998726456604403411638356230259607861372036724034321905571460819653848304362393589076248734322536667327376454900483178544937093404865038238395579339594090828030239505943803717802057352377918275520653240910775229153406953622991212748701151072316959462367190426311303003172922988383687687277648604885226431559506540041225217651606696587886504408858931003948876626231759987761736874885462337176
837 404014436138366757633594055871534951494676438177754581513202536788020673252387863976375926850405704456792170093154971566962416684344103660023954506084403823910215569470020424738461221414680380469813317319158719855546488662422960539567898024595343515266217177015272490683464308851276303045354478079438310635797353304142768179873401480585828459237451929798606249922484425194982428706449292352580994
838 1209885052607461365316026866330726048848513125260984365186227957225570668794561720553026663604802511682427146070093412556849241338815770109054825198141179633313353587728891314413937792960724900304434920960762758328468105849062709290221662888180206456173390825362159902009917956894578020136142403859412320395065598811625861943265704233708806563021844543050536838428727178548980471020129494028126932
839 3623199583363329805168834582181673272653032649307107851123810309399246909214821837749096697189080249202166869163524892724308440805280634759938781984862231638015485268481483881451101212657689169937084305721943925283790040146231201237321096866628749690569426759193670991151575292198078914130640863494787988664387852669749429171351146869707232314633305177562137477177772209461654839088056083828101920
840 10850289366936430993239316791463159028687868437648580679630262804194762331913051539181371560035045434185703131804235774707523801336176461561503757583847497838546163988109472566465357217722938839863538075860844973197139558168526616636695980821475837337390220210706570862600189297663557550036201711624813789755654469743946532257511313567880642934923225034636286562757180686387303315598290102833926591
841 32493111259826810411901078499440844104530840940780024186618511873642456519344165287050569669035452389500046374050807804654872360716641754057295550770481962279786033053455680938340247153666793474963949545205422961013382591004890078217744935367502390736212930780305900351669628007829740391952673832790391967764654844059491026391122419757249130442248845642916889665305260839829459597754563292775736763
842 97306575056749382308745207518007331761330472447008711879346641810948489148563109544358391963745070662315938413491605033924954588500311412630866731151998449418106282267126301217507658596289359902100764380361105973260118420821104375069595517962699223734796592901625447073711462089793301326663056022980104867083442924283067425797788031362690918174210874974432323141876095514728538305012316941039228021
843 291402978060907513157156721821084022324199625793474497009409306165758293493730221114614485041019990203078716519185529390856962053207993249947974355307823549363127649971237098674858841455808870942829726740731047879027855726232247640292468746409765738966802998707454492090094393429467011387846172600313004550246806809528588806387028983907309181227885144953648988656993558606538786177632469924529016710
844 872663261106783195527737658890189434682629637783689194562334045752925656206183995369790667956942719118974679080249367976549724097540060519684810960828544572447075637361757579330678764831528539036365677554036471741678985314549888136686713838677752095037665719456349286847059169018871261589237646273902130672136619377758344133050915382805637773608186455158325919298409546000874383301667949200194890603
845 2613366412376139117396793883210512539284043422918003266273165052486469632675085300527409774233321324835638811602807176495344240867999076121276053213303918463538740027089354292760260856712616019607655117980267157982854318869162580432313446783253291332387760339310424076879777394458493702263985737539435603644812595893984178259486122550329344040433183877673863453916594625136951742959567890096652311019
846 7826269900625206656151729032580220066466958109153445764394366750878057526605094126341520755614475908652690302368306366139932776751634537836143717802277347752359629313821283596713543893906198215487349426885782613593534899022008437796803051337674231775144850373154968592640811777287214368349163657678702663243940879267420731682802349149887261208062795871846754795964634375433906530005140839374398748553
847 23437443518462224348172838312099676956504639374248368278429564985519833114547158958657387859406643711995951240869042324141730641481244823072264996380393493212322030325489249897342313283054741035998083953340629448553853146002487241054465229713875738635070721848074724082156935661331594007188004233579268302884845552978919383723489928810432569207322322534050332277974992033335063225306421588937811516088
848 70188595982723932479592285158006514800727106923536819340855539457675262718540775542588193468652327635268896892238561437358953064098543718772192153384171701828975640690419152919510481992941497136352473619696111714982492028538267261439066832622602654823897223719066085991389170821431123470661377981965519730724916177067017851331478060726301550849296243376103636943535615207708759813685538467112946193085
849 210195671684522568276581222788114166520457840281960178167490432078952192984700367587543791776095981087658702273777103790620621239803120443052200062806442926744298871226213977431452314123979835929283435081086807738103603167394000538491693847685694569463862901939301331104864769583152697305527982407590222996809346110567856929118325613664757899957775978966440009254212011038067866906583634286408788608525
850 629479915261219803443834419722378919431865194629525704505294909163584386832932045451913641134497055330139009432952995243158979598285489059617475795665722045001961649127219132425193941382976780576888678220129277944610976087205457039513998153597977087635749360312785673517320740633940516273777671460085912691662909682950186233242299793452231907058067179652053414157944903350590105176873821829247371988215
851 1885128153520087040623601836695479304146983992230501691451745825035146585936814587456694599233051342740342748669804918936398885819545762862777982104501177090121661842293652236038331678135876655703877167987118225255690029925666866800703293524592897979309951828070769449634428611636620880795258383060117633373664060385730242142685121399573609092706441823287149745230691737579404915808966151813225385238134
852 5645478686091680701459362430041319610510285025771666415860681458987402824090466957963134587568689295535799663541470699993216900592539989933529235634334339622003854593356018149152876120379431679969905961445603569865218519244244835691245624431522593270581526356072021412573773380287592591114116935522245607647943229792327047009141218012773995310203346008454929671215414671361547197729238720433994616574618
853 16906805386654899979084554012894119495387649068861268691451829073914357391886978270984581058699814652233395190956206728158344530271822090292565840377279855700222751209502267362964128349503976173016413318719164200780740277771609287558818009426043640487377548372900417269119673401339008464700526030600767550330414112557817565920976613860826886449040070171389109825089187996572468954801084317395289092992884
854 50631783040504678309745496968690712157267531939215957915957429666100537113947294131554953924616833907335314293370586499154703981775416753122207241756181389087046870320156900138820066345653612989029351568686870434929589250915419296194138444864124243061751060525457288765649325454749354246993656372939323387642197350286285299524960323309553677299582121842934464813742307899988800288712974266638780344453066
855 151630223286116875363913846853034820994076783659663028720584005494329988016996280021294035678776782295073025964150605015686819795403068645170365598725335030215834194158101131302649359739387539259575854919097922198887662105640641346550413815954815902549851548192460597255461484879104919472959632862608974229309321698528777025863216712698559870504367674726397253983399468390887042980237044753232462333067992
856 454097603481086220471497570933288230912806907518430740295141101426539131717839651342594002237914457348055910298368721946444352638812774039409434708810254075315567334697013625159798522136065133318846406860665049051502777766326316955530177023622308626338918350534323153392038713254104443912443155385247588686179542063197881512434801409019032843528136489326514990556892445103596845493518816945823378338301209
857 1359920516526130846008938787569310362029343952063017898053050802339954891947240156062329608291517651057745387859493924223669267690953887593241624311019772346043435306212017512072527827766865658262641488308575361004045013642351131279958444749953992209879741864213453070743153743941849450981629536758632765725171313650097892334777343131298965174257502368079309083391131749327319901629609516852129729834205549
858 4072665299395674450805030651345551506040579199479705318663716925684831589560871817884868439901251024847721785577865097215663236062354617245145865709972174671954274617160291076238410149203400133635401471261986388769527124283203173697402028995181352925811934870951355757891911848413950913930448534544354607133908984996544529348113112137250327574847539545537852686668666298440918922927837540389069114399383763
859 12196768791433494215295783026178212522533669541401362952643137985761754651622418643370021876805837233549636106340934634613795223377440959214134496623265966804647709258262602720432418179919612542196177371859351271032378064031886783063480507972174693790804891713418860044782838755191994992740024089677522686803210053057060504888312952851535749918283592776712714021126114384769289979489454827129405226703507570
860 36526809236608427918285985942843505082236068297558373634135659770226759672917396591715717349449465647958142270553474271784021122133797769935761589301952682123951708086816151639890360148044161759852314599372058720959422260229722728609918689113830788013255767510667151024922535172801078970928762629608730968481207766456994114616338502103713019081297318817870865938052066636811346976047962028893073291190733654
861 109390486609690281772351428049809193854743675572540952853630054587668018862588618695524943629840839210009019923369749136157120040532246080280860408492725740346594067656024171003877585534982927441795907616682401200087870209964155690432354623280588667746127751642081336408248128319138094049217570440131627619884382846891376923921260054865975162195650769762422133635487101452684982078678210974585962855882593428
862 327603280798018321938796001421655548626671876839779913467296438995469377601561445238930475882577548287679576813368738013475027081570190948894526151963774791936960346657029477601666182796060655220088293432337492662966334328074294432021420949218212018038342411274500203578528745987039191715227739745483125975868977681504710391301798961701096264655308256379381262700970407441389462897296011807752639770073178326
863 981110218204346323978674562059411133536944635558051471005324955807110657503608165427584482774287569902946052744600683297489735313700816066573534802663572652013395399459749554361618282218559966410062957652590680872717323611694506692284788045960723763561427651776399266982377032646201623729073498380223595028352730910417657240476101785718010017510328875468166040968621620531205774000319176709637702808031751456
864 2938246461349875372478058383413141979589038683296447754916440167033737994262198041152640303902105551014025290347915002875961303857154632738387245394165423215026371269861094516889227835066077282227581203032146138516505611558578940223087893640303311387182520403611310077904360124224403559668682766927189104441842230949396258991204928022535503402089073589880224988996106939043670640447644815232100898105689726721
865 8799530664887319322913762397309060646290996718293990964265778689793204343363199443550722697158739886861544959855686836560699243910086337140930098278064032720475984622526064891408256768375184534986446510929577884425156735470353014996430767735613007455636430424127132597420040932482324121611646634724643419943435280654424549576861469085330860535778040096377729058922458531039637874345845719794237273168739574289
866 26353096889934344768708787624423607276256276665498873041288511829398999697998688805615566295501458367421096052383696159287321929879001737673890473797218875351158700163588251711735585287468445611240368126545975642766271672523538041998646271596740340317303938730084476785678399265522538316659097305564142260538424191282536129355507105841833710219788524200090128361202709287554363230694587831940452158008394556835
867 78923196934728904053624089515098735493835732712530847040590687690642060249908163272762819073434073665192265637666347034352279872171542850717157919096145467092166484620567379219244509352392735632366069031632763287118164179656475027545921735941412674434256082655397537373058023917711116778306665021070093611409530491488805079927142584282911878312364026733544747646985307094097013566585150401465482136167696165814
868 236362479623220333570975283213039529774937128838439668200513762017994752927386917217194763236826551231360643010247713650664442765853779050567918409796297806223849454682835907509294148239278813580719242129312347222276743459056384147665715027116060680747695863484858145731947800188969311517080664555414437711991919309441778578723441821118530605736597614993039009657147494760717384587564296169628624010369372504800
869 707869601333170439412964821663845654180349637502103774397459539621801286845671049446163335487445458754174856905827911742237689408016347922401343043496342744435283192920347585420271943934525840852372309795015723456659815759299671633641382983252009311179972229964160534590679312343276515076611256041860911281968870808073347490692103821717129729748349343481331796774836009432045221923936889892637502272105063813030
870 2119965737427364894679429501018526480001476455959447425668397817918125333130768817576556765662145180993439181590493689489998894331638519031121177234655205282042396813444122865867718236452651475010832004467791837866013069303629554982024066345616048592705535213290663230483829551728322419112307417413255079696951106597743612676445418725650050988942425154596270339559080017225138284393450124652247994971033211405172
871 6348999225379369996625574963194335383989403019296870075767821191049548104089606027748801126705420526835833174387582515184613040437957518029498959751086408892112954059338129865195498811035737394453512749941894423054853561255039956316867077316884006346933621004937146252061302079398947461973806994714127913556873205732076310479869006915671291959895831505119661509784878040790814798197271809975637989153943734280768
872 19014396979906427010174232229841672558621279611108732986612571803597761935679897380301588096927326422778535799125333434430401776588433696693311610682114562042588970695768504315608457226604384192538564234598246058642053660979209295325163740832711014282221260901318891688972549637715012462130996222506537285223941373779234010548852404913651560524438884213210390935696335904681464812643065667729872830675900806737945
873 56945667528313842088122604736254059667327645942835096549136748468349215008784178526991902884180422296144757282840967853928089359330528335241772953007497640463642601807342224113710284184902219898659927950474808253043292091387517076762229959215857320711480606728764734553174586725507409169854024396436724125119298699369726013534734536423850086345102343365955719443791348270723991982055351951272428363019214968626349
874 170545265051328645659936872957115334460237329858207535530201823375720910283756853378054434743254182008127012725400476047003960511462888578513330625086729326013417439407277169542676918298987221446659433894314936712222465896790450700042548556160193866344458563959034439386859750479066263813259867961739757489560707158752700851519928201355814836127171455938162631083941813180741958412342354695926418524054776922705843
875 510763070712302142511445434664593293718869172398568276789745124303306445545163904127486242415845036994976028174060247438603919199190356013565708807516885819201662094585537681989219787650667711428778465755730050797086974166593635294961531366797834519916713957699749469079709882399816096675910885388223405511768138252355043472274671773054767149030158892912485739538760414069078460134854052604246075180087125022490234
876 1529678473613816887415638019732822370430197243506581246698876862197362220275666972736936701590176404269906094936469124265260874830327690213262151130668705881385338978736599782501789748568922582739790828813137308025482252660196547288023768257486859411730416711225584463245920517781750347501750392951290722698011323329595405335792672078840039540671670070303963325977984525456660448726143372842357875905380236552486223
877 4581225421106096312685243508506315345530354855892546470733771549271116175364013093224259218357708458189827942979627759658075623784754027848100771670582819615674828803956314922985346888513071820262932446690219371410972268892718396845702449438730292744168017462265356693659691256311654875259599972582401788046376668381663450561219162906216706898517783870719605689445531556017364884680361567984371492349987094136651195
878 13720312647253165856893284155019861176587183623715843072640683535506459540532448167181810191934211997169014774180654457595737393257544136352396203066236690691946426532519598502145395521536017915369959611860662631094724078410016576734636070834689157785940789991224417567787012719145549646637268863803398366313607877240900074519803427798803319190686946598492793812820880199139533286402232618844137840131700617579820925
879 41091045453944561376725653785832754979156983680350721994307563247745277788739956605855251695196685190637803880675020123247108887909662354505299926014418916171400784890458808674646435073602158050909634944733716368682447479055034753040948099863587743277223383067634831597175104042343803961995467400258302591485535102003300278693944908151296992155501420014839468200976919797605289344240317309912596331149810859461240520
880 123064051624447703929210062289474735770831319007937884237190324909129541026141834719819950529029777688772354770743028388706099759309540508148077624852104906074049889423861934376435512154763246348507641645304460662911334774025892020444520248695712898151931095777030141992561628718439835540477009809241351633029098448592182146986110291573468405432816495431534589449177409219967828759815507406232314325099835039325608695
881 368566671810023847735431804735306145687128188919972039590685350082729164768053763309754889539074874831699120864709762972706909369485421113729106852467734509207729416932946343628930017178822848684657361176208522988115253296835801011414583125966079321182109109859578501562803093762746262910830697452806296805228895585599344286700688168100504288898737715715792134916035430945312775271800448866223933236894643367588678839
882 1103828858705676707219905609560617268080647927020920939581049200141490089391779131652172830682193146102163446517819142298493808074186476773102385322246107442953221186126769715924638600926294834767406963042888422653058045521116501963016869632564138762779806847559504958389500334365086233264884674180555452042239994710732677087421677595378197629963759096678878133458099443755264637890981852675740531886897787262590575429
883 3305888920716865631370052560728066800570112368959117958143650068421032945534522727766246365765697258747359848019402174812997552507216274870857250941331383120248771135200472605690411301129643463799327439334138207596705918261860229367596030741286637353108203975065323120555941603801236662025005412285982783950193998173160423131415011062616644619263916020559996183570854953140487406928660087085394792827647891520581739602
884 9900921053349799666394873061151813673772725540488541295379560395143848270165357910773348549736940084489387025143876104492708787331813527896745202248111678148994100443638513246134006570515447598739500991767675967829943373600620462457340234438971170309740469307722692451905556266936495771077335180404185842714796733033935387194458777087803345407198930311141653777430465719439172099309666019116546343620219762860487918742
885 29652667247925277727132957293135170142563337185138078993706259734293755456470535614022218243942330427397884123690609171927012420628173127862000657024564169990518574569494204922186702750458471719270406988509779435940274124591980771295764979687261325260725790738993249379363400893584150759412602100533177572039962662630633960112946591816899778793281716510811260119903360469673466695747034526180106932770121892891410425892
886 88808135984935066286832010017724743389581826448045333718711057181036801219108603813389394417039086698952467945473845673984837081143901785103837628446687484310986825907523372036052268157404877756347300172624855636087781724733078369755103814239617002102928176815119792375613714558442813220019272697812505598818135852072315800223923424026988393440736475044787011225177657625429252566200750247602108745660963884829945853942
887 265976071640189182086881514213631044753372856604213422922342417432661038778097126608477099751205643454757702302640571409980964554099231780220885105740874202854385572765837863703464916638253350723811891175342116756364112829492403933312558091680400226762123785286391338166342383517128637410877483197862281670039731283567972564573982525513332054488864382948844957038988322785521486400921158433741591896828798986039972739016
888 796586974025569899459013692851290195519759736859822837929346503027807964564614335533907815829040941213475055682381141120412422953952412534161004325570696861565103377786798941441818940562662609575641373863845731274155451815843095930060114979991622718202401835552183469487621558907197230099777260374039514821732244145175725810208190960868867006871087267703574778866062711320198397623055244636051471801232031598057102583499
889 2385748459251865012099320906115875170554587643829706225554572661476570486393457953490429169852393704543126581231352290713079789935502589335953763441891586634226063911890951447784062536862169047208591512977917912690731278321441710856694358357537722402853199372242465523409894324342516413691270716162500949836049476164795824281459599564022209311515424257045728900094640115192039531086535343365778078345711753013848348608055
890 7145241636670767828950345952223483992864665994684170400792707906242367903854292944211763125702345654955851024143033172447319067635887396504441543641322066578665099533055270804235902654907941723421102093919238500212585652824712988285708970312140830147901837499084648568796509467408944177588950103064175503401099139770706135805363180030658890519681449450136595891434194961899136742679521362592910563350721491157335499508185
891 21399814234347823023280507442689909280608707412600868554495346829434498504236137169920608443907189519998563556503875811144239312167071612785139850461540295726041917098565354440864503228233398447328338954833934943096800350147234429187559138841382268440592784836191178252659148203610244598729836449334417570397002123234763668604265160391974810764214538611822007777857818113381875917183016386459359301685867830388816442701702
892 64092011141025268340626926303545855980582322115289033403027146972574289601318728581855347676747140765003236033540586812937315895661984428886714898575310636027913832278479625941852187470764877312200707113385348315764878311881553883816575898662539567839677244832118703212163910453291289428735734426230379829263750313001189193809015629341986866295183402878102047540457182079297703902672977932726213142622876335278255675500290
893 191954636616281156809909534497638344264306648979007002323615346514575074157992597345854771786689272845636063576983532063606130273293182381701818074640117149254488587461266848196492118652407692328935444222744186313891364150423867861331143218355574538227847777757884005655690170995250529888196198461718129147051146679951773305195472975066980422432041022787854912251208633346907107709957023706545561523667891556180159513522540
894 574902402572072219616570138967884552029589768999433269843898615043501020490840828055822453041810169357775192290297550340059356603678085325197433955951321705986931302336088769595980916349323318823882653706628371243329009594128116038036248942329992296277811297254353613446192040900414965772144933291264420328964440446651231000912282965999960973561842723049613664317211633457678651229117424092760935143808061278688931480668194
895 1721830703991760670941862347274545965660530516537751341398375116062552106752309275738564773539685675330286638077952591706559071857708507289815187613341668508978009377831618435827126240764178724517936485837536825725763219255531250041225003227745854335330268148763294123547737352184359992992852047761493922896457940887351115294198369755877807571536720955345740621291098491776801385896366464019050424149206627416588106140130176
896 5156886561614223283743768789524336389808931113468996822388371876340008633315598264262156183637486366119857535102854056959741712336483503414677605311101521086581886361578353235826349714621599276640548649580717647172113814884457816412555307791803617159772875247514877363503174147515720502319417105174121969243968824123528526138683451805884192456493131035877469637963730605433290280270529291602261491789461368505155188062997331
897 15444914637081062304537271821077472504969784438886032467680984544360318416843984472868164662696703554583355827373207336634295443877054103121213463174416105588763916197036199102546150185737059312673949593977030806320729819193473150451222887274719601640612247196390643401168147390001739936082583533156192290764528943472069594426449526690284292340882368586791438829811296912412765414821068714709140816791341738942991225967974163
898 46257722744752685448359214548543628373790397063802862500723776613856873719078909354811946245700931128740260009157240846153712940848852208965315675107080754119196465784778721150122028471107352111786102610383364182150712024861376484848392368485848313267315744742014851086602018585229040290377905385036080263607544925241161662139027641340764587106216610278192599861834391465069280539306561296911395393822270519029345671118065529
899 138542744178109170611678499369960367237609910321454903672008178519908804176980707842240830842464739096861982796962735580130227922429718230072298391031658662753634474105735541266896855118530212735015738627552013470151158442051323974158031523624700916416218736659424789575267768420360782507070292034271487767692798081832168059110144498912987828630362396563490758468021092186666627466564034577166064786439156361886940761077049650
900 414938871271792944784177751344937083583479487566430283905357710666982582114455449384580602332833273370152423996916389681128850936423116178290391342132617924244145411016249875782447886544100960743625029827868410255923063523300873613230562645937070688070965960363452607577623867686909540278719775726934364830093132335000337379356513831744183350032153945469957177727971139049392958057311777936356985345460722443675966033557697776
901 1242754240584043326759002775463851835931002307461913943256782966026062860398314687022944362109758360430917941958647752464200836366153347448304854874576645647565011642378578795612278625231554182334939851675323510127385731418029334681280219282352265240646276456559281028021003326683797423347294254316070549337341408980192865013606179867390394770530337234368463071822404946568705195380444077481901611374358442951365515499021952338
902 3722092667572606268674066482618377794477941643824870750640902263501487082562601124546724010094341634875143739875092157211948503569065121718035499444873899425979591670887385201058523841394797571925144926102949926531059976335131135971758468239915059090265052310854156447733326146488862404676807149961133403891035360226757408562495415907309009810876877837078560841761800156775051973331269713116957127858498909249730237565309699372
903 11147818839243975885170537026953583520554301102013914806108248254530067185996453142216088146872013625988135254286296322481388337343978718465762415856624598730983736529517949120437440935032513275181438648674275478468681620165017628911313191964255007782081765239216898320468394210154878506547840014132489758631621149340603573624921341272454235965165804148904033563468568948656644442111058962803154956604551211781010710649222297088
904 33388231435003280109038828073576507985294134994236610556835197576910788201219205094030527915787602612170994801723894750920044237616675900382698589599107823535494133412312450102769561351216751008190705870711647874954205547870244953140793697932958268308496586175983167036425995094675872487151820866832083717906046917932405866148864884967096319429533938742331645376976685767381306330664509784862739247098601787030753462019241082379
905 99999474520149952017611989877734999351473277025066694377455953831236417440602513769164327195391546925543780751802928873637156540246728150044928270160871277744071097435798328236198886983744548701676208135130333524581016847606546495588538056095152631529700894571491653521367863064821373162404351370182311689443194841398843903832848765039600111493752543413267806193848078984803149448075100219397573319726276724027916159598193992119
906 299504125342685937427210901405996003544073436237478907544604329207588022859745624137621793006834715988351954520045036372483167476966344731632280106036954230844177548322295513488977007251643331412513430953500744176812397406169256585783832483009691215694965555580458282506090387307171699534396399429956572861269988437276576097509311724111315888459053677764992645477551391014997717411445402946128933969440850090029940626148876610617
907 897033549103539657902385404094881738062230608076062543882886943026180579016443411874893139262508581198312475041697229020054419247427375652078512799467253643076623408098460594714935671018770223515804582084949774274492476054011546588606761578803090687538152457265885091983754191990517050519552102071741439167134324260627082292150026432324356388426641169136975055270735939527377086776330894323236779779211700122857743114307341776158
908 2686676322910398014638436660532084930523793674173932168649886546719967072632013197181658838446787420633319101454452133867940349147754593547521429307819043094921976579350194682358290814329482450646697997265344159237010388999637825022788733514690478822976418149363688290349799009557505274227959627078577208307259994204630359600149870822490121996008599845733097878034104874140415031227293868778200650175395424776926651232797471519735
909 8046792324903478977895768277760377162949274861815915643389482618913220930766656023178314512629840480975779150084179222950245719931118373416211152112866668746484061611271847628268236708566734128064932872820924587711294101942065044258089607472266307256891572048945217796501766268994939842032245863129975205094567666147218364017023082271660197660360808253282126346930482465706373814582520282846046388397633747028615810473464328665815
910 24100775614168219151806528461344279269074575776163418705248443944137528685744958848015192659696370484814547521737582643068594893420665999947802365927242712228693399602334707294412795972809029435422221828305477500375738525784095985739060475541703052325702596147638937819793114262666210152878333082378508408921716772532761923271585255157765659283478116297318627244444814717070742853816431664088234742850800174016789693528908360566029
911 72183847228319573992137477965492849930827397644842473676919282803780425355678413294445355637857234786004137078270139614319177264586192212460377882523875751281992204480723785124001996893222603083841186874216527808626114781199860588101852255267249876292687521528633782340204214793022801699385602733027815360019642942928616413360286757720334433429845274043259188144351574323941680253494749096739163345738845298373562418081717204855416
912 216197072526931370871828749312114026010756927731302808448693465609412199962457979413103889784484196077099388671815591355370281022679767956533409187222736265348678432034446840059141574315222891693177756338021348598460581619968799494009371878098569935370879963562581781705245666581121981071811578584207587109243316353627867512208289700777493166432890656230295175910023875205776215236849003109367556061622042126062008399616458344253793
913 647530708061615820084520039344877998944446622760747286626972363901575476350225902098834476161290842541391608178788184839163754914913922036188440695142905165117544929285131436241386238217333956244128250787209334520433616668882366477920988243498955427264774687189254571334094919879380800856875062201531720532762457719776572447048438332576026369974434978388762998726012997942015979245349941319958882904392949004881657825432486761255857
914 1939419256359132583841477309783748530461438855797324758252144147346511954905424117645548266795081790494600478703148027669673325871646469123897223601537012020921725279167404331445645949282852401589780365328090355386748346031287937465350319958680126235440497280115917183440727353379135307631365104483948968157294288204566257549163187541856242451183805867872686345832178856640744504320848960845232333810028811081679755440916616739012579
915 5808765048883556864873445051132004811251840901400011638498930215989485701214172518427039367868240614154722631504781051303622247542501877910049348724168833817631447668971391742904899495211494970650976891703940239306409297926139035206194104093690934057380470094617162438365646120166888755583920823962622074823273963021055796656006574881130934687359791668320926855799469315627265899543785596981809104235528842221072583868623635913804558
916 17397894340633421139740010628530939455282518014674700967770632536310115650942233181525876228621896318363243613906943606911668367269918930770202540536009608178840349242830625690747278116133418955339921373483318132908263407432581285001770077310223402158907588400866706022238619234100443379243982706911325791935500378511500776837618171778798600647359187040072321354098624415495763440998037180087637875001098781486785121349730399718263738
917 52108711786010931511210929064270252418568504339987391454087979681573747527290334618667588686707077535477582920773065661209715421201640759729733320107276817157602695496590171079259457776076064014426747521847253196396086994730266464795647448994684518495595695555374136059563415786414018317511142421628454820012042463620386876425292776489815591087334103705657291407970524971589903301583958036965107020613193564456099499303320696910503148
918 156071912565162976589747654651881221248127703618714187285873467256012308197044772029232357042651687373978469208003437892432206478130838273093095743784307667965694198516430953688277093574036806419180195382155508849450397607479940686167805118835900621225222256786161510294262553743507415828523816263585033194072986693435791416133162119350886484154808736607433830693354116102502596795297239630941239096867885314656880807592868444385593850
919 467455134204682658068303135270875829628904128588125974780204735403412115738430376912967303264053932666391083259213188640543913244874313533260306854823898030265227004807171354719477620063458669660774594844340290916286389543815926366293307798344141437745904896183611927840730559462817979774463312548891581149927149959611932935774409085687778951856913105910586459977508234078138089654041712422523649315855885781585953188904344692321937560
920 1400089763350005455751443269971163225818136471942049582960477575421196807871399004529725345579773457447403224973431515884472204442804042056004576384773912699896907512824127030458731309417976586560684957964181912404863306010200603001233241332282519023278285185356469202266327770865164494696077541715434367937965711522172636638231869915293269679503154823434277659625473812189325388187390670476862187932605084247523123650064785417338153437
921 4193460815860094476152257432255079303371766568625585364987720091964833048655678821229542402952406053868330084335750901115780700921021701894697292497277304753582618754653515246050939234748136120165464805780930574543481726910667145063676580629333586532330310903464001434707233136131830434865262111498230511280120566067072629529170196533485703175489728964752641357939534371006917682849596421389854764208920675569521124529969544382481440449
922 12560012146768800042377777406418207140001300958514265619275079277308898724200957797024253395015282555184709871159051759457331931170147285012252260080564396499747864075833128186126571882962694949166508209540510093379556403428601397157784474859688889206328736671431440573974298477328951456725890711968141143524891747703662967597958146929953463190198164856815328128861491560379678554277513787640824428449696441790398263675219286093428591167
923 37619090279044941982171581575310306249891618182764356715482826521318169425907305401992916765285595026668222880336122648165264802364053891175510907511697550218391744166230561036715891626101773302710277390833753647208756491545541077774431319021834805936454183933834817788993420940629274779688918387057762720218982081285526207578915882862994047839026320338338910055046922235585681320101843254768832890061096431217878782336297628653823354010
924 112674924713639225218998972248077894708031885763967792457030712692759278385214346957110098513725870541002830518988871253576684798688527001025510346858458261156257443793686015199430622469334800231058055413743660529258300235976524190156713113279860536736032667137363349366693195736463375792127023111393261170318071722398527620383399021844069361742620848029393695700237162331486764230886694658499128065795193758159369513541803500777351141032
925 337479207288671552270459631801802030978805844987921865440346074423916026116251162894484927336515344662884070345582060328400229783142423896575570647233853610863139156359441111984831825605503948003580599080184563234134529784908058459419516813090584626492234764416401059643609228687383358685755080298017120660290687931070712502321334275944146202603380127830704114315627455824739955092756918469378478576729917002819926498278671493988268606442
926 1010805319256836301156919335422310583571589922390487544909702661347127766578866268975062741966951953278686499076489215257263649045886402216024295791490291258871841256172359475382732959892944912784271853873875762588400073988793609017018491129922266151690013880213019470214241600174671133354945912631724100105846188196432284142435769099163581028349310575865353817267946806987126249619881846614771132827197162231792264420351272450887814821044
927 3027532194204882612273221224700446404165403603615634973959936845451262004435822805998495777044419261621795271315302450955852670932023494274270219177639511261798567690233726380426369483296704091832435045334561972492686172271114950519615073530535056185079410659157257076935111395422941827307046412387649268520784378734658463883775561273545904004229599822120826792804726443681524794381048654107766244243655082728316502343790787161294935589760
928 9067984576679066034405951914206956339694378788200622233153009418169947005010120812960351374289045388656790178917468241452531072056902194982847762704850321792510970813140578226873521001687374903214314795696860143862844472422107393358977103733092975270860905594761394937950164739967071693287085469733401436586043061151014785009738064240295082195529632102947198185720054547468213734315148428156779318784001167383476301198045163974217385927697
929 27160235124582019238730691509833482262294510980989900702205356171802307777033724427619771312492982755143729843580929124525239713848821931599153894499705480394759820915689738527970031197558197590445208708680208269343378859929318328635029461390092194473786162338729508064514893871230700477370693885070255376784851872368537412524341974286189082784403449416626643619731991852782698799155478408175101171338506225512784834870243748283790998133985
930 81349900475023329244529575785658446539426047538709804617709466811555437103501200922284518320404139813945607492602988470574831953859355792146098990266076456839540509364400237845749472251814772769094211644989927158561547491898281937409749105241514716275757770081045082809928505808662493654058776174126067536546069284435649122579222395593299686256494405046013396884013724430922395176357584287031901631463130147972992051889405638582433065136851
931 243658335542637167484947531056557092057076358325744699737162789415992112194435925567065794221840756957480594999111912510309108484265657707153949196114125020917560139642777517392211163441385439706290089894306086158173657086067280999724418448814434133964148520789397195889663874433998891398724399027156290553460711855016547478519086624906441595967052626843304271299288898119291236483489004870028000353734950753506556715342185862418610314004022
932 729804043661032254530901423021762395454295290190504869887765364259802161447028663140552500041970307161246653555000370676404198296497347444509123104998643629890478341183262568044527351575446943795888512528650352319638022450849944448703619420376139198818672528148889044802455513616015592808307190305551614084229978849671946142692498664145934647211746097600248593243201419524083606708369745073891138648602977985487955842964544896765300985242648
933 2185908611010733222245923842732385428168499199990283186177375828187671811932519382496146552285314636851558748826235563021773710469337447268560351285174974542910614398872325165077850226171105022149687283294746257023968595074615372648938123985428864619196710608382483155884983209695835051393315327870306670775950646070417997929366034800507400896746392434119834760316331483625499875579465013110907868324326985112621402080252764094684191543254286
934 6547243275066134733197607320635753698510424219016267178702429034915760150107291704124750157123454950634293398483861194418892843994062719257060407448200211082159011453006141664405714115049908849545327574507032228779084121956272009433653611205637346994736114900358550645810101129217915867797424779809420220073154749628388615523843657142697680505982301949116083276571795638971479196798761155620385848649161040444181161736028918976868755846883708
935 19610365844158482983813116761406822485987498670022198090025466503236422123011608753224556609376884276089169819942161195550632673476345034187412515397595042874105714148670007800134236543480582272800466998781335019125258131648332208247776815882228815261640296252197981607234670932517663590640258126918053380522307568747410738623837296814449809366929289120194503132496735921330404472757935209748794007917166944882430720854004388400184937066115616
936 58737255733439422649759003160906596958771219593167023297677688769462863685752767437121756833635555770763146766444100863365826814506224002459975646463538340524264324130413788032496878537664578735826552166824777721787394295533646010905341318626928408461694776054725831553055753741858742825643772345294002655001113231741783701314204874747453244645910097286557356376342159032663925433885962590701391551631478739237110911302445066668434995267921497
937 175930989445389375364508508172211052240958859572473791096273346725655574642356986346338651405087384692749396584295944061273850093238575037577434749817265245629606404702514289273380453345809676495425698925347662810354756956403540289415652675850297503258744633478702598776082213401680397286911958152666010082850589116117422742041328469092891715237582593300556356547634865581824568568050430145501931942173531355778094991724232585534063997849669293
938 526952869667671963403984387801215500535965000541500178079981477936063572550860963554778724425064238792650477028555093299070679271252510458829622034105723601374540307724490848051566863896188837193663209099412648734320402764071342806590035514617083435889591027056322496511546683603328715671922937445356612369862945982339253972988984353037196197386204474572468039530272004817505342624988588124393408291813599170129605079126515653412975988175553139
939 1578344991914865844681264668553437974369379890192706613743155775994715722386406148104495402989096697144639060778036444335867290078190958964128151913832675669336035681586472642184973079571851598361065288852649571814586337385019688794225614107868967394568032073695037752226057726159279689114077929104087260911799510289752856028570515741611895464569584316515119907911524303208679827960187750748623810608646873573677202485341220452178367527037681690
940 4727514086973104726735877165029868242462219144776711965344324060621463430891696586676243730561923424884635936443269334326920522470246440638720503947348866051662276058977167145591506509178695439105453517675193525943639878013797712678586232361931882928084489337357660577754578102439870262673245585805630495030651369057202102344537497303917838619699651587464785145343023026427864036031788640755088910181096159363161329310030015988558021163182506527
941 14160039260366952308357385170244435369827496417611414493649402349779956784169793037811463407016169655487449724050386476243945627078941187107780253216469167752922665848527367758834893628385938231784960606083071486995631994855466730964884415416475499847772464111621735614974287835865662662911627988951629021024492028877576837146354677356718909331426366587424029000378701101674045594690214299121332014312178112566616308662872847479430410891298551211
942 42412787114742622063509439822161020742030520923624040787734534899069975226234630758819513098402795318232267783996611264739490036824333980849429006591759871440024812071283156847071307389271368332969401910452108319150998156271327197387642311259221635004048529212740551291207505615532130861906018825264515466781068525921866644729751424366762662934619570800733608655321586970188876014453751363516269405551698464289462415973313506190696816141206563757
943 127036902374520435211990402801642279404104868163570832477772720590272706702156211931147737364448376186080644422653986935632360048070215575776989290209700595003616361265414911295619434888974993569615628246927755907081707192245867153616531074142134984400783672608227289897132194790678837334050847463009890047998610562550255826717737207945940821618098197468941472172520322393593606006900630875956852204698183869552157271224046630750811940774751978280
944 380507923401088531601875148712030853574865618296100468762720954137950330325973736145994784588933797898688480559321645385453275920148562602517428374252904590743156223804285734341612994056273103301063469668466861026805029600393089010795081666185133882403978070299363165323304724264524805235583404602673776518238306370417727517060737315162281248402128830184789566243018941349218806392012452037149066094100390242082309877548504525726146090065892550711
945 1139720180975356536643230084843400330573261287768931324625120669362357136135577256603516569010754214473189936410502675144109398678923282647892262751093232196461880310204693443419293773889748117358355147036062205608377917868085755933164256418146917608841625297910252489120927393565064118007133288105834716176865439010823667110532250303014441649171499782519412132397827803683146106279105748958562683608302867931164212174315583106871624385231760045943
946 3413764008449848253560604674121919292167645966951146897758991690510799833635923722188004062313361930628045707073571555418824425344798437182223415776744734699077167577380383630695430323338353883204282375245540390750178636321957689015368137949573584299875168557520949924734052914455207279478658345998075157704491208331332874359541181603713980646768612423937570741414209713569755209543056004124118851324199534965335380084570879061259687766862686631045
947 10225144964456878997611888317950441109739234543896160947989743198692041862168938080048201466662740704024451646237375393207839522257521055375265598061857769241729779507473211087238693664729021824995223041343231455714812540794776711127774325667148137808436334993463468857603771489936122625521372666590164633404380269467613762508180624734961351579390368701332216574082536765726549589528357456123470672528002720471964357847438512917801271699553842933170
948 30627120869267783553015390088080284235574775246533624498245621999787620343735919134753608895056318128100863924160096768486364370154338233398458557338663997271162509047296171413995757178249057784338615729646390257691385077361908840869135298877408695794690734438289288231078398341117402377205725571896303768658926268763049805560267183844270492310074085955027177529915801687317980042788355383939599781087571536759319291914342596101054350684317773445646
949 91736800610763250528760198749789362263134979511902572510288225185243741390434843923200373376776282283757562606723423580891503286890637026689228658900641932084582745585016249647229889635158270963525590062465785979582887403344250674906579584349775185561824087310990940718430435018593381316184722061013638935237948460415652781417101605479051970592882283175738843033519305124285010943640252095167727634075883354222914091065436591900411888384666401453100
950 274777851885413838780856911059534311046767528043745586965719593932246268907876286573345569004145315050618202291793947117131367558874546686365909504594793560101252547685158436543911105511380249494467057635622572447138822433291754737406591517151668969778487530717221000507393266368280861923096639216361152041704731405478937469027208299737839562486385349258662107288011488342857589063184660801757378279546317319870593779820515050337315143992451891966462
951 823039301462751595330958506060511603936266655735429005763625858165829211143416980444534552700537059053509480141237524227643115597746718999220658855139506754914530358258931440732469045682558671305812164751746847123496415061905804692795047243364611857212339489470448449069628543332322131447586677423431044594715928516342234208085978304314837274027055315866276520933413787128781792046459904688411184097610014138581905966954498229084933031921067179202856
952 2465245291468655926643220553314739962627012092653565370391950855739154370141010651350191874443148009699714519365849926712554503901690571753574743311510783957551862733298023538741007528575225613919794238724288985386391940545873965938768515061827222767156256437745859569868187552716128825429544400324168422893934149694055149498092985952646749100771236034677114588669566558211979343362555649872742869901599803732368195495994020193614936796248993646241659
953 7384148373313849253649329301046816428734151780229378950547020571396330174989764962007006755388961407952892142415929166801518493030248265364409515143495721385201502413354861539354049527881858043923702182773659774515475340772323470280042312693492735191625036795242953055060588023160738776643491102436319412760482957656544405416661126669296113263734988789917507041042694775402617271471234411362147546427379942467956238606616197685340359956014916939501991
954 22117773297285450692630098376665140983983213621406372834797391136666594086890827465133571531323323929912099199771665164638754691795240699695340803638465223700691074011154199655938457506476546110293432020430903890593124422939105291555509354697810151696840335880842370119249475161643476342907455329937610339539334402994553507701140209116223625265257973290206562972300966129684342651540732433624106721239316894040194667595900656962884445816312633413077993
955 66249575473286626551536134989882484312054081506969879402658855768725011874527725823086625399594924703188617025663403623795855769029447823899924691016114352604284850080204922353639532648593621344900175850222141086359655380560930778019367326202709838325475587438200703913001100829023567493011618462089250413209867681733756859483211051810631622124403325951521251402008530096617032724430732088711451210021059629454000146031908282405024559700598956228567878
956 198438303348910765611979889472143977491133393886967226838607184486417208669961403996689515829847685846602113535564482899219439425174835212241027828823815839868727800488555413257138902873468405462924694470119714892172276630182950172372332632520226823569645292374221112072219108701236405862763742812423321453423333819776752096280036324023597317737304249008898856745510927782866569202745267133581327550840247842852561855894686347129287756979688148248030189
957 594386062539471785335835747358847081511631545375319787615465558641161520393983472005004596425263142170542004139459573534848932249826915585040029599588217887321670947730477372817850757701632278405551484173539792303090156926779509969703157302701850654588622585144946270955442147400391246432805485645806586637601500610599688761177707821517965512095959263273341597479871462041964723108197885778599644031744666051397728080082399438759206188651141992457339361
958 1780378883791441417578568854966885704539076166685316343160276087983510760380935789859832095608731665471117487982583475190470409300452849170306682124924381115718098632328742386421811103391704757224109280383882849129677294255131983658501843314529483054749929375878680190308704785804742673705577543808069643692646307118668079500204003640902585202596278064653860892458357553053685789947567736630302799170563758211836939445460210419249660460557827808989588215
959 5332820377082222111771028586285990265746475810794383011047291372154349113520008161439334903847640450385731284546811078674921926694327317221606672599632965528208098170094468888906999577855240853667311078931220993450836795849729959181374900490258498514215521441685093204555967708538658056216609515746913188597009922070658231559509598000086698500142946740011958593347496300802198988796848458653361354242384603824882400285002494163924766297061830865193827680
960 15973576984354441446039775230222401339696787325798613118302926738422325257308333343321701368743003923674452174291144911004120080944820092927856148175624816650864256208239002548148686133634133045658037959166448471472328843582222728960300179301571721691650581855761297989213832149705404366488618232517544341197093105893626893915430898474684552105461411536250156379144558634526230050357571618015590540740184978546520556509654067444149824989158079374512399693
961 47846271836886180715092406882519707428564800225180592417857414230085644766884721395719668427688509737392546782725541402090468466893122351746557771420953417939268367791196800861422101079698582117334627506213698750004886616477858573116134701155621039544749703461220656650739334967378535244965122621447615887358226147919912137813776920253735572044985200642167672069983637550532917491885668498113255737844077228735271478056942043868143673711769375305399489357
962 143316016035094571443590891323810971579874306698754772971072649811134475532468477030382524174925845791135348286845961315358071550820770059663926420763332010074443668716658788345538915189890934720849449407405772967023498451603453511195372603939011788638654073059237585126542448399219875187098054999937408286435512275897390083262199147691858854321041523361293449841129607160796327830548286038775982623611828161994829009662061468373072121396173172247495003751
963 429281377025214193668492867219199835674783967109243326523305638074448043070817596275109451802598088918290907248223171881216532293818058297861805915529448116476306717792110654111681404084969152766327635446937918839281929739572326878514631977700601483707140498995836764293234540860205469467920217574098469268544081991462147559191808456166139375719237193313575144914817774047625601632160222240017115816813880452035180484167075267858111832466186546686502513454
964 1285849281145901991088396342565766825832885943254283866514389622711429083156130992046133984546609630348176672419832732235168657889480562405930705444155076846043573806106253737730275343488131211852215541759065731107912083041595638738706191527989609101088496411628904795329928956494167956638406526716543168235757247689794174409346266444000960448119691591730326808350018129855596097078522548344380805575355997552103782580346224594694987785948354183946312368008
965 3851578727652524461095040176489535851244122403040011634613470726390874668450643879199221262263661458438010922008078303438163352939546942686785550371937516163793342302886214792078386400230709354290476489139092078196196629022538489313062521783214728276806901588653852076766151507360442281987430244892022592426930763950468996612420855938418654342552877236687577496932552259887023349351180444615211027590715066941076531659283017943450898497445103134122751981366
966 11536874970610125356891105692480598361847329473319712526858857518272811525416740544492735671080962053114437701909545849170500969212162653754374245953569944892361784418749636335522991093134779371163154990466961690549163832060491756136820423147814744314708706748608032784762368886751008480623430032613882435687414425160643394183553335453643940022187194533824296920687674387166795765992612010928375473604426364277138047667547633168987135962977894013232491119836
967 34557179181121232513353508428420543784597204174468157216155828702772782684504724827373042685294388151322555534403822808858783045214907636177990032097041648001925376818872050736645186998178055122247379804568416406939602204428636109050418494830795027160066227156296104114552575211885069105682254412445886476067152572318819012707588773729566576763135786447658624039609520928327249157208300197425647115868598303594660708617243116954662390049614286428204563517536
968 103511612581086168704649921815681316731990917540923717135050442972465298519621578608111049358038698774786310747691720691367480964895852080577682222613642334864229646898406150028818973009226097339602582980307723129204428511724333908887608406985607271710024938871504449372200502255817759886910981285542262874522172801478526848685898355806466955519826900167674895133906587312960843055020293303096012457001029498765083909295804345834583635542550006224874693303365
969 310056295099179864685924314413081240831511587026865207821609638498552936488202624183153050244528782448527424312779511712287341268261118120276969689222213858208444100720484417811821374912284008096039394144436362569666276110340438450619448401031011671962406157495753839792865442521061762274413502998046020853955024574413339560024794922298174472189541909771934241730508925153009335149963442598082288702887247370433655552607327980339698750304138053035693448475545
970 928736940814788499336183059698543838385205748123167075198705700236709144387375763938570793073052656319868708242938680976795568444514079343737177290077575054558999577181152744449350548029154632433128840127617648873028550635508281674536346286814549517760977972172692750438414631983090137492311865928800441785706620547118257312484465035726231466689805427003770754600966589745278262681157122556232004103765234705161153018611411218712973662488676997809369235860279
971 2781925999692024282533874481805172742280787680669435579412974393744008912945702143878186133363433485478775023230700006293763357235027948779754865565983624665532499079892959441783735986233780434178399002258958606342096171837874479412204172765899685792065733809822286182408211006695672425770654205659905026158864446745513267644811703587453937623595706509471277249700453244371621678622837042589271946891125334363970466715385718511546187796821123596786331343020962
972 8332956444497418063903544961657372919807110180593715757667330561473368908999443766789529902573931375038372057078720979559606712857068412376697407812706336097879879849695483721661569729940833509743406781500504582146351492102121385723927503904729871767032558531629205026532335393532760198266145840894518640423314612992448160738280248162305114574897332259206124651007261503185385517243982937286285123363124141266699529211015998917018829421417565382734412653382481
973 24960503057198818491697021878698631273641875553267918941231149882171179378526964507945264628822568378582748345369356088638170560429612455791340839517857282100508364663300286000518515269531013167510894137216814723060406325260586123532398628180859355059405365706656471639530982700705307151706757966641303966302260936714123807248587459928253884093833146332742645347704449093776865146571949770567053823333549340462571504485997030775073616562396292012796270633381441
974 74766704449144990298398831649178515066984840278023638754645071960673446255624163192410875214157052616353554947326444111758571046500804776078107910415029818921503474455932291612774742266934750496709843823168346241417372655813058919110156756210037618012382730585867142709772301335804500990552284261228049175500741870193250059949235986701649543899756687563765556997620023064794019767340261579618055060967723905989433269662083949475991826830848692259189939865338219
975 223956578346225640080252509083674285249306729482138128897138145580133404210637912275640657093919407660022313675386080012259910246079404567726703338015409682954075434586340812049506667001120911956630409648667972191250372366395385806367509199828715840955678886655818625007374050472469128729433653926134014670803474251447718706490679096920557281571527933591608451001576196151700821952005142955081800464161521643857708262856219266373990033916887547506186258014414056
976 670841758117479091897103451549272569864106060029259045012287983928448440932685033617799250500809231054698702515855143487771500169861452085808767222317749012481076359070059926541917457573442703126043994108714242796402392705477974033927682770790520169098186059801946967843394195706651263567564556299326875231812109035514933284862548598789070638309156252907709286757988196673925220479968644586355987908093710129773796436576083577738675124947654290711101912531051327
977 2009449199717647239590769997936682205304468175529992954294393038332191917987742706482739407379482946867669137812450107583940900719480455571410704082967813831273476065444336360177794161047183573022927627954344008477262260121482909175280038323549198586861029899880820619548720949073738203913017246313249088276480112217389206076472506427686511441062436040324776368717415100275324784040526397786431399543369164249351858769523548182219322647842495631590888989418595695
978 6019142859665929420183702487093503212017868451069487053863890270152224944169656733025740424288772514582377048258041961819198026732380354472102347354538257361780400042350190471666871379920015625640600343543808411791800214320514027127590234207646174855673468710469619317968836731940766967046757657778591947795755938794389755991875376510187946462096579464596184750207380724586643887912797043663235473210838128930913557531255370945816443708304911605808007876415742333
979 18029884563034409460257643909596737517398780081401471959991901913617459594593028614906128348704012990735722747796714242260878365012781882056622877199259185594039979356427567541655849027417428480213231267244370140657791951109761601168875252160054118102137981768825412597333210624188664810277717862416081371187057437526420004284762333313660466064495992265085491457921781514454293338133874100795413762943564182193629152219972408541630037405013673335086899294050768530
980 54007231499881725027765834308909928842476147039947952079499840275547246602957579177865682622773129550881834290031654585848807498506861398881340331622659470988266232521107634856295196471427885082925938657141534869919046171144732631134348222339957276986595479850504626767645619180571471497260310492012620060550989950525642038567450766423430577913635741016584067568732594932974106620791866689217317614194558991873744633602739287152363402452767654261522240163874723294
981 161775055271772670899494812043008105199568630803776460540950995938784567435889355236609960463500290103677602126699398741774602390669652258490998340458248469249433816771701788561236474444364210407408893770812128917624267068746746879228563354577526341608414267312147797564074460769749978300010259276606036393171837921984499723247634492682357141853968960547643317453011099383603843556971726795431147903024978551978598864478412758100434150980882543611136113738653311036
982 484587123473040616178490380220108626898192784656486958261054732765307438852539797881399907930313596270276320461225905255539414208869794783905188497051201689597132225640607467591108132529820547908123780247804569656986734659532993966691914526062851976223226732878861361502944071545186939702156243362273340064372333712785713972908296942001048779057020052938563951358398370751390990878977169411212026344572081791101311038853040352520722445214319797950418874355318401390
983 1451552849473508186755645193433592132079734795954010734981061794936362107072082704343958093102193654174428933697821103633345395000635772213508553136448198718468472996460566204301406198866283421898086970104175575646536150654612658065105775400877379074945401938129638209267707956405834060098401723796445237347429055665538509177322105671437671561250472633282102499330079812828904609687645598751861543548215325341777985495194691347715340132126965117915991684136598541768
984 4348049744271327090768558139222869759829985277994814902347264504756895668184675358574969163260949264280245362464559576258641279116135691423494302108128876657970044175454155654965189471643021912087449963696827799435035856857858533116357720255718257414623418420198426929668702173795061267120654274624500875647666897882472474039954854990129088615024717562820012552627819899246826131523960977507369612773733906582461229535344683518853528320552239092729601001865086192371
985 13024372918573920651390684946296597569641708328332963433156998871151594347169319067685189859717402549320922571464343803690449972561211113214393274364668308805202142937422360616100533797835816363591159992589793878121620372087096330041694342366729560782037538048468175609804753479289270780540658308292605447262614769871288365449800259644498248042085496717915159568491722149608054832788041798373367677342425891301540298122112855217114993302620146824357920871059216437583
986 39013939576482352732514934101742770067074822551638395940364203413764990033460086766285112426512054731070687215585558462675945565842277077693101671167543877305479211868954577656700034940319831975233679742932692816602934853161034792636563956681309070774232952103213650649404557605002191542146888813894696810152757642099520231740406650218776361546145519642078415964019884631137792906322431910439153266697757583225154268637897314945436030505191172272023197312711096523057
987 116864728895978450958462479162501138048311429281206253789354207074220504381604161826044508242404037981185899391388502838041372914891409467539318428593422773054219807791296174275501615713227875751897620299778326735026192863360791114024590514051880335816463837417348896875215383744689124997426436321775878864668983821344117431805674398287711266022411683971322135350833369208310993427438502354848707422655197807622697144198481665230386447088947929174321553628972998998374
988 350064255563278354792352814744487901314746201976201499257614956592395753819458767060871621084481957739237939214857885894297059144730328355592406472190669994863213632520663665189893804737424193812273939635167736839800006632988349406475606831132405624249922958452687877440294803274219537700285811516290051929620868422754313467700682628876499052031933121466646826652013688560140272881079397492414037955026835878544007324925348813151030894758379810880788561579567102255354
989 1048606974296486181825900627615891315042418989981714451893411280159051421190397180698261062982165169922412226198245482053138924267803498543384620400493992427478840673371648419745526055284793952963988531152081238315775506494792132934020183059399680961710927437852807257254960646893735306757808944116503876280735428024916238817851069439910638283431761661229694543724097513985288300818214237089890877809142725338171313708799414063601617553163482153791156434862563874937620
990 3141075506403464212531148878233299362571599149757159814443888818494909891521625709985144644525652949945841719918577600562241958529517795776875779049343133525006988368582615646252909886379486208128460126688521072422859733590874401529668947134918686430258701163485093099503398577339197823077330389142587290004334253687326158612809634698983045989596549099757161423103352097171986800721029554343452143750519140434226111906152743060685092087246701934207710073320738695645418
991 9409026025664118008203673488006716692859991259757648487414904180134024270485142188963131217695300894558821091963910645475563540257329477640765128042539479899762381546178764242238185160038713004918189133918956067390433230502672268165490384183481000498298544769331666521920748195133019035557909536733282573283008093532494759467681282588989205664009302481664902027079784417345564502242757937903573271643806729383354206357171300040966454101047876285854276146927647377400928
992 28184583487286801232087467302997882110016477736445828542205595300211721843203438039343698854214462400136343813694807000269570808752785863087484362324571991744933270350088818207900049997083331086735652258326805595884723213825083855266372253920672407859439791789626691664082263350515253971950943980745411493205181911499458236707417781135093511167400646938950086539388025473534143475363372811807064355554689391822821770441797478128911488110171344840384908128574166641157403
993 84426586240238190973603945261480501691967717908534399863810154565521267538384979288448154341206485394036433957591873476208517641833517008224480732048799984433514059698005233125945720866262783459875585250339181629724006031760699177229443968694622226732131477112304755473694616056441364115225303932509359595643463512179240029078691827941874468030673657787677954479385615619007573677381159918054952231795778348801651209225229171307598729757731753629622735348447049277707915
994 252899221337631462225273112725029159429697401494279891359675676716167019365018125049535761009167823675771514533789226232248545060652878299926120257044500748124584095270500567205303262399397927336979507547708158456903945647530112899518155302403659532611963800755837874164928658473956868659424271563325112712373164520174075602404379533970532521496742731938746963166028618637197927452387614623137575058044476676731408866200117978828773450565088520175116189109723534690976177
995 757558907672293863968584043244688309057534838253866637537048311963328399539010412678149045880225693191747866755133681949813492250931552439291171902380306449935513632016300358967845140852212312713806736779780220121084279046495610429080834898442070279129385738706395432170485397014201857941309901670824111511805037450662265838744630367189175420814176202153585189622946546783178705006819566741436505272248331526828406565109932705468685262302897053342247283383512250239222514
996 2269268991446365321830523999411901289187631209304646727406942708314822258343545111594475341189924080236506077072935282892993032101198523829453252878993761610651158786770233520298640875941180599432428103215792044237911395495683718864786329442746930970443173811882779577064252292065499996424482362016921258436222489432104626495978663902083943067169182533967032087046394278060738178468027287788749635627436351519241847085410863631024738460064816936258411970493103256998090368
997 6797609302461520475348062286329606950406653180065969374907906674476818329461284204972722393432911491412983069456619698700397738618224770197176309224427827389432062821631556900754002491242376154462155459471921089967025543325363563068452468690621997729354626660236821644780452841428737839256311887768981057301586659651044812773821422482611156599857200437803685648362197538464814415678792603270830744252128430169377507931553672893506087755374772647246594832000159304525652322
998 20362311192899757805608806434473242529907096508448408890850558021294849123788102661075121205243848720189970458131383389202589311748457870105049362975531112789001654731662456492802971592685213983679002682018667262322147677032965469900031348634267487619914688898547936564799583938315430847240427089033656114863712181545493077044866265635086580254637509459960866115725515435135585262942648716253200209641958733166262770912388360785093184727877521500675665432692818782097422556
999 60995611540223765374189108697441998661386051748720781007518947565729256305253870208308574321890561577394783762708259005565359213098925280575831239075214751518138480848232431308335745140171591847345615085431094802217764180021575417677013779179107628309781051749459356969429741759903669899081492291276788901773601135073087276714460606994409855794550580419893991055450205775315251606545608086700185481390961521895464218956345102753745144858318740212642939692323995893306664000
1000 182713550435519166271701724331096062708551821443437235041476830840715426293365137271392336076156194562840393340985947956883404005499605048063592229935301528031368702863875424619914758671427449961844168662586313904864973414706966218404840436498159176405354785042994653032419088814045044791085716441531085356175334679223298769570410402085763367564967350380627084484795586866134773785731218803768120991204018240733139091254577648537779423426349794275941454621283886774273328163
























































