entry,date_result_obtained,papers,comment_available,file
A000040,August 2026,papers/0001-0500/0021-PROOF.pdf papers/0001-0500/0029-DISPROOF.pdf,yes,comments/A000040-A176749.md
A000071,August 2026,papers/0001-0500/0019-PROOF.pdf,yes,comments/A000040-A176749.md
A000139,August 2026,papers/0001-0500/0020-PROOF.pdf,yes,comments/A000040-A176749.md
A000180,30 August 2026,papers/3001-3500/3400-PROOF.pdf,yes,comments/A000040-A176749.md
A000276,25 August 2026,papers/9001-9500/9336-PROOF.pdf papers/9001-9500/9344-PROOF.pdf,yes,comments/A000040-A176749.md
A000364,August 2026,papers/0001-0500/0028-DISPROOF.pdf,yes,comments/A000040-A176749.md
A000483,25 August 2026,papers/9001-9500/9335-PROOF.pdf papers/9501-10000/9741-PROOF.pdf,yes,comments/A000040-A176749.md
A000670,25 August 2026,papers/0001-0500/0031-PROOF.pdf,yes,comments/A000040-A176749.md
A000704,25 August 2026,papers/9001-9500/9330-PROOF.pdf,yes,comments/A000040-A176749.md
A000774,25 August 2026,papers/9001-9500/9345-PROOF.pdf,yes,comments/A000040-A176749.md
A000781,25 August 2026,papers/9501-10000/9725-PROOF.pdf,yes,comments/A000040-A176749.md
A000986,26 August 2026,papers/10001-10500/10039-PROOF.pdf,yes,comments/A000040-A176749.md
A001465,25 August 2026,papers/9001-9500/9327-PROOF.pdf,yes,comments/A000040-A176749.md
A001712,25 August 2026,papers/9501-10000/9873-PROOF.pdf,yes,comments/A000040-A176749.md
A001724,25 August 2026,papers/9001-9500/9331-PROOF.pdf,yes,comments/A000040-A176749.md
A002050,25 August 2026,papers/0001-0500/0032-PROOF.pdf,yes,comments/A000040-A176749.md
A002104,25 August 2026,papers/9001-9500/9337-PROOF.pdf,yes,comments/A000040-A176749.md
A002538,25 August 2026,papers/9001-9500/9338-PROOF.pdf,yes,comments/A000040-A176749.md
A002867,25 August 2026,papers/9501-10000/9920-PROOF.pdf,yes,comments/A000040-A176749.md
A003435,26 August 2026,papers/10001-10500/10049-PROOF.pdf,yes,comments/A000040-A176749.md
A003440,25 August 2026,papers/9501-10000/9696-PROOF.pdf,yes,comments/A000040-A176749.md
A004123,25 August 2026,papers/0001-0500/0033-PROOF.pdf,yes,comments/A000040-A176749.md
A005329,24 August 2026,papers/0001-0500/0018-PROOF.pdf,yes,comments/A000040-A176749.md
A005558,30 August 2026,papers/9001-9500/9353-PROOF.pdf papers/9001-9500/9357-PROOF.pdf,yes,comments/A000040-A176749.md
A005559,30 August 2026,papers/9001-9500/9358-PROOF.pdf,yes,comments/A000040-A176749.md
A005560,30 August 2026,papers/9001-9500/9359-PROOF.pdf,yes,comments/A000040-A176749.md
A005561,30 August 2026,papers/9001-9500/9360-PROOF.pdf,yes,comments/A000040-A176749.md
A005562,30 August 2026,papers/9001-9500/9361-PROOF.pdf,yes,comments/A000040-A176749.md
A005654,30 August 2026,papers/9001-9500/9351-PROOF.pdf,yes,comments/A000040-A176749.md
A006231,25 August 2026,papers/9001-9500/9365-PROOF.pdf,yes,comments/A000040-A176749.md
A006531,25 August 2026,papers/0001-0500/0034-PROOF.pdf,yes,comments/A000040-A176749.md
A007901,25 August 2026,papers/9501-10000/9722-PROOF.pdf,yes,comments/A000040-A176749.md
A008365,August 2026,papers/0001-0500/0030-DISPROOF.pdf,yes,comments/A000040-A176749.md
A014533,25 August 2026,papers/9501-10000/9921-PROOF.pdf,yes,comments/A000040-A176749.md
A022917,26 August 2026,papers/10001-10500/10040-PROOF.pdf,yes,comments/A000040-A176749.md
A025175,25 August 2026,papers/9501-10000/9874-PROOF.pdf,yes,comments/A000040-A176749.md
A025245,25 August 2026,papers/9501-10000/9726-PROOF.pdf,yes,comments/A000040-A176749.md
A025248,25 August 2026,papers/9501-10000/9809-PROOF.pdf,yes,comments/A000040-A176749.md
A025249,25 August 2026,papers/9501-10000/9810-PROOF.pdf,yes,comments/A000040-A176749.md
A025251,25 August 2026,papers/9501-10000/9681-PROOF.pdf,yes,comments/A000040-A176749.md
A025256,25 August 2026,papers/9501-10000/9723-PROOF.pdf,yes,comments/A000040-A176749.md
A025257,25 August 2026,papers/9501-10000/9727-PROOF.pdf,yes,comments/A000040-A176749.md
A025258,25 August 2026,papers/9501-10000/9724-PROOF.pdf,yes,comments/A000040-A176749.md
A025268,25 August 2026,papers/9501-10000/9683-PROOF.pdf,yes,comments/A000040-A176749.md
A025269,25 August 2026,papers/9501-10000/9728-PROOF.pdf,yes,comments/A000040-A176749.md
A025270,25 August 2026,papers/9501-10000/9729-PROOF.pdf,yes,comments/A000040-A176749.md
A025271,26 August 2026,papers/10001-10500/10035-PROOF.pdf,yes,comments/A000040-A176749.md
A025272,25 August 2026,papers/9501-10000/9684-PROOF.pdf,yes,comments/A000040-A176749.md
A025275,25 August 2026,papers/9501-10000/9730-PROOF.pdf,yes,comments/A000040-A176749.md
A025567,25 August 2026,papers/9001-9500/9473-PROOF.pdf papers/9501-10000/9619-PROOF.pdf,yes,comments/A000040-A176749.md
A025577,25 August 2026,papers/9501-10000/9875-PROOF.pdf,yes,comments/A000040-A176749.md
A025754,25 August 2026,papers/9001-9500/9319-PROOF.pdf,yes,comments/A000040-A176749.md
A025756,25 August 2026,papers/9001-9500/9307-PROOF.pdf,yes,comments/A000040-A176749.md
A025757,25 August 2026,papers/9001-9500/9303-PROOF.pdf,yes,comments/A000040-A176749.md
A025758,25 August 2026,papers/9001-9500/9298-PROOF.pdf,yes,comments/A000040-A176749.md
A026005,26 August 2026,papers/9001-9500/9281-PROOF.pdf,yes,comments/A000040-A176749.md
A026017,25 August 2026,papers/9501-10000/9811-PROOF.pdf,yes,comments/A000040-A176749.md
A026018,30 August 2026,papers/9001-9500/9368-PROOF.pdf,yes,comments/A000040-A176749.md
A026019,30 August 2026,papers/10001-10500/10016-PROOF.pdf,yes,comments/A000040-A176749.md
A026023,25 August 2026,papers/9501-10000/9876-PROOF.pdf,yes,comments/A000040-A176749.md
A026026,30 August 2026,papers/9001-9500/9370-PROOF.pdf,yes,comments/A000040-A176749.md
A026027,25 August 2026,papers/9501-10000/9826-PROOF.pdf,yes,comments/A000040-A176749.md
A026029,25 August 2026,papers/9501-10000/9895-PROOF.pdf,yes,comments/A000040-A176749.md
A026030,25 August 2026,papers/9501-10000/9742-PROOF.pdf,yes,comments/A000040-A176749.md
A026031,25 August 2026,papers/9501-10000/9743-PROOF.pdf,yes,comments/A000040-A176749.md
A026135,25 August 2026,papers/9501-10000/9827-PROOF.pdf,yes,comments/A000040-A176749.md
A026163,25 August 2026,papers/9001-9500/9477-PROOF.pdf,yes,comments/A000040-A176749.md
A026165,26 August 2026,papers/10001-10500/10044-PROOF.pdf,yes,comments/A000040-A176749.md
A026327,25 August 2026,papers/9501-10000/9801-PROOF.pdf,no,comments/A000040-A176749.md
A026743,25 August 2026,papers/9501-10000/9636-PROOF.pdf,yes,comments/A000040-A176749.md
A032098,31 August 2026,papers/0001-0500/0108-PROOF.pdf,yes,comments/A000040-A176749.md
A034267,30 August 2026,papers/10001-10500/10026-PROOF.pdf,yes,comments/A000040-A176749.md
A034863,25 August 2026,papers/9501-10000/9886-PROOF.pdf,yes,comments/A000040-A176749.md
A036284,23 August 2026,papers/0001-0500/0009-PROOF.pdf papers/0001-0500/0010-PROOF.pdf,yes,comments/A000040-A176749.md
A037096,23 August 2026,papers/0001-0500/0012-PROOF.pdf,yes,comments/A000040-A176749.md
A037097,24 August 2026,papers/0001-0500/0011-PROOF.pdf,yes,comments/A000040-A176749.md
A045742,26 August 2026,papers/9001-9500/9203-PROOF.pdf,yes,comments/A000040-A176749.md
A047926,August 2026,papers/0001-0500/0024-PROOF.pdf,yes,comments/A000040-A176749.md
A048775,25 August 2026,papers/9501-10000/9744-PROOF.pdf,yes,comments/A000040-A176749.md
A049486,25 August 2026,papers/10001-10500/10022-PROOF.pdf,yes,comments/A000040-A176749.md
A050168,25 August 2026,papers/9501-10000/9828-PROOF.pdf,yes,comments/A000040-A176749.md
A051524,25 August 2026,papers/9501-10000/9922-PROOF.pdf,yes,comments/A000040-A176749.md
A051560,25 August 2026,papers/9001-9500/9348-PROOF.pdf,yes,comments/A000040-A176749.md
A052183,30 August 2026,papers/10001-10500/10017-PROOF.pdf,yes,comments/A000040-A176749.md
A052204,30 August 2026,papers/10001-10500/10018-PROOF.pdf,yes,comments/A000040-A176749.md
A052227,30 August 2026,papers/9001-9500/9371-PROOF.pdf,yes,comments/A000040-A176749.md
A052895,25 August 2026,papers/0001-0500/0035-PROOF.pdf,yes,comments/A000040-A176749.md
A053532,25 August 2026,papers/9001-9500/9334-PROOF.pdf,yes,comments/A000040-A176749.md
A054341,25 August 2026,papers/9501-10000/9848-PROOF.pdf,yes,comments/A000040-A176749.md
A055217,25 August 2026,papers/9501-10000/9877-PROOF.pdf,yes,comments/A000040-A176749.md
A055392,25 August 2026,papers/9001-9500/9297-PROOF.pdf,yes,comments/A000040-A176749.md
A059279,25 August 2026,papers/9501-10000/9829-PROOF.pdf,yes,comments/A000040-A176749.md
A059324,August 2026,papers/0001-0500/0023-PROOF.pdf,yes,comments/A000040-A176749.md
A059970,23 August 2026,papers/0001-0500/0013-PROOF.pdf papers/0001-0500/0014-PROOF.pdf,yes,comments/A000040-A176749.md
A061002,August 2026,papers/0001-0500/0004-PROOF.pdf,yes,comments/A000040-A176749.md
A062368,24 August 2026,papers/0001-0500/0017-PROOF.pdf,yes,comments/A000040-A176749.md
A063305,24 August 2026,papers/0001-0500/0001-PROOF.pdf,yes,comments/A000040-A176749.md
A063321,24 August 2026,papers/0001-0500/0003-PROOF.pdf,yes,comments/A000040-A176749.md
A063337,24 August 2026,papers/0001-0500/0002-PROOF.pdf,yes,comments/A000040-A176749.md
A063395,25 August 2026,papers/9501-10000/9830-PROOF.pdf,yes,comments/A000040-A176749.md
A064088,25 August 2026,papers/9501-10000/9896-PROOF.pdf,yes,comments/A000040-A176749.md
A064089,25 August 2026,papers/9501-10000/9897-PROOF.pdf,yes,comments/A000040-A176749.md
A064090,25 August 2026,papers/9501-10000/9898-PROOF.pdf,yes,comments/A000040-A176749.md
A064091,25 August 2026,papers/9501-10000/9899-PROOF.pdf,yes,comments/A000040-A176749.md
A064092,25 August 2026,papers/9501-10000/9900-PROOF.pdf,yes,comments/A000040-A176749.md
A064618,25 August 2026,papers/0001-0500/0036-PROOF.pdf,yes,comments/A000040-A176749.md
A065942,30 August 2026,papers/9001-9500/9354-PROOF.pdf,yes,comments/A000040-A176749.md
A066052,25 August 2026,papers/9001-9500/9332-PROOF.pdf papers/9001-9500/9339-PROOF.pdf,yes,comments/A000040-A176749.md
A067299,25 August 2026,papers/9501-10000/9901-PROOF.pdf,yes,comments/A000040-A176749.md
A068551,25 August 2026,papers/9501-10000/9902-PROOF.pdf,yes,comments/A000040-A176749.md
A071264,25 August 2026,papers/9501-10000/9923-PROOF.pdf,yes,comments/A000040-A176749.md
A071684,25 August 2026,papers/9001-9500/9474-PROOF.pdf,yes,comments/A000040-A176749.md
A071715,25 August 2026,papers/9501-10000/9849-PROOF.pdf,yes,comments/A000040-A176749.md
A071717,25 August 2026,papers/9501-10000/9812-PROOF.pdf,yes,comments/A000040-A176749.md
A071722,25 August 2026,papers/9501-10000/9831-PROOF.pdf,yes,comments/A000040-A176749.md
A072100,25 August 2026,papers/9501-10000/9547-PROOF.pdf,yes,comments/A000040-A176749.md
A073155,25 August 2026,papers/9501-10000/9789-PROOF.pdf,yes,comments/A000040-A176749.md
A073591,25 August 2026,papers/9001-9500/9340-PROOF.pdf,yes,comments/A000040-A176749.md
A076217,31 August 2026,papers/1001-1500/1013-DISPROOF.pdf,yes,comments/A000040-A176749.md
A079144,31 August 2026,papers/0001-0500/0037-PROOF.pdf papers/0001-0500/0038-PROOF.pdf,yes,comments/A000040-A176749.md
A080243,25 August 2026,papers/9501-10000/9903-PROOF.pdf,yes,comments/A000040-A176749.md
A080253,25 August 2026,papers/0001-0500/0039-PROOF.pdf,yes,comments/A000040-A176749.md
A081046,25 August 2026,papers/9501-10000/9924-PROOF.pdf,yes,comments/A000040-A176749.md
A081052,25 August 2026,papers/9501-10000/9878-PROOF.pdf,yes,comments/A000040-A176749.md
A081181,30 August 2026,papers/9001-9500/9355-PROOF.pdf,yes,comments/A000040-A176749.md
A081204,30 August 2026,papers/9001-9500/9356-PROOF.pdf papers/9001-9500/9362-PROOF.pdf,yes,comments/A000040-A176749.md
A081205,30 August 2026,papers/9001-9500/9363-PROOF.pdf,yes,comments/A000040-A176749.md
A081207,25 August 2026,papers/9501-10000/9802-PROOF.pdf,yes,comments/A000040-A176749.md
A081670,30 August 2026,papers/10001-10500/10014-PROOF.pdf,yes,comments/A000040-A176749.md
A082134,25 August 2026,papers/9501-10000/9832-PROOF.pdf,yes,comments/A000040-A176749.md
A084703,31 August 2026,papers/0001-0500/0117-PROOF.pdf,yes,comments/A000040-A176749.md
A085387,25 August 2026,papers/9001-9500/9328-PROOF.pdf,yes,comments/A000040-A176749.md
A085781,30 August 2026,papers/10001-10500/10015-PROOF.pdf,yes,comments/A000040-A176749.md
A087726,24 August 2026,papers/0001-0500/0022-PROOF.pdf,yes,comments/A000040-A176749.md
A089324,25 August 2026,papers/9501-10000/9666-PROOF.pdf,yes,comments/A000040-A176749.md
A090413,25 August 2026,papers/9501-10000/9850-PROOF.pdf,yes,comments/A000040-A176749.md
A090826,25 August 2026,papers/9501-10000/9851-PROOF.pdf,yes,comments/A000040-A176749.md
A091699,25 August 2026,papers/9501-10000/9852-PROOF.pdf,yes,comments/A000040-A176749.md
A091713,31 August 2026,papers/0001-0500/0118-PROOF.pdf,yes,comments/A000040-A176749.md
A092287,23 August 2026,papers/0001-0500/0007-PROOF.pdf,yes,comments/A000040-A176749.md
A092634,30 August 2026,papers/9001-9500/9369-PROOF.pdf,yes,comments/A000040-A176749.md
A094905,25 August 2026,papers/9001-9500/9346-PROOF.pdf,yes,comments/A000040-A176749.md
A095981,25 August 2026,papers/9501-10000/9644-PROOF.pdf,yes,comments/A000040-A176749.md
A096471,25 August 2026,papers/9001-9500/9329-PROOF.pdf,yes,comments/A000040-A176749.md
A097180,25 August 2026,papers/9001-9500/9308-PROOF.pdf,yes,comments/A000040-A176749.md
A097188,25 August 2026,papers/9001-9500/9320-PROOF.pdf,yes,comments/A000040-A176749.md
A097189,25 August 2026,papers/9001-9500/9309-PROOF.pdf,yes,comments/A000040-A176749.md
A097192,25 August 2026,papers/9001-9500/9321-PROOF.pdf,yes,comments/A000040-A176749.md
A097204,25 August 2026,papers/9001-9500/9333-PROOF.pdf,yes,comments/A000040-A176749.md
A097331,25 August 2026,papers/9501-10000/9833-PROOF.pdf,yes,comments/A000040-A176749.md
A098519,25 August 2026,papers/9501-10000/9925-PROOF.pdf,yes,comments/A000040-A176749.md
A098520,25 August 2026,papers/9501-10000/9926-PROOF.pdf,yes,comments/A000040-A176749.md
A098521,25 August 2026,papers/9501-10000/9758-PROOF.pdf,yes,comments/A000040-A176749.md
A098557,25 August 2026,papers/9001-9500/9347-PROOF.pdf,yes,comments/A000040-A176749.md
A098664,25 August 2026,papers/9501-10000/9853-PROOF.pdf,yes,comments/A000040-A176749.md
A099363,25 August 2026,papers/9501-10000/9854-PROOF.pdf,yes,comments/A000040-A176749.md
A100095,25 August 2026,papers/9501-10000/9710-PROOF.pdf,yes,comments/A000040-A176749.md
A100096,25 August 2026,papers/9501-10000/9759-PROOF.pdf,yes,comments/A000040-A176749.md
A100097,25 August 2026,papers/9501-10000/9711-PROOF.pdf,yes,comments/A000040-A176749.md
A100098,25 August 2026,papers/9501-10000/9855-PROOF.pdf,yes,comments/A000040-A176749.md
A100099,25 August 2026,papers/9501-10000/9760-PROOF.pdf,yes,comments/A000040-A176749.md
A100193,25 August 2026,papers/9501-10000/9834-PROOF.pdf,yes,comments/A000040-A176749.md
A101478,25 August 2026,papers/9001-9500/9306-PROOF.pdf,yes,comments/A000040-A176749.md
A101500,25 August 2026,papers/9001-9500/9479-PROOF.pdf,yes,comments/A000040-A176749.md
A101596,25 August 2026,papers/9501-10000/9927-PROOF.pdf,yes,comments/A000040-A176749.md
A101601,25 August 2026,papers/9501-10000/9928-PROOF.pdf,yes,comments/A000040-A176749.md
A101602,25 August 2026,papers/9501-10000/9929-PROOF.pdf,yes,comments/A000040-A176749.md
A102318,25 August 2026,papers/9001-9500/9423-PROOF.pdf papers/9001-9500/9478-PROOF.pdf,yes,comments/A000040-A176749.md
A102319,25 August 2026,papers/9001-9500/9407-PROOF.pdf papers/9001-9500/9480-PROOF.pdf,yes,comments/A000040-A176749.md
A102880,25 August 2026,papers/9501-10000/9731-PROOF.pdf,yes,comments/A000040-A176749.md
A102882,25 August 2026,papers/9501-10000/9803-PROOF.pdf,yes,comments/A000040-A176749.md
A103821,25 August 2026,papers/9501-10000/9879-PROOF.pdf,yes,comments/A000040-A176749.md
A103973,25 August 2026,papers/9501-10000/9835-PROOF.pdf,yes,comments/A000040-A176749.md
A104625,25 August 2026,papers/9501-10000/9667-PROOF.pdf,yes,comments/A000040-A176749.md
A104722,25 August 2026,papers/9501-10000/9813-PROOF.pdf,yes,comments/A000040-A176749.md
A105524,25 August 2026,papers/9501-10000/9790-PROOF.pdf,yes,comments/A000040-A176749.md
A105849,25 August 2026,papers/9501-10000/9761-PROOF.pdf,yes,comments/A000040-A176749.md
A105864,25 August 2026,papers/9501-10000/9762-PROOF.pdf,yes,comments/A000040-A176749.md
A105865,25 August 2026,papers/9501-10000/9763-PROOF.pdf,yes,comments/A000040-A176749.md
A106181,25 August 2026,papers/9501-10000/9836-PROOF.pdf,yes,comments/A000040-A176749.md
A107231,25 August 2026,papers/9501-10000/9880-PROOF.pdf,yes,comments/A000040-A176749.md
A107587,25 August 2026,papers/9001-9500/9424-PROOF.pdf papers/9001-9500/9481-PROOF.pdf,no,comments/A000040-A176749.md
A108296,25 August 2026,papers/9501-10000/9716-PROOF.pdf,yes,comments/A000040-A176749.md
A108308,25 August 2026,papers/9501-10000/9764-PROOF.pdf,yes,comments/A000040-A176749.md
A108600,25 August 2026,papers/9501-10000/9660-PROOF.pdf,yes,comments/A000040-A176749.md
A108623,25 August 2026,papers/9501-10000/9837-PROOF.pdf,yes,comments/A000040-A176749.md
A108704,25 August 2026,papers/9001-9500/9341-PROOF.pdf,yes,comments/A000040-A176749.md
A109263,25 August 2026,papers/9501-10000/9814-PROOF.pdf,yes,comments/A000040-A176749.md
A110198,25 August 2026,papers/9501-10000/9718-PROOF.pdf,yes,comments/A000040-A176749.md
A110199,25 August 2026,papers/9501-10000/9881-PROOF.pdf,yes,comments/A000040-A176749.md
A110320,26 August 2026,papers/9501-10000/9630-PROOF.pdf,yes,comments/A000040-A176749.md
A110322,25 August 2026,papers/9001-9500/9342-PROOF.pdf,yes,comments/A000040-A176749.md
A110521,25 August 2026,papers/9501-10000/9697-PROOF.pdf,yes,comments/A000040-A176749.md
A111053,25 August 2026,papers/9501-10000/9732-PROOF.pdf,yes,comments/A000040-A176749.md
A111403,31 August 2026,papers/0001-0500/0119-PROOF.pdf,yes,comments/A000040-A176749.md
A111779,25 August 2026,papers/9501-10000/9930-PROOF.pdf,yes,comments/A000040-A176749.md
A112703,25 August 2026,papers/9501-10000/9931-PROOF.pdf,yes,comments/A000040-A176749.md
A113956,25 August 2026,papers/9501-10000/9668-PROOF.pdf,yes,comments/A000040-A176749.md
A114190,25 August 2026,papers/9501-10000/9698-PROOF.pdf,yes,comments/A000040-A176749.md
A114191,25 August 2026,papers/9501-10000/9904-PROOF.pdf,yes,comments/A000040-A176749.md
A114194,25 August 2026,papers/9501-10000/9765-PROOF.pdf,yes,comments/A000040-A176749.md
A114464,25 August 2026,papers/9501-10000/9687-PROOF.pdf,yes,comments/A000040-A176749.md
A114584,25 August 2026,papers/9501-10000/9653-PROOF.pdf,yes,comments/A000040-A176749.md
A114589,25 August 2026,papers/9501-10000/9791-PROOF.pdf,yes,comments/A000040-A176749.md
A114590,25 August 2026,papers/9501-10000/9792-PROOF.pdf,yes,comments/A000040-A176749.md
A114851,25 August 2026,papers/9501-10000/9661-PROOF.pdf,yes,comments/A000040-A176749.md
A115256,25 August 2026,papers/9001-9500/9408-PROOF.pdf,yes,comments/A000040-A176749.md
A115967,25 August 2026,papers/9501-10000/9766-PROOF.pdf,yes,comments/A000040-A176749.md
A116383,25 August 2026,papers/9501-10000/9669-PROOF.pdf,yes,comments/A000040-A176749.md
A116385,30 August 2026,papers/9001-9500/9352-PROOF.pdf,yes,comments/A000040-A176749.md
A116387,25 August 2026,papers/9501-10000/9699-PROOF.pdf,yes,comments/A000040-A176749.md
A116391,25 August 2026,papers/9501-10000/9717-PROOF.pdf,yes,comments/A000040-A176749.md
A116406,25 August 2026,papers/9501-10000/9882-PROOF.pdf,yes,comments/A000040-A176749.md
A116409,25 August 2026,papers/9501-10000/9745-PROOF.pdf,yes,comments/A000040-A176749.md
A116881,25 August 2026,papers/9501-10000/9905-PROOF.pdf,yes,comments/A000040-A176749.md
A117186,25 August 2026,papers/9501-10000/9767-PROOF.pdf,yes,comments/A000040-A176749.md
A118093,25 August 2026,papers/9501-10000/9815-PROOF.pdf,yes,comments/A000040-A176749.md
A118974,25 August 2026,papers/9501-10000/9816-PROOF.pdf,yes,comments/A000040-A176749.md
A119012,25 August 2026,papers/9501-10000/9932-PROOF.pdf,yes,comments/A000040-A176749.md
A119975,25 August 2026,papers/9501-10000/9856-PROOF.pdf,yes,comments/A000040-A176749.md
A120010,25 August 2026,papers/9501-10000/9768-PROOF.pdf,yes,comments/A000040-A176749.md
A121320,25 August 2026,papers/9501-10000/9817-PROOF.pdf,yes,comments/A000040-A176749.md
A121724,25 August 2026,papers/9501-10000/9857-PROOF.pdf,yes,comments/A000040-A176749.md
A121725,25 August 2026,papers/9501-10000/9858-PROOF.pdf,yes,comments/A000040-A176749.md
A122920,25 August 2026,papers/9501-10000/9906-PROOF.pdf,yes,comments/A000040-A176749.md
A124431,25 August 2026,papers/9501-10000/9769-PROOF.pdf,yes,comments/A000040-A176749.md
A125306,25 August 2026,papers/9501-10000/9662-PROOF.pdf,yes,comments/A000040-A176749.md
A126089,26 August 2026,papers/10001-10500/10034-PROOF.pdf,yes,comments/A000040-A176749.md
A126180,25 August 2026,papers/9501-10000/9838-PROOF.pdf,yes,comments/A000040-A176749.md
A126322,25 August 2026,papers/9501-10000/9746-PROOF.pdf,yes,comments/A000040-A176749.md
A126323,25 August 2026,papers/9501-10000/9818-PROOF.pdf,yes,comments/A000040-A176749.md
A126501,25 August 2026,papers/10001-10500/10027-PROOF.pdf,yes,comments/A000040-A176749.md
A126568,25 August 2026,papers/9501-10000/9770-PROOF.pdf,yes,comments/A000040-A176749.md
A126931,25 August 2026,papers/9501-10000/9859-PROOF.pdf,yes,comments/A000040-A176749.md
A126932,25 August 2026,papers/9501-10000/9860-PROOF.pdf,yes,comments/A000040-A176749.md
A127154,25 August 2026,papers/9501-10000/9688-PROOF.pdf,yes,comments/A000040-A176749.md
A127363,25 August 2026,papers/9501-10000/9861-PROOF.pdf,yes,comments/A000040-A176749.md
A127632,25 August 2026,papers/9001-9500/9310-PROOF.pdf,yes,comments/A000040-A176749.md
A127905,26 August 2026,papers/9001-9500/9199-PROOF.pdf,yes,comments/A000040-A176749.md
A128057,25 August 2026,papers/9501-10000/9933-PROOF.pdf,yes,comments/A000040-A176749.md
A128096,25 August 2026,papers/9501-10000/9700-PROOF.pdf,yes,comments/A000040-A176749.md
A128153,25 August 2026,papers/10001-10500/10028-PROOF.pdf,yes,comments/A000040-A176749.md
A128652,25 August 2026,papers/9501-10000/9887-PROOF.pdf,yes,comments/A000040-A176749.md
A128723,25 August 2026,papers/9501-10000/9819-PROOF.pdf,yes,comments/A000040-A176749.md
A128732,25 August 2026,papers/9501-10000/9839-PROOF.pdf,yes,comments/A000040-A176749.md
A128734,25 August 2026,papers/9501-10000/9883-PROOF.pdf,yes,comments/A000040-A176749.md
A128746,25 August 2026,papers/9501-10000/9934-PROOF.pdf,yes,comments/A000040-A176749.md
A128750,25 August 2026,papers/9501-10000/9747-PROOF.pdf,yes,comments/A000040-A176749.md
A129149,25 August 2026,papers/9001-9500/9349-PROOF.pdf,yes,comments/A000040-A176749.md
A129364,24 August 2026,papers/0001-0500/0008-PROOF.pdf,yes,comments/A000040-A176749.md
A129365,23 August 2026,papers/0001-0500/0005-PROOF.pdf,yes,comments/A000040-A176749.md
A129454,23 August 2026,papers/0001-0500/0006-PROOF.pdf,yes,comments/A000040-A176749.md
A129833,30 August 2026,papers/2501-3000/2892-PROOF.pdf papers/3001-3500/3306-PROOF.pdf,yes,comments/A000040-A176749.md
A130655,25 August 2026,papers/9001-9500/9311-PROOF.pdf,yes,comments/A000040-A176749.md
A132364,25 August 2026,papers/9501-10000/9771-PROOF.pdf,yes,comments/A000040-A176749.md
A132864,25 August 2026,papers/9501-10000/9907-PROOF.pdf,yes,comments/A000040-A176749.md
A132900,25 August 2026,papers/9501-10000/9935-PROOF.pdf,yes,comments/A000040-A176749.md
A133305,25 August 2026,papers/9501-10000/9908-PROOF.pdf,yes,comments/A000040-A176749.md
A133306,25 August 2026,papers/9501-10000/9909-PROOF.pdf,yes,comments/A000040-A176749.md
A133307,25 August 2026,papers/9501-10000/9910-PROOF.pdf,yes,comments/A000040-A176749.md
A133308,25 August 2026,papers/9501-10000/9911-PROOF.pdf,yes,comments/A000040-A176749.md
A134389,25 August 2026,papers/9501-10000/9840-PROOF.pdf,yes,comments/A000040-A176749.md
A135052,25 August 2026,papers/9501-10000/9701-PROOF.pdf,yes,comments/A000040-A176749.md
A135334,25 August 2026,papers/9501-10000/9820-PROOF.pdf,yes,comments/A000040-A176749.md
A135335,25 August 2026,papers/9501-10000/9689-PROOF.pdf,yes,comments/A000040-A176749.md
A135582,25 August 2026,papers/9501-10000/9677-PROOF.pdf,yes,comments/A000040-A176749.md
A135925,25 August 2026,papers/9501-10000/9721-PROOF.pdf,yes,comments/A000040-A176749.md
A138164,26 August 2026,papers/10001-10500/10036-PROOF.pdf,yes,comments/A000040-A176749.md
A139376,25 August 2026,papers/9501-10000/9678-PROOF.pdf,yes,comments/A000040-A176749.md
A140901,6 September 2026,papers/6501-7000/6659-PROOF.pdf,yes,comments/A000040-A176749.md
A140902,6 September 2026,papers/5501-6000/5941-PROOF.pdf,yes,comments/A000040-A176749.md
A140903,6 September 2026,papers/6001-6500/6183-PROOF.pdf,yes,comments/A000040-A176749.md
A140904,6 September 2026,papers/5501-6000/5571-PROOF.pdf,yes,comments/A000040-A176749.md
A140905,6 September 2026,papers/5001-5500/5131-PROOF.pdf,yes,comments/A000040-A176749.md
A140906,6 September 2026,papers/4501-5000/4766-PROOF.pdf,yes,comments/A000040-A176749.md
A140907,6 September 2026,papers/5501-6000/5833-PROOF.pdf,yes,comments/A000040-A176749.md
A140908,6 September 2026,papers/5001-5500/5259-PROOF.pdf,yes,comments/A000040-A176749.md
A140909,6 September 2026,papers/4501-5000/4819-PROOF.pdf,yes,comments/A000040-A176749.md
A140910,6 September 2026,papers/4001-4500/4470-PROOF.pdf,yes,comments/A000040-A176749.md
A140911,6 September 2026,papers/4001-4500/4175-PROOF.pdf,yes,comments/A000040-A176749.md
A140912,6 September 2026,papers/5501-6000/5572-PROOF.pdf,yes,comments/A000040-A176749.md
A140913,6 September 2026,papers/5001-5500/5001-PROOF.pdf,yes,comments/A000040-A176749.md
A140914,6 September 2026,papers/4501-5000/4568-PROOF.pdf,yes,comments/A000040-A176749.md
A140915,6 September 2026,papers/4001-4500/4215-PROOF.pdf,yes,comments/A000040-A176749.md
A140916,6 September 2026,papers/3501-4000/3954-PROOF.pdf,yes,comments/A000040-A176749.md
A140917,6 September 2026,papers/3501-4000/3776-PROOF.pdf,yes,comments/A000040-A176749.md
A140918,6 September 2026,papers/5001-5500/5338-PROOF.pdf,yes,comments/A000040-A176749.md
A140919,6 September 2026,papers/4501-5000/4767-PROOF.pdf,yes,comments/A000040-A176749.md
A140920,6 September 2026,papers/4001-4500/4338-PROOF.pdf,yes,comments/A000040-A176749.md
A140921,6 September 2026,papers/4001-4500/4028-PROOF.pdf,yes,comments/A000040-A176749.md
A140922,6 September 2026,papers/3501-4000/3794-PROOF.pdf,yes,comments/A000040-A176749.md
A140923,6 September 2026,papers/3501-4000/3625-PROOF.pdf,yes,comments/A000040-A176749.md
A140924,6 September 2026,papers/3501-4000/3553-PROOF.pdf,yes,comments/A000040-A176749.md
A140926,6 September 2026,papers/5001-5500/5132-PROOF.pdf,yes,comments/A000040-A176749.md
A140927,6 September 2026,papers/4501-5000/4569-PROOF.pdf,yes,comments/A000040-A176749.md
A140928,6 September 2026,papers/4001-4500/4131-PROOF.pdf,yes,comments/A000040-A176749.md
A140929,6 September 2026,papers/3501-4000/3866-PROOF.pdf,yes,comments/A000040-A176749.md
A140930,6 September 2026,papers/3501-4000/3657-PROOF.pdf,yes,comments/A000040-A176749.md
A140931,6 September 2026,papers/3501-4000/3564-PROOF.pdf,yes,comments/A000040-A176749.md
A140932,6 September 2026,papers/3001-3500/3481-PROOF.pdf,yes,comments/A000040-A176749.md
A140933,6 September 2026,papers/3001-3500/3426-PROOF.pdf,yes,comments/A000040-A176749.md
A140935,6 September 2026,papers/4501-5000/4932-PROOF.pdf,yes,comments/A000040-A176749.md
A140936,6 September 2026,papers/4001-4500/4382-PROOF.pdf,yes,comments/A000040-A176749.md
A140937,6 September 2026,papers/3501-4000/3987-PROOF.pdf,yes,comments/A000040-A176749.md
A140938,6 September 2026,papers/3501-4000/3731-PROOF.pdf,yes,comments/A000040-A176749.md
A140939,6 September 2026,papers/3501-4000/3582-PROOF.pdf,yes,comments/A000040-A176749.md
A140940,6 September 2026,papers/3001-3500/3492-PROOF.pdf,yes,comments/A000040-A176749.md
A140941,6 September 2026,papers/3001-3500/3431-PROOF.pdf,yes,comments/A000040-A176749.md
A140942,6 September 2026,papers/3001-3500/3425-PROOF.pdf,yes,comments/A000040-A176749.md
A140943,6 September 2026,papers/3001-3500/3424-PROOF.pdf,yes,comments/A000040-A176749.md
A141135,31 August 2026,papers/0501-1000/0990-DISPROOF.pdf,yes,comments/A000040-A176749.md
A141222,25 August 2026,papers/9501-10000/9912-PROOF.pdf,yes,comments/A000040-A176749.md
A141342,25 August 2026,papers/9501-10000/9772-PROOF.pdf,yes,comments/A000040-A176749.md
A141351,25 August 2026,papers/9501-10000/9821-PROOF.pdf,yes,comments/A000040-A176749.md
A141353,25 August 2026,papers/9501-10000/9822-PROOF.pdf,yes,comments/A000040-A176749.md
A141771,25 August 2026,papers/9501-10000/9944-PROOF.pdf,yes,comments/A000040-A176749.md
A143013,25 August 2026,papers/9501-10000/9841-PROOF.pdf,yes,comments/A000040-A176749.md
A143017,26 August 2026,papers/10001-10500/10037-PROOF.pdf,yes,comments/A000040-A176749.md
A143954,25 August 2026,papers/9501-10000/9842-PROOF.pdf,yes,comments/A000040-A176749.md
A143955,25 August 2026,papers/9501-10000/9748-PROOF.pdf,yes,comments/A000040-A176749.md
A151483,25 August 2026,papers/9501-10000/9936-PROOF.pdf,yes,comments/A000040-A176749.md
A152120,25 August 2026,papers/9501-10000/9733-PROOF.pdf,yes,comments/A000040-A176749.md
A154623,25 August 2026,papers/9501-10000/9913-PROOF.pdf,yes,comments/A000040-A176749.md
A155051,25 August 2026,papers/9501-10000/9773-PROOF.pdf papers/9501-10000/9862-PROOF.pdf,yes,comments/A000040-A176749.md
A155543,31 August 2026,papers/0001-0500/0120-PROOF.pdf,yes,comments/A000040-A176749.md
A157002,25 August 2026,papers/9501-10000/9774-PROOF.pdf,yes,comments/A000040-A176749.md
A157003,25 August 2026,papers/9501-10000/9673-PROOF.pdf,yes,comments/A000040-A176749.md
A157021,25 August 2026,papers/9501-10000/9647-PROOF.pdf papers/9501-10000/9702-PROOF.pdf,yes,comments/A000040-A176749.md
A157100,25 August 2026,papers/9501-10000/9775-PROOF.pdf,yes,comments/A000040-A176749.md
A157125,25 August 2026,papers/9001-9500/9422-PROOF.pdf,yes,comments/A000040-A176749.md
A157328,25 August 2026,papers/9501-10000/9914-PROOF.pdf,yes,comments/A000040-A176749.md
A157418,25 August 2026,papers/9501-10000/9843-PROOF.pdf,yes,comments/A000040-A176749.md
A157713,30 August 2026,papers/10001-10500/10019-PROOF.pdf,yes,comments/A000040-A176749.md
A158196,25 August 2026,papers/9501-10000/9844-PROOF.pdf papers/9501-10000/9915-PROOF.pdf,yes,comments/A000040-A176749.md
A158197,25 August 2026,papers/9501-10000/9845-PROOF.pdf papers/9501-10000/9916-PROOF.pdf,yes,comments/A000040-A176749.md
A158495,25 August 2026,papers/9501-10000/9890-PROOF.pdf,yes,comments/A000040-A176749.md
A158690,31 August 2026,papers/0001-0500/0040-PROOF.pdf papers/0001-0500/0041-PROOF.pdf,yes,comments/A000040-A176749.md
A158826,25 August 2026,papers/9001-9500/9322-PROOF.pdf,yes,comments/A000040-A176749.md
A159769,25 August 2026,papers/9001-9500/9323-PROOF.pdf,yes,comments/A000040-A176749.md
A159771,25 August 2026,papers/9501-10000/9734-PROOF.pdf,yes,comments/A000040-A176749.md
A159772,26 August 2026,papers/10001-10500/10038-PROOF.pdf,yes,comments/A000040-A176749.md
A160823,25 August 2026,papers/9501-10000/9703-PROOF.pdf,yes,comments/A000040-A176749.md
A162314,25 August 2026,papers/0001-0500/0042-PROOF.pdf,yes,comments/A000040-A176749.md
A162475,25 August 2026,papers/9501-10000/9685-PROOF.pdf,yes,comments/A000040-A176749.md
A162481,25 August 2026,papers/9501-10000/9793-PROOF.pdf,yes,comments/A000040-A176749.md
A162482,25 August 2026,papers/9501-10000/9674-PROOF.pdf,yes,comments/A000040-A176749.md
A162548,25 August 2026,papers/9501-10000/9670-PROOF.pdf,yes,comments/A000040-A176749.md
A162972,25 August 2026,papers/9001-9500/9326-PROOF.pdf,yes,comments/A000040-A176749.md
A163020,2 September 2026,papers/9001-9500/9380-PROOF.pdf,yes,comments/A000040-A176749.md
A163493,25 August 2026,papers/9501-10000/9675-PROOF.pdf,yes,comments/A000040-A176749.md
A163824,25 August 2026,papers/9501-10000/9823-PROOF.pdf,yes,comments/A000040-A176749.md
A164586,25 August 2026,papers/9501-10000/9654-PROOF.pdf,yes,comments/A000040-A176749.md
A164760,2 September 2026,papers/9001-9500/9393-PROOF.pdf,yes,comments/A000040-A176749.md
A165201,25 August 2026,papers/9501-10000/9824-PROOF.pdf,yes,comments/A000040-A176749.md
A165203,25 August 2026,papers/9501-10000/9749-PROOF.pdf,yes,comments/A000040-A176749.md
A165372,2 September 2026,papers/9501-10000/9553-PROOF.pdf,yes,comments/A000040-A176749.md
A165373,2 September 2026,papers/9001-9500/9409-PROOF.pdf,yes,comments/A000040-A176749.md
A165378,2 September 2026,papers/9001-9500/9490-PROOF.pdf,yes,comments/A000040-A176749.md
A165381,2 September 2026,papers/9001-9500/9483-PROOF.pdf,yes,comments/A000040-A176749.md
A165386,2 September 2026,papers/9001-9500/9378-PROOF.pdf,yes,comments/A000040-A176749.md
A165392,2 September 2026,papers/9001-9500/9484-PROOF.pdf,yes,comments/A000040-A176749.md
A165394,2 September 2026,papers/9001-9500/9410-PROOF.pdf,yes,comments/A000040-A176749.md
A165537,25 August 2026,papers/9501-10000/9648-PROOF.pdf,yes,comments/A000040-A176749.md
A165540,25 August 2026,papers/9501-10000/9690-PROOF.pdf,yes,comments/A000040-A176749.md
A166076,25 August 2026,papers/9501-10000/9776-PROOF.pdf,yes,comments/A000040-A176749.md
A166078,25 August 2026,papers/9501-10000/9863-PROOF.pdf,yes,comments/A000040-A176749.md
A166135,25 August 2026,papers/9001-9500/9312-PROOF.pdf,yes,comments/A000040-A176749.md
A166287,25 August 2026,papers/9501-10000/9649-PROOF.pdf papers/9501-10000/9704-PROOF.pdf,yes,comments/A000040-A176749.md
A166290,25 August 2026,papers/9501-10000/9663-PROOF.pdf,yes,comments/A000040-A176749.md
A166300,25 August 2026,papers/9501-10000/9777-PROOF.pdf,yes,comments/A000040-A176749.md
A166588,25 August 2026,papers/9501-10000/9864-PROOF.pdf,yes,comments/A000040-A176749.md
A166694,25 August 2026,papers/9501-10000/9735-PROOF.pdf,yes,comments/A000040-A176749.md
A166696,25 August 2026,papers/9501-10000/9736-PROOF.pdf,yes,comments/A000040-A176749.md
A167137,25 August 2026,papers/0001-0500/0043-PROOF.pdf,yes,comments/A000040-A176749.md
A167481,25 August 2026,papers/9501-10000/9937-PROOF.pdf,yes,comments/A000040-A176749.md
A168503,25 August 2026,papers/9501-10000/9778-PROOF.pdf,yes,comments/A000040-A176749.md
A168505,25 August 2026,papers/9501-10000/9750-PROOF.pdf,yes,comments/A000040-A176749.md
A168506,25 August 2026,papers/9001-9500/9301-PROOF.pdf,yes,comments/A000040-A176749.md
A171416,25 August 2026,papers/9501-10000/9691-PROOF.pdf,yes,comments/A000040-A176749.md
A171556,25 August 2026,papers/9501-10000/9938-PROOF.pdf,yes,comments/A000040-A176749.md
A172025,30 August 2026,papers/9001-9500/9291-PROOF.pdf,yes,comments/A000040-A176749.md
A173993,25 August 2026,papers/9501-10000/9671-PROOF.pdf,yes,comments/A000040-A176749.md
A174013,25 August 2026,papers/9501-10000/9650-PROOF.pdf,yes,comments/A000040-A176749.md
A174107,25 August 2026,papers/9501-10000/9779-PROOF.pdf,yes,comments/A000040-A176749.md
A174169,25 August 2026,papers/9501-10000/9780-PROOF.pdf,yes,comments/A000040-A176749.md
A174195,25 August 2026,papers/9501-10000/9888-PROOF.pdf,yes,comments/A000040-A176749.md
A174783,25 August 2026,papers/9501-10000/9794-PROOF.pdf,yes,comments/A000040-A176749.md
A174808,25 August 2026,papers/9501-10000/9705-PROOF.pdf,yes,comments/A000040-A176749.md
A176006,25 August 2026,papers/9501-10000/9865-PROOF.pdf,yes,comments/A000040-A176749.md
A176126,25 August 2026,papers/9501-10000/9633-PROOF.pdf,yes,comments/A000040-A176749.md
A176332,25 August 2026,papers/9501-10000/9781-PROOF.pdf,yes,comments/A000040-A176749.md
A176479,25 August 2026,papers/9501-10000/9939-PROOF.pdf,yes,comments/A000040-A176749.md
A176605,25 August 2026,papers/9501-10000/9751-PROOF.pdf,yes,comments/A000040-A176749.md
A176606,25 August 2026,papers/9501-10000/9945-PROOF.pdf,yes,comments/A000040-A176749.md
A176607,25 August 2026,papers/9501-10000/9946-PROOF.pdf,yes,comments/A000040-A176749.md
A176609,25 August 2026,papers/9501-10000/9947-PROOF.pdf,yes,comments/A000040-A176749.md
A176610,25 August 2026,papers/9501-10000/9948-PROOF.pdf,yes,comments/A000040-A176749.md
A176611,25 August 2026,papers/9501-10000/9949-PROOF.pdf,yes,comments/A000040-A176749.md
A176675,25 August 2026,papers/9501-10000/9950-PROOF.pdf,yes,comments/A000040-A176749.md
A176749,25 August 2026,papers/9501-10000/9951-PROOF.pdf,yes,comments/A000040-A176749.md
A176750,25 August 2026,papers/9501-10000/9952-PROOF.pdf,yes,comments/A176750-A185925.md
A176751,25 August 2026,papers/9501-10000/9953-PROOF.pdf,yes,comments/A176750-A185925.md
A176752,25 August 2026,papers/9501-10000/9954-PROOF.pdf,yes,comments/A176750-A185925.md
A176753,25 August 2026,papers/9501-10000/9955-PROOF.pdf,yes,comments/A176750-A185925.md
A176754,25 August 2026,papers/9501-10000/9956-PROOF.pdf,yes,comments/A176750-A185925.md
A176755,25 August 2026,papers/9501-10000/9957-PROOF.pdf,yes,comments/A176750-A185925.md
A176756,25 August 2026,papers/9501-10000/9958-PROOF.pdf,yes,comments/A176750-A185925.md
A176757,25 August 2026,papers/9501-10000/9959-PROOF.pdf,yes,comments/A176750-A185925.md
A176759,25 August 2026,papers/9501-10000/9960-PROOF.pdf,yes,comments/A176750-A185925.md
A176828,25 August 2026,papers/9501-10000/9961-PROOF.pdf,yes,comments/A176750-A185925.md
A176829,25 August 2026,papers/9501-10000/9962-PROOF.pdf,yes,comments/A176750-A185925.md
A176830,25 August 2026,papers/9501-10000/9963-PROOF.pdf,yes,comments/A176750-A185925.md
A176832,25 August 2026,papers/9501-10000/9964-PROOF.pdf,yes,comments/A176750-A185925.md
A176854,25 August 2026,papers/9501-10000/9965-PROOF.pdf,yes,comments/A176750-A185925.md
A176855,25 August 2026,papers/9501-10000/9966-PROOF.pdf,yes,comments/A176750-A185925.md
A176856,25 August 2026,papers/9501-10000/9967-PROOF.pdf,yes,comments/A176750-A185925.md
A176857,25 August 2026,papers/9501-10000/9968-PROOF.pdf,yes,comments/A176750-A185925.md
A176858,25 August 2026,papers/9501-10000/9969-PROOF.pdf,yes,comments/A176750-A185925.md
A176859,25 August 2026,papers/9501-10000/9970-PROOF.pdf,yes,comments/A176750-A185925.md
A176952,25 August 2026,papers/9501-10000/9971-PROOF.pdf,yes,comments/A176750-A185925.md
A176953,25 August 2026,papers/9501-10000/9972-PROOF.pdf,yes,comments/A176750-A185925.md
A176956,25 August 2026,papers/9501-10000/9973-PROOF.pdf,yes,comments/A176750-A185925.md
A176957,25 August 2026,papers/9501-10000/9974-PROOF.pdf,yes,comments/A176750-A185925.md
A176958,25 August 2026,papers/9501-10000/9975-PROOF.pdf,yes,comments/A176750-A185925.md
A176959,25 August 2026,papers/9501-10000/9976-PROOF.pdf,yes,comments/A176750-A185925.md
A176962,25 August 2026,papers/9501-10000/9977-PROOF.pdf,yes,comments/A176750-A185925.md
A176964,25 August 2026,papers/9501-10000/9978-PROOF.pdf,yes,comments/A176750-A185925.md
A176966,25 August 2026,papers/9501-10000/9979-PROOF.pdf,yes,comments/A176750-A185925.md
A176967,25 August 2026,papers/9501-10000/9980-PROOF.pdf,yes,comments/A176750-A185925.md
A177123,25 August 2026,papers/9501-10000/9981-PROOF.pdf,yes,comments/A176750-A185925.md
A177124,25 August 2026,papers/9501-10000/9982-PROOF.pdf,yes,comments/A176750-A185925.md
A177125,25 August 2026,papers/9501-10000/9983-PROOF.pdf,yes,comments/A176750-A185925.md
A177126,25 August 2026,papers/9501-10000/9984-PROOF.pdf,yes,comments/A176750-A185925.md
A177127,25 August 2026,papers/9501-10000/9985-PROOF.pdf,yes,comments/A176750-A185925.md
A177128,25 August 2026,papers/9501-10000/9986-PROOF.pdf,yes,comments/A176750-A185925.md
A177129,25 August 2026,papers/9501-10000/9987-PROOF.pdf,yes,comments/A176750-A185925.md
A177130,25 August 2026,papers/9501-10000/9988-PROOF.pdf,yes,comments/A176750-A185925.md
A177131,25 August 2026,papers/9501-10000/9989-PROOF.pdf,yes,comments/A176750-A185925.md
A177163,25 August 2026,papers/9501-10000/9990-PROOF.pdf,yes,comments/A176750-A185925.md
A177165,25 August 2026,papers/9501-10000/9991-PROOF.pdf,yes,comments/A176750-A185925.md
A177166,25 August 2026,papers/9501-10000/9992-PROOF.pdf,yes,comments/A176750-A185925.md
A177167,25 August 2026,papers/9501-10000/9993-PROOF.pdf,yes,comments/A176750-A185925.md
A177168,25 August 2026,papers/9501-10000/9994-PROOF.pdf,yes,comments/A176750-A185925.md
A177169,25 August 2026,papers/9501-10000/9995-PROOF.pdf,yes,comments/A176750-A185925.md
A177170,25 August 2026,papers/9501-10000/9996-PROOF.pdf,yes,comments/A176750-A185925.md
A177171,25 August 2026,papers/9501-10000/9997-PROOF.pdf,yes,comments/A176750-A185925.md
A177172,25 August 2026,papers/9501-10000/9998-PROOF.pdf,yes,comments/A176750-A185925.md
A177175,25 August 2026,papers/9501-10000/9999-PROOF.pdf,yes,comments/A176750-A185925.md
A177177,25 August 2026,papers/9501-10000/10000-PROOF.pdf,yes,comments/A176750-A185925.md
A177178,25 August 2026,papers/10001-10500/10001-PROOF.pdf,yes,comments/A176750-A185925.md
A177179,25 August 2026,papers/10001-10500/10002-PROOF.pdf,yes,comments/A176750-A185925.md
A177180,25 August 2026,papers/10001-10500/10003-PROOF.pdf,yes,comments/A176750-A185925.md
A177181,25 August 2026,papers/10001-10500/10004-PROOF.pdf,yes,comments/A176750-A185925.md
A177182,25 August 2026,papers/10001-10500/10005-PROOF.pdf,yes,comments/A176750-A185925.md
A177183,25 August 2026,papers/10001-10500/10006-PROOF.pdf,yes,comments/A176750-A185925.md
A177184,25 August 2026,papers/10001-10500/10007-PROOF.pdf,yes,comments/A176750-A185925.md
A177185,25 August 2026,papers/10001-10500/10008-PROOF.pdf,yes,comments/A176750-A185925.md
A177197,25 August 2026,papers/10001-10500/10009-PROOF.pdf,yes,comments/A176750-A185925.md
A177198,25 August 2026,papers/10001-10500/10010-PROOF.pdf,yes,comments/A176750-A185925.md
A177199,25 August 2026,papers/10001-10500/10011-PROOF.pdf,yes,comments/A176750-A185925.md
A177200,25 August 2026,papers/10001-10500/10012-PROOF.pdf,yes,comments/A176750-A185925.md
A177203,25 August 2026,papers/10001-10500/10013-PROOF.pdf,yes,comments/A176750-A185925.md
A178072,25 August 2026,papers/9501-10000/9651-PROOF.pdf,yes,comments/A176750-A185925.md
A179648,25 August 2026,papers/9001-9500/9475-PROOF.pdf,yes,comments/A176750-A185925.md
A180752,7 September 2026,papers/8501-9000/8691-PROOF.pdf,yes,comments/A176750-A185925.md
A180753,7 September 2026,papers/6501-7000/6814-PROOF.pdf,yes,comments/A176750-A185925.md
A180754,7 September 2026,papers/5001-5500/5190-PROOF.pdf,yes,comments/A176750-A185925.md
A180762,4 September 2026,papers/3001-3500/3058-PROOF.pdf,yes,comments/A176750-A185925.md
A180763,4 September 2026,papers/2001-2500/2291-PROOF.pdf,yes,comments/A176750-A185925.md
A180764,4 September 2026,papers/1501-2000/1582-PROOF.pdf,yes,comments/A176750-A185925.md
A180765,4 September 2026,papers/1001-1500/1165-PROOF.pdf,yes,comments/A176750-A185925.md
A181192,2 September 2026,papers/9501-10000/9503-PROOF.pdf,yes,comments/A176750-A185925.md
A181207,7 September 2026,papers/8501-9000/8973-PROOF.pdf,yes,comments/A176750-A185925.md
A181210,7 September 2026,papers/6501-7000/6662-PROOF.pdf,yes,comments/A176750-A185925.md
A181211,7 September 2026,papers/5001-5500/5483-PROOF.pdf,yes,comments/A176750-A185925.md
A181246,6 September 2026,papers/9001-9500/9200-PROOF.pdf,yes,comments/A176750-A185925.md
A181247,6 September 2026,papers/8501-9000/8967-PROOF.pdf,yes,comments/A176750-A185925.md
A181248,6 September 2026,papers/8001-8500/8126-PROOF.pdf,yes,comments/A176750-A185925.md
A181249,7 September 2026,papers/7001-7500/7251-PROOF.pdf,yes,comments/A176750-A185925.md
A181250,7 September 2026,papers/6001-6500/6182-PROOF.pdf,yes,comments/A176750-A185925.md
A181251,7 September 2026,papers/5001-5500/5191-PROOF.pdf,yes,comments/A176750-A185925.md
A181255,6 September 2026,papers/8001-8500/8121-PROOF.pdf,yes,comments/A176750-A185925.md
A181257,6 September 2026,papers/5501-6000/5936-PROOF.pdf,yes,comments/A176750-A185925.md
A181258,7 September 2026,papers/5501-6000/5935-PROOF.pdf,yes,comments/A176750-A185925.md
A181259,7 September 2026,papers/5501-6000/5826-PROOF.pdf,yes,comments/A176750-A185925.md
A181260,7 September 2026,papers/5501-6000/5825-PROOF.pdf,yes,comments/A176750-A185925.md
A181933,25 August 2026,papers/9501-10000/9752-PROOF.pdf,yes,comments/A176750-A185925.md
A182401,25 August 2026,papers/9501-10000/9940-PROOF.pdf,yes,comments/A176750-A185925.md
A182879,25 August 2026,papers/9501-10000/9719-PROOF.pdf,yes,comments/A176750-A185925.md
A182881,25 August 2026,papers/9501-10000/9804-PROOF.pdf,yes,comments/A176750-A185925.md
A182887,25 August 2026,papers/9501-10000/9720-PROOF.pdf,yes,comments/A176750-A185925.md
A182892,25 August 2026,papers/9501-10000/9639-PROOF.pdf,yes,comments/A176750-A185925.md
A182894,25 August 2026,papers/9501-10000/9652-PROOF.pdf,yes,comments/A176750-A185925.md
A182904,25 August 2026,papers/9501-10000/9656-PROOF.pdf,yes,comments/A176750-A185925.md
A183304,31 August 2026,papers/9001-9500/9088-PROOF.pdf,yes,comments/A176750-A185925.md
A183305,31 August 2026,papers/6501-7000/6717-PROOF.pdf,yes,comments/A176750-A185925.md
A183306,31 August 2026,papers/5001-5500/5159-PROOF.pdf,yes,comments/A176750-A185925.md
A183314,7 September 2026,papers/8501-9000/8974-PROOF.pdf,yes,comments/A176750-A185925.md
A183315,7 September 2026,papers/7501-8000/7898-PROOF.pdf,yes,comments/A176750-A185925.md
A183316,7 September 2026,papers/6001-6500/6493-PROOF.pdf,yes,comments/A176750-A185925.md
A183317,7 September 2026,papers/5001-5500/5003-PROOF.pdf,yes,comments/A176750-A185925.md
A183318,7 September 2026,papers/3501-4000/3778-PROOF.pdf,yes,comments/A176750-A185925.md
A183324,3 September 2026,papers/8501-9000/8858-PROOF.pdf,yes,comments/A176750-A185925.md
A183325,3 September 2026,papers/7501-8000/7807-PROOF.pdf,yes,comments/A176750-A185925.md
A183327,3 September 2026,papers/4001-4500/4493-PROOF.pdf,yes,comments/A176750-A185925.md
A183330,3 September 2026,papers/8501-9000/8886-PROOF.pdf,yes,comments/A176750-A185925.md
A183331,3 September 2026,papers/7501-8000/7634-PROOF.pdf,yes,comments/A176750-A185925.md
A183332,3 September 2026,papers/6001-6500/6004-PROOF.pdf,yes,comments/A176750-A185925.md
A183333,3 September 2026,papers/4001-4500/4404-PROOF.pdf,yes,comments/A176750-A185925.md
A183336,3 September 2026,papers/8501-9000/8576-PROOF.pdf,yes,comments/A176750-A185925.md
A183337,3 September 2026,papers/7501-8000/7793-PROOF.pdf,yes,comments/A176750-A185925.md
A183338,3 September 2026,papers/7001-7500/7162-PROOF.pdf,yes,comments/A176750-A185925.md
A183339,3 September 2026,papers/6001-6500/6088-PROOF.pdf,yes,comments/A176750-A185925.md
A183340,3 September 2026,papers/4501-5000/4953-PROOF.pdf,yes,comments/A176750-A185925.md
A183341,3 September 2026,papers/4001-4500/4306-PROOF.pdf,yes,comments/A176750-A185925.md
A183344,3 September 2026,papers/9001-9500/9138-PROOF.pdf,yes,comments/A176750-A185925.md
A183345,3 September 2026,papers/8001-8500/8334-PROOF.pdf,yes,comments/A176750-A185925.md
A183346,3 September 2026,papers/7501-8000/7805-PROOF.pdf,yes,comments/A176750-A185925.md
A183347,3 September 2026,papers/7001-7500/7028-PROOF.pdf,yes,comments/A176750-A185925.md
A183348,3 September 2026,papers/5501-6000/5863-PROOF.pdf,yes,comments/A176750-A185925.md
A183349,3 September 2026,papers/5001-5500/5086-PROOF.pdf,yes,comments/A176750-A185925.md
A183350,3 September 2026,papers/4001-4500/4005-PROOF.pdf,yes,comments/A176750-A185925.md
A183351,3 September 2026,papers/3501-4000/3579-PROOF.pdf,yes,comments/A176750-A185925.md
A183355,7 September 2026,papers/9001-9500/9286-PROOF.pdf,yes,comments/A176750-A185925.md
A183356,2 September 2026,papers/9001-9500/9497-PROOF.pdf,yes,comments/A176750-A185925.md
A183357,7 September 2026,papers/8501-9000/8946-PROOF.pdf,yes,comments/A176750-A185925.md
A183364,3 September 2026,papers/7001-7500/7429-PROOF.pdf,yes,comments/A176750-A185925.md
A183365,3 September 2026,papers/4501-5000/4609-PROOF.pdf,yes,comments/A176750-A185925.md
A183382,31 August 2026,papers/7001-7500/7196-PROOF.pdf,yes,comments/A176750-A185925.md
A183383,31 August 2026,papers/5001-5500/5225-PROOF.pdf,yes,comments/A176750-A185925.md
A183388,1 September 2026,papers/7501-8000/7763-PROOF.pdf,yes,comments/A176750-A185925.md
A183389,1 September 2026,papers/7001-7500/7140-PROOF.pdf,yes,comments/A176750-A185925.md
A183390,1 September 2026,papers/3501-4000/3959-PROOF.pdf,yes,comments/A176750-A185925.md
A183393,4 September 2026,papers/2001-2500/2257-PROOF.pdf,yes,comments/A176750-A185925.md
A183399,31 August 2026,papers/7501-8000/7590-PROOF.pdf,yes,comments/A176750-A185925.md
A183400,31 August 2026,papers/4501-5000/4735-PROOF.pdf,yes,comments/A176750-A185925.md
A183430,2 September 2026,papers/9501-10000/9504-PROOF.pdf,yes,comments/A176750-A185925.md
A183435,6 September 2026,papers/9001-9500/9201-PROOF.pdf,yes,comments/A176750-A185925.md
A183436,6 September 2026,papers/8001-8500/8428-PROOF.pdf,yes,comments/A176750-A185925.md
A183437,6 September 2026,papers/7501-8000/7689-PROOF.pdf,yes,comments/A176750-A185925.md
A183438,6 September 2026,papers/5501-6000/5832-PROOF.pdf,yes,comments/A176750-A185925.md
A183444,1 September 2026,papers/8001-8500/8284-PROOF.pdf,yes,comments/A176750-A185925.md
A183445,1 September 2026,papers/7501-8000/7533-PROOF.pdf,yes,comments/A176750-A185925.md
A183446,1 September 2026,papers/5501-6000/5856-PROOF.pdf,yes,comments/A176750-A185925.md
A183447,1 September 2026,papers/4001-4500/4481-PROOF.pdf,yes,comments/A176750-A185925.md
A183452,6 September 2026,papers/1001-1500/1354-PROOF.pdf,yes,comments/A176750-A185925.md
A183467,4 September 2026,papers/2501-3000/2652-PROOF.pdf,yes,comments/A176750-A185925.md
A183468,4 September 2026,papers/1501-2000/1650-PROOF.pdf,yes,comments/A176750-A185925.md
A183469,4 September 2026,papers/1001-1500/1177-PROOF.pdf,yes,comments/A176750-A185925.md
A183476,4 September 2026,papers/2501-3000/2589-PROOF.pdf,yes,comments/A176750-A185925.md
A183477,4 September 2026,papers/1001-1500/1069-PROOF.pdf,yes,comments/A176750-A185925.md
A183485,4 September 2026,papers/2501-3000/2552-PROOF.pdf,yes,comments/A176750-A185925.md
A183494,3 September 2026,papers/8501-9000/8945-PROOF.pdf,yes,comments/A176750-A185925.md
A183495,3 September 2026,papers/7501-8000/7574-PROOF.pdf,yes,comments/A176750-A185925.md
A183496,3 September 2026,papers/4001-4500/4365-PROOF.pdf,yes,comments/A176750-A185925.md
A183503,3 September 2026,papers/8501-9000/8875-PROOF.pdf,yes,comments/A176750-A185925.md
A183504,3 September 2026,papers/6501-7000/6864-PROOF.pdf,yes,comments/A176750-A185925.md
A183505,3 September 2026,papers/5001-5500/5014-PROOF.pdf,yes,comments/A176750-A185925.md
A183510,4 September 2026,papers/2001-2500/2464-PROOF.pdf,yes,comments/A176750-A185925.md
A183511,4 September 2026,papers/1001-1500/1317-PROOF.pdf,yes,comments/A176750-A185925.md
A183512,4 September 2026,papers/1501-2000/1820-PROOF.pdf,yes,comments/A176750-A185925.md
A183519,4 September 2026,papers/1501-2000/1617-PROOF.pdf,yes,comments/A176750-A185925.md
A183536,4 September 2026,papers/1001-1500/1223-PROOF.pdf,yes,comments/A176750-A185925.md
A183547,7 September 2026,papers/7001-7500/7439-PROOF.pdf,yes,comments/A176750-A185925.md
A183548,7 September 2026,papers/4501-5000/4999-PROOF.pdf,yes,comments/A176750-A185925.md
A183577,7 September 2026,papers/6501-7000/6812-PROOF.pdf,yes,comments/A176750-A185925.md
A183586,2 September 2026,papers/9501-10000/9574-PROOF.pdf,yes,comments/A176750-A185925.md
A183587,7 September 2026,papers/8501-9000/8975-PROOF.pdf,yes,comments/A176750-A185925.md
A183588,7 September 2026,papers/7001-7500/7253-PROOF.pdf,yes,comments/A176750-A185925.md
A183589,7 September 2026,papers/5001-5500/5064-PROOF.pdf,yes,comments/A176750-A185925.md
A183596,7 September 2026,papers/8501-9000/8976-PROOF.pdf,yes,comments/A176750-A185925.md
A183597,7 September 2026,papers/8001-8500/8122-PROOF.pdf,yes,comments/A176750-A185925.md
A183598,7 September 2026,papers/6001-6500/6049-PROOF.pdf,yes,comments/A176750-A185925.md
A183615,7 September 2026,papers/9001-9500/9278-PROOF.pdf,yes,comments/A176750-A185925.md
A183616,7 September 2026,papers/8501-9000/8968-PROOF.pdf,yes,comments/A176750-A185925.md
A183617,7 September 2026,papers/7001-7500/7252-PROOF.pdf,yes,comments/A176750-A185925.md
A183624,31 August 2026,papers/9001-9500/9167-PROOF.pdf,yes,comments/A176750-A185925.md
A183625,31 August 2026,papers/9001-9500/9127-PROOF.pdf,yes,comments/A176750-A185925.md
A183626,31 August 2026,papers/9001-9500/9073-PROOF.pdf,yes,comments/A176750-A185925.md
A183629,31 August 2026,papers/9001-9500/9023-PROOF.pdf,yes,comments/A176750-A185925.md
A183630,31 August 2026,papers/9001-9500/9011-PROOF.pdf,yes,comments/A176750-A185925.md
A183631,31 August 2026,papers/9001-9500/9002-PROOF.pdf,yes,comments/A176750-A185925.md
A183645,6 September 2026,papers/2501-3000/2758-PROOF.pdf,yes,comments/A176750-A185925.md
A183682,2 September 2026,papers/9501-10000/9575-PROOF.pdf,yes,comments/A176750-A185925.md
A183683,2 September 2026,papers/9001-9500/9125-PROOF.pdf,yes,comments/A176750-A185925.md
A183684,2 September 2026,papers/8501-9000/8804-PROOF.pdf,yes,comments/A176750-A185925.md
A183685,2 September 2026,papers/7501-8000/7794-PROOF.pdf,yes,comments/A176750-A185925.md
A183686,2 September 2026,papers/7501-8000/7535-PROOF.pdf,yes,comments/A176750-A185925.md
A183687,2 September 2026,papers/6001-6500/6209-PROOF.pdf,yes,comments/A176750-A185925.md
A183690,2 September 2026,papers/9501-10000/9576-PROOF.pdf,yes,comments/A176750-A185925.md
A183691,2 September 2026,papers/8501-9000/8860-PROOF.pdf,yes,comments/A176750-A185925.md
A183692,2 September 2026,papers/7501-8000/7808-PROOF.pdf,yes,comments/A176750-A185925.md
A183693,2 September 2026,papers/5501-6000/6000-PROOF.pdf,yes,comments/A176750-A185925.md
A183702,2 September 2026,papers/9501-10000/9577-PROOF.pdf,yes,comments/A176750-A185925.md
A183703,2 September 2026,papers/8501-9000/8805-PROOF.pdf,yes,comments/A176750-A185925.md
A183704,2 September 2026,papers/7501-8000/7765-PROOF.pdf,yes,comments/A176750-A185925.md
A183705,2 September 2026,papers/5501-6000/5678-PROOF.pdf,yes,comments/A176750-A185925.md
A183712,6 September 2026,papers/3001-3500/3196-PROOF.pdf,yes,comments/A176750-A185925.md
A183713,3 September 2026,papers/8001-8500/8201-PROOF.pdf,yes,comments/A176750-A185925.md
A183714,3 September 2026,papers/7001-7500/7277-PROOF.pdf,yes,comments/A176750-A185925.md
A183715,3 September 2026,papers/5501-6000/5839-PROOF.pdf,yes,comments/A176750-A185925.md
A183716,3 September 2026,papers/4501-5000/4771-PROOF.pdf,yes,comments/A176750-A185925.md
A183721,3 September 2026,papers/8001-8500/8256-PROOF.pdf,yes,comments/A176750-A185925.md
A183722,3 September 2026,papers/7001-7500/7302-PROOF.pdf,yes,comments/A176750-A185925.md
A183723,3 September 2026,papers/4501-5000/4582-PROOF.pdf,yes,comments/A176750-A185925.md
A183730,3 September 2026,papers/7501-8000/7555-PROOF.pdf,yes,comments/A176750-A185925.md
A183731,3 September 2026,papers/5001-5500/5023-PROOF.pdf,yes,comments/A176750-A185925.md
A183784,31 August 2026,papers/9001-9500/9168-PROOF.pdf,yes,comments/A176750-A185925.md
A183785,31 August 2026,papers/8001-8500/8353-PROOF.pdf,yes,comments/A176750-A185925.md
A183786,31 August 2026,papers/5501-6000/5811-PROOF.pdf,yes,comments/A176750-A185925.md
A183794,31 August 2026,papers/8501-9000/8888-PROOF.pdf,yes,comments/A176750-A185925.md
A183795,31 August 2026,papers/7001-7500/7355-PROOF.pdf,yes,comments/A176750-A185925.md
A183804,6 September 2026,papers/9001-9500/9188-PROOF.pdf,yes,comments/A176750-A185925.md
A183805,6 September 2026,papers/8501-9000/8661-PROOF.pdf,yes,comments/A176750-A185925.md
A183806,6 September 2026,papers/6001-6500/6306-PROOF.pdf,yes,comments/A176750-A185925.md
A183807,7 September 2026,papers/4501-5000/4765-PROOF.pdf,yes,comments/A176750-A185925.md
A183813,6 September 2026,papers/9001-9500/9189-PROOF.pdf,yes,comments/A176750-A185925.md
A183814,6 September 2026,papers/8501-9000/8662-PROOF.pdf,yes,comments/A176750-A185925.md
A183829,6 September 2026,papers/7501-8000/7895-PROOF.pdf,yes,comments/A176750-A185925.md
A183830,6 September 2026,papers/6001-6500/6050-PROOF.pdf,yes,comments/A176750-A185925.md
A183831,6 September 2026,papers/4001-4500/4217-PROOF.pdf,yes,comments/A176750-A185925.md
A183838,6 September 2026,papers/8501-9000/8969-PROOF.pdf,yes,comments/A176750-A185925.md
A183839,6 September 2026,papers/7501-8000/7690-PROOF.pdf,yes,comments/A176750-A185925.md
A183840,6 September 2026,papers/6001-6500/6490-PROOF.pdf,yes,comments/A176750-A185925.md
A183841,7 September 2026,papers/5001-5500/5063-PROOF.pdf,yes,comments/A176750-A185925.md
A183847,6 September 2026,papers/7001-7500/7440-PROOF.pdf,yes,comments/A176750-A185925.md
A183848,6 September 2026,papers/5501-6000/5831-PROOF.pdf,yes,comments/A176750-A185925.md
A183849,6 September 2026,papers/4001-4500/4337-PROOF.pdf,yes,comments/A176750-A185925.md
A183963,3 September 2026,papers/2001-2500/2177-PROOF.pdf,yes,comments/A176750-A185925.md
A183964,3 September 2026,papers/1001-1500/1254-PROOF.pdf,yes,comments/A176750-A185925.md
A183972,3 September 2026,papers/1501-2000/1716-PROOF.pdf,yes,comments/A176750-A185925.md
A183995,1 September 2026,papers/2001-2500/2178-PROOF.pdf,yes,comments/A176750-A185925.md
A183996,1 September 2026,papers/2001-2500/2150-PROOF.pdf,yes,comments/A176750-A185925.md
A183997,1 September 2026,papers/2001-2500/2134-PROOF.pdf,yes,comments/A176750-A185925.md
A183998,1 September 2026,papers/2001-2500/2125-PROOF.pdf,yes,comments/A176750-A185925.md
A183999,1 September 2026,papers/2001-2500/2110-PROOF.pdf,yes,comments/A176750-A185925.md
A184000,1 September 2026,papers/2001-2500/2108-PROOF.pdf,yes,comments/A176750-A185925.md
A184001,1 September 2026,papers/2001-2500/2103-PROOF.pdf,yes,comments/A176750-A185925.md
A184002,2 September 2026,papers/7001-7500/7459-PROOF.pdf,yes,comments/A176750-A185925.md
A184018,25 August 2026,papers/9501-10000/9782-PROOF.pdf,yes,comments/A176750-A185925.md
A184021,1 September 2026,papers/1501-2000/1773-PROOF.pdf,yes,comments/A176750-A185925.md
A184022,1 September 2026,papers/1501-2000/1761-PROOF.pdf,yes,comments/A176750-A185925.md
A184023,1 September 2026,papers/1501-2000/1756-PROOF.pdf,yes,comments/A176750-A185925.md
A184024,1 September 2026,papers/1501-2000/1750-PROOF.pdf,yes,comments/A176750-A185925.md
A184025,1 September 2026,papers/1501-2000/1748-PROOF.pdf,yes,comments/A176750-A185925.md
A184031,2 September 2026,papers/9001-9500/9436-PROOF.pdf,yes,comments/A176750-A185925.md
A184032,2 September 2026,papers/9001-9500/9437-PROOF.pdf,yes,comments/A176750-A185925.md
A184033,2 September 2026,papers/9001-9500/9438-PROOF.pdf,yes,comments/A176750-A185925.md
A184034,2 September 2026,papers/9001-9500/9439-PROOF.pdf,yes,comments/A176750-A185925.md
A184035,2 September 2026,papers/9001-9500/9440-PROOF.pdf,yes,comments/A176750-A185925.md
A184036,2 September 2026,papers/9001-9500/9441-PROOF.pdf,yes,comments/A176750-A185925.md
A184037,2 September 2026,papers/9001-9500/9442-PROOF.pdf,yes,comments/A176750-A185925.md
A184038,2 September 2026,papers/9001-9500/9443-PROOF.pdf,yes,comments/A176750-A185925.md
A184041,2 September 2026,papers/9001-9500/9444-PROOF.pdf,yes,comments/A176750-A185925.md
A184042,2 September 2026,papers/9001-9500/9445-PROOF.pdf,yes,comments/A176750-A185925.md
A184043,2 September 2026,papers/9001-9500/9446-PROOF.pdf,yes,comments/A176750-A185925.md
A184044,2 September 2026,papers/9001-9500/9447-PROOF.pdf,yes,comments/A176750-A185925.md
A184045,2 September 2026,papers/9001-9500/9448-PROOF.pdf,yes,comments/A176750-A185925.md
A184046,2 September 2026,papers/9001-9500/9449-PROOF.pdf,yes,comments/A176750-A185925.md
A184047,2 September 2026,papers/9001-9500/9450-PROOF.pdf,yes,comments/A176750-A185925.md
A184120,25 August 2026,papers/9001-9500/9476-PROOF.pdf,yes,comments/A176750-A185925.md
A184130,6 September 2026,papers/2001-2500/2203-PROOF.pdf,yes,comments/A176750-A185925.md
A184138,6 September 2026,papers/2001-2500/2316-PROOF.pdf,yes,comments/A176750-A185925.md
A184145,31 August 2026,papers/9001-9500/9265-PROOF.pdf,yes,comments/A176750-A185925.md
A184146,31 August 2026,papers/8501-9000/8806-PROOF.pdf,yes,comments/A176750-A185925.md
A184147,31 August 2026,papers/7501-8000/7536-PROOF.pdf,yes,comments/A176750-A185925.md
A184148,31 August 2026,papers/5501-6000/5519-PROOF.pdf,yes,comments/A176750-A185925.md
A184189,7 September 2026,papers/9001-9500/9202-PROOF.pdf,yes,comments/A176750-A185925.md
A184190,7 September 2026,papers/8501-9000/8696-PROOF.pdf,yes,comments/A176750-A185925.md
A184191,7 September 2026,papers/7001-7500/7444-PROOF.pdf,yes,comments/A176750-A185925.md
A184192,7 September 2026,papers/6001-6500/6051-PROOF.pdf,yes,comments/A176750-A185925.md
A184193,7 September 2026,papers/4501-5000/4768-PROOF.pdf,yes,comments/A176750-A185925.md
A184200,7 September 2026,papers/8501-9000/8697-PROOF.pdf,yes,comments/A176750-A185925.md
A184201,7 September 2026,papers/7001-7500/7445-PROOF.pdf,yes,comments/A176750-A185925.md
A184202,7 September 2026,papers/6001-6500/6052-PROOF.pdf,yes,comments/A176750-A185925.md
A184203,7 September 2026,papers/4501-5000/4769-PROOF.pdf,yes,comments/A176750-A185925.md
A184209,31 August 2026,papers/8001-8500/8376-PROOF.pdf,yes,comments/A176750-A185925.md
A184210,31 August 2026,papers/6001-6500/6131-PROOF.pdf,yes,comments/A176750-A185925.md
A184368,31 August 2026,papers/9001-9500/9271-PROOF.pdf,yes,comments/A176750-A185925.md
A184369,31 August 2026,papers/8501-9000/8861-PROOF.pdf,yes,comments/A176750-A185925.md
A184370,31 August 2026,papers/7501-8000/7575-PROOF.pdf,yes,comments/A176750-A185925.md
A184371,31 August 2026,papers/5501-6000/5623-PROOF.pdf,yes,comments/A176750-A185925.md
A184378,6 September 2026,papers/7501-8000/7504-PROOF.pdf,yes,comments/A176750-A185925.md
A184379,6 September 2026,papers/5001-5500/5419-PROOF.pdf,yes,comments/A176750-A185925.md
A184380,6 September 2026,papers/5001-5500/5193-PROOF.pdf,yes,comments/A176750-A185925.md
A184404,6 September 2026,papers/6501-7000/6547-PROOF.pdf,yes,comments/A176750-A185925.md
A184449,6 September 2026,papers/7501-8000/7954-PROOF.pdf,yes,comments/A176750-A185925.md
A184450,6 September 2026,papers/5501-6000/5510-PROOF.pdf,yes,comments/A176750-A185925.md
A184451,6 September 2026,papers/5001-5500/5498-PROOF.pdf,yes,comments/A176750-A185925.md
A184469,6 September 2026,papers/7001-7500/7293-PROOF.pdf,yes,comments/A176750-A185925.md
A184470,6 September 2026,papers/5001-5500/5355-PROOF.pdf,yes,comments/A176750-A185925.md
A184471,6 September 2026,papers/5001-5500/5272-PROOF.pdf,yes,comments/A176750-A185925.md
A184489,31 August 2026,papers/8501-9000/8948-PROOF.pdf,yes,comments/A176750-A185925.md
A184490,31 August 2026,papers/7501-8000/7664-PROOF.pdf,yes,comments/A176750-A185925.md
A184491,31 August 2026,papers/5501-6000/5559-PROOF.pdf,yes,comments/A176750-A185925.md
A184499,6 September 2026,papers/7001-7500/7150-PROOF.pdf,yes,comments/A176750-A185925.md
A184556,31 August 2026,papers/8501-9000/8663-PROOF.pdf,yes,comments/A176750-A185925.md
A184557,31 August 2026,papers/7001-7500/7121-PROOF.pdf,yes,comments/A176750-A185925.md
A184606,3 September 2026,papers/3001-3500/3069-PROOF.pdf,yes,comments/A176750-A185925.md
A184607,3 September 2026,papers/2001-2500/2186-PROOF.pdf,yes,comments/A176750-A185925.md
A184608,3 September 2026,papers/1001-1500/1296-PROOF.pdf,yes,comments/A176750-A185925.md
A184660,1 September 2026,papers/3501-4000/3585-PROOF.pdf,yes,comments/A176750-A185925.md
A184665,31 August 2026,papers/8001-8500/8099-PROOF.pdf,yes,comments/A176750-A185925.md
A184666,31 August 2026,papers/5501-6000/5719-PROOF.pdf,yes,comments/A176750-A185925.md
A184679,2 September 2026,papers/9501-10000/9505-PROOF.pdf,yes,comments/A176750-A185925.md
A184680,2 September 2026,papers/8501-9000/8606-PROOF.pdf,yes,comments/A176750-A185925.md
A184681,2 September 2026,papers/8001-8500/8080-PROOF.pdf,yes,comments/A176750-A185925.md
A184682,2 September 2026,papers/6501-7000/6755-PROOF.pdf,yes,comments/A176750-A185925.md
A184683,2 September 2026,papers/5001-5500/5389-PROOF.pdf,yes,comments/A176750-A185925.md
A184684,2 September 2026,papers/4001-4500/4236-PROOF.pdf,yes,comments/A176750-A185925.md
A184688,2 September 2026,papers/9501-10000/9578-PROOF.pdf,yes,comments/A176750-A185925.md
A184689,4 September 2026,papers/2501-3000/2987-PROOF.pdf,yes,comments/A176750-A185925.md
A184690,4 September 2026,papers/2001-2500/2264-PROOF.pdf,yes,comments/A176750-A185925.md
A184691,4 September 2026,papers/1501-2000/1671-PROOF.pdf,yes,comments/A176750-A185925.md
A184692,4 September 2026,papers/1001-1500/1263-PROOF.pdf,yes,comments/A176750-A185925.md
A184765,2 September 2026,papers/9001-9500/9139-PROOF.pdf,yes,comments/A176750-A185925.md
A184766,2 September 2026,papers/8501-9000/8807-PROOF.pdf,yes,comments/A176750-A185925.md
A184767,2 September 2026,papers/7501-8000/7981-PROOF.pdf,yes,comments/A176750-A185925.md
A184768,2 September 2026,papers/6501-7000/6693-PROOF.pdf,yes,comments/A176750-A185925.md
A184769,2 September 2026,papers/5001-5500/5357-PROOF.pdf,yes,comments/A176750-A185925.md
A184780,1 September 2026,papers/5501-6000/5779-PROOF.pdf,yes,comments/A176750-A185925.md
A184787,1 September 2026,papers/5001-5500/5215-PROOF.pdf,yes,comments/A176750-A185925.md
A185010,25 August 2026,papers/9001-9500/9316-PROOF.pdf,yes,comments/A176750-A185925.md
A185020,25 August 2026,papers/9001-9500/9317-PROOF.pdf,yes,comments/A176750-A185925.md
A185087,25 August 2026,papers/9501-10000/9866-PROOF.pdf,yes,comments/A176750-A185925.md
A185089,25 August 2026,papers/9501-10000/9706-PROOF.pdf,yes,comments/A176750-A185925.md
A185369,25 August 2026,papers/9001-9500/9343-PROOF.pdf,yes,comments/A176750-A185925.md
A185405,1 September 2026,papers/8001-8500/8458-PROOF.pdf,yes,comments/A176750-A185925.md
A185406,7 September 2026,papers/5501-6000/5574-PROOF.pdf,yes,comments/A176750-A185925.md
A185459,2 September 2026,papers/8501-9000/8889-PROOF.pdf,yes,comments/A176750-A185925.md
A185460,2 September 2026,papers/7501-8000/7873-PROOF.pdf,yes,comments/A176750-A185925.md
A185461,2 September 2026,papers/8001-8500/8261-PROOF.pdf,yes,comments/A176750-A185925.md
A185462,2 September 2026,papers/6501-7000/6732-PROOF.pdf,yes,comments/A176750-A185925.md
A185463,2 September 2026,papers/6501-7000/6555-PROOF.pdf,yes,comments/A176750-A185925.md
A185464,2 September 2026,papers/5001-5500/5087-PROOF.pdf,yes,comments/A176750-A185925.md
A185465,2 September 2026,papers/4501-5000/4526-PROOF.pdf,yes,comments/A176750-A185925.md
A185479,3 September 2026,papers/2501-3000/2642-PROOF.pdf,yes,comments/A176750-A185925.md
A185480,3 September 2026,papers/2001-2500/2059-PROOF.pdf,yes,comments/A176750-A185925.md
A185481,3 September 2026,papers/1501-2000/1604-PROOF.pdf,yes,comments/A176750-A185925.md
A185482,3 September 2026,papers/1001-1500/1121-PROOF.pdf,yes,comments/A176750-A185925.md
A185489,3 September 2026,papers/2001-2500/2317-PROOF.pdf,yes,comments/A176750-A185925.md
A185490,3 September 2026,papers/1001-1500/1257-PROOF.pdf,yes,comments/A176750-A185925.md
A185498,3 September 2026,papers/1501-2000/1928-PROOF.pdf,yes,comments/A176750-A185925.md
A185499,3 September 2026,papers/1001-1500/1053-PROOF.pdf,yes,comments/A176750-A185925.md
A185513,2 September 2026,papers/9001-9500/9169-PROOF.pdf,yes,comments/A176750-A185925.md
A185514,2 September 2026,papers/8501-9000/8862-PROOF.pdf,yes,comments/A176750-A185925.md
A185515,2 September 2026,papers/8001-8500/8027-PROOF.pdf,yes,comments/A176750-A185925.md
A185516,2 September 2026,papers/6501-7000/6731-PROOF.pdf,yes,comments/A176750-A185925.md
A185517,2 September 2026,papers/5001-5500/5369-PROOF.pdf,yes,comments/A176750-A185925.md
A185527,1 September 2026,papers/7001-7500/7021-PROOF.pdf,yes,comments/A176750-A185925.md
A185528,1 September 2026,papers/3501-4000/3615-PROOF.pdf,yes,comments/A176750-A185925.md
A185535,1 September 2026,papers/8001-8500/8462-PROOF.pdf,yes,comments/A176750-A185925.md
A185536,1 September 2026,papers/5501-6000/5575-PROOF.pdf,yes,comments/A176750-A185925.md
A185552,1 September 2026,papers/8501-9000/8521-PROOF.pdf,yes,comments/A176750-A185925.md
A185553,1 September 2026,papers/5501-6000/5612-PROOF.pdf,yes,comments/A176750-A185925.md
A185561,4 September 2026,papers/3001-3500/3341-PROOF.pdf,yes,comments/A176750-A185925.md
A185562,4 September 2026,papers/2501-3000/2942-PROOF.pdf,yes,comments/A176750-A185925.md
A185563,4 September 2026,papers/2001-2500/2239-PROOF.pdf,yes,comments/A176750-A185925.md
A185564,4 September 2026,papers/1501-2000/1660-PROOF.pdf,yes,comments/A176750-A185925.md
A185568,3 September 2026,papers/1001-1500/1324-PROOF.pdf,yes,comments/A176750-A185925.md
A185572,2 September 2026,papers/6001-6500/6373-PROOF.pdf,yes,comments/A176750-A185925.md
A185605,3 September 2026,papers/1001-1500/1232-PROOF.pdf,yes,comments/A176750-A185925.md
A185610,3 September 2026,papers/1501-2000/1645-PROOF.pdf,yes,comments/A176750-A185925.md
A185637,3 September 2026,papers/1501-2000/1637-PROOF.pdf,yes,comments/A176750-A185925.md
A185742,3 September 2026,papers/3001-3500/3048-PROOF.pdf,yes,comments/A176750-A185925.md
A185743,3 September 2026,papers/1501-2000/1980-PROOF.pdf,yes,comments/A176750-A185925.md
A185744,3 September 2026,papers/1001-1500/1266-PROOF.pdf,yes,comments/A176750-A185925.md
A185761,2 September 2026,papers/9501-10000/9579-PROOF.pdf,yes,comments/A176750-A185925.md
A185762,2 September 2026,papers/9001-9500/9120-PROOF.pdf,yes,comments/A176750-A185925.md
A185763,2 September 2026,papers/8501-9000/8518-PROOF.pdf,yes,comments/A176750-A185925.md
A185764,2 September 2026,papers/7501-8000/7980-PROOF.pdf,yes,comments/A176750-A185925.md
A185765,2 September 2026,papers/7501-8000/7515-PROOF.pdf,yes,comments/A176750-A185925.md
A185766,2 September 2026,papers/6501-7000/6687-PROOF.pdf,yes,comments/A176750-A185925.md
A185767,2 September 2026,papers/5501-6000/5961-PROOF.pdf,yes,comments/A176750-A185925.md
A185768,2 September 2026,papers/5001-5500/5077-PROOF.pdf,yes,comments/A176750-A185925.md
A185771,2 September 2026,papers/7501-8000/7576-PROOF.pdf,yes,comments/A176750-A185925.md
A185772,2 September 2026,papers/4001-4500/4194-PROOF.pdf,yes,comments/A176750-A185925.md
A185790,2 September 2026,papers/8501-9000/8890-PROOF.pdf,yes,comments/A176750-A185925.md
A185791,2 September 2026,papers/8501-9000/8580-PROOF.pdf,yes,comments/A176750-A185925.md
A185792,2 September 2026,papers/5501-6000/5887-PROOF.pdf,yes,comments/A176750-A185925.md
A185793,2 September 2026,papers/4001-4500/4370-PROOF.pdf,yes,comments/A176750-A185925.md
A185799,3 September 2026,papers/2001-2500/2251-PROOF.pdf,yes,comments/A176750-A185925.md
A185800,3 September 2026,papers/1001-1500/1075-PROOF.pdf,yes,comments/A176750-A185925.md
A185819,1 September 2026,papers/5501-6000/5582-PROOF.pdf,yes,comments/A176750-A185925.md
A185828,1 September 2026,papers/8501-9000/8876-PROOF.pdf,yes,comments/A176750-A185925.md
A185829,1 September 2026,papers/6501-7000/6753-PROOF.pdf,yes,comments/A176750-A185925.md
A185837,3 September 2026,papers/2501-3000/2567-PROOF.pdf,yes,comments/A176750-A185925.md
A185838,3 September 2026,papers/1001-1500/1310-PROOF.pdf,yes,comments/A176750-A185925.md
A185848,3 September 2026,papers/2001-2500/2287-PROOF.pdf,yes,comments/A176750-A185925.md
A185849,3 September 2026,papers/1001-1500/1271-PROOF.pdf,yes,comments/A176750-A185925.md
A185858,2 September 2026,papers/9501-10000/9580-PROOF.pdf,yes,comments/A176750-A185925.md
A185859,3 September 2026,papers/2501-3000/2698-PROOF.pdf,yes,comments/A176750-A185925.md
A185860,3 September 2026,papers/2001-2500/2008-PROOF.pdf,yes,comments/A176750-A185925.md
A185861,2 September 2026,papers/5501-6000/5950-PROOF.pdf,yes,comments/A176750-A185925.md
A185862,2 September 2026,papers/5001-5500/5004-PROOF.pdf,yes,comments/A176750-A185925.md
A185883,3 September 2026,papers/2501-3000/2895-PROOF.pdf,yes,comments/A176750-A185925.md
A185884,2 September 2026,papers/6501-7000/6502-PROOF.pdf,yes,comments/A176750-A185925.md
A185899,1 September 2026,papers/8001-8500/8454-PROOF.pdf,yes,comments/A176750-A185925.md
A185919,2 September 2026,papers/5001-5500/5305-PROOF.pdf,yes,comments/A176750-A185925.md
A185925,2 September 2026,papers/8501-9000/8758-PROOF.pdf,yes,comments/A176750-A185925.md
A185926,2 September 2026,papers/6001-6500/6200-PROOF.pdf,yes,comments/A185926-A196702.md
A185966,26 August 2026,papers/10001-10500/10045-PROOF.pdf,yes,comments/A185926-A196702.md
A185985,3 September 2026,papers/2501-3000/2921-PROOF.pdf,yes,comments/A185926-A196702.md
A185986,3 September 2026,papers/1501-2000/1696-PROOF.pdf,yes,comments/A185926-A196702.md
A185987,2 September 2026,papers/3501-4000/3868-PROOF.pdf,yes,comments/A185926-A196702.md
A186011,2 September 2026,papers/8001-8500/8439-PROOF.pdf,yes,comments/A185926-A196702.md
A186044,1 September 2026,papers/8001-8500/8289-PROOF.pdf,yes,comments/A185926-A196702.md
A186045,1 September 2026,papers/6501-7000/6866-PROOF.pdf,yes,comments/A185926-A196702.md
A186055,1 September 2026,papers/8001-8500/8039-PROOF.pdf,yes,comments/A185926-A196702.md
A186056,1 September 2026,papers/4501-5000/4799-PROOF.pdf,yes,comments/A185926-A196702.md
A186120,3 September 2026,papers/2501-3000/2815-PROOF.pdf,yes,comments/A185926-A196702.md
A186121,3 September 2026,papers/2001-2500/2165-PROOF.pdf,yes,comments/A185926-A196702.md
A186122,3 September 2026,papers/1001-1500/1341-PROOF.pdf,yes,comments/A185926-A196702.md
A186123,3 September 2026,papers/1001-1500/1034-PROOF.pdf,yes,comments/A185926-A196702.md
A186133,2 September 2026,papers/9001-9500/9074-PROOF.pdf,yes,comments/A185926-A196702.md
A186134,2 September 2026,papers/7501-8000/7523-PROOF.pdf,yes,comments/A185926-A196702.md
A186135,2 September 2026,papers/5001-5500/5152-PROOF.pdf,yes,comments/A185926-A196702.md
A186161,1 September 2026,papers/8001-8500/8490-PROOF.pdf,yes,comments/A185926-A196702.md
A186162,1 September 2026,papers/5501-6000/5590-PROOF.pdf,yes,comments/A185926-A196702.md
A186197,3 September 2026,papers/1501-2000/1874-PROOF.pdf,yes,comments/A185926-A196702.md
A186211,3 September 2026,papers/1501-2000/1683-PROOF.pdf,yes,comments/A185926-A196702.md
A186341,25 August 2026,papers/9501-10000/9635-PROOF.pdf,yes,comments/A185926-A196702.md
A186454,2 September 2026,papers/8501-9000/8607-PROOF.pdf,yes,comments/A185926-A196702.md
A186455,2 September 2026,papers/8501-9000/8599-PROOF.pdf,yes,comments/A185926-A196702.md
A186456,2 September 2026,papers/8501-9000/8579-PROOF.pdf,yes,comments/A185926-A196702.md
A186457,2 September 2026,papers/8501-9000/8575-PROOF.pdf,yes,comments/A185926-A196702.md
A186458,2 September 2026,papers/8501-9000/8517-PROOF.pdf,yes,comments/A185926-A196702.md
A186459,2 September 2026,papers/8501-9000/8513-PROOF.pdf,yes,comments/A185926-A196702.md
A186460,2 September 2026,papers/8501-9000/8508-PROOF.pdf,yes,comments/A185926-A196702.md
A186461,2 September 2026,papers/8001-8500/8484-PROOF.pdf,yes,comments/A185926-A196702.md
A186464,2 September 2026,papers/8501-9000/8523-PROOF.pdf,yes,comments/A185926-A196702.md
A186465,2 September 2026,papers/8501-9000/8522-PROOF.pdf,yes,comments/A185926-A196702.md
A186466,2 September 2026,papers/8001-8500/8489-PROOF.pdf,yes,comments/A185926-A196702.md
A186467,2 September 2026,papers/8001-8500/8482-PROOF.pdf,yes,comments/A185926-A196702.md
A186468,2 September 2026,papers/8001-8500/8468-PROOF.pdf,yes,comments/A185926-A196702.md
A186474,2 September 2026,papers/8001-8500/8491-PROOF.pdf,yes,comments/A185926-A196702.md
A186475,2 September 2026,papers/8501-9000/8511-PROOF.pdf,yes,comments/A185926-A196702.md
A186476,2 September 2026,papers/8001-8500/8464-PROOF.pdf,yes,comments/A185926-A196702.md
A186477,2 September 2026,papers/8001-8500/8463-PROOF.pdf,yes,comments/A185926-A196702.md
A186528,2 September 2026,papers/7001-7500/7040-PROOF.pdf,yes,comments/A185926-A196702.md
A186529,2 September 2026,papers/3501-4000/3680-PROOF.pdf,yes,comments/A185926-A196702.md
A186547,2 September 2026,papers/7001-7500/7256-PROOF.pdf,yes,comments/A185926-A196702.md
A186554,2 September 2026,papers/4001-4500/4197-PROOF.pdf,yes,comments/A185926-A196702.md
A186560,7 September 2026,papers/7501-8000/7910-PROOF.pdf,yes,comments/A185926-A196702.md
A186561,2 September 2026,papers/7501-8000/7962-PROOF.pdf,yes,comments/A185926-A196702.md
A186788,6 September 2026,papers/8501-9000/8538-PROOF.pdf,yes,comments/A185926-A196702.md
A186789,6 September 2026,papers/6501-7000/6715-PROOF.pdf,yes,comments/A185926-A196702.md
A186790,6 September 2026,papers/4001-4500/4395-PROOF.pdf,yes,comments/A185926-A196702.md
A186798,2 September 2026,papers/3501-4000/3972-PROOF.pdf,yes,comments/A185926-A196702.md
A186817,6 September 2026,papers/8001-8500/8037-PROOF.pdf,yes,comments/A185926-A196702.md
A186818,6 September 2026,papers/5001-5500/5451-PROOF.pdf,yes,comments/A185926-A196702.md
A186842,3 September 2026,papers/3001-3500/3070-PROOF.pdf,yes,comments/A185926-A196702.md
A186843,3 September 2026,papers/2501-3000/2604-PROOF.pdf,yes,comments/A185926-A196702.md
A186844,3 September 2026,papers/1501-2000/1512-PROOF.pdf,yes,comments/A185926-A196702.md
A186845,3 September 2026,papers/1001-1500/1116-PROOF.pdf,yes,comments/A185926-A196702.md
A186873,7 September 2026,papers/7501-8000/7902-PROOF.pdf,yes,comments/A185926-A196702.md
A186895,3 September 2026,papers/1501-2000/1681-PROOF.pdf,yes,comments/A185926-A196702.md
A186896,3 September 2026,papers/1001-1500/1489-PROOF.pdf,yes,comments/A185926-A196702.md
A186897,3 September 2026,papers/1001-1500/1098-PROOF.pdf,yes,comments/A185926-A196702.md
A186916,3 September 2026,papers/1001-1500/1063-PROOF.pdf,yes,comments/A185926-A196702.md
A186932,3 September 2026,papers/1501-2000/1720-PROOF.pdf,yes,comments/A185926-A196702.md
A186933,3 September 2026,papers/1001-1500/1133-PROOF.pdf,yes,comments/A185926-A196702.md
A186940,25 August 2026,papers/9501-10000/9707-PROOF.pdf,yes,comments/A185926-A196702.md
A186954,3 September 2026,papers/2001-2500/2214-PROOF.pdf,yes,comments/A185926-A196702.md
A187133,3 September 2026,papers/1001-1500/1238-PROOF.pdf,yes,comments/A185926-A196702.md
A187252,25 August 2026,papers/9001-9500/9350-PROOF.pdf,yes,comments/A185926-A196702.md
A187309,6 September 2026,papers/7501-8000/7820-PROOF.pdf,yes,comments/A185926-A196702.md
A187310,6 September 2026,papers/5001-5500/5452-PROOF.pdf,yes,comments/A185926-A196702.md
A187373,6 September 2026,papers/4501-5000/4518-PROOF.pdf,yes,comments/A185926-A196702.md
A187433,2 September 2026,papers/5001-5500/5394-PROOF.pdf,yes,comments/A185926-A196702.md
A187597,3 September 2026,papers/1001-1500/1139-PROOF.pdf,yes,comments/A185926-A196702.md
A187640,6 September 2026,papers/6001-6500/6355-PROOF.pdf,yes,comments/A185926-A196702.md
A187641,6 September 2026,papers/3501-4000/3733-PROOF.pdf,yes,comments/A185926-A196702.md
A187721,2 September 2026,papers/7001-7500/7432-PROOF.pdf,yes,comments/A185926-A196702.md
A187722,2 September 2026,papers/5001-5500/5337-PROOF.pdf,yes,comments/A185926-A196702.md
A187723,2 September 2026,papers/3501-4000/3708-PROOF.pdf,yes,comments/A185926-A196702.md
A187932,3 September 2026,papers/1001-1500/1274-PROOF.pdf,yes,comments/A185926-A196702.md
A187933,3 September 2026,papers/1001-1500/1052-PROOF.pdf,yes,comments/A185926-A196702.md
A187956,3 September 2026,papers/2001-2500/2248-PROOF.pdf,yes,comments/A185926-A196702.md
A187957,3 September 2026,papers/1001-1500/1048-PROOF.pdf,yes,comments/A185926-A196702.md
A188097,7 September 2026,papers/7001-7500/7461-PROOF.pdf,yes,comments/A185926-A196702.md
A188098,2 September 2026,papers/7501-8000/7514-PROOF.pdf,yes,comments/A185926-A196702.md
A188304,3 September 2026,papers/1001-1500/1120-PROOF.pdf,yes,comments/A185926-A196702.md
A188312,25 August 2026,papers/9501-10000/9783-PROOF.pdf,yes,comments/A185926-A196702.md
A188314,25 August 2026,papers/9501-10000/9692-PROOF.pdf,yes,comments/A185926-A196702.md
A188460,25 August 2026,papers/9501-10000/9795-PROOF.pdf,yes,comments/A185926-A196702.md
A188464,25 August 2026,papers/9501-10000/9796-PROOF.pdf,yes,comments/A185926-A196702.md
A188482,25 August 2026,papers/9501-10000/9784-PROOF.pdf,yes,comments/A185926-A196702.md
A188501,31 August 2026,papers/8001-8500/8377-PROOF.pdf,yes,comments/A185926-A196702.md
A188502,31 August 2026,papers/5501-6000/5641-PROOF.pdf,yes,comments/A185926-A196702.md
A188503,31 August 2026,papers/4001-4500/4047-PROOF.pdf,yes,comments/A185926-A196702.md
A188516,31 August 2026,papers/8001-8500/8378-PROOF.pdf,yes,comments/A185926-A196702.md
A188517,31 August 2026,papers/6001-6500/6132-PROOF.pdf,yes,comments/A185926-A196702.md
A188518,31 August 2026,papers/4501-5000/4736-PROOF.pdf,yes,comments/A185926-A196702.md
A188519,31 August 2026,papers/3501-4000/3629-PROOF.pdf,yes,comments/A185926-A196702.md
A188556,1 September 2026,papers/2501-3000/2501-PROOF.pdf,yes,comments/A185926-A196702.md
A188557,1 September 2026,papers/2001-2500/2361-PROOF.pdf,yes,comments/A185926-A196702.md
A188558,1 September 2026,papers/2001-2500/2215-PROOF.pdf,yes,comments/A185926-A196702.md
A188559,1 September 2026,papers/2001-2500/2102-PROOF.pdf,yes,comments/A185926-A196702.md
A188561,31 August 2026,papers/6501-7000/6604-PROOF.pdf,yes,comments/A185926-A196702.md
A188562,31 August 2026,papers/4001-4500/4326-PROOF.pdf,yes,comments/A185926-A196702.md
A188563,31 August 2026,papers/3001-3500/3428-PROOF.pdf,yes,comments/A185926-A196702.md
A188601,31 August 2026,papers/6001-6500/6425-PROOF.pdf,yes,comments/A185926-A196702.md
A188602,31 August 2026,papers/5001-5500/5173-PROOF.pdf,yes,comments/A185926-A196702.md
A188603,31 August 2026,papers/3501-4000/3665-PROOF.pdf,yes,comments/A185926-A196702.md
A188608,31 August 2026,papers/5501-6000/5897-PROOF.pdf,yes,comments/A185926-A196702.md
A188609,31 August 2026,papers/4001-4500/4409-PROOF.pdf,yes,comments/A185926-A196702.md
A188689,31 August 2026,papers/6501-7000/6756-PROOF.pdf,yes,comments/A185926-A196702.md
A188690,31 August 2026,papers/4501-5000/4911-PROOF.pdf,yes,comments/A185926-A196702.md
A188691,31 August 2026,papers/3501-4000/3512-PROOF.pdf,yes,comments/A185926-A196702.md
A188700,31 August 2026,papers/8501-9000/8544-PROOF.pdf,yes,comments/A185926-A196702.md
A188701,31 August 2026,papers/7501-8000/7766-PROOF.pdf,yes,comments/A185926-A196702.md
A188702,31 August 2026,papers/6501-7000/6845-PROOF.pdf,yes,comments/A185926-A196702.md
A188703,31 August 2026,papers/5501-6000/5754-PROOF.pdf,yes,comments/A185926-A196702.md
A188704,31 August 2026,papers/4501-5000/4829-PROOF.pdf,yes,comments/A185926-A196702.md
A188705,31 August 2026,papers/3501-4000/3977-PROOF.pdf,yes,comments/A185926-A196702.md
A188707,6 September 2026,papers/3001-3500/3381-PROOF.pdf,yes,comments/A185926-A196702.md
A188708,31 August 2026,papers/9001-9500/9047-PROOF.pdf,yes,comments/A185926-A196702.md
A188709,31 August 2026,papers/8501-9000/8725-PROOF.pdf,yes,comments/A185926-A196702.md
A188710,31 August 2026,papers/8001-8500/8455-PROOF.pdf,yes,comments/A185926-A196702.md
A188711,31 August 2026,papers/7501-8000/7912-PROOF.pdf,yes,comments/A185926-A196702.md
A188712,31 August 2026,papers/7501-8000/7537-PROOF.pdf,yes,comments/A185926-A196702.md
A188741,31 August 2026,papers/6001-6500/6426-PROOF.pdf,yes,comments/A185926-A196702.md
A188742,31 August 2026,papers/4501-5000/4674-PROOF.pdf,yes,comments/A185926-A196702.md
A188748,31 August 2026,papers/8001-8500/8290-PROOF.pdf,yes,comments/A185926-A196702.md
A188749,31 August 2026,papers/6001-6500/6095-PROOF.pdf,yes,comments/A185926-A196702.md
A188750,31 August 2026,papers/4501-5000/4897-PROOF.pdf,yes,comments/A185926-A196702.md
A188751,31 August 2026,papers/3501-4000/3689-PROOF.pdf,yes,comments/A185926-A196702.md
A188757,31 August 2026,papers/7001-7500/7197-PROOF.pdf,yes,comments/A185926-A196702.md
A188758,31 August 2026,papers/5001-5500/5306-PROOF.pdf,yes,comments/A185926-A196702.md
A188759,31 August 2026,papers/3501-4000/3943-PROOF.pdf,yes,comments/A185926-A196702.md
A188768,31 August 2026,papers/6501-7000/6757-PROOF.pdf,yes,comments/A185926-A196702.md
A188769,31 August 2026,papers/5001-5500/5377-PROOF.pdf,yes,comments/A185926-A196702.md
A188770,31 August 2026,papers/3501-4000/3616-PROOF.pdf,yes,comments/A185926-A196702.md
A188819,31 August 2026,papers/8501-9000/8808-PROOF.pdf,yes,comments/A185926-A196702.md
A188820,31 August 2026,papers/8501-9000/8726-PROOF.pdf,yes,comments/A185926-A196702.md
A188821,1 September 2026,papers/3001-3500/3214-PROOF.pdf,yes,comments/A185926-A196702.md
A188822,31 August 2026,papers/8501-9000/8706-PROOF.pdf,yes,comments/A185926-A196702.md
A188823,1 September 2026,papers/3001-3500/3177-PROOF.pdf,yes,comments/A185926-A196702.md
A188825,31 August 2026,papers/9001-9500/9285-PROOF.pdf,yes,comments/A185926-A196702.md
A188826,31 August 2026,papers/8001-8500/8219-PROOF.pdf,yes,comments/A185926-A196702.md
A188827,31 August 2026,papers/8501-9000/8727-PROOF.pdf,yes,comments/A185926-A196702.md
A188828,31 August 2026,papers/7001-7500/7266-PROOF.pdf,yes,comments/A185926-A196702.md
A188829,31 August 2026,papers/8501-9000/8707-PROOF.pdf,yes,comments/A185926-A196702.md
A188830,2 September 2026,papers/6501-7000/6506-PROOF.pdf,yes,comments/A185926-A196702.md
A188838,1 September 2026,papers/2501-3000/2839-PROOF.pdf,yes,comments/A185926-A196702.md
A188839,1 September 2026,papers/2501-3000/2630-PROOF.pdf,yes,comments/A185926-A196702.md
A188840,1 September 2026,papers/2001-2500/2428-PROOF.pdf,yes,comments/A185926-A196702.md
A188841,1 September 2026,papers/2001-2500/2274-PROOF.pdf,yes,comments/A185926-A196702.md
A188845,31 August 2026,papers/7001-7500/7051-PROOF.pdf,yes,comments/A185926-A196702.md
A188846,31 August 2026,papers/6001-6500/6096-PROOF.pdf,yes,comments/A185926-A196702.md
A188847,31 August 2026,papers/4501-5000/4720-PROOF.pdf,yes,comments/A185926-A196702.md
A188848,31 August 2026,papers/3501-4000/3847-PROOF.pdf,yes,comments/A185926-A196702.md
A188852,31 August 2026,papers/6001-6500/6257-PROOF.pdf,yes,comments/A185926-A196702.md
A188853,31 August 2026,papers/4501-5000/4800-PROOF.pdf,yes,comments/A185926-A196702.md
A188854,31 August 2026,papers/3501-4000/3630-PROOF.pdf,yes,comments/A185926-A196702.md
A188861,1 September 2026,papers/3001-3500/3363-PROOF.pdf,yes,comments/A185926-A196702.md
A188862,1 September 2026,papers/3001-3500/3347-PROOF.pdf,yes,comments/A185926-A196702.md
A188863,1 September 2026,papers/3001-3500/3342-PROOF.pdf,yes,comments/A185926-A196702.md
A188864,1 September 2026,papers/3001-3500/3331-PROOF.pdf,yes,comments/A185926-A196702.md
A188865,1 September 2026,papers/3001-3500/3321-PROOF.pdf,yes,comments/A185926-A196702.md
A188868,31 August 2026,papers/8501-9000/8809-PROOF.pdf,yes,comments/A185926-A196702.md
A188869,31 August 2026,papers/7501-8000/7982-PROOF.pdf,yes,comments/A185926-A196702.md
A188870,31 August 2026,papers/7001-7500/7284-PROOF.pdf,yes,comments/A185926-A196702.md
A188871,31 August 2026,papers/6501-7000/6527-PROOF.pdf,yes,comments/A185926-A196702.md
A188872,31 August 2026,papers/5001-5500/5411-PROOF.pdf,yes,comments/A185926-A196702.md
A188873,2 September 2026,papers/4001-4500/4105-PROOF.pdf,yes,comments/A185926-A196702.md
A188875,31 August 2026,papers/6501-7000/6898-PROOF.pdf,yes,comments/A185926-A196702.md
A188876,31 August 2026,papers/4001-4500/4154-PROOF.pdf,yes,comments/A185926-A196702.md
A188905,31 August 2026,papers/5001-5500/5226-PROOF.pdf,yes,comments/A185926-A196702.md
A188906,31 August 2026,papers/4001-4500/4143-PROOF.pdf,yes,comments/A185926-A196702.md
A188986,31 August 2026,papers/8501-9000/8810-PROOF.pdf,yes,comments/A185926-A196702.md
A188987,31 August 2026,papers/7501-8000/7983-PROOF.pdf,yes,comments/A185926-A196702.md
A188988,31 August 2026,papers/8001-8500/8184-PROOF.pdf,yes,comments/A185926-A196702.md
A188989,31 August 2026,papers/6501-7000/6982-PROOF.pdf,yes,comments/A185926-A196702.md
A188990,31 August 2026,papers/6001-6500/6061-PROOF.pdf,yes,comments/A185926-A196702.md
A188991,2 September 2026,papers/5001-5500/5265-PROOF.pdf,yes,comments/A185926-A196702.md
A188993,31 August 2026,papers/7001-7500/7198-PROOF.pdf,yes,comments/A185926-A196702.md
A188994,31 August 2026,papers/5001-5500/5307-PROOF.pdf,yes,comments/A185926-A196702.md
A188995,31 August 2026,papers/3501-4000/3915-PROOF.pdf,yes,comments/A185926-A196702.md
A189053,25 August 2026,papers/9501-10000/9655-PROOF.pdf,yes,comments/A185926-A196702.md
A189059,31 August 2026,papers/7501-8000/7984-PROOF.pdf,yes,comments/A185926-A196702.md
A189060,31 August 2026,papers/7001-7500/7492-PROOF.pdf,yes,comments/A185926-A196702.md
A189061,31 August 2026,papers/6001-6500/6074-PROOF.pdf,yes,comments/A185926-A196702.md
A189062,31 August 2026,papers/4501-5000/4653-PROOF.pdf,yes,comments/A185926-A196702.md
A189063,2 September 2026,papers/3501-4000/3869-PROOF.pdf,yes,comments/A185926-A196702.md
A189065,31 August 2026,papers/5501-6000/5898-PROOF.pdf,yes,comments/A185926-A196702.md
A189066,31 August 2026,papers/4001-4500/4069-PROOF.pdf,yes,comments/A185926-A196702.md
A189105,31 August 2026,papers/7501-8000/7591-PROOF.pdf,yes,comments/A185926-A196702.md
A189106,31 August 2026,papers/5001-5500/5227-PROOF.pdf,yes,comments/A185926-A196702.md
A189107,31 August 2026,papers/4501-5000/4957-PROOF.pdf,yes,comments/A185926-A196702.md
A189108,31 August 2026,papers/3501-4000/3569-PROOF.pdf,yes,comments/A185926-A196702.md
A189112,31 August 2026,papers/4001-4500/4155-PROOF.pdf,yes,comments/A185926-A196702.md
A189113,31 August 2026,papers/3501-4000/3759-PROOF.pdf,yes,comments/A185926-A196702.md
A189145,6 September 2026,papers/2001-2500/2329-PROOF.pdf,yes,comments/A185926-A196702.md
A189146,6 September 2026,papers/1001-1500/1090-PROOF.pdf,yes,comments/A185926-A196702.md
A189176,25 August 2026,papers/9501-10000/9891-PROOF.pdf,yes,comments/A185926-A196702.md
A189179,6 September 2026,papers/3001-3500/3264-PROOF.pdf,yes,comments/A185926-A196702.md
A189180,6 September 2026,papers/2001-2500/2315-PROOF.pdf,yes,comments/A185926-A196702.md
A189181,6 September 2026,papers/1001-1500/1414-PROOF.pdf,yes,comments/A185926-A196702.md
A189182,6 September 2026,papers/1001-1500/1117-PROOF.pdf,yes,comments/A185926-A196702.md
A189190,31 August 2026,papers/7001-7500/7199-PROOF.pdf,yes,comments/A185926-A196702.md
A189191,31 August 2026,papers/5001-5500/5308-PROOF.pdf,yes,comments/A185926-A196702.md
A189192,31 August 2026,papers/3501-4000/3916-PROOF.pdf,yes,comments/A185926-A196702.md
A189197,31 August 2026,papers/7501-8000/7985-PROOF.pdf,yes,comments/A185926-A196702.md
A189198,31 August 2026,papers/7501-8000/7735-PROOF.pdf,yes,comments/A185926-A196702.md
A189199,31 August 2026,papers/6001-6500/6329-PROOF.pdf,yes,comments/A185926-A196702.md
A189200,31 August 2026,papers/5001-5500/5194-PROOF.pdf,yes,comments/A185926-A196702.md
A189201,2 September 2026,papers/4001-4500/4472-PROOF.pdf,yes,comments/A185926-A196702.md
A189247,6 September 2026,papers/3001-3500/3265-PROOF.pdf,yes,comments/A185926-A196702.md
A189248,6 September 2026,papers/2001-2500/2090-PROOF.pdf,yes,comments/A185926-A196702.md
A189249,6 September 2026,papers/1001-1500/1415-PROOF.pdf,yes,comments/A185926-A196702.md
A189250,6 September 2026,papers/1001-1500/1118-PROOF.pdf,yes,comments/A185926-A196702.md
A189258,31 August 2026,papers/7501-8000/7825-PROOF.pdf,yes,comments/A185926-A196702.md
A189259,31 August 2026,papers/6001-6500/6215-PROOF.pdf,yes,comments/A185926-A196702.md
A189260,31 August 2026,papers/5501-6000/5604-PROOF.pdf,yes,comments/A185926-A196702.md
A189261,31 August 2026,papers/4001-4500/4351-PROOF.pdf,yes,comments/A185926-A196702.md
A189265,31 August 2026,papers/5501-6000/5642-PROOF.pdf,yes,comments/A185926-A196702.md
A189266,31 August 2026,papers/3501-4000/3682-PROOF.pdf,yes,comments/A185926-A196702.md
A189274,2 September 2026,papers/9501-10000/9623-PROOF.pdf,yes,comments/A185926-A196702.md
A189275,6 September 2026,papers/1501-2000/1886-PROOF.pdf,yes,comments/A185926-A196702.md
A189276,6 September 2026,papers/1501-2000/1718-PROOF.pdf,yes,comments/A185926-A196702.md
A189277,6 September 2026,papers/1001-1500/1028-PROOF.pdf,yes,comments/A185926-A196702.md
A189305,6 September 2026,papers/2501-3000/2862-PROOF.pdf,yes,comments/A185926-A196702.md
A189306,6 September 2026,papers/1501-2000/1843-PROOF.pdf,yes,comments/A185926-A196702.md
A189307,6 September 2026,papers/1001-1500/1209-PROOF.pdf,yes,comments/A185926-A196702.md
A189348,6 September 2026,papers/2501-3000/2863-PROOF.pdf,yes,comments/A185926-A196702.md
A189349,6 September 2026,papers/2001-2500/2091-PROOF.pdf,yes,comments/A185926-A196702.md
A189350,6 September 2026,papers/1001-1500/1258-PROOF.pdf,yes,comments/A185926-A196702.md
A189429,6 September 2026,papers/2501-3000/2840-PROOF.pdf,yes,comments/A185926-A196702.md
A189430,6 September 2026,papers/1001-1500/1333-PROOF.pdf,yes,comments/A185926-A196702.md
A189431,6 September 2026,papers/1001-1500/1070-PROOF.pdf,yes,comments/A185926-A196702.md
A189436,6 September 2026,papers/2501-3000/2853-PROOF.pdf,yes,comments/A185926-A196702.md
A189437,6 September 2026,papers/2501-3000/2796-PROOF.pdf,yes,comments/A185926-A196702.md
A189438,6 September 2026,papers/1501-2000/1824-PROOF.pdf,yes,comments/A185926-A196702.md
A189439,6 September 2026,papers/1501-2000/1765-PROOF.pdf,yes,comments/A185926-A196702.md
A189440,6 September 2026,papers/1001-1500/1184-PROOF.pdf,yes,comments/A185926-A196702.md
A189444,6 September 2026,papers/2501-3000/2797-PROOF.pdf,yes,comments/A185926-A196702.md
A189445,6 September 2026,papers/2501-3000/2750-PROOF.pdf,yes,comments/A185926-A196702.md
A189446,6 September 2026,papers/1501-2000/1816-PROOF.pdf,yes,comments/A185926-A196702.md
A189447,6 September 2026,papers/2001-2500/2018-PROOF.pdf,yes,comments/A185926-A196702.md
A189448,6 September 2026,papers/1001-1500/1212-PROOF.pdf,yes,comments/A185926-A196702.md
A189450,2 September 2026,papers/9001-9500/9451-PROOF.pdf,yes,comments/A185926-A196702.md
A189451,6 September 2026,papers/1501-2000/1844-PROOF.pdf,yes,comments/A185926-A196702.md
A189452,6 September 2026,papers/1001-1500/1300-PROOF.pdf,yes,comments/A185926-A196702.md
A189604,2 September 2026,papers/9501-10000/9581-PROOF.pdf,yes,comments/A185926-A196702.md
A189605,6 September 2026,papers/1501-2000/1779-PROOF.pdf,yes,comments/A185926-A196702.md
A189606,6 September 2026,papers/1501-2000/1539-PROOF.pdf,yes,comments/A185926-A196702.md
A189607,6 September 2026,papers/1001-1500/1042-PROOF.pdf,yes,comments/A185926-A196702.md
A189612,31 August 2026,papers/5501-6000/5987-PROOF.pdf,yes,comments/A185926-A196702.md
A189613,31 August 2026,papers/5001-5500/5160-PROOF.pdf,yes,comments/A185926-A196702.md
A189614,31 August 2026,papers/3001-3500/3475-PROOF.pdf,yes,comments/A185926-A196702.md
A189618,31 August 2026,papers/6001-6500/6016-PROOF.pdf,yes,comments/A185926-A196702.md
A189644,6 September 2026,papers/3001-3500/3049-PROOF.pdf,yes,comments/A185926-A196702.md
A189645,6 September 2026,papers/1001-1500/1457-PROOF.pdf,yes,comments/A185926-A196702.md
A189646,6 September 2026,papers/1001-1500/1412-PROOF.pdf,yes,comments/A185926-A196702.md
A189651,6 September 2026,papers/2001-2500/2092-PROOF.pdf,yes,comments/A185926-A196702.md
A189652,6 September 2026,papers/1001-1500/1416-PROOF.pdf,yes,comments/A185926-A196702.md
A189653,6 September 2026,papers/1001-1500/1119-PROOF.pdf,yes,comments/A185926-A196702.md
A189690,31 August 2026,papers/6501-7000/6899-PROOF.pdf,yes,comments/A185926-A196702.md
A189691,31 August 2026,papers/5001-5500/5309-PROOF.pdf,yes,comments/A185926-A196702.md
A189692,31 August 2026,papers/3501-4000/3964-PROOF.pdf,yes,comments/A185926-A196702.md
A189697,31 August 2026,papers/5001-5500/5174-PROOF.pdf,yes,comments/A185926-A196702.md
A189698,31 August 2026,papers/4001-4500/4227-PROOF.pdf,yes,comments/A185926-A196702.md
A190025,2 September 2026,papers/7501-8000/7972-PROOF.pdf,yes,comments/A185926-A196702.md
A190026,2 September 2026,papers/8001-8500/8023-PROOF.pdf,yes,comments/A185926-A196702.md
A190028,2 September 2026,papers/7501-8000/7977-PROOF.pdf,yes,comments/A185926-A196702.md
A190091,2 September 2026,papers/9001-9500/9452-PROOF.pdf,yes,comments/A185926-A196702.md
A190092,2 September 2026,papers/9001-9500/9425-PROOF.pdf,yes,comments/A185926-A196702.md
A190093,2 September 2026,papers/9001-9500/9426-PROOF.pdf,yes,comments/A185926-A196702.md
A190166,25 August 2026,papers/9501-10000/9680-PROOF.pdf,yes,comments/A185926-A196702.md
A190171,25 August 2026,papers/9501-10000/9641-PROOF.pdf,yes,comments/A185926-A196702.md
A190724,25 August 2026,papers/9501-10000/9867-PROOF.pdf,yes,comments/A185926-A196702.md
A190725,25 August 2026,papers/9501-10000/9797-PROOF.pdf,yes,comments/A185926-A196702.md
A190736,25 August 2026,papers/9501-10000/9708-PROOF.pdf,yes,comments/A185926-A196702.md
A190788,25 August 2026,papers/9501-10000/9643-PROOF.pdf,yes,comments/A185926-A196702.md
A191307,25 August 2026,papers/9501-10000/9884-PROOF.pdf,yes,comments/A185926-A196702.md
A191309,25 August 2026,papers/9501-10000/9805-PROOF.pdf,yes,comments/A185926-A196702.md
A191313,25 August 2026,papers/9501-10000/9712-PROOF.pdf,yes,comments/A185926-A196702.md
A191319,25 August 2026,papers/9501-10000/9806-PROOF.pdf,yes,comments/A185926-A196702.md
A191398,25 August 2026,papers/9501-10000/9676-PROOF.pdf,yes,comments/A185926-A196702.md
A191526,25 August 2026,papers/9501-10000/9798-PROOF.pdf,yes,comments/A185926-A196702.md
A191531,25 August 2026,papers/9501-10000/9799-PROOF.pdf,yes,comments/A185926-A196702.md
A191585,25 August 2026,papers/9501-10000/9753-PROOF.pdf papers/9501-10000/9846-PROOF.pdf,yes,comments/A185926-A196702.md
A191625,25 August 2026,papers/9501-10000/9634-PROOF.pdf,yes,comments/A185926-A196702.md
A191782,25 August 2026,papers/9501-10000/9785-PROOF.pdf,yes,comments/A185926-A196702.md
A191786,25 August 2026,papers/9501-10000/9637-PROOF.pdf,yes,comments/A185926-A196702.md
A191790,25 August 2026,papers/9501-10000/9713-PROOF.pdf papers/9501-10000/9807-PROOF.pdf,yes,comments/A185926-A196702.md
A191796,25 August 2026,papers/9501-10000/9737-PROOF.pdf,yes,comments/A185926-A196702.md
A191993,25 August 2026,papers/9501-10000/9917-PROOF.pdf,yes,comments/A185926-A196702.md
A192480,25 August 2026,papers/9501-10000/9889-PROOF.pdf,yes,comments/A185926-A196702.md
A194724,25 August 2026,papers/9501-10000/9892-PROOF.pdf,yes,comments/A185926-A196702.md
A194772,2 September 2026,papers/9001-9500/9414-PROOF.pdf,yes,comments/A185926-A196702.md
A194932,6 September 2026,papers/3001-3500/3396-PROOF.pdf,yes,comments/A185926-A196702.md
A194933,6 September 2026,papers/3001-3500/3388-PROOF.pdf,yes,comments/A185926-A196702.md
A194934,6 September 2026,papers/3001-3500/3382-PROOF.pdf,yes,comments/A185926-A196702.md
A194935,6 September 2026,papers/3001-3500/3373-PROOF.pdf,yes,comments/A185926-A196702.md
A194936,6 September 2026,papers/3001-3500/3416-PROOF.pdf,yes,comments/A185926-A196702.md
A194999,6 September 2026,papers/3001-3500/3397-PROOF.pdf,yes,comments/A185926-A196702.md
A195000,6 September 2026,papers/3001-3500/3289-PROOF.pdf,yes,comments/A185926-A196702.md
A195001,6 September 2026,papers/3001-3500/3383-PROOF.pdf,yes,comments/A185926-A196702.md
A195002,6 September 2026,papers/3001-3500/3374-PROOF.pdf,yes,comments/A185926-A196702.md
A195003,6 September 2026,papers/3001-3500/3371-PROOF.pdf,yes,comments/A185926-A196702.md
A195233,6 September 2026,papers/3001-3500/3305-PROOF.pdf,yes,comments/A185926-A196702.md
A195234,6 September 2026,papers/3001-3500/3303-PROOF.pdf,yes,comments/A185926-A196702.md
A195235,6 September 2026,papers/3001-3500/3298-PROOF.pdf,yes,comments/A185926-A196702.md
A195236,6 September 2026,papers/3001-3500/3292-PROOF.pdf,yes,comments/A185926-A196702.md
A195237,6 September 2026,papers/3001-3500/3290-PROOF.pdf,yes,comments/A185926-A196702.md
A195249,6 September 2026,papers/3001-3500/3299-PROOF.pdf,yes,comments/A185926-A196702.md
A195250,6 September 2026,papers/3001-3500/3421-PROOF.pdf,yes,comments/A185926-A196702.md
A195251,6 September 2026,papers/3001-3500/3420-PROOF.pdf,yes,comments/A185926-A196702.md
A195252,6 September 2026,papers/3001-3500/3418-PROOF.pdf,yes,comments/A185926-A196702.md
A195253,6 September 2026,papers/3001-3500/3417-PROOF.pdf,yes,comments/A185926-A196702.md
A195956,31 August 2026,papers/8001-8500/8202-PROOF.pdf,yes,comments/A185926-A196702.md
A195957,31 August 2026,papers/6001-6500/6065-PROOF.pdf,yes,comments/A185926-A196702.md
A195958,7 September 2026,papers/4001-4500/4187-PROOF.pdf,yes,comments/A185926-A196702.md
A195964,31 August 2026,papers/7001-7500/7469-PROOF.pdf,yes,comments/A185926-A196702.md
A195965,7 September 2026,papers/5001-5500/5291-PROOF.pdf,yes,comments/A185926-A196702.md
A195966,7 September 2026,papers/3001-3500/3451-PROOF.pdf,yes,comments/A185926-A196702.md
A195972,31 August 2026,papers/7501-8000/7963-PROOF.pdf,yes,comments/A185926-A196702.md
A195973,31 August 2026,papers/6501-7000/6516-PROOF.pdf,yes,comments/A185926-A196702.md
A195974,1 September 2026,papers/4501-5000/4952-PROOF.pdf,yes,comments/A185926-A196702.md
A195975,1 September 2026,papers/3501-4000/3584-PROOF.pdf,yes,comments/A185926-A196702.md
A196012,1 September 2026,papers/8001-8500/8331-PROOF.pdf,yes,comments/A185926-A196702.md
A196013,1 September 2026,papers/7001-7500/7279-PROOF.pdf,yes,comments/A185926-A196702.md
A196014,1 September 2026,papers/5501-6000/5585-PROOF.pdf,yes,comments/A185926-A196702.md
A196072,31 August 2026,papers/8001-8500/8474-PROOF.pdf,yes,comments/A185926-A196702.md
A196073,31 August 2026,papers/6001-6500/6190-PROOF.pdf,yes,comments/A185926-A196702.md
A196132,31 August 2026,papers/7501-8000/7516-PROOF.pdf,yes,comments/A185926-A196702.md
A196133,31 August 2026,papers/5501-6000/5745-PROOF.pdf,yes,comments/A185926-A196702.md
A196134,1 September 2026,papers/3501-4000/3597-PROOF.pdf,yes,comments/A185926-A196702.md
A196140,31 August 2026,papers/8001-8500/8203-PROOF.pdf,yes,comments/A185926-A196702.md
A196142,1 September 2026,papers/5001-5500/5211-PROOF.pdf,yes,comments/A185926-A196702.md
A196143,1 September 2026,papers/3501-4000/3815-PROOF.pdf,yes,comments/A185926-A196702.md
A196204,31 August 2026,papers/8001-8500/8475-PROOF.pdf,yes,comments/A185926-A196702.md
A196205,31 August 2026,papers/7001-7500/7470-PROOF.pdf,yes,comments/A185926-A196702.md
A196206,1 September 2026,papers/5501-6000/5967-PROOF.pdf,yes,comments/A185926-A196702.md
A196207,1 September 2026,papers/4501-5000/4517-PROOF.pdf,yes,comments/A185926-A196702.md
A196212,31 August 2026,papers/7001-7500/7298-PROOF.pdf,yes,comments/A185926-A196702.md
A196213,31 August 2026,papers/4501-5000/4705-PROOF.pdf,yes,comments/A185926-A196702.md
A196282,31 August 2026,papers/6501-7000/6672-PROOF.pdf,yes,comments/A185926-A196702.md
A196283,1 September 2026,papers/4501-5000/4527-PROOF.pdf,yes,comments/A185926-A196702.md
A196294,31 August 2026,papers/7501-8000/7517-PROOF.pdf,yes,comments/A185926-A196702.md
A196295,31 August 2026,papers/4501-5000/4937-PROOF.pdf,yes,comments/A185926-A196702.md
A196310,1 September 2026,papers/4501-5000/4583-PROOF.pdf,yes,comments/A185926-A196702.md
A196316,31 August 2026,papers/8001-8500/8476-PROOF.pdf,yes,comments/A185926-A196702.md
A196317,31 August 2026,papers/7001-7500/7130-PROOF.pdf,yes,comments/A185926-A196702.md
A196318,1 September 2026,papers/5001-5500/5021-PROOF.pdf,yes,comments/A185926-A196702.md
A196319,1 September 2026,papers/3001-3500/3486-PROOF.pdf,yes,comments/A185926-A196702.md
A196324,31 August 2026,papers/7001-7500/7471-PROOF.pdf,yes,comments/A185926-A196702.md
A196325,1 September 2026,papers/5501-6000/5677-PROOF.pdf,yes,comments/A185926-A196702.md
A196326,1 September 2026,papers/3501-4000/3909-PROOF.pdf,yes,comments/A185926-A196702.md
A196332,31 August 2026,papers/6001-6500/6191-PROOF.pdf,yes,comments/A185926-A196702.md
A196333,1 September 2026,papers/4001-4500/4007-PROOF.pdf,yes,comments/A185926-A196702.md
A196339,1 September 2026,papers/5001-5500/5022-PROOF.pdf,yes,comments/A185926-A196702.md
A196340,1 September 2026,papers/3501-4000/3507-PROOF.pdf,yes,comments/A185926-A196702.md
A196423,31 August 2026,papers/8501-9000/8867-PROOF.pdf,yes,comments/A185926-A196702.md
A196424,31 August 2026,papers/6501-7000/6552-PROOF.pdf,yes,comments/A185926-A196702.md
A196425,31 August 2026,papers/3001-3500/3484-PROOF.pdf,yes,comments/A185926-A196702.md
A196431,31 August 2026,papers/7001-7500/7472-PROOF.pdf,yes,comments/A185926-A196702.md
A196432,1 September 2026,papers/6501-7000/6701-PROOF.pdf,yes,comments/A185926-A196702.md
A196433,1 September 2026,papers/4501-5000/4709-PROOF.pdf,yes,comments/A185926-A196702.md
A196450,31 August 2026,papers/7501-8000/7964-PROOF.pdf,yes,comments/A185926-A196702.md
A196451,31 August 2026,papers/6001-6500/6066-PROOF.pdf,yes,comments/A185926-A196702.md
A196452,1 September 2026,papers/3501-4000/3757-PROOF.pdf,yes,comments/A185926-A196702.md
A196479,31 August 2026,papers/7501-8000/7748-PROOF.pdf,yes,comments/A185926-A196702.md
A196480,31 August 2026,papers/5501-6000/5507-PROOF.pdf,yes,comments/A185926-A196702.md
A196481,1 September 2026,papers/3501-4000/3520-PROOF.pdf,yes,comments/A185926-A196702.md
A196488,31 August 2026,papers/7501-8000/7708-PROOF.pdf,yes,comments/A185926-A196702.md
A196489,1 September 2026,papers/6001-6500/6343-PROOF.pdf,yes,comments/A185926-A196702.md
A196490,1 September 2026,papers/4501-5000/4516-PROOF.pdf,yes,comments/A185926-A196702.md
A196523,31 August 2026,papers/0001-0500/0121-PROOF.pdf,yes,comments/A185926-A196702.md
A196537,31 August 2026,papers/8501-9000/8868-PROOF.pdf,yes,comments/A185926-A196702.md
A196538,31 August 2026,papers/6501-7000/6553-PROOF.pdf,yes,comments/A185926-A196702.md
A196539,31 August 2026,papers/3501-4000/3872-PROOF.pdf,yes,comments/A185926-A196702.md
A196573,31 August 2026,papers/8001-8500/8154-PROOF.pdf,yes,comments/A185926-A196702.md
A196574,1 September 2026,papers/7001-7500/7291-PROOF.pdf,yes,comments/A185926-A196702.md
A196575,1 September 2026,papers/5001-5500/5356-PROOF.pdf,yes,comments/A185926-A196702.md
A196584,31 August 2026,papers/7501-8000/7965-PROOF.pdf,yes,comments/A185926-A196702.md
A196585,31 August 2026,papers/5001-5500/5275-PROOF.pdf,yes,comments/A185926-A196702.md
A196586,1 September 2026,papers/3501-4000/3543-PROOF.pdf,yes,comments/A185926-A196702.md
A196596,31 August 2026,papers/8001-8500/8448-PROOF.pdf,yes,comments/A185926-A196702.md
A196597,1 September 2026,papers/7501-8000/7746-PROOF.pdf,yes,comments/A185926-A196702.md
A196598,1 September 2026,papers/5501-6000/5964-PROOF.pdf,yes,comments/A185926-A196702.md
A196630,31 August 2026,papers/8501-9000/8742-PROOF.pdf,yes,comments/A185926-A196702.md
A196631,31 August 2026,papers/7001-7500/7473-PROOF.pdf,yes,comments/A185926-A196702.md
A196632,1 September 2026,papers/5501-6000/5523-PROOF.pdf,yes,comments/A185926-A196702.md
A196633,1 September 2026,papers/3501-4000/3661-PROOF.pdf,yes,comments/A185926-A196702.md
A196638,1 September 2026,papers/3501-4000/3662-PROOF.pdf,yes,comments/A185926-A196702.md
A196643,1 September 2026,papers/6001-6500/6072-PROOF.pdf,yes,comments/A185926-A196702.md
A196648,31 August 2026,papers/6501-7000/6517-PROOF.pdf,yes,comments/A185926-A196702.md
A196649,1 September 2026,papers/4501-5000/4839-PROOF.pdf,yes,comments/A185926-A196702.md
A196680,31 August 2026,papers/4501-5000/4612-PROOF.pdf,yes,comments/A185926-A196702.md
A196690,31 August 2026,papers/8501-9000/8743-PROOF.pdf,yes,comments/A185926-A196702.md
A196691,31 August 2026,papers/6501-7000/6968-PROOF.pdf,yes,comments/A185926-A196702.md
A196692,1 September 2026,papers/5001-5500/5290-PROOF.pdf,yes,comments/A185926-A196702.md
A196693,1 September 2026,papers/3501-4000/3508-PROOF.pdf,yes,comments/A185926-A196702.md
A196700,31 August 2026,papers/9001-9500/9131-PROOF.pdf,yes,comments/A185926-A196702.md
A196701,31 August 2026,papers/7501-8000/7966-PROOF.pdf,yes,comments/A185926-A196702.md
A196702,31 August 2026,papers/5001-5500/5139-PROOF.pdf,yes,comments/A185926-A196702.md
A196703,1 September 2026,papers/3501-4000/3511-PROOF.pdf,yes,comments/A196703-A203781.md
A196713,31 August 2026,papers/5001-5500/5276-PROOF.pdf,yes,comments/A196703-A203781.md
A196714,1 September 2026,papers/3001-3500/3449-PROOF.pdf,yes,comments/A196703-A203781.md
A196726,1 September 2026,papers/3501-4000/3554-PROOF.pdf,yes,comments/A196703-A203781.md
A196741,31 August 2026,papers/7501-8000/7709-PROOF.pdf,yes,comments/A196703-A203781.md
A196743,1 September 2026,papers/4001-4500/4224-PROOF.pdf,yes,comments/A196703-A203781.md
A196781,31 August 2026,papers/7501-8000/7914-PROOF.pdf,yes,comments/A196703-A203781.md
A196782,1 September 2026,papers/7001-7500/7290-PROOF.pdf,yes,comments/A196703-A203781.md
A196797,31 August 2026,papers/5001-5500/5350-PROOF.pdf,yes,comments/A196703-A203781.md
A196798,1 September 2026,papers/3501-4000/3603-PROOF.pdf,yes,comments/A196703-A203781.md
A196804,31 August 2026,papers/8001-8500/8155-PROOF.pdf,yes,comments/A196703-A203781.md
A196805,1 September 2026,papers/6501-7000/6850-PROOF.pdf,yes,comments/A196703-A203781.md
A196850,31 August 2026,papers/7501-8000/7967-PROOF.pdf,yes,comments/A196703-A203781.md
A196851,31 August 2026,papers/5001-5500/5140-PROOF.pdf,yes,comments/A196703-A203781.md
A196852,1 September 2026,papers/3001-3500/3482-PROOF.pdf,yes,comments/A196703-A203781.md
A196858,31 August 2026,papers/8001-8500/8156-PROOF.pdf,yes,comments/A196703-A203781.md
A196859,1 September 2026,papers/7001-7500/7292-PROOF.pdf,yes,comments/A196703-A203781.md
A196860,1 September 2026,papers/5001-5500/5010-PROOF.pdf,yes,comments/A196703-A203781.md
A196899,31 August 2026,papers/7001-7500/7261-PROOF.pdf,yes,comments/A196703-A203781.md
A196900,1 September 2026,papers/5501-6000/5770-PROOF.pdf,yes,comments/A196703-A203781.md
A196901,1 September 2026,papers/3501-4000/3613-PROOF.pdf,yes,comments/A196703-A203781.md
A196906,31 August 2026,papers/8001-8500/8204-PROOF.pdf,yes,comments/A196703-A203781.md
A196907,31 August 2026,papers/6001-6500/6067-PROOF.pdf,yes,comments/A196703-A203781.md
A196908,1 September 2026,papers/3501-4000/3962-PROOF.pdf,yes,comments/A196703-A203781.md
A196917,31 August 2026,papers/8501-9000/8711-PROOF.pdf,yes,comments/A196703-A203781.md
A196918,1 September 2026,papers/7501-8000/7745-PROOF.pdf,yes,comments/A196703-A203781.md
A196919,1 September 2026,papers/5501-6000/5665-PROOF.pdf,yes,comments/A196703-A203781.md
A196926,1 September 2026,papers/4001-4500/4184-PROOF.pdf,yes,comments/A196703-A203781.md
A196945,31 August 2026,papers/5001-5500/5141-PROOF.pdf,yes,comments/A196703-A203781.md
A196946,1 September 2026,papers/3001-3500/3476-PROOF.pdf,yes,comments/A196703-A203781.md
A196952,31 August 2026,papers/7001-7500/7474-PROOF.pdf,yes,comments/A196703-A203781.md
A196953,1 September 2026,papers/6501-7000/6539-PROOF.pdf,yes,comments/A196703-A203781.md
A196954,1 September 2026,papers/4501-5000/4708-PROOF.pdf,yes,comments/A196703-A203781.md
A196961,31 August 2026,papers/7501-8000/7968-PROOF.pdf,yes,comments/A196703-A203781.md
A196962,31 August 2026,papers/5001-5500/5277-PROOF.pdf,yes,comments/A196703-A203781.md
A196963,1 September 2026,papers/3001-3500/3462-PROOF.pdf,yes,comments/A196703-A203781.md
A196969,31 August 2026,papers/6001-6500/6320-PROOF.pdf,yes,comments/A196703-A203781.md
A196970,1 September 2026,papers/4001-4500/4260-PROOF.pdf,yes,comments/A196703-A203781.md
A196976,31 August 2026,papers/8001-8500/8205-PROOF.pdf,yes,comments/A196703-A203781.md
A196977,31 August 2026,papers/5501-6000/5746-PROOF.pdf,yes,comments/A196703-A203781.md
A196978,1 September 2026,papers/3501-4000/3891-PROOF.pdf,yes,comments/A196703-A203781.md
A196984,31 August 2026,papers/7001-7500/7475-PROOF.pdf,yes,comments/A196703-A203781.md
A196985,1 September 2026,papers/6001-6500/6204-PROOF.pdf,yes,comments/A196703-A203781.md
A197042,31 August 2026,papers/5001-5500/5278-PROOF.pdf,yes,comments/A196703-A203781.md
A197043,1 September 2026,papers/3001-3500/3487-PROOF.pdf,yes,comments/A196703-A203781.md
A197050,3 September 2026,papers/2001-2500/2483-PROOF.pdf,yes,comments/A196703-A203781.md
A197051,3 September 2026,papers/1501-2000/1848-PROOF.pdf,yes,comments/A196703-A203781.md
A197056,3 September 2026,papers/2501-3000/2515-PROOF.pdf,yes,comments/A196703-A203781.md
A197057,3 September 2026,papers/2001-2500/2114-PROOF.pdf,yes,comments/A196703-A203781.md
A197058,3 September 2026,papers/1501-2000/1850-PROOF.pdf,yes,comments/A196703-A203781.md
A197064,31 August 2026,papers/6501-7000/6969-PROOF.pdf,yes,comments/A196703-A203781.md
A197065,1 September 2026,papers/5001-5500/5158-PROOF.pdf,yes,comments/A196703-A203781.md
A197066,1 September 2026,papers/3001-3500/3448-PROOF.pdf,yes,comments/A196703-A203781.md
A197074,31 August 2026,papers/5501-6000/5954-PROOF.pdf,yes,comments/A196703-A203781.md
A197085,31 August 2026,papers/6501-7000/6824-PROOF.pdf,yes,comments/A196703-A203781.md
A197086,1 September 2026,papers/5001-5500/5090-PROOF.pdf,yes,comments/A196703-A203781.md
A197092,31 August 2026,papers/8501-9000/8744-PROOF.pdf,yes,comments/A196703-A203781.md
A197093,31 August 2026,papers/6501-7000/6825-PROOF.pdf,yes,comments/A196703-A203781.md
A197095,1 September 2026,papers/3501-4000/3516-PROOF.pdf,yes,comments/A196703-A203781.md
A197102,4 September 2026,papers/2501-3000/2831-PROOF.pdf,yes,comments/A196703-A203781.md
A197103,4 September 2026,papers/1501-2000/1583-PROOF.pdf,yes,comments/A196703-A203781.md
A197162,31 August 2026,papers/5501-6000/5656-PROOF.pdf,yes,comments/A196703-A203781.md
A197174,31 August 2026,papers/7501-8000/7749-PROOF.pdf,yes,comments/A196703-A203781.md
A197175,31 August 2026,papers/6501-7000/6673-PROOF.pdf,yes,comments/A196703-A203781.md
A197201,31 August 2026,papers/7501-8000/7750-PROOF.pdf,yes,comments/A196703-A203781.md
A197202,31 August 2026,papers/4501-5000/4938-PROOF.pdf,yes,comments/A196703-A203781.md
A197211,31 August 2026,papers/8001-8500/8477-PROOF.pdf,yes,comments/A196703-A203781.md
A197212,31 August 2026,papers/6501-7000/6970-PROOF.pdf,yes,comments/A196703-A203781.md
A197213,1 September 2026,papers/4501-5000/4786-PROOF.pdf,yes,comments/A196703-A203781.md
A197229,31 August 2026,papers/8001-8500/8206-PROOF.pdf,yes,comments/A196703-A203781.md
A197230,1 September 2026,papers/0001-0500/0425-DISPROOF.pdf,yes,comments/A196703-A203781.md
A197244,31 August 2026,papers/8001-8500/8478-PROOF.pdf,yes,comments/A196703-A203781.md
A197245,31 August 2026,papers/5501-6000/5955-PROOF.pdf,yes,comments/A196703-A203781.md
A197246,1 September 2026,papers/4001-4500/4141-PROOF.pdf,yes,comments/A196703-A203781.md
A197274,31 August 2026,papers/7501-8000/7969-PROOF.pdf,yes,comments/A196703-A203781.md
A197275,31 August 2026,papers/5501-6000/5956-PROOF.pdf,yes,comments/A196703-A203781.md
A197276,1 September 2026,papers/4001-4500/4040-PROOF.pdf,yes,comments/A196703-A203781.md
A197302,31 August 2026,papers/6501-7000/6518-PROOF.pdf,yes,comments/A196703-A203781.md
A197311,31 August 2026,papers/7501-8000/7970-PROOF.pdf,yes,comments/A196703-A203781.md
A197312,31 August 2026,papers/5001-5500/5279-PROOF.pdf,yes,comments/A196703-A203781.md
A197313,1 September 2026,papers/3501-4000/3596-PROOF.pdf,yes,comments/A196703-A203781.md
A197337,31 August 2026,papers/6501-7000/6971-PROOF.pdf,yes,comments/A196703-A203781.md
A197344,31 August 2026,papers/8001-8500/8479-PROOF.pdf,yes,comments/A196703-A203781.md
A197345,31 August 2026,papers/6001-6500/6068-PROOF.pdf,yes,comments/A196703-A203781.md
A197346,1 September 2026,papers/4001-4500/4312-PROOF.pdf,yes,comments/A196703-A203781.md
A197359,31 August 2026,papers/5501-6000/5840-PROOF.pdf,yes,comments/A196703-A203781.md
A197360,1 September 2026,papers/4001-4500/4041-PROOF.pdf,yes,comments/A196703-A203781.md
A197368,31 August 2026,papers/7501-8000/7710-PROOF.pdf,yes,comments/A196703-A203781.md
A197370,1 September 2026,papers/4501-5000/4779-PROOF.pdf,yes,comments/A196703-A203781.md
A197396,31 August 2026,papers/6001-6500/6192-PROOF.pdf,yes,comments/A196703-A203781.md
A197397,1 September 2026,papers/4001-4500/4358-PROOF.pdf,yes,comments/A196703-A203781.md
A197403,31 August 2026,papers/7501-8000/7518-PROOF.pdf,yes,comments/A196703-A203781.md
A197404,31 August 2026,papers/4501-5000/4832-PROOF.pdf,yes,comments/A196703-A203781.md
A197426,31 August 2026,papers/4501-5000/4833-PROOF.pdf,yes,comments/A196703-A203781.md
A197435,4 September 2026,papers/3001-3500/3094-PROOF.pdf,yes,comments/A196703-A203781.md
A197436,4 September 2026,papers/1501-2000/1985-PROOF.pdf,yes,comments/A196703-A203781.md
A197437,4 September 2026,papers/1001-1500/1166-PROOF.pdf,yes,comments/A196703-A203781.md
A197444,31 August 2026,papers/7501-8000/7751-PROOF.pdf,yes,comments/A196703-A203781.md
A197445,31 August 2026,papers/5501-6000/5657-PROOF.pdf,yes,comments/A196703-A203781.md
A197452,31 August 2026,papers/6501-7000/6519-PROOF.pdf,yes,comments/A196703-A203781.md
A197469,31 August 2026,papers/9001-9500/9035-PROOF.pdf,yes,comments/A196703-A203781.md
A197470,31 August 2026,papers/6501-7000/6826-PROOF.pdf,yes,comments/A196703-A203781.md
A197471,1 September 2026,papers/5001-5500/5428-PROOF.pdf,yes,comments/A196703-A203781.md
A197497,31 August 2026,papers/8501-9000/8745-PROOF.pdf,yes,comments/A196703-A203781.md
A197498,31 August 2026,papers/5501-6000/5747-PROOF.pdf,yes,comments/A196703-A203781.md
A197524,31 August 2026,papers/7001-7500/7476-PROOF.pdf,yes,comments/A196703-A203781.md
A197526,1 September 2026,papers/4001-4500/4347-PROOF.pdf,yes,comments/A196703-A203781.md
A197531,31 August 2026,papers/7501-8000/7752-PROOF.pdf,yes,comments/A196703-A203781.md
A197532,31 August 2026,papers/5001-5500/5415-PROOF.pdf,yes,comments/A196703-A203781.md
A197533,1 September 2026,papers/3501-4000/3714-PROOF.pdf,yes,comments/A196703-A203781.md
A197539,31 August 2026,papers/7501-8000/7753-PROOF.pdf,yes,comments/A196703-A203781.md
A197540,31 August 2026,papers/5501-6000/5748-PROOF.pdf,yes,comments/A196703-A203781.md
A197556,31 August 2026,papers/6001-6500/6321-PROOF.pdf,yes,comments/A196703-A203781.md
A197607,31 August 2026,papers/7501-8000/7754-PROOF.pdf,yes,comments/A196703-A203781.md
A197608,31 August 2026,papers/4501-5000/4939-PROOF.pdf,yes,comments/A196703-A203781.md
A197617,31 August 2026,papers/8501-9000/8746-PROOF.pdf,yes,comments/A196703-A203781.md
A197618,31 August 2026,papers/5501-6000/5841-PROOF.pdf,yes,comments/A196703-A203781.md
A197619,1 September 2026,papers/4001-4500/4485-PROOF.pdf,yes,comments/A196703-A203781.md
A197642,31 August 2026,papers/8001-8500/8207-PROOF.pdf,yes,comments/A196703-A203781.md
A197643,31 August 2026,papers/6501-7000/6520-PROOF.pdf,yes,comments/A196703-A203781.md
A197644,1 September 2026,papers/4001-4500/4061-PROOF.pdf,yes,comments/A196703-A203781.md
A197666,31 August 2026,papers/7001-7500/7299-PROOF.pdf,yes,comments/A196703-A203781.md
A197667,31 August 2026,papers/4001-4500/4389-PROOF.pdf,yes,comments/A196703-A203781.md
A197674,31 August 2026,papers/5001-5500/5351-PROOF.pdf,yes,comments/A196703-A203781.md
A197745,31 August 2026,papers/5501-6000/5508-PROOF.pdf,yes,comments/A196703-A203781.md
A197746,1 September 2026,papers/3501-4000/3678-PROOF.pdf,yes,comments/A196703-A203781.md
A197777,31 August 2026,papers/4501-5000/4775-PROOF.pdf,yes,comments/A196703-A203781.md
A197800,31 August 2026,papers/4501-5000/4940-PROOF.pdf,yes,comments/A196703-A203781.md
A197883,31 August 2026,papers/7501-8000/7519-PROOF.pdf,yes,comments/A196703-A203781.md
A197891,31 August 2026,papers/5501-6000/5658-PROOF.pdf,yes,comments/A196703-A203781.md
A197892,1 September 2026,papers/3501-4000/3692-PROOF.pdf,yes,comments/A196703-A203781.md
A198008,31 August 2026,papers/5501-6000/5509-PROOF.pdf,yes,comments/A196703-A203781.md
A198150,31 August 2026,papers/5001-5500/5416-PROOF.pdf,yes,comments/A196703-A203781.md
A198151,1 September 2026,papers/3501-4000/3519-PROOF.pdf,yes,comments/A196703-A203781.md
A198179,31 August 2026,papers/7501-8000/7520-PROOF.pdf,yes,comments/A196703-A203781.md
A198180,31 August 2026,papers/4501-5000/4654-PROOF.pdf,yes,comments/A196703-A203781.md
A198205,31 August 2026,papers/3001-3500/3225-PROOF.pdf,yes,comments/A196703-A203781.md
A198206,31 August 2026,papers/1501-2000/1755-PROOF.pdf,yes,comments/A196703-A203781.md
A198247,31 August 2026,papers/2001-2500/2222-PROOF.pdf,yes,comments/A196703-A203781.md
A198279,31 August 2026,papers/3001-3500/3156-PROOF.pdf,yes,comments/A196703-A203781.md
A198287,31 August 2026,papers/3001-3500/3226-PROOF.pdf,yes,comments/A196703-A203781.md
A198288,31 August 2026,papers/1001-1500/1483-PROOF.pdf,yes,comments/A196703-A203781.md
A198405,31 August 2026,papers/2501-3000/2791-PROOF.pdf,yes,comments/A196703-A203781.md
A198447,31 August 2026,papers/3001-3500/3244-PROOF.pdf,yes,comments/A196703-A203781.md
A198448,31 August 2026,papers/1501-2000/1866-PROOF.pdf,yes,comments/A196703-A203781.md
A198474,31 August 2026,papers/3001-3500/3354-PROOF.pdf,yes,comments/A196703-A203781.md
A198475,31 August 2026,papers/1001-1500/1409-PROOF.pdf,yes,comments/A196703-A203781.md
A198482,31 August 2026,papers/3001-3500/3227-PROOF.pdf,yes,comments/A196703-A203781.md
A198508,31 August 2026,papers/2501-3000/2792-PROOF.pdf,yes,comments/A196703-A203781.md
A198509,31 August 2026,papers/1001-1500/1381-PROOF.pdf,yes,comments/A196703-A203781.md
A198522,31 August 2026,papers/1501-2000/1938-PROOF.pdf,yes,comments/A196703-A203781.md
A198523,31 August 2026,papers/1001-1500/1469-PROOF.pdf,yes,comments/A196703-A203781.md
A198529,31 August 2026,papers/1501-2000/1568-PROOF.pdf,yes,comments/A196703-A203781.md
A198535,31 August 2026,papers/2501-3000/2793-PROOF.pdf,yes,comments/A196703-A203781.md
A198598,2 September 2026,papers/8001-8500/8457-PROOF.pdf,yes,comments/A196703-A203781.md
A198620,31 August 2026,papers/2001-2500/2209-PROOF.pdf,yes,comments/A196703-A203781.md
A198621,31 August 2026,papers/1501-2000/1730-PROOF.pdf,yes,comments/A196703-A203781.md
A198622,31 August 2026,papers/1001-1500/1108-PROOF.pdf,yes,comments/A196703-A203781.md
A198638,31 August 2026,papers/3001-3500/3355-PROOF.pdf,yes,comments/A196703-A203781.md
A198639,31 August 2026,papers/2001-2500/2023-PROOF.pdf,yes,comments/A196703-A203781.md
A198648,31 August 2026,papers/1501-2000/1999-PROOF.pdf,yes,comments/A196703-A203781.md
A198649,31 August 2026,papers/1501-2000/1588-PROOF.pdf,yes,comments/A196703-A203781.md
A198650,31 August 2026,papers/1001-1500/1061-PROOF.pdf,yes,comments/A196703-A203781.md
A198655,31 August 2026,papers/1501-2000/1898-PROOF.pdf,yes,comments/A196703-A203781.md
A198656,31 August 2026,papers/1001-1500/1479-PROOF.pdf,yes,comments/A196703-A203781.md
A198662,31 August 2026,papers/2001-2500/2474-PROOF.pdf,yes,comments/A196703-A203781.md
A198663,31 August 2026,papers/1501-2000/1836-PROOF.pdf,yes,comments/A196703-A203781.md
A198664,31 August 2026,papers/1001-1500/1086-PROOF.pdf,yes,comments/A196703-A203781.md
A198702,31 August 2026,papers/1501-2000/1939-PROOF.pdf,yes,comments/A196703-A203781.md
A198703,31 August 2026,papers/1001-1500/1231-PROOF.pdf,yes,comments/A196703-A203781.md
A198710,31 August 2026,papers/3001-3500/3261-PROOF.pdf,yes,comments/A196703-A203781.md
A198711,31 August 2026,papers/3001-3500/3032-PROOF.pdf,yes,comments/A196703-A203781.md
A198712,31 August 2026,papers/2001-2500/2279-PROOF.pdf,yes,comments/A196703-A203781.md
A198713,31 August 2026,papers/1501-2000/1819-PROOF.pdf,yes,comments/A196703-A203781.md
A198714,31 August 2026,papers/1001-1500/1311-PROOF.pdf,yes,comments/A196703-A203781.md
A198717,31 August 2026,papers/2501-3000/2855-PROOF.pdf,yes,comments/A196703-A203781.md
A198718,31 August 2026,papers/2001-2500/2193-PROOF.pdf,yes,comments/A196703-A203781.md
A198719,31 August 2026,papers/1501-2000/1884-PROOF.pdf,yes,comments/A196703-A203781.md
A198900,31 August 2026,papers/3001-3500/3271-PROOF.pdf,yes,comments/A196703-A203781.md
A198901,31 August 2026,papers/2501-3000/2834-PROOF.pdf,yes,comments/A196703-A203781.md
A198902,31 August 2026,papers/2001-2500/2442-PROOF.pdf,yes,comments/A196703-A203781.md
A198903,31 August 2026,papers/1501-2000/1877-PROOF.pdf,yes,comments/A196703-A203781.md
A198904,31 August 2026,papers/1501-2000/1537-PROOF.pdf,yes,comments/A196703-A203781.md
A198908,31 August 2026,papers/2501-3000/2668-PROOF.pdf,yes,comments/A196703-A203781.md
A198909,31 August 2026,papers/1501-2000/1994-PROOF.pdf,yes,comments/A196703-A203781.md
A198910,31 August 2026,papers/1501-2000/1729-PROOF.pdf,yes,comments/A196703-A203781.md
A198976,31 August 2026,papers/3001-3500/3100-PROOF.pdf,yes,comments/A196703-A203781.md
A198977,31 August 2026,papers/2001-2500/2460-PROOF.pdf,yes,comments/A196703-A203781.md
A198978,31 August 2026,papers/2001-2500/2079-PROOF.pdf,yes,comments/A196703-A203781.md
A198979,31 August 2026,papers/1501-2000/1585-PROOF.pdf,yes,comments/A196703-A203781.md
A199142,31 August 2026,papers/2501-3000/2888-PROOF.pdf,yes,comments/A196703-A203781.md
A199143,31 August 2026,papers/2001-2500/2189-PROOF.pdf,yes,comments/A196703-A203781.md
A199144,31 August 2026,papers/1001-1500/1255-PROOF.pdf,yes,comments/A196703-A203781.md
A199641,31 August 2026,papers/2501-3000/2821-PROOF.pdf,yes,comments/A196703-A203781.md
A199642,31 August 2026,papers/1001-1500/1492-PROOF.pdf,yes,comments/A196703-A203781.md
A199649,31 August 2026,papers/3001-3500/3054-PROOF.pdf,yes,comments/A196703-A203781.md
A199650,31 August 2026,papers/2001-2500/2160-PROOF.pdf,yes,comments/A196703-A203781.md
A199651,31 August 2026,papers/1001-1500/1339-PROOF.pdf,yes,comments/A196703-A203781.md
A200312,25 August 2026,papers/9001-9500/9318-PROOF.pdf,yes,comments/A196703-A203781.md
A200572,4 September 2026,papers/2501-3000/2856-PROOF.pdf,yes,comments/A196703-A203781.md
A200753,26 August 2026,papers/10001-10500/10046-PROOF.pdf,yes,comments/A196703-A203781.md
A200795,31 August 2026,papers/2001-2500/2311-PROOF.pdf,yes,comments/A196703-A203781.md
A200796,31 August 2026,papers/1501-2000/1768-PROOF.pdf,yes,comments/A196703-A203781.md
A200803,4 September 2026,papers/1501-2000/1930-PROOF.pdf,yes,comments/A196703-A203781.md
A202048,6 September 2026,papers/2001-2500/2413-PROOF.pdf,yes,comments/A196703-A203781.md
A202049,6 September 2026,papers/2001-2500/2265-PROOF.pdf,yes,comments/A196703-A203781.md
A202050,6 September 2026,papers/2001-2500/2142-PROOF.pdf,yes,comments/A196703-A203781.md
A202051,6 September 2026,papers/2001-2500/2047-PROOF.pdf,yes,comments/A196703-A203781.md
A202310,3 September 2026,papers/7501-8000/7640-PROOF.pdf,yes,comments/A196703-A203781.md
A202311,3 September 2026,papers/7001-7500/7037-PROOF.pdf,yes,comments/A196703-A203781.md
A202312,3 September 2026,papers/5501-6000/5549-PROOF.pdf,yes,comments/A196703-A203781.md
A202313,3 September 2026,papers/5001-5500/5167-PROOF.pdf,yes,comments/A196703-A203781.md
A202314,3 September 2026,papers/3501-4000/3854-PROOF.pdf,yes,comments/A196703-A203781.md
A202315,3 September 2026,papers/3001-3500/3467-PROOF.pdf,yes,comments/A196703-A203781.md
A202371,3 September 2026,papers/6001-6500/6177-PROOF.pdf,yes,comments/A196703-A203781.md
A202372,3 September 2026,papers/4501-5000/4605-PROOF.pdf,yes,comments/A196703-A203781.md
A202373,3 September 2026,papers/3501-4000/3775-PROOF.pdf,yes,comments/A196703-A203781.md
A202399,3 September 2026,papers/6501-7000/6797-PROOF.pdf,yes,comments/A196703-A203781.md
A202400,3 September 2026,papers/7501-8000/7802-PROOF.pdf,yes,comments/A196703-A203781.md
A202401,3 September 2026,papers/4001-4500/4078-PROOF.pdf,yes,comments/A196703-A203781.md
A202402,3 September 2026,papers/3501-4000/3737-PROOF.pdf,yes,comments/A196703-A203781.md
A202414,7 September 2026,papers/8501-9000/8963-PROOF.pdf,yes,comments/A196703-A203781.md
A202415,7 September 2026,papers/6501-7000/6947-PROOF.pdf,yes,comments/A196703-A203781.md
A202416,7 September 2026,papers/4501-5000/5000-PROOF.pdf,yes,comments/A196703-A203781.md
A202417,7 September 2026,papers/3501-4000/3814-PROOF.pdf,yes,comments/A196703-A203781.md
A202428,3 September 2026,papers/8001-8500/8330-PROOF.pdf,yes,comments/A196703-A203781.md
A202429,3 September 2026,papers/7001-7500/7329-PROOF.pdf,yes,comments/A196703-A203781.md
A202430,3 September 2026,papers/6001-6500/6372-PROOF.pdf,yes,comments/A196703-A203781.md
A202431,3 September 2026,papers/5001-5500/5371-PROOF.pdf,yes,comments/A196703-A203781.md
A202432,3 September 2026,papers/4001-4500/4440-PROOF.pdf,yes,comments/A196703-A203781.md
A202433,3 September 2026,papers/3501-4000/3677-PROOF.pdf,yes,comments/A196703-A203781.md
A202440,6 September 2026,papers/3001-3500/3028-PROOF.pdf,yes,comments/A196703-A203781.md
A202441,3 September 2026,papers/8501-9000/8539-PROOF.pdf,yes,comments/A196703-A203781.md
A202442,2 September 2026,papers/9001-9500/9394-PROOF.pdf,yes,comments/A196703-A203781.md
A202443,2 September 2026,papers/9001-9500/9395-PROOF.pdf,yes,comments/A196703-A203781.md
A202444,3 September 2026,papers/7501-8000/7557-PROOF.pdf,yes,comments/A196703-A203781.md
A202445,3 September 2026,papers/7501-8000/7532-PROOF.pdf,yes,comments/A196703-A203781.md
A202446,3 September 2026,papers/7001-7500/7161-PROOF.pdf,yes,comments/A196703-A203781.md
A202464,7 September 2026,papers/8001-8500/8435-PROOF.pdf,yes,comments/A196703-A203781.md
A202465,7 September 2026,papers/5501-6000/5834-PROOF.pdf,yes,comments/A196703-A203781.md
A202466,7 September 2026,papers/3501-4000/3675-PROOF.pdf,yes,comments/A196703-A203781.md
A202485,3 September 2026,papers/5001-5500/5130-PROOF.pdf,yes,comments/A196703-A203781.md
A202486,3 September 2026,papers/5001-5500/5332-PROOF.pdf,yes,comments/A196703-A203781.md
A202525,3 September 2026,papers/7001-7500/7408-PROOF.pdf,yes,comments/A196703-A203781.md
A202526,3 September 2026,papers/8001-8500/8025-PROOF.pdf,yes,comments/A196703-A203781.md
A202527,3 September 2026,papers/8001-8500/8013-PROOF.pdf,yes,comments/A196703-A203781.md
A202528,3 September 2026,papers/7501-8000/7978-PROOF.pdf,yes,comments/A196703-A203781.md
A202529,3 September 2026,papers/7501-8000/7952-PROOF.pdf,yes,comments/A196703-A203781.md
A202530,3 September 2026,papers/7501-8000/7939-PROOF.pdf,yes,comments/A196703-A203781.md
A202531,3 September 2026,papers/7501-8000/7930-PROOF.pdf,yes,comments/A196703-A203781.md
A202584,3 September 2026,papers/7001-7500/7409-PROOF.pdf,yes,comments/A196703-A203781.md
A202585,3 September 2026,papers/6001-6500/6412-PROOF.pdf,yes,comments/A196703-A203781.md
A202586,3 September 2026,papers/5001-5500/5114-PROOF.pdf,yes,comments/A196703-A203781.md
A202587,3 September 2026,papers/4001-4500/4091-PROOF.pdf,yes,comments/A196703-A203781.md
A202588,3 September 2026,papers/3001-3500/3478-PROOF.pdf,yes,comments/A196703-A203781.md
A202594,3 September 2026,papers/8501-9000/8844-PROOF.pdf,yes,comments/A196703-A203781.md
A202595,3 September 2026,papers/7501-8000/7798-PROOF.pdf,yes,comments/A196703-A203781.md
A202596,3 September 2026,papers/7001-7500/7304-PROOF.pdf,yes,comments/A196703-A203781.md
A202597,3 September 2026,papers/6001-6500/6089-PROOF.pdf,yes,comments/A196703-A203781.md
A202598,3 September 2026,papers/5501-6000/5674-PROOF.pdf,yes,comments/A196703-A203781.md
A202599,3 September 2026,papers/4001-4500/4435-PROOF.pdf,yes,comments/A196703-A203781.md
A202600,3 September 2026,papers/3501-4000/3843-PROOF.pdf,yes,comments/A196703-A203781.md
A202609,3 September 2026,papers/5501-6000/5829-PROOF.pdf,yes,comments/A196703-A203781.md
A202610,3 September 2026,papers/4001-4500/4027-PROOF.pdf,yes,comments/A196703-A203781.md
A202640,3 September 2026,papers/7501-8000/7864-PROOF.pdf,yes,comments/A196703-A203781.md
A202641,3 September 2026,papers/6001-6500/6409-PROOF.pdf,yes,comments/A196703-A203781.md
A202642,3 September 2026,papers/4501-5000/4973-PROOF.pdf,yes,comments/A196703-A203781.md
A202643,3 September 2026,papers/3501-4000/3760-PROOF.pdf,yes,comments/A196703-A203781.md
A202730,2 September 2026,papers/9501-10000/9554-PROOF.pdf,yes,comments/A196703-A203781.md
A202770,3 September 2026,papers/6501-7000/6798-PROOF.pdf,yes,comments/A196703-A203781.md
A202771,3 September 2026,papers/5501-6000/5890-PROOF.pdf,yes,comments/A196703-A203781.md
A202772,3 September 2026,papers/5501-6000/5552-PROOF.pdf,yes,comments/A196703-A203781.md
A202773,3 September 2026,papers/4501-5000/4909-PROOF.pdf,yes,comments/A196703-A203781.md
A202774,3 September 2026,papers/4501-5000/4668-PROOF.pdf,yes,comments/A196703-A203781.md
A202775,3 September 2026,papers/4001-4500/4264-PROOF.pdf,yes,comments/A196703-A203781.md
A202776,3 September 2026,papers/4001-4500/4111-PROOF.pdf,yes,comments/A196703-A203781.md
A202789,6 September 2026,papers/3001-3500/3249-PROOF.pdf,yes,comments/A196703-A203781.md
A202790,6 September 2026,papers/2501-3000/2992-PROOF.pdf,yes,comments/A196703-A203781.md
A202791,6 September 2026,papers/2001-2500/2143-PROOF.pdf,yes,comments/A196703-A203781.md
A202792,6 September 2026,papers/1501-2000/1533-PROOF.pdf,yes,comments/A196703-A203781.md
A202793,6 September 2026,papers/1001-1500/1351-PROOF.pdf,yes,comments/A196703-A203781.md
A202794,6 September 2026,papers/1001-1500/1083-PROOF.pdf,yes,comments/A196703-A203781.md
A202796,6 September 2026,papers/3001-3500/3250-PROOF.pdf,yes,comments/A196703-A203781.md
A202797,6 September 2026,papers/2001-2500/2292-PROOF.pdf,yes,comments/A196703-A203781.md
A202798,6 September 2026,papers/1501-2000/1920-PROOF.pdf,yes,comments/A196703-A203781.md
A202799,6 September 2026,papers/1001-1500/1410-PROOF.pdf,yes,comments/A196703-A203781.md
A202800,6 September 2026,papers/1001-1500/1174-PROOF.pdf,yes,comments/A196703-A203781.md
A202801,6 September 2026,papers/1001-1500/1029-PROOF.pdf,yes,comments/A196703-A203781.md
A202882,31 August 2026,papers/8501-9000/8664-PROOF.pdf,yes,comments/A196703-A203781.md
A202883,31 August 2026,papers/8501-9000/8524-PROOF.pdf,yes,comments/A196703-A203781.md
A202884,31 August 2026,papers/5501-6000/5976-PROOF.pdf,yes,comments/A196703-A203781.md
A202885,31 August 2026,papers/4501-5000/4780-PROOF.pdf,yes,comments/A196703-A203781.md
A202891,3 September 2026,papers/6001-6500/6043-PROOF.pdf,yes,comments/A196703-A203781.md
A202892,3 September 2026,papers/4001-4500/4469-PROOF.pdf,yes,comments/A196703-A203781.md
A202893,3 September 2026,papers/3501-4000/3539-PROOF.pdf,yes,comments/A196703-A203781.md
A202903,6 September 2026,papers/5501-6000/5932-PROOF.pdf,yes,comments/A196703-A203781.md
A202909,31 August 2026,papers/6501-7000/6605-PROOF.pdf,yes,comments/A196703-A203781.md
A202910,31 August 2026,papers/6501-7000/6528-PROOF.pdf,yes,comments/A196703-A203781.md
A202973,1 September 2026,papers/8501-9000/8658-PROOF.pdf,yes,comments/A196703-A203781.md
A202974,1 September 2026,papers/7001-7500/7414-PROOF.pdf,yes,comments/A196703-A203781.md
A202975,1 September 2026,papers/6001-6500/6005-PROOF.pdf,yes,comments/A196703-A203781.md
A202976,1 September 2026,papers/4001-4500/4272-PROOF.pdf,yes,comments/A196703-A203781.md
A202982,4 September 2026,papers/2001-2500/2425-PROOF.pdf,yes,comments/A196703-A203781.md
A202983,4 September 2026,papers/1501-2000/1870-PROOF.pdf,yes,comments/A196703-A203781.md
A202984,4 September 2026,papers/1001-1500/1307-PROOF.pdf,yes,comments/A196703-A203781.md
A202985,4 September 2026,papers/1001-1500/1056-PROOF.pdf,yes,comments/A196703-A203781.md
A203050,31 August 2026,papers/7001-7500/7241-PROOF.pdf,yes,comments/A196703-A203781.md
A203051,31 August 2026,papers/7001-7500/7139-PROOF.pdf,yes,comments/A196703-A203781.md
A203059,31 August 2026,papers/6501-7000/6936-PROOF.pdf,yes,comments/A196703-A203781.md
A203060,31 August 2026,papers/6501-7000/6839-PROOF.pdf,yes,comments/A196703-A203781.md
A203084,3 September 2026,papers/7001-7500/7410-PROOF.pdf,yes,comments/A196703-A203781.md
A203085,3 September 2026,papers/6501-7000/6747-PROOF.pdf,yes,comments/A196703-A203781.md
A203086,3 September 2026,papers/5501-6000/5709-PROOF.pdf,yes,comments/A196703-A203781.md
A203087,3 September 2026,papers/4501-5000/4672-PROOF.pdf,yes,comments/A196703-A203781.md
A203088,3 September 2026,papers/4001-4500/4086-PROOF.pdf,yes,comments/A196703-A203781.md
A203089,3 September 2026,papers/3001-3500/3488-PROOF.pdf,yes,comments/A196703-A203781.md
A203094,31 August 2026,papers/8001-8500/8100-PROOF.pdf,yes,comments/A196703-A203781.md
A203095,31 August 2026,papers/7501-8000/7986-PROOF.pdf,yes,comments/A196703-A203781.md
A203096,31 August 2026,papers/4501-5000/4837-PROOF.pdf,yes,comments/A196703-A203781.md
A203097,31 August 2026,papers/3501-4000/3639-PROOF.pdf,yes,comments/A196703-A203781.md
A203103,3 September 2026,papers/7501-8000/7656-PROOF.pdf,yes,comments/A196703-A203781.md
A203104,3 September 2026,papers/4501-5000/4928-PROOF.pdf,yes,comments/A196703-A203781.md
A203105,3 September 2026,papers/3501-4000/3575-PROOF.pdf,yes,comments/A196703-A203781.md
A203175,6 September 2026,papers/3001-3500/3263-PROOF.pdf,yes,comments/A196703-A203781.md
A203176,3 September 2026,papers/7501-8000/7642-PROOF.pdf,yes,comments/A196703-A203781.md
A203177,3 September 2026,papers/6001-6500/6008-PROOF.pdf,yes,comments/A196703-A203781.md
A203178,3 September 2026,papers/4001-4500/4406-PROOF.pdf,yes,comments/A196703-A203781.md
A203179,3 September 2026,papers/3501-4000/3522-PROOF.pdf,yes,comments/A196703-A203781.md
A203184,31 August 2026,papers/7501-8000/7669-PROOF.pdf,yes,comments/A196703-A203781.md
A203185,31 August 2026,papers/7501-8000/7521-PROOF.pdf,yes,comments/A196703-A203781.md
A203186,31 August 2026,papers/4001-4500/4034-PROOF.pdf,yes,comments/A196703-A203781.md
A203256,4 September 2026,papers/1501-2000/1503-PROOF.pdf,yes,comments/A196703-A203781.md
A203271,4 September 2026,papers/1501-2000/1707-PROOF.pdf,yes,comments/A196703-A203781.md
A203272,4 September 2026,papers/1001-1500/1156-PROOF.pdf,yes,comments/A196703-A203781.md
A203280,4 September 2026,papers/2001-2500/2183-PROOF.pdf,yes,comments/A196703-A203781.md
A203281,4 September 2026,papers/1501-2000/1547-PROOF.pdf,yes,comments/A196703-A203781.md
A203282,4 September 2026,papers/1001-1500/1267-PROOF.pdf,yes,comments/A196703-A203781.md
A203332,1 September 2026,papers/4001-4500/4497-PROOF.pdf,yes,comments/A196703-A203781.md
A203340,1 September 2026,papers/5001-5500/5180-PROOF.pdf,yes,comments/A196703-A203781.md
A203348,3 September 2026,papers/7001-7500/7110-PROOF.pdf,yes,comments/A196703-A203781.md
A203349,3 September 2026,papers/5001-5500/5119-PROOF.pdf,yes,comments/A196703-A203781.md
A203350,3 September 2026,papers/3501-4000/3763-PROOF.pdf,yes,comments/A196703-A203781.md
A203357,3 September 2026,papers/8501-9000/8845-PROOF.pdf,yes,comments/A196703-A203781.md
A203358,3 September 2026,papers/8501-9000/8515-PROOF.pdf,yes,comments/A196703-A203781.md
A203359,3 September 2026,papers/7501-8000/7755-PROOF.pdf,yes,comments/A196703-A203781.md
A203360,3 September 2026,papers/6501-7000/6685-PROOF.pdf,yes,comments/A196703-A203781.md
A203361,3 September 2026,papers/5501-6000/5843-PROOF.pdf,yes,comments/A196703-A203781.md
A203365,3 September 2026,papers/8501-9000/8874-PROOF.pdf,yes,comments/A196703-A203781.md
A203366,3 September 2026,papers/7501-8000/7569-PROOF.pdf,yes,comments/A196703-A203781.md
A203367,3 September 2026,papers/5501-6000/5978-PROOF.pdf,yes,comments/A196703-A203781.md
A203368,3 September 2026,papers/4001-4500/4484-PROOF.pdf,yes,comments/A196703-A203781.md
A203369,3 September 2026,papers/3001-3500/3483-PROOF.pdf,yes,comments/A196703-A203781.md
A203373,31 August 2026,papers/9001-9500/9140-PROOF.pdf,yes,comments/A196703-A203781.md
A203374,31 August 2026,papers/8501-9000/8588-PROOF.pdf,yes,comments/A196703-A203781.md
A203375,31 August 2026,papers/8001-8500/8040-PROOF.pdf,yes,comments/A196703-A203781.md
A203376,31 August 2026,papers/6501-7000/6884-PROOF.pdf,yes,comments/A196703-A203781.md
A203377,31 August 2026,papers/5501-6000/5988-PROOF.pdf,yes,comments/A196703-A203781.md
A203383,1 September 2026,papers/3501-4000/3973-PROOF.pdf,yes,comments/A196703-A203781.md
A203391,4 September 2026,papers/2001-2500/2055-PROOF.pdf,yes,comments/A196703-A203781.md
A203392,4 September 2026,papers/1501-2000/1502-PROOF.pdf,yes,comments/A196703-A203781.md
A203393,4 September 2026,papers/1001-1500/1060-PROOF.pdf,yes,comments/A196703-A203781.md
A203402,3 September 2026,papers/3501-4000/3681-PROOF.pdf,yes,comments/A196703-A203781.md
A203437,1 September 2026,papers/3501-4000/3632-PROOF.pdf,yes,comments/A196703-A203781.md
A203446,3 September 2026,papers/2501-3000/2822-PROOF.pdf,yes,comments/A196703-A203781.md
A203447,3 September 2026,papers/1501-2000/1832-PROOF.pdf,yes,comments/A196703-A203781.md
A203448,3 September 2026,papers/1001-1500/1397-PROOF.pdf,yes,comments/A196703-A203781.md
A203449,3 September 2026,papers/1001-1500/1099-PROOF.pdf,yes,comments/A196703-A203781.md
A203454,1 September 2026,papers/7001-7500/7239-PROOF.pdf,yes,comments/A196703-A203781.md
A203500,4 September 2026,papers/1501-2000/1602-PROOF.pdf,yes,comments/A196703-A203781.md
A203501,4 September 2026,papers/1001-1500/1080-PROOF.pdf,yes,comments/A196703-A203781.md
A203536,4 September 2026,papers/2501-3000/2588-PROOF.pdf,yes,comments/A196703-A203781.md
A203537,4 September 2026,papers/1001-1500/1455-PROOF.pdf,yes,comments/A196703-A203781.md
A203544,4 September 2026,papers/1501-2000/1871-PROOF.pdf,yes,comments/A196703-A203781.md
A203545,4 September 2026,papers/1001-1500/1319-PROOF.pdf,yes,comments/A196703-A203781.md
A203650,31 August 2026,papers/9001-9500/9235-PROOF.pdf,yes,comments/A196703-A203781.md
A203651,31 August 2026,papers/9001-9500/9036-PROOF.pdf,yes,comments/A196703-A203781.md
A203652,31 August 2026,papers/7501-8000/7932-PROOF.pdf,yes,comments/A196703-A203781.md
A203653,31 August 2026,papers/6501-7000/6972-PROOF.pdf,yes,comments/A196703-A203781.md
A203654,7 September 2026,papers/5001-5500/5192-PROOF.pdf,yes,comments/A196703-A203781.md
A203657,3 September 2026,papers/1501-2000/1552-PROOF.pdf,yes,comments/A196703-A203781.md
A203665,3 September 2026,papers/1001-1500/1142-PROOF.pdf,yes,comments/A196703-A203781.md
A203710,3 September 2026,papers/1501-2000/1783-PROOF.pdf,yes,comments/A196703-A203781.md
A203721,3 September 2026,papers/2001-2500/2211-PROOF.pdf,yes,comments/A196703-A203781.md
A203722,3 September 2026,papers/1501-2000/1845-PROOF.pdf,yes,comments/A196703-A203781.md
A203723,3 September 2026,papers/1501-2000/1589-PROOF.pdf,yes,comments/A196703-A203781.md
A203724,3 September 2026,papers/1501-2000/1548-PROOF.pdf,yes,comments/A196703-A203781.md
A203725,3 September 2026,papers/1501-2000/1505-PROOF.pdf,yes,comments/A196703-A203781.md
A203726,3 September 2026,papers/1001-1500/1451-PROOF.pdf,yes,comments/A196703-A203781.md
A203727,3 September 2026,papers/1001-1500/1382-PROOF.pdf,yes,comments/A196703-A203781.md
A203729,31 August 2026,papers/9001-9500/9221-PROOF.pdf,yes,comments/A196703-A203781.md
A203730,31 August 2026,papers/9001-9500/9015-PROOF.pdf,yes,comments/A196703-A203781.md
A203731,31 August 2026,papers/7501-8000/7909-PROOF.pdf,yes,comments/A196703-A203781.md
A203732,1 September 2026,papers/3001-3500/3139-PROOF.pdf,yes,comments/A196703-A203781.md
A203734,3 September 2026,papers/1501-2000/1742-PROOF.pdf,yes,comments/A196703-A203781.md
A203735,3 September 2026,papers/1001-1500/1362-PROOF.pdf,yes,comments/A196703-A203781.md
A203736,3 September 2026,papers/1001-1500/1189-PROOF.pdf,yes,comments/A196703-A203781.md
A203737,3 September 2026,papers/1001-1500/1202-PROOF.pdf,yes,comments/A196703-A203781.md
A203738,3 September 2026,papers/1001-1500/1160-PROOF.pdf,yes,comments/A196703-A203781.md
A203780,3 September 2026,papers/2001-2500/2192-PROOF.pdf,yes,comments/A196703-A203781.md
A203781,3 September 2026,papers/1001-1500/1169-PROOF.pdf,yes,comments/A196703-A203781.md
A203789,1 September 2026,papers/3001-3500/3414-PROOF.pdf,yes,comments/A203789-A205829.md
A203790,31 August 2026,papers/9001-9500/9247-PROOF.pdf,yes,comments/A203789-A205829.md
A203791,31 August 2026,papers/9001-9500/9048-PROOF.pdf,yes,comments/A203789-A205829.md
A203792,31 August 2026,papers/7501-8000/7943-PROOF.pdf,yes,comments/A203789-A205829.md
A203793,31 August 2026,papers/6501-7000/6983-PROOF.pdf,yes,comments/A203789-A205829.md
A203794,31 August 2026,papers/5001-5500/5195-PROOF.pdf,yes,comments/A203789-A205829.md
A203795,7 September 2026,papers/3501-4000/3995-PROOF.pdf,yes,comments/A203789-A205829.md
A203819,1 September 2026,papers/3001-3500/3415-PROOF.pdf,yes,comments/A203789-A205829.md
A203820,1 September 2026,papers/3001-3500/3411-PROOF.pdf,yes,comments/A203789-A205829.md
A203821,1 September 2026,papers/3001-3500/3404-PROOF.pdf,yes,comments/A203789-A205829.md
A203822,31 August 2026,papers/8501-9000/8728-PROOF.pdf,yes,comments/A203789-A205829.md
A203823,31 August 2026,papers/8001-8500/8162-PROOF.pdf,yes,comments/A203789-A205829.md
A203824,31 August 2026,papers/6001-6500/6314-PROOF.pdf,yes,comments/A203789-A205829.md
A203825,7 September 2026,papers/4001-4500/4291-PROOF.pdf,yes,comments/A203789-A205829.md
A203826,1 September 2026,papers/2501-3000/2914-PROOF.pdf,yes,comments/A203789-A205829.md
A203829,31 August 2026,papers/9001-9500/9262-PROOF.pdf,yes,comments/A203789-A205829.md
A203830,31 August 2026,papers/9001-9500/9075-PROOF.pdf,yes,comments/A203789-A205829.md
A203831,31 August 2026,papers/8001-8500/8009-PROOF.pdf,yes,comments/A203789-A205829.md
A203832,31 August 2026,papers/7001-7500/7012-PROOF.pdf,yes,comments/A203789-A205829.md
A203833,31 August 2026,papers/5001-5500/5208-PROOF.pdf,yes,comments/A203789-A205829.md
A203834,31 August 2026,papers/3501-4000/3999-PROOF.pdf,yes,comments/A203789-A205829.md
A203835,1 September 2026,papers/3001-3500/3206-PROOF.pdf,yes,comments/A203789-A205829.md
A203840,1 September 2026,papers/6001-6500/6010-PROOF.pdf,yes,comments/A203789-A205829.md
A203841,1 September 2026,papers/3001-3500/3495-PROOF.pdf,yes,comments/A203789-A205829.md
A203863,3 September 2026,papers/1001-1500/1460-PROOF.pdf,yes,comments/A203789-A205829.md
A203864,3 September 2026,papers/1001-1500/1110-PROOF.pdf,yes,comments/A203789-A205829.md
A203865,3 September 2026,papers/1001-1500/1043-PROOF.pdf,yes,comments/A203789-A205829.md
A203874,31 August 2026,papers/2501-3000/2762-PROOF.pdf,yes,comments/A203789-A205829.md
A203875,31 August 2026,papers/2001-2500/2394-PROOF.pdf,yes,comments/A203789-A205829.md
A203876,31 August 2026,papers/1501-2000/1666-PROOF.pdf,yes,comments/A203789-A205829.md
A203880,1 September 2026,papers/3001-3500/3412-PROOF.pdf,yes,comments/A203789-A205829.md
A203881,31 August 2026,papers/9001-9500/9223-PROOF.pdf,yes,comments/A203789-A205829.md
A203882,31 August 2026,papers/9001-9500/9021-PROOF.pdf,yes,comments/A203789-A205829.md
A203883,31 August 2026,papers/7501-8000/7911-PROOF.pdf,yes,comments/A203789-A205829.md
A203887,1 September 2026,papers/3001-3500/3145-PROOF.pdf,yes,comments/A203789-A205829.md
A203889,3 September 2026,papers/1501-2000/1940-PROOF.pdf,yes,comments/A203789-A205829.md
A203890,3 September 2026,papers/1001-1500/1046-PROOF.pdf,yes,comments/A203789-A205829.md
A203909,3 September 2026,papers/1501-2000/1647-PROOF.pdf,yes,comments/A203789-A205829.md
A203916,1 September 2026,papers/2501-3000/3000-PROOF.pdf,yes,comments/A203789-A205829.md
A203917,1 September 2026,papers/2001-2500/2051-PROOF.pdf,yes,comments/A203789-A205829.md
A203918,1 September 2026,papers/1501-2000/1706-PROOF.pdf,yes,comments/A203789-A205829.md
A203919,1 September 2026,papers/1001-1500/1385-PROOF.pdf,yes,comments/A203789-A205829.md
A203920,2 September 2026,papers/5001-5500/5412-PROOF.pdf,yes,comments/A203789-A205829.md
A203921,7 September 2026,papers/4001-4500/4292-PROOF.pdf,yes,comments/A203789-A205829.md
A203922,7 September 2026,papers/4501-5000/4695-PROOF.pdf,yes,comments/A203789-A205829.md
A203927,1 September 2026,papers/3001-3500/3413-PROOF.pdf,yes,comments/A203789-A205829.md
A203928,31 August 2026,papers/9001-9500/9230-PROOF.pdf,yes,comments/A203789-A205829.md
A203929,31 August 2026,papers/9001-9500/9029-PROOF.pdf,yes,comments/A203789-A205829.md
A203930,31 August 2026,papers/7501-8000/7916-PROOF.pdf,yes,comments/A203789-A205829.md
A203931,7 September 2026,papers/6501-7000/6963-PROOF.pdf,yes,comments/A203789-A205829.md
A203934,1 September 2026,papers/3001-3500/3155-PROOF.pdf,yes,comments/A203789-A205829.md
A203937,3 September 2026,papers/1001-1500/1278-PROOF.pdf,yes,comments/A203789-A205829.md
A203938,3 September 2026,papers/1001-1500/1030-PROOF.pdf,yes,comments/A203789-A205829.md
A203958,3 September 2026,papers/2501-3000/2656-PROOF.pdf,yes,comments/A203789-A205829.md
A203959,3 September 2026,papers/1501-2000/1517-PROOF.pdf,yes,comments/A203789-A205829.md
A203960,3 September 2026,papers/1001-1500/1059-PROOF.pdf,yes,comments/A203789-A205829.md
A203969,3 September 2026,papers/7501-8000/7657-PROOF.pdf,yes,comments/A203789-A205829.md
A203970,3 September 2026,papers/5501-6000/5550-PROOF.pdf,yes,comments/A203789-A205829.md
A203971,3 September 2026,papers/3501-4000/3695-PROOF.pdf,yes,comments/A203789-A205829.md
A203980,31 August 2026,papers/3001-3500/3016-PROOF.pdf,yes,comments/A203789-A205829.md
A203981,31 August 2026,papers/2501-3000/2559-PROOF.pdf,yes,comments/A203789-A205829.md
A203982,31 August 2026,papers/1501-2000/1767-PROOF.pdf,yes,comments/A203789-A205829.md
A203983,31 August 2026,papers/1001-1500/1175-PROOF.pdf,yes,comments/A203789-A205829.md
A204032,2 September 2026,papers/7501-8000/7676-PROOF.pdf,yes,comments/A203789-A205829.md
A204033,2 September 2026,papers/5501-6000/5827-PROOF.pdf,yes,comments/A203789-A205829.md
A204034,2 September 2026,papers/4501-5000/4603-PROOF.pdf,yes,comments/A203789-A205829.md
A204035,2 September 2026,papers/4001-4500/4153-PROOF.pdf,yes,comments/A203789-A205829.md
A204036,2 September 2026,papers/3501-4000/3782-PROOF.pdf,yes,comments/A203789-A205829.md
A204037,2 September 2026,papers/3501-4000/3604-PROOF.pdf,yes,comments/A203789-A205829.md
A204038,2 September 2026,papers/3001-3500/3493-PROOF.pdf,yes,comments/A203789-A205829.md
A204049,1 September 2026,papers/2001-2500/2117-PROOF.pdf,yes,comments/A203789-A205829.md
A204050,7 September 2026,papers/5001-5500/5342-PROOF.pdf,yes,comments/A203789-A205829.md
A204051,7 September 2026,papers/4501-5000/4882-PROOF.pdf,yes,comments/A203789-A205829.md
A204070,31 August 2026,papers/3001-3500/3266-PROOF.pdf,yes,comments/A203789-A205829.md
A204071,31 August 2026,papers/3001-3500/3055-PROOF.pdf,yes,comments/A203789-A205829.md
A204072,31 August 2026,papers/2001-2500/2305-PROOF.pdf,yes,comments/A203789-A205829.md
A204073,31 August 2026,papers/1501-2000/1879-PROOF.pdf,yes,comments/A203789-A205829.md
A204074,31 August 2026,papers/1001-1500/1367-PROOF.pdf,yes,comments/A203789-A205829.md
A204075,31 August 2026,papers/1001-1500/1105-PROOF.pdf,yes,comments/A203789-A205829.md
A204078,4 September 2026,papers/2501-3000/2558-PROOF.pdf,yes,comments/A203789-A205829.md
A204079,4 September 2026,papers/1501-2000/1701-PROOF.pdf,yes,comments/A203789-A205829.md
A204102,3 September 2026,papers/2501-3000/2953-PROOF.pdf,yes,comments/A203789-A205829.md
A204103,3 September 2026,papers/2501-3000/2513-PROOF.pdf,yes,comments/A203789-A205829.md
A204104,3 September 2026,papers/1501-2000/1757-PROOF.pdf,yes,comments/A203789-A205829.md
A204105,3 September 2026,papers/1001-1500/1172-PROOF.pdf,yes,comments/A203789-A205829.md
A204146,1 September 2026,papers/2501-3000/2716-PROOF.pdf,yes,comments/A203789-A205829.md
A204147,1 September 2026,papers/1501-2000/1697-PROOF.pdf,yes,comments/A203789-A205829.md
A204148,7 September 2026,papers/6001-6500/6187-PROOF.pdf,yes,comments/A203789-A205829.md
A204149,7 September 2026,papers/5001-5500/5133-PROOF.pdf,yes,comments/A203789-A205829.md
A204192,3 September 2026,papers/7501-8000/7865-PROOF.pdf,yes,comments/A203789-A205829.md
A204193,3 September 2026,papers/6001-6500/6410-PROOF.pdf,yes,comments/A203789-A205829.md
A204194,3 September 2026,papers/4501-5000/4974-PROOF.pdf,yes,comments/A203789-A205829.md
A204195,3 September 2026,papers/3501-4000/3761-PROOF.pdf,yes,comments/A203789-A205829.md
A204223,2 September 2026,papers/5501-6000/5633-PROOF.pdf,yes,comments/A203789-A205829.md
A204224,2 September 2026,papers/3501-4000/3567-PROOF.pdf,yes,comments/A203789-A205829.md
A204277,1 September 2026,papers/1501-2000/1762-PROOF.pdf,yes,comments/A203789-A205829.md
A204278,1 September 2026,papers/2001-2500/2486-PROOF.pdf,yes,comments/A203789-A205829.md
A204279,7 September 2026,papers/8001-8500/8143-PROOF.pdf,yes,comments/A203789-A205829.md
A204280,7 September 2026,papers/8001-8500/8133-PROOF.pdf,yes,comments/A203789-A205829.md
A204285,6 September 2026,papers/1001-1500/1136-PROOF.pdf,yes,comments/A203789-A205829.md
A204295,4 September 2026,papers/2001-2500/2159-PROOF.pdf,yes,comments/A203789-A205829.md
A204296,4 September 2026,papers/1001-1500/1450-PROOF.pdf,yes,comments/A203789-A205829.md
A204303,2 September 2026,papers/4501-5000/4544-PROOF.pdf,yes,comments/A203789-A205829.md
A204310,1 September 2026,papers/1001-1500/1393-PROOF.pdf,yes,comments/A203789-A205829.md
A204316,6 September 2026,papers/1001-1500/1191-PROOF.pdf,yes,comments/A203789-A205829.md
A204332,3 September 2026,papers/1001-1500/1074-PROOF.pdf,yes,comments/A203789-A205829.md
A204344,1 September 2026,papers/2001-2500/2229-PROOF.pdf,yes,comments/A203789-A205829.md
A204345,7 September 2026,papers/3501-4000/3956-PROOF.pdf,yes,comments/A203789-A205829.md
A204354,1 September 2026,papers/2001-2500/2080-PROOF.pdf,yes,comments/A203789-A205829.md
A204355,1 September 2026,papers/1001-1500/1472-PROOF.pdf,yes,comments/A203789-A205829.md
A204356,1 September 2026,papers/1001-1500/1486-PROOF.pdf,yes,comments/A203789-A205829.md
A204357,1 September 2026,papers/1001-1500/1482-PROOF.pdf,yes,comments/A203789-A205829.md
A204358,2 September 2026,papers/5501-6000/5744-PROOF.pdf,yes,comments/A203789-A205829.md
A204359,7 September 2026,papers/5501-6000/5736-PROOF.pdf,yes,comments/A203789-A205829.md
A204360,7 September 2026,papers/5501-6000/5734-PROOF.pdf,yes,comments/A203789-A205829.md
A204363,1 September 2026,papers/1501-2000/1635-PROOF.pdf,yes,comments/A203789-A205829.md
A204364,1 September 2026,papers/2001-2500/2487-PROOF.pdf,yes,comments/A203789-A205829.md
A204365,7 September 2026,papers/8001-8500/8144-PROOF.pdf,yes,comments/A203789-A205829.md
A204366,7 September 2026,papers/8001-8500/8134-PROOF.pdf,yes,comments/A203789-A205829.md
A204374,1 September 2026,papers/1501-2000/1731-PROOF.pdf,yes,comments/A203789-A205829.md
A204375,1 September 2026,papers/2501-3000/2729-PROOF.pdf,yes,comments/A203789-A205829.md
A204376,1 September 2026,papers/2501-3000/2712-PROOF.pdf,yes,comments/A203789-A205829.md
A204377,1 September 2026,papers/2501-3000/2695-PROOF.pdf,yes,comments/A203789-A205829.md
A204378,2 September 2026,papers/8001-8500/8447-PROOF.pdf,yes,comments/A203789-A205829.md
A204379,7 September 2026,papers/8001-8500/8441-PROOF.pdf,yes,comments/A203789-A205829.md
A204380,7 September 2026,papers/8001-8500/8440-PROOF.pdf,yes,comments/A203789-A205829.md
A204391,1 September 2026,papers/3001-3500/3001-PROOF.pdf,yes,comments/A203789-A205829.md
A204392,1 September 2026,papers/1501-2000/1612-PROOF.pdf,yes,comments/A203789-A205829.md
A204393,1 September 2026,papers/1001-1500/1268-PROOF.pdf,yes,comments/A203789-A205829.md
A204394,1 September 2026,papers/1001-1500/1103-PROOF.pdf,yes,comments/A203789-A205829.md
A204401,1 September 2026,papers/7001-7500/7294-PROOF.pdf,yes,comments/A203789-A205829.md
A204402,1 September 2026,papers/5001-5500/5145-PROOF.pdf,yes,comments/A203789-A205829.md
A204403,7 September 2026,papers/4001-4500/4249-PROOF.pdf,yes,comments/A203789-A205829.md
A204404,7 September 2026,papers/3501-4000/3886-PROOF.pdf,yes,comments/A203789-A205829.md
A204405,7 September 2026,papers/3501-4000/3749-PROOF.pdf,yes,comments/A203789-A205829.md
A204410,1 September 2026,papers/6501-7000/6703-PROOF.pdf,yes,comments/A203789-A205829.md
A204411,1 September 2026,papers/5501-6000/5958-PROOF.pdf,yes,comments/A203789-A205829.md
A204412,7 September 2026,papers/7501-8000/7705-PROOF.pdf,yes,comments/A203789-A205829.md
A204413,7 September 2026,papers/8501-9000/8986-PROOF.pdf,yes,comments/A203789-A205829.md
A204414,7 September 2026,papers/8501-9000/8996-PROOF.pdf,yes,comments/A203789-A205829.md
A204415,7 September 2026,papers/8501-9000/8990-PROOF.pdf,yes,comments/A203789-A205829.md
A204475,1 September 2026,papers/1001-1500/1308-PROOF.pdf,yes,comments/A203789-A205829.md
A204477,7 September 2026,papers/7001-7500/7257-PROOF.pdf,yes,comments/A203789-A205829.md
A204478,7 September 2026,papers/7001-7500/7254-PROOF.pdf,yes,comments/A203789-A205829.md
A204485,1 September 2026,papers/1501-2000/1652-PROOF.pdf,yes,comments/A203789-A205829.md
A204486,1 September 2026,papers/1501-2000/1613-PROOF.pdf,yes,comments/A203789-A205829.md
A204487,1 September 2026,papers/1501-2000/1667-PROOF.pdf,yes,comments/A203789-A205829.md
A204488,1 September 2026,papers/1501-2000/1598-PROOF.pdf,yes,comments/A203789-A205829.md
A204489,2 September 2026,papers/5501-6000/5655-PROOF.pdf,yes,comments/A203789-A205829.md
A204490,7 September 2026,papers/5501-6000/5651-PROOF.pdf,yes,comments/A203789-A205829.md
A204491,7 September 2026,papers/5001-5500/5410-PROOF.pdf,yes,comments/A203789-A205829.md
A204494,1 September 2026,papers/7001-7500/7295-PROOF.pdf,yes,comments/A203789-A205829.md
A204495,1 September 2026,papers/5001-5500/5146-PROOF.pdf,yes,comments/A203789-A205829.md
A204496,7 September 2026,papers/4001-4500/4250-PROOF.pdf,yes,comments/A203789-A205829.md
A204497,7 September 2026,papers/3501-4000/3887-PROOF.pdf,yes,comments/A203789-A205829.md
A204498,7 September 2026,papers/3501-4000/3752-PROOF.pdf,yes,comments/A203789-A205829.md
A204506,6 September 2026,papers/1001-1500/1403-PROOF.pdf,yes,comments/A203789-A205829.md
A204507,6 September 2026,papers/1001-1500/1041-PROOF.pdf,yes,comments/A203789-A205829.md
A204522,1 September 2026,papers/1001-1500/1159-PROOF.pdf,yes,comments/A203789-A205829.md
A204526,1 September 2026,papers/1001-1500/1194-PROOF.pdf,yes,comments/A203789-A205829.md
A204534,1 September 2026,papers/1001-1500/1064-PROOF.pdf,yes,comments/A203789-A205829.md
A204543,2 September 2026,papers/8501-9000/8891-PROOF.pdf,yes,comments/A203789-A205829.md
A204565,31 August 2026,papers/3001-3500/3281-PROOF.pdf,yes,comments/A203789-A205829.md
A204566,31 August 2026,papers/2501-3000/2845-PROOF.pdf,yes,comments/A203789-A205829.md
A204567,31 August 2026,papers/2001-2500/2448-PROOF.pdf,yes,comments/A203789-A205829.md
A204568,31 August 2026,papers/1501-2000/1882-PROOF.pdf,yes,comments/A203789-A205829.md
A204569,31 August 2026,papers/1501-2000/1580-PROOF.pdf,yes,comments/A203789-A205829.md
A204570,31 August 2026,papers/1001-1500/1201-PROOF.pdf,yes,comments/A203789-A205829.md
A204600,1 September 2026,papers/5501-6000/5524-PROOF.pdf,yes,comments/A203789-A205829.md
A204601,1 September 2026,papers/5001-5500/5078-PROOF.pdf,yes,comments/A203789-A205829.md
A204602,7 September 2026,papers/6501-7000/6960-PROOF.pdf,yes,comments/A203789-A205829.md
A204603,7 September 2026,papers/8001-8500/8135-PROOF.pdf,yes,comments/A203789-A205829.md
A204604,7 September 2026,papers/8001-8500/8136-PROOF.pdf,yes,comments/A203789-A205829.md
A204605,7 September 2026,papers/8001-8500/8132-PROOF.pdf,yes,comments/A203789-A205829.md
A204609,2 September 2026,papers/9001-9500/9494-PROOF.pdf,yes,comments/A203789-A205829.md
A204610,2 September 2026,papers/8501-9000/8840-PROOF.pdf,yes,comments/A203789-A205829.md
A204611,2 September 2026,papers/8001-8500/8019-PROOF.pdf,yes,comments/A203789-A205829.md
A204612,2 September 2026,papers/7001-7500/7163-PROOF.pdf,yes,comments/A203789-A205829.md
A204613,2 September 2026,papers/5501-6000/5608-PROOF.pdf,yes,comments/A203789-A205829.md
A204614,7 September 2026,papers/4001-4500/4393-PROOF.pdf,yes,comments/A203789-A205829.md
A204615,7 September 2026,papers/3501-4000/3517-PROOF.pdf,yes,comments/A203789-A205829.md
A204623,31 August 2026,papers/3001-3500/3422-PROOF.pdf,yes,comments/A203789-A205829.md
A204624,31 August 2026,papers/3001-3500/3375-PROOF.pdf,yes,comments/A203789-A205829.md
A204625,31 August 2026,papers/3001-3500/3245-PROOF.pdf,yes,comments/A203789-A205829.md
A204626,31 August 2026,papers/2001-2500/2306-PROOF.pdf,yes,comments/A203789-A205829.md
A204627,31 August 2026,papers/1501-2000/1774-PROOF.pdf,yes,comments/A203789-A205829.md
A204635,1 September 2026,papers/1001-1500/1384-PROOF.pdf,yes,comments/A203789-A205829.md
A204636,7 September 2026,papers/7001-7500/7258-PROOF.pdf,yes,comments/A203789-A205829.md
A204637,7 September 2026,papers/7501-8000/7697-PROOF.pdf,yes,comments/A203789-A205829.md
A204644,3 September 2026,papers/3001-3500/3293-PROOF.pdf,yes,comments/A203789-A205829.md
A204645,2 September 2026,papers/9001-9500/9402-PROOF.pdf,yes,comments/A203789-A205829.md
A204646,2 September 2026,papers/9001-9500/9400-PROOF.pdf,yes,comments/A203789-A205829.md
A204647,2 September 2026,papers/9001-9500/9386-PROOF.pdf,yes,comments/A203789-A205829.md
A204648,2 September 2026,papers/9001-9500/9382-PROOF.pdf,yes,comments/A203789-A205829.md
A204649,3 September 2026,papers/2001-2500/2170-PROOF.pdf,yes,comments/A203789-A205829.md
A204650,3 September 2026,papers/2001-2500/2050-PROOF.pdf,yes,comments/A203789-A205829.md
A204652,1 September 2026,papers/1001-1500/1280-PROOF.pdf,yes,comments/A203789-A205829.md
A204678,3 September 2026,papers/8501-9000/8842-PROOF.pdf,yes,comments/A203789-A205829.md
A204679,3 September 2026,papers/8001-8500/8213-PROOF.pdf,yes,comments/A203789-A205829.md
A204680,7 September 2026,papers/5001-5500/5080-PROOF.pdf,yes,comments/A203789-A205829.md
A204699,3 September 2026,papers/9001-9500/9065-PROOF.pdf,yes,comments/A203789-A205829.md
A204700,3 September 2026,papers/5001-5500/5216-PROOF.pdf,yes,comments/A203789-A205829.md
A204707,2 September 2026,papers/9501-10000/9506-PROOF.pdf,yes,comments/A203789-A205829.md
A204708,2 September 2026,papers/9501-10000/9507-PROOF.pdf,yes,comments/A203789-A205829.md
A204709,2 September 2026,papers/8501-9000/8942-PROOF.pdf,yes,comments/A203789-A205829.md
A204710,2 September 2026,papers/8501-9000/8598-PROOF.pdf,yes,comments/A203789-A205829.md
A204716,2 September 2026,papers/8001-8500/8379-PROOF.pdf,yes,comments/A203789-A205829.md
A204717,2 September 2026,papers/6501-7000/6935-PROOF.pdf,yes,comments/A203789-A205829.md
A204718,2 September 2026,papers/5001-5500/5462-PROOF.pdf,yes,comments/A203789-A205829.md
A204719,2 September 2026,papers/3501-4000/3881-PROOF.pdf,yes,comments/A203789-A205829.md
A204725,2 September 2026,papers/3501-4000/3590-PROOF.pdf,yes,comments/A203789-A205829.md
A204734,3 September 2026,papers/2501-3000/2835-PROOF.pdf,yes,comments/A203789-A205829.md
A204735,3 September 2026,papers/1501-2000/1941-PROOF.pdf,yes,comments/A203789-A205829.md
A204736,3 September 2026,papers/1501-2000/1513-PROOF.pdf,yes,comments/A203789-A205829.md
A204737,3 September 2026,papers/1001-1500/1186-PROOF.pdf,yes,comments/A203789-A205829.md
A204738,3 September 2026,papers/1001-1500/1035-PROOF.pdf,yes,comments/A203789-A205829.md
A204741,1 September 2026,papers/1001-1500/1269-PROOF.pdf,yes,comments/A203789-A205829.md
A204747,1 September 2026,papers/1501-2000/1833-PROOF.pdf,yes,comments/A203789-A205829.md
A204748,1 September 2026,papers/2501-3000/2730-PROOF.pdf,yes,comments/A203789-A205829.md
A204749,1 September 2026,papers/3001-3500/3159-PROOF.pdf,yes,comments/A203789-A205829.md
A204750,1 September 2026,papers/3001-3500/3140-PROOF.pdf,yes,comments/A203789-A205829.md
A204751,2 September 2026,papers/9001-9500/9003-PROOF.pdf,yes,comments/A203789-A205829.md
A204752,7 September 2026,papers/8501-9000/8993-PROOF.pdf,yes,comments/A203789-A205829.md
A204753,7 September 2026,papers/8501-9000/8991-PROOF.pdf,yes,comments/A203789-A205829.md
A204754,1 September 2026,papers/2501-3000/2731-PROOF.pdf,yes,comments/A203789-A205829.md
A204775,1 September 2026,papers/2501-3000/2926-PROOF.pdf,yes,comments/A203789-A205829.md
A204776,1 September 2026,papers/1001-1500/1262-PROOF.pdf,yes,comments/A203789-A205829.md
A204777,7 September 2026,papers/3501-4000/3751-PROOF.pdf,yes,comments/A203789-A205829.md
A204794,3 September 2026,papers/3001-3500/3025-PROOF.pdf,yes,comments/A203789-A205829.md
A204795,3 September 2026,papers/2001-2500/2268-PROOF.pdf,yes,comments/A203789-A205829.md
A204796,3 September 2026,papers/1501-2000/1764-PROOF.pdf,yes,comments/A203789-A205829.md
A204797,3 September 2026,papers/1001-1500/1363-PROOF.pdf,yes,comments/A203789-A205829.md
A204798,3 September 2026,papers/1001-1500/1102-PROOF.pdf,yes,comments/A203789-A205829.md
A204833,2 September 2026,papers/7001-7500/7423-PROOF.pdf,yes,comments/A203789-A205829.md
A204834,2 September 2026,papers/5001-5500/5405-PROOF.pdf,yes,comments/A203789-A205829.md
A204835,2 September 2026,papers/5001-5500/5118-PROOF.pdf,yes,comments/A203789-A205829.md
A204836,2 September 2026,papers/3501-4000/3577-PROOF.pdf,yes,comments/A203789-A205829.md
A204860,6 September 2026,papers/1501-2000/1622-PROOF.pdf,yes,comments/A203789-A205829.md
A204861,6 September 2026,papers/1001-1500/1097-PROOF.pdf,yes,comments/A203789-A205829.md
A204869,2 September 2026,papers/4501-5000/4647-PROOF.pdf,yes,comments/A203789-A205829.md
A204870,2 September 2026,papers/3501-4000/3591-PROOF.pdf,yes,comments/A203789-A205829.md
A204871,2 September 2026,papers/3001-3500/3454-PROOF.pdf,yes,comments/A203789-A205829.md
A204880,7 September 2026,papers/3501-4000/3797-PROOF.pdf,yes,comments/A203789-A205829.md
A204885,1 September 2026,papers/1001-1500/1342-PROOF.pdf,yes,comments/A203789-A205829.md
A204941,1 September 2026,papers/1001-1500/1181-PROOF.pdf,yes,comments/A203789-A205829.md
A204947,6 September 2026,papers/1001-1500/1336-PROOF.pdf,yes,comments/A203789-A205829.md
A204956,3 September 2026,papers/1501-2000/1554-PROOF.pdf,yes,comments/A203789-A205829.md
A204957,3 September 2026,papers/1001-1500/1091-PROOF.pdf,yes,comments/A203789-A205829.md
A204964,6 September 2026,papers/1501-2000/1796-PROOF.pdf,yes,comments/A203789-A205829.md
A204965,6 September 2026,papers/1001-1500/1235-PROOF.pdf,yes,comments/A203789-A205829.md
A204973,3 September 2026,papers/5001-5500/5299-PROOF.pdf,yes,comments/A203789-A205829.md
A205020,2 September 2026,papers/8001-8500/8492-PROOF.pdf,yes,comments/A203789-A205829.md
A205021,2 September 2026,papers/8001-8500/8177-PROOF.pdf,yes,comments/A203789-A205829.md
A205022,7 September 2026,papers/6501-7000/6973-PROOF.pdf,yes,comments/A203789-A205829.md
A205023,7 September 2026,papers/5001-5500/5495-PROOF.pdf,yes,comments/A203789-A205829.md
A205033,2 September 2026,papers/4001-4500/4096-PROOF.pdf,yes,comments/A203789-A205829.md
A205048,2 September 2026,papers/6001-6500/6011-PROOF.pdf,yes,comments/A203789-A205829.md
A205049,2 September 2026,papers/5001-5500/5241-PROOF.pdf,yes,comments/A203789-A205829.md
A205050,2 September 2026,papers/4501-5000/4588-PROOF.pdf,yes,comments/A203789-A205829.md
A205051,2 September 2026,papers/4001-4500/4140-PROOF.pdf,yes,comments/A203789-A205829.md
A205052,2 September 2026,papers/3501-4000/3873-PROOF.pdf,yes,comments/A203789-A205829.md
A205053,7 September 2026,papers/3501-4000/3659-PROOF.pdf,yes,comments/A203789-A205829.md
A205057,3 September 2026,papers/1501-2000/1621-PROOF.pdf,yes,comments/A203789-A205829.md
A205065,2 September 2026,papers/7501-8000/7677-PROOF.pdf,yes,comments/A203789-A205829.md
A205066,2 September 2026,papers/7001-7500/7111-PROOF.pdf,yes,comments/A203789-A205829.md
A205067,2 September 2026,papers/6001-6500/6126-PROOF.pdf,yes,comments/A203789-A205829.md
A205068,2 September 2026,papers/5501-6000/5546-PROOF.pdf,yes,comments/A203789-A205829.md
A205069,2 September 2026,papers/5001-5500/5097-PROOF.pdf,yes,comments/A203789-A205829.md
A205070,2 September 2026,papers/4501-5000/4718-PROOF.pdf,yes,comments/A203789-A205829.md
A205071,2 September 2026,papers/4001-4500/4438-PROOF.pdf,yes,comments/A203789-A205829.md
A205090,2 September 2026,papers/4501-5000/4976-PROOF.pdf,yes,comments/A203789-A205829.md
A205091,2 September 2026,papers/3501-4000/3942-PROOF.pdf,yes,comments/A203789-A205829.md
A205092,2 September 2026,papers/3001-3500/3432-PROOF.pdf,yes,comments/A203789-A205829.md
A205156,7 September 2026,papers/4501-5000/4710-PROOF.pdf,yes,comments/A203789-A205829.md
A205163,31 August 2026,papers/3001-3500/3386-PROOF.pdf,yes,comments/A203789-A205829.md
A205164,31 August 2026,papers/3001-3500/3085-PROOF.pdf,yes,comments/A203789-A205829.md
A205165,31 August 2026,papers/2501-3000/2620-PROOF.pdf,yes,comments/A203789-A205829.md
A205166,31 August 2026,papers/1501-2000/1883-PROOF.pdf,yes,comments/A203789-A205829.md
A205167,31 August 2026,papers/1501-2000/1508-PROOF.pdf,yes,comments/A203789-A205829.md
A205174,2 September 2026,papers/3501-4000/3978-PROOF.pdf,yes,comments/A203789-A205829.md
A205187,2 September 2026,papers/9001-9500/9266-PROOF.pdf,yes,comments/A203789-A205829.md
A205188,2 September 2026,papers/8501-9000/8839-PROOF.pdf,yes,comments/A203789-A205829.md
A205189,2 September 2026,papers/8501-9000/8801-PROOF.pdf,yes,comments/A203789-A205829.md
A205190,2 September 2026,papers/8001-8500/8253-PROOF.pdf,yes,comments/A203789-A205829.md
A205191,2 September 2026,papers/8001-8500/8248-PROOF.pdf,yes,comments/A203789-A205829.md
A205192,2 September 2026,papers/7501-8000/7757-PROOF.pdf,yes,comments/A203789-A205829.md
A205194,3 September 2026,papers/1001-1500/1124-PROOF.pdf,yes,comments/A203789-A205829.md
A205200,2 September 2026,papers/3001-3500/3434-PROOF.pdf,yes,comments/A203789-A205829.md
A205208,2 September 2026,papers/8501-9000/8525-PROOF.pdf,yes,comments/A203789-A205829.md
A205209,2 September 2026,papers/8001-8500/8211-PROOF.pdf,yes,comments/A203789-A205829.md
A205210,2 September 2026,papers/6501-7000/6995-PROOF.pdf,yes,comments/A203789-A205829.md
A205211,7 September 2026,papers/5501-6000/5586-PROOF.pdf,yes,comments/A203789-A205829.md
A205212,7 September 2026,papers/4001-4500/4301-PROOF.pdf,yes,comments/A203789-A205829.md
A205213,7 September 2026,papers/3001-3500/3441-PROOF.pdf,yes,comments/A203789-A205829.md
A205219,6 September 2026,papers/3001-3500/3398-PROOF.pdf,yes,comments/A203789-A205829.md
A205220,2 September 2026,papers/9501-10000/9582-PROOF.pdf,yes,comments/A203789-A205829.md
A205221,6 September 2026,papers/2001-2500/2347-PROOF.pdf,yes,comments/A203789-A205829.md
A205222,6 September 2026,papers/1501-2000/1846-PROOF.pdf,yes,comments/A203789-A205829.md
A205228,3 September 2026,papers/1501-2000/1787-PROOF.pdf,yes,comments/A203789-A205829.md
A205239,2 September 2026,papers/5501-6000/5634-PROOF.pdf,yes,comments/A203789-A205829.md
A205240,2 September 2026,papers/3501-4000/3601-PROOF.pdf,yes,comments/A203789-A205829.md
A205248,6 September 2026,papers/3001-3500/3384-PROOF.pdf,yes,comments/A203789-A205829.md
A205249,2 September 2026,papers/9001-9500/9165-PROOF.pdf,yes,comments/A203789-A205829.md
A205250,2 September 2026,papers/8501-9000/8877-PROOF.pdf,yes,comments/A203789-A205829.md
A205251,2 September 2026,papers/8001-8500/8337-PROOF.pdf,yes,comments/A203789-A205829.md
A205252,2 September 2026,papers/7501-8000/7824-PROOF.pdf,yes,comments/A203789-A205829.md
A205253,2 September 2026,papers/6501-7000/6739-PROOF.pdf,yes,comments/A203789-A205829.md
A205254,2 September 2026,papers/5501-6000/5869-PROOF.pdf,yes,comments/A203789-A205829.md
A205257,1 September 2026,papers/2001-2500/2429-PROOF.pdf,yes,comments/A203789-A205829.md
A205258,1 September 2026,papers/1001-1500/1434-PROOF.pdf,yes,comments/A203789-A205829.md
A205259,1 September 2026,papers/1001-1500/1054-PROOF.pdf,yes,comments/A203789-A205829.md
A205266,1 September 2026,papers/1501-2000/1988-PROOF.pdf,yes,comments/A203789-A205829.md
A205267,1 September 2026,papers/1001-1500/1182-PROOF.pdf,yes,comments/A203789-A205829.md
A205286,2 September 2026,papers/6001-6500/6247-PROOF.pdf,yes,comments/A203789-A205829.md
A205287,2 September 2026,papers/3501-4000/3524-PROOF.pdf,yes,comments/A203789-A205829.md
A205305,7 September 2026,papers/6501-7000/6678-PROOF.pdf,yes,comments/A203789-A205829.md
A205306,7 September 2026,papers/3501-4000/3592-PROOF.pdf,yes,comments/A203789-A205829.md
A205312,2 September 2026,papers/3001-3500/3262-PROOF.pdf,yes,comments/A203789-A205829.md
A205313,2 September 2026,papers/3001-3500/3059-PROOF.pdf,yes,comments/A203789-A205829.md
A205314,2 September 2026,papers/2501-3000/2621-PROOF.pdf,yes,comments/A203789-A205829.md
A205315,2 September 2026,papers/2001-2500/2294-PROOF.pdf,yes,comments/A203789-A205829.md
A205316,2 September 2026,papers/1501-2000/1827-PROOF.pdf,yes,comments/A203789-A205829.md
A205317,2 September 2026,papers/1501-2000/1584-PROOF.pdf,yes,comments/A203789-A205829.md
A205328,6 September 2026,papers/3001-3500/3390-PROOF.pdf,yes,comments/A203789-A205829.md
A205329,2 September 2026,papers/9501-10000/9583-PROOF.pdf,yes,comments/A203789-A205829.md
A205330,6 September 2026,papers/1501-2000/1897-PROOF.pdf,yes,comments/A203789-A205829.md
A205331,6 September 2026,papers/1001-1500/1376-PROOF.pdf,yes,comments/A203789-A205829.md
A205347,2 September 2026,papers/2001-2500/2255-PROOF.pdf,yes,comments/A203789-A205829.md
A205348,7 September 2026,papers/2001-2500/2121-PROOF.pdf,yes,comments/A203789-A205829.md
A205349,7 September 2026,papers/1001-1500/1072-PROOF.pdf,yes,comments/A203789-A205829.md
A205354,2 September 2026,papers/9501-10000/9584-PROOF.pdf,yes,comments/A203789-A205829.md
A205355,6 September 2026,papers/3001-3500/3110-PROOF.pdf,yes,comments/A203789-A205829.md
A205356,6 September 2026,papers/2501-3000/2859-PROOF.pdf,yes,comments/A203789-A205829.md
A205357,6 September 2026,papers/1501-2000/1947-PROOF.pdf,yes,comments/A203789-A205829.md
A205363,2 September 2026,papers/7501-8000/7638-PROOF.pdf,yes,comments/A203789-A205829.md
A205364,2 September 2026,papers/5501-6000/5807-PROOF.pdf,yes,comments/A203789-A205829.md
A205365,3 September 2026,papers/3501-4000/3667-PROOF.pdf,yes,comments/A203789-A205829.md
A205408,1 September 2026,papers/1001-1500/1230-PROOF.pdf,yes,comments/A203789-A205829.md
A205417,2 September 2026,papers/4001-4500/4410-PROOF.pdf,yes,comments/A203789-A205829.md
A205424,6 September 2026,papers/2501-3000/2867-PROOF.pdf,yes,comments/A203789-A205829.md
A205425,6 September 2026,papers/3001-3500/3111-PROOF.pdf,yes,comments/A203789-A205829.md
A205426,6 September 2026,papers/1501-2000/1556-PROOF.pdf,yes,comments/A203789-A205829.md
A205433,2 September 2026,papers/2501-3000/2584-PROOF.pdf,yes,comments/A203789-A205829.md
A205434,2 September 2026,papers/1501-2000/1974-PROOF.pdf,yes,comments/A203789-A205829.md
A205435,2 September 2026,papers/1501-2000/1632-PROOF.pdf,yes,comments/A203789-A205829.md
A205436,7 September 2026,papers/1001-1500/1219-PROOF.pdf,yes,comments/A203789-A205829.md
A205459,2 September 2026,papers/7501-8000/7538-PROOF.pdf,yes,comments/A203789-A205829.md
A205460,2 September 2026,papers/5501-6000/5672-PROOF.pdf,yes,comments/A203789-A205829.md
A205468,2 September 2026,papers/2501-3000/2623-PROOF.pdf,yes,comments/A203789-A205829.md
A205469,2 September 2026,papers/2001-2500/2076-PROOF.pdf,yes,comments/A203789-A205829.md
A205470,2 September 2026,papers/1501-2000/1549-PROOF.pdf,yes,comments/A203789-A205829.md
A205471,2 September 2026,papers/1001-1500/1176-PROOF.pdf,yes,comments/A203789-A205829.md
A205513,2 September 2026,papers/8001-8500/8028-PROOF.pdf,yes,comments/A203789-A205829.md
A205514,2 September 2026,papers/7001-7500/7303-PROOF.pdf,yes,comments/A203789-A205829.md
A205515,2 September 2026,papers/4501-5000/4528-PROOF.pdf,yes,comments/A203789-A205829.md
A205516,2 September 2026,papers/3001-3500/3460-PROOF.pdf,yes,comments/A203789-A205829.md
A205583,2 September 2026,papers/2501-3000/2580-PROOF.pdf,yes,comments/A203789-A205829.md
A205584,2 September 2026,papers/2001-2500/2386-PROOF.pdf,yes,comments/A203789-A205829.md
A205585,2 September 2026,papers/3501-4000/3850-PROOF.pdf,yes,comments/A203789-A205829.md
A205603,2 September 2026,papers/1501-2000/1862-PROOF.pdf,yes,comments/A203789-A205829.md
A205604,7 September 2026,papers/1001-1500/1419-PROOF.pdf,yes,comments/A203789-A205829.md
A205605,7 September 2026,papers/1001-1500/1081-PROOF.pdf,yes,comments/A203789-A205829.md
A205610,7 September 2026,papers/1501-2000/1806-PROOF.pdf,yes,comments/A203789-A205829.md
A205611,7 September 2026,papers/1001-1500/1066-PROOF.pdf,yes,comments/A203789-A205829.md
A205620,6 September 2026,papers/3001-3500/3104-PROOF.pdf,yes,comments/A203789-A205829.md
A205621,6 September 2026,papers/3001-3500/3098-PROOF.pdf,yes,comments/A203789-A205829.md
A205622,6 September 2026,papers/2001-2500/2325-PROOF.pdf,yes,comments/A203789-A205829.md
A205627,6 September 2026,papers/2501-3000/2878-PROOF.pdf,yes,comments/A203789-A205829.md
A205628,6 September 2026,papers/1501-2000/1896-PROOF.pdf,yes,comments/A203789-A205829.md
A205629,6 September 2026,papers/1001-1500/1497-PROOF.pdf,yes,comments/A203789-A205829.md
A205635,3 September 2026,papers/7001-7500/7395-PROOF.pdf,yes,comments/A203789-A205829.md
A205636,3 September 2026,papers/4001-4500/4407-PROOF.pdf,yes,comments/A203789-A205829.md
A205653,2 September 2026,papers/5001-5500/5360-PROOF.pdf,yes,comments/A203789-A205829.md
A205654,2 September 2026,papers/3001-3500/3485-PROOF.pdf,yes,comments/A203789-A205829.md
A205660,2 September 2026,papers/5501-6000/5673-PROOF.pdf,yes,comments/A203789-A205829.md
A205661,2 September 2026,papers/3001-3500/3459-PROOF.pdf,yes,comments/A203789-A205829.md
A205730,2 September 2026,papers/7001-7500/7159-PROOF.pdf,yes,comments/A203789-A205829.md
A205731,2 September 2026,papers/6001-6500/6340-PROOF.pdf,yes,comments/A203789-A205829.md
A205732,2 September 2026,papers/4501-5000/4834-PROOF.pdf,yes,comments/A203789-A205829.md
A205733,7 September 2026,papers/4001-4500/4344-PROOF.pdf,yes,comments/A203789-A205829.md
A205734,7 September 2026,papers/3001-3500/3450-PROOF.pdf,yes,comments/A203789-A205829.md
A205737,2 September 2026,papers/8001-8500/8029-PROOF.pdf,yes,comments/A203789-A205829.md
A205738,2 September 2026,papers/7501-8000/7528-PROOF.pdf,yes,comments/A203789-A205829.md
A205739,2 September 2026,papers/5501-6000/5966-PROOF.pdf,yes,comments/A203789-A205829.md
A205740,2 September 2026,papers/5001-5500/5280-PROOF.pdf,yes,comments/A203789-A205829.md
A205741,2 September 2026,papers/3501-4000/3660-PROOF.pdf,yes,comments/A203789-A205829.md
A205747,2 September 2026,papers/1501-2000/1973-PROOF.pdf,yes,comments/A203789-A205829.md
A205748,2 September 2026,papers/1501-2000/1531-PROOF.pdf,yes,comments/A203789-A205829.md
A205749,7 September 2026,papers/1001-1500/1173-PROOF.pdf,yes,comments/A203789-A205829.md
A205750,7 September 2026,papers/1001-1500/1033-PROOF.pdf,yes,comments/A203789-A205829.md
A205754,2 September 2026,papers/1501-2000/1971-PROOF.pdf,yes,comments/A203789-A205829.md
A205755,2 September 2026,papers/1001-1500/1093-PROOF.pdf,yes,comments/A203789-A205829.md
A205761,2 September 2026,papers/6001-6500/6397-PROOF.pdf,yes,comments/A203789-A205829.md
A205762,2 September 2026,papers/3501-4000/3963-PROOF.pdf,yes,comments/A203789-A205829.md
A205817,2 September 2026,papers/8501-9000/8863-PROOF.pdf,yes,comments/A203789-A205829.md
A205818,2 September 2026,papers/7501-8000/7809-PROOF.pdf,yes,comments/A203789-A205829.md
A205819,2 September 2026,papers/6001-6500/6110-PROOF.pdf,yes,comments/A203789-A205829.md
A205820,2 September 2026,papers/4501-5000/4622-PROOF.pdf,yes,comments/A203789-A205829.md
A205821,2 September 2026,papers/3501-4000/3544-PROOF.pdf,yes,comments/A203789-A205829.md
A205829,2 September 2026,papers/9001-9500/9170-PROOF.pdf,yes,comments/A203789-A205829.md
A205830,2 September 2026,papers/9001-9500/9128-PROOF.pdf,yes,comments/A205830-A207389.md
A205831,2 September 2026,papers/7501-8000/7577-PROOF.pdf,yes,comments/A205830-A207389.md
A205832,2 September 2026,papers/7001-7500/7322-PROOF.pdf,yes,comments/A205830-A207389.md
A205833,2 September 2026,papers/5001-5500/5095-PROOF.pdf,yes,comments/A205830-A207389.md
A205834,2 September 2026,papers/4501-5000/4715-PROOF.pdf,yes,comments/A205830-A207389.md
A205903,2 September 2026,papers/7001-7500/7400-PROOF.pdf,yes,comments/A205830-A207389.md
A205904,2 September 2026,papers/5001-5500/5245-PROOF.pdf,yes,comments/A205830-A207389.md
A205905,2 September 2026,papers/3501-4000/3947-PROOF.pdf,yes,comments/A205830-A207389.md
A205911,3 September 2026,papers/6501-7000/6743-PROOF.pdf,yes,comments/A205830-A207389.md
A205912,3 September 2026,papers/5001-5500/5375-PROOF.pdf,yes,comments/A205830-A207389.md
A205913,3 September 2026,papers/4501-5000/4660-PROOF.pdf,yes,comments/A205830-A207389.md
A205914,3 September 2026,papers/3501-4000/3595-PROOF.pdf,yes,comments/A205830-A207389.md
A205919,2 September 2026,papers/8001-8500/8101-PROOF.pdf,yes,comments/A205830-A207389.md
A205920,2 September 2026,papers/5001-5500/5400-PROOF.pdf,yes,comments/A205830-A207389.md
A205921,2 September 2026,papers/4001-4500/4198-PROOF.pdf,yes,comments/A205830-A207389.md
A205928,3 September 2026,papers/7501-8000/7632-PROOF.pdf,yes,comments/A205830-A207389.md
A205929,3 September 2026,papers/4001-4500/4118-PROOF.pdf,yes,comments/A205830-A207389.md
A205937,3 September 2026,papers/7001-7500/7396-PROOF.pdf,yes,comments/A205830-A207389.md
A205938,3 September 2026,papers/4001-4500/4095-PROOF.pdf,yes,comments/A205830-A207389.md
A205949,3 September 2026,papers/4501-5000/4732-PROOF.pdf,yes,comments/A205830-A207389.md
A205979,2 September 2026,papers/8001-8500/8030-PROOF.pdf,yes,comments/A205830-A207389.md
A205980,2 September 2026,papers/7501-8000/7976-PROOF.pdf,yes,comments/A205830-A207389.md
A205981,2 September 2026,papers/8001-8500/8459-PROOF.pdf,yes,comments/A205830-A207389.md
A205982,2 September 2026,papers/9001-9500/9007-PROOF.pdf,yes,comments/A205830-A207389.md
A205983,7 September 2026,papers/8501-9000/8995-PROOF.pdf,yes,comments/A205830-A207389.md
A205984,7 September 2026,papers/8501-9000/8989-PROOF.pdf,yes,comments/A205830-A207389.md
A205991,2 September 2026,papers/8501-9000/8665-PROOF.pdf,yes,comments/A205830-A207389.md
A205992,2 September 2026,papers/7501-8000/7665-PROOF.pdf,yes,comments/A205830-A207389.md
A205993,2 September 2026,papers/6001-6500/6012-PROOF.pdf,yes,comments/A205830-A207389.md
A205994,2 September 2026,papers/4501-5000/4748-PROOF.pdf,yes,comments/A205830-A207389.md
A205995,2 September 2026,papers/3501-4000/3631-PROOF.pdf,yes,comments/A205830-A207389.md
A206003,2 September 2026,papers/9001-9500/9171-PROOF.pdf,yes,comments/A205830-A207389.md
A206004,2 September 2026,papers/7501-8000/7666-PROOF.pdf,yes,comments/A205830-A207389.md
A206005,2 September 2026,papers/6501-7000/6748-PROOF.pdf,yes,comments/A205830-A207389.md
A206006,2 September 2026,papers/4501-5000/4637-PROOF.pdf,yes,comments/A205830-A207389.md
A206007,2 September 2026,papers/3501-4000/3719-PROOF.pdf,yes,comments/A205830-A207389.md
A206014,2 September 2026,papers/9001-9500/9267-PROOF.pdf,yes,comments/A205830-A207389.md
A206015,2 September 2026,papers/8501-9000/8545-PROOF.pdf,yes,comments/A205830-A207389.md
A206016,2 September 2026,papers/6501-7000/6867-PROOF.pdf,yes,comments/A205830-A207389.md
A206017,2 September 2026,papers/4001-4500/4489-PROOF.pdf,yes,comments/A205830-A207389.md
A206047,2 September 2026,papers/9001-9500/9172-PROOF.pdf,yes,comments/A205830-A207389.md
A206048,2 September 2026,papers/8001-8500/8354-PROOF.pdf,yes,comments/A205830-A207389.md
A206049,2 September 2026,papers/6001-6500/6129-PROOF.pdf,yes,comments/A205830-A207389.md
A206050,2 September 2026,papers/4001-4500/4335-PROOF.pdf,yes,comments/A205830-A207389.md
A206056,2 September 2026,papers/7501-8000/7539-PROOF.pdf,yes,comments/A205830-A207389.md
A206057,2 September 2026,papers/6501-7000/6994-PROOF.pdf,yes,comments/A205830-A207389.md
A206058,2 September 2026,papers/6501-7000/6822-PROOF.pdf,yes,comments/A205830-A207389.md
A206059,7 September 2026,papers/7501-8000/7903-PROOF.pdf,yes,comments/A205830-A207389.md
A206065,2 September 2026,papers/8501-9000/8780-PROOF.pdf,yes,comments/A205830-A207389.md
A206066,2 September 2026,papers/9001-9500/9234-PROOF.pdf,yes,comments/A205830-A207389.md
A206067,2 September 2026,papers/8501-9000/8749-PROOF.pdf,yes,comments/A205830-A207389.md
A206068,2 September 2026,papers/7501-8000/7727-PROOF.pdf,yes,comments/A205830-A207389.md
A206069,7 September 2026,papers/6001-6500/6324-PROOF.pdf,yes,comments/A205830-A207389.md
A206070,7 September 2026,papers/5001-5500/5137-PROOF.pdf,yes,comments/A205830-A207389.md
A206078,2 September 2026,papers/8501-9000/8892-PROOF.pdf,yes,comments/A205830-A207389.md
A206079,2 September 2026,papers/7001-7500/7356-PROOF.pdf,yes,comments/A205830-A207389.md
A206080,2 September 2026,papers/4501-5000/4545-PROOF.pdf,yes,comments/A205830-A207389.md
A206087,2 September 2026,papers/8501-9000/8781-PROOF.pdf,yes,comments/A205830-A207389.md
A206088,2 September 2026,papers/8501-9000/8757-PROOF.pdf,yes,comments/A205830-A207389.md
A206089,2 September 2026,papers/9001-9500/9033-PROOF.pdf,yes,comments/A205830-A207389.md
A206090,2 September 2026,papers/9001-9500/9020-PROOF.pdf,yes,comments/A205830-A207389.md
A206091,7 September 2026,papers/9001-9500/9006-PROOF.pdf,yes,comments/A205830-A207389.md
A206092,7 September 2026,papers/8501-9000/8997-PROOF.pdf,yes,comments/A205830-A207389.md
A206102,3 September 2026,papers/7501-8000/7810-PROOF.pdf,yes,comments/A205830-A207389.md
A206103,3 September 2026,papers/5001-5500/5219-PROOF.pdf,yes,comments/A205830-A207389.md
A206104,3 September 2026,papers/3501-4000/3510-PROOF.pdf,yes,comments/A205830-A207389.md
A206111,2 September 2026,papers/7501-8000/7987-PROOF.pdf,yes,comments/A205830-A207389.md
A206112,2 September 2026,papers/8001-8500/8181-PROOF.pdf,yes,comments/A205830-A207389.md
A206113,2 September 2026,papers/9001-9500/9013-PROOF.pdf,yes,comments/A205830-A207389.md
A206114,7 September 2026,papers/8501-9000/8998-PROOF.pdf,yes,comments/A205830-A207389.md
A206115,7 September 2026,papers/8501-9000/8992-PROOF.pdf,yes,comments/A205830-A207389.md
A206121,2 September 2026,papers/7501-8000/7860-PROOF.pdf,yes,comments/A205830-A207389.md
A206122,2 September 2026,papers/6001-6500/6114-PROOF.pdf,yes,comments/A205830-A207389.md
A206123,2 September 2026,papers/4501-5000/4906-PROOF.pdf,yes,comments/A205830-A207389.md
A206124,2 September 2026,papers/3501-4000/3598-PROOF.pdf,yes,comments/A205830-A207389.md
A206130,2 September 2026,papers/9001-9500/9049-PROOF.pdf,yes,comments/A205830-A207389.md
A206131,2 September 2026,papers/8501-9000/8747-PROOF.pdf,yes,comments/A205830-A207389.md
A206132,2 September 2026,papers/7001-7500/7135-PROOF.pdf,yes,comments/A205830-A207389.md
A206133,7 September 2026,papers/5001-5500/5346-PROOF.pdf,yes,comments/A205830-A207389.md
A206134,7 September 2026,papers/3501-4000/3626-PROOF.pdf,yes,comments/A205830-A207389.md
A206143,2 September 2026,papers/9001-9500/9284-PROOF.pdf,yes,comments/A205830-A207389.md
A206144,2 September 2026,papers/9001-9500/9254-PROOF.pdf,yes,comments/A205830-A207389.md
A206145,2 September 2026,papers/9001-9500/9063-PROOF.pdf,yes,comments/A205830-A207389.md
A206146,2 September 2026,papers/8001-8500/8481-PROOF.pdf,yes,comments/A205830-A207389.md
A206147,7 September 2026,papers/7501-8000/7940-PROOF.pdf,yes,comments/A205830-A207389.md
A206148,7 September 2026,papers/6501-7000/6829-PROOF.pdf,yes,comments/A205830-A207389.md
A206163,6 September 2026,papers/2501-3000/2673-PROOF.pdf,yes,comments/A205830-A207389.md
A206164,6 September 2026,papers/2501-3000/2654-PROOF.pdf,yes,comments/A205830-A207389.md
A206165,6 September 2026,papers/2001-2500/2086-PROOF.pdf,yes,comments/A205830-A207389.md
A206170,2 September 2026,papers/9001-9500/9453-PROOF.pdf,yes,comments/A205830-A207389.md
A206171,6 September 2026,papers/2501-3000/2674-PROOF.pdf,yes,comments/A205830-A207389.md
A206172,6 September 2026,papers/1501-2000/1889-PROOF.pdf,yes,comments/A205830-A207389.md
A206173,6 September 2026,papers/1001-1500/1332-PROOF.pdf,yes,comments/A205830-A207389.md
A206182,3 September 2026,papers/5001-5500/5100-PROOF.pdf,yes,comments/A205830-A207389.md
A206190,2 September 2026,papers/8501-9000/8893-PROOF.pdf,yes,comments/A205830-A207389.md
A206191,2 September 2026,papers/7001-7500/7357-PROOF.pdf,yes,comments/A205830-A207389.md
A206192,2 September 2026,papers/5001-5500/5228-PROOF.pdf,yes,comments/A205830-A207389.md
A206193,2 September 2026,papers/3501-4000/3574-PROOF.pdf,yes,comments/A205830-A207389.md
A206199,2 September 2026,papers/8001-8500/8493-PROOF.pdf,yes,comments/A205830-A207389.md
A206200,2 September 2026,papers/7501-8000/7974-PROOF.pdf,yes,comments/A205830-A207389.md
A206201,2 September 2026,papers/7001-7500/7281-PROOF.pdf,yes,comments/A205830-A207389.md
A206202,7 September 2026,papers/7001-7500/7478-PROOF.pdf,yes,comments/A205830-A207389.md
A206203,7 September 2026,papers/8501-9000/8999-PROOF.pdf,yes,comments/A205830-A207389.md
A206208,2 September 2026,papers/2501-3000/2981-PROOF.pdf,yes,comments/A205830-A207389.md
A206209,2 September 2026,papers/2501-3000/2939-PROOF.pdf,yes,comments/A205830-A207389.md
A206210,2 September 2026,papers/3001-3500/3158-PROOF.pdf,yes,comments/A205830-A207389.md
A206211,2 September 2026,papers/3001-3500/3141-PROOF.pdf,yes,comments/A205830-A207389.md
A206212,7 September 2026,papers/3001-3500/3130-PROOF.pdf,yes,comments/A205830-A207389.md
A206213,7 September 2026,papers/3001-3500/3128-PROOF.pdf,yes,comments/A205830-A207389.md
A206217,3 September 2026,papers/2501-3000/2524-PROOF.pdf,yes,comments/A205830-A207389.md
A206218,3 September 2026,papers/1501-2000/1805-PROOF.pdf,yes,comments/A205830-A207389.md
A206219,3 September 2026,papers/1001-1500/1305-PROOF.pdf,yes,comments/A205830-A207389.md
A206231,2 September 2026,papers/2001-2500/2391-PROOF.pdf,yes,comments/A205830-A207389.md
A206232,2 September 2026,papers/2001-2500/2235-PROOF.pdf,yes,comments/A205830-A207389.md
A206233,7 September 2026,papers/2501-3000/2902-PROOF.pdf,yes,comments/A205830-A207389.md
A206234,7 September 2026,papers/2501-3000/2894-PROOF.pdf,yes,comments/A205830-A207389.md
A206235,7 September 2026,papers/2501-3000/2893-PROOF.pdf,yes,comments/A205830-A207389.md
A206249,31 August 2026,papers/8501-9000/8811-PROOF.pdf,yes,comments/A205830-A207389.md
A206250,31 August 2026,papers/8001-8500/8220-PROOF.pdf,yes,comments/A205830-A207389.md
A206251,31 August 2026,papers/7001-7500/7493-PROOF.pdf,yes,comments/A205830-A207389.md
A206252,31 August 2026,papers/6501-7000/6529-PROOF.pdf,yes,comments/A205830-A207389.md
A206253,31 August 2026,papers/5001-5500/5413-PROOF.pdf,yes,comments/A205830-A207389.md
A206254,7 September 2026,papers/4001-4500/4293-PROOF.pdf,yes,comments/A205830-A207389.md
A206260,2 September 2026,papers/8501-9000/8608-PROOF.pdf,yes,comments/A205830-A207389.md
A206261,2 September 2026,papers/9001-9500/9411-PROOF.pdf,yes,comments/A205830-A207389.md
A206262,2 September 2026,papers/9001-9500/9401-PROOF.pdf,yes,comments/A205830-A207389.md
A206263,2 September 2026,papers/9001-9500/9396-PROOF.pdf,yes,comments/A205830-A207389.md
A206264,2 September 2026,papers/9001-9500/9383-PROOF.pdf,yes,comments/A205830-A207389.md
A206265,2 September 2026,papers/7501-8000/7570-PROOF.pdf,yes,comments/A205830-A207389.md
A206266,2 September 2026,papers/7001-7500/7327-PROOF.pdf,yes,comments/A205830-A207389.md
A206270,3 September 2026,papers/8001-8500/8085-PROOF.pdf,yes,comments/A205830-A207389.md
A206271,3 September 2026,papers/5501-6000/5714-PROOF.pdf,yes,comments/A205830-A207389.md
A206272,3 September 2026,papers/4001-4500/4368-PROOF.pdf,yes,comments/A205830-A207389.md
A206273,3 September 2026,papers/3501-4000/3588-PROOF.pdf,yes,comments/A205830-A207389.md
A206311,2 September 2026,papers/7501-8000/7678-PROOF.pdf,yes,comments/A205830-A207389.md
A206312,2 September 2026,papers/5001-5500/5186-PROOF.pdf,yes,comments/A205830-A207389.md
A206313,2 September 2026,papers/3001-3500/3469-PROOF.pdf,yes,comments/A205830-A207389.md
A206320,2 September 2026,papers/7501-8000/7988-PROOF.pdf,yes,comments/A205830-A207389.md
A206321,2 September 2026,papers/7501-8000/7941-PROOF.pdf,yes,comments/A205830-A207389.md
A206322,2 September 2026,papers/5501-6000/5842-PROOF.pdf,yes,comments/A205830-A207389.md
A206323,7 September 2026,papers/4001-4500/4248-PROOF.pdf,yes,comments/A205830-A207389.md
A206336,2 September 2026,papers/9001-9500/9482-PROOF.pdf,yes,comments/A205830-A207389.md
A206337,2 September 2026,papers/9001-9500/9067-PROOF.pdf,yes,comments/A205830-A207389.md
A206338,2 September 2026,papers/9001-9500/9040-PROOF.pdf,yes,comments/A205830-A207389.md
A206339,2 September 2026,papers/9001-9500/9044-PROOF.pdf,yes,comments/A205830-A207389.md
A206353,3 September 2026,papers/3001-3500/3174-PROOF.pdf,yes,comments/A205830-A207389.md
A206354,3 September 2026,papers/2501-3000/2700-PROOF.pdf,yes,comments/A205830-A207389.md
A206355,7 September 2026,papers/1001-1500/1193-PROOF.pdf,yes,comments/A205830-A207389.md
A206361,2 September 2026,papers/2001-2500/2392-PROOF.pdf,yes,comments/A205830-A207389.md
A206362,7 September 2026,papers/1501-2000/1529-PROOF.pdf,yes,comments/A205830-A207389.md
A206363,7 September 2026,papers/1001-1500/1039-PROOF.pdf,yes,comments/A205830-A207389.md
A206377,6 September 2026,papers/2501-3000/2857-PROOF.pdf,yes,comments/A205830-A207389.md
A206378,6 September 2026,papers/2501-3000/2659-PROOF.pdf,yes,comments/A205830-A207389.md
A206379,6 September 2026,papers/1501-2000/1993-PROOF.pdf,yes,comments/A205830-A207389.md
A206384,7 September 2026,papers/2501-3000/2899-PROOF.pdf,yes,comments/A205830-A207389.md
A206391,3 September 2026,papers/3001-3500/3142-PROOF.pdf,yes,comments/A205830-A207389.md
A206392,7 September 2026,papers/1501-2000/1853-PROOF.pdf,yes,comments/A205830-A207389.md
A206393,7 September 2026,papers/1001-1500/1087-PROOF.pdf,yes,comments/A205830-A207389.md
A206407,2 September 2026,papers/8501-9000/8782-PROOF.pdf,yes,comments/A205830-A207389.md
A206408,2 September 2026,papers/8001-8500/8212-PROOF.pdf,yes,comments/A205830-A207389.md
A206409,2 September 2026,papers/6001-6500/6339-PROOF.pdf,yes,comments/A205830-A207389.md
A206410,2 September 2026,papers/4501-5000/4776-PROOF.pdf,yes,comments/A205830-A207389.md
A206411,7 September 2026,papers/3001-3500/3472-PROOF.pdf,yes,comments/A205830-A207389.md
A206466,31 August 2026,papers/8501-9000/8864-PROOF.pdf,yes,comments/A205830-A207389.md
A206467,31 August 2026,papers/8001-8500/8268-PROOF.pdf,yes,comments/A205830-A207389.md
A206468,31 August 2026,papers/7501-8000/7551-PROOF.pdf,yes,comments/A205830-A207389.md
A206469,31 August 2026,papers/6501-7000/6549-PROOF.pdf,yes,comments/A205830-A207389.md
A206470,31 August 2026,papers/5001-5500/5429-PROOF.pdf,yes,comments/A205830-A207389.md
A206471,31 August 2026,papers/4501-5000/4707-PROOF.pdf,yes,comments/A205830-A207389.md
A206500,7 September 2026,papers/2001-2500/2351-PROOF.pdf,yes,comments/A205830-A207389.md
A206505,3 September 2026,papers/8001-8500/8086-PROOF.pdf,yes,comments/A205830-A207389.md
A206506,3 September 2026,papers/5001-5500/5467-PROOF.pdf,yes,comments/A205830-A207389.md
A206507,3 September 2026,papers/3001-3500/3438-PROOF.pdf,yes,comments/A205830-A207389.md
A206514,2 September 2026,papers/2501-3000/2529-PROOF.pdf,yes,comments/A205830-A207389.md
A206515,7 September 2026,papers/2001-2500/2013-PROOF.pdf,yes,comments/A205830-A207389.md
A206516,7 September 2026,papers/1001-1500/1499-PROOF.pdf,yes,comments/A205830-A207389.md
A206535,3 September 2026,papers/8501-9000/8846-PROOF.pdf,yes,comments/A205830-A207389.md
A206536,3 September 2026,papers/6501-7000/6883-PROOF.pdf,yes,comments/A205830-A207389.md
A206537,3 September 2026,papers/4501-5000/4908-PROOF.pdf,yes,comments/A205830-A207389.md
A206538,3 September 2026,papers/3001-3500/3456-PROOF.pdf,yes,comments/A205830-A207389.md
A206570,3 September 2026,papers/8001-8500/8097-PROOF.pdf,yes,comments/A205830-A207389.md
A206571,3 September 2026,papers/5001-5500/5222-PROOF.pdf,yes,comments/A205830-A207389.md
A206594,2 September 2026,papers/2001-2500/2256-PROOF.pdf,yes,comments/A205830-A207389.md
A206595,7 September 2026,papers/1501-2000/1699-PROOF.pdf,yes,comments/A205830-A207389.md
A206596,7 September 2026,papers/1001-1500/1082-PROOF.pdf,yes,comments/A205830-A207389.md
A206614,2 September 2026,papers/2501-3000/2982-PROOF.pdf,yes,comments/A205830-A207389.md
A206615,2 September 2026,papers/1501-2000/1766-PROOF.pdf,yes,comments/A205830-A207389.md
A206616,7 September 2026,papers/1001-1500/1067-PROOF.pdf,yes,comments/A205830-A207389.md
A206628,2 September 2026,papers/3001-3500/3203-PROOF.pdf,yes,comments/A205830-A207389.md
A206629,2 September 2026,papers/2501-3000/2714-PROOF.pdf,yes,comments/A205830-A207389.md
A206630,7 September 2026,papers/1501-2000/1956-PROOF.pdf,yes,comments/A205830-A207389.md
A206631,7 September 2026,papers/1001-1500/1350-PROOF.pdf,yes,comments/A205830-A207389.md
A206645,3 September 2026,papers/7001-7500/7297-PROOF.pdf,yes,comments/A205830-A207389.md
A206646,7 September 2026,papers/4001-4500/4039-PROOF.pdf,yes,comments/A205830-A207389.md
A206652,1 September 2026,papers/1001-1500/1402-PROOF.pdf,yes,comments/A205830-A207389.md
A206653,1 September 2026,papers/1001-1500/1045-PROOF.pdf,yes,comments/A205830-A207389.md
A206661,3 September 2026,papers/8001-8500/8087-PROOF.pdf,yes,comments/A205830-A207389.md
A206662,3 September 2026,papers/5501-6000/5885-PROOF.pdf,yes,comments/A205830-A207389.md
A206663,3 September 2026,papers/4001-4500/4094-PROOF.pdf,yes,comments/A205830-A207389.md
A206670,3 September 2026,papers/6001-6500/6404-PROOF.pdf,yes,comments/A205830-A207389.md
A206671,3 September 2026,papers/3501-4000/3669-PROOF.pdf,yes,comments/A205830-A207389.md
A206678,2 September 2026,papers/8501-9000/8783-PROOF.pdf,yes,comments/A205830-A207389.md
A206679,2 September 2026,papers/8001-8500/8486-PROOF.pdf,yes,comments/A205830-A207389.md
A206680,2 September 2026,papers/6001-6500/6081-PROOF.pdf,yes,comments/A205830-A207389.md
A206681,2 September 2026,papers/4001-4500/4479-PROOF.pdf,yes,comments/A205830-A207389.md
A206687,2 September 2026,papers/9501-10000/9555-PROOF.pdf,yes,comments/A205830-A207389.md
A206688,3 September 2026,papers/1501-2000/1814-PROOF.pdf,yes,comments/A205830-A207389.md
A206689,3 September 2026,papers/1001-1500/1104-PROOF.pdf,yes,comments/A205830-A207389.md
A206694,3 September 2026,papers/8001-8500/8262-PROOF.pdf,yes,comments/A205830-A207389.md
A206695,3 September 2026,papers/5501-6000/5689-PROOF.pdf,yes,comments/A205830-A207389.md
A206696,3 September 2026,papers/3501-4000/3676-PROOF.pdf,yes,comments/A205830-A207389.md
A206727,3 September 2026,papers/8501-9000/8657-PROOF.pdf,yes,comments/A205830-A207389.md
A206728,3 September 2026,papers/6501-7000/6591-PROOF.pdf,yes,comments/A205830-A207389.md
A206729,3 September 2026,papers/3001-3500/3437-PROOF.pdf,yes,comments/A205830-A207389.md
A206745,2 September 2026,papers/8001-8500/8494-PROOF.pdf,yes,comments/A205830-A207389.md
A206746,2 September 2026,papers/7001-7500/7280-PROOF.pdf,yes,comments/A205830-A207389.md
A206747,2 September 2026,papers/5501-6000/5583-PROOF.pdf,yes,comments/A205830-A207389.md
A206754,2 September 2026,papers/2501-3000/2767-PROOF.pdf,yes,comments/A205830-A207389.md
A206755,2 September 2026,papers/2001-2500/2031-PROOF.pdf,yes,comments/A205830-A207389.md
A206756,7 September 2026,papers/1001-1500/1144-PROOF.pdf,yes,comments/A205830-A207389.md
A206780,31 August 2026,papers/7001-7500/7237-PROOF.pdf,yes,comments/A205830-A207389.md
A206781,31 August 2026,papers/5501-6000/5554-PROOF.pdf,yes,comments/A205830-A207389.md
A206782,31 August 2026,papers/4001-4500/4273-PROOF.pdf,yes,comments/A205830-A207389.md
A206783,31 August 2026,papers/3501-4000/3535-PROOF.pdf,yes,comments/A205830-A207389.md
A206790,3 September 2026,papers/9001-9500/9134-PROOF.pdf,yes,comments/A205830-A207389.md
A206791,3 September 2026,papers/8001-8500/8217-PROOF.pdf,yes,comments/A205830-A207389.md
A206833,3 September 2026,papers/3501-4000/3570-PROOF.pdf,yes,comments/A205830-A207389.md
A206839,6 September 2026,papers/3001-3500/3060-PROOF.pdf,yes,comments/A205830-A207389.md
A206840,6 September 2026,papers/2001-2500/2049-PROOF.pdf,yes,comments/A205830-A207389.md
A206857,3 September 2026,papers/8001-8500/8263-PROOF.pdf,yes,comments/A205830-A207389.md
A206858,3 September 2026,papers/3501-4000/3668-PROOF.pdf,yes,comments/A205830-A207389.md
A206866,31 August 2026,papers/8001-8500/8322-PROOF.pdf,yes,comments/A205830-A207389.md
A206867,31 August 2026,papers/5501-6000/5800-PROOF.pdf,yes,comments/A205830-A207389.md
A206868,31 August 2026,papers/3501-4000/3670-PROOF.pdf,yes,comments/A205830-A207389.md
A206872,31 August 2026,papers/7501-8000/7635-PROOF.pdf,yes,comments/A205830-A207389.md
A206873,31 August 2026,papers/5501-6000/5628-PROOF.pdf,yes,comments/A205830-A207389.md
A206874,31 August 2026,papers/3501-4000/3784-PROOF.pdf,yes,comments/A205830-A207389.md
A206878,31 August 2026,papers/7001-7500/7106-PROOF.pdf,yes,comments/A205830-A207389.md
A206879,31 August 2026,papers/5001-5500/5463-PROOF.pdf,yes,comments/A205830-A207389.md
A206880,31 August 2026,papers/4001-4500/4093-PROOF.pdf,yes,comments/A205830-A207389.md
A206885,31 August 2026,papers/5501-6000/5804-PROOF.pdf,yes,comments/A205830-A207389.md
A206886,31 August 2026,papers/4501-5000/4540-PROOF.pdf,yes,comments/A205830-A207389.md
A206887,31 August 2026,papers/3501-4000/3557-PROOF.pdf,yes,comments/A205830-A207389.md
A206890,31 August 2026,papers/4001-4500/4026-PROOF.pdf,yes,comments/A205830-A207389.md
A206895,3 September 2026,papers/3501-4000/3713-PROOF.pdf,yes,comments/A205830-A207389.md
A206931,31 August 2026,papers/7501-8000/7861-PROOF.pdf,yes,comments/A205830-A207389.md
A206932,31 August 2026,papers/6001-6500/6398-PROOF.pdf,yes,comments/A205830-A207389.md
A206933,31 August 2026,papers/4501-5000/4966-PROOF.pdf,yes,comments/A205830-A207389.md
A206934,31 August 2026,papers/3501-4000/3892-PROOF.pdf,yes,comments/A205830-A207389.md
A206937,31 August 2026,papers/4501-5000/4507-PROOF.pdf,yes,comments/A205830-A207389.md
A206938,31 August 2026,papers/3001-3500/3457-PROOF.pdf,yes,comments/A205830-A207389.md
A206982,3 September 2026,papers/8501-9000/8578-PROOF.pdf,yes,comments/A205830-A207389.md
A206983,3 September 2026,papers/7001-7500/7188-PROOF.pdf,yes,comments/A205830-A207389.md
A206984,3 September 2026,papers/5001-5500/5453-PROOF.pdf,yes,comments/A205830-A207389.md
A206985,3 September 2026,papers/4001-4500/4117-PROOF.pdf,yes,comments/A205830-A207389.md
A206986,3 September 2026,papers/3501-4000/3501-PROOF.pdf,yes,comments/A205830-A207389.md
A206989,31 August 2026,papers/8001-8500/8073-PROOF.pdf,yes,comments/A205830-A207389.md
A206990,31 August 2026,papers/5501-6000/5801-PROOF.pdf,yes,comments/A205830-A207389.md
A206991,31 August 2026,papers/3501-4000/3671-PROOF.pdf,yes,comments/A205830-A207389.md
A206996,31 August 2026,papers/6001-6500/6239-PROOF.pdf,yes,comments/A205830-A207389.md
A206997,31 August 2026,papers/4501-5000/4592-PROOF.pdf,yes,comments/A205830-A207389.md
A206998,31 August 2026,papers/3001-3500/3477-PROOF.pdf,yes,comments/A205830-A207389.md
A207001,31 August 2026,papers/4501-5000/4508-PROOF.pdf,yes,comments/A205830-A207389.md
A207002,31 August 2026,papers/3501-4000/3530-PROOF.pdf,yes,comments/A205830-A207389.md
A207008,3 September 2026,papers/8501-9000/8943-PROOF.pdf,yes,comments/A205830-A207389.md
A207009,3 September 2026,papers/7001-7500/7335-PROOF.pdf,yes,comments/A205830-A207389.md
A207010,3 September 2026,papers/5001-5500/5444-PROOF.pdf,yes,comments/A205830-A207389.md
A207011,3 September 2026,papers/3501-4000/3664-PROOF.pdf,yes,comments/A205830-A207389.md
A207020,6 September 2026,papers/2501-3000/2983-PROOF.pdf,yes,comments/A205830-A207389.md
A207025,31 August 2026,papers/7001-7500/7433-PROOF.pdf,yes,comments/A205830-A207389.md
A207026,31 August 2026,papers/6001-6500/6044-PROOF.pdf,yes,comments/A205830-A207389.md
A207027,31 August 2026,papers/5001-5500/5254-PROOF.pdf,yes,comments/A205830-A207389.md
A207028,31 August 2026,papers/4501-5000/4684-PROOF.pdf,yes,comments/A205830-A207389.md
A207029,31 August 2026,papers/4001-4500/4283-PROOF.pdf,yes,comments/A205830-A207389.md
A207030,31 August 2026,papers/3501-4000/3985-PROOF.pdf,yes,comments/A205830-A207389.md
A207043,2 September 2026,papers/8501-9000/8784-PROOF.pdf,yes,comments/A205830-A207389.md
A207044,2 September 2026,papers/8501-9000/8514-PROOF.pdf,yes,comments/A205830-A207389.md
A207045,2 September 2026,papers/8501-9000/8750-PROOF.pdf,yes,comments/A205830-A207389.md
A207046,2 September 2026,papers/9001-9500/9026-PROOF.pdf,yes,comments/A205830-A207389.md
A207047,7 September 2026,papers/9001-9500/9014-PROOF.pdf,yes,comments/A205830-A207389.md
A207064,1 September 2026,papers/2501-3000/2773-PROOF.pdf,yes,comments/A205830-A207389.md
A207065,1 September 2026,papers/2501-3000/2549-PROOF.pdf,yes,comments/A205830-A207389.md
A207066,1 September 2026,papers/2001-2500/2389-PROOF.pdf,yes,comments/A205830-A207389.md
A207067,1 September 2026,papers/2001-2500/2242-PROOF.pdf,yes,comments/A205830-A207389.md
A207069,31 August 2026,papers/7001-7500/7434-PROOF.pdf,yes,comments/A205830-A207389.md
A207070,31 August 2026,papers/5501-6000/5730-PROOF.pdf,yes,comments/A205830-A207389.md
A207071,31 August 2026,papers/4501-5000/4879-PROOF.pdf,yes,comments/A205830-A207389.md
A207072,31 August 2026,papers/4001-4500/4284-PROOF.pdf,yes,comments/A205830-A207389.md
A207073,31 August 2026,papers/3501-4000/3905-PROOF.pdf,yes,comments/A205830-A207389.md
A207074,31 August 2026,papers/3501-4000/3656-PROOF.pdf,yes,comments/A205830-A207389.md
A207083,31 August 2026,papers/8001-8500/8323-PROOF.pdf,yes,comments/A205830-A207389.md
A207085,31 August 2026,papers/4001-4500/4269-PROOF.pdf,yes,comments/A205830-A207389.md
A207086,31 August 2026,papers/3501-4000/3545-PROOF.pdf,yes,comments/A205830-A207389.md
A207089,31 August 2026,papers/7501-8000/7636-PROOF.pdf,yes,comments/A205830-A207389.md
A207090,31 August 2026,papers/4501-5000/4925-PROOF.pdf,yes,comments/A205830-A207389.md
A207091,31 August 2026,papers/3501-4000/3786-PROOF.pdf,yes,comments/A205830-A207389.md
A207106,6 September 2026,papers/3001-3500/3029-PROOF.pdf,yes,comments/A205830-A207389.md
A207107,6 September 2026,papers/2501-3000/2768-PROOF.pdf,yes,comments/A205830-A207389.md
A207108,1 September 2026,papers/2501-3000/2553-PROOF.pdf,yes,comments/A205830-A207389.md
A207109,1 September 2026,papers/2001-2500/2395-PROOF.pdf,yes,comments/A205830-A207389.md
A207110,1 September 2026,papers/2001-2500/2246-PROOF.pdf,yes,comments/A205830-A207389.md
A207112,31 August 2026,papers/6001-6500/6301-PROOF.pdf,yes,comments/A205830-A207389.md
A207113,31 August 2026,papers/5501-6000/5561-PROOF.pdf,yes,comments/A205830-A207389.md
A207114,31 August 2026,papers/4501-5000/4989-PROOF.pdf,yes,comments/A205830-A207389.md
A207115,31 August 2026,papers/4501-5000/4602-PROOF.pdf,yes,comments/A205830-A207389.md
A207116,31 August 2026,papers/4001-4500/4244-PROOF.pdf,yes,comments/A205830-A207389.md
A207118,31 August 2026,papers/7001-7500/7113-PROOF.pdf,yes,comments/A205830-A207389.md
A207119,31 August 2026,papers/6001-6500/6413-PROOF.pdf,yes,comments/A205830-A207389.md
A207120,31 August 2026,papers/5501-6000/5879-PROOF.pdf,yes,comments/A205830-A207389.md
A207121,31 August 2026,papers/5501-6000/5527-PROOF.pdf,yes,comments/A205830-A207389.md
A207122,31 August 2026,papers/5001-5500/5214-PROOF.pdf,yes,comments/A205830-A207389.md
A207124,31 August 2026,papers/5001-5500/5250-PROOF.pdf,yes,comments/A205830-A207389.md
A207125,31 August 2026,papers/4001-4500/4172-PROOF.pdf,yes,comments/A205830-A207389.md
A207126,31 August 2026,papers/3501-4000/3979-PROOF.pdf,yes,comments/A205830-A207389.md
A207127,31 August 2026,papers/3501-4000/3515-PROOF.pdf,yes,comments/A205830-A207389.md
A207142,2 September 2026,papers/9001-9500/9485-PROOF.pdf,yes,comments/A205830-A207389.md
A207143,2 September 2026,papers/9001-9500/9126-PROOF.pdf,yes,comments/A205830-A207389.md
A207144,2 September 2026,papers/9001-9500/9085-PROOF.pdf,yes,comments/A205830-A207389.md
A207145,2 September 2026,papers/9001-9500/9117-PROOF.pdf,yes,comments/A205830-A207389.md
A207146,2 September 2026,papers/9001-9500/9064-PROOF.pdf,yes,comments/A205830-A207389.md
A207165,6 September 2026,papers/2501-3000/2984-PROOF.pdf,yes,comments/A205830-A207389.md
A207166,1 September 2026,papers/2501-3000/2748-PROOF.pdf,yes,comments/A205830-A207389.md
A207167,1 September 2026,papers/2501-3000/2727-PROOF.pdf,yes,comments/A205830-A207389.md
A207168,1 September 2026,papers/2501-3000/2715-PROOF.pdf,yes,comments/A205830-A207389.md
A207170,31 August 2026,papers/8001-8500/8380-PROOF.pdf,yes,comments/A205830-A207389.md
A207171,31 August 2026,papers/7501-8000/7643-PROOF.pdf,yes,comments/A205830-A207389.md
A207172,31 August 2026,papers/7501-8000/7592-PROOF.pdf,yes,comments/A205830-A207389.md
A207173,31 August 2026,papers/7501-8000/7571-PROOF.pdf,yes,comments/A205830-A207389.md
A207174,31 August 2026,papers/7501-8000/7561-PROOF.pdf,yes,comments/A205830-A207389.md
A207175,31 August 2026,papers/7501-8000/7558-PROOF.pdf,yes,comments/A205830-A207389.md
A207177,31 August 2026,papers/7501-8000/7862-PROOF.pdf,yes,comments/A205830-A207389.md
A207178,31 August 2026,papers/5501-6000/5553-PROOF.pdf,yes,comments/A205830-A207389.md
A207179,31 August 2026,papers/3501-4000/3549-PROOF.pdf,yes,comments/A205830-A207389.md
A207183,31 August 2026,papers/5501-6000/5805-PROOF.pdf,yes,comments/A205830-A207389.md
A207184,31 August 2026,papers/4001-4500/4196-PROOF.pdf,yes,comments/A205830-A207389.md
A207185,31 August 2026,papers/3001-3500/3445-PROOF.pdf,yes,comments/A205830-A207389.md
A207196,3 September 2026,papers/4001-4500/4018-PROOF.pdf,yes,comments/A205830-A207389.md
A207216,3 September 2026,papers/3501-4000/3783-PROOF.pdf,yes,comments/A205830-A207389.md
A207223,3 September 2026,papers/4001-4500/4405-PROOF.pdf,yes,comments/A205830-A207389.md
A207230,3 September 2026,papers/5001-5500/5445-PROOF.pdf,yes,comments/A205830-A207389.md
A207231,3 September 2026,papers/4001-4500/4437-PROOF.pdf,yes,comments/A205830-A207389.md
A207237,31 August 2026,papers/6501-7000/6800-PROOF.pdf,yes,comments/A205830-A207389.md
A207238,31 August 2026,papers/4501-5000/4817-PROOF.pdf,yes,comments/A205830-A207389.md
A207239,31 August 2026,papers/3001-3500/3466-PROOF.pdf,yes,comments/A205830-A207389.md
A207243,31 August 2026,papers/6001-6500/6302-PROOF.pdf,yes,comments/A205830-A207389.md
A207244,31 August 2026,papers/5001-5500/5251-PROOF.pdf,yes,comments/A205830-A207389.md
A207245,31 August 2026,papers/4001-4500/4167-PROOF.pdf,yes,comments/A205830-A207389.md
A207246,31 August 2026,papers/3501-4000/3633-PROOF.pdf,yes,comments/A205830-A207389.md
A207247,31 August 2026,papers/3001-3500/3453-PROOF.pdf,yes,comments/A205830-A207389.md
A207249,31 August 2026,papers/7501-8000/7869-PROOF.pdf,yes,comments/A205830-A207389.md
A207250,31 August 2026,papers/7001-7500/7358-PROOF.pdf,yes,comments/A205830-A207389.md
A207251,31 August 2026,papers/6501-7000/6744-PROOF.pdf,yes,comments/A205830-A207389.md
A207252,31 August 2026,papers/6001-6500/6402-PROOF.pdf,yes,comments/A205830-A207389.md
A207253,31 August 2026,papers/5501-6000/5880-PROOF.pdf,yes,comments/A205830-A207389.md
A207255,1 September 2026,papers/2501-3000/2765-PROOF.pdf,yes,comments/A205830-A207389.md
A207256,1 September 2026,papers/2501-3000/2532-PROOF.pdf,yes,comments/A205830-A207389.md
A207257,1 September 2026,papers/2001-2500/2380-PROOF.pdf,yes,comments/A205830-A207389.md
A207258,1 September 2026,papers/2001-2500/2233-PROOF.pdf,yes,comments/A205830-A207389.md
A207264,31 August 2026,papers/6501-7000/6801-PROOF.pdf,yes,comments/A205830-A207389.md
A207265,31 August 2026,papers/5001-5500/5183-PROOF.pdf,yes,comments/A205830-A207389.md
A207266,31 August 2026,papers/4501-5000/4505-PROOF.pdf,yes,comments/A205830-A207389.md
A207267,31 August 2026,papers/4001-4500/4234-PROOF.pdf,yes,comments/A205830-A207389.md
A207268,31 August 2026,papers/3501-4000/3804-PROOF.pdf,yes,comments/A205830-A207389.md
A207270,31 August 2026,papers/6001-6500/6045-PROOF.pdf,yes,comments/A205830-A207389.md
A207271,31 August 2026,papers/4501-5000/4874-PROOF.pdf,yes,comments/A205830-A207389.md
A207272,31 August 2026,papers/4001-4500/4024-PROOF.pdf,yes,comments/A205830-A207389.md
A207273,31 August 2026,papers/3501-4000/3602-PROOF.pdf,yes,comments/A205830-A207389.md
A207274,31 August 2026,papers/3001-3500/3436-PROOF.pdf,yes,comments/A205830-A207389.md
A207276,3 September 2026,papers/8501-9000/8600-PROOF.pdf,yes,comments/A205830-A207389.md
A207277,3 September 2026,papers/6501-7000/6561-PROOF.pdf,yes,comments/A205830-A207389.md
A207285,3 September 2026,papers/3501-4000/3800-PROOF.pdf,yes,comments/A205830-A207389.md
A207296,3 September 2026,papers/2001-2500/2492-PROOF.pdf,yes,comments/A205830-A207389.md
A207297,3 September 2026,papers/1501-2000/1800-PROOF.pdf,yes,comments/A205830-A207389.md
A207302,1 September 2026,papers/2501-3000/2749-PROOF.pdf,yes,comments/A205830-A207389.md
A207303,1 September 2026,papers/2501-3000/2528-PROOF.pdf,yes,comments/A205830-A207389.md
A207304,1 September 2026,papers/2501-3000/2512-PROOF.pdf,yes,comments/A205830-A207389.md
A207306,31 August 2026,papers/8001-8500/8077-PROOF.pdf,yes,comments/A205830-A207389.md
A207307,31 August 2026,papers/6501-7000/6900-PROOF.pdf,yes,comments/A205830-A207389.md
A207308,31 August 2026,papers/6001-6500/6245-PROOF.pdf,yes,comments/A205830-A207389.md
A207309,31 August 2026,papers/5501-6000/5806-PROOF.pdf,yes,comments/A205830-A207389.md
A207310,31 August 2026,papers/5001-5500/5460-PROOF.pdf,yes,comments/A205830-A207389.md
A207312,3 September 2026,papers/5501-6000/5690-PROOF.pdf,yes,comments/A205830-A207389.md
A207313,3 September 2026,papers/3501-4000/3816-PROOF.pdf,yes,comments/A205830-A207389.md
A207341,31 August 2026,papers/7001-7500/7415-PROOF.pdf,yes,comments/A205830-A207389.md
A207342,31 August 2026,papers/4001-4500/4213-PROOF.pdf,yes,comments/A205830-A207389.md
A207343,31 August 2026,papers/3501-4000/3542-PROOF.pdf,yes,comments/A205830-A207389.md
A207347,31 August 2026,papers/8001-8500/8338-PROOF.pdf,yes,comments/A205830-A207389.md
A207348,31 August 2026,papers/5001-5500/5329-PROOF.pdf,yes,comments/A205830-A207389.md
A207349,31 August 2026,papers/3501-4000/3551-PROOF.pdf,yes,comments/A205830-A207389.md
A207363,31 August 2026,papers/7501-8000/7870-PROOF.pdf,yes,comments/A205830-A207389.md
A207364,31 August 2026,papers/7001-7500/7041-PROOF.pdf,yes,comments/A205830-A207389.md
A207365,31 August 2026,papers/6001-6500/6399-PROOF.pdf,yes,comments/A205830-A207389.md
A207366,31 August 2026,papers/6001-6500/6369-PROOF.pdf,yes,comments/A205830-A207389.md
A207367,31 August 2026,papers/5501-6000/5862-PROOF.pdf,yes,comments/A205830-A207389.md
A207369,31 August 2026,papers/5001-5500/5468-PROOF.pdf,yes,comments/A205830-A207389.md
A207370,31 August 2026,papers/4501-5000/4871-PROOF.pdf,yes,comments/A205830-A207389.md
A207371,31 August 2026,papers/4501-5000/4546-PROOF.pdf,yes,comments/A205830-A207389.md
A207372,31 August 2026,papers/4001-4500/4152-PROOF.pdf,yes,comments/A205830-A207389.md
A207388,1 September 2026,papers/2501-3000/2550-PROOF.pdf,yes,comments/A205830-A207389.md
A207389,1 September 2026,papers/2001-2500/2390-PROOF.pdf,yes,comments/A205830-A207389.md
A207390,1 September 2026,papers/2001-2500/2243-PROOF.pdf,yes,comments/A207390-A208404.md
A207392,31 August 2026,papers/6501-7000/6653-PROOF.pdf,yes,comments/A207390-A208404.md
A207393,31 August 2026,papers/5501-6000/5720-PROOF.pdf,yes,comments/A207390-A208404.md
A207394,31 August 2026,papers/5001-5500/5248-PROOF.pdf,yes,comments/A207390-A208404.md
A207395,31 August 2026,papers/4501-5000/4872-PROOF.pdf,yes,comments/A207390-A208404.md
A207396,31 August 2026,papers/4501-5000/4566-PROOF.pdf,yes,comments/A207390-A208404.md
A207399,1 September 2026,papers/2501-3000/2774-PROOF.pdf,yes,comments/A207390-A208404.md
A207400,1 September 2026,papers/2501-3000/2565-PROOF.pdf,yes,comments/A207390-A208404.md
A207401,1 September 2026,papers/2001-2500/2398-PROOF.pdf,yes,comments/A207390-A208404.md
A207402,1 September 2026,papers/2001-2500/2253-PROOF.pdf,yes,comments/A207390-A208404.md
A207404,31 August 2026,papers/6001-6500/6427-PROOF.pdf,yes,comments/A207390-A208404.md
A207405,31 August 2026,papers/5501-6000/5888-PROOF.pdf,yes,comments/A207390-A208404.md
A207406,31 August 2026,papers/5501-6000/5555-PROOF.pdf,yes,comments/A207390-A208404.md
A207407,31 August 2026,papers/5001-5500/5243-PROOF.pdf,yes,comments/A207390-A208404.md
A207414,31 August 2026,papers/6001-6500/6481-PROOF.pdf,yes,comments/A207390-A208404.md
A207415,31 August 2026,papers/5001-5500/5469-PROOF.pdf,yes,comments/A207390-A208404.md
A207416,31 August 2026,papers/4001-4500/4282-PROOF.pdf,yes,comments/A207390-A208404.md
A207417,31 August 2026,papers/3501-4000/3558-PROOF.pdf,yes,comments/A207390-A208404.md
A207421,31 August 2026,papers/5501-6000/5934-PROOF.pdf,yes,comments/A207390-A208404.md
A207422,31 August 2026,papers/6501-7000/6593-PROOF.pdf,yes,comments/A207390-A208404.md
A207423,31 August 2026,papers/3501-4000/3563-PROOF.pdf,yes,comments/A207390-A208404.md
A207427,31 August 2026,papers/5501-6000/5570-PROOF.pdf,yes,comments/A207390-A208404.md
A207428,31 August 2026,papers/3501-4000/3777-PROOF.pdf,yes,comments/A207390-A208404.md
A207436,31 August 2026,papers/8001-8500/8381-PROOF.pdf,yes,comments/A207390-A208404.md
A207437,31 August 2026,papers/7501-8000/7644-PROOF.pdf,yes,comments/A207390-A208404.md
A207438,31 August 2026,papers/6001-6500/6248-PROOF.pdf,yes,comments/A207390-A208404.md
A207439,31 August 2026,papers/4501-5000/4922-PROOF.pdf,yes,comments/A207390-A208404.md
A207440,31 August 2026,papers/3501-4000/3974-PROOF.pdf,yes,comments/A207390-A208404.md
A207441,31 August 2026,papers/3001-3500/3446-PROOF.pdf,yes,comments/A207390-A208404.md
A207443,31 August 2026,papers/5501-6000/5830-PROOF.pdf,yes,comments/A207390-A208404.md
A207444,31 August 2026,papers/4501-5000/4818-PROOF.pdf,yes,comments/A207390-A208404.md
A207445,31 August 2026,papers/3001-3500/3458-PROOF.pdf,yes,comments/A207390-A208404.md
A207449,6 September 2026,papers/2501-3000/2978-PROOF.pdf,yes,comments/A207390-A208404.md
A207450,6 September 2026,papers/2501-3000/2940-PROOF.pdf,yes,comments/A207390-A208404.md
A207451,1 September 2026,papers/2501-3000/2718-PROOF.pdf,yes,comments/A207390-A208404.md
A207452,1 September 2026,papers/2501-3000/2703-PROOF.pdf,yes,comments/A207390-A208404.md
A207454,31 August 2026,papers/8501-9000/8847-PROOF.pdf,yes,comments/A207390-A208404.md
A207455,31 August 2026,papers/8501-9000/8812-PROOF.pdf,yes,comments/A207390-A208404.md
A207456,31 August 2026,papers/8501-9000/8777-PROOF.pdf,yes,comments/A207390-A208404.md
A207457,31 August 2026,papers/8501-9000/8774-PROOF.pdf,yes,comments/A207390-A208404.md
A207458,31 August 2026,papers/8501-9000/8772-PROOF.pdf,yes,comments/A207390-A208404.md
A207462,31 August 2026,papers/7001-7500/7114-PROOF.pdf,yes,comments/A207390-A208404.md
A207463,31 August 2026,papers/4001-4500/4174-PROOF.pdf,yes,comments/A207390-A208404.md
A207464,31 August 2026,papers/3001-3500/3470-PROOF.pdf,yes,comments/A207390-A208404.md
A207468,31 August 2026,papers/4501-5000/4815-PROOF.pdf,yes,comments/A207390-A208404.md
A207469,31 August 2026,papers/3501-4000/3593-PROOF.pdf,yes,comments/A207390-A208404.md
A207483,31 August 2026,papers/7501-8000/7645-PROOF.pdf,yes,comments/A207390-A208404.md
A207484,31 August 2026,papers/6001-6500/6013-PROOF.pdf,yes,comments/A207390-A208404.md
A207485,31 August 2026,papers/5001-5500/5050-PROOF.pdf,yes,comments/A207390-A208404.md
A207486,31 August 2026,papers/4001-4500/4068-PROOF.pdf,yes,comments/A207390-A208404.md
A207487,31 August 2026,papers/3001-3500/3490-PROOF.pdf,yes,comments/A207390-A208404.md
A207489,31 August 2026,papers/5501-6000/5715-PROOF.pdf,yes,comments/A207390-A208404.md
A207490,31 August 2026,papers/4001-4500/4420-PROOF.pdf,yes,comments/A207390-A208404.md
A207491,31 August 2026,papers/3501-4000/3827-PROOF.pdf,yes,comments/A207390-A208404.md
A207495,31 August 2026,papers/8001-8500/8078-PROOF.pdf,yes,comments/A207390-A208404.md
A207496,31 August 2026,papers/6001-6500/6249-PROOF.pdf,yes,comments/A207390-A208404.md
A207497,31 August 2026,papers/4501-5000/4870-PROOF.pdf,yes,comments/A207390-A208404.md
A207498,31 August 2026,papers/3501-4000/3919-PROOF.pdf,yes,comments/A207390-A208404.md
A207499,31 August 2026,papers/3501-4000/3513-PROOF.pdf,yes,comments/A207390-A208404.md
A207501,31 August 2026,papers/5501-6000/5716-PROOF.pdf,yes,comments/A207390-A208404.md
A207502,31 August 2026,papers/4501-5000/4641-PROOF.pdf,yes,comments/A207390-A208404.md
A207503,31 August 2026,papers/4001-4500/4151-PROOF.pdf,yes,comments/A207390-A208404.md
A207504,31 August 2026,papers/3501-4000/3546-PROOF.pdf,yes,comments/A207390-A208404.md
A207509,31 August 2026,papers/7001-7500/7416-PROOF.pdf,yes,comments/A207390-A208404.md
A207510,31 August 2026,papers/5001-5500/5252-PROOF.pdf,yes,comments/A207390-A208404.md
A207511,31 August 2026,papers/4001-4500/4421-PROOF.pdf,yes,comments/A207390-A208404.md
A207512,31 August 2026,papers/4001-4500/4019-PROOF.pdf,yes,comments/A207390-A208404.md
A207513,31 August 2026,papers/3501-4000/3859-PROOF.pdf,yes,comments/A207390-A208404.md
A207520,31 August 2026,papers/4001-4500/4423-PROOF.pdf,yes,comments/A207390-A208404.md
A207521,31 August 2026,papers/3501-4000/3538-PROOF.pdf,yes,comments/A207390-A208404.md
A207545,3 September 2026,papers/5001-5500/5372-PROOF.pdf,yes,comments/A207390-A208404.md
A207546,3 September 2026,papers/3501-4000/3534-PROOF.pdf,yes,comments/A207390-A208404.md
A207551,3 September 2026,papers/5001-5500/5441-PROOF.pdf,yes,comments/A207390-A208404.md
A207552,3 September 2026,papers/3501-4000/3509-PROOF.pdf,yes,comments/A207390-A208404.md
A207559,31 August 2026,papers/7501-8000/7646-PROOF.pdf,yes,comments/A207390-A208404.md
A207560,31 August 2026,papers/6501-7000/6889-PROOF.pdf,yes,comments/A207390-A208404.md
A207561,31 August 2026,papers/5501-6000/5626-PROOF.pdf,yes,comments/A207390-A208404.md
A207562,31 August 2026,papers/4501-5000/4794-PROOF.pdf,yes,comments/A207390-A208404.md
A207563,31 August 2026,papers/4001-4500/4084-PROOF.pdf,yes,comments/A207390-A208404.md
A207565,31 August 2026,papers/6001-6500/6414-PROOF.pdf,yes,comments/A207390-A208404.md
A207566,31 August 2026,papers/5001-5500/5461-PROOF.pdf,yes,comments/A207390-A208404.md
A207567,31 August 2026,papers/5001-5500/5446-PROOF.pdf,yes,comments/A207390-A208404.md
A207568,31 August 2026,papers/4501-5000/4661-PROOF.pdf,yes,comments/A207390-A208404.md
A207584,31 August 2026,papers/7001-7500/7115-PROOF.pdf,yes,comments/A207390-A208404.md
A207585,31 August 2026,papers/4501-5000/4754-PROOF.pdf,yes,comments/A207390-A208404.md
A207586,31 August 2026,papers/4001-4500/4199-PROOF.pdf,yes,comments/A207390-A208404.md
A207590,31 August 2026,papers/9001-9500/9260-PROOF.pdf,yes,comments/A207390-A208404.md
A207591,31 August 2026,papers/8001-8500/8269-PROOF.pdf,yes,comments/A207390-A208404.md
A207592,31 August 2026,papers/8001-8500/8014-PROOF.pdf,yes,comments/A207390-A208404.md
A207593,31 August 2026,papers/7501-8000/7529-PROOF.pdf,yes,comments/A207390-A208404.md
A207594,31 August 2026,papers/6501-7000/6706-PROOF.pdf,yes,comments/A207390-A208404.md
A207596,6 September 2026,papers/2501-3000/2954-PROOF.pdf,yes,comments/A207390-A208404.md
A207597,1 September 2026,papers/2501-3000/2719-PROOF.pdf,yes,comments/A207390-A208404.md
A207598,1 September 2026,papers/2501-3000/2705-PROOF.pdf,yes,comments/A207390-A208404.md
A207600,3 September 2026,papers/6501-7000/6799-PROOF.pdf,yes,comments/A207390-A208404.md
A207601,31 August 2026,papers/6501-7000/6758-PROOF.pdf,yes,comments/A207390-A208404.md
A207602,31 August 2026,papers/6501-7000/6745-PROOF.pdf,yes,comments/A207390-A208404.md
A207603,31 August 2026,papers/6501-7000/6737-PROOF.pdf,yes,comments/A207390-A208404.md
A207604,31 August 2026,papers/6501-7000/6734-PROOF.pdf,yes,comments/A207390-A208404.md
A207656,31 August 2026,papers/9001-9500/9122-PROOF.pdf,yes,comments/A207390-A208404.md
A207657,31 August 2026,papers/6501-7000/6589-PROOF.pdf,yes,comments/A207390-A208404.md
A207658,31 August 2026,papers/4501-5000/4594-PROOF.pdf,yes,comments/A207390-A208404.md
A207659,31 August 2026,papers/3501-4000/3762-PROOF.pdf,yes,comments/A207390-A208404.md
A207662,31 August 2026,papers/5001-5500/5395-PROOF.pdf,yes,comments/A207390-A208404.md
A207663,31 August 2026,papers/3501-4000/3903-PROOF.pdf,yes,comments/A207390-A208404.md
A207664,31 August 2026,papers/3501-4000/3514-PROOF.pdf,yes,comments/A207390-A208404.md
A207678,31 August 2026,papers/5501-6000/5635-PROOF.pdf,yes,comments/A207390-A208404.md
A207679,31 August 2026,papers/5001-5500/5324-PROOF.pdf,yes,comments/A207390-A208404.md
A207680,31 August 2026,papers/4001-4500/4369-PROOF.pdf,yes,comments/A207390-A208404.md
A207681,31 August 2026,papers/4001-4500/4042-PROOF.pdf,yes,comments/A207390-A208404.md
A207683,31 August 2026,papers/8001-8500/8339-PROOF.pdf,yes,comments/A207390-A208404.md
A207684,31 August 2026,papers/5501-6000/5560-PROOF.pdf,yes,comments/A207390-A208404.md
A207685,31 August 2026,papers/4001-4500/4467-PROOF.pdf,yes,comments/A207390-A208404.md
A207686,31 August 2026,papers/3501-4000/3720-PROOF.pdf,yes,comments/A207390-A208404.md
A207689,31 August 2026,papers/8001-8500/8270-PROOF.pdf,yes,comments/A207390-A208404.md
A207690,31 August 2026,papers/5001-5500/5319-PROOF.pdf,yes,comments/A207390-A208404.md
A207691,31 August 2026,papers/4001-4500/4318-PROOF.pdf,yes,comments/A207390-A208404.md
A207694,31 August 2026,papers/8501-9000/8848-PROOF.pdf,yes,comments/A207390-A208404.md
A207695,31 August 2026,papers/4501-5000/4757-PROOF.pdf,yes,comments/A207390-A208404.md
A207696,31 August 2026,papers/4001-4500/4170-PROOF.pdf,yes,comments/A207390-A208404.md
A207697,31 August 2026,papers/3501-4000/3550-PROOF.pdf,yes,comments/A207390-A208404.md
A207700,31 August 2026,papers/8001-8500/8245-PROOF.pdf,yes,comments/A207390-A208404.md
A207701,31 August 2026,papers/7501-8000/7971-PROOF.pdf,yes,comments/A207390-A208404.md
A207702,31 August 2026,papers/7501-8000/7729-PROOF.pdf,yes,comments/A207390-A208404.md
A207704,31 August 2026,papers/6001-6500/6482-PROOF.pdf,yes,comments/A207390-A208404.md
A207705,31 August 2026,papers/5001-5500/5477-PROOF.pdf,yes,comments/A207390-A208404.md
A207706,31 August 2026,papers/4501-5000/4755-PROOF.pdf,yes,comments/A207390-A208404.md
A207707,31 August 2026,papers/4001-4500/4173-PROOF.pdf,yes,comments/A207390-A208404.md
A207708,31 August 2026,papers/3501-4000/3774-PROOF.pdf,yes,comments/A207390-A208404.md
A207712,31 August 2026,papers/7501-8000/7647-PROOF.pdf,yes,comments/A207390-A208404.md
A207713,31 August 2026,papers/6001-6500/6123-PROOF.pdf,yes,comments/A207390-A208404.md
A207714,31 August 2026,papers/5001-5500/5310-PROOF.pdf,yes,comments/A207390-A208404.md
A207715,31 August 2026,papers/3501-4000/3971-PROOF.pdf,yes,comments/A207390-A208404.md
A207716,31 August 2026,papers/3501-4000/3573-PROOF.pdf,yes,comments/A207390-A208404.md
A207718,31 August 2026,papers/8501-9000/8581-PROOF.pdf,yes,comments/A207390-A208404.md
A207719,31 August 2026,papers/8501-9000/8526-PROOF.pdf,yes,comments/A207390-A208404.md
A207720,31 August 2026,papers/7001-7500/7325-PROOF.pdf,yes,comments/A207390-A208404.md
A207721,31 August 2026,papers/7001-7500/7016-PROOF.pdf,yes,comments/A207390-A208404.md
A207722,31 August 2026,papers/5501-6000/5769-PROOF.pdf,yes,comments/A207390-A208404.md
A207725,31 August 2026,papers/7001-7500/7339-PROOF.pdf,yes,comments/A207390-A208404.md
A207726,31 August 2026,papers/6001-6500/6001-PROOF.pdf,yes,comments/A207390-A208404.md
A207727,31 August 2026,papers/5001-5500/5031-PROOF.pdf,yes,comments/A207390-A208404.md
A207728,31 August 2026,papers/5001-5500/5020-PROOF.pdf,yes,comments/A207390-A208404.md
A207730,31 August 2026,papers/7501-8000/7648-PROOF.pdf,yes,comments/A207390-A208404.md
A207731,31 August 2026,papers/6001-6500/6415-PROOF.pdf,yes,comments/A207390-A208404.md
A207732,31 August 2026,papers/6001-6500/6395-PROOF.pdf,yes,comments/A207390-A208404.md
A207733,31 August 2026,papers/6001-6500/6366-PROOF.pdf,yes,comments/A207390-A208404.md
A207734,31 August 2026,papers/6001-6500/6353-PROOF.pdf,yes,comments/A207390-A208404.md
A207737,31 August 2026,papers/8001-8500/8271-PROOF.pdf,yes,comments/A207390-A208404.md
A207738,31 August 2026,papers/5501-6000/5797-PROOF.pdf,yes,comments/A207390-A208404.md
A207739,31 August 2026,papers/5001-5500/5217-PROOF.pdf,yes,comments/A207390-A208404.md
A207740,31 August 2026,papers/3501-4000/3694-PROOF.pdf,yes,comments/A207390-A208404.md
A207742,31 August 2026,papers/5001-5500/5470-PROOF.pdf,yes,comments/A207390-A208404.md
A207747,31 August 2026,papers/7001-7500/7242-PROOF.pdf,yes,comments/A207390-A208404.md
A207748,31 August 2026,papers/6501-7000/6890-PROOF.pdf,yes,comments/A207390-A208404.md
A207749,31 August 2026,papers/5501-6000/5629-PROOF.pdf,yes,comments/A207390-A208404.md
A207750,31 August 2026,papers/5001-5500/5378-PROOF.pdf,yes,comments/A207390-A208404.md
A207751,31 August 2026,papers/4501-5000/4542-PROOF.pdf,yes,comments/A207390-A208404.md
A207753,31 August 2026,papers/7001-7500/7042-PROOF.pdf,yes,comments/A207390-A208404.md
A207754,31 August 2026,papers/6001-6500/6396-PROOF.pdf,yes,comments/A207390-A208404.md
A207755,31 August 2026,papers/6001-6500/6365-PROOF.pdf,yes,comments/A207390-A208404.md
A207756,31 August 2026,papers/5501-6000/5855-PROOF.pdf,yes,comments/A207390-A208404.md
A207758,31 August 2026,papers/5501-6000/5636-PROOF.pdf,yes,comments/A207390-A208404.md
A207759,31 August 2026,papers/5001-5500/5181-PROOF.pdf,yes,comments/A207390-A208404.md
A207760,31 August 2026,papers/4501-5000/4626-PROOF.pdf,yes,comments/A207390-A208404.md
A207761,31 August 2026,papers/3501-4000/3944-PROOF.pdf,yes,comments/A207390-A208404.md
A207763,31 August 2026,papers/7001-7500/7116-PROOF.pdf,yes,comments/A207390-A208404.md
A207764,31 August 2026,papers/6001-6500/6250-PROOF.pdf,yes,comments/A207390-A208404.md
A207765,31 August 2026,papers/5501-6000/5627-PROOF.pdf,yes,comments/A207390-A208404.md
A207766,31 August 2026,papers/5001-5500/5168-PROOF.pdf,yes,comments/A207390-A208404.md
A207767,31 August 2026,papers/4501-5000/4790-PROOF.pdf,yes,comments/A207390-A208404.md
A207769,31 August 2026,papers/8001-8500/8340-PROOF.pdf,yes,comments/A207390-A208404.md
A207770,31 August 2026,papers/5501-6000/5557-PROOF.pdf,yes,comments/A207390-A208404.md
A207771,31 August 2026,papers/3501-4000/3828-PROOF.pdf,yes,comments/A207390-A208404.md
A207772,31 August 2026,papers/3501-4000/3566-PROOF.pdf,yes,comments/A207390-A208404.md
A207775,31 August 2026,papers/3501-4000/3540-PROOF.pdf,yes,comments/A207390-A208404.md
A207781,31 August 2026,papers/5001-5500/5333-PROOF.pdf,yes,comments/A207390-A208404.md
A207782,31 August 2026,papers/4501-5000/4506-PROOF.pdf,yes,comments/A207390-A208404.md
A207783,31 August 2026,papers/3501-4000/3882-PROOF.pdf,yes,comments/A207390-A208404.md
A207786,31 August 2026,papers/5001-5500/5253-PROOF.pdf,yes,comments/A207390-A208404.md
A207787,31 August 2026,papers/4501-5000/4644-PROOF.pdf,yes,comments/A207390-A208404.md
A207788,31 August 2026,papers/3501-4000/3918-PROOF.pdf,yes,comments/A207390-A208404.md
A207789,31 August 2026,papers/3501-4000/3644-PROOF.pdf,yes,comments/A207390-A208404.md
A207792,2 September 2026,papers/8001-8500/8495-PROOF.pdf,yes,comments/A207390-A208404.md
A207793,2 September 2026,papers/7001-7500/7278-PROOF.pdf,yes,comments/A207390-A208404.md
A207794,2 September 2026,papers/3501-4000/3506-PROOF.pdf,yes,comments/A207390-A208404.md
A207804,31 August 2026,papers/5001-5500/5393-PROOF.pdf,yes,comments/A207390-A208404.md
A207805,31 August 2026,papers/4001-4500/4371-PROOF.pdf,yes,comments/A207390-A208404.md
A207810,31 August 2026,papers/7001-7500/7306-PROOF.pdf,yes,comments/A207390-A208404.md
A207811,31 August 2026,papers/6001-6500/6359-PROOF.pdf,yes,comments/A207390-A208404.md
A207812,31 August 2026,papers/5501-6000/5517-PROOF.pdf,yes,comments/A207390-A208404.md
A207840,31 August 2026,papers/8001-8500/8341-PROOF.pdf,yes,comments/A207390-A208404.md
A207841,31 August 2026,papers/6001-6500/6124-PROOF.pdf,yes,comments/A207390-A208404.md
A207842,31 August 2026,papers/5501-6000/5693-PROOF.pdf,yes,comments/A207390-A208404.md
A207843,31 August 2026,papers/3501-4000/3858-PROOF.pdf,yes,comments/A207390-A208404.md
A207844,31 August 2026,papers/3001-3500/3443-PROOF.pdf,yes,comments/A207390-A208404.md
A207846,31 August 2026,papers/9001-9500/9261-PROOF.pdf,yes,comments/A207390-A208404.md
A207847,31 August 2026,papers/8501-9000/8778-PROOF.pdf,yes,comments/A207390-A208404.md
A207848,31 August 2026,papers/7501-8000/7767-PROOF.pdf,yes,comments/A207390-A208404.md
A207849,31 August 2026,papers/7001-7500/7014-PROOF.pdf,yes,comments/A207390-A208404.md
A207850,31 August 2026,papers/5501-6000/5852-PROOF.pdf,yes,comments/A207390-A208404.md
A207854,31 August 2026,papers/7001-7500/7340-PROOF.pdf,yes,comments/A207390-A208404.md
A207855,31 August 2026,papers/4001-4500/4079-PROOF.pdf,yes,comments/A207390-A208404.md
A207856,31 August 2026,papers/3001-3500/3468-PROOF.pdf,yes,comments/A207390-A208404.md
A207859,31 August 2026,papers/4501-5000/4756-PROOF.pdf,yes,comments/A207390-A208404.md
A207875,31 August 2026,papers/7001-7500/7043-PROOF.pdf,yes,comments/A207390-A208404.md
A207876,31 August 2026,papers/6501-7000/6736-PROOF.pdf,yes,comments/A207390-A208404.md
A207877,31 August 2026,papers/5001-5500/5302-PROOF.pdf,yes,comments/A207390-A208404.md
A207878,31 August 2026,papers/4501-5000/4848-PROOF.pdf,yes,comments/A207390-A208404.md
A207881,31 August 2026,papers/6501-7000/6594-PROOF.pdf,yes,comments/A207390-A208404.md
A207882,31 August 2026,papers/5501-6000/5710-PROOF.pdf,yes,comments/A207390-A208404.md
A207883,31 August 2026,papers/4501-5000/4969-PROOF.pdf,yes,comments/A207390-A208404.md
A207884,31 August 2026,papers/4001-4500/4192-PROOF.pdf,yes,comments/A207390-A208404.md
A207886,31 August 2026,papers/6501-7000/6595-PROOF.pdf,yes,comments/A207390-A208404.md
A207887,31 August 2026,papers/4501-5000/4923-PROOF.pdf,yes,comments/A207390-A208404.md
A207888,31 August 2026,papers/4001-4500/4092-PROOF.pdf,yes,comments/A207390-A208404.md
A207892,31 August 2026,papers/4001-4500/4245-PROOF.pdf,yes,comments/A207390-A208404.md
A207896,31 August 2026,papers/8501-9000/8582-PROOF.pdf,yes,comments/A207390-A208404.md
A207897,31 August 2026,papers/6001-6500/6246-PROOF.pdf,yes,comments/A207390-A208404.md
A207898,31 August 2026,papers/4001-4500/4237-PROOF.pdf,yes,comments/A207390-A208404.md
A207903,31 August 2026,papers/6501-7000/6802-PROOF.pdf,yes,comments/A207390-A208404.md
A207904,31 August 2026,papers/6501-7000/6596-PROOF.pdf,yes,comments/A207390-A208404.md
A207905,31 August 2026,papers/4501-5000/4869-PROOF.pdf,yes,comments/A207390-A208404.md
A207906,31 August 2026,papers/4001-4500/4043-PROOF.pdf,yes,comments/A207390-A208404.md
A207907,31 August 2026,papers/3501-4000/3521-PROOF.pdf,yes,comments/A207390-A208404.md
A207909,31 August 2026,papers/5001-5500/5471-PROOF.pdf,yes,comments/A207390-A208404.md
A207914,31 August 2026,papers/5001-5500/5184-PROOF.pdf,yes,comments/A207390-A208404.md
A207915,31 August 2026,papers/4001-4500/4128-PROOF.pdf,yes,comments/A207390-A208404.md
A207919,31 August 2026,papers/5501-6000/5809-PROOF.pdf,yes,comments/A207390-A208404.md
A207920,31 August 2026,papers/4501-5000/4737-PROOF.pdf,yes,comments/A207390-A208404.md
A207921,31 August 2026,papers/3501-4000/3600-PROOF.pdf,yes,comments/A207390-A208404.md
A207924,31 August 2026,papers/8001-8500/8272-PROOF.pdf,yes,comments/A207390-A208404.md
A207925,31 August 2026,papers/5001-5500/5320-PROOF.pdf,yes,comments/A207390-A208404.md
A207926,31 August 2026,papers/4001-4500/4319-PROOF.pdf,yes,comments/A207390-A208404.md
A207927,31 August 2026,papers/3001-3500/3427-PROOF.pdf,yes,comments/A207390-A208404.md
A207929,31 August 2026,papers/8501-9000/8849-PROOF.pdf,yes,comments/A207390-A208404.md
A207930,31 August 2026,papers/6501-7000/6746-PROOF.pdf,yes,comments/A207390-A208404.md
A207931,31 August 2026,papers/3501-4000/3896-PROOF.pdf,yes,comments/A207390-A208404.md
A207935,31 August 2026,papers/8001-8500/8251-PROOF.pdf,yes,comments/A207390-A208404.md
A207936,31 August 2026,papers/7501-8000/7973-PROOF.pdf,yes,comments/A207390-A208404.md
A207937,31 August 2026,papers/7501-8000/7733-PROOF.pdf,yes,comments/A207390-A208404.md
A207939,31 August 2026,papers/7501-8000/7649-PROOF.pdf,yes,comments/A207390-A208404.md
A207940,31 August 2026,papers/7001-7500/7052-PROOF.pdf,yes,comments/A207390-A208404.md
A207941,31 August 2026,papers/6501-7000/6590-PROOF.pdf,yes,comments/A207390-A208404.md
A207942,31 August 2026,papers/6001-6500/6118-PROOF.pdf,yes,comments/A207390-A208404.md
A207943,31 August 2026,papers/5501-6000/5799-PROOF.pdf,yes,comments/A207390-A208404.md
A207946,31 August 2026,papers/5501-6000/5881-PROOF.pdf,yes,comments/A207390-A208404.md
A207947,31 August 2026,papers/6501-7000/6565-PROOF.pdf,yes,comments/A207390-A208404.md
A207948,31 August 2026,papers/4501-5000/4795-PROOF.pdf,yes,comments/A207390-A208404.md
A207950,31 August 2026,papers/6001-6500/6411-PROOF.pdf,yes,comments/A207390-A208404.md
A207951,31 August 2026,papers/5501-6000/5870-PROOF.pdf,yes,comments/A207390-A208404.md
A207952,31 August 2026,papers/5501-6000/5525-PROOF.pdf,yes,comments/A207390-A208404.md
A207953,31 August 2026,papers/5001-5500/5210-PROOF.pdf,yes,comments/A207390-A208404.md
A207956,31 August 2026,papers/6501-7000/6597-PROOF.pdf,yes,comments/A207390-A208404.md
A207957,31 August 2026,papers/5501-6000/5711-PROOF.pdf,yes,comments/A207390-A208404.md
A207958,31 August 2026,papers/4501-5000/4593-PROOF.pdf,yes,comments/A207390-A208404.md
A207959,31 August 2026,papers/3501-4000/3599-PROOF.pdf,yes,comments/A207390-A208404.md
A207961,31 August 2026,papers/7001-7500/7117-PROOF.pdf,yes,comments/A207390-A208404.md
A207962,31 August 2026,papers/7001-7500/7044-PROOF.pdf,yes,comments/A207390-A208404.md
A207963,31 August 2026,papers/5001-5500/5049-PROOF.pdf,yes,comments/A207390-A208404.md
A207964,31 August 2026,papers/4001-4500/4195-PROOF.pdf,yes,comments/A207390-A208404.md
A207965,31 August 2026,papers/3001-3500/3435-PROOF.pdf,yes,comments/A207390-A208404.md
A208003,31 August 2026,papers/7501-8000/7578-PROOF.pdf,yes,comments/A207390-A208404.md
A208004,31 August 2026,papers/6501-7000/6882-PROOF.pdf,yes,comments/A207390-A208404.md
A208005,31 August 2026,papers/6501-7000/6857-PROOF.pdf,yes,comments/A207390-A208404.md
A208006,31 August 2026,papers/6001-6500/6205-PROOF.pdf,yes,comments/A207390-A208404.md
A208009,31 August 2026,papers/7001-7500/7045-PROOF.pdf,yes,comments/A207390-A208404.md
A208010,31 August 2026,papers/6001-6500/6400-PROOF.pdf,yes,comments/A207390-A208404.md
A208011,31 August 2026,papers/6001-6500/6367-PROOF.pdf,yes,comments/A207390-A208404.md
A208012,31 August 2026,papers/6001-6500/6354-PROOF.pdf,yes,comments/A207390-A208404.md
A208014,31 August 2026,papers/8001-8500/8273-PROOF.pdf,yes,comments/A207390-A208404.md
A208015,31 August 2026,papers/7501-8000/7562-PROOF.pdf,yes,comments/A207390-A208404.md
A208016,31 August 2026,papers/8001-8500/8221-PROOF.pdf,yes,comments/A207390-A208404.md
A208017,31 August 2026,papers/7501-8000/7526-PROOF.pdf,yes,comments/A207390-A208404.md
A208023,31 August 2026,papers/7501-8000/7650-PROOF.pdf,yes,comments/A207390-A208404.md
A208024,31 August 2026,papers/5501-6000/5558-PROOF.pdf,yes,comments/A207390-A208404.md
A208025,31 August 2026,papers/4501-5000/4738-PROOF.pdf,yes,comments/A207390-A208404.md
A208026,31 August 2026,papers/3501-4000/3548-PROOF.pdf,yes,comments/A207390-A208404.md
A208029,31 August 2026,papers/8501-9000/8785-PROOF.pdf,yes,comments/A207390-A208404.md
A208030,31 August 2026,papers/8001-8500/8015-PROOF.pdf,yes,comments/A207390-A208404.md
A208031,31 August 2026,papers/7001-7500/7160-PROOF.pdf,yes,comments/A207390-A208404.md
A208032,31 August 2026,papers/6501-7000/6851-PROOF.pdf,yes,comments/A207390-A208404.md
A208035,31 August 2026,papers/8001-8500/8274-PROOF.pdf,yes,comments/A207390-A208404.md
A208036,31 August 2026,papers/5501-6000/5547-PROOF.pdf,yes,comments/A207390-A208404.md
A208037,31 August 2026,papers/4501-5000/4727-PROOF.pdf,yes,comments/A207390-A208404.md
A208038,31 August 2026,papers/3001-3500/3444-PROOF.pdf,yes,comments/A207390-A208404.md
A208040,31 August 2026,papers/6001-6500/6416-PROOF.pdf,yes,comments/A207390-A208404.md
A208041,31 August 2026,papers/4001-4500/4171-PROOF.pdf,yes,comments/A207390-A208404.md
A208044,31 August 2026,papers/3001-3500/3318-PROOF.pdf,yes,comments/A207390-A208404.md
A208046,2 September 2026,papers/8501-9000/8717-PROOF.pdf,no,comments/A207390-A208404.md
A208064,31 August 2026,papers/8501-9000/8850-PROOF.pdf,yes,comments/A207390-A208404.md
A208065,31 August 2026,papers/7501-8000/7801-PROOF.pdf,yes,comments/A207390-A208404.md
A208066,31 August 2026,papers/7501-8000/7768-PROOF.pdf,yes,comments/A207390-A208404.md
A208067,31 August 2026,papers/7501-8000/7747-PROOF.pdf,yes,comments/A207390-A208404.md
A208068,31 August 2026,papers/6501-7000/6996-PROOF.pdf,yes,comments/A207390-A208404.md
A208070,31 August 2026,papers/7501-8000/7563-PROOF.pdf,yes,comments/A207390-A208404.md
A208071,31 August 2026,papers/8001-8500/8222-PROOF.pdf,yes,comments/A207390-A208404.md
A208072,31 August 2026,papers/7501-8000/7527-PROOF.pdf,yes,comments/A207390-A208404.md
A208074,31 August 2026,papers/4001-4500/4080-PROOF.pdf,yes,comments/A207390-A208404.md
A208075,31 August 2026,papers/3501-4000/3560-PROOF.pdf,yes,comments/A207390-A208404.md
A208079,31 August 2026,papers/9001-9500/9076-PROOF.pdf,yes,comments/A207390-A208404.md
A208080,31 August 2026,papers/7501-8000/7790-PROOF.pdf,yes,comments/A207390-A208404.md
A208081,31 August 2026,papers/7001-7500/7300-PROOF.pdf,yes,comments/A207390-A208404.md
A208082,31 August 2026,papers/5501-6000/5854-PROOF.pdf,yes,comments/A207390-A208404.md
A208086,2 September 2026,papers/9001-9500/9454-PROOF.pdf,yes,comments/A207390-A208404.md
A208087,2 September 2026,papers/9001-9500/9455-PROOF.pdf,yes,comments/A207390-A208404.md
A208088,2 September 2026,papers/9501-10000/9585-PROOF.pdf,yes,comments/A207390-A208404.md
A208089,2 September 2026,papers/9001-9500/9456-PROOF.pdf,yes,comments/A207390-A208404.md
A208103,31 August 2026,papers/8001-8500/8342-PROOF.pdf,yes,comments/A207390-A208404.md
A208104,31 August 2026,papers/8001-8500/8275-PROOF.pdf,yes,comments/A207390-A208404.md
A208105,31 August 2026,papers/7001-7500/7324-PROOF.pdf,yes,comments/A207390-A208404.md
A208106,31 August 2026,papers/6501-7000/6707-PROOF.pdf,yes,comments/A207390-A208404.md
A208107,31 August 2026,papers/6501-7000/6689-PROOF.pdf,yes,comments/A207390-A208404.md
A208109,31 August 2026,papers/7501-8000/7579-PROOF.pdf,yes,comments/A207390-A208404.md
A208110,31 August 2026,papers/7501-8000/7559-PROOF.pdf,yes,comments/A207390-A208404.md
A208111,31 August 2026,papers/7501-8000/7524-PROOF.pdf,yes,comments/A207390-A208404.md
A208112,31 August 2026,papers/7001-7500/7491-PROOF.pdf,yes,comments/A207390-A208404.md
A208114,31 August 2026,papers/7501-8000/7811-PROOF.pdf,yes,comments/A207390-A208404.md
A208115,31 August 2026,papers/7001-7500/7029-PROOF.pdf,yes,comments/A207390-A208404.md
A208116,31 August 2026,papers/6001-6500/6362-PROOF.pdf,yes,comments/A207390-A208404.md
A208117,31 August 2026,papers/6001-6500/6341-PROOF.pdf,yes,comments/A207390-A208404.md
A208119,31 August 2026,papers/7501-8000/7812-PROOF.pdf,yes,comments/A207390-A208404.md
A208120,31 August 2026,papers/6501-7000/6738-PROOF.pdf,yes,comments/A207390-A208404.md
A208121,31 August 2026,papers/7501-8000/7769-PROOF.pdf,yes,comments/A207390-A208404.md
A208122,31 August 2026,papers/6501-7000/6710-PROOF.pdf,yes,comments/A207390-A208404.md
A208138,1 September 2026,papers/2501-3000/2775-PROOF.pdf,yes,comments/A207390-A208404.md
A208139,1 September 2026,papers/2501-3000/2566-PROOF.pdf,yes,comments/A207390-A208404.md
A208140,1 September 2026,papers/2001-2500/2399-PROOF.pdf,yes,comments/A207390-A208404.md
A208141,1 September 2026,papers/2001-2500/2254-PROOF.pdf,yes,comments/A207390-A208404.md
A208143,31 August 2026,papers/6001-6500/6428-PROOF.pdf,yes,comments/A207390-A208404.md
A208144,31 August 2026,papers/5501-6000/5889-PROOF.pdf,yes,comments/A207390-A208404.md
A208145,31 August 2026,papers/5501-6000/5556-PROOF.pdf,yes,comments/A207390-A208404.md
A208146,31 August 2026,papers/5001-5500/5244-PROOF.pdf,yes,comments/A207390-A208404.md
A208160,31 August 2026,papers/4501-5000/4929-PROOF.pdf,yes,comments/A207390-A208404.md
A208161,31 August 2026,papers/4001-4500/4054-PROOF.pdf,yes,comments/A207390-A208404.md
A208165,31 August 2026,papers/5501-6000/5812-PROOF.pdf,yes,comments/A207390-A208404.md
A208166,31 August 2026,papers/4501-5000/4642-PROOF.pdf,yes,comments/A207390-A208404.md
A208167,31 August 2026,papers/3501-4000/3785-PROOF.pdf,yes,comments/A207390-A208404.md
A208170,31 August 2026,papers/3001-3500/3086-PROOF.pdf,yes,comments/A207390-A208404.md
A208171,31 August 2026,papers/2001-2500/2312-PROOF.pdf,yes,comments/A207390-A208404.md
A208172,31 August 2026,papers/1501-2000/1728-PROOF.pdf,yes,comments/A207390-A208404.md
A208195,31 August 2026,papers/3001-3500/3117-PROOF.pdf,yes,comments/A207390-A208404.md
A208196,31 August 2026,papers/2501-3000/2669-PROOF.pdf,yes,comments/A207390-A208404.md
A208197,31 August 2026,papers/2001-2500/2087-PROOF.pdf,yes,comments/A207390-A208404.md
A208198,31 August 2026,papers/1501-2000/1616-PROOF.pdf,yes,comments/A207390-A208404.md
A208253,31 August 2026,papers/3001-3500/3376-PROOF.pdf,yes,comments/A207390-A208404.md
A208254,31 August 2026,papers/3001-3500/3056-PROOF.pdf,yes,comments/A207390-A208404.md
A208255,31 August 2026,papers/2001-2500/2307-PROOF.pdf,yes,comments/A207390-A208404.md
A208256,31 August 2026,papers/1501-2000/1679-PROOF.pdf,yes,comments/A207390-A208404.md
A208257,31 August 2026,papers/1001-1500/1272-PROOF.pdf,yes,comments/A207390-A208404.md
A208264,31 August 2026,papers/3001-3500/3294-PROOF.pdf,yes,comments/A207390-A208404.md
A208265,31 August 2026,papers/2501-3000/2868-PROOF.pdf,yes,comments/A207390-A208404.md
A208266,31 August 2026,papers/2001-2500/2204-PROOF.pdf,yes,comments/A207390-A208404.md
A208267,31 August 2026,papers/1501-2000/1656-PROOF.pdf,yes,comments/A207390-A208404.md
A208268,31 August 2026,papers/1001-1500/1334-PROOF.pdf,yes,comments/A207390-A208404.md
A208283,1 September 2026,papers/2501-3000/2766-PROOF.pdf,yes,comments/A207390-A208404.md
A208284,1 September 2026,papers/2501-3000/2533-PROOF.pdf,yes,comments/A207390-A208404.md
A208285,1 September 2026,papers/2001-2500/2381-PROOF.pdf,yes,comments/A207390-A208404.md
A208286,1 September 2026,papers/2001-2500/2234-PROOF.pdf,yes,comments/A207390-A208404.md
A208288,31 August 2026,papers/8501-9000/8546-PROOF.pdf,yes,comments/A207390-A208404.md
A208289,31 August 2026,papers/8001-8500/8258-PROOF.pdf,yes,comments/A207390-A208404.md
A208290,31 August 2026,papers/8001-8500/8016-PROOF.pdf,yes,comments/A207390-A208404.md
A208291,31 August 2026,papers/7501-8000/7792-PROOF.pdf,yes,comments/A207390-A208404.md
A208309,31 August 2026,papers/3001-3500/3391-PROOF.pdf,yes,comments/A207390-A208404.md
A208310,31 August 2026,papers/3001-3500/3105-PROOF.pdf,yes,comments/A207390-A208404.md
A208311,31 August 2026,papers/2001-2500/2336-PROOF.pdf,yes,comments/A207390-A208404.md
A208312,31 August 2026,papers/1501-2000/1735-PROOF.pdf,yes,comments/A207390-A208404.md
A208313,31 August 2026,papers/1001-1500/1335-PROOF.pdf,yes,comments/A207390-A208404.md
A208316,31 August 2026,papers/3001-3500/3392-PROOF.pdf,yes,comments/A207390-A208404.md
A208317,31 August 2026,papers/3001-3500/3267-PROOF.pdf,yes,comments/A207390-A208404.md
A208318,31 August 2026,papers/2501-3000/2823-PROOF.pdf,yes,comments/A207390-A208404.md
A208319,31 August 2026,papers/2001-2500/2081-PROOF.pdf,yes,comments/A207390-A208404.md
A208320,31 August 2026,papers/1501-2000/1551-PROOF.pdf,yes,comments/A207390-A208404.md
A208347,7 September 2026,papers/9001-9500/9277-PROOF.pdf,yes,comments/A207390-A208404.md
A208355,25 August 2026,papers/9501-10000/9941-PROOF.pdf,yes,comments/A207390-A208404.md
A208365,31 August 2026,papers/3501-4000/3906-PROOF.pdf,yes,comments/A207390-A208404.md
A208370,31 August 2026,papers/7501-8000/7813-PROOF.pdf,yes,comments/A207390-A208404.md
A208371,31 August 2026,papers/7001-7500/7030-PROOF.pdf,yes,comments/A207390-A208404.md
A208372,31 August 2026,papers/6001-6500/6212-PROOF.pdf,yes,comments/A207390-A208404.md
A208373,31 August 2026,papers/5001-5500/5437-PROOF.pdf,yes,comments/A207390-A208404.md
A208375,6 September 2026,papers/3001-3500/3199-PROOF.pdf,yes,comments/A207390-A208404.md
A208376,6 September 2026,papers/3001-3500/3176-PROOF.pdf,yes,comments/A207390-A208404.md
A208377,6 September 2026,papers/3001-3500/3169-PROOF.pdf,yes,comments/A207390-A208404.md
A208378,1 September 2026,papers/2501-3000/2910-PROOF.pdf,yes,comments/A207390-A208404.md
A208380,31 August 2026,papers/8001-8500/8291-PROOF.pdf,yes,comments/A207390-A208404.md
A208381,31 August 2026,papers/8001-8500/8259-PROOF.pdf,yes,comments/A207390-A208404.md
A208382,31 August 2026,papers/8001-8500/8254-PROOF.pdf,yes,comments/A207390-A208404.md
A208383,31 August 2026,papers/8001-8500/8252-PROOF.pdf,yes,comments/A207390-A208404.md
A208387,31 August 2026,papers/3001-3500/3419-PROOF.pdf,yes,comments/A207390-A208404.md
A208388,31 August 2026,papers/3001-3500/3356-PROOF.pdf,yes,comments/A207390-A208404.md
A208389,31 August 2026,papers/3001-3500/3219-PROOF.pdf,yes,comments/A207390-A208404.md
A208390,31 August 2026,papers/2501-3000/2560-PROOF.pdf,yes,comments/A207390-A208404.md
A208391,31 August 2026,papers/2001-2500/2042-PROOF.pdf,yes,comments/A207390-A208404.md
A208393,1 September 2026,papers/3001-3500/3336-PROOF.pdf,yes,comments/A207390-A208404.md
A208394,1 September 2026,papers/2501-3000/2922-PROOF.pdf,yes,comments/A207390-A208404.md
A208395,7 September 2026,papers/7501-8000/7918-PROOF.pdf,yes,comments/A207390-A208404.md
A208396,7 September 2026,papers/6501-7000/6512-PROOF.pdf,yes,comments/A207390-A208404.md
A208402,31 August 2026,papers/3001-3500/3282-PROOF.pdf,yes,comments/A207390-A208404.md
A208403,31 August 2026,papers/3001-3500/3369-PROOF.pdf,yes,comments/A207390-A208404.md
A208404,31 August 2026,papers/3001-3500/3033-PROOF.pdf,yes,comments/A207390-A208404.md
A208405,31 August 2026,papers/2501-3000/2574-PROOF.pdf,yes,comments/A208405-A211719.md
A208406,31 August 2026,papers/1501-2000/1917-PROOF.pdf,yes,comments/A208405-A211719.md
A208409,1 September 2026,papers/2501-3000/2936-PROOF.pdf,yes,comments/A208405-A211719.md
A208410,7 September 2026,papers/7501-8000/7718-PROOF.pdf,yes,comments/A208405-A211719.md
A208411,7 September 2026,papers/6501-7000/6664-PROOF.pdf,yes,comments/A208405-A211719.md
A208416,31 August 2026,papers/5001-5500/5330-PROOF.pdf,yes,comments/A208405-A211719.md
A208417,31 August 2026,papers/4001-4500/4498-PROOF.pdf,yes,comments/A208405-A211719.md
A208418,31 August 2026,papers/3501-4000/3679-PROOF.pdf,yes,comments/A208405-A211719.md
A208419,31 August 2026,papers/3001-3500/3461-PROOF.pdf,yes,comments/A208405-A211719.md
A208421,31 August 2026,papers/8501-9000/8527-PROOF.pdf,yes,comments/A208405-A211719.md
A208422,31 August 2026,papers/7001-7500/7326-PROOF.pdf,yes,comments/A208405-A211719.md
A208423,31 August 2026,papers/7001-7500/7019-PROOF.pdf,yes,comments/A208405-A211719.md
A208424,31 August 2026,papers/6501-7000/6856-PROOF.pdf,yes,comments/A208405-A211719.md
A208428,2 September 2026,papers/9501-10000/9622-PROOF.pdf,yes,comments/A208405-A211719.md
A208429,7 September 2026,papers/5001-5500/5407-PROOF.pdf,yes,comments/A208405-A211719.md
A208430,7 September 2026,papers/5001-5500/5249-PROOF.pdf,yes,comments/A208405-A211719.md
A208431,7 September 2026,papers/4501-5000/4504-PROOF.pdf,yes,comments/A208405-A211719.md
A208439,4 September 2026,papers/2501-3000/2864-PROOF.pdf,yes,comments/A208405-A211719.md
A208440,4 September 2026,papers/1501-2000/1946-PROOF.pdf,yes,comments/A208405-A211719.md
A208441,4 September 2026,papers/1001-1500/1361-PROOF.pdf,yes,comments/A208405-A211719.md
A208442,4 September 2026,papers/1001-1500/1051-PROOF.pdf,yes,comments/A208405-A211719.md
A208485,3 September 2026,papers/9001-9500/9264-PROOF.pdf,yes,comments/A208405-A211719.md
A208486,3 September 2026,papers/8501-9000/8543-PROOF.pdf,yes,comments/A208405-A211719.md
A208487,3 September 2026,papers/6501-7000/6865-PROOF.pdf,yes,comments/A208405-A211719.md
A208488,3 September 2026,papers/4001-4500/4488-PROOF.pdf,yes,comments/A208405-A211719.md
A208496,31 August 2026,papers/7501-8000/7651-PROOF.pdf,yes,comments/A208405-A211719.md
A208497,31 August 2026,papers/5001-5500/5331-PROOF.pdf,yes,comments/A208405-A211719.md
A208498,31 August 2026,papers/4501-5000/4739-PROOF.pdf,yes,comments/A208405-A211719.md
A208499,31 August 2026,papers/3001-3500/3479-PROOF.pdf,yes,comments/A208405-A211719.md
A208502,31 August 2026,papers/9001-9500/9240-PROOF.pdf,yes,comments/A208405-A211719.md
A208503,31 August 2026,papers/9001-9500/9062-PROOF.pdf,yes,comments/A208405-A211719.md
A208504,31 August 2026,papers/8001-8500/8483-PROOF.pdf,yes,comments/A208405-A211719.md
A208505,31 August 2026,papers/8001-8500/8469-PROOF.pdf,yes,comments/A208405-A211719.md
A208545,31 August 2026,papers/0001-0500/0122-PROOF.pdf,yes,comments/A208405-A211719.md
A208551,31 August 2026,papers/7001-7500/7036-PROOF.pdf,yes,comments/A208405-A211719.md
A208552,31 August 2026,papers/7001-7500/7022-PROOF.pdf,yes,comments/A208405-A211719.md
A208553,31 August 2026,papers/6001-6500/6360-PROOF.pdf,yes,comments/A208405-A211719.md
A208556,31 August 2026,papers/9001-9500/9077-PROOF.pdf,yes,comments/A208405-A211719.md
A208557,31 August 2026,papers/8501-9000/8775-PROOF.pdf,yes,comments/A208405-A211719.md
A208558,31 August 2026,papers/9001-9500/9050-PROOF.pdf,yes,comments/A208405-A211719.md
A208559,31 August 2026,papers/8501-9000/8752-PROOF.pdf,yes,comments/A208405-A211719.md
A208561,31 August 2026,papers/3001-3500/3393-PROOF.pdf,yes,comments/A208405-A211719.md
A208562,31 August 2026,papers/3001-3500/3102-PROOF.pdf,yes,comments/A208405-A211719.md
A208563,31 August 2026,papers/2001-2500/2095-PROOF.pdf,yes,comments/A208405-A211719.md
A208564,31 August 2026,papers/1001-1500/1441-PROOF.pdf,yes,comments/A208405-A211719.md
A208565,31 August 2026,papers/1001-1500/1055-PROOF.pdf,yes,comments/A208405-A211719.md
A208633,31 August 2026,papers/3001-3500/3272-PROOF.pdf,yes,comments/A208405-A211719.md
A208634,31 August 2026,papers/3001-3500/3252-PROOF.pdf,yes,comments/A208405-A211719.md
A208635,31 August 2026,papers/3001-3500/3039-PROOF.pdf,yes,comments/A208405-A211719.md
A208636,31 August 2026,papers/2501-3000/2998-PROOF.pdf,yes,comments/A208405-A211719.md
A208638,1 September 2026,papers/3001-3500/3229-PROOF.pdf,yes,comments/A208405-A211719.md
A208639,1 September 2026,papers/2501-3000/2986-PROOF.pdf,yes,comments/A208405-A211719.md
A208640,1 September 2026,papers/2501-3000/2738-PROOF.pdf,yes,comments/A208405-A211719.md
A208641,2 September 2026,papers/9001-9500/9399-PROOF.pdf,yes,comments/A208405-A211719.md
A208642,2 September 2026,papers/9001-9500/9385-PROOF.pdf,yes,comments/A208405-A211719.md
A208684,31 August 2026,papers/6001-6500/6009-PROOF.pdf,yes,comments/A208405-A211719.md
A208685,31 August 2026,papers/5501-6000/5989-PROOF.pdf,yes,comments/A208405-A211719.md
A208686,31 August 2026,papers/5001-5500/5030-PROOF.pdf,yes,comments/A208405-A211719.md
A208687,31 August 2026,papers/5001-5500/5019-PROOF.pdf,yes,comments/A208405-A211719.md
A208689,31 August 2026,papers/9001-9500/9123-PROOF.pdf,yes,comments/A208405-A211719.md
A208690,31 August 2026,papers/8501-9000/8786-PROOF.pdf,yes,comments/A208405-A211719.md
A208691,31 August 2026,papers/8501-9000/8773-PROOF.pdf,yes,comments/A208405-A211719.md
A208692,31 August 2026,papers/8501-9000/8751-PROOF.pdf,yes,comments/A208405-A211719.md
A208693,31 August 2026,papers/8501-9000/8735-PROOF.pdf,yes,comments/A208405-A211719.md
A208695,31 August 2026,papers/3501-4000/3688-PROOF.pdf,yes,comments/A208405-A211719.md
A208699,31 August 2026,papers/6001-6500/6125-PROOF.pdf,yes,comments/A208405-A211719.md
A208700,31 August 2026,papers/5001-5500/5035-PROOF.pdf,yes,comments/A208405-A211719.md
A208701,31 August 2026,papers/3501-4000/3736-PROOF.pdf,yes,comments/A208405-A211719.md
A208704,31 August 2026,papers/3001-3500/3423-PROOF.pdf,yes,comments/A208405-A211719.md
A208705,31 August 2026,papers/3001-3500/3378-PROOF.pdf,yes,comments/A208405-A211719.md
A208706,31 August 2026,papers/3001-3500/3253-PROOF.pdf,yes,comments/A208405-A211719.md
A208707,31 August 2026,papers/2501-3000/2629-PROOF.pdf,yes,comments/A208405-A211719.md
A208708,31 August 2026,papers/2001-2500/2295-PROOF.pdf,yes,comments/A208405-A211719.md
A208710,1 September 2026,papers/2501-3000/2990-PROOF.pdf,yes,comments/A208405-A211719.md
A208711,1 September 2026,papers/2001-2500/2396-PROOF.pdf,yes,comments/A208405-A211719.md
A208712,1 September 2026,papers/1501-2000/1813-PROOF.pdf,yes,comments/A208405-A211719.md
A208713,2 September 2026,papers/5001-5500/5147-PROOF.pdf,yes,comments/A208405-A211719.md
A208714,2 September 2026,papers/3501-4000/3937-PROOF.pdf,yes,comments/A208405-A211719.md
A208778,31 August 2026,papers/9001-9500/9216-PROOF.pdf,yes,comments/A208405-A211719.md
A208779,31 August 2026,papers/9001-9500/9213-PROOF.pdf,yes,comments/A208405-A211719.md
A208790,4 September 2026,papers/3001-3500/3103-PROOF.pdf,yes,comments/A208405-A211719.md
A208791,4 September 2026,papers/2001-2500/2194-PROOF.pdf,yes,comments/A208405-A211719.md
A208792,4 September 2026,papers/1001-1500/1346-PROOF.pdf,yes,comments/A208405-A211719.md
A208793,4 September 2026,papers/1001-1500/1037-PROOF.pdf,yes,comments/A208405-A211719.md
A208836,31 August 2026,papers/7001-7500/7332-PROOF.pdf,yes,comments/A208405-A211719.md
A208837,31 August 2026,papers/7001-7500/7307-PROOF.pdf,yes,comments/A208405-A211719.md
A208838,31 August 2026,papers/6501-7000/6705-PROOF.pdf,yes,comments/A208405-A211719.md
A208839,31 August 2026,papers/6501-7000/6686-PROOF.pdf,yes,comments/A208405-A211719.md
A208841,31 August 2026,papers/9001-9500/9078-PROOF.pdf,yes,comments/A208405-A211719.md
A208842,31 August 2026,papers/9001-9500/9061-PROOF.pdf,yes,comments/A208405-A211719.md
A208843,31 August 2026,papers/9001-9500/9039-PROOF.pdf,yes,comments/A208405-A211719.md
A208844,31 August 2026,papers/9001-9500/9031-PROOF.pdf,yes,comments/A208405-A211719.md
A208858,31 August 2026,papers/3001-3500/3283-PROOF.pdf,yes,comments/A208405-A211719.md
A208859,31 August 2026,papers/2501-3000/2846-PROOF.pdf,yes,comments/A208405-A211719.md
A208860,31 August 2026,papers/1501-2000/1990-PROOF.pdf,yes,comments/A208405-A211719.md
A208861,31 August 2026,papers/1001-1500/1417-PROOF.pdf,yes,comments/A208405-A211719.md
A208866,31 August 2026,papers/3001-3500/3118-PROOF.pdf,yes,comments/A208405-A211719.md
A208867,31 August 2026,papers/3001-3500/3087-PROOF.pdf,yes,comments/A208405-A211719.md
A208868,31 August 2026,papers/2001-2500/2313-PROOF.pdf,yes,comments/A208405-A211719.md
A208869,31 August 2026,papers/1501-2000/1780-PROOF.pdf,yes,comments/A208405-A211719.md
A208873,1 September 2026,papers/2501-3000/2938-PROOF.pdf,yes,comments/A208405-A211719.md
A208874,7 September 2026,papers/7501-8000/7929-PROOF.pdf,yes,comments/A208405-A211719.md
A208875,7 September 2026,papers/6501-7000/6667-PROOF.pdf,yes,comments/A208405-A211719.md
A209013,4 September 2026,papers/2501-3000/2660-PROOF.pdf,yes,comments/A208405-A211719.md
A209014,4 September 2026,papers/1501-2000/1686-PROOF.pdf,yes,comments/A208405-A211719.md
A209015,4 September 2026,papers/1001-1500/1062-PROOF.pdf,yes,comments/A208405-A211719.md
A209043,4 September 2026,papers/1001-1500/1078-PROOF.pdf,yes,comments/A208405-A211719.md
A209094,31 August 2026,papers/3001-3500/3394-PROOF.pdf,yes,comments/A208405-A211719.md
A209095,31 August 2026,papers/3001-3500/3268-PROOF.pdf,yes,comments/A208405-A211719.md
A209096,31 August 2026,papers/2501-3000/2824-PROOF.pdf,yes,comments/A208405-A211719.md
A209097,31 August 2026,papers/2001-2500/2082-PROOF.pdf,yes,comments/A208405-A211719.md
A209098,31 August 2026,papers/1001-1500/1400-PROOF.pdf,yes,comments/A208405-A211719.md
A209099,31 August 2026,papers/1001-1500/1079-PROOF.pdf,yes,comments/A208405-A211719.md
A209101,1 September 2026,papers/3001-3500/3338-PROOF.pdf,yes,comments/A208405-A211719.md
A209102,1 September 2026,papers/2501-3000/2929-PROOF.pdf,yes,comments/A208405-A211719.md
A209103,7 September 2026,papers/7001-7500/7275-PROOF.pdf,yes,comments/A208405-A211719.md
A209104,7 September 2026,papers/5001-5500/5345-PROOF.pdf,yes,comments/A208405-A211719.md
A209173,7 September 2026,papers/1001-1500/1192-PROOF.pdf,yes,comments/A208405-A211719.md
A209220,31 August 2026,papers/8001-8500/8276-PROOF.pdf,yes,comments/A208405-A211719.md
A209221,31 August 2026,papers/5001-5500/5321-PROOF.pdf,yes,comments/A208405-A211719.md
A209222,31 August 2026,papers/4001-4500/4320-PROOF.pdf,yes,comments/A208405-A211719.md
A209225,31 August 2026,papers/8501-9000/8787-PROOF.pdf,yes,comments/A208405-A211719.md
A209226,31 August 2026,papers/7501-8000/7560-PROOF.pdf,yes,comments/A208405-A211719.md
A209227,31 August 2026,papers/5001-5500/5447-PROOF.pdf,yes,comments/A208405-A211719.md
A209228,31 August 2026,papers/5001-5500/5439-PROOF.pdf,yes,comments/A208405-A211719.md
A209360,7 September 2026,papers/1001-1500/1404-PROOF.pdf,yes,comments/A208405-A211719.md
A209367,7 September 2026,papers/1501-2000/1951-PROOF.pdf,yes,comments/A208405-A211719.md
A209368,7 September 2026,papers/2501-3000/2599-PROOF.pdf,yes,comments/A208405-A211719.md
A209369,7 September 2026,papers/2001-2500/2171-PROOF.pdf,yes,comments/A208405-A211719.md
A209370,7 September 2026,papers/1501-2000/1550-PROOF.pdf,yes,comments/A208405-A211719.md
A209376,31 August 2026,papers/8501-9000/8592-PROOF.pdf,yes,comments/A208405-A211719.md
A209377,31 August 2026,papers/8501-9000/8788-PROOF.pdf,yes,comments/A208405-A211719.md
A209378,31 August 2026,papers/7501-8000/7788-PROOF.pdf,yes,comments/A208405-A211719.md
A209379,31 August 2026,papers/8001-8500/8195-PROOF.pdf,yes,comments/A208405-A211719.md
A209380,31 August 2026,papers/7001-7500/7137-PROOF.pdf,yes,comments/A208405-A211719.md
A209381,31 August 2026,papers/7501-8000/7715-PROOF.pdf,yes,comments/A208405-A211719.md
A209459,31 August 2026,papers/2001-2500/2346-PROOF.pdf,yes,comments/A208405-A211719.md
A209460,31 August 2026,papers/1501-2000/1740-PROOF.pdf,yes,comments/A208405-A211719.md
A209461,31 August 2026,papers/1001-1500/1226-PROOF.pdf,yes,comments/A208405-A211719.md
A209469,7 September 2026,papers/1501-2000/2000-PROOF.pdf,yes,comments/A208405-A211719.md
A209470,7 September 2026,papers/1001-1500/1318-PROOF.pdf,yes,comments/A208405-A211719.md
A209497,31 August 2026,papers/3001-3500/3106-PROOF.pdf,yes,comments/A208405-A211719.md
A209498,31 August 2026,papers/2001-2500/2334-PROOF.pdf,yes,comments/A208405-A211719.md
A209499,31 August 2026,papers/1501-2000/1655-PROOF.pdf,yes,comments/A208405-A211719.md
A209500,31 August 2026,papers/1001-1500/1127-PROOF.pdf,yes,comments/A208405-A211719.md
A209505,31 August 2026,papers/9001-9500/9263-PROOF.pdf,yes,comments/A208405-A211719.md
A209506,31 August 2026,papers/9001-9500/9079-PROOF.pdf,yes,comments/A208405-A211719.md
A209507,31 August 2026,papers/8501-9000/8509-PROOF.pdf,yes,comments/A208405-A211719.md
A209508,31 August 2026,papers/7501-8000/7957-PROOF.pdf,yes,comments/A208405-A211719.md
A209509,31 August 2026,papers/6501-7000/6840-PROOF.pdf,yes,comments/A208405-A211719.md
A209510,31 August 2026,papers/5501-6000/5959-PROOF.pdf,yes,comments/A208405-A211719.md
A209513,3 September 2026,papers/5001-5500/5457-PROOF.pdf,yes,comments/A208405-A211719.md
A209514,3 September 2026,papers/3501-4000/3645-PROOF.pdf,yes,comments/A208405-A211719.md
A209521,31 August 2026,papers/2001-2500/2208-PROOF.pdf,yes,comments/A208405-A211719.md
A209522,31 August 2026,papers/1501-2000/1592-PROOF.pdf,yes,comments/A208405-A211719.md
A209523,31 August 2026,papers/1001-1500/1129-PROOF.pdf,yes,comments/A208405-A211719.md
A209530,31 August 2026,papers/9001-9500/9129-PROOF.pdf,yes,comments/A208405-A211719.md
A209531,31 August 2026,papers/9001-9500/9058-PROOF.pdf,yes,comments/A208405-A211719.md
A209532,31 August 2026,papers/9001-9500/9024-PROOF.pdf,yes,comments/A208405-A211719.md
A209533,1 September 2026,papers/3001-3500/3307-PROOF.pdf,yes,comments/A208405-A211719.md
A209538,6 September 2026,papers/1501-2000/1518-PROOF.pdf,yes,comments/A208405-A211719.md
A209539,6 September 2026,papers/3001-3500/3403-PROOF.pdf,yes,comments/A208405-A211719.md
A209540,6 September 2026,papers/1501-2000/1501-PROOF.pdf,yes,comments/A208405-A211719.md
A209546,31 August 2026,papers/8501-9000/8894-PROOF.pdf,yes,comments/A208405-A211719.md
A209547,31 August 2026,papers/8001-8500/8292-PROOF.pdf,yes,comments/A208405-A211719.md
A209548,31 August 2026,papers/7001-7500/7168-PROOF.pdf,yes,comments/A208405-A211719.md
A209549,31 August 2026,papers/5501-6000/5857-PROOF.pdf,yes,comments/A208405-A211719.md
A209550,31 August 2026,papers/4501-5000/4656-PROOF.pdf,yes,comments/A208405-A211719.md
A209551,31 August 2026,papers/3501-4000/3610-PROOF.pdf,yes,comments/A208405-A211719.md
A209603,7 September 2026,papers/2501-3000/2680-PROOF.pdf,yes,comments/A208405-A211719.md
A209604,7 September 2026,papers/1501-2000/1795-PROOF.pdf,yes,comments/A208405-A211719.md
A209605,7 September 2026,papers/1001-1500/1227-PROOF.pdf,yes,comments/A208405-A211719.md
A209648,1 September 2026,papers/2501-3000/2720-PROOF.pdf,yes,comments/A208405-A211719.md
A209649,1 September 2026,papers/2001-2500/2499-PROOF.pdf,yes,comments/A208405-A211719.md
A209651,31 August 2026,papers/6001-6500/6258-PROOF.pdf,yes,comments/A208405-A211719.md
A209652,31 August 2026,papers/5501-6000/5632-PROOF.pdf,yes,comments/A208405-A211719.md
A209653,31 August 2026,papers/5001-5500/5182-PROOF.pdf,yes,comments/A208405-A211719.md
A209654,31 August 2026,papers/4501-5000/4812-PROOF.pdf,yes,comments/A208405-A211719.md
A209709,31 August 2026,papers/8001-8500/8382-PROOF.pdf,yes,comments/A208405-A211719.md
A209710,31 August 2026,papers/6001-6500/6017-PROOF.pdf,yes,comments/A208405-A211719.md
A209711,31 August 2026,papers/3501-4000/3764-PROOF.pdf,yes,comments/A208405-A211719.md
A209722,31 August 2026,papers/9001-9500/9080-PROOF.pdf,yes,comments/A208405-A211719.md
A209723,31 August 2026,papers/9001-9500/9059-PROOF.pdf,yes,comments/A208405-A211719.md
A209725,31 August 2026,papers/9001-9500/9025-PROOF.pdf,yes,comments/A208405-A211719.md
A209726,31 August 2026,papers/9001-9500/9012-PROOF.pdf,yes,comments/A208405-A211719.md
A209727,1 September 2026,papers/3001-3500/3379-PROOF.pdf,yes,comments/A208405-A211719.md
A209729,31 August 2026,papers/9001-9500/9141-PROOF.pdf,yes,comments/A208405-A211719.md
A209730,31 August 2026,papers/7001-7500/7200-PROOF.pdf,yes,comments/A208405-A211719.md
A209731,31 August 2026,papers/5001-5500/5036-PROOF.pdf,yes,comments/A208405-A211719.md
A209738,31 August 2026,papers/2501-3000/2860-PROOF.pdf,yes,comments/A208405-A211719.md
A209739,31 August 2026,papers/1501-2000/1948-PROOF.pdf,yes,comments/A208405-A211719.md
A209740,31 August 2026,papers/1001-1500/1375-PROOF.pdf,yes,comments/A208405-A211719.md
A209780,31 August 2026,papers/8001-8500/8383-PROOF.pdf,yes,comments/A208405-A211719.md
A209781,31 August 2026,papers/5501-6000/5899-PROOF.pdf,yes,comments/A208405-A211719.md
A209782,31 August 2026,papers/3501-4000/3619-PROOF.pdf,yes,comments/A208405-A211719.md
A209789,31 August 2026,papers/9001-9500/9272-PROOF.pdf,yes,comments/A208405-A211719.md
A209790,31 August 2026,papers/8501-9000/8865-PROOF.pdf,yes,comments/A208405-A211719.md
A209791,31 August 2026,papers/7001-7500/7341-PROOF.pdf,yes,comments/A208405-A211719.md
A209792,31 August 2026,papers/5001-5500/5458-PROOF.pdf,yes,comments/A208405-A211719.md
A209793,31 August 2026,papers/3501-4000/3646-PROOF.pdf,yes,comments/A208405-A211719.md
A209807,31 August 2026,papers/3001-3500/3119-PROOF.pdf,yes,comments/A208405-A211719.md
A209808,31 August 2026,papers/2001-2500/2467-PROOF.pdf,yes,comments/A208405-A211719.md
A209809,31 August 2026,papers/1501-2000/1837-PROOF.pdf,yes,comments/A208405-A211719.md
A209810,31 August 2026,papers/1001-1500/1315-PROOF.pdf,yes,comments/A208405-A211719.md
A209811,31 August 2026,papers/1001-1500/1032-PROOF.pdf,yes,comments/A208405-A211719.md
A209822,31 August 2026,papers/3001-3500/3295-PROOF.pdf,yes,comments/A208405-A211719.md
A209823,31 August 2026,papers/2501-3000/2865-PROOF.pdf,yes,comments/A208405-A211719.md
A209824,31 August 2026,papers/2001-2500/2196-PROOF.pdf,yes,comments/A208405-A211719.md
A209825,31 August 2026,papers/1501-2000/1553-PROOF.pdf,yes,comments/A208405-A211719.md
A209826,31 August 2026,papers/1001-1500/1128-PROOF.pdf,yes,comments/A208405-A211719.md
A209841,31 August 2026,papers/3001-3500/3120-PROOF.pdf,yes,comments/A208405-A211719.md
A209842,31 August 2026,papers/2501-3000/2670-PROOF.pdf,yes,comments/A208405-A211719.md
A209843,31 August 2026,papers/2001-2500/2088-PROOF.pdf,yes,comments/A208405-A211719.md
A209844,31 August 2026,papers/1001-1500/1478-PROOF.pdf,yes,comments/A208405-A211719.md
A209845,31 August 2026,papers/1001-1500/1089-PROOF.pdf,yes,comments/A208405-A211719.md
A209851,31 August 2026,papers/8001-8500/8384-PROOF.pdf,yes,comments/A208405-A211719.md
A209852,31 August 2026,papers/5501-6000/5900-PROOF.pdf,yes,comments/A208405-A211719.md
A209853,31 August 2026,papers/3501-4000/3683-PROOF.pdf,yes,comments/A208405-A211719.md
A209890,31 August 2026,papers/3001-3500/3395-PROOF.pdf,yes,comments/A208405-A211719.md
A209891,31 August 2026,papers/3001-3500/3269-PROOF.pdf,yes,comments/A208405-A211719.md
A209892,31 August 2026,papers/2001-2500/2197-PROOF.pdf,yes,comments/A208405-A211719.md
A209893,31 August 2026,papers/1001-1500/1496-PROOF.pdf,yes,comments/A208405-A211719.md
A209894,31 August 2026,papers/1001-1500/1068-PROOF.pdf,yes,comments/A208405-A211719.md
A209906,31 August 2026,papers/8001-8500/8385-PROOF.pdf,yes,comments/A208405-A211719.md
A209907,31 August 2026,papers/6001-6500/6018-PROOF.pdf,yes,comments/A208405-A211719.md
A209908,31 August 2026,papers/3501-4000/3738-PROOF.pdf,yes,comments/A208405-A211719.md
A209944,2 September 2026,papers/9001-9500/9273-PROOF.pdf,yes,comments/A208405-A211719.md
A209945,31 August 2026,papers/8001-8500/8089-PROOF.pdf,yes,comments/A208405-A211719.md
A209946,31 August 2026,papers/6501-7000/6891-PROOF.pdf,yes,comments/A208405-A211719.md
A209947,31 August 2026,papers/4501-5000/4917-PROOF.pdf,yes,comments/A208405-A211719.md
A209948,31 August 2026,papers/3501-4000/3580-PROOF.pdf,yes,comments/A208405-A211719.md
A209953,31 August 2026,papers/9001-9500/9173-PROOF.pdf,yes,comments/A208405-A211719.md
A209954,31 August 2026,papers/8001-8500/8090-PROOF.pdf,yes,comments/A208405-A211719.md
A209955,31 August 2026,papers/6501-7000/6749-PROOF.pdf,yes,comments/A208405-A211719.md
A209956,31 August 2026,papers/4501-5000/4749-PROOF.pdf,yes,comments/A208405-A211719.md
A209957,31 August 2026,papers/3501-4000/3502-PROOF.pdf,yes,comments/A208405-A211719.md
A209962,3 September 2026,papers/2501-3000/2636-PROOF.pdf,yes,comments/A208405-A211719.md
A209963,3 September 2026,papers/2001-2500/2066-PROOF.pdf,yes,comments/A208405-A211719.md
A209964,3 September 2026,papers/1501-2000/1639-PROOF.pdf,yes,comments/A208405-A211719.md
A209965,3 September 2026,papers/1001-1500/1180-PROOF.pdf,yes,comments/A208405-A211719.md
A210005,3 September 2026,papers/3001-3500/3090-PROOF.pdf,yes,comments/A208405-A211719.md
A210006,3 September 2026,papers/2501-3000/2624-PROOF.pdf,yes,comments/A208405-A211719.md
A210007,3 September 2026,papers/2001-2500/2070-PROOF.pdf,yes,comments/A208405-A211719.md
A210008,3 September 2026,papers/1501-2000/1611-PROOF.pdf,yes,comments/A208405-A211719.md
A210009,3 September 2026,papers/1001-1500/1229-PROOF.pdf,yes,comments/A208405-A211719.md
A210045,3 September 2026,papers/3001-3500/3091-PROOF.pdf,yes,comments/A208405-A211719.md
A210046,3 September 2026,papers/2501-3000/2625-PROOF.pdf,yes,comments/A208405-A211719.md
A210047,3 September 2026,papers/1501-2000/1830-PROOF.pdf,yes,comments/A208405-A211719.md
A210048,3 September 2026,papers/1001-1500/1325-PROOF.pdf,yes,comments/A208405-A211719.md
A210049,3 September 2026,papers/1001-1500/1040-PROOF.pdf,yes,comments/A208405-A211719.md
A210054,31 August 2026,papers/3001-3500/3121-PROOF.pdf,yes,comments/A208405-A211719.md
A210055,31 August 2026,papers/2501-3000/2671-PROOF.pdf,yes,comments/A208405-A211719.md
A210056,31 August 2026,papers/1501-2000/1991-PROOF.pdf,yes,comments/A208405-A211719.md
A210057,31 August 2026,papers/1001-1500/1401-PROOF.pdf,yes,comments/A208405-A211719.md
A210058,31 August 2026,papers/1001-1500/1044-PROOF.pdf,yes,comments/A208405-A211719.md
A210064,25 August 2026,papers/9501-10000/9942-PROOF.pdf,yes,comments/A208405-A211719.md
A210070,31 August 2026,papers/8001-8500/8386-PROOF.pdf,yes,comments/A208405-A211719.md
A210071,31 August 2026,papers/5501-6000/5901-PROOF.pdf,yes,comments/A208405-A211719.md
A210072,31 August 2026,papers/3501-4000/3634-PROOF.pdf,yes,comments/A208405-A211719.md
A210079,3 September 2026,papers/2501-3000/2809-PROOF.pdf,yes,comments/A208405-A211719.md
A210080,3 September 2026,papers/2001-2500/2416-PROOF.pdf,yes,comments/A208405-A211719.md
A210081,3 September 2026,papers/1501-2000/1608-PROOF.pdf,yes,comments/A208405-A211719.md
A210082,3 September 2026,papers/1001-1500/1112-PROOF.pdf,yes,comments/A208405-A211719.md
A210088,3 September 2026,papers/3001-3500/3092-PROOF.pdf,yes,comments/A208405-A211719.md
A210089,3 September 2026,papers/2501-3000/2626-PROOF.pdf,yes,comments/A208405-A211719.md
A210090,3 September 2026,papers/2001-2500/2071-PROOF.pdf,yes,comments/A208405-A211719.md
A210091,3 September 2026,papers/1501-2000/1509-PROOF.pdf,yes,comments/A208405-A211719.md
A210092,3 September 2026,papers/1001-1500/1122-PROOF.pdf,yes,comments/A208405-A211719.md
A210100,31 August 2026,papers/3001-3500/3296-PROOF.pdf,yes,comments/A208405-A211719.md
A210101,31 August 2026,papers/3001-3500/3270-PROOF.pdf,yes,comments/A208405-A211719.md
A210102,31 August 2026,papers/2001-2500/2198-PROOF.pdf,yes,comments/A208405-A211719.md
A210103,31 August 2026,papers/1501-2000/1520-PROOF.pdf,yes,comments/A208405-A211719.md
A210104,31 August 2026,papers/1001-1500/1092-PROOF.pdf,yes,comments/A208405-A211719.md
A210118,31 August 2026,papers/3001-3500/3284-PROOF.pdf,yes,comments/A208405-A211719.md
A210119,31 August 2026,papers/2001-2500/2468-PROOF.pdf,yes,comments/A208405-A211719.md
A210120,31 August 2026,papers/1501-2000/1788-PROOF.pdf,yes,comments/A208405-A211719.md
A210121,31 August 2026,papers/1001-1500/1277-PROOF.pdf,yes,comments/A208405-A211719.md
A210127,31 August 2026,papers/3001-3500/3285-PROOF.pdf,yes,comments/A208405-A211719.md
A210128,31 August 2026,papers/2501-3000/2847-PROOF.pdf,yes,comments/A208405-A211719.md
A210129,31 August 2026,papers/1501-2000/1992-PROOF.pdf,yes,comments/A208405-A211719.md
A210130,31 August 2026,papers/1001-1500/1329-PROOF.pdf,yes,comments/A208405-A211719.md
A210136,3 September 2026,papers/2501-3000/2637-PROOF.pdf,yes,comments/A208405-A211719.md
A210137,3 September 2026,papers/2001-2500/2067-PROOF.pdf,yes,comments/A208405-A211719.md
A210138,3 September 2026,papers/1501-2000/1609-PROOF.pdf,yes,comments/A208405-A211719.md
A210139,3 September 2026,papers/1001-1500/1145-PROOF.pdf,yes,comments/A208405-A211719.md
A210149,31 August 2026,papers/8501-9000/8609-PROOF.pdf,yes,comments/A208405-A211719.md
A210150,31 August 2026,papers/6501-7000/6901-PROOF.pdf,yes,comments/A208405-A211719.md
A210151,31 August 2026,papers/4001-4500/4200-PROOF.pdf,yes,comments/A208405-A211719.md
A210158,31 August 2026,papers/3001-3500/3122-PROOF.pdf,yes,comments/A208405-A211719.md
A210159,31 August 2026,papers/2001-2500/2469-PROOF.pdf,yes,comments/A208405-A211719.md
A210160,31 August 2026,papers/1501-2000/1734-PROOF.pdf,yes,comments/A208405-A211719.md
A210161,31 August 2026,papers/1001-1500/1225-PROOF.pdf,yes,comments/A208405-A211719.md
A210167,3 September 2026,papers/2501-3000/2810-PROOF.pdf,yes,comments/A208405-A211719.md
A210168,3 September 2026,papers/2001-2500/2068-PROOF.pdf,yes,comments/A208405-A211719.md
A210169,3 September 2026,papers/1001-1500/1470-PROOF.pdf,yes,comments/A208405-A211719.md
A210170,3 September 2026,papers/1001-1500/1088-PROOF.pdf,yes,comments/A208405-A211719.md
A210176,3 September 2026,papers/3001-3500/3046-PROOF.pdf,yes,comments/A208405-A211719.md
A210177,3 September 2026,papers/2001-2500/2281-PROOF.pdf,yes,comments/A208405-A211719.md
A210178,3 September 2026,papers/1501-2000/1713-PROOF.pdf,yes,comments/A208405-A211719.md
A210179,3 September 2026,papers/1001-1500/1130-PROOF.pdf,yes,comments/A208405-A211719.md
A210260,3 September 2026,papers/3001-3500/3047-PROOF.pdf,yes,comments/A208405-A211719.md
A210261,3 September 2026,papers/2001-2500/2282-PROOF.pdf,yes,comments/A208405-A211719.md
A210262,3 September 2026,papers/1501-2000/1640-PROOF.pdf,yes,comments/A208405-A211719.md
A210263,3 September 2026,papers/1001-1500/1131-PROOF.pdf,yes,comments/A208405-A211719.md
A210269,31 August 2026,papers/9001-9500/9174-PROOF.pdf,yes,comments/A208405-A211719.md
A210270,31 August 2026,papers/7501-8000/7667-PROOF.pdf,yes,comments/A208405-A211719.md
A210271,31 August 2026,papers/5001-5500/5472-PROOF.pdf,yes,comments/A208405-A211719.md
A210272,31 August 2026,papers/3501-4000/3673-PROOF.pdf,yes,comments/A208405-A211719.md
A210293,31 August 2026,papers/8501-9000/8895-PROOF.pdf,yes,comments/A208405-A211719.md
A210294,31 August 2026,papers/6501-7000/6759-PROOF.pdf,yes,comments/A208405-A211719.md
A210295,31 August 2026,papers/3501-4000/3788-PROOF.pdf,yes,comments/A208405-A211719.md
A210302,3 September 2026,papers/2501-3000/2811-PROOF.pdf,yes,comments/A208405-A211719.md
A210303,3 September 2026,papers/2001-2500/2417-PROOF.pdf,yes,comments/A208405-A211719.md
A210304,3 September 2026,papers/1501-2000/1579-PROOF.pdf,yes,comments/A208405-A211719.md
A210305,3 September 2026,papers/1001-1500/1113-PROOF.pdf,yes,comments/A208405-A211719.md
A210313,3 September 2026,papers/2501-3000/2638-PROOF.pdf,yes,comments/A208405-A211719.md
A210314,3 September 2026,papers/2001-2500/2069-PROOF.pdf,yes,comments/A208405-A211719.md
A210315,3 September 2026,papers/1501-2000/1543-PROOF.pdf,yes,comments/A208405-A211719.md
A210316,3 September 2026,papers/1001-1500/1132-PROOF.pdf,yes,comments/A208405-A211719.md
A210328,2 September 2026,papers/8001-8500/8387-PROOF.pdf,yes,comments/A208405-A211719.md
A210329,31 August 2026,papers/5501-6000/5902-PROOF.pdf,yes,comments/A208405-A211719.md
A210330,31 August 2026,papers/3501-4000/3620-PROOF.pdf,yes,comments/A208405-A211719.md
A210348,2 September 2026,papers/8501-9000/8610-PROOF.pdf,yes,comments/A208405-A211719.md
A210349,31 August 2026,papers/5501-6000/5903-PROOF.pdf,yes,comments/A208405-A211719.md
A210350,31 August 2026,papers/3501-4000/3621-PROOF.pdf,yes,comments/A208405-A211719.md
A210383,31 August 2026,papers/9001-9500/9175-PROOF.pdf,yes,comments/A208405-A211719.md
A210384,31 August 2026,papers/8001-8500/8355-PROOF.pdf,yes,comments/A208405-A211719.md
A210385,31 August 2026,papers/6001-6500/6417-PROOF.pdf,yes,comments/A208405-A211719.md
A210386,31 August 2026,papers/4001-4500/4464-PROOF.pdf,yes,comments/A208405-A211719.md
A210397,31 August 2026,papers/3001-3500/3286-PROOF.pdf,yes,comments/A208405-A211719.md
A210398,31 August 2026,papers/2501-3000/2848-PROOF.pdf,yes,comments/A208405-A211719.md
A210399,31 August 2026,papers/1501-2000/1943-PROOF.pdf,yes,comments/A208405-A211719.md
A210400,31 August 2026,papers/1001-1500/1330-PROOF.pdf,yes,comments/A208405-A211719.md
A210406,31 August 2026,papers/3001-3500/3387-PROOF.pdf,yes,comments/A208405-A211719.md
A210407,31 August 2026,papers/3001-3500/3088-PROOF.pdf,yes,comments/A208405-A211719.md
A210408,31 August 2026,papers/2001-2500/2190-PROOF.pdf,yes,comments/A208405-A211719.md
A210409,31 August 2026,papers/1001-1500/1345-PROOF.pdf,yes,comments/A208405-A211719.md
A210474,25 August 2026,papers/9501-10000/9893-PROOF.pdf,yes,comments/A208405-A211719.md
A210496,25 August 2026,papers/9501-10000/9638-PROOF.pdf,yes,comments/A208405-A211719.md
A210781,7 September 2026,papers/1001-1500/1141-PROOF.pdf,yes,comments/A208405-A211719.md
A211114,4 September 2026,papers/0001-0500/0107-PROOF.pdf,yes,comments/A208405-A211719.md
A211115,4 September 2026,papers/0001-0500/0101-PROOF.pdf,yes,comments/A208405-A211719.md
A211116,4 September 2026,papers/0001-0500/0100-PROOF.pdf,yes,comments/A208405-A211719.md
A211117,4 September 2026,papers/0001-0500/0106-PROOF.pdf,yes,comments/A208405-A211719.md
A211253,4 September 2026,papers/0001-0500/0114-PROOF.pdf,yes,comments/A208405-A211719.md
A211254,4 September 2026,papers/0001-0500/0090-PROOF.pdf,yes,comments/A208405-A211719.md
A211255,4 September 2026,papers/0001-0500/0087-PROOF.pdf,yes,comments/A208405-A211719.md
A211256,4 September 2026,papers/0001-0500/0079-PROOF.pdf,yes,comments/A208405-A211719.md
A211257,4 September 2026,papers/0001-0500/0066-PROOF.pdf,yes,comments/A208405-A211719.md
A211258,4 September 2026,papers/0001-0500/0064-PROOF.pdf,yes,comments/A208405-A211719.md
A211259,4 September 2026,papers/0001-0500/0055-PROOF.pdf,yes,comments/A208405-A211719.md
A211260,4 September 2026,papers/0001-0500/0085-PROOF.pdf,yes,comments/A208405-A211719.md
A211278,25 August 2026,papers/9501-10000/9800-PROOF.pdf,yes,comments/A208405-A211719.md
A211322,2 September 2026,papers/9501-10000/9508-PROOF.pdf,yes,comments/A208405-A211719.md
A211323,4 September 2026,papers/0001-0500/0109-PROOF.pdf,yes,comments/A208405-A211719.md
A211324,4 September 2026,papers/0001-0500/0105-PROOF.pdf,yes,comments/A208405-A211719.md
A211325,4 September 2026,papers/0001-0500/0095-PROOF.pdf,yes,comments/A208405-A211719.md
A211326,4 September 2026,papers/0001-0500/0096-PROOF.pdf,yes,comments/A208405-A211719.md
A211327,2 September 2026,papers/9001-9500/9457-PROOF.pdf,yes,comments/A208405-A211719.md
A211328,4 September 2026,papers/0001-0500/0104-PROOF.pdf,yes,comments/A208405-A211719.md
A211329,4 September 2026,papers/0001-0500/0115-PROOF.pdf,yes,comments/A208405-A211719.md
A211330,4 September 2026,papers/0001-0500/0094-PROOF.pdf,yes,comments/A208405-A211719.md
A211331,4 September 2026,papers/0001-0500/0093-PROOF.pdf,yes,comments/A208405-A211719.md
A211332,4 September 2026,papers/0001-0500/0073-PROOF.pdf,yes,comments/A208405-A211719.md
A211333,4 September 2026,papers/0001-0500/0070-PROOF.pdf,yes,comments/A208405-A211719.md
A211334,4 September 2026,papers/0001-0500/0098-PROOF.pdf,yes,comments/A208405-A211719.md
A211335,4 September 2026,papers/0001-0500/0088-PROOF.pdf,yes,comments/A208405-A211719.md
A211336,4 September 2026,papers/0001-0500/0092-PROOF.pdf,yes,comments/A208405-A211719.md
A211442,4 September 2026,papers/0001-0500/0089-PROOF.pdf,yes,comments/A208405-A211719.md
A211443,4 September 2026,papers/0001-0500/0086-PROOF.pdf,yes,comments/A208405-A211719.md
A211444,4 September 2026,papers/0001-0500/0065-PROOF.pdf,yes,comments/A208405-A211719.md
A211445,4 September 2026,papers/0001-0500/0063-PROOF.pdf,yes,comments/A208405-A211719.md
A211448,4 September 2026,papers/0001-0500/0081-PROOF.pdf,yes,comments/A208405-A211719.md
A211466,4 September 2026,papers/0001-0500/0113-PROOF.pdf,yes,comments/A208405-A211719.md
A211467,4 September 2026,papers/0001-0500/0084-PROOF.pdf,yes,comments/A208405-A211719.md
A211468,4 September 2026,papers/0001-0500/0082-PROOF.pdf,yes,comments/A208405-A211719.md
A211469,4 September 2026,papers/0001-0500/0067-PROOF.pdf,yes,comments/A208405-A211719.md
A211470,4 September 2026,papers/0001-0500/0062-PROOF.pdf,yes,comments/A208405-A211719.md
A211473,4 September 2026,papers/0001-0500/0077-PROOF.pdf,yes,comments/A208405-A211719.md
A211490,2 September 2026,papers/9501-10000/9509-PROOF.pdf,yes,comments/A208405-A211719.md
A211491,4 September 2026,papers/0001-0500/0103-PROOF.pdf,yes,comments/A208405-A211719.md
A211492,4 September 2026,papers/0001-0500/0099-PROOF.pdf,yes,comments/A208405-A211719.md
A211493,4 September 2026,papers/0001-0500/0083-PROOF.pdf,yes,comments/A208405-A211719.md
A211494,4 September 2026,papers/0001-0500/0076-PROOF.pdf,yes,comments/A208405-A211719.md
A211495,4 September 2026,papers/0001-0500/0102-PROOF.pdf,yes,comments/A208405-A211719.md
A211496,4 September 2026,papers/0001-0500/0091-PROOF.pdf,yes,comments/A208405-A211719.md
A211497,4 September 2026,papers/0001-0500/0097-PROOF.pdf,yes,comments/A208405-A211719.md
A211549,4 September 2026,papers/0001-0500/0112-PROOF.pdf,yes,comments/A208405-A211719.md
A211550,4 September 2026,papers/0001-0500/0080-PROOF.pdf,yes,comments/A208405-A211719.md
A211551,4 September 2026,papers/0001-0500/0078-PROOF.pdf,yes,comments/A208405-A211719.md
A211552,4 September 2026,papers/0001-0500/0061-PROOF.pdf,yes,comments/A208405-A211719.md
A211553,4 September 2026,papers/0001-0500/0058-PROOF.pdf,yes,comments/A208405-A211719.md
A211556,4 September 2026,papers/0001-0500/0074-PROOF.pdf,yes,comments/A208405-A211719.md
A211710,4 September 2026,papers/0001-0500/0110-PROOF.pdf,yes,comments/A208405-A211719.md
A211711,4 September 2026,papers/0001-0500/0071-PROOF.pdf,yes,comments/A208405-A211719.md
A211712,4 September 2026,papers/0001-0500/0069-PROOF.pdf,yes,comments/A208405-A211719.md
A211713,4 September 2026,papers/0001-0500/0059-PROOF.pdf,yes,comments/A208405-A211719.md
A211714,4 September 2026,papers/0001-0500/0056-PROOF.pdf,yes,comments/A208405-A211719.md
A211715,2 September 2026,papers/9501-10000/9586-PROOF.pdf,yes,comments/A208405-A211719.md
A211719,2 September 2026,papers/9501-10000/9587-PROOF.pdf,yes,comments/A208405-A211719.md
A211813,4 September 2026,papers/0001-0500/0111-PROOF.pdf,yes,comments/A211813-A221821.md
A211814,4 September 2026,papers/0001-0500/0075-PROOF.pdf,yes,comments/A211813-A221821.md
A211815,4 September 2026,papers/0001-0500/0072-PROOF.pdf,yes,comments/A211813-A221821.md
A211816,4 September 2026,papers/0001-0500/0060-PROOF.pdf,yes,comments/A211813-A221821.md
A211817,4 September 2026,papers/0001-0500/0057-PROOF.pdf,yes,comments/A211813-A221821.md
A211820,4 September 2026,papers/0001-0500/0068-PROOF.pdf,yes,comments/A211813-A221821.md
A212205,25 August 2026,papers/9501-10000/9645-PROOF.pdf,yes,comments/A211813-A221821.md
A212696,25 August 2026,papers/9001-9500/9313-PROOF.pdf,yes,comments/A211813-A221821.md
A212925,7 September 2026,papers/3001-3500/3304-PROOF.pdf,yes,comments/A211813-A221821.md
A212926,7 September 2026,papers/2501-3000/2890-PROOF.pdf,yes,comments/A211813-A221821.md
A212927,7 September 2026,papers/2001-2500/2476-PROOF.pdf,yes,comments/A211813-A221821.md
A212928,7 September 2026,papers/2001-2500/2001-PROOF.pdf,yes,comments/A211813-A221821.md
A212929,7 September 2026,papers/1501-2000/1797-PROOF.pdf,yes,comments/A211813-A221821.md
A212938,30 August 2026,papers/10001-10500/10029-PROOF.pdf,yes,comments/A211813-A221821.md
A212939,7 September 2026,papers/2501-3000/2891-PROOF.pdf,yes,comments/A211813-A221821.md
A212940,7 September 2026,papers/2001-2500/2477-PROOF.pdf,yes,comments/A211813-A221821.md
A212941,7 September 2026,papers/2001-2500/2002-PROOF.pdf,yes,comments/A211813-A221821.md
A212942,7 September 2026,papers/1501-2000/1798-PROOF.pdf,yes,comments/A211813-A221821.md
A213203,30 August 2026,papers/9001-9500/9366-PROOF.pdf,yes,comments/A211813-A221821.md
A213801,30 August 2026,papers/9001-9500/9364-PROOF.pdf,yes,comments/A211813-A221821.md
A214098,2 September 2026,papers/2501-3000/2997-PROOF.pdf,yes,comments/A211813-A221821.md
A214099,2 September 2026,papers/3001-3500/3197-PROOF.pdf,yes,comments/A211813-A221821.md
A214100,2 September 2026,papers/2001-2500/2397-PROOF.pdf,yes,comments/A211813-A221821.md
A214102,2 September 2026,papers/2001-2500/2459-PROOF.pdf,yes,comments/A211813-A221821.md
A214103,2 September 2026,papers/1501-2000/1984-PROOF.pdf,yes,comments/A211813-A221821.md
A214104,2 September 2026,papers/1001-1500/1368-PROOF.pdf,yes,comments/A211813-A221821.md
A214105,2 September 2026,papers/1001-1500/1222-PROOF.pdf,yes,comments/A211813-A221821.md
A214107,2 September 2026,papers/3001-3500/3202-PROOF.pdf,yes,comments/A211813-A221821.md
A214108,2 September 2026,papers/3001-3500/3320-PROOF.pdf,yes,comments/A211813-A221821.md
A214109,2 September 2026,papers/2501-3000/2613-PROOF.pdf,yes,comments/A211813-A221821.md
A214110,2 September 2026,papers/2501-3000/2571-PROOF.pdf,yes,comments/A211813-A221821.md
A214111,2 September 2026,papers/1501-2000/1769-PROOF.pdf,yes,comments/A211813-A221821.md
A214113,2 September 2026,papers/3001-3500/3061-PROOF.pdf,yes,comments/A211813-A221821.md
A214114,2 September 2026,papers/2001-2500/2072-PROOF.pdf,yes,comments/A211813-A221821.md
A214115,2 September 2026,papers/1001-1500/1429-PROOF.pdf,yes,comments/A211813-A221821.md
A214135,2 September 2026,papers/3001-3500/3339-PROOF.pdf,yes,comments/A211813-A221821.md
A214136,2 September 2026,papers/2501-3000/2726-PROOF.pdf,yes,comments/A211813-A221821.md
A214137,2 September 2026,papers/3001-3500/3242-PROOF.pdf,yes,comments/A211813-A221821.md
A214138,2 September 2026,papers/2001-2500/2075-PROOF.pdf,yes,comments/A211813-A221821.md
A214139,2 September 2026,papers/2001-2500/2146-PROOF.pdf,yes,comments/A211813-A221821.md
A214142,2 September 2026,papers/3001-3500/3089-PROOF.pdf,yes,comments/A211813-A221821.md
A214143,2 September 2026,papers/2501-3000/2618-PROOF.pdf,yes,comments/A211813-A221821.md
A214144,2 September 2026,papers/1501-2000/1772-PROOF.pdf,yes,comments/A211813-A221821.md
A214145,2 September 2026,papers/1001-1500/1252-PROOF.pdf,yes,comments/A211813-A221821.md
A214160,2 September 2026,papers/9501-10000/9510-PROOF.pdf,yes,comments/A211813-A221821.md
A214161,2 September 2026,papers/2001-2500/2466-PROOF.pdf,yes,comments/A211813-A221821.md
A214162,2 September 2026,papers/2501-3000/2800-PROOF.pdf,yes,comments/A211813-A221821.md
A214163,2 September 2026,papers/1501-2000/1778-PROOF.pdf,yes,comments/A211813-A221821.md
A214167,2 September 2026,papers/2501-3000/2832-PROOF.pdf,yes,comments/A211813-A221821.md
A214168,2 September 2026,papers/2001-2500/2293-PROOF.pdf,yes,comments/A211813-A221821.md
A214169,2 September 2026,papers/1501-2000/1506-PROOF.pdf,yes,comments/A211813-A221821.md
A214181,2 September 2026,papers/9001-9500/9458-PROOF.pdf,yes,comments/A211813-A221821.md
A214182,2 September 2026,papers/2001-2500/2202-PROOF.pdf,yes,comments/A211813-A221821.md
A214183,2 September 2026,papers/2001-2500/2445-PROOF.pdf,yes,comments/A211813-A221821.md
A214188,2 September 2026,papers/2501-3000/2643-PROOF.pdf,yes,comments/A211813-A221821.md
A214189,2 September 2026,papers/2001-2500/2064-PROOF.pdf,yes,comments/A211813-A221821.md
A214190,2 September 2026,papers/1001-1500/1369-PROOF.pdf,yes,comments/A211813-A221821.md
A214232,2 September 2026,papers/2501-3000/2889-PROOF.pdf,yes,comments/A211813-A221821.md
A214233,2 September 2026,papers/1501-2000/1996-PROOF.pdf,yes,comments/A211813-A221821.md
A214234,2 September 2026,papers/2001-2500/2184-PROOF.pdf,yes,comments/A211813-A221821.md
A214239,2 September 2026,papers/2001-2500/2449-PROOF.pdf,yes,comments/A211813-A221821.md
A214240,2 September 2026,papers/1501-2000/1923-PROOF.pdf,yes,comments/A211813-A221821.md
A214241,2 September 2026,papers/1001-1500/1273-PROOF.pdf,yes,comments/A211813-A221821.md
A214907,2 September 2026,papers/9001-9500/9375-PROOF.pdf,yes,comments/A211813-A221821.md
A215973,25 August 2026,papers/9501-10000/9754-PROOF.pdf,yes,comments/A211813-A221821.md
A217268,3 September 2026,papers/0501-1000/0936-PROOF.pdf,yes,comments/A211813-A221821.md
A217333,25 August 2026,papers/9501-10000/9786-PROOF.pdf,yes,comments/A211813-A221821.md
A217340,3 September 2026,papers/0501-1000/0972-PROOF.pdf,yes,comments/A211813-A221821.md
A217341,3 September 2026,papers/0501-1000/0614-PROOF.pdf,yes,comments/A211813-A221821.md
A217358,26 August 2026,papers/10001-10500/10047-PROOF.pdf,yes,comments/A211813-A221821.md
A217447,26 August 2026,papers/10001-10500/10041-PROOF.pdf,yes,comments/A211813-A221821.md
A217450,2 September 2026,papers/0501-1000/0983-PROOF.pdf,yes,comments/A211813-A221821.md
A217451,2 September 2026,papers/0501-1000/0708-PROOF.pdf,yes,comments/A211813-A221821.md
A217633,2 September 2026,papers/0001-0500/0444-PROOF.pdf,yes,comments/A211813-A221821.md
A217639,2 September 2026,papers/0501-1000/0865-PROOF.pdf,yes,comments/A211813-A221821.md
A217640,2 September 2026,papers/0501-1000/0581-PROOF.pdf,yes,comments/A211813-A221821.md
A217711,25 August 2026,papers/9501-10000/9738-PROOF.pdf,yes,comments/A211813-A221821.md
A217958,2 September 2026,papers/0501-1000/0980-PROOF.pdf,yes,comments/A211813-A221821.md
A217959,2 September 2026,papers/0501-1000/0894-PROOF.pdf,yes,comments/A211813-A221821.md
A217960,2 September 2026,papers/0501-1000/0540-PROOF.pdf,yes,comments/A211813-A221821.md
A217965,2 September 2026,papers/0501-1000/0639-PROOF.pdf,yes,comments/A211813-A221821.md
A217978,2 September 2026,papers/0501-1000/0783-PROOF.pdf,yes,comments/A211813-A221821.md
A217979,2 September 2026,papers/0001-0500/0466-PROOF.pdf,yes,comments/A211813-A221821.md
A217980,2 September 2026,papers/0001-0500/0371-PROOF.pdf,yes,comments/A211813-A221821.md
A218051,2 September 2026,papers/0501-1000/0910-PROOF.pdf,yes,comments/A211813-A221821.md
A218059,2 September 2026,papers/1001-1500/1008-PROOF.pdf,yes,comments/A211813-A221821.md
A218060,2 September 2026,papers/0501-1000/0854-PROOF.pdf,yes,comments/A211813-A221821.md
A218061,2 September 2026,papers/0501-1000/0634-PROOF.pdf,yes,comments/A211813-A221821.md
A218062,2 September 2026,papers/0001-0500/0473-PROOF.pdf,yes,comments/A211813-A221821.md
A218065,2 September 2026,papers/0501-1000/0912-PROOF.pdf,yes,comments/A211813-A221821.md
A218066,2 September 2026,papers/0501-1000/0553-PROOF.pdf,yes,comments/A211813-A221821.md
A218078,2 September 2026,papers/1001-1500/1012-PROOF.pdf,yes,comments/A211813-A221821.md
A218079,2 September 2026,papers/0501-1000/0907-PROOF.pdf,yes,comments/A211813-A221821.md
A218080,2 September 2026,papers/0501-1000/0596-PROOF.pdf,yes,comments/A211813-A221821.md
A218081,2 September 2026,papers/0001-0500/0443-PROOF.pdf,yes,comments/A211813-A221821.md
A218175,2 September 2026,papers/0501-1000/0594-PROOF.pdf,yes,comments/A211813-A221821.md
A218176,2 September 2026,papers/0001-0500/0237-PROOF.pdf,yes,comments/A211813-A221821.md
A218185,25 August 2026,papers/9001-9500/9459-PROOF.pdf,yes,comments/A211813-A221821.md
A218189,2 September 2026,papers/0501-1000/0794-PROOF.pdf,yes,comments/A211813-A221821.md
A218190,2 September 2026,papers/0501-1000/0601-PROOF.pdf,yes,comments/A211813-A221821.md
A218191,2 September 2026,papers/0001-0500/0347-PROOF.pdf,yes,comments/A211813-A221821.md
A218199,2 September 2026,papers/0501-1000/0918-PROOF.pdf,yes,comments/A211813-A221821.md
A218200,2 September 2026,papers/0501-1000/0714-PROOF.pdf,yes,comments/A211813-A221821.md
A218201,2 September 2026,papers/0001-0500/0430-PROOF.pdf,yes,comments/A211813-A221821.md
A218227,2 September 2026,papers/0501-1000/0717-PROOF.pdf,yes,comments/A211813-A221821.md
A218228,2 September 2026,papers/0501-1000/0520-PROOF.pdf,yes,comments/A211813-A221821.md
A218236,2 September 2026,papers/0501-1000/0787-PROOF.pdf,yes,comments/A211813-A221821.md
A218237,2 September 2026,papers/0501-1000/0780-PROOF.pdf,yes,comments/A211813-A221821.md
A218281,2 September 2026,papers/0501-1000/0719-PROOF.pdf,yes,comments/A211813-A221821.md
A218282,2 September 2026,papers/0501-1000/0521-PROOF.pdf,yes,comments/A211813-A221821.md
A218313,2 September 2026,papers/0501-1000/0913-PROOF.pdf,yes,comments/A211813-A221821.md
A218314,2 September 2026,papers/0501-1000/0890-PROOF.pdf,yes,comments/A211813-A221821.md
A218315,7 September 2026,papers/6501-7000/6564-PROOF.pdf,yes,comments/A211813-A221821.md
A218348,6 September 2026,papers/2501-3000/2833-PROOF.pdf,yes,comments/A211813-A221821.md
A218366,2 September 2026,papers/0501-1000/0602-PROOF.pdf,yes,comments/A211813-A221821.md
A218367,2 September 2026,papers/0001-0500/0429-PROOF.pdf,yes,comments/A211813-A221821.md
A218516,2 September 2026,papers/0501-1000/0899-PROOF.pdf,yes,comments/A211813-A221821.md
A218517,2 September 2026,papers/0501-1000/0774-PROOF.pdf,yes,comments/A211813-A221821.md
A218523,2 September 2026,papers/0501-1000/0530-PROOF.pdf,yes,comments/A211813-A221821.md
A218587,2 September 2026,papers/0501-1000/0900-PROOF.pdf,yes,comments/A211813-A221821.md
A218588,2 September 2026,papers/0501-1000/0704-PROOF.pdf,yes,comments/A211813-A221821.md
A218593,2 September 2026,papers/0501-1000/0598-PROOF.pdf,yes,comments/A211813-A221821.md
A218594,2 September 2026,papers/0001-0500/0345-PROOF.pdf,yes,comments/A211813-A221821.md
A218633,2 September 2026,papers/0001-0500/0485-PROOF.pdf,yes,comments/A211813-A221821.md
A218645,2 September 2026,papers/0501-1000/0756-PROOF.pdf,yes,comments/A211813-A221821.md
A218646,2 September 2026,papers/0001-0500/0422-PROOF.pdf,yes,comments/A211813-A221821.md
A218661,4 September 2026,papers/1501-2000/1528-PROOF.pdf,yes,comments/A211813-A221821.md
A218662,4 September 2026,papers/1001-1500/1143-PROOF.pdf,yes,comments/A211813-A221821.md
A218759,2 September 2026,papers/0501-1000/0793-PROOF.pdf,yes,comments/A211813-A221821.md
A218760,2 September 2026,papers/0001-0500/0487-PROOF.pdf,yes,comments/A211813-A221821.md
A218804,2 September 2026,papers/0501-1000/0786-PROOF.pdf,yes,comments/A211813-A221821.md
A218805,2 September 2026,papers/0501-1000/0782-PROOF.pdf,yes,comments/A211813-A221821.md
A218811,2 September 2026,papers/0001-0500/0486-PROOF.pdf,yes,comments/A211813-A221821.md
A218837,2 September 2026,papers/1001-1500/1010-PROOF.pdf,yes,comments/A211813-A221821.md
A218838,2 September 2026,papers/0501-1000/0896-PROOF.pdf,yes,comments/A211813-A221821.md
A218839,2 September 2026,papers/0501-1000/0517-PROOF.pdf,yes,comments/A211813-A221821.md
A218843,2 September 2026,papers/0501-1000/0791-PROOF.pdf,yes,comments/A211813-A221821.md
A218892,2 September 2026,papers/0501-1000/0911-PROOF.pdf,yes,comments/A211813-A221821.md
A218893,2 September 2026,papers/0501-1000/0582-PROOF.pdf,yes,comments/A211813-A221821.md
A218894,2 September 2026,papers/0001-0500/0348-PROOF.pdf,yes,comments/A211813-A221821.md
A218898,2 September 2026,papers/0501-1000/0917-PROOF.pdf,yes,comments/A211813-A221821.md
A218899,2 September 2026,papers/0501-1000/0586-PROOF.pdf,yes,comments/A211813-A221821.md
A218900,2 September 2026,papers/0001-0500/0402-PROOF.pdf,yes,comments/A211813-A221821.md
A218997,2 September 2026,papers/0501-1000/0905-PROOF.pdf,yes,comments/A211813-A221821.md
A219003,2 September 2026,papers/1001-1500/1011-PROOF.pdf,yes,comments/A211813-A221821.md
A219004,2 September 2026,papers/0501-1000/0840-PROOF.pdf,yes,comments/A211813-A221821.md
A219058,2 September 2026,papers/0501-1000/0597-PROOF.pdf,yes,comments/A211813-A221821.md
A219059,7 September 2026,papers/6501-7000/6582-PROOF.pdf,yes,comments/A211813-A221821.md
A219064,2 September 2026,papers/0501-1000/0700-PROOF.pdf,yes,comments/A211813-A221821.md
A219075,4 September 2026,papers/1001-1500/1391-PROOF.pdf,yes,comments/A211813-A221821.md
A219082,4 September 2026,papers/1001-1500/1283-PROOF.pdf,yes,comments/A211813-A221821.md
A219100,2 September 2026,papers/0501-1000/0916-PROOF.pdf,yes,comments/A211813-A221821.md
A219101,2 September 2026,papers/0501-1000/0552-PROOF.pdf,yes,comments/A211813-A221821.md
A219123,2 September 2026,papers/0501-1000/0626-PROOF.pdf,yes,comments/A211813-A221821.md
A219129,2 September 2026,papers/0501-1000/0763-PROOF.pdf,yes,comments/A211813-A221821.md
A219136,2 September 2026,papers/0501-1000/0870-PROOF.pdf,yes,comments/A211813-A221821.md
A219137,2 September 2026,papers/0501-1000/0764-PROOF.pdf,yes,comments/A211813-A221821.md
A219143,2 September 2026,papers/0501-1000/0987-PROOF.pdf,yes,comments/A211813-A221821.md
A219144,2 September 2026,papers/0501-1000/0522-PROOF.pdf,yes,comments/A211813-A221821.md
A219150,2 September 2026,papers/0501-1000/0919-PROOF.pdf,yes,comments/A211813-A221821.md
A219151,2 September 2026,papers/0501-1000/0675-PROOF.pdf,yes,comments/A211813-A221821.md
A219305,2 September 2026,papers/0501-1000/0533-PROOF.pdf,yes,comments/A211813-A221821.md
A219314,25 August 2026,papers/9501-10000/9709-PROOF.pdf,yes,comments/A211813-A221821.md
A219398,2 September 2026,papers/0501-1000/0788-PROOF.pdf,yes,comments/A211813-A221821.md
A219399,2 September 2026,papers/0001-0500/0477-PROOF.pdf,yes,comments/A211813-A221821.md
A219405,2 September 2026,papers/1001-1500/1009-PROOF.pdf,yes,comments/A211813-A221821.md
A219406,2 September 2026,papers/0501-1000/0859-PROOF.pdf,yes,comments/A211813-A221821.md
A219411,2 September 2026,papers/0501-1000/0914-PROOF.pdf,yes,comments/A211813-A221821.md
A219412,2 September 2026,papers/0501-1000/0638-PROOF.pdf,yes,comments/A211813-A221821.md
A219422,2 September 2026,papers/0501-1000/0869-PROOF.pdf,yes,comments/A211813-A221821.md
A219423,2 September 2026,papers/0001-0500/0439-PROOF.pdf,yes,comments/A211813-A221821.md
A219436,2 September 2026,papers/0501-1000/0644-PROOF.pdf,yes,comments/A211813-A221821.md
A219437,2 September 2026,papers/0001-0500/0418-PROOF.pdf,yes,comments/A211813-A221821.md
A219447,2 September 2026,papers/0501-1000/0599-PROOF.pdf,yes,comments/A211813-A221821.md
A219980,2 September 2026,papers/0501-1000/0642-PROOF.pdf,yes,comments/A211813-A221821.md
A220065,2 September 2026,papers/0501-1000/0534-PROOF.pdf,yes,comments/A211813-A221821.md
A220172,2 September 2026,papers/0501-1000/0795-PROOF.pdf,yes,comments/A211813-A221821.md
A220173,2 September 2026,papers/0001-0500/0292-PROOF.pdf,yes,comments/A211813-A221821.md
A220191,2 September 2026,papers/0501-1000/0792-PROOF.pdf,yes,comments/A211813-A221821.md
A220213,2 September 2026,papers/0501-1000/0718-PROOF.pdf,yes,comments/A211813-A221821.md
A220223,2 September 2026,papers/0001-0500/0393-PROOF.pdf,yes,comments/A211813-A221821.md
A220227,2 September 2026,papers/0501-1000/0765-PROOF.pdf,yes,comments/A211813-A221821.md
A220238,2 September 2026,papers/0001-0500/0174-PROOF.pdf,yes,comments/A211813-A221821.md
A220243,2 September 2026,papers/0501-1000/0587-PROOF.pdf,yes,comments/A211813-A221821.md
A220250,30 August 2026,papers/10001-10500/10030-PROOF.pdf,yes,comments/A211813-A221821.md
A220255,2 September 2026,papers/0501-1000/0713-PROOF.pdf,yes,comments/A211813-A221821.md
A220283,2 September 2026,papers/0001-0500/0175-PROOF.pdf,yes,comments/A211813-A221821.md
A220304,2 September 2026,papers/0501-1000/0676-PROOF.pdf,yes,comments/A211813-A221821.md
A220309,2 September 2026,papers/0501-1000/0715-PROOF.pdf,yes,comments/A211813-A221821.md
A220316,2 September 2026,papers/0001-0500/0452-PROOF.pdf,yes,comments/A211813-A221821.md
A220324,2 September 2026,papers/0501-1000/0971-PROOF.pdf,yes,comments/A211813-A221821.md
A220325,2 September 2026,papers/0001-0500/0300-PROOF.pdf,yes,comments/A211813-A221821.md
A220339,2 September 2026,papers/0001-0500/0453-PROOF.pdf,yes,comments/A211813-A221821.md
A220372,2 September 2026,papers/0001-0500/0350-PROOF.pdf,yes,comments/A211813-A221821.md
A220381,2 September 2026,papers/0501-1000/0909-PROOF.pdf,yes,comments/A211813-A221821.md
A220382,2 September 2026,papers/0001-0500/0450-PROOF.pdf,yes,comments/A211813-A221821.md
A220387,2 September 2026,papers/0001-0500/0454-PROOF.pdf,yes,comments/A211813-A221821.md
A220407,2 September 2026,papers/0501-1000/0643-PROOF.pdf,yes,comments/A211813-A221821.md
A220456,2 September 2026,papers/0001-0500/0407-PROOF.pdf,yes,comments/A211813-A221821.md
A220529,2 September 2026,papers/0001-0500/0230-PROOF.pdf,yes,comments/A211813-A221821.md
A220534,2 September 2026,papers/0001-0500/0337-PROOF.pdf,yes,comments/A211813-A221821.md
A220538,2 September 2026,papers/0501-1000/0716-PROOF.pdf,yes,comments/A211813-A221821.md
A220542,2 September 2026,papers/0501-1000/0893-PROOF.pdf,yes,comments/A211813-A221821.md
A220547,2 September 2026,papers/8501-9000/8970-PROOF.pdf,yes,comments/A211813-A221821.md
A220548,2 September 2026,papers/8001-8500/8119-PROOF.pdf,yes,comments/A211813-A221821.md
A220549,2 September 2026,papers/6001-6500/6483-PROOF.pdf,yes,comments/A211813-A221821.md
A220550,2 September 2026,papers/4501-5000/4990-PROOF.pdf,yes,comments/A211813-A221821.md
A220551,2 September 2026,papers/3501-4000/3772-PROOF.pdf,yes,comments/A211813-A221821.md
A220558,2 September 2026,papers/8501-9000/8955-PROOF.pdf,yes,comments/A211813-A221821.md
A220559,2 September 2026,papers/8501-9000/8896-PROOF.pdf,yes,comments/A211813-A221821.md
A220560,2 September 2026,papers/7501-8000/7874-PROOF.pdf,yes,comments/A211813-A221821.md
A220561,2 September 2026,papers/8001-8500/8293-PROOF.pdf,yes,comments/A211813-A221821.md
A220563,6 September 2026,papers/3001-3500/3123-PROOF.pdf,yes,comments/A211813-A221821.md
A220564,2 September 2026,papers/8001-8500/8120-PROOF.pdf,yes,comments/A211813-A221821.md
A220565,2 September 2026,papers/6501-7000/6654-PROOF.pdf,yes,comments/A211813-A221821.md
A220566,2 September 2026,papers/4501-5000/4991-PROOF.pdf,yes,comments/A211813-A221821.md
A220567,2 September 2026,papers/3501-4000/3773-PROOF.pdf,yes,comments/A211813-A221821.md
A220574,2 September 2026,papers/0501-1000/0906-PROOF.pdf,yes,comments/A211813-A221821.md
A220575,2 September 2026,papers/0001-0500/0369-PROOF.pdf,yes,comments/A211813-A221821.md
A220590,2 September 2026,papers/8501-9000/8956-PROOF.pdf,yes,comments/A211813-A221821.md
A220591,2 September 2026,papers/7001-7500/7401-PROOF.pdf,yes,comments/A211813-A221821.md
A220592,2 September 2026,papers/5001-5500/5449-PROOF.pdf,yes,comments/A211813-A221821.md
A220593,2 September 2026,papers/3501-4000/3851-PROOF.pdf,yes,comments/A211813-A221821.md
A220597,2 September 2026,papers/7501-8000/7867-PROOF.pdf,yes,comments/A211813-A221821.md
A220598,2 September 2026,papers/5001-5500/5459-PROOF.pdf,yes,comments/A211813-A221821.md
A220599,2 September 2026,papers/3501-4000/3893-PROOF.pdf,yes,comments/A211813-A221821.md
A220611,2 September 2026,papers/8501-9000/8659-PROOF.pdf,yes,comments/A211813-A221821.md
A220612,2 September 2026,papers/6501-7000/6813-PROOF.pdf,yes,comments/A211813-A221821.md
A220613,2 September 2026,papers/6501-7000/6803-PROOF.pdf,yes,comments/A211813-A221821.md
A220616,2 September 2026,papers/8501-9000/8949-PROOF.pdf,yes,comments/A211813-A221821.md
A220617,2 September 2026,papers/7001-7500/7427-PROOF.pdf,yes,comments/A211813-A221821.md
A220618,2 September 2026,papers/7001-7500/7359-PROOF.pdf,yes,comments/A211813-A221821.md
A220619,2 September 2026,papers/4501-5000/4751-PROOF.pdf,yes,comments/A211813-A221821.md
A220620,2 September 2026,papers/4501-5000/4669-PROOF.pdf,yes,comments/A211813-A221821.md
A220622,2 September 2026,papers/8001-8500/8368-PROOF.pdf,yes,comments/A211813-A221821.md
A220623,2 September 2026,papers/7001-7500/7354-PROOF.pdf,yes,comments/A211813-A221821.md
A220624,2 September 2026,papers/6001-6500/6236-PROOF.pdf,yes,comments/A211813-A221821.md
A220625,2 September 2026,papers/4501-5000/4724-PROOF.pdf,yes,comments/A211813-A221821.md
A220626,2 September 2026,papers/3501-4000/3614-PROOF.pdf,yes,comments/A211813-A221821.md
A220629,2 September 2026,papers/8501-9000/8676-PROOF.pdf,yes,comments/A211813-A221821.md
A220630,2 September 2026,papers/7501-8000/7679-PROOF.pdf,yes,comments/A211813-A221821.md
A220631,2 September 2026,papers/6501-7000/6805-PROOF.pdf,yes,comments/A211813-A221821.md
A220633,2 September 2026,papers/9001-9500/9142-PROOF.pdf,yes,comments/A211813-A221821.md
A220634,2 September 2026,papers/8001-8500/8294-PROOF.pdf,yes,comments/A211813-A221821.md
A220635,2 September 2026,papers/6501-7000/6868-PROOF.pdf,yes,comments/A211813-A221821.md
A220636,2 September 2026,papers/5001-5500/5293-PROOF.pdf,yes,comments/A211813-A221821.md
A220637,2 September 2026,papers/3501-4000/3911-PROOF.pdf,yes,comments/A211813-A221821.md
A220639,2 September 2026,papers/9001-9500/9406-PROOF.pdf,yes,comments/A211813-A221821.md
A220640,2 September 2026,papers/9001-9500/9381-PROOF.pdf,yes,comments/A211813-A221821.md
A220641,2 September 2026,papers/6001-6500/6237-PROOF.pdf,yes,comments/A211813-A221821.md
A220642,2 September 2026,papers/4501-5000/4725-PROOF.pdf,yes,comments/A211813-A221821.md
A220647,2 September 2026,papers/8501-9000/8944-PROOF.pdf,yes,comments/A211813-A221821.md
A220648,2 September 2026,papers/7001-7500/7331-PROOF.pdf,yes,comments/A211813-A221821.md
A220649,2 September 2026,papers/5001-5500/5438-PROOF.pdf,yes,comments/A211813-A221821.md
A220676,2 September 2026,papers/8001-8500/8118-PROOF.pdf,yes,comments/A211813-A221821.md
A220677,2 September 2026,papers/5001-5500/5127-PROOF.pdf,yes,comments/A211813-A221821.md
A220678,2 September 2026,papers/3501-4000/3562-PROOF.pdf,yes,comments/A211813-A221821.md
A220683,2 September 2026,papers/8501-9000/8611-PROOF.pdf,yes,comments/A211813-A221821.md
A220684,2 September 2026,papers/6001-6500/6133-PROOF.pdf,yes,comments/A211813-A221821.md
A220685,2 September 2026,papers/4501-5000/4740-PROOF.pdf,yes,comments/A211813-A221821.md
A220705,2 September 2026,papers/8001-8500/8437-PROOF.pdf,yes,comments/A211813-A221821.md
A220706,2 September 2026,papers/7001-7500/7446-PROOF.pdf,yes,comments/A211813-A221821.md
A220707,2 September 2026,papers/5501-6000/5946-PROOF.pdf,yes,comments/A211813-A221821.md
A220709,2 September 2026,papers/8001-8500/8363-PROOF.pdf,yes,comments/A211813-A221821.md
A220710,2 September 2026,papers/8001-8500/8026-PROOF.pdf,yes,comments/A211813-A221821.md
A220711,2 September 2026,papers/5501-6000/5865-PROOF.pdf,yes,comments/A211813-A221821.md
A220712,2 September 2026,papers/5001-5500/5362-PROOF.pdf,yes,comments/A211813-A221821.md
A220713,2 September 2026,papers/8001-8500/8429-PROOF.pdf,yes,comments/A211813-A221821.md
A220714,2 September 2026,papers/5501-6000/5930-PROOF.pdf,yes,comments/A211813-A221821.md
A220715,2 September 2026,papers/3501-4000/3531-PROOF.pdf,yes,comments/A211813-A221821.md
A220720,2 September 2026,papers/8501-9000/8677-PROOF.pdf,yes,comments/A211813-A221821.md
A220721,2 September 2026,papers/7001-7500/7119-PROOF.pdf,yes,comments/A211813-A221821.md
A220722,2 September 2026,papers/5001-5500/5465-PROOF.pdf,yes,comments/A211813-A221821.md
A220723,2 September 2026,papers/3001-3500/3480-PROOF.pdf,yes,comments/A211813-A221821.md
A220726,2 September 2026,papers/8501-9000/8957-PROOF.pdf,yes,comments/A211813-A221821.md
A220727,2 September 2026,papers/7001-7500/7402-PROOF.pdf,yes,comments/A211813-A221821.md
A220728,2 September 2026,papers/5001-5500/5450-PROOF.pdf,yes,comments/A211813-A221821.md
A220729,2 September 2026,papers/3501-4000/3852-PROOF.pdf,yes,comments/A211813-A221821.md
A220733,2 September 2026,papers/8501-9000/8678-PROOF.pdf,yes,comments/A211813-A221821.md
A220734,2 September 2026,papers/5501-6000/5938-PROOF.pdf,yes,comments/A211813-A221821.md
A220735,2 September 2026,papers/3501-4000/3624-PROOF.pdf,yes,comments/A211813-A221821.md
A220739,2 September 2026,papers/8001-8500/8430-PROOF.pdf,yes,comments/A211813-A221821.md
A220740,2 September 2026,papers/5501-6000/5931-PROOF.pdf,yes,comments/A211813-A221821.md
A220741,2 September 2026,papers/3501-4000/3576-PROOF.pdf,yes,comments/A211813-A221821.md
A220749,2 September 2026,papers/9001-9500/9486-PROOF.pdf,yes,comments/A211813-A221821.md
A220757,2 September 2026,papers/0501-1000/0503-PROOF.pdf,yes,comments/A211813-A221821.md
A220762,2 September 2026,papers/0501-1000/0628-PROOF.pdf,yes,comments/A211813-A221821.md
A220792,2 September 2026,papers/0001-0500/0251-PROOF.pdf,yes,comments/A211813-A221821.md
A220795,2 September 2026,papers/0001-0500/0431-PROOF.pdf,yes,comments/A211813-A221821.md
A220801,2 September 2026,papers/0001-0500/0311-PROOF.pdf,yes,comments/A211813-A221821.md
A220806,2 September 2026,papers/0501-1000/0966-PROOF.pdf,yes,comments/A211813-A221821.md
A220914,2 September 2026,papers/0001-0500/0234-PROOF.pdf,yes,comments/A211813-A221821.md
A220917,2 September 2026,papers/0001-0500/0467-PROOF.pdf,yes,comments/A211813-A221821.md
A220920,2 September 2026,papers/0001-0500/0255-PROOF.pdf,yes,comments/A211813-A221821.md
A220923,2 September 2026,papers/0501-1000/0556-PROOF.pdf,yes,comments/A211813-A221821.md
A220932,2 September 2026,papers/9501-10000/9588-PROOF.pdf,yes,comments/A211813-A221821.md
A220936,2 September 2026,papers/0001-0500/0256-PROOF.pdf,yes,comments/A211813-A221821.md
A220939,3 September 2026,papers/0501-1000/0770-PROOF.pdf,yes,comments/A211813-A221821.md
A220964,2 September 2026,papers/0501-1000/0600-PROOF.pdf,yes,comments/A211813-A221821.md
A220971,2 September 2026,papers/0501-1000/0789-PROOF.pdf,yes,comments/A211813-A221821.md
A220972,2 September 2026,papers/0001-0500/0204-PROOF.pdf,yes,comments/A211813-A221821.md
A220994,2 September 2026,papers/0501-1000/0631-PROOF.pdf,yes,comments/A211813-A221821.md
A220997,3 September 2026,papers/0501-1000/0950-PROOF.pdf,yes,comments/A211813-A221821.md
A221022,2 September 2026,papers/9501-10000/9552-PROOF.pdf,yes,comments/A211813-A221821.md
A221030,2 September 2026,papers/0501-1000/0908-PROOF.pdf,yes,comments/A211813-A221821.md
A221031,2 September 2026,papers/0501-1000/0635-PROOF.pdf,yes,comments/A211813-A221821.md
A221036,2 September 2026,papers/0501-1000/0555-PROOF.pdf,yes,comments/A211813-A221821.md
A221059,2 September 2026,papers/0501-1000/0860-PROOF.pdf,yes,comments/A211813-A221821.md
A221063,2 September 2026,papers/0501-1000/0751-PROOF.pdf,yes,comments/A211813-A221821.md
A221066,2 September 2026,papers/0501-1000/0915-PROOF.pdf,yes,comments/A211813-A221821.md
A221067,7 September 2026,papers/0001-0500/0378-PROOF.pdf,yes,comments/A211813-A221821.md
A221082,2 September 2026,papers/9501-10000/9615-PROOF.pdf,yes,comments/A211813-A221821.md
A221083,3 September 2026,papers/0501-1000/0992-PROOF.pdf,yes,comments/A211813-A221821.md
A221088,3 September 2026,papers/0501-1000/0962-PROOF.pdf,yes,comments/A211813-A221821.md
A221089,3 September 2026,papers/0501-1000/0932-PROOF.pdf,yes,comments/A211813-A221821.md
A221103,3 September 2026,papers/0501-1000/0696-PROOF.pdf,yes,comments/A211813-A221821.md
A221110,3 September 2026,papers/0501-1000/0831-PROOF.pdf,yes,comments/A211813-A221821.md
A221115,3 September 2026,papers/0501-1000/0565-PROOF.pdf,yes,comments/A211813-A221821.md
A221121,2 September 2026,papers/9501-10000/9589-PROOF.pdf,yes,comments/A211813-A221821.md
A221126,3 September 2026,papers/0501-1000/0949-PROOF.pdf,yes,comments/A211813-A221821.md
A221134,3 September 2026,papers/0501-1000/0693-PROOF.pdf,yes,comments/A211813-A221821.md
A221162,3 September 2026,papers/0501-1000/0998-PROOF.pdf,yes,comments/A211813-A221821.md
A221189,3 September 2026,papers/0501-1000/0818-PROOF.pdf,yes,comments/A211813-A221821.md
A221196,3 September 2026,papers/1001-1500/1001-PROOF.pdf,yes,comments/A211813-A221821.md
A221201,3 September 2026,papers/0501-1000/0749-PROOF.pdf,yes,comments/A211813-A221821.md
A221223,3 September 2026,papers/0501-1000/0995-PROOF.pdf,yes,comments/A211813-A221821.md
A221226,3 September 2026,papers/0501-1000/0768-PROOF.pdf,yes,comments/A211813-A221821.md
A221230,3 September 2026,papers/0501-1000/0595-PROOF.pdf,yes,comments/A211813-A221821.md
A221236,3 September 2026,papers/0501-1000/0841-PROOF.pdf,yes,comments/A211813-A221821.md
A221241,3 September 2026,papers/0501-1000/0933-PROOF.pdf,yes,comments/A211813-A221821.md
A221246,3 September 2026,papers/0501-1000/0952-PROOF.pdf,yes,comments/A211813-A221821.md
A221251,3 September 2026,papers/0501-1000/0655-PROOF.pdf,yes,comments/A211813-A221821.md
A221256,3 September 2026,papers/0501-1000/0760-PROOF.pdf,yes,comments/A211813-A221821.md
A221257,3 September 2026,papers/0501-1000/0536-PROOF.pdf,yes,comments/A211813-A221821.md
A221266,3 September 2026,papers/0501-1000/0997-PROOF.pdf,yes,comments/A211813-A221821.md
A221270,3 September 2026,papers/0501-1000/0897-PROOF.pdf,yes,comments/A211813-A221821.md
A221276,3 September 2026,papers/0501-1000/0981-PROOF.pdf,yes,comments/A211813-A221821.md
A221297,3 September 2026,papers/0501-1000/0779-PROOF.pdf,yes,comments/A211813-A221821.md
A221304,3 September 2026,papers/0501-1000/0864-PROOF.pdf,yes,comments/A211813-A221821.md
A221305,3 September 2026,papers/0001-0500/0388-PROOF.pdf,yes,comments/A211813-A221821.md
A221323,3 September 2026,papers/0501-1000/0881-PROOF.pdf,yes,comments/A211813-A221821.md
A221329,3 September 2026,papers/0501-1000/0776-PROOF.pdf,yes,comments/A211813-A221821.md
A221338,3 September 2026,papers/0501-1000/0664-PROOF.pdf,yes,comments/A211813-A221821.md
A221348,3 September 2026,papers/0501-1000/0727-PROOF.pdf,yes,comments/A211813-A221821.md
A221352,3 September 2026,papers/0501-1000/0775-PROOF.pdf,yes,comments/A211813-A221821.md
A221357,3 September 2026,papers/0501-1000/0778-PROOF.pdf,yes,comments/A211813-A221821.md
A221374,2 September 2026,papers/9501-10000/9511-PROOF.pdf,yes,comments/A211813-A221821.md
A221379,3 September 2026,papers/0501-1000/0504-PROOF.pdf,yes,comments/A211813-A221821.md
A221397,3 September 2026,papers/0501-1000/1000-PROOF.pdf,yes,comments/A211813-A221821.md
A221401,3 September 2026,papers/0501-1000/0750-PROOF.pdf,yes,comments/A211813-A221821.md
A221404,3 September 2026,papers/0501-1000/0576-PROOF.pdf,yes,comments/A211813-A221821.md
A221414,3 September 2026,papers/1001-1500/1024-PROOF.pdf,yes,comments/A211813-A221821.md
A221415,3 September 2026,papers/0501-1000/0777-PROOF.pdf,yes,comments/A211813-A221821.md
A221420,3 September 2026,papers/0501-1000/0978-PROOF.pdf,yes,comments/A211813-A221821.md
A221421,3 September 2026,papers/0501-1000/0567-PROOF.pdf,yes,comments/A211813-A221821.md
A221425,3 September 2026,papers/0501-1000/0891-PROOF.pdf,yes,comments/A211813-A221821.md
A221430,3 September 2026,papers/0501-1000/0612-PROOF.pdf,yes,comments/A211813-A221821.md
A221478,3 September 2026,papers/0501-1000/0956-PROOF.pdf,yes,comments/A211813-A221821.md
A221484,3 September 2026,papers/0501-1000/0781-PROOF.pdf,yes,comments/A211813-A221821.md
A221548,3 September 2026,papers/0501-1000/0518-PROOF.pdf,yes,comments/A211813-A221821.md
A221552,3 September 2026,papers/0501-1000/0519-PROOF.pdf,yes,comments/A211813-A221821.md
A221587,2 September 2026,papers/0501-1000/0901-PROOF.pdf,yes,comments/A211813-A221821.md
A221588,2 September 2026,papers/9501-10000/9550-PROOF.pdf,yes,comments/A211813-A221821.md
A221589,2 September 2026,papers/9501-10000/9551-PROOF.pdf,yes,comments/A211813-A221821.md
A221604,3 September 2026,papers/0501-1000/0963-PROOF.pdf,yes,comments/A211813-A221821.md
A221610,3 September 2026,papers/0501-1000/0888-PROOF.pdf,yes,comments/A211813-A221821.md
A221619,2 September 2026,papers/9001-9500/9460-PROOF.pdf,yes,comments/A211813-A221821.md
A221633,2 September 2026,papers/0501-1000/0710-PROOF.pdf,yes,comments/A211813-A221821.md
A221652,3 September 2026,papers/1001-1500/1007-PROOF.pdf,yes,comments/A211813-A221821.md
A221656,3 September 2026,papers/0501-1000/0667-PROOF.pdf,yes,comments/A211813-A221821.md
A221663,2 September 2026,papers/0001-0500/0293-PROOF.pdf,yes,comments/A211813-A221821.md
A221664,2 September 2026,papers/0001-0500/0301-PROOF.pdf,yes,comments/A211813-A221821.md
A221667,2 September 2026,papers/0501-1000/0785-PROOF.pdf,yes,comments/A211813-A221821.md
A221673,3 September 2026,papers/0501-1000/0895-PROOF.pdf,yes,comments/A211813-A221821.md
A221687,3 September 2026,papers/0501-1000/0817-PROOF.pdf,yes,comments/A211813-A221821.md
A221689,3 September 2026,papers/0501-1000/0939-PROOF.pdf,yes,comments/A211813-A221821.md
A221694,3 September 2026,papers/0501-1000/0703-PROOF.pdf,yes,comments/A211813-A221821.md
A221726,3 September 2026,papers/0501-1000/0575-PROOF.pdf,yes,comments/A211813-A221821.md
A221731,2 September 2026,papers/9501-10000/9590-PROOF.pdf,yes,comments/A211813-A221821.md
A221732,3 September 2026,papers/0501-1000/0940-PROOF.pdf,yes,comments/A211813-A221821.md
A221737,3 September 2026,papers/0501-1000/0883-PROOF.pdf,yes,comments/A211813-A221821.md
A221746,3 September 2026,papers/0001-0500/0500-PROOF.pdf,yes,comments/A211813-A221821.md
A221751,3 September 2026,papers/0501-1000/0747-PROOF.pdf,yes,comments/A211813-A221821.md
A221756,3 September 2026,papers/0501-1000/0970-PROOF.pdf,yes,comments/A211813-A221821.md
A221757,3 September 2026,papers/0501-1000/0660-PROOF.pdf,yes,comments/A211813-A221821.md
A221764,2 September 2026,papers/9001-9500/9461-PROOF.pdf,yes,comments/A211813-A221821.md
A221769,3 September 2026,papers/0501-1000/0884-PROOF.pdf,yes,comments/A211813-A221821.md
A221770,3 September 2026,papers/0001-0500/0489-PROOF.pdf,yes,comments/A211813-A221821.md
A221774,3 September 2026,papers/0501-1000/0694-PROOF.pdf,yes,comments/A211813-A221821.md
A221777,3 September 2026,papers/0501-1000/0887-PROOF.pdf,yes,comments/A211813-A221821.md
A221781,3 September 2026,papers/0501-1000/0529-PROOF.pdf,yes,comments/A211813-A221821.md
A221783,3 September 2026,papers/0501-1000/0898-PROOF.pdf,yes,comments/A211813-A221821.md
A221788,2 September 2026,papers/9001-9500/9433-PROOF.pdf,yes,comments/A211813-A221821.md
A221795,3 September 2026,papers/0501-1000/0973-PROOF.pdf,yes,comments/A211813-A221821.md
A221796,3 September 2026,papers/0501-1000/0668-PROOF.pdf,yes,comments/A211813-A221821.md
A221801,3 September 2026,papers/0501-1000/0844-PROOF.pdf,yes,comments/A211813-A221821.md
A221805,3 September 2026,papers/0501-1000/0636-PROOF.pdf,yes,comments/A211813-A221821.md
A221810,3 September 2026,papers/0501-1000/0637-PROOF.pdf,yes,comments/A211813-A221821.md
A221818,3 September 2026,papers/0501-1000/0624-PROOF.pdf,yes,comments/A211813-A221821.md
A221821,3 September 2026,papers/0501-1000/0773-PROOF.pdf,yes,comments/A211813-A221821.md
A221825,3 September 2026,papers/0501-1000/0514-PROOF.pdf,yes,comments/A221825-A224572.md
A221829,2 September 2026,papers/9501-10000/9556-PROOF.pdf,yes,comments/A221825-A224572.md
A221830,3 September 2026,papers/0501-1000/0515-PROOF.pdf,yes,comments/A221825-A224572.md
A221853,3 September 2026,papers/0501-1000/0730-PROOF.pdf,yes,comments/A221825-A224572.md
A221870,3 September 2026,papers/0501-1000/0620-PROOF.pdf,yes,comments/A221825-A224572.md
A221883,3 September 2026,papers/0501-1000/0738-PROOF.pdf,yes,comments/A221825-A224572.md
A221887,3 September 2026,papers/0501-1000/0577-PROOF.pdf,yes,comments/A221825-A224572.md
A221891,3 September 2026,papers/0501-1000/0965-PROOF.pdf,yes,comments/A221825-A224572.md
A221894,3 September 2026,papers/0501-1000/0771-PROOF.pdf,yes,comments/A221825-A224572.md
A221899,3 September 2026,papers/0501-1000/0772-PROOF.pdf,yes,comments/A221825-A224572.md
A221922,3 September 2026,papers/0501-1000/0659-PROOF.pdf,yes,comments/A221825-A224572.md
A221930,3 September 2026,papers/0501-1000/0591-PROOF.pdf,yes,comments/A221825-A224572.md
A221933,3 September 2026,papers/0501-1000/0882-PROOF.pdf,yes,comments/A221825-A224572.md
A221938,3 September 2026,papers/0501-1000/0705-PROOF.pdf,yes,comments/A221825-A224572.md
A221939,2 September 2026,papers/4501-5000/4655-PROOF.pdf,no,comments/A221825-A224572.md
A222001,2 September 2026,papers/9001-9500/9462-PROOF.pdf,yes,comments/A221825-A224572.md
A222015,3 September 2026,papers/0501-1000/0707-PROOF.pdf,yes,comments/A221825-A224572.md
A222016,3 September 2026,papers/0001-0500/0344-PROOF.pdf,yes,comments/A221825-A224572.md
A222090,3 September 2026,papers/0501-1000/0767-PROOF.pdf,yes,comments/A221825-A224572.md
A222094,3 September 2026,papers/0501-1000/0769-PROOF.pdf,yes,comments/A221825-A224572.md
A222098,2 September 2026,papers/9501-10000/9591-PROOF.pdf,yes,comments/A221825-A224572.md
A222099,7 September 2026,papers/8501-9000/8692-PROOF.pdf,yes,comments/A221825-A224572.md
A222100,7 September 2026,papers/5501-6000/5944-PROOF.pdf,yes,comments/A221825-A224572.md
A222138,31 August 2026,papers/9001-9500/9283-PROOF.pdf,yes,comments/A221825-A224572.md
A222139,31 August 2026,papers/9001-9500/9206-PROOF.pdf,yes,comments/A221825-A224572.md
A222140,31 August 2026,papers/9001-9500/9037-PROOF.pdf,yes,comments/A221825-A224572.md
A222141,31 August 2026,papers/7501-8000/7933-PROOF.pdf,yes,comments/A221825-A224572.md
A222142,31 August 2026,papers/6501-7000/6827-PROOF.pdf,yes,comments/A221825-A224572.md
A222276,31 August 2026,papers/9001-9500/9205-PROOF.pdf,yes,comments/A221825-A224572.md
A222277,31 August 2026,papers/9001-9500/9030-PROOF.pdf,yes,comments/A221825-A224572.md
A222278,31 August 2026,papers/7501-8000/7917-PROOF.pdf,yes,comments/A221825-A224572.md
A222335,31 August 2026,papers/9001-9500/9282-PROOF.pdf,yes,comments/A221825-A224572.md
A222336,31 August 2026,papers/9001-9500/9224-PROOF.pdf,yes,comments/A221825-A224572.md
A222337,31 August 2026,papers/9001-9500/9022-PROOF.pdf,yes,comments/A221825-A224572.md
A222381,2 September 2026,papers/0501-1000/0790-PROOF.pdf,yes,comments/A221825-A224572.md
A222382,2 September 2026,papers/0501-1000/0892-PROOF.pdf,yes,comments/A221825-A224572.md
A222387,2 September 2026,papers/0001-0500/0149-PROOF.pdf,yes,comments/A221825-A224572.md
A222439,7 September 2026,papers/9001-9500/9279-PROOF.pdf,yes,comments/A221825-A224572.md
A222440,7 September 2026,papers/9001-9500/9190-PROOF.pdf,yes,comments/A221825-A224572.md
A222445,2 September 2026,papers/0001-0500/0363-PROOF.pdf,yes,comments/A221825-A224572.md
A222459,31 August 2026,papers/9001-9500/9222-PROOF.pdf,yes,comments/A221825-A224572.md
A222460,31 August 2026,papers/9001-9500/9016-PROOF.pdf,yes,comments/A221825-A224572.md
A222776,3 September 2026,papers/2501-3000/2747-PROOF.pdf,yes,comments/A221825-A224572.md
A222777,2 September 2026,papers/9001-9500/9434-PROOF.pdf,yes,comments/A221825-A224572.md
A222778,7 September 2026,papers/3001-3500/3127-PROOF.pdf,yes,comments/A221825-A224572.md
A222834,2 September 2026,papers/9001-9500/9498-PROOF.pdf,yes,comments/A221825-A224572.md
A222835,2 September 2026,papers/9001-9500/9432-PROOF.pdf,yes,comments/A221825-A224572.md
A222836,3 September 2026,papers/2001-2500/2006-PROOF.pdf,yes,comments/A221825-A224572.md
A222867,3 September 2026,papers/2501-3000/2974-PROOF.pdf,yes,comments/A221825-A224572.md
A222868,3 September 2026,papers/3001-3500/3151-PROOF.pdf,yes,comments/A221825-A224572.md
A222869,2 September 2026,papers/9501-10000/9557-PROOF.pdf,yes,comments/A221825-A224572.md
A222890,3 September 2026,papers/2501-3000/2546-PROOF.pdf,yes,comments/A221825-A224572.md
A222891,7 September 2026,papers/2501-3000/2691-PROOF.pdf,yes,comments/A221825-A224572.md
A222892,2 September 2026,papers/9001-9500/9435-PROOF.pdf,yes,comments/A221825-A224572.md
A222936,2 September 2026,papers/0001-0500/0286-PROOF.pdf,yes,comments/A221825-A224572.md
A222939,2 September 2026,papers/9001-9500/9495-PROOF.pdf,yes,comments/A221825-A224572.md
A222940,2 September 2026,papers/9501-10000/9558-PROOF.pdf,yes,comments/A221825-A224572.md
A222941,7 September 2026,papers/3001-3500/3401-PROOF.pdf,yes,comments/A221825-A224572.md
A222942,7 September 2026,papers/3001-3500/3129-PROOF.pdf,yes,comments/A221825-A224572.md
A222993,2 September 2026,papers/9001-9500/9415-PROOF.pdf,yes,comments/A221825-A224572.md
A223056,7 September 2026,papers/3001-3500/3124-PROOF.pdf,yes,comments/A221825-A224572.md
A223057,7 September 2026,papers/2501-3000/2681-PROOF.pdf,yes,comments/A221825-A224572.md
A223058,7 September 2026,papers/1501-2000/1998-PROOF.pdf,yes,comments/A221825-A224572.md
A223181,2 September 2026,papers/9501-10000/9561-PROOF.pdf,yes,comments/A221825-A224572.md
A223182,3 September 2026,papers/2501-3000/2713-PROOF.pdf,yes,comments/A221825-A224572.md
A223183,3 September 2026,papers/1501-2000/1906-PROOF.pdf,yes,comments/A221825-A224572.md
A223184,3 September 2026,papers/1001-1500/1293-PROOF.pdf,yes,comments/A221825-A224572.md
A223185,3 September 2026,papers/1001-1500/1036-PROOF.pdf,yes,comments/A221825-A224572.md
A223197,2 September 2026,papers/9501-10000/9592-PROOF.pdf,yes,comments/A221825-A224572.md
A223198,3 September 2026,papers/3001-3500/3175-PROOF.pdf,yes,comments/A221825-A224572.md
A223199,3 September 2026,papers/2501-3000/2706-PROOF.pdf,yes,comments/A221825-A224572.md
A223200,3 September 2026,papers/2001-2500/2360-PROOF.pdf,yes,comments/A221825-A224572.md
A223201,4 September 2026,papers/0501-1000/0590-PROOF.pdf,yes,comments/A221825-A224572.md
A223204,2 September 2026,papers/9501-10000/9593-PROOF.pdf,yes,comments/A221825-A224572.md
A223205,3 September 2026,papers/3001-3500/3172-PROOF.pdf,yes,comments/A221825-A224572.md
A223206,3 September 2026,papers/2001-2500/2373-PROOF.pdf,yes,comments/A221825-A224572.md
A223207,3 September 2026,papers/1501-2000/1905-PROOF.pdf,yes,comments/A221825-A224572.md
A223208,3 September 2026,papers/1001-1500/1377-PROOF.pdf,yes,comments/A221825-A224572.md
A223211,6 September 2026,papers/3001-3500/3389-PROOF.pdf,yes,comments/A221825-A224572.md
A223212,31 August 2026,papers/9001-9500/9214-PROOF.pdf,yes,comments/A221825-A224572.md
A223213,31 August 2026,papers/7501-8000/7791-PROOF.pdf,yes,comments/A221825-A224572.md
A223214,31 August 2026,papers/6501-7000/6537-PROOF.pdf,yes,comments/A221825-A224572.md
A223215,7 September 2026,papers/4001-4500/4305-PROOF.pdf,yes,comments/A221825-A224572.md
A223228,2 September 2026,papers/9501-10000/9594-PROOF.pdf,yes,comments/A221825-A224572.md
A223229,3 September 2026,papers/3001-3500/3152-PROOF.pdf,yes,comments/A221825-A224572.md
A223230,3 September 2026,papers/1501-2000/1955-PROOF.pdf,yes,comments/A221825-A224572.md
A223231,3 September 2026,papers/1001-1500/1418-PROOF.pdf,yes,comments/A221825-A224572.md
A223234,2 September 2026,papers/9501-10000/9562-PROOF.pdf,yes,comments/A221825-A224572.md
A223235,3 September 2026,papers/2501-3000/2913-PROOF.pdf,yes,comments/A221825-A224572.md
A223236,3 September 2026,papers/1501-2000/1903-PROOF.pdf,yes,comments/A221825-A224572.md
A223240,31 August 2026,papers/9001-9500/9255-PROOF.pdf,yes,comments/A221825-A224572.md
A223241,31 August 2026,papers/9001-9500/9212-PROOF.pdf,yes,comments/A221825-A224572.md
A223242,31 August 2026,papers/8001-8500/8485-PROOF.pdf,yes,comments/A221825-A224572.md
A223243,3 September 2026,papers/2501-3000/2554-PROOF.pdf,yes,comments/A221825-A224572.md
A223249,31 August 2026,papers/9001-9500/9217-PROOF.pdf,yes,comments/A221825-A224572.md
A223250,31 August 2026,papers/8001-8500/8449-PROOF.pdf,yes,comments/A221825-A224572.md
A223251,31 August 2026,papers/8001-8500/8208-PROOF.pdf,yes,comments/A221825-A224572.md
A223252,31 August 2026,papers/6001-6500/6337-PROOF.pdf,yes,comments/A221825-A224572.md
A223258,2 September 2026,papers/9501-10000/9595-PROOF.pdf,yes,comments/A221825-A224572.md
A223259,3 September 2026,papers/2001-2500/2495-PROOF.pdf,yes,comments/A221825-A224572.md
A223260,3 September 2026,papers/1501-2000/1561-PROOF.pdf,yes,comments/A221825-A224572.md
A223265,3 September 2026,papers/3001-3500/3317-PROOF.pdf,yes,comments/A221825-A224572.md
A223266,3 September 2026,papers/2001-2500/2494-PROOF.pdf,yes,comments/A221825-A224572.md
A223267,3 September 2026,papers/2001-2500/2111-PROOF.pdf,yes,comments/A221825-A224572.md
A223268,4 September 2026,papers/0001-0500/0480-PROOF.pdf,yes,comments/A221825-A224572.md
A223270,2 September 2026,papers/9501-10000/9616-PROOF.pdf,yes,comments/A221825-A224572.md
A223271,3 September 2026,papers/3001-3500/3187-PROOF.pdf,yes,comments/A221825-A224572.md
A223272,3 September 2026,papers/2501-3000/2511-PROOF.pdf,yes,comments/A221825-A224572.md
A223273,3 September 2026,papers/2001-2500/2014-PROOF.pdf,yes,comments/A221825-A224572.md
A223274,3 September 2026,papers/1001-1500/1481-PROOF.pdf,yes,comments/A221825-A224572.md
A223277,2 September 2026,papers/9501-10000/9596-PROOF.pdf,yes,comments/A221825-A224572.md
A223278,2 September 2026,papers/9501-10000/9597-PROOF.pdf,yes,comments/A221825-A224572.md
A223279,3 September 2026,papers/2001-2500/2493-PROOF.pdf,yes,comments/A221825-A224572.md
A223280,3 September 2026,papers/2001-2500/2115-PROOF.pdf,yes,comments/A221825-A224572.md
A223281,3 September 2026,papers/1501-2000/1559-PROOF.pdf,yes,comments/A221825-A224572.md
A223283,3 September 2026,papers/3001-3500/3329-PROOF.pdf,yes,comments/A221825-A224572.md
A223284,3 September 2026,papers/3001-3500/3162-PROOF.pdf,yes,comments/A221825-A224572.md
A223285,3 September 2026,papers/2001-2500/2482-PROOF.pdf,yes,comments/A221825-A224572.md
A223286,4 September 2026,papers/0501-1000/0603-PROOF.pdf,yes,comments/A221825-A224572.md
A223290,31 August 2026,papers/9001-9500/9241-PROOF.pdf,yes,comments/A221825-A224572.md
A223291,31 August 2026,papers/9001-9500/9208-PROOF.pdf,yes,comments/A221825-A224572.md
A223292,31 August 2026,papers/8001-8500/8471-PROOF.pdf,yes,comments/A221825-A224572.md
A223293,7 September 2026,papers/8001-8500/8160-PROOF.pdf,yes,comments/A221825-A224572.md
A223299,31 August 2026,papers/9001-9500/9207-PROOF.pdf,yes,comments/A221825-A224572.md
A223300,31 August 2026,papers/7001-7500/7149-PROOF.pdf,yes,comments/A221825-A224572.md
A223301,7 September 2026,papers/5001-5500/5417-PROOF.pdf,yes,comments/A221825-A224572.md
A223318,2 September 2026,papers/9501-10000/9598-PROOF.pdf,yes,comments/A221825-A224572.md
A223319,4 September 2026,papers/0501-1000/0993-PROOF.pdf,yes,comments/A221825-A224572.md
A223320,4 September 2026,papers/0501-1000/0725-PROOF.pdf,yes,comments/A221825-A224572.md
A223322,2 September 2026,papers/9501-10000/9624-PROOF.pdf,yes,comments/A221825-A224572.md
A223323,3 September 2026,papers/3001-3500/3310-PROOF.pdf,yes,comments/A221825-A224572.md
A223324,3 September 2026,papers/2001-2500/2353-PROOF.pdf,yes,comments/A221825-A224572.md
A223325,4 September 2026,papers/0001-0500/0387-PROOF.pdf,yes,comments/A221825-A224572.md
A223328,3 September 2026,papers/3001-3500/3319-PROOF.pdf,yes,comments/A221825-A224572.md
A223329,3 September 2026,papers/3001-3500/3161-PROOF.pdf,yes,comments/A221825-A224572.md
A223330,3 September 2026,papers/2501-3000/2697-PROOF.pdf,yes,comments/A221825-A224572.md
A223332,2 September 2026,papers/9501-10000/9559-PROOF.pdf,yes,comments/A221825-A224572.md
A223333,3 September 2026,papers/2501-3000/2920-PROOF.pdf,yes,comments/A221825-A224572.md
A223334,3 September 2026,papers/2001-2500/2112-PROOF.pdf,yes,comments/A221825-A224572.md
A223335,3 September 2026,papers/1501-2000/1558-PROOF.pdf,yes,comments/A221825-A224572.md
A223336,4 September 2026,papers/0001-0500/0275-PROOF.pdf,yes,comments/A221825-A224572.md
A223337,31 August 2026,papers/9001-9500/9060-PROOF.pdf,yes,comments/A221825-A224572.md
A223338,31 August 2026,papers/8001-8500/8246-PROOF.pdf,yes,comments/A221825-A224572.md
A223339,31 August 2026,papers/5001-5500/5085-PROOF.pdf,yes,comments/A221825-A224572.md
A223347,31 August 2026,papers/8001-8500/8249-PROOF.pdf,yes,comments/A221825-A224572.md
A223348,31 August 2026,papers/8001-8500/8180-PROOF.pdf,yes,comments/A221825-A224572.md
A223349,7 September 2026,papers/6501-7000/6976-PROOF.pdf,yes,comments/A221825-A224572.md
A223354,3 September 2026,papers/3001-3500/3309-PROOF.pdf,yes,comments/A221825-A224572.md
A223355,3 September 2026,papers/3001-3500/3137-PROOF.pdf,yes,comments/A221825-A224572.md
A223356,4 September 2026,papers/0501-1000/0938-PROOF.pdf,yes,comments/A221825-A224572.md
A223358,3 September 2026,papers/3001-3500/3325-PROOF.pdf,yes,comments/A221825-A224572.md
A223359,3 September 2026,papers/3001-3500/3154-PROOF.pdf,yes,comments/A221825-A224572.md
A223360,3 September 2026,papers/2001-2500/2356-PROOF.pdf,yes,comments/A221825-A224572.md
A223361,4 September 2026,papers/0501-1000/0689-PROOF.pdf,yes,comments/A221825-A224572.md
A223363,2 September 2026,papers/9501-10000/9512-PROOF.pdf,yes,comments/A221825-A224572.md
A223364,3 September 2026,papers/2001-2500/2175-PROOF.pdf,yes,comments/A221825-A224572.md
A223365,3 September 2026,papers/1001-1500/1167-PROOF.pdf,yes,comments/A221825-A224572.md
A223372,31 August 2026,papers/9001-9500/9242-PROOF.pdf,yes,comments/A221825-A224572.md
A223373,31 August 2026,papers/9001-9500/9209-PROOF.pdf,yes,comments/A221825-A224572.md
A223374,31 August 2026,papers/8001-8500/8196-PROOF.pdf,yes,comments/A221825-A224572.md
A223375,7 September 2026,papers/7001-7500/7479-PROOF.pdf,yes,comments/A221825-A224572.md
A223381,2 September 2026,papers/9501-10000/9563-PROOF.pdf,yes,comments/A221825-A224572.md
A223382,7 September 2026,papers/3001-3500/3125-PROOF.pdf,yes,comments/A221825-A224572.md
A223383,7 September 2026,papers/2001-2500/2210-PROOF.pdf,yes,comments/A221825-A224572.md
A223384,7 September 2026,papers/1001-1500/1498-PROOF.pdf,yes,comments/A221825-A224572.md
A223395,31 August 2026,papers/9001-9500/9051-PROOF.pdf,yes,comments/A221825-A224572.md
A223396,31 August 2026,papers/8501-9000/8759-PROOF.pdf,yes,comments/A221825-A224572.md
A223397,31 August 2026,papers/6501-7000/6984-PROOF.pdf,yes,comments/A221825-A224572.md
A223408,31 August 2026,papers/8001-8500/8260-PROOF.pdf,yes,comments/A221825-A224572.md
A223409,31 August 2026,papers/8001-8500/8450-PROOF.pdf,yes,comments/A221825-A224572.md
A223410,31 August 2026,papers/6001-6500/6087-PROOF.pdf,yes,comments/A221825-A224572.md
A223411,7 September 2026,papers/5001-5500/5009-PROOF.pdf,yes,comments/A221825-A224572.md
A223417,31 August 2026,papers/9001-9500/9256-PROOF.pdf,yes,comments/A221825-A224572.md
A223418,31 August 2026,papers/8001-8500/8214-PROOF.pdf,yes,comments/A221825-A224572.md
A223419,31 August 2026,papers/8001-8500/8176-PROOF.pdf,yes,comments/A221825-A224572.md
A223425,31 August 2026,papers/8001-8500/8247-PROOF.pdf,yes,comments/A221825-A224572.md
A223426,31 August 2026,papers/7501-8000/7556-PROOF.pdf,yes,comments/A221825-A224572.md
A223427,31 August 2026,papers/4501-5000/4951-PROOF.pdf,yes,comments/A221825-A224572.md
A223434,31 August 2026,papers/9001-9500/9052-PROOF.pdf,yes,comments/A221825-A224572.md
A223435,31 August 2026,papers/7501-8000/7721-PROOF.pdf,yes,comments/A221825-A224572.md
A223442,31 August 2026,papers/8501-9000/8771-PROOF.pdf,yes,comments/A221825-A224572.md
A223443,31 August 2026,papers/9001-9500/9229-PROOF.pdf,yes,comments/A221825-A224572.md
A223444,31 August 2026,papers/7001-7500/7276-PROOF.pdf,yes,comments/A221825-A224572.md
A223460,31 August 2026,papers/7001-7500/7017-PROOF.pdf,yes,comments/A221825-A224572.md
A223461,31 August 2026,papers/6501-7000/6859-PROOF.pdf,yes,comments/A221825-A224572.md
A223462,7 September 2026,papers/3501-4000/3998-PROOF.pdf,yes,comments/A221825-A224572.md
A223477,3 September 2026,papers/3001-3500/3308-PROOF.pdf,yes,comments/A221825-A224572.md
A223478,3 September 2026,papers/3001-3500/3138-PROOF.pdf,yes,comments/A221825-A224572.md
A223479,3 September 2026,papers/2001-2500/2481-PROOF.pdf,yes,comments/A221825-A224572.md
A223481,3 September 2026,papers/3001-3500/3311-PROOF.pdf,yes,comments/A221825-A224572.md
A223482,3 September 2026,papers/2501-3000/2898-PROOF.pdf,yes,comments/A221825-A224572.md
A223483,4 September 2026,papers/0501-1000/0720-PROOF.pdf,yes,comments/A221825-A224572.md
A223499,2 September 2026,papers/9501-10000/9513-PROOF.pdf,yes,comments/A221825-A224572.md
A223500,3 September 2026,papers/2001-2500/2411-PROOF.pdf,yes,comments/A221825-A224572.md
A223501,3 September 2026,papers/1501-2000/1538-PROOF.pdf,yes,comments/A221825-A224572.md
A223502,3 September 2026,papers/1001-1500/1111-PROOF.pdf,yes,comments/A221825-A224572.md
A223505,3 September 2026,papers/3001-3500/3230-PROOF.pdf,yes,comments/A221825-A224572.md
A223506,3 September 2026,papers/2001-2500/2415-PROOF.pdf,yes,comments/A221825-A224572.md
A223507,3 September 2026,papers/1501-2000/1535-PROOF.pdf,yes,comments/A221825-A224572.md
A223508,3 September 2026,papers/1001-1500/1085-PROOF.pdf,yes,comments/A221825-A224572.md
A223552,2 September 2026,papers/9501-10000/9599-PROOF.pdf,yes,comments/A221825-A224572.md
A223553,3 September 2026,papers/3001-3500/3173-PROOF.pdf,yes,comments/A221825-A224572.md
A223554,3 September 2026,papers/2001-2500/2236-PROOF.pdf,yes,comments/A221825-A224572.md
A223555,3 September 2026,papers/1501-2000/1856-PROOF.pdf,yes,comments/A221825-A224572.md
A223557,3 September 2026,papers/3001-3500/3348-PROOF.pdf,yes,comments/A221825-A224572.md
A223558,3 September 2026,papers/2501-3000/2958-PROOF.pdf,yes,comments/A221825-A224572.md
A223559,3 September 2026,papers/1501-2000/1868-PROOF.pdf,yes,comments/A221825-A224572.md
A223560,3 September 2026,papers/1001-1500/1213-PROOF.pdf,yes,comments/A221825-A224572.md
A223594,31 August 2026,papers/7501-8000/7924-PROOF.pdf,yes,comments/A221825-A224572.md
A223600,7 September 2026,papers/8001-8500/8442-PROOF.pdf,yes,comments/A221825-A224572.md
A223601,7 September 2026,papers/7001-7500/7138-PROOF.pdf,yes,comments/A221825-A224572.md
A223615,1 September 2026,papers/2001-2500/2440-PROOF.pdf,yes,comments/A221825-A224572.md
A223616,1 September 2026,papers/2001-2500/2155-PROOF.pdf,yes,comments/A221825-A224572.md
A223617,1 September 2026,papers/1501-2000/1969-PROOF.pdf,yes,comments/A221825-A224572.md
A223632,1 September 2026,papers/2001-2500/2387-PROOF.pdf,yes,comments/A221825-A224572.md
A223633,1 September 2026,papers/2001-2500/2122-PROOF.pdf,yes,comments/A221825-A224572.md
A223639,1 September 2026,papers/2001-2500/2366-PROOF.pdf,yes,comments/A221825-A224572.md
A223640,1 September 2026,papers/2001-2500/2105-PROOF.pdf,yes,comments/A221825-A224572.md
A223665,1 September 2026,papers/1001-1500/1484-PROOF.pdf,yes,comments/A221825-A224572.md
A223666,1 September 2026,papers/1001-1500/1031-PROOF.pdf,yes,comments/A221825-A224572.md
A223670,1 September 2026,papers/2001-2500/2362-PROOF.pdf,yes,comments/A221825-A224572.md
A223676,1 September 2026,papers/2001-2500/2156-PROOF.pdf,yes,comments/A221825-A224572.md
A223677,1 September 2026,papers/1501-2000/1606-PROOF.pdf,yes,comments/A221825-A224572.md
A223678,1 September 2026,papers/1001-1500/1264-PROOF.pdf,yes,comments/A221825-A224572.md
A223679,1 September 2026,papers/1001-1500/1058-PROOF.pdf,yes,comments/A221825-A224572.md
A223681,1 September 2026,papers/2001-2500/2384-PROOF.pdf,yes,comments/A221825-A224572.md
A223682,1 September 2026,papers/2001-2500/2118-PROOF.pdf,yes,comments/A221825-A224572.md
A223687,31 August 2026,papers/9001-9500/9210-PROOF.pdf,yes,comments/A221825-A224572.md
A223693,7 September 2026,papers/8501-9000/8994-PROOF.pdf,yes,comments/A221825-A224572.md
A223711,2 September 2026,papers/9001-9500/9416-PROOF.pdf,yes,comments/A221825-A224572.md
A223719,1 September 2026,papers/2001-2500/2166-PROOF.pdf,yes,comments/A221825-A224572.md
A223720,1 September 2026,papers/1501-2000/1863-PROOF.pdf,yes,comments/A221825-A224572.md
A223738,1 September 2026,papers/1501-2000/1657-PROOF.pdf,yes,comments/A221825-A224572.md
A223756,1 September 2026,papers/1501-2000/1875-PROOF.pdf,yes,comments/A221825-A224572.md
A223764,1 September 2026,papers/2501-3000/2786-PROOF.pdf,yes,comments/A221825-A224572.md
A223765,1 September 2026,papers/2001-2500/2388-PROOF.pdf,yes,comments/A221825-A224572.md
A223766,1 September 2026,papers/2001-2500/2123-PROOF.pdf,yes,comments/A221825-A224572.md
A223772,1 September 2026,papers/2001-2500/2441-PROOF.pdf,yes,comments/A221825-A224572.md
A223773,1 September 2026,papers/2001-2500/2157-PROOF.pdf,yes,comments/A221825-A224572.md
A223774,1 September 2026,papers/1501-2000/1970-PROOF.pdf,yes,comments/A221825-A224572.md
A223775,1 September 2026,papers/1501-2000/1864-PROOF.pdf,yes,comments/A221825-A224572.md
A223784,1 September 2026,papers/1501-2000/1758-PROOF.pdf,yes,comments/A221825-A224572.md
A223785,1 September 2026,papers/1001-1500/1047-PROOF.pdf,yes,comments/A221825-A224572.md
A223790,1 September 2026,papers/1501-2000/1854-PROOF.pdf,yes,comments/A221825-A224572.md
A223796,1 September 2026,papers/2001-2500/2044-PROOF.pdf,yes,comments/A221825-A224572.md
A223797,1 September 2026,papers/1001-1500/1407-PROOF.pdf,yes,comments/A221825-A224572.md
A223827,1 September 2026,papers/1501-2000/1669-PROOF.pdf,yes,comments/A221825-A224572.md
A223833,1 September 2026,papers/2501-3000/2934-PROOF.pdf,yes,comments/A221825-A224572.md
A223834,1 September 2026,papers/2501-3000/2699-PROOF.pdf,yes,comments/A221825-A224572.md
A223835,1 September 2026,papers/2001-2500/2480-PROOF.pdf,yes,comments/A221825-A224572.md
A223836,1 September 2026,papers/2001-2500/2350-PROOF.pdf,yes,comments/A221825-A224572.md
A223839,1 September 2026,papers/2001-2500/2370-PROOF.pdf,yes,comments/A221825-A224572.md
A223840,1 September 2026,papers/2001-2500/2107-PROOF.pdf,yes,comments/A221825-A224572.md
A223841,1 September 2026,papers/1501-2000/1952-PROOF.pdf,yes,comments/A221825-A224572.md
A223859,1 September 2026,papers/2001-2500/2045-PROOF.pdf,yes,comments/A221825-A224572.md
A223860,1 September 2026,papers/1501-2000/1860-PROOF.pdf,yes,comments/A221825-A224572.md
A223871,1 September 2026,papers/1001-1500/1386-PROOF.pdf,yes,comments/A221825-A224572.md
A223913,1 September 2026,papers/2001-2500/2409-PROOF.pdf,yes,comments/A221825-A224572.md
A223914,1 September 2026,papers/2001-2500/2133-PROOF.pdf,yes,comments/A221825-A224572.md
A223919,1 September 2026,papers/2001-2500/2173-PROOF.pdf,yes,comments/A221825-A224572.md
A223927,1 September 2026,papers/2001-2500/2167-PROOF.pdf,yes,comments/A221825-A224572.md
A223928,1 September 2026,papers/1501-2000/1865-PROOF.pdf,yes,comments/A221825-A224572.md
A223944,1 September 2026,papers/2501-3000/2732-PROOF.pdf,yes,comments/A221825-A224572.md
A223945,1 September 2026,papers/2001-2500/2022-PROOF.pdf,yes,comments/A221825-A224572.md
A223946,1 September 2026,papers/1501-2000/1698-PROOF.pdf,yes,comments/A221825-A224572.md
A223947,1 September 2026,papers/1001-1500/1463-PROOF.pdf,yes,comments/A221825-A224572.md
A223948,7 September 2026,papers/4501-5000/4885-PROOF.pdf,yes,comments/A221825-A224572.md
A223950,1 September 2026,papers/2501-3000/2930-PROOF.pdf,yes,comments/A221825-A224572.md
A223951,1 September 2026,papers/2501-3000/2696-PROOF.pdf,yes,comments/A221825-A224572.md
A223952,1 September 2026,papers/2001-2500/2479-PROOF.pdf,yes,comments/A221825-A224572.md
A223956,1 September 2026,papers/1501-2000/1878-PROOF.pdf,yes,comments/A221825-A224572.md
A223957,1 September 2026,papers/1001-1500/1295-PROOF.pdf,yes,comments/A221825-A224572.md
A223962,1 September 2026,papers/2001-2500/2430-PROOF.pdf,yes,comments/A221825-A224572.md
A223963,1 September 2026,papers/2001-2500/2036-PROOF.pdf,yes,comments/A221825-A224572.md
A223965,1 September 2026,papers/1501-2000/1690-PROOF.pdf,yes,comments/A221825-A224572.md
A223970,1 September 2026,papers/2001-2500/2410-PROOF.pdf,yes,comments/A221825-A224572.md
A223971,1 September 2026,papers/1501-2000/1634-PROOF.pdf,yes,comments/A221825-A224572.md
A223982,1 September 2026,papers/2001-2500/2085-PROOF.pdf,yes,comments/A221825-A224572.md
A223994,1 September 2026,papers/2001-2500/2180-PROOF.pdf,yes,comments/A221825-A224572.md
A223995,1 September 2026,papers/1501-2000/1643-PROOF.pdf,yes,comments/A221825-A224572.md
A223996,1 September 2026,papers/1001-1500/1395-PROOF.pdf,yes,comments/A221825-A224572.md
A223997,1 September 2026,papers/1001-1500/1228-PROOF.pdf,yes,comments/A221825-A224572.md
A224000,1 September 2026,papers/2501-3000/2802-PROOF.pdf,yes,comments/A221825-A224572.md
A224001,1 September 2026,papers/2001-2500/2405-PROOF.pdf,yes,comments/A221825-A224572.md
A224002,1 September 2026,papers/2001-2500/2127-PROOF.pdf,yes,comments/A221825-A224572.md
A224004,1 September 2026,papers/1501-2000/1849-PROOF.pdf,yes,comments/A221825-A224572.md
A224007,1 September 2026,papers/2501-3000/2778-PROOF.pdf,yes,comments/A221825-A224572.md
A224008,1 September 2026,papers/2001-2500/2403-PROOF.pdf,yes,comments/A221825-A224572.md
A224009,1 September 2026,papers/1501-2000/1964-PROOF.pdf,yes,comments/A221825-A224572.md
A224010,1 September 2026,papers/1501-2000/1809-PROOF.pdf,yes,comments/A221825-A224572.md
A224011,1 September 2026,papers/1501-2000/1597-PROOF.pdf,yes,comments/A221825-A224572.md
A224013,1 September 2026,papers/2001-2500/2406-PROOF.pdf,yes,comments/A221825-A224572.md
A224014,1 September 2026,papers/2001-2500/2128-PROOF.pdf,yes,comments/A221825-A224572.md
A224015,1 September 2026,papers/1501-2000/1954-PROOF.pdf,yes,comments/A221825-A224572.md
A224019,1 September 2026,papers/2001-2500/2412-PROOF.pdf,yes,comments/A221825-A224572.md
A224020,1 September 2026,papers/2001-2500/2035-PROOF.pdf,yes,comments/A221825-A224572.md
A224021,1 September 2026,papers/1501-2000/1603-PROOF.pdf,yes,comments/A221825-A224572.md
A224022,1 September 2026,papers/1001-1500/1449-PROOF.pdf,yes,comments/A221825-A224572.md
A224023,1 September 2026,papers/1001-1500/1210-PROOF.pdf,yes,comments/A221825-A224572.md
A224025,1 September 2026,papers/2001-2500/2037-PROOF.pdf,yes,comments/A221825-A224572.md
A224033,1 September 2026,papers/2501-3000/2808-PROOF.pdf,yes,comments/A221825-A224572.md
A224034,1 September 2026,papers/2001-2500/2421-PROOF.pdf,yes,comments/A221825-A224572.md
A224035,1 September 2026,papers/2001-2500/2154-PROOF.pdf,yes,comments/A221825-A224572.md
A224036,1 September 2026,papers/1501-2000/1972-PROOF.pdf,yes,comments/A221825-A224572.md
A224037,1 September 2026,papers/1501-2000/1867-PROOF.pdf,yes,comments/A221825-A224572.md
A224039,1 September 2026,papers/3001-3500/3002-PROOF.pdf,yes,comments/A221825-A224572.md
A224040,1 September 2026,papers/2501-3000/2733-PROOF.pdf,yes,comments/A221825-A224572.md
A224041,1 September 2026,papers/2501-3000/2502-PROOF.pdf,yes,comments/A221825-A224572.md
A224042,1 September 2026,papers/2001-2500/2363-PROOF.pdf,yes,comments/A221825-A224572.md
A224043,1 September 2026,papers/2001-2500/2216-PROOF.pdf,yes,comments/A221825-A224572.md
A224046,1 September 2026,papers/1001-1500/1452-PROOF.pdf,yes,comments/A221825-A224572.md
A224053,1 September 2026,papers/1501-2000/1670-PROOF.pdf,yes,comments/A221825-A224572.md
A224128,1 September 2026,papers/3001-3500/3231-PROOF.pdf,yes,comments/A221825-A224572.md
A224129,1 September 2026,papers/2501-3000/2988-PROOF.pdf,yes,comments/A221825-A224572.md
A224130,1 September 2026,papers/2501-3000/2743-PROOF.pdf,yes,comments/A221825-A224572.md
A224131,1 September 2026,papers/2501-3000/2523-PROOF.pdf,yes,comments/A221825-A224572.md
A224132,1 September 2026,papers/2001-2500/2377-PROOF.pdf,yes,comments/A221825-A224572.md
A224134,1 September 2026,papers/3001-3500/3003-PROOF.pdf,yes,comments/A221825-A224572.md
A224135,1 September 2026,papers/2501-3000/2734-PROOF.pdf,yes,comments/A221825-A224572.md
A224136,1 September 2026,papers/2501-3000/2503-PROOF.pdf,yes,comments/A221825-A224572.md
A224137,1 September 2026,papers/2001-2500/2364-PROOF.pdf,yes,comments/A221825-A224572.md
A224138,1 September 2026,papers/2001-2500/2217-PROOF.pdf,yes,comments/A221825-A224572.md
A224141,1 September 2026,papers/3001-3500/3018-PROOF.pdf,yes,comments/A221825-A224572.md
A224142,1 September 2026,papers/2501-3000/2746-PROOF.pdf,yes,comments/A221825-A224572.md
A224143,1 September 2026,papers/2501-3000/2520-PROOF.pdf,yes,comments/A221825-A224572.md
A224144,1 September 2026,papers/2001-2500/2375-PROOF.pdf,yes,comments/A221825-A224572.md
A224145,1 September 2026,papers/2001-2500/2230-PROOF.pdf,yes,comments/A221825-A224572.md
A224147,1 September 2026,papers/2001-2500/2400-PROOF.pdf,yes,comments/A221825-A224572.md
A224148,1 September 2026,papers/2001-2500/2129-PROOF.pdf,yes,comments/A221825-A224572.md
A224149,1 September 2026,papers/1501-2000/1957-PROOF.pdf,yes,comments/A221825-A224572.md
A224150,1 September 2026,papers/1501-2000/1852-PROOF.pdf,yes,comments/A221825-A224572.md
A224153,1 September 2026,papers/2001-2500/2187-PROOF.pdf,yes,comments/A221825-A224572.md
A224154,1 September 2026,papers/1501-2000/1876-PROOF.pdf,yes,comments/A221825-A224572.md
A224155,1 September 2026,papers/1501-2000/1574-PROOF.pdf,yes,comments/A221825-A224572.md
A224156,1 September 2026,papers/1001-1500/1467-PROOF.pdf,yes,comments/A221825-A224572.md
A224157,1 September 2026,papers/1001-1500/1309-PROOF.pdf,yes,comments/A221825-A224572.md
A224159,1 September 2026,papers/2001-2500/2385-PROOF.pdf,yes,comments/A221825-A224572.md
A224160,1 September 2026,papers/2001-2500/2119-PROOF.pdf,yes,comments/A221825-A224572.md
A224168,1 September 2026,papers/2001-2500/2017-PROOF.pdf,yes,comments/A221825-A224572.md
A224169,1 September 2026,papers/1501-2000/1851-PROOF.pdf,yes,comments/A221825-A224572.md
A224174,1 September 2026,papers/1501-2000/1596-PROOF.pdf,yes,comments/A221825-A224572.md
A224175,1 September 2026,papers/1001-1500/1446-PROOF.pdf,yes,comments/A221825-A224572.md
A224185,1 September 2026,papers/2001-2500/2462-PROOF.pdf,yes,comments/A221825-A224572.md
A224186,1 September 2026,papers/2001-2500/2188-PROOF.pdf,yes,comments/A221825-A224572.md
A224188,1 September 2026,papers/1501-2000/1880-PROOF.pdf,yes,comments/A221825-A224572.md
A224199,1 September 2026,papers/2001-2500/2443-PROOF.pdf,yes,comments/A221825-A224572.md
A224200,1 September 2026,papers/2001-2500/2060-PROOF.pdf,yes,comments/A221825-A224572.md
A224201,1 September 2026,papers/1501-2000/1610-PROOF.pdf,yes,comments/A221825-A224572.md
A224202,1 September 2026,papers/1001-1500/1454-PROOF.pdf,yes,comments/A221825-A224572.md
A224257,1 September 2026,papers/2001-2500/2376-PROOF.pdf,yes,comments/A221825-A224572.md
A224258,1 September 2026,papers/2001-2500/2109-PROOF.pdf,yes,comments/A221825-A224572.md
A224259,1 September 2026,papers/1501-2000/1953-PROOF.pdf,yes,comments/A221825-A224572.md
A224263,1 September 2026,papers/1501-2000/1855-PROOF.pdf,yes,comments/A221825-A224572.md
A224264,1 September 2026,papers/1501-2000/1658-PROOF.pdf,yes,comments/A221825-A224572.md
A224276,1 September 2026,papers/1001-1500/1456-PROOF.pdf,yes,comments/A221825-A224572.md
A224282,1 September 2026,papers/1501-2000/1599-PROOF.pdf,yes,comments/A221825-A224572.md
A224305,1 September 2026,papers/1501-2000/1678-PROOF.pdf,yes,comments/A221825-A224572.md
A224306,1 September 2026,papers/1001-1500/1356-PROOF.pdf,yes,comments/A221825-A224572.md
A224348,1 September 2026,papers/2001-2500/2032-PROOF.pdf,yes,comments/A221825-A224572.md
A224349,1 September 2026,papers/1001-1500/1422-PROOF.pdf,yes,comments/A221825-A224572.md
A224354,1 September 2026,papers/2001-2500/2372-PROOF.pdf,yes,comments/A221825-A224572.md
A224355,1 September 2026,papers/2001-2500/2106-PROOF.pdf,yes,comments/A221825-A224572.md
A224369,1 September 2026,papers/2501-3000/2826-PROOF.pdf,yes,comments/A221825-A224572.md
A224370,1 September 2026,papers/2001-2500/2446-PROOF.pdf,yes,comments/A221825-A224572.md
A224371,1 September 2026,papers/1501-2000/1986-PROOF.pdf,yes,comments/A221825-A224572.md
A224372,1 September 2026,papers/1501-2000/1826-PROOF.pdf,yes,comments/A221825-A224572.md
A224373,1 September 2026,papers/1501-2000/1614-PROOF.pdf,yes,comments/A221825-A224572.md
A224376,1 September 2026,papers/1501-2000/1663-PROOF.pdf,yes,comments/A221825-A224572.md
A224386,1 September 2026,papers/1501-2000/1759-PROOF.pdf,yes,comments/A221825-A224572.md
A224392,1 September 2026,papers/2001-2500/2015-PROOF.pdf,yes,comments/A221825-A224572.md
A224404,1 September 2026,papers/3001-3500/3287-PROOF.pdf,yes,comments/A221825-A224572.md
A224405,1 September 2026,papers/3001-3500/3101-PROOF.pdf,yes,comments/A221825-A224572.md
A224406,1 September 2026,papers/2501-3000/2841-PROOF.pdf,yes,comments/A221825-A224572.md
A224407,1 September 2026,papers/2501-3000/2650-PROOF.pdf,yes,comments/A221825-A224572.md
A224408,1 September 2026,papers/2001-2500/2454-PROOF.pdf,yes,comments/A221825-A224572.md
A224410,1 September 2026,papers/2001-2500/2431-PROOF.pdf,yes,comments/A221825-A224572.md
A224411,1 September 2026,papers/2001-2500/2147-PROOF.pdf,yes,comments/A221825-A224572.md
A224544,2 September 2026,papers/2501-3000/2879-PROOF.pdf,yes,comments/A221825-A224572.md
A224545,2 September 2026,papers/2501-3000/2849-PROOF.pdf,yes,comments/A221825-A224572.md
A224546,2 September 2026,papers/2501-3000/2816-PROOF.pdf,yes,comments/A221825-A224572.md
A224547,2 September 2026,papers/2501-3000/2798-PROOF.pdf,yes,comments/A221825-A224572.md
A224548,2 September 2026,papers/2501-3000/2784-PROOF.pdf,yes,comments/A221825-A224572.md
A224549,2 September 2026,papers/2501-3000/2759-PROOF.pdf,yes,comments/A221825-A224572.md
A224552,2 September 2026,papers/2501-3000/2627-PROOF.pdf,yes,comments/A221825-A224572.md
A224553,2 September 2026,papers/2001-2500/2439-PROOF.pdf,yes,comments/A221825-A224572.md
A224554,2 September 2026,papers/2501-3000/2582-PROOF.pdf,yes,comments/A221825-A224572.md
A224555,2 September 2026,papers/2501-3000/2562-PROOF.pdf,yes,comments/A221825-A224572.md
A224556,2 September 2026,papers/2501-3000/2547-PROOF.pdf,yes,comments/A221825-A224572.md
A224557,2 September 2026,papers/2501-3000/2527-PROOF.pdf,yes,comments/A221825-A224572.md
A224558,2 September 2026,papers/2501-3000/2516-PROOF.pdf,yes,comments/A221825-A224572.md
A224561,2 September 2026,papers/2001-2500/2252-PROOF.pdf,yes,comments/A221825-A224572.md
A224562,2 September 2026,papers/1501-2000/1915-PROOF.pdf,yes,comments/A221825-A224572.md
A224563,2 September 2026,papers/2001-2500/2247-PROOF.pdf,yes,comments/A221825-A224572.md
A224564,2 September 2026,papers/2001-2500/2136-PROOF.pdf,yes,comments/A221825-A224572.md
A224565,2 September 2026,papers/2001-2500/2241-PROOF.pdf,yes,comments/A221825-A224572.md
A224566,2 September 2026,papers/2001-2500/2021-PROOF.pdf,yes,comments/A221825-A224572.md
A224567,2 September 2026,papers/2001-2500/2232-PROOF.pdf,yes,comments/A221825-A224572.md
A224570,7 September 2026,papers/1501-2000/1594-PROOF.pdf,yes,comments/A221825-A224572.md
A224571,7 September 2026,papers/1001-1500/1464-PROOF.pdf,yes,comments/A221825-A224572.md
A224572,7 September 2026,papers/1501-2000/1692-PROOF.pdf,yes,comments/A221825-A224572.md
A224573,7 September 2026,papers/1501-2000/1691-PROOF.pdf,yes,comments/A224573-A231510.md
A224574,7 September 2026,papers/1501-2000/1901-PROOF.pdf,yes,comments/A224573-A231510.md
A224576,7 September 2026,papers/1501-2000/1801-PROOF.pdf,yes,comments/A224573-A231510.md
A224644,2 September 2026,papers/2001-2500/2259-PROOF.pdf,yes,comments/A224573-A231510.md
A224645,2 September 2026,papers/1501-2000/1571-PROOF.pdf,yes,comments/A224573-A231510.md
A224646,2 September 2026,papers/1501-2000/1564-PROOF.pdf,yes,comments/A224573-A231510.md
A224647,6 September 2026,papers/1501-2000/1563-PROOF.pdf,yes,comments/A224573-A231510.md
A224648,6 September 2026,papers/1501-2000/1525-PROOF.pdf,yes,comments/A224573-A231510.md
A224654,6 September 2026,papers/1001-1500/1465-PROOF.pdf,yes,comments/A224573-A231510.md
A224655,6 September 2026,papers/1001-1500/1247-PROOF.pdf,yes,comments/A224573-A231510.md
A224669,2 September 2026,papers/9501-10000/9514-PROOF.pdf,yes,comments/A224573-A231510.md
A224670,2 September 2026,papers/9001-9500/9417-PROOF.pdf,yes,comments/A224573-A231510.md
A224671,2 September 2026,papers/9001-9500/9412-PROOF.pdf,yes,comments/A224573-A231510.md
A224673,2 September 2026,papers/9001-9500/9413-PROOF.pdf,yes,comments/A224573-A231510.md
A224683,7 September 2026,papers/1501-2000/1904-PROOF.pdf,yes,comments/A224573-A231510.md
A224684,2 September 2026,papers/1501-2000/1859-PROOF.pdf,yes,comments/A224573-A231510.md
A224685,2 September 2026,papers/1501-2000/1857-PROOF.pdf,yes,comments/A224573-A231510.md
A224686,2 September 2026,papers/2001-2500/2120-PROOF.pdf,yes,comments/A224573-A231510.md
A224687,7 September 2026,papers/2001-2500/2225-PROOF.pdf,yes,comments/A224573-A231510.md
A224688,7 September 2026,papers/2001-2500/2224-PROOF.pdf,yes,comments/A224573-A231510.md
A224689,7 September 2026,papers/2001-2500/2223-PROOF.pdf,yes,comments/A224573-A231510.md
A224738,2 September 2026,papers/2501-3000/2880-PROOF.pdf,yes,comments/A224573-A231510.md
A224740,2 September 2026,papers/2001-2500/2195-PROOF.pdf,yes,comments/A224573-A231510.md
A224741,2 September 2026,papers/1501-2000/1888-PROOF.pdf,yes,comments/A224573-A231510.md
A224742,2 September 2026,papers/1501-2000/1587-PROOF.pdf,yes,comments/A224573-A231510.md
A224743,2 September 2026,papers/1001-1500/1298-PROOF.pdf,yes,comments/A224573-A231510.md
A224744,7 September 2026,papers/3501-4000/3975-PROOF.pdf,yes,comments/A224573-A231510.md
A224803,6 September 2026,papers/1001-1500/1462-PROOF.pdf,yes,comments/A224573-A231510.md
A224968,2 September 2026,papers/1001-1500/1217-PROOF.pdf,yes,comments/A224573-A231510.md
A224969,7 September 2026,papers/3501-4000/3559-PROOF.pdf,yes,comments/A224573-A231510.md
A225007,6 September 2026,papers/2501-3000/2661-PROOF.pdf,yes,comments/A224573-A231510.md
A225008,1 September 2026,papers/2001-2500/2463-PROOF.pdf,yes,comments/A224573-A231510.md
A225009,1 September 2026,papers/2001-2500/2321-PROOF.pdf,yes,comments/A224573-A231510.md
A225011,6 September 2026,papers/2001-2500/2181-PROOF.pdf,yes,comments/A224573-A231510.md
A225012,6 September 2026,papers/1501-2000/1979-PROOF.pdf,yes,comments/A224573-A231510.md
A225020,2 September 2026,papers/1501-2000/1944-PROOF.pdf,yes,comments/A224573-A231510.md
A225021,2 September 2026,papers/1001-1500/1360-PROOF.pdf,yes,comments/A224573-A231510.md
A225022,2 September 2026,papers/1001-1500/1275-PROOF.pdf,yes,comments/A224573-A231510.md
A225023,7 September 2026,papers/3001-3500/3497-PROOF.pdf,yes,comments/A224573-A231510.md
A225034,25 August 2026,papers/9501-10000/9918-PROOF.pdf,yes,comments/A224573-A231510.md
A225311,7 September 2026,papers/0501-1000/0669-PROOF.pdf,yes,comments/A224573-A231510.md
A225312,7 September 2026,papers/0001-0500/0497-PROOF.pdf,yes,comments/A224573-A231510.md
A225313,7 September 2026,papers/0001-0500/0325-PROOF.pdf,yes,comments/A224573-A231510.md
A225314,7 September 2026,papers/0001-0500/0433-PROOF.pdf,yes,comments/A224573-A231510.md
A225315,7 September 2026,papers/0001-0500/0357-PROOF.pdf,yes,comments/A224573-A231510.md
A225887,25 August 2026,papers/9501-10000/9868-PROOF.pdf,yes,comments/A224573-A231510.md
A226302,26 August 2026,papers/10001-10500/10042-PROOF.pdf,yes,comments/A224573-A231510.md
A226434,25 August 2026,papers/9501-10000/9658-PROOF.pdf,yes,comments/A224573-A231510.md
A226751,30 August 2026,papers/9001-9500/9289-PROOF.pdf,yes,comments/A224573-A231510.md
A227081,25 August 2026,papers/9501-10000/9869-PROOF.pdf,yes,comments/A224573-A231510.md
A227161,31 August 2026,papers/0001-0500/0123-PROOF.pdf,yes,comments/A224573-A231510.md
A228278,6 September 2026,papers/2501-3000/2881-PROOF.pdf,yes,comments/A224573-A231510.md
A228279,6 September 2026,papers/2001-2500/2341-PROOF.pdf,yes,comments/A224573-A231510.md
A228329,30 August 2026,papers/9001-9500/9372-PROOF.pdf,yes,comments/A224573-A231510.md
A228330,26 August 2026,papers/10001-10500/10053-PROOF.pdf,yes,comments/A224573-A231510.md
A228331,26 August 2026,papers/10001-10500/10050-PROOF.pdf,yes,comments/A224573-A231510.md
A228333,26 August 2026,papers/10001-10500/10054-PROOF.pdf,yes,comments/A224573-A231510.md
A228385,31 August 2026,papers/8501-9000/8958-PROOF.pdf,yes,comments/A224573-A231510.md
A228386,31 August 2026,papers/8501-9000/8612-PROOF.pdf,yes,comments/A224573-A231510.md
A228387,31 August 2026,papers/7501-8000/7659-PROOF.pdf,yes,comments/A224573-A231510.md
A228388,31 August 2026,papers/7001-7500/7201-PROOF.pdf,yes,comments/A224573-A231510.md
A228389,7 September 2026,papers/5501-6000/5835-PROOF.pdf,yes,comments/A224573-A231510.md
A228478,6 September 2026,papers/2001-2500/2342-PROOF.pdf,yes,comments/A224573-A231510.md
A228479,31 August 2026,papers/7501-8000/7660-PROOF.pdf,yes,comments/A224573-A231510.md
A228501,31 August 2026,papers/9001-9500/9184-PROOF.pdf,yes,comments/A224573-A231510.md
A228502,31 August 2026,papers/8501-9000/8897-PROOF.pdf,yes,comments/A224573-A231510.md
A228503,31 August 2026,papers/8001-8500/8346-PROOF.pdf,yes,comments/A224573-A231510.md
A228504,31 August 2026,papers/7501-8000/7826-PROOF.pdf,yes,comments/A224573-A231510.md
A228505,31 August 2026,papers/6501-7000/6740-PROOF.pdf,yes,comments/A224573-A231510.md
A228655,31 August 2026,papers/9001-9500/9185-PROOF.pdf,yes,comments/A224573-A231510.md
A228656,31 August 2026,papers/9001-9500/9143-PROOF.pdf,yes,comments/A224573-A231510.md
A228657,31 August 2026,papers/8001-8500/8347-PROOF.pdf,yes,comments/A224573-A231510.md
A228658,31 August 2026,papers/8001-8500/8041-PROOF.pdf,yes,comments/A224573-A231510.md
A228659,31 August 2026,papers/7001-7500/7032-PROOF.pdf,yes,comments/A224573-A231510.md
A228662,31 August 2026,papers/9001-9500/9089-PROOF.pdf,yes,comments/A224573-A231510.md
A228663,31 August 2026,papers/8501-9000/8760-PROOF.pdf,yes,comments/A224573-A231510.md
A228664,31 August 2026,papers/7501-8000/7944-PROOF.pdf,yes,comments/A224573-A231510.md
A228665,31 August 2026,papers/7001-7500/7267-PROOF.pdf,yes,comments/A224573-A231510.md
A228666,31 August 2026,papers/6001-6500/6315-PROOF.pdf,yes,comments/A224573-A231510.md
A228678,31 August 2026,papers/9001-9500/9186-PROOF.pdf,yes,comments/A224573-A231510.md
A228680,31 August 2026,papers/8001-8500/8348-PROOF.pdf,yes,comments/A224573-A231510.md
A228681,31 August 2026,papers/8001-8500/8042-PROOF.pdf,yes,comments/A224573-A231510.md
A228682,31 August 2026,papers/7001-7500/7033-PROOF.pdf,yes,comments/A224573-A231510.md
A228684,31 August 2026,papers/9001-9500/9090-PROOF.pdf,yes,comments/A224573-A231510.md
A228685,31 August 2026,papers/8501-9000/8761-PROOF.pdf,yes,comments/A224573-A231510.md
A228686,31 August 2026,papers/7501-8000/7945-PROOF.pdf,yes,comments/A224573-A231510.md
A228687,31 August 2026,papers/7001-7500/7268-PROOF.pdf,yes,comments/A224573-A231510.md
A228688,31 August 2026,papers/6001-6500/6316-PROOF.pdf,yes,comments/A224573-A231510.md
A228750,31 August 2026,papers/9001-9500/9144-PROOF.pdf,yes,comments/A224573-A231510.md
A228751,31 August 2026,papers/8501-9000/8853-PROOF.pdf,yes,comments/A224573-A231510.md
A228752,31 August 2026,papers/8501-9000/8547-PROOF.pdf,yes,comments/A224573-A231510.md
A228753,31 August 2026,papers/8001-8500/8017-PROOF.pdf,yes,comments/A224573-A231510.md
A228755,31 August 2026,papers/8501-9000/8813-PROOF.pdf,yes,comments/A224573-A231510.md
A228756,31 August 2026,papers/7501-8000/7770-PROOF.pdf,yes,comments/A224573-A231510.md
A228757,31 August 2026,papers/6501-7000/6846-PROOF.pdf,yes,comments/A224573-A231510.md
A228758,31 August 2026,papers/5501-6000/5755-PROOF.pdf,yes,comments/A224573-A231510.md
A228759,31 August 2026,papers/4501-5000/4830-PROOF.pdf,yes,comments/A224573-A231510.md
A228770,25 August 2026,papers/9501-10000/9664-PROOF.pdf,yes,comments/A224573-A231510.md
A228771,25 August 2026,papers/9501-10000/9682-PROOF.pdf,yes,comments/A224573-A231510.md
A228791,31 August 2026,papers/9001-9500/9276-PROOF.pdf,yes,comments/A224573-A231510.md
A228792,31 August 2026,papers/9001-9500/9145-PROOF.pdf,yes,comments/A224573-A231510.md
A228793,31 August 2026,papers/8501-9000/8854-PROOF.pdf,yes,comments/A224573-A231510.md
A228794,31 August 2026,papers/8501-9000/8548-PROOF.pdf,yes,comments/A224573-A231510.md
A228795,31 August 2026,papers/8001-8500/8018-PROOF.pdf,yes,comments/A224573-A231510.md
A228797,31 August 2026,papers/9001-9500/9194-PROOF.pdf,yes,comments/A224573-A231510.md
A228798,31 August 2026,papers/8501-9000/8679-PROOF.pdf,yes,comments/A224573-A231510.md
A228799,31 August 2026,papers/7501-8000/7882-PROOF.pdf,yes,comments/A224573-A231510.md
A228800,31 August 2026,papers/6501-7000/6939-PROOF.pdf,yes,comments/A224573-A231510.md
A228801,31 August 2026,papers/5501-6000/5818-PROOF.pdf,yes,comments/A224573-A231510.md
A228802,31 August 2026,papers/4501-5000/4873-PROOF.pdf,yes,comments/A224573-A231510.md
A228960,26 August 2026,papers/10001-10500/10048-PROOF.pdf,yes,comments/A224573-A231510.md
A228972,2 September 2026,papers/0501-1000/0629-PROOF.pdf,yes,comments/A224573-A231510.md
A228980,2 September 2026,papers/0501-1000/0984-PROOF.pdf,yes,comments/A224573-A231510.md
A228981,2 September 2026,papers/0501-1000/0641-PROOF.pdf,yes,comments/A224573-A231510.md
A228982,2 September 2026,papers/0001-0500/0373-PROOF.pdf,yes,comments/A224573-A231510.md
A229101,2 September 2026,papers/0001-0500/0445-PROOF.pdf,yes,comments/A224573-A231510.md
A229314,2 September 2026,papers/0501-1000/0982-PROOF.pdf,yes,comments/A224573-A231510.md
A229315,2 September 2026,papers/0001-0500/0229-PROOF.pdf,yes,comments/A224573-A231510.md
A229366,3 September 2026,papers/8501-9000/8666-PROOF.pdf,yes,comments/A224573-A231510.md
A229374,3 September 2026,papers/9001-9500/9176-PROOF.pdf,yes,comments/A224573-A231510.md
A229386,2 September 2026,papers/0501-1000/0985-PROOF.pdf,yes,comments/A224573-A231510.md
A229387,2 September 2026,papers/0501-1000/0850-PROOF.pdf,yes,comments/A224573-A231510.md
A229388,2 September 2026,papers/0501-1000/0832-PROOF.pdf,yes,comments/A224573-A231510.md
A229389,7 September 2026,papers/0501-1000/0934-PROOF.pdf,yes,comments/A224573-A231510.md
A229390,2 September 2026,papers/0501-1000/0801-PROOF.pdf,yes,comments/A224573-A231510.md
A229397,7 September 2026,papers/8501-9000/8971-PROOF.pdf,yes,comments/A224573-A231510.md
A229398,7 September 2026,papers/7501-8000/7896-PROOF.pdf,yes,comments/A224573-A231510.md
A229399,7 September 2026,papers/6001-6500/6492-PROOF.pdf,yes,comments/A224573-A231510.md
A229400,7 September 2026,papers/5001-5500/5002-PROOF.pdf,yes,comments/A224573-A231510.md
A229406,3 September 2026,papers/8501-9000/8613-PROOF.pdf,yes,comments/A224573-A231510.md
A229432,2 September 2026,papers/0501-1000/0964-PROOF.pdf,yes,comments/A224573-A231510.md
A229454,1 September 2026,papers/0501-1000/0953-PROOF.pdf,yes,comments/A224573-A231510.md
A229455,1 September 2026,papers/0501-1000/0833-PROOF.pdf,yes,comments/A224573-A231510.md
A229456,1 September 2026,papers/0501-1000/0654-PROOF.pdf,yes,comments/A224573-A231510.md
A229457,1 September 2026,papers/0501-1000/0562-PROOF.pdf,yes,comments/A224573-A231510.md
A229472,1 September 2026,papers/0501-1000/0979-PROOF.pdf,yes,comments/A224573-A231510.md
A229473,1 September 2026,papers/1001-1500/1022-PROOF.pdf,yes,comments/A224573-A231510.md
A229474,1 September 2026,papers/0501-1000/0941-PROOF.pdf,yes,comments/A224573-A231510.md
A229475,1 September 2026,papers/0501-1000/0728-PROOF.pdf,yes,comments/A224573-A231510.md
A229476,1 September 2026,papers/0001-0500/0491-PROOF.pdf,yes,comments/A224573-A231510.md
A229504,1 September 2026,papers/1001-1500/1025-PROOF.pdf,yes,comments/A224573-A231510.md
A229505,1 September 2026,papers/1001-1500/1020-PROOF.pdf,yes,comments/A224573-A231510.md
A229506,1 September 2026,papers/1001-1500/1017-PROOF.pdf,yes,comments/A224573-A231510.md
A229507,1 September 2026,papers/0501-1000/0729-PROOF.pdf,yes,comments/A224573-A231510.md
A229508,1 September 2026,papers/0501-1000/0608-PROOF.pdf,yes,comments/A224573-A231510.md
A229514,2 September 2026,papers/0501-1000/0986-PROOF.pdf,yes,comments/A224573-A231510.md
A229515,2 September 2026,papers/0001-0500/0478-PROOF.pdf,yes,comments/A224573-A231510.md
A229516,2 September 2026,papers/0001-0500/0321-PROOF.pdf,yes,comments/A224573-A231510.md
A229529,1 September 2026,papers/0501-1000/0954-PROOF.pdf,yes,comments/A224573-A231510.md
A229530,1 September 2026,papers/0501-1000/0943-PROOF.pdf,yes,comments/A224573-A231510.md
A229531,1 September 2026,papers/0501-1000/0613-PROOF.pdf,yes,comments/A224573-A231510.md
A229532,1 September 2026,papers/0001-0500/0492-PROOF.pdf,yes,comments/A224573-A231510.md
A229533,1 September 2026,papers/0001-0500/0339-PROOF.pdf,yes,comments/A224573-A231510.md
A229535,1 September 2026,papers/0501-1000/0974-PROOF.pdf,yes,comments/A224573-A231510.md
A229536,1 September 2026,papers/0501-1000/0846-PROOF.pdf,yes,comments/A224573-A231510.md
A229537,1 September 2026,papers/0501-1000/0621-PROOF.pdf,yes,comments/A224573-A231510.md
A229538,1 September 2026,papers/0001-0500/0472-PROOF.pdf,yes,comments/A224573-A231510.md
A229539,1 September 2026,papers/0001-0500/0296-PROOF.pdf,yes,comments/A224573-A231510.md
A229572,1 September 2026,papers/1001-1500/1023-PROOF.pdf,yes,comments/A224573-A231510.md
A229573,1 September 2026,papers/0501-1000/0942-PROOF.pdf,yes,comments/A224573-A231510.md
A229574,1 September 2026,papers/0501-1000/0935-PROOF.pdf,yes,comments/A224573-A231510.md
A229575,1 September 2026,papers/0501-1000/0928-PROOF.pdf,yes,comments/A224573-A231510.md
A229576,1 September 2026,papers/0501-1000/0921-PROOF.pdf,yes,comments/A224573-A231510.md
A229577,1 September 2026,papers/0501-1000/0920-PROOF.pdf,yes,comments/A224573-A231510.md
A229580,1 September 2026,papers/1001-1500/1026-PROOF.pdf,yes,comments/A224573-A231510.md
A229581,1 September 2026,papers/1001-1500/1021-PROOF.pdf,yes,comments/A224573-A231510.md
A229582,1 September 2026,papers/1001-1500/1018-PROOF.pdf,yes,comments/A224573-A231510.md
A229583,1 September 2026,papers/0501-1000/0937-PROOF.pdf,yes,comments/A224573-A231510.md
A229584,1 September 2026,papers/0501-1000/0805-PROOF.pdf,yes,comments/A224573-A231510.md
A229588,1 September 2026,papers/0501-1000/0955-PROOF.pdf,yes,comments/A224573-A231510.md
A229589,1 September 2026,papers/0501-1000/0834-PROOF.pdf,yes,comments/A224573-A231510.md
A229590,1 September 2026,papers/0501-1000/0566-PROOF.pdf,yes,comments/A224573-A231510.md
A229591,1 September 2026,papers/0001-0500/0493-PROOF.pdf,yes,comments/A224573-A231510.md
A229600,1 September 2026,papers/1001-1500/1006-PROOF.pdf,yes,comments/A224573-A231510.md
A229601,1 September 2026,papers/0501-1000/0842-PROOF.pdf,yes,comments/A224573-A231510.md
A229602,1 September 2026,papers/0501-1000/0695-PROOF.pdf,yes,comments/A224573-A231510.md
A229603,1 September 2026,papers/0501-1000/0526-PROOF.pdf,yes,comments/A224573-A231510.md
A229604,1 September 2026,papers/0001-0500/0456-PROOF.pdf,yes,comments/A224573-A231510.md
A229632,1 September 2026,papers/0501-1000/0843-PROOF.pdf,yes,comments/A224573-A231510.md
A229633,1 September 2026,papers/0501-1000/0820-PROOF.pdf,yes,comments/A224573-A231510.md
A229634,1 September 2026,papers/0001-0500/0496-PROOF.pdf,yes,comments/A224573-A231510.md
A229635,1 September 2026,papers/0001-0500/0415-PROOF.pdf,yes,comments/A224573-A231510.md
A229638,1 September 2026,papers/0501-1000/0855-PROOF.pdf,yes,comments/A224573-A231510.md
A229639,1 September 2026,papers/0501-1000/0706-PROOF.pdf,yes,comments/A224573-A231510.md
A229640,1 September 2026,papers/0501-1000/0501-PROOF.pdf,yes,comments/A224573-A231510.md
A229641,1 September 2026,papers/0001-0500/0399-PROOF.pdf,yes,comments/A224573-A231510.md
A229665,1 September 2026,papers/0501-1000/0863-PROOF.pdf,yes,comments/A224573-A231510.md
A229666,1 September 2026,papers/1001-1500/1003-PROOF.pdf,yes,comments/A224573-A231510.md
A229667,1 September 2026,papers/0501-1000/0819-PROOF.pdf,yes,comments/A224573-A231510.md
A229668,1 September 2026,papers/0501-1000/0609-PROOF.pdf,yes,comments/A224573-A231510.md
A229680,1 September 2026,papers/1001-1500/1002-PROOF.pdf,yes,comments/A224573-A231510.md
A229681,1 September 2026,papers/0501-1000/0994-PROOF.pdf,yes,comments/A224573-A231510.md
A229682,1 September 2026,papers/0501-1000/0610-PROOF.pdf,yes,comments/A224573-A231510.md
A229689,2 September 2026,papers/9001-9500/9066-PROOF.pdf,yes,comments/A224573-A231510.md
A229690,2 September 2026,papers/9001-9500/9045-PROOF.pdf,yes,comments/A224573-A231510.md
A229691,2 September 2026,papers/8001-8500/8194-PROOF.pdf,yes,comments/A224573-A231510.md
A229695,2 September 2026,papers/9001-9500/9119-PROOF.pdf,yes,comments/A224573-A231510.md
A229696,2 September 2026,papers/8001-8500/8257-PROOF.pdf,yes,comments/A224573-A231510.md
A229697,2 September 2026,papers/7501-8000/7531-PROOF.pdf,yes,comments/A224573-A231510.md
A229698,2 September 2026,papers/5501-6000/5776-PROOF.pdf,yes,comments/A224573-A231510.md
A229749,2 September 2026,papers/9001-9500/9069-PROOF.pdf,yes,comments/A224573-A231510.md
A229750,2 September 2026,papers/8001-8500/8215-PROOF.pdf,yes,comments/A224573-A231510.md
A229751,2 September 2026,papers/8001-8500/8182-PROOF.pdf,yes,comments/A224573-A231510.md
A229752,2 September 2026,papers/8001-8500/8174-PROOF.pdf,yes,comments/A224573-A231510.md
A229753,1 September 2026,papers/0501-1000/0798-PROOF.pdf,yes,comments/A224573-A231510.md
A229841,31 August 2026,papers/8501-9000/8789-PROOF.pdf,yes,comments/A224573-A231510.md
A229842,31 August 2026,papers/6501-7000/6550-PROOF.pdf,yes,comments/A224573-A231510.md
A229843,31 August 2026,papers/4001-4500/4036-PROOF.pdf,yes,comments/A224573-A231510.md
A229928,31 August 2026,papers/6501-7000/6892-PROOF.pdf,yes,comments/A224573-A231510.md
A229929,31 August 2026,papers/4001-4500/4146-PROOF.pdf,yes,comments/A224573-A231510.md
A230063,31 August 2026,papers/9001-9500/9034-PROOF.pdf,yes,comments/A224573-A231510.md
A230064,31 August 2026,papers/7001-7500/7262-PROOF.pdf,yes,comments/A224573-A231510.md
A230170,31 August 2026,papers/8001-8500/8031-PROOF.pdf,yes,comments/A224573-A231510.md
A230171,31 August 2026,papers/5001-5500/5370-PROOF.pdf,yes,comments/A224573-A231510.md
A230179,31 August 2026,papers/9001-9500/9215-PROOF.pdf,yes,comments/A224573-A231510.md
A230180,31 August 2026,papers/8001-8500/8451-PROOF.pdf,yes,comments/A224573-A231510.md
A230181,7 September 2026,papers/8001-8500/8145-PROOF.pdf,yes,comments/A224573-A231510.md
A230182,7 September 2026,papers/5501-6000/5588-PROOF.pdf,yes,comments/A224573-A231510.md
A230185,31 August 2026,papers/8501-9000/8528-PROOF.pdf,yes,comments/A224573-A231510.md
A230186,31 August 2026,papers/5501-6000/5780-PROOF.pdf,yes,comments/A224573-A231510.md
A230245,31 August 2026,papers/9001-9500/9053-PROOF.pdf,yes,comments/A224573-A231510.md
A230246,31 August 2026,papers/6501-7000/6830-PROOF.pdf,yes,comments/A224573-A231510.md
A230269,31 August 2026,papers/9001-9500/9081-PROOF.pdf,yes,comments/A224573-A231510.md
A230270,31 August 2026,papers/7001-7500/7296-PROOF.pdf,yes,comments/A224573-A231510.md
A230271,7 September 2026,papers/4501-5000/4835-PROOF.pdf,yes,comments/A224573-A231510.md
A230331,31 August 2026,papers/9001-9500/9082-PROOF.pdf,yes,comments/A224573-A231510.md
A230332,31 August 2026,papers/7501-8000/7509-PROOF.pdf,yes,comments/A224573-A231510.md
A230333,7 September 2026,papers/5501-6000/5511-PROOF.pdf,yes,comments/A224573-A231510.md
A230393,31 August 2026,papers/8001-8500/8480-PROOF.pdf,yes,comments/A224573-A231510.md
A230464,31 August 2026,papers/7501-8000/7958-PROOF.pdf,yes,comments/A224573-A231510.md
A230465,7 September 2026,papers/5501-6000/5753-PROOF.pdf,yes,comments/A224573-A231510.md
A230470,31 August 2026,papers/8501-9000/8529-PROOF.pdf,yes,comments/A224573-A231510.md
A230471,31 August 2026,papers/6001-6500/6357-PROOF.pdf,yes,comments/A224573-A231510.md
A230509,31 August 2026,papers/8001-8500/8456-PROOF.pdf,yes,comments/A224573-A231510.md
A230520,31 August 2026,papers/9001-9500/9083-PROOF.pdf,yes,comments/A224573-A231510.md
A230521,31 August 2026,papers/7501-8000/7510-PROOF.pdf,yes,comments/A224573-A231510.md
A230522,7 September 2026,papers/6501-7000/6523-PROOF.pdf,yes,comments/A224573-A231510.md
A230529,31 August 2026,papers/7501-8000/7934-PROOF.pdf,yes,comments/A224573-A231510.md
A230588,31 August 2026,papers/8501-9000/8724-PROOF.pdf,yes,comments/A224573-A231510.md
A230610,7 September 2026,papers/8001-8500/8452-PROOF.pdf,yes,comments/A224573-A231510.md
A230615,31 August 2026,papers/6501-7000/6704-PROOF.pdf,yes,comments/A224573-A231510.md
A230647,7 September 2026,papers/8501-9000/8972-PROOF.pdf,yes,comments/A224573-A231510.md
A230648,7 September 2026,papers/8501-9000/8964-PROOF.pdf,yes,comments/A224573-A231510.md
A230649,7 September 2026,papers/7501-8000/7883-PROOF.pdf,yes,comments/A224573-A231510.md
A230650,7 September 2026,papers/5501-6000/5648-PROOF.pdf,yes,comments/A224573-A231510.md
A230651,7 September 2026,papers/4001-4500/4285-PROOF.pdf,yes,comments/A224573-A231510.md
A230670,31 August 2026,papers/8001-8500/8472-PROOF.pdf,yes,comments/A224573-A231510.md
A230671,31 August 2026,papers/4501-5000/4942-PROOF.pdf,yes,comments/A224573-A231510.md
A230676,31 August 2026,papers/8501-9000/8530-PROOF.pdf,yes,comments/A224573-A231510.md
A230677,31 August 2026,papers/6501-7000/6551-PROOF.pdf,yes,comments/A224573-A231510.md
A230690,3 September 2026,papers/1501-2000/1507-PROOF.pdf,yes,comments/A224573-A231510.md
A230691,7 September 2026,papers/3001-3500/3452-PROOF.pdf,yes,comments/A224573-A231510.md
A230701,7 September 2026,papers/8501-9000/8660-PROOF.pdf,yes,comments/A224573-A231510.md
A230702,7 September 2026,papers/7001-7500/7122-PROOF.pdf,yes,comments/A224573-A231510.md
A230703,7 September 2026,papers/5501-6000/5729-PROOF.pdf,yes,comments/A224573-A231510.md
A230704,7 September 2026,papers/4001-4500/4129-PROOF.pdf,yes,comments/A224573-A231510.md
A230750,7 September 2026,papers/6501-7000/6524-PROOF.pdf,yes,comments/A224573-A231510.md
A230782,31 August 2026,papers/8001-8500/8223-PROOF.pdf,yes,comments/A224573-A231510.md
A230783,31 August 2026,papers/5501-6000/5844-PROOF.pdf,yes,comments/A224573-A231510.md
A230800,3 September 2026,papers/3001-3500/3193-PROOF.pdf,yes,comments/A224573-A231510.md
A230801,3 September 2026,papers/1501-2000/1861-PROOF.pdf,yes,comments/A224573-A231510.md
A230813,3 September 2026,papers/3001-3500/3004-PROOF.pdf,yes,comments/A224573-A231510.md
A230814,3 September 2026,papers/1501-2000/1605-PROOF.pdf,yes,comments/A224573-A231510.md
A230825,3 September 2026,papers/2501-3000/2989-PROOF.pdf,yes,comments/A224573-A231510.md
A230826,3 September 2026,papers/1501-2000/1913-PROOF.pdf,yes,comments/A224573-A231510.md
A230827,3 September 2026,papers/1001-1500/1161-PROOF.pdf,yes,comments/A224573-A231510.md
A230835,31 August 2026,papers/8501-9000/8762-PROOF.pdf,yes,comments/A224573-A231510.md
A230836,31 August 2026,papers/5001-5500/5082-PROOF.pdf,yes,comments/A224573-A231510.md
A230893,3 September 2026,papers/3001-3500/3211-PROOF.pdf,yes,comments/A224573-A231510.md
A230894,3 September 2026,papers/1501-2000/1965-PROOF.pdf,yes,comments/A224573-A231510.md
A230895,3 September 2026,papers/1001-1500/1179-PROOF.pdf,yes,comments/A224573-A231510.md
A230904,3 September 2026,papers/3001-3500/3212-PROOF.pdf,yes,comments/A224573-A231510.md
A230905,3 September 2026,papers/2001-2500/2250-PROOF.pdf,yes,comments/A224573-A231510.md
A230906,3 September 2026,papers/1001-1500/1387-PROOF.pdf,yes,comments/A224573-A231510.md
A230920,3 September 2026,papers/2501-3000/2771-PROOF.pdf,yes,comments/A224573-A231510.md
A230921,3 September 2026,papers/1501-2000/1668-PROOF.pdf,yes,comments/A224573-A231510.md
A230922,3 September 2026,papers/1501-2000/1754-PROOF.pdf,yes,comments/A224573-A231510.md
A230928,4 September 2026,papers/0501-1000/0961-PROOF.pdf,yes,comments/A224573-A231510.md
A230929,4 September 2026,papers/0501-1000/0999-PROOF.pdf,yes,comments/A224573-A231510.md
A230930,4 September 2026,papers/0501-1000/0658-PROOF.pdf,yes,comments/A224573-A231510.md
A230931,4 September 2026,papers/0501-1000/0513-PROOF.pdf,yes,comments/A224573-A231510.md
A230932,4 September 2026,papers/0001-0500/0315-PROOF.pdf,yes,comments/A224573-A231510.md
A230933,7 September 2026,papers/3501-4000/3627-PROOF.pdf,yes,comments/A224573-A231510.md
A230937,4 September 2026,papers/0501-1000/0657-PROOF.pdf,yes,comments/A224573-A231510.md
A230938,4 September 2026,papers/0001-0500/0314-PROOF.pdf,yes,comments/A224573-A231510.md
A230942,7 September 2026,papers/8501-9000/8667-PROOF.pdf,yes,comments/A224573-A231510.md
A230943,7 September 2026,papers/6001-6500/6485-PROOF.pdf,yes,comments/A224573-A231510.md
A230944,7 September 2026,papers/5001-5500/5128-PROOF.pdf,yes,comments/A224573-A231510.md
A230945,7 September 2026,papers/3501-4000/3654-PROOF.pdf,yes,comments/A224573-A231510.md
A230964,3 September 2026,papers/2001-2500/2258-PROOF.pdf,yes,comments/A224573-A231510.md
A230965,3 September 2026,papers/1001-1500/1249-PROOF.pdf,yes,comments/A224573-A231510.md
A230970,3 September 2026,papers/2501-3000/2925-PROOF.pdf,yes,comments/A224573-A231510.md
A230971,3 September 2026,papers/2501-3000/2694-PROOF.pdf,yes,comments/A224573-A231510.md
A230972,3 September 2026,papers/1001-1500/1447-PROOF.pdf,yes,comments/A224573-A231510.md
A230983,4 September 2026,papers/0501-1000/0866-PROOF.pdf,yes,comments/A224573-A231510.md
A230984,4 September 2026,papers/0501-1000/0761-PROOF.pdf,yes,comments/A224573-A231510.md
A230985,4 September 2026,papers/0501-1000/0507-PROOF.pdf,yes,comments/A224573-A231510.md
A230986,4 September 2026,papers/0001-0500/0389-PROOF.pdf,yes,comments/A224573-A231510.md
A230987,4 September 2026,papers/0001-0500/0211-PROOF.pdf,yes,comments/A224573-A231510.md
A230990,3 September 2026,papers/2001-2500/2151-PROOF.pdf,yes,comments/A224573-A231510.md
A230991,3 September 2026,papers/1001-1500/1137-PROOF.pdf,yes,comments/A224573-A231510.md
A231025,3 September 2026,papers/2501-3000/2772-PROOF.pdf,yes,comments/A224573-A231510.md
A231026,3 September 2026,papers/1001-1500/1394-PROOF.pdf,yes,comments/A224573-A231510.md
A231032,3 September 2026,papers/2001-2500/2138-PROOF.pdf,yes,comments/A224573-A231510.md
A231033,3 September 2026,papers/1001-1500/1248-PROOF.pdf,yes,comments/A224573-A231510.md
A231038,3 September 2026,papers/2001-2500/2418-PROOF.pdf,yes,comments/A224573-A231510.md
A231039,3 September 2026,papers/1001-1500/1313-PROOF.pdf,yes,comments/A224573-A231510.md
A231044,3 September 2026,papers/2501-3000/2526-PROOF.pdf,yes,comments/A224573-A231510.md
A231045,3 September 2026,papers/3001-3500/3149-PROOF.pdf,yes,comments/A224573-A231510.md
A231046,3 September 2026,papers/1001-1500/1261-PROOF.pdf,yes,comments/A224573-A231510.md
A231050,3 September 2026,papers/2501-3000/2790-PROOF.pdf,yes,comments/A224573-A231510.md
A231051,3 September 2026,papers/2001-2500/2053-PROOF.pdf,yes,comments/A224573-A231510.md
A231052,3 September 2026,papers/1001-1500/1338-PROOF.pdf,yes,comments/A224573-A231510.md
A231057,3 September 2026,papers/3001-3500/3204-PROOF.pdf,yes,comments/A224573-A231510.md
A231058,3 September 2026,papers/2001-2500/2026-PROOF.pdf,yes,comments/A224573-A231510.md
A231059,7 September 2026,papers/1001-1500/1337-PROOF.pdf,yes,comments/A224573-A231510.md
A231067,4 September 2026,papers/0501-1000/0867-PROOF.pdf,yes,comments/A224573-A231510.md
A231068,4 September 2026,papers/0501-1000/0508-PROOF.pdf,yes,comments/A224573-A231510.md
A231069,4 September 2026,papers/0001-0500/0212-PROOF.pdf,yes,comments/A224573-A231510.md
A231076,3 September 2026,papers/1501-2000/1959-PROOF.pdf,yes,comments/A224573-A231510.md
A231077,3 September 2026,papers/1001-1500/1260-PROOF.pdf,yes,comments/A224573-A231510.md
A231081,3 September 2026,papers/2501-3000/2751-PROOF.pdf,yes,comments/A224573-A231510.md
A231082,3 September 2026,papers/1001-1500/1281-PROOF.pdf,yes,comments/A224573-A231510.md
A231103,2 September 2026,papers/9501-10000/9600-PROOF.pdf,yes,comments/A224573-A231510.md
A231104,2 September 2026,papers/9501-10000/9601-PROOF.pdf,yes,comments/A224573-A231510.md
A231105,3 September 2026,papers/2001-2500/2478-PROOF.pdf,yes,comments/A224573-A231510.md
A231109,3 September 2026,papers/1501-2000/1909-PROOF.pdf,yes,comments/A224573-A231510.md
A231110,7 September 2026,papers/1001-1500/1126-PROOF.pdf,yes,comments/A224573-A231510.md
A231125,4 September 2026,papers/0501-1000/0845-PROOF.pdf,yes,comments/A224573-A231510.md
A231126,4 September 2026,papers/0501-1000/0739-PROOF.pdf,yes,comments/A224573-A231510.md
A231127,4 September 2026,papers/0001-0500/0498-PROOF.pdf,yes,comments/A224573-A231510.md
A231128,4 September 2026,papers/0001-0500/0375-PROOF.pdf,yes,comments/A224573-A231510.md
A231129,7 September 2026,papers/3001-3500/3473-PROOF.pdf,yes,comments/A224573-A231510.md
A231134,4 September 2026,papers/0501-1000/0847-PROOF.pdf,yes,comments/A224573-A231510.md
A231135,4 September 2026,papers/0001-0500/0499-PROOF.pdf,yes,comments/A224573-A231510.md
A231136,7 September 2026,papers/3001-3500/3474-PROOF.pdf,yes,comments/A224573-A231510.md
A231138,4 September 2026,papers/2501-3000/2996-PROOF.pdf,yes,comments/A224573-A231510.md
A231139,4 September 2026,papers/1501-2000/1968-PROOF.pdf,yes,comments/A224573-A231510.md
A231140,4 September 2026,papers/1001-1500/1158-PROOF.pdf,yes,comments/A224573-A231510.md
A231192,1 September 2026,papers/2501-3000/2575-PROOF.pdf,yes,comments/A224573-A231510.md
A231193,1 September 2026,papers/1501-2000/1633-PROOF.pdf,yes,comments/A224573-A231510.md
A231199,1 September 2026,papers/2501-3000/2576-PROOF.pdf,yes,comments/A224573-A231510.md
A231213,1 September 2026,papers/2501-3000/2975-PROOF.pdf,yes,comments/A224573-A231510.md
A231214,7 September 2026,papers/5501-6000/5979-PROOF.pdf,yes,comments/A224573-A231510.md
A231219,1 September 2026,papers/2501-3000/2976-PROOF.pdf,yes,comments/A224573-A231510.md
A231221,7 September 2026,papers/7001-7500/7185-PROOF.pdf,yes,comments/A224573-A231510.md
A231227,1 September 2026,papers/3001-3500/3251-PROOF.pdf,yes,comments/A224573-A231510.md
A231241,3 September 2026,papers/2501-3000/2721-PROOF.pdf,yes,comments/A224573-A231510.md
A231242,3 September 2026,papers/2001-2500/2368-PROOF.pdf,yes,comments/A224573-A231510.md
A231243,3 September 2026,papers/1501-2000/1595-PROOF.pdf,yes,comments/A224573-A231510.md
A231247,3 September 2026,papers/3001-3500/3017-PROOF.pdf,yes,comments/A224573-A231510.md
A231248,3 September 2026,papers/2001-2500/2393-PROOF.pdf,yes,comments/A224573-A231510.md
A231249,3 September 2026,papers/1501-2000/1504-PROOF.pdf,yes,comments/A224573-A231510.md
A231257,1 September 2026,papers/2501-3000/2955-PROOF.pdf,yes,comments/A224573-A231510.md
A231258,7 September 2026,papers/7501-8000/7942-PROOF.pdf,yes,comments/A224573-A231510.md
A231263,1 September 2026,papers/2501-3000/2956-PROOF.pdf,yes,comments/A224573-A231510.md
A231264,1 September 2026,papers/2001-2500/2152-PROOF.pdf,yes,comments/A224573-A231510.md
A231265,7 September 2026,papers/5001-5500/5292-PROOF.pdf,yes,comments/A224573-A231510.md
A231280,31 August 2026,papers/9001-9500/9211-PROOF.pdf,yes,comments/A224573-A231510.md
A231286,31 August 2026,papers/5501-6000/5962-PROOF.pdf,yes,comments/A224573-A231510.md
A231295,1 September 2026,papers/3001-3500/3034-PROOF.pdf,yes,comments/A224573-A231510.md
A231296,1 September 2026,papers/2001-2500/2273-PROOF.pdf,yes,comments/A224573-A231510.md
A231297,7 September 2026,papers/6501-7000/6709-PROOF.pdf,yes,comments/A224573-A231510.md
A231302,1 September 2026,papers/3001-3500/3035-PROOF.pdf,yes,comments/A224573-A231510.md
A231317,1 September 2026,papers/3001-3500/3200-PROOF.pdf,yes,comments/A224573-A231510.md
A231318,1 September 2026,papers/2001-2500/2132-PROOF.pdf,yes,comments/A224573-A231510.md
A231319,7 September 2026,papers/4501-5000/4706-PROOF.pdf,yes,comments/A224573-A231510.md
A231324,1 September 2026,papers/3001-3500/3201-PROOF.pdf,yes,comments/A224573-A231510.md
A231337,1 September 2026,papers/2501-3000/2779-PROOF.pdf,yes,comments/A224573-A231510.md
A231338,7 September 2026,papers/7501-8000/7979-PROOF.pdf,yes,comments/A224573-A231510.md
A231343,1 September 2026,papers/2501-3000/2780-PROOF.pdf,yes,comments/A224573-A231510.md
A231356,1 September 2026,papers/2001-2500/2422-PROOF.pdf,yes,comments/A224573-A231510.md
A231357,7 September 2026,papers/6501-7000/6862-PROOF.pdf,yes,comments/A224573-A231510.md
A231363,1 September 2026,papers/2001-2500/2423-PROOF.pdf,yes,comments/A224573-A231510.md
A231376,31 August 2026,papers/8501-9000/8614-PROOF.pdf,yes,comments/A224573-A231510.md
A231377,31 August 2026,papers/7001-7500/7360-PROOF.pdf,yes,comments/A224573-A231510.md
A231378,31 August 2026,papers/5501-6000/5990-PROOF.pdf,yes,comments/A224573-A231510.md
A231379,31 August 2026,papers/4001-4500/4265-PROOF.pdf,yes,comments/A224573-A231510.md
A231390,1 September 2026,papers/3001-3500/3198-PROOF.pdf,yes,comments/A224573-A231510.md
A231391,7 September 2026,papers/6001-6500/6091-PROOF.pdf,yes,comments/A224573-A231510.md
A231396,1 September 2026,papers/2501-3000/2570-PROOF.pdf,yes,comments/A224573-A231510.md
A231397,1 September 2026,papers/2501-3000/2587-PROOF.pdf,yes,comments/A224573-A231510.md
A231398,1 September 2026,papers/1501-2000/1545-PROOF.pdf,yes,comments/A224573-A231510.md
A231399,7 September 2026,papers/3501-4000/3529-PROOF.pdf,yes,comments/A224573-A231510.md
A231413,1 September 2026,papers/2501-3000/2993-PROOF.pdf,yes,comments/A224573-A231510.md
A231414,1 September 2026,papers/2001-2500/2383-PROOF.pdf,yes,comments/A224573-A231510.md
A231415,7 September 2026,papers/4501-5000/4836-PROOF.pdf,yes,comments/A224573-A231510.md
A231419,1 September 2026,papers/2501-3000/2572-PROOF.pdf,yes,comments/A224573-A231510.md
A231420,1 September 2026,papers/2501-3000/2573-PROOF.pdf,yes,comments/A224573-A231510.md
A231421,1 September 2026,papers/1001-1500/1392-PROOF.pdf,yes,comments/A224573-A231510.md
A231444,1 September 2026,papers/2501-3000/2756-PROOF.pdf,yes,comments/A224573-A231510.md
A231445,7 September 2026,papers/7501-8000/7953-PROOF.pdf,yes,comments/A224573-A231510.md
A231451,1 September 2026,papers/2501-3000/2757-PROOF.pdf,yes,comments/A224573-A231510.md
A231452,7 September 2026,papers/6001-6500/6361-PROOF.pdf,yes,comments/A224573-A231510.md
A231458,7 September 2026,papers/8001-8500/8488-PROOF.pdf,yes,comments/A224573-A231510.md
A231463,1 September 2026,papers/2501-3000/2781-PROOF.pdf,yes,comments/A224573-A231510.md
A231464,1 September 2026,papers/2001-2500/2057-PROOF.pdf,yes,comments/A224573-A231510.md
A231465,7 September 2026,papers/4001-4500/4494-PROOF.pdf,yes,comments/A224573-A231510.md
A231509,31 August 2026,papers/8001-8500/8388-PROOF.pdf,yes,comments/A224573-A231510.md
A231510,31 August 2026,papers/6001-6500/6429-PROOF.pdf,yes,comments/A224573-A231510.md
A231511,31 August 2026,papers/4501-5000/4855-PROOF.pdf,yes,comments/A231511-A233945.md
A231518,31 August 2026,papers/6501-7000/6902-PROOF.pdf,yes,comments/A231511-A233945.md
A231519,31 August 2026,papers/5501-6000/5533-PROOF.pdf,yes,comments/A231511-A233945.md
A231524,31 August 2026,papers/8501-9000/8615-PROOF.pdf,yes,comments/A231511-A233945.md
A231525,31 August 2026,papers/6001-6500/6430-PROOF.pdf,yes,comments/A231511-A233945.md
A231526,31 August 2026,papers/4501-5000/4595-PROOF.pdf,yes,comments/A231511-A233945.md
A231538,31 August 2026,papers/7501-8000/7884-PROOF.pdf,yes,comments/A231511-A233945.md
A231539,31 August 2026,papers/5501-6000/5721-PROOF.pdf,yes,comments/A231511-A233945.md
A231540,31 August 2026,papers/3501-4000/3829-PROOF.pdf,yes,comments/A231511-A233945.md
A231636,4 September 2026,papers/2001-2500/2424-PROOF.pdf,yes,comments/A231511-A233945.md
A231637,4 September 2026,papers/1001-1500/1240-PROOF.pdf,yes,comments/A231511-A233945.md
A231645,31 August 2026,papers/7001-7500/7191-PROOF.pdf,yes,comments/A231511-A233945.md
A231646,31 August 2026,papers/4501-5000/4726-PROOF.pdf,yes,comments/A231511-A233945.md
A231657,31 August 2026,papers/6501-7000/6598-PROOF.pdf,yes,comments/A231511-A233945.md
A231658,31 August 2026,papers/3501-4000/3917-PROOF.pdf,yes,comments/A231511-A233945.md
A231694,31 August 2026,papers/5501-6000/5694-PROOF.pdf,yes,comments/A231511-A233945.md
A231703,1 September 2026,papers/7501-8000/7672-PROOF.pdf,yes,comments/A231511-A233945.md
A231704,1 September 2026,papers/5001-5500/5476-PROOF.pdf,yes,comments/A231511-A233945.md
A231705,2 September 2026,papers/0001-0500/0189-PROOF.pdf,yes,comments/A231511-A233945.md
A231710,2 September 2026,papers/0001-0500/0190-PROOF.pdf,yes,comments/A231511-A233945.md
A231741,31 August 2026,papers/5501-6000/5991-PROOF.pdf,yes,comments/A231511-A233945.md
A231747,31 August 2026,papers/7001-7500/7192-PROOF.pdf,yes,comments/A231511-A233945.md
A231748,31 August 2026,papers/4501-5000/4535-PROOF.pdf,yes,comments/A231511-A233945.md
A231758,1 September 2026,papers/5501-6000/5816-PROOF.pdf,yes,comments/A231511-A233945.md
A231759,1 September 2026,papers/4001-4500/4324-PROOF.pdf,yes,comments/A231511-A233945.md
A231764,1 September 2026,papers/2501-3000/2675-PROOF.pdf,yes,comments/A231511-A233945.md
A231765,1 September 2026,papers/7501-8000/7673-PROOF.pdf,yes,comments/A231511-A233945.md
A231766,1 September 2026,papers/4501-5000/4760-PROOF.pdf,yes,comments/A231511-A233945.md
A231779,4 September 2026,papers/2501-3000/2785-PROOF.pdf,yes,comments/A231511-A233945.md
A231780,4 September 2026,papers/1501-2000/1536-PROOF.pdf,yes,comments/A231511-A233945.md
A231799,1 September 2026,papers/8001-8500/8369-PROOF.pdf,yes,comments/A231511-A233945.md
A231800,1 September 2026,papers/5501-6000/5894-PROOF.pdf,yes,comments/A231511-A233945.md
A231801,1 September 2026,papers/4001-4500/4325-PROOF.pdf,yes,comments/A231511-A233945.md
A231806,1 September 2026,papers/2501-3000/2672-PROOF.pdf,yes,comments/A231511-A233945.md
A231822,4 September 2026,papers/2501-3000/2585-PROOF.pdf,yes,comments/A231511-A233945.md
A231823,4 September 2026,papers/1001-1500/1270-PROOF.pdf,yes,comments/A231511-A233945.md
A231833,31 August 2026,papers/7501-8000/7989-PROOF.pdf,yes,comments/A231511-A233945.md
A231834,31 August 2026,papers/7001-7500/7269-PROOF.pdf,yes,comments/A231511-A233945.md
A231835,31 August 2026,papers/5001-5500/5134-PROOF.pdf,yes,comments/A231511-A233945.md
A231840,31 August 2026,papers/5001-5500/5037-PROOF.pdf,yes,comments/A231511-A233945.md
A231850,4 September 2026,papers/3001-3500/3170-PROOF.pdf,yes,comments/A231511-A233945.md
A231851,4 September 2026,papers/2001-2500/2113-PROOF.pdf,yes,comments/A231511-A233945.md
A231852,4 September 2026,papers/1501-2000/1522-PROOF.pdf,yes,comments/A231511-A233945.md
A231856,4 September 2026,papers/2001-2500/2289-PROOF.pdf,yes,comments/A231511-A233945.md
A231857,4 September 2026,papers/1001-1500/1286-PROOF.pdf,yes,comments/A231511-A233945.md
A231904,4 September 2026,papers/1501-2000/1676-PROOF.pdf,yes,comments/A231511-A233945.md
A231909,4 September 2026,papers/2501-3000/2583-PROOF.pdf,yes,comments/A231511-A233945.md
A231910,4 September 2026,papers/1001-1500/1253-PROOF.pdf,yes,comments/A231511-A233945.md
A231941,31 August 2026,papers/6501-7000/6566-PROOF.pdf,yes,comments/A231511-A233945.md
A231950,3 September 2026,papers/9001-9500/9135-PROOF.pdf,yes,comments/A231511-A233945.md
A231951,3 September 2026,papers/8501-9000/8802-PROOF.pdf,yes,comments/A231511-A233945.md
A231952,3 September 2026,papers/7001-7500/7020-PROOF.pdf,yes,comments/A231511-A233945.md
A231953,3 September 2026,papers/5001-5500/5363-PROOF.pdf,yes,comments/A231511-A233945.md
A231954,7 September 2026,papers/4001-4500/4109-PROOF.pdf,yes,comments/A231511-A233945.md
A231957,2 September 2026,papers/0001-0500/0421-PROOF.pdf,yes,comments/A231511-A233945.md
A231971,1 September 2026,papers/7501-8000/7587-PROOF.pdf,yes,comments/A231511-A233945.md
A231972,1 September 2026,papers/5501-6000/5784-PROOF.pdf,yes,comments/A231511-A233945.md
A231973,1 September 2026,papers/4001-4500/4142-PROOF.pdf,yes,comments/A231511-A233945.md
A231977,1 September 2026,papers/2501-3000/2676-PROOF.pdf,yes,comments/A231511-A233945.md
A231992,1 September 2026,papers/8001-8500/8285-PROOF.pdf,yes,comments/A231511-A233945.md
A231993,1 September 2026,papers/6501-7000/6692-PROOF.pdf,yes,comments/A231511-A233945.md
A231994,1 September 2026,papers/4501-5000/4711-PROOF.pdf,yes,comments/A231511-A233945.md
A231997,1 September 2026,papers/2501-3000/2568-PROOF.pdf,yes,comments/A231511-A233945.md
A231998,1 September 2026,papers/7501-8000/7674-PROOF.pdf,yes,comments/A231511-A233945.md
A231999,1 September 2026,papers/6501-7000/6603-PROOF.pdf,yes,comments/A231511-A233945.md
A232000,1 September 2026,papers/4501-5000/4734-PROOF.pdf,yes,comments/A231511-A233945.md
A232017,31 August 2026,papers/8501-9000/8531-PROOF.pdf,yes,comments/A231511-A233945.md
A232018,31 August 2026,papers/7501-8000/7959-PROOF.pdf,yes,comments/A231511-A233945.md
A232019,31 August 2026,papers/6001-6500/6071-PROOF.pdf,yes,comments/A231511-A233945.md
A232020,31 August 2026,papers/4001-4500/4474-PROOF.pdf,yes,comments/A231511-A233945.md
A232024,31 August 2026,papers/6001-6500/6251-PROOF.pdf,yes,comments/A231511-A233945.md
A232025,31 August 2026,papers/3501-4000/3826-PROOF.pdf,yes,comments/A231511-A233945.md
A232031,3 September 2026,papers/8501-9000/8878-PROOF.pdf,yes,comments/A231511-A233945.md
A232032,3 September 2026,papers/8001-8500/8038-PROOF.pdf,yes,comments/A231511-A233945.md
A232033,3 September 2026,papers/5501-6000/5867-PROOF.pdf,yes,comments/A231511-A233945.md
A232034,3 September 2026,papers/4001-4500/4441-PROOF.pdf,yes,comments/A231511-A233945.md
A232038,2 September 2026,papers/0001-0500/0474-PROOF.pdf,yes,comments/A231511-A233945.md
A232042,6 September 2026,papers/3001-3500/3024-PROOF.pdf,yes,comments/A231511-A233945.md
A232043,31 August 2026,papers/7501-8000/7771-PROOF.pdf,yes,comments/A231511-A233945.md
A232044,31 August 2026,papers/6501-7000/6694-PROOF.pdf,yes,comments/A231511-A233945.md
A232045,31 August 2026,papers/5501-6000/5512-PROOF.pdf,yes,comments/A231511-A233945.md
A232046,31 August 2026,papers/4001-4500/4345-PROOF.pdf,yes,comments/A231511-A233945.md
A232048,31 August 2026,papers/8001-8500/8102-PROOF.pdf,yes,comments/A231511-A233945.md
A232049,31 August 2026,papers/6501-7000/6606-PROOF.pdf,yes,comments/A231511-A233945.md
A232050,31 August 2026,papers/4501-5000/4912-PROOF.pdf,yes,comments/A231511-A233945.md
A232059,3 September 2026,papers/9001-9500/9124-PROOF.pdf,yes,comments/A231511-A233945.md
A232060,3 September 2026,papers/7501-8000/7796-PROOF.pdf,yes,comments/A231511-A233945.md
A232061,3 September 2026,papers/7001-7500/7157-PROOF.pdf,yes,comments/A231511-A233945.md
A232062,3 September 2026,papers/5501-6000/5851-PROOF.pdf,yes,comments/A231511-A233945.md
A232063,3 September 2026,papers/4001-4500/4433-PROOF.pdf,yes,comments/A231511-A233945.md
A232070,3 September 2026,papers/8501-9000/8540-PROOF.pdf,yes,comments/A231511-A233945.md
A232071,3 September 2026,papers/7001-7500/7305-PROOF.pdf,yes,comments/A231511-A233945.md
A232072,3 September 2026,papers/5001-5500/5089-PROOF.pdf,yes,comments/A231511-A233945.md
A232073,3 September 2026,papers/4001-4500/4110-PROOF.pdf,yes,comments/A231511-A233945.md
A232076,2 September 2026,papers/0001-0500/0264-PROOF.pdf,yes,comments/A231511-A233945.md
A232077,6 September 2026,papers/8501-9000/8879-PROOF.pdf,yes,comments/A231511-A233945.md
A232078,6 September 2026,papers/7501-8000/7821-PROOF.pdf,yes,comments/A231511-A233945.md
A232079,6 September 2026,papers/5501-6000/5868-PROOF.pdf,yes,comments/A231511-A233945.md
A232080,7 September 2026,papers/4001-4500/4010-PROOF.pdf,yes,comments/A231511-A233945.md
A232117,4 September 2026,papers/2001-2500/2176-PROOF.pdf,yes,comments/A231511-A233945.md
A232118,4 September 2026,papers/1001-1500/1284-PROOF.pdf,yes,comments/A231511-A233945.md
A232131,1 September 2026,papers/3001-3500/3171-PROOF.pdf,yes,comments/A231511-A233945.md
A232132,7 September 2026,papers/7501-8000/7719-PROOF.pdf,yes,comments/A231511-A233945.md
A232137,1 September 2026,papers/2501-3000/2928-PROOF.pdf,yes,comments/A231511-A233945.md
A232138,1 September 2026,papers/2501-3000/2985-PROOF.pdf,yes,comments/A231511-A233945.md
A232139,1 September 2026,papers/1501-2000/1674-PROOF.pdf,yes,comments/A231511-A233945.md
A232145,3 September 2026,papers/8001-8500/8264-PROOF.pdf,yes,comments/A231511-A233945.md
A232146,3 September 2026,papers/7501-8000/7508-PROOF.pdf,yes,comments/A231511-A233945.md
A232147,3 September 2026,papers/4501-5000/4941-PROOF.pdf,yes,comments/A231511-A233945.md
A232150,3 September 2026,papers/8001-8500/8265-PROOF.pdf,yes,comments/A231511-A233945.md
A232151,3 September 2026,papers/5501-6000/5973-PROOF.pdf,yes,comments/A231511-A233945.md
A232155,3 September 2026,papers/7001-7500/7338-PROOF.pdf,yes,comments/A231511-A233945.md
A232156,3 September 2026,papers/5001-5500/5099-PROOF.pdf,yes,comments/A231511-A233945.md
A232197,4 September 2026,papers/1501-2000/1931-PROOF.pdf,yes,comments/A231511-A233945.md
A232198,4 September 2026,papers/1001-1500/1239-PROOF.pdf,yes,comments/A231511-A233945.md
A232250,4 September 2026,papers/3001-3500/3014-PROOF.pdf,yes,comments/A231511-A233945.md
A232251,4 September 2026,papers/2501-3000/2931-PROOF.pdf,yes,comments/A231511-A233945.md
A232252,4 September 2026,papers/2001-2500/2116-PROOF.pdf,yes,comments/A231511-A233945.md
A232253,4 September 2026,papers/1501-2000/1523-PROOF.pdf,yes,comments/A231511-A233945.md
A232258,4 September 2026,papers/1501-2000/1932-PROOF.pdf,yes,comments/A231511-A233945.md
A232259,4 September 2026,papers/1001-1500/1100-PROOF.pdf,yes,comments/A231511-A233945.md
A232276,31 August 2026,papers/4501-5000/4791-PROOF.pdf,yes,comments/A231511-A233945.md
A232282,31 August 2026,papers/7001-7500/7342-PROOF.pdf,yes,comments/A231511-A233945.md
A232283,31 August 2026,papers/4001-4500/4065-PROOF.pdf,yes,comments/A231511-A233945.md
A232289,3 September 2026,papers/9001-9500/9087-PROOF.pdf,yes,comments/A231511-A233945.md
A232290,3 September 2026,papers/9001-9500/9038-PROOF.pdf,yes,comments/A231511-A233945.md
A232291,3 September 2026,papers/7001-7500/7264-PROOF.pdf,yes,comments/A231511-A233945.md
A232292,3 September 2026,papers/6501-7000/6821-PROOF.pdf,yes,comments/A231511-A233945.md
A232296,3 September 2026,papers/7501-8000/7573-PROOF.pdf,yes,comments/A231511-A233945.md
A232297,3 September 2026,papers/5001-5500/5028-PROOF.pdf,yes,comments/A231511-A233945.md
A232303,3 September 2026,papers/8501-9000/8520-PROOF.pdf,yes,comments/A231511-A233945.md
A232304,3 September 2026,papers/6501-7000/6548-PROOF.pdf,yes,comments/A231511-A233945.md
A232305,3 September 2026,papers/4501-5000/4891-PROOF.pdf,yes,comments/A231511-A233945.md
A232311,3 September 2026,papers/8501-9000/8756-PROOF.pdf,yes,comments/A231511-A233945.md
A232312,3 September 2026,papers/8001-8500/8183-PROOF.pdf,yes,comments/A231511-A233945.md
A232313,3 September 2026,papers/6501-7000/6980-PROOF.pdf,yes,comments/A231511-A233945.md
A232314,3 September 2026,papers/6001-6500/6060-PROOF.pdf,yes,comments/A231511-A233945.md
A232317,6 September 2026,papers/8501-9000/8880-PROOF.pdf,yes,comments/A231511-A233945.md
A232318,6 September 2026,papers/7001-7500/7050-PROOF.pdf,yes,comments/A231511-A233945.md
A232319,6 September 2026,papers/4501-5000/4975-PROOF.pdf,yes,comments/A231511-A233945.md
A232331,3 September 2026,papers/8501-9000/8748-PROOF.pdf,yes,comments/A231511-A233945.md
A232332,3 September 2026,papers/8501-9000/8722-PROOF.pdf,yes,comments/A231511-A233945.md
A232333,3 September 2026,papers/7501-8000/7915-PROOF.pdf,yes,comments/A231511-A233945.md
A232334,3 September 2026,papers/6001-6500/6313-PROOF.pdf,yes,comments/A231511-A233945.md
A232336,3 September 2026,papers/8501-9000/8589-PROOF.pdf,yes,comments/A231511-A233945.md
A232337,3 September 2026,papers/7501-8000/7799-PROOF.pdf,yes,comments/A231511-A233945.md
A232338,3 September 2026,papers/5501-6000/5782-PROOF.pdf,yes,comments/A231511-A233945.md
A232339,3 September 2026,papers/4501-5000/4717-PROOF.pdf,yes,comments/A231511-A233945.md
A232345,4 September 2026,papers/2001-2500/2283-PROOF.pdf,yes,comments/A231511-A233945.md
A232346,4 September 2026,papers/1001-1500/1487-PROOF.pdf,yes,comments/A231511-A233945.md
A232347,7 September 2026,papers/3501-4000/3555-PROOF.pdf,yes,comments/A231511-A233945.md
A232363,3 September 2026,papers/5501-6000/5777-PROOF.pdf,yes,comments/A231511-A233945.md
A232364,7 September 2026,papers/3501-4000/3846-PROOF.pdf,yes,comments/A231511-A233945.md
A232370,3 September 2026,papers/8001-8500/8020-PROOF.pdf,yes,comments/A231511-A233945.md
A232371,3 September 2026,papers/6501-7000/6554-PROOF.pdf,yes,comments/A231511-A233945.md
A232372,3 September 2026,papers/5501-6000/5671-PROOF.pdf,yes,comments/A231511-A233945.md
A232377,3 September 2026,papers/7501-8000/7819-PROOF.pdf,yes,comments/A231511-A233945.md
A232378,3 September 2026,papers/6501-7000/6858-PROOF.pdf,yes,comments/A231511-A233945.md
A232384,3 September 2026,papers/6501-7000/6563-PROOF.pdf,yes,comments/A231511-A233945.md
A232385,3 September 2026,papers/4001-4500/4350-PROOF.pdf,yes,comments/A231511-A233945.md
A232391,2 September 2026,papers/0001-0500/0316-PROOF.pdf,yes,comments/A231511-A233945.md
A232400,3 September 2026,papers/7501-8000/7507-PROOF.pdf,yes,comments/A231511-A233945.md
A232401,3 September 2026,papers/6501-7000/6978-PROOF.pdf,yes,comments/A231511-A233945.md
A232402,7 September 2026,papers/5001-5500/5135-PROOF.pdf,yes,comments/A231511-A233945.md
A232406,2 September 2026,papers/0501-1000/0692-PROOF.pdf,yes,comments/A231511-A233945.md
A232408,4 September 2026,papers/1501-2000/1815-PROOF.pdf,yes,comments/A231511-A233945.md
A232409,7 September 2026,papers/3501-4000/3755-PROOF.pdf,yes,comments/A231511-A233945.md
A232415,4 September 2026,papers/2001-2500/2073-PROOF.pdf,yes,comments/A231511-A233945.md
A232416,4 September 2026,papers/1001-1500/1294-PROOF.pdf,yes,comments/A231511-A233945.md
A232425,3 September 2026,papers/8001-8500/8266-PROOF.pdf,yes,comments/A231511-A233945.md
A232426,3 September 2026,papers/5501-6000/5778-PROOF.pdf,yes,comments/A231511-A233945.md
A232427,7 September 2026,papers/3501-4000/3958-PROOF.pdf,yes,comments/A231511-A233945.md
A232431,2 September 2026,papers/0001-0500/0461-PROOF.pdf,yes,comments/A231511-A233945.md
A232453,3 September 2026,papers/9001-9500/9068-PROOF.pdf,yes,comments/A231511-A233945.md
A232454,3 September 2026,papers/7501-8000/7505-PROOF.pdf,yes,comments/A231511-A233945.md
A232455,3 September 2026,papers/6501-7000/6522-PROOF.pdf,yes,comments/A231511-A233945.md
A232508,3 September 2026,papers/9001-9500/9070-PROOF.pdf,yes,comments/A231511-A233945.md
A232509,3 September 2026,papers/7501-8000/7956-PROOF.pdf,yes,comments/A231511-A233945.md
A232510,3 September 2026,papers/9001-9500/9010-PROOF.pdf,yes,comments/A231511-A233945.md
A232511,7 September 2026,papers/6501-7000/6666-PROOF.pdf,yes,comments/A231511-A233945.md
A232516,4 September 2026,papers/2501-3000/2819-PROOF.pdf,yes,comments/A231511-A233945.md
A232517,4 September 2026,papers/2001-2500/2438-PROOF.pdf,yes,comments/A231511-A233945.md
A232518,4 September 2026,papers/2001-2500/2158-PROOF.pdf,yes,comments/A231511-A233945.md
A232519,4 September 2026,papers/1001-1500/1490-PROOF.pdf,yes,comments/A231511-A233945.md
A232520,4 September 2026,papers/1001-1500/1197-PROOF.pdf,yes,comments/A231511-A233945.md
A232572,3 September 2026,papers/7001-7500/7190-PROOF.pdf,yes,comments/A231511-A233945.md
A232573,3 September 2026,papers/4501-5000/4667-PROOF.pdf,yes,comments/A231511-A233945.md
A232582,6 September 2026,papers/3001-3500/3205-PROOF.pdf,yes,comments/A231511-A233945.md
A232583,3 September 2026,papers/8501-9000/8737-PROOF.pdf,yes,comments/A231511-A233945.md
A232584,6 September 2026,papers/3001-3500/3133-PROOF.pdf,yes,comments/A231511-A233945.md
A232585,7 September 2026,papers/8001-8500/8446-PROOF.pdf,yes,comments/A231511-A233945.md
A232590,4 September 2026,papers/2501-3000/2812-PROOF.pdf,yes,comments/A231511-A233945.md
A232591,4 September 2026,papers/2001-2500/2172-PROOF.pdf,yes,comments/A231511-A233945.md
A232592,4 September 2026,papers/1001-1500/1471-PROOF.pdf,yes,comments/A231511-A233945.md
A232593,4 September 2026,papers/1001-1500/1138-PROOF.pdf,yes,comments/A231511-A233945.md
A232670,3 September 2026,papers/7501-8000/7804-PROOF.pdf,yes,comments/A231511-A233945.md
A232671,3 September 2026,papers/5001-5500/5440-PROOF.pdf,yes,comments/A231511-A233945.md
A232672,7 September 2026,papers/4001-4500/4035-PROOF.pdf,yes,comments/A231511-A233945.md
A232677,2 September 2026,papers/0001-0500/0428-PROOF.pdf,yes,comments/A231511-A233945.md
A232834,3 September 2026,papers/6501-7000/6852-PROOF.pdf,yes,comments/A231511-A233945.md
A232835,3 September 2026,papers/4501-5000/4613-PROOF.pdf,yes,comments/A231511-A233945.md
A232839,2 September 2026,papers/0001-0500/0382-PROOF.pdf,yes,comments/A231511-A233945.md
A232840,4 September 2026,papers/2001-2500/2284-PROOF.pdf,yes,comments/A231511-A233945.md
A232841,4 September 2026,papers/1001-1500/1312-PROOF.pdf,yes,comments/A231511-A233945.md
A232901,3 September 2026,papers/9001-9500/9071-PROOF.pdf,yes,comments/A231511-A233945.md
A232902,3 September 2026,papers/8501-9000/8738-PROOF.pdf,yes,comments/A231511-A233945.md
A232903,3 September 2026,papers/7501-8000/7712-PROOF.pdf,yes,comments/A231511-A233945.md
A232904,7 September 2026,papers/6001-6500/6058-PROOF.pdf,yes,comments/A231511-A233945.md
A232909,4 September 2026,papers/2001-2500/2286-PROOF.pdf,yes,comments/A231511-A233945.md
A232910,4 September 2026,papers/1001-1500/1366-PROOF.pdf,yes,comments/A231511-A233945.md
A232917,3 September 2026,papers/2501-3000/2688-PROOF.pdf,yes,comments/A231511-A233945.md
A232918,3 September 2026,papers/2001-2500/2212-PROOF.pdf,yes,comments/A231511-A233945.md
A232919,3 September 2026,papers/1501-2000/1623-PROOF.pdf,yes,comments/A231511-A233945.md
A232921,2 September 2026,papers/9501-10000/9617-PROOF.pdf,yes,comments/A231511-A233945.md
A232922,3 September 2026,papers/3001-3500/3236-PROOF.pdf,yes,comments/A231511-A233945.md
A232923,3 September 2026,papers/2501-3000/2586-PROOF.pdf,yes,comments/A231511-A233945.md
A232924,3 September 2026,papers/2001-2500/2054-PROOF.pdf,yes,comments/A231511-A233945.md
A232925,3 September 2026,papers/1001-1500/1488-PROOF.pdf,yes,comments/A231511-A233945.md
A232926,3 September 2026,papers/1001-1500/1162-PROOF.pdf,yes,comments/A231511-A233945.md
A232935,3 September 2026,papers/9001-9500/9072-PROOF.pdf,yes,comments/A231511-A233945.md
A232936,3 September 2026,papers/8001-8500/8470-PROOF.pdf,yes,comments/A231511-A233945.md
A232937,3 September 2026,papers/7501-8000/7713-PROOF.pdf,yes,comments/A231511-A233945.md
A232938,3 September 2026,papers/1501-2000/1899-PROOF.pdf,yes,comments/A231511-A233945.md
A232939,3 September 2026,papers/1501-2000/1557-PROOF.pdf,yes,comments/A231511-A233945.md
A232940,3 September 2026,papers/1001-1500/1304-PROOF.pdf,yes,comments/A231511-A233945.md
A232943,3 September 2026,papers/3001-3500/3036-PROOF.pdf,yes,comments/A231511-A233945.md
A232944,3 September 2026,papers/2001-2500/2065-PROOF.pdf,yes,comments/A231511-A233945.md
A232945,3 September 2026,papers/1501-2000/1544-PROOF.pdf,yes,comments/A231511-A233945.md
A232950,2 September 2026,papers/9501-10000/9602-PROOF.pdf,yes,comments/A231511-A233945.md
A232951,2 September 2026,papers/9501-10000/9515-PROOF.pdf,yes,comments/A231511-A233945.md
A232952,3 September 2026,papers/2001-2500/2048-PROOF.pdf,yes,comments/A231511-A233945.md
A232953,3 September 2026,papers/1501-2000/1534-PROOF.pdf,yes,comments/A231511-A233945.md
A232956,2 September 2026,papers/9501-10000/9603-PROOF.pdf,yes,comments/A231511-A233945.md
A232957,3 September 2026,papers/3001-3500/3005-PROOF.pdf,yes,comments/A231511-A233945.md
A232958,3 September 2026,papers/2001-2500/2052-PROOF.pdf,yes,comments/A231511-A233945.md
A232959,3 September 2026,papers/1001-1500/1426-PROOF.pdf,yes,comments/A231511-A233945.md
A233013,1 September 2026,papers/3001-3500/3185-PROOF.pdf,yes,comments/A231511-A233945.md
A233014,1 September 2026,papers/2501-3000/2924-PROOF.pdf,yes,comments/A231511-A233945.md
A233015,1 September 2026,papers/2001-2500/2231-PROOF.pdf,yes,comments/A231511-A233945.md
A233016,1 September 2026,papers/1501-2000/1803-PROOF.pdf,yes,comments/A231511-A233945.md
A233020,2 September 2026,papers/9501-10000/9618-PROOF.pdf,yes,comments/A231511-A233945.md
A233021,3 September 2026,papers/3001-3500/3037-PROOF.pdf,yes,comments/A231511-A233945.md
A233022,3 September 2026,papers/2001-2500/2280-PROOF.pdf,yes,comments/A231511-A233945.md
A233023,3 September 2026,papers/1501-2000/1581-PROOF.pdf,yes,comments/A231511-A233945.md
A233068,1 September 2026,papers/2501-3000/2744-PROOF.pdf,yes,comments/A231511-A233945.md
A233069,1 September 2026,papers/1501-2000/1961-PROOF.pdf,yes,comments/A231511-A233945.md
A233070,1 September 2026,papers/1501-2000/1530-PROOF.pdf,yes,comments/A231511-A233945.md
A233077,1 September 2026,papers/3001-3500/3326-PROOF.pdf,yes,comments/A231511-A233945.md
A233078,1 September 2026,papers/3001-3500/3314-PROOF.pdf,yes,comments/A231511-A233945.md
A233079,1 September 2026,papers/3001-3500/3143-PROOF.pdf,yes,comments/A231511-A233945.md
A233080,1 September 2026,papers/2501-3000/2900-PROOF.pdf,yes,comments/A231511-A233945.md
A233081,3 September 2026,papers/2501-3000/2614-PROOF.pdf,yes,comments/A231511-A233945.md
A233083,1 September 2026,papers/3001-3500/3330-PROOF.pdf,yes,comments/A231511-A233945.md
A233084,1 September 2026,papers/3001-3500/3150-PROOF.pdf,yes,comments/A231511-A233945.md
A233085,6 September 2026,papers/2501-3000/2742-PROOF.pdf,yes,comments/A231511-A233945.md
A233086,6 September 2026,papers/2001-2500/2029-PROOF.pdf,yes,comments/A231511-A233945.md
A233093,1 September 2026,papers/3001-3500/3186-PROOF.pdf,yes,comments/A231511-A233945.md
A233094,1 September 2026,papers/3001-3500/3165-PROOF.pdf,yes,comments/A231511-A233945.md
A233095,1 September 2026,papers/1501-2000/1958-PROOF.pdf,yes,comments/A231511-A233945.md
A233096,1 September 2026,papers/1001-1500/1500-PROOF.pdf,yes,comments/A231511-A233945.md
A233099,1 September 2026,papers/3001-3500/3192-PROOF.pdf,yes,comments/A231511-A233945.md
A233100,1 September 2026,papers/2501-3000/2704-PROOF.pdf,yes,comments/A231511-A233945.md
A233101,6 September 2026,papers/1501-2000/1981-PROOF.pdf,yes,comments/A231511-A233945.md
A233102,6 September 2026,papers/1001-1500/1411-PROOF.pdf,yes,comments/A231511-A233945.md
A233106,2 September 2026,papers/9501-10000/9516-PROOF.pdf,yes,comments/A231511-A233945.md
A233107,2 September 2026,papers/9501-10000/9517-PROOF.pdf,yes,comments/A231511-A233945.md
A233108,3 September 2026,papers/2501-3000/2723-PROOF.pdf,yes,comments/A231511-A233945.md
A233109,3 September 2026,papers/2001-2500/2371-PROOF.pdf,yes,comments/A231511-A233945.md
A233110,3 September 2026,papers/1501-2000/1753-PROOF.pdf,yes,comments/A231511-A233945.md
A233123,2 September 2026,papers/9501-10000/9604-PROOF.pdf,yes,comments/A231511-A233945.md
A233124,2 September 2026,papers/9501-10000/9518-PROOF.pdf,yes,comments/A231511-A233945.md
A233125,3 September 2026,papers/2501-3000/2923-PROOF.pdf,yes,comments/A231511-A233945.md
A233126,3 September 2026,papers/2001-2500/2490-PROOF.pdf,yes,comments/A231511-A233945.md
A233127,3 September 2026,papers/2001-2500/2221-PROOF.pdf,yes,comments/A231511-A233945.md
A233128,3 September 2026,papers/1501-2000/1847-PROOF.pdf,yes,comments/A231511-A233945.md
A233141,3 September 2026,papers/2501-3000/2763-PROOF.pdf,yes,comments/A231511-A233945.md
A233142,3 September 2026,papers/2001-2500/2040-PROOF.pdf,yes,comments/A231511-A233945.md
A233143,3 September 2026,papers/1001-1500/1408-PROOF.pdf,yes,comments/A231511-A233945.md
A233152,3 September 2026,papers/3001-3500/3399-PROOF.pdf,yes,comments/A231511-A233945.md
A233153,3 September 2026,papers/3001-3500/3279-PROOF.pdf,yes,comments/A231511-A233945.md
A233154,3 September 2026,papers/3001-3500/3071-PROOF.pdf,yes,comments/A231511-A233945.md
A233156,3 September 2026,papers/3001-3500/3353-PROOF.pdf,yes,comments/A231511-A233945.md
A233157,3 September 2026,papers/3001-3500/3207-PROOF.pdf,yes,comments/A231511-A233945.md
A233158,3 September 2026,papers/2001-2500/2402-PROOF.pdf,yes,comments/A231511-A233945.md
A233159,3 September 2026,papers/2001-2500/2135-PROOF.pdf,yes,comments/A231511-A233945.md
A233160,3 September 2026,papers/1001-1500/1406-PROOF.pdf,yes,comments/A231511-A233945.md
A233162,2 September 2026,papers/9001-9500/9499-PROOF.pdf,yes,comments/A231511-A233945.md
A233163,2 September 2026,papers/9501-10000/9564-PROOF.pdf,yes,comments/A231511-A233945.md
A233164,2 September 2026,papers/9501-10000/9565-PROOF.pdf,yes,comments/A231511-A233945.md
A233165,2 September 2026,papers/9501-10000/9566-PROOF.pdf,yes,comments/A231511-A233945.md
A233166,2 September 2026,papers/9501-10000/9567-PROOF.pdf,yes,comments/A231511-A233945.md
A233167,2 September 2026,papers/9501-10000/9568-PROOF.pdf,yes,comments/A231511-A233945.md
A233170,3 September 2026,papers/3001-3500/3164-PROOF.pdf,yes,comments/A231511-A233945.md
A233171,3 September 2026,papers/2001-2500/2369-PROOF.pdf,yes,comments/A231511-A233945.md
A233172,3 September 2026,papers/2001-2500/2011-PROOF.pdf,yes,comments/A231511-A233945.md
A233173,3 September 2026,papers/1501-2000/1593-PROOF.pdf,yes,comments/A231511-A233945.md
A233175,2 September 2026,papers/9001-9500/9500-PROOF.pdf,yes,comments/A231511-A233945.md
A233196,2 September 2026,papers/9501-10000/9569-PROOF.pdf,yes,comments/A231511-A233945.md
A233197,3 September 2026,papers/3001-3500/3153-PROOF.pdf,yes,comments/A231511-A233945.md
A233198,3 September 2026,papers/2501-3000/2693-PROOF.pdf,yes,comments/A231511-A233945.md
A233199,3 September 2026,papers/2001-2500/2096-PROOF.pdf,yes,comments/A231511-A233945.md
A233200,3 September 2026,papers/1501-2000/1521-PROOF.pdf,yes,comments/A231511-A233945.md
A233211,2 September 2026,papers/9501-10000/9519-PROOF.pdf,yes,comments/A231511-A233945.md
A233212,2 September 2026,papers/9501-10000/9520-PROOF.pdf,yes,comments/A231511-A233945.md
A233213,2 September 2026,papers/9501-10000/9521-PROOF.pdf,yes,comments/A231511-A233945.md
A233214,3 September 2026,papers/2501-3000/2690-PROOF.pdf,yes,comments/A231511-A233945.md
A233215,3 September 2026,papers/2001-2500/2452-PROOF.pdf,yes,comments/A231511-A233945.md
A233218,2 September 2026,papers/9501-10000/9501-PROOF.pdf,yes,comments/A231511-A233945.md
A233219,6 September 2026,papers/2501-3000/2728-PROOF.pdf,yes,comments/A231511-A233945.md
A233224,3 September 2026,papers/2501-3000/2764-PROOF.pdf,yes,comments/A231511-A233945.md
A233225,3 September 2026,papers/2001-2500/2041-PROOF.pdf,yes,comments/A231511-A233945.md
A233226,3 September 2026,papers/1001-1500/1485-PROOF.pdf,yes,comments/A231511-A233945.md
A233234,3 September 2026,papers/2501-3000/2724-PROOF.pdf,yes,comments/A231511-A233945.md
A233235,3 September 2026,papers/2501-3000/2702-PROOF.pdf,yes,comments/A231511-A233945.md
A233240,6 September 2026,papers/2501-3000/2801-PROOF.pdf,yes,comments/A231511-A233945.md
A233241,6 September 2026,papers/2001-2500/2144-PROOF.pdf,yes,comments/A231511-A233945.md
A233251,2 September 2026,papers/9501-10000/9605-PROOF.pdf,yes,comments/A231511-A233945.md
A233252,2 September 2026,papers/9501-10000/9606-PROOF.pdf,yes,comments/A231511-A233945.md
A233253,3 September 2026,papers/3001-3500/3144-PROOF.pdf,yes,comments/A231511-A233945.md
A233254,3 September 2026,papers/2501-3000/2901-PROOF.pdf,yes,comments/A231511-A233945.md
A233255,3 September 2026,papers/2501-3000/2838-PROOF.pdf,yes,comments/A231511-A233945.md
A233257,2 September 2026,papers/9501-10000/9570-PROOF.pdf,yes,comments/A231511-A233945.md
A233402,2 September 2026,papers/9001-9500/9403-PROOF.pdf,yes,comments/A231511-A233945.md
A233490,3 September 2026,papers/8501-9000/8739-PROOF.pdf,yes,comments/A231511-A233945.md
A233491,3 September 2026,papers/7501-8000/7921-PROOF.pdf,yes,comments/A231511-A233945.md
A233492,3 September 2026,papers/7501-8000/7907-PROOF.pdf,yes,comments/A231511-A233945.md
A233498,3 September 2026,papers/5501-6000/5685-PROOF.pdf,yes,comments/A231511-A233945.md
A233595,3 September 2026,papers/5501-6000/5614-PROOF.pdf,yes,comments/A231511-A233945.md
A233603,3 September 2026,papers/5501-6000/5615-PROOF.pdf,yes,comments/A231511-A233945.md
A233611,3 September 2026,papers/8501-9000/8740-PROOF.pdf,yes,comments/A231511-A233945.md
A233612,3 September 2026,papers/7501-8000/7922-PROOF.pdf,yes,comments/A231511-A233945.md
A233613,3 September 2026,papers/6501-7000/6962-PROOF.pdf,yes,comments/A231511-A233945.md
A233619,3 September 2026,papers/5501-6000/5686-PROOF.pdf,yes,comments/A231511-A233945.md
A233628,31 August 2026,papers/8501-9000/8616-PROOF.pdf,yes,comments/A231511-A233945.md
A233629,31 August 2026,papers/6001-6500/6019-PROOF.pdf,yes,comments/A231511-A233945.md
A233630,2 September 2026,papers/0001-0500/0235-PROOF.pdf,yes,comments/A231511-A233945.md
A233635,1 September 2026,papers/2501-3000/2842-PROOF.pdf,yes,comments/A231511-A233945.md
A233637,31 August 2026,papers/9001-9500/9274-PROOF.pdf,yes,comments/A231511-A233945.md
A233638,31 August 2026,papers/8001-8500/8091-PROOF.pdf,yes,comments/A231511-A233945.md
A233639,31 August 2026,papers/6501-7000/6893-PROOF.pdf,yes,comments/A231511-A233945.md
A233640,31 August 2026,papers/5001-5500/5048-PROOF.pdf,yes,comments/A231511-A233945.md
A233641,2 September 2026,papers/0001-0500/0226-PROOF.pdf,yes,comments/A231511-A233945.md
A233646,31 August 2026,papers/7501-8000/7652-PROOF.pdf,yes,comments/A231511-A233945.md
A233647,31 August 2026,papers/4501-5000/4640-PROOF.pdf,yes,comments/A231511-A233945.md
A233659,31 August 2026,papers/6501-7000/6937-PROOF.pdf,yes,comments/A231511-A233945.md
A233660,2 September 2026,papers/0001-0500/0197-PROOF.pdf,yes,comments/A231511-A233945.md
A233675,31 August 2026,papers/8501-9000/8898-PROOF.pdf,yes,comments/A231511-A233945.md
A233676,31 August 2026,papers/7001-7500/7361-PROOF.pdf,yes,comments/A231511-A233945.md
A233677,31 August 2026,papers/6001-6500/6216-PROOF.pdf,yes,comments/A231511-A233945.md
A233678,2 September 2026,papers/0001-0500/0306-PROOF.pdf,yes,comments/A231511-A233945.md
A233684,31 August 2026,papers/9001-9500/9146-PROOF.pdf,yes,comments/A231511-A233945.md
A233685,31 August 2026,papers/7501-8000/7593-PROOF.pdf,yes,comments/A231511-A233945.md
A233686,31 August 2026,papers/6501-7000/6567-PROOF.pdf,yes,comments/A231511-A233945.md
A233687,31 August 2026,papers/4001-4500/4490-PROOF.pdf,yes,comments/A231511-A233945.md
A233710,31 August 2026,papers/7501-8000/7879-PROOF.pdf,yes,comments/A231511-A233945.md
A233711,31 August 2026,papers/5001-5500/5328-PROOF.pdf,yes,comments/A231511-A233945.md
A233712,2 September 2026,papers/0001-0500/0193-PROOF.pdf,yes,comments/A231511-A233945.md
A233718,31 August 2026,papers/6001-6500/6431-PROOF.pdf,yes,comments/A231511-A233945.md
A233719,2 September 2026,papers/0001-0500/0154-PROOF.pdf,yes,comments/A231511-A233945.md
A233726,31 August 2026,papers/8501-9000/8899-PROOF.pdf,yes,comments/A231511-A233945.md
A233727,31 August 2026,papers/7001-7500/7053-PROOF.pdf,yes,comments/A231511-A233945.md
A233728,31 August 2026,papers/5001-5500/5229-PROOF.pdf,yes,comments/A231511-A233945.md
A233729,2 September 2026,papers/0001-0500/0167-PROOF.pdf,yes,comments/A231511-A233945.md
A233733,1 September 2026,papers/3001-3500/3072-PROOF.pdf,yes,comments/A231511-A233945.md
A233749,31 August 2026,papers/7501-8000/7653-PROOF.pdf,yes,comments/A231511-A233945.md
A233750,31 August 2026,papers/4001-4500/4376-PROOF.pdf,yes,comments/A231511-A233945.md
A233755,2 September 2026,papers/0001-0500/0320-PROOF.pdf,yes,comments/A231511-A233945.md
A233785,31 August 2026,papers/8501-9000/8900-PROOF.pdf,yes,comments/A231511-A233945.md
A233786,31 August 2026,papers/7001-7500/7202-PROOF.pdf,yes,comments/A231511-A233945.md
A233787,31 August 2026,papers/4501-5000/4856-PROOF.pdf,yes,comments/A231511-A233945.md
A233811,31 August 2026,papers/8001-8500/8343-PROOF.pdf,yes,comments/A231511-A233945.md
A233812,31 August 2026,papers/6001-6500/6111-PROOF.pdf,yes,comments/A231511-A233945.md
A233838,3 September 2026,papers/8501-9000/8719-PROOF.pdf,yes,comments/A231511-A233945.md
A233839,3 September 2026,papers/6501-7000/6961-PROOF.pdf,yes,comments/A231511-A233945.md
A233853,31 August 2026,papers/6501-7000/6760-PROOF.pdf,yes,comments/A231511-A233945.md
A233854,2 September 2026,papers/0001-0500/0221-PROOF.pdf,yes,comments/A231511-A233945.md
A233869,31 August 2026,papers/6501-7000/6761-PROOF.pdf,yes,comments/A231511-A233945.md
A233870,2 September 2026,papers/0001-0500/0205-PROOF.pdf,yes,comments/A231511-A233945.md
A233875,2 September 2026,papers/0001-0500/0206-PROOF.pdf,yes,comments/A231511-A233945.md
A233877,31 August 2026,papers/8001-8500/8356-PROOF.pdf,yes,comments/A231511-A233945.md
A233878,31 August 2026,papers/7001-7500/7046-PROOF.pdf,yes,comments/A231511-A233945.md
A233879,31 August 2026,papers/5001-5500/5179-PROOF.pdf,yes,comments/A231511-A233945.md
A233880,31 August 2026,papers/4001-4500/4066-PROOF.pdf,yes,comments/A231511-A233945.md
A233885,31 August 2026,papers/7001-7500/7403-PROOF.pdf,yes,comments/A231511-A233945.md
A233886,31 August 2026,papers/4501-5000/4971-PROOF.pdf,yes,comments/A231511-A233945.md
A233887,2 September 2026,papers/0001-0500/0252-PROOF.pdf,yes,comments/A231511-A233945.md
A233897,31 August 2026,papers/8001-8500/8324-PROOF.pdf,yes,comments/A231511-A233945.md
A233898,31 August 2026,papers/5001-5500/5376-PROOF.pdf,yes,comments/A231511-A233945.md
A233899,2 September 2026,papers/0001-0500/0218-PROOF.pdf,yes,comments/A231511-A233945.md
A233910,31 August 2026,papers/7001-7500/7203-PROOF.pdf,yes,comments/A231511-A233945.md
A233911,31 August 2026,papers/4501-5000/4623-PROOF.pdf,yes,comments/A231511-A233945.md
A233921,31 August 2026,papers/8001-8500/8365-PROOF.pdf,yes,comments/A231511-A233945.md
A233922,31 August 2026,papers/5001-5500/5466-PROOF.pdf,yes,comments/A231511-A233945.md
A233923,2 September 2026,papers/0001-0500/0178-PROOF.pdf,yes,comments/A231511-A233945.md
A233928,1 September 2026,papers/2501-3000/2647-PROOF.pdf,yes,comments/A231511-A233945.md
A233934,31 August 2026,papers/6001-6500/6259-PROOF.pdf,yes,comments/A231511-A233945.md
A233942,31 August 2026,papers/8501-9000/8950-PROOF.pdf,yes,comments/A231511-A233945.md
A233943,31 August 2026,papers/7001-7500/7425-PROOF.pdf,yes,comments/A231511-A233945.md
A233944,31 August 2026,papers/5001-5500/5473-PROOF.pdf,yes,comments/A231511-A233945.md
A233945,2 September 2026,papers/0001-0500/0214-PROOF.pdf,yes,comments/A231511-A233945.md
A233949,1 September 2026,papers/3001-3500/3107-PROOF.pdf,yes,comments/A233949-A235677.md
A233951,31 August 2026,papers/8501-9000/8851-PROOF.pdf,yes,comments/A233949-A235677.md
A233952,31 August 2026,papers/6001-6500/6002-PROOF.pdf,yes,comments/A233949-A235677.md
A233953,31 August 2026,papers/4001-4500/4314-PROOF.pdf,yes,comments/A233949-A235677.md
A233960,31 August 2026,papers/8501-9000/8617-PROOF.pdf,yes,comments/A233949-A235677.md
A233961,31 August 2026,papers/6501-7000/6762-PROOF.pdf,yes,comments/A233949-A235677.md
A233962,31 August 2026,papers/4001-4500/4411-PROOF.pdf,yes,comments/A233949-A235677.md
A233974,31 August 2026,papers/7001-7500/7404-PROOF.pdf,yes,comments/A233949-A235677.md
A233975,2 September 2026,papers/0001-0500/0241-PROOF.pdf,yes,comments/A233949-A235677.md
A233982,31 August 2026,papers/9001-9500/9132-PROOF.pdf,yes,comments/A233949-A235677.md
A233983,31 August 2026,papers/6501-7000/6885-PROOF.pdf,yes,comments/A233949-A235677.md
A233984,31 August 2026,papers/5001-5500/5442-PROOF.pdf,yes,comments/A233949-A235677.md
A233985,7 September 2026,papers/3501-4000/3571-PROOF.pdf,yes,comments/A233949-A235677.md
A234029,31 August 2026,papers/8501-9000/8869-PROOF.pdf,yes,comments/A233949-A235677.md
A234030,31 August 2026,papers/7501-8000/7567-PROOF.pdf,yes,comments/A233949-A235677.md
A234031,31 August 2026,papers/6001-6500/6363-PROOF.pdf,yes,comments/A233949-A235677.md
A234032,31 August 2026,papers/4001-4500/4357-PROOF.pdf,yes,comments/A233949-A235677.md
A234036,1 September 2026,papers/3001-3500/3050-PROOF.pdf,yes,comments/A233949-A235677.md
A234047,3 September 2026,papers/7001-7500/7153-PROOF.pdf,yes,comments/A233949-A235677.md
A234048,3 September 2026,papers/4501-5000/4578-PROOF.pdf,yes,comments/A233949-A235677.md
A234055,3 September 2026,papers/4501-5000/4963-PROOF.pdf,yes,comments/A233949-A235677.md
A234061,3 September 2026,papers/7501-8000/7931-PROOF.pdf,yes,comments/A233949-A235677.md
A234062,3 September 2026,papers/6501-7000/6668-PROOF.pdf,yes,comments/A233949-A235677.md
A234076,31 August 2026,papers/8001-8500/8366-PROOF.pdf,yes,comments/A233949-A235677.md
A234077,31 August 2026,papers/5001-5500/5391-PROOF.pdf,yes,comments/A233949-A235677.md
A234078,2 September 2026,papers/0001-0500/0140-PROOF.pdf,yes,comments/A233949-A235677.md
A234084,31 August 2026,papers/7501-8000/7654-PROOF.pdf,yes,comments/A233949-A235677.md
A234085,31 August 2026,papers/4501-5000/4601-PROOF.pdf,yes,comments/A233949-A235677.md
A234107,31 August 2026,papers/8001-8500/8367-PROOF.pdf,yes,comments/A233949-A235677.md
A234108,31 August 2026,papers/6001-6500/6122-PROOF.pdf,yes,comments/A233949-A235677.md
A234109,31 August 2026,papers/4501-5000/4536-PROOF.pdf,yes,comments/A233949-A235677.md
A234110,7 September 2026,papers/3001-3500/3442-PROOF.pdf,yes,comments/A233949-A235677.md
A234114,1 September 2026,papers/2501-3000/2648-PROOF.pdf,yes,comments/A233949-A235677.md
A234116,31 August 2026,papers/8501-9000/8866-PROOF.pdf,yes,comments/A233949-A235677.md
A234117,31 August 2026,papers/8501-9000/8532-PROOF.pdf,yes,comments/A233949-A235677.md
A234118,31 August 2026,papers/7001-7500/7182-PROOF.pdf,yes,comments/A233949-A235677.md
A234119,31 August 2026,papers/6001-6500/6207-PROOF.pdf,yes,comments/A233949-A235677.md
A234120,31 August 2026,papers/4501-5000/4783-PROOF.pdf,yes,comments/A233949-A235677.md
A234122,1 September 2026,papers/2501-3000/2776-PROOF.pdf,yes,comments/A233949-A235677.md
A234124,31 August 2026,papers/8001-8500/8325-PROOF.pdf,yes,comments/A233949-A235677.md
A234125,31 August 2026,papers/6501-7000/6712-PROOF.pdf,yes,comments/A233949-A235677.md
A234126,31 August 2026,papers/5001-5500/5289-PROOF.pdf,yes,comments/A233949-A235677.md
A234131,1 September 2026,papers/2501-3000/2605-PROOF.pdf,yes,comments/A233949-A235677.md
A234133,31 August 2026,papers/9001-9500/9147-PROOF.pdf,yes,comments/A233949-A235677.md
A234134,31 August 2026,papers/8001-8500/8295-PROOF.pdf,yes,comments/A233949-A235677.md
A234135,31 August 2026,papers/8001-8500/8224-PROOF.pdf,yes,comments/A233949-A235677.md
A234136,31 August 2026,papers/8001-8500/8185-PROOF.pdf,yes,comments/A233949-A235677.md
A234137,31 August 2026,papers/8001-8500/8163-PROOF.pdf,yes,comments/A233949-A235677.md
A234138,31 August 2026,papers/8001-8500/8149-PROOF.pdf,yes,comments/A233949-A235677.md
A234139,7 September 2026,papers/8001-8500/8137-PROOF.pdf,yes,comments/A233949-A235677.md
A234140,1 September 2026,papers/3001-3500/3254-PROOF.pdf,yes,comments/A233949-A235677.md
A234146,31 August 2026,papers/7501-8000/7871-PROOF.pdf,yes,comments/A233949-A235677.md
A234147,31 August 2026,papers/4501-5000/4683-PROOF.pdf,yes,comments/A233949-A235677.md
A234152,2 September 2026,papers/0001-0500/0349-PROOF.pdf,yes,comments/A233949-A235677.md
A234154,31 August 2026,papers/9001-9500/9148-PROOF.pdf,yes,comments/A233949-A235677.md
A234155,31 August 2026,papers/8001-8500/8296-PROOF.pdf,yes,comments/A233949-A235677.md
A234156,31 August 2026,papers/7001-7500/7169-PROOF.pdf,yes,comments/A233949-A235677.md
A234157,31 August 2026,papers/5001-5500/5364-PROOF.pdf,yes,comments/A233949-A235677.md
A234161,1 September 2026,papers/2501-3000/2592-PROOF.pdf,yes,comments/A233949-A235677.md
A234162,31 August 2026,papers/8501-9000/8870-PROOF.pdf,yes,comments/A233949-A235677.md
A234163,31 August 2026,papers/6001-6500/6240-PROOF.pdf,yes,comments/A233949-A235677.md
A234164,2 September 2026,papers/0001-0500/0184-PROOF.pdf,yes,comments/A233949-A235677.md
A234169,1 September 2026,papers/3001-3500/3051-PROOF.pdf,yes,comments/A233949-A235677.md
A234170,31 August 2026,papers/8001-8500/8326-PROOF.pdf,yes,comments/A233949-A235677.md
A234171,31 August 2026,papers/4501-5000/4797-PROOF.pdf,yes,comments/A233949-A235677.md
A234175,1 September 2026,papers/2501-3000/2606-PROOF.pdf,yes,comments/A233949-A235677.md
A234177,31 August 2026,papers/8501-9000/8583-PROOF.pdf,yes,comments/A233949-A235677.md
A234178,31 August 2026,papers/7001-7500/7184-PROOF.pdf,yes,comments/A233949-A235677.md
A234179,31 August 2026,papers/5501-6000/5676-PROOF.pdf,yes,comments/A233949-A235677.md
A234184,1 September 2026,papers/2501-3000/2803-PROOF.pdf,yes,comments/A233949-A235677.md
A234185,31 August 2026,papers/8001-8500/8074-PROOF.pdf,yes,comments/A233949-A235677.md
A234186,31 August 2026,papers/4501-5000/4798-PROOF.pdf,yes,comments/A233949-A235677.md
A234190,2 September 2026,papers/0001-0500/0370-PROOF.pdf,yes,comments/A233949-A235677.md
A234191,3 September 2026,papers/5501-6000/5599-PROOF.pdf,yes,comments/A233949-A235677.md
A234201,31 August 2026,papers/7001-7500/7417-PROOF.pdf,yes,comments/A233949-A235677.md
A234202,31 August 2026,papers/4501-5000/4811-PROOF.pdf,yes,comments/A233949-A235677.md
A234208,2 September 2026,papers/0001-0500/0372-PROOF.pdf,yes,comments/A233949-A235677.md
A234210,31 August 2026,papers/8501-9000/8871-PROOF.pdf,yes,comments/A233949-A235677.md
A234211,31 August 2026,papers/6501-7000/6586-PROOF.pdf,yes,comments/A233949-A235677.md
A234212,31 August 2026,papers/3501-4000/3945-PROOF.pdf,yes,comments/A233949-A235677.md
A234220,31 August 2026,papers/9001-9500/9133-PROOF.pdf,yes,comments/A233949-A235677.md
A234221,31 August 2026,papers/8001-8500/8255-PROOF.pdf,yes,comments/A233949-A235677.md
A234222,31 August 2026,papers/7001-7500/7154-PROOF.pdf,yes,comments/A233949-A235677.md
A234223,31 August 2026,papers/6001-6500/6338-PROOF.pdf,yes,comments/A233949-A235677.md
A234224,31 August 2026,papers/6001-6500/6322-PROOF.pdf,yes,comments/A233949-A235677.md
A234227,1 September 2026,papers/2501-3000/2569-PROOF.pdf,yes,comments/A233949-A235677.md
A234228,31 August 2026,papers/8001-8500/8297-PROOF.pdf,yes,comments/A233949-A235677.md
A234229,2 September 2026,papers/0001-0500/0331-PROOF.pdf,yes,comments/A233949-A235677.md
A234233,1 September 2026,papers/2501-3000/2593-PROOF.pdf,yes,comments/A233949-A235677.md
A234241,31 August 2026,papers/7501-8000/7827-PROOF.pdf,yes,comments/A233949-A235677.md
A234242,2 September 2026,papers/0001-0500/0309-PROOF.pdf,yes,comments/A233949-A235677.md
A234245,2 September 2026,papers/0001-0500/0310-PROOF.pdf,yes,comments/A233949-A235677.md
A234259,31 August 2026,papers/9001-9500/9177-PROOF.pdf,yes,comments/A233949-A235677.md
A234260,31 August 2026,papers/8001-8500/8357-PROOF.pdf,yes,comments/A233949-A235677.md
A234261,31 August 2026,papers/8001-8500/8277-PROOF.pdf,yes,comments/A233949-A235677.md
A234262,31 August 2026,papers/8001-8500/8244-PROOF.pdf,yes,comments/A233949-A235677.md
A234263,31 August 2026,papers/8001-8500/8197-PROOF.pdf,yes,comments/A233949-A235677.md
A234264,31 August 2026,papers/8001-8500/8178-PROOF.pdf,yes,comments/A233949-A235677.md
A234265,31 August 2026,papers/8001-8500/8161-PROOF.pdf,yes,comments/A233949-A235677.md
A234266,1 September 2026,papers/3001-3500/3273-PROOF.pdf,yes,comments/A233949-A235677.md
A234269,25 August 2026,papers/9501-10000/9755-PROOF.pdf,yes,comments/A233949-A235677.md
A234326,31 August 2026,papers/8501-9000/8901-PROOF.pdf,yes,comments/A233949-A235677.md
A234327,31 August 2026,papers/7001-7500/7204-PROOF.pdf,yes,comments/A233949-A235677.md
A234328,31 August 2026,papers/4001-4500/4201-PROOF.pdf,yes,comments/A233949-A235677.md
A234333,1 September 2026,papers/3001-3500/3073-PROOF.pdf,yes,comments/A233949-A235677.md
A234338,31 August 2026,papers/6501-7000/6903-PROOF.pdf,yes,comments/A233949-A235677.md
A234339,2 September 2026,papers/0001-0500/0187-PROOF.pdf,yes,comments/A233949-A235677.md
A234343,2 September 2026,papers/0001-0500/0188-PROOF.pdf,yes,comments/A233949-A235677.md
A234374,3 September 2026,papers/5501-6000/5974-PROOF.pdf,yes,comments/A233949-A235677.md
A234381,3 September 2026,papers/8001-8500/8200-PROOF.pdf,yes,comments/A233949-A235677.md
A234382,3 September 2026,papers/5501-6000/5589-PROOF.pdf,yes,comments/A233949-A235677.md
A234389,3 September 2026,papers/4001-4500/4349-PROOF.pdf,yes,comments/A233949-A235677.md
A234394,3 September 2026,papers/5501-6000/5849-PROOF.pdf,yes,comments/A233949-A235677.md
A234400,31 August 2026,papers/7001-7500/7238-PROOF.pdf,yes,comments/A233949-A235677.md
A234401,2 September 2026,papers/0001-0500/0244-PROOF.pdf,yes,comments/A233949-A235677.md
A234405,2 September 2026,papers/0001-0500/0245-PROOF.pdf,yes,comments/A233949-A235677.md
A234406,31 August 2026,papers/7001-7500/7405-PROOF.pdf,yes,comments/A233949-A235677.md
A234407,2 September 2026,papers/0001-0500/0272-PROOF.pdf,yes,comments/A233949-A235677.md
A234412,2 September 2026,papers/0001-0500/0273-PROOF.pdf,yes,comments/A233949-A235677.md
A234414,31 August 2026,papers/8001-8500/8043-PROOF.pdf,yes,comments/A233949-A235677.md
A234415,31 August 2026,papers/6001-6500/6364-PROOF.pdf,yes,comments/A233949-A235677.md
A234416,31 August 2026,papers/4501-5000/4892-PROOF.pdf,yes,comments/A233949-A235677.md
A234421,1 September 2026,papers/2001-2500/2432-PROOF.pdf,yes,comments/A233949-A235677.md
A234424,31 August 2026,papers/7001-7500/7054-PROOF.pdf,yes,comments/A233949-A235677.md
A234425,2 September 2026,papers/0001-0500/0222-PROOF.pdf,yes,comments/A233949-A235677.md
A234428,2 September 2026,papers/0001-0500/0223-PROOF.pdf,yes,comments/A233949-A235677.md
A234436,31 August 2026,papers/9001-9500/9275-PROOF.pdf,yes,comments/A233949-A235677.md
A234437,31 August 2026,papers/8001-8500/8358-PROOF.pdf,yes,comments/A233949-A235677.md
A234438,31 August 2026,papers/6001-6500/6418-PROOF.pdf,yes,comments/A233949-A235677.md
A234439,31 August 2026,papers/4001-4500/4336-PROOF.pdf,yes,comments/A233949-A235677.md
A234443,1 September 2026,papers/2501-3000/2644-PROOF.pdf,yes,comments/A233949-A235677.md
A234444,31 August 2026,papers/8501-9000/8872-PROOF.pdf,yes,comments/A233949-A235677.md
A234445,31 August 2026,papers/6001-6500/6241-PROOF.pdf,yes,comments/A233949-A235677.md
A234446,2 September 2026,papers/0001-0500/0150-PROOF.pdf,yes,comments/A233949-A235677.md
A234450,1 September 2026,papers/3001-3500/3052-PROOF.pdf,yes,comments/A233949-A235677.md
A234452,31 August 2026,papers/8001-8500/8344-PROOF.pdf,yes,comments/A233949-A235677.md
A234453,31 August 2026,papers/5001-5500/5387-PROOF.pdf,yes,comments/A233949-A235677.md
A234458,1 September 2026,papers/2501-3000/2628-PROOF.pdf,yes,comments/A233949-A235677.md
A234476,31 August 2026,papers/7501-8000/7828-PROOF.pdf,yes,comments/A233949-A235677.md
A234477,2 September 2026,papers/0001-0500/0298-PROOF.pdf,yes,comments/A233949-A235677.md
A234481,2 September 2026,papers/0001-0500/0299-PROOF.pdf,yes,comments/A233949-A235677.md
A234483,31 August 2026,papers/9001-9500/9149-PROOF.pdf,yes,comments/A233949-A235677.md
A234484,31 August 2026,papers/8501-9000/8549-PROOF.pdf,yes,comments/A233949-A235677.md
A234485,31 August 2026,papers/7001-7500/7170-PROOF.pdf,yes,comments/A233949-A235677.md
A234486,31 August 2026,papers/6001-6500/6083-PROOF.pdf,yes,comments/A233949-A235677.md
A234487,31 August 2026,papers/5001-5500/5015-PROOF.pdf,yes,comments/A233949-A235677.md
A234490,1 September 2026,papers/2501-3000/2787-PROOF.pdf,yes,comments/A233949-A235677.md
A234491,31 August 2026,papers/8501-9000/8584-PROOF.pdf,yes,comments/A233949-A235677.md
A234492,31 August 2026,papers/5501-6000/5625-PROOF.pdf,yes,comments/A233949-A235677.md
A234497,1 September 2026,papers/2501-3000/2804-PROOF.pdf,yes,comments/A233949-A235677.md
A234543,31 August 2026,papers/8501-9000/8585-PROOF.pdf,yes,comments/A233949-A235677.md
A234544,31 August 2026,papers/6501-7000/6583-PROOF.pdf,yes,comments/A233949-A235677.md
A234545,2 September 2026,papers/0001-0500/0281-PROOF.pdf,yes,comments/A233949-A235677.md
A234549,1 September 2026,papers/2501-3000/2805-PROOF.pdf,yes,comments/A233949-A235677.md
A234550,31 August 2026,papers/8001-8500/8327-PROOF.pdf,yes,comments/A233949-A235677.md
A234551,31 August 2026,papers/4501-5000/4852-PROOF.pdf,yes,comments/A233949-A235677.md
A234555,1 September 2026,papers/2501-3000/2607-PROOF.pdf,yes,comments/A233949-A235677.md
A234557,31 August 2026,papers/8501-9000/8597-PROOF.pdf,yes,comments/A233949-A235677.md
A234558,31 August 2026,papers/6501-7000/6742-PROOF.pdf,yes,comments/A233949-A235677.md
A234559,31 August 2026,papers/6501-7000/6708-PROOF.pdf,yes,comments/A233949-A235677.md
A234560,31 August 2026,papers/6501-7000/6684-PROOF.pdf,yes,comments/A233949-A235677.md
A234561,31 August 2026,papers/6501-7000/6674-PROOF.pdf,yes,comments/A233949-A235677.md
A234564,1 September 2026,papers/2501-3000/2818-PROOF.pdf,yes,comments/A233949-A235677.md
A234651,31 August 2026,papers/8501-9000/8586-PROOF.pdf,yes,comments/A233949-A235677.md
A234652,31 August 2026,papers/6501-7000/6584-PROOF.pdf,yes,comments/A233949-A235677.md
A234653,31 August 2026,papers/5501-6000/5768-PROOF.pdf,yes,comments/A233949-A235677.md
A234654,31 August 2026,papers/5501-6000/5587-PROOF.pdf,yes,comments/A233949-A235677.md
A234658,1 September 2026,papers/2501-3000/2806-PROOF.pdf,yes,comments/A233949-A235677.md
A234659,31 August 2026,papers/8501-9000/8577-PROOF.pdf,yes,comments/A233949-A235677.md
A234660,31 August 2026,papers/6001-6500/6368-PROOF.pdf,yes,comments/A233949-A235677.md
A234661,31 August 2026,papers/4501-5000/4580-PROOF.pdf,yes,comments/A233949-A235677.md
A234665,1 September 2026,papers/2501-3000/2795-PROOF.pdf,yes,comments/A233949-A235677.md
A234667,31 August 2026,papers/8001-8500/8044-PROOF.pdf,yes,comments/A233949-A235677.md
A234668,31 August 2026,papers/5001-5500/5032-PROOF.pdf,yes,comments/A233949-A235677.md
A234672,2 September 2026,papers/0001-0500/0390-PROOF.pdf,yes,comments/A233949-A235677.md
A234674,31 August 2026,papers/8501-9000/8852-PROOF.pdf,yes,comments/A233949-A235677.md
A234675,31 August 2026,papers/6001-6500/6112-PROOF.pdf,yes,comments/A233949-A235677.md
A234676,31 August 2026,papers/6001-6500/6082-PROOF.pdf,yes,comments/A233949-A235677.md
A234677,31 August 2026,papers/6001-6500/6069-PROOF.pdf,yes,comments/A233949-A235677.md
A234681,1 September 2026,papers/3001-3500/3038-PROOF.pdf,yes,comments/A233949-A235677.md
A234683,31 August 2026,papers/8001-8500/8328-PROOF.pdf,yes,comments/A233949-A235677.md
A234684,31 August 2026,papers/5501-6000/5529-PROOF.pdf,yes,comments/A233949-A235677.md
A234685,31 August 2026,papers/5001-5500/5156-PROOF.pdf,yes,comments/A233949-A235677.md
A234686,31 August 2026,papers/5001-5500/5138-PROOF.pdf,yes,comments/A233949-A235677.md
A234690,1 September 2026,papers/2501-3000/2608-PROOF.pdf,yes,comments/A233949-A235677.md
A234697,31 August 2026,papers/8501-9000/8550-PROOF.pdf,yes,comments/A233949-A235677.md
A234698,31 August 2026,papers/6501-7000/6556-PROOF.pdf,yes,comments/A233949-A235677.md
A234699,31 August 2026,papers/5001-5500/5016-PROOF.pdf,yes,comments/A233949-A235677.md
A234702,1 September 2026,papers/2501-3000/2788-PROOF.pdf,yes,comments/A233949-A235677.md
A234705,31 August 2026,papers/8001-8500/8045-PROOF.pdf,yes,comments/A233949-A235677.md
A234706,31 August 2026,papers/5001-5500/5033-PROOF.pdf,yes,comments/A233949-A235677.md
A234707,31 August 2026,papers/4501-5000/4712-PROOF.pdf,yes,comments/A233949-A235677.md
A234708,31 August 2026,papers/4501-5000/4698-PROOF.pdf,yes,comments/A233949-A235677.md
A234712,2 September 2026,papers/0001-0500/0391-PROOF.pdf,yes,comments/A233949-A235677.md
A234721,31 August 2026,papers/7501-8000/7829-PROOF.pdf,yes,comments/A233949-A235677.md
A234722,31 August 2026,papers/5001-5500/5098-PROOF.pdf,yes,comments/A233949-A235677.md
A234723,31 August 2026,papers/5001-5500/5083-PROOF.pdf,yes,comments/A233949-A235677.md
A234724,31 August 2026,papers/5001-5500/5076-PROOF.pdf,yes,comments/A233949-A235677.md
A234728,1 September 2026,papers/2001-2500/2296-PROOF.pdf,yes,comments/A233949-A235677.md
A234731,31 August 2026,papers/8001-8500/8046-PROOF.pdf,yes,comments/A233949-A235677.md
A234732,31 August 2026,papers/5501-6000/5616-PROOF.pdf,yes,comments/A233949-A235677.md
A234733,31 August 2026,papers/5501-6000/5591-PROOF.pdf,yes,comments/A233949-A235677.md
A234734,31 August 2026,papers/5501-6000/5576-PROOF.pdf,yes,comments/A233949-A235677.md
A234738,1 September 2026,papers/2001-2500/2433-PROOF.pdf,yes,comments/A233949-A235677.md
A234753,3 September 2026,papers/8001-8500/8374-PROOF.pdf,yes,comments/A233949-A235677.md
A234754,3 September 2026,papers/6001-6500/6255-PROOF.pdf,yes,comments/A233949-A235677.md
A234755,7 September 2026,papers/3501-4000/3976-PROOF.pdf,yes,comments/A233949-A235677.md
A234762,3 September 2026,papers/8501-9000/8605-PROOF.pdf,yes,comments/A233949-A235677.md
A234763,3 September 2026,papers/6501-7000/6897-PROOF.pdf,yes,comments/A233949-A235677.md
A234764,3 September 2026,papers/5001-5500/5304-PROOF.pdf,yes,comments/A233949-A235677.md
A234765,7 September 2026,papers/3501-4000/3605-PROOF.pdf,yes,comments/A233949-A235677.md
A234770,3 September 2026,papers/8001-8500/8364-PROOF.pdf,yes,comments/A233949-A235677.md
A234771,3 September 2026,papers/5501-6000/5630-PROOF.pdf,yes,comments/A233949-A235677.md
A234772,7 September 2026,papers/4001-4500/4067-PROOF.pdf,yes,comments/A233949-A235677.md
A234779,2 September 2026,papers/9501-10000/9607-PROOF.pdf,yes,comments/A233949-A235677.md
A234780,3 September 2026,papers/9001-9500/9121-PROOF.pdf,yes,comments/A233949-A235677.md
A234781,3 September 2026,papers/7001-7500/7330-PROOF.pdf,yes,comments/A233949-A235677.md
A234782,3 September 2026,papers/5001-5500/5448-PROOF.pdf,yes,comments/A233949-A235677.md
A234783,7 September 2026,papers/3501-4000/3643-PROOF.pdf,yes,comments/A233949-A235677.md
A234789,2 September 2026,papers/9501-10000/9522-PROOF.pdf,yes,comments/A233949-A235677.md
A234790,3 September 2026,papers/8001-8500/8288-PROOF.pdf,yes,comments/A233949-A235677.md
A234791,3 September 2026,papers/5501-6000/5785-PROOF.pdf,yes,comments/A233949-A235677.md
A234792,7 September 2026,papers/3501-4000/3716-PROOF.pdf,yes,comments/A233949-A235677.md
A234816,31 August 2026,papers/8001-8500/8075-PROOF.pdf,yes,comments/A233949-A235677.md
A234817,31 August 2026,papers/5501-6000/5617-PROOF.pdf,yes,comments/A233949-A235677.md
A234818,31 August 2026,papers/5501-6000/5600-PROOF.pdf,yes,comments/A233949-A235677.md
A234819,31 August 2026,papers/5501-6000/5580-PROOF.pdf,yes,comments/A233949-A235677.md
A234825,3 September 2026,papers/9001-9500/9166-PROOF.pdf,yes,comments/A233949-A235677.md
A234826,3 September 2026,papers/8501-9000/8859-PROOF.pdf,yes,comments/A233949-A235677.md
A234827,3 September 2026,papers/6501-7000/6888-PROOF.pdf,yes,comments/A233949-A235677.md
A234828,3 September 2026,papers/5001-5500/5240-PROOF.pdf,yes,comments/A233949-A235677.md
A234829,7 September 2026,papers/3001-3500/3464-PROOF.pdf,yes,comments/A233949-A235677.md
A234834,6 September 2026,papers/4501-5000/4621-PROOF.pdf,yes,comments/A233949-A235677.md
A234875,31 August 2026,papers/8501-9000/8881-PROOF.pdf,yes,comments/A233949-A235677.md
A234876,31 August 2026,papers/7501-8000/7583-PROOF.pdf,yes,comments/A233949-A235677.md
A234877,31 August 2026,papers/7001-7500/7166-PROOF.pdf,yes,comments/A233949-A235677.md
A234878,31 August 2026,papers/5501-6000/5968-PROOF.pdf,yes,comments/A233949-A235677.md
A234879,31 August 2026,papers/5501-6000/5584-PROOF.pdf,yes,comments/A233949-A235677.md
A234882,1 September 2026,papers/3001-3500/3062-PROOF.pdf,yes,comments/A233949-A235677.md
A234883,31 August 2026,papers/8001-8500/8349-PROOF.pdf,yes,comments/A233949-A235677.md
A234884,31 August 2026,papers/5001-5500/5325-PROOF.pdf,yes,comments/A233949-A235677.md
A234885,31 August 2026,papers/4001-4500/4268-PROOF.pdf,yes,comments/A233949-A235677.md
A234890,1 September 2026,papers/2501-3000/2639-PROOF.pdf,yes,comments/A233949-A235677.md
A234891,31 August 2026,papers/7001-7500/7411-PROOF.pdf,yes,comments/A233949-A235677.md
A234892,2 September 2026,papers/0001-0500/0276-PROOF.pdf,yes,comments/A233949-A235677.md
A234898,2 September 2026,papers/0001-0500/0277-PROOF.pdf,yes,comments/A233949-A235677.md
A234905,31 August 2026,papers/7001-7500/7101-PROOF.pdf,yes,comments/A233949-A235677.md
A234906,2 September 2026,papers/0001-0500/0160-PROOF.pdf,yes,comments/A233949-A235677.md
A234911,2 September 2026,papers/0001-0500/0161-PROOF.pdf,yes,comments/A233949-A235677.md
A234914,31 August 2026,papers/8501-9000/8882-PROOF.pdf,yes,comments/A233949-A235677.md
A234915,31 August 2026,papers/6501-7000/6896-PROOF.pdf,yes,comments/A233949-A235677.md
A234916,31 August 2026,papers/5501-6000/5984-PROOF.pdf,yes,comments/A233949-A235677.md
A234917,7 September 2026,papers/4001-4500/4009-PROOF.pdf,yes,comments/A233949-A235677.md
A234921,1 September 2026,papers/3001-3500/3063-PROOF.pdf,yes,comments/A233949-A235677.md
A234927,6 September 2026,papers/8001-8500/8287-PROOF.pdf,yes,comments/A233949-A235677.md
A234975,31 August 2026,papers/8001-8500/8096-PROOF.pdf,yes,comments/A233949-A235677.md
A234976,31 August 2026,papers/5001-5500/5053-PROOF.pdf,yes,comments/A233949-A235677.md
A234982,2 September 2026,papers/0001-0500/0392-PROOF.pdf,yes,comments/A233949-A235677.md
A234984,31 August 2026,papers/7501-8000/7876-PROOF.pdf,yes,comments/A233949-A235677.md
A234985,31 August 2026,papers/5001-5500/5246-PROOF.pdf,yes,comments/A233949-A235677.md
A234986,2 September 2026,papers/0001-0500/0153-PROOF.pdf,yes,comments/A233949-A235677.md
A234991,2 September 2026,papers/0001-0500/0414-PROOF.pdf,yes,comments/A233949-A235677.md
A234992,31 August 2026,papers/7001-7500/7412-PROOF.pdf,yes,comments/A233949-A235677.md
A234993,31 August 2026,papers/4001-4500/4166-PROOF.pdf,yes,comments/A233949-A235677.md
A234998,2 September 2026,papers/0001-0500/0285-PROOF.pdf,yes,comments/A233949-A235677.md
A235002,31 August 2026,papers/7001-7500/7102-PROOF.pdf,yes,comments/A233949-A235677.md
A235003,2 September 2026,papers/0001-0500/0209-PROOF.pdf,yes,comments/A233949-A235677.md
A235007,2 September 2026,papers/0001-0500/0210-PROOF.pdf,yes,comments/A233949-A235677.md
A235011,31 August 2026,papers/8501-9000/8537-PROOF.pdf,yes,comments/A233949-A235677.md
A235012,31 August 2026,papers/7501-8000/7760-PROOF.pdf,yes,comments/A233949-A235677.md
A235013,31 August 2026,papers/7001-7500/7282-PROOF.pdf,yes,comments/A233949-A235677.md
A235014,31 August 2026,papers/7001-7500/7263-PROOF.pdf,yes,comments/A233949-A235677.md
A235017,1 September 2026,papers/2501-3000/2782-PROOF.pdf,yes,comments/A233949-A235677.md
A235019,31 August 2026,papers/8001-8500/8350-PROOF.pdf,yes,comments/A233949-A235677.md
A235020,31 August 2026,papers/5501-6000/5803-PROOF.pdf,yes,comments/A233949-A235677.md
A235021,2 September 2026,papers/0001-0500/0233-PROOF.pdf,yes,comments/A233949-A235677.md
A235026,1 September 2026,papers/2501-3000/2640-PROOF.pdf,yes,comments/A233949-A235677.md
A235064,31 August 2026,papers/7001-7500/7413-PROOF.pdf,yes,comments/A233949-A235677.md
A235065,31 August 2026,papers/4501-5000/4564-PROOF.pdf,yes,comments/A233949-A235677.md
A235071,2 September 2026,papers/0001-0500/0335-PROOF.pdf,yes,comments/A233949-A235677.md
A235072,31 August 2026,papers/7001-7500/7103-PROOF.pdf,yes,comments/A233949-A235677.md
A235073,2 September 2026,papers/0001-0500/0200-PROOF.pdf,yes,comments/A233949-A235677.md
A235078,2 September 2026,papers/0001-0500/0201-PROOF.pdf,yes,comments/A233949-A235677.md
A235080,31 August 2026,papers/8501-9000/8883-PROOF.pdf,yes,comments/A233949-A235677.md
A235081,31 August 2026,papers/7001-7500/7352-PROOF.pdf,yes,comments/A233949-A235677.md
A235082,31 August 2026,papers/6501-7000/6559-PROOF.pdf,yes,comments/A233949-A235677.md
A235083,31 August 2026,papers/6001-6500/6342-PROOF.pdf,yes,comments/A233949-A235677.md
A235084,31 August 2026,papers/6001-6500/6328-PROOF.pdf,yes,comments/A233949-A235677.md
A235087,1 September 2026,papers/3001-3500/3064-PROOF.pdf,yes,comments/A233949-A235677.md
A235091,31 August 2026,papers/8501-9000/8591-PROOF.pdf,yes,comments/A233949-A235677.md
A235092,31 August 2026,papers/6001-6500/6401-PROOF.pdf,yes,comments/A233949-A235677.md
A235093,31 August 2026,papers/5501-6000/5687-PROOF.pdf,yes,comments/A233949-A235677.md
A235094,31 August 2026,papers/5501-6000/5598-PROOF.pdf,yes,comments/A233949-A235677.md
A235098,1 September 2026,papers/2501-3000/2813-PROOF.pdf,yes,comments/A233949-A235677.md
A235100,31 August 2026,papers/8001-8500/8332-PROOF.pdf,yes,comments/A233949-A235677.md
A235101,31 August 2026,papers/5501-6000/5999-PROOF.pdf,yes,comments/A233949-A235677.md
A235102,2 September 2026,papers/0001-0500/0238-PROOF.pdf,yes,comments/A233949-A235677.md
A235107,1 September 2026,papers/2501-3000/2615-PROOF.pdf,yes,comments/A233949-A235677.md
A235169,31 August 2026,papers/7501-8000/7633-PROOF.pdf,yes,comments/A233949-A235677.md
A235170,31 August 2026,papers/4001-4500/4274-PROOF.pdf,yes,comments/A233949-A235677.md
A235175,2 September 2026,papers/0001-0500/0302-PROOF.pdf,yes,comments/A233949-A235677.md
A235179,31 August 2026,papers/8001-8500/8351-PROOF.pdf,yes,comments/A233949-A235677.md
A235180,31 August 2026,papers/6001-6500/6116-PROOF.pdf,yes,comments/A233949-A235677.md
A235181,31 August 2026,papers/5001-5500/5367-PROOF.pdf,yes,comments/A233949-A235677.md
A235182,31 August 2026,papers/5001-5500/5288-PROOF.pdf,yes,comments/A233949-A235677.md
A235186,1 September 2026,papers/2501-3000/2641-PROOF.pdf,yes,comments/A233949-A235677.md
A235191,31 August 2026,papers/8001-8500/8333-PROOF.pdf,yes,comments/A233949-A235677.md
A235192,31 August 2026,papers/5501-6000/5622-PROOF.pdf,yes,comments/A233949-A235677.md
A235193,31 August 2026,papers/4501-5000/4584-PROOF.pdf,yes,comments/A233949-A235677.md
A235194,31 August 2026,papers/4501-5000/4576-PROOF.pdf,yes,comments/A233949-A235677.md
A235198,1 September 2026,papers/2501-3000/2616-PROOF.pdf,yes,comments/A233949-A235677.md
A235205,31 August 2026,papers/8001-8500/8321-PROOF.pdf,yes,comments/A233949-A235677.md
A235206,31 August 2026,papers/5001-5500/5171-PROOF.pdf,yes,comments/A233949-A235677.md
A235207,7 September 2026,papers/3501-4000/3801-PROOF.pdf,yes,comments/A233949-A235677.md
A235212,1 September 2026,papers/2501-3000/2600-PROOF.pdf,yes,comments/A233949-A235677.md
A235216,3 September 2026,papers/8501-9000/8947-PROOF.pdf,yes,comments/A233949-A235677.md
A235217,3 September 2026,papers/7501-8000/7878-PROOF.pdf,yes,comments/A233949-A235677.md
A235218,3 September 2026,papers/5501-6000/5810-PROOF.pdf,yes,comments/A233949-A235677.md
A235219,7 September 2026,papers/3501-4000/3884-PROOF.pdf,yes,comments/A233949-A235677.md
A235232,31 August 2026,papers/7501-8000/7866-PROOF.pdf,yes,comments/A233949-A235677.md
A235233,31 August 2026,papers/5001-5500/5239-PROOF.pdf,yes,comments/A233949-A235677.md
A235234,31 August 2026,papers/4501-5000/4529-PROOF.pdf,yes,comments/A233949-A235677.md
A235235,31 August 2026,papers/4001-4500/4476-PROOF.pdf,yes,comments/A233949-A235677.md
A235239,2 September 2026,papers/0001-0500/0413-PROOF.pdf,yes,comments/A233949-A235677.md
A235241,31 August 2026,papers/7501-8000/7859-PROOF.pdf,yes,comments/A233949-A235677.md
A235242,31 August 2026,papers/4501-5000/4796-PROOF.pdf,yes,comments/A233949-A235677.md
A235243,7 September 2026,papers/3501-4000/3821-PROOF.pdf,yes,comments/A233949-A235677.md
A235248,2 September 2026,papers/0001-0500/0368-PROOF.pdf,yes,comments/A233949-A235677.md
A235251,31 August 2026,papers/7001-7500/7398-PROOF.pdf,yes,comments/A233949-A235677.md
A235252,31 August 2026,papers/4501-5000/4543-PROOF.pdf,yes,comments/A233949-A235677.md
A235253,7 September 2026,papers/3501-4000/3914-PROOF.pdf,yes,comments/A233949-A235677.md
A235258,2 September 2026,papers/0001-0500/0333-PROOF.pdf,yes,comments/A233949-A235677.md
A235271,31 August 2026,papers/8501-9000/8873-PROOF.pdf,yes,comments/A233949-A235677.md
A235272,31 August 2026,papers/7501-8000/7568-PROOF.pdf,yes,comments/A233949-A235677.md
A235273,31 August 2026,papers/7501-8000/7522-PROOF.pdf,yes,comments/A233949-A235677.md
A235274,31 August 2026,papers/7001-7500/7488-PROOF.pdf,yes,comments/A233949-A235677.md
A235275,31 August 2026,papers/7001-7500/7477-PROOF.pdf,yes,comments/A233949-A235677.md
A235280,1 September 2026,papers/3001-3500/3053-PROOF.pdf,yes,comments/A233949-A235677.md
A235282,31 August 2026,papers/9001-9500/9150-PROOF.pdf,yes,comments/A233949-A235677.md
A235283,31 August 2026,papers/8001-8500/8298-PROOF.pdf,yes,comments/A233949-A235677.md
A235284,31 August 2026,papers/8001-8500/8225-PROOF.pdf,yes,comments/A233949-A235677.md
A235285,31 August 2026,papers/8001-8500/8186-PROOF.pdf,yes,comments/A233949-A235677.md
A235286,31 August 2026,papers/8001-8500/8164-PROOF.pdf,yes,comments/A233949-A235677.md
A235287,31 August 2026,papers/8001-8500/8150-PROOF.pdf,yes,comments/A233949-A235677.md
A235289,1 September 2026,papers/3001-3500/3255-PROOF.pdf,yes,comments/A233949-A235677.md
A235291,31 August 2026,papers/8501-9000/8902-PROOF.pdf,yes,comments/A233949-A235677.md
A235292,31 August 2026,papers/7001-7500/7362-PROOF.pdf,yes,comments/A233949-A235677.md
A235293,31 August 2026,papers/7001-7500/7308-PROOF.pdf,yes,comments/A233949-A235677.md
A235294,31 August 2026,papers/7001-7500/7285-PROOF.pdf,yes,comments/A233949-A235677.md
A235295,31 August 2026,papers/7001-7500/7270-PROOF.pdf,yes,comments/A233949-A235677.md
A235296,31 August 2026,papers/7001-7500/7259-PROOF.pdf,yes,comments/A233949-A235677.md
A235301,1 September 2026,papers/3001-3500/3074-PROOF.pdf,yes,comments/A233949-A235677.md
A235303,31 August 2026,papers/8501-9000/8587-PROOF.pdf,yes,comments/A233949-A235677.md
A235304,31 August 2026,papers/6501-7000/6733-PROOF.pdf,yes,comments/A233949-A235677.md
A235305,31 August 2026,papers/6501-7000/6691-PROOF.pdf,yes,comments/A233949-A235677.md
A235306,31 August 2026,papers/6501-7000/6676-PROOF.pdf,yes,comments/A233949-A235677.md
A235310,1 September 2026,papers/2501-3000/2807-PROOF.pdf,yes,comments/A233949-A235677.md
A235312,31 August 2026,papers/8001-8500/8329-PROOF.pdf,yes,comments/A233949-A235677.md
A235313,31 August 2026,papers/6001-6500/6092-PROOF.pdf,yes,comments/A233949-A235677.md
A235314,31 August 2026,papers/6001-6500/6080-PROOF.pdf,yes,comments/A233949-A235677.md
A235315,31 August 2026,papers/6001-6500/6059-PROOF.pdf,yes,comments/A233949-A235677.md
A235319,1 September 2026,papers/2501-3000/2609-PROOF.pdf,yes,comments/A233949-A235677.md
A235407,3 September 2026,papers/1001-1500/1347-PROOF.pdf,yes,comments/A233949-A235677.md
A235408,7 September 2026,papers/3501-4000/3606-PROOF.pdf,yes,comments/A233949-A235677.md
A235417,3 September 2026,papers/1001-1500/1436-PROOF.pdf,yes,comments/A233949-A235677.md
A235426,3 September 2026,papers/1501-2000/1937-PROOF.pdf,yes,comments/A233949-A235677.md
A235432,3 September 2026,papers/2001-2500/2455-PROOF.pdf,yes,comments/A233949-A235677.md
A235433,3 September 2026,papers/1001-1500/1234-PROOF.pdf,yes,comments/A233949-A235677.md
A235443,3 September 2026,papers/2001-2500/2450-PROOF.pdf,yes,comments/A233949-A235677.md
A235444,3 September 2026,papers/1501-2000/1615-PROOF.pdf,yes,comments/A233949-A235677.md
A235445,7 September 2026,papers/4001-4500/4044-PROOF.pdf,yes,comments/A233949-A235677.md
A235502,3 September 2026,papers/1501-2000/1519-PROOF.pdf,yes,comments/A233949-A235677.md
A235510,2 September 2026,papers/9001-9500/9418-PROOF.pdf,yes,comments/A233949-A235677.md
A235511,3 September 2026,papers/1501-2000/1890-PROOF.pdf,yes,comments/A233949-A235677.md
A235512,3 September 2026,papers/1001-1500/1190-PROOF.pdf,yes,comments/A233949-A235677.md
A235518,3 September 2026,papers/1001-1500/1135-PROOF.pdf,yes,comments/A233949-A235677.md
A235527,3 September 2026,papers/1501-2000/1687-PROOF.pdf,yes,comments/A233949-A235677.md
A235541,3 September 2026,papers/2001-2500/2470-PROOF.pdf,yes,comments/A233949-A235677.md
A235542,3 September 2026,papers/1501-2000/1619-PROOF.pdf,yes,comments/A233949-A235677.md
A235543,7 September 2026,papers/3501-4000/3581-PROOF.pdf,yes,comments/A233949-A235677.md
A235549,3 September 2026,papers/2501-3000/2850-PROOF.pdf,yes,comments/A233949-A235677.md
A235550,3 September 2026,papers/1501-2000/1618-PROOF.pdf,yes,comments/A233949-A235677.md
A235551,3 September 2026,papers/1001-1500/1106-PROOF.pdf,yes,comments/A233949-A235677.md
A235556,3 September 2026,papers/1001-1500/1244-PROOF.pdf,yes,comments/A233949-A235677.md
A235560,3 September 2026,papers/2001-2500/2093-PROOF.pdf,yes,comments/A233949-A235677.md
A235561,7 September 2026,papers/3501-4000/3707-PROOF.pdf,yes,comments/A233949-A235677.md
A235566,3 September 2026,papers/3001-3500/3095-PROOF.pdf,yes,comments/A233949-A235677.md
A235567,3 September 2026,papers/1501-2000/1942-PROOF.pdf,yes,comments/A233949-A235677.md
A235568,3 September 2026,papers/1001-1500/1233-PROOF.pdf,yes,comments/A233949-A235677.md
A235574,3 September 2026,papers/1501-2000/1685-PROOF.pdf,yes,comments/A233949-A235677.md
A235579,3 September 2026,papers/1001-1500/1374-PROOF.pdf,yes,comments/A233949-A235677.md
A235584,3 September 2026,papers/1501-2000/1842-PROOF.pdf,yes,comments/A233949-A235677.md
A235653,3 September 2026,papers/3001-3500/3096-PROOF.pdf,yes,comments/A233949-A235677.md
A235654,3 September 2026,papers/1501-2000/1555-PROOF.pdf,yes,comments/A233949-A235677.md
A235655,7 September 2026,papers/3501-4000/3674-PROOF.pdf,yes,comments/A233949-A235677.md
A235673,3 September 2026,papers/2501-3000/2649-PROOF.pdf,yes,comments/A233949-A235677.md
A235674,3 September 2026,papers/1501-2000/1989-PROOF.pdf,yes,comments/A233949-A235677.md
A235675,3 September 2026,papers/1501-2000/1514-PROOF.pdf,yes,comments/A233949-A235677.md
A235676,3 September 2026,papers/1001-1500/1168-PROOF.pdf,yes,comments/A233949-A235677.md
A235677,7 September 2026,papers/3001-3500/3496-PROOF.pdf,yes,comments/A233949-A235677.md
A235730,3 September 2026,papers/1501-2000/1891-PROOF.pdf,yes,comments/A235730-A237868.md
A235731,3 September 2026,papers/1001-1500/1301-PROOF.pdf,yes,comments/A235730-A237868.md
A235732,7 September 2026,papers/3501-4000/3504-PROOF.pdf,yes,comments/A235730-A237868.md
A235737,3 September 2026,papers/1501-2000/1945-PROOF.pdf,yes,comments/A235730-A237868.md
A235738,7 September 2026,papers/3501-4000/3578-PROOF.pdf,yes,comments/A235730-A237868.md
A235749,3 September 2026,papers/1001-1500/1331-PROOF.pdf,yes,comments/A235730-A237868.md
A235759,3 September 2026,papers/1501-2000/1732-PROOF.pdf,yes,comments/A235730-A237868.md
A235760,3 September 2026,papers/1001-1500/1109-PROOF.pdf,yes,comments/A235730-A237868.md
A235767,3 September 2026,papers/1501-2000/1784-PROOF.pdf,yes,comments/A235730-A237868.md
A235768,3 September 2026,papers/1001-1500/1256-PROOF.pdf,yes,comments/A235730-A237868.md
A235769,7 September 2026,papers/3001-3500/3489-PROOF.pdf,yes,comments/A235730-A237868.md
A235780,7 September 2026,papers/3501-4000/3885-PROOF.pdf,yes,comments/A235730-A237868.md
A235785,7 September 2026,papers/4001-4500/4168-PROOF.pdf,yes,comments/A235730-A237868.md
A235829,7 September 2026,papers/3501-4000/3526-PROOF.pdf,yes,comments/A235730-A237868.md
A235834,7 September 2026,papers/3501-4000/3525-PROOF.pdf,yes,comments/A235730-A237868.md
A235838,3 September 2026,papers/1501-2000/1733-PROOF.pdf,yes,comments/A235730-A237868.md
A235843,7 September 2026,papers/8501-9000/8693-PROOF.pdf,yes,comments/A235730-A237868.md
A235844,7 September 2026,papers/6501-7000/6660-PROOF.pdf,yes,comments/A235730-A237868.md
A235845,7 September 2026,papers/3501-4000/3986-PROOF.pdf,yes,comments/A235730-A237868.md
A235850,7 September 2026,papers/8501-9000/8694-PROOF.pdf,yes,comments/A235730-A237868.md
A235851,7 September 2026,papers/6501-7000/6948-PROOF.pdf,yes,comments/A235730-A237868.md
A235852,7 September 2026,papers/4001-4500/4424-PROOF.pdf,yes,comments/A235730-A237868.md
A235877,2 September 2026,papers/9501-10000/9608-PROOF.pdf,yes,comments/A235730-A237868.md
A235878,2 September 2026,papers/9501-10000/9523-PROOF.pdf,yes,comments/A235730-A237868.md
A235879,2 September 2026,papers/9501-10000/9524-PROOF.pdf,yes,comments/A235730-A237868.md
A235880,2 September 2026,papers/9501-10000/9525-PROOF.pdf,yes,comments/A235730-A237868.md
A235881,2 September 2026,papers/9501-10000/9526-PROOF.pdf,yes,comments/A235730-A237868.md
A235882,2 September 2026,papers/9501-10000/9527-PROOF.pdf,yes,comments/A235730-A237868.md
A235883,2 September 2026,papers/9501-10000/9528-PROOF.pdf,yes,comments/A235730-A237868.md
A235886,2 September 2026,papers/9501-10000/9609-PROOF.pdf,yes,comments/A235730-A237868.md
A235887,2 September 2026,papers/9501-10000/9529-PROOF.pdf,yes,comments/A235730-A237868.md
A235888,2 September 2026,papers/9501-10000/9530-PROOF.pdf,yes,comments/A235730-A237868.md
A235889,2 September 2026,papers/9501-10000/9531-PROOF.pdf,yes,comments/A235730-A237868.md
A235890,2 September 2026,papers/9501-10000/9532-PROOF.pdf,yes,comments/A235730-A237868.md
A235891,2 September 2026,papers/9501-10000/9533-PROOF.pdf,yes,comments/A235730-A237868.md
A235892,2 September 2026,papers/9501-10000/9534-PROOF.pdf,yes,comments/A235730-A237868.md
A235895,2 September 2026,papers/9501-10000/9535-PROOF.pdf,yes,comments/A235730-A237868.md
A235896,6 September 2026,papers/8501-9000/8593-PROOF.pdf,yes,comments/A235730-A237868.md
A235897,6 September 2026,papers/8001-8500/8032-PROOF.pdf,yes,comments/A235730-A237868.md
A235898,6 September 2026,papers/7501-8000/7552-PROOF.pdf,yes,comments/A235730-A237868.md
A235899,6 September 2026,papers/7001-7500/7151-PROOF.pdf,yes,comments/A235730-A237868.md
A235900,6 September 2026,papers/6501-7000/6841-PROOF.pdf,yes,comments/A235730-A237868.md
A235901,6 September 2026,papers/6501-7000/6525-PROOF.pdf,yes,comments/A235730-A237868.md
A235904,6 September 2026,papers/9001-9500/9178-PROOF.pdf,yes,comments/A235730-A237868.md
A235905,6 September 2026,papers/8501-9000/8594-PROOF.pdf,yes,comments/A235730-A237868.md
A235906,6 September 2026,papers/7501-8000/7580-PROOF.pdf,yes,comments/A235730-A237868.md
A235907,6 September 2026,papers/6001-6500/6393-PROOF.pdf,yes,comments/A235730-A237868.md
A235908,6 September 2026,papers/4501-5000/4964-PROOF.pdf,yes,comments/A235730-A237868.md
A235909,7 September 2026,papers/3501-4000/3802-PROOF.pdf,yes,comments/A235730-A237868.md
A235926,6 September 2026,papers/8001-8500/8389-PROOF.pdf,yes,comments/A235730-A237868.md
A235927,6 September 2026,papers/6001-6500/6260-PROOF.pdf,yes,comments/A235730-A237868.md
A235928,7 September 2026,papers/3501-4000/3647-PROOF.pdf,yes,comments/A235730-A237868.md
A235947,2 September 2026,papers/8001-8500/8278-PROOF.pdf,yes,comments/A235730-A237868.md
A235948,2 September 2026,papers/7501-8000/7761-PROOF.pdf,yes,comments/A235730-A237868.md
A235949,2 September 2026,papers/8501-9000/8736-PROOF.pdf,yes,comments/A235730-A237868.md
A235950,2 September 2026,papers/8501-9000/8720-PROOF.pdf,yes,comments/A235730-A237868.md
A235951,2 September 2026,papers/8501-9000/8713-PROOF.pdf,yes,comments/A235730-A237868.md
A235952,2 September 2026,papers/8501-9000/8705-PROOF.pdf,yes,comments/A235730-A237868.md
A235956,3 September 2026,papers/2001-2500/2309-PROOF.pdf,yes,comments/A235730-A237868.md
A235957,3 September 2026,papers/1501-2000/1682-PROOF.pdf,yes,comments/A235730-A237868.md
A235958,3 September 2026,papers/1001-1500/1323-PROOF.pdf,yes,comments/A235730-A237868.md
A235959,7 September 2026,papers/3501-4000/3693-PROOF.pdf,yes,comments/A235730-A237868.md
A235965,2 September 2026,papers/7001-7500/7309-PROOF.pdf,yes,comments/A235730-A237868.md
A235966,2 September 2026,papers/5001-5500/5157-PROOF.pdf,yes,comments/A235730-A237868.md
A235974,7 September 2026,papers/8501-9000/8977-PROOF.pdf,yes,comments/A235730-A237868.md
A235975,7 September 2026,papers/7501-8000/7692-PROOF.pdf,yes,comments/A235730-A237868.md
A235976,7 September 2026,papers/5501-6000/5731-PROOF.pdf,yes,comments/A235730-A237868.md
A235977,7 September 2026,papers/3501-4000/3837-PROOF.pdf,yes,comments/A235730-A237868.md
A236003,6 September 2026,papers/8001-8500/8390-PROOF.pdf,yes,comments/A235730-A237868.md
A236004,6 September 2026,papers/6001-6500/6261-PROOF.pdf,yes,comments/A235730-A237868.md
A236005,7 September 2026,papers/3501-4000/3648-PROOF.pdf,yes,comments/A235730-A237868.md
A236011,2 September 2026,papers/8001-8500/8279-PROOF.pdf,yes,comments/A235730-A237868.md
A236012,2 September 2026,papers/7501-8000/7530-PROOF.pdf,yes,comments/A235730-A237868.md
A236013,2 September 2026,papers/7501-8000/7732-PROOF.pdf,yes,comments/A235730-A237868.md
A236014,2 September 2026,papers/6501-7000/6828-PROOF.pdf,yes,comments/A235730-A237868.md
A236015,2 September 2026,papers/5001-5500/5347-PROOF.pdf,yes,comments/A235730-A237868.md
A236016,7 September 2026,papers/4501-5000/4822-PROOF.pdf,yes,comments/A235730-A237868.md
A236028,2 September 2026,papers/7001-7500/7343-PROOF.pdf,yes,comments/A235730-A237868.md
A236029,2 September 2026,papers/5501-6000/5983-PROOF.pdf,yes,comments/A235730-A237868.md
A236035,2 September 2026,papers/0001-0500/0482-PROOF.pdf,yes,comments/A235730-A237868.md
A236037,2 September 2026,papers/6001-6500/6217-PROOF.pdf,yes,comments/A235730-A237868.md
A236048,2 September 2026,papers/8001-8500/8280-PROOF.pdf,yes,comments/A235730-A237868.md
A236049,2 September 2026,papers/8001-8500/8216-PROOF.pdf,yes,comments/A235730-A237868.md
A236050,2 September 2026,papers/7501-8000/7734-PROOF.pdf,yes,comments/A235730-A237868.md
A236051,2 September 2026,papers/6501-7000/6836-PROOF.pdf,yes,comments/A235730-A237868.md
A236052,2 September 2026,papers/5001-5500/5352-PROOF.pdf,yes,comments/A235730-A237868.md
A236053,7 September 2026,papers/4501-5000/4827-PROOF.pdf,yes,comments/A235730-A237868.md
A236058,2 September 2026,papers/6501-7000/6750-PROOF.pdf,yes,comments/A235730-A237868.md
A236059,2 September 2026,papers/4501-5000/4970-PROOF.pdf,yes,comments/A235730-A237868.md
A236078,7 September 2026,papers/3501-4000/3541-PROOF.pdf,yes,comments/A235730-A237868.md
A236083,2 September 2026,papers/5001-5500/5175-PROOF.pdf,yes,comments/A235730-A237868.md
A236089,2 September 2026,papers/7001-7500/7344-PROOF.pdf,yes,comments/A235730-A237868.md
A236090,2 September 2026,papers/5501-6000/5864-PROOF.pdf,yes,comments/A235730-A237868.md
A236113,2 September 2026,papers/6001-6500/6097-PROOF.pdf,yes,comments/A235730-A237868.md
A236114,7 September 2026,papers/3501-4000/3518-PROOF.pdf,yes,comments/A235730-A237868.md
A236120,2 September 2026,papers/8001-8500/8226-PROOF.pdf,yes,comments/A235730-A237868.md
A236121,2 September 2026,papers/5501-6000/5763-PROOF.pdf,yes,comments/A235730-A237868.md
A236124,2 September 2026,papers/4501-5000/4547-PROOF.pdf,yes,comments/A235730-A237868.md
A236130,7 September 2026,papers/4001-4500/4119-PROOF.pdf,yes,comments/A235730-A237868.md
A236134,2 September 2026,papers/6001-6500/6218-PROOF.pdf,yes,comments/A235730-A237868.md
A236139,2 September 2026,papers/4501-5000/4596-PROOF.pdf,yes,comments/A235730-A237868.md
A236148,2 September 2026,papers/8501-9000/8533-PROOF.pdf,yes,comments/A235730-A237868.md
A236149,2 September 2026,papers/7501-8000/7758-PROOF.pdf,yes,comments/A235730-A237868.md
A236150,2 September 2026,papers/5501-6000/5601-PROOF.pdf,yes,comments/A235730-A237868.md
A236155,2 September 2026,papers/0501-1000/0732-PROOF.pdf,yes,comments/A235730-A237868.md
A236195,2 September 2026,papers/4501-5000/4675-PROOF.pdf,yes,comments/A235730-A237868.md
A236199,2 September 2026,papers/5001-5500/5230-PROOF.pdf,yes,comments/A235730-A237868.md
A236251,7 September 2026,papers/4001-4500/4202-PROOF.pdf,yes,comments/A235730-A237868.md
A236271,7 September 2026,papers/8501-9000/8978-PROOF.pdf,yes,comments/A235730-A237868.md
A236272,7 September 2026,papers/7501-8000/7693-PROOF.pdf,yes,comments/A235730-A237868.md
A236273,7 September 2026,papers/5001-5500/5484-PROOF.pdf,yes,comments/A235730-A237868.md
A236274,7 September 2026,papers/3501-4000/3746-PROOF.pdf,yes,comments/A235730-A237868.md
A236296,2 September 2026,papers/4001-4500/4275-PROOF.pdf,yes,comments/A235730-A237868.md
A236315,2 September 2026,papers/4501-5000/4676-PROOF.pdf,yes,comments/A235730-A237868.md
A236323,2 September 2026,papers/8501-9000/8903-PROOF.pdf,yes,comments/A235730-A237868.md
A236324,2 September 2026,papers/8501-9000/8855-PROOF.pdf,yes,comments/A235730-A237868.md
A236349,2 September 2026,papers/7001-7500/7345-PROOF.pdf,yes,comments/A235730-A237868.md
A236350,2 September 2026,papers/5001-5500/5034-PROOF.pdf,yes,comments/A235730-A237868.md
A236407,25 August 2026,papers/9501-10000/9756-PROOF.pdf,yes,comments/A235730-A237868.md
A236445,2 September 2026,papers/7001-7500/7171-PROOF.pdf,yes,comments/A235730-A237868.md
A236446,2 September 2026,papers/4501-5000/4838-PROOF.pdf,yes,comments/A235730-A237868.md
A236486,3 September 2026,papers/1001-1500/1357-PROOF.pdf,yes,comments/A235730-A237868.md
A236491,3 September 2026,papers/1001-1500/1297-PROOF.pdf,yes,comments/A235730-A237868.md
A236495,2 September 2026,papers/7001-7500/7172-PROOF.pdf,yes,comments/A235730-A237868.md
A236496,2 September 2026,papers/4001-4500/4394-PROOF.pdf,yes,comments/A235730-A237868.md
A236501,2 September 2026,papers/4501-5000/4857-PROOF.pdf,yes,comments/A235730-A237868.md
A236517,3 September 2026,papers/1501-2000/1789-PROOF.pdf,yes,comments/A235730-A237868.md
A236518,3 September 2026,papers/1001-1500/1259-PROOF.pdf,yes,comments/A235730-A237868.md
A236519,7 September 2026,papers/3501-4000/3537-PROOF.pdf,yes,comments/A235730-A237868.md
A236585,2 September 2026,papers/4001-4500/4454-PROOF.pdf,yes,comments/A235730-A237868.md
A236589,2 September 2026,papers/5501-6000/5695-PROOF.pdf,yes,comments/A235730-A237868.md
A236593,2 September 2026,papers/5001-5500/5102-PROOF.pdf,yes,comments/A235730-A237868.md
A236597,2 September 2026,papers/5501-6000/5871-PROOF.pdf,yes,comments/A235730-A237868.md
A236604,2 September 2026,papers/6001-6500/6252-PROOF.pdf,yes,comments/A235730-A237868.md
A236605,2 September 2026,papers/4001-4500/4450-PROOF.pdf,yes,comments/A235730-A237868.md
A236610,2 September 2026,papers/0001-0500/0326-PROOF.pdf,yes,comments/A235730-A237868.md
A236611,2 September 2026,papers/7001-7500/7193-PROOF.pdf,yes,comments/A235730-A237868.md
A236612,2 September 2026,papers/4501-5000/4731-PROOF.pdf,yes,comments/A235730-A237868.md
A236620,2 September 2026,papers/5001-5500/5038-PROOF.pdf,yes,comments/A235730-A237868.md
A236635,2 September 2026,papers/5501-6000/5813-PROOF.pdf,yes,comments/A235730-A237868.md
A236641,2 September 2026,papers/5501-6000/5637-PROOF.pdf,yes,comments/A235730-A237868.md
A236646,2 September 2026,papers/7001-7500/7194-PROOF.pdf,yes,comments/A235730-A237868.md
A236654,2 September 2026,papers/6001-6500/6098-PROOF.pdf,yes,comments/A235730-A237868.md
A236658,2 September 2026,papers/5501-6000/5638-PROOF.pdf,yes,comments/A235730-A237868.md
A236664,2 September 2026,papers/8001-8500/8033-PROOF.pdf,yes,comments/A235730-A237868.md
A236665,2 September 2026,papers/6501-7000/6557-PROOF.pdf,yes,comments/A235730-A237868.md
A236669,2 September 2026,papers/0501-1000/0539-PROOF.pdf,yes,comments/A235730-A237868.md
A236698,2 September 2026,papers/6501-7000/6894-PROOF.pdf,yes,comments/A235730-A237868.md
A236699,2 September 2026,papers/4501-5000/4729-PROOF.pdf,yes,comments/A235730-A237868.md
A236705,2 September 2026,papers/6001-6500/6014-PROOF.pdf,yes,comments/A235730-A237868.md
A236712,2 September 2026,papers/6001-6500/6419-PROOF.pdf,yes,comments/A235730-A237868.md
A236713,2 September 2026,papers/4501-5000/4730-PROOF.pdf,yes,comments/A235730-A237868.md
A236721,2 September 2026,papers/5501-6000/5933-PROOF.pdf,yes,comments/A235730-A237868.md
A236722,2 September 2026,papers/4501-5000/4510-PROOF.pdf,yes,comments/A235730-A237868.md
A236723,7 September 2026,papers/3501-4000/3552-PROOF.pdf,yes,comments/A235730-A237868.md
A236728,2 September 2026,papers/0001-0500/0182-PROOF.pdf,yes,comments/A235730-A237868.md
A236730,2 September 2026,papers/7001-7500/7428-PROOF.pdf,yes,comments/A235730-A237868.md
A236731,2 September 2026,papers/5501-6000/5929-PROOF.pdf,yes,comments/A235730-A237868.md
A236732,7 September 2026,papers/4001-4500/4169-PROOF.pdf,yes,comments/A235730-A237868.md
A236737,2 September 2026,papers/0001-0500/0287-PROOF.pdf,yes,comments/A235730-A237868.md
A236739,2 September 2026,papers/7501-8000/7655-PROOF.pdf,yes,comments/A235730-A237868.md
A236740,2 September 2026,papers/6001-6500/6127-PROOF.pdf,yes,comments/A235730-A237868.md
A236741,2 September 2026,papers/4501-5000/4638-PROOF.pdf,yes,comments/A235730-A237868.md
A236742,7 September 2026,papers/3501-4000/3503-PROOF.pdf,yes,comments/A235730-A237868.md
A236746,2 September 2026,papers/0001-0500/0165-PROOF.pdf,yes,comments/A235730-A237868.md
A236775,2 September 2026,papers/6001-6500/6253-PROOF.pdf,yes,comments/A235730-A237868.md
A236776,7 September 2026,papers/3501-4000/3805-PROOF.pdf,yes,comments/A235730-A237868.md
A236780,2 September 2026,papers/0001-0500/0240-PROOF.pdf,yes,comments/A235730-A237868.md
A236782,2 September 2026,papers/6001-6500/6178-PROOF.pdf,yes,comments/A235730-A237868.md
A236783,2 September 2026,papers/4501-5000/4816-PROOF.pdf,yes,comments/A235730-A237868.md
A236784,7 September 2026,papers/3501-4000/3532-PROOF.pdf,yes,comments/A235730-A237868.md
A236789,2 September 2026,papers/0001-0500/0172-PROOF.pdf,yes,comments/A235730-A237868.md
A236791,2 September 2026,papers/5501-6000/5939-PROOF.pdf,yes,comments/A235730-A237868.md
A236792,2 September 2026,papers/4501-5000/4648-PROOF.pdf,yes,comments/A235730-A237868.md
A236793,7 September 2026,papers/3501-4000/3533-PROOF.pdf,yes,comments/A235730-A237868.md
A236798,2 September 2026,papers/0001-0500/0173-PROOF.pdf,yes,comments/A235730-A237868.md
A236802,2 September 2026,papers/8001-8500/8359-PROOF.pdf,yes,comments/A235730-A237868.md
A236803,2 September 2026,papers/7001-7500/7346-PROOF.pdf,yes,comments/A235730-A237868.md
A236804,2 September 2026,papers/7001-7500/7183-PROOF.pdf,yes,comments/A235730-A237868.md
A236805,2 September 2026,papers/6501-7000/6855-PROOF.pdf,yes,comments/A235730-A237868.md
A236806,2 September 2026,papers/6501-7000/6842-PROOF.pdf,yes,comments/A235730-A237868.md
A236807,2 September 2026,papers/6001-6500/6194-PROOF.pdf,yes,comments/A235730-A237868.md
A236809,2 September 2026,papers/0501-1000/0589-PROOF.pdf,yes,comments/A235730-A237868.md
A236812,2 September 2026,papers/6501-7000/6658-PROOF.pdf,yes,comments/A235730-A237868.md
A236813,2 September 2026,papers/4501-5000/4880-PROOF.pdf,yes,comments/A235730-A237868.md
A236814,7 September 2026,papers/3001-3500/3500-PROOF.pdf,yes,comments/A235730-A237868.md
A236819,2 September 2026,papers/0001-0500/0164-PROOF.pdf,yes,comments/A235730-A237868.md
A236821,2 September 2026,papers/6501-7000/6811-PROOF.pdf,yes,comments/A235730-A237868.md
A236822,2 September 2026,papers/5001-5500/5121-PROOF.pdf,yes,comments/A235730-A237868.md
A236823,7 September 2026,papers/3501-4000/3527-PROOF.pdf,yes,comments/A235730-A237868.md
A236828,2 September 2026,papers/0001-0500/0169-PROOF.pdf,yes,comments/A235730-A237868.md
A236868,2 September 2026,papers/6001-6500/6488-PROOF.pdf,yes,comments/A235730-A237868.md
A236869,2 September 2026,papers/4501-5000/4688-PROOF.pdf,yes,comments/A235730-A237868.md
A236870,7 September 2026,papers/3001-3500/3447-PROOF.pdf,yes,comments/A235730-A237868.md
A236875,2 September 2026,papers/0001-0500/0146-PROOF.pdf,yes,comments/A235730-A237868.md
A236877,2 September 2026,papers/6001-6500/6480-PROOF.pdf,yes,comments/A235730-A237868.md
A236878,2 September 2026,papers/5001-5500/5054-PROOF.pdf,yes,comments/A235730-A237868.md
A236879,7 September 2026,papers/3501-4000/3793-PROOF.pdf,yes,comments/A235730-A237868.md
A236884,2 September 2026,papers/0001-0500/0236-PROOF.pdf,yes,comments/A235730-A237868.md
A236886,2 September 2026,papers/7501-8000/7662-PROOF.pdf,yes,comments/A235730-A237868.md
A236887,2 September 2026,papers/6501-7000/6602-PROOF.pdf,yes,comments/A235730-A237868.md
A236888,2 September 2026,papers/5001-5500/5116-PROOF.pdf,yes,comments/A235730-A237868.md
A236889,7 September 2026,papers/3501-4000/3879-PROOF.pdf,yes,comments/A235730-A237868.md
A236893,2 September 2026,papers/0001-0500/0249-PROOF.pdf,yes,comments/A235730-A237868.md
A236895,2 September 2026,papers/6501-7000/6941-PROOF.pdf,yes,comments/A235730-A237868.md
A236896,2 September 2026,papers/5501-6000/5718-PROOF.pdf,yes,comments/A235730-A237868.md
A236897,2 September 2026,papers/4501-5000/4503-PROOF.pdf,yes,comments/A235730-A237868.md
A236898,7 September 2026,papers/3501-4000/3505-PROOF.pdf,yes,comments/A235730-A237868.md
A236902,2 September 2026,papers/0001-0500/0166-PROOF.pdf,yes,comments/A235730-A237868.md
A236904,2 September 2026,papers/4001-4500/4379-PROOF.pdf,yes,comments/A235730-A237868.md
A236942,2 September 2026,papers/8001-8500/8088-PROOF.pdf,yes,comments/A235730-A237868.md
A236943,2 September 2026,papers/7001-7500/7333-PROOF.pdf,yes,comments/A235730-A237868.md
A236944,2 September 2026,papers/6501-7000/6860-PROOF.pdf,yes,comments/A235730-A237868.md
A236945,2 September 2026,papers/5501-6000/5675-PROOF.pdf,yes,comments/A235730-A237868.md
A236949,2 September 2026,papers/0501-1000/0592-PROOF.pdf,yes,comments/A235730-A237868.md
A236973,2 September 2026,papers/4501-5000/4608-PROOF.pdf,yes,comments/A235730-A237868.md
A236980,2 September 2026,papers/4501-5000/4685-PROOF.pdf,yes,comments/A235730-A237868.md
A236981,7 September 2026,papers/3001-3500/3465-PROOF.pdf,yes,comments/A235730-A237868.md
A236987,2 September 2026,papers/0001-0500/0151-PROOF.pdf,yes,comments/A235730-A237868.md
A236990,2 September 2026,papers/8501-9000/8790-PROOF.pdf,yes,comments/A235730-A237868.md
A236991,2 September 2026,papers/8501-9000/8753-PROOF.pdf,yes,comments/A235730-A237868.md
A236992,2 September 2026,papers/8001-8500/8461-PROOF.pdf,yes,comments/A235730-A237868.md
A236993,2 September 2026,papers/6501-7000/6977-PROOF.pdf,yes,comments/A235730-A237868.md
A236994,7 September 2026,papers/6001-6500/6312-PROOF.pdf,yes,comments/A235730-A237868.md
A237000,2 September 2026,papers/6501-7000/6592-PROOF.pdf,yes,comments/A235730-A237868.md
A237001,2 September 2026,papers/4001-4500/4451-PROOF.pdf,yes,comments/A235730-A237868.md
A237007,2 September 2026,papers/0001-0500/0327-PROOF.pdf,yes,comments/A235730-A237868.md
A237008,2 September 2026,papers/6501-7000/6587-PROOF.pdf,yes,comments/A235730-A237868.md
A237009,2 September 2026,papers/6501-7000/6558-PROOF.pdf,yes,comments/A235730-A237868.md
A237010,2 September 2026,papers/6501-7000/6538-PROOF.pdf,yes,comments/A235730-A237868.md
A237011,2 September 2026,papers/6501-7000/6535-PROOF.pdf,yes,comments/A235730-A237868.md
A237012,2 September 2026,papers/6501-7000/6521-PROOF.pdf,yes,comments/A235730-A237868.md
A237028,2 September 2026,papers/8501-9000/8656-PROOF.pdf,yes,comments/A235730-A237868.md
A237029,2 September 2026,papers/8001-8500/8079-PROOF.pdf,yes,comments/A235730-A237868.md
A237030,2 September 2026,papers/7501-8000/7572-PROOF.pdf,yes,comments/A235730-A237868.md
A237031,2 September 2026,papers/6501-7000/6560-PROOF.pdf,yes,comments/A235730-A237868.md
A237032,2 September 2026,papers/5501-6000/5611-PROOF.pdf,yes,comments/A235730-A237868.md
A237035,2 September 2026,papers/0501-1000/0543-PROOF.pdf,yes,comments/A235730-A237868.md
A237060,2 September 2026,papers/6501-7000/6940-PROOF.pdf,yes,comments/A235730-A237868.md
A237061,2 September 2026,papers/5501-6000/5640-PROOF.pdf,yes,comments/A235730-A237868.md
A237067,2 September 2026,papers/0001-0500/0232-PROOF.pdf,yes,comments/A235730-A237868.md
A237069,2 September 2026,papers/7001-7500/7105-PROOF.pdf,yes,comments/A235730-A237868.md
A237070,2 September 2026,papers/5001-5500/5388-PROOF.pdf,yes,comments/A235730-A237868.md
A237076,2 September 2026,papers/0001-0500/0239-PROOF.pdf,yes,comments/A235730-A237868.md
A237077,2 September 2026,papers/7001-7500/7347-PROOF.pdf,yes,comments/A235730-A237868.md
A237078,2 September 2026,papers/4501-5000/4792-PROOF.pdf,yes,comments/A235730-A237868.md
A237082,2 September 2026,papers/0001-0500/0367-PROOF.pdf,yes,comments/A235730-A237868.md
A237083,2 September 2026,papers/4501-5000/4606-PROOF.pdf,yes,comments/A235730-A237868.md
A237092,2 September 2026,papers/7001-7500/7247-PROOF.pdf,yes,comments/A235730-A237868.md
A237093,2 September 2026,papers/5001-5500/5399-PROOF.pdf,yes,comments/A235730-A237868.md
A237094,7 September 2026,papers/3501-4000/3687-PROOF.pdf,yes,comments/A235730-A237868.md
A237099,2 September 2026,papers/0001-0500/0224-PROOF.pdf,yes,comments/A235730-A237868.md
A237101,2 September 2026,papers/7001-7500/7248-PROOF.pdf,yes,comments/A235730-A237868.md
A237102,2 September 2026,papers/5501-6000/5647-PROOF.pdf,yes,comments/A235730-A237868.md
A237103,7 September 2026,papers/4001-4500/4025-PROOF.pdf,yes,comments/A235730-A237868.md
A237108,2 September 2026,papers/0001-0500/0268-PROOF.pdf,yes,comments/A235730-A237868.md
A237135,2 September 2026,papers/5501-6000/5722-PROOF.pdf,yes,comments/A235730-A237868.md
A237136,7 September 2026,papers/4001-4500/4377-PROOF.pdf,yes,comments/A235730-A237868.md
A237142,2 September 2026,papers/0001-0500/0148-PROOF.pdf,yes,comments/A235730-A237868.md
A237143,2 September 2026,papers/5001-5500/5122-PROOF.pdf,yes,comments/A235730-A237868.md
A237144,7 September 2026,papers/3501-4000/3655-PROOF.pdf,yes,comments/A235730-A237868.md
A237150,2 September 2026,papers/0001-0500/0216-PROOF.pdf,yes,comments/A235730-A237868.md
A237151,2 September 2026,papers/7001-7500/7407-PROOF.pdf,yes,comments/A235730-A237868.md
A237152,2 September 2026,papers/6001-6500/6405-PROOF.pdf,yes,comments/A235730-A237868.md
A237153,2 September 2026,papers/4501-5000/4624-PROOF.pdf,yes,comments/A235730-A237868.md
A237158,2 September 2026,papers/0001-0500/0341-PROOF.pdf,yes,comments/A235730-A237868.md
A237160,2 September 2026,papers/7501-8000/7663-PROOF.pdf,yes,comments/A235730-A237868.md
A237161,2 September 2026,papers/6001-6500/6420-PROOF.pdf,yes,comments/A235730-A237868.md
A237162,2 September 2026,papers/5001-5500/5115-PROOF.pdf,yes,comments/A235730-A237868.md
A237167,2 September 2026,papers/0001-0500/0248-PROOF.pdf,yes,comments/A235730-A237868.md
A237169,2 September 2026,papers/5001-5500/5336-PROOF.pdf,yes,comments/A235730-A237868.md
A237170,7 September 2026,papers/3501-4000/3594-PROOF.pdf,yes,comments/A235730-A237868.md
A237175,2 September 2026,papers/0001-0500/0196-PROOF.pdf,yes,comments/A235730-A237868.md
A237176,2 September 2026,papers/6001-6500/6421-PROOF.pdf,yes,comments/A235730-A237868.md
A237177,2 September 2026,papers/4501-5000/4541-PROOF.pdf,yes,comments/A235730-A237868.md
A237182,2 September 2026,papers/0001-0500/0332-PROOF.pdf,yes,comments/A235730-A237868.md
A237204,2 September 2026,papers/4501-5000/4930-PROOF.pdf,yes,comments/A235730-A237868.md
A237205,7 September 2026,papers/3001-3500/3439-PROOF.pdf,yes,comments/A235730-A237868.md
A237211,2 September 2026,papers/0001-0500/0141-PROOF.pdf,yes,comments/A235730-A237868.md
A237212,2 September 2026,papers/5001-5500/5334-PROOF.pdf,yes,comments/A235730-A237868.md
A237213,7 September 2026,papers/3501-4000/3897-PROOF.pdf,yes,comments/A235730-A237868.md
A237218,2 September 2026,papers/0001-0500/0254-PROOF.pdf,yes,comments/A235730-A237868.md
A237219,2 September 2026,papers/5001-5500/5406-PROOF.pdf,yes,comments/A235730-A237868.md
A237225,2 September 2026,papers/0001-0500/0157-PROOF.pdf,yes,comments/A235730-A237868.md
A237227,2 September 2026,papers/8001-8500/8281-PROOF.pdf,yes,comments/A235730-A237868.md
A237228,2 September 2026,papers/8001-8500/8218-PROOF.pdf,yes,comments/A235730-A237868.md
A237229,2 September 2026,papers/7501-8000/7743-PROOF.pdf,yes,comments/A235730-A237868.md
A237230,2 September 2026,papers/6501-7000/6838-PROOF.pdf,yes,comments/A235730-A237868.md
A237231,7 September 2026,papers/5001-5500/5353-PROOF.pdf,yes,comments/A235730-A237868.md
A237232,7 September 2026,papers/4501-5000/4828-PROOF.pdf,yes,comments/A235730-A237868.md
A237235,2 September 2026,papers/7001-7500/7236-PROOF.pdf,yes,comments/A235730-A237868.md
A237236,2 September 2026,papers/5501-6000/5708-PROOF.pdf,yes,comments/A235730-A237868.md
A237241,2 September 2026,papers/0001-0500/0225-PROOF.pdf,yes,comments/A235730-A237868.md
A237242,2 September 2026,papers/8501-9000/8791-PROOF.pdf,yes,comments/A235730-A237868.md
A237243,2 September 2026,papers/8501-9000/8754-PROOF.pdf,yes,comments/A235730-A237868.md
A237244,2 September 2026,papers/7501-8000/7730-PROOF.pdf,yes,comments/A235730-A237868.md
A237245,2 September 2026,papers/6001-6500/6326-PROOF.pdf,yes,comments/A235730-A237868.md
A237246,7 September 2026,papers/4501-5000/4699-PROOF.pdf,yes,comments/A235730-A237868.md
A237293,2 September 2026,papers/5501-6000/5817-PROOF.pdf,yes,comments/A235730-A237868.md
A237299,2 September 2026,papers/0001-0500/0270-PROOF.pdf,yes,comments/A235730-A237868.md
A237301,2 September 2026,papers/7501-8000/7671-PROOF.pdf,yes,comments/A235730-A237868.md
A237302,2 September 2026,papers/6001-6500/6300-PROOF.pdf,yes,comments/A235730-A237868.md
A237303,2 September 2026,papers/4501-5000/4645-PROOF.pdf,yes,comments/A235730-A237868.md
A237304,7 September 2026,papers/3001-3500/3498-PROOF.pdf,yes,comments/A235730-A237868.md
A237308,2 September 2026,papers/0001-0500/0159-PROOF.pdf,yes,comments/A235730-A237868.md
A237309,2 September 2026,papers/4501-5000/4689-PROOF.pdf,yes,comments/A235730-A237868.md
A237310,7 September 2026,papers/3001-3500/3430-PROOF.pdf,yes,comments/A235730-A237868.md
A237315,2 September 2026,papers/0001-0500/0139-PROOF.pdf,yes,comments/A235730-A237868.md
A237317,2 September 2026,papers/8501-9000/8792-PROOF.pdf,yes,comments/A235730-A237868.md
A237318,2 September 2026,papers/7001-7500/7018-PROOF.pdf,yes,comments/A235730-A237868.md
A237319,2 September 2026,papers/4501-5000/4954-PROOF.pdf,yes,comments/A235730-A237868.md
A237325,2 September 2026,papers/7001-7500/7047-PROOF.pdf,yes,comments/A235730-A237868.md
A237326,2 September 2026,papers/4501-5000/4972-PROOF.pdf,yes,comments/A235730-A237868.md
A237333,2 September 2026,papers/7001-7500/7109-PROOF.pdf,yes,comments/A235730-A237868.md
A237334,2 September 2026,papers/5001-5500/5464-PROOF.pdf,yes,comments/A235730-A237868.md
A237335,7 September 2026,papers/3501-4000/3880-PROOF.pdf,yes,comments/A235730-A237868.md
A237340,2 September 2026,papers/0001-0500/0250-PROOF.pdf,yes,comments/A235730-A237868.md
A237368,2 September 2026,papers/8501-9000/8793-PROOF.pdf,yes,comments/A235730-A237868.md
A237369,2 September 2026,papers/6001-6500/6370-PROOF.pdf,yes,comments/A235730-A237868.md
A237370,2 September 2026,papers/3001-3500/3463-PROOF.pdf,yes,comments/A235730-A237868.md
A237377,2 September 2026,papers/8501-9000/8794-PROOF.pdf,yes,comments/A235730-A237868.md
A237378,2 September 2026,papers/8501-9000/8755-PROOF.pdf,yes,comments/A235730-A237868.md
A237379,2 September 2026,papers/7501-8000/7731-PROOF.pdf,yes,comments/A235730-A237868.md
A237380,2 September 2026,papers/6001-6500/6327-PROOF.pdf,yes,comments/A235730-A237868.md
A237381,7 September 2026,papers/4501-5000/4700-PROOF.pdf,yes,comments/A235730-A237868.md
A237385,2 September 2026,papers/5501-6000/5891-PROOF.pdf,yes,comments/A235730-A237868.md
A237392,2 September 2026,papers/4501-5000/4649-PROOF.pdf,yes,comments/A235730-A237868.md
A237393,7 September 2026,papers/3001-3500/3440-PROOF.pdf,yes,comments/A235730-A237868.md
A237398,2 September 2026,papers/0001-0500/0143-PROOF.pdf,yes,comments/A235730-A237868.md
A237399,2 September 2026,papers/4501-5000/4548-PROOF.pdf,yes,comments/A235730-A237868.md
A237405,2 September 2026,papers/6001-6500/6422-PROOF.pdf,yes,comments/A235730-A237868.md
A237406,2 September 2026,papers/4501-5000/4673-PROOF.pdf,yes,comments/A235730-A237868.md
A237412,2 September 2026,papers/0001-0500/0346-PROOF.pdf,yes,comments/A235730-A237868.md
A237456,2 September 2026,papers/7001-7500/7348-PROOF.pdf,yes,comments/A235730-A237868.md
A237457,2 September 2026,papers/5501-6000/5985-PROOF.pdf,yes,comments/A235730-A237868.md
A237458,2 September 2026,papers/3501-4000/3642-PROOF.pdf,yes,comments/A235730-A237868.md
A237463,2 September 2026,papers/0001-0500/0483-PROOF.pdf,yes,comments/A235730-A237868.md
A237465,2 September 2026,papers/7501-8000/7814-PROOF.pdf,yes,comments/A235730-A237868.md
A237466,2 September 2026,papers/6501-7000/6711-PROOF.pdf,yes,comments/A235730-A237868.md
A237467,2 September 2026,papers/3501-4000/3941-PROOF.pdf,yes,comments/A235730-A237868.md
A237472,2 September 2026,papers/0001-0500/0259-PROOF.pdf,yes,comments/A235730-A237868.md
A237474,2 September 2026,papers/6501-7000/6657-PROOF.pdf,yes,comments/A235730-A237868.md
A237475,2 September 2026,papers/5001-5500/5120-PROOF.pdf,yes,comments/A235730-A237868.md
A237476,7 September 2026,papers/3501-4000/3607-PROOF.pdf,yes,comments/A235730-A237868.md
A237481,2 September 2026,papers/0001-0500/0202-PROOF.pdf,yes,comments/A235730-A237868.md
A237482,2 September 2026,papers/5001-5500/5129-PROOF.pdf,yes,comments/A235730-A237868.md
A237488,2 September 2026,papers/0001-0500/0158-PROOF.pdf,yes,comments/A235730-A237868.md
A237489,2 September 2026,papers/5501-6000/5534-PROOF.pdf,yes,comments/A235730-A237868.md
A237490,2 September 2026,papers/3501-4000/3556-PROOF.pdf,yes,comments/A235730-A237868.md
A237504,2 September 2026,papers/7001-7500/7048-PROOF.pdf,yes,comments/A235730-A237868.md
A237505,2 September 2026,papers/5001-5500/5172-PROOF.pdf,yes,comments/A235730-A237868.md
A237511,2 September 2026,papers/0001-0500/0406-PROOF.pdf,yes,comments/A235730-A237868.md
A237532,2 September 2026,papers/6001-6500/6477-PROOF.pdf,yes,comments/A235730-A237868.md
A237533,2 September 2026,papers/4501-5000/4643-PROOF.pdf,yes,comments/A235730-A237868.md
A237538,2 September 2026,papers/0001-0500/0342-PROOF.pdf,yes,comments/A235730-A237868.md
A237539,2 September 2026,papers/6001-6500/6374-PROOF.pdf,yes,comments/A235730-A237868.md
A237540,2 September 2026,papers/4001-4500/4188-PROOF.pdf,yes,comments/A235730-A237868.md
A237550,2 September 2026,papers/7501-8000/7815-PROOF.pdf,yes,comments/A235730-A237868.md
A237551,2 September 2026,papers/6501-7000/6713-PROOF.pdf,yes,comments/A235730-A237868.md
A237552,2 September 2026,papers/4001-4500/4361-PROOF.pdf,yes,comments/A235730-A237868.md
A237557,2 September 2026,papers/0501-1000/0568-PROOF.pdf,yes,comments/A235730-A237868.md
A237560,2 September 2026,papers/7501-8000/7816-PROOF.pdf,yes,comments/A235730-A237868.md
A237561,2 September 2026,papers/6001-6500/6213-PROOF.pdf,yes,comments/A235730-A237868.md
A237562,2 September 2026,papers/3501-4000/3855-PROOF.pdf,yes,comments/A235730-A237868.md
A237567,2 September 2026,papers/0501-1000/0516-PROOF.pdf,yes,comments/A235730-A237868.md
A237569,2 September 2026,papers/6501-7000/6718-PROOF.pdf,yes,comments/A235730-A237868.md
A237570,2 September 2026,papers/4001-4500/4313-PROOF.pdf,yes,comments/A235730-A237868.md
A237574,2 September 2026,papers/0001-0500/0305-PROOF.pdf,yes,comments/A235730-A237868.md
A237630,2 September 2026,papers/8001-8500/8282-PROOF.pdf,yes,comments/A235730-A237868.md
A237631,2 September 2026,papers/7501-8000/7764-PROOF.pdf,yes,comments/A235730-A237868.md
A237632,2 September 2026,papers/8501-9000/8741-PROOF.pdf,yes,comments/A235730-A237868.md
A237633,2 September 2026,papers/8501-9000/8723-PROOF.pdf,yes,comments/A235730-A237868.md
A237634,7 September 2026,papers/8501-9000/8714-PROOF.pdf,yes,comments/A235730-A237868.md
A237635,7 September 2026,papers/8501-9000/8712-PROOF.pdf,yes,comments/A235730-A237868.md
A237672,2 September 2026,papers/4001-4500/4372-PROOF.pdf,yes,comments/A235730-A237868.md
A237678,2 September 2026,papers/6001-6500/6130-PROOF.pdf,yes,comments/A235730-A237868.md
A237688,2 September 2026,papers/4501-5000/4878-PROOF.pdf,yes,comments/A235730-A237868.md
A237723,2 September 2026,papers/7001-7500/7349-PROOF.pdf,yes,comments/A235730-A237868.md
A237724,2 September 2026,papers/5501-6000/5691-PROOF.pdf,yes,comments/A235730-A237868.md
A237772,2 September 2026,papers/7001-7500/7350-PROOF.pdf,yes,comments/A235730-A237868.md
A237773,2 September 2026,papers/5501-6000/5866-PROOF.pdf,yes,comments/A235730-A237868.md
A237774,2 September 2026,papers/4001-4500/4113-PROOF.pdf,yes,comments/A235730-A237868.md
A237780,2 September 2026,papers/4501-5000/4977-PROOF.pdf,yes,comments/A235730-A237868.md
A237786,2 September 2026,papers/5001-5500/5103-PROOF.pdf,yes,comments/A235730-A237868.md
A237802,2 September 2026,papers/6001-6500/6179-PROOF.pdf,yes,comments/A235730-A237868.md
A237803,2 September 2026,papers/4501-5000/4759-PROOF.pdf,yes,comments/A235730-A237868.md
A237804,7 September 2026,papers/3001-3500/3499-PROOF.pdf,yes,comments/A235730-A237868.md
A237809,2 September 2026,papers/0001-0500/0163-PROOF.pdf,yes,comments/A235730-A237868.md
A237843,2 September 2026,papers/6501-7000/6946-PROOF.pdf,yes,comments/A235730-A237868.md
A237844,2 September 2026,papers/5001-5500/5185-PROOF.pdf,yes,comments/A235730-A237868.md
A237850,2 September 2026,papers/0001-0500/0217-PROOF.pdf,yes,comments/A235730-A237868.md
A237853,1 September 2026,papers/8501-9000/8541-PROOF.pdf,yes,comments/A235730-A237868.md
A237854,1 September 2026,papers/7001-7500/7167-PROOF.pdf,yes,comments/A235730-A237868.md
A237855,1 September 2026,papers/5501-6000/5771-PROOF.pdf,yes,comments/A235730-A237868.md
A237856,1 September 2026,papers/4001-4500/4254-PROOF.pdf,yes,comments/A235730-A237868.md
A237857,7 September 2026,papers/3001-3500/3433-PROOF.pdf,yes,comments/A235730-A237868.md
A237859,1 September 2026,papers/2501-3000/2836-PROOF.pdf,yes,comments/A235730-A237868.md
A237861,2 September 2026,papers/6501-7000/6751-PROOF.pdf,yes,comments/A235730-A237868.md
A237862,2 September 2026,papers/4501-5000/4910-PROOF.pdf,yes,comments/A235730-A237868.md
A237868,2 September 2026,papers/0001-0500/0383-PROOF.pdf,yes,comments/A235730-A237868.md
A237891,2 September 2026,papers/6001-6500/6042-PROOF.pdf,yes,comments/A237891-A250773.md
A237892,7 September 2026,papers/4001-4500/4246-PROOF.pdf,yes,comments/A237891-A250773.md
A237898,2 September 2026,papers/0001-0500/0291-PROOF.pdf,yes,comments/A237891-A250773.md
A237899,2 September 2026,papers/4501-5000/4549-PROOF.pdf,yes,comments/A237891-A250773.md
A237905,2 September 2026,papers/6001-6500/6375-PROOF.pdf,yes,comments/A237891-A250773.md
A237906,2 September 2026,papers/4001-4500/4259-PROOF.pdf,yes,comments/A237891-A250773.md
A237911,2 September 2026,papers/0001-0500/0295-PROOF.pdf,yes,comments/A237891-A250773.md
A237915,2 September 2026,papers/6001-6500/6099-PROOF.pdf,yes,comments/A237891-A250773.md
A237921,2 September 2026,papers/0001-0500/0258-PROOF.pdf,yes,comments/A237891-A250773.md
A237922,2 September 2026,papers/5001-5500/5104-PROOF.pdf,yes,comments/A237891-A250773.md
A237923,7 September 2026,papers/3001-3500/3455-PROOF.pdf,yes,comments/A237891-A250773.md
A237927,2 September 2026,papers/0001-0500/0147-PROOF.pdf,yes,comments/A237891-A250773.md
A237931,2 September 2026,papers/4501-5000/4741-PROOF.pdf,yes,comments/A237891-A250773.md
A237938,2 September 2026,papers/8001-8500/8098-PROOF.pdf,yes,comments/A237891-A250773.md
A237939,2 September 2026,papers/7001-7500/7107-PROOF.pdf,yes,comments/A237891-A250773.md
A237940,2 September 2026,papers/5501-6000/5631-PROOF.pdf,yes,comments/A237891-A250773.md
A237945,2 September 2026,papers/0001-0500/0266-PROOF.pdf,yes,comments/A237891-A250773.md
A237946,2 September 2026,papers/4001-4500/4276-PROOF.pdf,yes,comments/A237891-A250773.md
A237952,2 September 2026,papers/7001-7500/7023-PROOF.pdf,yes,comments/A237891-A250773.md
A237953,2 September 2026,papers/4001-4500/4360-PROOF.pdf,yes,comments/A237891-A250773.md
A237958,2 September 2026,papers/7001-7500/7049-PROOF.pdf,yes,comments/A237891-A250773.md
A237959,2 September 2026,papers/5501-6000/5530-PROOF.pdf,yes,comments/A237891-A250773.md
A237965,2 September 2026,papers/0001-0500/0437-PROOF.pdf,yes,comments/A237891-A250773.md
A237967,2 September 2026,papers/7001-7500/7310-PROOF.pdf,yes,comments/A237891-A250773.md
A237968,2 September 2026,papers/6001-6500/6203-PROOF.pdf,yes,comments/A237891-A250773.md
A237969,2 September 2026,papers/4001-4500/4183-PROOF.pdf,yes,comments/A237891-A250773.md
A238039,2 September 2026,papers/7501-8000/7817-PROOF.pdf,yes,comments/A237891-A250773.md
A238040,2 September 2026,papers/6501-7000/6861-PROOF.pdf,yes,comments/A237891-A250773.md
A238041,2 September 2026,papers/4001-4500/4112-PROOF.pdf,yes,comments/A237891-A250773.md
A238046,2 September 2026,papers/0001-0500/0279-PROOF.pdf,yes,comments/A237891-A250773.md
A238049,2 September 2026,papers/5501-6000/5872-PROOF.pdf,yes,comments/A237891-A250773.md
A238050,2 September 2026,papers/3501-4000/3853-PROOF.pdf,yes,comments/A237891-A250773.md
A238058,2 September 2026,papers/5001-5500/5379-PROOF.pdf,yes,comments/A237891-A250773.md
A238065,2 September 2026,papers/7001-7500/7311-PROOF.pdf,yes,comments/A237891-A250773.md
A238066,2 September 2026,papers/5501-6000/5853-PROOF.pdf,yes,comments/A237891-A250773.md
A238067,2 September 2026,papers/3501-4000/3844-PROOF.pdf,yes,comments/A237891-A250773.md
A238074,2 September 2026,papers/7001-7500/7312-PROOF.pdf,yes,comments/A237891-A250773.md
A238075,2 September 2026,papers/5001-5500/5433-PROOF.pdf,yes,comments/A237891-A250773.md
A238076,2 September 2026,papers/3501-4000/3845-PROOF.pdf,yes,comments/A237891-A250773.md
A238140,2 September 2026,papers/4501-5000/4858-PROOF.pdf,yes,comments/A237891-A250773.md
A238148,2 September 2026,papers/5501-6000/5873-PROOF.pdf,yes,comments/A237891-A250773.md
A238173,2 September 2026,papers/8001-8500/8373-PROOF.pdf,yes,comments/A237891-A250773.md
A238174,2 September 2026,papers/7501-8000/7863-PROOF.pdf,yes,comments/A237891-A250773.md
A238175,2 September 2026,papers/6001-6500/6242-PROOF.pdf,yes,comments/A237891-A250773.md
A238176,2 September 2026,papers/4501-5000/4853-PROOF.pdf,yes,comments/A237891-A250773.md
A238177,7 September 2026,papers/3501-4000/3523-PROOF.pdf,yes,comments/A237891-A250773.md
A238180,2 September 2026,papers/0001-0500/0379-PROOF.pdf,yes,comments/A237891-A250773.md
A238249,3 September 2026,papers/1001-1500/1316-PROOF.pdf,yes,comments/A237891-A250773.md
A238282,1 September 2026,papers/5001-5500/5421-PROOF.pdf,yes,comments/A237891-A250773.md
A238287,1 September 2026,papers/2001-2500/2465-PROOF.pdf,yes,comments/A237891-A250773.md
A238293,2 September 2026,papers/4501-5000/4978-PROOF.pdf,yes,comments/A237891-A250773.md
A238306,2 September 2026,papers/5001-5500/5380-PROOF.pdf,yes,comments/A237891-A250773.md
A238307,7 September 2026,papers/3501-4000/3587-PROOF.pdf,yes,comments/A237891-A250773.md
A238311,2 September 2026,papers/0001-0500/0191-PROOF.pdf,yes,comments/A237891-A250773.md
A238317,1 September 2026,papers/6501-7000/6853-PROOF.pdf,yes,comments/A237891-A250773.md
A238318,1 September 2026,papers/4001-4500/4390-PROOF.pdf,yes,comments/A237891-A250773.md
A238323,1 September 2026,papers/2501-3000/2858-PROOF.pdf,yes,comments/A237891-A250773.md
A238510,1 September 2026,papers/2501-3000/2740-PROOF.pdf,yes,comments/A237891-A250773.md
A238511,7 September 2026,papers/6501-7000/6690-PROOF.pdf,yes,comments/A237891-A250773.md
A238515,1 September 2026,papers/2501-3000/2741-PROOF.pdf,yes,comments/A237891-A250773.md
A238518,1 September 2026,papers/9001-9500/9046-PROOF.pdf,yes,comments/A237891-A250773.md
A238519,1 September 2026,papers/6501-7000/6981-PROOF.pdf,yes,comments/A237891-A250773.md
A238523,1 September 2026,papers/3001-3500/3188-PROOF.pdf,yes,comments/A237891-A250773.md
A238649,1 September 2026,papers/3001-3500/3030-PROOF.pdf,yes,comments/A237891-A250773.md
A238650,7 September 2026,papers/5501-6000/5886-PROOF.pdf,yes,comments/A237891-A250773.md
A238654,1 September 2026,papers/3001-3500/3031-PROOF.pdf,yes,comments/A237891-A250773.md
A238720,3 September 2026,papers/3001-3500/3108-PROOF.pdf,yes,comments/A237891-A250773.md
A238721,3 September 2026,papers/2001-2500/2322-PROOF.pdf,yes,comments/A237891-A250773.md
A238722,3 September 2026,papers/1501-2000/1648-PROOF.pdf,yes,comments/A237891-A250773.md
A238723,3 September 2026,papers/1001-1500/1241-PROOF.pdf,yes,comments/A237891-A250773.md
A238768,3 September 2026,papers/3001-3500/3300-PROOF.pdf,yes,comments/A237891-A250773.md
A238769,3 September 2026,papers/2001-2500/2097-PROOF.pdf,yes,comments/A237891-A250773.md
A238770,3 September 2026,papers/1001-1500/1288-PROOF.pdf,yes,comments/A237891-A250773.md
A238807,6 September 2026,papers/2001-2500/2456-PROOF.pdf,yes,comments/A237891-A250773.md
A238906,1 September 2026,papers/3001-3500/3222-PROOF.pdf,yes,comments/A237891-A250773.md
A238907,1 September 2026,papers/2001-2500/2058-PROOF.pdf,yes,comments/A237891-A250773.md
A238908,7 September 2026,papers/8001-8500/8179-PROOF.pdf,yes,comments/A237891-A250773.md
A238912,1 September 2026,papers/3001-3500/3223-PROOF.pdf,yes,comments/A237891-A250773.md
A238923,1 September 2026,papers/9001-9500/9228-PROOF.pdf,yes,comments/A237891-A250773.md
A238924,1 September 2026,papers/5001-5500/5148-PROOF.pdf,yes,comments/A237891-A250773.md
A238929,1 September 2026,papers/3001-3500/3357-PROOF.pdf,yes,comments/A237891-A250773.md
A238930,1 September 2026,papers/6001-6500/6093-PROOF.pdf,yes,comments/A237891-A250773.md
A238991,3 September 2026,papers/2001-2500/2205-PROOF.pdf,yes,comments/A237891-A250773.md
A238992,3 September 2026,papers/1001-1500/1289-PROOF.pdf,yes,comments/A237891-A250773.md
A239024,2 September 2026,papers/9001-9500/9463-PROOF.pdf,yes,comments/A237891-A250773.md
A239025,3 September 2026,papers/2001-2500/2323-PROOF.pdf,yes,comments/A237891-A250773.md
A239026,3 September 2026,papers/1501-2000/1649-PROOF.pdf,yes,comments/A237891-A250773.md
A239027,3 September 2026,papers/1001-1500/1242-PROOF.pdf,yes,comments/A237891-A250773.md
A239031,6 September 2026,papers/2501-3000/2843-PROOF.pdf,yes,comments/A237891-A250773.md
A239032,6 September 2026,papers/2001-2500/2453-PROOF.pdf,yes,comments/A237891-A250773.md
A239033,6 September 2026,papers/2001-2500/2074-PROOF.pdf,yes,comments/A237891-A250773.md
A239041,3 September 2026,papers/1501-2000/1743-PROOF.pdf,yes,comments/A237891-A250773.md
A239150,3 September 2026,papers/2501-3000/2725-PROOF.pdf,yes,comments/A237891-A250773.md
A239151,7 September 2026,papers/6501-7000/6816-PROOF.pdf,yes,comments/A237891-A250773.md
A239152,7 September 2026,papers/7501-8000/7691-PROOF.pdf,yes,comments/A237891-A250773.md
A239156,7 September 2026,papers/8001-8500/8431-PROOF.pdf,yes,comments/A237891-A250773.md
A239171,1 September 2026,papers/9001-9500/9239-PROOF.pdf,yes,comments/A237891-A250773.md
A239172,1 September 2026,papers/5501-6000/5975-PROOF.pdf,yes,comments/A237891-A250773.md
A239173,7 September 2026,papers/3501-4000/3697-PROOF.pdf,yes,comments/A237891-A250773.md
A239178,1 September 2026,papers/2501-3000/2617-PROOF.pdf,yes,comments/A237891-A250773.md
A239179,1 September 2026,papers/8001-8500/8267-PROOF.pdf,yes,comments/A237891-A250773.md
A239180,1 September 2026,papers/5001-5500/5029-PROOF.pdf,yes,comments/A237891-A250773.md
A239181,1 September 2026,papers/5501-6000/5752-PROOF.pdf,yes,comments/A237891-A250773.md
A239188,3 September 2026,papers/2001-2500/2461-PROOF.pdf,yes,comments/A237891-A250773.md
A239189,3 September 2026,papers/1001-1500/1328-PROOF.pdf,yes,comments/A237891-A250773.md
A239249,3 September 2026,papers/3001-3500/3297-PROOF.pdf,yes,comments/A237891-A250773.md
A239250,3 September 2026,papers/1001-1500/1461-PROOF.pdf,yes,comments/A237891-A250773.md
A239334,3 September 2026,papers/1501-2000/1744-PROOF.pdf,yes,comments/A237891-A250773.md
A239358,6 September 2026,papers/2501-3000/2979-PROOF.pdf,yes,comments/A237891-A250773.md
A239359,6 September 2026,papers/2501-3000/2941-PROOF.pdf,yes,comments/A237891-A250773.md
A239399,3 September 2026,papers/1501-2000/1745-PROOF.pdf,yes,comments/A237891-A250773.md
A239406,3 September 2026,papers/2001-2500/2471-PROOF.pdf,yes,comments/A237891-A250773.md
A239407,3 September 2026,papers/1001-1500/1458-PROOF.pdf,yes,comments/A237891-A250773.md
A239420,3 September 2026,papers/1501-2000/1839-PROOF.pdf,yes,comments/A237891-A250773.md
A239425,25 August 2026,papers/9001-9500/9302-PROOF.pdf,yes,comments/A237891-A250773.md
A239530,2 September 2026,papers/9501-10000/9548-PROOF.pdf,yes,comments/A237891-A250773.md
A239531,3 September 2026,papers/2001-2500/2027-PROOF.pdf,yes,comments/A237891-A250773.md
A239532,3 September 2026,papers/2001-2500/2485-PROOF.pdf,yes,comments/A237891-A250773.md
A239537,2 September 2026,papers/0501-1000/0653-PROOF.pdf,yes,comments/A237891-A250773.md
A239538,7 September 2026,papers/7001-7500/7441-PROOF.pdf,yes,comments/A237891-A250773.md
A239594,3 September 2026,papers/2501-3000/2866-PROOF.pdf,yes,comments/A237891-A250773.md
A239643,3 September 2026,papers/2001-2500/2098-PROOF.pdf,yes,comments/A237891-A250773.md
A239644,3 September 2026,papers/1001-1500/1290-PROOF.pdf,yes,comments/A237891-A250773.md
A239650,3 September 2026,papers/2001-2500/2472-PROOF.pdf,yes,comments/A237891-A250773.md
A239651,3 September 2026,papers/1001-1500/1459-PROOF.pdf,yes,comments/A237891-A250773.md
A239812,3 September 2026,papers/3001-3500/3301-PROOF.pdf,yes,comments/A237891-A250773.md
A239813,3 September 2026,papers/2001-2500/2099-PROOF.pdf,yes,comments/A237891-A250773.md
A239814,3 September 2026,papers/1001-1500/1291-PROOF.pdf,yes,comments/A237891-A250773.md
A239820,3 September 2026,papers/1501-2000/1746-PROOF.pdf,yes,comments/A237891-A250773.md
A239844,6 September 2026,papers/2501-3000/2854-PROOF.pdf,yes,comments/A237891-A250773.md
A239851,3 September 2026,papers/3001-3500/3302-PROOF.pdf,yes,comments/A237891-A250773.md
A239852,3 September 2026,papers/2501-3000/2844-PROOF.pdf,yes,comments/A237891-A250773.md
A239980,3 September 2026,papers/1501-2000/1892-PROOF.pdf,yes,comments/A237891-A250773.md
A239987,6 September 2026,papers/2501-3000/2820-PROOF.pdf,yes,comments/A237891-A250773.md
A239995,3 September 2026,papers/1001-1500/1443-PROOF.pdf,yes,comments/A237891-A250773.md
A240001,6 September 2026,papers/3001-3500/3093-PROOF.pdf,yes,comments/A237891-A250773.md
A240002,6 September 2026,papers/2001-2500/2174-PROOF.pdf,yes,comments/A237891-A250773.md
A240034,3 September 2026,papers/2501-3000/2622-PROOF.pdf,yes,comments/A237891-A250773.md
A240035,3 September 2026,papers/1001-1500/1477-PROOF.pdf,yes,comments/A237891-A250773.md
A240036,3 September 2026,papers/1001-1500/1038-PROOF.pdf,yes,comments/A237891-A250773.md
A240041,3 September 2026,papers/1001-1500/1245-PROOF.pdf,yes,comments/A237891-A250773.md
A240148,3 September 2026,papers/1001-1500/1302-PROOF.pdf,yes,comments/A237891-A250773.md
A240187,3 September 2026,papers/1501-2000/1893-PROOF.pdf,yes,comments/A237891-A250773.md
A240193,3 September 2026,papers/2501-3000/2631-PROOF.pdf,yes,comments/A237891-A250773.md
A240194,3 September 2026,papers/1001-1500/1370-PROOF.pdf,yes,comments/A237891-A250773.md
A240256,3 September 2026,papers/1001-1500/1349-PROOF.pdf,yes,comments/A237891-A250773.md
A240266,3 September 2026,papers/1501-2000/1894-PROOF.pdf,yes,comments/A237891-A250773.md
A240272,3 September 2026,papers/1001-1500/1442-PROOF.pdf,yes,comments/A237891-A250773.md
A240279,3 September 2026,papers/1501-2000/1791-PROOF.pdf,yes,comments/A237891-A250773.md
A240285,3 September 2026,papers/2001-2500/2337-PROOF.pdf,yes,comments/A237891-A250773.md
A240286,3 September 2026,papers/1001-1500/1150-PROOF.pdf,yes,comments/A237891-A250773.md
A240290,3 September 2026,papers/2001-2500/2330-PROOF.pdf,yes,comments/A237891-A250773.md
A240291,3 September 2026,papers/1001-1500/1147-PROOF.pdf,yes,comments/A237891-A250773.md
A240296,3 September 2026,papers/1501-2000/1949-PROOF.pdf,yes,comments/A237891-A250773.md
A240316,3 September 2026,papers/2001-2500/2335-PROOF.pdf,yes,comments/A237891-A250773.md
A240317,3 September 2026,papers/1001-1500/1148-PROOF.pdf,yes,comments/A237891-A250773.md
A240322,3 September 2026,papers/1501-2000/1895-PROOF.pdf,yes,comments/A237891-A250773.md
A240333,6 September 2026,papers/2501-3000/2651-PROOF.pdf,yes,comments/A237891-A250773.md
A240342,3 September 2026,papers/3001-3500/3075-PROOF.pdf,yes,comments/A237891-A250773.md
A240343,3 September 2026,papers/1001-1500/1493-PROOF.pdf,yes,comments/A237891-A250773.md
A240359,6 September 2026,papers/2001-2500/2199-PROOF.pdf,yes,comments/A237891-A250773.md
A240365,3 September 2026,papers/1501-2000/1950-PROOF.pdf,yes,comments/A237891-A250773.md
A240371,3 September 2026,papers/1501-2000/1792-PROOF.pdf,yes,comments/A237891-A250773.md
A240377,3 September 2026,papers/1501-2000/1840-PROOF.pdf,yes,comments/A237891-A250773.md
A240382,3 September 2026,papers/2001-2500/2338-PROOF.pdf,yes,comments/A237891-A250773.md
A240383,3 September 2026,papers/1001-1500/1149-PROOF.pdf,yes,comments/A237891-A250773.md
A240389,3 September 2026,papers/2001-2500/2339-PROOF.pdf,yes,comments/A237891-A250773.md
A240390,3 September 2026,papers/1001-1500/1151-PROOF.pdf,yes,comments/A237891-A250773.md
A240395,6 September 2026,papers/2501-3000/2817-PROOF.pdf,yes,comments/A237891-A250773.md
A240401,3 September 2026,papers/1501-2000/1793-PROOF.pdf,yes,comments/A237891-A250773.md
A240407,3 September 2026,papers/1501-2000/1841-PROOF.pdf,yes,comments/A237891-A250773.md
A240413,3 September 2026,papers/1501-2000/1794-PROOF.pdf,yes,comments/A237891-A250773.md
A240418,3 September 2026,papers/1501-2000/1790-PROOF.pdf,yes,comments/A237891-A250773.md
A240423,3 September 2026,papers/1001-1500/1444-PROOF.pdf,yes,comments/A237891-A250773.md
A240428,3 September 2026,papers/2001-2500/2340-PROOF.pdf,yes,comments/A237891-A250773.md
A240429,3 September 2026,papers/1001-1500/1152-PROOF.pdf,yes,comments/A237891-A250773.md
A240456,3 September 2026,papers/1001-1500/1445-PROOF.pdf,yes,comments/A237891-A250773.md
A240461,3 September 2026,papers/3001-3500/3076-PROOF.pdf,yes,comments/A237891-A250773.md
A240462,3 September 2026,papers/1001-1500/1494-PROOF.pdf,yes,comments/A237891-A250773.md
A240478,7 September 2026,papers/8501-9000/8979-PROOF.pdf,yes,comments/A237891-A250773.md
A240479,7 September 2026,papers/8001-8500/8432-PROOF.pdf,yes,comments/A237891-A250773.md
A240480,7 September 2026,papers/5501-6000/5732-PROOF.pdf,yes,comments/A237891-A250773.md
A240481,7 September 2026,papers/4001-4500/4029-PROOF.pdf,yes,comments/A237891-A250773.md
A240513,3 September 2026,papers/2501-3000/2827-PROOF.pdf,yes,comments/A237891-A250773.md
A240514,3 September 2026,papers/1501-2000/1590-PROOF.pdf,yes,comments/A237891-A250773.md
A240515,3 September 2026,papers/1001-1500/1146-PROOF.pdf,yes,comments/A237891-A250773.md
A240558,25 August 2026,papers/9501-10000/9943-PROOF.pdf,yes,comments/A237891-A250773.md
A240625,3 September 2026,papers/2001-2500/2046-PROOF.pdf,yes,comments/A237891-A250773.md
A240626,7 September 2026,papers/1001-1500/1157-PROOF.pdf,yes,comments/A237891-A250773.md
A240631,3 September 2026,papers/2001-2500/2290-PROOF.pdf,yes,comments/A237891-A250773.md
A240632,3 September 2026,papers/1001-1500/1326-PROOF.pdf,yes,comments/A237891-A250773.md
A240637,3 September 2026,papers/2501-3000/2937-PROOF.pdf,yes,comments/A237891-A250773.md
A240638,7 September 2026,papers/2001-2500/2488-PROOF.pdf,yes,comments/A237891-A250773.md
A240644,6 September 2026,papers/5501-6000/5947-PROOF.pdf,yes,comments/A237891-A250773.md
A240645,6 September 2026,papers/4001-4500/4214-PROOF.pdf,yes,comments/A237891-A250773.md
A240651,6 September 2026,papers/6501-7000/6661-PROOF.pdf,yes,comments/A237891-A250773.md
A240652,6 September 2026,papers/4001-4500/4132-PROOF.pdf,yes,comments/A237891-A250773.md
A240701,6 September 2026,papers/8001-8500/8123-PROOF.pdf,yes,comments/A237891-A250773.md
A240702,6 September 2026,papers/5501-6000/5940-PROOF.pdf,yes,comments/A237891-A250773.md
A240756,3 September 2026,papers/1501-2000/1838-PROOF.pdf,yes,comments/A237891-A250773.md
A240757,3 September 2026,papers/1001-1500/1050-PROOF.pdf,yes,comments/A237891-A250773.md
A240770,6 September 2026,papers/7001-7500/7442-PROOF.pdf,yes,comments/A237891-A250773.md
A240771,6 September 2026,papers/4501-5000/4881-PROOF.pdf,yes,comments/A237891-A250773.md
A240778,1 September 2026,papers/2001-2500/2426-PROOF.pdf,yes,comments/A237891-A250773.md
A240779,1 September 2026,papers/1501-2000/1510-PROOF.pdf,yes,comments/A237891-A250773.md
A240780,1 September 2026,papers/1001-1500/1107-PROOF.pdf,yes,comments/A237891-A250773.md
A240784,1 September 2026,papers/2501-3000/2783-PROOF.pdf,yes,comments/A237891-A250773.md
A240785,1 September 2026,papers/1501-2000/1771-PROOF.pdf,yes,comments/A237891-A250773.md
A240786,1 September 2026,papers/1001-1500/1353-PROOF.pdf,yes,comments/A237891-A250773.md
A240789,3 September 2026,papers/1501-2000/1688-PROOF.pdf,yes,comments/A237891-A250773.md
A240790,3 September 2026,papers/1001-1500/1049-PROOF.pdf,yes,comments/A237891-A250773.md
A240888,6 September 2026,papers/8501-9000/8965-PROOF.pdf,yes,comments/A237891-A250773.md
A240889,6 September 2026,papers/6001-6500/6491-PROOF.pdf,yes,comments/A237891-A250773.md
A240890,6 September 2026,papers/4001-4500/4216-PROOF.pdf,yes,comments/A237891-A250773.md
A241050,3 September 2026,papers/1501-2000/1995-PROOF.pdf,yes,comments/A237891-A250773.md
A241073,6 September 2026,papers/8001-8500/8436-PROOF.pdf,yes,comments/A237891-A250773.md
A241074,6 September 2026,papers/5501-6000/5945-PROOF.pdf,yes,comments/A237891-A250773.md
A241103,3 September 2026,papers/3001-3500/3163-PROOF.pdf,yes,comments/A237891-A250773.md
A241104,7 September 2026,papers/2001-2500/2012-PROOF.pdf,yes,comments/A237891-A250773.md
A241109,3 September 2026,papers/1501-2000/1908-PROOF.pdf,yes,comments/A237891-A250773.md
A241110,6 September 2026,papers/4001-4500/4471-PROOF.pdf,yes,comments/A237891-A250773.md
A241115,6 September 2026,papers/5501-6000/5942-PROOF.pdf,yes,comments/A237891-A250773.md
A241125,3 September 2026,papers/2501-3000/2760-PROOF.pdf,yes,comments/A237891-A250773.md
A241126,3 September 2026,papers/1001-1500/1428-PROOF.pdf,yes,comments/A237891-A250773.md
A241133,6 September 2026,papers/8501-9000/8695-PROOF.pdf,yes,comments/A237891-A250773.md
A241134,6 September 2026,papers/5001-5500/5408-PROOF.pdf,yes,comments/A237891-A250773.md
A241249,3 September 2026,papers/1001-1500/1303-PROOF.pdf,yes,comments/A237891-A250773.md
A241278,3 September 2026,papers/1001-1500/1348-PROOF.pdf,yes,comments/A237891-A250773.md
A241301,3 September 2026,papers/2501-3000/2861-PROOF.pdf,yes,comments/A237891-A250773.md
A241323,1 September 2026,papers/2001-2500/2140-PROOF.pdf,yes,comments/A237891-A250773.md
A241324,7 September 2026,papers/6501-7000/6526-PROOF.pdf,yes,comments/A237891-A250773.md
A241329,1 September 2026,papers/2501-3000/2548-PROOF.pdf,yes,comments/A237891-A250773.md
A241330,7 September 2026,papers/7001-7500/7136-PROOF.pdf,yes,comments/A237891-A250773.md
A241345,6 September 2026,papers/7001-7500/7443-PROOF.pdf,yes,comments/A237891-A250773.md
A241346,6 September 2026,papers/4001-4500/4286-PROOF.pdf,yes,comments/A237891-A250773.md
A241351,3 September 2026,papers/1001-1500/1065-PROOF.pdf,yes,comments/A237891-A250773.md
A241364,1 September 2026,papers/2501-3000/2977-PROOF.pdf,yes,comments/A237891-A250773.md
A241365,1 September 2026,papers/2001-2500/2245-PROOF.pdf,yes,comments/A237891-A250773.md
A241366,7 September 2026,papers/5001-5500/5011-PROOF.pdf,yes,comments/A237891-A250773.md
A241371,1 September 2026,papers/3001-3500/3218-PROOF.pdf,yes,comments/A237891-A250773.md
A241372,1 September 2026,papers/2501-3000/2530-PROOF.pdf,yes,comments/A237891-A250773.md
A241373,7 September 2026,papers/5501-6000/5764-PROOF.pdf,yes,comments/A237891-A250773.md
A241392,3 September 2026,papers/1001-1500/1246-PROOF.pdf,yes,comments/A237891-A250773.md
A241429,3 September 2026,papers/1501-2000/1997-PROOF.pdf,yes,comments/A237891-A250773.md
A242172,25 August 2026,papers/9501-10000/9919-PROOF.pdf,yes,comments/A237891-A250773.md
A242429,30 August 2026,papers/9001-9500/9367-PROOF.pdf,yes,comments/A237891-A250773.md
A242566,25 August 2026,papers/9001-9500/9304-PROOF.pdf,yes,comments/A237891-A250773.md
A243022,25 August 2026,papers/9001-9500/9300-PROOF.pdf,yes,comments/A237891-A250773.md
A243585,26 August 2026,papers/9001-9500/9280-PROOF.pdf,yes,comments/A237891-A250773.md
A243760,25 August 2026,papers/9001-9500/9294-PROOF.pdf,yes,comments/A237891-A250773.md
A243764,25 August 2026,papers/9001-9500/9293-PROOF.pdf,yes,comments/A237891-A250773.md
A243814,25 August 2026,papers/9001-9500/9296-PROOF.pdf,yes,comments/A237891-A250773.md
A244886,25 August 2026,papers/9501-10000/9672-PROOF.pdf,yes,comments/A237891-A250773.md
A245088,26 August 2026,papers/10001-10500/10043-PROOF.pdf,yes,comments/A237891-A250773.md
A247170,25 August 2026,papers/9501-10000/9693-PROOF.pdf,yes,comments/A237891-A250773.md
A248434,30 August 2026,papers/10001-10500/10031-PROOF.pdf,yes,comments/A237891-A250773.md
A250426,3 September 2026,papers/7001-7500/7118-PROOF.pdf,yes,comments/A237891-A250773.md
A250427,3 September 2026,papers/6001-6500/6423-PROOF.pdf,yes,comments/A237891-A250773.md
A250428,3 September 2026,papers/5501-6000/5882-PROOF.pdf,yes,comments/A237891-A250773.md
A250429,3 September 2026,papers/5501-6000/5535-PROOF.pdf,yes,comments/A237891-A250773.md
A250430,3 September 2026,papers/5001-5500/5220-PROOF.pdf,yes,comments/A237891-A250773.md
A250431,3 September 2026,papers/4501-5000/4965-PROOF.pdf,yes,comments/A237891-A250773.md
A250437,3 September 2026,papers/5501-6000/5531-PROOF.pdf,yes,comments/A237891-A250773.md
A250438,3 September 2026,papers/4501-5000/4955-PROOF.pdf,yes,comments/A237891-A250773.md
A250439,3 September 2026,papers/4501-5000/4525-PROOF.pdf,yes,comments/A237891-A250773.md
A250440,3 September 2026,papers/4001-4500/4181-PROOF.pdf,yes,comments/A237891-A250773.md
A250441,3 September 2026,papers/3501-4000/3936-PROOF.pdf,yes,comments/A237891-A250773.md
A250442,3 September 2026,papers/3501-4000/3753-PROOF.pdf,yes,comments/A237891-A250773.md
A250447,3 September 2026,papers/8501-9000/8668-PROOF.pdf,yes,comments/A237891-A250773.md
A250448,3 September 2026,papers/7001-7500/7244-PROOF.pdf,yes,comments/A237891-A250773.md
A250449,3 September 2026,papers/5001-5500/5474-PROOF.pdf,yes,comments/A237891-A250773.md
A250451,7 September 2026,papers/3001-3500/3429-PROOF.pdf,yes,comments/A237891-A250773.md
A250455,7 September 2026,papers/3501-4000/3528-PROOF.pdf,yes,comments/A237891-A250773.md
A250461,2 September 2026,papers/9501-10000/9536-PROOF.pdf,yes,comments/A237891-A250773.md
A250462,3 September 2026,papers/8501-9000/8680-PROOF.pdf,yes,comments/A237891-A250773.md
A250463,3 September 2026,papers/7501-8000/7680-PROOF.pdf,yes,comments/A237891-A250773.md
A250464,3 September 2026,papers/6501-7000/6655-PROOF.pdf,yes,comments/A237891-A250773.md
A250465,3 September 2026,papers/5001-5500/5478-PROOF.pdf,yes,comments/A237891-A250773.md
A250466,3 September 2026,papers/4501-5000/4509-PROOF.pdf,yes,comments/A237891-A250773.md
A250467,7 September 2026,papers/3501-4000/3698-PROOF.pdf,yes,comments/A237891-A250773.md
A250497,3 September 2026,papers/4501-5000/4538-PROOF.pdf,yes,comments/A237891-A250773.md
A250512,3 September 2026,papers/8001-8500/8103-PROOF.pdf,yes,comments/A237891-A250773.md
A250513,3 September 2026,papers/6001-6500/6020-PROOF.pdf,yes,comments/A237891-A250773.md
A250521,3 September 2026,papers/7501-8000/7668-PROOF.pdf,yes,comments/A237891-A250773.md
A250522,3 September 2026,papers/7501-8000/7581-PROOF.pdf,yes,comments/A237891-A250773.md
A250523,3 September 2026,papers/7501-8000/7553-PROOF.pdf,yes,comments/A237891-A250773.md
A250524,3 September 2026,papers/7501-8000/7511-PROOF.pdf,yes,comments/A237891-A250773.md
A250525,3 September 2026,papers/7001-7500/7489-PROOF.pdf,yes,comments/A237891-A250773.md
A250526,3 September 2026,papers/7001-7500/7480-PROOF.pdf,yes,comments/A237891-A250773.md
A250529,3 September 2026,papers/6001-6500/6494-PROOF.pdf,yes,comments/A237891-A250773.md
A250530,3 September 2026,papers/5001-5500/5187-PROOF.pdf,yes,comments/A237891-A250773.md
A250538,3 September 2026,papers/6001-6500/6432-PROOF.pdf,yes,comments/A237891-A250773.md
A250539,3 September 2026,papers/6001-6500/6376-PROOF.pdf,yes,comments/A237891-A250773.md
A250540,3 September 2026,papers/6001-6500/6345-PROOF.pdf,yes,comments/A237891-A250773.md
A250541,3 September 2026,papers/6001-6500/6330-PROOF.pdf,yes,comments/A237891-A250773.md
A250542,3 September 2026,papers/6001-6500/6317-PROOF.pdf,yes,comments/A237891-A250773.md
A250568,3 September 2026,papers/4001-4500/4139-PROOF.pdf,yes,comments/A237891-A250773.md
A250576,3 September 2026,papers/8501-9000/8980-PROOF.pdf,yes,comments/A237891-A250773.md
A250577,3 September 2026,papers/8501-9000/8681-PROOF.pdf,yes,comments/A237891-A250773.md
A250578,3 September 2026,papers/7501-8000/7885-PROOF.pdf,yes,comments/A237891-A250773.md
A250579,3 September 2026,papers/7501-8000/7661-PROOF.pdf,yes,comments/A237891-A250773.md
A250580,3 September 2026,papers/7001-7500/7055-PROOF.pdf,yes,comments/A237891-A250773.md
A250581,3 September 2026,papers/7001-7500/7034-PROOF.pdf,yes,comments/A237891-A250773.md
A250582,3 September 2026,papers/6501-7000/6568-PROOF.pdf,yes,comments/A237891-A250773.md
A250585,3 September 2026,papers/7501-8000/7694-PROOF.pdf,yes,comments/A237891-A250773.md
A250586,3 September 2026,papers/6501-7000/6942-PROOF.pdf,yes,comments/A237891-A250773.md
A250587,3 September 2026,papers/5001-5500/5396-PROOF.pdf,yes,comments/A237891-A250773.md
A250588,3 September 2026,papers/4501-5000/4918-PROOF.pdf,yes,comments/A237891-A250773.md
A250589,3 September 2026,papers/4001-4500/4147-PROOF.pdf,yes,comments/A237891-A250773.md
A250594,3 September 2026,papers/4001-4500/4033-PROOF.pdf,yes,comments/A237891-A250773.md
A250605,3 September 2026,papers/8501-9000/8959-PROOF.pdf,yes,comments/A237891-A250773.md
A250606,3 September 2026,papers/8501-9000/8904-PROOF.pdf,yes,comments/A237891-A250773.md
A250607,3 September 2026,papers/8501-9000/8856-PROOF.pdf,yes,comments/A237891-A250773.md
A250608,3 September 2026,papers/8501-9000/8814-PROOF.pdf,yes,comments/A237891-A250773.md
A250609,3 September 2026,papers/8501-9000/8776-PROOF.pdf,yes,comments/A237891-A250773.md
A250610,2 September 2026,papers/9001-9500/9464-PROOF.pdf,yes,comments/A237891-A250773.md
A250613,3 September 2026,papers/6501-7000/6895-PROOF.pdf,yes,comments/A237891-A250773.md
A250614,3 September 2026,papers/4501-5000/4591-PROOF.pdf,yes,comments/A237891-A250773.md
A250625,3 September 2026,papers/7501-8000/7695-PROOF.pdf,yes,comments/A237891-A250773.md
A250626,3 September 2026,papers/6501-7000/6807-PROOF.pdf,yes,comments/A237891-A250773.md
A250627,3 September 2026,papers/5501-6000/5892-PROOF.pdf,yes,comments/A237891-A250773.md
A250628,3 September 2026,papers/5501-6000/5795-PROOF.pdf,yes,comments/A237891-A250773.md
A250629,3 September 2026,papers/5501-6000/5688-PROOF.pdf,yes,comments/A237891-A250773.md
A250630,3 September 2026,papers/5001-5500/5430-PROOF.pdf,yes,comments/A237891-A250773.md
A250631,3 September 2026,papers/5001-5500/5202-PROOF.pdf,yes,comments/A237891-A250773.md
A250633,3 September 2026,papers/7501-8000/7897-PROOF.pdf,yes,comments/A237891-A250773.md
A250634,3 September 2026,papers/6501-7000/6943-PROOF.pdf,yes,comments/A237891-A250773.md
A250635,3 September 2026,papers/5001-5500/5397-PROOF.pdf,yes,comments/A237891-A250773.md
A250636,3 September 2026,papers/4501-5000/4919-PROOF.pdf,yes,comments/A237891-A250773.md
A250637,3 September 2026,papers/4001-4500/4148-PROOF.pdf,yes,comments/A237891-A250773.md
A250654,6 September 2026,papers/3001-3500/3332-PROOF.pdf,yes,comments/A237891-A250773.md
A250655,6 September 2026,papers/3001-3500/3322-PROOF.pdf,yes,comments/A237891-A250773.md
A250658,6 September 2026,papers/3001-3500/3232-PROOF.pdf,yes,comments/A237891-A250773.md
A250659,6 September 2026,papers/3001-3500/3215-PROOF.pdf,yes,comments/A237891-A250773.md
A250660,6 September 2026,papers/3001-3500/3194-PROOF.pdf,yes,comments/A237891-A250773.md
A250661,6 September 2026,papers/3001-3500/3178-PROOF.pdf,yes,comments/A237891-A250773.md
A250669,3 September 2026,papers/8001-8500/8104-PROOF.pdf,yes,comments/A237891-A250773.md
A250670,3 September 2026,papers/5501-6000/5904-PROOF.pdf,yes,comments/A237891-A250773.md
A250671,3 September 2026,papers/4501-5000/4801-PROOF.pdf,yes,comments/A237891-A250773.md
A250677,3 September 2026,papers/8001-8500/8105-PROOF.pdf,yes,comments/A237891-A250773.md
A250678,3 September 2026,papers/5501-6000/5905-PROOF.pdf,yes,comments/A237891-A250773.md
A250685,3 September 2026,papers/6501-7000/6904-PROOF.pdf,yes,comments/A237891-A250773.md
A250686,3 September 2026,papers/6501-7000/6869-PROOF.pdf,yes,comments/A237891-A250773.md
A250687,3 September 2026,papers/6501-7000/6847-PROOF.pdf,yes,comments/A237891-A250773.md
A250688,3 September 2026,papers/6501-7000/6831-PROOF.pdf,yes,comments/A237891-A250773.md
A250689,3 September 2026,papers/6501-7000/6823-PROOF.pdf,yes,comments/A237891-A250773.md
A250692,3 September 2026,papers/8001-8500/8106-PROOF.pdf,yes,comments/A237891-A250773.md
A250693,3 September 2026,papers/7001-7500/7363-PROOF.pdf,yes,comments/A237891-A250773.md
A250694,3 September 2026,papers/6001-6500/6377-PROOF.pdf,yes,comments/A237891-A250773.md
A250695,3 September 2026,papers/6001-6500/6346-PROOF.pdf,yes,comments/A237891-A250773.md
A250696,3 September 2026,papers/6001-6500/6331-PROOF.pdf,yes,comments/A237891-A250773.md
A250697,3 September 2026,papers/6001-6500/6318-PROOF.pdf,yes,comments/A237891-A250773.md
A250700,3 September 2026,papers/6001-6500/6495-PROOF.pdf,yes,comments/A237891-A250773.md
A250701,3 September 2026,papers/5001-5500/5123-PROOF.pdf,yes,comments/A237891-A250773.md
A250702,3 September 2026,papers/4001-4500/4412-PROOF.pdf,yes,comments/A237891-A250773.md
A250703,3 September 2026,papers/4001-4500/4442-PROOF.pdf,yes,comments/A237891-A250773.md
A250704,3 September 2026,papers/4001-4500/4255-PROOF.pdf,yes,comments/A237891-A250773.md
A250705,3 September 2026,papers/4001-4500/4179-PROOF.pdf,yes,comments/A237891-A250773.md
A250708,3 September 2026,papers/6001-6500/6496-PROOF.pdf,yes,comments/A237891-A250773.md
A250709,3 September 2026,papers/5001-5500/5188-PROOF.pdf,yes,comments/A237891-A250773.md
A250723,3 September 2026,papers/8001-8500/8433-PROOF.pdf,yes,comments/A237891-A250773.md
A250724,3 September 2026,papers/8001-8500/8391-PROOF.pdf,yes,comments/A237891-A250773.md
A250725,3 September 2026,papers/8001-8500/8081-PROOF.pdf,yes,comments/A237891-A250773.md
A250726,3 September 2026,papers/7501-8000/7830-PROOF.pdf,yes,comments/A237891-A250773.md
A250727,3 September 2026,papers/7501-8000/7564-PROOF.pdf,yes,comments/A237891-A250773.md
A250728,3 September 2026,papers/7001-7500/7313-PROOF.pdf,yes,comments/A237891-A250773.md
A250730,3 September 2026,papers/8501-9000/8981-PROOF.pdf,yes,comments/A237891-A250773.md
A250731,3 September 2026,papers/9001-9500/9187-PROOF.pdf,yes,comments/A237891-A250773.md
A250732,3 September 2026,papers/8001-8500/8107-PROOF.pdf,yes,comments/A237891-A250773.md
A250733,3 September 2026,papers/8001-8500/8082-PROOF.pdf,yes,comments/A237891-A250773.md
A250734,3 September 2026,papers/7501-8000/7594-PROOF.pdf,yes,comments/A237891-A250773.md
A250735,3 September 2026,papers/7001-7500/7186-PROOF.pdf,yes,comments/A237891-A250773.md
A250736,3 September 2026,papers/6501-7000/6719-PROOF.pdf,yes,comments/A237891-A250773.md
A250737,6 September 2026,papers/3001-3500/3364-PROOF.pdf,yes,comments/A237891-A250773.md
A250738,6 September 2026,papers/3001-3500/3349-PROOF.pdf,yes,comments/A237891-A250773.md
A250739,6 September 2026,papers/3001-3500/3343-PROOF.pdf,yes,comments/A237891-A250773.md
A250740,6 September 2026,papers/3001-3500/3333-PROOF.pdf,yes,comments/A237891-A250773.md
A250741,6 September 2026,papers/3001-3500/3323-PROOF.pdf,yes,comments/A237891-A250773.md
A250749,6 September 2026,papers/3001-3500/3237-PROOF.pdf,yes,comments/A237891-A250773.md
A250750,6 September 2026,papers/3001-3500/3208-PROOF.pdf,yes,comments/A237891-A250773.md
A250751,6 September 2026,papers/3001-3500/3182-PROOF.pdf,yes,comments/A237891-A250773.md
A250752,6 September 2026,papers/3001-3500/3166-PROOF.pdf,yes,comments/A237891-A250773.md
A250753,6 September 2026,papers/3001-3500/3146-PROOF.pdf,yes,comments/A237891-A250773.md
A250754,6 September 2026,papers/3001-3500/3134-PROOF.pdf,yes,comments/A237891-A250773.md
A250756,6 September 2026,papers/3001-3500/3274-PROOF.pdf,yes,comments/A237891-A250773.md
A250757,6 September 2026,papers/3001-3500/3238-PROOF.pdf,yes,comments/A237891-A250773.md
A250758,6 September 2026,papers/3001-3500/3209-PROOF.pdf,yes,comments/A237891-A250773.md
A250759,6 September 2026,papers/3001-3500/3183-PROOF.pdf,yes,comments/A237891-A250773.md
A250760,6 September 2026,papers/3001-3500/3167-PROOF.pdf,yes,comments/A237891-A250773.md
A250761,6 September 2026,papers/3001-3500/3147-PROOF.pdf,yes,comments/A237891-A250773.md
A250762,6 September 2026,papers/3001-3500/3135-PROOF.pdf,yes,comments/A237891-A250773.md
A250764,6 September 2026,papers/3001-3500/3256-PROOF.pdf,yes,comments/A237891-A250773.md
A250765,6 September 2026,papers/3001-3500/3233-PROOF.pdf,yes,comments/A237891-A250773.md
A250766,6 September 2026,papers/3001-3500/3216-PROOF.pdf,yes,comments/A237891-A250773.md
A250767,6 September 2026,papers/3001-3500/3195-PROOF.pdf,yes,comments/A237891-A250773.md
A250768,6 September 2026,papers/3001-3500/3179-PROOF.pdf,yes,comments/A237891-A250773.md
A250770,6 September 2026,papers/3001-3500/3280-PROOF.pdf,yes,comments/A237891-A250773.md
A250771,6 September 2026,papers/3001-3500/3077-PROOF.pdf,yes,comments/A237891-A250773.md
A250772,6 September 2026,papers/3001-3500/3041-PROOF.pdf,yes,comments/A237891-A250773.md
A250773,6 September 2026,papers/3001-3500/3006-PROOF.pdf,yes,comments/A237891-A250773.md
A250774,6 September 2026,papers/2501-3000/2969-PROOF.pdf,yes,comments/A250774-A251676.md
A250775,6 September 2026,papers/2501-3000/2944-PROOF.pdf,yes,comments/A250774-A251676.md
A250777,6 September 2026,papers/3001-3500/3385-PROOF.pdf,yes,comments/A250774-A251676.md
A250778,2 September 2026,papers/9501-10000/9537-PROOF.pdf,yes,comments/A250774-A251676.md
A250779,2 September 2026,papers/9001-9500/9419-PROOF.pdf,yes,comments/A250774-A251676.md
A250780,2 September 2026,papers/9001-9500/9397-PROOF.pdf,yes,comments/A250774-A251676.md
A250781,2 September 2026,papers/9001-9500/9379-PROOF.pdf,yes,comments/A250774-A251676.md
A250782,2 September 2026,papers/9001-9500/9377-PROOF.pdf,yes,comments/A250774-A251676.md
A250784,2 September 2026,papers/9001-9500/9465-PROOF.pdf,yes,comments/A250774-A251676.md
A250785,3 September 2026,papers/8501-9000/8618-PROOF.pdf,yes,comments/A250774-A251676.md
A250786,3 September 2026,papers/8001-8500/8083-PROOF.pdf,yes,comments/A250774-A251676.md
A250787,3 September 2026,papers/7501-8000/7831-PROOF.pdf,yes,comments/A250774-A251676.md
A250788,3 September 2026,papers/7501-8000/7565-PROOF.pdf,yes,comments/A250774-A251676.md
A250789,3 September 2026,papers/7001-7500/7314-PROOF.pdf,yes,comments/A250774-A251676.md
A250791,2 September 2026,papers/9001-9500/9466-PROOF.pdf,yes,comments/A250774-A251676.md
A250792,2 September 2026,papers/9001-9500/9420-PROOF.pdf,yes,comments/A250774-A251676.md
A250793,3 September 2026,papers/8001-8500/8084-PROOF.pdf,yes,comments/A250774-A251676.md
A250794,3 September 2026,papers/7501-8000/7595-PROOF.pdf,yes,comments/A250774-A251676.md
A250795,3 September 2026,papers/7001-7500/7187-PROOF.pdf,yes,comments/A250774-A251676.md
A250796,3 September 2026,papers/6501-7000/6870-PROOF.pdf,yes,comments/A250774-A251676.md
A250798,3 September 2026,papers/9001-9500/9195-PROOF.pdf,yes,comments/A250774-A251676.md
A250799,3 September 2026,papers/8501-9000/8960-PROOF.pdf,yes,comments/A250774-A251676.md
A250800,3 September 2026,papers/8501-9000/8619-PROOF.pdf,yes,comments/A250774-A251676.md
A250801,3 September 2026,papers/7501-8000/7875-PROOF.pdf,yes,comments/A250774-A251676.md
A250802,3 September 2026,papers/7501-8000/7596-PROOF.pdf,yes,comments/A250774-A251676.md
A250803,3 September 2026,papers/7001-7500/7035-PROOF.pdf,yes,comments/A250774-A251676.md
A250804,3 September 2026,papers/6501-7000/6871-PROOF.pdf,yes,comments/A250774-A251676.md
A250806,6 September 2026,papers/3001-3500/3239-PROOF.pdf,yes,comments/A250774-A251676.md
A250807,6 September 2026,papers/3001-3500/3210-PROOF.pdf,yes,comments/A250774-A251676.md
A250808,6 September 2026,papers/3001-3500/3184-PROOF.pdf,yes,comments/A250774-A251676.md
A250809,6 September 2026,papers/3001-3500/3168-PROOF.pdf,yes,comments/A250774-A251676.md
A250810,6 September 2026,papers/3001-3500/3148-PROOF.pdf,yes,comments/A250774-A251676.md
A250811,6 September 2026,papers/3001-3500/3136-PROOF.pdf,yes,comments/A250774-A251676.md
A250813,6 September 2026,papers/2501-3000/2869-PROOF.pdf,yes,comments/A250774-A251676.md
A250814,6 September 2026,papers/2501-3000/2814-PROOF.pdf,yes,comments/A250774-A251676.md
A250815,6 September 2026,papers/2501-3000/2777-PROOF.pdf,yes,comments/A250774-A251676.md
A250816,6 September 2026,papers/2501-3000/2737-PROOF.pdf,yes,comments/A250774-A251676.md
A250817,6 September 2026,papers/2501-3000/2717-PROOF.pdf,yes,comments/A250774-A251676.md
A250818,6 September 2026,papers/2501-3000/2701-PROOF.pdf,yes,comments/A250774-A251676.md
A250819,6 September 2026,papers/2501-3000/2692-PROOF.pdf,yes,comments/A250774-A251676.md
A250820,3 September 2026,papers/7001-7500/7301-PROOF.pdf,yes,comments/A250774-A251676.md
A250821,3 September 2026,papers/5001-5500/5155-PROOF.pdf,yes,comments/A250774-A251676.md
A250827,3 September 2026,papers/4001-4500/4403-PROOF.pdf,yes,comments/A250774-A251676.md
A250834,31 August 2026,papers/8501-9000/8951-PROOF.pdf,yes,comments/A250774-A251676.md
A250835,31 August 2026,papers/7001-7500/7426-PROOF.pdf,yes,comments/A250774-A251676.md
A250836,31 August 2026,papers/5001-5500/5475-PROOF.pdf,yes,comments/A250774-A251676.md
A250837,2 September 2026,papers/0001-0500/0215-PROOF.pdf,yes,comments/A250774-A251676.md
A250841,1 September 2026,papers/3001-3500/3109-PROOF.pdf,yes,comments/A250774-A251676.md
A250847,6 September 2026,papers/3001-3500/3007-PROOF.pdf,yes,comments/A250774-A251676.md
A250848,6 September 2026,papers/2501-3000/2945-PROOF.pdf,yes,comments/A250774-A251676.md
A250849,6 September 2026,papers/2501-3000/2915-PROOF.pdf,yes,comments/A250774-A251676.md
A250850,6 September 2026,papers/2501-3000/2903-PROOF.pdf,yes,comments/A250774-A251676.md
A250851,6 September 2026,papers/2501-3000/2896-PROOF.pdf,yes,comments/A250774-A251676.md
A250854,6 September 2026,papers/2001-2500/2434-PROOF.pdf,yes,comments/A250774-A251676.md
A250855,6 September 2026,papers/2001-2500/2401-PROOF.pdf,yes,comments/A250774-A251676.md
A250856,6 September 2026,papers/2001-2500/2378-PROOF.pdf,yes,comments/A250774-A251676.md
A250857,6 September 2026,papers/2001-2500/2365-PROOF.pdf,yes,comments/A250774-A251676.md
A250870,6 September 2026,papers/3001-3500/3257-PROOF.pdf,yes,comments/A250774-A251676.md
A250871,6 September 2026,papers/3001-3500/3008-PROOF.pdf,yes,comments/A250774-A251676.md
A250872,6 September 2026,papers/2501-3000/2946-PROOF.pdf,yes,comments/A250774-A251676.md
A250873,6 September 2026,papers/2501-3000/2916-PROOF.pdf,yes,comments/A250774-A251676.md
A250874,6 September 2026,papers/2501-3000/2904-PROOF.pdf,yes,comments/A250774-A251676.md
A250875,6 September 2026,papers/2501-3000/2897-PROOF.pdf,yes,comments/A250774-A251676.md
A250878,6 September 2026,papers/3001-3500/3078-PROOF.pdf,yes,comments/A250774-A251676.md
A250879,6 September 2026,papers/3001-3500/3009-PROOF.pdf,yes,comments/A250774-A251676.md
A250880,6 September 2026,papers/2501-3000/2947-PROOF.pdf,yes,comments/A250774-A251676.md
A250881,6 September 2026,papers/2501-3000/2917-PROOF.pdf,yes,comments/A250774-A251676.md
A250882,6 September 2026,papers/2501-3000/2905-PROOF.pdf,yes,comments/A250774-A251676.md
A250891,3 September 2026,papers/8501-9000/8952-PROOF.pdf,yes,comments/A250774-A251676.md
A250892,2 September 2026,papers/9001-9500/9387-PROOF.pdf,yes,comments/A250774-A251676.md
A250893,2 September 2026,papers/9001-9500/9388-PROOF.pdf,yes,comments/A250774-A251676.md
A250894,2 September 2026,papers/9001-9500/9389-PROOF.pdf,yes,comments/A250774-A251676.md
A250895,2 September 2026,papers/9001-9500/9390-PROOF.pdf,yes,comments/A250774-A251676.md
A250896,2 September 2026,papers/9001-9500/9391-PROOF.pdf,yes,comments/A250774-A251676.md
A250897,2 September 2026,papers/9001-9500/9392-PROOF.pdf,yes,comments/A250774-A251676.md
A250899,2 September 2026,papers/9001-9500/9421-PROOF.pdf,yes,comments/A250774-A251676.md
A250900,2 September 2026,papers/9001-9500/9404-PROOF.pdf,yes,comments/A250774-A251676.md
A250901,3 September 2026,papers/7501-8000/7582-PROOF.pdf,yes,comments/A250774-A251676.md
A250902,3 September 2026,papers/7501-8000/7554-PROOF.pdf,yes,comments/A250774-A251676.md
A250903,3 September 2026,papers/7501-8000/7512-PROOF.pdf,yes,comments/A250774-A251676.md
A250904,3 September 2026,papers/7001-7500/7490-PROOF.pdf,yes,comments/A250774-A251676.md
A250905,3 September 2026,papers/7001-7500/7481-PROOF.pdf,yes,comments/A250774-A251676.md
A250907,31 August 2026,papers/9001-9500/9130-PROOF.pdf,yes,comments/A250774-A251676.md
A250908,31 August 2026,papers/8001-8500/8034-PROOF.pdf,yes,comments/A250774-A251676.md
A250909,31 August 2026,papers/6501-7000/6881-PROOF.pdf,yes,comments/A250774-A251676.md
A250910,31 August 2026,papers/5001-5500/5096-PROOF.pdf,yes,comments/A250774-A251676.md
A250913,1 September 2026,papers/3001-3500/3240-PROOF.pdf,yes,comments/A250774-A251676.md
A250920,31 August 2026,papers/8501-9000/8669-PROOF.pdf,yes,comments/A250774-A251676.md
A250921,31 August 2026,papers/6501-7000/6944-PROOF.pdf,yes,comments/A250774-A251676.md
A250922,31 August 2026,papers/5001-5500/5055-PROOF.pdf,yes,comments/A250774-A251676.md
A250923,2 September 2026,papers/0001-0500/0181-PROOF.pdf,yes,comments/A250774-A251676.md
A250927,1 September 2026,papers/2501-3000/2870-PROOF.pdf,yes,comments/A250774-A251676.md
A250928,31 August 2026,papers/8501-9000/8905-PROOF.pdf,yes,comments/A250774-A251676.md
A250929,31 August 2026,papers/6001-6500/6433-PROOF.pdf,yes,comments/A250774-A251676.md
A250930,2 September 2026,papers/0001-0500/0231-PROOF.pdf,yes,comments/A250774-A251676.md
A250935,1 September 2026,papers/3001-3500/3079-PROOF.pdf,yes,comments/A250774-A251676.md
A250936,3 September 2026,papers/8001-8500/8092-PROOF.pdf,yes,comments/A250774-A251676.md
A250937,3 September 2026,papers/6501-7000/6599-PROOF.pdf,yes,comments/A250774-A251676.md
A250938,3 September 2026,papers/5501-6000/5796-PROOF.pdf,yes,comments/A250774-A251676.md
A250939,3 September 2026,papers/5001-5500/5298-PROOF.pdf,yes,comments/A250774-A251676.md
A250940,3 September 2026,papers/4501-5000/4896-PROOF.pdf,yes,comments/A250774-A251676.md
A250941,3 September 2026,papers/4501-5000/4577-PROOF.pdf,yes,comments/A250774-A251676.md
A250943,3 September 2026,papers/8501-9000/8670-PROOF.pdf,yes,comments/A250774-A251676.md
A250944,3 September 2026,papers/7001-7500/7245-PROOF.pdf,yes,comments/A250774-A251676.md
A250945,3 September 2026,papers/5501-6000/5814-PROOF.pdf,yes,comments/A250774-A251676.md
A250946,3 September 2026,papers/4501-5000/4639-PROOF.pdf,yes,comments/A250774-A251676.md
A250947,7 September 2026,papers/3501-4000/3857-PROOF.pdf,yes,comments/A250774-A251676.md
A250951,31 August 2026,papers/9001-9500/9151-PROOF.pdf,yes,comments/A250774-A251676.md
A250952,31 August 2026,papers/8501-9000/8857-PROOF.pdf,yes,comments/A250774-A251676.md
A250953,31 August 2026,papers/8001-8500/8047-PROOF.pdf,yes,comments/A250774-A251676.md
A250954,31 August 2026,papers/7501-8000/7566-PROOF.pdf,yes,comments/A250774-A251676.md
A250955,31 August 2026,papers/6001-6500/6378-PROOF.pdf,yes,comments/A250774-A251676.md
A250956,1 September 2026,papers/3001-3500/3042-PROOF.pdf,yes,comments/A250774-A251676.md
A250958,31 August 2026,papers/8001-8500/8108-PROOF.pdf,yes,comments/A250774-A251676.md
A250959,31 August 2026,papers/5001-5500/5479-PROOF.pdf,yes,comments/A250774-A251676.md
A250960,2 September 2026,papers/0001-0500/0194-PROOF.pdf,yes,comments/A250774-A251676.md
A250965,2 September 2026,papers/0001-0500/0195-PROOF.pdf,yes,comments/A250774-A251676.md
A250967,31 August 2026,papers/8501-9000/8682-PROOF.pdf,yes,comments/A250774-A251676.md
A250968,31 August 2026,papers/7501-8000/7681-PROOF.pdf,yes,comments/A250774-A251676.md
A250969,31 August 2026,papers/6001-6500/6303-PROOF.pdf,yes,comments/A250774-A251676.md
A250970,31 August 2026,papers/5001-5500/5057-PROOF.pdf,yes,comments/A250774-A251676.md
A250973,1 September 2026,papers/2501-3000/2882-PROOF.pdf,yes,comments/A250774-A251676.md
A250975,31 August 2026,papers/8501-9000/8671-PROOF.pdf,yes,comments/A250774-A251676.md
A250976,31 August 2026,papers/6501-7000/6808-PROOF.pdf,yes,comments/A250774-A251676.md
A250977,31 August 2026,papers/4501-5000/4875-PROOF.pdf,yes,comments/A250774-A251676.md
A250978,2 September 2026,papers/0001-0500/0142-PROOF.pdf,yes,comments/A250774-A251676.md
A250982,1 September 2026,papers/2501-3000/2871-PROOF.pdf,yes,comments/A250774-A251676.md
A250987,3 September 2026,papers/8001-8500/8422-PROOF.pdf,yes,comments/A250774-A251676.md
A250988,3 September 2026,papers/7001-7500/7123-PROOF.pdf,yes,comments/A250774-A251676.md
A250989,3 September 2026,papers/5501-6000/5893-PROOF.pdf,yes,comments/A250774-A251676.md
A250990,3 September 2026,papers/4501-5000/4920-PROOF.pdf,yes,comments/A250774-A251676.md
A250991,7 September 2026,papers/4001-4500/4088-PROOF.pdf,yes,comments/A250774-A251676.md
A250992,7 September 2026,papers/3501-4000/3572-PROOF.pdf,yes,comments/A250774-A251676.md
A250995,3 September 2026,papers/8001-8500/8124-PROOF.pdf,yes,comments/A250774-A251676.md
A250996,3 September 2026,papers/6501-7000/6809-PROOF.pdf,yes,comments/A250774-A251676.md
A250997,3 September 2026,papers/5501-6000/5639-PROOF.pdf,yes,comments/A250774-A251676.md
A250998,3 September 2026,papers/4501-5000/4868-PROOF.pdf,yes,comments/A250774-A251676.md
A250999,3 September 2026,papers/4001-4500/4401-PROOF.pdf,yes,comments/A250774-A251676.md
A251000,3 September 2026,papers/4001-4500/4006-PROOF.pdf,yes,comments/A250774-A251676.md
A251003,31 August 2026,papers/8501-9000/8672-PROOF.pdf,yes,comments/A250774-A251676.md
A251004,31 August 2026,papers/6501-7000/6945-PROOF.pdf,yes,comments/A250774-A251676.md
A251005,31 August 2026,papers/5001-5500/5056-PROOF.pdf,yes,comments/A250774-A251676.md
A251006,2 September 2026,papers/0001-0500/0162-PROOF.pdf,yes,comments/A250774-A251676.md
A251010,1 September 2026,papers/2501-3000/2872-PROOF.pdf,yes,comments/A250774-A251676.md
A251012,31 August 2026,papers/8501-9000/8673-PROOF.pdf,yes,comments/A250774-A251676.md
A251013,31 August 2026,papers/6501-7000/6810-PROOF.pdf,yes,comments/A250774-A251676.md
A251014,31 August 2026,papers/4501-5000/4876-PROOF.pdf,yes,comments/A250774-A251676.md
A251015,2 September 2026,papers/0001-0500/0152-PROOF.pdf,yes,comments/A250774-A251676.md
A251019,1 September 2026,papers/2501-3000/2873-PROOF.pdf,yes,comments/A250774-A251676.md
A251021,31 August 2026,papers/7501-8000/7886-PROOF.pdf,yes,comments/A250774-A251676.md
A251022,31 August 2026,papers/7501-8000/7597-PROOF.pdf,yes,comments/A250774-A251676.md
A251023,31 August 2026,papers/7501-8000/7540-PROOF.pdf,yes,comments/A250774-A251676.md
A251024,31 August 2026,papers/7001-7500/7494-PROOF.pdf,yes,comments/A250774-A251676.md
A251025,31 August 2026,papers/7001-7500/7483-PROOF.pdf,yes,comments/A250774-A251676.md
A251026,31 August 2026,papers/7001-7500/7467-PROOF.pdf,yes,comments/A250774-A251676.md
A251027,7 September 2026,papers/7001-7500/7462-PROOF.pdf,yes,comments/A250774-A251676.md
A251028,1 September 2026,papers/2001-2500/2343-PROOF.pdf,yes,comments/A250774-A251676.md
A251030,3 September 2026,papers/7001-7500/7126-PROOF.pdf,yes,comments/A250774-A251676.md
A251031,3 September 2026,papers/5001-5500/5255-PROOF.pdf,yes,comments/A250774-A251676.md
A251038,3 September 2026,papers/6501-7000/6949-PROOF.pdf,yes,comments/A250774-A251676.md
A251039,3 September 2026,papers/4501-5000/4993-PROOF.pdf,yes,comments/A250774-A251676.md
A251040,7 September 2026,papers/3501-4000/3860-PROOF.pdf,yes,comments/A250774-A251676.md
A251048,31 August 2026,papers/7501-8000/7887-PROOF.pdf,yes,comments/A250774-A251676.md
A251049,31 August 2026,papers/7501-8000/7598-PROOF.pdf,yes,comments/A250774-A251676.md
A251050,31 August 2026,papers/7501-8000/7541-PROOF.pdf,yes,comments/A250774-A251676.md
A251051,31 August 2026,papers/7001-7500/7495-PROOF.pdf,yes,comments/A250774-A251676.md
A251052,31 August 2026,papers/7001-7500/7484-PROOF.pdf,yes,comments/A250774-A251676.md
A251053,31 August 2026,papers/7001-7500/7468-PROOF.pdf,yes,comments/A250774-A251676.md
A251054,7 September 2026,papers/7001-7500/7463-PROOF.pdf,yes,comments/A250774-A251676.md
A251055,1 September 2026,papers/2001-2500/2344-PROOF.pdf,yes,comments/A250774-A251676.md
A251059,31 August 2026,papers/7001-7500/7246-PROOF.pdf,yes,comments/A250774-A251676.md
A251060,31 August 2026,papers/4501-5000/4607-PROOF.pdf,yes,comments/A250774-A251676.md
A251065,1 September 2026,papers/2501-3000/2874-PROOF.pdf,yes,comments/A250774-A251676.md
A251066,31 August 2026,papers/7001-7500/7124-PROOF.pdf,yes,comments/A250774-A251676.md
A251067,31 August 2026,papers/5501-6000/5815-PROOF.pdf,yes,comments/A250774-A251676.md
A251068,31 August 2026,papers/5001-5500/5318-PROOF.pdf,yes,comments/A250774-A251676.md
A251069,31 August 2026,papers/4501-5000/4905-PROOF.pdf,yes,comments/A250774-A251676.md
A251070,31 August 2026,papers/4501-5000/4581-PROOF.pdf,yes,comments/A250774-A251676.md
A251081,31 August 2026,papers/8001-8500/8423-PROOF.pdf,yes,comments/A250774-A251676.md
A251082,31 August 2026,papers/8001-8500/8093-PROOF.pdf,yes,comments/A250774-A251676.md
A251083,31 August 2026,papers/8001-8500/8035-PROOF.pdf,yes,comments/A250774-A251676.md
A251084,31 August 2026,papers/8001-8500/8010-PROOF.pdf,yes,comments/A250774-A251676.md
A251085,31 August 2026,papers/7501-8000/7960-PROOF.pdf,yes,comments/A250774-A251676.md
A251086,31 August 2026,papers/7501-8000/7935-PROOF.pdf,yes,comments/A250774-A251676.md
A251087,31 August 2026,papers/7501-8000/7919-PROOF.pdf,yes,comments/A250774-A251676.md
A251088,1 September 2026,papers/2001-2500/2357-PROOF.pdf,yes,comments/A250774-A251676.md
A251094,31 August 2026,papers/8501-9000/8961-PROOF.pdf,yes,comments/A250774-A251676.md
A251095,31 August 2026,papers/7501-8000/7682-PROOF.pdf,yes,comments/A250774-A251676.md
A251096,31 August 2026,papers/6001-6500/6304-PROOF.pdf,yes,comments/A250774-A251676.md
A251097,31 August 2026,papers/5001-5500/5058-PROOF.pdf,yes,comments/A250774-A251676.md
A251100,1 September 2026,papers/3001-3500/3112-PROOF.pdf,yes,comments/A250774-A251676.md
A251106,31 August 2026,papers/8001-8500/8125-PROOF.pdf,yes,comments/A250774-A251676.md
A251108,31 August 2026,papers/5001-5500/5398-PROOF.pdf,yes,comments/A250774-A251676.md
A251109,31 August 2026,papers/4001-4500/4077-PROOF.pdf,yes,comments/A250774-A251676.md
A251113,1 September 2026,papers/2001-2500/2475-PROOF.pdf,yes,comments/A250774-A251676.md
A251114,3 September 2026,papers/5001-5500/5381-PROOF.pdf,yes,comments/A250774-A251676.md
A251122,31 August 2026,papers/8501-9000/8683-PROOF.pdf,yes,comments/A250774-A251676.md
A251123,31 August 2026,papers/8501-9000/8620-PROOF.pdf,yes,comments/A250774-A251676.md
A251124,31 August 2026,papers/8501-9000/8590-PROOF.pdf,yes,comments/A250774-A251676.md
A251125,31 August 2026,papers/8501-9000/8551-PROOF.pdf,yes,comments/A250774-A251676.md
A251126,31 August 2026,papers/8501-9000/8516-PROOF.pdf,yes,comments/A250774-A251676.md
A251127,31 August 2026,papers/8001-8500/8496-PROOF.pdf,yes,comments/A250774-A251676.md
A251128,1 September 2026,papers/2501-3000/2735-PROOF.pdf,yes,comments/A250774-A251676.md
A251130,31 August 2026,papers/8001-8500/8424-PROOF.pdf,yes,comments/A250774-A251676.md
A251131,31 August 2026,papers/8001-8500/8094-PROOF.pdf,yes,comments/A250774-A251676.md
A251132,31 August 2026,papers/8001-8500/8036-PROOF.pdf,yes,comments/A250774-A251676.md
A251133,31 August 2026,papers/8001-8500/8011-PROOF.pdf,yes,comments/A250774-A251676.md
A251134,31 August 2026,papers/7501-8000/7961-PROOF.pdf,yes,comments/A250774-A251676.md
A251135,31 August 2026,papers/7501-8000/7936-PROOF.pdf,yes,comments/A250774-A251676.md
A251136,31 August 2026,papers/7501-8000/7920-PROOF.pdf,yes,comments/A250774-A251676.md
A251137,1 September 2026,papers/2001-2500/2358-PROOF.pdf,yes,comments/A250774-A251676.md
A251143,31 August 2026,papers/8501-9000/8595-PROOF.pdf,yes,comments/A250774-A251676.md
A251144,31 August 2026,papers/8501-9000/8534-PROOF.pdf,yes,comments/A250774-A251676.md
A251145,31 August 2026,papers/8501-9000/8510-PROOF.pdf,yes,comments/A250774-A251676.md
A251146,31 August 2026,papers/8001-8500/8473-PROOF.pdf,yes,comments/A250774-A251676.md
A251147,31 August 2026,papers/8001-8500/8460-PROOF.pdf,yes,comments/A250774-A251676.md
A251148,31 August 2026,papers/8001-8500/8453-PROOF.pdf,yes,comments/A250774-A251676.md
A251151,31 August 2026,papers/8001-8500/8425-PROOF.pdf,yes,comments/A250774-A251676.md
A251152,31 August 2026,papers/6001-6500/6489-PROOF.pdf,yes,comments/A250774-A251676.md
A251153,31 August 2026,papers/4501-5000/4686-PROOF.pdf,yes,comments/A250774-A251676.md
A251158,2 September 2026,papers/0001-0500/0351-PROOF.pdf,yes,comments/A250774-A251676.md
A251161,31 August 2026,papers/5501-6000/5562-PROOF.pdf,yes,comments/A250774-A251676.md
A251162,31 August 2026,papers/4001-4500/4097-PROOF.pdf,yes,comments/A250774-A251676.md
A251168,31 August 2026,papers/6501-7000/6950-PROOF.pdf,yes,comments/A250774-A251676.md
A251169,31 August 2026,papers/4501-5000/4610-PROOF.pdf,yes,comments/A250774-A251676.md
A251175,2 September 2026,papers/0001-0500/0338-PROOF.pdf,yes,comments/A250774-A251676.md
A251187,3 September 2026,papers/5001-5500/5373-PROOF.pdf,yes,comments/A250774-A251676.md
A251188,3 September 2026,papers/4501-5000/4785-PROOF.pdf,yes,comments/A250774-A251676.md
A251189,3 September 2026,papers/4001-4500/4348-PROOF.pdf,yes,comments/A250774-A251676.md
A251190,3 September 2026,papers/3501-4000/3795-PROOF.pdf,yes,comments/A250774-A251676.md
A251194,31 August 2026,papers/8501-9000/8982-PROOF.pdf,yes,comments/A250774-A251676.md
A251195,31 August 2026,papers/8501-9000/8684-PROOF.pdf,yes,comments/A250774-A251676.md
A251196,31 August 2026,papers/7501-8000/7683-PROOF.pdf,yes,comments/A250774-A251676.md
A251197,31 August 2026,papers/6501-7000/6806-PROOF.pdf,yes,comments/A250774-A251676.md
A251198,31 August 2026,papers/5501-6000/5723-PROOF.pdf,yes,comments/A250774-A251676.md
A251199,31 August 2026,papers/4501-5000/4813-PROOF.pdf,yes,comments/A250774-A251676.md
A251201,1 September 2026,papers/2501-3000/2883-PROOF.pdf,yes,comments/A250774-A251676.md
A251203,31 August 2026,papers/9001-9500/9179-PROOF.pdf,yes,comments/A250774-A251676.md
A251204,31 August 2026,papers/8001-8500/8360-PROOF.pdf,yes,comments/A250774-A251676.md
A251205,31 August 2026,papers/6501-7000/6752-PROOF.pdf,yes,comments/A250774-A251676.md
A251206,31 August 2026,papers/5001-5500/5112-PROOF.pdf,yes,comments/A250774-A251676.md
A251207,2 September 2026,papers/0001-0500/0228-PROOF.pdf,yes,comments/A250774-A251676.md
A251210,1 September 2026,papers/2501-3000/2645-PROOF.pdf,yes,comments/A250774-A251676.md
A251213,31 August 2026,papers/8501-9000/8685-PROOF.pdf,yes,comments/A250774-A251676.md
A251214,31 August 2026,papers/7501-8000/7684-PROOF.pdf,yes,comments/A250774-A251676.md
A251215,31 August 2026,papers/6001-6500/6486-PROOF.pdf,yes,comments/A250774-A251676.md
A251216,31 August 2026,papers/4501-5000/4994-PROOF.pdf,yes,comments/A250774-A251676.md
A251217,2 September 2026,papers/0001-0500/0242-PROOF.pdf,yes,comments/A250774-A251676.md
A251219,1 September 2026,papers/2501-3000/2884-PROOF.pdf,yes,comments/A250774-A251676.md
A251221,31 August 2026,papers/9001-9500/9196-PROOF.pdf,yes,comments/A250774-A251676.md
A251222,31 August 2026,papers/8501-9000/8686-PROOF.pdf,yes,comments/A250774-A251676.md
A251223,31 August 2026,papers/7501-8000/7888-PROOF.pdf,yes,comments/A250774-A251676.md
A251224,31 August 2026,papers/6001-6500/6305-PROOF.pdf,yes,comments/A250774-A251676.md
A251225,31 August 2026,papers/5001-5500/5189-PROOF.pdf,yes,comments/A250774-A251676.md
A251228,1 September 2026,papers/2501-3000/2885-PROOF.pdf,yes,comments/A250774-A251676.md
A251229,31 August 2026,papers/8501-9000/8906-PROOF.pdf,yes,comments/A250774-A251676.md
A251230,31 August 2026,papers/7501-8000/7599-PROOF.pdf,yes,comments/A250774-A251676.md
A251231,31 August 2026,papers/7001-7500/7173-PROOF.pdf,yes,comments/A250774-A251676.md
A251232,31 August 2026,papers/7001-7500/7141-PROOF.pdf,yes,comments/A250774-A251676.md
A251233,31 August 2026,papers/7001-7500/7131-PROOF.pdf,yes,comments/A250774-A251676.md
A251234,31 August 2026,papers/7001-7500/7128-PROOF.pdf,yes,comments/A250774-A251676.md
A251243,31 August 2026,papers/8501-9000/8596-PROOF.pdf,yes,comments/A250774-A251676.md
A251244,31 August 2026,papers/7001-7500/7351-PROOF.pdf,yes,comments/A250774-A251676.md
A251245,31 August 2026,papers/5501-6000/5545-PROOF.pdf,yes,comments/A250774-A251676.md
A251249,1 September 2026,papers/3001-3500/3380-PROOF.pdf,yes,comments/A250774-A251676.md
A251251,31 August 2026,papers/9001-9500/9197-PROOF.pdf,yes,comments/A250774-A251676.md
A251252,31 August 2026,papers/8501-9000/8687-PROOF.pdf,yes,comments/A250774-A251676.md
A251253,31 August 2026,papers/8001-8500/8392-PROOF.pdf,yes,comments/A250774-A251676.md
A251254,31 August 2026,papers/7001-7500/7120-PROOF.pdf,yes,comments/A250774-A251676.md
A251255,31 August 2026,papers/6001-6500/6262-PROOF.pdf,yes,comments/A250774-A251676.md
A251256,31 August 2026,papers/5001-5500/5052-PROOF.pdf,yes,comments/A250774-A251676.md
A251257,2 September 2026,papers/0001-0500/0284-PROOF.pdf,yes,comments/A250774-A251676.md
A251258,1 September 2026,papers/2501-3000/2662-PROOF.pdf,yes,comments/A250774-A251676.md
A251262,31 August 2026,papers/8501-9000/8962-PROOF.pdf,yes,comments/A250774-A251676.md
A251263,31 August 2026,papers/7001-7500/7435-PROOF.pdf,yes,comments/A250774-A251676.md
A251264,31 August 2026,papers/6001-6500/6487-PROOF.pdf,yes,comments/A250774-A251676.md
A251265,31 August 2026,papers/4501-5000/4763-PROOF.pdf,yes,comments/A250774-A251676.md
A251266,2 September 2026,papers/0001-0500/0243-PROOF.pdf,yes,comments/A250774-A251676.md
A251268,1 September 2026,papers/3001-3500/3113-PROOF.pdf,yes,comments/A250774-A251676.md
A251269,31 August 2026,papers/8501-9000/8688-PROOF.pdf,yes,comments/A250774-A251676.md
A251270,31 August 2026,papers/7501-8000/7889-PROOF.pdf,yes,comments/A250774-A251676.md
A251271,31 August 2026,papers/7001-7500/7422-PROOF.pdf,yes,comments/A250774-A251676.md
A251272,31 August 2026,papers/7001-7500/7056-PROOF.pdf,yes,comments/A250774-A251676.md
A251273,31 August 2026,papers/6501-7000/6741-PROOF.pdf,yes,comments/A250774-A251676.md
A251274,31 August 2026,papers/6001-6500/6379-PROOF.pdf,yes,comments/A250774-A251676.md
A251276,31 August 2026,papers/9001-9500/9268-PROOF.pdf,yes,comments/A250774-A251676.md
A251277,31 August 2026,papers/8501-9000/8815-PROOF.pdf,yes,comments/A250774-A251676.md
A251278,31 August 2026,papers/7501-8000/7542-PROOF.pdf,yes,comments/A250774-A251676.md
A251279,31 August 2026,papers/5501-6000/5605-PROOF.pdf,yes,comments/A250774-A251676.md
A251283,1 September 2026,papers/3001-3500/3365-PROOF.pdf,yes,comments/A250774-A251676.md
A251285,31 August 2026,papers/8501-9000/8983-PROOF.pdf,yes,comments/A250774-A251676.md
A251286,31 August 2026,papers/8501-9000/8689-PROOF.pdf,yes,comments/A250774-A251676.md
A251287,31 August 2026,papers/7001-7500/7250-PROOF.pdf,yes,comments/A250774-A251676.md
A251288,31 August 2026,papers/6001-6500/6047-PROOF.pdf,yes,comments/A250774-A251676.md
A251289,31 August 2026,papers/4501-5000/4931-PROOF.pdf,yes,comments/A250774-A251676.md
A251292,1 September 2026,papers/2501-3000/2886-PROOF.pdf,yes,comments/A250774-A251676.md
A251293,31 August 2026,papers/9001-9500/9152-PROOF.pdf,yes,comments/A250774-A251676.md
A251294,31 August 2026,papers/8001-8500/8048-PROOF.pdf,yes,comments/A250774-A251676.md
A251295,31 August 2026,papers/6001-6500/6100-PROOF.pdf,yes,comments/A250774-A251676.md
A251296,2 September 2026,papers/0001-0500/0318-PROOF.pdf,yes,comments/A250774-A251676.md
A251300,1 September 2026,papers/3001-3500/3258-PROOF.pdf,yes,comments/A250774-A251676.md
A251301,31 August 2026,papers/8001-8500/8109-PROOF.pdf,yes,comments/A250774-A251676.md
A251302,31 August 2026,papers/5501-6000/5563-PROOF.pdf,yes,comments/A250774-A251676.md
A251303,2 September 2026,papers/0001-0500/0198-PROOF.pdf,yes,comments/A250774-A251676.md
A251308,2 September 2026,papers/0001-0500/0199-PROOF.pdf,yes,comments/A250774-A251676.md
A251310,31 August 2026,papers/8501-9000/8984-PROOF.pdf,yes,comments/A250774-A251676.md
A251311,31 August 2026,papers/8001-8500/8434-PROOF.pdf,yes,comments/A250774-A251676.md
A251312,31 August 2026,papers/7001-7500/7436-PROOF.pdf,yes,comments/A250774-A251676.md
A251313,31 August 2026,papers/6501-7000/6656-PROOF.pdf,yes,comments/A250774-A251676.md
A251314,31 August 2026,papers/5001-5500/5401-PROOF.pdf,yes,comments/A250774-A251676.md
A251315,31 August 2026,papers/4001-4500/4468-PROOF.pdf,yes,comments/A250774-A251676.md
A251317,1 September 2026,papers/2501-3000/2682-PROOF.pdf,yes,comments/A250774-A251676.md
A251319,31 August 2026,papers/9001-9500/9198-PROOF.pdf,yes,comments/A250774-A251676.md
A251320,31 August 2026,papers/8501-9000/8690-PROOF.pdf,yes,comments/A250774-A251676.md
A251321,31 August 2026,papers/7001-7500/7437-PROOF.pdf,yes,comments/A250774-A251676.md
A251322,31 August 2026,papers/6001-6500/6048-PROOF.pdf,yes,comments/A250774-A251676.md
A251323,31 August 2026,papers/4501-5000/4764-PROOF.pdf,yes,comments/A250774-A251676.md
A251326,1 September 2026,papers/2501-3000/2887-PROOF.pdf,yes,comments/A250774-A251676.md
A251328,31 August 2026,papers/9001-9500/9180-PROOF.pdf,yes,comments/A250774-A251676.md
A251329,31 August 2026,papers/8001-8500/8361-PROOF.pdf,yes,comments/A250774-A251676.md
A251330,31 August 2026,papers/6501-7000/6600-PROOF.pdf,yes,comments/A250774-A251676.md
A251331,31 August 2026,papers/4501-5000/4921-PROOF.pdf,yes,comments/A250774-A251676.md
A251332,2 September 2026,papers/0001-0500/0186-PROOF.pdf,yes,comments/A250774-A251676.md
A251335,1 September 2026,papers/2501-3000/2646-PROOF.pdf,yes,comments/A250774-A251676.md
A251336,31 August 2026,papers/9001-9500/9153-PROOF.pdf,yes,comments/A250774-A251676.md
A251337,31 August 2026,papers/8001-8500/8049-PROOF.pdf,yes,comments/A250774-A251676.md
A251338,31 August 2026,papers/6001-6500/6219-PROOF.pdf,yes,comments/A250774-A251676.md
A251339,2 September 2026,papers/0001-0500/0328-PROOF.pdf,yes,comments/A250774-A251676.md
A251343,1 September 2026,papers/3001-3500/3259-PROOF.pdf,yes,comments/A250774-A251676.md
A251344,31 August 2026,papers/9001-9500/9181-PROOF.pdf,yes,comments/A250774-A251676.md
A251345,31 August 2026,papers/8001-8500/8095-PROOF.pdf,yes,comments/A250774-A251676.md
A251347,2 September 2026,papers/0001-0500/0246-PROOF.pdf,yes,comments/A250774-A251676.md
A251351,1 September 2026,papers/3001-3500/3275-PROOF.pdf,yes,comments/A250774-A251676.md
A251352,31 August 2026,papers/8001-8500/8110-PROOF.pdf,yes,comments/A250774-A251676.md
A251353,31 August 2026,papers/5001-5500/5335-PROOF.pdf,yes,comments/A250774-A251676.md
A251354,2 September 2026,papers/0001-0500/0144-PROOF.pdf,yes,comments/A250774-A251676.md
A251359,2 September 2026,papers/0001-0500/0145-PROOF.pdf,yes,comments/A250774-A251676.md
A251368,31 August 2026,papers/8501-9000/8535-PROOF.pdf,yes,comments/A250774-A251676.md
A251369,31 August 2026,papers/7001-7500/7323-PROOF.pdf,yes,comments/A250774-A251676.md
A251370,31 August 2026,papers/5501-6000/5860-PROOF.pdf,yes,comments/A250774-A251676.md
A251373,1 September 2026,papers/3001-3500/3241-PROOF.pdf,yes,comments/A250774-A251676.md
A251374,31 August 2026,papers/8501-9000/8907-PROOF.pdf,yes,comments/A250774-A251676.md
A251375,31 August 2026,papers/7001-7500/7057-PROOF.pdf,yes,comments/A250774-A251676.md
A251381,1 September 2026,papers/3001-3500/3080-PROOF.pdf,yes,comments/A250774-A251676.md
A251383,31 August 2026,papers/9001-9500/9182-PROOF.pdf,yes,comments/A250774-A251676.md
A251384,31 August 2026,papers/8001-8500/8362-PROOF.pdf,yes,comments/A250774-A251676.md
A251385,31 August 2026,papers/6501-7000/6601-PROOF.pdf,yes,comments/A250774-A251676.md
A251386,31 August 2026,papers/4501-5000/4565-PROOF.pdf,yes,comments/A250774-A251676.md
A251390,1 September 2026,papers/3001-3500/3276-PROOF.pdf,yes,comments/A250774-A251676.md
A251395,31 August 2026,papers/8001-8500/8111-PROOF.pdf,yes,comments/A250774-A251676.md
A251396,31 August 2026,papers/5001-5500/5480-PROOF.pdf,yes,comments/A250774-A251676.md
A251397,2 September 2026,papers/0001-0500/0179-PROOF.pdf,yes,comments/A250774-A251676.md
A251402,2 September 2026,papers/0001-0500/0180-PROOF.pdf,yes,comments/A250774-A251676.md
A251403,31 August 2026,papers/8501-9000/8674-PROOF.pdf,yes,comments/A250774-A251676.md
A251404,31 August 2026,papers/7001-7500/7125-PROOF.pdf,yes,comments/A250774-A251676.md
A251405,31 August 2026,papers/4501-5000/4687-PROOF.pdf,yes,comments/A250774-A251676.md
A251410,1 September 2026,papers/2501-3000/2875-PROOF.pdf,yes,comments/A250774-A251676.md
A251435,31 August 2026,papers/7001-7500/7438-PROOF.pdf,yes,comments/A250774-A251676.md
A251436,31 August 2026,papers/4501-5000/4511-PROOF.pdf,yes,comments/A250774-A251676.md
A251442,2 September 2026,papers/0001-0500/0329-PROOF.pdf,yes,comments/A250774-A251676.md
A251444,31 August 2026,papers/8001-8500/8426-PROOF.pdf,yes,comments/A250774-A251676.md
A251445,31 August 2026,papers/6001-6500/6180-PROOF.pdf,yes,comments/A250774-A251676.md
A251446,31 August 2026,papers/4501-5000/4758-PROOF.pdf,yes,comments/A250774-A251676.md
A251451,1 September 2026,papers/2501-3000/2679-PROOF.pdf,yes,comments/A250774-A251676.md
A251452,31 August 2026,papers/8001-8500/8112-PROOF.pdf,yes,comments/A250774-A251676.md
A251453,31 August 2026,papers/5501-6000/5724-PROOF.pdf,yes,comments/A250774-A251676.md
A251454,2 September 2026,papers/0001-0500/0137-PROOF.pdf,yes,comments/A250774-A251676.md
A251459,2 September 2026,papers/0001-0500/0138-PROOF.pdf,yes,comments/A250774-A251676.md
A251468,31 August 2026,papers/7001-7500/7418-PROOF.pdf,yes,comments/A250774-A251676.md
A251469,2 September 2026,papers/0001-0500/0312-PROOF.pdf,yes,comments/A250774-A251676.md
A251474,2 September 2026,papers/0001-0500/0313-PROOF.pdf,yes,comments/A250774-A251676.md
A251484,31 August 2026,papers/9001-9500/9269-PROOF.pdf,yes,comments/A250774-A251676.md
A251485,31 August 2026,papers/8001-8500/8050-PROOF.pdf,yes,comments/A250774-A251676.md
A251486,31 August 2026,papers/6001-6500/6380-PROOF.pdf,yes,comments/A250774-A251676.md
A251491,1 September 2026,papers/3001-3500/3366-PROOF.pdf,yes,comments/A250774-A251676.md
A251492,31 August 2026,papers/8501-9000/8908-PROOF.pdf,yes,comments/A250774-A251676.md
A251493,31 August 2026,papers/7001-7500/7058-PROOF.pdf,yes,comments/A250774-A251676.md
A251494,2 September 2026,papers/0001-0500/0274-PROOF.pdf,yes,comments/A250774-A251676.md
A251499,1 September 2026,papers/3001-3500/3081-PROOF.pdf,yes,comments/A250774-A251676.md
A251500,31 August 2026,papers/8501-9000/8909-PROOF.pdf,yes,comments/A250774-A251676.md
A251501,31 August 2026,papers/7001-7500/7364-PROOF.pdf,yes,comments/A250774-A251676.md
A251502,31 August 2026,papers/4501-5000/4979-PROOF.pdf,yes,comments/A250774-A251676.md
A251507,1 September 2026,papers/3001-3500/3082-PROOF.pdf,yes,comments/A250774-A251676.md
A251508,31 August 2026,papers/7501-8000/7670-PROOF.pdf,yes,comments/A250774-A251676.md
A251509,31 August 2026,papers/4501-5000/4814-PROOF.pdf,yes,comments/A250774-A251676.md
A251515,2 September 2026,papers/0001-0500/0374-PROOF.pdf,yes,comments/A250774-A251676.md
A251517,31 August 2026,papers/9001-9500/9154-PROOF.pdf,yes,comments/A250774-A251676.md
A251518,31 August 2026,papers/8001-8500/8299-PROOF.pdf,yes,comments/A250774-A251676.md
A251519,31 August 2026,papers/6501-7000/6569-PROOF.pdf,yes,comments/A250774-A251676.md
A251524,1 September 2026,papers/3001-3500/3260-PROOF.pdf,yes,comments/A250774-A251676.md
A251562,31 August 2026,papers/6501-7000/6763-PROOF.pdf,yes,comments/A250774-A251676.md
A251563,2 September 2026,papers/0001-0500/0170-PROOF.pdf,yes,comments/A250774-A251676.md
A251567,2 September 2026,papers/0001-0500/0171-PROOF.pdf,yes,comments/A250774-A251676.md
A251611,31 August 2026,papers/7001-7500/7406-PROOF.pdf,yes,comments/A250774-A251676.md
A251612,2 September 2026,papers/0001-0500/0282-PROOF.pdf,yes,comments/A250774-A251676.md
A251616,2 September 2026,papers/0001-0500/0283-PROOF.pdf,yes,comments/A250774-A251676.md
A251645,6 September 2026,papers/7501-8000/7923-PROOF.pdf,yes,comments/A250774-A251676.md
A251646,6 September 2026,papers/7001-7500/7460-PROOF.pdf,yes,comments/A250774-A251676.md
A251675,6 September 2026,papers/6501-7000/6702-PROOF.pdf,yes,comments/A250774-A251676.md
A251676,6 September 2026,papers/5501-6000/5751-PROOF.pdf,yes,comments/A250774-A251676.md
A251677,6 September 2026,papers/4501-5000/4935-PROOF.pdf,yes,comments/A251677-A253491.md
A251772,3 September 2026,papers/7001-7500/7265-PROOF.pdf,yes,comments/A251677-A253491.md
A251773,3 September 2026,papers/5001-5500/5005-PROOF.pdf,yes,comments/A251677-A253491.md
A251784,6 September 2026,papers/4001-4500/4480-PROOF.pdf,yes,comments/A251677-A253491.md
A251785,6 September 2026,papers/3501-4000/3840-PROOF.pdf,yes,comments/A251677-A253491.md
A251795,31 August 2026,papers/5501-6000/5906-PROOF.pdf,yes,comments/A251677-A253491.md
A251801,2 September 2026,papers/0001-0500/0334-PROOF.pdf,yes,comments/A251677-A253491.md
A251802,31 August 2026,papers/5501-6000/5725-PROOF.pdf,yes,comments/A251677-A253491.md
A251803,31 August 2026,papers/4501-5000/4550-PROOF.pdf,yes,comments/A251677-A253491.md
A251812,6 September 2026,papers/5001-5500/5296-PROOF.pdf,yes,comments/A251677-A253491.md
A251813,6 September 2026,papers/6001-6500/6193-PROOF.pdf,yes,comments/A251677-A253491.md
A251814,6 September 2026,papers/6001-6500/6057-PROOF.pdf,yes,comments/A251677-A253491.md
A251822,3 September 2026,papers/4001-4500/4308-PROOF.pdf,yes,comments/A251677-A253491.md
A251823,3 September 2026,papers/4501-5000/4886-PROOF.pdf,yes,comments/A251677-A253491.md
A251830,6 September 2026,papers/5001-5500/5282-PROOF.pdf,yes,comments/A251677-A253491.md
A251838,1 September 2026,papers/5501-6000/5592-PROOF.pdf,yes,comments/A251677-A253491.md
A251839,7 September 2026,papers/5501-6000/5737-PROOF.pdf,yes,comments/A251677-A253491.md
A251840,7 September 2026,papers/5001-5500/5486-PROOF.pdf,yes,comments/A251677-A253491.md
A251841,7 September 2026,papers/5001-5500/5261-PROOF.pdf,yes,comments/A251677-A253491.md
A251869,3 September 2026,papers/6001-6500/6073-PROOF.pdf,yes,comments/A251677-A253491.md
A251870,3 September 2026,papers/5001-5500/5264-PROOF.pdf,yes,comments/A251677-A253491.md
A251887,3 September 2026,papers/6501-7000/6679-PROOF.pdf,yes,comments/A251677-A253491.md
A251888,3 September 2026,papers/7501-8000/7905-PROOF.pdf,yes,comments/A251677-A253491.md
A251898,3 September 2026,papers/4501-5000/4781-PROOF.pdf,yes,comments/A251677-A253491.md
A251899,3 September 2026,papers/5001-5500/5343-PROOF.pdf,yes,comments/A251677-A253491.md
A251916,3 September 2026,papers/3501-4000/3874-PROOF.pdf,yes,comments/A251677-A253491.md
A251917,3 September 2026,papers/3501-4000/3711-PROOF.pdf,yes,comments/A251677-A253491.md
A251943,1 September 2026,papers/4001-4500/4482-PROOF.pdf,yes,comments/A251677-A253491.md
A251944,7 September 2026,papers/5501-6000/5738-PROOF.pdf,yes,comments/A251677-A253491.md
A251945,7 September 2026,papers/5001-5500/5065-PROOF.pdf,yes,comments/A251677-A253491.md
A251946,7 September 2026,papers/4501-5000/4694-PROOF.pdf,yes,comments/A251677-A253491.md
A251969,3 September 2026,papers/4501-5000/4716-PROOF.pdf,yes,comments/A251677-A253491.md
A251976,3 September 2026,papers/5001-5500/5012-PROOF.pdf,yes,comments/A251677-A253491.md
A251977,3 September 2026,papers/4001-4500/4218-PROOF.pdf,yes,comments/A251677-A253491.md
A251993,6 September 2026,papers/5001-5500/5013-PROOF.pdf,yes,comments/A251677-A253491.md
A251994,6 September 2026,papers/4001-4500/4031-PROOF.pdf,yes,comments/A251677-A253491.md
A252008,3 September 2026,papers/6501-7000/6680-PROOF.pdf,yes,comments/A251677-A253491.md
A252009,3 September 2026,papers/6501-7000/6505-PROOF.pdf,yes,comments/A251677-A253491.md
A252025,1 September 2026,papers/7001-7500/7152-PROOF.pdf,yes,comments/A251677-A253491.md
A252026,1 September 2026,papers/6501-7000/6677-PROOF.pdf,yes,comments/A251677-A253491.md
A252027,7 September 2026,papers/5001-5500/5136-PROOF.pdf,yes,comments/A251677-A253491.md
A252028,7 September 2026,papers/4001-4500/4247-PROOF.pdf,yes,comments/A251677-A253491.md
A252046,3 September 2026,papers/3501-4000/3875-PROOF.pdf,yes,comments/A251677-A253491.md
A252047,3 September 2026,papers/4001-4500/4219-PROOF.pdf,yes,comments/A251677-A253491.md
A252058,1 September 2026,papers/5501-6000/5613-PROOF.pdf,yes,comments/A251677-A253491.md
A252059,1 September 2026,papers/5001-5500/5079-PROOF.pdf,yes,comments/A251677-A253491.md
A252060,7 September 2026,papers/4001-4500/4475-PROOF.pdf,yes,comments/A251677-A253491.md
A252061,7 September 2026,papers/3501-4000/3867-PROOF.pdf,yes,comments/A251677-A253491.md
A252068,1 September 2026,papers/7001-7500/7013-PROOF.pdf,yes,comments/A251677-A253491.md
A252069,1 September 2026,papers/7001-7500/7482-PROOF.pdf,yes,comments/A251677-A253491.md
A252070,7 September 2026,papers/6001-6500/6311-PROOF.pdf,yes,comments/A251677-A253491.md
A252071,7 September 2026,papers/5001-5500/5491-PROOF.pdf,yes,comments/A251677-A253491.md
A252072,7 September 2026,papers/4001-4500/4342-PROOF.pdf,yes,comments/A251677-A253491.md
A252081,1 September 2026,papers/6001-6500/6208-PROOF.pdf,yes,comments/A251677-A253491.md
A252082,1 September 2026,papers/5501-6000/5663-PROOF.pdf,yes,comments/A251677-A253491.md
A252083,7 September 2026,papers/4001-4500/4343-PROOF.pdf,yes,comments/A251677-A253491.md
A252098,1 September 2026,papers/3501-4000/3663-PROOF.pdf,yes,comments/A251677-A253491.md
A252099,7 September 2026,papers/4001-4500/4221-PROOF.pdf,yes,comments/A251677-A253491.md
A252100,7 September 2026,papers/3501-4000/3907-PROOF.pdf,yes,comments/A251677-A253491.md
A252101,7 September 2026,papers/3501-4000/3709-PROOF.pdf,yes,comments/A251677-A253491.md
A252107,1 September 2026,papers/5001-5500/5422-PROOF.pdf,yes,comments/A251677-A253491.md
A252108,7 September 2026,papers/8001-8500/8138-PROOF.pdf,yes,comments/A251677-A253491.md
A252109,7 September 2026,papers/8001-8500/8127-PROOF.pdf,yes,comments/A251677-A253491.md
A252110,7 September 2026,papers/8501-9000/8985-PROOF.pdf,yes,comments/A251677-A253491.md
A252123,1 September 2026,papers/5501-6000/5756-PROOF.pdf,yes,comments/A251677-A253491.md
A252124,7 September 2026,papers/4501-5000/4823-PROOF.pdf,yes,comments/A251677-A253491.md
A252125,7 September 2026,papers/4501-5000/4652-PROOF.pdf,yes,comments/A251677-A253491.md
A252126,7 September 2026,papers/4001-4500/4055-PROOF.pdf,yes,comments/A251677-A253491.md
A252132,1 September 2026,papers/7001-7500/7271-PROOF.pdf,yes,comments/A251677-A253491.md
A252133,7 September 2026,papers/7001-7500/7464-PROOF.pdf,yes,comments/A251677-A253491.md
A252134,7 September 2026,papers/6001-6500/6307-PROOF.pdf,yes,comments/A251677-A253491.md
A252135,7 September 2026,papers/5001-5500/5499-PROOF.pdf,yes,comments/A251677-A253491.md
A252136,7 September 2026,papers/4001-4500/4341-PROOF.pdf,yes,comments/A251677-A253491.md
A252142,7 September 2026,papers/4001-4500/4032-PROOF.pdf,yes,comments/A251677-A253491.md
A252143,7 September 2026,papers/5001-5500/5066-PROOF.pdf,yes,comments/A251677-A253491.md
A252144,7 September 2026,papers/5001-5500/5485-PROOF.pdf,yes,comments/A251677-A253491.md
A252150,1 September 2026,papers/3501-4000/3817-PROOF.pdf,yes,comments/A251677-A253491.md
A252151,7 September 2026,papers/5501-6000/5951-PROOF.pdf,yes,comments/A251677-A253491.md
A252152,7 September 2026,papers/7001-7500/7448-PROOF.pdf,yes,comments/A251677-A253491.md
A252153,7 September 2026,papers/7501-8000/7700-PROOF.pdf,yes,comments/A251677-A253491.md
A252161,7 September 2026,papers/4501-5000/4772-PROOF.pdf,yes,comments/A251677-A253491.md
A252162,7 September 2026,papers/4501-5000/4512-PROOF.pdf,yes,comments/A251677-A253491.md
A252185,1 September 2026,papers/5501-6000/5513-PROOF.pdf,yes,comments/A251677-A253491.md
A252186,7 September 2026,papers/7001-7500/7465-PROOF.pdf,yes,comments/A251677-A253491.md
A252187,7 September 2026,papers/7001-7500/7449-PROOF.pdf,yes,comments/A251677-A253491.md
A252188,7 September 2026,papers/7001-7500/7456-PROOF.pdf,yes,comments/A251677-A253491.md
A252194,1 September 2026,papers/4001-4500/4136-PROOF.pdf,yes,comments/A251677-A253491.md
A252195,7 September 2026,papers/6001-6500/6309-PROOF.pdf,yes,comments/A251677-A253491.md
A252196,7 September 2026,papers/6001-6500/6053-PROOF.pdf,yes,comments/A251677-A253491.md
A252197,7 September 2026,papers/5001-5500/5494-PROOF.pdf,yes,comments/A251677-A253491.md
A252198,7 September 2026,papers/4001-4500/4339-PROOF.pdf,yes,comments/A251677-A253491.md
A252203,1 September 2026,papers/5501-6000/5757-PROOF.pdf,yes,comments/A251677-A253491.md
A252204,7 September 2026,papers/5501-6000/5739-PROOF.pdf,yes,comments/A251677-A253491.md
A252205,7 September 2026,papers/5501-6000/5733-PROOF.pdf,yes,comments/A251677-A253491.md
A252206,7 September 2026,papers/6501-7000/6951-PROOF.pdf,yes,comments/A251677-A253491.md
A252212,1 September 2026,papers/3501-4000/3818-PROOF.pdf,yes,comments/A251677-A253491.md
A252213,7 September 2026,papers/6001-6500/6185-PROOF.pdf,yes,comments/A251677-A253491.md
A252214,7 September 2026,papers/6001-6500/6054-PROOF.pdf,yes,comments/A251677-A253491.md
A252215,7 September 2026,papers/5001-5500/5340-PROOF.pdf,yes,comments/A251677-A253491.md
A252221,3 September 2026,papers/7501-8000/7955-PROOF.pdf,yes,comments/A251677-A253491.md
A252222,3 September 2026,papers/8001-8500/8159-PROOF.pdf,yes,comments/A251677-A253491.md
A252223,3 September 2026,papers/8001-8500/8142-PROOF.pdf,yes,comments/A251677-A253491.md
A252236,1 September 2026,papers/8001-8500/8165-PROOF.pdf,yes,comments/A251677-A253491.md
A252237,7 September 2026,papers/6501-7000/6507-PROOF.pdf,yes,comments/A251677-A253491.md
A252238,7 September 2026,papers/6001-6500/6497-PROOF.pdf,yes,comments/A251677-A253491.md
A252239,7 September 2026,papers/8001-8500/8146-PROOF.pdf,yes,comments/A251677-A253491.md
A252240,7 September 2026,papers/6501-7000/6504-PROOF.pdf,yes,comments/A251677-A253491.md
A252247,1 September 2026,papers/6001-6500/6075-PROOF.pdf,yes,comments/A251677-A253491.md
A252248,7 September 2026,papers/6501-7000/6956-PROOF.pdf,yes,comments/A251677-A253491.md
A252249,7 September 2026,papers/7501-8000/7900-PROOF.pdf,yes,comments/A251677-A253491.md
A252250,7 September 2026,papers/7501-8000/7904-PROOF.pdf,yes,comments/A251677-A253491.md
A252251,7 September 2026,papers/7501-8000/7899-PROOF.pdf,yes,comments/A251677-A253491.md
A252257,1 September 2026,papers/6501-7000/6681-PROOF.pdf,yes,comments/A251677-A253491.md
A252258,7 September 2026,papers/7501-8000/7906-PROOF.pdf,yes,comments/A251677-A253491.md
A252259,7 September 2026,papers/7501-8000/7901-PROOF.pdf,yes,comments/A251677-A253491.md
A252262,1 September 2026,papers/8001-8500/8166-PROOF.pdf,yes,comments/A251677-A253491.md
A252263,7 September 2026,papers/7501-8000/7702-PROOF.pdf,yes,comments/A251677-A253491.md
A252264,7 September 2026,papers/6001-6500/6498-PROOF.pdf,yes,comments/A251677-A253491.md
A252265,7 September 2026,papers/5501-6000/5579-PROOF.pdf,yes,comments/A251677-A253491.md
A252266,7 September 2026,papers/4001-4500/4384-PROOF.pdf,yes,comments/A251677-A253491.md
A252271,1 September 2026,papers/7001-7500/7485-PROOF.pdf,yes,comments/A251677-A253491.md
A252272,7 September 2026,papers/5501-6000/5740-PROOF.pdf,yes,comments/A251677-A253491.md
A252273,7 September 2026,papers/5001-5500/5487-PROOF.pdf,yes,comments/A251677-A253491.md
A252274,7 September 2026,papers/6501-7000/6955-PROOF.pdf,yes,comments/A251677-A253491.md
A252275,7 September 2026,papers/4501-5000/4693-PROOF.pdf,yes,comments/A251677-A253491.md
A252294,1 September 2026,papers/5001-5500/5423-PROOF.pdf,yes,comments/A251677-A253491.md
A252298,1 September 2026,papers/3501-4000/3848-PROOF.pdf,yes,comments/A251677-A253491.md
A252299,7 September 2026,papers/6501-7000/6957-PROOF.pdf,yes,comments/A251677-A253491.md
A252300,7 September 2026,papers/7001-7500/7450-PROOF.pdf,yes,comments/A251677-A253491.md
A252301,7 September 2026,papers/7001-7500/7454-PROOF.pdf,yes,comments/A251677-A253491.md
A252307,7 September 2026,papers/6501-7000/6958-PROOF.pdf,yes,comments/A251677-A253491.md
A252308,7 September 2026,papers/7001-7500/7451-PROOF.pdf,yes,comments/A251677-A253491.md
A252309,7 September 2026,papers/7001-7500/7455-PROOF.pdf,yes,comments/A251677-A253491.md
A252315,7 September 2026,papers/3501-4000/3889-PROOF.pdf,yes,comments/A251677-A253491.md
A252316,7 September 2026,papers/5001-5500/5260-PROOF.pdf,yes,comments/A251677-A253491.md
A252317,7 September 2026,papers/4501-5000/4933-PROOF.pdf,yes,comments/A251677-A253491.md
A252327,1 September 2026,papers/3501-4000/3798-PROOF.pdf,yes,comments/A251677-A253491.md
A252328,7 September 2026,papers/4501-5000/4611-PROOF.pdf,yes,comments/A251677-A253491.md
A252329,7 September 2026,papers/4001-4500/4287-PROOF.pdf,yes,comments/A251677-A253491.md
A252330,7 September 2026,papers/3501-4000/3839-PROOF.pdf,yes,comments/A251677-A253491.md
A252336,1 September 2026,papers/8001-8500/8198-PROOF.pdf,yes,comments/A251677-A253491.md
A252337,1 September 2026,papers/7501-8000/7716-PROOF.pdf,yes,comments/A251677-A253491.md
A252338,7 September 2026,papers/6501-7000/6513-PROOF.pdf,yes,comments/A251677-A253491.md
A252339,7 September 2026,papers/5501-6000/5573-PROOF.pdf,yes,comments/A251677-A253491.md
A252340,7 September 2026,papers/4001-4500/4385-PROOF.pdf,yes,comments/A251677-A253491.md
A252343,1 September 2026,papers/2501-3000/2514-PROOF.pdf,yes,comments/A251677-A253491.md
A252345,1 September 2026,papers/4501-5000/4893-PROOF.pdf,yes,comments/A251677-A253491.md
A252346,7 September 2026,papers/4501-5000/4887-PROOF.pdf,yes,comments/A251677-A253491.md
A252347,7 September 2026,papers/4501-5000/4883-PROOF.pdf,yes,comments/A251677-A253491.md
A252348,7 September 2026,papers/4001-4500/4104-PROOF.pdf,yes,comments/A251677-A253491.md
A252362,1 September 2026,papers/8001-8500/8167-PROOF.pdf,yes,comments/A251677-A253491.md
A252363,7 September 2026,papers/7501-8000/7703-PROOF.pdf,yes,comments/A251677-A253491.md
A252364,7 September 2026,papers/6001-6500/6499-PROOF.pdf,yes,comments/A251677-A253491.md
A252365,7 September 2026,papers/5501-6000/5577-PROOF.pdf,yes,comments/A251677-A253491.md
A252366,7 September 2026,papers/4001-4500/4383-PROOF.pdf,yes,comments/A251677-A253491.md
A252377,1 September 2026,papers/6501-7000/6985-PROOF.pdf,yes,comments/A251677-A253491.md
A252378,7 September 2026,papers/7001-7500/7466-PROOF.pdf,yes,comments/A251677-A253491.md
A252379,7 September 2026,papers/7001-7500/7452-PROOF.pdf,yes,comments/A251677-A253491.md
A252380,7 September 2026,papers/7001-7500/7457-PROOF.pdf,yes,comments/A251677-A253491.md
A252385,1 September 2026,papers/3501-4000/3734-PROOF.pdf,yes,comments/A251677-A253491.md
A252386,7 September 2026,papers/5501-6000/5741-PROOF.pdf,yes,comments/A251677-A253491.md
A252387,7 September 2026,papers/7001-7500/7453-PROOF.pdf,yes,comments/A251677-A253491.md
A252388,7 September 2026,papers/7001-7500/7458-PROOF.pdf,yes,comments/A251677-A253491.md
A252389,7 September 2026,papers/7001-7500/7447-PROOF.pdf,yes,comments/A251677-A253491.md
A252400,1 September 2026,papers/5501-6000/5514-PROOF.pdf,yes,comments/A251677-A253491.md
A252401,7 September 2026,papers/5001-5500/5266-PROOF.pdf,yes,comments/A251677-A253491.md
A252402,7 September 2026,papers/4001-4500/4288-PROOF.pdf,yes,comments/A251677-A253491.md
A252403,7 September 2026,papers/3501-4000/3710-PROOF.pdf,yes,comments/A251677-A253491.md
A252408,1 September 2026,papers/3501-4000/3565-PROOF.pdf,yes,comments/A251677-A253491.md
A252409,7 September 2026,papers/5501-6000/5742-PROOF.pdf,yes,comments/A251677-A253491.md
A252410,7 September 2026,papers/5001-5500/5067-PROOF.pdf,yes,comments/A251677-A253491.md
A252411,7 September 2026,papers/4501-5000/4573-PROOF.pdf,yes,comments/A251677-A253491.md
A252412,7 September 2026,papers/3501-4000/3989-PROOF.pdf,yes,comments/A251677-A253491.md
A252416,1 September 2026,papers/4001-4500/4352-PROOF.pdf,yes,comments/A251677-A253491.md
A252417,7 September 2026,papers/5001-5500/5072-PROOF.pdf,yes,comments/A251677-A253491.md
A252418,7 September 2026,papers/5001-5500/5068-PROOF.pdf,yes,comments/A251677-A253491.md
A252419,7 September 2026,papers/6501-7000/6503-PROOF.pdf,yes,comments/A251677-A253491.md
A252426,1 September 2026,papers/5001-5500/5284-PROOF.pdf,yes,comments/A251677-A253491.md
A252427,7 September 2026,papers/4501-5000/4888-PROOF.pdf,yes,comments/A251677-A253491.md
A252428,7 September 2026,papers/4001-4500/4176-PROOF.pdf,yes,comments/A251677-A253491.md
A252429,7 September 2026,papers/3501-4000/3609-PROOF.pdf,yes,comments/A251677-A253491.md
A252434,1 September 2026,papers/5001-5500/5149-PROOF.pdf,yes,comments/A251677-A253491.md
A252435,7 September 2026,papers/5001-5500/5267-PROOF.pdf,yes,comments/A251677-A253491.md
A252436,7 September 2026,papers/5001-5500/5069-PROOF.pdf,yes,comments/A251677-A253491.md
A252437,7 September 2026,papers/4501-5000/4572-PROOF.pdf,yes,comments/A251677-A253491.md
A252438,7 September 2026,papers/3501-4000/3988-PROOF.pdf,yes,comments/A251677-A253491.md
A252450,1 September 2026,papers/6001-6500/6195-PROOF.pdf,yes,comments/A251677-A253491.md
A252451,7 September 2026,papers/5501-6000/5652-PROOF.pdf,yes,comments/A251677-A253491.md
A252452,7 September 2026,papers/4001-4500/4340-PROOF.pdf,yes,comments/A251677-A253491.md
A252466,1 September 2026,papers/4001-4500/4256-PROOF.pdf,yes,comments/A251677-A253491.md
A252467,7 September 2026,papers/6001-6500/6310-PROOF.pdf,yes,comments/A251677-A253491.md
A252468,7 September 2026,papers/5501-6000/5948-PROOF.pdf,yes,comments/A251677-A253491.md
A252469,7 September 2026,papers/5001-5500/5493-PROOF.pdf,yes,comments/A251677-A253491.md
A252507,1 September 2026,papers/3501-4000/3819-PROOF.pdf,yes,comments/A251677-A253491.md
A252508,7 September 2026,papers/4501-5000/4824-PROOF.pdf,yes,comments/A251677-A253491.md
A252509,7 September 2026,papers/4001-4500/4425-PROOF.pdf,yes,comments/A251677-A253491.md
A252510,7 September 2026,papers/4001-4500/4290-PROOF.pdf,yes,comments/A251677-A253491.md
A252516,1 September 2026,papers/7001-7500/7486-PROOF.pdf,yes,comments/A251677-A253491.md
A252517,7 September 2026,papers/5501-6000/5743-PROOF.pdf,yes,comments/A251677-A253491.md
A252518,7 September 2026,papers/5001-5500/5488-PROOF.pdf,yes,comments/A251677-A253491.md
A252519,7 September 2026,papers/6501-7000/6954-PROOF.pdf,yes,comments/A251677-A253491.md
A252520,7 September 2026,papers/4501-5000/4691-PROOF.pdf,yes,comments/A251677-A253491.md
A252525,1 September 2026,papers/6501-7000/6986-PROOF.pdf,yes,comments/A251677-A253491.md
A252526,7 September 2026,papers/8001-8500/8139-PROOF.pdf,yes,comments/A251677-A253491.md
A252527,7 September 2026,papers/8001-8500/8128-PROOF.pdf,yes,comments/A251677-A253491.md
A252528,7 September 2026,papers/8501-9000/8987-PROOF.pdf,yes,comments/A251677-A253491.md
A252533,1 September 2026,papers/6501-7000/6987-PROOF.pdf,yes,comments/A251677-A253491.md
A252534,7 September 2026,papers/8001-8500/8140-PROOF.pdf,yes,comments/A251677-A253491.md
A252535,7 September 2026,papers/8001-8500/8129-PROOF.pdf,yes,comments/A251677-A253491.md
A252536,7 September 2026,papers/8501-9000/8988-PROOF.pdf,yes,comments/A251677-A253491.md
A252543,1 September 2026,papers/8001-8500/8168-PROOF.pdf,yes,comments/A251677-A253491.md
A252545,1 September 2026,papers/7001-7500/7132-PROOF.pdf,yes,comments/A251677-A253491.md
A252546,7 September 2026,papers/6501-7000/6508-PROOF.pdf,yes,comments/A251677-A253491.md
A252547,7 September 2026,papers/6001-6500/6500-PROOF.pdf,yes,comments/A251677-A253491.md
A252548,7 September 2026,papers/6501-7000/6501-PROOF.pdf,yes,comments/A251677-A253491.md
A252551,1 September 2026,papers/3501-4000/4000-PROOF.pdf,yes,comments/A251677-A253491.md
A252552,7 September 2026,papers/4001-4500/4294-PROOF.pdf,yes,comments/A251677-A253491.md
A252553,7 September 2026,papers/4501-5000/4570-PROOF.pdf,yes,comments/A251677-A253491.md
A252559,1 September 2026,papers/4001-4500/4353-PROOF.pdf,yes,comments/A251677-A253491.md
A252560,7 September 2026,papers/5001-5500/5268-PROOF.pdf,yes,comments/A251677-A253491.md
A252561,7 September 2026,papers/5001-5500/5489-PROOF.pdf,yes,comments/A251677-A253491.md
A252567,1 September 2026,papers/4001-4500/4001-PROOF.pdf,yes,comments/A251677-A253491.md
A252568,7 September 2026,papers/4001-4500/4295-PROOF.pdf,yes,comments/A251677-A253491.md
A252569,7 September 2026,papers/4501-5000/4571-PROOF.pdf,yes,comments/A251677-A253491.md
A252570,7 September 2026,papers/3501-4000/3990-PROOF.pdf,yes,comments/A251677-A253491.md
A252575,1 September 2026,papers/4501-5000/4894-PROOF.pdf,yes,comments/A251677-A253491.md
A252576,7 September 2026,papers/5001-5500/5269-PROOF.pdf,yes,comments/A251677-A253491.md
A252577,7 September 2026,papers/5001-5500/5490-PROOF.pdf,yes,comments/A251677-A253491.md
A252578,7 September 2026,papers/5001-5500/5492-PROOF.pdf,yes,comments/A251677-A253491.md
A252598,1 September 2026,papers/4001-4500/4402-PROOF.pdf,yes,comments/A251677-A253491.md
A252599,1 September 2026,papers/3501-4000/3712-PROOF.pdf,yes,comments/A251677-A253491.md
A252608,1 September 2026,papers/5001-5500/5424-PROOF.pdf,yes,comments/A251677-A253491.md
A252609,7 September 2026,papers/5001-5500/5496-PROOF.pdf,yes,comments/A251677-A253491.md
A252610,7 September 2026,papers/5001-5500/5070-PROOF.pdf,yes,comments/A251677-A253491.md
A252611,7 September 2026,papers/5001-5500/5262-PROOF.pdf,yes,comments/A251677-A253491.md
A252616,1 September 2026,papers/3501-4000/3820-PROOF.pdf,yes,comments/A251677-A253491.md
A252617,7 September 2026,papers/4001-4500/4133-PROOF.pdf,yes,comments/A251677-A253491.md
A252618,7 September 2026,papers/4001-4500/4289-PROOF.pdf,yes,comments/A251677-A253491.md
A252619,7 September 2026,papers/3501-4000/3994-PROOF.pdf,yes,comments/A251677-A253491.md
A252620,7 September 2026,papers/3501-4000/3608-PROOF.pdf,yes,comments/A251677-A253491.md
A252633,1 September 2026,papers/6001-6500/6076-PROOF.pdf,yes,comments/A251677-A253491.md
A252634,7 September 2026,papers/5001-5500/5270-PROOF.pdf,yes,comments/A251677-A253491.md
A252635,7 September 2026,papers/4501-5000/4884-PROOF.pdf,yes,comments/A251677-A253491.md
A252636,7 September 2026,papers/5001-5500/5263-PROOF.pdf,yes,comments/A251677-A253491.md
A252637,7 September 2026,papers/4501-5000/4690-PROOF.pdf,yes,comments/A251677-A253491.md
A252641,1 September 2026,papers/3501-4000/3690-PROOF.pdf,yes,comments/A251677-A253491.md
A252642,7 September 2026,papers/3501-4000/3841-PROOF.pdf,yes,comments/A251677-A253491.md
A252643,7 September 2026,papers/3501-4000/3838-PROOF.pdf,yes,comments/A251677-A253491.md
A252645,7 September 2026,papers/3001-3500/3471-PROOF.pdf,yes,comments/A251677-A253491.md
A252672,1 September 2026,papers/4001-4500/4185-PROOF.pdf,yes,comments/A251677-A253491.md
A252673,7 September 2026,papers/4501-5000/4889-PROOF.pdf,yes,comments/A251677-A253491.md
A252674,7 September 2026,papers/4001-4500/4081-PROOF.pdf,yes,comments/A251677-A253491.md
A252675,7 September 2026,papers/3501-4000/3658-PROOF.pdf,yes,comments/A251677-A253491.md
A252680,1 September 2026,papers/4501-5000/4615-PROOF.pdf,yes,comments/A251677-A253491.md
A252681,7 September 2026,papers/5001-5500/5497-PROOF.pdf,yes,comments/A251677-A253491.md
A252682,7 September 2026,papers/4501-5000/4692-PROOF.pdf,yes,comments/A251677-A253491.md
A252683,7 September 2026,papers/4001-4500/4426-PROOF.pdf,yes,comments/A251677-A253491.md
A252688,3 September 2026,papers/1501-2000/1881-PROOF.pdf,yes,comments/A251677-A253491.md
A252689,3 September 2026,papers/2001-2500/2033-PROOF.pdf,yes,comments/A251677-A253491.md
A252690,3 September 2026,papers/2001-2500/2124-PROOF.pdf,yes,comments/A251677-A253491.md
A252691,3 September 2026,papers/2001-2500/2009-PROOF.pdf,yes,comments/A251677-A253491.md
A252692,3 September 2026,papers/2001-2500/2104-PROOF.pdf,yes,comments/A251677-A253491.md
A252693,7 September 2026,papers/2001-2500/2004-PROOF.pdf,yes,comments/A251677-A253491.md
A252712,3 September 2026,papers/2001-2500/2168-PROOF.pdf,yes,comments/A251677-A253491.md
A252713,3 September 2026,papers/2001-2500/2382-PROOF.pdf,yes,comments/A251677-A253491.md
A252714,3 September 2026,papers/2501-3000/2906-PROOF.pdf,yes,comments/A251677-A253491.md
A252715,3 September 2026,papers/2001-2500/2010-PROOF.pdf,yes,comments/A251677-A253491.md
A252716,3 September 2026,papers/2001-2500/2005-PROOF.pdf,yes,comments/A251677-A253491.md
A252717,7 September 2026,papers/2001-2500/2348-PROOF.pdf,yes,comments/A251677-A253491.md
A252720,3 September 2026,papers/1501-2000/1887-PROOF.pdf,yes,comments/A251677-A253491.md
A252721,3 September 2026,papers/2501-3000/2755-PROOF.pdf,yes,comments/A251677-A253491.md
A252722,3 September 2026,papers/2501-3000/2722-PROOF.pdf,yes,comments/A251677-A253491.md
A252723,3 September 2026,papers/2001-2500/2374-PROOF.pdf,yes,comments/A251677-A253491.md
A252724,3 September 2026,papers/2001-2500/2359-PROOF.pdf,yes,comments/A251677-A253491.md
A252725,3 September 2026,papers/2001-2500/2352-PROOF.pdf,yes,comments/A251677-A253491.md
A252726,3 September 2026,papers/2001-2500/2349-PROOF.pdf,yes,comments/A251677-A253491.md
A252804,3 September 2026,papers/1501-2000/1929-PROOF.pdf,yes,comments/A251677-A253491.md
A252805,3 September 2026,papers/2001-2500/2043-PROOF.pdf,yes,comments/A251677-A253491.md
A252806,3 September 2026,papers/1501-2000/1700-PROOF.pdf,yes,comments/A251677-A253491.md
A252807,7 September 2026,papers/1501-2000/1902-PROOF.pdf,yes,comments/A251677-A253491.md
A252841,3 September 2026,papers/1001-1500/1123-PROOF.pdf,yes,comments/A251677-A253491.md
A252854,3 September 2026,papers/2501-3000/2994-PROOF.pdf,yes,comments/A251677-A253491.md
A252855,3 September 2026,papers/2001-2500/2145-PROOF.pdf,yes,comments/A251677-A253491.md
A252856,3 September 2026,papers/2001-2500/2240-PROOF.pdf,yes,comments/A251677-A253491.md
A252857,3 September 2026,papers/2001-2500/2016-PROOF.pdf,yes,comments/A251677-A253491.md
A252858,3 September 2026,papers/1501-2000/1693-PROOF.pdf,yes,comments/A251677-A253491.md
A252859,3 September 2026,papers/1001-1500/1480-PROOF.pdf,yes,comments/A251677-A253491.md
A252860,7 September 2026,papers/1001-1500/1292-PROOF.pdf,yes,comments/A251677-A253491.md
A252877,3 September 2026,papers/1001-1500/1153-PROOF.pdf,yes,comments/A251677-A253491.md
A252883,3 September 2026,papers/1001-1500/1373-PROOF.pdf,yes,comments/A251677-A253491.md
A252899,3 September 2026,papers/1501-2000/1646-PROOF.pdf,yes,comments/A251677-A253491.md
A252918,3 September 2026,papers/1001-1500/1224-PROOF.pdf,yes,comments/A251677-A253491.md
A252945,3 September 2026,papers/2501-3000/2590-PROOF.pdf,yes,comments/A251677-A253491.md
A252946,3 September 2026,papers/1501-2000/1511-PROOF.pdf,yes,comments/A251677-A253491.md
A252947,3 September 2026,papers/1001-1500/1084-PROOF.pdf,yes,comments/A251677-A253491.md
A252954,3 September 2026,papers/1501-2000/1922-PROOF.pdf,yes,comments/A251677-A253491.md
A252955,3 September 2026,papers/1501-2000/1907-PROOF.pdf,yes,comments/A251677-A253491.md
A252956,3 September 2026,papers/2001-2500/2226-PROOF.pdf,yes,comments/A251677-A253491.md
A252957,7 September 2026,papers/1501-2000/1749-PROOF.pdf,yes,comments/A251677-A253491.md
A252958,7 September 2026,papers/1501-2000/1799-PROOF.pdf,yes,comments/A251677-A253491.md
A252962,3 September 2026,papers/1501-2000/1831-PROOF.pdf,yes,comments/A251677-A253491.md
A252963,3 September 2026,papers/2001-2500/2139-PROOF.pdf,yes,comments/A251677-A253491.md
A252964,3 September 2026,papers/1501-2000/1858-PROOF.pdf,yes,comments/A251677-A253491.md
A252965,7 September 2026,papers/1501-2000/1802-PROOF.pdf,yes,comments/A251677-A253491.md
A252987,3 September 2026,papers/1001-1500/1125-PROOF.pdf,yes,comments/A251677-A253491.md
A253018,3 September 2026,papers/3001-3500/3221-PROOF.pdf,yes,comments/A251677-A253491.md
A253019,3 September 2026,papers/2001-2500/2169-PROOF.pdf,yes,comments/A251677-A253491.md
A253020,3 September 2026,papers/1501-2000/1914-PROOF.pdf,yes,comments/A251677-A253491.md
A253021,3 September 2026,papers/2001-2500/2126-PROOF.pdf,yes,comments/A251677-A253491.md
A253022,3 September 2026,papers/1501-2000/1624-PROOF.pdf,yes,comments/A251677-A253491.md
A253023,7 September 2026,papers/1501-2000/1524-PROOF.pdf,yes,comments/A251677-A253491.md
A253024,7 September 2026,papers/1501-2000/1747-PROOF.pdf,yes,comments/A251677-A253491.md
A253029,2 September 2026,papers/9501-10000/9610-PROOF.pdf,yes,comments/A251677-A253491.md
A253030,3 September 2026,papers/2501-3000/2531-PROOF.pdf,yes,comments/A251677-A253491.md
A253031,3 September 2026,papers/1501-2000/1569-PROOF.pdf,yes,comments/A251677-A253491.md
A253037,3 September 2026,papers/1001-1500/1299-PROOF.pdf,yes,comments/A251677-A253491.md
A253038,3 September 2026,papers/1001-1500/1095-PROOF.pdf,yes,comments/A251677-A253491.md
A253152,2 September 2026,papers/9001-9500/9270-PROOF.pdf,yes,comments/A251677-A253491.md
A253153,2 September 2026,papers/9001-9500/9257-PROOF.pdf,yes,comments/A251677-A253491.md
A253154,2 September 2026,papers/9001-9500/9244-PROOF.pdf,yes,comments/A251677-A253491.md
A253155,2 September 2026,papers/9001-9500/9236-PROOF.pdf,yes,comments/A251677-A253491.md
A253156,2 September 2026,papers/9001-9500/9231-PROOF.pdf,yes,comments/A251677-A253491.md
A253157,2 September 2026,papers/9001-9500/9225-PROOF.pdf,yes,comments/A251677-A253491.md
A253158,2 September 2026,papers/9001-9500/9218-PROOF.pdf,yes,comments/A251677-A253491.md
A253225,2 September 2026,papers/9001-9500/9487-PROOF.pdf,yes,comments/A251677-A253491.md
A253226,2 September 2026,papers/9001-9500/9427-PROOF.pdf,yes,comments/A251677-A253491.md
A253227,2 September 2026,papers/9001-9500/9428-PROOF.pdf,yes,comments/A251677-A253491.md
A253228,2 September 2026,papers/9001-9500/9429-PROOF.pdf,yes,comments/A251677-A253491.md
A253229,2 September 2026,papers/9001-9500/9430-PROOF.pdf,yes,comments/A251677-A253491.md
A253230,2 September 2026,papers/9001-9500/9431-PROOF.pdf,yes,comments/A251677-A253491.md
A253307,5 September 2026,papers/7001-7500/7336-PROOF.pdf,yes,comments/A251677-A253491.md
A253308,5 September 2026,papers/4501-5000/4590-PROOF.pdf,yes,comments/A251677-A253491.md
A253309,5 September 2026,papers/4001-4500/4138-PROOF.pdf,yes,comments/A251677-A253491.md
A253320,2 September 2026,papers/6501-7000/6938-PROOF.pdf,yes,comments/A251677-A253491.md
A253321,2 September 2026,papers/6501-7000/6886-PROOF.pdf,yes,comments/A251677-A253491.md
A253322,2 September 2026,papers/6501-7000/6863-PROOF.pdf,yes,comments/A251677-A253491.md
A253323,2 September 2026,papers/6501-7000/6854-PROOF.pdf,yes,comments/A251677-A253491.md
A253324,2 September 2026,papers/6501-7000/6844-PROOF.pdf,yes,comments/A251677-A253491.md
A253325,2 September 2026,papers/6501-7000/6837-PROOF.pdf,yes,comments/A251677-A253491.md
A253326,2 September 2026,papers/0001-0500/0227-PROOF.pdf,yes,comments/A251677-A253491.md
A253327,2 September 2026,papers/5501-6000/5828-PROOF.pdf,yes,comments/A251677-A253491.md
A253328,2 September 2026,papers/4501-5000/4604-PROOF.pdf,yes,comments/A251677-A253491.md
A253329,2 September 2026,papers/4001-4500/4323-PROOF.pdf,yes,comments/A251677-A253491.md
A253332,7 September 2026,papers/3001-3500/3494-PROOF.pdf,yes,comments/A251677-A253491.md
A253344,2 September 2026,papers/8501-9000/8841-PROOF.pdf,yes,comments/A251677-A253491.md
A253345,2 September 2026,papers/8001-8500/8021-PROOF.pdf,yes,comments/A251677-A253491.md
A253346,2 September 2026,papers/7001-7500/7164-PROOF.pdf,yes,comments/A251677-A253491.md
A253347,2 September 2026,papers/5501-6000/5609-PROOF.pdf,yes,comments/A251677-A253491.md
A253351,2 September 2026,papers/9001-9500/9118-PROOF.pdf,yes,comments/A251677-A253491.md
A253352,2 September 2026,papers/8001-8500/8022-PROOF.pdf,yes,comments/A251677-A253491.md
A253353,2 September 2026,papers/7001-7500/7165-PROOF.pdf,yes,comments/A251677-A253491.md
A253354,2 September 2026,papers/5501-6000/5610-PROOF.pdf,yes,comments/A251677-A253491.md
A253360,5 September 2026,papers/8001-8500/8250-PROOF.pdf,yes,comments/A251677-A253491.md
A253361,5 September 2026,papers/7501-8000/7759-PROOF.pdf,yes,comments/A251677-A253491.md
A253362,5 September 2026,papers/7501-8000/7744-PROOF.pdf,yes,comments/A251677-A253491.md
A253363,5 September 2026,papers/6501-7000/6688-PROOF.pdf,yes,comments/A251677-A253491.md
A253364,5 September 2026,papers/6001-6500/6336-PROOF.pdf,yes,comments/A251677-A253491.md
A253365,5 September 2026,papers/5501-6000/5661-PROOF.pdf,yes,comments/A251677-A253491.md
A253369,2 September 2026,papers/4001-4500/4322-PROOF.pdf,yes,comments/A251677-A253491.md
A253370,2 September 2026,papers/4001-4500/4311-PROOF.pdf,yes,comments/A251677-A253491.md
A253371,2 September 2026,papers/4001-4500/4304-PROOF.pdf,yes,comments/A251677-A253491.md
A253372,7 September 2026,papers/4001-4500/4300-PROOF.pdf,yes,comments/A251677-A253491.md
A253375,2 September 2026,papers/0001-0500/0185-PROOF.pdf,yes,comments/A251677-A253491.md
A253376,7 September 2026,papers/3501-4000/3568-PROOF.pdf,yes,comments/A251677-A253491.md
A253391,2 September 2026,papers/8501-9000/8843-PROOF.pdf,yes,comments/A251677-A253491.md
A253392,2 September 2026,papers/8501-9000/8779-PROOF.pdf,yes,comments/A251677-A253491.md
A253393,2 September 2026,papers/8501-9000/8512-PROOF.pdf,yes,comments/A251677-A253491.md
A253394,2 September 2026,papers/8001-8500/8487-PROOF.pdf,yes,comments/A251677-A253491.md
A253395,2 September 2026,papers/8001-8500/8210-PROOF.pdf,yes,comments/A251677-A253491.md
A253396,2 September 2026,papers/8001-8500/8199-PROOF.pdf,yes,comments/A251677-A253491.md
A253400,5 September 2026,papers/7001-7500/7337-PROOF.pdf,yes,comments/A251677-A253491.md
A253401,5 September 2026,papers/4501-5000/4539-PROOF.pdf,yes,comments/A251677-A253491.md
A253402,5 September 2026,papers/3501-4000/3940-PROOF.pdf,yes,comments/A251677-A253491.md
A253403,5 September 2026,papers/3501-4000/3842-PROOF.pdf,yes,comments/A251677-A253491.md
A253429,2 September 2026,papers/9001-9500/9258-PROOF.pdf,yes,comments/A251677-A253491.md
A253430,2 September 2026,papers/9001-9500/9245-PROOF.pdf,yes,comments/A251677-A253491.md
A253431,2 September 2026,papers/9001-9500/9237-PROOF.pdf,yes,comments/A251677-A253491.md
A253432,2 September 2026,papers/9001-9500/9232-PROOF.pdf,yes,comments/A251677-A253491.md
A253433,2 September 2026,papers/9001-9500/9226-PROOF.pdf,yes,comments/A251677-A253491.md
A253434,2 September 2026,papers/9001-9500/9219-PROOF.pdf,yes,comments/A251677-A253491.md
A253436,2 September 2026,papers/9001-9500/9259-PROOF.pdf,yes,comments/A251677-A253491.md
A253437,2 September 2026,papers/9001-9500/9246-PROOF.pdf,yes,comments/A251677-A253491.md
A253438,2 September 2026,papers/9001-9500/9238-PROOF.pdf,yes,comments/A251677-A253491.md
A253439,2 September 2026,papers/9001-9500/9233-PROOF.pdf,yes,comments/A251677-A253491.md
A253440,2 September 2026,papers/9001-9500/9227-PROOF.pdf,yes,comments/A251677-A253491.md
A253441,2 September 2026,papers/9001-9500/9220-PROOF.pdf,yes,comments/A251677-A253491.md
A253449,2 September 2026,papers/9001-9500/9084-PROOF.pdf,yes,comments/A251677-A253491.md
A253450,2 September 2026,papers/9001-9500/9041-PROOF.pdf,yes,comments/A251677-A253491.md
A253451,2 September 2026,papers/9001-9500/9027-PROOF.pdf,yes,comments/A251677-A253491.md
A253452,2 September 2026,papers/9001-9500/9018-PROOF.pdf,yes,comments/A251677-A253491.md
A253453,7 September 2026,papers/9001-9500/9008-PROOF.pdf,yes,comments/A251677-A253491.md
A253454,7 September 2026,papers/8501-9000/9000-PROOF.pdf,yes,comments/A251677-A253491.md
A253462,5 September 2026,papers/7501-8000/7803-PROOF.pdf,yes,comments/A251677-A253491.md
A253463,5 September 2026,papers/8001-8500/8209-PROOF.pdf,yes,comments/A251677-A253491.md
A253464,5 September 2026,papers/8501-9000/8718-PROOF.pdf,yes,comments/A251677-A253491.md
A253465,5 September 2026,papers/8001-8500/8148-PROOF.pdf,yes,comments/A251677-A253491.md
A253478,7 September 2026,papers/3001-3500/3491-PROOF.pdf,yes,comments/A251677-A253491.md
A253489,2 September 2026,papers/9001-9500/9042-PROOF.pdf,yes,comments/A251677-A253491.md
A253490,2 September 2026,papers/9001-9500/9488-PROOF.pdf,yes,comments/A251677-A253491.md
A253491,2 September 2026,papers/9001-9500/9491-PROOF.pdf,yes,comments/A251677-A253491.md
A253492,2 September 2026,papers/9001-9500/9492-PROOF.pdf,yes,comments/A253492-A259959.md
A253493,2 September 2026,papers/9001-9500/9493-PROOF.pdf,yes,comments/A253492-A259959.md
A253496,2 September 2026,papers/9001-9500/9043-PROOF.pdf,yes,comments/A253492-A259959.md
A253497,2 September 2026,papers/9001-9500/9028-PROOF.pdf,yes,comments/A253492-A259959.md
A253498,2 September 2026,papers/9001-9500/9019-PROOF.pdf,yes,comments/A253492-A259959.md
A253499,7 September 2026,papers/9001-9500/9009-PROOF.pdf,yes,comments/A253492-A259959.md
A253500,7 September 2026,papers/9001-9500/9001-PROOF.pdf,yes,comments/A253492-A259959.md
A253517,2 September 2026,papers/8001-8500/8283-PROOF.pdf,yes,comments/A253492-A259959.md
A253518,2 September 2026,papers/7501-8000/7525-PROOF.pdf,yes,comments/A253492-A259959.md
A253519,2 September 2026,papers/7501-8000/7726-PROOF.pdf,yes,comments/A253492-A259959.md
A253520,2 September 2026,papers/7501-8000/7711-PROOF.pdf,yes,comments/A253492-A259959.md
A253521,7 September 2026,papers/7501-8000/7908-PROOF.pdf,yes,comments/A253492-A259959.md
A253526,2 September 2026,papers/7501-8000/7818-PROOF.pdf,yes,comments/A253492-A259959.md
A253527,2 September 2026,papers/6001-6500/6210-PROOF.pdf,yes,comments/A253492-A259959.md
A253528,2 September 2026,papers/5501-6000/5850-PROOF.pdf,yes,comments/A253492-A259959.md
A253529,2 September 2026,papers/6001-6500/6070-PROOF.pdf,yes,comments/A253492-A259959.md
A253530,7 September 2026,papers/5501-6000/5578-PROOF.pdf,yes,comments/A253492-A259959.md
A253531,7 September 2026,papers/5501-6000/5735-PROOF.pdf,yes,comments/A253492-A259959.md
A253537,2 September 2026,papers/8501-9000/8519-PROOF.pdf,yes,comments/A253492-A259959.md
A253538,2 September 2026,papers/5501-6000/5981-PROOF.pdf,yes,comments/A253492-A259959.md
A253539,2 September 2026,papers/5501-6000/5766-PROOF.pdf,yes,comments/A253492-A259959.md
A253544,2 September 2026,papers/0001-0500/0458-PROOF.pdf,yes,comments/A253492-A259959.md
A253611,3 September 2026,papers/1001-1500/1243-PROOF.pdf,yes,comments/A253492-A259959.md
A253692,5 September 2026,papers/6001-6500/6478-PROOF.pdf,yes,comments/A253492-A259959.md
A253693,5 September 2026,papers/6001-6500/6006-PROOF.pdf,yes,comments/A253492-A259959.md
A253694,5 September 2026,papers/5501-6000/5692-PROOF.pdf,yes,comments/A253492-A259959.md
A253695,5 September 2026,papers/5001-5500/5368-PROOF.pdf,yes,comments/A253492-A259959.md
A253696,5 September 2026,papers/5001-5500/5209-PROOF.pdf,yes,comments/A253492-A259959.md
A253697,5 September 2026,papers/4501-5000/4943-PROOF.pdf,yes,comments/A253492-A259959.md
A253699,5 September 2026,papers/6001-6500/6479-PROOF.pdf,yes,comments/A253492-A259959.md
A253700,5 September 2026,papers/6001-6500/6007-PROOF.pdf,yes,comments/A253492-A259959.md
A253701,5 September 2026,papers/5501-6000/5986-PROOF.pdf,yes,comments/A253492-A259959.md
A253702,5 September 2026,papers/5001-5500/5297-PROOF.pdf,yes,comments/A253492-A259959.md
A253703,5 September 2026,papers/5501-6000/5765-PROOF.pdf,yes,comments/A253492-A259959.md
A253704,5 September 2026,papers/5001-5500/5420-PROOF.pdf,yes,comments/A253492-A259959.md
A253726,5 September 2026,papers/4001-4500/4367-PROOF.pdf,yes,comments/A253492-A259959.md
A253733,5 September 2026,papers/6501-7000/6714-PROOF.pdf,yes,comments/A253492-A259959.md
A253734,5 September 2026,papers/3501-4000/3969-PROOF.pdf,yes,comments/A253492-A259959.md
A253742,2 September 2026,papers/8501-9000/8536-PROOF.pdf,yes,comments/A253492-A259959.md
A253743,2 September 2026,papers/4001-4500/4449-PROOF.pdf,yes,comments/A253492-A259959.md
A253744,2 September 2026,papers/4501-5000/4784-PROOF.pdf,yes,comments/A253492-A259959.md
A253745,2 September 2026,papers/4501-5000/4778-PROOF.pdf,yes,comments/A253492-A259959.md
A253746,7 September 2026,papers/5001-5500/5344-PROOF.pdf,yes,comments/A253492-A259959.md
A253747,7 September 2026,papers/5001-5500/5341-PROOF.pdf,yes,comments/A253492-A259959.md
A253750,2 September 2026,papers/5501-6000/5980-PROOF.pdf,yes,comments/A253492-A259959.md
A253751,2 September 2026,papers/5501-6000/5602-PROOF.pdf,yes,comments/A253492-A259959.md
A253752,2 September 2026,papers/5501-6000/5957-PROOF.pdf,yes,comments/A253492-A259959.md
A253753,7 September 2026,papers/5501-6000/5952-PROOF.pdf,yes,comments/A253492-A259959.md
A253754,7 September 2026,papers/5501-6000/5949-PROOF.pdf,yes,comments/A253492-A259959.md
A253757,2 September 2026,papers/7501-8000/7795-PROOF.pdf,yes,comments/A253492-A259959.md
A253794,2 September 2026,papers/5001-5500/5392-PROOF.pdf,yes,comments/A253492-A259959.md
A253795,2 September 2026,papers/4001-4500/4045-PROOF.pdf,yes,comments/A253492-A259959.md
A253813,2 September 2026,papers/6001-6500/6115-PROOF.pdf,yes,comments/A253492-A259959.md
A253834,2 September 2026,papers/4501-5000/4986-PROOF.pdf,yes,comments/A253492-A259959.md
A253835,2 September 2026,papers/5001-5500/5361-PROOF.pdf,yes,comments/A253492-A259959.md
A253836,2 September 2026,papers/5501-6000/5664-PROOF.pdf,yes,comments/A253492-A259959.md
A253837,2 September 2026,papers/5501-6000/5654-PROOF.pdf,yes,comments/A253492-A259959.md
A253842,2 September 2026,papers/4001-4500/4262-PROOF.pdf,yes,comments/A253492-A259959.md
A253843,2 September 2026,papers/4001-4500/4037-PROOF.pdf,yes,comments/A253492-A259959.md
A253844,2 September 2026,papers/3501-4000/3996-PROOF.pdf,yes,comments/A253492-A259959.md
A253856,2 September 2026,papers/7001-7500/7189-PROOF.pdf,yes,comments/A253492-A259959.md
A253857,2 September 2026,papers/5001-5500/5169-PROOF.pdf,yes,comments/A253492-A259959.md
A253863,2 September 2026,papers/0001-0500/0207-PROOF.pdf,yes,comments/A253492-A259959.md
A253865,2 September 2026,papers/6001-6500/6211-PROOF.pdf,yes,comments/A253492-A259959.md
A253866,2 September 2026,papers/6001-6500/6202-PROOF.pdf,yes,comments/A253492-A259959.md
A253871,2 September 2026,papers/0001-0500/0459-PROOF.pdf,yes,comments/A253492-A259959.md
A253872,2 September 2026,papers/5501-6000/5982-PROOF.pdf,yes,comments/A253492-A259959.md
A253873,2 September 2026,papers/5501-6000/5767-PROOF.pdf,yes,comments/A253492-A259959.md
A253929,2 September 2026,papers/4001-4500/4263-PROOF.pdf,yes,comments/A253492-A259959.md
A253930,2 September 2026,papers/4001-4500/4038-PROOF.pdf,yes,comments/A253492-A259959.md
A253931,2 September 2026,papers/3501-4000/3997-PROOF.pdf,yes,comments/A253492-A259959.md
A253978,2 September 2026,papers/6501-7000/6887-PROOF.pdf,yes,comments/A253492-A259959.md
A253979,2 September 2026,papers/4001-4500/4495-PROOF.pdf,yes,comments/A253492-A259959.md
A253985,2 September 2026,papers/0001-0500/0220-PROOF.pdf,yes,comments/A253492-A259959.md
A253986,2 September 2026,papers/5501-6000/5712-PROOF.pdf,yes,comments/A253492-A259959.md
A254013,2 September 2026,papers/4001-4500/4422-PROOF.pdf,yes,comments/A253492-A259959.md
A254085,2 September 2026,papers/7001-7500/7334-PROOF.pdf,yes,comments/A253492-A259959.md
A254086,2 September 2026,papers/4501-5000/4670-PROOF.pdf,yes,comments/A253492-A259959.md
A254093,2 September 2026,papers/4501-5000/4671-PROOF.pdf,yes,comments/A253492-A259959.md
A254161,2 September 2026,papers/4501-5000/4988-PROOF.pdf,yes,comments/A253492-A259959.md
A254162,2 September 2026,papers/4001-4500/4321-PROOF.pdf,yes,comments/A253492-A259959.md
A254169,2 September 2026,papers/4001-4500/4230-PROOF.pdf,yes,comments/A253492-A259959.md
A254183,2 September 2026,papers/4001-4500/4090-PROOF.pdf,yes,comments/A253492-A259959.md
A254190,2 September 2026,papers/4001-4500/4046-PROOF.pdf,yes,comments/A253492-A259959.md
A254235,2 September 2026,papers/4501-5000/4752-PROOF.pdf,yes,comments/A253492-A259959.md
A254236,2 September 2026,papers/4001-4500/4016-PROOF.pdf,yes,comments/A253492-A259959.md
A254253,2 September 2026,papers/6001-6500/6243-PROOF.pdf,yes,comments/A253492-A259959.md
A254254,2 September 2026,papers/5501-6000/5781-PROOF.pdf,yes,comments/A253492-A259959.md
A254255,2 September 2026,papers/6501-7000/6843-PROOF.pdf,yes,comments/A253492-A259959.md
A254256,2 September 2026,papers/6501-7000/6979-PROOF.pdf,yes,comments/A253492-A259959.md
A254261,2 September 2026,papers/4501-5000/4967-PROOF.pdf,yes,comments/A253492-A259959.md
A254262,2 September 2026,papers/4001-4500/4486-PROOF.pdf,yes,comments/A253492-A259959.md
A254263,2 September 2026,papers/4001-4500/4477-PROOF.pdf,yes,comments/A253492-A259959.md
A254300,2 September 2026,papers/4501-5000/4968-PROOF.pdf,yes,comments/A253492-A259959.md
A254301,2 September 2026,papers/4001-4500/4487-PROOF.pdf,yes,comments/A253492-A259959.md
A254302,2 September 2026,papers/4001-4500/4478-PROOF.pdf,yes,comments/A253492-A259959.md
A254314,25 August 2026,papers/9501-10000/9694-PROOF.pdf,yes,comments/A253492-A259959.md
A254354,2 September 2026,papers/5001-5500/5390-PROOF.pdf,yes,comments/A253492-A259959.md
A254355,2 September 2026,papers/4001-4500/4149-PROOF.pdf,yes,comments/A253492-A259959.md
A254384,2 September 2026,papers/4501-5000/4907-PROOF.pdf,yes,comments/A253492-A259959.md
A254390,2 September 2026,papers/0001-0500/0278-PROOF.pdf,yes,comments/A253492-A259959.md
A254391,2 September 2026,papers/4001-4500/4496-PROOF.pdf,yes,comments/A253492-A259959.md
A254416,2 September 2026,papers/7001-7500/7155-PROOF.pdf,yes,comments/A253492-A259959.md
A254417,2 September 2026,papers/5001-5500/5431-PROOF.pdf,yes,comments/A253492-A259959.md
A254423,2 September 2026,papers/7001-7500/7156-PROOF.pdf,yes,comments/A253492-A259959.md
A254424,2 September 2026,papers/5001-5500/5432-PROOF.pdf,yes,comments/A253492-A259959.md
A254451,2 September 2026,papers/4001-4500/4231-PROOF.pdf,yes,comments/A253492-A259959.md
A254476,2 September 2026,papers/5001-5500/5327-PROOF.pdf,yes,comments/A253492-A259959.md
A254477,2 September 2026,papers/4001-4500/4014-PROOF.pdf,yes,comments/A253492-A259959.md
A254485,2 September 2026,papers/5001-5500/5301-PROOF.pdf,yes,comments/A253492-A259959.md
A254491,2 September 2026,papers/0001-0500/0208-PROOF.pdf,yes,comments/A253492-A259959.md
A254492,2 September 2026,papers/5001-5500/5170-PROOF.pdf,yes,comments/A253492-A259959.md
A254505,2 September 2026,papers/3501-4000/3904-PROOF.pdf,yes,comments/A253492-A259959.md
A254547,2 September 2026,papers/4001-4500/4064-PROOF.pdf,yes,comments/A253492-A259959.md
A254554,2 September 2026,papers/4001-4500/4015-PROOF.pdf,yes,comments/A253492-A259959.md
A254561,2 September 2026,papers/4001-4500/4203-PROOF.pdf,yes,comments/A253492-A259959.md
A254562,2 September 2026,papers/4001-4500/4189-PROOF.pdf,yes,comments/A253492-A259959.md
A254563,2 September 2026,papers/4001-4500/4083-PROOF.pdf,yes,comments/A253492-A259959.md
A254564,2 September 2026,papers/4001-4500/4107-PROOF.pdf,yes,comments/A253492-A259959.md
A254580,2 September 2026,papers/5001-5500/5443-PROOF.pdf,yes,comments/A253492-A259959.md
A254581,2 September 2026,papers/6001-6500/6079-PROOF.pdf,yes,comments/A253492-A259959.md
A254582,2 September 2026,papers/5001-5500/5418-PROOF.pdf,yes,comments/A253492-A259959.md
A254587,2 September 2026,papers/4001-4500/4150-PROOF.pdf,yes,comments/A253492-A259959.md
A254721,2 September 2026,papers/4501-5000/4646-PROOF.pdf,yes,comments/A253492-A259959.md
A254736,2 September 2026,papers/6001-6500/6407-PROOF.pdf,yes,comments/A253492-A259959.md
A254769,2 September 2026,papers/3501-4000/3970-PROOF.pdf,yes,comments/A253492-A259959.md
A254770,2 September 2026,papers/4501-5000/4617-PROOF.pdf,yes,comments/A253492-A259959.md
A254838,2 September 2026,papers/4501-5000/4750-PROOF.pdf,yes,comments/A253492-A259959.md
A254839,2 September 2026,papers/3501-4000/3617-PROOF.pdf,yes,comments/A253492-A259959.md
A254840,2 September 2026,papers/5001-5500/5205-PROOF.pdf,yes,comments/A253492-A259959.md
A254841,7 September 2026,papers/5001-5500/5142-PROOF.pdf,yes,comments/A253492-A259959.md
A254847,3 September 2026,papers/7501-8000/7584-PROOF.pdf,yes,comments/A253492-A259959.md
A254900,2 September 2026,papers/4001-4500/4378-PROOF.pdf,yes,comments/A253492-A259959.md
A254915,2 September 2026,papers/6001-6500/6244-PROOF.pdf,yes,comments/A253492-A259959.md
A254916,2 September 2026,papers/4001-4500/4232-PROOF.pdf,yes,comments/A253492-A259959.md
A254917,2 September 2026,papers/4001-4500/4059-PROOF.pdf,yes,comments/A253492-A259959.md
A254971,1 September 2026,papers/7001-7500/7365-PROOF.pdf,yes,comments/A253492-A259959.md
A254972,1 September 2026,papers/5501-6000/5874-PROOF.pdf,yes,comments/A253492-A259959.md
A254973,1 September 2026,papers/4501-5000/4787-PROOF.pdf,yes,comments/A253492-A259959.md
A254974,1 September 2026,papers/3501-4000/3876-PROOF.pdf,yes,comments/A253492-A259959.md
A254982,2 September 2026,papers/4501-5000/4926-PROOF.pdf,yes,comments/A253492-A259959.md
A254991,2 September 2026,papers/4001-4500/4130-PROOF.pdf,yes,comments/A253492-A259959.md
A255020,1 September 2026,papers/8001-8500/8300-PROOF.pdf,yes,comments/A253492-A259959.md
A255021,1 September 2026,papers/7501-8000/7772-PROOF.pdf,yes,comments/A253492-A259959.md
A255022,1 September 2026,papers/6501-7000/6540-PROOF.pdf,yes,comments/A253492-A259959.md
A255023,1 September 2026,papers/5501-6000/5593-PROOF.pdf,yes,comments/A253492-A259959.md
A255024,1 September 2026,papers/4001-4500/4386-PROOF.pdf,yes,comments/A253492-A259959.md
A255027,1 September 2026,papers/2501-3000/2594-PROOF.pdf,yes,comments/A253492-A259959.md
A255029,2 September 2026,papers/5501-6000/5802-PROOF.pdf,yes,comments/A253492-A259959.md
A255030,2 September 2026,papers/4501-5000/4722-PROOF.pdf,yes,comments/A253492-A259959.md
A255031,2 September 2026,papers/6501-7000/6993-PROOF.pdf,yes,comments/A253492-A259959.md
A255032,2 September 2026,papers/6501-7000/6974-PROOF.pdf,yes,comments/A253492-A259959.md
A255033,7 September 2026,papers/6501-7000/6964-PROOF.pdf,yes,comments/A253492-A259959.md
A255037,2 September 2026,papers/4001-4500/4115-PROOF.pdf,yes,comments/A253492-A259959.md
A255038,2 September 2026,papers/5001-5500/5153-PROOF.pdf,yes,comments/A253492-A259959.md
A255039,2 September 2026,papers/5501-6000/5659-PROOF.pdf,yes,comments/A253492-A259959.md
A255040,7 September 2026,papers/6001-6500/6188-PROOF.pdf,yes,comments/A253492-A259959.md
A255075,3 September 2026,papers/8501-9000/8798-PROOF.pdf,yes,comments/A253492-A259959.md
A255084,1 September 2026,papers/5501-6000/5907-PROOF.pdf,yes,comments/A253492-A259959.md
A255085,1 September 2026,papers/3501-4000/3561-PROOF.pdf,yes,comments/A253492-A259959.md
A255086,1 September 2026,papers/4501-5000/4840-PROOF.pdf,yes,comments/A253492-A259959.md
A255087,1 September 2026,papers/4501-5000/4579-PROOF.pdf,yes,comments/A253492-A259959.md
A255088,1 September 2026,papers/4001-4500/4431-PROOF.pdf,yes,comments/A253492-A259959.md
A255089,6 September 2026,papers/4001-4500/4178-PROOF.pdf,yes,comments/A253492-A259959.md
A255090,7 September 2026,papers/3501-4000/3991-PROOF.pdf,yes,comments/A253492-A259959.md
A255094,1 September 2026,papers/7001-7500/7205-PROOF.pdf,yes,comments/A253492-A259959.md
A255095,1 September 2026,papers/6501-7000/6720-PROOF.pdf,yes,comments/A253492-A259959.md
A255096,1 September 2026,papers/5001-5500/5161-PROOF.pdf,yes,comments/A253492-A259959.md
A255097,1 September 2026,papers/4001-4500/4257-PROOF.pdf,yes,comments/A253492-A259959.md
A255101,2 September 2026,papers/0501-1000/0569-PROOF.pdf,yes,comments/A253492-A259959.md
A255142,1 September 2026,papers/6501-7000/6905-PROOF.pdf,yes,comments/A253492-A259959.md
A255143,1 September 2026,papers/5501-6000/5696-PROOF.pdf,yes,comments/A253492-A259959.md
A255144,1 September 2026,papers/4001-4500/4443-PROOF.pdf,yes,comments/A253492-A259959.md
A255149,2 September 2026,papers/0001-0500/0324-PROOF.pdf,yes,comments/A253492-A259959.md
A255152,1 September 2026,papers/8001-8500/8301-PROOF.pdf,yes,comments/A253492-A259959.md
A255153,1 September 2026,papers/7001-7500/7174-PROOF.pdf,yes,comments/A253492-A259959.md
A255154,1 September 2026,papers/6001-6500/6084-PROOF.pdf,yes,comments/A253492-A259959.md
A255155,1 September 2026,papers/5001-5500/5150-PROOF.pdf,yes,comments/A253492-A259959.md
A255156,1 September 2026,papers/4001-4500/4134-PROOF.pdf,yes,comments/A253492-A259959.md
A255159,1 September 2026,papers/2501-3000/2595-PROOF.pdf,yes,comments/A253492-A259959.md
A255221,1 September 2026,papers/8501-9000/8816-PROOF.pdf,yes,comments/A253492-A259959.md
A255222,1 September 2026,papers/8501-9000/8763-PROOF.pdf,yes,comments/A253492-A259959.md
A255223,1 September 2026,papers/8501-9000/8729-PROOF.pdf,yes,comments/A253492-A259959.md
A255224,1 September 2026,papers/8501-9000/8715-PROOF.pdf,yes,comments/A253492-A259959.md
A255225,1 September 2026,papers/8501-9000/8708-PROOF.pdf,yes,comments/A253492-A259959.md
A255226,6 September 2026,papers/8501-9000/8703-PROOF.pdf,yes,comments/A253492-A259959.md
A255227,7 September 2026,papers/8501-9000/8700-PROOF.pdf,yes,comments/A253492-A259959.md
A255228,1 September 2026,papers/3001-3500/3010-PROOF.pdf,yes,comments/A253492-A259959.md
A255750,2 September 2026,papers/4001-4500/4364-PROOF.pdf,yes,comments/A253492-A259959.md
A255751,2 September 2026,papers/8001-8500/8175-PROOF.pdf,yes,comments/A253492-A259959.md
A255752,2 September 2026,papers/6501-7000/6675-PROOF.pdf,yes,comments/A253492-A259959.md
A255753,7 September 2026,papers/8001-8500/8147-PROOF.pdf,yes,comments/A253492-A259959.md
A255757,2 September 2026,papers/3501-4000/3618-PROOF.pdf,yes,comments/A253492-A259959.md
A255758,2 September 2026,papers/5001-5500/5206-PROOF.pdf,yes,comments/A253492-A259959.md
A255759,7 September 2026,papers/5001-5500/5143-PROOF.pdf,yes,comments/A253492-A259959.md
A255776,1 September 2026,papers/6001-6500/6134-PROOF.pdf,yes,comments/A253492-A259959.md
A255777,1 September 2026,papers/4001-4500/4020-PROOF.pdf,yes,comments/A253492-A259959.md
A255785,1 September 2026,papers/7001-7500/7059-PROOF.pdf,yes,comments/A253492-A259959.md
A255786,1 September 2026,papers/4501-5000/4627-PROOF.pdf,yes,comments/A253492-A259959.md
A255787,1 September 2026,papers/4001-4500/4266-PROOF.pdf,yes,comments/A253492-A259959.md
A255788,1 September 2026,papers/4001-4500/4354-PROOF.pdf,yes,comments/A253492-A259959.md
A255789,1 September 2026,papers/3501-4000/3796-PROOF.pdf,yes,comments/A253492-A259959.md
A255790,6 September 2026,papers/3501-4000/3583-PROOF.pdf,yes,comments/A253492-A259959.md
A255794,1 September 2026,papers/6501-7000/6764-PROOF.pdf,yes,comments/A253492-A259959.md
A255795,1 September 2026,papers/6001-6500/6101-PROOF.pdf,yes,comments/A253492-A259959.md
A255796,1 September 2026,papers/6001-6500/6085-PROOF.pdf,yes,comments/A253492-A259959.md
A255797,1 September 2026,papers/6501-7000/6988-PROOF.pdf,yes,comments/A253492-A259959.md
A255798,1 September 2026,papers/6501-7000/6965-PROOF.pdf,yes,comments/A253492-A259959.md
A255799,6 September 2026,papers/6501-7000/6959-PROOF.pdf,yes,comments/A253492-A259959.md
A255800,7 September 2026,papers/6501-7000/6952-PROOF.pdf,yes,comments/A253492-A259959.md
A256022,1 September 2026,papers/7501-8000/7600-PROOF.pdf,yes,comments/A253492-A259959.md
A256023,1 September 2026,papers/7001-7500/7024-PROOF.pdf,yes,comments/A253492-A259959.md
A256024,1 September 2026,papers/5001-5500/5365-PROOF.pdf,yes,comments/A253492-A259959.md
A256025,1 September 2026,papers/4501-5000/4519-PROOF.pdf,yes,comments/A253492-A259959.md
A256029,2 September 2026,papers/0501-1000/0619-PROOF.pdf,yes,comments/A253492-A259959.md
A256728,3 September 2026,papers/8501-9000/8799-PROOF.pdf,yes,comments/A253492-A259959.md
A256729,3 September 2026,papers/6501-7000/6562-PROOF.pdf,yes,comments/A253492-A259959.md
A256730,3 September 2026,papers/6001-6500/6344-PROOF.pdf,yes,comments/A253492-A259959.md
A256741,1 September 2026,papers/7501-8000/7601-PROOF.pdf,yes,comments/A253492-A259959.md
A256742,1 September 2026,papers/7501-8000/7773-PROOF.pdf,yes,comments/A253492-A259959.md
A256743,1 September 2026,papers/6501-7000/6997-PROOF.pdf,yes,comments/A253492-A259959.md
A256744,1 September 2026,papers/7001-7500/7272-PROOF.pdf,yes,comments/A253492-A259959.md
A256745,1 September 2026,papers/6501-7000/6514-PROOF.pdf,yes,comments/A253492-A259959.md
A256746,6 September 2026,papers/6501-7000/6665-PROOF.pdf,yes,comments/A253492-A259959.md
A256747,7 September 2026,papers/6501-7000/6953-PROOF.pdf,yes,comments/A253492-A259959.md
A256764,3 September 2026,papers/7501-8000/7585-PROOF.pdf,yes,comments/A253492-A259959.md
A256765,3 September 2026,papers/5001-5500/5303-PROOF.pdf,yes,comments/A253492-A259959.md
A256766,3 September 2026,papers/4501-5000/4530-PROOF.pdf,yes,comments/A253492-A259959.md
A256767,3 September 2026,papers/4001-4500/4225-PROOF.pdf,yes,comments/A253492-A259959.md
A256768,3 September 2026,papers/4001-4500/4222-PROOF.pdf,yes,comments/A253492-A259959.md
A256803,1 September 2026,papers/7501-8000/7832-PROOF.pdf,yes,comments/A253492-A259959.md
A256804,1 September 2026,papers/6501-7000/6721-PROOF.pdf,yes,comments/A253492-A259959.md
A256805,1 September 2026,papers/5001-5500/5212-PROOF.pdf,yes,comments/A253492-A259959.md
A256806,1 September 2026,papers/4001-4500/4057-PROOF.pdf,yes,comments/A253492-A259959.md
A256810,1 September 2026,papers/2001-2500/2297-PROOF.pdf,yes,comments/A253492-A259959.md
A256898,2 September 2026,papers/3501-4000/3715-PROOF.pdf,yes,comments/A253492-A259959.md
A256948,2 September 2026,papers/4001-4500/4116-PROOF.pdf,yes,comments/A253492-A259959.md
A256949,2 September 2026,papers/5001-5500/5154-PROOF.pdf,yes,comments/A253492-A259959.md
A256950,2 September 2026,papers/5501-6000/5660-PROOF.pdf,yes,comments/A253492-A259959.md
A257014,3 September 2026,papers/7501-8000/7506-PROOF.pdf,yes,comments/A253492-A259959.md
A257015,3 September 2026,papers/5001-5500/5281-PROOF.pdf,yes,comments/A253492-A259959.md
A257072,25 August 2026,papers/9501-10000/9787-PROOF.pdf,yes,comments/A253492-A259959.md
A257104,25 August 2026,papers/9501-10000/9659-PROOF.pdf,yes,comments/A253492-A259959.md
A257148,2 September 2026,papers/4001-4500/4366-PROOF.pdf,yes,comments/A253492-A259959.md
A257178,25 August 2026,papers/9501-10000/9870-PROOF.pdf,yes,comments/A253492-A259959.md
A257266,7 September 2026,papers/4001-4500/4193-PROOF.pdf,yes,comments/A253492-A259959.md
A257290,25 August 2026,papers/9501-10000/9847-PROOF.pdf,yes,comments/A253492-A259959.md
A257300,25 August 2026,papers/9501-10000/9665-PROOF.pdf,yes,comments/A253492-A259959.md
A257354,3 September 2026,papers/6001-6500/6424-PROOF.pdf,yes,comments/A253492-A259959.md
A257355,3 September 2026,papers/3501-4000/3721-PROOF.pdf,yes,comments/A253492-A259959.md
A257356,3 September 2026,papers/4501-5000/4719-PROOF.pdf,yes,comments/A253492-A259959.md
A257357,3 September 2026,papers/4001-4500/4436-PROOF.pdf,yes,comments/A253492-A259959.md
A257358,3 September 2026,papers/4501-5000/4701-PROOF.pdf,yes,comments/A253492-A259959.md
A257359,3 September 2026,papers/4001-4500/4429-PROOF.pdf,yes,comments/A253492-A259959.md
A257380,7 September 2026,papers/3501-4000/3547-PROOF.pdf,yes,comments/A253492-A259959.md
A257388,25 August 2026,papers/9501-10000/9871-PROOF.pdf,yes,comments/A253492-A259959.md
A257420,2 September 2026,papers/4001-4500/4229-PROOF.pdf,yes,comments/A253492-A259959.md
A257427,2 September 2026,papers/4001-4500/4017-PROOF.pdf,yes,comments/A253492-A259959.md
A257440,1 September 2026,papers/8001-8500/8302-PROOF.pdf,yes,comments/A253492-A259959.md
A257441,1 September 2026,papers/8501-9000/8764-PROOF.pdf,yes,comments/A253492-A259959.md
A257442,1 September 2026,papers/8501-9000/8730-PROOF.pdf,yes,comments/A253492-A259959.md
A257443,1 September 2026,papers/8501-9000/8716-PROOF.pdf,yes,comments/A253492-A259959.md
A257444,1 September 2026,papers/8501-9000/8709-PROOF.pdf,yes,comments/A253492-A259959.md
A257445,7 September 2026,papers/8501-9000/8704-PROOF.pdf,yes,comments/A253492-A259959.md
A257446,7 September 2026,papers/8501-9000/8701-PROOF.pdf,yes,comments/A253492-A259959.md
A257447,1 September 2026,papers/2501-3000/2504-PROOF.pdf,yes,comments/A253492-A259959.md
A257515,25 August 2026,papers/9501-10000/9642-PROOF.pdf,yes,comments/A253492-A259959.md
A257838,25 August 2026,papers/9501-10000/9872-PROOF.pdf,yes,comments/A253492-A259959.md
A258519,2 September 2026,papers/5001-5500/5105-PROOF.pdf,yes,comments/A253492-A259959.md
A258521,2 September 2026,papers/5501-6000/5960-PROOF.pdf,yes,comments/A253492-A259959.md
A258524,2 September 2026,papers/4501-5000/4793-PROOF.pdf,yes,comments/A253492-A259959.md
A258525,2 September 2026,papers/6501-7000/6536-PROOF.pdf,yes,comments/A253492-A259959.md
A258526,2 September 2026,papers/6001-6500/6325-PROOF.pdf,yes,comments/A253492-A259959.md
A258531,2 September 2026,papers/4001-4500/4233-PROOF.pdf,yes,comments/A253492-A259959.md
A258532,2 September 2026,papers/4001-4500/4060-PROOF.pdf,yes,comments/A253492-A259959.md
A258538,3 September 2026,papers/7501-8000/7586-PROOF.pdf,yes,comments/A253492-A259959.md
A258539,3 September 2026,papers/4001-4500/4452-PROOF.pdf,yes,comments/A253492-A259959.md
A258540,3 September 2026,papers/5501-6000/5603-PROOF.pdf,yes,comments/A253492-A259959.md
A258541,3 September 2026,papers/4001-4500/4226-PROOF.pdf,yes,comments/A253492-A259959.md
A258542,3 September 2026,papers/5501-6000/5502-PROOF.pdf,yes,comments/A253492-A259959.md
A258543,3 September 2026,papers/4001-4500/4220-PROOF.pdf,yes,comments/A253492-A259959.md
A258547,30 August 2026,papers/10001-10500/10032-PROOF.pdf,yes,comments/A253492-A259959.md
A258548,2 September 2026,papers/7501-8000/7639-PROOF.pdf,yes,comments/A253492-A259959.md
A258549,2 September 2026,papers/7501-8000/7800-PROOF.pdf,yes,comments/A253492-A259959.md
A258550,2 September 2026,papers/7501-8000/7789-PROOF.pdf,yes,comments/A253492-A259959.md
A258551,2 September 2026,papers/7501-8000/7756-PROOF.pdf,yes,comments/A253492-A259959.md
A258552,2 September 2026,papers/7501-8000/7742-PROOF.pdf,yes,comments/A253492-A259959.md
A258553,2 September 2026,papers/7501-8000/7728-PROOF.pdf,yes,comments/A253492-A259959.md
A258555,2 September 2026,papers/8001-8500/8076-PROOF.pdf,yes,comments/A253492-A259959.md
A258556,2 September 2026,papers/8001-8500/8024-PROOF.pdf,yes,comments/A253492-A259959.md
A258557,2 September 2026,papers/8001-8500/8012-PROOF.pdf,yes,comments/A253492-A259959.md
A258558,2 September 2026,papers/7501-8000/7975-PROOF.pdf,yes,comments/A253492-A259959.md
A258559,2 September 2026,papers/7501-8000/7951-PROOF.pdf,yes,comments/A253492-A259959.md
A258560,2 September 2026,papers/7501-8000/7937-PROOF.pdf,yes,comments/A253492-A259959.md
A258561,3 September 2026,papers/4501-5000/4723-PROOF.pdf,yes,comments/A253492-A259959.md
A258674,3 September 2026,papers/8501-9000/8800-PROOF.pdf,yes,comments/A253492-A259959.md
A258675,3 September 2026,papers/7501-8000/7762-PROOF.pdf,yes,comments/A253492-A259959.md
A258676,3 September 2026,papers/5001-5500/5088-PROOF.pdf,yes,comments/A253492-A259959.md
A258677,3 September 2026,papers/5001-5500/5283-PROOF.pdf,yes,comments/A253492-A259959.md
A258685,3 September 2026,papers/4001-4500/4307-PROOF.pdf,yes,comments/A253492-A259959.md
A258887,3 September 2026,papers/4501-5000/4877-PROOF.pdf,yes,comments/A253492-A259959.md
A258888,3 September 2026,papers/5501-6000/5532-PROOF.pdf,yes,comments/A253492-A259959.md
A258889,3 September 2026,papers/5501-6000/5518-PROOF.pdf,yes,comments/A253492-A259959.md
A258890,3 September 2026,papers/7501-8000/7720-PROOF.pdf,yes,comments/A253492-A259959.md
A258891,3 September 2026,papers/7501-8000/7706-PROOF.pdf,yes,comments/A253492-A259959.md
A258892,3 September 2026,papers/7501-8000/7701-PROOF.pdf,yes,comments/A253492-A259959.md
A258918,3 September 2026,papers/9001-9500/9086-PROOF.pdf,yes,comments/A253492-A259959.md
A258919,3 September 2026,papers/5001-5500/5223-PROOF.pdf,yes,comments/A253492-A259959.md
A258920,3 September 2026,papers/7001-7500/7283-PROOF.pdf,yes,comments/A253492-A259959.md
A258959,1 September 2026,papers/9001-9500/9091-PROOF.pdf,yes,comments/A253492-A259959.md
A258960,1 September 2026,papers/7501-8000/7990-PROOF.pdf,yes,comments/A253492-A259959.md
A258961,1 September 2026,papers/8501-9000/8731-PROOF.pdf,yes,comments/A253492-A259959.md
A258962,1 September 2026,papers/8001-8500/8169-PROOF.pdf,yes,comments/A253492-A259959.md
A258963,1 September 2026,papers/8501-9000/8710-PROOF.pdf,yes,comments/A253492-A259959.md
A258964,7 September 2026,papers/8001-8500/8141-PROOF.pdf,yes,comments/A253492-A259959.md
A258965,7 September 2026,papers/8501-9000/8702-PROOF.pdf,yes,comments/A253492-A259959.md
A258966,1 September 2026,papers/2001-2500/2379-PROOF.pdf,yes,comments/A253492-A259959.md
A259000,2 September 2026,papers/4001-4500/4261-PROOF.pdf,yes,comments/A253492-A259959.md
A259001,2 September 2026,papers/5501-6000/5662-PROOF.pdf,yes,comments/A253492-A259959.md
A259002,2 September 2026,papers/6501-7000/6669-PROOF.pdf,yes,comments/A253492-A259959.md
A259007,2 September 2026,papers/3501-4000/3758-PROOF.pdf,yes,comments/A253492-A259959.md
A259216,6 September 2026,papers/3001-3500/3277-PROOF.pdf,yes,comments/A253492-A259959.md
A259217,6 September 2026,papers/3001-3500/3068-PROOF.pdf,yes,comments/A253492-A259959.md
A259218,6 September 2026,papers/3001-3500/3040-PROOF.pdf,yes,comments/A253492-A259959.md
A259219,6 September 2026,papers/2501-3000/2999-PROOF.pdf,yes,comments/A253492-A259959.md
A259220,6 September 2026,papers/2501-3000/2968-PROOF.pdf,yes,comments/A253492-A259959.md
A259221,6 September 2026,papers/2501-3000/2943-PROOF.pdf,yes,comments/A253492-A259959.md
A259243,2 September 2026,papers/9501-10000/9611-PROOF.pdf,yes,comments/A253492-A259959.md
A259244,3 September 2026,papers/8501-9000/8953-PROOF.pdf,yes,comments/A253492-A259959.md
A259245,3 September 2026,papers/8501-9000/8887-PROOF.pdf,yes,comments/A253492-A259959.md
A259246,3 September 2026,papers/7001-7500/7243-PROOF.pdf,yes,comments/A253492-A259959.md
A259247,3 September 2026,papers/6001-6500/6256-PROOF.pdf,yes,comments/A253492-A259959.md
A259248,3 September 2026,papers/5001-5500/5051-PROOF.pdf,yes,comments/A253492-A259959.md
A259290,2 September 2026,papers/9501-10000/9612-PROOF.pdf,yes,comments/A253492-A259959.md
A259291,3 September 2026,papers/9001-9500/9183-PROOF.pdf,yes,comments/A253492-A259959.md
A259292,3 September 2026,papers/8001-8500/8375-PROOF.pdf,yes,comments/A253492-A259959.md
A259293,3 September 2026,papers/7501-8000/7658-PROOF.pdf,yes,comments/A253492-A259959.md
A259294,3 September 2026,papers/5501-6000/5896-PROOF.pdf,yes,comments/A253492-A259959.md
A259295,3 September 2026,papers/4501-5000/4753-PROOF.pdf,yes,comments/A253492-A259959.md
A259421,3 September 2026,papers/8001-8500/8427-PROOF.pdf,yes,comments/A253492-A259959.md
A259422,3 September 2026,papers/7501-8000/7881-PROOF.pdf,yes,comments/A253492-A259959.md
A259423,3 September 2026,papers/5501-6000/5937-PROOF.pdf,yes,comments/A253492-A259959.md
A259424,3 September 2026,papers/4501-5000/4992-PROOF.pdf,yes,comments/A253492-A259959.md
A259457,30 August 2026,papers/9001-9500/9373-PROOF.pdf,yes,comments/A253492-A259959.md
A259508,3 September 2026,papers/9001-9500/9191-PROOF.pdf,yes,comments/A253492-A259959.md
A259509,3 September 2026,papers/8501-9000/8954-PROOF.pdf,yes,comments/A253492-A259959.md
A259510,3 September 2026,papers/7001-7500/7430-PROOF.pdf,yes,comments/A253492-A259959.md
A259511,3 September 2026,papers/6501-7000/6804-PROOF.pdf,yes,comments/A253492-A259959.md
A259512,3 September 2026,papers/4501-5000/4761-PROOF.pdf,yes,comments/A253492-A259959.md
A259517,3 September 2026,papers/9001-9500/9192-PROOF.pdf,yes,comments/A253492-A259959.md
A259518,3 September 2026,papers/8501-9000/8675-PROOF.pdf,yes,comments/A253492-A259959.md
A259519,3 September 2026,papers/7001-7500/7431-PROOF.pdf,yes,comments/A253492-A259959.md
A259520,3 September 2026,papers/6001-6500/6046-PROOF.pdf,yes,comments/A253492-A259959.md
A259521,3 September 2026,papers/4501-5000/4762-PROOF.pdf,yes,comments/A253492-A259959.md
A259533,25 August 2026,papers/0001-0500/0044-PROOF.pdf,yes,comments/A253492-A259959.md
A259635,1 September 2026,papers/8501-9000/8817-PROOF.pdf,yes,comments/A253492-A259959.md
A259636,1 September 2026,papers/8001-8500/8227-PROOF.pdf,yes,comments/A253492-A259959.md
A259637,1 September 2026,papers/7001-7500/7496-PROOF.pdf,yes,comments/A253492-A259959.md
A259638,1 September 2026,papers/6501-7000/6989-PROOF.pdf,yes,comments/A253492-A259959.md
A259639,1 September 2026,papers/5501-6000/5503-PROOF.pdf,yes,comments/A253492-A259959.md
A259640,7 September 2026,papers/5001-5500/5073-PROOF.pdf,yes,comments/A253492-A259959.md
A259641,7 September 2026,papers/4001-4500/4427-PROOF.pdf,yes,comments/A253492-A259959.md
A259642,1 September 2026,papers/2501-3000/2534-PROOF.pdf,yes,comments/A253492-A259959.md
A259716,1 September 2026,papers/8501-9000/8818-PROOF.pdf,yes,comments/A253492-A259959.md
A259717,1 September 2026,papers/7001-7500/7315-PROOF.pdf,yes,comments/A253492-A259959.md
A259718,1 September 2026,papers/6001-6500/6347-PROOF.pdf,yes,comments/A253492-A259959.md
A259719,1 September 2026,papers/5501-6000/5666-PROOF.pdf,yes,comments/A253492-A259959.md
A259720,1 September 2026,papers/4001-4500/4056-PROOF.pdf,yes,comments/A253492-A259959.md
A259723,2 September 2026,papers/0501-1000/0525-PROOF.pdf,yes,comments/A253492-A259959.md
A259735,1 September 2026,papers/8001-8500/8303-PROOF.pdf,yes,comments/A253492-A259959.md
A259736,1 September 2026,papers/8501-9000/8765-PROOF.pdf,yes,comments/A253492-A259959.md
A259737,1 September 2026,papers/7001-7500/7286-PROOF.pdf,yes,comments/A253492-A259959.md
A259738,1 September 2026,papers/7001-7500/7273-PROOF.pdf,yes,comments/A253492-A259959.md
A259739,1 September 2026,papers/6001-6500/6062-PROOF.pdf,yes,comments/A253492-A259959.md
A259740,7 September 2026,papers/5501-6000/5836-PROOF.pdf,yes,comments/A253492-A259959.md
A259741,7 September 2026,papers/4501-5000/4820-PROOF.pdf,yes,comments/A253492-A259959.md
A259742,1 September 2026,papers/2501-3000/2535-PROOF.pdf,yes,comments/A253492-A259959.md
A259765,1 September 2026,papers/7501-8000/7833-PROOF.pdf,yes,comments/A253492-A259959.md
A259766,1 September 2026,papers/7001-7500/7175-PROOF.pdf,yes,comments/A253492-A259959.md
A259767,1 September 2026,papers/6501-7000/6695-PROOF.pdf,yes,comments/A253492-A259959.md
A259768,1 September 2026,papers/5501-6000/5758-PROOF.pdf,yes,comments/A253492-A259959.md
A259769,1 September 2026,papers/5001-5500/5196-PROOF.pdf,yes,comments/A253492-A259959.md
A259770,1 September 2026,papers/2001-2500/2298-PROOF.pdf,yes,comments/A253492-A259959.md
A259887,1 September 2026,papers/8501-9000/8819-PROOF.pdf,yes,comments/A253492-A259959.md
A259888,1 September 2026,papers/7501-8000/7774-PROOF.pdf,yes,comments/A253492-A259959.md
A259889,1 September 2026,papers/6001-6500/6348-PROOF.pdf,yes,comments/A253492-A259959.md
A259890,1 September 2026,papers/5501-6000/5667-PROOF.pdf,yes,comments/A253492-A259959.md
A259891,1 September 2026,papers/4001-4500/4346-PROOF.pdf,yes,comments/A253492-A259959.md
A259894,1 September 2026,papers/3001-3500/3011-PROOF.pdf,yes,comments/A253492-A259959.md
A259945,1 September 2026,papers/7501-8000/7834-PROOF.pdf,yes,comments/A253492-A259959.md
A259946,1 September 2026,papers/7501-8000/7543-PROOF.pdf,yes,comments/A253492-A259959.md
A259947,1 September 2026,papers/6001-6500/6349-PROOF.pdf,yes,comments/A253492-A259959.md
A259948,1 September 2026,papers/5501-6000/5515-PROOF.pdf,yes,comments/A253492-A259959.md
A259949,1 September 2026,papers/4501-5000/4515-PROOF.pdf,yes,comments/A253492-A259959.md
A259952,1 September 2026,papers/2001-2500/2299-PROOF.pdf,yes,comments/A253492-A259959.md
A259955,1 September 2026,papers/8001-8500/8051-PROOF.pdf,yes,comments/A253492-A259959.md
A259956,1 September 2026,papers/7501-8000/7775-PROOF.pdf,yes,comments/A253492-A259959.md
A259957,1 September 2026,papers/6501-7000/6541-PROOF.pdf,yes,comments/A253492-A259959.md
A259958,1 September 2026,papers/5501-6000/5594-PROOF.pdf,yes,comments/A253492-A259959.md
A259959,1 September 2026,papers/4001-4500/4387-PROOF.pdf,yes,comments/A253492-A259959.md
A259962,1 September 2026,papers/2001-2500/2435-PROOF.pdf,yes,comments/A259962-A264504.md
A259994,1 September 2026,papers/8001-8500/8052-PROOF.pdf,yes,comments/A259962-A264504.md
A259995,1 September 2026,papers/6501-7000/6722-PROOF.pdf,yes,comments/A259962-A264504.md
A259996,1 September 2026,papers/5501-6000/5969-PROOF.pdf,yes,comments/A259962-A264504.md
A259997,1 September 2026,papers/5001-5500/5358-PROOF.pdf,yes,comments/A259962-A264504.md
A259998,1 September 2026,papers/3501-4000/3890-PROOF.pdf,yes,comments/A259962-A264504.md
A260001,1 September 2026,papers/2001-2500/2436-PROOF.pdf,yes,comments/A259962-A264504.md
A260008,1 September 2026,papers/7501-8000/7602-PROOF.pdf,yes,comments/A259962-A264504.md
A260009,1 September 2026,papers/7501-8000/7544-PROOF.pdf,yes,comments/A259962-A264504.md
A260010,1 September 2026,papers/6501-7000/6998-PROOF.pdf,yes,comments/A259962-A264504.md
A260011,1 September 2026,papers/6001-6500/6332-PROOF.pdf,yes,comments/A259962-A264504.md
A260012,1 September 2026,papers/6001-6500/6063-PROOF.pdf,yes,comments/A259962-A264504.md
A260013,7 September 2026,papers/4501-5000/4697-PROOF.pdf,yes,comments/A259962-A264504.md
A260014,7 September 2026,papers/3501-4000/3933-PROOF.pdf,yes,comments/A259962-A264504.md
A260063,1 September 2026,papers/8001-8500/8304-PROOF.pdf,yes,comments/A259962-A264504.md
A260064,1 September 2026,papers/7001-7500/7176-PROOF.pdf,yes,comments/A259962-A264504.md
A260065,1 September 2026,papers/6001-6500/6206-PROOF.pdf,yes,comments/A259962-A264504.md
A260066,1 September 2026,papers/5501-6000/5759-PROOF.pdf,yes,comments/A259962-A264504.md
A260067,1 September 2026,papers/4501-5000/4574-PROOF.pdf,yes,comments/A259962-A264504.md
A260070,1 September 2026,papers/2501-3000/2596-PROOF.pdf,yes,comments/A259962-A264504.md
A260099,1 September 2026,papers/7501-8000/7603-PROOF.pdf,yes,comments/A259962-A264504.md
A260100,1 September 2026,papers/6001-6500/6220-PROOF.pdf,yes,comments/A259962-A264504.md
A260101,1 September 2026,papers/4501-5000/4841-PROOF.pdf,yes,comments/A259962-A264504.md
A260102,1 September 2026,papers/3501-4000/3912-PROOF.pdf,yes,comments/A259962-A264504.md
A260131,1 September 2026,papers/8501-9000/8820-PROOF.pdf,yes,comments/A259962-A264504.md
A260132,1 September 2026,papers/8001-8500/8228-PROOF.pdf,yes,comments/A259962-A264504.md
A260133,1 September 2026,papers/7001-7500/7497-PROOF.pdf,yes,comments/A259962-A264504.md
A260134,1 September 2026,papers/6501-7000/6990-PROOF.pdf,yes,comments/A259962-A264504.md
A260135,1 September 2026,papers/5501-6000/5504-PROOF.pdf,yes,comments/A259962-A264504.md
A260136,7 September 2026,papers/5001-5500/5074-PROOF.pdf,yes,comments/A259962-A264504.md
A260137,7 September 2026,papers/4001-4500/4428-PROOF.pdf,yes,comments/A259962-A264504.md
A260138,1 September 2026,papers/2501-3000/2536-PROOF.pdf,yes,comments/A259962-A264504.md
A260170,1 September 2026,papers/7001-7500/7366-PROOF.pdf,yes,comments/A259962-A264504.md
A260171,1 September 2026,papers/6501-7000/6570-PROOF.pdf,yes,comments/A259962-A264504.md
A260172,1 September 2026,papers/5001-5500/5091-PROOF.pdf,yes,comments/A259962-A264504.md
A260173,1 September 2026,papers/4001-4500/4002-PROOF.pdf,yes,comments/A259962-A264504.md
A260200,1 September 2026,papers/8501-9000/8552-PROOF.pdf,yes,comments/A259962-A264504.md
A260201,1 September 2026,papers/7501-8000/7776-PROOF.pdf,yes,comments/A259962-A264504.md
A260202,1 September 2026,papers/7001-7500/7142-PROOF.pdf,yes,comments/A259962-A264504.md
A260203,1 September 2026,papers/6001-6500/6077-PROOF.pdf,yes,comments/A259962-A264504.md
A260204,1 September 2026,papers/4501-5000/4936-PROOF.pdf,yes,comments/A259962-A264504.md
A260205,7 September 2026,papers/4001-4500/4296-PROOF.pdf,yes,comments/A259962-A264504.md
A260207,1 September 2026,papers/2001-2500/2260-PROOF.pdf,yes,comments/A259962-A264504.md
A260241,1 September 2026,papers/8001-8500/8305-PROOF.pdf,yes,comments/A259962-A264504.md
A260242,1 September 2026,papers/6501-7000/6723-PROOF.pdf,yes,comments/A259962-A264504.md
A260243,1 September 2026,papers/5001-5500/5162-PROOF.pdf,yes,comments/A259962-A264504.md
A260244,1 September 2026,papers/4001-4500/4309-PROOF.pdf,yes,comments/A259962-A264504.md
A260248,1 September 2026,papers/2501-3000/2597-PROOF.pdf,yes,comments/A259962-A264504.md
A260277,1 September 2026,papers/7501-8000/7835-PROOF.pdf,yes,comments/A259962-A264504.md
A260278,1 September 2026,papers/7501-8000/7545-PROOF.pdf,yes,comments/A259962-A264504.md
A260279,1 September 2026,papers/6501-7000/6696-PROOF.pdf,yes,comments/A259962-A264504.md
A260280,1 September 2026,papers/5501-6000/5760-PROOF.pdf,yes,comments/A259962-A264504.md
A260281,1 September 2026,papers/4501-5000/4575-PROOF.pdf,yes,comments/A259962-A264504.md
A260282,7 September 2026,papers/3501-4000/3908-PROOF.pdf,yes,comments/A259962-A264504.md
A260284,1 September 2026,papers/2001-2500/2300-PROOF.pdf,yes,comments/A259962-A264504.md
A260287,1 September 2026,papers/7501-8000/7604-PROOF.pdf,yes,comments/A259962-A264504.md
A260288,1 September 2026,papers/7001-7500/7316-PROOF.pdf,yes,comments/A259962-A264504.md
A260289,1 September 2026,papers/5501-6000/5520-PROOF.pdf,yes,comments/A259962-A264504.md
A260290,1 September 2026,papers/4501-5000/4520-PROOF.pdf,yes,comments/A259962-A264504.md
A260291,1 September 2026,papers/3501-4000/3611-PROOF.pdf,yes,comments/A259962-A264504.md
A260363,1 September 2026,papers/8001-8500/8053-PROOF.pdf,yes,comments/A259962-A264504.md
A260364,1 September 2026,papers/7001-7500/7025-PROOF.pdf,yes,comments/A259962-A264504.md
A260365,1 September 2026,papers/5001-5500/5213-PROOF.pdf,yes,comments/A259962-A264504.md
A260366,1 September 2026,papers/4001-4500/4355-PROOF.pdf,yes,comments/A259962-A264504.md
A260367,1 September 2026,papers/3501-4000/3754-PROOF.pdf,yes,comments/A259962-A264504.md
A260370,1 September 2026,papers/2001-2500/2437-PROOF.pdf,yes,comments/A259962-A264504.md
A260468,1 September 2026,papers/7001-7500/7060-PROOF.pdf,yes,comments/A259962-A264504.md
A260469,1 September 2026,papers/6001-6500/6381-PROOF.pdf,yes,comments/A259962-A264504.md
A260470,1 September 2026,papers/5501-6000/5970-PROOF.pdf,yes,comments/A259962-A264504.md
A260471,1 September 2026,papers/5001-5500/5204-PROOF.pdf,yes,comments/A259962-A264504.md
A260472,1 September 2026,papers/4001-4500/4432-PROOF.pdf,yes,comments/A259962-A264504.md
A260473,7 September 2026,papers/4001-4500/4106-PROOF.pdf,yes,comments/A259962-A264504.md
A260494,1 September 2026,papers/7001-7500/7061-PROOF.pdf,yes,comments/A259962-A264504.md
A260495,1 September 2026,papers/6001-6500/6221-PROOF.pdf,yes,comments/A259962-A264504.md
A260496,1 September 2026,papers/5001-5500/5092-PROOF.pdf,yes,comments/A259962-A264504.md
A260497,1 September 2026,papers/4501-5000/4521-PROOF.pdf,yes,comments/A259962-A264504.md
A260537,1 September 2026,papers/7501-8000/7605-PROOF.pdf,yes,comments/A259962-A264504.md
A260538,1 September 2026,papers/6501-7000/6872-PROOF.pdf,yes,comments/A259962-A264504.md
A260539,1 September 2026,papers/5501-6000/5971-PROOF.pdf,yes,comments/A259962-A264504.md
A260540,1 September 2026,papers/5001-5500/5285-PROOF.pdf,yes,comments/A259962-A264504.md
A260541,1 September 2026,papers/3501-4000/3870-PROOF.pdf,yes,comments/A259962-A264504.md
A260602,1 September 2026,papers/7001-7500/7062-PROOF.pdf,yes,comments/A259962-A264504.md
A260603,1 September 2026,papers/6501-7000/6873-PROOF.pdf,yes,comments/A259962-A264504.md
A260604,1 September 2026,papers/5501-6000/5521-PROOF.pdf,yes,comments/A259962-A264504.md
A260605,1 September 2026,papers/4501-5000/4657-PROOF.pdf,yes,comments/A259962-A264504.md
A260606,1 September 2026,papers/3501-4000/3612-PROOF.pdf,yes,comments/A259962-A264504.md
A260760,1 September 2026,papers/6501-7000/6765-PROOF.pdf,yes,comments/A259962-A264504.md
A260761,1 September 2026,papers/5501-6000/5875-PROOF.pdf,yes,comments/A259962-A264504.md
A260762,1 September 2026,papers/4501-5000/4958-PROOF.pdf,yes,comments/A259962-A264504.md
A260763,1 September 2026,papers/4001-4500/4058-PROOF.pdf,yes,comments/A259962-A264504.md
A260834,1 September 2026,papers/6501-7000/6766-PROOF.pdf,yes,comments/A259962-A264504.md
A260835,1 September 2026,papers/6001-6500/6102-PROOF.pdf,yes,comments/A259962-A264504.md
A260836,1 September 2026,papers/5501-6000/5679-PROOF.pdf,yes,comments/A259962-A264504.md
A260837,1 September 2026,papers/4501-5000/4895-PROOF.pdf,yes,comments/A259962-A264504.md
A260838,1 September 2026,papers/3501-4000/3871-PROOF.pdf,yes,comments/A259962-A264504.md
A260920,1 September 2026,papers/7501-8000/7836-PROOF.pdf,yes,comments/A259962-A264504.md
A260921,1 September 2026,papers/7501-8000/7777-PROOF.pdf,yes,comments/A259962-A264504.md
A260922,1 September 2026,papers/6501-7000/6999-PROOF.pdf,yes,comments/A259962-A264504.md
A260923,1 September 2026,papers/5501-6000/5845-PROOF.pdf,yes,comments/A259962-A264504.md
A260924,1 September 2026,papers/5001-5500/5273-PROOF.pdf,yes,comments/A259962-A264504.md
A260925,7 September 2026,papers/4501-5000/4513-PROOF.pdf,yes,comments/A259962-A264504.md
A260926,7 September 2026,papers/3501-4000/3992-PROOF.pdf,yes,comments/A259962-A264504.md
A260927,1 September 2026,papers/2001-2500/2261-PROOF.pdf,yes,comments/A259962-A264504.md
A260973,1 September 2026,papers/7501-8000/7837-PROOF.pdf,yes,comments/A259962-A264504.md
A260974,1 September 2026,papers/7001-7500/7177-PROOF.pdf,yes,comments/A259962-A264504.md
A260975,1 September 2026,papers/6501-7000/6697-PROOF.pdf,yes,comments/A259962-A264504.md
A260976,1 September 2026,papers/5501-6000/5963-PROOF.pdf,yes,comments/A259962-A264504.md
A260977,1 September 2026,papers/5001-5500/5197-PROOF.pdf,yes,comments/A259962-A264504.md
A260978,7 September 2026,papers/4001-4500/4297-PROOF.pdf,yes,comments/A259962-A264504.md
A260979,7 September 2026,papers/4001-4500/4030-PROOF.pdf,yes,comments/A259962-A264504.md
A261106,1 September 2026,papers/9001-9500/9092-PROOF.pdf,yes,comments/A259962-A264504.md
A261107,1 September 2026,papers/8001-8500/8229-PROOF.pdf,yes,comments/A259962-A264504.md
A261108,1 September 2026,papers/6501-7000/7000-PROOF.pdf,yes,comments/A259962-A264504.md
A261109,1 September 2026,papers/6501-7000/6832-PROOF.pdf,yes,comments/A259962-A264504.md
A261110,1 September 2026,papers/5501-6000/5505-PROOF.pdf,yes,comments/A259962-A264504.md
A261111,7 September 2026,papers/5001-5500/5271-PROOF.pdf,yes,comments/A259962-A264504.md
A261112,7 September 2026,papers/4001-4500/4177-PROOF.pdf,yes,comments/A259962-A264504.md
A261113,1 September 2026,papers/2501-3000/2537-PROOF.pdf,yes,comments/A259962-A264504.md
A261196,25 August 2026,papers/9001-9500/9314-PROOF.pdf,yes,comments/A259962-A264504.md
A261258,1 September 2026,papers/8001-8500/8306-PROOF.pdf,yes,comments/A259962-A264504.md
A261259,1 September 2026,papers/8001-8500/8497-PROOF.pdf,yes,comments/A259962-A264504.md
A261260,1 September 2026,papers/7001-7500/7001-PROOF.pdf,yes,comments/A259962-A264504.md
A261261,1 September 2026,papers/6001-6500/6333-PROOF.pdf,yes,comments/A259962-A264504.md
A261262,1 September 2026,papers/5001-5500/5414-PROOF.pdf,yes,comments/A259962-A264504.md
A261263,7 September 2026,papers/5001-5500/5006-PROOF.pdf,yes,comments/A259962-A264504.md
A261264,7 September 2026,papers/3501-4000/3955-PROOF.pdf,yes,comments/A259962-A264504.md
A261265,1 September 2026,papers/2501-3000/2538-PROOF.pdf,yes,comments/A259962-A264504.md
A261285,1 September 2026,papers/7001-7500/7063-PROOF.pdf,yes,comments/A259962-A264504.md
A261286,1 September 2026,papers/6001-6500/6382-PROOF.pdf,yes,comments/A259962-A264504.md
A261287,1 September 2026,papers/5501-6000/5680-PROOF.pdf,yes,comments/A259962-A264504.md
A261288,1 September 2026,papers/5501-6000/5516-PROOF.pdf,yes,comments/A259962-A264504.md
A261289,1 September 2026,papers/4501-5000/4702-PROOF.pdf,yes,comments/A259962-A264504.md
A261290,7 September 2026,papers/4001-4500/4473-PROOF.pdf,yes,comments/A259962-A264504.md
A261291,7 September 2026,papers/3501-4000/3888-PROOF.pdf,yes,comments/A259962-A264504.md
A261373,1 September 2026,papers/8001-8500/8307-PROOF.pdf,yes,comments/A259962-A264504.md
A261374,1 September 2026,papers/7501-8000/7778-PROOF.pdf,yes,comments/A259962-A264504.md
A261375,1 September 2026,papers/7001-7500/7002-PROOF.pdf,yes,comments/A259962-A264504.md
A261376,1 September 2026,papers/5501-6000/5846-PROOF.pdf,yes,comments/A259962-A264504.md
A261377,1 September 2026,papers/5001-5500/5348-PROOF.pdf,yes,comments/A259962-A264504.md
A261378,7 September 2026,papers/4501-5000/4514-PROOF.pdf,yes,comments/A259962-A264504.md
A261379,7 September 2026,papers/3501-4000/3993-PROOF.pdf,yes,comments/A259962-A264504.md
A261380,1 September 2026,papers/2001-2500/2262-PROOF.pdf,yes,comments/A259962-A264504.md
A261548,1 September 2026,papers/7001-7500/7064-PROOF.pdf,yes,comments/A259962-A264504.md
A261549,1 September 2026,papers/6001-6500/6383-PROOF.pdf,yes,comments/A259962-A264504.md
A261550,1 September 2026,papers/5501-6000/5606-PROOF.pdf,yes,comments/A259962-A264504.md
A261551,1 September 2026,papers/4501-5000/4616-PROOF.pdf,yes,comments/A259962-A264504.md
A261552,1 September 2026,papers/5001-5500/5198-PROOF.pdf,yes,comments/A259962-A264504.md
A261681,25 August 2026,papers/9501-10000/9788-PROOF.pdf,yes,comments/A259962-A264504.md
A261704,1 September 2026,papers/7501-8000/7606-PROOF.pdf,yes,comments/A259962-A264504.md
A261705,1 September 2026,papers/6501-7000/6571-PROOF.pdf,yes,comments/A259962-A264504.md
A261706,1 September 2026,papers/6501-7000/6698-PROOF.pdf,yes,comments/A259962-A264504.md
A261707,1 September 2026,papers/5501-6000/5761-PROOF.pdf,yes,comments/A259962-A264504.md
A261708,1 September 2026,papers/5001-5500/5199-PROOF.pdf,yes,comments/A259962-A264504.md
A262236,3 September 2026,papers/2001-2500/2473-PROOF.pdf,yes,comments/A259962-A264504.md
A262237,3 September 2026,papers/1001-1500/1371-PROOF.pdf,yes,comments/A259962-A264504.md
A262267,2 September 2026,papers/9001-9500/9467-PROOF.pdf,yes,comments/A259962-A264504.md
A262268,3 September 2026,papers/2001-2500/2326-PROOF.pdf,yes,comments/A259962-A264504.md
A262269,3 September 2026,papers/1001-1500/1114-PROOF.pdf,yes,comments/A259962-A264504.md
A262314,3 September 2026,papers/1501-2000/1785-PROOF.pdf,yes,comments/A259962-A264504.md
A262315,3 September 2026,papers/1001-1500/1187-PROOF.pdf,yes,comments/A259962-A264504.md
A262316,3 September 2026,papers/1001-1500/1364-PROOF.pdf,yes,comments/A259962-A264504.md
A262326,2 September 2026,papers/9501-10000/9538-PROOF.pdf,yes,comments/A259962-A264504.md
A262327,2 September 2026,papers/9501-10000/9539-PROOF.pdf,yes,comments/A259962-A264504.md
A262328,3 September 2026,papers/2001-2500/2419-PROOF.pdf,yes,comments/A259962-A264504.md
A262329,3 September 2026,papers/1501-2000/1975-PROOF.pdf,yes,comments/A259962-A264504.md
A262330,3 September 2026,papers/1501-2000/1763-PROOF.pdf,yes,comments/A259962-A264504.md
A262331,3 September 2026,papers/1501-2000/1600-PROOF.pdf,yes,comments/A259962-A264504.md
A262333,3 September 2026,papers/2501-3000/2876-PROOF.pdf,yes,comments/A259962-A264504.md
A262334,3 September 2026,papers/1501-2000/1987-PROOF.pdf,yes,comments/A259962-A264504.md
A262335,3 September 2026,papers/1501-2000/1672-PROOF.pdf,yes,comments/A259962-A264504.md
A262414,3 September 2026,papers/3001-3500/3278-PROOF.pdf,yes,comments/A259962-A264504.md
A262415,2 September 2026,papers/9501-10000/9540-PROOF.pdf,yes,comments/A259962-A264504.md
A262416,3 September 2026,papers/2001-2500/2420-PROOF.pdf,yes,comments/A259962-A264504.md
A262417,3 September 2026,papers/1501-2000/1976-PROOF.pdf,yes,comments/A259962-A264504.md
A262418,3 September 2026,papers/1501-2000/1869-PROOF.pdf,yes,comments/A259962-A264504.md
A262419,3 September 2026,papers/1501-2000/1601-PROOF.pdf,yes,comments/A259962-A264504.md
A262421,3 September 2026,papers/2001-2500/2457-PROOF.pdf,yes,comments/A259962-A264504.md
A262422,3 September 2026,papers/2001-2500/2179-PROOF.pdf,yes,comments/A259962-A264504.md
A262423,3 September 2026,papers/1501-2000/1977-PROOF.pdf,yes,comments/A259962-A264504.md
A262424,3 September 2026,papers/1501-2000/1962-PROOF.pdf,yes,comments/A259962-A264504.md
A262425,3 September 2026,papers/1501-2000/1661-PROOF.pdf,yes,comments/A259962-A264504.md
A262426,3 September 2026,papers/1501-2000/1526-PROOF.pdf,yes,comments/A259962-A264504.md
A262450,3 September 2026,papers/2501-3000/2851-PROOF.pdf,yes,comments/A259962-A264504.md
A262451,3 September 2026,papers/1001-1500/1170-PROOF.pdf,yes,comments/A259962-A264504.md
A262466,3 September 2026,papers/2001-2500/2327-PROOF.pdf,yes,comments/A259962-A264504.md
A262467,3 September 2026,papers/1501-2000/1777-PROOF.pdf,yes,comments/A259962-A264504.md
A262473,3 September 2026,papers/2501-3000/2877-PROOF.pdf,yes,comments/A259962-A264504.md
A262474,3 September 2026,papers/1501-2000/1885-PROOF.pdf,yes,comments/A259962-A264504.md
A262475,3 September 2026,papers/1001-1500/1314-PROOF.pdf,yes,comments/A259962-A264504.md
A262482,2 September 2026,papers/9001-9500/9384-PROOF.pdf,yes,comments/A259962-A264504.md
A262483,3 September 2026,papers/1001-1500/1154-PROOF.pdf,yes,comments/A259962-A264504.md
A262753,3 September 2026,papers/2001-2500/2444-PROOF.pdf,yes,comments/A259962-A264504.md
A262760,3 September 2026,papers/1501-2000/1684-PROOF.pdf,yes,comments/A259962-A264504.md
A262761,3 September 2026,papers/1501-2000/1709-PROOF.pdf,yes,comments/A259962-A264504.md
A262768,25 August 2026,papers/9501-10000/9894-PROOF.pdf,yes,comments/A259962-A264504.md
A262789,3 September 2026,papers/2001-2500/2328-PROOF.pdf,yes,comments/A259962-A264504.md
A262790,3 September 2026,papers/1001-1500/1115-PROOF.pdf,yes,comments/A259962-A264504.md
A262796,3 September 2026,papers/1001-1500/1358-PROOF.pdf,yes,comments/A259962-A264504.md
A262797,3 September 2026,papers/1001-1500/1343-PROOF.pdf,yes,comments/A259962-A264504.md
A262817,3 September 2026,papers/1501-2000/1673-PROOF.pdf,yes,comments/A259962-A264504.md
A262844,3 September 2026,papers/1501-2000/1786-PROOF.pdf,yes,comments/A259962-A264504.md
A262845,3 September 2026,papers/1001-1500/1188-PROOF.pdf,yes,comments/A259962-A264504.md
A262846,3 September 2026,papers/1001-1500/1365-PROOF.pdf,yes,comments/A259962-A264504.md
A262850,3 September 2026,papers/1501-2000/1714-PROOF.pdf,yes,comments/A259962-A264504.md
A262918,3 September 2026,papers/2001-2500/2324-PROOF.pdf,yes,comments/A259962-A264504.md
A262919,3 September 2026,papers/2001-2500/2077-PROOF.pdf,yes,comments/A259962-A264504.md
A263033,3 September 2026,papers/1001-1500/1359-PROOF.pdf,yes,comments/A259962-A264504.md
A263034,3 September 2026,papers/1001-1500/1344-PROOF.pdf,yes,comments/A259962-A264504.md
A263053,6 September 2026,papers/3001-3500/3291-PROOF.pdf,yes,comments/A259962-A264504.md
A263054,3 September 2026,papers/2001-2500/2458-PROOF.pdf,yes,comments/A259962-A264504.md
A263055,3 September 2026,papers/2001-2500/2288-PROOF.pdf,yes,comments/A259962-A264504.md
A263056,3 September 2026,papers/1501-2000/1978-PROOF.pdf,yes,comments/A259962-A264504.md
A263057,3 September 2026,papers/1501-2000/1963-PROOF.pdf,yes,comments/A259962-A264504.md
A263058,3 September 2026,papers/1501-2000/1662-PROOF.pdf,yes,comments/A259962-A264504.md
A263059,3 September 2026,papers/1501-2000/1527-PROOF.pdf,yes,comments/A259962-A264504.md
A263113,3 September 2026,papers/1501-2000/1715-PROOF.pdf,yes,comments/A259962-A264504.md
A263119,6 September 2026,papers/2501-3000/2852-PROOF.pdf,yes,comments/A259962-A264504.md
A263120,3 September 2026,papers/1001-1500/1171-PROOF.pdf,yes,comments/A259962-A264504.md
A263218,3 September 2026,papers/1501-2000/1741-PROOF.pdf,yes,comments/A259962-A264504.md
A263219,3 September 2026,papers/1001-1500/1435-PROOF.pdf,yes,comments/A259962-A264504.md
A263285,3 September 2026,papers/1001-1500/1372-PROOF.pdf,yes,comments/A259962-A264504.md
A263300,3 September 2026,papers/1001-1500/1155-PROOF.pdf,yes,comments/A259962-A264504.md
A263334,3 September 2026,papers/3001-3500/3097-PROOF.pdf,yes,comments/A259962-A264504.md
A263366,3 September 2026,papers/2501-3000/2687-PROOF.pdf,yes,comments/A259962-A264504.md
A263367,3 September 2026,papers/1501-2000/1620-PROOF.pdf,yes,comments/A259962-A264504.md
A263375,3 September 2026,papers/2001-2500/2213-PROOF.pdf,yes,comments/A259962-A264504.md
A263376,7 September 2026,papers/4001-4500/4103-PROOF.pdf,yes,comments/A259962-A264504.md
A263434,3 September 2026,papers/1501-2000/1900-PROOF.pdf,yes,comments/A259962-A264504.md
A263459,3 September 2026,papers/2501-3000/2678-PROOF.pdf,yes,comments/A259962-A264504.md
A263551,3 September 2026,papers/3001-3500/3288-PROOF.pdf,yes,comments/A259962-A264504.md
A263667,3 September 2026,papers/2001-2500/2003-PROOF.pdf,yes,comments/A259962-A264504.md
A263794,2 September 2026,papers/9001-9500/9398-PROOF.pdf,yes,comments/A259962-A264504.md
A263795,3 September 2026,papers/1501-2000/1607-PROOF.pdf,yes,comments/A259962-A264504.md
A263796,3 September 2026,papers/1001-1500/1250-PROOF.pdf,yes,comments/A259962-A264504.md
A263812,1 September 2026,papers/0501-1000/0957-PROOF.pdf,yes,comments/A259962-A264504.md
A263813,1 September 2026,papers/0501-1000/0544-PROOF.pdf,yes,comments/A259962-A264504.md
A263814,2 September 2026,papers/0001-0500/0176-PROOF.pdf,yes,comments/A259962-A264504.md
A263816,1 September 2026,papers/3001-3500/3012-PROOF.pdf,yes,comments/A259962-A264504.md
A263817,1 September 2026,papers/0001-0500/0423-PROOF.pdf,yes,comments/A259962-A264504.md
A263869,2 September 2026,papers/9001-9500/9376-PROOF.pdf,yes,comments/A259962-A264504.md
A263870,3 September 2026,papers/1001-1500/1251-PROOF.pdf,yes,comments/A259962-A264504.md
A263907,2 September 2026,papers/9501-10000/9549-PROOF.pdf,yes,comments/A259962-A264504.md
A263908,2 September 2026,papers/9001-9500/9468-PROOF.pdf,yes,comments/A259962-A264504.md
A263960,1 September 2026,papers/0501-1000/0889-PROOF.pdf,yes,comments/A259962-A264504.md
A263961,1 September 2026,papers/0501-1000/0545-PROOF.pdf,yes,comments/A259962-A264504.md
A263962,2 September 2026,papers/0001-0500/0177-PROOF.pdf,yes,comments/A259962-A264504.md
A263964,1 September 2026,papers/2501-3000/2789-PROOF.pdf,yes,comments/A259962-A264504.md
A263965,1 September 2026,papers/0001-0500/0449-PROOF.pdf,yes,comments/A259962-A264504.md
A263966,1 September 2026,papers/0001-0500/0408-PROOF.pdf,yes,comments/A259962-A264504.md
A263969,1 September 2026,papers/0501-1000/0670-PROOF.pdf,yes,comments/A259962-A264504.md
A263970,1 September 2026,papers/0001-0500/0416-PROOF.pdf,yes,comments/A259962-A264504.md
A263971,2 September 2026,papers/0001-0500/0269-PROOF.pdf,yes,comments/A259962-A264504.md
A263973,1 September 2026,papers/3001-3500/3367-PROOF.pdf,yes,comments/A259962-A264504.md
A263989,1 September 2026,papers/3001-3500/3402-PROOF.pdf,yes,comments/A259962-A264504.md
A263999,1 September 2026,papers/0501-1000/0848-PROOF.pdf,yes,comments/A259962-A264504.md
A264000,1 September 2026,papers/0501-1000/0825-PROOF.pdf,yes,comments/A259962-A264504.md
A264001,1 September 2026,papers/0001-0500/0397-PROOF.pdf,yes,comments/A259962-A264504.md
A264003,1 September 2026,papers/2501-3000/2598-PROOF.pdf,yes,comments/A259962-A264504.md
A264004,1 September 2026,papers/0501-1000/0735-PROOF.pdf,yes,comments/A259962-A264504.md
A264005,1 September 2026,papers/0501-1000/0524-PROOF.pdf,yes,comments/A259962-A264504.md
A264014,7 September 2026,papers/9001-9500/9204-PROOF.pdf,yes,comments/A259962-A264504.md
A264017,1 September 2026,papers/3001-3500/3405-PROOF.pdf,yes,comments/A259962-A264504.md
A264018,1 September 2026,papers/0501-1000/0922-PROOF.pdf,yes,comments/A259962-A264504.md
A264019,7 September 2026,papers/8501-9000/8698-PROOF.pdf,yes,comments/A259962-A264504.md
A264054,1 September 2026,papers/0501-1000/0721-PROOF.pdf,yes,comments/A259962-A264504.md
A264055,7 September 2026,papers/6001-6500/6186-PROOF.pdf,yes,comments/A259962-A264504.md
A264056,7 September 2026,papers/7501-8000/7698-PROOF.pdf,yes,comments/A259962-A264504.md
A264059,1 September 2026,papers/3001-3500/3406-PROOF.pdf,yes,comments/A259962-A264504.md
A264060,1 September 2026,papers/0501-1000/0605-PROOF.pdf,yes,comments/A259962-A264504.md
A264061,7 September 2026,papers/4501-5000/4934-PROOF.pdf,yes,comments/A259962-A264504.md
A264067,1 September 2026,papers/1001-1500/1014-PROOF.pdf,yes,comments/A259962-A264504.md
A264068,1 September 2026,papers/0501-1000/0923-PROOF.pdf,yes,comments/A259962-A264504.md
A264069,1 September 2026,papers/0501-1000/0871-PROOF.pdf,yes,comments/A259962-A264504.md
A264071,1 September 2026,papers/3001-3500/3313-PROOF.pdf,yes,comments/A259962-A264504.md
A264072,7 September 2026,papers/8001-8500/8443-PROOF.pdf,yes,comments/A259962-A264504.md
A264073,7 September 2026,papers/8001-8500/8438-PROOF.pdf,yes,comments/A259962-A264504.md
A264085,1 September 2026,papers/0501-1000/0924-PROOF.pdf,yes,comments/A259962-A264504.md
A264086,7 September 2026,papers/8501-9000/8699-PROOF.pdf,yes,comments/A259962-A264504.md
A264090,1 September 2026,papers/3001-3500/3180-PROOF.pdf,yes,comments/A259962-A264504.md
A264091,1 September 2026,papers/0501-1000/0722-PROOF.pdf,yes,comments/A259962-A264504.md
A264092,7 September 2026,papers/7501-8000/7704-PROOF.pdf,yes,comments/A259962-A264504.md
A264106,1 September 2026,papers/0501-1000/0958-PROOF.pdf,yes,comments/A259962-A264504.md
A264107,1 September 2026,papers/0501-1000/0931-PROOF.pdf,yes,comments/A259962-A264504.md
A264108,1 September 2026,papers/0501-1000/0558-PROOF.pdf,yes,comments/A259962-A264504.md
A264109,1 September 2026,papers/0001-0500/0424-PROOF.pdf,yes,comments/A259962-A264504.md
A264110,1 September 2026,papers/2501-3000/2918-PROOF.pdf,yes,comments/A259962-A264504.md
A264111,1 September 2026,papers/0501-1000/0570-PROOF.pdf,yes,comments/A259962-A264504.md
A264122,1 September 2026,papers/0501-1000/0723-PROOF.pdf,yes,comments/A259962-A264504.md
A264123,2 September 2026,papers/9501-10000/9620-PROOF.pdf,yes,comments/A259962-A264504.md
A264124,7 September 2026,papers/7501-8000/7699-PROOF.pdf,yes,comments/A259962-A264504.md
A264128,1 September 2026,papers/3001-3500/3407-PROOF.pdf,yes,comments/A259962-A264504.md
A264129,1 September 2026,papers/1001-1500/1015-PROOF.pdf,yes,comments/A259962-A264504.md
A264130,1 September 2026,papers/0501-1000/0872-PROOF.pdf,yes,comments/A259962-A264504.md
A264131,1 September 2026,papers/3001-3500/3160-PROOF.pdf,yes,comments/A259962-A264504.md
A264132,1 September 2026,papers/0501-1000/0571-PROOF.pdf,yes,comments/A259962-A264504.md
A264138,1 September 2026,papers/0501-1000/0726-PROOF.pdf,yes,comments/A259962-A264504.md
A264139,1 September 2026,papers/0001-0500/0386-PROOF.pdf,yes,comments/A259962-A264504.md
A264142,1 September 2026,papers/2501-3000/2948-PROOF.pdf,yes,comments/A259962-A264504.md
A264158,1 September 2026,papers/0501-1000/0736-PROOF.pdf,yes,comments/A259962-A264504.md
A264163,1 September 2026,papers/2001-2500/2263-PROOF.pdf,yes,comments/A259962-A264504.md
A264166,1 September 2026,papers/0501-1000/0826-PROOF.pdf,yes,comments/A259962-A264504.md
A264167,1 September 2026,papers/0501-1000/0874-PROOF.pdf,yes,comments/A259962-A264504.md
A264168,7 September 2026,papers/3501-4000/3934-PROOF.pdf,yes,comments/A259962-A264504.md
A264172,1 September 2026,papers/2501-3000/2539-PROOF.pdf,yes,comments/A259962-A264504.md
A264184,1 September 2026,papers/0501-1000/0559-PROOF.pdf,yes,comments/A259962-A264504.md
A264185,2 September 2026,papers/9501-10000/9621-PROOF.pdf,yes,comments/A259962-A264504.md
A264186,7 September 2026,papers/6501-7000/6817-PROOF.pdf,yes,comments/A259962-A264504.md
A264190,1 September 2026,papers/3001-3500/3408-PROOF.pdf,yes,comments/A259962-A264504.md
A264191,1 September 2026,papers/0501-1000/0560-PROOF.pdf,yes,comments/A259962-A264504.md
A264192,7 September 2026,papers/6501-7000/6663-PROOF.pdf,yes,comments/A259962-A264504.md
A264195,1 September 2026,papers/3001-3500/3409-PROOF.pdf,yes,comments/A259962-A264504.md
A264196,1 September 2026,papers/0001-0500/0317-PROOF.pdf,yes,comments/A259962-A264504.md
A264197,7 September 2026,papers/5001-5500/5075-PROOF.pdf,yes,comments/A259962-A264504.md
A264202,1 September 2026,papers/0501-1000/0849-PROOF.pdf,yes,comments/A259962-A264504.md
A264203,1 September 2026,papers/0501-1000/0877-PROOF.pdf,yes,comments/A259962-A264504.md
A264204,1 September 2026,papers/0001-0500/0398-PROOF.pdf,yes,comments/A259962-A264504.md
A264207,1 September 2026,papers/2501-3000/2540-PROOF.pdf,yes,comments/A259962-A264504.md
A264211,1 September 2026,papers/0501-1000/0752-PROOF.pdf,yes,comments/A259962-A264504.md
A264212,1 September 2026,papers/0001-0500/0442-PROOF.pdf,yes,comments/A259962-A264504.md
A264217,1 September 2026,papers/2501-3000/2541-PROOF.pdf,yes,comments/A259962-A264504.md
A264218,1 September 2026,papers/0501-1000/0827-PROOF.pdf,yes,comments/A259962-A264504.md
A264219,1 September 2026,papers/0001-0500/0294-PROOF.pdf,yes,comments/A259962-A264504.md
A264238,1 September 2026,papers/1001-1500/1004-PROOF.pdf,yes,comments/A259962-A264504.md
A264239,1 September 2026,papers/0501-1000/0828-PROOF.pdf,yes,comments/A259962-A264504.md
A264240,1 September 2026,papers/0001-0500/0494-PROOF.pdf,yes,comments/A259962-A264504.md
A264241,1 September 2026,papers/0001-0500/0288-PROOF.pdf,yes,comments/A259962-A264504.md
A264244,1 September 2026,papers/2501-3000/2542-PROOF.pdf,yes,comments/A259962-A264504.md
A264245,1 September 2026,papers/0501-1000/0829-PROOF.pdf,yes,comments/A259962-A264504.md
A264246,1 September 2026,papers/0501-1000/0683-PROOF.pdf,yes,comments/A259962-A264504.md
A264251,1 September 2026,papers/0501-1000/0753-PROOF.pdf,yes,comments/A259962-A264504.md
A264252,1 September 2026,papers/0001-0500/0384-PROOF.pdf,yes,comments/A259962-A264504.md
A264257,1 September 2026,papers/2001-2500/2301-PROOF.pdf,yes,comments/A259962-A264504.md
A264258,1 September 2026,papers/0001-0500/0290-PROOF.pdf,yes,comments/A259962-A264504.md
A264266,1 September 2026,papers/0501-1000/0754-PROOF.pdf,yes,comments/A259962-A264504.md
A264267,1 September 2026,papers/0501-1000/0737-PROOF.pdf,yes,comments/A259962-A264504.md
A264268,2 September 2026,papers/0001-0500/0271-PROOF.pdf,yes,comments/A259962-A264504.md
A264272,1 September 2026,papers/2501-3000/2949-PROOF.pdf,yes,comments/A259962-A264504.md
A264273,1 September 2026,papers/1001-1500/1027-PROOF.pdf,yes,comments/A259962-A264504.md
A264274,7 September 2026,papers/5501-6000/5653-PROOF.pdf,yes,comments/A259962-A264504.md
A264275,7 September 2026,papers/5001-5500/5409-PROOF.pdf,yes,comments/A259962-A264504.md
A264280,1 September 2026,papers/0501-1000/0996-PROOF.pdf,yes,comments/A259962-A264504.md
A264281,1 September 2026,papers/0501-1000/0809-PROOF.pdf,yes,comments/A259962-A264504.md
A264282,1 September 2026,papers/0001-0500/0409-PROOF.pdf,yes,comments/A259962-A264504.md
A264283,1 September 2026,papers/0001-0500/0352-PROOF.pdf,yes,comments/A259962-A264504.md
A264284,7 September 2026,papers/4501-5000/4825-PROOF.pdf,yes,comments/A259962-A264504.md
A264285,1 September 2026,papers/2501-3000/2505-PROOF.pdf,yes,comments/A259962-A264504.md
A264286,1 September 2026,papers/0501-1000/0875-PROOF.pdf,yes,comments/A259962-A264504.md
A264287,7 September 2026,papers/3501-4000/3935-PROOF.pdf,yes,comments/A259962-A264504.md
A264294,1 September 2026,papers/0501-1000/0755-PROOF.pdf,yes,comments/A259962-A264504.md
A264295,1 September 2026,papers/0001-0500/0462-PROOF.pdf,yes,comments/A259962-A264504.md
A264299,1 September 2026,papers/2001-2500/2302-PROOF.pdf,yes,comments/A259962-A264504.md
A264300,1 September 2026,papers/0501-1000/0697-PROOF.pdf,yes,comments/A259962-A264504.md
A264301,1 September 2026,papers/0001-0500/0365-PROOF.pdf,yes,comments/A259962-A264504.md
A264307,1 September 2026,papers/1001-1500/1005-PROOF.pdf,yes,comments/A259962-A264504.md
A264308,1 September 2026,papers/0501-1000/0546-PROOF.pdf,yes,comments/A259962-A264504.md
A264309,1 September 2026,papers/0001-0500/0460-PROOF.pdf,yes,comments/A259962-A264504.md
A264310,1 September 2026,papers/0001-0500/0410-PROOF.pdf,yes,comments/A259962-A264504.md
A264313,1 September 2026,papers/3001-3500/3217-PROOF.pdf,yes,comments/A259962-A264504.md
A264314,1 September 2026,papers/0501-1000/0572-PROOF.pdf,yes,comments/A259962-A264504.md
A264315,1 September 2026,papers/0501-1000/0632-PROOF.pdf,yes,comments/A259962-A264504.md
A264331,1 September 2026,papers/0501-1000/0573-PROOF.pdf,yes,comments/A259962-A264504.md
A264332,1 September 2026,papers/0501-1000/0810-PROOF.pdf,yes,comments/A259962-A264504.md
A264334,1 September 2026,papers/0001-0500/0353-PROOF.pdf,yes,comments/A259962-A264504.md
A264336,1 September 2026,papers/2501-3000/2506-PROOF.pdf,yes,comments/A259962-A264504.md
A264337,1 September 2026,papers/1001-1500/1016-PROOF.pdf,yes,comments/A259962-A264504.md
A264338,1 September 2026,papers/0501-1000/0925-PROOF.pdf,yes,comments/A259962-A264504.md
A264339,1 September 2026,papers/0501-1000/0873-PROOF.pdf,yes,comments/A259962-A264504.md
A264340,7 September 2026,papers/8001-8500/8444-PROOF.pdf,yes,comments/A259962-A264504.md
A264341,1 September 2026,papers/2501-3000/2919-PROOF.pdf,yes,comments/A259962-A264504.md
A264342,1 September 2026,papers/0501-1000/0561-PROOF.pdf,yes,comments/A259962-A264504.md
A264343,7 September 2026,papers/4501-5000/4826-PROOF.pdf,yes,comments/A259962-A264504.md
A264359,1 September 2026,papers/0501-1000/0830-PROOF.pdf,yes,comments/A259962-A264504.md
A264360,1 September 2026,papers/0501-1000/0811-PROOF.pdf,yes,comments/A259962-A264504.md
A264361,1 September 2026,papers/0501-1000/0991-PROOF.pdf,yes,comments/A259962-A264504.md
A264362,1 September 2026,papers/0001-0500/0394-PROOF.pdf,yes,comments/A259962-A264504.md
A264364,1 September 2026,papers/2501-3000/2507-PROOF.pdf,yes,comments/A259962-A264504.md
A264365,1 September 2026,papers/0501-1000/0698-PROOF.pdf,yes,comments/A259962-A264504.md
A264366,1 September 2026,papers/0501-1000/0926-PROOF.pdf,yes,comments/A259962-A264504.md
A264373,1 September 2026,papers/0001-0500/0469-PROOF.pdf,yes,comments/A259962-A264504.md
A264374,7 September 2026,papers/3501-4000/3750-PROOF.pdf,yes,comments/A259962-A264504.md
A264379,1 September 2026,papers/2501-3000/2950-PROOF.pdf,yes,comments/A259962-A264504.md
A264380,1 September 2026,papers/0501-1000/0645-PROOF.pdf,yes,comments/A259962-A264504.md
A264417,1 September 2026,papers/0001-0500/0257-PROOF.pdf,yes,comments/A259962-A264504.md
A264422,1 September 2026,papers/2501-3000/2543-PROOF.pdf,yes,comments/A259962-A264504.md
A264423,1 September 2026,papers/0501-1000/0766-PROOF.pdf,yes,comments/A259962-A264504.md
A264424,7 September 2026,papers/4501-5000/4890-PROOF.pdf,yes,comments/A259962-A264504.md
A264425,7 September 2026,papers/6001-6500/6308-PROOF.pdf,yes,comments/A259962-A264504.md
A264471,7 September 2026,papers/6501-7000/6509-PROOF.pdf,yes,comments/A259962-A264504.md
A264472,7 September 2026,papers/8001-8500/8130-PROOF.pdf,yes,comments/A259962-A264504.md
A264476,1 September 2026,papers/2501-3000/2951-PROOF.pdf,yes,comments/A259962-A264504.md
A264477,1 September 2026,papers/0501-1000/0547-PROOF.pdf,yes,comments/A259962-A264504.md
A264478,1 September 2026,papers/0501-1000/0651-PROOF.pdf,yes,comments/A259962-A264504.md
A264484,1 September 2026,papers/0501-1000/0699-PROOF.pdf,yes,comments/A259962-A264504.md
A264485,1 September 2026,papers/0001-0500/0358-PROOF.pdf,yes,comments/A259962-A264504.md
A264490,1 September 2026,papers/3001-3500/3410-PROOF.pdf,yes,comments/A259962-A264504.md
A264491,1 September 2026,papers/0501-1000/0876-PROOF.pdf,yes,comments/A259962-A264504.md
A264492,7 September 2026,papers/8001-8500/8131-PROOF.pdf,yes,comments/A259962-A264504.md
A264501,1 September 2026,papers/0501-1000/0574-PROOF.pdf,yes,comments/A259962-A264504.md
A264502,1 September 2026,papers/0501-1000/0812-PROOF.pdf,yes,comments/A259962-A264504.md
A264504,1 September 2026,papers/0001-0500/0354-PROOF.pdf,yes,comments/A259962-A264504.md
A264506,1 September 2026,papers/2501-3000/2508-PROOF.pdf,yes,comments/A264506-A274853.md
A264507,1 September 2026,papers/0501-1000/0868-PROOF.pdf,yes,comments/A264506-A274853.md
A264508,1 September 2026,papers/0501-1000/0583-PROOF.pdf,yes,comments/A264506-A274853.md
A264509,2 September 2026,papers/0001-0500/0219-PROOF.pdf,yes,comments/A264506-A274853.md
A264515,1 September 2026,papers/0001-0500/0484-PROOF.pdf,yes,comments/A264506-A274853.md
A264516,2 September 2026,papers/0001-0500/0168-PROOF.pdf,yes,comments/A264506-A274853.md
A264520,1 September 2026,papers/2001-2500/2148-PROOF.pdf,yes,comments/A264506-A274853.md
A264528,1 September 2026,papers/0001-0500/0470-PROOF.pdf,yes,comments/A264506-A274853.md
A264529,7 September 2026,papers/4001-4500/4430-PROOF.pdf,yes,comments/A264506-A274853.md
A264534,1 September 2026,papers/3001-3500/3324-PROOF.pdf,yes,comments/A264506-A274853.md
A264535,1 September 2026,papers/0501-1000/0646-PROOF.pdf,yes,comments/A264506-A274853.md
A264536,7 September 2026,papers/8001-8500/8445-PROOF.pdf,yes,comments/A264506-A274853.md
A264537,7 September 2026,papers/7001-7500/7255-PROOF.pdf,yes,comments/A264506-A274853.md
A264544,1 September 2026,papers/0501-1000/0959-PROOF.pdf,yes,comments/A264506-A274853.md
A264545,1 September 2026,papers/0501-1000/0548-PROOF.pdf,yes,comments/A264506-A274853.md
A264546,1 September 2026,papers/0501-1000/0652-PROOF.pdf,yes,comments/A264506-A274853.md
A264550,1 September 2026,papers/2501-3000/2544-PROOF.pdf,yes,comments/A264506-A274853.md
A264551,1 September 2026,papers/0501-1000/0927-PROOF.pdf,yes,comments/A264506-A274853.md
A264552,7 September 2026,papers/3501-4000/3640-PROOF.pdf,yes,comments/A264506-A274853.md
A264564,1 September 2026,papers/0501-1000/0549-PROOF.pdf,yes,comments/A264506-A274853.md
A264565,1 September 2026,papers/0501-1000/0813-PROOF.pdf,yes,comments/A264506-A274853.md
A264567,1 September 2026,papers/0001-0500/0355-PROOF.pdf,yes,comments/A264506-A274853.md
A264569,1 September 2026,papers/2501-3000/2509-PROOF.pdf,yes,comments/A264506-A274853.md
A264570,1 September 2026,papers/0501-1000/0960-PROOF.pdf,yes,comments/A264506-A274853.md
A264571,1 September 2026,papers/0001-0500/0213-PROOF.pdf,yes,comments/A264506-A274853.md
A264572,2 September 2026,papers/0001-0500/0260-PROOF.pdf,yes,comments/A264506-A274853.md
A264578,1 September 2026,papers/0501-1000/0550-PROOF.pdf,yes,comments/A264506-A274853.md
A264579,1 September 2026,papers/0501-1000/0814-PROOF.pdf,yes,comments/A264506-A274853.md
A264581,1 September 2026,papers/0001-0500/0356-PROOF.pdf,yes,comments/A264506-A274853.md
A264583,1 September 2026,papers/2501-3000/2510-PROOF.pdf,yes,comments/A264506-A274853.md
A264584,1 September 2026,papers/0501-1000/0663-PROOF.pdf,yes,comments/A264506-A274853.md
A264585,1 September 2026,papers/0501-1000/0647-PROOF.pdf,yes,comments/A264506-A274853.md
A264622,1 September 2026,papers/0501-1000/0878-PROOF.pdf,yes,comments/A264506-A274853.md
A264623,7 September 2026,papers/4001-4500/4298-PROOF.pdf,yes,comments/A264506-A274853.md
A264624,7 September 2026,papers/7001-7500/7127-PROOF.pdf,yes,comments/A264506-A274853.md
A264629,1 September 2026,papers/0501-1000/0671-PROOF.pdf,yes,comments/A264506-A274853.md
A264630,1 September 2026,papers/0501-1000/0551-PROOF.pdf,yes,comments/A264506-A274853.md
A264631,1 September 2026,papers/0001-0500/0495-PROOF.pdf,yes,comments/A264506-A274853.md
A264649,1 September 2026,papers/0501-1000/0648-PROOF.pdf,yes,comments/A264506-A274853.md
A264650,7 September 2026,papers/6501-7000/6510-PROOF.pdf,yes,comments/A264506-A274853.md
A264651,7 September 2026,papers/6001-6500/6055-PROOF.pdf,yes,comments/A264506-A274853.md
A264655,1 September 2026,papers/3001-3500/3181-PROOF.pdf,yes,comments/A264506-A274853.md
A264670,1 September 2026,papers/0501-1000/0649-PROOF.pdf,yes,comments/A264506-A274853.md
A264671,7 September 2026,papers/6501-7000/6511-PROOF.pdf,yes,comments/A264506-A274853.md
A264672,7 September 2026,papers/5001-5500/5339-PROOF.pdf,yes,comments/A264506-A274853.md
A264676,1 September 2026,papers/2501-3000/2545-PROOF.pdf,yes,comments/A264506-A274853.md
A264677,1 September 2026,papers/0501-1000/0684-PROOF.pdf,yes,comments/A264506-A274853.md
A264678,7 September 2026,papers/3501-4000/3641-PROOF.pdf,yes,comments/A264506-A274853.md
A264874,7 September 2026,papers/4001-4500/4299-PROOF.pdf,yes,comments/A264506-A274853.md
A264878,1 September 2026,papers/2501-3000/2736-PROOF.pdf,yes,comments/A264506-A274853.md
A264879,1 September 2026,papers/0001-0500/0476-PROOF.pdf,yes,comments/A264506-A274853.md
A264880,1 September 2026,papers/0001-0500/0303-PROOF.pdf,yes,comments/A264506-A274853.md
A265874,3 September 2026,papers/1001-1500/1215-PROOF.pdf,yes,comments/A264506-A274853.md
A265922,7 September 2026,papers/7501-8000/7894-PROOF.pdf,yes,comments/A264506-A274853.md
A265923,7 September 2026,papers/7001-7500/7399-PROOF.pdf,yes,comments/A264506-A274853.md
A265924,7 September 2026,papers/5001-5500/5242-PROOF.pdf,yes,comments/A264506-A274853.md
A265929,7 September 2026,papers/7501-8000/7893-PROOF.pdf,yes,comments/A264506-A274853.md
A265956,3 September 2026,papers/1001-1500/1352-PROOF.pdf,yes,comments/A264506-A274853.md
A265961,3 September 2026,papers/1001-1500/1216-PROOF.pdf,yes,comments/A264506-A274853.md
A265967,7 September 2026,papers/4501-5000/4998-PROOF.pdf,yes,comments/A264506-A274853.md
A265977,3 September 2026,papers/1001-1500/1279-PROOF.pdf,yes,comments/A264506-A274853.md
A265982,3 September 2026,papers/1001-1500/1427-PROOF.pdf,yes,comments/A264506-A274853.md
A265987,2 September 2026,papers/9501-10000/9541-PROOF.pdf,yes,comments/A264506-A274853.md
A265988,3 September 2026,papers/2001-2500/2367-PROOF.pdf,yes,comments/A264506-A274853.md
A265989,2 September 2026,papers/9001-9500/9489-PROOF.pdf,yes,comments/A264506-A274853.md
A265992,3 September 2026,papers/1501-2000/1983-PROOF.pdf,yes,comments/A264506-A274853.md
A265993,3 September 2026,papers/1501-2000/1675-PROOF.pdf,yes,comments/A264506-A274853.md
A265994,3 September 2026,papers/1001-1500/1057-PROOF.pdf,yes,comments/A264506-A274853.md
A266007,3 September 2026,papers/9001-9500/9005-PROOF.pdf,yes,comments/A264506-A274853.md
A266013,3 September 2026,papers/1501-2000/1760-PROOF.pdf,yes,comments/A264506-A274853.md
A266014,3 September 2026,papers/1001-1500/1178-PROOF.pdf,yes,comments/A264506-A274853.md
A266019,3 September 2026,papers/1501-2000/1540-PROOF.pdf,yes,comments/A264506-A274853.md
A266027,3 September 2026,papers/2501-3000/2966-PROOF.pdf,yes,comments/A264506-A274853.md
A266028,3 September 2026,papers/2501-3000/2909-PROOF.pdf,yes,comments/A264506-A274853.md
A266029,3 September 2026,papers/1501-2000/1689-PROOF.pdf,yes,comments/A264506-A274853.md
A266034,3 September 2026,papers/1001-1500/1432-PROOF.pdf,yes,comments/A264506-A274853.md
A266049,3 September 2026,papers/2501-3000/2967-PROOF.pdf,yes,comments/A264506-A274853.md
A266050,3 September 2026,papers/2501-3000/2912-PROOF.pdf,yes,comments/A264506-A274853.md
A266051,3 September 2026,papers/2001-2500/2007-PROOF.pdf,yes,comments/A264506-A274853.md
A266056,3 September 2026,papers/1001-1500/1433-PROOF.pdf,yes,comments/A264506-A274853.md
A266062,3 September 2026,papers/1501-2000/1631-PROOF.pdf,yes,comments/A264506-A274853.md
A266072,31 August 2026,papers/0001-0500/0116-PROOF.pdf,yes,comments/A264506-A274853.md
A266076,3 September 2026,papers/2001-2500/2137-PROOF.pdf,yes,comments/A264506-A274853.md
A266077,3 September 2026,papers/1001-1500/1076-PROOF.pdf,yes,comments/A264506-A274853.md
A266096,3 September 2026,papers/2501-3000/2711-PROOF.pdf,yes,comments/A264506-A274853.md
A266097,3 September 2026,papers/1501-2000/1751-PROOF.pdf,yes,comments/A264506-A274853.md
A266102,3 September 2026,papers/1501-2000/1719-PROOF.pdf,yes,comments/A264506-A274853.md
A266103,3 September 2026,papers/1001-1500/1073-PROOF.pdf,yes,comments/A264506-A274853.md
A266126,3 September 2026,papers/1001-1500/1421-PROOF.pdf,yes,comments/A264506-A274853.md
A266132,3 September 2026,papers/1501-2000/1677-PROOF.pdf,yes,comments/A264506-A274853.md
A267638,3 September 2026,papers/2501-3000/2799-PROOF.pdf,yes,comments/A264506-A274853.md
A267639,3 September 2026,papers/1501-2000/1982-PROOF.pdf,yes,comments/A264506-A274853.md
A267640,3 September 2026,papers/1001-1500/1285-PROOF.pdf,yes,comments/A264506-A274853.md
A267661,3 September 2026,papers/2501-3000/2619-PROOF.pdf,yes,comments/A264506-A274853.md
A267662,3 September 2026,papers/1501-2000/1724-PROOF.pdf,yes,comments/A264506-A274853.md
A267668,3 September 2026,papers/2001-2500/2404-PROOF.pdf,yes,comments/A264506-A274853.md
A267669,3 September 2026,papers/1501-2000/1532-PROOF.pdf,yes,comments/A264506-A274853.md
A267714,3 September 2026,papers/1501-2000/1927-PROOF.pdf,yes,comments/A264506-A274853.md
A267715,3 September 2026,papers/1501-2000/1711-PROOF.pdf,yes,comments/A264506-A274853.md
A267716,3 September 2026,papers/1501-2000/1567-PROOF.pdf,yes,comments/A264506-A274853.md
A267717,3 September 2026,papers/1001-1500/1466-PROOF.pdf,yes,comments/A264506-A274853.md
A267718,7 September 2026,papers/1001-1500/1378-PROOF.pdf,yes,comments/A264506-A274853.md
A267729,3 September 2026,papers/2001-2500/2191-PROOF.pdf,yes,comments/A264506-A274853.md
A267730,3 September 2026,papers/1501-2000/1717-PROOF.pdf,yes,comments/A264506-A274853.md
A267731,3 September 2026,papers/1001-1500/1200-PROOF.pdf,yes,comments/A264506-A274853.md
A267783,3 September 2026,papers/1501-2000/1921-PROOF.pdf,yes,comments/A264506-A274853.md
A267784,3 September 2026,papers/1501-2000/1705-PROOF.pdf,yes,comments/A264506-A274853.md
A267785,3 September 2026,papers/1501-2000/1562-PROOF.pdf,yes,comments/A264506-A274853.md
A267789,3 September 2026,papers/1501-2000/1926-PROOF.pdf,yes,comments/A264506-A274853.md
A267802,25 August 2026,papers/10001-10500/10024-PROOF.pdf,yes,comments/A264506-A274853.md
A267847,25 August 2026,papers/10001-10500/10025-PROOF.pdf,yes,comments/A264506-A274853.md
A267879,25 August 2026,papers/10001-10500/10023-PROOF.pdf,yes,comments/A264506-A274853.md
A267905,2 September 2026,papers/9001-9500/9469-PROOF.pdf,yes,comments/A264506-A274853.md
A267906,3 September 2026,papers/2001-2500/2408-PROOF.pdf,yes,comments/A264506-A274853.md
A267912,2 September 2026,papers/9001-9500/9496-PROOF.pdf,yes,comments/A264506-A274853.md
A267913,3 September 2026,papers/2501-3000/2551-PROOF.pdf,yes,comments/A264506-A274853.md
A267914,3 September 2026,papers/2001-2500/2019-PROOF.pdf,yes,comments/A264506-A274853.md
A267928,3 September 2026,papers/2001-2500/2331-PROOF.pdf,yes,comments/A264506-A274853.md
A267929,3 September 2026,papers/1501-2000/1541-PROOF.pdf,yes,comments/A264506-A274853.md
A267946,2 September 2026,papers/9501-10000/9542-PROOF.pdf,yes,comments/A264506-A274853.md
A267947,3 September 2026,papers/2501-3000/2563-PROOF.pdf,yes,comments/A264506-A274853.md
A267960,2 September 2026,papers/9001-9500/9405-PROOF.pdf,yes,comments/A264506-A274853.md
A267961,3 September 2026,papers/1501-2000/1775-PROOF.pdf,yes,comments/A264506-A274853.md
A267975,3 September 2026,papers/2001-2500/2332-PROOF.pdf,yes,comments/A264506-A274853.md
A267976,3 September 2026,papers/1501-2000/1542-PROOF.pdf,yes,comments/A264506-A274853.md
A267994,3 September 2026,papers/1001-1500/1218-PROOF.pdf,yes,comments/A264506-A274853.md
A268001,7 September 2026,papers/1501-2000/1560-PROOF.pdf,yes,comments/A264506-A274853.md
A268013,3 September 2026,papers/2501-3000/2677-PROOF.pdf,yes,comments/A264506-A274853.md
A268014,3 September 2026,papers/1501-2000/1776-PROOF.pdf,yes,comments/A264506-A274853.md
A268015,3 September 2026,papers/1001-1500/1389-PROOF.pdf,yes,comments/A264506-A274853.md
A268022,3 September 2026,papers/1001-1500/1390-PROOF.pdf,yes,comments/A264506-A274853.md
A268052,2 September 2026,papers/9501-10000/9543-PROOF.pdf,yes,comments/A264506-A274853.md
A268053,2 September 2026,papers/9001-9500/9470-PROOF.pdf,yes,comments/A264506-A274853.md
A268069,3 September 2026,papers/2501-3000/2611-PROOF.pdf,yes,comments/A264506-A274853.md
A268070,3 September 2026,papers/1501-2000/1966-PROOF.pdf,yes,comments/A264506-A274853.md
A268088,3 September 2026,papers/2001-2500/2020-PROOF.pdf,yes,comments/A264506-A274853.md
A268093,2 September 2026,papers/9501-10000/9544-PROOF.pdf,yes,comments/A264506-A274853.md
A268094,3 September 2026,papers/2501-3000/2564-PROOF.pdf,yes,comments/A264506-A274853.md
A268164,2 September 2026,papers/9501-10000/9545-PROOF.pdf,yes,comments/A264506-A274853.md
A268165,3 September 2026,papers/2501-3000/2525-PROOF.pdf,yes,comments/A264506-A274853.md
A268178,7 September 2026,papers/1501-2000/1659-PROOF.pdf,yes,comments/A264506-A274853.md
A268419,3 September 2026,papers/2501-3000/2612-PROOF.pdf,yes,comments/A264506-A274853.md
A268420,3 September 2026,papers/1501-2000/1967-PROOF.pdf,yes,comments/A264506-A274853.md
A268554,30 August 2026,papers/9001-9500/9374-PROOF.pdf,yes,comments/A264506-A274853.md
A268622,2 September 2026,papers/9501-10000/9571-PROOF.pdf,yes,comments/A264506-A274853.md
A268623,3 September 2026,papers/3001-3500/3013-PROOF.pdf,yes,comments/A264506-A274853.md
A268624,3 September 2026,papers/2501-3000/2555-PROOF.pdf,yes,comments/A264506-A274853.md
A268625,3 September 2026,papers/2001-2500/2039-PROOF.pdf,yes,comments/A264506-A274853.md
A268626,3 September 2026,papers/1501-2000/1812-PROOF.pdf,yes,comments/A264506-A274853.md
A268627,7 September 2026,papers/1001-1500/1423-PROOF.pdf,yes,comments/A264506-A274853.md
A268633,1 September 2026,papers/3001-3500/3358-PROOF.pdf,yes,comments/A264506-A274853.md
A268634,1 September 2026,papers/3001-3500/3019-PROOF.pdf,yes,comments/A264506-A274853.md
A268636,1 September 2026,papers/2001-2500/2038-PROOF.pdf,yes,comments/A264506-A274853.md
A268637,1 September 2026,papers/1501-2000/1810-PROOF.pdf,yes,comments/A264506-A274853.md
A268638,7 September 2026,papers/1001-1500/1424-PROOF.pdf,yes,comments/A264506-A274853.md
A268735,1 September 2026,papers/2001-2500/2345-PROOF.pdf,yes,comments/A264506-A274853.md
A268736,1 September 2026,papers/2001-2500/2094-PROOF.pdf,yes,comments/A264506-A274853.md
A268737,1 September 2026,papers/1501-2000/1653-PROOF.pdf,yes,comments/A264506-A274853.md
A268738,1 September 2026,papers/1501-2000/1515-PROOF.pdf,yes,comments/A264506-A274853.md
A268739,1 September 2026,papers/1001-1500/1203-PROOF.pdf,yes,comments/A264506-A274853.md
A268744,3 September 2026,papers/3001-3500/3099-PROOF.pdf,yes,comments/A264506-A274853.md
A268745,3 September 2026,papers/2001-2500/2333-PROOF.pdf,yes,comments/A264506-A274853.md
A268746,3 September 2026,papers/2001-2500/2089-PROOF.pdf,yes,comments/A264506-A274853.md
A268747,3 September 2026,papers/1501-2000/1651-PROOF.pdf,yes,comments/A264506-A274853.md
A268748,3 September 2026,papers/1501-2000/1516-PROOF.pdf,yes,comments/A264506-A274853.md
A268749,3 September 2026,papers/1001-1500/1204-PROOF.pdf,yes,comments/A264506-A274853.md
A268761,1 September 2026,papers/2501-3000/2663-PROOF.pdf,yes,comments/A264506-A274853.md
A268762,1 September 2026,papers/2001-2500/2318-PROOF.pdf,yes,comments/A264506-A274853.md
A268763,1 September 2026,papers/1501-2000/1934-PROOF.pdf,yes,comments/A264506-A274853.md
A268764,1 September 2026,papers/1501-2000/1726-PROOF.pdf,yes,comments/A264506-A274853.md
A268765,1 September 2026,papers/1001-1500/1396-PROOF.pdf,yes,comments/A264506-A274853.md
A268768,1 September 2026,papers/3001-3500/3065-PROOF.pdf,yes,comments/A264506-A274853.md
A268769,1 September 2026,papers/2501-3000/2601-PROOF.pdf,yes,comments/A264506-A274853.md
A268770,1 September 2026,papers/2001-2500/2269-PROOF.pdf,yes,comments/A264506-A274853.md
A268771,1 September 2026,papers/1501-2000/1910-PROOF.pdf,yes,comments/A264506-A274853.md
A268772,1 September 2026,papers/1501-2000/1702-PROOF.pdf,yes,comments/A264506-A274853.md
A268773,1 September 2026,papers/1001-1500/1383-PROOF.pdf,yes,comments/A264506-A274853.md
A268775,2 September 2026,papers/9001-9500/9471-PROOF.pdf,yes,comments/A264506-A274853.md
A268776,3 September 2026,papers/2501-3000/2653-PROOF.pdf,yes,comments/A264506-A274853.md
A268777,3 September 2026,papers/2001-2500/2314-PROOF.pdf,yes,comments/A264506-A274853.md
A268778,3 September 2026,papers/1501-2000/1933-PROOF.pdf,yes,comments/A264506-A274853.md
A268779,3 September 2026,papers/1501-2000/1727-PROOF.pdf,yes,comments/A264506-A274853.md
A268780,3 September 2026,papers/1001-1500/1399-PROOF.pdf,yes,comments/A264506-A274853.md
A268783,1 September 2026,papers/2501-3000/2683-PROOF.pdf,yes,comments/A264506-A274853.md
A268784,1 September 2026,papers/2001-2500/2100-PROOF.pdf,yes,comments/A264506-A274853.md
A268785,1 September 2026,papers/1501-2000/1736-PROOF.pdf,yes,comments/A264506-A274853.md
A268786,1 September 2026,papers/1001-1500/1437-PROOF.pdf,yes,comments/A264506-A274853.md
A268787,1 September 2026,papers/1001-1500/1205-PROOF.pdf,yes,comments/A264506-A274853.md
A268792,1 September 2026,papers/2501-3000/2657-PROOF.pdf,yes,comments/A264506-A274853.md
A268793,1 September 2026,papers/2001-2500/2083-PROOF.pdf,yes,comments/A264506-A274853.md
A268794,1 September 2026,papers/1501-2000/1721-PROOF.pdf,yes,comments/A264506-A274853.md
A268795,1 September 2026,papers/1001-1500/1430-PROOF.pdf,yes,comments/A264506-A274853.md
A268796,1 September 2026,papers/1001-1500/1198-PROOF.pdf,yes,comments/A264506-A274853.md
A268803,1 September 2026,papers/2501-3000/2658-PROOF.pdf,yes,comments/A264506-A274853.md
A268804,1 September 2026,papers/2001-2500/2084-PROOF.pdf,yes,comments/A264506-A274853.md
A268805,1 September 2026,papers/1501-2000/1722-PROOF.pdf,yes,comments/A264506-A274853.md
A268806,1 September 2026,papers/1001-1500/1431-PROOF.pdf,yes,comments/A264506-A274853.md
A268807,1 September 2026,papers/1001-1500/1199-PROOF.pdf,yes,comments/A264506-A274853.md
A268881,1 September 2026,papers/3001-3500/3083-PROOF.pdf,yes,comments/A264506-A274853.md
A268882,1 September 2026,papers/2501-3000/2632-PROOF.pdf,yes,comments/A264506-A274853.md
A268883,1 September 2026,papers/2001-2500/2303-PROOF.pdf,yes,comments/A264506-A274853.md
A268884,1 September 2026,papers/2001-2500/2061-PROOF.pdf,yes,comments/A264506-A274853.md
A268885,1 September 2026,papers/1501-2000/1822-PROOF.pdf,yes,comments/A264506-A274853.md
A268887,1 September 2026,papers/2501-3000/2684-PROOF.pdf,yes,comments/A264506-A274853.md
A268888,1 September 2026,papers/2001-2500/2206-PROOF.pdf,yes,comments/A264506-A274853.md
A268889,1 September 2026,papers/1501-2000/1737-PROOF.pdf,yes,comments/A264506-A274853.md
A268890,1 September 2026,papers/1001-1500/1438-PROOF.pdf,yes,comments/A264506-A274853.md
A268891,1 September 2026,papers/1001-1500/1206-PROOF.pdf,yes,comments/A264506-A274853.md
A268898,1 September 2026,papers/3001-3500/3359-PROOF.pdf,yes,comments/A264506-A274853.md
A268899,1 September 2026,papers/3001-3500/3344-PROOF.pdf,yes,comments/A264506-A274853.md
A268900,1 September 2026,papers/3001-3500/3327-PROOF.pdf,yes,comments/A264506-A274853.md
A268901,1 September 2026,papers/2501-3000/2932-PROOF.pdf,yes,comments/A264506-A274853.md
A268902,1 September 2026,papers/2001-2500/2496-PROOF.pdf,yes,comments/A264506-A274853.md
A268903,1 September 2026,papers/2001-2500/2227-PROOF.pdf,yes,comments/A264506-A274853.md
A268905,1 September 2026,papers/3001-3500/3360-PROOF.pdf,yes,comments/A264506-A274853.md
A268906,1 September 2026,papers/3001-3500/3020-PROOF.pdf,yes,comments/A264506-A274853.md
A268907,1 September 2026,papers/2501-3000/2556-PROOF.pdf,yes,comments/A264506-A274853.md
A268908,1 September 2026,papers/1501-2000/1817-PROOF.pdf,yes,comments/A264506-A274853.md
A268909,1 September 2026,papers/1501-2000/1627-PROOF.pdf,yes,comments/A264506-A274853.md
A268965,1 September 2026,papers/3001-3500/3361-PROOF.pdf,yes,comments/A264506-A274853.md
A268966,1 September 2026,papers/3001-3500/3345-PROOF.pdf,yes,comments/A264506-A274853.md
A268967,1 September 2026,papers/3001-3500/3328-PROOF.pdf,yes,comments/A264506-A274853.md
A268968,1 September 2026,papers/2501-3000/2933-PROOF.pdf,yes,comments/A264506-A274853.md
A268969,1 September 2026,papers/2001-2500/2497-PROOF.pdf,yes,comments/A264506-A274853.md
A268970,1 September 2026,papers/2001-2500/2228-PROOF.pdf,yes,comments/A264506-A274853.md
A268972,1 September 2026,papers/3001-3500/3362-PROOF.pdf,yes,comments/A264506-A274853.md
A268973,1 September 2026,papers/3001-3500/3021-PROOF.pdf,yes,comments/A264506-A274853.md
A268974,1 September 2026,papers/2501-3000/2557-PROOF.pdf,yes,comments/A264506-A274853.md
A268975,1 September 2026,papers/1501-2000/1818-PROOF.pdf,yes,comments/A264506-A274853.md
A268976,1 September 2026,papers/1501-2000/1628-PROOF.pdf,yes,comments/A264506-A274853.md
A268989,1 September 2026,papers/3001-3500/3114-PROOF.pdf,yes,comments/A264506-A274853.md
A268990,1 September 2026,papers/3001-3500/3084-PROOF.pdf,yes,comments/A264506-A274853.md
A268991,1 September 2026,papers/2501-3000/2633-PROOF.pdf,yes,comments/A264506-A274853.md
A268992,1 September 2026,papers/2001-2500/2304-PROOF.pdf,yes,comments/A264506-A274853.md
A268993,1 September 2026,papers/2001-2500/2062-PROOF.pdf,yes,comments/A264506-A274853.md
A268994,1 September 2026,papers/1501-2000/1823-PROOF.pdf,yes,comments/A264506-A274853.md
A268996,1 September 2026,papers/2501-3000/2685-PROOF.pdf,yes,comments/A264506-A274853.md
A268997,1 September 2026,papers/2001-2500/2207-PROOF.pdf,yes,comments/A264506-A274853.md
A268998,1 September 2026,papers/1501-2000/1738-PROOF.pdf,yes,comments/A264506-A274853.md
A268999,1 September 2026,papers/1001-1500/1439-PROOF.pdf,yes,comments/A264506-A274853.md
A269000,1 September 2026,papers/1001-1500/1207-PROOF.pdf,yes,comments/A264506-A274853.md
A269006,1 September 2026,papers/2501-3000/2664-PROOF.pdf,yes,comments/A264506-A274853.md
A269007,1 September 2026,papers/2501-3000/2634-PROOF.pdf,yes,comments/A264506-A274853.md
A269008,1 September 2026,papers/1501-2000/1935-PROOF.pdf,yes,comments/A264506-A274853.md
A269009,1 September 2026,papers/1501-2000/1828-PROOF.pdf,yes,comments/A264506-A274853.md
A269010,1 September 2026,papers/1001-1500/1473-PROOF.pdf,yes,comments/A264506-A274853.md
A269012,1 September 2026,papers/3001-3500/3115-PROOF.pdf,yes,comments/A264506-A274853.md
A269013,1 September 2026,papers/2501-3000/2665-PROOF.pdf,yes,comments/A264506-A274853.md
A269014,1 September 2026,papers/2001-2500/2319-PROOF.pdf,yes,comments/A264506-A274853.md
A269015,1 September 2026,papers/1501-2000/1834-PROOF.pdf,yes,comments/A264506-A274853.md
A269016,1 September 2026,papers/1501-2000/1586-PROOF.pdf,yes,comments/A264506-A274853.md
A269017,1 September 2026,papers/1001-1500/1327-PROOF.pdf,yes,comments/A264506-A274853.md
A269030,1 September 2026,papers/3001-3500/3022-PROOF.pdf,yes,comments/A264506-A274853.md
A269031,1 September 2026,papers/2501-3000/2959-PROOF.pdf,yes,comments/A264506-A274853.md
A269032,1 September 2026,papers/1501-2000/1911-PROOF.pdf,yes,comments/A264506-A274853.md
A269033,1 September 2026,papers/1501-2000/1629-PROOF.pdf,yes,comments/A264506-A274853.md
A269034,1 September 2026,papers/1001-1500/1236-PROOF.pdf,yes,comments/A264506-A274853.md
A269036,1 September 2026,papers/3001-3500/3066-PROOF.pdf,yes,comments/A264506-A274853.md
A269037,1 September 2026,papers/2501-3000/2602-PROOF.pdf,yes,comments/A264506-A274853.md
A269038,1 September 2026,papers/1501-2000/1924-PROOF.pdf,yes,comments/A264506-A274853.md
A269039,1 September 2026,papers/1501-2000/1577-PROOF.pdf,yes,comments/A264506-A274853.md
A269040,1 September 2026,papers/1001-1500/1163-PROOF.pdf,yes,comments/A264506-A274853.md
A269047,1 September 2026,papers/3001-3500/3023-PROOF.pdf,yes,comments/A264506-A274853.md
A269048,1 September 2026,papers/2501-3000/2960-PROOF.pdf,yes,comments/A264506-A274853.md
A269049,1 September 2026,papers/1501-2000/1912-PROOF.pdf,yes,comments/A264506-A274853.md
A269050,1 September 2026,papers/1501-2000/1630-PROOF.pdf,yes,comments/A264506-A274853.md
A269051,1 September 2026,papers/1001-1500/1237-PROOF.pdf,yes,comments/A264506-A274853.md
A269053,1 September 2026,papers/3001-3500/3067-PROOF.pdf,yes,comments/A264506-A274853.md
A269054,1 September 2026,papers/2501-3000/2603-PROOF.pdf,yes,comments/A264506-A274853.md
A269055,1 September 2026,papers/1501-2000/1925-PROOF.pdf,yes,comments/A264506-A274853.md
A269056,1 September 2026,papers/1501-2000/1578-PROOF.pdf,yes,comments/A264506-A274853.md
A269057,1 September 2026,papers/1001-1500/1164-PROOF.pdf,yes,comments/A264506-A274853.md
A269070,1 September 2026,papers/2501-3000/2666-PROOF.pdf,yes,comments/A264506-A274853.md
A269071,1 September 2026,papers/2501-3000/2635-PROOF.pdf,yes,comments/A264506-A274853.md
A269072,1 September 2026,papers/1501-2000/1936-PROOF.pdf,yes,comments/A264506-A274853.md
A269073,1 September 2026,papers/1501-2000/1829-PROOF.pdf,yes,comments/A264506-A274853.md
A269074,1 September 2026,papers/1001-1500/1474-PROOF.pdf,yes,comments/A264506-A274853.md
A269076,1 September 2026,papers/3001-3500/3116-PROOF.pdf,yes,comments/A264506-A274853.md
A269077,1 September 2026,papers/2501-3000/2667-PROOF.pdf,yes,comments/A264506-A274853.md
A269078,1 September 2026,papers/2001-2500/2320-PROOF.pdf,yes,comments/A264506-A274853.md
A269079,1 September 2026,papers/1501-2000/1835-PROOF.pdf,yes,comments/A264506-A274853.md
A269083,1 September 2026,papers/2501-3000/2686-PROOF.pdf,yes,comments/A264506-A274853.md
A269084,1 September 2026,papers/2001-2500/2101-PROOF.pdf,yes,comments/A264506-A274853.md
A269085,1 September 2026,papers/1501-2000/1739-PROOF.pdf,yes,comments/A264506-A274853.md
A269086,1 September 2026,papers/1001-1500/1440-PROOF.pdf,yes,comments/A264506-A274853.md
A269087,1 September 2026,papers/1001-1500/1208-PROOF.pdf,yes,comments/A264506-A274853.md
A269091,1 September 2026,papers/3001-3500/3350-PROOF.pdf,yes,comments/A264506-A274853.md
A269092,1 September 2026,papers/2501-3000/2970-PROOF.pdf,yes,comments/A264506-A274853.md
A269093,1 September 2026,papers/2501-3000/2521-PROOF.pdf,yes,comments/A264506-A274853.md
A269094,1 September 2026,papers/1501-2000/1808-PROOF.pdf,yes,comments/A264506-A274853.md
A269095,7 September 2026,papers/5001-5500/5354-PROOF.pdf,yes,comments/A264506-A274853.md
A269103,2 September 2026,papers/9501-10000/9572-PROOF.pdf,yes,comments/A264506-A274853.md
A269104,3 September 2026,papers/2501-3000/2961-PROOF.pdf,yes,comments/A264506-A274853.md
A269105,3 September 2026,papers/2501-3000/2517-PROOF.pdf,yes,comments/A264506-A274853.md
A269106,3 September 2026,papers/1501-2000/1807-PROOF.pdf,yes,comments/A264506-A274853.md
A269107,3 September 2026,papers/1001-1500/1420-PROOF.pdf,yes,comments/A264506-A274853.md
A269137,3 September 2026,papers/3001-3500/3026-PROOF.pdf,yes,comments/A264506-A274853.md
A269138,3 September 2026,papers/2001-2500/2270-PROOF.pdf,yes,comments/A264506-A274853.md
A269139,3 September 2026,papers/1501-2000/1573-PROOF.pdf,yes,comments/A264506-A274853.md
A269140,3 September 2026,papers/1001-1500/1195-PROOF.pdf,yes,comments/A264506-A274853.md
A269146,1 September 2026,papers/3001-3500/3043-PROOF.pdf,yes,comments/A264506-A274853.md
A269147,1 September 2026,papers/2001-2500/2275-PROOF.pdf,yes,comments/A264506-A274853.md
A269148,1 September 2026,papers/1501-2000/1575-PROOF.pdf,yes,comments/A264506-A274853.md
A269149,1 September 2026,papers/1001-1500/1196-PROOF.pdf,yes,comments/A264506-A274853.md
A269180,1 September 2026,papers/3001-3500/3044-PROOF.pdf,yes,comments/A264506-A274853.md
A269181,1 September 2026,papers/2001-2500/2276-PROOF.pdf,yes,comments/A264506-A274853.md
A269182,1 September 2026,papers/1501-2000/1712-PROOF.pdf,yes,comments/A264506-A274853.md
A269183,1 September 2026,papers/1001-1500/1221-PROOF.pdf,yes,comments/A264506-A274853.md
A269188,3 September 2026,papers/3001-3500/3027-PROOF.pdf,yes,comments/A264506-A274853.md
A269189,3 September 2026,papers/2001-2500/2271-PROOF.pdf,yes,comments/A264506-A274853.md
A269190,3 September 2026,papers/1501-2000/1710-PROOF.pdf,yes,comments/A264506-A274853.md
A269191,3 September 2026,papers/1001-1500/1220-PROOF.pdf,yes,comments/A264506-A274853.md
A269196,3 September 2026,papers/2501-3000/2962-PROOF.pdf,yes,comments/A264506-A274853.md
A269197,3 September 2026,papers/2501-3000/2518-PROOF.pdf,yes,comments/A264506-A274853.md
A269198,3 September 2026,papers/1501-2000/1565-PROOF.pdf,yes,comments/A264506-A274853.md
A269202,2 September 2026,papers/9001-9500/9472-PROOF.pdf,yes,comments/A264506-A274853.md
A269203,3 September 2026,papers/2001-2500/2267-PROOF.pdf,yes,comments/A264506-A274853.md
A269204,3 September 2026,papers/1501-2000/1570-PROOF.pdf,yes,comments/A264506-A274853.md
A269209,1 September 2026,papers/2501-3000/2971-PROOF.pdf,yes,comments/A264506-A274853.md
A269210,1 September 2026,papers/2501-3000/2522-PROOF.pdf,yes,comments/A264506-A274853.md
A269211,1 September 2026,papers/1501-2000/1566-PROOF.pdf,yes,comments/A264506-A274853.md
A269215,1 September 2026,papers/3001-3500/3045-PROOF.pdf,yes,comments/A264506-A274853.md
A269216,1 September 2026,papers/2001-2500/2277-PROOF.pdf,yes,comments/A264506-A274853.md
A269217,1 September 2026,papers/1501-2000/1576-PROOF.pdf,yes,comments/A264506-A274853.md
A269270,1 September 2026,papers/3001-3500/3351-PROOF.pdf,yes,comments/A264506-A274853.md
A269271,1 September 2026,papers/3001-3500/3334-PROOF.pdf,yes,comments/A264506-A274853.md
A269272,1 September 2026,papers/3001-3500/3315-PROOF.pdf,yes,comments/A264506-A274853.md
A269273,1 September 2026,papers/2501-3000/2908-PROOF.pdf,yes,comments/A264506-A274853.md
A269274,7 September 2026,papers/8001-8500/8157-PROOF.pdf,yes,comments/A264506-A274853.md
A269277,1 September 2026,papers/3001-3500/3352-PROOF.pdf,yes,comments/A264506-A274853.md
A269278,1 September 2026,papers/2501-3000/2972-PROOF.pdf,yes,comments/A264506-A274853.md
A269279,1 September 2026,papers/2001-2500/2249-PROOF.pdf,yes,comments/A264506-A274853.md
A269280,1 September 2026,papers/1501-2000/1626-PROOF.pdf,yes,comments/A264506-A274853.md
A269284,2 September 2026,papers/9501-10000/9613-PROOF.pdf,yes,comments/A264506-A274853.md
A269285,2 September 2026,papers/9501-10000/9573-PROOF.pdf,yes,comments/A264506-A274853.md
A269286,3 September 2026,papers/2501-3000/2907-PROOF.pdf,yes,comments/A264506-A274853.md
A269287,3 September 2026,papers/2001-2500/2484-PROOF.pdf,yes,comments/A264506-A274853.md
A269290,2 September 2026,papers/9501-10000/9560-PROOF.pdf,yes,comments/A264506-A274853.md
A269291,3 September 2026,papers/2501-3000/2957-PROOF.pdf,yes,comments/A264506-A274853.md
A269292,3 September 2026,papers/2001-2500/2244-PROOF.pdf,yes,comments/A264506-A274853.md
A269293,3 September 2026,papers/1501-2000/1625-PROOF.pdf,yes,comments/A264506-A274853.md
A269760,1 September 2026,papers/3001-3500/3372-PROOF.pdf,yes,comments/A264506-A274853.md
A269761,1 September 2026,papers/3001-3500/3340-PROOF.pdf,yes,comments/A264506-A274853.md
A269762,1 September 2026,papers/2501-3000/2935-PROOF.pdf,yes,comments/A264506-A274853.md
A269763,1 September 2026,papers/2001-2500/2491-PROOF.pdf,yes,comments/A264506-A274853.md
A269822,1 September 2026,papers/3001-3500/3377-PROOF.pdf,yes,comments/A264506-A274853.md
A269823,3 September 2026,papers/2501-3000/2591-PROOF.pdf,yes,comments/A264506-A274853.md
A269824,1 September 2026,papers/1501-2000/1642-PROOF.pdf,yes,comments/A264506-A274853.md
A269882,1 September 2026,papers/2501-3000/2995-PROOF.pdf,yes,comments/A264506-A274853.md
A269883,3 September 2026,papers/2001-2500/2034-PROOF.pdf,yes,comments/A264506-A274853.md
A269884,1 September 2026,papers/1001-1500/1388-PROOF.pdf,yes,comments/A264506-A274853.md
A269895,1 September 2026,papers/3001-3500/3370-PROOF.pdf,yes,comments/A264506-A274853.md
A269896,1 September 2026,papers/3001-3500/3337-PROOF.pdf,yes,comments/A264506-A274853.md
A269897,1 September 2026,papers/2501-3000/2927-PROOF.pdf,yes,comments/A264506-A274853.md
A269898,1 September 2026,papers/2001-2500/2489-PROOF.pdf,yes,comments/A264506-A274853.md
A269932,1 September 2026,papers/2501-3000/2581-PROOF.pdf,yes,comments/A264506-A274853.md
A269933,1 September 2026,papers/1501-2000/1572-PROOF.pdf,yes,comments/A264506-A274853.md
A270052,1 September 2026,papers/3001-3500/3346-PROOF.pdf,yes,comments/A264506-A274853.md
A270053,1 September 2026,papers/2501-3000/2952-PROOF.pdf,yes,comments/A264506-A274853.md
A270054,1 September 2026,papers/2001-2500/2498-PROOF.pdf,yes,comments/A264506-A274853.md
A270055,1 September 2026,papers/1501-2000/1804-PROOF.pdf,yes,comments/A264506-A274853.md
A270111,1 September 2026,papers/3001-3500/3368-PROOF.pdf,yes,comments/A264506-A274853.md
A270112,1 September 2026,papers/3001-3500/3335-PROOF.pdf,yes,comments/A264506-A274853.md
A270113,3 September 2026,papers/2501-3000/2911-PROOF.pdf,yes,comments/A264506-A274853.md
A270114,7 September 2026,papers/8001-8500/8158-PROOF.pdf,yes,comments/A264506-A274853.md
A270145,1 September 2026,papers/2501-3000/2973-PROOF.pdf,yes,comments/A264506-A274853.md
A270146,1 September 2026,papers/2001-2500/2025-PROOF.pdf,yes,comments/A264506-A274853.md
A270257,6 September 2026,papers/0501-1000/0988-PROOF.pdf,yes,comments/A264506-A274853.md
A270258,6 September 2026,papers/0501-1000/0677-PROOF.pdf,yes,comments/A264506-A274853.md
A270259,6 September 2026,papers/0501-1000/0510-PROOF.pdf,yes,comments/A264506-A274853.md
A270363,25 August 2026,papers/9501-10000/9757-PROOF.pdf,yes,comments/A264506-A274853.md
A270510,6 September 2026,papers/0501-1000/0989-PROOF.pdf,yes,comments/A264506-A274853.md
A270511,6 September 2026,papers/0501-1000/0678-PROOF.pdf,yes,comments/A264506-A274853.md
A270512,6 September 2026,papers/0501-1000/0511-PROOF.pdf,yes,comments/A264506-A274853.md
A270530,25 August 2026,papers/9001-9500/9305-PROOF.pdf papers/9001-9500/9315-PROOF.pdf,yes,comments/A264506-A274853.md
A270661,25 August 2026,papers/9501-10000/9646-PROOF.pdf papers/9501-10000/9695-PROOF.pdf,yes,comments/A264506-A274853.md
A270724,25 August 2026,papers/9501-10000/9640-PROOF.pdf,yes,comments/A264506-A274853.md
A272706,25 August 2026,papers/10001-10500/10033-PROOF.pdf,yes,comments/A264506-A274853.md
A273019,26 August 2026,papers/10001-10500/10051-PROOF.pdf,yes,comments/A264506-A274853.md
A273351,25 August 2026,papers/9501-10000/9714-PROOF.pdf papers/9501-10000/9808-PROOF.pdf,yes,comments/A264506-A274853.md
A273676,26 August 2026,papers/9501-10000/9627-PROOF.pdf,yes,comments/A264506-A274853.md
A273832,26 August 2026,papers/9501-10000/9628-PROOF.pdf,yes,comments/A264506-A274853.md
A274295,25 August 2026,papers/9501-10000/9657-PROOF.pdf,yes,comments/A264506-A274853.md
A274723,1 September 2026,papers/2501-3000/2752-PROOF.pdf,yes,comments/A264506-A274853.md
A274724,1 September 2026,papers/2001-2500/2237-PROOF.pdf,yes,comments/A264506-A274853.md
A274725,1 September 2026,papers/1501-2000/1752-PROOF.pdf,yes,comments/A264506-A274853.md
A274726,7 September 2026,papers/5001-5500/5071-PROOF.pdf,yes,comments/A264506-A274853.md
A274729,1 September 2026,papers/2001-2500/2500-PROOF.pdf,yes,comments/A264506-A274853.md
A274730,1 September 2026,papers/2001-2500/2354-PROOF.pdf,yes,comments/A264506-A274853.md
A274731,7 September 2026,papers/6001-6500/6056-PROOF.pdf,yes,comments/A264506-A274853.md
A274745,1 September 2026,papers/3001-3500/3157-PROOF.pdf,yes,comments/A264506-A274853.md
A274746,1 September 2026,papers/2501-3000/2689-PROOF.pdf,yes,comments/A264506-A274853.md
A274750,1 September 2026,papers/2501-3000/2963-PROOF.pdf,yes,comments/A264506-A274853.md
A274751,1 September 2026,papers/2001-2500/2238-PROOF.pdf,yes,comments/A264506-A274853.md
A274752,1 September 2026,papers/1501-2000/1694-PROOF.pdf,yes,comments/A264506-A274853.md
A274753,7 September 2026,papers/4501-5000/4696-PROOF.pdf,yes,comments/A264506-A274853.md
A274798,1 September 2026,papers/3001-3500/3189-PROOF.pdf,yes,comments/A264506-A274853.md
A274799,1 September 2026,papers/2501-3000/2707-PROOF.pdf,yes,comments/A264506-A274853.md
A274800,1 September 2026,papers/2001-2500/2355-PROOF.pdf,yes,comments/A264506-A274853.md
A274853,1 September 2026,papers/3001-3500/3190-PROOF.pdf,yes,comments/A264506-A274853.md
A274854,1 September 2026,papers/2501-3000/2708-PROOF.pdf,yes,comments/A274854-A281798.md
A274855,1 September 2026,papers/2001-2500/2218-PROOF.pdf,yes,comments/A274854-A281798.md
A274856,7 September 2026,papers/6501-7000/6818-PROOF.pdf,yes,comments/A274854-A281798.md
A274890,1 September 2026,papers/2001-2500/2272-PROOF.pdf,yes,comments/A274854-A281798.md
A274891,1 September 2026,papers/1501-2000/1703-PROOF.pdf,yes,comments/A274854-A281798.md
A274892,1 September 2026,papers/1001-1500/1320-PROOF.pdf,yes,comments/A274854-A281798.md
A274893,7 September 2026,papers/3501-4000/3747-PROOF.pdf,yes,comments/A274854-A281798.md
A274896,1 September 2026,papers/2501-3000/2709-PROOF.pdf,yes,comments/A274854-A281798.md
A274897,1 September 2026,papers/2001-2500/2219-PROOF.pdf,yes,comments/A274854-A281798.md
A274898,7 September 2026,papers/6501-7000/6819-PROOF.pdf,yes,comments/A274854-A281798.md
A274954,1 September 2026,papers/2501-3000/2964-PROOF.pdf,yes,comments/A274854-A281798.md
A274955,1 September 2026,papers/2001-2500/2130-PROOF.pdf,yes,comments/A274854-A281798.md
A274956,1 September 2026,papers/1001-1500/1448-PROOF.pdf,yes,comments/A274854-A281798.md
A275032,1 September 2026,papers/1501-2000/1723-PROOF.pdf,yes,comments/A274854-A281798.md
A275033,1 September 2026,papers/1001-1500/1282-PROOF.pdf,yes,comments/A274854-A281798.md
A275038,1 September 2026,papers/2001-2500/2161-PROOF.pdf,yes,comments/A274854-A281798.md
A275039,1 September 2026,papers/1501-2000/1664-PROOF.pdf,yes,comments/A274854-A281798.md
A275040,1 September 2026,papers/1001-1500/1379-PROOF.pdf,yes,comments/A274854-A281798.md
A275085,1 September 2026,papers/2001-2500/2162-PROOF.pdf,yes,comments/A274854-A281798.md
A275086,1 September 2026,papers/1501-2000/1811-PROOF.pdf,yes,comments/A274854-A281798.md
A275087,1 September 2026,papers/1001-1500/1405-PROOF.pdf,yes,comments/A274854-A281798.md
A275091,1 September 2026,papers/1001-1500/1276-PROOF.pdf,yes,comments/A274854-A281798.md
A275126,1 September 2026,papers/2001-2500/2163-PROOF.pdf,yes,comments/A274854-A281798.md
A275127,1 September 2026,papers/1501-2000/1665-PROOF.pdf,yes,comments/A274854-A281798.md
A275128,1 September 2026,papers/1001-1500/1380-PROOF.pdf,yes,comments/A274854-A281798.md
A275132,3 September 2026,papers/2501-3000/2769-PROOF.pdf,yes,comments/A274854-A281798.md
A275133,3 September 2026,papers/2001-2500/2149-PROOF.pdf,yes,comments/A274854-A281798.md
A275134,3 September 2026,papers/2001-2500/2030-PROOF.pdf,yes,comments/A274854-A281798.md
A275135,3 September 2026,papers/1001-1500/1425-PROOF.pdf,yes,comments/A274854-A281798.md
A275138,1 September 2026,papers/3001-3500/3312-PROOF.pdf,yes,comments/A274854-A281798.md
A275139,1 September 2026,papers/3001-3500/3131-PROOF.pdf,yes,comments/A274854-A281798.md
A275143,1 September 2026,papers/3001-3500/3191-PROOF.pdf,yes,comments/A274854-A281798.md
A275144,1 September 2026,papers/2501-3000/2710-PROOF.pdf,yes,comments/A274854-A281798.md
A275145,1 September 2026,papers/2001-2500/2220-PROOF.pdf,yes,comments/A274854-A281798.md
A275146,7 September 2026,papers/6501-7000/6820-PROOF.pdf,yes,comments/A274854-A281798.md
A275178,1 September 2026,papers/2501-3000/2753-PROOF.pdf,yes,comments/A274854-A281798.md
A275179,1 September 2026,papers/2001-2500/2131-PROOF.pdf,yes,comments/A274854-A281798.md
A275180,1 September 2026,papers/1501-2000/1695-PROOF.pdf,yes,comments/A274854-A281798.md
A275181,7 September 2026,papers/4501-5000/4821-PROOF.pdf,yes,comments/A274854-A281798.md
A275184,3 September 2026,papers/3001-3500/3235-PROOF.pdf,yes,comments/A274854-A281798.md
A275185,3 September 2026,papers/3001-3500/3220-PROOF.pdf,yes,comments/A274854-A281798.md
A275186,3 September 2026,papers/2501-3000/2577-PROOF.pdf,yes,comments/A274854-A281798.md
A275187,3 September 2026,papers/2001-2500/2153-PROOF.pdf,yes,comments/A274854-A281798.md
A275222,1 September 2026,papers/2501-3000/2825-PROOF.pdf,yes,comments/A274854-A281798.md
A275223,1 September 2026,papers/2001-2500/2164-PROOF.pdf,yes,comments/A274854-A281798.md
A275224,1 September 2026,papers/1001-1500/1340-PROOF.pdf,yes,comments/A274854-A281798.md
A275229,2 September 2026,papers/9501-10000/9614-PROOF.pdf,yes,comments/A274854-A281798.md
A275230,3 September 2026,papers/2501-3000/2794-PROOF.pdf,yes,comments/A274854-A281798.md
A275231,3 September 2026,papers/2501-3000/2980-PROOF.pdf,yes,comments/A274854-A281798.md
A275232,3 September 2026,papers/2001-2500/2266-PROOF.pdf,yes,comments/A274854-A281798.md
A275260,1 September 2026,papers/2001-2500/2200-PROOF.pdf,yes,comments/A274854-A281798.md
A275261,1 September 2026,papers/1501-2000/1825-PROOF.pdf,yes,comments/A274854-A281798.md
A275262,1 September 2026,papers/1001-1500/1185-PROOF.pdf,yes,comments/A274854-A281798.md
A275267,3 September 2026,papers/3001-3500/3224-PROOF.pdf,yes,comments/A274854-A281798.md
A275268,3 September 2026,papers/2501-3000/2578-PROOF.pdf,yes,comments/A274854-A281798.md
A275269,3 September 2026,papers/1501-2000/1641-PROOF.pdf,yes,comments/A274854-A281798.md
A275270,3 September 2026,papers/1001-1500/1468-PROOF.pdf,yes,comments/A274854-A281798.md
A275271,3 September 2026,papers/1001-1500/1183-PROOF.pdf,yes,comments/A274854-A281798.md
A275347,1 September 2026,papers/1501-2000/1680-PROOF.pdf,yes,comments/A274854-A281798.md
A275353,3 September 2026,papers/1501-2000/1638-PROOF.pdf,yes,comments/A274854-A281798.md
A275354,3 September 2026,papers/1001-1500/1214-PROOF.pdf,yes,comments/A274854-A281798.md
A275395,1 September 2026,papers/2001-2500/2201-PROOF.pdf,yes,comments/A274854-A281798.md
A275396,1 September 2026,papers/1001-1500/1476-PROOF.pdf,yes,comments/A274854-A281798.md
A275397,1 September 2026,papers/1001-1500/1071-PROOF.pdf,yes,comments/A274854-A281798.md
A275402,3 September 2026,papers/3001-3500/3243-PROOF.pdf,yes,comments/A274854-A281798.md
A275404,3 September 2026,papers/2001-2500/2182-PROOF.pdf,yes,comments/A274854-A281798.md
A275405,3 September 2026,papers/1501-2000/1725-PROOF.pdf,yes,comments/A274854-A281798.md
A275406,3 September 2026,papers/1501-2000/1546-PROOF.pdf,yes,comments/A274854-A281798.md
A275498,1 September 2026,papers/3001-3500/3057-PROOF.pdf,yes,comments/A274854-A281798.md
A275499,1 September 2026,papers/2001-2500/2414-PROOF.pdf,yes,comments/A274854-A281798.md
A275500,1 September 2026,papers/1501-2000/1704-PROOF.pdf,yes,comments/A274854-A281798.md
A275501,1 September 2026,papers/1001-1500/1321-PROOF.pdf,yes,comments/A274854-A281798.md
A275502,7 September 2026,papers/3501-4000/3748-PROOF.pdf,yes,comments/A274854-A281798.md
A275505,1 September 2026,papers/3001-3500/3132-PROOF.pdf,yes,comments/A274854-A281798.md
A275560,1 September 2026,papers/2501-3000/2965-PROOF.pdf,yes,comments/A274854-A281798.md
A275561,1 September 2026,papers/2001-2500/2024-PROOF.pdf,yes,comments/A274854-A281798.md
A275562,1 September 2026,papers/1001-1500/1322-PROOF.pdf,yes,comments/A274854-A281798.md
A275563,7 September 2026,papers/4501-5000/4770-PROOF.pdf,yes,comments/A274854-A281798.md
A275566,3 September 2026,papers/2001-2500/2141-PROOF.pdf,yes,comments/A274854-A281798.md
A275567,3 September 2026,papers/1001-1500/1453-PROOF.pdf,yes,comments/A274854-A281798.md
A275568,3 September 2026,papers/1001-1500/1077-PROOF.pdf,yes,comments/A274854-A281798.md
A276243,1 September 2026,papers/2501-3000/2561-PROOF.pdf,yes,comments/A274854-A281798.md
A276244,1 September 2026,papers/1001-1500/1265-PROOF.pdf,yes,comments/A274854-A281798.md
A276245,1 September 2026,papers/1001-1500/1211-PROOF.pdf,yes,comments/A274854-A281798.md
A276249,3 September 2026,papers/1501-2000/1821-PROOF.pdf,yes,comments/A274854-A281798.md
A276250,3 September 2026,papers/1001-1500/1094-PROOF.pdf,yes,comments/A274854-A281798.md
A276293,1 September 2026,papers/3001-3500/3246-PROOF.pdf,yes,comments/A274854-A281798.md
A276294,1 September 2026,papers/2501-3000/2754-PROOF.pdf,yes,comments/A274854-A281798.md
A276295,1 September 2026,papers/1501-2000/1960-PROOF.pdf,yes,comments/A274854-A281798.md
A276296,1 September 2026,papers/1001-1500/1306-PROOF.pdf,yes,comments/A274854-A281798.md
A276300,2 September 2026,papers/9501-10000/9502-PROOF.pdf,yes,comments/A274854-A281798.md
A276301,3 September 2026,papers/2501-3000/2579-PROOF.pdf,yes,comments/A274854-A281798.md
A276302,3 September 2026,papers/1501-2000/1770-PROOF.pdf,yes,comments/A274854-A281798.md
A276303,3 September 2026,papers/1001-1500/1355-PROOF.pdf,yes,comments/A274854-A281798.md
A277653,7 September 2026,papers/8501-9000/8966-PROOF.pdf,yes,comments/A274854-A281798.md
A277654,7 September 2026,papers/5501-6000/5650-PROOF.pdf,yes,comments/A274854-A281798.md
A277761,2 September 2026,papers/9501-10000/9546-PROOF.pdf,yes,comments/A274854-A281798.md
A277762,7 September 2026,papers/7001-7500/7249-PROOF.pdf,yes,comments/A274854-A281798.md
A277763,7 September 2026,papers/4001-4500/4381-PROOF.pdf,yes,comments/A274854-A281798.md
A277768,7 September 2026,papers/6001-6500/6181-PROOF.pdf,yes,comments/A274854-A281798.md
A277782,7 September 2026,papers/9001-9500/9193-PROOF.pdf,yes,comments/A274854-A281798.md
A277783,7 September 2026,papers/5501-6000/5649-PROOF.pdf,yes,comments/A274854-A281798.md
A277939,31 August 2026,papers/8501-9000/8795-PROOF.pdf,yes,comments/A274854-A281798.md
A277940,31 August 2026,papers/5501-6000/5861-PROOF.pdf,yes,comments/A274854-A281798.md
A278000,31 August 2026,papers/8501-9000/8796-PROOF.pdf,yes,comments/A274854-A281798.md
A278001,31 August 2026,papers/6001-6500/6358-PROOF.pdf,yes,comments/A274854-A281798.md
A278002,31 August 2026,papers/4501-5000/4614-PROOF.pdf,yes,comments/A274854-A281798.md
A278008,31 August 2026,papers/9001-9500/9243-PROOF.pdf,yes,comments/A274854-A281798.md
A278009,31 August 2026,papers/7501-8000/7513-PROOF.pdf,yes,comments/A274854-A281798.md
A278010,31 August 2026,papers/5001-5500/5203-PROOF.pdf,yes,comments/A274854-A281798.md
A278015,31 August 2026,papers/8501-9000/8797-PROOF.pdf,yes,comments/A274854-A281798.md
A278016,31 August 2026,papers/5501-6000/5977-PROOF.pdf,yes,comments/A274854-A281798.md
A278023,25 August 2026,papers/9501-10000/9739-PROOF.pdf,yes,comments/A274854-A281798.md
A278088,31 August 2026,papers/9001-9500/9155-PROOF.pdf,yes,comments/A274854-A281798.md
A278089,31 August 2026,papers/6501-7000/6906-PROOF.pdf,yes,comments/A274854-A281798.md
A278090,31 August 2026,papers/4501-5000/4913-PROOF.pdf,yes,comments/A274854-A281798.md
A278095,31 August 2026,papers/7501-8000/7991-PROOF.pdf,yes,comments/A274854-A281798.md
A278096,31 August 2026,papers/4001-4500/4186-PROOF.pdf,yes,comments/A274854-A281798.md
A278151,31 August 2026,papers/9001-9500/9156-PROOF.pdf,yes,comments/A274854-A281798.md
A278152,31 August 2026,papers/6501-7000/6767-PROOF.pdf,yes,comments/A274854-A281798.md
A278153,31 August 2026,papers/5001-5500/5039-PROOF.pdf,yes,comments/A274854-A281798.md
A278171,31 August 2026,papers/8001-8500/8393-PROOF.pdf,yes,comments/A274854-A281798.md
A278172,31 August 2026,papers/6001-6500/6434-PROOF.pdf,yes,comments/A274854-A281798.md
A278173,31 August 2026,papers/4501-5000/4551-PROOF.pdf,yes,comments/A274854-A281798.md
A278183,31 August 2026,papers/8001-8500/8230-PROOF.pdf,yes,comments/A274854-A281798.md
A278184,31 August 2026,papers/5001-5500/5286-PROOF.pdf,yes,comments/A274854-A281798.md
A278189,31 August 2026,papers/7501-8000/7992-PROOF.pdf,yes,comments/A274854-A281798.md
A278190,31 August 2026,papers/4001-4500/4391-PROOF.pdf,yes,comments/A274854-A281798.md
A278203,31 August 2026,papers/7501-8000/7838-PROOF.pdf,yes,comments/A274854-A281798.md
A278204,31 August 2026,papers/5501-6000/5992-PROOF.pdf,yes,comments/A274854-A281798.md
A278205,31 August 2026,papers/4001-4500/4190-PROOF.pdf,yes,comments/A274854-A281798.md
A278267,31 August 2026,papers/7501-8000/7779-PROOF.pdf,yes,comments/A274854-A281798.md
A278268,31 August 2026,papers/4501-5000/4522-PROOF.pdf,yes,comments/A274854-A281798.md
A278274,31 August 2026,papers/9001-9500/9157-PROOF.pdf,yes,comments/A274854-A281798.md
A278275,31 August 2026,papers/8001-8500/8054-PROOF.pdf,yes,comments/A274854-A281798.md
A278276,31 August 2026,papers/6001-6500/6222-PROOF.pdf,yes,comments/A274854-A281798.md
A278277,31 August 2026,papers/4001-4500/4362-PROOF.pdf,yes,comments/A274854-A281798.md
A278281,31 August 2026,papers/8501-9000/8910-PROOF.pdf,yes,comments/A274854-A281798.md
A278282,31 August 2026,papers/6001-6500/6435-PROOF.pdf,yes,comments/A274854-A281798.md
A278283,31 August 2026,papers/4501-5000/4552-PROOF.pdf,yes,comments/A274854-A281798.md
A278472,25 August 2026,papers/9501-10000/9715-PROOF.pdf papers/9501-10000/9885-PROOF.pdf,yes,comments/A274854-A281798.md
A279014,25 August 2026,papers/9501-10000/9740-PROOF.pdf papers/9501-10000/9825-PROOF.pdf,yes,comments/A274854-A281798.md
A279128,1 September 2026,papers/0501-1000/0757-PROOF.pdf,yes,comments/A274854-A281798.md
A279129,1 September 2026,papers/0501-1000/0633-PROOF.pdf,yes,comments/A274854-A281798.md
A279130,1 September 2026,papers/0001-0500/0323-PROOF.pdf,yes,comments/A274854-A281798.md
A279152,1 September 2026,papers/0501-1000/0784-PROOF.pdf,yes,comments/A274854-A281798.md
A279153,1 September 2026,papers/0001-0500/0451-PROOF.pdf,yes,comments/A274854-A281798.md
A279154,1 September 2026,papers/0001-0500/0261-PROOF.pdf,yes,comments/A274854-A281798.md
A279162,1 September 2026,papers/0501-1000/0640-PROOF.pdf,yes,comments/A274854-A281798.md
A279163,1 September 2026,papers/0001-0500/0385-PROOF.pdf,yes,comments/A274854-A281798.md
A279262,1 September 2026,papers/0501-1000/0902-PROOF.pdf,yes,comments/A274854-A281798.md
A279263,1 September 2026,papers/0501-1000/0837-PROOF.pdf,yes,comments/A274854-A281798.md
A279264,1 September 2026,papers/0001-0500/0412-PROOF.pdf,yes,comments/A274854-A281798.md
A279265,1 September 2026,papers/0001-0500/0253-PROOF.pdf,yes,comments/A274854-A281798.md
A279300,1 September 2026,papers/0501-1000/0856-PROOF.pdf,yes,comments/A274854-A281798.md
A279301,1 September 2026,papers/0501-1000/0541-PROOF.pdf,yes,comments/A274854-A281798.md
A279322,1 September 2026,papers/0501-1000/0975-PROOF.pdf,yes,comments/A274854-A281798.md
A279323,1 September 2026,papers/0501-1000/0665-PROOF.pdf,yes,comments/A274854-A281798.md
A279324,1 September 2026,papers/0001-0500/0376-PROOF.pdf,yes,comments/A274854-A281798.md
A279378,1 September 2026,papers/2501-3000/2837-PROOF.pdf,yes,comments/A274854-A281798.md
A279379,1 September 2026,papers/1501-2000/1654-PROOF.pdf,yes,comments/A274854-A281798.md
A279380,1 September 2026,papers/1001-1500/1096-PROOF.pdf,yes,comments/A274854-A281798.md
A279460,1 September 2026,papers/0501-1000/0673-PROOF.pdf,yes,comments/A274854-A281798.md
A279461,1 September 2026,papers/0001-0500/0364-PROOF.pdf,yes,comments/A274854-A281798.md
A279488,1 September 2026,papers/0501-1000/0532-PROOF.pdf,yes,comments/A274854-A281798.md
A279489,1 September 2026,papers/0001-0500/0267-PROOF.pdf,yes,comments/A274854-A281798.md
A279523,1 September 2026,papers/0501-1000/0740-PROOF.pdf,yes,comments/A274854-A281798.md
A279524,1 September 2026,papers/0001-0500/0448-PROOF.pdf,yes,comments/A274854-A281798.md
A279530,1 September 2026,papers/0501-1000/0615-PROOF.pdf,yes,comments/A274854-A281798.md
A279531,1 September 2026,papers/0001-0500/0381-PROOF.pdf,yes,comments/A274854-A281798.md
A279574,1 September 2026,papers/0501-1000/0944-PROOF.pdf,yes,comments/A274854-A281798.md
A279575,1 September 2026,papers/0501-1000/0806-PROOF.pdf,yes,comments/A274854-A281798.md
A279576,7 September 2026,papers/6001-6500/6323-PROOF.pdf,yes,comments/A274854-A281798.md
A279581,1 September 2026,papers/0501-1000/0741-PROOF.pdf,yes,comments/A274854-A281798.md
A279582,1 September 2026,papers/0001-0500/0377-PROOF.pdf,yes,comments/A274854-A281798.md
A279651,1 September 2026,papers/0501-1000/0821-PROOF.pdf,yes,comments/A274854-A281798.md
A279652,1 September 2026,papers/0501-1000/0687-PROOF.pdf,yes,comments/A274854-A281798.md
A279653,7 September 2026,papers/5501-6000/5501-PROOF.pdf,yes,comments/A274854-A281798.md
A279658,1 September 2026,papers/0501-1000/0593-PROOF.pdf,yes,comments/A274854-A281798.md
A279704,1 September 2026,papers/3001-3500/3228-PROOF.pdf,yes,comments/A274854-A281798.md
A279705,1 September 2026,papers/2001-2500/2278-PROOF.pdf,yes,comments/A274854-A281798.md
A279706,1 September 2026,papers/1501-2000/1916-PROOF.pdf,yes,comments/A274854-A281798.md
A279707,7 September 2026,papers/4501-5000/4956-PROOF.pdf,yes,comments/A274854-A281798.md
A279710,1 September 2026,papers/2001-2500/2310-PROOF.pdf,yes,comments/A274854-A281798.md
A279711,1 September 2026,papers/1001-1500/1495-PROOF.pdf,yes,comments/A274854-A281798.md
A279712,1 September 2026,papers/1001-1500/1101-PROOF.pdf,yes,comments/A274854-A281798.md
A279735,1 September 2026,papers/0501-1000/0967-PROOF.pdf,yes,comments/A274854-A281798.md
A279736,1 September 2026,papers/0501-1000/0838-PROOF.pdf,yes,comments/A274854-A281798.md
A279737,1 September 2026,papers/0501-1000/0527-PROOF.pdf,yes,comments/A274854-A281798.md
A279738,1 September 2026,papers/0001-0500/0426-PROOF.pdf,yes,comments/A274854-A281798.md
A279742,1 September 2026,papers/0501-1000/0903-PROOF.pdf,yes,comments/A274854-A281798.md
A279743,1 September 2026,papers/0501-1000/0531-PROOF.pdf,yes,comments/A274854-A281798.md
A279744,1 September 2026,papers/0001-0500/0308-PROOF.pdf,yes,comments/A274854-A281798.md
A279801,1 September 2026,papers/0501-1000/0622-PROOF.pdf,yes,comments/A274854-A281798.md
A279802,1 September 2026,papers/0001-0500/0360-PROOF.pdf,yes,comments/A274854-A281798.md
A279851,1 September 2026,papers/0501-1000/0879-PROOF.pdf,yes,comments/A274854-A281798.md
A279852,1 September 2026,papers/0501-1000/0807-PROOF.pdf,yes,comments/A274854-A281798.md
A279853,7 September 2026,papers/4501-5000/4618-PROOF.pdf,yes,comments/A274854-A281798.md
A279865,1 September 2026,papers/0501-1000/0857-PROOF.pdf,yes,comments/A274854-A281798.md
A279866,1 September 2026,papers/0501-1000/0733-PROOF.pdf,yes,comments/A274854-A281798.md
A279867,1 September 2026,papers/0501-1000/0606-PROOF.pdf,yes,comments/A274854-A281798.md
A279868,7 September 2026,papers/3501-4000/3910-PROOF.pdf,yes,comments/A274854-A281798.md
A279896,1 September 2026,papers/0501-1000/0945-PROOF.pdf,yes,comments/A274854-A281798.md
A279897,1 September 2026,papers/0501-1000/0929-PROOF.pdf,yes,comments/A274854-A281798.md
A279898,1 September 2026,papers/0001-0500/0468-PROOF.pdf,yes,comments/A274854-A281798.md
A279921,1 September 2026,papers/0501-1000/0502-PROOF.pdf,yes,comments/A274854-A281798.md
A279971,1 September 2026,papers/0501-1000/0851-PROOF.pdf,yes,comments/A274854-A281798.md
A279972,1 September 2026,papers/0501-1000/0701-PROOF.pdf,yes,comments/A274854-A281798.md
A279973,1 September 2026,papers/0001-0500/0435-PROOF.pdf,yes,comments/A274854-A281798.md
A279974,1 September 2026,papers/0001-0500/0340-PROOF.pdf,yes,comments/A274854-A281798.md
A279978,1 September 2026,papers/0501-1000/0758-PROOF.pdf,yes,comments/A274854-A281798.md
A279979,1 September 2026,papers/0001-0500/0438-PROOF.pdf,yes,comments/A274854-A281798.md
A280064,1 September 2026,papers/2001-2500/2451-PROOF.pdf,yes,comments/A274854-A281798.md
A280065,1 September 2026,papers/1501-2000/1782-PROOF.pdf,yes,comments/A274854-A281798.md
A280066,1 September 2026,papers/1001-1500/1287-PROOF.pdf,yes,comments/A274854-A281798.md
A280118,1 September 2026,papers/0501-1000/0835-PROOF.pdf,yes,comments/A274854-A281798.md
A280119,1 September 2026,papers/0501-1000/0563-PROOF.pdf,yes,comments/A274854-A281798.md
A280120,7 September 2026,papers/5001-5500/5207-PROOF.pdf,yes,comments/A274854-A281798.md
A280155,1 September 2026,papers/0501-1000/0861-PROOF.pdf,yes,comments/A274854-A281798.md
A280156,1 September 2026,papers/0501-1000/0578-PROOF.pdf,yes,comments/A274854-A281798.md
A280157,1 September 2026,papers/0001-0500/0400-PROOF.pdf,yes,comments/A274854-A281798.md
A280174,1 September 2026,papers/0501-1000/0672-PROOF.pdf,yes,comments/A274854-A281798.md
A280175,1 September 2026,papers/0001-0500/0463-PROOF.pdf,yes,comments/A274854-A281798.md
A280176,1 September 2026,papers/0001-0500/0307-PROOF.pdf,yes,comments/A274854-A281798.md
A280212,1 September 2026,papers/0501-1000/0661-PROOF.pdf,yes,comments/A274854-A281798.md
A280213,1 September 2026,papers/0001-0500/0457-PROOF.pdf,yes,comments/A274854-A281798.md
A280214,7 September 2026,papers/4001-4500/4434-PROOF.pdf,yes,comments/A274854-A281798.md
A280227,1 September 2026,papers/0501-1000/0968-PROOF.pdf,yes,comments/A274854-A281798.md
A280228,1 September 2026,papers/0501-1000/0951-PROOF.pdf,yes,comments/A274854-A281798.md
A280229,1 September 2026,papers/0501-1000/0528-PROOF.pdf,yes,comments/A274854-A281798.md
A280230,1 September 2026,papers/0001-0500/0447-PROOF.pdf,yes,comments/A274854-A281798.md
A280279,1 September 2026,papers/0501-1000/0976-PROOF.pdf,yes,comments/A274854-A281798.md
A280280,1 September 2026,papers/0001-0500/0434-PROOF.pdf,yes,comments/A274854-A281798.md
A280309,1 September 2026,papers/0501-1000/0858-PROOF.pdf,yes,comments/A274854-A281798.md
A280310,1 September 2026,papers/0001-0500/0359-PROOF.pdf,yes,comments/A274854-A281798.md
A280358,1 September 2026,papers/1501-2000/1918-PROOF.pdf,yes,comments/A274854-A281798.md
A280359,7 September 2026,papers/4001-4500/4359-PROOF.pdf,yes,comments/A274854-A281798.md
A280392,1 September 2026,papers/0501-1000/0946-PROOF.pdf,yes,comments/A274854-A281798.md
A280393,1 September 2026,papers/0501-1000/0808-PROOF.pdf,yes,comments/A274854-A281798.md
A280394,7 September 2026,papers/6501-7000/6683-PROOF.pdf,yes,comments/A274854-A281798.md
A280399,1 September 2026,papers/0501-1000/0977-PROOF.pdf,yes,comments/A274854-A281798.md
A280400,1 September 2026,papers/0501-1000/0880-PROOF.pdf,yes,comments/A274854-A281798.md
A280401,1 September 2026,papers/0501-1000/0512-PROOF.pdf,yes,comments/A274854-A281798.md
A280402,7 September 2026,papers/4001-4500/4004-PROOF.pdf,yes,comments/A274854-A281798.md
A280435,1 September 2026,papers/0501-1000/0885-PROOF.pdf,yes,comments/A274854-A281798.md
A280436,1 September 2026,papers/0501-1000/0815-PROOF.pdf,yes,comments/A274854-A281798.md
A280437,1 September 2026,papers/0501-1000/0803-PROOF.pdf,yes,comments/A274854-A281798.md
A280438,1 September 2026,papers/0501-1000/0799-PROOF.pdf,yes,comments/A274854-A281798.md
A280439,1 September 2026,papers/0501-1000/0796-PROOF.pdf,yes,comments/A274854-A281798.md
A280474,1 September 2026,papers/0501-1000/0822-PROOF.pdf,yes,comments/A274854-A281798.md
A280475,1 September 2026,papers/0501-1000/0688-PROOF.pdf,yes,comments/A274854-A281798.md
A280476,7 September 2026,papers/5501-6000/5749-PROOF.pdf,yes,comments/A274854-A281798.md
A280481,1 September 2026,papers/0501-1000/0734-PROOF.pdf,yes,comments/A274854-A281798.md
A280482,1 September 2026,papers/0001-0500/0419-PROOF.pdf,yes,comments/A274854-A281798.md
A280549,1 September 2026,papers/0501-1000/0745-PROOF.pdf,yes,comments/A274854-A281798.md
A280550,1 September 2026,papers/0501-1000/0690-PROOF.pdf,yes,comments/A274854-A281798.md
A280551,1 September 2026,papers/0501-1000/0685-PROOF.pdf,yes,comments/A274854-A281798.md
A280552,1 September 2026,papers/0501-1000/0681-PROOF.pdf,yes,comments/A274854-A281798.md
A280553,1 September 2026,papers/0501-1000/0679-PROOF.pdf,yes,comments/A274854-A281798.md
A280598,1 September 2026,papers/2501-3000/2655-PROOF.pdf,yes,comments/A274854-A281798.md
A280599,1 September 2026,papers/2501-3000/2610-PROOF.pdf,yes,comments/A274854-A281798.md
A280600,1 September 2026,papers/2001-2500/2063-PROOF.pdf,yes,comments/A274854-A281798.md
A280601,1 September 2026,papers/1501-2000/1873-PROOF.pdf,yes,comments/A274854-A281798.md
A280602,7 September 2026,papers/6501-7000/6546-PROOF.pdf,yes,comments/A274854-A281798.md
A280603,7 September 2026,papers/6001-6500/6201-PROOF.pdf,yes,comments/A274854-A281798.md
A280668,1 September 2026,papers/3001-3500/3316-PROOF.pdf,yes,comments/A274854-A281798.md
A280669,7 September 2026,papers/8501-9000/8721-PROOF.pdf,yes,comments/A274854-A281798.md
A280674,1 September 2026,papers/2501-3000/2770-PROOF.pdf,yes,comments/A274854-A281798.md
A280675,1 September 2026,papers/1501-2000/1636-PROOF.pdf,yes,comments/A274854-A281798.md
A280804,1 September 2026,papers/0501-1000/0509-PROOF.pdf,yes,comments/A274854-A281798.md
A280805,1 September 2026,papers/0501-1000/0505-PROOF.pdf,yes,comments/A274854-A281798.md
A280806,1 September 2026,papers/0001-0500/0411-PROOF.pdf,yes,comments/A274854-A281798.md
A280807,1 September 2026,papers/0001-0500/0343-PROOF.pdf,yes,comments/A274854-A281798.md
A280808,1 September 2026,papers/0001-0500/0322-PROOF.pdf,yes,comments/A274854-A281798.md
A280809,1 September 2026,papers/0001-0500/0280-PROOF.pdf,yes,comments/A274854-A281798.md
A280853,1 September 2026,papers/2501-3000/2991-PROOF.pdf,yes,comments/A274854-A281798.md
A280854,1 September 2026,papers/2001-2500/2407-PROOF.pdf,yes,comments/A274854-A281798.md
A280855,7 September 2026,papers/7001-7500/7011-PROOF.pdf,yes,comments/A274854-A281798.md
A280896,1 September 2026,papers/0501-1000/0823-PROOF.pdf,yes,comments/A274854-A281798.md
A280897,1 September 2026,papers/0501-1000/0802-PROOF.pdf,yes,comments/A274854-A281798.md
A280898,7 September 2026,papers/6501-7000/6975-PROOF.pdf,yes,comments/A274854-A281798.md
A280903,1 September 2026,papers/0501-1000/0542-PROOF.pdf,yes,comments/A274854-A281798.md
A280904,1 September 2026,papers/0001-0500/0263-PROOF.pdf,yes,comments/A274854-A281798.md
A280955,1 September 2026,papers/3001-3500/3213-PROOF.pdf,yes,comments/A274854-A281798.md
A280956,1 September 2026,papers/1501-2000/1919-PROOF.pdf,yes,comments/A274854-A281798.md
A280957,7 September 2026,papers/4001-4500/4008-PROOF.pdf,yes,comments/A274854-A281798.md
A281028,1 September 2026,papers/0501-1000/0674-PROOF.pdf,yes,comments/A274854-A281798.md
A281029,1 September 2026,papers/0501-1000/0506-PROOF.pdf,yes,comments/A274854-A281798.md
A281030,1 September 2026,papers/0001-0500/0362-PROOF.pdf,yes,comments/A274854-A281798.md
A281050,1 September 2026,papers/0501-1000/0852-PROOF.pdf,yes,comments/A274854-A281798.md
A281051,1 September 2026,papers/0501-1000/0948-PROOF.pdf,yes,comments/A274854-A281798.md
A281052,1 September 2026,papers/0501-1000/0611-PROOF.pdf,yes,comments/A274854-A281798.md
A281053,1 September 2026,papers/0501-1000/0588-PROOF.pdf,yes,comments/A274854-A281798.md
A281054,1 September 2026,papers/0001-0500/0488-PROOF.pdf,yes,comments/A274854-A281798.md
A281055,7 September 2026,papers/5501-6000/5965-PROOF.pdf,yes,comments/A274854-A281798.md
A281057,1 September 2026,papers/0501-1000/0759-PROOF.pdf,yes,comments/A274854-A281798.md
A281058,1 September 2026,papers/0501-1000/0746-PROOF.pdf,yes,comments/A274854-A281798.md
A281059,1 September 2026,papers/0501-1000/0691-PROOF.pdf,yes,comments/A274854-A281798.md
A281060,1 September 2026,papers/0501-1000/0686-PROOF.pdf,yes,comments/A274854-A281798.md
A281061,1 September 2026,papers/0501-1000/0682-PROOF.pdf,yes,comments/A274854-A281798.md
A281062,1 September 2026,papers/0501-1000/0680-PROOF.pdf,yes,comments/A274854-A281798.md
A281074,1 September 2026,papers/0501-1000/0630-PROOF.pdf,yes,comments/A274854-A281798.md
A281075,1 September 2026,papers/0501-1000/0625-PROOF.pdf,yes,comments/A274854-A281798.md
A281076,1 September 2026,papers/0001-0500/0481-PROOF.pdf,yes,comments/A274854-A281798.md
A281077,1 September 2026,papers/0001-0500/0427-PROOF.pdf,yes,comments/A274854-A281798.md
A281078,1 September 2026,papers/0001-0500/0403-PROOF.pdf,yes,comments/A274854-A281798.md
A281079,1 September 2026,papers/0001-0500/0380-PROOF.pdf,yes,comments/A274854-A281798.md
A281124,1 September 2026,papers/0501-1000/0836-PROOF.pdf,yes,comments/A274854-A281798.md
A281125,1 September 2026,papers/0001-0500/0441-PROOF.pdf,yes,comments/A274854-A281798.md
A281133,1 September 2026,papers/0501-1000/0742-PROOF.pdf,yes,comments/A274854-A281798.md
A281134,1 September 2026,papers/0501-1000/0564-PROOF.pdf,yes,comments/A274854-A281798.md
A281135,1 September 2026,papers/0001-0500/0432-PROOF.pdf,yes,comments/A274854-A281798.md
A281159,1 September 2026,papers/0501-1000/0554-PROOF.pdf,yes,comments/A274854-A281798.md
A281160,1 September 2026,papers/0001-0500/0417-PROOF.pdf,yes,comments/A274854-A281798.md
A281161,1 September 2026,papers/0001-0500/0265-PROOF.pdf,yes,comments/A274854-A281798.md
A281199,1 September 2026,papers/0501-1000/0969-PROOF.pdf,yes,comments/A274854-A281798.md
A281200,1 September 2026,papers/1001-1500/1019-PROOF.pdf,yes,comments/A274854-A281798.md
A281201,1 September 2026,papers/0501-1000/0731-PROOF.pdf,yes,comments/A274854-A281798.md
A281202,1 September 2026,papers/0501-1000/0724-PROOF.pdf,yes,comments/A274854-A281798.md
A281203,1 September 2026,papers/0501-1000/0604-PROOF.pdf,yes,comments/A274854-A281798.md
A281204,7 September 2026,papers/7001-7500/7015-PROOF.pdf,yes,comments/A274854-A281798.md
A281206,1 September 2026,papers/0501-1000/0904-PROOF.pdf,yes,comments/A274854-A281798.md
A281207,1 September 2026,papers/0501-1000/0886-PROOF.pdf,yes,comments/A274854-A281798.md
A281208,1 September 2026,papers/0501-1000/0816-PROOF.pdf,yes,comments/A274854-A281798.md
A281209,1 September 2026,papers/0501-1000/0804-PROOF.pdf,yes,comments/A274854-A281798.md
A281210,1 September 2026,papers/0501-1000/0800-PROOF.pdf,yes,comments/A274854-A281798.md
A281211,1 September 2026,papers/0501-1000/0797-PROOF.pdf,yes,comments/A274854-A281798.md
A281247,1 September 2026,papers/0501-1000/0662-PROOF.pdf,yes,comments/A274854-A281798.md
A281248,1 September 2026,papers/0001-0500/0366-PROOF.pdf,yes,comments/A274854-A281798.md
A281320,1 September 2026,papers/0501-1000/0947-PROOF.pdf,yes,comments/A274854-A281798.md
A281321,1 September 2026,papers/0501-1000/0930-PROOF.pdf,yes,comments/A274854-A281798.md
A281322,7 September 2026,papers/7501-8000/7714-PROOF.pdf,yes,comments/A274854-A281798.md
A281327,1 September 2026,papers/0501-1000/0666-PROOF.pdf,yes,comments/A274854-A281798.md
A281328,1 September 2026,papers/0001-0500/0361-PROOF.pdf,yes,comments/A274854-A281798.md
A281338,1 September 2026,papers/2501-3000/2828-PROOF.pdf,yes,comments/A274854-A281798.md
A281339,1 September 2026,papers/2001-2500/2185-PROOF.pdf,yes,comments/A274854-A281798.md
A281340,1 September 2026,papers/1501-2000/1644-PROOF.pdf,yes,comments/A274854-A281798.md
A281341,1 September 2026,papers/1001-1500/1140-PROOF.pdf,yes,comments/A274854-A281798.md
A281394,1 September 2026,papers/0501-1000/0762-PROOF.pdf,yes,comments/A274854-A281798.md
A281395,1 September 2026,papers/0501-1000/0579-PROOF.pdf,yes,comments/A274854-A281798.md
A281396,1 September 2026,papers/0501-1000/0538-PROOF.pdf,yes,comments/A274854-A281798.md
A281397,1 September 2026,papers/0001-0500/0479-PROOF.pdf,yes,comments/A274854-A281798.md
A281398,1 September 2026,papers/0001-0500/0455-PROOF.pdf,yes,comments/A274854-A281798.md
A281399,1 September 2026,papers/0001-0500/0440-PROOF.pdf,yes,comments/A274854-A281798.md
A281401,1 September 2026,papers/0501-1000/0711-PROOF.pdf,yes,comments/A274854-A281798.md
A281402,1 September 2026,papers/0501-1000/0748-PROOF.pdf,yes,comments/A274854-A281798.md
A281403,1 September 2026,papers/0501-1000/0656-PROOF.pdf,yes,comments/A274854-A281798.md
A281404,1 September 2026,papers/0501-1000/0607-PROOF.pdf,yes,comments/A274854-A281798.md
A281405,1 September 2026,papers/0501-1000/0557-PROOF.pdf,yes,comments/A274854-A281798.md
A281406,1 September 2026,papers/0501-1000/0523-PROOF.pdf,yes,comments/A274854-A281798.md
A281464,1 September 2026,papers/2001-2500/2447-PROOF.pdf,yes,comments/A274854-A281798.md
A281465,1 September 2026,papers/2001-2500/2285-PROOF.pdf,yes,comments/A274854-A281798.md
A281466,1 September 2026,papers/2001-2500/2056-PROOF.pdf,yes,comments/A274854-A281798.md
A281467,7 September 2026,papers/7001-7500/7158-PROOF.pdf,yes,comments/A274854-A281798.md
A281468,7 September 2026,papers/7001-7500/7010-PROOF.pdf,yes,comments/A274854-A281798.md
A281470,1 September 2026,papers/2501-3000/2829-PROOF.pdf,yes,comments/A274854-A281798.md
A281471,1 September 2026,papers/3001-3500/3015-PROOF.pdf,yes,comments/A274854-A281798.md
A281472,1 September 2026,papers/2501-3000/2745-PROOF.pdf,yes,comments/A274854-A281798.md
A281473,6 September 2026,papers/2501-3000/2519-PROOF.pdf,yes,comments/A274854-A281798.md
A281474,7 September 2026,papers/7501-8000/7938-PROOF.pdf,yes,comments/A274854-A281798.md
A281475,7 September 2026,papers/7501-8000/7717-PROOF.pdf,yes,comments/A274854-A281798.md
A281534,1 September 2026,papers/0501-1000/0616-PROOF.pdf,yes,comments/A274854-A281798.md
A281535,1 September 2026,papers/0001-0500/0446-PROOF.pdf,yes,comments/A274854-A281798.md
A281536,7 September 2026,papers/4501-5000/4714-PROOF.pdf,yes,comments/A274854-A281798.md
A281557,1 September 2026,papers/0501-1000/0627-PROOF.pdf,yes,comments/A274854-A281798.md
A281558,1 September 2026,papers/0001-0500/0464-PROOF.pdf,yes,comments/A274854-A281798.md
A281559,1 September 2026,papers/0001-0500/0436-PROOF.pdf,yes,comments/A274854-A281798.md
A281560,1 September 2026,papers/0001-0500/0404-PROOF.pdf,yes,comments/A274854-A281798.md
A281561,7 September 2026,papers/4501-5000/4949-PROOF.pdf,yes,comments/A274854-A281798.md
A281562,7 September 2026,papers/4501-5000/4777-PROOF.pdf,yes,comments/A274854-A281798.md
A281564,1 September 2026,papers/0501-1000/0584-PROOF.pdf,yes,comments/A274854-A281798.md
A281565,1 September 2026,papers/0501-1000/0623-PROOF.pdf,yes,comments/A274854-A281798.md
A281566,1 September 2026,papers/0501-1000/0537-PROOF.pdf,yes,comments/A274854-A281798.md
A281567,1 September 2026,papers/0001-0500/0490-PROOF.pdf,yes,comments/A274854-A281798.md
A281568,7 September 2026,papers/5501-6000/5750-PROOF.pdf,yes,comments/A274854-A281798.md
A281569,7 September 2026,papers/5001-5500/5500-PROOF.pdf,yes,comments/A274854-A281798.md
A281600,1 September 2026,papers/2501-3000/2739-PROOF.pdf,yes,comments/A274854-A281798.md
A281601,7 September 2026,papers/6001-6500/6356-PROOF.pdf,yes,comments/A274854-A281798.md
A281606,1 September 2026,papers/1501-2000/1872-PROOF.pdf,yes,comments/A274854-A281798.md
A281607,7 September 2026,papers/3501-4000/3961-PROOF.pdf,yes,comments/A274854-A281798.md
A281649,1 September 2026,papers/0501-1000/0650-PROOF.pdf,yes,comments/A274854-A281798.md
A281650,7 September 2026,papers/4501-5000/4950-PROOF.pdf,yes,comments/A274854-A281798.md
A281654,1 September 2026,papers/0501-1000/0743-PROOF.pdf,yes,comments/A274854-A281798.md
A281655,1 September 2026,papers/0001-0500/0420-PROOF.pdf,yes,comments/A274854-A281798.md
A281690,1 September 2026,papers/0501-1000/0535-PROOF.pdf,yes,comments/A274854-A281798.md
A281691,7 September 2026,papers/4001-4500/4182-PROOF.pdf,yes,comments/A274854-A281798.md
A281694,1 September 2026,papers/0501-1000/0617-PROOF.pdf,yes,comments/A274854-A281798.md
A281695,1 September 2026,papers/0001-0500/0330-PROOF.pdf,yes,comments/A274854-A281798.md
A281710,1 September 2026,papers/3001-3500/3234-PROOF.pdf,yes,comments/A274854-A281798.md
A281711,1 September 2026,papers/1501-2000/1781-PROOF.pdf,yes,comments/A274854-A281798.md
A281712,1 September 2026,papers/1001-1500/1475-PROOF.pdf,yes,comments/A274854-A281798.md
A281716,1 September 2026,papers/2501-3000/2830-PROOF.pdf,yes,comments/A274854-A281798.md
A281717,1 September 2026,papers/1501-2000/1591-PROOF.pdf,yes,comments/A274854-A281798.md
A281760,1 September 2026,papers/0501-1000/0839-PROOF.pdf,yes,comments/A274854-A281798.md
A281761,1 September 2026,papers/0001-0500/0405-PROOF.pdf,yes,comments/A274854-A281798.md
A281762,1 September 2026,papers/0001-0500/0289-PROOF.pdf,yes,comments/A274854-A281798.md
A281766,1 September 2026,papers/0501-1000/0712-PROOF.pdf,yes,comments/A274854-A281798.md
A281767,1 September 2026,papers/0001-0500/0336-PROOF.pdf,yes,comments/A274854-A281798.md
A281797,1 September 2026,papers/0501-1000/0702-PROOF.pdf,yes,comments/A274854-A281798.md
A281798,1 September 2026,papers/0001-0500/0319-PROOF.pdf,yes,comments/A274854-A281798.md
A281803,1 September 2026,papers/0501-1000/0585-PROOF.pdf,yes,comments/A281803-A297586.md
A281804,1 September 2026,papers/0001-0500/0247-PROOF.pdf,yes,comments/A281803-A297586.md
A281831,1 September 2026,papers/3001-3500/3247-PROOF.pdf,yes,comments/A281803-A297586.md
A281832,1 September 2026,papers/2001-2500/2427-PROOF.pdf,yes,comments/A281803-A297586.md
A281833,1 September 2026,papers/1001-1500/1491-PROOF.pdf,yes,comments/A281803-A297586.md
A281883,1 September 2026,papers/0501-1000/0580-PROOF.pdf,yes,comments/A281803-A297586.md
A281884,1 September 2026,papers/0001-0500/0297-PROOF.pdf,yes,comments/A281803-A297586.md
A281930,1 September 2026,papers/0501-1000/0853-PROOF.pdf,yes,comments/A281803-A297586.md
A281931,1 September 2026,papers/0001-0500/0465-PROOF.pdf,yes,comments/A281803-A297586.md
A281949,1 September 2026,papers/3001-3500/3248-PROOF.pdf,yes,comments/A281803-A297586.md
A281950,1 September 2026,papers/2001-2500/2078-PROOF.pdf,yes,comments/A281803-A297586.md
A281951,1 September 2026,papers/1001-1500/1398-PROOF.pdf,yes,comments/A281803-A297586.md
A281982,1 September 2026,papers/0501-1000/0862-PROOF.pdf,yes,comments/A281803-A297586.md
A281983,1 September 2026,papers/0001-0500/0475-PROOF.pdf,yes,comments/A281803-A297586.md
A281984,1 September 2026,papers/0001-0500/0262-PROOF.pdf,yes,comments/A281803-A297586.md
A282051,1 September 2026,papers/2501-3000/2761-PROOF.pdf,yes,comments/A281803-A297586.md
A282052,1 September 2026,papers/1501-2000/1708-PROOF.pdf,yes,comments/A281803-A297586.md
A282053,7 September 2026,papers/4001-4500/4483-PROOF.pdf,yes,comments/A281803-A297586.md
A282125,1 September 2026,papers/0501-1000/0744-PROOF.pdf,yes,comments/A281803-A297586.md
A282126,1 September 2026,papers/0001-0500/0396-PROOF.pdf,yes,comments/A281803-A297586.md
A282155,1 September 2026,papers/0501-1000/0618-PROOF.pdf,yes,comments/A281803-A297586.md
A282156,1 September 2026,papers/0001-0500/0304-PROOF.pdf,yes,comments/A281803-A297586.md
A282185,1 September 2026,papers/0501-1000/0824-PROOF.pdf,yes,comments/A281803-A297586.md
A282186,1 September 2026,papers/0001-0500/0395-PROOF.pdf,yes,comments/A281803-A297586.md
A282227,1 September 2026,papers/0001-0500/0471-PROOF.pdf,yes,comments/A281803-A297586.md
A282271,1 September 2026,papers/2001-2500/2028-PROOF.pdf,yes,comments/A281803-A297586.md
A282272,7 September 2026,papers/5001-5500/5144-PROOF.pdf,yes,comments/A281803-A297586.md
A282310,1 September 2026,papers/9001-9500/9136-PROOF.pdf,yes,comments/A281803-A297586.md
A282311,1 September 2026,papers/7001-7500/7353-PROOF.pdf,yes,comments/A281803-A297586.md
A282312,1 September 2026,papers/6001-6500/6094-PROOF.pdf,yes,comments/A281803-A297586.md
A282333,1 September 2026,papers/5501-6000/5883-PROOF.pdf,yes,comments/A281803-A297586.md
A282334,1 September 2026,papers/4501-5000/4728-PROOF.pdf,yes,comments/A281803-A297586.md
A282371,1 September 2026,papers/8001-8500/8320-PROOF.pdf,yes,comments/A281803-A297586.md
A282372,1 September 2026,papers/5001-5500/5113-PROOF.pdf,yes,comments/A281803-A297586.md
A282393,1 September 2026,papers/8001-8500/8370-PROOF.pdf,yes,comments/A281803-A297586.md
A282394,1 September 2026,papers/7501-8000/7588-PROOF.pdf,yes,comments/A281803-A297586.md
A282395,1 September 2026,papers/6001-6500/6214-PROOF.pdf,yes,comments/A281803-A297586.md
A282435,1 September 2026,papers/7001-7500/7112-PROOF.pdf,yes,comments/A281803-A297586.md
A282436,1 September 2026,papers/6001-6500/6119-PROOF.pdf,yes,comments/A281803-A297586.md
A282437,1 September 2026,papers/4501-5000/4849-PROOF.pdf,yes,comments/A281803-A297586.md
A282475,1 September 2026,papers/6001-6500/6176-PROOF.pdf,yes,comments/A281803-A297586.md
A282476,1 September 2026,papers/5001-5500/5322-PROOF.pdf,yes,comments/A281803-A297586.md
A282477,1 September 2026,papers/4001-4500/4085-PROOF.pdf,yes,comments/A281803-A297586.md
A282522,1 September 2026,papers/8501-9000/8884-PROOF.pdf,yes,comments/A281803-A297586.md
A282523,1 September 2026,papers/7501-8000/7822-PROOF.pdf,yes,comments/A281803-A297586.md
A282524,1 September 2026,papers/6501-7000/6716-PROOF.pdf,yes,comments/A281803-A297586.md
A282525,1 September 2026,papers/5001-5500/5024-PROOF.pdf,yes,comments/A281803-A297586.md
A282554,1 September 2026,papers/7501-8000/7868-PROOF.pdf,yes,comments/A281803-A297586.md
A282555,1 September 2026,papers/6001-6500/6403-PROOF.pdf,yes,comments/A281803-A297586.md
A282556,1 September 2026,papers/5001-5500/5218-PROOF.pdf,yes,comments/A281803-A297586.md
A282587,1 September 2026,papers/7001-7500/7099-PROOF.pdf,yes,comments/A281803-A297586.md
A282588,1 September 2026,papers/5501-6000/5548-PROOF.pdf,yes,comments/A281803-A297586.md
A282589,1 September 2026,papers/4001-4500/4446-PROOF.pdf,yes,comments/A281803-A297586.md
A282641,1 September 2026,papers/9001-9500/9137-PROOF.pdf,yes,comments/A281803-A297586.md
A282642,1 September 2026,papers/8001-8500/8286-PROOF.pdf,yes,comments/A281803-A297586.md
A282643,1 September 2026,papers/7501-8000/7534-PROOF.pdf,yes,comments/A281803-A297586.md
A282644,1 September 2026,papers/5501-6000/5772-PROOF.pdf,yes,comments/A281803-A297586.md
A282645,1 September 2026,papers/5001-5500/5081-PROOF.pdf,yes,comments/A281803-A297586.md
A282785,1 September 2026,papers/8001-8500/8336-PROOF.pdf,yes,comments/A281803-A297586.md
A282786,1 September 2026,papers/7001-7500/7031-PROOF.pdf,yes,comments/A281803-A297586.md
A282787,1 September 2026,papers/6001-6500/6090-PROOF.pdf,yes,comments/A281803-A297586.md
A282788,1 September 2026,papers/4001-4500/4439-PROOF.pdf,yes,comments/A281803-A297586.md
A282831,1 September 2026,papers/7501-8000/7675-PROOF.pdf,yes,comments/A281803-A297586.md
A282832,1 September 2026,papers/7501-8000/7631-PROOF.pdf,yes,comments/A281803-A297586.md
A282833,1 September 2026,papers/6001-6500/6113-PROOF.pdf,yes,comments/A281803-A297586.md
A282834,1 September 2026,papers/5001-5500/5295-PROOF.pdf,yes,comments/A281803-A297586.md
A282856,1 September 2026,papers/8501-9000/8655-PROOF.pdf,yes,comments/A281803-A297586.md
A282857,1 September 2026,papers/7001-7500/7240-PROOF.pdf,yes,comments/A281803-A297586.md
A282858,1 September 2026,papers/5501-6000/5808-PROOF.pdf,yes,comments/A281803-A297586.md
A282859,1 September 2026,papers/4001-4500/4408-PROOF.pdf,yes,comments/A281803-A297586.md
A282879,1 September 2026,papers/7001-7500/7424-PROOF.pdf,yes,comments/A281803-A297586.md
A282880,1 September 2026,papers/5501-6000/5717-PROOF.pdf,yes,comments/A281803-A297586.md
A282881,1 September 2026,papers/4001-4500/4465-PROOF.pdf,yes,comments/A281803-A297586.md
A282963,1 September 2026,papers/6501-7000/6652-PROOF.pdf,yes,comments/A281803-A297586.md
A282964,1 September 2026,papers/4501-5000/4927-PROOF.pdf,yes,comments/A281803-A297586.md
A282965,1 September 2026,papers/3501-4000/3787-PROOF.pdf,yes,comments/A281803-A297586.md
A282990,1 September 2026,papers/8501-9000/8941-PROOF.pdf,yes,comments/A281803-A297586.md
A282991,1 September 2026,papers/7501-8000/7641-PROOF.pdf,yes,comments/A281803-A297586.md
A282992,1 September 2026,papers/6501-7000/6588-PROOF.pdf,yes,comments/A281803-A297586.md
A282993,1 September 2026,papers/4501-5000/4733-PROOF.pdf,yes,comments/A281803-A297586.md
A283036,1 September 2026,papers/7501-8000/7877-PROOF.pdf,yes,comments/A281803-A297586.md
A283037,1 September 2026,papers/6001-6500/6128-PROOF.pdf,yes,comments/A281803-A297586.md
A283038,1 September 2026,papers/5001-5500/5101-PROOF.pdf,yes,comments/A281803-A297586.md
A283039,2 September 2026,papers/0001-0500/0203-PROOF.pdf,yes,comments/A281803-A297586.md
A283094,1 September 2026,papers/7001-7500/7108-PROOF.pdf,yes,comments/A281803-A297586.md
A283095,1 September 2026,papers/5001-5500/5326-PROOF.pdf,yes,comments/A281803-A297586.md
A283096,1 September 2026,papers/4001-4500/4270-PROOF.pdf,yes,comments/A281803-A297586.md
A283124,1 September 2026,papers/8501-9000/8601-PROOF.pdf,yes,comments/A281803-A297586.md
A283125,1 September 2026,papers/7501-8000/7589-PROOF.pdf,yes,comments/A281803-A297586.md
A283126,1 September 2026,papers/6001-6500/6238-PROOF.pdf,yes,comments/A281803-A297586.md
A283127,1 September 2026,papers/4001-4500/4191-PROOF.pdf,yes,comments/A281803-A297586.md
A283197,1 September 2026,papers/7001-7500/7419-PROOF.pdf,yes,comments/A281803-A297586.md
A283198,1 September 2026,papers/6001-6500/6121-PROOF.pdf,yes,comments/A281803-A297586.md
A283199,1 September 2026,papers/4501-5000/4851-PROOF.pdf,yes,comments/A281803-A297586.md
A283226,1 September 2026,papers/6501-7000/6649-PROOF.pdf,yes,comments/A281803-A297586.md
A283227,1 September 2026,papers/5001-5500/5323-PROOF.pdf,yes,comments/A281803-A297586.md
A283228,1 September 2026,papers/4001-4500/4089-PROOF.pdf,yes,comments/A281803-A297586.md
A283276,1 September 2026,papers/7501-8000/7880-PROOF.pdf,yes,comments/A281803-A297586.md
A283277,1 September 2026,papers/7001-7500/7100-PROOF.pdf,yes,comments/A281803-A297586.md
A283278,1 September 2026,papers/6001-6500/6003-PROOF.pdf,yes,comments/A281803-A297586.md
A283341,1 September 2026,papers/6001-6500/6484-PROOF.pdf,yes,comments/A281803-A297586.md
A283342,1 September 2026,papers/6001-6500/6408-PROOF.pdf,yes,comments/A281803-A297586.md
A283343,1 September 2026,papers/4501-5000/4625-PROOF.pdf,yes,comments/A281803-A297586.md
A283380,1 September 2026,papers/5501-6000/5569-PROOF.pdf,yes,comments/A281803-A297586.md
A283381,1 September 2026,papers/4501-5000/4987-PROOF.pdf,yes,comments/A281803-A297586.md
A283409,1 September 2026,papers/8501-9000/8602-PROOF.pdf,yes,comments/A281803-A297586.md
A283410,1 September 2026,papers/8501-9000/8542-PROOF.pdf,yes,comments/A281803-A297586.md
A283411,1 September 2026,papers/6501-7000/6880-PROOF.pdf,yes,comments/A281803-A297586.md
A283412,1 September 2026,papers/4501-5000/4666-PROOF.pdf,yes,comments/A281803-A297586.md
A283488,1 September 2026,papers/7001-7500/7420-PROOF.pdf,yes,comments/A281803-A297586.md
A283489,1 September 2026,papers/7001-7500/7328-PROOF.pdf,yes,comments/A281803-A297586.md
A283490,1 September 2026,papers/5001-5500/5374-PROOF.pdf,yes,comments/A281803-A297586.md
A283516,1 September 2026,papers/6501-7000/6650-PROOF.pdf,yes,comments/A281803-A297586.md
A283517,1 September 2026,papers/6501-7000/6585-PROOF.pdf,yes,comments/A281803-A297586.md
A283518,1 September 2026,papers/4501-5000/4589-PROOF.pdf,yes,comments/A281803-A297586.md
A283538,1 September 2026,papers/8001-8500/8345-PROOF.pdf,yes,comments/A281803-A297586.md
A283539,1 September 2026,papers/7501-8000/7806-PROOF.pdf,yes,comments/A281803-A297586.md
A283540,1 September 2026,papers/5501-6000/5798-PROOF.pdf,yes,comments/A281803-A297586.md
A283541,1 September 2026,papers/5001-5500/5300-PROOF.pdf,yes,comments/A281803-A297586.md
A283544,1 September 2026,papers/8001-8500/8335-PROOF.pdf,yes,comments/A281803-A297586.md
A283545,1 September 2026,papers/7501-8000/7797-PROOF.pdf,yes,comments/A281803-A297586.md
A283546,1 September 2026,papers/5501-6000/5783-PROOF.pdf,yes,comments/A281803-A297586.md
A283547,1 September 2026,papers/4501-5000/4962-PROOF.pdf,yes,comments/A281803-A297586.md
A283567,1 September 2026,papers/7001-7500/7039-PROOF.pdf,yes,comments/A281803-A297586.md
A283568,1 September 2026,papers/6001-6500/6394-PROOF.pdf,yes,comments/A281803-A297586.md
A283569,1 September 2026,papers/4001-4500/4447-PROOF.pdf,yes,comments/A281803-A297586.md
A283573,1 September 2026,papers/8001-8500/8352-PROOF.pdf,yes,comments/A281803-A297586.md
A283574,1 September 2026,papers/7001-7500/7038-PROOF.pdf,yes,comments/A281803-A297586.md
A283575,1 September 2026,papers/6001-6500/6371-PROOF.pdf,yes,comments/A281803-A297586.md
A283576,1 September 2026,papers/4001-4500/4445-PROOF.pdf,yes,comments/A281803-A297586.md
A283629,1 September 2026,papers/6001-6500/6120-PROOF.pdf,yes,comments/A281803-A297586.md
A283630,1 September 2026,papers/5501-6000/5528-PROOF.pdf,yes,comments/A281803-A297586.md
A283635,1 September 2026,papers/7501-8000/7637-PROOF.pdf,yes,comments/A281803-A297586.md
A283636,1 September 2026,papers/6001-6500/6117-PROOF.pdf,yes,comments/A281803-A297586.md
A283637,1 September 2026,papers/5501-6000/5526-PROOF.pdf,yes,comments/A281803-A297586.md
A283660,1 September 2026,papers/0501-1000/0709-PROOF.pdf,yes,comments/A281803-A297586.md
A283661,1 September 2026,papers/0001-0500/0401-PROOF.pdf,yes,comments/A281803-A297586.md
A283686,1 September 2026,papers/7001-7500/7397-PROOF.pdf,yes,comments/A281803-A297586.md
A283687,1 September 2026,papers/6501-7000/6735-PROOF.pdf,yes,comments/A281803-A297586.md
A283688,1 September 2026,papers/4501-5000/4537-PROOF.pdf,yes,comments/A281803-A297586.md
A283692,1 September 2026,papers/8501-9000/8603-PROOF.pdf,yes,comments/A281803-A297586.md
A283693,1 September 2026,papers/7001-7500/7195-PROOF.pdf,yes,comments/A281803-A297586.md
A283694,1 September 2026,papers/5501-6000/5624-PROOF.pdf,yes,comments/A281803-A297586.md
A283721,1 September 2026,papers/5501-6000/5884-PROOF.pdf,yes,comments/A281803-A297586.md
A283722,1 September 2026,papers/5001-5500/5221-PROOF.pdf,yes,comments/A281803-A297586.md
A283723,2 September 2026,papers/0001-0500/0183-PROOF.pdf,yes,comments/A281803-A297586.md
A283727,1 September 2026,papers/7001-7500/7421-PROOF.pdf,yes,comments/A281803-A297586.md
A283728,1 September 2026,papers/5501-6000/5713-PROOF.pdf,yes,comments/A281803-A297586.md
A283729,1 September 2026,papers/4001-4500/4271-PROOF.pdf,yes,comments/A281803-A297586.md
A283779,1 September 2026,papers/5001-5500/5117-PROOF.pdf,yes,comments/A281803-A297586.md
A283780,1 September 2026,papers/4001-4500/4448-PROOF.pdf,yes,comments/A281803-A297586.md
A283785,1 September 2026,papers/6501-7000/6651-PROOF.pdf,yes,comments/A281803-A297586.md
A283786,1 September 2026,papers/4501-5000/4924-PROOF.pdf,yes,comments/A281803-A297586.md
A283852,1 September 2026,papers/7501-8000/7823-PROOF.pdf,yes,comments/A281803-A297586.md
A283853,1 September 2026,papers/6001-6500/6235-PROOF.pdf,yes,comments/A281803-A297586.md
A283854,1 September 2026,papers/4001-4500/4317-PROOF.pdf,yes,comments/A281803-A297586.md
A283858,1 September 2026,papers/8501-9000/8885-PROOF.pdf,yes,comments/A281803-A297586.md
A283859,1 September 2026,papers/6501-7000/6754-PROOF.pdf,yes,comments/A281803-A297586.md
A283860,1 September 2026,papers/5001-5500/5224-PROOF.pdf,yes,comments/A281803-A297586.md
A283945,1 September 2026,papers/6001-6500/6406-PROOF.pdf,yes,comments/A281803-A297586.md
A283946,1 September 2026,papers/4501-5000/4850-PROOF.pdf,yes,comments/A281803-A297586.md
A283951,1 September 2026,papers/7501-8000/7872-PROOF.pdf,yes,comments/A281803-A297586.md
A283952,1 September 2026,papers/5001-5500/5247-PROOF.pdf,yes,comments/A281803-A297586.md
A283953,1 September 2026,papers/3501-4000/3946-PROOF.pdf,yes,comments/A281803-A297586.md
A284070,1 September 2026,papers/5501-6000/5551-PROOF.pdf,yes,comments/A281803-A297586.md
A284071,1 September 2026,papers/4001-4500/4087-PROOF.pdf,yes,comments/A281803-A297586.md
A284076,1 September 2026,papers/7001-7500/7104-PROOF.pdf,yes,comments/A281803-A297586.md
A284077,1 September 2026,papers/4001-4500/4466-PROOF.pdf,yes,comments/A281803-A297586.md
A285195,25 August 2026,papers/9001-9500/9295-PROOF.pdf,yes,comments/A281803-A297586.md
A294159,25 August 2026,papers/9001-9500/9324-PROOF.pdf,yes,comments/A281803-A297586.md
A295036,31 August 2026,papers/4501-5000/4859-PROOF.pdf,yes,comments/A281803-A297586.md
A295046,31 August 2026,papers/7501-8000/7607-PROOF.pdf,yes,comments/A281803-A297586.md
A295047,6 September 2026,papers/6001-6500/6184-PROOF.pdf,yes,comments/A281803-A297586.md
A295048,31 August 2026,papers/4001-4500/4144-PROOF.pdf,yes,comments/A281803-A297586.md
A295091,31 August 2026,papers/8501-9000/8621-PROOF.pdf,yes,comments/A281803-A297586.md
A295092,31 August 2026,papers/6001-6500/6436-PROOF.pdf,yes,comments/A281803-A297586.md
A295093,31 August 2026,papers/4001-4500/4327-PROOF.pdf,yes,comments/A281803-A297586.md
A295115,31 August 2026,papers/7001-7500/7367-PROOF.pdf,yes,comments/A281803-A297586.md
A295116,31 August 2026,papers/6501-7000/6724-PROOF.pdf,yes,comments/A281803-A297586.md
A295117,31 August 2026,papers/4501-5000/4531-PROOF.pdf,yes,comments/A281803-A297586.md
A295202,6 September 2026,papers/4501-5000/4997-PROOF.pdf,yes,comments/A281803-A297586.md
A295209,6 September 2026,papers/5001-5500/5258-PROOF.pdf,yes,comments/A281803-A297586.md
A295247,31 August 2026,papers/8501-9000/8622-PROOF.pdf,yes,comments/A281803-A297586.md
A295248,31 August 2026,papers/6001-6500/6135-PROOF.pdf,yes,comments/A281803-A297586.md
A295249,31 August 2026,papers/4001-4500/4328-PROOF.pdf,yes,comments/A281803-A297586.md
A295272,31 August 2026,papers/4501-5000/4532-PROOF.pdf,yes,comments/A281803-A297586.md
A295346,31 August 2026,papers/8001-8500/8394-PROOF.pdf,yes,comments/A281803-A297586.md
A295347,31 August 2026,papers/6001-6500/6136-PROOF.pdf,yes,comments/A281803-A297586.md
A295348,31 August 2026,papers/4001-4500/4329-PROOF.pdf,yes,comments/A281803-A297586.md
A295374,31 August 2026,papers/7001-7500/7368-PROOF.pdf,yes,comments/A281803-A297586.md
A295375,31 August 2026,papers/5001-5500/5454-PROOF.pdf,yes,comments/A281803-A297586.md
A295411,31 August 2026,papers/7501-8000/7839-PROOF.pdf,yes,comments/A281803-A297586.md
A295412,31 August 2026,papers/6501-7000/6725-PROOF.pdf,yes,comments/A281803-A297586.md
A295413,31 August 2026,papers/4501-5000/4662-PROOF.pdf,yes,comments/A281803-A297586.md
A295525,31 August 2026,papers/8001-8500/8395-PROOF.pdf,yes,comments/A281803-A297586.md
A295526,31 August 2026,papers/6001-6500/6137-PROOF.pdf,yes,comments/A281803-A297586.md
A295527,31 August 2026,papers/4001-4500/4330-PROOF.pdf,yes,comments/A281803-A297586.md
A295647,31 August 2026,papers/6001-6500/6138-PROOF.pdf,yes,comments/A281803-A297586.md
A295648,31 August 2026,papers/4001-4500/4331-PROOF.pdf,yes,comments/A281803-A297586.md
A295711,31 August 2026,papers/7001-7500/7065-PROOF.pdf,yes,comments/A281803-A297586.md
A295712,31 August 2026,papers/5001-5500/5231-PROOF.pdf,yes,comments/A281803-A297586.md
A295776,31 August 2026,papers/8501-9000/8553-PROOF.pdf,yes,comments/A281803-A297586.md
A295777,31 August 2026,papers/7001-7500/7317-PROOF.pdf,yes,comments/A281803-A297586.md
A295778,31 August 2026,papers/5501-6000/5681-PROOF.pdf,yes,comments/A281803-A297586.md
A295779,31 August 2026,papers/4001-4500/4392-PROOF.pdf,yes,comments/A281803-A297586.md
A295841,31 August 2026,papers/8501-9000/8911-PROOF.pdf,yes,comments/A281803-A297586.md
A295842,31 August 2026,papers/7501-8000/7608-PROOF.pdf,yes,comments/A281803-A297586.md
A295843,31 August 2026,papers/6001-6500/6384-PROOF.pdf,yes,comments/A281803-A297586.md
A295844,31 August 2026,papers/4501-5000/4788-PROOF.pdf,yes,comments/A281803-A297586.md
A295913,1 September 2026,papers/8501-9000/8803-PROOF.pdf,yes,comments/A281803-A297586.md
A295914,31 August 2026,papers/8001-8500/8231-PROOF.pdf,yes,comments/A281803-A297586.md
A295915,31 August 2026,papers/4501-5000/4619-PROOF.pdf,yes,comments/A281803-A297586.md
A295937,31 August 2026,papers/8001-8500/8396-PROOF.pdf,yes,comments/A281803-A297586.md
A295940,31 August 2026,papers/3501-4000/3965-PROOF.pdf,yes,comments/A281803-A297586.md
A295979,31 August 2026,papers/8001-8500/8397-PROOF.pdf,yes,comments/A281803-A297586.md
A295980,31 August 2026,papers/7001-7500/7369-PROOF.pdf,yes,comments/A281803-A297586.md
A295981,31 August 2026,papers/5001-5500/5311-PROOF.pdf,yes,comments/A281803-A297586.md
A296016,31 August 2026,papers/3501-4000/3966-PROOF.pdf,yes,comments/A281803-A297586.md
A296033,31 August 2026,papers/8501-9000/8623-PROOF.pdf,yes,comments/A281803-A297586.md
A296034,31 August 2026,papers/7001-7500/7206-PROOF.pdf,yes,comments/A281803-A297586.md
A296035,31 August 2026,papers/6001-6500/6223-PROOF.pdf,yes,comments/A281803-A297586.md
A296036,31 August 2026,papers/3501-4000/3967-PROOF.pdf,yes,comments/A281803-A297586.md
A296109,31 August 2026,papers/8001-8500/8398-PROOF.pdf,yes,comments/A281803-A297586.md
A296112,2 September 2026,papers/0001-0500/0155-PROOF.pdf,yes,comments/A281803-A297586.md
A296124,31 August 2026,papers/7501-8000/7546-PROOF.pdf,yes,comments/A281803-A297586.md
A296125,31 August 2026,papers/4501-5000/4585-PROOF.pdf,yes,comments/A281803-A297586.md
A296152,31 August 2026,papers/6501-7000/6607-PROOF.pdf,yes,comments/A281803-A297586.md
A296153,31 August 2026,papers/4001-4500/4413-PROOF.pdf,yes,comments/A281803-A297586.md
A296309,31 August 2026,papers/8001-8500/8232-PROOF.pdf,yes,comments/A281803-A297586.md
A296310,31 August 2026,papers/4001-4500/4114-PROOF.pdf,yes,comments/A281803-A297586.md
A296315,31 August 2026,papers/7001-7500/7207-PROOF.pdf,yes,comments/A281803-A297586.md
A296316,31 August 2026,papers/5501-6000/5786-PROOF.pdf,yes,comments/A281803-A297586.md
A296317,31 August 2026,papers/4001-4500/4396-PROOF.pdf,yes,comments/A281803-A297586.md
A296322,31 August 2026,papers/7501-8000/7840-PROOF.pdf,yes,comments/A281803-A297586.md
A296323,31 August 2026,papers/6501-7000/6726-PROOF.pdf,yes,comments/A281803-A297586.md
A296324,6 September 2026,papers/4501-5000/4567-PROOF.pdf,yes,comments/A281803-A297586.md
A296329,31 August 2026,papers/8501-9000/8624-PROOF.pdf,yes,comments/A281803-A297586.md
A296330,31 August 2026,papers/7501-8000/7609-PROOF.pdf,yes,comments/A281803-A297586.md
A296331,31 August 2026,papers/5501-6000/5787-PROOF.pdf,yes,comments/A281803-A297586.md
A296332,31 August 2026,papers/4001-4500/4363-PROOF.pdf,yes,comments/A281803-A297586.md
A296380,31 August 2026,papers/7501-8000/7890-PROOF.pdf,yes,comments/A281803-A297586.md
A296381,31 August 2026,papers/6001-6500/6437-PROOF.pdf,yes,comments/A281803-A297586.md
A296382,31 August 2026,papers/4501-5000/4553-PROOF.pdf,yes,comments/A281803-A297586.md
A296390,6 September 2026,papers/7501-8000/7696-PROOF.pdf,yes,comments/A281803-A297586.md
A296391,31 August 2026,papers/6501-7000/6768-PROOF.pdf,yes,comments/A281803-A297586.md
A296392,31 August 2026,papers/4001-4500/4156-PROOF.pdf,yes,comments/A281803-A297586.md
A296399,31 August 2026,papers/7501-8000/7685-PROOF.pdf,yes,comments/A281803-A297586.md
A296400,31 August 2026,papers/5501-6000/5908-PROOF.pdf,yes,comments/A281803-A297586.md
A296401,31 August 2026,papers/4001-4500/4070-PROOF.pdf,yes,comments/A281803-A297586.md
A296536,31 August 2026,papers/7001-7500/7066-PROOF.pdf,yes,comments/A281803-A297586.md
A296537,31 August 2026,papers/4501-5000/4597-PROOF.pdf,yes,comments/A281803-A297586.md
A296550,31 August 2026,papers/7501-8000/7993-PROOF.pdf,yes,comments/A281803-A297586.md
A296551,31 August 2026,papers/7001-7500/7287-PROOF.pdf,yes,comments/A281803-A297586.md
A296552,31 August 2026,papers/6501-7000/6833-PROOF.pdf,yes,comments/A281803-A297586.md
A296572,31 August 2026,papers/7501-8000/7686-PROOF.pdf,yes,comments/A281803-A297586.md
A296573,31 August 2026,papers/6501-7000/6769-PROOF.pdf,yes,comments/A281803-A297586.md
A296574,31 August 2026,papers/4001-4500/4120-PROOF.pdf,yes,comments/A281803-A297586.md
A296582,31 August 2026,papers/7501-8000/7687-PROOF.pdf,yes,comments/A281803-A297586.md
A296583,31 August 2026,papers/5501-6000/5819-PROOF.pdf,yes,comments/A281803-A297586.md
A296584,31 August 2026,papers/3501-4000/3920-PROOF.pdf,yes,comments/A281803-A297586.md
A296593,31 August 2026,papers/7501-8000/7891-PROOF.pdf,yes,comments/A281803-A297586.md
A296594,31 August 2026,papers/6001-6500/6263-PROOF.pdf,yes,comments/A281803-A297586.md
A296595,6 September 2026,papers/4001-4500/4380-PROOF.pdf,yes,comments/A281803-A297586.md
A296630,31 August 2026,papers/7001-7500/7067-PROOF.pdf,yes,comments/A281803-A297586.md
A296631,31 August 2026,papers/4501-5000/4598-PROOF.pdf,yes,comments/A281803-A297586.md
A296638,31 August 2026,papers/5501-6000/5726-PROOF.pdf,yes,comments/A281803-A297586.md
A296645,31 August 2026,papers/8001-8500/8399-PROOF.pdf,yes,comments/A281803-A297586.md
A296646,31 August 2026,papers/7001-7500/7370-PROOF.pdf,yes,comments/A281803-A297586.md
A296647,31 August 2026,papers/5501-6000/5697-PROOF.pdf,yes,comments/A281803-A297586.md
A296668,31 August 2026,papers/8001-8500/8400-PROOF.pdf,yes,comments/A281803-A297586.md
A296669,31 August 2026,papers/7001-7500/7068-PROOF.pdf,yes,comments/A281803-A297586.md
A296670,31 August 2026,papers/5001-5500/5312-PROOF.pdf,yes,comments/A281803-A297586.md
A296682,31 August 2026,papers/8001-8500/8401-PROOF.pdf,yes,comments/A281803-A297586.md
A296719,31 August 2026,papers/9001-9500/9158-PROOF.pdf,yes,comments/A281803-A297586.md
A296720,31 August 2026,papers/7001-7500/7371-PROOF.pdf,yes,comments/A281803-A297586.md
A296721,31 August 2026,papers/6001-6500/6103-PROOF.pdf,yes,comments/A281803-A297586.md
A296722,31 August 2026,papers/4001-4500/4315-PROOF.pdf,yes,comments/A281803-A297586.md
A296733,31 August 2026,papers/8001-8500/8402-PROOF.pdf,yes,comments/A281803-A297586.md
A296734,31 August 2026,papers/6001-6500/6438-PROOF.pdf,yes,comments/A281803-A297586.md
A296735,31 August 2026,papers/4501-5000/4802-PROOF.pdf,yes,comments/A281803-A297586.md
A296798,31 August 2026,papers/8001-8500/8403-PROOF.pdf,yes,comments/A281803-A297586.md
A296799,31 August 2026,papers/6001-6500/6439-PROOF.pdf,yes,comments/A281803-A297586.md
A296800,31 August 2026,papers/4501-5000/4599-PROOF.pdf,yes,comments/A281803-A297586.md
A296821,31 August 2026,papers/8001-8500/8404-PROOF.pdf,yes,comments/A281803-A297586.md
A296822,31 August 2026,papers/6001-6500/6440-PROOF.pdf,yes,comments/A281803-A297586.md
A296823,31 August 2026,papers/4501-5000/4803-PROOF.pdf,yes,comments/A281803-A297586.md
A296829,31 August 2026,papers/6501-7000/6608-PROOF.pdf,yes,comments/A281803-A297586.md
A296830,31 August 2026,papers/4001-4500/4121-PROOF.pdf,yes,comments/A281803-A297586.md
A296946,31 August 2026,papers/8501-9000/8912-PROOF.pdf,yes,comments/A281803-A297586.md
A296947,31 August 2026,papers/6001-6500/6021-PROOF.pdf,yes,comments/A281803-A297586.md
A296948,31 August 2026,papers/4001-4500/4277-PROOF.pdf,yes,comments/A281803-A297586.md
A296957,31 August 2026,papers/8501-9000/8625-PROOF.pdf,yes,comments/A281803-A297586.md
A296958,31 August 2026,papers/5501-6000/5820-PROOF.pdf,yes,comments/A281803-A297586.md
A296959,31 August 2026,papers/4001-4500/4098-PROOF.pdf,yes,comments/A281803-A297586.md
A296968,31 August 2026,papers/8501-9000/8626-PROOF.pdf,yes,comments/A281803-A297586.md
A296969,31 August 2026,papers/6001-6500/6264-PROOF.pdf,yes,comments/A281803-A297586.md
A296970,31 August 2026,papers/4001-4500/4204-PROOF.pdf,yes,comments/A281803-A297586.md
A296984,31 August 2026,papers/8001-8500/8405-PROOF.pdf,yes,comments/A281803-A297586.md
A296985,31 August 2026,papers/5501-6000/5909-PROOF.pdf,yes,comments/A281803-A297586.md
A296986,31 August 2026,papers/4001-4500/4414-PROOF.pdf,yes,comments/A281803-A297586.md
A297015,31 August 2026,papers/5501-6000/5910-PROOF.pdf,yes,comments/A281803-A297586.md
A297016,31 August 2026,papers/4001-4500/4205-PROOF.pdf,yes,comments/A281803-A297586.md
A297079,1 September 2026,papers/8001-8500/8371-PROOF.pdf,yes,comments/A281803-A297586.md
A297080,1 September 2026,papers/6001-6500/6254-PROOF.pdf,yes,comments/A281803-A297586.md
A297081,1 September 2026,papers/4501-5000/4854-PROOF.pdf,yes,comments/A281803-A297586.md
A297088,1 September 2026,papers/8501-9000/8604-PROOF.pdf,yes,comments/A281803-A297586.md
A297089,1 September 2026,papers/6001-6500/6015-PROOF.pdf,yes,comments/A281803-A297586.md
A297090,1 September 2026,papers/4001-4500/4453-PROOF.pdf,yes,comments/A281803-A297586.md
A297096,1 September 2026,papers/8001-8500/8372-PROOF.pdf,yes,comments/A281803-A297586.md
A297097,1 September 2026,papers/5501-6000/5895-PROOF.pdf,yes,comments/A281803-A297586.md
A297098,1 September 2026,papers/4001-4500/4235-PROOF.pdf,yes,comments/A281803-A297586.md
A297219,31 August 2026,papers/9001-9500/9093-PROOF.pdf,yes,comments/A281803-A297586.md
A297220,31 August 2026,papers/8001-8500/8498-PROOF.pdf,yes,comments/A281803-A297586.md
A297221,31 August 2026,papers/7001-7500/7498-PROOF.pdf,yes,comments/A281803-A297586.md
A297222,31 August 2026,papers/7001-7500/7133-PROOF.pdf,yes,comments/A281803-A297586.md
A297223,31 August 2026,papers/6001-6500/6319-PROOF.pdf,yes,comments/A281803-A297586.md
A297225,31 August 2026,papers/6501-7000/6907-PROOF.pdf,yes,comments/A281803-A297586.md
A297226,31 August 2026,papers/5001-5500/5313-PROOF.pdf,yes,comments/A281803-A297586.md
A297227,31 August 2026,papers/3501-4000/3856-PROOF.pdf,yes,comments/A281803-A297586.md
A297296,31 August 2026,papers/8501-9000/8732-PROOF.pdf,yes,comments/A281803-A297586.md
A297297,31 August 2026,papers/7501-8000/7722-PROOF.pdf,yes,comments/A281803-A297586.md
A297298,31 August 2026,papers/6501-7000/6966-PROOF.pdf,yes,comments/A281803-A297586.md
A297300,31 August 2026,papers/8501-9000/8821-PROOF.pdf,yes,comments/A281803-A297586.md
A297302,31 August 2026,papers/4501-5000/4959-PROOF.pdf,yes,comments/A281803-A297586.md
A297309,31 August 2026,papers/8501-9000/8822-PROOF.pdf,yes,comments/A281803-A297586.md
A297310,31 August 2026,papers/7501-8000/7780-PROOF.pdf,yes,comments/A281803-A297586.md
A297311,31 August 2026,papers/7001-7500/7003-PROOF.pdf,yes,comments/A281803-A297586.md
A297312,31 August 2026,papers/5501-6000/5668-PROOF.pdf,yes,comments/A281803-A297586.md
A297313,31 August 2026,papers/4501-5000/4773-PROOF.pdf,yes,comments/A281803-A297586.md
A297315,31 August 2026,papers/7501-8000/7688-PROOF.pdf,yes,comments/A281803-A297586.md
A297316,31 August 2026,papers/5501-6000/5643-PROOF.pdf,yes,comments/A281803-A297586.md
A297317,31 August 2026,papers/3501-4000/3830-PROOF.pdf,yes,comments/A281803-A297586.md
A297333,31 August 2026,papers/9001-9500/9094-PROOF.pdf,yes,comments/A281803-A297586.md
A297334,31 August 2026,papers/8001-8500/8499-PROOF.pdf,yes,comments/A281803-A297586.md
A297335,31 August 2026,papers/7501-8000/7946-PROOF.pdf,yes,comments/A281803-A297586.md
A297336,31 August 2026,papers/6501-7000/6834-PROOF.pdf,yes,comments/A281803-A297586.md
A297337,31 August 2026,papers/5501-6000/5837-PROOF.pdf,yes,comments/A281803-A297586.md
A297339,31 August 2026,papers/8501-9000/8627-PROOF.pdf,yes,comments/A281803-A297586.md
A297340,31 August 2026,papers/7001-7500/7069-PROOF.pdf,yes,comments/A281803-A297586.md
A297341,31 August 2026,papers/5001-5500/5040-PROOF.pdf,yes,comments/A281803-A297586.md
A297369,31 August 2026,papers/9001-9500/9095-PROOF.pdf,yes,comments/A281803-A297586.md
A297370,6 September 2026,papers/8001-8500/8420-PROOF.pdf,yes,comments/A281803-A297586.md
A297371,31 August 2026,papers/7001-7500/7499-PROOF.pdf,yes,comments/A281803-A297586.md
A297372,31 August 2026,papers/6001-6500/6196-PROOF.pdf,yes,comments/A281803-A297586.md
A297373,31 August 2026,papers/5001-5500/5200-PROOF.pdf,yes,comments/A281803-A297586.md
A297375,31 August 2026,papers/8001-8500/8113-PROOF.pdf,yes,comments/A281803-A297586.md
A297376,31 August 2026,papers/7001-7500/7070-PROOF.pdf,yes,comments/A281803-A297586.md
A297377,31 August 2026,papers/5001-5500/5176-PROOF.pdf,yes,comments/A281803-A297586.md
A297390,31 August 2026,papers/8501-9000/8823-PROOF.pdf,yes,comments/A281803-A297586.md
A297391,31 August 2026,papers/7501-8000/7994-PROOF.pdf,yes,comments/A281803-A297586.md
A297392,31 August 2026,papers/5501-6000/5858-PROOF.pdf,yes,comments/A281803-A297586.md
A297393,31 August 2026,papers/5001-5500/5425-PROOF.pdf,yes,comments/A281803-A297586.md
A297394,31 August 2026,papers/3501-4000/3957-PROOF.pdf,yes,comments/A281803-A297586.md
A297396,31 August 2026,papers/8001-8500/8308-PROOF.pdf,yes,comments/A281803-A297586.md
A297397,31 August 2026,papers/7501-8000/7781-PROOF.pdf,yes,comments/A281803-A297586.md
A297398,31 August 2026,papers/5501-6000/5773-PROOF.pdf,yes,comments/A281803-A297586.md
A297399,31 August 2026,papers/5001-5500/5017-PROOF.pdf,yes,comments/A281803-A297586.md
A297426,31 August 2026,papers/8001-8500/8309-PROOF.pdf,yes,comments/A281803-A297586.md
A297427,31 August 2026,papers/7501-8000/7995-PROOF.pdf,yes,comments/A281803-A297586.md
A297428,31 August 2026,papers/5501-6000/5859-PROOF.pdf,yes,comments/A281803-A297586.md
A297429,31 August 2026,papers/4501-5000/4658-PROOF.pdf,yes,comments/A281803-A297586.md
A297432,31 August 2026,papers/8501-9000/8913-PROOF.pdf,yes,comments/A281803-A297586.md
A297433,31 August 2026,papers/8001-8500/8310-PROOF.pdf,yes,comments/A281803-A297586.md
A297434,31 August 2026,papers/7001-7500/7026-PROOF.pdf,yes,comments/A281803-A297586.md
A297435,31 August 2026,papers/5001-5500/5163-PROOF.pdf,yes,comments/A281803-A297586.md
A297436,31 August 2026,papers/3501-4000/3877-PROOF.pdf,yes,comments/A281803-A297586.md
A297452,31 August 2026,papers/8001-8500/8055-PROOF.pdf,yes,comments/A281803-A297586.md
A297453,31 August 2026,papers/7001-7500/7178-PROOF.pdf,yes,comments/A281803-A297586.md
A297454,4 September 2026,papers/1001-1500/1413-PROOF.pdf,yes,comments/A281803-A297586.md
A297455,31 August 2026,papers/3501-4000/3960-PROOF.pdf,yes,comments/A281803-A297586.md
A297458,31 August 2026,papers/8501-9000/8914-PROOF.pdf,yes,comments/A281803-A297586.md
A297459,31 August 2026,papers/7501-8000/7841-PROOF.pdf,yes,comments/A281803-A297586.md
A297460,31 August 2026,papers/6501-7000/6572-PROOF.pdf,yes,comments/A281803-A297586.md
A297461,31 August 2026,papers/4501-5000/4898-PROOF.pdf,yes,comments/A281803-A297586.md
A297501,31 August 2026,papers/7001-7500/7208-PROOF.pdf,yes,comments/A281803-A297586.md
A297502,31 August 2026,papers/6001-6500/6104-PROOF.pdf,yes,comments/A281803-A297586.md
A297503,4 September 2026,papers/1001-1500/1134-PROOF.pdf,yes,comments/A281803-A297586.md
A297507,31 August 2026,papers/8501-9000/8628-PROOF.pdf,yes,comments/A281803-A297586.md
A297508,31 August 2026,papers/7001-7500/7372-PROOF.pdf,yes,comments/A281803-A297586.md
A297509,31 August 2026,papers/5501-6000/5536-PROOF.pdf,yes,comments/A281803-A297586.md
A297514,31 August 2026,papers/7501-8000/7610-PROOF.pdf,yes,comments/A281803-A297586.md
A297515,31 August 2026,papers/4501-5000/4980-PROOF.pdf,yes,comments/A281803-A297586.md
A297516,31 August 2026,papers/4001-4500/4011-PROOF.pdf,yes,comments/A281803-A297586.md
A297520,31 August 2026,papers/8501-9000/8915-PROOF.pdf,yes,comments/A281803-A297586.md
A297521,31 August 2026,papers/7001-7500/7071-PROOF.pdf,yes,comments/A281803-A297586.md
A297522,31 August 2026,papers/5001-5500/5041-PROOF.pdf,yes,comments/A281803-A297586.md
A297539,31 August 2026,papers/6501-7000/6770-PROOF.pdf,yes,comments/A281803-A297586.md
A297540,31 August 2026,papers/5501-6000/5698-PROOF.pdf,yes,comments/A281803-A297586.md
A297541,31 August 2026,papers/4001-4500/4012-PROOF.pdf,yes,comments/A281803-A297586.md
A297545,31 August 2026,papers/8001-8500/8406-PROOF.pdf,yes,comments/A281803-A297586.md
A297546,31 August 2026,papers/6001-6500/6265-PROOF.pdf,yes,comments/A281803-A297586.md
A297547,31 August 2026,papers/4501-5000/4554-PROOF.pdf,yes,comments/A281803-A297586.md
A297577,31 August 2026,papers/8001-8500/8311-PROOF.pdf,yes,comments/A281803-A297586.md
A297578,31 August 2026,papers/6001-6500/6385-PROOF.pdf,yes,comments/A281803-A297586.md
A297579,31 August 2026,papers/5001-5500/5093-PROOF.pdf,yes,comments/A281803-A297586.md
A297580,31 August 2026,papers/3501-4000/3913-PROOF.pdf,yes,comments/A281803-A297586.md
A297583,31 August 2026,papers/8501-9000/8916-PROOF.pdf,yes,comments/A281803-A297586.md
A297584,4 September 2026,papers/2001-2500/2308-PROOF.pdf,yes,comments/A281803-A297586.md
A297585,31 August 2026,papers/6001-6500/6224-PROOF.pdf,yes,comments/A281803-A297586.md
A297586,31 August 2026,papers/4001-4500/4491-PROOF.pdf,yes,comments/A281803-A297586.md
A297590,31 August 2026,papers/8001-8500/8312-PROOF.pdf,yes,comments/A297590-A300801.md
A297591,31 August 2026,papers/7501-8000/7547-PROOF.pdf,yes,comments/A297590-A300801.md
A297592,31 August 2026,papers/5501-6000/5682-PROOF.pdf,yes,comments/A297590-A300801.md
A297593,31 August 2026,papers/4501-5000/4523-PROOF.pdf,yes,comments/A297590-A300801.md
A297596,31 August 2026,papers/8001-8500/8056-PROOF.pdf,yes,comments/A297590-A300801.md
A297597,31 August 2026,papers/7001-7500/7027-PROOF.pdf,yes,comments/A297590-A300801.md
A297598,31 August 2026,papers/5001-5500/5366-PROOF.pdf,yes,comments/A297590-A300801.md
A297599,31 August 2026,papers/4001-4500/4137-PROOF.pdf,yes,comments/A297590-A300801.md
A297602,31 August 2026,papers/7001-7500/7209-PROOF.pdf,yes,comments/A297590-A300801.md
A297603,31 August 2026,papers/4501-5000/4981-PROOF.pdf,yes,comments/A297590-A300801.md
A297604,31 August 2026,papers/3501-4000/3968-PROOF.pdf,yes,comments/A297590-A300801.md
A297608,31 August 2026,papers/8001-8500/8407-PROOF.pdf,yes,comments/A297590-A300801.md
A297609,31 August 2026,papers/6501-7000/6908-PROOF.pdf,yes,comments/A297590-A300801.md
A297610,31 August 2026,papers/4501-5000/4860-PROOF.pdf,yes,comments/A297590-A300801.md
A297632,31 August 2026,papers/6501-7000/6609-PROOF.pdf,yes,comments/A297590-A300801.md
A297633,31 August 2026,papers/4501-5000/4982-PROOF.pdf,yes,comments/A297590-A300801.md
A297638,31 August 2026,papers/8001-8500/8408-PROOF.pdf,yes,comments/A297590-A300801.md
A297639,31 August 2026,papers/6001-6500/6139-PROOF.pdf,yes,comments/A297590-A300801.md
A297640,31 August 2026,papers/4501-5000/4555-PROOF.pdf,yes,comments/A297590-A300801.md
A297649,31 August 2026,papers/7001-7500/7210-PROOF.pdf,yes,comments/A297590-A300801.md
A297650,31 August 2026,papers/5501-6000/5537-PROOF.pdf,yes,comments/A297590-A300801.md
A297655,31 August 2026,papers/8001-8500/8409-PROOF.pdf,yes,comments/A297590-A300801.md
A297656,31 August 2026,papers/6001-6500/6266-PROOF.pdf,yes,comments/A297590-A300801.md
A297657,6 September 2026,papers/4501-5000/4650-PROOF.pdf,yes,comments/A297590-A300801.md
A297677,6 September 2026,papers/8001-8500/8421-PROOF.pdf,yes,comments/A297590-A300801.md
A297678,31 August 2026,papers/6001-6500/6386-PROOF.pdf,yes,comments/A297590-A300801.md
A297679,31 August 2026,papers/5001-5500/5094-PROOF.pdf,yes,comments/A297590-A300801.md
A297683,31 August 2026,papers/7501-8000/7842-PROOF.pdf,yes,comments/A297590-A300801.md
A297684,31 August 2026,papers/6001-6500/6225-PROOF.pdf,yes,comments/A297590-A300801.md
A297685,31 August 2026,papers/4001-4500/4492-PROOF.pdf,yes,comments/A297590-A300801.md
A297689,31 August 2026,papers/7501-8000/7843-PROOF.pdf,yes,comments/A297590-A300801.md
A297690,31 August 2026,papers/5501-6000/5618-PROOF.pdf,yes,comments/A297590-A300801.md
A297691,6 September 2026,papers/4501-5000/4651-PROOF.pdf,yes,comments/A297590-A300801.md
A297695,31 August 2026,papers/9001-9500/9159-PROOF.pdf,yes,comments/A297590-A300801.md
A297696,31 August 2026,papers/7501-8000/7611-PROOF.pdf,yes,comments/A297590-A300801.md
A297697,31 August 2026,papers/5501-6000/5538-PROOF.pdf,yes,comments/A297590-A300801.md
A297715,31 August 2026,papers/6501-7000/6909-PROOF.pdf,yes,comments/A297590-A300801.md
A297716,31 August 2026,papers/4001-4500/4455-PROOF.pdf,yes,comments/A297590-A300801.md
A297721,31 August 2026,papers/8001-8500/8410-PROOF.pdf,yes,comments/A297590-A300801.md
A297722,31 August 2026,papers/6001-6500/6140-PROOF.pdf,yes,comments/A297590-A300801.md
A297723,31 August 2026,papers/4001-4500/4099-PROOF.pdf,yes,comments/A297590-A300801.md
A297728,31 August 2026,papers/7501-8000/7844-PROOF.pdf,yes,comments/A297590-A300801.md
A297729,31 August 2026,papers/5501-6000/5993-PROOF.pdf,yes,comments/A297590-A300801.md
A297730,31 August 2026,papers/4501-5000/4789-PROOF.pdf,yes,comments/A297590-A300801.md
A297734,31 August 2026,papers/8501-9000/8629-PROOF.pdf,yes,comments/A297590-A300801.md
A297735,31 August 2026,papers/7501-8000/7612-PROOF.pdf,yes,comments/A297590-A300801.md
A297736,31 August 2026,papers/5001-5500/5314-PROOF.pdf,yes,comments/A297590-A300801.md
A297744,6 September 2026,papers/6501-7000/6815-PROOF.pdf,yes,comments/A297590-A300801.md
A297745,31 August 2026,papers/4501-5000/4556-PROOF.pdf,yes,comments/A297590-A300801.md
A297750,31 August 2026,papers/8001-8500/8411-PROOF.pdf,yes,comments/A297590-A300801.md
A297751,31 August 2026,papers/6001-6500/6022-PROOF.pdf,yes,comments/A297590-A300801.md
A297752,31 August 2026,papers/4001-4500/4071-PROOF.pdf,yes,comments/A297590-A300801.md
A297757,31 August 2026,papers/6501-7000/6610-PROOF.pdf,yes,comments/A297590-A300801.md
A297758,31 August 2026,papers/4501-5000/4914-PROOF.pdf,yes,comments/A297590-A300801.md
A297763,31 August 2026,papers/8501-9000/8630-PROOF.pdf,yes,comments/A297590-A300801.md
A297764,6 September 2026,papers/5501-6000/5943-PROOF.pdf,yes,comments/A297590-A300801.md
A297765,31 August 2026,papers/4001-4500/4072-PROOF.pdf,yes,comments/A297590-A300801.md
A297797,31 August 2026,papers/6501-7000/6611-PROOF.pdf,yes,comments/A297590-A300801.md
A297798,31 August 2026,papers/4501-5000/4677-PROOF.pdf,yes,comments/A297590-A300801.md
A297803,31 August 2026,papers/5501-6000/5821-PROOF.pdf,yes,comments/A297590-A300801.md
A297804,31 August 2026,papers/3501-4000/3980-PROOF.pdf,yes,comments/A297590-A300801.md
A297809,31 August 2026,papers/8501-9000/8917-PROOF.pdf,yes,comments/A297590-A300801.md
A297810,31 August 2026,papers/6501-7000/6727-PROOF.pdf,yes,comments/A297590-A300801.md
A297811,31 August 2026,papers/7001-7500/7004-PROOF.pdf,yes,comments/A297590-A300801.md
A297812,31 August 2026,papers/4501-5000/4524-PROOF.pdf,yes,comments/A297590-A300801.md
A297813,31 August 2026,papers/4001-4500/4135-PROOF.pdf,yes,comments/A297590-A300801.md
A297817,31 August 2026,papers/8501-9000/8631-PROOF.pdf,yes,comments/A297590-A300801.md
A297818,31 August 2026,papers/7501-8000/7613-PROOF.pdf,yes,comments/A297590-A300801.md
A297819,31 August 2026,papers/6001-6500/6105-PROOF.pdf,yes,comments/A297590-A300801.md
A297820,31 August 2026,papers/4001-4500/4145-PROOF.pdf,yes,comments/A297590-A300801.md
A297852,31 August 2026,papers/8501-9000/8632-PROOF.pdf,yes,comments/A297590-A300801.md
A297853,31 August 2026,papers/7501-8000/7845-PROOF.pdf,yes,comments/A297590-A300801.md
A297854,31 August 2026,papers/4501-5000/4983-PROOF.pdf,yes,comments/A297590-A300801.md
A297855,31 August 2026,papers/3501-4000/3589-PROOF.pdf,yes,comments/A297590-A300801.md
A297860,31 August 2026,papers/8501-9000/8918-PROOF.pdf,yes,comments/A297590-A300801.md
A297861,31 August 2026,papers/6501-7000/6771-PROOF.pdf,yes,comments/A297590-A300801.md
A297862,31 August 2026,papers/4001-4500/4238-PROOF.pdf,yes,comments/A297590-A300801.md
A297870,31 August 2026,papers/8501-9000/8919-PROOF.pdf,yes,comments/A297590-A300801.md
A297871,31 August 2026,papers/6001-6500/6267-PROOF.pdf,yes,comments/A297590-A300801.md
A297872,31 August 2026,papers/4001-4500/4073-PROOF.pdf,yes,comments/A297590-A300801.md
A297883,31 August 2026,papers/8501-9000/8633-PROOF.pdf,yes,comments/A297590-A300801.md
A297884,31 August 2026,papers/7001-7500/7373-PROOF.pdf,yes,comments/A297590-A300801.md
A297885,31 August 2026,papers/5001-5500/5106-PROOF.pdf,yes,comments/A297590-A300801.md
A297901,31 August 2026,papers/8501-9000/8634-PROOF.pdf,yes,comments/A297590-A300801.md
A297902,31 August 2026,papers/7001-7500/7072-PROOF.pdf,yes,comments/A297590-A300801.md
A297903,31 August 2026,papers/4001-4500/4206-PROOF.pdf,yes,comments/A297590-A300801.md
A297909,31 August 2026,papers/8501-9000/8920-PROOF.pdf,yes,comments/A297590-A300801.md
A297910,31 August 2026,papers/6501-7000/6910-PROOF.pdf,yes,comments/A297590-A300801.md
A297911,31 August 2026,papers/4001-4500/4122-PROOF.pdf,yes,comments/A297590-A300801.md
A297917,31 August 2026,papers/8501-9000/8921-PROOF.pdf,yes,comments/A297590-A300801.md
A297918,31 August 2026,papers/7501-8000/7614-PROOF.pdf,yes,comments/A297590-A300801.md
A297919,31 August 2026,papers/5001-5500/5042-PROOF.pdf,yes,comments/A297590-A300801.md
A297937,31 August 2026,papers/8501-9000/8922-PROOF.pdf,yes,comments/A297590-A300801.md
A297938,31 August 2026,papers/6001-6500/6441-PROOF.pdf,yes,comments/A297590-A300801.md
A297939,31 August 2026,papers/3501-4000/3921-PROOF.pdf,yes,comments/A297590-A300801.md
A297945,31 August 2026,papers/8501-9000/8635-PROOF.pdf,yes,comments/A297590-A300801.md
A297946,31 August 2026,papers/5501-6000/5911-PROOF.pdf,yes,comments/A297590-A300801.md
A297947,31 August 2026,papers/3501-4000/3722-PROOF.pdf,yes,comments/A297590-A300801.md
A297953,31 August 2026,papers/8501-9000/8923-PROOF.pdf,yes,comments/A297590-A300801.md
A297954,31 August 2026,papers/7001-7500/7073-PROOF.pdf,yes,comments/A297590-A300801.md
A297955,31 August 2026,papers/3501-4000/3806-PROOF.pdf,yes,comments/A297590-A300801.md
A297972,31 August 2026,papers/9001-9500/9160-PROOF.pdf,yes,comments/A297590-A300801.md
A297973,31 August 2026,papers/6501-7000/6911-PROOF.pdf,yes,comments/A297590-A300801.md
A297974,31 August 2026,papers/4001-4500/4278-PROOF.pdf,yes,comments/A297590-A300801.md
A297980,31 August 2026,papers/8501-9000/8924-PROOF.pdf,yes,comments/A297590-A300801.md
A297981,31 August 2026,papers/7001-7500/7211-PROOF.pdf,yes,comments/A297590-A300801.md
A297982,31 August 2026,papers/5501-6000/5699-PROOF.pdf,yes,comments/A297590-A300801.md
A297983,31 August 2026,papers/4501-5000/4663-PROOF.pdf,yes,comments/A297590-A300801.md
A297984,31 August 2026,papers/3501-4000/3586-PROOF.pdf,yes,comments/A297590-A300801.md
A297988,31 August 2026,papers/7001-7500/7212-PROOF.pdf,yes,comments/A297590-A300801.md
A297989,31 August 2026,papers/5501-6000/5539-PROOF.pdf,yes,comments/A297590-A300801.md
A298022,26 August 2026,papers/9501-10000/9626-PROOF.pdf,yes,comments/A297590-A300801.md
A298050,31 August 2026,papers/6001-6500/6141-PROOF.pdf,yes,comments/A297590-A300801.md
A298051,31 August 2026,papers/3501-4000/3622-PROOF.pdf,yes,comments/A297590-A300801.md
A298057,31 August 2026,papers/8501-9000/8636-PROOF.pdf,yes,comments/A297590-A300801.md
A298058,31 August 2026,papers/6001-6500/6268-PROOF.pdf,yes,comments/A297590-A300801.md
A298065,31 August 2026,papers/6001-6500/6269-PROOF.pdf,yes,comments/A297590-A300801.md
A298066,31 August 2026,papers/3501-4000/3807-PROOF.pdf,yes,comments/A297590-A300801.md
A298082,31 August 2026,papers/6001-6500/6442-PROOF.pdf,yes,comments/A297590-A300801.md
A298083,31 August 2026,papers/3501-4000/3922-PROOF.pdf,yes,comments/A297590-A300801.md
A298089,31 August 2026,papers/4501-5000/4804-PROOF.pdf,yes,comments/A297590-A300801.md
A298090,31 August 2026,papers/3501-4000/3536-PROOF.pdf,yes,comments/A297590-A300801.md
A298095,31 August 2026,papers/8501-9000/8554-PROOF.pdf,yes,comments/A297590-A300801.md
A298096,31 August 2026,papers/6001-6500/6387-PROOF.pdf,yes,comments/A297590-A300801.md
A298097,31 August 2026,papers/3501-4000/3822-PROOF.pdf,yes,comments/A297590-A300801.md
A298128,31 August 2026,papers/6001-6500/6142-PROOF.pdf,yes,comments/A297590-A300801.md
A298129,31 August 2026,papers/4001-4500/4048-PROOF.pdf,yes,comments/A297590-A300801.md
A298135,31 August 2026,papers/3501-4000/3861-PROOF.pdf,yes,comments/A297590-A300801.md
A298141,31 August 2026,papers/7501-8000/7615-PROOF.pdf,yes,comments/A297590-A300801.md
A298142,31 August 2026,papers/5501-6000/5788-PROOF.pdf,yes,comments/A297590-A300801.md
A298143,31 August 2026,papers/4501-5000/4842-PROOF.pdf,yes,comments/A297590-A300801.md
A298148,31 August 2026,papers/8501-9000/8637-PROOF.pdf,yes,comments/A297590-A300801.md
A298149,31 August 2026,papers/6001-6500/6143-PROOF.pdf,yes,comments/A297590-A300801.md
A298163,31 August 2026,papers/7501-8000/7996-PROOF.pdf,yes,comments/A297590-A300801.md
A298164,31 August 2026,papers/3501-4000/3696-PROOF.pdf,yes,comments/A297590-A300801.md
A298175,31 August 2026,papers/3501-4000/3691-PROOF.pdf,yes,comments/A297590-A300801.md
A298179,31 August 2026,papers/8001-8500/8500-PROOF.pdf,yes,comments/A297590-A300801.md
A298180,31 August 2026,papers/7001-7500/7288-PROOF.pdf,yes,comments/A297590-A300801.md
A298181,31 August 2026,papers/5501-6000/5669-PROOF.pdf,yes,comments/A297590-A300801.md
A298182,31 August 2026,papers/4001-4500/4180-PROOF.pdf,yes,comments/A297590-A300801.md
A298185,31 August 2026,papers/7501-8000/7925-PROOF.pdf,yes,comments/A297590-A300801.md
A298186,31 August 2026,papers/7001-7500/7129-PROOF.pdf,yes,comments/A297590-A300801.md
A298189,31 August 2026,papers/8501-9000/8638-PROOF.pdf,yes,comments/A297590-A300801.md
A298190,31 August 2026,papers/6001-6500/6270-PROOF.pdf,yes,comments/A297590-A300801.md
A298191,31 August 2026,papers/3501-4000/3765-PROOF.pdf,yes,comments/A297590-A300801.md
A298215,31 August 2026,papers/8501-9000/8639-PROOF.pdf,yes,comments/A297590-A300801.md
A298216,31 August 2026,papers/6501-7000/6772-PROOF.pdf,yes,comments/A297590-A300801.md
A298217,31 August 2026,papers/3501-4000/3808-PROOF.pdf,yes,comments/A297590-A300801.md
A298225,31 August 2026,papers/6001-6500/6144-PROOF.pdf,yes,comments/A297590-A300801.md
A298226,31 August 2026,papers/3501-4000/3723-PROOF.pdf,yes,comments/A297590-A300801.md
A298234,31 August 2026,papers/9001-9500/9161-PROOF.pdf,yes,comments/A297590-A300801.md
A298235,31 August 2026,papers/6501-7000/6912-PROOF.pdf,yes,comments/A297590-A300801.md
A298236,31 August 2026,papers/4001-4500/4239-PROOF.pdf,yes,comments/A297590-A300801.md
A298254,31 August 2026,papers/6001-6500/6145-PROOF.pdf,yes,comments/A297590-A300801.md
A298255,31 August 2026,papers/4001-4500/4049-PROOF.pdf,yes,comments/A297590-A300801.md
A298275,31 August 2026,papers/7001-7500/7374-PROOF.pdf,yes,comments/A297590-A300801.md
A298276,31 August 2026,papers/5001-5500/5107-PROOF.pdf,yes,comments/A297590-A300801.md
A298282,31 August 2026,papers/7001-7500/7213-PROOF.pdf,yes,comments/A297590-A300801.md
A298283,31 August 2026,papers/5501-6000/5540-PROOF.pdf,yes,comments/A297590-A300801.md
A298289,31 August 2026,papers/6001-6500/6271-PROOF.pdf,yes,comments/A297590-A300801.md
A298290,31 August 2026,papers/3501-4000/3699-PROOF.pdf,yes,comments/A297590-A300801.md
A298315,31 August 2026,papers/6001-6500/6272-PROOF.pdf,yes,comments/A297590-A300801.md
A298323,31 August 2026,papers/6001-6500/6023-PROOF.pdf,yes,comments/A297590-A300801.md
A298332,31 August 2026,papers/6501-7000/6913-PROOF.pdf,yes,comments/A297590-A300801.md
A298333,31 August 2026,papers/4001-4500/4207-PROOF.pdf,yes,comments/A297590-A300801.md
A298377,31 August 2026,papers/6001-6500/6273-PROOF.pdf,yes,comments/A297590-A300801.md
A298384,31 August 2026,papers/5501-6000/5912-PROOF.pdf,yes,comments/A297590-A300801.md
A298391,31 August 2026,papers/6501-7000/6612-PROOF.pdf,yes,comments/A297590-A300801.md
A298439,31 August 2026,papers/7001-7500/7074-PROOF.pdf,yes,comments/A297590-A300801.md
A298440,31 August 2026,papers/4501-5000/4861-PROOF.pdf,yes,comments/A297590-A300801.md
A298448,31 August 2026,papers/8501-9000/8640-PROOF.pdf,yes,comments/A297590-A300801.md
A298449,31 August 2026,papers/6001-6500/6274-PROOF.pdf,yes,comments/A297590-A300801.md
A298450,31 August 2026,papers/4001-4500/4050-PROOF.pdf,yes,comments/A297590-A300801.md
A298456,31 August 2026,papers/6501-7000/6914-PROOF.pdf,yes,comments/A297590-A300801.md
A298457,31 August 2026,papers/4501-5000/4678-PROOF.pdf,yes,comments/A297590-A300801.md
A298489,31 August 2026,papers/7001-7500/7214-PROOF.pdf,yes,comments/A297590-A300801.md
A298490,31 August 2026,papers/4001-4500/4499-PROOF.pdf,yes,comments/A297590-A300801.md
A298496,31 August 2026,papers/6501-7000/6613-PROOF.pdf,yes,comments/A297590-A300801.md
A298497,31 August 2026,papers/4001-4500/4100-PROOF.pdf,yes,comments/A297590-A300801.md
A298503,31 August 2026,papers/6001-6500/6443-PROOF.pdf,yes,comments/A297590-A300801.md
A298504,31 August 2026,papers/3501-4000/3898-PROOF.pdf,yes,comments/A297590-A300801.md
A298542,31 August 2026,papers/7001-7500/7075-PROOF.pdf,yes,comments/A297590-A300801.md
A298543,31 August 2026,papers/4501-5000/4742-PROOF.pdf,yes,comments/A297590-A300801.md
A298549,31 August 2026,papers/6001-6500/6024-PROOF.pdf,yes,comments/A297590-A300801.md
A298556,31 August 2026,papers/3501-4000/3700-PROOF.pdf,yes,comments/A297590-A300801.md
A298569,31 August 2026,papers/8501-9000/8925-PROOF.pdf,yes,comments/A297590-A300801.md
A298570,31 August 2026,papers/7501-8000/7616-PROOF.pdf,yes,comments/A297590-A300801.md
A298571,31 August 2026,papers/4501-5000/4984-PROOF.pdf,yes,comments/A297590-A300801.md
A298577,31 August 2026,papers/6501-7000/6773-PROOF.pdf,yes,comments/A297590-A300801.md
A298578,31 August 2026,papers/3501-4000/3684-PROOF.pdf,yes,comments/A297590-A300801.md
A298584,31 August 2026,papers/7501-8000/7617-PROOF.pdf,yes,comments/A297590-A300801.md
A298585,31 August 2026,papers/4501-5000/4862-PROOF.pdf,yes,comments/A297590-A300801.md
A298617,31 August 2026,papers/6001-6500/6025-PROOF.pdf,yes,comments/A297590-A300801.md
A298618,31 August 2026,papers/3501-4000/3766-PROOF.pdf,yes,comments/A297590-A300801.md
A298624,31 August 2026,papers/7001-7500/7215-PROOF.pdf,yes,comments/A297590-A300801.md
A298625,31 August 2026,papers/4001-4500/4208-PROOF.pdf,yes,comments/A297590-A300801.md
A298631,31 August 2026,papers/5501-6000/5619-PROOF.pdf,yes,comments/A297590-A300801.md
A298632,31 August 2026,papers/3501-4000/3894-PROOF.pdf,yes,comments/A297590-A300801.md
A298656,31 August 2026,papers/3501-4000/3623-PROOF.pdf,yes,comments/A297590-A300801.md
A298662,31 August 2026,papers/7001-7500/7076-PROOF.pdf,yes,comments/A297590-A300801.md
A298663,31 August 2026,papers/4501-5000/4805-PROOF.pdf,yes,comments/A297590-A300801.md
A298707,31 August 2026,papers/6001-6500/6275-PROOF.pdf,yes,comments/A297590-A300801.md
A298714,31 August 2026,papers/6001-6500/6146-PROOF.pdf,yes,comments/A297590-A300801.md
A298715,31 August 2026,papers/3501-4000/3789-PROOF.pdf,yes,comments/A297590-A300801.md
A298722,31 August 2026,papers/6001-6500/6276-PROOF.pdf,yes,comments/A297590-A300801.md
A298723,31 August 2026,papers/3501-4000/3899-PROOF.pdf,yes,comments/A297590-A300801.md
A298765,31 August 2026,papers/6001-6500/6026-PROOF.pdf,yes,comments/A297590-A300801.md
A298766,31 August 2026,papers/3501-4000/3724-PROOF.pdf,yes,comments/A297590-A300801.md
A298777,31 August 2026,papers/9001-9500/9248-PROOF.pdf,yes,comments/A297590-A300801.md
A298778,31 August 2026,papers/5501-6000/5789-PROOF.pdf,yes,comments/A297590-A300801.md
A298829,31 August 2026,papers/6001-6500/6027-PROOF.pdf,yes,comments/A297590-A300801.md
A298830,31 August 2026,papers/3501-4000/3790-PROOF.pdf,yes,comments/A297590-A300801.md
A298836,31 August 2026,papers/7001-7500/7077-PROOF.pdf,yes,comments/A297590-A300801.md
A298837,31 August 2026,papers/4001-4500/4332-PROOF.pdf,yes,comments/A297590-A300801.md
A298890,31 August 2026,papers/6001-6500/6277-PROOF.pdf,yes,comments/A297590-A300801.md
A298891,31 August 2026,papers/3501-4000/3900-PROOF.pdf,yes,comments/A297590-A300801.md
A298897,31 August 2026,papers/8501-9000/8555-PROOF.pdf,yes,comments/A297590-A300801.md
A298898,31 August 2026,papers/6001-6500/6388-PROOF.pdf,yes,comments/A297590-A300801.md
A298899,31 August 2026,papers/3501-4000/3823-PROOF.pdf,yes,comments/A297590-A300801.md
A298914,31 August 2026,papers/7501-8000/7736-PROOF.pdf,yes,comments/A297590-A300801.md
A298915,31 August 2026,papers/7501-8000/7723-PROOF.pdf,yes,comments/A297590-A300801.md
A298916,31 August 2026,papers/6501-7000/6670-PROOF.pdf,yes,comments/A297590-A300801.md
A298919,31 August 2026,papers/7501-8000/7846-PROOF.pdf,yes,comments/A297590-A300801.md
A298920,31 August 2026,papers/7501-8000/7782-PROOF.pdf,yes,comments/A297590-A300801.md
A298921,31 August 2026,papers/7501-8000/7737-PROOF.pdf,yes,comments/A297590-A300801.md
A298926,31 August 2026,papers/3501-4000/3862-PROOF.pdf,yes,comments/A297590-A300801.md
A298954,31 August 2026,papers/3501-4000/3666-PROOF.pdf,yes,comments/A297590-A300801.md
A298959,31 August 2026,papers/8501-9000/8501-PROOF.pdf,yes,comments/A297590-A300801.md
A298960,31 August 2026,papers/7001-7500/7143-PROOF.pdf,yes,comments/A297590-A300801.md
A298961,31 August 2026,papers/5001-5500/5084-PROOF.pdf,yes,comments/A297590-A300801.md
A298965,31 August 2026,papers/7501-8000/7847-PROOF.pdf,yes,comments/A297590-A300801.md
A298966,31 August 2026,papers/5501-6000/5620-PROOF.pdf,yes,comments/A297590-A300801.md
A298967,2 September 2026,papers/0001-0500/0192-PROOF.pdf,yes,comments/A297590-A300801.md
A298996,31 August 2026,papers/7001-7500/7375-PROOF.pdf,yes,comments/A297590-A300801.md
A298997,31 August 2026,papers/4501-5000/4679-PROOF.pdf,yes,comments/A297590-A300801.md
A299003,31 August 2026,papers/6001-6500/6147-PROOF.pdf,yes,comments/A297590-A300801.md
A299010,31 August 2026,papers/6001-6500/6444-PROOF.pdf,yes,comments/A297590-A300801.md
A299047,31 August 2026,papers/6001-6500/6278-PROOF.pdf,yes,comments/A297590-A300801.md
A299048,31 August 2026,papers/3501-4000/3981-PROOF.pdf,yes,comments/A297590-A300801.md
A299055,31 August 2026,papers/6501-7000/6774-PROOF.pdf,yes,comments/A297590-A300801.md
A299056,31 August 2026,papers/4501-5000/4628-PROOF.pdf,yes,comments/A297590-A300801.md
A299062,31 August 2026,papers/7501-8000/7618-PROOF.pdf,yes,comments/A297590-A300801.md
A299063,31 August 2026,papers/5501-6000/5700-PROOF.pdf,yes,comments/A297590-A300801.md
A299076,31 August 2026,papers/7001-7500/7376-PROOF.pdf,yes,comments/A297590-A300801.md
A299077,31 August 2026,papers/5001-5500/5108-PROOF.pdf,yes,comments/A297590-A300801.md
A299084,31 August 2026,papers/6001-6500/6279-PROOF.pdf,yes,comments/A297590-A300801.md
A299085,31 August 2026,papers/3501-4000/3767-PROOF.pdf,yes,comments/A297590-A300801.md
A299092,31 August 2026,papers/6001-6500/6445-PROOF.pdf,yes,comments/A297590-A300801.md
A299123,31 August 2026,papers/6001-6500/6148-PROOF.pdf,yes,comments/A297590-A300801.md
A299130,31 August 2026,papers/7001-7500/7078-PROOF.pdf,yes,comments/A297590-A300801.md
A299131,31 August 2026,papers/4001-4500/4157-PROOF.pdf,yes,comments/A297590-A300801.md
A299137,31 August 2026,papers/7001-7500/7377-PROOF.pdf,yes,comments/A297590-A300801.md
A299138,31 August 2026,papers/4501-5000/4915-PROOF.pdf,yes,comments/A297590-A300801.md
A299176,31 August 2026,papers/5501-6000/5701-PROOF.pdf,yes,comments/A297590-A300801.md
A299182,31 August 2026,papers/6001-6500/6280-PROOF.pdf,yes,comments/A297590-A300801.md
A299183,31 August 2026,papers/3501-4000/3701-PROOF.pdf,yes,comments/A297590-A300801.md
A299189,31 August 2026,papers/6001-6500/6281-PROOF.pdf,yes,comments/A297590-A300801.md
A299216,31 August 2026,papers/6001-6500/6028-PROOF.pdf,yes,comments/A297590-A300801.md
A299223,31 August 2026,papers/6501-7000/6775-PROOF.pdf,yes,comments/A297590-A300801.md
A299224,31 August 2026,papers/4001-4500/4158-PROOF.pdf,yes,comments/A297590-A300801.md
A299244,31 August 2026,papers/6001-6500/6029-PROOF.pdf,yes,comments/A297590-A300801.md
A299309,31 August 2026,papers/6001-6500/6446-PROOF.pdf,yes,comments/A297590-A300801.md
A299310,31 August 2026,papers/3501-4000/3809-PROOF.pdf,yes,comments/A297590-A300801.md
A299316,31 August 2026,papers/7001-7500/7378-PROOF.pdf,yes,comments/A297590-A300801.md
A299317,31 August 2026,papers/5001-5500/5177-PROOF.pdf,yes,comments/A297590-A300801.md
A299329,31 August 2026,papers/7001-7500/7079-PROOF.pdf,yes,comments/A297590-A300801.md
A299330,31 August 2026,papers/5001-5500/5315-PROOF.pdf,yes,comments/A297590-A300801.md
A299340,31 August 2026,papers/6001-6500/6447-PROOF.pdf,yes,comments/A297590-A300801.md
A299341,31 August 2026,papers/3501-4000/3768-PROOF.pdf,yes,comments/A297590-A300801.md
A299361,31 August 2026,papers/7001-7500/7080-PROOF.pdf,yes,comments/A297590-A300801.md
A299362,31 August 2026,papers/4001-4500/4279-PROOF.pdf,yes,comments/A297590-A300801.md
A299368,31 August 2026,papers/7001-7500/7379-PROOF.pdf,yes,comments/A297590-A300801.md
A299369,31 August 2026,papers/5001-5500/5043-PROOF.pdf,yes,comments/A297590-A300801.md
A299446,31 August 2026,papers/6001-6500/6149-PROOF.pdf,yes,comments/A297590-A300801.md
A299447,31 August 2026,papers/3501-4000/3810-PROOF.pdf,yes,comments/A297590-A300801.md
A299453,31 August 2026,papers/6001-6500/6150-PROOF.pdf,yes,comments/A297590-A300801.md
A299460,31 August 2026,papers/5501-6000/5913-PROOF.pdf,yes,comments/A297590-A300801.md
A299509,31 August 2026,papers/6501-7000/6614-PROOF.pdf,yes,comments/A297590-A300801.md
A299516,31 August 2026,papers/7001-7500/7081-PROOF.pdf,yes,comments/A297590-A300801.md
A299517,31 August 2026,papers/4501-5000/4863-PROOF.pdf,yes,comments/A297590-A300801.md
A299523,31 August 2026,papers/6001-6500/6282-PROOF.pdf,yes,comments/A297590-A300801.md
A299524,31 August 2026,papers/4001-4500/4051-PROOF.pdf,yes,comments/A297590-A300801.md
A299549,31 August 2026,papers/6501-7000/6915-PROOF.pdf,yes,comments/A297590-A300801.md
A299550,31 August 2026,papers/4501-5000/4680-PROOF.pdf,yes,comments/A297590-A300801.md
A299556,31 August 2026,papers/6001-6500/6030-PROOF.pdf,yes,comments/A297590-A300801.md
A299569,31 August 2026,papers/6501-7000/6776-PROOF.pdf,yes,comments/A297590-A300801.md
A299570,31 August 2026,papers/3501-4000/3702-PROOF.pdf,yes,comments/A297590-A300801.md
A299576,31 August 2026,papers/7501-8000/7619-PROOF.pdf,yes,comments/A297590-A300801.md
A299577,31 August 2026,papers/4501-5000/4864-PROOF.pdf,yes,comments/A297590-A300801.md
A299583,31 August 2026,papers/6001-6500/6031-PROOF.pdf,yes,comments/A297590-A300801.md
A299590,31 August 2026,papers/8501-9000/8556-PROOF.pdf,yes,comments/A297590-A300801.md
A299591,31 August 2026,papers/8001-8500/8233-PROOF.pdf,yes,comments/A297590-A300801.md
A299592,31 August 2026,papers/8001-8500/8187-PROOF.pdf,yes,comments/A297590-A300801.md
A299593,31 August 2026,papers/8001-8500/8170-PROOF.pdf,yes,comments/A297590-A300801.md
A299594,31 August 2026,papers/8001-8500/8151-PROOF.pdf,yes,comments/A297590-A300801.md
A299597,31 August 2026,papers/6501-7000/6916-PROOF.pdf,yes,comments/A297590-A300801.md
A299598,31 August 2026,papers/4001-4500/4209-PROOF.pdf,yes,comments/A297590-A300801.md
A299649,31 August 2026,papers/8501-9000/8557-PROOF.pdf,yes,comments/A297590-A300801.md
A299650,31 August 2026,papers/6501-7000/6728-PROOF.pdf,yes,comments/A297590-A300801.md
A299651,31 August 2026,papers/5001-5500/5025-PROOF.pdf,yes,comments/A297590-A300801.md
A299656,31 August 2026,papers/7501-8000/7848-PROOF.pdf,yes,comments/A297590-A300801.md
A299657,31 August 2026,papers/5501-6000/5541-PROOF.pdf,yes,comments/A297590-A300801.md
A299663,31 August 2026,papers/7001-7500/7216-PROOF.pdf,yes,comments/A297590-A300801.md
A299664,31 August 2026,papers/4501-5000/4629-PROOF.pdf,yes,comments/A297590-A300801.md
A299670,31 August 2026,papers/6001-6500/6151-PROOF.pdf,yes,comments/A297590-A300801.md
A299677,31 August 2026,papers/6001-6500/6448-PROOF.pdf,yes,comments/A297590-A300801.md
A299678,31 August 2026,papers/3501-4000/3831-PROOF.pdf,yes,comments/A297590-A300801.md
A299684,31 August 2026,papers/6501-7000/6615-PROOF.pdf,yes,comments/A297590-A300801.md
A299685,31 August 2026,papers/4001-4500/4373-PROOF.pdf,yes,comments/A297590-A300801.md
A299716,31 August 2026,papers/7001-7500/7082-PROOF.pdf,yes,comments/A297590-A300801.md
A299717,31 August 2026,papers/5001-5500/5178-PROOF.pdf,yes,comments/A297590-A300801.md
A299723,31 August 2026,papers/8001-8500/8313-PROOF.pdf,yes,comments/A297590-A300801.md
A299724,31 August 2026,papers/6001-6500/6389-PROOF.pdf,yes,comments/A297590-A300801.md
A299725,31 August 2026,papers/4501-5000/4586-PROOF.pdf,yes,comments/A297590-A300801.md
A299735,31 August 2026,papers/7501-8000/7849-PROOF.pdf,yes,comments/A297590-A300801.md
A299736,31 August 2026,papers/5501-6000/5542-PROOF.pdf,yes,comments/A297590-A300801.md
A299748,31 August 2026,papers/6001-6500/6152-PROOF.pdf,yes,comments/A297590-A300801.md
A299801,31 August 2026,papers/6001-6500/6449-PROOF.pdf,yes,comments/A297590-A300801.md
A299809,31 August 2026,papers/6001-6500/6283-PROOF.pdf,yes,comments/A297590-A300801.md
A299810,31 August 2026,papers/3501-4000/3982-PROOF.pdf,yes,comments/A297590-A300801.md
A299816,31 August 2026,papers/6501-7000/6777-PROOF.pdf,yes,comments/A297590-A300801.md
A299817,31 August 2026,papers/4501-5000/4630-PROOF.pdf,yes,comments/A297590-A300801.md
A299834,31 August 2026,papers/7501-8000/7620-PROOF.pdf,yes,comments/A297590-A300801.md
A299835,31 August 2026,papers/5501-6000/5702-PROOF.pdf,yes,comments/A297590-A300801.md
A299847,31 August 2026,papers/6001-6500/6450-PROOF.pdf,yes,comments/A297590-A300801.md
A299848,31 August 2026,papers/3501-4000/3769-PROOF.pdf,yes,comments/A297590-A300801.md
A299874,31 August 2026,papers/6001-6500/6451-PROOF.pdf,yes,comments/A297590-A300801.md
A299881,31 August 2026,papers/6001-6500/6153-PROOF.pdf,yes,comments/A297590-A300801.md
A299888,31 August 2026,papers/6501-7000/6917-PROOF.pdf,yes,comments/A297590-A300801.md
A299889,31 August 2026,papers/4001-4500/4159-PROOF.pdf,yes,comments/A297590-A300801.md
A299932,31 August 2026,papers/7001-7500/7380-PROOF.pdf,yes,comments/A297590-A300801.md
A299933,31 August 2026,papers/4501-5000/4916-PROOF.pdf,yes,comments/A297590-A300801.md
A300084,31 August 2026,papers/5501-6000/5914-PROOF.pdf,yes,comments/A297590-A300801.md
A300085,31 August 2026,papers/3501-4000/3883-PROOF.pdf,yes,comments/A297590-A300801.md
A300091,31 August 2026,papers/6001-6500/6032-PROOF.pdf,yes,comments/A297590-A300801.md
A300110,31 August 2026,papers/6001-6500/6452-PROOF.pdf,yes,comments/A297590-A300801.md
A300111,31 August 2026,papers/3501-4000/3948-PROOF.pdf,yes,comments/A297590-A300801.md
A300133,31 August 2026,papers/7001-7500/7381-PROOF.pdf,yes,comments/A297590-A300801.md
A300134,31 August 2026,papers/5001-5500/5232-PROOF.pdf,yes,comments/A297590-A300801.md
A300141,31 August 2026,papers/6501-7000/6616-PROOF.pdf,yes,comments/A297590-A300801.md
A300142,31 August 2026,papers/4501-5000/4557-PROOF.pdf,yes,comments/A297590-A300801.md
A300170,31 August 2026,papers/7001-7500/7217-PROOF.pdf,yes,comments/A297590-A300801.md
A300171,31 August 2026,papers/5001-5500/5455-PROOF.pdf,yes,comments/A297590-A300801.md
A300177,31 August 2026,papers/9001-9500/9096-PROOF.pdf,yes,comments/A297590-A300801.md
A300178,31 August 2026,papers/8001-8500/8234-PROOF.pdf,yes,comments/A297590-A300801.md
A300179,31 August 2026,papers/7001-7500/7500-PROOF.pdf,yes,comments/A297590-A300801.md
A300180,31 August 2026,papers/6501-7000/6530-PROOF.pdf,yes,comments/A297590-A300801.md
A300181,31 August 2026,papers/4501-5000/4703-PROOF.pdf,yes,comments/A297590-A300801.md
A300203,31 August 2026,papers/8501-9000/8558-PROOF.pdf,yes,comments/A297590-A300801.md
A300204,31 August 2026,papers/6501-7000/6573-PROOF.pdf,yes,comments/A297590-A300801.md
A300205,31 August 2026,papers/4501-5000/4620-PROOF.pdf,yes,comments/A297590-A300801.md
A300210,31 August 2026,papers/7501-8000/7850-PROOF.pdf,yes,comments/A297590-A300801.md
A300211,31 August 2026,papers/5501-6000/5543-PROOF.pdf,yes,comments/A297590-A300801.md
A300212,2 September 2026,papers/0001-0500/0156-PROOF.pdf,yes,comments/A297590-A300801.md
A300262,31 August 2026,papers/6001-6500/6154-PROOF.pdf,yes,comments/A297590-A300801.md
A300309,31 August 2026,papers/6001-6500/6453-PROOF.pdf,yes,comments/A297590-A300801.md
A300310,31 August 2026,papers/3501-4000/3983-PROOF.pdf,yes,comments/A297590-A300801.md
A300316,31 August 2026,papers/6501-7000/6617-PROOF.pdf,yes,comments/A297590-A300801.md
A300317,31 August 2026,papers/4501-5000/4558-PROOF.pdf,yes,comments/A297590-A300801.md
A300337,31 August 2026,papers/7001-7500/7218-PROOF.pdf,yes,comments/A297590-A300801.md
A300338,31 August 2026,papers/5001-5500/5456-PROOF.pdf,yes,comments/A297590-A300801.md
A300344,31 August 2026,papers/8501-9000/8641-PROOF.pdf,yes,comments/A297590-A300801.md
A300345,31 August 2026,papers/7501-8000/7851-PROOF.pdf,yes,comments/A297590-A300801.md
A300346,31 August 2026,papers/6501-7000/6874-PROOF.pdf,yes,comments/A297590-A300801.md
A300347,31 August 2026,papers/6501-7000/6542-PROOF.pdf,yes,comments/A297590-A300801.md
A300348,31 August 2026,papers/6001-6500/6197-PROOF.pdf,yes,comments/A297590-A300801.md
A300349,31 August 2026,papers/5501-6000/5953-PROOF.pdf,yes,comments/A297590-A300801.md
A300367,31 August 2026,papers/6501-7000/6778-PROOF.pdf,yes,comments/A297590-A300801.md
A300368,31 August 2026,papers/4001-4500/4415-PROOF.pdf,yes,comments/A297590-A300801.md
A300374,31 August 2026,papers/8001-8500/8114-PROOF.pdf,yes,comments/A297590-A300801.md
A300375,31 August 2026,papers/5501-6000/5644-PROOF.pdf,yes,comments/A297590-A300801.md
A300421,31 August 2026,papers/8001-8500/8412-PROOF.pdf,yes,comments/A297590-A300801.md
A300422,31 August 2026,papers/6501-7000/6918-PROOF.pdf,yes,comments/A297590-A300801.md
A300423,31 August 2026,papers/4001-4500/4240-PROOF.pdf,yes,comments/A297590-A300801.md
A300430,31 August 2026,papers/5001-5500/5059-PROOF.pdf,yes,comments/A297590-A300801.md
A300460,31 August 2026,papers/6501-7000/6618-PROOF.pdf,yes,comments/A297590-A300801.md
A300461,31 August 2026,papers/4001-4500/4074-PROOF.pdf,yes,comments/A297590-A300801.md
A300467,31 August 2026,papers/8001-8500/8057-PROOF.pdf,yes,comments/A297590-A300801.md
A300468,31 August 2026,papers/5501-6000/5703-PROOF.pdf,yes,comments/A297590-A300801.md
A300469,31 August 2026,papers/3501-4000/3895-PROOF.pdf,yes,comments/A297590-A300801.md
A300493,31 August 2026,papers/5501-6000/5564-PROOF.pdf,yes,comments/A297590-A300801.md
A300500,31 August 2026,papers/8001-8500/8115-PROOF.pdf,yes,comments/A297590-A300801.md
A300501,31 August 2026,papers/5001-5500/5402-PROOF.pdf,yes,comments/A297590-A300801.md
A300533,31 August 2026,papers/8001-8500/8413-PROOF.pdf,yes,comments/A297590-A300801.md
A300534,31 August 2026,papers/5501-6000/5727-PROOF.pdf,yes,comments/A297590-A300801.md
A300541,31 August 2026,papers/7501-8000/7852-PROOF.pdf,yes,comments/A297590-A300801.md
A300542,31 August 2026,papers/4001-4500/4500-PROOF.pdf,yes,comments/A297590-A300801.md
A300600,31 August 2026,papers/5001-5500/5124-PROOF.pdf,yes,comments/A297590-A300801.md
A300607,31 August 2026,papers/6001-6500/6284-PROOF.pdf,yes,comments/A297590-A300801.md
A300634,31 August 2026,papers/4501-5000/4995-PROOF.pdf,yes,comments/A297590-A300801.md
A300641,31 August 2026,papers/6501-7000/6619-PROOF.pdf,yes,comments/A297590-A300801.md
A300642,31 August 2026,papers/4001-4500/4160-PROOF.pdf,yes,comments/A297590-A300801.md
A300677,31 August 2026,papers/5501-6000/5645-PROOF.pdf,yes,comments/A297590-A300801.md
A300684,31 August 2026,papers/6501-7000/6779-PROOF.pdf,yes,comments/A297590-A300801.md
A300685,31 August 2026,papers/4001-4500/4241-PROOF.pdf,yes,comments/A297590-A300801.md
A300771,31 August 2026,papers/6501-7000/6620-PROOF.pdf,yes,comments/A297590-A300801.md
A300772,31 August 2026,papers/3501-4000/3949-PROOF.pdf,yes,comments/A297590-A300801.md
A300799,31 August 2026,papers/9001-9500/9097-PROOF.pdf,yes,comments/A297590-A300801.md
A300800,31 August 2026,papers/7001-7500/7179-PROOF.pdf,yes,comments/A297590-A300801.md
A300801,31 August 2026,papers/5001-5500/5294-PROOF.pdf,yes,comments/A297590-A300801.md
A300806,31 August 2026,papers/6501-7000/6919-PROOF.pdf,yes,comments/A300806-A304137.md
A300807,31 August 2026,papers/4501-5000/4559-PROOF.pdf,yes,comments/A300806-A304137.md
A300876,31 August 2026,papers/5001-5500/5481-PROOF.pdf,yes,comments/A300806-A304137.md
A300883,31 August 2026,papers/5501-6000/5822-PROOF.pdf,yes,comments/A300806-A304137.md
A300918,31 August 2026,papers/5501-6000/5823-PROOF.pdf,yes,comments/A300806-A304137.md
A300919,31 August 2026,papers/3501-4000/3725-PROOF.pdf,yes,comments/A300806-A304137.md
A300925,31 August 2026,papers/7501-8000/7853-PROOF.pdf,yes,comments/A300806-A304137.md
A300926,31 August 2026,papers/5001-5500/5382-PROOF.pdf,yes,comments/A300806-A304137.md
A300939,31 August 2026,papers/5001-5500/5060-PROOF.pdf,yes,comments/A300806-A304137.md
A300961,31 August 2026,papers/5501-6000/5728-PROOF.pdf,yes,comments/A300806-A304137.md
A300968,31 August 2026,papers/7501-8000/7621-PROOF.pdf,yes,comments/A300806-A304137.md
A300969,31 August 2026,papers/4501-5000/4501-PROOF.pdf,yes,comments/A300806-A304137.md
A301320,31 August 2026,papers/6501-7000/6699-PROOF.pdf,yes,comments/A300806-A304137.md
A301321,31 August 2026,papers/6501-7000/6531-PROOF.pdf,yes,comments/A300806-A304137.md
A301322,31 August 2026,papers/5501-6000/5581-PROOF.pdf,yes,comments/A300806-A304137.md
A301325,31 August 2026,papers/5001-5500/5256-PROOF.pdf,yes,comments/A300806-A304137.md
A301349,31 August 2026,papers/6001-6500/6155-PROOF.pdf,yes,comments/A300806-A304137.md
A301356,31 August 2026,papers/5001-5500/5061-PROOF.pdf,yes,comments/A300806-A304137.md
A301395,31 August 2026,papers/6501-7000/6621-PROOF.pdf,yes,comments/A300806-A304137.md
A301396,31 August 2026,papers/4001-4500/4333-PROOF.pdf,yes,comments/A300806-A304137.md
A301402,31 August 2026,papers/9001-9500/9249-PROOF.pdf,yes,comments/A300806-A304137.md
A301403,31 August 2026,papers/8501-9000/8502-PROOF.pdf,yes,comments/A300806-A304137.md
A301404,31 August 2026,papers/7501-8000/7738-PROOF.pdf,yes,comments/A300806-A304137.md
A301405,31 August 2026,papers/5501-6000/5670-PROOF.pdf,yes,comments/A300806-A304137.md
A301438,31 August 2026,papers/9001-9500/9098-PROOF.pdf,yes,comments/A300806-A304137.md
A301439,31 August 2026,papers/7001-7500/7180-PROOF.pdf,yes,comments/A300806-A304137.md
A301440,31 August 2026,papers/5001-5500/5026-PROOF.pdf,yes,comments/A300806-A304137.md
A301445,31 August 2026,papers/6501-7000/6920-PROOF.pdf,yes,comments/A300806-A304137.md
A301446,31 August 2026,papers/4501-5000/4560-PROOF.pdf,yes,comments/A300806-A304137.md
A301486,31 August 2026,papers/5501-6000/5565-PROOF.pdf,yes,comments/A300806-A304137.md
A301493,31 August 2026,papers/6001-6500/6033-PROOF.pdf,yes,comments/A300806-A304137.md
A301526,31 August 2026,papers/5501-6000/5915-PROOF.pdf,yes,comments/A300806-A304137.md
A301527,31 August 2026,papers/3501-4000/3863-PROOF.pdf,yes,comments/A300806-A304137.md
A301536,31 August 2026,papers/5501-6000/5916-PROOF.pdf,yes,comments/A300806-A304137.md
A301537,31 August 2026,papers/3501-4000/3811-PROOF.pdf,yes,comments/A300806-A304137.md
A301603,31 August 2026,papers/6001-6500/6156-PROOF.pdf,yes,comments/A300806-A304137.md
A301604,31 August 2026,papers/3501-4000/3726-PROOF.pdf,yes,comments/A300806-A304137.md
A301610,31 August 2026,papers/7001-7500/7382-PROOF.pdf,yes,comments/A300806-A304137.md
A301611,31 August 2026,papers/5501-6000/5876-PROOF.pdf,yes,comments/A300806-A304137.md
A301657,31 August 2026,papers/8501-9000/8824-PROOF.pdf,yes,comments/A300806-A304137.md
A301658,31 August 2026,papers/8501-9000/8503-PROOF.pdf,yes,comments/A300806-A304137.md
A301659,31 August 2026,papers/7001-7500/7144-PROOF.pdf,yes,comments/A300806-A304137.md
A301660,31 August 2026,papers/6001-6500/6078-PROOF.pdf,yes,comments/A300806-A304137.md
A301661,31 August 2026,papers/5001-5500/5007-PROOF.pdf,yes,comments/A300806-A304137.md
A301664,31 August 2026,papers/5501-6000/5917-PROOF.pdf,yes,comments/A300806-A304137.md
A301665,31 August 2026,papers/3501-4000/3649-PROOF.pdf,yes,comments/A300806-A304137.md
A301779,31 August 2026,papers/9001-9500/9250-PROOF.pdf,yes,comments/A300806-A304137.md
A301780,31 August 2026,papers/8501-9000/8766-PROOF.pdf,yes,comments/A300806-A304137.md
A301781,31 August 2026,papers/7501-8000/7739-PROOF.pdf,yes,comments/A300806-A304137.md
A301782,31 August 2026,papers/5501-6000/5847-PROOF.pdf,yes,comments/A300806-A304137.md
A301786,31 August 2026,papers/8501-9000/8767-PROOF.pdf,yes,comments/A300806-A304137.md
A301787,31 August 2026,papers/8501-9000/8733-PROOF.pdf,yes,comments/A300806-A304137.md
A301788,31 August 2026,papers/8001-8500/8171-PROOF.pdf,yes,comments/A300806-A304137.md
A301789,31 August 2026,papers/8001-8500/8152-PROOF.pdf,yes,comments/A300806-A304137.md
A301791,31 August 2026,papers/9001-9500/9162-PROOF.pdf,yes,comments/A300806-A304137.md
A301792,31 August 2026,papers/9001-9500/9099-PROOF.pdf,yes,comments/A300806-A304137.md
A301793,31 August 2026,papers/9001-9500/9054-PROOF.pdf,yes,comments/A300806-A304137.md
A301794,31 August 2026,papers/9001-9500/9032-PROOF.pdf,yes,comments/A300806-A304137.md
A301795,31 August 2026,papers/9001-9500/9017-PROOF.pdf,yes,comments/A300806-A304137.md
A301796,31 August 2026,papers/9001-9500/9004-PROOF.pdf,yes,comments/A300806-A304137.md
A301820,31 August 2026,papers/8001-8500/8465-PROOF.pdf,yes,comments/A300806-A304137.md
A301821,31 August 2026,papers/6001-6500/6334-PROOF.pdf,yes,comments/A300806-A304137.md
A301822,31 August 2026,papers/5001-5500/5349-PROOF.pdf,yes,comments/A300806-A304137.md
A301824,31 August 2026,papers/6501-7000/6780-PROOF.pdf,yes,comments/A300806-A304137.md
A301836,31 August 2026,papers/9001-9500/9251-PROOF.pdf,yes,comments/A300806-A304137.md
A301837,31 August 2026,papers/8501-9000/8504-PROOF.pdf,yes,comments/A300806-A304137.md
A301838,31 August 2026,papers/7001-7500/7145-PROOF.pdf,yes,comments/A300806-A304137.md
A301839,31 August 2026,papers/5001-5500/5426-PROOF.pdf,yes,comments/A300806-A304137.md
A301842,31 August 2026,papers/8501-9000/8926-PROOF.pdf,yes,comments/A300806-A304137.md
A301843,31 August 2026,papers/7001-7500/7083-PROOF.pdf,yes,comments/A300806-A304137.md
A301844,31 August 2026,papers/4501-5000/4806-PROOF.pdf,yes,comments/A300806-A304137.md
A301879,31 August 2026,papers/9001-9500/9100-PROOF.pdf,yes,comments/A300806-A304137.md
A301880,31 August 2026,papers/7501-8000/7783-PROOF.pdf,yes,comments/A300806-A304137.md
A301881,31 August 2026,papers/7501-8000/7947-PROOF.pdf,yes,comments/A300806-A304137.md
A301882,31 August 2026,papers/4501-5000/4944-PROOF.pdf,yes,comments/A300806-A304137.md
A301885,31 August 2026,papers/8001-8500/8116-PROOF.pdf,yes,comments/A300806-A304137.md
A301886,31 August 2026,papers/5501-6000/5566-PROOF.pdf,yes,comments/A300806-A304137.md
A301902,31 August 2026,papers/9001-9500/9101-PROOF.pdf,yes,comments/A300806-A304137.md
A301903,31 August 2026,papers/8001-8500/8466-PROOF.pdf,yes,comments/A300806-A304137.md
A301904,31 August 2026,papers/5501-6000/5848-PROOF.pdf,yes,comments/A300806-A304137.md
A301907,31 August 2026,papers/5001-5500/5125-PROOF.pdf,yes,comments/A300806-A304137.md
A301921,25 August 2026,papers/0001-0500/0045-PROOF.pdf,yes,comments/A300806-A304137.md
A301946,31 August 2026,papers/9001-9500/9102-PROOF.pdf,yes,comments/A300806-A304137.md
A301947,31 August 2026,papers/8001-8500/8235-PROOF.pdf,yes,comments/A300806-A304137.md
A301948,31 August 2026,papers/6501-7000/6848-PROOF.pdf,yes,comments/A300806-A304137.md
A301949,31 August 2026,papers/5001-5500/5359-PROOF.pdf,yes,comments/A300806-A304137.md
A301950,31 August 2026,papers/4001-4500/4388-PROOF.pdf,yes,comments/A300806-A304137.md
A301952,31 August 2026,papers/7001-7500/7383-PROOF.pdf,yes,comments/A300806-A304137.md
A301953,31 August 2026,papers/4501-5000/4743-PROOF.pdf,yes,comments/A300806-A304137.md
A301959,31 August 2026,papers/9001-9500/9103-PROOF.pdf,yes,comments/A300806-A304137.md
A301960,31 August 2026,papers/9001-9500/9055-PROOF.pdf,yes,comments/A300806-A304137.md
A301961,31 August 2026,papers/8001-8500/8188-PROOF.pdf,yes,comments/A300806-A304137.md
A301962,31 August 2026,papers/7001-7500/7134-PROOF.pdf,yes,comments/A300806-A304137.md
A301963,31 August 2026,papers/6501-7000/6671-PROOF.pdf,yes,comments/A300806-A304137.md
A301965,31 August 2026,papers/8501-9000/8825-PROOF.pdf,yes,comments/A300806-A304137.md
A301966,31 August 2026,papers/7501-8000/7997-PROOF.pdf,yes,comments/A300806-A304137.md
A301967,31 August 2026,papers/6501-7000/6700-PROOF.pdf,yes,comments/A300806-A304137.md
A301968,31 August 2026,papers/5001-5500/5287-PROOF.pdf,yes,comments/A300806-A304137.md
A301969,31 August 2026,papers/4001-4500/4223-PROOF.pdf,yes,comments/A300806-A304137.md
A301994,31 August 2026,papers/9001-9500/9104-PROOF.pdf,yes,comments/A300806-A304137.md
A301995,31 August 2026,papers/9001-9500/9056-PROOF.pdf,yes,comments/A300806-A304137.md
A301996,31 August 2026,papers/7001-7500/7146-PROOF.pdf,yes,comments/A300806-A304137.md
A301997,31 August 2026,papers/4501-5000/4945-PROOF.pdf,yes,comments/A300806-A304137.md
A302000,31 August 2026,papers/5501-6000/5918-PROOF.pdf,yes,comments/A300806-A304137.md
A302006,31 August 2026,papers/8501-9000/8768-PROOF.pdf,yes,comments/A300806-A304137.md
A302007,31 August 2026,papers/8001-8500/8189-PROOF.pdf,yes,comments/A300806-A304137.md
A302008,31 August 2026,papers/7001-7500/7274-PROOF.pdf,yes,comments/A300806-A304137.md
A302009,31 August 2026,papers/6001-6500/6189-PROOF.pdf,yes,comments/A300806-A304137.md
A302011,31 August 2026,papers/8501-9000/8769-PROOF.pdf,yes,comments/A300806-A304137.md
A302012,31 August 2026,papers/7001-7500/7005-PROOF.pdf,yes,comments/A300806-A304137.md
A302013,31 August 2026,papers/4501-5000/4946-PROOF.pdf,yes,comments/A300806-A304137.md
A302064,31 August 2026,papers/9001-9500/9252-PROOF.pdf,yes,comments/A300806-A304137.md
A302065,31 August 2026,papers/8501-9000/8505-PROOF.pdf,yes,comments/A300806-A304137.md
A302066,31 August 2026,papers/7001-7500/7147-PROOF.pdf,yes,comments/A300806-A304137.md
A302067,31 August 2026,papers/5001-5500/5427-PROOF.pdf,yes,comments/A300806-A304137.md
A302070,31 August 2026,papers/6501-7000/6622-PROOF.pdf,yes,comments/A300806-A304137.md
A302071,31 August 2026,papers/4001-4500/4052-PROOF.pdf,yes,comments/A300806-A304137.md
A302076,31 August 2026,papers/9001-9500/9105-PROOF.pdf,yes,comments/A300806-A304137.md
A302077,31 August 2026,papers/7501-8000/7784-PROOF.pdf,yes,comments/A300806-A304137.md
A302078,31 August 2026,papers/7501-8000/7948-PROOF.pdf,yes,comments/A300806-A304137.md
A302079,31 August 2026,papers/4501-5000/4947-PROOF.pdf,yes,comments/A300806-A304137.md
A302082,31 August 2026,papers/5001-5500/5403-PROOF.pdf,yes,comments/A300806-A304137.md
A302146,31 August 2026,papers/9001-9500/9106-PROOF.pdf,yes,comments/A300806-A304137.md
A302147,31 August 2026,papers/7001-7500/7006-PROOF.pdf,yes,comments/A300806-A304137.md
A302148,31 August 2026,papers/7501-8000/7926-PROOF.pdf,yes,comments/A300806-A304137.md
A302151,31 August 2026,papers/5001-5500/5482-PROOF.pdf,yes,comments/A300806-A304137.md
A302158,31 August 2026,papers/8001-8500/8058-PROOF.pdf,yes,comments/A300806-A304137.md
A302159,31 August 2026,papers/6501-7000/6574-PROOF.pdf,yes,comments/A300806-A304137.md
A302160,31 August 2026,papers/7001-7500/7007-PROOF.pdf,yes,comments/A300806-A304137.md
A302161,31 August 2026,papers/6501-7000/6532-PROOF.pdf,yes,comments/A300806-A304137.md
A302162,31 August 2026,papers/5001-5500/5274-PROOF.pdf,yes,comments/A300806-A304137.md
A302164,31 August 2026,papers/8501-9000/8642-PROOF.pdf,yes,comments/A300806-A304137.md
A302165,31 August 2026,papers/8501-9000/8826-PROOF.pdf,yes,comments/A300806-A304137.md
A302166,31 August 2026,papers/5501-6000/5704-PROOF.pdf,yes,comments/A300806-A304137.md
A302167,31 August 2026,papers/4501-5000/4721-PROOF.pdf,yes,comments/A300806-A304137.md
A302168,31 August 2026,papers/4501-5000/4782-PROOF.pdf,yes,comments/A300806-A304137.md
A302207,31 August 2026,papers/7501-8000/7622-PROOF.pdf,yes,comments/A300806-A304137.md
A302208,31 August 2026,papers/5001-5500/5233-PROOF.pdf,yes,comments/A300806-A304137.md
A302209,31 August 2026,papers/4501-5000/4664-PROOF.pdf,yes,comments/A300806-A304137.md
A302213,31 August 2026,papers/6001-6500/6034-PROOF.pdf,yes,comments/A300806-A304137.md
A302214,31 August 2026,papers/3501-4000/3832-PROOF.pdf,yes,comments/A300806-A304137.md
A302219,31 August 2026,papers/7001-7500/7219-PROOF.pdf,yes,comments/A300806-A304137.md
A302220,31 August 2026,papers/5001-5500/5109-PROOF.pdf,yes,comments/A300806-A304137.md
A302225,31 August 2026,papers/8501-9000/8643-PROOF.pdf,yes,comments/A300806-A304137.md
A302226,31 August 2026,papers/6501-7000/6623-PROOF.pdf,yes,comments/A300806-A304137.md
A302227,31 August 2026,papers/4001-4500/4021-PROOF.pdf,yes,comments/A300806-A304137.md
A302260,31 August 2026,papers/8501-9000/8559-PROOF.pdf,yes,comments/A300806-A304137.md
A302261,31 August 2026,papers/6001-6500/6226-PROOF.pdf,yes,comments/A300806-A304137.md
A302266,31 August 2026,papers/8501-9000/8927-PROOF.pdf,yes,comments/A300806-A304137.md
A302267,31 August 2026,papers/7001-7500/7084-PROOF.pdf,yes,comments/A300806-A304137.md
A302268,31 August 2026,papers/4001-4500/4374-PROOF.pdf,yes,comments/A300806-A304137.md
A302273,31 August 2026,papers/6001-6500/6157-PROOF.pdf,yes,comments/A300806-A304137.md
A302279,31 August 2026,papers/8501-9000/8928-PROOF.pdf,yes,comments/A300806-A304137.md
A302280,31 August 2026,papers/6001-6500/6454-PROOF.pdf,yes,comments/A300806-A304137.md
A302281,31 August 2026,papers/3501-4000/3770-PROOF.pdf,yes,comments/A300806-A304137.md
A302304,31 August 2026,papers/6501-7000/6921-PROOF.pdf,yes,comments/A300806-A304137.md
A302305,31 August 2026,papers/3501-4000/3864-PROOF.pdf,yes,comments/A300806-A304137.md
A302310,31 August 2026,papers/8501-9000/8644-PROOF.pdf,yes,comments/A300806-A304137.md
A302311,31 August 2026,papers/6501-7000/6624-PROOF.pdf,yes,comments/A300806-A304137.md
A302312,31 August 2026,papers/3501-4000/3833-PROOF.pdf,yes,comments/A300806-A304137.md
A302317,31 August 2026,papers/6501-7000/6781-PROOF.pdf,yes,comments/A300806-A304137.md
A302318,31 August 2026,papers/4001-4500/4210-PROOF.pdf,yes,comments/A300806-A304137.md
A302323,31 August 2026,papers/9001-9500/9163-PROOF.pdf,yes,comments/A300806-A304137.md
A302324,31 August 2026,papers/6501-7000/6782-PROOF.pdf,yes,comments/A300806-A304137.md
A302325,31 August 2026,papers/3501-4000/3923-PROOF.pdf,yes,comments/A300806-A304137.md
A302362,31 August 2026,papers/7001-7500/7085-PROOF.pdf,yes,comments/A300806-A304137.md
A302363,31 August 2026,papers/4001-4500/4123-PROOF.pdf,yes,comments/A300806-A304137.md
A302368,31 August 2026,papers/8501-9000/8929-PROOF.pdf,yes,comments/A300806-A304137.md
A302369,31 August 2026,papers/6001-6500/6455-PROOF.pdf,yes,comments/A300806-A304137.md
A302376,31 August 2026,papers/7001-7500/7220-PROOF.pdf,yes,comments/A300806-A304137.md
A302377,31 August 2026,papers/5001-5500/5383-PROOF.pdf,yes,comments/A300806-A304137.md
A302382,31 August 2026,papers/6501-7000/6783-PROOF.pdf,yes,comments/A300806-A304137.md
A302383,31 August 2026,papers/4001-4500/4456-PROOF.pdf,yes,comments/A300806-A304137.md
A302410,31 August 2026,papers/6501-7000/6922-PROOF.pdf,yes,comments/A300806-A304137.md
A302411,31 August 2026,papers/5001-5500/5044-PROOF.pdf,yes,comments/A300806-A304137.md
A302412,31 August 2026,papers/3501-4000/3717-PROOF.pdf,yes,comments/A300806-A304137.md
A302416,31 August 2026,papers/8501-9000/8560-PROOF.pdf,yes,comments/A300806-A304137.md
A302417,31 August 2026,papers/6001-6500/6390-PROOF.pdf,yes,comments/A300806-A304137.md
A302418,31 August 2026,papers/5001-5500/5027-PROOF.pdf,yes,comments/A300806-A304137.md
A302422,31 August 2026,papers/8501-9000/8827-PROOF.pdf,yes,comments/A300806-A304137.md
A302423,31 August 2026,papers/4001-4500/4457-PROOF.pdf,yes,comments/A300806-A304137.md
A302424,31 August 2026,papers/5501-6000/5774-PROOF.pdf,yes,comments/A300806-A304137.md
A302428,31 August 2026,papers/6001-6500/6158-PROOF.pdf,yes,comments/A300806-A304137.md
A302429,31 August 2026,papers/3501-4000/3685-PROOF.pdf,yes,comments/A300806-A304137.md
A302455,31 August 2026,papers/7001-7500/7086-PROOF.pdf,yes,comments/A300806-A304137.md
A302456,31 August 2026,papers/3501-4000/3635-PROOF.pdf,yes,comments/A300806-A304137.md
A302461,31 August 2026,papers/6001-6500/6035-PROOF.pdf,yes,comments/A300806-A304137.md
A302467,31 August 2026,papers/6501-7000/6784-PROOF.pdf,yes,comments/A300806-A304137.md
A302468,31 August 2026,papers/4001-4500/4416-PROOF.pdf,yes,comments/A300806-A304137.md
A302473,31 August 2026,papers/6001-6500/6036-PROOF.pdf,yes,comments/A300806-A304137.md
A302510,31 August 2026,papers/8501-9000/8828-PROOF.pdf,yes,comments/A300806-A304137.md
A302511,31 August 2026,papers/7501-8000/7998-PROOF.pdf,yes,comments/A300806-A304137.md
A302512,31 August 2026,papers/7501-8000/7501-PROOF.pdf,yes,comments/A300806-A304137.md
A302513,31 August 2026,papers/7501-8000/7724-PROOF.pdf,yes,comments/A300806-A304137.md
A302514,31 August 2026,papers/6501-7000/6515-PROOF.pdf,yes,comments/A300806-A304137.md
A302516,31 August 2026,papers/8501-9000/8829-PROOF.pdf,yes,comments/A300806-A304137.md
A302517,31 August 2026,papers/7501-8000/7999-PROOF.pdf,yes,comments/A300806-A304137.md
A302518,31 August 2026,papers/6501-7000/6849-PROOF.pdf,yes,comments/A300806-A304137.md
A302519,31 August 2026,papers/5501-6000/5595-PROOF.pdf,yes,comments/A300806-A304137.md
A302520,31 August 2026,papers/4001-4500/4108-PROOF.pdf,yes,comments/A300806-A304137.md
A302523,31 August 2026,papers/6001-6500/6159-PROOF.pdf,yes,comments/A300806-A304137.md
A302529,31 August 2026,papers/6501-7000/6625-PROOF.pdf,yes,comments/A300806-A304137.md
A302618,31 August 2026,papers/7501-8000/7623-PROOF.pdf,yes,comments/A300806-A304137.md
A302619,31 August 2026,papers/7501-8000/7785-PROOF.pdf,yes,comments/A300806-A304137.md
A302620,31 August 2026,papers/6501-7000/6543-PROOF.pdf,yes,comments/A300806-A304137.md
A302621,31 August 2026,papers/5501-6000/5762-PROOF.pdf,yes,comments/A300806-A304137.md
A302622,31 August 2026,papers/4501-5000/4774-PROOF.pdf,yes,comments/A300806-A304137.md
A302624,31 August 2026,papers/8501-9000/8830-PROOF.pdf,yes,comments/A300806-A304137.md
A302625,31 August 2026,papers/7501-8000/7786-PROOF.pdf,yes,comments/A300806-A304137.md
A302626,31 August 2026,papers/6001-6500/6350-PROOF.pdf,yes,comments/A300806-A304137.md
A302627,31 August 2026,papers/5001-5500/5151-PROOF.pdf,yes,comments/A300806-A304137.md
A302628,31 August 2026,papers/4001-4500/4082-PROOF.pdf,yes,comments/A300806-A304137.md
A302630,31 August 2026,papers/7501-8000/7624-PROOF.pdf,yes,comments/A300806-A304137.md
A302631,31 August 2026,papers/5501-6000/5790-PROOF.pdf,yes,comments/A300806-A304137.md
A302632,31 August 2026,papers/5001-5500/5164-PROOF.pdf,yes,comments/A300806-A304137.md
A302633,31 August 2026,papers/4001-4500/4003-PROOF.pdf,yes,comments/A300806-A304137.md
A302636,31 August 2026,papers/8501-9000/8561-PROOF.pdf,yes,comments/A300806-A304137.md
A302637,31 August 2026,papers/5501-6000/5705-PROOF.pdf,yes,comments/A300806-A304137.md
A302638,31 August 2026,papers/3501-4000/3781-PROOF.pdf,yes,comments/A300806-A304137.md
A302665,31 August 2026,papers/6501-7000/6785-PROOF.pdf,yes,comments/A300806-A304137.md
A302666,31 August 2026,papers/4501-5000/4985-PROOF.pdf,yes,comments/A300806-A304137.md
A302675,31 August 2026,papers/9001-9500/9253-PROOF.pdf,yes,comments/A300806-A304137.md
A302676,31 August 2026,papers/8501-9000/8770-PROOF.pdf,yes,comments/A300806-A304137.md
A302677,31 August 2026,papers/8001-8500/8467-PROOF.pdf,yes,comments/A300806-A304137.md
A302678,31 August 2026,papers/8001-8500/8172-PROOF.pdf,yes,comments/A300806-A304137.md
A302679,31 August 2026,papers/6501-7000/6967-PROOF.pdf,yes,comments/A300806-A304137.md
A302681,31 August 2026,papers/8501-9000/8831-PROOF.pdf,yes,comments/A300806-A304137.md
A302682,31 August 2026,papers/7501-8000/8000-PROOF.pdf,yes,comments/A300806-A304137.md
A302683,31 August 2026,papers/7001-7500/7148-PROOF.pdf,yes,comments/A300806-A304137.md
A302684,31 August 2026,papers/6001-6500/6198-PROOF.pdf,yes,comments/A300806-A304137.md
A302685,31 August 2026,papers/5001-5500/5008-PROOF.pdf,yes,comments/A300806-A304137.md
A302724,31 August 2026,papers/6001-6500/6456-PROOF.pdf,yes,comments/A300806-A304137.md
A302729,31 August 2026,papers/3501-4000/3686-PROOF.pdf,yes,comments/A300806-A304137.md
A302736,31 August 2026,papers/8501-9000/8562-PROOF.pdf,yes,comments/A300806-A304137.md
A302737,31 August 2026,papers/6501-7000/6575-PROOF.pdf,yes,comments/A300806-A304137.md
A302738,31 August 2026,papers/4001-4500/4267-PROOF.pdf,yes,comments/A300806-A304137.md
A302742,31 August 2026,papers/8001-8500/8059-PROOF.pdf,yes,comments/A300806-A304137.md
A302743,31 August 2026,papers/6501-7000/6576-PROOF.pdf,yes,comments/A300806-A304137.md
A302803,31 August 2026,papers/8501-9000/8832-PROOF.pdf,yes,comments/A300806-A304137.md
A302804,31 August 2026,papers/6001-6500/6106-PROOF.pdf,yes,comments/A300806-A304137.md
A302809,31 August 2026,papers/6501-7000/6923-PROOF.pdf,yes,comments/A300806-A304137.md
A302810,31 August 2026,papers/4001-4500/4211-PROOF.pdf,yes,comments/A300806-A304137.md
A302815,31 August 2026,papers/6501-7000/6786-PROOF.pdf,yes,comments/A300806-A304137.md
A302816,31 August 2026,papers/4001-4500/4161-PROOF.pdf,yes,comments/A300806-A304137.md
A302821,31 August 2026,papers/6501-7000/6626-PROOF.pdf,yes,comments/A300806-A304137.md
A302872,31 August 2026,papers/6501-7000/6924-PROOF.pdf,yes,comments/A300806-A304137.md
A302873,31 August 2026,papers/3501-4000/3950-PROOF.pdf,yes,comments/A300806-A304137.md
A302878,31 August 2026,papers/5501-6000/5919-PROOF.pdf,yes,comments/A300806-A304137.md
A302879,31 August 2026,papers/3501-4000/3865-PROOF.pdf,yes,comments/A300806-A304137.md
A302884,31 August 2026,papers/7001-7500/7384-PROOF.pdf,yes,comments/A300806-A304137.md
A302885,31 August 2026,papers/4501-5000/4807-PROOF.pdf,yes,comments/A300806-A304137.md
A302890,31 August 2026,papers/6001-6500/6457-PROOF.pdf,yes,comments/A300806-A304137.md
A302891,31 August 2026,papers/4001-4500/4101-PROOF.pdf,yes,comments/A300806-A304137.md
A302948,31 August 2026,papers/7501-8000/7854-PROOF.pdf,yes,comments/A300806-A304137.md
A302949,31 August 2026,papers/6501-7000/6875-PROOF.pdf,yes,comments/A300806-A304137.md
A302950,31 August 2026,papers/4001-4500/4397-PROOF.pdf,yes,comments/A300806-A304137.md
A302954,31 August 2026,papers/8001-8500/8060-PROOF.pdf,yes,comments/A300806-A304137.md
A302955,31 August 2026,papers/5501-6000/5544-PROOF.pdf,yes,comments/A300806-A304137.md
A302960,31 August 2026,papers/8501-9000/8563-PROOF.pdf,yes,comments/A300806-A304137.md
A302961,31 August 2026,papers/5501-6000/5994-PROOF.pdf,yes,comments/A300806-A304137.md
A302966,31 August 2026,papers/7001-7500/7087-PROOF.pdf,yes,comments/A300806-A304137.md
A302967,31 August 2026,papers/4001-4500/4375-PROOF.pdf,yes,comments/A300806-A304137.md
A303011,31 August 2026,papers/7001-7500/7385-PROOF.pdf,yes,comments/A300806-A304137.md
A303012,31 August 2026,papers/4001-4500/4417-PROOF.pdf,yes,comments/A300806-A304137.md
A303017,31 August 2026,papers/6501-7000/6627-PROOF.pdf,yes,comments/A300806-A304137.md
A303018,31 August 2026,papers/3501-4000/3812-PROOF.pdf,yes,comments/A300806-A304137.md
A303035,31 August 2026,papers/6501-7000/6925-PROOF.pdf,yes,comments/A300806-A304137.md
A303036,31 August 2026,papers/3501-4000/3650-PROOF.pdf,yes,comments/A300806-A304137.md
A303041,31 August 2026,papers/7001-7500/7221-PROOF.pdf,yes,comments/A300806-A304137.md
A303042,31 August 2026,papers/3501-4000/3834-PROOF.pdf,yes,comments/A300806-A304137.md
A303079,31 August 2026,papers/7001-7500/7222-PROOF.pdf,yes,comments/A300806-A304137.md
A303080,31 August 2026,papers/3501-4000/3951-PROOF.pdf,yes,comments/A300806-A304137.md
A303085,31 August 2026,papers/6001-6500/6285-PROOF.pdf,yes,comments/A300806-A304137.md
A303097,31 August 2026,papers/7001-7500/7223-PROOF.pdf,yes,comments/A300806-A304137.md
A303098,31 August 2026,papers/5001-5500/5384-PROOF.pdf,yes,comments/A300806-A304137.md
A303103,31 August 2026,papers/6501-7000/6787-PROOF.pdf,yes,comments/A300806-A304137.md
A303104,31 August 2026,papers/4001-4500/4458-PROOF.pdf,yes,comments/A300806-A304137.md
A303177,31 August 2026,papers/6501-7000/6926-PROOF.pdf,yes,comments/A300806-A304137.md
A303178,31 August 2026,papers/5001-5500/5045-PROOF.pdf,yes,comments/A300806-A304137.md
A303179,31 August 2026,papers/3501-4000/3718-PROOF.pdf,yes,comments/A300806-A304137.md
A303183,31 August 2026,papers/8501-9000/8564-PROOF.pdf,yes,comments/A300806-A304137.md
A303184,31 August 2026,papers/6001-6500/6227-PROOF.pdf,yes,comments/A300806-A304137.md
A303185,31 August 2026,papers/4501-5000/4843-PROOF.pdf,yes,comments/A300806-A304137.md
A303192,31 August 2026,papers/8001-8500/8061-PROOF.pdf,yes,comments/A300806-A304137.md
A303193,31 August 2026,papers/4001-4500/4459-PROOF.pdf,yes,comments/A300806-A304137.md
A303194,31 August 2026,papers/4501-5000/4899-PROOF.pdf,yes,comments/A300806-A304137.md
A303198,31 August 2026,papers/6001-6500/6160-PROOF.pdf,yes,comments/A300806-A304137.md
A303199,31 August 2026,papers/3501-4000/3651-PROOF.pdf,yes,comments/A300806-A304137.md
A303237,31 August 2026,papers/6501-7000/6927-PROOF.pdf,yes,comments/A300806-A304137.md
A303238,31 August 2026,papers/3501-4000/3636-PROOF.pdf,yes,comments/A300806-A304137.md
A303243,31 August 2026,papers/5501-6000/5920-PROOF.pdf,yes,comments/A300806-A304137.md
A303249,31 August 2026,papers/6501-7000/6788-PROOF.pdf,yes,comments/A300806-A304137.md
A303250,31 August 2026,papers/4001-4500/4418-PROOF.pdf,yes,comments/A300806-A304137.md
A303309,31 August 2026,papers/8501-9000/8833-PROOF.pdf,yes,comments/A300806-A304137.md
A303310,31 August 2026,papers/8001-8500/8001-PROOF.pdf,yes,comments/A300806-A304137.md
A303311,31 August 2026,papers/7501-8000/7502-PROOF.pdf,yes,comments/A300806-A304137.md
A303312,31 August 2026,papers/7501-8000/7725-PROOF.pdf,yes,comments/A300806-A304137.md
A303313,31 August 2026,papers/5501-6000/5838-PROOF.pdf,yes,comments/A300806-A304137.md
A303315,31 August 2026,papers/8501-9000/8834-PROOF.pdf,yes,comments/A300806-A304137.md
A303316,31 August 2026,papers/8001-8500/8002-PROOF.pdf,yes,comments/A300806-A304137.md
A303317,31 August 2026,papers/7001-7500/7008-PROOF.pdf,yes,comments/A300806-A304137.md
A303318,31 August 2026,papers/5501-6000/5596-PROOF.pdf,yes,comments/A300806-A304137.md
A303319,31 August 2026,papers/4001-4500/4251-PROOF.pdf,yes,comments/A300806-A304137.md
A303321,31 August 2026,papers/3501-4000/3984-PROOF.pdf,yes,comments/A300806-A304137.md
A303322,31 August 2026,papers/4501-5000/4900-PROOF.pdf,yes,comments/A300806-A304137.md
A303326,31 August 2026,papers/6001-6500/6107-PROOF.pdf,yes,comments/A300806-A304137.md
A303327,31 August 2026,papers/4501-5000/4844-PROOF.pdf,yes,comments/A300806-A304137.md
A303406,31 August 2026,papers/6001-6500/6161-PROOF.pdf,yes,comments/A300806-A304137.md
A303416,31 August 2026,papers/9001-9500/9107-PROOF.pdf,yes,comments/A300806-A304137.md
A303417,31 August 2026,papers/8001-8500/8236-PROOF.pdf,yes,comments/A300806-A304137.md
A303418,31 August 2026,papers/6001-6500/6351-PROOF.pdf,yes,comments/A300806-A304137.md
A303419,31 August 2026,papers/5001-5500/5018-PROOF.pdf,yes,comments/A300806-A304137.md
A303422,31 August 2026,papers/8501-9000/8835-PROOF.pdf,yes,comments/A300806-A304137.md
A303423,31 August 2026,papers/7501-8000/7548-PROOF.pdf,yes,comments/A300806-A304137.md
A303424,31 August 2026,papers/5501-6000/5972-PROOF.pdf,yes,comments/A300806-A304137.md
A303451,31 August 2026,papers/8501-9000/8565-PROOF.pdf,yes,comments/A300806-A304137.md
A303452,31 August 2026,papers/6501-7000/6577-PROOF.pdf,yes,comments/A300806-A304137.md
A303453,31 August 2026,papers/4001-4500/4228-PROOF.pdf,yes,comments/A300806-A304137.md
A303457,31 August 2026,papers/8001-8500/8062-PROOF.pdf,yes,comments/A300806-A304137.md
A303458,31 August 2026,papers/6501-7000/6578-PROOF.pdf,yes,comments/A300806-A304137.md
A303464,31 August 2026,papers/8501-9000/8566-PROOF.pdf,yes,comments/A300806-A304137.md
A303465,31 August 2026,papers/5501-6000/5877-PROOF.pdf,yes,comments/A300806-A304137.md
A303470,31 August 2026,papers/6501-7000/6789-PROOF.pdf,yes,comments/A300806-A304137.md
A303471,31 August 2026,papers/4001-4500/4162-PROOF.pdf,yes,comments/A300806-A304137.md
A303508,31 August 2026,papers/6501-7000/6790-PROOF.pdf,yes,comments/A300806-A304137.md
A303509,31 August 2026,papers/4001-4500/4163-PROOF.pdf,yes,comments/A300806-A304137.md
A303514,31 August 2026,papers/6501-7000/6628-PROOF.pdf,yes,comments/A300806-A304137.md
A303520,31 August 2026,papers/7001-7500/7088-PROOF.pdf,yes,comments/A300806-A304137.md
A303521,31 August 2026,papers/4001-4500/4242-PROOF.pdf,yes,comments/A300806-A304137.md
A303526,31 August 2026,papers/5501-6000/5921-PROOF.pdf,yes,comments/A300806-A304137.md
A303527,31 August 2026,papers/3501-4000/3901-PROOF.pdf,yes,comments/A300806-A304137.md
A303619,31 August 2026,papers/8001-8500/8314-PROOF.pdf,yes,comments/A300806-A304137.md
A303620,31 August 2026,papers/5501-6000/5706-PROOF.pdf,yes,comments/A300806-A304137.md
A303621,31 August 2026,papers/3501-4000/3803-PROOF.pdf,yes,comments/A300806-A304137.md
A303625,31 August 2026,papers/6001-6500/6458-PROOF.pdf,yes,comments/A300806-A304137.md
A303626,31 August 2026,papers/4001-4500/4419-PROOF.pdf,yes,comments/A300806-A304137.md
A303631,31 August 2026,papers/8501-9000/8567-PROOF.pdf,yes,comments/A300806-A304137.md
A303632,31 August 2026,papers/6001-6500/6391-PROOF.pdf,yes,comments/A300806-A304137.md
A303633,31 August 2026,papers/4501-5000/4587-PROOF.pdf,yes,comments/A300806-A304137.md
A303677,31 August 2026,papers/8501-9000/8930-PROOF.pdf,yes,comments/A300806-A304137.md
A303678,31 August 2026,papers/8501-9000/8506-PROOF.pdf,yes,comments/A300806-A304137.md
A303679,31 August 2026,papers/8001-8500/8190-PROOF.pdf,yes,comments/A300806-A304137.md
A303680,31 August 2026,papers/7501-8000/7927-PROOF.pdf,yes,comments/A300806-A304137.md
A303681,31 August 2026,papers/7501-8000/7707-PROOF.pdf,yes,comments/A300806-A304137.md
A303684,31 August 2026,papers/8501-9000/8645-PROOF.pdf,yes,comments/A300806-A304137.md
A303685,31 August 2026,papers/6001-6500/6459-PROOF.pdf,yes,comments/A300806-A304137.md
A303686,31 August 2026,papers/5001-5500/5046-PROOF.pdf,yes,comments/A300806-A304137.md
A303714,31 August 2026,papers/9001-9500/9108-PROOF.pdf,yes,comments/A300806-A304137.md
A303715,31 August 2026,papers/8001-8500/8237-PROOF.pdf,yes,comments/A300806-A304137.md
A303716,31 August 2026,papers/8001-8500/8191-PROOF.pdf,yes,comments/A300806-A304137.md
A303717,31 August 2026,papers/8001-8500/8173-PROOF.pdf,yes,comments/A300806-A304137.md
A303718,31 August 2026,papers/8001-8500/8153-PROOF.pdf,yes,comments/A300806-A304137.md
A303721,31 August 2026,papers/8501-9000/8931-PROOF.pdf,yes,comments/A300806-A304137.md
A303722,31 August 2026,papers/8001-8500/8315-PROOF.pdf,yes,comments/A300806-A304137.md
A303723,31 August 2026,papers/8001-8500/8238-PROOF.pdf,yes,comments/A300806-A304137.md
A303724,31 August 2026,papers/7501-8000/7740-PROOF.pdf,yes,comments/A300806-A304137.md
A303725,31 August 2026,papers/7001-7500/7487-PROOF.pdf,yes,comments/A300806-A304137.md
A303726,31 August 2026,papers/7001-7500/7260-PROOF.pdf,yes,comments/A300806-A304137.md
A303794,31 August 2026,papers/8501-9000/8646-PROOF.pdf,yes,comments/A300806-A304137.md
A303795,31 August 2026,papers/8001-8500/8063-PROOF.pdf,yes,comments/A300806-A304137.md
A303796,31 August 2026,papers/5001-5500/5234-PROOF.pdf,yes,comments/A300806-A304137.md
A303797,31 August 2026,papers/6001-6500/6086-PROOF.pdf,yes,comments/A300806-A304137.md
A303798,31 August 2026,papers/3501-4000/3628-PROOF.pdf,yes,comments/A300806-A304137.md
A303799,31 August 2026,papers/3501-4000/3779-PROOF.pdf,yes,comments/A300806-A304137.md
A303802,31 August 2026,papers/8501-9000/8932-PROOF.pdf,yes,comments/A300806-A304137.md
A303803,31 August 2026,papers/7001-7500/7386-PROOF.pdf,yes,comments/A300806-A304137.md
A303804,31 August 2026,papers/5501-6000/5878-PROOF.pdf,yes,comments/A300806-A304137.md
A303805,31 August 2026,papers/4001-4500/4444-PROOF.pdf,yes,comments/A300806-A304137.md
A303882,31 August 2026,papers/8501-9000/8647-PROOF.pdf,yes,comments/A300806-A304137.md
A303883,31 August 2026,papers/6001-6500/6460-PROOF.pdf,yes,comments/A300806-A304137.md
A303884,31 August 2026,papers/4501-5000/4631-PROOF.pdf,yes,comments/A300806-A304137.md
A303890,31 August 2026,papers/8501-9000/8933-PROOF.pdf,yes,comments/A300806-A304137.md
A303891,31 August 2026,papers/6501-7000/6928-PROOF.pdf,yes,comments/A300806-A304137.md
A303892,31 August 2026,papers/4501-5000/4808-PROOF.pdf,yes,comments/A300806-A304137.md
A303956,31 August 2026,papers/8001-8500/8064-PROOF.pdf,yes,comments/A300806-A304137.md
A303957,31 August 2026,papers/6501-7000/6876-PROOF.pdf,yes,comments/A300806-A304137.md
A303958,31 August 2026,papers/6501-7000/6544-PROOF.pdf,yes,comments/A300806-A304137.md
A303959,31 August 2026,papers/4501-5000/4948-PROOF.pdf,yes,comments/A300806-A304137.md
A303960,31 August 2026,papers/3501-4000/3732-PROOF.pdf,yes,comments/A300806-A304137.md
A303963,31 August 2026,papers/8501-9000/8934-PROOF.pdf,yes,comments/A300806-A304137.md
A303964,31 August 2026,papers/7001-7500/7089-PROOF.pdf,yes,comments/A300806-A304137.md
A303965,31 August 2026,papers/4501-5000/4744-PROOF.pdf,yes,comments/A300806-A304137.md
A303966,31 August 2026,papers/5501-6000/5522-PROOF.pdf,yes,comments/A300806-A304137.md
A304004,31 August 2026,papers/8501-9000/8935-PROOF.pdf,yes,comments/A300806-A304137.md
A304005,31 August 2026,papers/6001-6500/6461-PROOF.pdf,yes,comments/A300806-A304137.md
A304006,31 August 2026,papers/3501-4000/3703-PROOF.pdf,yes,comments/A300806-A304137.md
A304013,31 August 2026,papers/8501-9000/8648-PROOF.pdf,yes,comments/A300806-A304137.md
A304014,31 August 2026,papers/5501-6000/5922-PROOF.pdf,yes,comments/A300806-A304137.md
A304015,31 August 2026,papers/3501-4000/3727-PROOF.pdf,yes,comments/A300806-A304137.md
A304052,31 August 2026,papers/8501-9000/8649-PROOF.pdf,yes,comments/A300806-A304137.md
A304053,31 August 2026,papers/6501-7000/6629-PROOF.pdf,yes,comments/A300806-A304137.md
A304054,31 August 2026,papers/3501-4000/3924-PROOF.pdf,yes,comments/A300806-A304137.md
A304060,31 August 2026,papers/6501-7000/6791-PROOF.pdf,yes,comments/A300806-A304137.md
A304061,31 August 2026,papers/4001-4500/4460-PROOF.pdf,yes,comments/A300806-A304137.md
A304128,31 August 2026,papers/9001-9500/9109-PROOF.pdf,yes,comments/A300806-A304137.md
A304129,31 August 2026,papers/7001-7500/7318-PROOF.pdf,yes,comments/A300806-A304137.md
A304130,31 August 2026,papers/6001-6500/6352-PROOF.pdf,yes,comments/A300806-A304137.md
A304131,31 August 2026,papers/4001-4500/4310-PROOF.pdf,yes,comments/A300806-A304137.md
A304136,31 August 2026,papers/7501-8000/7855-PROOF.pdf,yes,comments/A300806-A304137.md
A304137,31 August 2026,papers/8001-8500/8239-PROOF.pdf,yes,comments/A300806-A304137.md
A304143,31 August 2026,papers/8501-9000/8650-PROOF.pdf,yes,comments/A304143-A346074.md
A304144,31 August 2026,papers/6501-7000/6792-PROOF.pdf,yes,comments/A304143-A346074.md
A304145,31 August 2026,papers/6001-6500/6228-PROOF.pdf,yes,comments/A304143-A346074.md
A304151,31 August 2026,papers/6001-6500/6162-PROOF.pdf,yes,comments/A304143-A346074.md
A304152,31 August 2026,papers/3501-4000/3728-PROOF.pdf,yes,comments/A304143-A346074.md
A304216,31 August 2026,papers/8501-9000/8836-PROOF.pdf,yes,comments/A304143-A346074.md
A304217,31 August 2026,papers/8001-8500/8003-PROOF.pdf,yes,comments/A304143-A346074.md
A304218,31 August 2026,papers/7001-7500/7289-PROOF.pdf,yes,comments/A304143-A346074.md
A304219,31 August 2026,papers/6501-7000/6682-PROOF.pdf,yes,comments/A304143-A346074.md
A304220,31 August 2026,papers/6001-6500/6064-PROOF.pdf,yes,comments/A304143-A346074.md
A304225,31 August 2026,papers/9001-9500/9110-PROOF.pdf,yes,comments/A304143-A346074.md
A304226,31 August 2026,papers/8001-8500/8240-PROOF.pdf,yes,comments/A304143-A346074.md
A304227,31 August 2026,papers/8001-8500/8192-PROOF.pdf,yes,comments/A304143-A346074.md
A304228,31 August 2026,papers/6501-7000/6991-PROOF.pdf,yes,comments/A304143-A346074.md
A304229,31 August 2026,papers/4001-4500/4302-PROOF.pdf,yes,comments/A304143-A346074.md
A304257,31 August 2026,papers/8501-9000/8651-PROOF.pdf,yes,comments/A304143-A346074.md
A304258,31 August 2026,papers/6001-6500/6286-PROOF.pdf,yes,comments/A304143-A346074.md
A304259,31 August 2026,papers/3501-4000/3791-PROOF.pdf,yes,comments/A304143-A346074.md
A304265,31 August 2026,papers/9001-9500/9111-PROOF.pdf,yes,comments/A304143-A346074.md
A304266,31 August 2026,papers/8001-8500/8241-PROOF.pdf,yes,comments/A304143-A346074.md
A304267,31 August 2026,papers/7501-8000/7503-PROOF.pdf,yes,comments/A304143-A346074.md
A304268,31 August 2026,papers/6501-7000/6992-PROOF.pdf,yes,comments/A304143-A346074.md
A304269,31 August 2026,papers/5501-6000/5506-PROOF.pdf,yes,comments/A304143-A346074.md
A304297,31 August 2026,papers/7501-8000/7625-PROOF.pdf,yes,comments/A304143-A346074.md
A304298,31 August 2026,papers/6501-7000/6579-PROOF.pdf,yes,comments/A304143-A346074.md
A304299,31 August 2026,papers/4501-5000/4960-PROOF.pdf,yes,comments/A304143-A346074.md
A304300,31 August 2026,papers/3501-4000/3756-PROOF.pdf,yes,comments/A304143-A346074.md
A304304,31 August 2026,papers/8501-9000/8936-PROOF.pdf,yes,comments/A304143-A346074.md
A304305,31 August 2026,papers/6001-6500/6462-PROOF.pdf,yes,comments/A304143-A346074.md
A304306,31 August 2026,papers/3501-4000/3925-PROOF.pdf,yes,comments/A304143-A346074.md
A304341,31 August 2026,papers/8501-9000/8652-PROOF.pdf,yes,comments/A304143-A346074.md
A304342,31 August 2026,papers/6501-7000/6630-PROOF.pdf,yes,comments/A304143-A346074.md
A304343,31 August 2026,papers/3501-4000/3926-PROOF.pdf,yes,comments/A304143-A346074.md
A304349,31 August 2026,papers/8501-9000/8937-PROOF.pdf,yes,comments/A304143-A346074.md
A304350,31 August 2026,papers/6001-6500/6163-PROOF.pdf,yes,comments/A304143-A346074.md
A304351,31 August 2026,papers/3501-4000/3729-PROOF.pdf,yes,comments/A304143-A346074.md
A304414,31 August 2026,papers/6501-7000/6631-PROOF.pdf,yes,comments/A304143-A346074.md
A304415,31 August 2026,papers/4001-4500/4243-PROOF.pdf,yes,comments/A304143-A346074.md
A304421,31 August 2026,papers/9001-9500/9164-PROOF.pdf,yes,comments/A304143-A346074.md
A304422,31 August 2026,papers/7501-8000/7626-PROOF.pdf,yes,comments/A304143-A346074.md
A304423,31 August 2026,papers/5001-5500/5316-PROOF.pdf,yes,comments/A304143-A346074.md
A304467,31 August 2026,papers/7001-7500/7387-PROOF.pdf,yes,comments/A304143-A346074.md
A304468,31 August 2026,papers/5501-6000/5791-PROOF.pdf,yes,comments/A304143-A346074.md
A304474,31 August 2026,papers/7001-7500/7090-PROOF.pdf,yes,comments/A304143-A346074.md
A304475,31 August 2026,papers/3501-4000/3739-PROOF.pdf,yes,comments/A304143-A346074.md
A304539,31 August 2026,papers/6501-7000/6929-PROOF.pdf,yes,comments/A304143-A346074.md
A304540,31 August 2026,papers/3501-4000/3704-PROOF.pdf,yes,comments/A304143-A346074.md
A304546,31 August 2026,papers/5501-6000/5923-PROOF.pdf,yes,comments/A304143-A346074.md
A304592,31 August 2026,papers/6501-7000/6632-PROOF.pdf,yes,comments/A304143-A346074.md
A304593,31 August 2026,papers/4001-4500/4124-PROOF.pdf,yes,comments/A304143-A346074.md
A304599,31 August 2026,papers/8001-8500/8065-PROOF.pdf,yes,comments/A304143-A346074.md
A304600,31 August 2026,papers/6001-6500/6229-PROOF.pdf,yes,comments/A304143-A346074.md
A304601,31 August 2026,papers/4501-5000/4901-PROOF.pdf,yes,comments/A304143-A346074.md
A304664,31 August 2026,papers/7001-7500/7091-PROOF.pdf,yes,comments/A304143-A346074.md
A304665,31 August 2026,papers/4001-4500/4461-PROOF.pdf,yes,comments/A304143-A346074.md
A304671,31 August 2026,papers/6001-6500/6164-PROOF.pdf,yes,comments/A304143-A346074.md
A304692,31 August 2026,papers/6001-6500/6037-PROOF.pdf,yes,comments/A304143-A346074.md
A304699,31 August 2026,papers/6001-6500/6287-PROOF.pdf,yes,comments/A304143-A346074.md
A304762,31 August 2026,papers/6501-7000/6930-PROOF.pdf,yes,comments/A304143-A346074.md
A304763,31 August 2026,papers/5001-5500/5047-PROOF.pdf,yes,comments/A304143-A346074.md
A304770,31 August 2026,papers/8501-9000/8568-PROOF.pdf,yes,comments/A304143-A346074.md
A304771,31 August 2026,papers/7001-7500/7319-PROOF.pdf,yes,comments/A304143-A346074.md
A304772,31 August 2026,papers/5001-5500/5434-PROOF.pdf,yes,comments/A304143-A346074.md
A304773,31 August 2026,papers/4001-4500/4258-PROOF.pdf,yes,comments/A304143-A346074.md
A304843,31 August 2026,papers/7001-7500/7224-PROOF.pdf,yes,comments/A304143-A346074.md
A304844,31 August 2026,papers/4501-5000/4865-PROOF.pdf,yes,comments/A304143-A346074.md
A304850,31 August 2026,papers/7001-7500/7092-PROOF.pdf,yes,comments/A304143-A346074.md
A304851,31 August 2026,papers/4501-5000/4502-PROOF.pdf,yes,comments/A304143-A346074.md
A304889,31 August 2026,papers/6001-6500/6038-PROOF.pdf,yes,comments/A304143-A346074.md
A304890,31 August 2026,papers/4001-4500/4164-PROOF.pdf,yes,comments/A304143-A346074.md
A304896,31 August 2026,papers/6501-7000/6633-PROOF.pdf,yes,comments/A304143-A346074.md
A304897,31 August 2026,papers/4001-4500/4280-PROOF.pdf,yes,comments/A304143-A346074.md
A304921,31 August 2026,papers/8001-8500/8066-PROOF.pdf,yes,comments/A304143-A346074.md
A304922,31 August 2026,papers/6501-7000/6877-PROOF.pdf,yes,comments/A304143-A346074.md
A304923,31 August 2026,papers/4501-5000/4845-PROOF.pdf,yes,comments/A304143-A346074.md
A304928,31 August 2026,papers/4501-5000/4846-PROOF.pdf,yes,comments/A304143-A346074.md
A304947,31 August 2026,papers/6001-6500/6165-PROOF.pdf,yes,comments/A304143-A346074.md
A304948,31 August 2026,papers/3501-4000/3652-PROOF.pdf,yes,comments/A304143-A346074.md
A304954,31 August 2026,papers/5501-6000/5924-PROOF.pdf,yes,comments/A304143-A346074.md
A304955,31 August 2026,papers/3501-4000/3672-PROOF.pdf,yes,comments/A304143-A346074.md
A305010,31 August 2026,papers/6001-6500/6288-PROOF.pdf,yes,comments/A304143-A346074.md
A305017,31 August 2026,papers/6501-7000/6634-PROOF.pdf,yes,comments/A304143-A346074.md
A305018,31 August 2026,papers/4001-4500/4462-PROOF.pdf,yes,comments/A304143-A346074.md
A305035,31 August 2026,papers/9001-9500/9112-PROOF.pdf,yes,comments/A304143-A346074.md
A305036,31 August 2026,papers/8001-8500/8004-PROOF.pdf,yes,comments/A304143-A346074.md
A305037,31 August 2026,papers/7501-8000/7949-PROOF.pdf,yes,comments/A304143-A346074.md
A305038,31 August 2026,papers/6501-7000/6835-PROOF.pdf,yes,comments/A304143-A346074.md
A305039,31 August 2026,papers/4001-4500/4252-PROOF.pdf,yes,comments/A304143-A346074.md
A305042,31 August 2026,papers/7001-7500/7225-PROOF.pdf,yes,comments/A304143-A346074.md
A305043,31 August 2026,papers/7501-8000/7549-PROOF.pdf,yes,comments/A304143-A346074.md
A305084,31 August 2026,papers/6501-7000/6793-PROOF.pdf,yes,comments/A304143-A346074.md
A305085,31 August 2026,papers/5501-6000/5995-PROOF.pdf,yes,comments/A304143-A346074.md
A305091,31 August 2026,papers/8501-9000/8653-PROOF.pdf,yes,comments/A304143-A346074.md
A305092,31 August 2026,papers/6001-6500/6463-PROOF.pdf,yes,comments/A304143-A346074.md
A305093,31 August 2026,papers/3501-4000/3637-PROOF.pdf,yes,comments/A304143-A346074.md
A305170,31 August 2026,papers/6001-6500/6166-PROOF.pdf,yes,comments/A304143-A346074.md
A305177,31 August 2026,papers/7001-7500/7388-PROOF.pdf,yes,comments/A304143-A346074.md
A305178,31 August 2026,papers/7001-7500/7181-PROOF.pdf,yes,comments/A304143-A346074.md
A305179,31 August 2026,papers/4001-4500/4398-PROOF.pdf,yes,comments/A304143-A346074.md
A305218,31 August 2026,papers/6501-7000/6635-PROOF.pdf,yes,comments/A304143-A346074.md
A305219,31 August 2026,papers/3501-4000/3740-PROOF.pdf,yes,comments/A304143-A346074.md
A305225,31 August 2026,papers/8001-8500/8316-PROOF.pdf,yes,comments/A304143-A346074.md
A305226,31 August 2026,papers/8001-8500/8005-PROOF.pdf,yes,comments/A304143-A346074.md
A305227,31 August 2026,papers/7001-7500/7009-PROOF.pdf,yes,comments/A304143-A346074.md
A305228,31 August 2026,papers/6001-6500/6199-PROOF.pdf,yes,comments/A304143-A346074.md
A305229,31 August 2026,papers/5001-5500/5201-PROOF.pdf,yes,comments/A304143-A346074.md
A305240,31 August 2026,papers/7501-8000/7856-PROOF.pdf,yes,comments/A304143-A346074.md
A305241,31 August 2026,papers/5001-5500/5235-PROOF.pdf,yes,comments/A304143-A346074.md
A305242,31 August 2026,papers/4501-5000/4847-PROOF.pdf,yes,comments/A304143-A346074.md
A305247,31 August 2026,papers/7001-7500/7093-PROOF.pdf,yes,comments/A304143-A346074.md
A305248,31 August 2026,papers/5001-5500/5385-PROOF.pdf,yes,comments/A304143-A346074.md
A305249,31 August 2026,papers/4001-4500/4013-PROOF.pdf,yes,comments/A304143-A346074.md
A305283,31 August 2026,papers/6501-7000/6636-PROOF.pdf,yes,comments/A304143-A346074.md
A305284,31 August 2026,papers/4501-5000/4745-PROOF.pdf,yes,comments/A304143-A346074.md
A305335,31 August 2026,papers/8001-8500/8067-PROOF.pdf,yes,comments/A304143-A346074.md
A305336,31 August 2026,papers/6501-7000/6580-PROOF.pdf,yes,comments/A304143-A346074.md
A305337,31 August 2026,papers/4501-5000/4961-PROOF.pdf,yes,comments/A304143-A346074.md
A305338,31 August 2026,papers/3501-4000/3799-PROOF.pdf,yes,comments/A304143-A346074.md
A305342,31 August 2026,papers/7001-7500/7094-PROOF.pdf,yes,comments/A304143-A346074.md
A305343,31 August 2026,papers/4501-5000/4746-PROOF.pdf,yes,comments/A304143-A346074.md
A305344,31 August 2026,papers/4501-5000/4665-PROOF.pdf,yes,comments/A304143-A346074.md
A305362,31 August 2026,papers/6001-6500/6167-PROOF.pdf,yes,comments/A304143-A346074.md
A305363,31 August 2026,papers/3501-4000/3730-PROOF.pdf,yes,comments/A304143-A346074.md
A305404,25 August 2026,papers/0001-0500/0016-PROOF.pdf,yes,comments/A304143-A346074.md
A305447,31 August 2026,papers/6001-6500/6289-PROOF.pdf,yes,comments/A304143-A346074.md
A305448,31 August 2026,papers/3501-4000/3792-PROOF.pdf,yes,comments/A304143-A346074.md
A305477,31 August 2026,papers/8001-8500/8317-PROOF.pdf,yes,comments/A304143-A346074.md
A305478,31 August 2026,papers/7001-7500/7320-PROOF.pdf,yes,comments/A304143-A346074.md
A305479,31 August 2026,papers/5001-5500/5165-PROOF.pdf,yes,comments/A304143-A346074.md
A305480,31 August 2026,papers/3501-4000/3849-PROOF.pdf,yes,comments/A304143-A346074.md
A305484,31 August 2026,papers/6501-7000/6794-PROOF.pdf,yes,comments/A304143-A346074.md
A305485,31 August 2026,papers/6001-6500/6230-PROOF.pdf,yes,comments/A304143-A346074.md
A305511,31 August 2026,papers/7001-7500/7389-PROOF.pdf,yes,comments/A304143-A346074.md
A305512,31 August 2026,papers/6501-7000/6729-PROOF.pdf,yes,comments/A304143-A346074.md
A305513,31 August 2026,papers/4001-4500/4316-PROOF.pdf,yes,comments/A304143-A346074.md
A305518,31 August 2026,papers/8501-9000/8569-PROOF.pdf,yes,comments/A304143-A346074.md
A305519,31 August 2026,papers/6501-7000/6581-PROOF.pdf,yes,comments/A304143-A346074.md
A305525,31 August 2026,papers/7001-7500/7226-PROOF.pdf,yes,comments/A304143-A346074.md
A305526,31 August 2026,papers/4501-5000/4632-PROOF.pdf,yes,comments/A304143-A346074.md
A305550,25 August 2026,papers/0001-0500/0046-PROOF.pdf,yes,comments/A304143-A346074.md
A305581,31 August 2026,papers/9001-9500/9113-PROOF.pdf,yes,comments/A304143-A346074.md
A305582,31 August 2026,papers/8001-8500/8242-PROOF.pdf,yes,comments/A304143-A346074.md
A305583,31 August 2026,papers/8001-8500/8193-PROOF.pdf,yes,comments/A304143-A346074.md
A305584,31 August 2026,papers/6501-7000/6533-PROOF.pdf,yes,comments/A304143-A346074.md
A305585,31 August 2026,papers/4001-4500/4303-PROOF.pdf,yes,comments/A304143-A346074.md
A305588,31 August 2026,papers/6001-6500/6464-PROOF.pdf,yes,comments/A304143-A346074.md
A305589,31 August 2026,papers/3501-4000/3927-PROOF.pdf,yes,comments/A304143-A346074.md
A305637,31 August 2026,papers/6501-7000/6637-PROOF.pdf,yes,comments/A304143-A346074.md
A305638,31 August 2026,papers/3501-4000/3741-PROOF.pdf,yes,comments/A304143-A346074.md
A305644,31 August 2026,papers/6001-6500/6290-PROOF.pdf,yes,comments/A304143-A346074.md
A305645,31 August 2026,papers/4001-4500/4022-PROOF.pdf,yes,comments/A304143-A346074.md
A305680,31 August 2026,papers/6501-7000/6795-PROOF.pdf,yes,comments/A304143-A346074.md
A305681,31 August 2026,papers/4501-5000/4633-PROOF.pdf,yes,comments/A304143-A346074.md
A305687,31 August 2026,papers/7501-8000/7857-PROOF.pdf,yes,comments/A304143-A346074.md
A305688,31 August 2026,papers/6001-6500/6231-PROOF.pdf,yes,comments/A304143-A346074.md
A305689,31 August 2026,papers/4001-4500/4062-PROOF.pdf,yes,comments/A304143-A346074.md
A305764,31 August 2026,papers/7001-7500/7227-PROOF.pdf,yes,comments/A304143-A346074.md
A305765,31 August 2026,papers/4501-5000/4809-PROOF.pdf,yes,comments/A304143-A346074.md
A305771,31 August 2026,papers/6001-6500/6465-PROOF.pdf,yes,comments/A304143-A346074.md
A305772,31 August 2026,papers/3501-4000/3928-PROOF.pdf,yes,comments/A304143-A346074.md
A305906,31 August 2026,papers/6501-7000/6638-PROOF.pdf,yes,comments/A304143-A346074.md
A305913,31 August 2026,papers/6001-6500/6168-PROOF.pdf,yes,comments/A304143-A346074.md
A305949,31 August 2026,papers/6001-6500/6466-PROOF.pdf,yes,comments/A304143-A346074.md
A305950,31 August 2026,papers/4001-4500/4165-PROOF.pdf,yes,comments/A304143-A346074.md
A305956,31 August 2026,papers/7501-8000/7627-PROOF.pdf,yes,comments/A304143-A346074.md
A305957,31 August 2026,papers/5001-5500/5236-PROOF.pdf,yes,comments/A304143-A346074.md
A306048,31 August 2026,papers/7001-7500/7390-PROOF.pdf,yes,comments/A304143-A346074.md
A306049,31 August 2026,papers/5501-6000/5792-PROOF.pdf,yes,comments/A304143-A346074.md
A306055,31 August 2026,papers/6501-7000/6931-PROOF.pdf,yes,comments/A304143-A346074.md
A306056,31 August 2026,papers/3501-4000/3742-PROOF.pdf,yes,comments/A304143-A346074.md
A306082,25 August 2026,papers/0001-0500/0047-PROOF.pdf,yes,comments/A304143-A346074.md
A306124,31 August 2026,papers/6501-7000/6932-PROOF.pdf,yes,comments/A304143-A346074.md
A306125,31 August 2026,papers/3501-4000/3705-PROOF.pdf,yes,comments/A304143-A346074.md
A306131,31 August 2026,papers/5501-6000/5925-PROOF.pdf,yes,comments/A304143-A346074.md
A306138,31 August 2026,papers/6501-7000/6639-PROOF.pdf,yes,comments/A304143-A346074.md
A306139,31 August 2026,papers/4001-4500/4125-PROOF.pdf,yes,comments/A304143-A346074.md
A306161,31 August 2026,papers/8001-8500/8068-PROOF.pdf,yes,comments/A304143-A346074.md
A306162,31 August 2026,papers/6001-6500/6108-PROOF.pdf,yes,comments/A304143-A346074.md
A306163,31 August 2026,papers/4501-5000/4533-PROOF.pdf,yes,comments/A304143-A346074.md
A306168,31 August 2026,papers/4501-5000/4561-PROOF.pdf,yes,comments/A304143-A346074.md
A306948,30 August 2026,papers/3001-3500/3126-PROOF.pdf,yes,comments/A304143-A346074.md
A308726,25 August 2026,papers/9001-9500/9299-PROOF.pdf,yes,comments/A304143-A346074.md
A315520,26 August 2026,papers/9501-10000/9631-PROOF.pdf,yes,comments/A304143-A346074.md
A316118,31 August 2026,papers/6001-6500/6291-PROOF.pdf,yes,comments/A304143-A346074.md
A316125,31 August 2026,papers/5501-6000/5926-PROOF.pdf,yes,comments/A304143-A346074.md
A316142,25 August 2026,papers/0001-0500/0048-PROOF.pdf,yes,comments/A304143-A346074.md
A316143,25 August 2026,papers/0001-0500/0049-PROOF.pdf,yes,comments/A304143-A346074.md
A316144,25 August 2026,papers/0001-0500/0050-PROOF.pdf,yes,comments/A304143-A346074.md
A316171,31 August 2026,papers/6001-6500/6169-PROOF.pdf,yes,comments/A304143-A346074.md
A316178,31 August 2026,papers/7001-7500/7228-PROOF.pdf,yes,comments/A304143-A346074.md
A316179,31 August 2026,papers/5001-5500/5110-PROOF.pdf,yes,comments/A304143-A346074.md
A316204,31 August 2026,papers/6001-6500/6467-PROOF.pdf,yes,comments/A304143-A346074.md
A316205,31 August 2026,papers/3501-4000/3929-PROOF.pdf,yes,comments/A304143-A346074.md
A316213,31 August 2026,papers/6501-7000/6640-PROOF.pdf,yes,comments/A304143-A346074.md
A316214,31 August 2026,papers/3501-4000/3813-PROOF.pdf,yes,comments/A304143-A346074.md
A316234,31 August 2026,papers/6001-6500/6170-PROOF.pdf,yes,comments/A304143-A346074.md
A316235,31 August 2026,papers/3501-4000/3771-PROOF.pdf,yes,comments/A304143-A346074.md
A316277,31 August 2026,papers/7501-8000/7628-PROOF.pdf,yes,comments/A304143-A346074.md
A316278,31 August 2026,papers/5001-5500/5317-PROOF.pdf,yes,comments/A304143-A346074.md
A316284,31 August 2026,papers/7001-7500/7391-PROOF.pdf,yes,comments/A304143-A346074.md
A316285,31 August 2026,papers/5501-6000/5793-PROOF.pdf,yes,comments/A304143-A346074.md
A316299,31 August 2026,papers/7001-7500/7095-PROOF.pdf,yes,comments/A304143-A346074.md
A316300,31 August 2026,papers/3501-4000/3743-PROOF.pdf,yes,comments/A304143-A346074.md
A316306,31 August 2026,papers/6001-6500/6468-PROOF.pdf,yes,comments/A304143-A346074.md
A316307,31 August 2026,papers/3501-4000/3706-PROOF.pdf,yes,comments/A304143-A346074.md
A316378,31 August 2026,papers/6501-7000/6641-PROOF.pdf,yes,comments/A304143-A346074.md
A316379,31 August 2026,papers/4001-4500/4126-PROOF.pdf,yes,comments/A304143-A346074.md
A316415,31 August 2026,papers/8001-8500/8069-PROOF.pdf,yes,comments/A304143-A346074.md
A316416,31 August 2026,papers/5501-6000/5996-PROOF.pdf,yes,comments/A304143-A346074.md
A316417,31 August 2026,papers/4001-4500/4399-PROOF.pdf,yes,comments/A304143-A346074.md
A316422,31 August 2026,papers/7001-7500/7096-PROOF.pdf,yes,comments/A304143-A346074.md
A316423,31 August 2026,papers/4001-4500/4463-PROOF.pdf,yes,comments/A304143-A346074.md
A316443,31 August 2026,papers/5501-6000/5927-PROOF.pdf,yes,comments/A304143-A346074.md
A316450,31 August 2026,papers/6001-6500/6292-PROOF.pdf,yes,comments/A304143-A346074.md
A316513,31 August 2026,papers/8501-9000/8570-PROOF.pdf,yes,comments/A304143-A346074.md
A316514,31 August 2026,papers/7001-7500/7321-PROOF.pdf,yes,comments/A304143-A346074.md
A316515,31 August 2026,papers/5001-5500/5435-PROOF.pdf,yes,comments/A304143-A346074.md
A316516,31 August 2026,papers/4001-4500/4356-PROOF.pdf,yes,comments/A304143-A346074.md
A316540,31 August 2026,papers/7001-7500/7229-PROOF.pdf,yes,comments/A304143-A346074.md
A316541,31 August 2026,papers/4501-5000/4866-PROOF.pdf,yes,comments/A304143-A346074.md
A316547,31 August 2026,papers/6501-7000/6642-PROOF.pdf,yes,comments/A304143-A346074.md
A316548,31 August 2026,papers/4001-4500/4334-PROOF.pdf,yes,comments/A304143-A346074.md
A316578,31 August 2026,papers/6501-7000/6643-PROOF.pdf,yes,comments/A304143-A346074.md
A316579,31 August 2026,papers/4001-4500/4281-PROOF.pdf,yes,comments/A304143-A346074.md
A316612,31 August 2026,papers/4501-5000/4534-PROOF.pdf,yes,comments/A304143-A346074.md
A316636,31 August 2026,papers/6001-6500/6039-PROOF.pdf,yes,comments/A304143-A346074.md
A316643,31 August 2026,papers/6001-6500/6293-PROOF.pdf,yes,comments/A304143-A346074.md
A316688,31 August 2026,papers/9001-9500/9114-PROOF.pdf,yes,comments/A304143-A346074.md
A316689,31 August 2026,papers/8001-8500/8006-PROOF.pdf,yes,comments/A304143-A346074.md
A316690,31 August 2026,papers/7501-8000/7950-PROOF.pdf,yes,comments/A304143-A346074.md
A316691,31 August 2026,papers/6001-6500/6335-PROOF.pdf,yes,comments/A304143-A346074.md
A316692,31 August 2026,papers/4001-4500/4253-PROOF.pdf,yes,comments/A304143-A346074.md
A316735,31 August 2026,papers/6501-7000/6796-PROOF.pdf,yes,comments/A304143-A346074.md
A316736,31 August 2026,papers/5501-6000/5997-PROOF.pdf,yes,comments/A304143-A346074.md
A316752,31 August 2026,papers/6001-6500/6469-PROOF.pdf,yes,comments/A304143-A346074.md
A316753,31 August 2026,papers/3501-4000/3638-PROOF.pdf,yes,comments/A304143-A346074.md
A316803,31 August 2026,papers/8501-9000/8837-PROOF.pdf,yes,comments/A304143-A346074.md
A316804,31 August 2026,papers/8001-8500/8007-PROOF.pdf,yes,comments/A304143-A346074.md
A316805,31 August 2026,papers/5501-6000/5683-PROOF.pdf,yes,comments/A304143-A346074.md
A316810,31 August 2026,papers/8501-9000/8571-PROOF.pdf,yes,comments/A304143-A346074.md
A316811,31 August 2026,papers/6001-6500/6232-PROOF.pdf,yes,comments/A304143-A346074.md
A316817,31 August 2026,papers/7001-7500/7230-PROOF.pdf,yes,comments/A304143-A346074.md
A316818,31 August 2026,papers/4501-5000/4634-PROOF.pdf,yes,comments/A304143-A346074.md
A316871,31 August 2026,papers/6001-6500/6470-PROOF.pdf,yes,comments/A304143-A346074.md
A316872,31 August 2026,papers/3501-4000/3952-PROOF.pdf,yes,comments/A304143-A346074.md
A316878,31 August 2026,papers/6501-7000/6644-PROOF.pdf,yes,comments/A304143-A346074.md
A316879,31 August 2026,papers/3501-4000/3835-PROOF.pdf,yes,comments/A304143-A346074.md
A316920,31 August 2026,papers/6001-6500/6294-PROOF.pdf,yes,comments/A304143-A346074.md
A316921,31 August 2026,papers/4001-4500/4102-PROOF.pdf,yes,comments/A304143-A346074.md
A316927,31 August 2026,papers/6501-7000/6933-PROOF.pdf,yes,comments/A304143-A346074.md
A316928,31 August 2026,papers/4501-5000/4867-PROOF.pdf,yes,comments/A304143-A346074.md
A316948,31 August 2026,papers/8001-8500/8070-PROOF.pdf,yes,comments/A304143-A346074.md
A316949,31 August 2026,papers/6501-7000/6878-PROOF.pdf,yes,comments/A304143-A346074.md
A316950,31 August 2026,papers/4501-5000/4902-PROOF.pdf,yes,comments/A304143-A346074.md
A316955,31 August 2026,papers/8501-9000/8572-PROOF.pdf,yes,comments/A304143-A346074.md
A316956,31 August 2026,papers/6001-6500/6392-PROOF.pdf,yes,comments/A304143-A346074.md
A316999,31 August 2026,papers/7001-7500/7231-PROOF.pdf,yes,comments/A304143-A346074.md
A317000,31 August 2026,papers/4501-5000/4635-PROOF.pdf,yes,comments/A304143-A346074.md
A317006,31 August 2026,papers/6001-6500/6471-PROOF.pdf,yes,comments/A304143-A346074.md
A317007,31 August 2026,papers/3501-4000/3930-PROOF.pdf,yes,comments/A304143-A346074.md
A317031,31 August 2026,papers/6501-7000/6645-PROOF.pdf,yes,comments/A304143-A346074.md
A317032,31 August 2026,papers/3501-4000/3744-PROOF.pdf,yes,comments/A304143-A346074.md
A317038,31 August 2026,papers/6001-6500/6295-PROOF.pdf,yes,comments/A304143-A346074.md
A317039,31 August 2026,papers/4001-4500/4075-PROOF.pdf,yes,comments/A304143-A346074.md
A317067,31 August 2026,papers/7501-8000/7858-PROOF.pdf,yes,comments/A304143-A346074.md
A317068,31 August 2026,papers/6001-6500/6233-PROOF.pdf,yes,comments/A304143-A346074.md
A317069,31 August 2026,papers/4001-4500/4063-PROOF.pdf,yes,comments/A304143-A346074.md
A317113,31 August 2026,papers/7001-7500/7392-PROOF.pdf,yes,comments/A304143-A346074.md
A317114,31 August 2026,papers/4501-5000/4810-PROOF.pdf,yes,comments/A304143-A346074.md
A317120,31 August 2026,papers/6001-6500/6472-PROOF.pdf,yes,comments/A304143-A346074.md
A317121,31 August 2026,papers/3501-4000/3931-PROOF.pdf,yes,comments/A304143-A346074.md
A317148,31 August 2026,papers/6501-7000/6646-PROOF.pdf,yes,comments/A304143-A346074.md
A317155,31 August 2026,papers/6001-6500/6171-PROOF.pdf,yes,comments/A304143-A346074.md
A317217,31 August 2026,papers/7501-8000/7629-PROOF.pdf,yes,comments/A304143-A346074.md
A317218,31 August 2026,papers/5001-5500/5237-PROOF.pdf,yes,comments/A304143-A346074.md
A317225,31 August 2026,papers/7001-7500/7393-PROOF.pdf,yes,comments/A304143-A346074.md
A317226,31 August 2026,papers/5501-6000/5794-PROOF.pdf,yes,comments/A304143-A346074.md
A317233,31 August 2026,papers/6501-7000/6934-PROOF.pdf,yes,comments/A304143-A346074.md
A317234,31 August 2026,papers/3501-4000/3745-PROOF.pdf,yes,comments/A304143-A346074.md
A317261,31 August 2026,papers/6001-6500/6473-PROOF.pdf,yes,comments/A304143-A346074.md
A317371,31 August 2026,papers/6501-7000/6647-PROOF.pdf,yes,comments/A304143-A346074.md
A317372,31 August 2026,papers/4001-4500/4127-PROOF.pdf,yes,comments/A304143-A346074.md
A317378,31 August 2026,papers/8001-8500/8071-PROOF.pdf,yes,comments/A304143-A346074.md
A317379,31 August 2026,papers/5501-6000/5998-PROOF.pdf,yes,comments/A304143-A346074.md
A317380,31 August 2026,papers/4001-4500/4400-PROOF.pdf,yes,comments/A304143-A346074.md
A317425,31 August 2026,papers/4501-5000/4562-PROOF.pdf,yes,comments/A304143-A346074.md
A317431,31 August 2026,papers/5501-6000/5928-PROOF.pdf,yes,comments/A304143-A346074.md
A317453,31 August 2026,papers/6001-6500/6172-PROOF.pdf,yes,comments/A304143-A346074.md
A317460,31 August 2026,papers/7001-7500/7097-PROOF.pdf,yes,comments/A304143-A346074.md
A317461,31 August 2026,papers/5001-5500/5238-PROOF.pdf,yes,comments/A304143-A346074.md
A317512,31 August 2026,papers/9001-9500/9115-PROOF.pdf,yes,comments/A304143-A346074.md
A317513,31 August 2026,papers/9001-9500/9057-PROOF.pdf,yes,comments/A304143-A346074.md
A317514,31 August 2026,papers/7501-8000/7741-PROOF.pdf,yes,comments/A304143-A346074.md
A317515,31 August 2026,papers/6501-7000/6534-PROOF.pdf,yes,comments/A304143-A346074.md
A317516,31 August 2026,papers/4501-5000/4831-PROOF.pdf,yes,comments/A304143-A346074.md
A317520,31 August 2026,papers/8501-9000/8838-PROOF.pdf,yes,comments/A304143-A346074.md
A317521,31 August 2026,papers/8001-8500/8008-PROOF.pdf,yes,comments/A304143-A346074.md
A317522,31 August 2026,papers/5501-6000/5684-PROOF.pdf,yes,comments/A304143-A346074.md
A317560,31 August 2026,papers/8501-9000/8573-PROOF.pdf,yes,comments/A304143-A346074.md
A317561,31 August 2026,papers/6001-6500/6234-PROOF.pdf,yes,comments/A304143-A346074.md
A317567,31 August 2026,papers/7001-7500/7232-PROOF.pdf,yes,comments/A304143-A346074.md
A317568,31 August 2026,papers/4501-5000/4636-PROOF.pdf,yes,comments/A304143-A346074.md
A317599,31 August 2026,papers/6001-6500/6474-PROOF.pdf,yes,comments/A304143-A346074.md
A317600,31 August 2026,papers/3501-4000/3932-PROOF.pdf,yes,comments/A304143-A346074.md
A317606,31 August 2026,papers/6501-7000/6648-PROOF.pdf,yes,comments/A304143-A346074.md
A317607,31 August 2026,papers/3501-4000/3836-PROOF.pdf,yes,comments/A304143-A346074.md
A317692,31 August 2026,papers/6001-6500/6296-PROOF.pdf,yes,comments/A304143-A346074.md
A317693,31 August 2026,papers/4001-4500/4076-PROOF.pdf,yes,comments/A304143-A346074.md
A317728,31 August 2026,papers/8001-8500/8318-PROOF.pdf,yes,comments/A304143-A346074.md
A317729,31 August 2026,papers/8001-8500/8243-PROOF.pdf,yes,comments/A304143-A346074.md
A317730,31 August 2026,papers/5501-6000/5775-PROOF.pdf,yes,comments/A304143-A346074.md
A317731,31 August 2026,papers/4501-5000/4713-PROOF.pdf,yes,comments/A304143-A346074.md
A317735,31 August 2026,papers/8001-8500/8414-PROOF.pdf,yes,comments/A304143-A346074.md
A317736,31 August 2026,papers/7001-7500/7394-PROOF.pdf,yes,comments/A304143-A346074.md
A317737,31 August 2026,papers/5501-6000/5621-PROOF.pdf,yes,comments/A304143-A346074.md
A317738,31 August 2026,papers/4501-5000/4903-PROOF.pdf,yes,comments/A304143-A346074.md
A317739,31 August 2026,papers/3501-4000/3938-PROOF.pdf,yes,comments/A304143-A346074.md
A317759,31 August 2026,papers/8501-9000/8938-PROOF.pdf,yes,comments/A304143-A346074.md
A317760,31 August 2026,papers/8501-9000/8507-PROOF.pdf,yes,comments/A304143-A346074.md
A317761,31 August 2026,papers/8501-9000/8734-PROOF.pdf,yes,comments/A304143-A346074.md
A317762,31 August 2026,papers/7501-8000/7928-PROOF.pdf,yes,comments/A304143-A346074.md
A317763,31 August 2026,papers/7501-8000/7913-PROOF.pdf,yes,comments/A304143-A346074.md
A317767,31 August 2026,papers/8001-8500/8415-PROOF.pdf,yes,comments/A304143-A346074.md
A317768,31 August 2026,papers/6001-6500/6297-PROOF.pdf,yes,comments/A304143-A346074.md
A317769,31 August 2026,papers/6501-7000/6730-PROOF.pdf,yes,comments/A304143-A346074.md
A317770,31 August 2026,papers/4501-5000/4904-PROOF.pdf,yes,comments/A304143-A346074.md
A317771,31 August 2026,papers/3501-4000/3735-PROOF.pdf,yes,comments/A304143-A346074.md
A317809,31 August 2026,papers/8001-8500/8416-PROOF.pdf,yes,comments/A304143-A346074.md
A317810,31 August 2026,papers/6001-6500/6298-PROOF.pdf,yes,comments/A304143-A346074.md
A317811,31 August 2026,papers/4001-4500/4212-PROOF.pdf,yes,comments/A304143-A346074.md
A317817,31 August 2026,papers/8001-8500/8417-PROOF.pdf,yes,comments/A304143-A346074.md
A317818,31 August 2026,papers/6001-6500/6475-PROOF.pdf,yes,comments/A304143-A346074.md
A317819,31 August 2026,papers/4501-5000/4681-PROOF.pdf,yes,comments/A304143-A346074.md
A317857,31 August 2026,papers/7501-8000/7892-PROOF.pdf,yes,comments/A304143-A346074.md
A317858,31 August 2026,papers/5001-5500/5404-PROOF.pdf,yes,comments/A304143-A346074.md
A317866,31 August 2026,papers/6001-6500/6173-PROOF.pdf,yes,comments/A304143-A346074.md
A317890,31 August 2026,papers/8501-9000/8654-PROOF.pdf,yes,comments/A304143-A346074.md
A317891,31 August 2026,papers/6001-6500/6476-PROOF.pdf,yes,comments/A304143-A346074.md
A317892,31 August 2026,papers/4001-4500/4023-PROOF.pdf,yes,comments/A304143-A346074.md
A317898,31 August 2026,papers/5001-5500/5111-PROOF.pdf,yes,comments/A304143-A346074.md
A317899,31 August 2026,papers/3501-4000/3824-PROOF.pdf,yes,comments/A304143-A346074.md
A318010,31 August 2026,papers/8501-9000/8939-PROOF.pdf,yes,comments/A304143-A346074.md
A318011,31 August 2026,papers/7001-7500/7233-PROOF.pdf,yes,comments/A304143-A346074.md
A318012,31 August 2026,papers/5001-5500/5386-PROOF.pdf,yes,comments/A304143-A346074.md
A318013,31 August 2026,papers/3501-4000/3825-PROOF.pdf,yes,comments/A304143-A346074.md
A318018,31 August 2026,papers/8001-8500/8117-PROOF.pdf,yes,comments/A304143-A346074.md
A318019,31 August 2026,papers/6001-6500/6174-PROOF.pdf,yes,comments/A304143-A346074.md
A318020,31 August 2026,papers/3501-4000/3653-PROOF.pdf,yes,comments/A304143-A346074.md
A318031,31 August 2026,papers/8001-8500/8418-PROOF.pdf,yes,comments/A304143-A346074.md
A318032,31 August 2026,papers/5001-5500/5126-PROOF.pdf,yes,comments/A304143-A346074.md
A318039,31 August 2026,papers/8001-8500/8419-PROOF.pdf,yes,comments/A304143-A346074.md
A318040,31 August 2026,papers/5501-6000/5824-PROOF.pdf,yes,comments/A304143-A346074.md
A318062,31 August 2026,papers/8501-9000/8940-PROOF.pdf,yes,comments/A304143-A346074.md
A318063,31 August 2026,papers/7001-7500/7234-PROOF.pdf,yes,comments/A304143-A346074.md
A318064,31 August 2026,papers/4501-5000/4600-PROOF.pdf,yes,comments/A304143-A346074.md
A318070,31 August 2026,papers/8001-8500/8319-PROOF.pdf,yes,comments/A304143-A346074.md
A318071,31 August 2026,papers/6001-6500/6109-PROOF.pdf,yes,comments/A304143-A346074.md
A318072,31 August 2026,papers/5001-5500/5166-PROOF.pdf,yes,comments/A304143-A346074.md
A318073,31 August 2026,papers/3501-4000/3939-PROOF.pdf,yes,comments/A304143-A346074.md
A318077,31 August 2026,papers/5501-6000/5567-PROOF.pdf,yes,comments/A304143-A346074.md
A318086,31 August 2026,papers/5501-6000/5568-PROOF.pdf,yes,comments/A304143-A346074.md
A318093,31 August 2026,papers/6001-6500/6040-PROOF.pdf,yes,comments/A304143-A346074.md
A318209,31 August 2026,papers/4501-5000/4996-PROOF.pdf,yes,comments/A304143-A346074.md
A318217,31 August 2026,papers/7001-7500/7235-PROOF.pdf,yes,comments/A304143-A346074.md
A318218,31 August 2026,papers/4501-5000/4747-PROOF.pdf,yes,comments/A304143-A346074.md
A318338,31 August 2026,papers/8501-9000/8574-PROOF.pdf,yes,comments/A304143-A346074.md
A318339,31 August 2026,papers/7501-8000/7787-PROOF.pdf,yes,comments/A304143-A346074.md
A318340,31 August 2026,papers/6501-7000/6545-PROOF.pdf,yes,comments/A304143-A346074.md
A318341,31 August 2026,papers/5501-6000/5597-PROOF.pdf,yes,comments/A304143-A346074.md
A318342,31 August 2026,papers/4501-5000/4704-PROOF.pdf,yes,comments/A304143-A346074.md
A318345,31 August 2026,papers/6001-6500/6041-PROOF.pdf,yes,comments/A304143-A346074.md
A318346,31 August 2026,papers/4501-5000/4682-PROOF.pdf,yes,comments/A304143-A346074.md
A318419,31 August 2026,papers/3501-4000/3902-PROOF.pdf,yes,comments/A304143-A346074.md
A318425,31 August 2026,papers/6001-6500/6299-PROOF.pdf,yes,comments/A304143-A346074.md
A318426,31 August 2026,papers/4001-4500/4053-PROOF.pdf,yes,comments/A304143-A346074.md
A318540,31 August 2026,papers/8001-8500/8072-PROOF.pdf,yes,comments/A304143-A346074.md
A318541,31 August 2026,papers/6501-7000/6879-PROOF.pdf,yes,comments/A304143-A346074.md
A318542,31 August 2026,papers/5501-6000/5607-PROOF.pdf,yes,comments/A304143-A346074.md
A318543,31 August 2026,papers/4501-5000/4659-PROOF.pdf,yes,comments/A304143-A346074.md
A318544,31 August 2026,papers/3501-4000/3780-PROOF.pdf,yes,comments/A304143-A346074.md
A318547,31 August 2026,papers/5001-5500/5062-PROOF.pdf,yes,comments/A304143-A346074.md
A319371,26 August 2026,papers/9501-10000/9629-PROOF.pdf,yes,comments/A304143-A346074.md
A320352,25 August 2026,papers/0001-0500/0051-PROOF.pdf,yes,comments/A304143-A346074.md
A320359,31 August 2026,papers/6001-6500/6175-PROOF.pdf,yes,comments/A304143-A346074.md
A320360,31 August 2026,papers/3501-4000/3953-PROOF.pdf,yes,comments/A304143-A346074.md
A320366,31 August 2026,papers/9001-9500/9116-PROOF.pdf,yes,comments/A304143-A346074.md
A320367,31 August 2026,papers/7501-8000/7550-PROOF.pdf,yes,comments/A304143-A346074.md
A320368,31 August 2026,papers/5001-5500/5436-PROOF.pdf,yes,comments/A304143-A346074.md
A320397,31 August 2026,papers/7001-7500/7098-PROOF.pdf,yes,comments/A304143-A346074.md
A320398,31 August 2026,papers/4501-5000/4563-PROOF.pdf,yes,comments/A304143-A346074.md
A320404,31 August 2026,papers/5501-6000/5646-PROOF.pdf,yes,comments/A304143-A346074.md
A326100,31 August 2026,papers/7501-8000/7630-PROOF.pdf,yes,comments/A304143-A346074.md
A326101,31 August 2026,papers/5501-6000/5707-PROOF.pdf,yes,comments/A304143-A346074.md
A326102,31 August 2026,papers/3501-4000/3878-PROOF.pdf,yes,comments/A304143-A346074.md
A326160,31 August 2026,papers/5001-5500/5257-PROOF.pdf,yes,comments/A304143-A346074.md
A327123,25 August 2026,papers/0001-0500/0027-PROOF.pdf,yes,comments/A304143-A346074.md
A333905,25 August 2026,papers/10001-10500/10021-PROOF.pdf,yes,comments/A304143-A346074.md
A334509,26 August 2026,papers/9501-10000/9625-PROOF.pdf,yes,comments/A304143-A346074.md
A334511,25 August 2026,papers/10001-10500/10020-PROOF.pdf,yes,comments/A304143-A346074.md
A346074,25 August 2026,papers/9501-10000/9679-PROOF.pdf,yes,comments/A304143-A346074.md
A346370,26 August 2026,papers/9501-10000/9632-PROOF.pdf,yes,comments/A346370-A397241.md
A348410,30 August 2026,papers/9001-9500/9292-PROOF.pdf,yes,comments/A346370-A397241.md
A352117,25 August 2026,papers/0001-0500/0015-PROOF.pdf,yes,comments/A346370-A397241.md
A354242,25 August 2026,papers/0001-0500/0052-PROOF.pdf,yes,comments/A346370-A397241.md
A354253,25 August 2026,papers/0001-0500/0053-PROOF.pdf,yes,comments/A346370-A397241.md
A355409,25 August 2026,papers/0001-0500/0054-PROOF.pdf,yes,comments/A346370-A397241.md
A358272,25 August 2026,papers/0001-0500/0025-PROOF.pdf,yes,comments/A346370-A397241.md
A358319,25 August 2026,papers/0001-0500/0026-PROOF.pdf,yes,comments/A346370-A397241.md
A359643,30 August 2026,papers/9001-9500/9287-PROOF.pdf,yes,comments/A346370-A397241.md
A371753,30 August 2026,papers/9001-9500/9288-PROOF.pdf,yes,comments/A346370-A397241.md
A378575,31 August 2026,papers/0001-0500/0124-PROOF.pdf,yes,comments/A346370-A397241.md
A378576,31 August 2026,papers/0001-0500/0125-PROOF.pdf,yes,comments/A346370-A397241.md
A385252,25 August 2026,papers/9501-10000/9686-PROOF.pdf,yes,comments/A346370-A397241.md
A386830,30 August 2026,papers/9001-9500/9290-PROOF.pdf,yes,comments/A346370-A397241.md
A386834,26 August 2026,papers/10001-10500/10052-PROOF.pdf,no,comments/A346370-A397241.md
A389472,31 August 2026,papers/0001-0500/0126-PROOF.pdf,yes,comments/A346370-A397241.md
A392976,25 August 2026,papers/9001-9500/9325-PROOF.pdf,yes,comments/A346370-A397241.md
A393856,31 August 2026,papers/0001-0500/0127-PROOF.pdf,yes,comments/A346370-A397241.md
A393857,31 August 2026,papers/0001-0500/0128-PROOF.pdf,yes,comments/A346370-A397241.md
A393858,31 August 2026,papers/0001-0500/0129-PROOF.pdf,yes,comments/A346370-A397241.md
A393859,31 August 2026,papers/0001-0500/0130-PROOF.pdf,yes,comments/A346370-A397241.md
A395833,31 August 2026,papers/0001-0500/0131-PROOF.pdf,yes,comments/A346370-A397241.md
A396099,31 August 2026,papers/0001-0500/0132-PROOF.pdf,yes,comments/A346370-A397241.md
A396102,31 August 2026,papers/0001-0500/0133-PROOF.pdf,yes,comments/A346370-A397241.md
A396797,31 August 2026,papers/0001-0500/0134-PROOF.pdf,yes,comments/A346370-A397241.md
A396807,31 August 2026,papers/0001-0500/0135-PROOF.pdf,yes,comments/A346370-A397241.md
A397241,31 August 2026,papers/0001-0500/0136-PROOF.pdf,yes,comments/A346370-A397241.md
