rank,anum,verdict,engine,file
1,A063305,PROOF,quadratic,papers/00001-00500/00001-PROOF.pdf
2,A063337,PROOF,quadratic,papers/00001-00500/00002-PROOF.pdf
3,A063321,PROOF,quadratic,papers/00001-00500/00003-PROOF.pdf
4,A061002,PROOF,quadratic,papers/00001-00500/00004-PROOF.pdf
5,A129365,PROOF,quadratic,papers/00001-00500/00005-PROOF.pdf
6,A129454,PROOF,quadratic,papers/00001-00500/00006-PROOF.pdf
7,A092287,PROOF,quadratic,papers/00001-00500/00007-PROOF.pdf
8,A129364,PROOF,quadratic,papers/00001-00500/00008-PROOF.pdf
9,A036284,PROOF,quadratic,papers/00001-00500/00009-PROOF.pdf
10,A036284,PROOF,quadratic,papers/00001-00500/00010-PROOF.pdf
11,A037097,PROOF,quadratic,papers/00001-00500/00011-PROOF.pdf
12,A037096,PROOF,quadratic,papers/00001-00500/00012-PROOF.pdf
13,A059970,PROOF,quadratic,papers/00001-00500/00013-PROOF.pdf
14,A059970,PROOF,quadratic,papers/00001-00500/00014-PROOF.pdf
15,A352117,PROOF,quadratic,papers/00001-00500/00015-PROOF.pdf
16,A305404,PROOF,quadratic,papers/00001-00500/00016-PROOF.pdf
17,A062368,PROOF,quadratic,papers/00001-00500/00017-PROOF.pdf
18,A005329,PROOF,quadratic,papers/00001-00500/00018-PROOF.pdf
19,A000071,PROOF,quadratic,papers/00001-00500/00019-PROOF.pdf
20,A000139,PROOF,quadratic,papers/00001-00500/00020-PROOF.pdf
21,A000040,PROOF,quadratic,papers/00001-00500/00021-PROOF.pdf
22,A087726,PROOF,algfield,papers/00001-00500/00022-PROOF.pdf
23,A059324,PROOF,quadratic,papers/00001-00500/00023-PROOF.pdf
24,A047926,PROOF,quadratic,papers/00001-00500/00024-PROOF.pdf
25,A358272,PROOF,quadratic,papers/00001-00500/00025-PROOF.pdf
26,A358319,PROOF,quadratic,papers/00001-00500/00026-PROOF.pdf
27,A327123,PROOF,quadratic,papers/00001-00500/00027-PROOF.pdf
28,A000364,DISPROOF,quadratic,papers/00001-00500/00028-DISPROOF.pdf
29,A000040,DISPROOF,quadratic,papers/00001-00500/00029-DISPROOF.pdf
30,A008365,DISPROOF,quadratic,papers/00001-00500/00030-DISPROOF.pdf
31,A154145,PROOF,pell-triangular-square,papers/00001-00500/00031-PROOF.pdf
32,A063105,PROOF,cusp-form-dimension,papers/00001-00500/00032-PROOF.pdf
33,A063141,PROOF,cusp-form-dimension,papers/00001-00500/00033-PROOF.pdf
34,A063165,PROOF,cusp-form-dimension,papers/00001-00500/00034-PROOF.pdf
35,A154140,PROOF,pell-triangular-square,papers/00001-00500/00035-PROOF.pdf
36,A154141,PROOF,pell-triangular-square,papers/00001-00500/00036-PROOF.pdf
37,A154142,PROOF,pell-triangular-square,papers/00001-00500/00037-PROOF.pdf
38,A154143,PROOF,pell-triangular-square,papers/00001-00500/00038-PROOF.pdf
39,A154144,PROOF,pell-triangular-square,papers/00001-00500/00039-PROOF.pdf
40,A154148,PROOF,pell-triangular-square,papers/00001-00500/00040-PROOF.pdf
41,A154150,PROOF,pell-triangular-square,papers/00001-00500/00041-PROOF.pdf
42,A154151,PROOF,pell-triangular-square,papers/00001-00500/00042-PROOF.pdf
43,A154153,PROOF,pell-triangular-square,papers/00001-00500/00043-PROOF.pdf
44,A154154,PROOF,pell-triangular-square,papers/00001-00500/00044-PROOF.pdf
45,A063087,PROOF,cusp-form-dimension,papers/00001-00500/00045-PROOF.pdf
46,A063089,PROOF,cusp-form-dimension,papers/00001-00500/00046-PROOF.pdf
47,A063099,PROOF,cusp-form-dimension,papers/00001-00500/00047-PROOF.pdf
48,A063107,PROOF,cusp-form-dimension,papers/00001-00500/00048-PROOF.pdf
49,A063111,PROOF,cusp-form-dimension,papers/00001-00500/00049-PROOF.pdf
50,A063117,PROOF,cusp-form-dimension,papers/00001-00500/00050-PROOF.pdf
51,A063125,PROOF,cusp-form-dimension,papers/00001-00500/00051-PROOF.pdf
52,A063135,PROOF,cusp-form-dimension,papers/00001-00500/00052-PROOF.pdf
53,A063147,PROOF,cusp-form-dimension,papers/00001-00500/00053-PROOF.pdf
54,A063159,PROOF,cusp-form-dimension,papers/00001-00500/00054-PROOF.pdf
55,A063161,PROOF,cusp-form-dimension,papers/00001-00500/00055-PROOF.pdf
56,A063094,PROOF,cusp-form-dimension,papers/00001-00500/00056-PROOF.pdf
57,A063102,PROOF,cusp-form-dimension,papers/00001-00500/00057-PROOF.pdf
58,A063109,PROOF,cusp-form-dimension,papers/00001-00500/00058-PROOF.pdf
59,A063121,PROOF,cusp-form-dimension,papers/00001-00500/00059-PROOF.pdf
60,A063133,PROOF,cusp-form-dimension,papers/00001-00500/00060-PROOF.pdf
61,A063142,PROOF,cusp-form-dimension,papers/00001-00500/00061-PROOF.pdf
62,A063150,PROOF,cusp-form-dimension,papers/00001-00500/00062-PROOF.pdf
63,A063153,PROOF,cusp-form-dimension,papers/00001-00500/00063-PROOF.pdf
64,A063098,PROOF,cusp-form-dimension,papers/00001-00500/00064-PROOF.pdf
65,A063116,PROOF,cusp-form-dimension,papers/00001-00500/00065-PROOF.pdf
66,A063120,PROOF,cusp-form-dimension,papers/00001-00500/00066-PROOF.pdf
67,A063122,PROOF,cusp-form-dimension,papers/00001-00500/00067-PROOF.pdf
68,A063128,PROOF,cusp-form-dimension,papers/00001-00500/00068-PROOF.pdf
69,A063130,PROOF,cusp-form-dimension,papers/00001-00500/00069-PROOF.pdf
70,A063134,PROOF,cusp-form-dimension,papers/00001-00500/00070-PROOF.pdf
71,A063136,PROOF,cusp-form-dimension,papers/00001-00500/00071-PROOF.pdf
72,A063140,PROOF,cusp-form-dimension,papers/00001-00500/00072-PROOF.pdf
73,A063143,PROOF,cusp-form-dimension,papers/00001-00500/00073-PROOF.pdf
74,A063144,PROOF,cusp-form-dimension,papers/00001-00500/00074-PROOF.pdf
75,A063146,PROOF,cusp-form-dimension,papers/00001-00500/00075-PROOF.pdf
76,A063148,PROOF,cusp-form-dimension,papers/00001-00500/00076-PROOF.pdf
77,A063151,PROOF,cusp-form-dimension,papers/00001-00500/00077-PROOF.pdf
78,A063152,PROOF,cusp-form-dimension,papers/00001-00500/00078-PROOF.pdf
79,A063154,PROOF,cusp-form-dimension,papers/00001-00500/00079-PROOF.pdf
80,A063155,PROOF,cusp-form-dimension,papers/00001-00500/00080-PROOF.pdf
81,A063158,PROOF,cusp-form-dimension,papers/00001-00500/00081-PROOF.pdf
82,A063160,PROOF,cusp-form-dimension,papers/00001-00500/00082-PROOF.pdf
83,A063162,PROOF,cusp-form-dimension,papers/00001-00500/00083-PROOF.pdf
84,A063164,PROOF,cusp-form-dimension,papers/00001-00500/00084-PROOF.pdf
85,A063166,PROOF,cusp-form-dimension,papers/00001-00500/00085-PROOF.pdf
86,A000670,PROOF,quadratic,papers/00001-00500/00086-PROOF.pdf
87,A002050,PROOF,quadratic,papers/00001-00500/00087-PROOF.pdf
88,A004123,PROOF,quadratic,papers/00001-00500/00088-PROOF.pdf
89,A006531,PROOF,quadratic,papers/00001-00500/00089-PROOF.pdf
90,A052895,PROOF,quadratic,papers/00001-00500/00090-PROOF.pdf
91,A064618,PROOF,quadratic,papers/00001-00500/00091-PROOF.pdf
92,A079144,PROOF,stirling-phi,papers/00001-00500/00092-PROOF.pdf
93,A079144,PROOF,gauss-congruence,papers/00001-00500/00093-PROOF.pdf
94,A080253,PROOF,quadratic,papers/00001-00500/00094-PROOF.pdf
95,A158690,PROOF,stirling-phi,papers/00001-00500/00095-PROOF.pdf
96,A158690,PROOF,gauss-congruence,papers/00001-00500/00096-PROOF.pdf
97,A162314,PROOF,quadratic,papers/00001-00500/00097-PROOF.pdf
98,A167137,PROOF,quadratic,papers/00001-00500/00098-PROOF.pdf
99,A259533,PROOF,quadratic,papers/00001-00500/00099-PROOF.pdf
100,A301921,PROOF,quadratic,papers/00001-00500/00100-PROOF.pdf
101,A305550,PROOF,quadratic,papers/00001-00500/00101-PROOF.pdf
102,A306082,PROOF,quadratic,papers/00001-00500/00102-PROOF.pdf
103,A316142,PROOF,quadratic,papers/00001-00500/00103-PROOF.pdf
104,A316143,PROOF,quadratic,papers/00001-00500/00104-PROOF.pdf
105,A316144,PROOF,quadratic,papers/00001-00500/00105-PROOF.pdf
106,A320352,PROOF,quadratic,papers/00001-00500/00106-PROOF.pdf
107,A354242,PROOF,quadratic,papers/00001-00500/00107-PROOF.pdf
108,A354253,PROOF,quadratic,papers/00001-00500/00108-PROOF.pdf
109,A355409,PROOF,quadratic,papers/00001-00500/00109-PROOF.pdf
110,A211259,PROOF,symmetric-sum-zero,papers/00001-00500/00110-PROOF.pdf
111,A211714,PROOF,symmetric-sum-zero,papers/00001-00500/00111-PROOF.pdf
112,A211817,PROOF,symmetric-sum-zero,papers/00001-00500/00112-PROOF.pdf
113,A211553,PROOF,symmetric-sum-zero,papers/00001-00500/00113-PROOF.pdf
114,A211713,PROOF,symmetric-sum-zero,papers/00001-00500/00114-PROOF.pdf
115,A211816,PROOF,symmetric-sum-zero,papers/00001-00500/00115-PROOF.pdf
116,A211552,PROOF,symmetric-sum-zero,papers/00001-00500/00116-PROOF.pdf
117,A211470,PROOF,symmetric-sum-zero,papers/00001-00500/00117-PROOF.pdf
118,A211445,PROOF,symmetric-sum-zero,papers/00001-00500/00118-PROOF.pdf
119,A211258,PROOF,symmetric-sum-zero,papers/00001-00500/00119-PROOF.pdf
120,A211444,PROOF,symmetric-sum-zero,papers/00001-00500/00120-PROOF.pdf
121,A211257,PROOF,symmetric-sum-zero,papers/00001-00500/00121-PROOF.pdf
122,A211469,PROOF,symmetric-sum-zero,papers/00001-00500/00122-PROOF.pdf
123,A211820,PROOF,symmetric-sum-zero,papers/00001-00500/00123-PROOF.pdf
124,A211712,PROOF,symmetric-sum-zero,papers/00001-00500/00124-PROOF.pdf
125,A211333,PROOF,symmetric-sum-zero,papers/00001-00500/00125-PROOF.pdf
126,A211711,PROOF,symmetric-sum-zero,papers/00001-00500/00126-PROOF.pdf
127,A211815,PROOF,symmetric-sum-zero,papers/00001-00500/00127-PROOF.pdf
128,A211332,PROOF,symmetric-sum-zero,papers/00001-00500/00128-PROOF.pdf
129,A211556,PROOF,symmetric-sum-zero,papers/00001-00500/00129-PROOF.pdf
130,A211814,PROOF,symmetric-sum-zero,papers/00001-00500/00130-PROOF.pdf
131,A211494,PROOF,symmetric-sum-zero,papers/00001-00500/00131-PROOF.pdf
132,A211473,PROOF,symmetric-sum-zero,papers/00001-00500/00132-PROOF.pdf
133,A211551,PROOF,symmetric-sum-zero,papers/00001-00500/00133-PROOF.pdf
134,A211256,PROOF,symmetric-sum-zero,papers/00001-00500/00134-PROOF.pdf
135,A211550,PROOF,symmetric-sum-zero,papers/00001-00500/00135-PROOF.pdf
136,A211448,PROOF,symmetric-sum-zero,papers/00001-00500/00136-PROOF.pdf
137,A211468,PROOF,symmetric-sum-zero,papers/00001-00500/00137-PROOF.pdf
138,A211493,PROOF,symmetric-sum-zero,papers/00001-00500/00138-PROOF.pdf
139,A211467,PROOF,symmetric-sum-zero,papers/00001-00500/00139-PROOF.pdf
140,A211260,PROOF,symmetric-sum-zero,papers/00001-00500/00140-PROOF.pdf
141,A211443,PROOF,symmetric-sum-zero,papers/00001-00500/00141-PROOF.pdf
142,A211255,PROOF,symmetric-sum-zero,papers/00001-00500/00142-PROOF.pdf
143,A211335,PROOF,symmetric-sum-zero,papers/00001-00500/00143-PROOF.pdf
144,A211442,PROOF,symmetric-sum-zero,papers/00001-00500/00144-PROOF.pdf
145,A211254,PROOF,symmetric-sum-zero,papers/00001-00500/00145-PROOF.pdf
146,A211496,PROOF,symmetric-sum-zero,papers/00001-00500/00146-PROOF.pdf
147,A211336,PROOF,symmetric-sum-zero,papers/00001-00500/00147-PROOF.pdf
148,A211331,PROOF,symmetric-sum-zero,papers/00001-00500/00148-PROOF.pdf
149,A211330,PROOF,symmetric-sum-zero,papers/00001-00500/00149-PROOF.pdf
150,A211325,PROOF,symmetric-sum-zero,papers/00001-00500/00150-PROOF.pdf
151,A211326,PROOF,symmetric-sum-zero,papers/00001-00500/00151-PROOF.pdf
152,A211497,PROOF,symmetric-sum-zero,papers/00001-00500/00152-PROOF.pdf
153,A211334,PROOF,symmetric-sum-zero,papers/00001-00500/00153-PROOF.pdf
154,A283581,PROOF,automaton-axis,papers/00001-00500/00154-PROOF.pdf
155,A283582,PROOF,automaton-axis,papers/00001-00500/00155-PROOF.pdf
156,A283583,PROOF,automaton-axis,papers/00001-00500/00156-PROOF.pdf
157,A283584,PROOF,automaton-axis,papers/00001-00500/00157-PROOF.pdf
158,A211492,PROOF,symmetric-sum-zero,papers/00001-00500/00158-PROOF.pdf
159,A211116,PROOF,symmetric-sum-zero,papers/00001-00500/00159-PROOF.pdf
160,A211115,PROOF,symmetric-sum-zero,papers/00001-00500/00160-PROOF.pdf
161,A211495,PROOF,symmetric-sum-zero,papers/00001-00500/00161-PROOF.pdf
162,A211491,PROOF,symmetric-sum-zero,papers/00001-00500/00162-PROOF.pdf
163,A211328,PROOF,symmetric-sum-zero,papers/00001-00500/00163-PROOF.pdf
164,A267212,PROOF,automaton-block-count,papers/00001-00500/00164-PROOF.pdf
165,A267214,PROOF,automaton-block-count,papers/00001-00500/00165-PROOF.pdf
166,A267452,PROOF,automaton-block-count,papers/00001-00500/00166-PROOF.pdf
167,A267454,PROOF,automaton-block-count,papers/00001-00500/00167-PROOF.pdf
168,A267211,PROOF,automaton-block-count,papers/00001-00500/00168-PROOF.pdf
169,A267213,PROOF,automaton-block-count,papers/00001-00500/00169-PROOF.pdf
170,A267451,PROOF,automaton-block-count,papers/00001-00500/00170-PROOF.pdf
171,A267453,PROOF,automaton-block-count,papers/00001-00500/00171-PROOF.pdf
172,A211324,PROOF,symmetric-sum-zero,papers/00001-00500/00172-PROOF.pdf
173,A267159,PROOF,automaton-cell-count,papers/00001-00500/00173-PROOF.pdf
174,A267161,PROOF,automaton-cell-count,papers/00001-00500/00174-PROOF.pdf
175,A266615,PROOF,automaton-cell-count,papers/00001-00500/00175-PROOF.pdf
176,A266617,PROOF,automaton-cell-count,papers/00001-00500/00176-PROOF.pdf
177,A267153,PROOF,automaton-row,papers/00001-00500/00177-PROOF.pdf
178,A267154,PROOF,automaton-row,papers/00001-00500/00178-PROOF.pdf
179,A267293,PROOF,automaton-row,papers/00001-00500/00179-PROOF.pdf
180,A267294,PROOF,automaton-row,papers/00001-00500/00180-PROOF.pdf
181,A267854,PROOF,automaton-row,papers/00001-00500/00181-PROOF.pdf
182,A267855,PROOF,automaton-row,papers/00001-00500/00182-PROOF.pdf
183,A211117,PROOF,symmetric-sum-zero,papers/00001-00500/00183-PROOF.pdf
184,A265427,PROOF,automaton-row,papers/00001-00500/00184-PROOF.pdf
185,A267158,PROOF,automaton-cell-count,papers/00001-00500/00185-PROOF.pdf
186,A267160,PROOF,automaton-cell-count,papers/00001-00500/00186-PROOF.pdf
187,A266787,PROOF,automaton-row,papers/00001-00500/00187-PROOF.pdf
188,A266788,PROOF,automaton-row,papers/00001-00500/00188-PROOF.pdf
189,A267138,PROOF,automaton-row,papers/00001-00500/00189-PROOF.pdf
190,A267139,PROOF,automaton-row,papers/00001-00500/00190-PROOF.pdf
191,A266609,PROOF,automaton-row,papers/00001-00500/00191-PROOF.pdf
192,A266610,PROOF,automaton-row,papers/00001-00500/00192-PROOF.pdf
193,A266838,PROOF,automaton-row,papers/00001-00500/00193-PROOF.pdf
194,A266839,PROOF,automaton-row,papers/00001-00500/00194-PROOF.pdf
195,A267057,PROOF,automaton-row,papers/00001-00500/00195-PROOF.pdf
196,A267058,PROOF,automaton-row,papers/00001-00500/00196-PROOF.pdf
197,A267041,PROOF,automaton-row,papers/00001-00500/00197-PROOF.pdf
198,A267042,PROOF,automaton-row,papers/00001-00500/00198-PROOF.pdf
199,A266589,PROOF,automaton-row,papers/00001-00500/00199-PROOF.pdf
200,A266590,PROOF,automaton-row,papers/00001-00500/00200-PROOF.pdf
201,A266841,PROOF,automaton-row,papers/00001-00500/00201-PROOF.pdf
202,A266842,PROOF,automaton-row,papers/00001-00500/00202-PROOF.pdf
203,A266717,PROOF,automaton-row,papers/00001-00500/00203-PROOF.pdf
204,A266718,PROOF,automaton-row,papers/00001-00500/00204-PROOF.pdf
205,A267054,PROOF,automaton-row,papers/00001-00500/00205-PROOF.pdf
206,A267055,PROOF,automaton-row,papers/00001-00500/00206-PROOF.pdf
207,A267271,PROOF,automaton-row,papers/00001-00500/00207-PROOF.pdf
208,A267350,PROOF,automaton-row,papers/00001-00500/00208-PROOF.pdf
209,A267351,PROOF,automaton-row,papers/00001-00500/00209-PROOF.pdf
210,A266460,PROOF,automaton-row,papers/00001-00500/00210-PROOF.pdf
211,A266461,PROOF,automaton-row,papers/00001-00500/00211-PROOF.pdf
212,A266515,PROOF,automaton-row,papers/00001-00500/00212-PROOF.pdf
213,A266516,PROOF,automaton-row,papers/00001-00500/00213-PROOF.pdf
214,A266606,PROOF,automaton-row,papers/00001-00500/00214-PROOF.pdf
215,A266607,PROOF,automaton-row,papers/00001-00500/00215-PROOF.pdf
216,A266614,PROOF,automaton-cell-count,papers/00001-00500/00216-PROOF.pdf
217,A266616,PROOF,automaton-cell-count,papers/00001-00500/00217-PROOF.pdf
218,A266670,PROOF,automaton-row,papers/00001-00500/00218-PROOF.pdf
219,A266671,PROOF,automaton-row,papers/00001-00500/00219-PROOF.pdf
220,A266849,PROOF,automaton-row,papers/00001-00500/00220-PROOF.pdf
221,A266850,PROOF,automaton-row,papers/00001-00500/00221-PROOF.pdf
222,A266979,PROOF,automaton-row,papers/00001-00500/00222-PROOF.pdf
223,A266980,PROOF,automaton-row,papers/00001-00500/00223-PROOF.pdf
224,A267002,PROOF,automaton-row,papers/00001-00500/00224-PROOF.pdf
225,A267003,PROOF,automaton-row,papers/00001-00500/00225-PROOF.pdf
226,A279498,PROOF,automaton-axis,papers/00001-00500/00226-PROOF.pdf
227,A279499,PROOF,automaton-axis,papers/00001-00500/00227-PROOF.pdf
228,A279500,PROOF,automaton-axis,papers/00001-00500/00228-PROOF.pdf
229,A279501,PROOF,automaton-axis,papers/00001-00500/00229-PROOF.pdf
230,A279873,PROOF,automaton-axis,papers/00001-00500/00230-PROOF.pdf
231,A279874,PROOF,automaton-axis,papers/00001-00500/00231-PROOF.pdf
232,A279875,PROOF,automaton-axis,papers/00001-00500/00232-PROOF.pdf
233,A279876,PROOF,automaton-axis,papers/00001-00500/00233-PROOF.pdf
234,A281214,PROOF,automaton-axis,papers/00001-00500/00234-PROOF.pdf
235,A281215,PROOF,automaton-axis,papers/00001-00500/00235-PROOF.pdf
236,A281216,PROOF,automaton-axis,papers/00001-00500/00236-PROOF.pdf
237,A282482,PROOF,automaton-axis,papers/00001-00500/00237-PROOF.pdf
238,A282483,PROOF,automaton-axis,papers/00001-00500/00238-PROOF.pdf
239,A282484,PROOF,automaton-axis,papers/00001-00500/00239-PROOF.pdf
240,A282485,PROOF,automaton-axis,papers/00001-00500/00240-PROOF.pdf
241,A282607,PROOF,automaton-axis,papers/00001-00500/00241-PROOF.pdf
242,A282609,PROOF,automaton-axis,papers/00001-00500/00242-PROOF.pdf
243,A282653,PROOF,automaton-axis,papers/00001-00500/00243-PROOF.pdf
244,A282655,PROOF,automaton-axis,papers/00001-00500/00244-PROOF.pdf
245,A282915,PROOF,automaton-axis,papers/00001-00500/00245-PROOF.pdf
246,A282916,PROOF,automaton-axis,papers/00001-00500/00246-PROOF.pdf
247,A282917,PROOF,automaton-axis,papers/00001-00500/00247-PROOF.pdf
248,A282918,PROOF,automaton-axis,papers/00001-00500/00248-PROOF.pdf
249,A283214,PROOF,automaton-axis,papers/00001-00500/00249-PROOF.pdf
250,A283216,PROOF,automaton-axis,papers/00001-00500/00250-PROOF.pdf
251,A283217,PROOF,automaton-axis,papers/00001-00500/00251-PROOF.pdf
252,A284243,PROOF,automaton-axis,papers/00001-00500/00252-PROOF.pdf
253,A284244,PROOF,automaton-axis,papers/00001-00500/00253-PROOF.pdf
254,A284246,PROOF,automaton-axis,papers/00001-00500/00254-PROOF.pdf
255,A278753,PROOF,automaton-axis,papers/00001-00500/00255-PROOF.pdf
256,A278754,PROOF,automaton-axis,papers/00001-00500/00256-PROOF.pdf
257,A278755,PROOF,automaton-axis,papers/00001-00500/00257-PROOF.pdf
258,A278756,PROOF,automaton-axis,papers/00001-00500/00258-PROOF.pdf
259,A279877,PROOF,automaton-axis,papers/00001-00500/00259-PROOF.pdf
260,A279879,PROOF,automaton-axis,papers/00001-00500/00260-PROOF.pdf
261,A279880,PROOF,automaton-axis,papers/00001-00500/00261-PROOF.pdf
262,A282415,PROOF,automaton-axis,papers/00001-00500/00262-PROOF.pdf
263,A282416,PROOF,automaton-axis,papers/00001-00500/00263-PROOF.pdf
264,A282417,PROOF,automaton-axis,papers/00001-00500/00264-PROOF.pdf
265,A282418,PROOF,automaton-axis,papers/00001-00500/00265-PROOF.pdf
266,A285833,PROOF,automaton-axis,papers/00001-00500/00266-PROOF.pdf
267,A288662,PROOF,automaton-axis,papers/00001-00500/00267-PROOF.pdf
268,A265380,PROOF,automaton-column,papers/00001-00500/00268-PROOF.pdf
269,A211114,PROOF,symmetric-sum-zero,papers/00001-00500/00269-PROOF.pdf
270,A188789,PROOF,fixed-step-board-walk,papers/00001-00500/00270-PROOF.pdf
271,A266793,PROOF,automaton-cell-count,papers/00001-00500/00271-PROOF.pdf
272,A266795,PROOF,automaton-cell-count,papers/00001-00500/00272-PROOF.pdf
273,A267262,PROOF,automaton-cell-count,papers/00001-00500/00273-PROOF.pdf
274,A188788,PROOF,fixed-step-board-walk,papers/00001-00500/00274-PROOF.pdf
275,A266250,PROOF,automaton-cell-count,papers/00001-00500/00275-PROOF.pdf
276,A266252,PROOF,automaton-cell-count,papers/00001-00500/00276-PROOF.pdf
277,A266448,PROOF,automaton-cell-count,papers/00001-00500/00277-PROOF.pdf
278,A266450,PROOF,automaton-cell-count,papers/00001-00500/00278-PROOF.pdf
279,A188787,PROOF,fixed-step-board-walk,papers/00001-00500/00279-PROOF.pdf
280,A267047,PROOF,automaton-cell-count,papers/00001-00500/00280-PROOF.pdf
281,A267049,PROOF,automaton-cell-count,papers/00001-00500/00281-PROOF.pdf
282,A188786,PROOF,fixed-step-board-walk,papers/00001-00500/00282-PROOF.pdf
283,A265428,PROOF,automaton-cell-count,papers/00001-00500/00283-PROOF.pdf
284,A265430,PROOF,automaton-cell-count,papers/00001-00500/00284-PROOF.pdf
285,A266221,PROOF,automaton-cell-count,papers/00001-00500/00285-PROOF.pdf
286,A266223,PROOF,automaton-cell-count,papers/00001-00500/00286-PROOF.pdf
287,A266594,PROOF,automaton-cell-count,papers/00001-00500/00287-PROOF.pdf
288,A266596,PROOF,automaton-cell-count,papers/00001-00500/00288-PROOF.pdf
289,A266663,PROOF,automaton-cell-count,papers/00001-00500/00289-PROOF.pdf
290,A266665,PROOF,automaton-cell-count,papers/00001-00500/00290-PROOF.pdf
291,A188785,PROOF,fixed-step-board-walk,papers/00001-00500/00291-PROOF.pdf
292,A266257,PROOF,automaton-cell-count,papers/00001-00500/00292-PROOF.pdf
293,A266259,PROOF,automaton-cell-count,papers/00001-00500/00293-PROOF.pdf
294,A266438,PROOF,automaton-cell-count,papers/00001-00500/00294-PROOF.pdf
295,A266440,PROOF,automaton-cell-count,papers/00001-00500/00295-PROOF.pdf
296,A266723,PROOF,automaton-cell-count,papers/00001-00500/00296-PROOF.pdf
297,A266725,PROOF,automaton-cell-count,papers/00001-00500/00297-PROOF.pdf
298,A267353,PROOF,automaton-cell-count,papers/00001-00500/00298-PROOF.pdf
299,A278665,PROOF,automaton-axis,papers/00001-00500/00299-PROOF.pdf
300,A278667,PROOF,automaton-axis,papers/00001-00500/00300-PROOF.pdf
301,A282911,PROOF,automaton-axis,papers/00001-00500/00301-PROOF.pdf
302,A282912,PROOF,automaton-axis,papers/00001-00500/00302-PROOF.pdf
303,A282913,PROOF,automaton-axis,papers/00001-00500/00303-PROOF.pdf
304,A282914,PROOF,automaton-axis,papers/00001-00500/00304-PROOF.pdf
305,A284179,PROOF,automaton-axis,papers/00001-00500/00305-PROOF.pdf
306,A284180,PROOF,automaton-axis,papers/00001-00500/00306-PROOF.pdf
307,A284181,PROOF,automaton-axis,papers/00001-00500/00307-PROOF.pdf
308,A284182,PROOF,automaton-axis,papers/00001-00500/00308-PROOF.pdf
309,A284480,PROOF,automaton-axis,papers/00001-00500/00309-PROOF.pdf
310,A284481,PROOF,automaton-axis,papers/00001-00500/00310-PROOF.pdf
311,A284482,PROOF,automaton-axis,papers/00001-00500/00311-PROOF.pdf
312,A284540,PROOF,automaton-axis,papers/00001-00500/00312-PROOF.pdf
313,A284541,PROOF,automaton-axis,papers/00001-00500/00313-PROOF.pdf
314,A284542,PROOF,automaton-axis,papers/00001-00500/00314-PROOF.pdf
315,A284543,PROOF,automaton-axis,papers/00001-00500/00315-PROOF.pdf
316,A265225,PROOF,automaton-cell-count,papers/00001-00500/00316-PROOF.pdf
317,A265724,PROOF,automaton-cell-count,papers/00001-00500/00317-PROOF.pdf
318,A266287,PROOF,automaton-cell-count,papers/00001-00500/00318-PROOF.pdf
319,A266304,PROOF,automaton-cell-count,papers/00001-00500/00319-PROOF.pdf
320,A285543,PROOF,automaton-axis,papers/00001-00500/00320-PROOF.pdf
321,A290233,PROOF,automaton-axis,papers/00001-00500/00321-PROOF.pdf
322,A290413,PROOF,automaton-axis,papers/00001-00500/00322-PROOF.pdf
323,A290415,PROOF,automaton-axis,papers/00001-00500/00323-PROOF.pdf
324,A290526,PROOF,automaton-axis,papers/00001-00500/00324-PROOF.pdf
325,A290528,PROOF,automaton-axis,papers/00001-00500/00325-PROOF.pdf
326,A032098,PROOF,equate,papers/00001-00500/00326-PROOF.pdf
327,A259661,PROOF,automaton-column,papers/00001-00500/00327-PROOF.pdf
328,A211323,PROOF,symmetric-sum-zero,papers/00001-00500/00328-PROOF.pdf
329,A187170,PROOF,fixed-step-board-walk,papers/00001-00500/00329-PROOF.pdf
330,A187169,PROOF,fixed-step-board-walk,papers/00001-00500/00330-PROOF.pdf
331,A265284,PROOF,automaton-block-count,papers/00001-00500/00331-PROOF.pdf
332,A267459,PROOF,automaton-block-count,papers/00001-00500/00332-PROOF.pdf
333,A267461,PROOF,automaton-block-count,papers/00001-00500/00333-PROOF.pdf
334,A267529,PROOF,automaton-block-count,papers/00001-00500/00334-PROOF.pdf
335,A267531,PROOF,automaton-block-count,papers/00001-00500/00335-PROOF.pdf
336,A187168,PROOF,fixed-step-board-walk,papers/00001-00500/00336-PROOF.pdf
337,A266792,PROOF,automaton-cell-count,papers/00001-00500/00337-PROOF.pdf
338,A266794,PROOF,automaton-cell-count,papers/00001-00500/00338-PROOF.pdf
339,A267359,PROOF,automaton-row,papers/00001-00500/00339-PROOF.pdf
340,A267360,PROOF,automaton-row,papers/00001-00500/00340-PROOF.pdf
341,A187167,PROOF,fixed-step-board-walk,papers/00001-00500/00341-PROOF.pdf
342,A266249,PROOF,automaton-cell-count,papers/00001-00500/00342-PROOF.pdf
343,A266251,PROOF,automaton-cell-count,papers/00001-00500/00343-PROOF.pdf
344,A266447,PROOF,automaton-cell-count,papers/00001-00500/00344-PROOF.pdf
345,A266449,PROOF,automaton-cell-count,papers/00001-00500/00345-PROOF.pdf
346,A267526,PROOF,automaton-block-row,papers/00001-00500/00346-PROOF.pdf
347,A267677,PROOF,automaton-block-row,papers/00001-00500/00347-PROOF.pdf
348,A267678,PROOF,automaton-block-row,papers/00001-00500/00348-PROOF.pdf
349,A285647,PROOF,automaton-axis,papers/00001-00500/00349-PROOF.pdf
350,A285649,PROOF,automaton-axis,papers/00001-00500/00350-PROOF.pdf
351,A285775,PROOF,automaton-axis,papers/00001-00500/00351-PROOF.pdf
352,A285777,PROOF,automaton-axis,papers/00001-00500/00352-PROOF.pdf
353,A187166,PROOF,fixed-step-board-walk,papers/00001-00500/00353-PROOF.pdf
354,A263805,PROOF,automaton-block-row,papers/00001-00500/00354-PROOF.pdf
355,A263806,PROOF,automaton-block-row,papers/00001-00500/00355-PROOF.pdf
356,A267046,PROOF,automaton-cell-count,papers/00001-00500/00356-PROOF.pdf
357,A267048,PROOF,automaton-cell-count,papers/00001-00500/00357-PROOF.pdf
358,A267688,PROOF,automaton-block-row,papers/00001-00500/00358-PROOF.pdf
359,A267689,PROOF,automaton-block-row,papers/00001-00500/00359-PROOF.pdf
360,A286770,PROOF,automaton-axis,papers/00001-00500/00360-PROOF.pdf
361,A286772,PROOF,automaton-axis,papers/00001-00500/00361-PROOF.pdf
362,A287190,PROOF,automaton-axis,papers/00001-00500/00362-PROOF.pdf
363,A287192,PROOF,automaton-axis,papers/00001-00500/00363-PROOF.pdf
364,A187165,PROOF,fixed-step-board-walk,papers/00001-00500/00364-PROOF.pdf
365,A266220,PROOF,automaton-cell-count,papers/00001-00500/00365-PROOF.pdf
366,A266222,PROOF,automaton-cell-count,papers/00001-00500/00366-PROOF.pdf
367,A266593,PROOF,automaton-cell-count,papers/00001-00500/00367-PROOF.pdf
368,A266595,PROOF,automaton-cell-count,papers/00001-00500/00368-PROOF.pdf
369,A266660,PROOF,automaton-row,papers/00001-00500/00369-PROOF.pdf
370,A266661,PROOF,automaton-row,papers/00001-00500/00370-PROOF.pdf
371,A266662,PROOF,automaton-cell-count,papers/00001-00500/00371-PROOF.pdf
372,A266664,PROOF,automaton-cell-count,papers/00001-00500/00372-PROOF.pdf
373,A267274,PROOF,automaton-row,papers/00001-00500/00373-PROOF.pdf
374,A267456,PROOF,automaton-block-row,papers/00001-00500/00374-PROOF.pdf
375,A267457,PROOF,automaton-block-row,papers/00001-00500/00375-PROOF.pdf
376,A187164,PROOF,fixed-step-board-walk,papers/00001-00500/00376-PROOF.pdf
377,A266256,PROOF,automaton-cell-count,papers/00001-00500/00377-PROOF.pdf
378,A266258,PROOF,automaton-cell-count,papers/00001-00500/00378-PROOF.pdf
379,A266437,PROOF,automaton-cell-count,papers/00001-00500/00379-PROOF.pdf
380,A266439,PROOF,automaton-cell-count,papers/00001-00500/00380-PROOF.pdf
381,A266724,PROOF,automaton-cell-count,papers/00001-00500/00381-PROOF.pdf
382,A266984,PROOF,automaton-row,papers/00001-00500/00382-PROOF.pdf
383,A267352,PROOF,automaton-cell-count,papers/00001-00500/00383-PROOF.pdf
384,A267354,PROOF,automaton-cell-count,papers/00001-00500/00384-PROOF.pdf
385,A280371,PROOF,automaton-axis,papers/00001-00500/00385-PROOF.pdf
386,A280373,PROOF,automaton-axis,papers/00001-00500/00386-PROOF.pdf
387,A265722,PROOF,automaton-cell-count,papers/00001-00500/00387-PROOF.pdf
388,A265723,PROOF,automaton-cell-count,papers/00001-00500/00388-PROOF.pdf
389,A266073,PROOF,automaton-cell-count,papers/00001-00500/00389-PROOF.pdf
390,A266285,PROOF,automaton-cell-count,papers/00001-00500/00390-PROOF.pdf
391,A266286,PROOF,automaton-cell-count,papers/00001-00500/00391-PROOF.pdf
392,A266303,PROOF,automaton-cell-count,papers/00001-00500/00392-PROOF.pdf
393,A266872,PROOF,automaton-row,papers/00001-00500/00393-PROOF.pdf
394,A266873,PROOF,automaton-row,papers/00001-00500/00394-PROOF.pdf
395,A266981,PROOF,automaton-cell-count,papers/00001-00500/00395-PROOF.pdf
396,A267035,PROOF,automaton-row,papers/00001-00500/00396-PROOF.pdf
397,A267804,PROOF,automaton-row,papers/00001-00500/00397-PROOF.pdf
398,A267805,PROOF,automaton-row,papers/00001-00500/00398-PROOF.pdf
399,A285473,PROOF,automaton-axis,papers/00001-00500/00399-PROOF.pdf
400,A267680,PROOF,automaton-row,papers/00001-00500/00400-PROOF.pdf
401,A267681,PROOF,automaton-row,papers/00001-00500/00401-PROOF.pdf
402,A279028,PROOF,automaton-axis,papers/00001-00500/00402-PROOF.pdf
403,A279030,PROOF,automaton-axis,papers/00001-00500/00403-PROOF.pdf
404,A279118,PROOF,automaton-axis,papers/00001-00500/00404-PROOF.pdf
405,A279872,PROOF,automaton-axis,papers/00001-00500/00405-PROOF.pdf
406,A282004,PROOF,automaton-axis,papers/00001-00500/00406-PROOF.pdf
407,A282088,PROOF,automaton-axis,papers/00001-00500/00407-PROOF.pdf
408,A282121,PROOF,automaton-axis,papers/00001-00500/00408-PROOF.pdf
409,A282122,PROOF,automaton-axis,papers/00001-00500/00409-PROOF.pdf
410,A282123,PROOF,automaton-axis,papers/00001-00500/00410-PROOF.pdf
411,A282124,PROOF,automaton-axis,papers/00001-00500/00411-PROOF.pdf
412,A282142,PROOF,automaton-axis,papers/00001-00500/00412-PROOF.pdf
413,A282411,PROOF,automaton-axis,papers/00001-00500/00413-PROOF.pdf
414,A282413,PROOF,automaton-axis,papers/00001-00500/00414-PROOF.pdf
415,A282414,PROOF,automaton-axis,papers/00001-00500/00415-PROOF.pdf
416,A282451,PROOF,automaton-axis,papers/00001-00500/00416-PROOF.pdf
417,A282453,PROOF,automaton-axis,papers/00001-00500/00417-PROOF.pdf
418,A282454,PROOF,automaton-axis,papers/00001-00500/00418-PROOF.pdf
419,A282577,PROOF,automaton-axis,papers/00001-00500/00419-PROOF.pdf
420,A282579,PROOF,automaton-axis,papers/00001-00500/00420-PROOF.pdf
421,A282796,PROOF,automaton-axis,papers/00001-00500/00421-PROOF.pdf
422,A282797,PROOF,automaton-axis,papers/00001-00500/00422-PROOF.pdf
423,A282798,PROOF,automaton-axis,papers/00001-00500/00423-PROOF.pdf
424,A282799,PROOF,automaton-axis,papers/00001-00500/00424-PROOF.pdf
425,A282800,PROOF,automaton-axis,papers/00001-00500/00425-PROOF.pdf
426,A282801,PROOF,automaton-axis,papers/00001-00500/00426-PROOF.pdf
427,A282802,PROOF,automaton-axis,papers/00001-00500/00427-PROOF.pdf
428,A285644,PROOF,automaton-axis,papers/00001-00500/00428-PROOF.pdf
429,A285646,PROOF,automaton-axis,papers/00001-00500/00429-PROOF.pdf
430,A285778,PROOF,automaton-axis,papers/00001-00500/00430-PROOF.pdf
431,A288761,PROOF,automaton-axis,papers/00001-00500/00431-PROOF.pdf
432,A211710,PROOF,symmetric-sum-zero,papers/00001-00500/00432-PROOF.pdf
433,A211813,PROOF,symmetric-sum-zero,papers/00001-00500/00433-PROOF.pdf
434,A211549,PROOF,symmetric-sum-zero,papers/00001-00500/00434-PROOF.pdf
435,A211466,PROOF,symmetric-sum-zero,papers/00001-00500/00435-PROOF.pdf
436,A211253,PROOF,symmetric-sum-zero,papers/00001-00500/00436-PROOF.pdf
437,A211329,PROOF,symmetric-sum-zero,papers/00001-00500/00437-PROOF.pdf
438,A267156,PROOF,automaton-column,papers/00001-00500/00438-PROOF.pdf
439,A267157,PROOF,automaton-column,papers/00001-00500/00439-PROOF.pdf
440,A187303,PROOF,fixed-step-board-walk,papers/00001-00500/00440-PROOF.pdf
441,A187612,PROOF,fixed-step-board-walk,papers/00001-00500/00441-PROOF.pdf
442,A187051,PROOF,fixed-step-board-walk,papers/00001-00500/00442-PROOF.pdf
443,A187292,PROOF,fixed-step-board-walk,papers/00001-00500/00443-PROOF.pdf
444,A187302,PROOF,fixed-step-board-walk,papers/00001-00500/00444-PROOF.pdf
445,A187611,PROOF,fixed-step-board-walk,papers/00001-00500/00445-PROOF.pdf
446,A187050,PROOF,fixed-step-board-walk,papers/00001-00500/00446-PROOF.pdf
447,A187291,PROOF,fixed-step-board-walk,papers/00001-00500/00447-PROOF.pdf
448,A187301,PROOF,fixed-step-board-walk,papers/00001-00500/00448-PROOF.pdf
449,A187610,PROOF,fixed-step-board-walk,papers/00001-00500/00449-PROOF.pdf
450,A187861,PROOF,fixed-step-board-walk,papers/00001-00500/00450-PROOF.pdf
451,A266612,PROOF,automaton-column,papers/00001-00500/00451-PROOF.pdf
452,A266613,PROOF,automaton-column,papers/00001-00500/00452-PROOF.pdf
453,A187384,PROOF,fixed-step-board-walk,papers/00001-00500/00453-PROOF.pdf
454,A187515,PROOF,fixed-step-board-walk,papers/00001-00500/00454-PROOF.pdf
455,A188155,PROOF,fixed-step-board-walk,papers/00001-00500/00455-PROOF.pdf
456,A267044,PROOF,automaton-column,papers/00001-00500/00456-PROOF.pdf
457,A267045,PROOF,automaton-column,papers/00001-00500/00457-PROOF.pdf
458,A187049,PROOF,fixed-step-board-walk,papers/00001-00500/00458-PROOF.pdf
459,A187290,PROOF,fixed-step-board-walk,papers/00001-00500/00459-PROOF.pdf
460,A187300,PROOF,fixed-step-board-walk,papers/00001-00500/00460-PROOF.pdf
461,A187383,PROOF,fixed-step-board-walk,papers/00001-00500/00461-PROOF.pdf
462,A187514,PROOF,fixed-step-board-walk,papers/00001-00500/00462-PROOF.pdf
463,A187592,PROOF,fixed-step-board-walk,papers/00001-00500/00463-PROOF.pdf
464,A187609,PROOF,fixed-step-board-walk,papers/00001-00500/00464-PROOF.pdf
465,A187853,PROOF,fixed-step-board-walk,papers/00001-00500/00465-PROOF.pdf
466,A187860,PROOF,fixed-step-board-walk,papers/00001-00500/00466-PROOF.pdf
467,A188154,PROOF,fixed-step-board-walk,papers/00001-00500/00467-PROOF.pdf
468,A265283,PROOF,automaton-block-count,papers/00001-00500/00468-PROOF.pdf
469,A266592,PROOF,automaton-column,papers/00001-00500/00469-PROOF.pdf
470,A267458,PROOF,automaton-block-count,papers/00001-00500/00470-PROOF.pdf
471,A267460,PROOF,automaton-block-count,papers/00001-00500/00471-PROOF.pdf
472,A267530,PROOF,automaton-block-count,papers/00001-00500/00472-PROOF.pdf
473,A187161,PROOF,fixed-step-board-walk,papers/00001-00500/00473-PROOF.pdf
474,A187382,PROOF,fixed-step-board-walk,papers/00001-00500/00474-PROOF.pdf
475,A187591,PROOF,fixed-step-board-walk,papers/00001-00500/00475-PROOF.pdf
476,A188153,PROOF,fixed-step-board-walk,papers/00001-00500/00476-PROOF.pdf
477,A266219,PROOF,automaton-column,papers/00001-00500/00477-PROOF.pdf
478,A187029,PROOF,fixed-step-board-walk,papers/00001-00500/00478-PROOF.pdf
479,A187160,PROOF,fixed-step-board-walk,papers/00001-00500/00479-PROOF.pdf
480,A187289,PROOF,fixed-step-board-walk,papers/00001-00500/00480-PROOF.pdf
481,A187299,PROOF,fixed-step-board-walk,papers/00001-00500/00481-PROOF.pdf
482,A187381,PROOF,fixed-step-board-walk,papers/00001-00500/00482-PROOF.pdf
483,A187512,PROOF,fixed-step-board-walk,papers/00001-00500/00483-PROOF.pdf
484,A187590,PROOF,fixed-step-board-walk,papers/00001-00500/00484-PROOF.pdf
485,A187608,PROOF,fixed-step-board-walk,papers/00001-00500/00485-PROOF.pdf
486,A187852,PROOF,fixed-step-board-walk,papers/00001-00500/00486-PROOF.pdf
487,A187859,PROOF,fixed-step-board-walk,papers/00001-00500/00487-PROOF.pdf
488,A188152,PROOF,fixed-step-board-walk,papers/00001-00500/00488-PROOF.pdf
489,A187159,PROOF,fixed-step-board-walk,papers/00001-00500/00489-PROOF.pdf
490,A187380,PROOF,fixed-step-board-walk,papers/00001-00500/00490-PROOF.pdf
491,A187511,PROOF,fixed-step-board-walk,papers/00001-00500/00491-PROOF.pdf
492,A187589,PROOF,fixed-step-board-walk,papers/00001-00500/00492-PROOF.pdf
493,A188151,PROOF,fixed-step-board-walk,papers/00001-00500/00493-PROOF.pdf
494,A266975,PROOF,automaton-block-row,papers/00001-00500/00494-PROOF.pdf
495,A266976,PROOF,automaton-block-row,papers/00001-00500/00495-PROOF.pdf
496,A267051,PROOF,automaton-block-row,papers/00001-00500/00496-PROOF.pdf
497,A267052,PROOF,automaton-block-row,papers/00001-00500/00497-PROOF.pdf
498,A267882,PROOF,automaton-cell-count,papers/00001-00500/00498-PROOF.pdf
499,A290192,PROOF,automaton-axis,papers/00001-00500/00499-PROOF.pdf
500,A290194,PROOF,automaton-axis,papers/00001-00500/00500-PROOF.pdf
501,A290813,PROOF,automaton-axis,papers/00501-01000/00501-PROOF.pdf
502,A290828,PROOF,automaton-axis,papers/00501-01000/00502-PROOF.pdf
503,A187158,PROOF,fixed-step-board-walk,papers/00501-01000/00503-PROOF.pdf
504,A187288,PROOF,fixed-step-board-walk,papers/00501-01000/00504-PROOF.pdf
505,A187298,PROOF,fixed-step-board-walk,papers/00501-01000/00505-PROOF.pdf
506,A187607,PROOF,fixed-step-board-walk,papers/00501-01000/00506-PROOF.pdf
507,A187851,PROOF,fixed-step-board-walk,papers/00501-01000/00507-PROOF.pdf
508,A187858,PROOF,fixed-step-board-walk,papers/00501-01000/00508-PROOF.pdf
509,A188150,PROOF,fixed-step-board-walk,papers/00501-01000/00509-PROOF.pdf
510,A266844,PROOF,automaton-block-row,papers/00501-01000/00510-PROOF.pdf
511,A266846,PROOF,automaton-block-row,papers/00501-01000/00511-PROOF.pdf
512,A290073,PROOF,automaton-axis,papers/00501-01000/00512-PROOF.pdf
513,A187157,PROOF,fixed-step-board-walk,papers/00501-01000/00513-PROOF.pdf
514,A188149,PROOF,fixed-step-board-walk,papers/00501-01000/00514-PROOF.pdf
515,A290660,PROOF,automaton-axis,papers/00501-01000/00515-PROOF.pdf
516,A187156,PROOF,fixed-step-board-walk,papers/00501-01000/00516-PROOF.pdf
517,A267036,PROOF,automaton-row,papers/00501-01000/00517-PROOF.pdf
518,A263244,PROOF,automaton-row,papers/00501-01000/00518-PROOF.pdf
519,A263245,PROOF,automaton-row,papers/00501-01000/00519-PROOF.pdf
520,A267779,PROOF,automaton-row,papers/00501-01000/00520-PROOF.pdf
521,A267925,PROOF,automaton-row,papers/00501-01000/00521-PROOF.pdf
522,A267926,PROOF,automaton-row,papers/00501-01000/00522-PROOF.pdf
523,A277953,PROOF,automaton-axis,papers/00501-01000/00523-PROOF.pdf
524,A277954,PROOF,automaton-axis,papers/00501-01000/00524-PROOF.pdf
525,A279053,PROOF,automaton-axis,papers/00501-01000/00525-PROOF.pdf
526,A281146,PROOF,automaton-axis,papers/00501-01000/00526-PROOF.pdf
527,A282871,PROOF,automaton-axis,papers/00501-01000/00527-PROOF.pdf
528,A283348,PROOF,automaton-axis,papers/00501-01000/00528-PROOF.pdf
529,A283349,PROOF,automaton-axis,papers/00501-01000/00529-PROOF.pdf
530,A283350,PROOF,automaton-axis,papers/00501-01000/00530-PROOF.pdf
531,A283351,PROOF,automaton-axis,papers/00501-01000/00531-PROOF.pdf
532,A283352,PROOF,automaton-axis,papers/00501-01000/00532-PROOF.pdf
533,A283353,PROOF,automaton-axis,papers/00501-01000/00533-PROOF.pdf
534,A283356,PROOF,automaton-axis,papers/00501-01000/00534-PROOF.pdf
535,A283358,PROOF,automaton-axis,papers/00501-01000/00535-PROOF.pdf
536,A283648,PROOF,automaton-axis,papers/00501-01000/00536-PROOF.pdf
537,A284235,PROOF,automaton-axis,papers/00501-01000/00537-PROOF.pdf
538,A284236,PROOF,automaton-axis,papers/00501-01000/00538-PROOF.pdf
539,A284237,PROOF,automaton-axis,papers/00501-01000/00539-PROOF.pdf
540,A284238,PROOF,automaton-axis,papers/00501-01000/00540-PROOF.pdf
541,A285613,PROOF,automaton-axis,papers/00501-01000/00541-PROOF.pdf
542,A289099,PROOF,automaton-axis,papers/00501-01000/00542-PROOF.pdf
543,A289405,PROOF,automaton-axis,papers/00501-01000/00543-PROOF.pdf
544,A290074,PROOF,automaton-axis,papers/00501-01000/00544-PROOF.pdf
545,A290829,PROOF,automaton-axis,papers/00501-01000/00545-PROOF.pdf
546,A267705,PROOF,automaton-row,papers/00501-01000/00546-PROOF.pdf
547,A267774,PROOF,automaton-row,papers/00501-01000/00547-PROOF.pdf
548,A267780,PROOF,automaton-row,papers/00501-01000/00548-PROOF.pdf
549,A267816,PROOF,automaton-row,papers/00501-01000/00549-PROOF.pdf
550,A267775,PROOF,automaton-row,papers/00501-01000/00550-PROOF.pdf
551,A267812,PROOF,automaton-row,papers/00501-01000/00551-PROOF.pdf
552,A267815,PROOF,automaton-row,papers/00501-01000/00552-PROOF.pdf
553,A266072,PROOF,equate,papers/00501-01000/00553-PROOF.pdf
554,A267538,PROOF,automaton-column,papers/00501-01000/00554-PROOF.pdf
555,A267539,PROOF,automaton-column,papers/00501-01000/00555-PROOF.pdf
556,A266680,PROOF,automaton-column,papers/00501-01000/00556-PROOF.pdf
557,A267524,PROOF,automaton-column,papers/00501-01000/00557-PROOF.pdf
558,A267604,PROOF,automaton-column,papers/00501-01000/00558-PROOF.pdf
559,A267879,PROOF,automaton-column,papers/00501-01000/00559-PROOF.pdf
560,A267880,PROOF,automaton-column,papers/00501-01000/00560-PROOF.pdf
561,A267623,PROOF,automaton-column,papers/00501-01000/00561-PROOF.pdf
562,A267881,PROOF,automaton-cell-count,papers/00501-01000/00562-PROOF.pdf
563,A267873,PROOF,automaton-cell-count,papers/00501-01000/00563-PROOF.pdf
564,A290834,PROOF,automaton-axis,papers/00501-01000/00564-PROOF.pdf
565,A290836,PROOF,automaton-axis,papers/00501-01000/00565-PROOF.pdf
566,A267872,PROOF,automaton-cell-count,papers/00501-01000/00566-PROOF.pdf
567,A267876,PROOF,automaton-row,papers/00501-01000/00567-PROOF.pdf
568,A290680,PROOF,automaton-axis,papers/00501-01000/00568-PROOF.pdf
569,A290682,PROOF,automaton-axis,papers/00501-01000/00569-PROOF.pdf
570,A267885,PROOF,automaton-row,papers/00501-01000/00570-PROOF.pdf
571,A267886,PROOF,automaton-row,papers/00501-01000/00571-PROOF.pdf
572,A267934,PROOF,automaton-row,papers/00501-01000/00572-PROOF.pdf
573,A267935,PROOF,automaton-row,papers/00501-01000/00573-PROOF.pdf
574,A266327,PROOF,automaton-row,papers/00501-01000/00574-PROOF.pdf
575,A267535,PROOF,automaton-row,papers/00501-01000/00575-PROOF.pdf
576,A267536,PROOF,automaton-row,papers/00501-01000/00576-PROOF.pdf
577,A267595,PROOF,automaton-row,papers/00501-01000/00577-PROOF.pdf
578,A267614,PROOF,automaton-row,papers/00501-01000/00578-PROOF.pdf
579,A267801,PROOF,automaton-row,papers/00501-01000/00579-PROOF.pdf
580,A267802,PROOF,automaton-row,papers/00501-01000/00580-PROOF.pdf
581,A267846,PROOF,automaton-row,papers/00501-01000/00581-PROOF.pdf
582,A267847,PROOF,automaton-row,papers/00501-01000/00582-PROOF.pdf
583,A267850,PROOF,automaton-row,papers/00501-01000/00583-PROOF.pdf
584,A267851,PROOF,automaton-row,papers/00501-01000/00584-PROOF.pdf
585,A267887,PROOF,automaton-row,papers/00501-01000/00585-PROOF.pdf
586,A267888,PROOF,automaton-row,papers/00501-01000/00586-PROOF.pdf
587,A267889,PROOF,automaton-row,papers/00501-01000/00587-PROOF.pdf
588,A267890,PROOF,automaton-row,papers/00501-01000/00588-PROOF.pdf
589,A267937,PROOF,automaton-row,papers/00501-01000/00589-PROOF.pdf
590,A267938,PROOF,automaton-row,papers/00501-01000/00590-PROOF.pdf
591,A267940,PROOF,automaton-row,papers/00501-01000/00591-PROOF.pdf
592,A266752,PROOF,automaton-row,papers/00501-01000/00592-PROOF.pdf
593,A267777,PROOF,automaton-row,papers/00501-01000/00593-PROOF.pdf
594,A267920,PROOF,automaton-row,papers/00501-01000/00594-PROOF.pdf
595,A267921,PROOF,automaton-row,papers/00501-01000/00595-PROOF.pdf
596,A267924,PROOF,automaton-row,papers/00501-01000/00596-PROOF.pdf
597,A283591,PROOF,automaton-axis,papers/00501-01000/00597-PROOF.pdf
598,A262779,PROOF,automaton-row,papers/00501-01000/00598-PROOF.pdf
599,A266753,PROOF,automaton-row,papers/00501-01000/00599-PROOF.pdf
600,A267596,PROOF,automaton-row,papers/00501-01000/00600-PROOF.pdf
601,A267599,PROOF,automaton-row,papers/00501-01000/00601-PROOF.pdf
602,A267613,PROOF,automaton-row,papers/00501-01000/00602-PROOF.pdf
603,A267622,PROOF,automaton-row,papers/00501-01000/00603-PROOF.pdf
604,A267877,PROOF,automaton-row,papers/00501-01000/00604-PROOF.pdf
605,A267923,PROOF,automaton-row,papers/00501-01000/00605-PROOF.pdf
606,A267941,PROOF,automaton-row,papers/00501-01000/00606-PROOF.pdf
607,A267884,PROOF,automaton-cell-count,papers/00501-01000/00607-PROOF.pdf
608,A084703,PROOF,section,papers/00501-01000/00608-PROOF.pdf
609,A091713,PROOF,funceq-mod,papers/00501-01000/00609-PROOF.pdf
610,A111403,PROOF,section,papers/00501-01000/00610-PROOF.pdf
611,A124697,PROOF,circular-base-identity,papers/00501-01000/00611-PROOF.pdf
612,A124700,PROOF,circular-base-identity,papers/00501-01000/00612-PROOF.pdf
613,A124701,PROOF,circular-base-identity,papers/00501-01000/00613-PROOF.pdf
614,A124702,PROOF,circular-base-identity,papers/00501-01000/00614-PROOF.pdf
615,A124703,PROOF,circular-base-identity,papers/00501-01000/00615-PROOF.pdf
616,A124704,PROOF,circular-base-identity,papers/00501-01000/00616-PROOF.pdf
617,A124705,PROOF,circular-base-identity,papers/00501-01000/00617-PROOF.pdf
618,A124706,PROOF,circular-base-identity,papers/00501-01000/00618-PROOF.pdf
619,A124707,PROOF,circular-base-identity,papers/00501-01000/00619-PROOF.pdf
620,A124708,PROOF,circular-base-identity,papers/00501-01000/00620-PROOF.pdf
621,A124709,PROOF,circular-base-identity,papers/00501-01000/00621-PROOF.pdf
622,A124710,PROOF,circular-base-identity,papers/00501-01000/00622-PROOF.pdf
623,A124711,PROOF,circular-base-identity,papers/00501-01000/00623-PROOF.pdf
624,A124712,PROOF,circular-base-identity,papers/00501-01000/00624-PROOF.pdf
625,A124713,PROOF,circular-base-identity,papers/00501-01000/00625-PROOF.pdf
626,A124714,PROOF,circular-base-identity,papers/00501-01000/00626-PROOF.pdf
627,A124715,PROOF,circular-base-identity,papers/00501-01000/00627-PROOF.pdf
628,A124716,PROOF,circular-base-identity,papers/00501-01000/00628-PROOF.pdf
629,A124717,PROOF,circular-base-identity,papers/00501-01000/00629-PROOF.pdf
630,A124718,PROOF,circular-base-identity,papers/00501-01000/00630-PROOF.pdf
631,A124719,PROOF,circular-base-identity,papers/00501-01000/00631-PROOF.pdf
632,A124726,PROOF,circular-base-identity,papers/00501-01000/00632-PROOF.pdf
633,A124783,PROOF,circular-base-identity,papers/00501-01000/00633-PROOF.pdf
634,A124784,PROOF,circular-base-identity,papers/00501-01000/00634-PROOF.pdf
635,A124799,PROOF,circular-base-identity,papers/00501-01000/00635-PROOF.pdf
636,A124803,PROOF,circular-base-identity,papers/00501-01000/00636-PROOF.pdf
637,A124804,PROOF,circular-base-identity,papers/00501-01000/00637-PROOF.pdf
638,A124805,PROOF,circular-base-identity,papers/00501-01000/00638-PROOF.pdf
639,A124806,PROOF,circular-base-identity,papers/00501-01000/00639-PROOF.pdf
640,A124807,PROOF,circular-base-identity,papers/00501-01000/00640-PROOF.pdf
641,A124828,PROOF,circular-base-identity,papers/00501-01000/00641-PROOF.pdf
642,A124843,PROOF,circular-base-identity,papers/00501-01000/00642-PROOF.pdf
643,A124851,PROOF,circular-base-identity,papers/00501-01000/00643-PROOF.pdf
644,A124852,PROOF,circular-base-identity,papers/00501-01000/00644-PROOF.pdf
645,A124857,PROOF,circular-base-identity,papers/00501-01000/00645-PROOF.pdf
646,A124858,PROOF,circular-base-identity,papers/00501-01000/00646-PROOF.pdf
647,A124864,PROOF,circular-base-identity,papers/00501-01000/00647-PROOF.pdf
648,A124892,PROOF,circular-base-identity,papers/00501-01000/00648-PROOF.pdf
649,A124893,PROOF,circular-base-identity,papers/00501-01000/00649-PROOF.pdf
650,A124894,PROOF,circular-base-identity,papers/00501-01000/00650-PROOF.pdf
651,A124898,PROOF,circular-base-identity,papers/00501-01000/00651-PROOF.pdf
652,A124935,PROOF,circular-base-identity,papers/00501-01000/00652-PROOF.pdf
653,A124947,PROOF,circular-base-identity,papers/00501-01000/00653-PROOF.pdf
654,A124948,PROOF,circular-base-identity,papers/00501-01000/00654-PROOF.pdf
655,A124949,PROOF,circular-base-identity,papers/00501-01000/00655-PROOF.pdf
656,A124950,PROOF,circular-base-identity,papers/00501-01000/00656-PROOF.pdf
657,A124951,PROOF,circular-base-identity,papers/00501-01000/00657-PROOF.pdf
658,A124952,PROOF,circular-base-identity,papers/00501-01000/00658-PROOF.pdf
659,A124953,PROOF,circular-base-identity,papers/00501-01000/00659-PROOF.pdf
660,A124954,PROOF,circular-base-identity,papers/00501-01000/00660-PROOF.pdf
661,A124955,PROOF,circular-base-identity,papers/00501-01000/00661-PROOF.pdf
662,A124956,PROOF,circular-base-identity,papers/00501-01000/00662-PROOF.pdf
663,A124957,PROOF,circular-base-identity,papers/00501-01000/00663-PROOF.pdf
664,A124958,PROOF,circular-base-identity,papers/00501-01000/00664-PROOF.pdf
665,A124994,PROOF,circular-base-identity,papers/00501-01000/00665-PROOF.pdf
666,A124998,PROOF,circular-base-identity,papers/00501-01000/00666-PROOF.pdf
667,A125317,PROOF,circular-base-identity,papers/00501-01000/00667-PROOF.pdf
668,A125318,PROOF,circular-base-identity,papers/00501-01000/00668-PROOF.pdf
669,A125319,PROOF,circular-base-identity,papers/00501-01000/00669-PROOF.pdf
670,A125320,PROOF,circular-base-identity,papers/00501-01000/00670-PROOF.pdf
671,A125321,PROOF,circular-base-identity,papers/00501-01000/00671-PROOF.pdf
672,A125322,PROOF,circular-base-identity,papers/00501-01000/00672-PROOF.pdf
673,A125323,PROOF,circular-base-identity,papers/00501-01000/00673-PROOF.pdf
674,A125324,PROOF,circular-base-identity,papers/00501-01000/00674-PROOF.pdf
675,A125325,PROOF,circular-base-identity,papers/00501-01000/00675-PROOF.pdf
676,A125326,PROOF,circular-base-identity,papers/00501-01000/00676-PROOF.pdf
677,A125327,PROOF,circular-base-identity,papers/00501-01000/00677-PROOF.pdf
678,A125328,PROOF,circular-base-identity,papers/00501-01000/00678-PROOF.pdf
679,A125329,PROOF,circular-base-identity,papers/00501-01000/00679-PROOF.pdf
680,A125330,PROOF,circular-base-identity,papers/00501-01000/00680-PROOF.pdf
681,A125331,PROOF,circular-base-identity,papers/00501-01000/00681-PROOF.pdf
682,A125332,PROOF,circular-base-identity,papers/00501-01000/00682-PROOF.pdf
683,A125333,PROOF,circular-base-identity,papers/00501-01000/00683-PROOF.pdf
684,A125334,PROOF,circular-base-identity,papers/00501-01000/00684-PROOF.pdf
685,A125335,PROOF,circular-base-identity,papers/00501-01000/00685-PROOF.pdf
686,A125336,PROOF,circular-base-identity,papers/00501-01000/00686-PROOF.pdf
687,A125337,PROOF,circular-base-identity,papers/00501-01000/00687-PROOF.pdf
688,A125338,PROOF,circular-base-identity,papers/00501-01000/00688-PROOF.pdf
689,A125339,PROOF,circular-base-identity,papers/00501-01000/00689-PROOF.pdf
690,A125340,PROOF,circular-base-identity,papers/00501-01000/00690-PROOF.pdf
691,A125341,PROOF,circular-base-identity,papers/00501-01000/00691-PROOF.pdf
692,A125342,PROOF,circular-base-identity,papers/00501-01000/00692-PROOF.pdf
693,A125344,PROOF,circular-base-identity,papers/00501-01000/00693-PROOF.pdf
694,A125345,PROOF,circular-base-identity,papers/00501-01000/00694-PROOF.pdf
695,A125346,PROOF,circular-base-identity,papers/00501-01000/00695-PROOF.pdf
696,A125347,PROOF,circular-base-identity,papers/00501-01000/00696-PROOF.pdf
697,A125348,PROOF,circular-base-identity,papers/00501-01000/00697-PROOF.pdf
698,A125349,PROOF,circular-base-identity,papers/00501-01000/00698-PROOF.pdf
699,A125350,PROOF,circular-base-identity,papers/00501-01000/00699-PROOF.pdf
700,A125351,PROOF,circular-base-identity,papers/00501-01000/00700-PROOF.pdf
701,A125352,PROOF,circular-base-identity,papers/00501-01000/00701-PROOF.pdf
702,A125353,PROOF,circular-base-identity,papers/00501-01000/00702-PROOF.pdf
703,A125354,PROOF,circular-base-identity,papers/00501-01000/00703-PROOF.pdf
704,A125355,PROOF,circular-base-identity,papers/00501-01000/00704-PROOF.pdf
705,A125356,PROOF,circular-base-identity,papers/00501-01000/00705-PROOF.pdf
706,A125357,PROOF,circular-base-identity,papers/00501-01000/00706-PROOF.pdf
707,A125358,PROOF,circular-base-identity,papers/00501-01000/00707-PROOF.pdf
708,A125359,PROOF,circular-base-identity,papers/00501-01000/00708-PROOF.pdf
709,A125360,PROOF,circular-base-identity,papers/00501-01000/00709-PROOF.pdf
710,A125361,PROOF,circular-base-identity,papers/00501-01000/00710-PROOF.pdf
711,A125362,PROOF,circular-base-identity,papers/00501-01000/00711-PROOF.pdf
712,A125363,PROOF,circular-base-identity,papers/00501-01000/00712-PROOF.pdf
713,A125364,PROOF,circular-base-identity,papers/00501-01000/00713-PROOF.pdf
714,A125365,PROOF,circular-base-identity,papers/00501-01000/00714-PROOF.pdf
715,A125366,PROOF,circular-base-identity,papers/00501-01000/00715-PROOF.pdf
716,A125367,PROOF,circular-base-identity,papers/00501-01000/00716-PROOF.pdf
717,A125368,PROOF,circular-base-identity,papers/00501-01000/00717-PROOF.pdf
718,A125369,PROOF,circular-base-identity,papers/00501-01000/00718-PROOF.pdf
719,A125371,PROOF,circular-base-identity,papers/00501-01000/00719-PROOF.pdf
720,A125372,PROOF,circular-base-identity,papers/00501-01000/00720-PROOF.pdf
721,A125373,PROOF,circular-base-identity,papers/00501-01000/00721-PROOF.pdf
722,A125374,PROOF,circular-base-identity,papers/00501-01000/00722-PROOF.pdf
723,A125375,PROOF,circular-base-identity,papers/00501-01000/00723-PROOF.pdf
724,A125376,PROOF,circular-base-identity,papers/00501-01000/00724-PROOF.pdf
725,A125377,PROOF,circular-base-identity,papers/00501-01000/00725-PROOF.pdf
726,A125378,PROOF,circular-base-identity,papers/00501-01000/00726-PROOF.pdf
727,A125379,PROOF,circular-base-identity,papers/00501-01000/00727-PROOF.pdf
728,A125380,PROOF,circular-base-identity,papers/00501-01000/00728-PROOF.pdf
729,A125381,PROOF,circular-base-identity,papers/00501-01000/00729-PROOF.pdf
730,A125382,PROOF,circular-base-identity,papers/00501-01000/00730-PROOF.pdf
731,A125383,PROOF,circular-base-identity,papers/00501-01000/00731-PROOF.pdf
732,A125384,PROOF,circular-base-identity,papers/00501-01000/00732-PROOF.pdf
733,A125385,PROOF,circular-base-identity,papers/00501-01000/00733-PROOF.pdf
734,A125386,PROOF,circular-base-identity,papers/00501-01000/00734-PROOF.pdf
735,A125387,PROOF,circular-base-identity,papers/00501-01000/00735-PROOF.pdf
736,A125388,PROOF,circular-base-identity,papers/00501-01000/00736-PROOF.pdf
737,A125389,PROOF,circular-base-identity,papers/00501-01000/00737-PROOF.pdf
738,A125390,PROOF,circular-base-identity,papers/00501-01000/00738-PROOF.pdf
739,A125391,PROOF,circular-base-identity,papers/00501-01000/00739-PROOF.pdf
740,A125392,PROOF,circular-base-identity,papers/00501-01000/00740-PROOF.pdf
741,A125393,PROOF,circular-base-identity,papers/00501-01000/00741-PROOF.pdf
742,A125394,PROOF,circular-base-identity,papers/00501-01000/00742-PROOF.pdf
743,A125395,PROOF,circular-base-identity,papers/00501-01000/00743-PROOF.pdf
744,A125397,PROOF,circular-base-identity,papers/00501-01000/00744-PROOF.pdf
745,A125398,PROOF,circular-base-identity,papers/00501-01000/00745-PROOF.pdf
746,A125399,PROOF,circular-base-identity,papers/00501-01000/00746-PROOF.pdf
747,A125400,PROOF,circular-base-identity,papers/00501-01000/00747-PROOF.pdf
748,A125401,PROOF,circular-base-identity,papers/00501-01000/00748-PROOF.pdf
749,A125402,PROOF,circular-base-identity,papers/00501-01000/00749-PROOF.pdf
750,A125403,PROOF,circular-base-identity,papers/00501-01000/00750-PROOF.pdf
751,A125404,PROOF,circular-base-identity,papers/00501-01000/00751-PROOF.pdf
752,A125405,PROOF,circular-base-identity,papers/00501-01000/00752-PROOF.pdf
753,A125406,PROOF,circular-base-identity,papers/00501-01000/00753-PROOF.pdf
754,A125407,PROOF,circular-base-identity,papers/00501-01000/00754-PROOF.pdf
755,A125408,PROOF,circular-base-identity,papers/00501-01000/00755-PROOF.pdf
756,A125409,PROOF,circular-base-identity,papers/00501-01000/00756-PROOF.pdf
757,A125410,PROOF,circular-base-identity,papers/00501-01000/00757-PROOF.pdf
758,A125411,PROOF,circular-base-identity,papers/00501-01000/00758-PROOF.pdf
759,A125412,PROOF,circular-base-identity,papers/00501-01000/00759-PROOF.pdf
760,A125413,PROOF,circular-base-identity,papers/00501-01000/00760-PROOF.pdf
761,A125414,PROOF,circular-base-identity,papers/00501-01000/00761-PROOF.pdf
762,A125415,PROOF,circular-base-identity,papers/00501-01000/00762-PROOF.pdf
763,A125416,PROOF,circular-base-identity,papers/00501-01000/00763-PROOF.pdf
764,A125417,PROOF,circular-base-identity,papers/00501-01000/00764-PROOF.pdf
765,A125418,PROOF,circular-base-identity,papers/00501-01000/00765-PROOF.pdf
766,A125419,PROOF,circular-base-identity,papers/00501-01000/00766-PROOF.pdf
767,A125420,PROOF,circular-base-identity,papers/00501-01000/00767-PROOF.pdf
768,A125422,PROOF,circular-base-identity,papers/00501-01000/00768-PROOF.pdf
769,A125423,PROOF,circular-base-identity,papers/00501-01000/00769-PROOF.pdf
770,A125424,PROOF,circular-base-identity,papers/00501-01000/00770-PROOF.pdf
771,A125425,PROOF,circular-base-identity,papers/00501-01000/00771-PROOF.pdf
772,A125426,PROOF,circular-base-identity,papers/00501-01000/00772-PROOF.pdf
773,A125427,PROOF,circular-base-identity,papers/00501-01000/00773-PROOF.pdf
774,A125428,PROOF,circular-base-identity,papers/00501-01000/00774-PROOF.pdf
775,A125429,PROOF,circular-base-identity,papers/00501-01000/00775-PROOF.pdf
776,A125430,PROOF,circular-base-identity,papers/00501-01000/00776-PROOF.pdf
777,A125431,PROOF,circular-base-identity,papers/00501-01000/00777-PROOF.pdf
778,A125432,PROOF,circular-base-identity,papers/00501-01000/00778-PROOF.pdf
779,A125433,PROOF,circular-base-identity,papers/00501-01000/00779-PROOF.pdf
780,A125434,PROOF,circular-base-identity,papers/00501-01000/00780-PROOF.pdf
781,A125435,PROOF,circular-base-identity,papers/00501-01000/00781-PROOF.pdf
782,A125436,PROOF,circular-base-identity,papers/00501-01000/00782-PROOF.pdf
783,A125437,PROOF,circular-base-identity,papers/00501-01000/00783-PROOF.pdf
784,A125438,PROOF,circular-base-identity,papers/00501-01000/00784-PROOF.pdf
785,A125439,PROOF,circular-base-identity,papers/00501-01000/00785-PROOF.pdf
786,A125440,PROOF,circular-base-identity,papers/00501-01000/00786-PROOF.pdf
787,A125441,PROOF,circular-base-identity,papers/00501-01000/00787-PROOF.pdf
788,A125442,PROOF,circular-base-identity,papers/00501-01000/00788-PROOF.pdf
789,A125443,PROOF,circular-base-identity,papers/00501-01000/00789-PROOF.pdf
790,A125444,PROOF,circular-base-identity,papers/00501-01000/00790-PROOF.pdf
791,A125446,PROOF,circular-base-identity,papers/00501-01000/00791-PROOF.pdf
792,A125447,PROOF,circular-base-identity,papers/00501-01000/00792-PROOF.pdf
793,A125448,PROOF,circular-base-identity,papers/00501-01000/00793-PROOF.pdf
794,A125449,PROOF,circular-base-identity,papers/00501-01000/00794-PROOF.pdf
795,A125450,PROOF,circular-base-identity,papers/00501-01000/00795-PROOF.pdf
796,A125451,PROOF,circular-base-identity,papers/00501-01000/00796-PROOF.pdf
797,A125452,PROOF,circular-base-identity,papers/00501-01000/00797-PROOF.pdf
798,A125453,PROOF,circular-base-identity,papers/00501-01000/00798-PROOF.pdf
799,A125454,PROOF,circular-base-identity,papers/00501-01000/00799-PROOF.pdf
800,A125455,PROOF,circular-base-identity,papers/00501-01000/00800-PROOF.pdf
801,A125456,PROOF,circular-base-identity,papers/00501-01000/00801-PROOF.pdf
802,A125457,PROOF,circular-base-identity,papers/00501-01000/00802-PROOF.pdf
803,A125458,PROOF,circular-base-identity,papers/00501-01000/00803-PROOF.pdf
804,A125459,PROOF,circular-base-identity,papers/00501-01000/00804-PROOF.pdf
805,A125460,PROOF,circular-base-identity,papers/00501-01000/00805-PROOF.pdf
806,A125461,PROOF,circular-base-identity,papers/00501-01000/00806-PROOF.pdf
807,A125462,PROOF,circular-base-identity,papers/00501-01000/00807-PROOF.pdf
808,A125463,PROOF,circular-base-identity,papers/00501-01000/00808-PROOF.pdf
809,A125464,PROOF,circular-base-identity,papers/00501-01000/00809-PROOF.pdf
810,A125465,PROOF,circular-base-identity,papers/00501-01000/00810-PROOF.pdf
811,A125466,PROOF,circular-base-identity,papers/00501-01000/00811-PROOF.pdf
812,A125467,PROOF,circular-base-identity,papers/00501-01000/00812-PROOF.pdf
813,A125469,PROOF,circular-base-identity,papers/00501-01000/00813-PROOF.pdf
814,A125470,PROOF,circular-base-identity,papers/00501-01000/00814-PROOF.pdf
815,A125471,PROOF,circular-base-identity,papers/00501-01000/00815-PROOF.pdf
816,A125472,PROOF,circular-base-identity,papers/00501-01000/00816-PROOF.pdf
817,A125473,PROOF,circular-base-identity,papers/00501-01000/00817-PROOF.pdf
818,A125474,PROOF,circular-base-identity,papers/00501-01000/00818-PROOF.pdf
819,A125475,PROOF,circular-base-identity,papers/00501-01000/00819-PROOF.pdf
820,A125476,PROOF,circular-base-identity,papers/00501-01000/00820-PROOF.pdf
821,A125477,PROOF,circular-base-identity,papers/00501-01000/00821-PROOF.pdf
822,A125478,PROOF,circular-base-identity,papers/00501-01000/00822-PROOF.pdf
823,A125479,PROOF,circular-base-identity,papers/00501-01000/00823-PROOF.pdf
824,A125480,PROOF,circular-base-identity,papers/00501-01000/00824-PROOF.pdf
825,A125481,PROOF,circular-base-identity,papers/00501-01000/00825-PROOF.pdf
826,A125482,PROOF,circular-base-identity,papers/00501-01000/00826-PROOF.pdf
827,A125483,PROOF,circular-base-identity,papers/00501-01000/00827-PROOF.pdf
828,A125484,PROOF,circular-base-identity,papers/00501-01000/00828-PROOF.pdf
829,A125485,PROOF,circular-base-identity,papers/00501-01000/00829-PROOF.pdf
830,A125486,PROOF,circular-base-identity,papers/00501-01000/00830-PROOF.pdf
831,A125487,PROOF,circular-base-identity,papers/00501-01000/00831-PROOF.pdf
832,A125488,PROOF,circular-base-identity,papers/00501-01000/00832-PROOF.pdf
833,A125489,PROOF,circular-base-identity,papers/00501-01000/00833-PROOF.pdf
834,A126358,PROOF,linear-base-identity,papers/00501-01000/00834-PROOF.pdf
835,A126360,PROOF,linear-base-identity,papers/00501-01000/00835-PROOF.pdf
836,A126362,PROOF,linear-base-identity,papers/00501-01000/00836-PROOF.pdf
837,A126363,PROOF,linear-base-identity,papers/00501-01000/00837-PROOF.pdf
838,A126364,PROOF,linear-base-identity,papers/00501-01000/00838-PROOF.pdf
839,A126365,PROOF,linear-base-identity,papers/00501-01000/00839-PROOF.pdf
840,A126366,PROOF,linear-base-identity,papers/00501-01000/00840-PROOF.pdf
841,A126367,PROOF,linear-base-identity,papers/00501-01000/00841-PROOF.pdf
842,A126368,PROOF,linear-base-identity,papers/00501-01000/00842-PROOF.pdf
843,A126369,PROOF,linear-base-identity,papers/00501-01000/00843-PROOF.pdf
844,A126370,PROOF,linear-base-identity,papers/00501-01000/00844-PROOF.pdf
845,A126371,PROOF,linear-base-identity,papers/00501-01000/00845-PROOF.pdf
846,A126372,PROOF,linear-base-identity,papers/00501-01000/00846-PROOF.pdf
847,A126373,PROOF,linear-base-identity,papers/00501-01000/00847-PROOF.pdf
848,A126374,PROOF,linear-base-identity,papers/00501-01000/00848-PROOF.pdf
849,A126375,PROOF,linear-base-identity,papers/00501-01000/00849-PROOF.pdf
850,A126376,PROOF,linear-base-identity,papers/00501-01000/00850-PROOF.pdf
851,A126377,PROOF,linear-base-identity,papers/00501-01000/00851-PROOF.pdf
852,A126378,PROOF,linear-base-identity,papers/00501-01000/00852-PROOF.pdf
853,A126379,PROOF,linear-base-identity,papers/00501-01000/00853-PROOF.pdf
854,A126380,PROOF,linear-base-identity,papers/00501-01000/00854-PROOF.pdf
855,A126381,PROOF,linear-base-identity,papers/00501-01000/00855-PROOF.pdf
856,A126382,PROOF,linear-base-identity,papers/00501-01000/00856-PROOF.pdf
857,A126383,PROOF,linear-base-identity,papers/00501-01000/00857-PROOF.pdf
858,A126384,PROOF,linear-base-identity,papers/00501-01000/00858-PROOF.pdf
859,A126385,PROOF,linear-base-identity,papers/00501-01000/00859-PROOF.pdf
860,A126386,PROOF,linear-base-identity,papers/00501-01000/00860-PROOF.pdf
861,A126395,PROOF,linear-base-identity,papers/00501-01000/00861-PROOF.pdf
862,A126396,PROOF,linear-base-identity,papers/00501-01000/00862-PROOF.pdf
863,A126397,PROOF,linear-base-identity,papers/00501-01000/00863-PROOF.pdf
864,A126398,PROOF,linear-base-identity,papers/00501-01000/00864-PROOF.pdf
865,A126399,PROOF,linear-base-identity,papers/00501-01000/00865-PROOF.pdf
866,A126400,PROOF,linear-base-identity,papers/00501-01000/00866-PROOF.pdf
867,A126401,PROOF,linear-base-identity,papers/00501-01000/00867-PROOF.pdf
868,A126402,PROOF,linear-base-identity,papers/00501-01000/00868-PROOF.pdf
869,A126403,PROOF,linear-base-identity,papers/00501-01000/00869-PROOF.pdf
870,A126405,PROOF,linear-base-identity,papers/00501-01000/00870-PROOF.pdf
871,A126406,PROOF,linear-base-identity,papers/00501-01000/00871-PROOF.pdf
872,A126407,PROOF,linear-base-identity,papers/00501-01000/00872-PROOF.pdf
873,A126408,PROOF,linear-base-identity,papers/00501-01000/00873-PROOF.pdf
874,A126409,PROOF,linear-base-identity,papers/00501-01000/00874-PROOF.pdf
875,A126410,PROOF,linear-base-identity,papers/00501-01000/00875-PROOF.pdf
876,A126411,PROOF,linear-base-identity,papers/00501-01000/00876-PROOF.pdf
877,A126412,PROOF,linear-base-identity,papers/00501-01000/00877-PROOF.pdf
878,A126413,PROOF,linear-base-identity,papers/00501-01000/00878-PROOF.pdf
879,A126414,PROOF,linear-base-identity,papers/00501-01000/00879-PROOF.pdf
880,A126415,PROOF,linear-base-identity,papers/00501-01000/00880-PROOF.pdf
881,A126416,PROOF,linear-base-identity,papers/00501-01000/00881-PROOF.pdf
882,A126417,PROOF,linear-base-identity,papers/00501-01000/00882-PROOF.pdf
883,A126418,PROOF,linear-base-identity,papers/00501-01000/00883-PROOF.pdf
884,A126419,PROOF,linear-base-identity,papers/00501-01000/00884-PROOF.pdf
885,A126473,PROOF,linear-base-identity,papers/00501-01000/00885-PROOF.pdf
886,A126475,PROOF,linear-base-identity,papers/00501-01000/00886-PROOF.pdf
887,A126476,PROOF,linear-base-identity,papers/00501-01000/00887-PROOF.pdf
888,A126477,PROOF,linear-base-identity,papers/00501-01000/00888-PROOF.pdf
889,A126478,PROOF,linear-base-identity,papers/00501-01000/00889-PROOF.pdf
890,A126479,PROOF,linear-base-identity,papers/00501-01000/00890-PROOF.pdf
891,A126480,PROOF,linear-base-identity,papers/00501-01000/00891-PROOF.pdf
892,A126481,PROOF,linear-base-identity,papers/00501-01000/00892-PROOF.pdf
893,A126482,PROOF,linear-base-identity,papers/00501-01000/00893-PROOF.pdf
894,A126483,PROOF,linear-base-identity,papers/00501-01000/00894-PROOF.pdf
895,A126484,PROOF,linear-base-identity,papers/00501-01000/00895-PROOF.pdf
896,A126485,PROOF,linear-base-identity,papers/00501-01000/00896-PROOF.pdf
897,A126486,PROOF,linear-base-identity,papers/00501-01000/00897-PROOF.pdf
898,A126487,PROOF,linear-base-identity,papers/00501-01000/00898-PROOF.pdf
899,A126488,PROOF,linear-base-identity,papers/00501-01000/00899-PROOF.pdf
900,A126489,PROOF,linear-base-identity,papers/00501-01000/00900-PROOF.pdf
901,A126490,PROOF,linear-base-identity,papers/00501-01000/00901-PROOF.pdf
902,A126491,PROOF,linear-base-identity,papers/00501-01000/00902-PROOF.pdf
903,A126492,PROOF,linear-base-identity,papers/00501-01000/00903-PROOF.pdf
904,A126493,PROOF,linear-base-identity,papers/00501-01000/00904-PROOF.pdf
905,A126494,PROOF,linear-base-identity,papers/00501-01000/00905-PROOF.pdf
906,A126495,PROOF,linear-base-identity,papers/00501-01000/00906-PROOF.pdf
907,A126496,PROOF,linear-base-identity,papers/00501-01000/00907-PROOF.pdf
908,A126497,PROOF,linear-base-identity,papers/00501-01000/00908-PROOF.pdf
909,A126498,PROOF,linear-base-identity,papers/00501-01000/00909-PROOF.pdf
910,A126499,PROOF,linear-base-identity,papers/00501-01000/00910-PROOF.pdf
911,A126500,PROOF,linear-base-identity,papers/00501-01000/00911-PROOF.pdf
912,A126502,PROOF,linear-base-identity,papers/00501-01000/00912-PROOF.pdf
913,A126503,PROOF,linear-base-identity,papers/00501-01000/00913-PROOF.pdf
914,A126504,PROOF,linear-base-identity,papers/00501-01000/00914-PROOF.pdf
915,A126505,PROOF,linear-base-identity,papers/00501-01000/00915-PROOF.pdf
916,A126506,PROOF,linear-base-identity,papers/00501-01000/00916-PROOF.pdf
917,A126507,PROOF,linear-base-identity,papers/00501-01000/00917-PROOF.pdf
918,A126508,PROOF,linear-base-identity,papers/00501-01000/00918-PROOF.pdf
919,A126509,PROOF,linear-base-identity,papers/00501-01000/00919-PROOF.pdf
920,A126510,PROOF,linear-base-identity,papers/00501-01000/00920-PROOF.pdf
921,A126511,PROOF,linear-base-identity,papers/00501-01000/00921-PROOF.pdf
922,A126512,PROOF,linear-base-identity,papers/00501-01000/00922-PROOF.pdf
923,A126513,PROOF,linear-base-identity,papers/00501-01000/00923-PROOF.pdf
924,A126514,PROOF,linear-base-identity,papers/00501-01000/00924-PROOF.pdf
925,A126515,PROOF,linear-base-identity,papers/00501-01000/00925-PROOF.pdf
926,A126516,PROOF,linear-base-identity,papers/00501-01000/00926-PROOF.pdf
927,A126517,PROOF,linear-base-identity,papers/00501-01000/00927-PROOF.pdf
928,A126518,PROOF,linear-base-identity,papers/00501-01000/00928-PROOF.pdf
929,A126519,PROOF,linear-base-identity,papers/00501-01000/00929-PROOF.pdf
930,A126520,PROOF,linear-base-identity,papers/00501-01000/00930-PROOF.pdf
931,A126521,PROOF,linear-base-identity,papers/00501-01000/00931-PROOF.pdf
932,A126522,PROOF,linear-base-identity,papers/00501-01000/00932-PROOF.pdf
933,A126523,PROOF,linear-base-identity,papers/00501-01000/00933-PROOF.pdf
934,A126524,PROOF,linear-base-identity,papers/00501-01000/00934-PROOF.pdf
935,A126525,PROOF,linear-base-identity,papers/00501-01000/00935-PROOF.pdf
936,A126526,PROOF,linear-base-identity,papers/00501-01000/00936-PROOF.pdf
937,A126527,PROOF,linear-base-identity,papers/00501-01000/00937-PROOF.pdf
938,A126528,PROOF,linear-base-identity,papers/00501-01000/00938-PROOF.pdf
939,A126529,PROOF,linear-base-identity,papers/00501-01000/00939-PROOF.pdf
940,A126530,PROOF,linear-base-identity,papers/00501-01000/00940-PROOF.pdf
941,A126531,PROOF,linear-base-identity,papers/00501-01000/00941-PROOF.pdf
942,A126532,PROOF,linear-base-identity,papers/00501-01000/00942-PROOF.pdf
943,A126533,PROOF,linear-base-identity,papers/00501-01000/00943-PROOF.pdf
944,A126534,PROOF,linear-base-identity,papers/00501-01000/00944-PROOF.pdf
945,A126535,PROOF,linear-base-identity,papers/00501-01000/00945-PROOF.pdf
946,A126536,PROOF,linear-base-identity,papers/00501-01000/00946-PROOF.pdf
947,A126537,PROOF,linear-base-identity,papers/00501-01000/00947-PROOF.pdf
948,A126538,PROOF,linear-base-identity,papers/00501-01000/00948-PROOF.pdf
949,A126539,PROOF,linear-base-identity,papers/00501-01000/00949-PROOF.pdf
950,A126540,PROOF,linear-base-identity,papers/00501-01000/00950-PROOF.pdf
951,A126541,PROOF,linear-base-identity,papers/00501-01000/00951-PROOF.pdf
952,A126542,PROOF,linear-base-identity,papers/00501-01000/00952-PROOF.pdf
953,A126543,PROOF,linear-base-identity,papers/00501-01000/00953-PROOF.pdf
954,A126544,PROOF,linear-base-identity,papers/00501-01000/00954-PROOF.pdf
955,A126545,PROOF,linear-base-identity,papers/00501-01000/00955-PROOF.pdf
956,A126546,PROOF,linear-base-identity,papers/00501-01000/00956-PROOF.pdf
957,A126547,PROOF,linear-base-identity,papers/00501-01000/00957-PROOF.pdf
958,A126548,PROOF,linear-base-identity,papers/00501-01000/00958-PROOF.pdf
959,A126549,PROOF,linear-base-identity,papers/00501-01000/00959-PROOF.pdf
960,A126550,PROOF,linear-base-identity,papers/00501-01000/00960-PROOF.pdf
961,A126551,PROOF,linear-base-identity,papers/00501-01000/00961-PROOF.pdf
962,A126552,PROOF,linear-base-identity,papers/00501-01000/00962-PROOF.pdf
963,A126553,PROOF,linear-base-identity,papers/00501-01000/00963-PROOF.pdf
964,A155543,PROOF,section,papers/00501-01000/00964-PROOF.pdf
965,A196523,PROOF,funceq-mod,papers/00501-01000/00965-PROOF.pdf
966,A208545,PROOF,equate,papers/00501-01000/00966-PROOF.pdf
967,A227161,PROOF,equate,papers/00501-01000/00967-PROOF.pdf
968,A378575,PROOF,funceq-mod,papers/00501-01000/00968-PROOF.pdf
969,A378576,PROOF,funceq-mod,papers/00501-01000/00969-PROOF.pdf
970,A389472,PROOF,funceq-mod,papers/00501-01000/00970-PROOF.pdf
971,A393856,PROOF,funceq-mod,papers/00501-01000/00971-PROOF.pdf
972,A393857,PROOF,funceq-mod,papers/00501-01000/00972-PROOF.pdf
973,A393858,PROOF,funceq-mod,papers/00501-01000/00973-PROOF.pdf
974,A393859,PROOF,funceq-mod,papers/00501-01000/00974-PROOF.pdf
975,A395833,PROOF,funceq-mod,papers/00501-01000/00975-PROOF.pdf
976,A396099,PROOF,funceq-mod,papers/00501-01000/00976-PROOF.pdf
977,A396102,PROOF,funceq-mod,papers/00501-01000/00977-PROOF.pdf
978,A396797,PROOF,funceq-mod,papers/00501-01000/00978-PROOF.pdf
979,A396807,PROOF,funceq-mod,papers/00501-01000/00979-PROOF.pdf
980,A397241,PROOF,funceq-mod,papers/00501-01000/00980-PROOF.pdf
981,A251454,PROOF,order-recovery,papers/00501-01000/00981-PROOF.pdf
982,A251459,PROOF,table-order-recovery,papers/00501-01000/00982-PROOF.pdf
983,A237315,PROOF,table-order-recovery,papers/00501-01000/00983-PROOF.pdf
984,A234078,PROOF,order-recovery,papers/00501-01000/00984-PROOF.pdf
985,A237211,PROOF,table-order-recovery,papers/00501-01000/00985-PROOF.pdf
986,A250978,PROOF,order-recovery,papers/00501-01000/00986-PROOF.pdf
987,A237398,PROOF,table-order-recovery,papers/00501-01000/00987-PROOF.pdf
988,A200256,PROOF,lattice-quasipolynomial,papers/00501-01000/00988-PROOF.pdf
989,A251354,PROOF,order-recovery,papers/00501-01000/00989-PROOF.pdf
990,A251359,PROOF,table-order-recovery,papers/00501-01000/00990-PROOF.pdf
991,A236875,PROOF,table-order-recovery,papers/00501-01000/00991-PROOF.pdf
992,A237927,PROOF,table-order-recovery,papers/00501-01000/00992-PROOF.pdf
993,A237142,PROOF,table-order-recovery,papers/00501-01000/00993-PROOF.pdf
994,A222387,PROOF,image-count,papers/00501-01000/00994-PROOF.pdf
995,A234446,PROOF,order-recovery,papers/00501-01000/00995-PROOF.pdf
996,A236987,PROOF,table-order-recovery,papers/00501-01000/00996-PROOF.pdf
997,A251015,PROOF,order-recovery,papers/00501-01000/00997-PROOF.pdf
998,A234986,PROOF,order-recovery,papers/00501-01000/00998-PROOF.pdf
999,A233719,PROOF,order-recovery,papers/00501-01000/00999-PROOF.pdf
1000,A296112,PROOF,order-recovery,papers/00501-01000/01000-PROOF.pdf
1001,A300212,PROOF,order-recovery,papers/01001-01500/01001-PROOF.pdf
1002,A237225,PROOF,table-order-recovery,papers/01001-01500/01002-PROOF.pdf
1003,A237488,PROOF,table-order-recovery,papers/01001-01500/01003-PROOF.pdf
1004,A237308,PROOF,table-order-recovery,papers/01001-01500/01004-PROOF.pdf
1005,A234906,PROOF,order-recovery,papers/01001-01500/01005-PROOF.pdf
1006,A234911,PROOF,table-order-recovery,papers/01001-01500/01006-PROOF.pdf
1007,A251006,PROOF,order-recovery,papers/01001-01500/01007-PROOF.pdf
1008,A237809,PROOF,table-order-recovery,papers/01001-01500/01008-PROOF.pdf
1009,A236819,PROOF,table-order-recovery,papers/01001-01500/01009-PROOF.pdf
1010,A236746,PROOF,table-order-recovery,papers/01001-01500/01010-PROOF.pdf
1011,A236902,PROOF,table-order-recovery,papers/01001-01500/01011-PROOF.pdf
1012,A222149,PROOF,edge-maximum-image,papers/01001-01500/01012-PROOF.pdf
1013,A222039,PROOF,edge-maximum-image,papers/01001-01500/01013-PROOF.pdf
1014,A233729,PROOF,order-recovery,papers/01001-01500/01014-PROOF.pdf
1015,A264516,PROOF,order-recovery,papers/01001-01500/01015-PROOF.pdf
1016,A236828,PROOF,table-order-recovery,papers/01001-01500/01016-PROOF.pdf
1017,A251563,PROOF,order-recovery,papers/01001-01500/01017-PROOF.pdf
1018,A251567,PROOF,table-order-recovery,papers/01001-01500/01018-PROOF.pdf
1019,A236789,PROOF,table-order-recovery,papers/01001-01500/01019-PROOF.pdf
1020,A236798,PROOF,table-order-recovery,papers/01001-01500/01020-PROOF.pdf
1021,A220238,PROOF,image-count,papers/01001-01500/01021-PROOF.pdf
1022,A220283,PROOF,image-count,papers/01001-01500/01022-PROOF.pdf
1023,A263814,PROOF,order-recovery,papers/01001-01500/01023-PROOF.pdf
1024,A263962,PROOF,order-recovery,papers/01001-01500/01024-PROOF.pdf
1025,A233923,PROOF,order-recovery,papers/01001-01500/01025-PROOF.pdf
1026,A251397,PROOF,order-recovery,papers/01001-01500/01026-PROOF.pdf
1027,A251402,PROOF,table-order-recovery,papers/01001-01500/01027-PROOF.pdf
1028,A250923,PROOF,order-recovery,papers/01001-01500/01028-PROOF.pdf
1029,A236728,PROOF,table-order-recovery,papers/01001-01500/01029-PROOF.pdf
1030,A283723,PROOF,order-recovery,papers/01001-01500/01030-PROOF.pdf
1031,A234164,PROOF,order-recovery,papers/01001-01500/01031-PROOF.pdf
1032,A253375,PROOF,table-order-recovery,papers/01001-01500/01032-PROOF.pdf
1033,A251332,PROOF,order-recovery,papers/01001-01500/01033-PROOF.pdf
1034,A234339,PROOF,order-recovery,papers/01001-01500/01034-PROOF.pdf
1035,A234343,PROOF,table-order-recovery,papers/01001-01500/01035-PROOF.pdf
1036,A231705,PROOF,order-recovery,papers/01001-01500/01036-PROOF.pdf
1037,A231710,PROOF,table-order-recovery,papers/01001-01500/01037-PROOF.pdf
1038,A238311,PROOF,table-order-recovery,papers/01001-01500/01038-PROOF.pdf
1039,A298967,PROOF,order-recovery,papers/01001-01500/01039-PROOF.pdf
1040,A233712,PROOF,order-recovery,papers/01001-01500/01040-PROOF.pdf
1041,A250960,PROOF,order-recovery,papers/01001-01500/01041-PROOF.pdf
1042,A250965,PROOF,table-order-recovery,papers/01001-01500/01042-PROOF.pdf
1043,A237175,PROOF,table-order-recovery,papers/01001-01500/01043-PROOF.pdf
1044,A233660,PROOF,order-recovery,papers/01001-01500/01044-PROOF.pdf
1045,A184259,PROOF,lattice-quasipolynomial,papers/01001-01500/01045-PROOF.pdf
1046,A251303,PROOF,order-recovery,papers/01001-01500/01046-PROOF.pdf
1047,A251308,PROOF,table-order-recovery,papers/01001-01500/01047-PROOF.pdf
1048,A235073,PROOF,order-recovery,papers/01001-01500/01048-PROOF.pdf
1049,A235078,PROOF,table-order-recovery,papers/01001-01500/01049-PROOF.pdf
1050,A237481,PROOF,table-order-recovery,papers/01001-01500/01050-PROOF.pdf
1051,A283039,PROOF,order-recovery,papers/01001-01500/01051-PROOF.pdf
1052,A220972,PROOF,image-count,papers/01001-01500/01052-PROOF.pdf
1053,A233870,PROOF,order-recovery,papers/01001-01500/01053-PROOF.pdf
1054,A233875,PROOF,table-order-recovery,papers/01001-01500/01054-PROOF.pdf
1055,A253863,PROOF,table-order-recovery,papers/01001-01500/01055-PROOF.pdf
1056,A254491,PROOF,table-order-recovery,papers/01001-01500/01056-PROOF.pdf
1057,A235003,PROOF,order-recovery,papers/01001-01500/01057-PROOF.pdf
1058,A235007,PROOF,table-order-recovery,papers/01001-01500/01058-PROOF.pdf
1059,A230987,PROOF,chessboard-colour-class,papers/01001-01500/01059-PROOF.pdf
1060,A231069,PROOF,chessboard-colour-class,papers/01001-01500/01060-PROOF.pdf
1061,A264571,PROOF,index-change,papers/01001-01500/01061-PROOF.pdf
1062,A233945,PROOF,order-recovery,papers/01001-01500/01062-PROOF.pdf
1063,A250837,PROOF,order-recovery,papers/01001-01500/01063-PROOF.pdf
1064,A237150,PROOF,table-order-recovery,papers/01001-01500/01064-PROOF.pdf
1065,A237850,PROOF,table-order-recovery,papers/01001-01500/01065-PROOF.pdf
1066,A233899,PROOF,order-recovery,papers/01001-01500/01066-PROOF.pdf
1067,A264509,PROOF,order-recovery,papers/01001-01500/01067-PROOF.pdf
1068,A253985,PROOF,table-order-recovery,papers/01001-01500/01068-PROOF.pdf
1069,A233854,PROOF,order-recovery,papers/01001-01500/01069-PROOF.pdf
1070,A234425,PROOF,order-recovery,papers/01001-01500/01070-PROOF.pdf
1071,A234428,PROOF,table-order-recovery,papers/01001-01500/01071-PROOF.pdf
1072,A237099,PROOF,table-order-recovery,papers/01001-01500/01072-PROOF.pdf
1073,A237241,PROOF,table-order-recovery,papers/01001-01500/01073-PROOF.pdf
1074,A233641,PROOF,order-recovery,papers/01001-01500/01074-PROOF.pdf
1075,A253326,PROOF,table-order-recovery,papers/01001-01500/01075-PROOF.pdf
1076,A251207,PROOF,order-recovery,papers/01001-01500/01076-PROOF.pdf
1077,A229315,PROOF,image-count,papers/01001-01500/01077-PROOF.pdf
1078,A220529,PROOF,image-count,papers/01001-01500/01078-PROOF.pdf
1079,A200158,PROOF,lattice-quasipolynomial,papers/01001-01500/01079-PROOF.pdf
1080,A250930,PROOF,order-recovery,papers/01001-01500/01080-PROOF.pdf
1081,A237067,PROOF,table-order-recovery,papers/01001-01500/01081-PROOF.pdf
1082,A235021,PROOF,order-recovery,papers/01001-01500/01082-PROOF.pdf
1083,A220914,PROOF,image-count,papers/01001-01500/01083-PROOF.pdf
1084,A233630,PROOF,order-recovery,papers/01001-01500/01084-PROOF.pdf
1085,A236884,PROOF,table-order-recovery,papers/01001-01500/01085-PROOF.pdf
1086,A218176,PROOF,image-count,papers/01001-01500/01086-PROOF.pdf
1087,A235102,PROOF,order-recovery,papers/01001-01500/01087-PROOF.pdf
1088,A237076,PROOF,table-order-recovery,papers/01001-01500/01088-PROOF.pdf
1089,A236780,PROOF,table-order-recovery,papers/01001-01500/01089-PROOF.pdf
1090,A233975,PROOF,order-recovery,papers/01001-01500/01090-PROOF.pdf
1091,A251217,PROOF,order-recovery,papers/01001-01500/01091-PROOF.pdf
1092,A251266,PROOF,order-recovery,papers/01001-01500/01092-PROOF.pdf
1093,A234401,PROOF,order-recovery,papers/01001-01500/01093-PROOF.pdf
1094,A234405,PROOF,table-order-recovery,papers/01001-01500/01094-PROOF.pdf
1095,A251347,PROOF,order-recovery,papers/01001-01500/01095-PROOF.pdf
1096,A281804,PROOF,budget,papers/01001-01500/01096-PROOF.pdf
1097,A237167,PROOF,table-order-recovery,papers/01001-01500/01097-PROOF.pdf
1098,A236893,PROOF,table-order-recovery,papers/01001-01500/01098-PROOF.pdf
1099,A237340,PROOF,table-order-recovery,papers/01001-01500/01099-PROOF.pdf
1100,A220792,PROOF,image-count,papers/01001-01500/01100-PROOF.pdf
1101,A233887,PROOF,order-recovery,papers/01001-01500/01101-PROOF.pdf
1102,A279265,PROOF,budget,papers/01001-01500/01102-PROOF.pdf
1103,A237218,PROOF,table-order-recovery,papers/01001-01500/01103-PROOF.pdf
1104,A220920,PROOF,image-count,papers/01001-01500/01104-PROOF.pdf
1105,A220936,PROOF,image-count,papers/01001-01500/01105-PROOF.pdf
1106,A264417,PROOF,index-change,papers/01001-01500/01106-PROOF.pdf
1107,A237921,PROOF,table-order-recovery,papers/01001-01500/01107-PROOF.pdf
1108,A237472,PROOF,table-order-recovery,papers/01001-01500/01108-PROOF.pdf
1109,A264572,PROOF,order-recovery,papers/01001-01500/01109-PROOF.pdf
1110,A279154,PROOF,budget,papers/01001-01500/01110-PROOF.pdf
1111,A281984,PROOF,budget,papers/01001-01500/01111-PROOF.pdf
1112,A183956,PROOF,lattice-quasipolynomial,papers/01001-01500/01112-PROOF.pdf
1113,A280904,PROOF,budget,papers/01001-01500/01113-PROOF.pdf
1114,A232076,PROOF,table-order-recovery,papers/01001-01500/01114-PROOF.pdf
1115,A281161,PROOF,budget,papers/01001-01500/01115-PROOF.pdf
1116,A237945,PROOF,table-order-recovery,papers/01001-01500/01116-PROOF.pdf
1117,A279489,PROOF,budget,papers/01001-01500/01117-PROOF.pdf
1118,A237108,PROOF,table-order-recovery,papers/01001-01500/01118-PROOF.pdf
1119,A221995,PROOF,edge-maximum-image,papers/01001-01500/01119-PROOF.pdf
1120,A222148,PROOF,edge-maximum-image,papers/01001-01500/01120-PROOF.pdf
1121,A222038,PROOF,edge-maximum-image,papers/01001-01500/01121-PROOF.pdf
1122,A263971,PROOF,order-recovery,papers/01001-01500/01122-PROOF.pdf
1123,A237299,PROOF,table-order-recovery,papers/01001-01500/01123-PROOF.pdf
1124,A264268,PROOF,order-recovery,papers/01001-01500/01124-PROOF.pdf
1125,A234407,PROOF,order-recovery,papers/01001-01500/01125-PROOF.pdf
1126,A234412,PROOF,table-order-recovery,papers/01001-01500/01126-PROOF.pdf
1127,A251494,PROOF,order-recovery,papers/01001-01500/01127-PROOF.pdf
1128,A223336,PROOF,graph-array-lumped,papers/01001-01500/01128-PROOF.pdf
1129,A234892,PROOF,order-recovery,papers/01001-01500/01129-PROOF.pdf
1130,A234898,PROOF,table-order-recovery,papers/01001-01500/01130-PROOF.pdf
1131,A222023,PROOF,edge-maximum-image,papers/01001-01500/01131-PROOF.pdf
1132,A254390,PROOF,table-order-recovery,papers/01001-01500/01132-PROOF.pdf
1133,A238046,PROOF,table-order-recovery,papers/01001-01500/01133-PROOF.pdf
1134,A280809,PROOF,budget,papers/01001-01500/01134-PROOF.pdf
1135,A234545,PROOF,order-recovery,papers/01001-01500/01135-PROOF.pdf
1136,A251612,PROOF,order-recovery,papers/01001-01500/01136-PROOF.pdf
1137,A251616,PROOF,table-order-recovery,papers/01001-01500/01137-PROOF.pdf
1138,A251257,PROOF,order-recovery,papers/01001-01500/01138-PROOF.pdf
1139,A234998,PROOF,table-order-recovery,papers/01001-01500/01139-PROOF.pdf
1140,A222936,PROOF,image-count,papers/01001-01500/01140-PROOF.pdf
1141,A236737,PROOF,table-order-recovery,papers/01001-01500/01141-PROOF.pdf
1142,A264241,PROOF,index-change,papers/01001-01500/01142-PROOF.pdf
1143,A281762,PROOF,budget,papers/01001-01500/01143-PROOF.pdf
1144,A200255,PROOF,lattice-quasipolynomial,papers/01001-01500/01144-PROOF.pdf
1145,A264258,PROOF,index-change,papers/01001-01500/01145-PROOF.pdf
1146,A237898,PROOF,table-order-recovery,papers/01001-01500/01146-PROOF.pdf
1147,A220173,PROOF,image-count,papers/01001-01500/01147-PROOF.pdf
1148,A221663,PROOF,image-count,papers/01001-01500/01148-PROOF.pdf
1149,A264219,PROOF,index-change,papers/01001-01500/01149-PROOF.pdf
1150,A237911,PROOF,table-order-recovery,papers/01001-01500/01150-PROOF.pdf
1151,A229539,PROOF,defective,papers/01001-01500/01151-PROOF.pdf
1152,A281884,PROOF,budget,papers/01001-01500/01152-PROOF.pdf
1153,A234477,PROOF,order-recovery,papers/01001-01500/01153-PROOF.pdf
1154,A234481,PROOF,table-order-recovery,papers/01001-01500/01154-PROOF.pdf
1155,A220325,PROOF,image-count,papers/01001-01500/01155-PROOF.pdf
1156,A221664,PROOF,image-count,papers/01001-01500/01156-PROOF.pdf
1157,A235175,PROOF,table-order-recovery,papers/01001-01500/01157-PROOF.pdf
1158,A264880,PROOF,index-change,papers/01001-01500/01158-PROOF.pdf
1159,A282156,PROOF,budget,papers/01001-01500/01159-PROOF.pdf
1160,A237574,PROOF,table-order-recovery,papers/01001-01500/01160-PROOF.pdf
1161,A233678,PROOF,order-recovery,papers/01001-01500/01161-PROOF.pdf
1162,A280176,PROOF,budget,papers/01001-01500/01162-PROOF.pdf
1163,A279744,PROOF,budget,papers/01001-01500/01163-PROOF.pdf
1164,A234242,PROOF,order-recovery,papers/01001-01500/01164-PROOF.pdf
1165,A234245,PROOF,table-order-recovery,papers/01001-01500/01165-PROOF.pdf
1166,A220801,PROOF,image-count,papers/01001-01500/01166-PROOF.pdf
1167,A251469,PROOF,order-recovery,papers/01001-01500/01167-PROOF.pdf
1168,A251474,PROOF,table-order-recovery,papers/01001-01500/01168-PROOF.pdf
1169,A230938,PROOF,chessboard-colour-class,papers/01001-01500/01169-PROOF.pdf
1170,A230932,PROOF,chessboard-colour-class,papers/01001-01500/01170-PROOF.pdf
1171,A232391,PROOF,table-order-recovery,papers/01001-01500/01171-PROOF.pdf
1172,A264196,PROOF,index-change,papers/01001-01500/01172-PROOF.pdf
1173,A251296,PROOF,order-recovery,papers/01001-01500/01173-PROOF.pdf
1174,A281798,PROOF,budget,papers/01001-01500/01174-PROOF.pdf
1175,A233755,PROOF,table-order-recovery,papers/01001-01500/01175-PROOF.pdf
1176,A229516,PROOF,image-count,papers/01001-01500/01176-PROOF.pdf
1177,A280808,PROOF,budget,papers/01001-01500/01177-PROOF.pdf
1178,A279130,PROOF,budget,papers/01001-01500/01178-PROOF.pdf
1179,A222437,PROOF,edge-maximum-image,papers/01001-01500/01179-PROOF.pdf
1180,A255149,PROOF,table-order-recovery,papers/01001-01500/01180-PROOF.pdf
1181,A225313,PROOF,lattice-count,papers/01001-01500/01181-PROOF.pdf
1182,A236610,PROOF,table-order-recovery,papers/01001-01500/01182-PROOF.pdf
1183,A237007,PROOF,table-order-recovery,papers/01001-01500/01183-PROOF.pdf
1184,A251339,PROOF,order-recovery,papers/01001-01500/01184-PROOF.pdf
1185,A251442,PROOF,table-order-recovery,papers/01001-01500/01185-PROOF.pdf
1186,A281695,PROOF,budget,papers/01001-01500/01186-PROOF.pdf
1187,A234229,PROOF,order-recovery,papers/01001-01500/01187-PROOF.pdf
1188,A237182,PROOF,table-order-recovery,papers/01001-01500/01188-PROOF.pdf
1189,A235258,PROOF,table-order-recovery,papers/01001-01500/01189-PROOF.pdf
1190,A251801,PROOF,table-order-recovery,papers/01001-01500/01190-PROOF.pdf
1191,A235071,PROOF,table-order-recovery,papers/01001-01500/01191-PROOF.pdf
1192,A281767,PROOF,budget,papers/01001-01500/01192-PROOF.pdf
1193,A220534,PROOF,image-count,papers/01001-01500/01193-PROOF.pdf
1194,A184709,PROOF,lattice-quasipolynomial,papers/01001-01500/01194-PROOF.pdf
1195,A251175,PROOF,table-order-recovery,papers/01001-01500/01195-PROOF.pdf
1196,A229533,PROOF,defective,papers/01001-01500/01196-PROOF.pdf
1197,A279974,PROOF,budget,papers/01001-01500/01197-PROOF.pdf
1198,A237158,PROOF,table-order-recovery,papers/01001-01500/01198-PROOF.pdf
1199,A237538,PROOF,table-order-recovery,papers/01001-01500/01199-PROOF.pdf
1200,A222436,PROOF,edge-maximum-image,papers/01001-01500/01200-PROOF.pdf
1201,A280807,PROOF,budget,papers/01001-01500/01201-PROOF.pdf
1202,A222016,PROOF,occupancy-turn,papers/01001-01500/01202-PROOF.pdf
1203,A218594,PROOF,image-count,papers/01001-01500/01203-PROOF.pdf
1204,A237412,PROOF,table-order-recovery,papers/01001-01500/01204-PROOF.pdf
1205,A218191,PROOF,image-count,papers/01001-01500/01205-PROOF.pdf
1206,A218894,PROOF,image-count,papers/01001-01500/01206-PROOF.pdf
1207,A234152,PROOF,table-order-recovery,papers/01001-01500/01207-PROOF.pdf
1208,A220372,PROOF,image-count,papers/01001-01500/01208-PROOF.pdf
1209,A251158,PROOF,table-order-recovery,papers/01001-01500/01209-PROOF.pdf
1210,A264283,PROOF,index-change,papers/01001-01500/01210-PROOF.pdf
1211,A264334,PROOF,index-change,papers/01001-01500/01211-PROOF.pdf
1212,A264504,PROOF,index-change,papers/01001-01500/01212-PROOF.pdf
1213,A264567,PROOF,index-change,papers/01001-01500/01213-PROOF.pdf
1214,A264581,PROOF,index-change,papers/01001-01500/01214-PROOF.pdf
1215,A225315,PROOF,lattice-count,papers/01001-01500/01215-PROOF.pdf
1216,A264485,PROOF,index-change,papers/01001-01500/01216-PROOF.pdf
1217,A280310,PROOF,budget,papers/01001-01500/01217-PROOF.pdf
1218,A279802,PROOF,budget,papers/01001-01500/01218-PROOF.pdf
1219,A281328,PROOF,budget,papers/01001-01500/01219-PROOF.pdf
1220,A281030,PROOF,budget,papers/01001-01500/01220-PROOF.pdf
1221,A222445,PROOF,image-count,papers/01001-01500/01221-PROOF.pdf
1222,A279461,PROOF,budget,papers/01001-01500/01222-PROOF.pdf
1223,A264301,PROOF,index-change,papers/01001-01500/01223-PROOF.pdf
1224,A281248,PROOF,budget,papers/01001-01500/01224-PROOF.pdf
1225,A237082,PROOF,table-order-recovery,papers/01001-01500/01225-PROOF.pdf
1226,A235248,PROOF,table-order-recovery,papers/01001-01500/01226-PROOF.pdf
1227,A220575,PROOF,image-count,papers/01001-01500/01227-PROOF.pdf
1228,A234190,PROOF,table-order-recovery,papers/01001-01500/01228-PROOF.pdf
1229,A217980,PROOF,image-count,papers/01001-01500/01229-PROOF.pdf
1230,A234208,PROOF,table-order-recovery,papers/01001-01500/01230-PROOF.pdf
1231,A228982,PROOF,image-count,papers/01001-01500/01231-PROOF.pdf
1232,A251515,PROOF,table-order-recovery,papers/01001-01500/01232-PROOF.pdf
1233,A231128,PROOF,chessboard-colour-class,papers/01001-01500/01233-PROOF.pdf
1234,A279324,PROOF,budget,papers/01001-01500/01234-PROOF.pdf
1235,A279582,PROOF,budget,papers/01001-01500/01235-PROOF.pdf
1236,A221067,PROOF,image-count,papers/01001-01500/01236-PROOF.pdf
1237,A238180,PROOF,table-order-recovery,papers/01001-01500/01237-PROOF.pdf
1238,A184708,PROOF,lattice-quasipolynomial,papers/01001-01500/01238-PROOF.pdf
1239,A281079,PROOF,budget,papers/01001-01500/01239-PROOF.pdf
1240,A279531,PROOF,budget,papers/01001-01500/01240-PROOF.pdf
1241,A232839,PROOF,table-order-recovery,papers/01001-01500/01241-PROOF.pdf
1242,A237868,PROOF,table-order-recovery,papers/01001-01500/01242-PROOF.pdf
1243,A264252,PROOF,index-change,papers/01001-01500/01243-PROOF.pdf
1244,A279163,PROOF,budget,papers/01001-01500/01244-PROOF.pdf
1245,A222024,PROOF,edge-maximum-image,papers/01001-01500/01245-PROOF.pdf
1246,A264139,PROOF,index-change,papers/01001-01500/01246-PROOF.pdf
1247,A223325,PROOF,graph-array-lumped,papers/01001-01500/01247-PROOF.pdf
1248,A221305,PROOF,occupancy-image,papers/01001-01500/01248-PROOF.pdf
1249,A230986,PROOF,chessboard-colour-class,papers/01001-01500/01249-PROOF.pdf
1250,A200157,PROOF,lattice-quasipolynomial,papers/01001-01500/01250-PROOF.pdf
1251,A234672,PROOF,table-order-recovery,papers/01001-01500/01251-PROOF.pdf
1252,A234712,PROOF,table-order-recovery,papers/01001-01500/01252-PROOF.pdf
1253,A234982,PROOF,table-order-recovery,papers/01001-01500/01253-PROOF.pdf
1254,A220223,PROOF,image-count,papers/01001-01500/01254-PROOF.pdf
1255,A222435,PROOF,edge-maximum-image,papers/01001-01500/01255-PROOF.pdf
1256,A221994,PROOF,edge-maximum-image,papers/01001-01500/01256-PROOF.pdf
1257,A264362,PROOF,index-change,papers/01001-01500/01257-PROOF.pdf
1258,A282186,PROOF,budget,papers/01001-01500/01258-PROOF.pdf
1259,A282126,PROOF,budget,papers/01001-01500/01259-PROOF.pdf
1260,A264001,PROOF,index-change,papers/01001-01500/01260-PROOF.pdf
1261,A264204,PROOF,index-change,papers/01001-01500/01261-PROOF.pdf
1262,A229641,PROOF,defective,papers/01001-01500/01262-PROOF.pdf
1263,A220149,PROOF,min-filter-image,papers/01001-01500/01263-PROOF.pdf
1264,A219848,PROOF,min-filter-image,papers/01001-01500/01264-PROOF.pdf
1265,A280157,PROOF,budget,papers/01001-01500/01265-PROOF.pdf
1266,A220199,PROOF,min-filter-image,papers/01001-01500/01266-PROOF.pdf
1267,A220039,PROOF,min-filter-image,papers/01001-01500/01267-PROOF.pdf
1268,A219934,PROOF,min-filter-image,papers/01001-01500/01268-PROOF.pdf
1269,A220005,PROOF,min-filter-image,papers/01001-01500/01269-PROOF.pdf
1270,A219709,PROOF,min-filter-image,papers/01001-01500/01270-PROOF.pdf
1271,A283661,PROOF,budget,papers/01001-01500/01271-PROOF.pdf
1272,A218900,PROOF,image-count,papers/01001-01500/01272-PROOF.pdf
1273,A222432,PROOF,edge-maximum-image,papers/01001-01500/01273-PROOF.pdf
1274,A281078,PROOF,budget,papers/01001-01500/01274-PROOF.pdf
1275,A281560,PROOF,budget,papers/01001-01500/01275-PROOF.pdf
1276,A281761,PROOF,budget,papers/01001-01500/01276-PROOF.pdf
1277,A237511,PROOF,table-order-recovery,papers/01001-01500/01277-PROOF.pdf
1278,A184258,PROOF,lattice-quasipolynomial,papers/01001-01500/01278-PROOF.pdf
1279,A220456,PROOF,image-count,papers/01001-01500/01279-PROOF.pdf
1280,A222147,PROOF,edge-maximum-image,papers/01001-01500/01280-PROOF.pdf
1281,A222037,PROOF,edge-maximum-image,papers/01001-01500/01281-PROOF.pdf
1282,A263966,PROOF,index-change,papers/01001-01500/01282-PROOF.pdf
1283,A264282,PROOF,index-change,papers/01001-01500/01283-PROOF.pdf
1284,A264310,PROOF,index-change,papers/01001-01500/01284-PROOF.pdf
1285,A280806,PROOF,budget,papers/01001-01500/01285-PROOF.pdf
1286,A279264,PROOF,budget,papers/01001-01500/01286-PROOF.pdf
1287,A235239,PROOF,table-order-recovery,papers/01001-01500/01287-PROOF.pdf
1288,A234991,PROOF,table-order-recovery,papers/01001-01500/01288-PROOF.pdf
1289,A184707,PROOF,lattice-quasipolynomial,papers/01001-01500/01289-PROOF.pdf
1290,A229635,PROOF,defective,papers/01001-01500/01290-PROOF.pdf
1291,A219941,PROOF,min-filter-image,papers/01001-01500/01291-PROOF.pdf
1292,A219580,PROOF,min-filter-image,papers/01001-01500/01292-PROOF.pdf
1293,A220206,PROOF,min-filter-image,papers/01001-01500/01293-PROOF.pdf
1294,A220012,PROOF,min-filter-image,papers/01001-01500/01294-PROOF.pdf
1295,A219804,PROOF,min-filter-image,papers/01001-01500/01295-PROOF.pdf
1296,A263970,PROOF,index-change,papers/01001-01500/01296-PROOF.pdf
1297,A281160,PROOF,budget,papers/01001-01500/01297-PROOF.pdf
1298,A219437,PROOF,image-count,papers/01001-01500/01298-PROOF.pdf
1299,A280482,PROOF,budget,papers/01001-01500/01299-PROOF.pdf
1300,A219597,PROOF,min-filter-image,papers/01001-01500/01300-PROOF.pdf
1301,A281655,PROOF,budget,papers/01001-01500/01301-PROOF.pdf
1302,A219818,PROOF,min-filter-image,papers/01001-01500/01302-PROOF.pdf
1303,A219688,PROOF,min-filter-image,papers/01001-01500/01303-PROOF.pdf
1304,A231957,PROOF,table-order-recovery,papers/01001-01500/01304-PROOF.pdf
1305,A219917,PROOF,min-filter-image,papers/01001-01500/01305-PROOF.pdf
1306,A218646,PROOF,image-count,papers/01001-01500/01306-PROOF.pdf
1307,A263817,PROOF,index-change,papers/01001-01500/01307-PROOF.pdf
1308,A264109,PROOF,index-change,papers/01001-01500/01308-PROOF.pdf
1309,A197230,DISPROOF,disproof,papers/01001-01500/01309-DISPROOF.pdf
1310,A279738,PROOF,budget,papers/01001-01500/01310-PROOF.pdf
1311,A281077,PROOF,budget,papers/01001-01500/01311-PROOF.pdf
1312,A232677,PROOF,table-order-recovery,papers/01001-01500/01312-PROOF.pdf
1313,A218367,PROOF,image-count,papers/01001-01500/01313-PROOF.pdf
1314,A218201,PROOF,image-count,papers/01001-01500/01314-PROOF.pdf
1315,A202257,PROOF,lattice-quasipolynomial,papers/01001-01500/01315-PROOF.pdf
1316,A220795,PROOF,image-count,papers/01001-01500/01316-PROOF.pdf
1317,A281135,PROOF,budget,papers/01001-01500/01317-PROOF.pdf
1318,A225314,PROOF,lattice-count,papers/01001-01500/01318-PROOF.pdf
1319,A280280,PROOF,budget,papers/01001-01500/01319-PROOF.pdf
1320,A279973,PROOF,budget,papers/01001-01500/01320-PROOF.pdf
1321,A281559,PROOF,budget,papers/01001-01500/01321-PROOF.pdf
1322,A237965,PROOF,table-order-recovery,papers/01001-01500/01322-PROOF.pdf
1323,A279979,PROOF,budget,papers/01001-01500/01323-PROOF.pdf
1324,A219423,PROOF,image-count,papers/01001-01500/01324-PROOF.pdf
1325,A207102,PROOF,lattice-quasipolynomial,papers/01001-01500/01325-PROOF.pdf
1326,A200254,PROOF,lattice-quasipolynomial,papers/01001-01500/01326-PROOF.pdf
1327,A281399,PROOF,budget,papers/01001-01500/01327-PROOF.pdf
1328,A281125,PROOF,budget,papers/01001-01500/01328-PROOF.pdf
1329,A264212,PROOF,index-change,papers/01001-01500/01329-PROOF.pdf
1330,A218081,PROOF,image-count,papers/01001-01500/01330-PROOF.pdf
1331,A217633,PROOF,image-count,papers/01001-01500/01331-PROOF.pdf
1332,A229101,PROOF,image-count,papers/01001-01500/01332-PROOF.pdf
1333,A281535,PROOF,budget,papers/01001-01500/01333-PROOF.pdf
1334,A280230,PROOF,budget,papers/01001-01500/01334-PROOF.pdf
1335,A279524,PROOF,budget,papers/01001-01500/01335-PROOF.pdf
1336,A263965,PROOF,index-change,papers/01001-01500/01336-PROOF.pdf
1337,A220382,PROOF,image-count,papers/01001-01500/01337-PROOF.pdf
1338,A279153,PROOF,budget,papers/01001-01500/01338-PROOF.pdf
1339,A199709,PROOF,lattice-quasipolynomial,papers/01001-01500/01339-PROOF.pdf
1340,A200061,PROOF,lattice-quasipolynomial,papers/01001-01500/01340-PROOF.pdf
1341,A199851,PROOF,lattice-quasipolynomial,papers/01001-01500/01341-PROOF.pdf
1342,A183955,PROOF,lattice-quasipolynomial,papers/01001-01500/01342-PROOF.pdf
1343,A220316,PROOF,image-count,papers/01001-01500/01343-PROOF.pdf
1344,A220339,PROOF,image-count,papers/01001-01500/01344-PROOF.pdf
1345,A220387,PROOF,image-count,papers/01001-01500/01345-PROOF.pdf
1346,A254821,PROOF,partial-sum-divisibility,papers/01001-01500/01346-PROOF.pdf
1347,A254825,PROOF,partial-sum-divisibility,papers/01001-01500/01347-PROOF.pdf
1348,A254820,PROOF,partial-sum-divisibility,papers/01001-01500/01348-PROOF.pdf
1349,A254822,PROOF,partial-sum-divisibility,papers/01001-01500/01349-PROOF.pdf
1350,A254826,PROOF,partial-sum-divisibility,papers/01001-01500/01350-PROOF.pdf
1351,A222105,PROOF,edge-maximum-image,papers/01001-01500/01351-PROOF.pdf
1352,A281398,PROOF,budget,papers/01001-01500/01352-PROOF.pdf
1353,A229604,PROOF,defective,papers/01001-01500/01353-PROOF.pdf
1354,A280213,PROOF,budget,papers/01001-01500/01354-PROOF.pdf
1355,A253544,PROOF,table-order-recovery,papers/01001-01500/01355-PROOF.pdf
1356,A253871,PROOF,table-order-recovery,papers/01001-01500/01356-PROOF.pdf
1357,A264309,PROOF,index-change,papers/01001-01500/01357-PROOF.pdf
1358,A232431,PROOF,table-order-recovery,papers/01001-01500/01358-PROOF.pdf
1359,A264295,PROOF,index-change,papers/01001-01500/01359-PROOF.pdf
1360,A280175,PROOF,budget,papers/01001-01500/01360-PROOF.pdf
1361,A281558,PROOF,budget,papers/01001-01500/01361-PROOF.pdf
1362,A281931,PROOF,budget,papers/01001-01500/01362-PROOF.pdf
1363,A217979,PROOF,image-count,papers/01001-01500/01363-PROOF.pdf
1364,A220917,PROOF,image-count,papers/01001-01500/01364-PROOF.pdf
1365,A279898,PROOF,budget,papers/01001-01500/01365-PROOF.pdf
1366,A264373,PROOF,index-change,papers/01001-01500/01366-PROOF.pdf
1367,A264528,PROOF,index-change,papers/01001-01500/01367-PROOF.pdf
1368,A282227,PROOF,budget,papers/01001-01500/01368-PROOF.pdf
1369,A229538,PROOF,defective,papers/01001-01500/01369-PROOF.pdf
1370,A218062,PROOF,image-count,papers/01001-01500/01370-PROOF.pdf
1371,A232038,PROOF,table-order-recovery,papers/01001-01500/01371-PROOF.pdf
1372,A281983,PROOF,budget,papers/01001-01500/01372-PROOF.pdf
1373,A264879,PROOF,index-change,papers/01001-01500/01373-PROOF.pdf
1374,A219399,PROOF,image-count,papers/01001-01500/01374-PROOF.pdf
1375,A229515,PROOF,image-count,papers/01001-01500/01375-PROOF.pdf
1376,A281397,PROOF,budget,papers/01001-01500/01376-PROOF.pdf
1377,A223268,PROOF,graph-array-lumped,papers/01001-01500/01377-PROOF.pdf
1378,A281076,PROOF,budget,papers/01001-01500/01378-PROOF.pdf
1379,A236035,PROOF,table-order-recovery,papers/01001-01500/01379-PROOF.pdf
1380,A237463,PROOF,table-order-recovery,papers/01001-01500/01380-PROOF.pdf
1381,A264515,PROOF,index-change,papers/01001-01500/01381-PROOF.pdf
1382,A218633,PROOF,image-count,papers/01001-01500/01382-PROOF.pdf
1383,A202256,PROOF,lattice-quasipolynomial,papers/01001-01500/01383-PROOF.pdf
1384,A218811,PROOF,image-count,papers/01001-01500/01384-PROOF.pdf
1385,A218760,PROOF,image-count,papers/01001-01500/01385-PROOF.pdf
1386,A222433,PROOF,edge-maximum-image,papers/01001-01500/01386-PROOF.pdf
1387,A254823,PROOF,partial-sum-divisibility,papers/01001-01500/01387-PROOF.pdf
1388,A281054,PROOF,budget,papers/01001-01500/01388-PROOF.pdf
1389,A221770,PROOF,occupancy-turn,papers/01001-01500/01389-PROOF.pdf
1390,A281567,PROOF,budget,papers/01001-01500/01390-PROOF.pdf
1391,A229476,PROOF,defective,papers/01001-01500/01391-PROOF.pdf
1392,A219288,PROOF,min-filter-image,papers/01001-01500/01392-PROOF.pdf
1393,A229532,PROOF,defective,papers/01001-01500/01393-PROOF.pdf
1394,A229591,PROOF,defective,papers/01001-01500/01394-PROOF.pdf
1395,A219522,PROOF,min-filter-image,papers/01001-01500/01395-PROOF.pdf
1396,A219770,PROOF,min-filter-image,papers/01001-01500/01396-PROOF.pdf
1397,A264240,PROOF,index-change,papers/01001-01500/01397-PROOF.pdf
1398,A264631,PROOF,index-change,papers/01001-01500/01398-PROOF.pdf
1399,A219701,PROOF,min-filter-image,papers/01001-01500/01399-PROOF.pdf
1400,A219516,PROOF,min-filter-image,papers/01001-01500/01400-PROOF.pdf
1401,A229634,PROOF,defective,papers/01001-01500/01401-PROOF.pdf
1402,A225312,PROOF,lattice-count,papers/01001-01500/01402-PROOF.pdf
1403,A231127,PROOF,chessboard-colour-class,papers/01001-01500/01403-PROOF.pdf
1404,A231135,PROOF,chessboard-colour-class,papers/01001-01500/01404-PROOF.pdf
1405,A219351,PROOF,min-filter-image,papers/01001-01500/01405-PROOF.pdf
1406,A221746,PROOF,occupancy-turn,papers/01001-01500/01406-PROOF.pdf
1407,A229640,PROOF,defective,papers/01001-01500/01407-PROOF.pdf
1408,A279921,PROOF,budget,papers/01001-01500/01408-PROOF.pdf
1409,A220757,PROOF,image-count,papers/01001-01500/01409-PROOF.pdf
1410,A221379,PROOF,occupancy-image,papers/01001-01500/01410-PROOF.pdf
1411,A280805,PROOF,budget,papers/01001-01500/01411-PROOF.pdf
1412,A281029,PROOF,budget,papers/01001-01500/01412-PROOF.pdf
1413,A230985,PROOF,chessboard-colour-class,papers/01001-01500/01413-PROOF.pdf
1414,A231068,PROOF,chessboard-colour-class,papers/01001-01500/01414-PROOF.pdf
1415,A280804,PROOF,budget,papers/01001-01500/01415-PROOF.pdf
1416,A270259,PROOF,triangle-quasipolynomial,papers/01001-01500/01416-PROOF.pdf
1417,A270512,PROOF,triangle-quasipolynomial,papers/01001-01500/01417-PROOF.pdf
1418,A280401,PROOF,budget,papers/01001-01500/01418-PROOF.pdf
1419,A230931,PROOF,chessboard-colour-class,papers/01001-01500/01419-PROOF.pdf
1420,A221825,PROOF,occupancy-turn,papers/01001-01500/01420-PROOF.pdf
1421,A221830,PROOF,occupancy-turn,papers/01001-01500/01421-PROOF.pdf
1422,A237567,PROOF,table-order-recovery,papers/01001-01500/01422-PROOF.pdf
1423,A219629,PROOF,min-filter-image,papers/01001-01500/01423-PROOF.pdf
1424,A219383,PROOF,min-filter-image,papers/01001-01500/01424-PROOF.pdf
1425,A218839,PROOF,image-count,papers/01001-01500/01425-PROOF.pdf
1426,A219168,PROOF,min-filter-image,papers/01001-01500/01426-PROOF.pdf
1427,A221548,PROOF,occupancy-turn,papers/01001-01500/01427-PROOF.pdf
1428,A221552,PROOF,occupancy-turn,papers/01001-01500/01428-PROOF.pdf
1429,A219376,PROOF,min-filter-image,papers/01001-01500/01429-PROOF.pdf
1430,A219294,PROOF,min-filter-image,papers/01001-01500/01430-PROOF.pdf
1431,A219622,PROOF,min-filter-image,papers/01001-01500/01431-PROOF.pdf
1432,A219212,PROOF,min-filter-image,papers/01001-01500/01432-PROOF.pdf
1433,A218228,PROOF,image-count,papers/01001-01500/01433-PROOF.pdf
1434,A184706,PROOF,lattice-quasipolynomial,papers/01001-01500/01434-PROOF.pdf
1435,A218282,PROOF,image-count,papers/01001-01500/01435-PROOF.pdf
1436,A219144,PROOF,image-count,papers/01001-01500/01436-PROOF.pdf
1437,A202080,PROOF,lattice-quasipolynomial,papers/01001-01500/01437-PROOF.pdf
1438,A281406,PROOF,budget,papers/01001-01500/01438-PROOF.pdf
1439,A264005,PROOF,index-change,papers/01001-01500/01439-PROOF.pdf
1440,A259723,PROOF,table-order-recovery,papers/01001-01500/01440-PROOF.pdf
1441,A229603,PROOF,defective,papers/01001-01500/01441-PROOF.pdf
1442,A279737,PROOF,budget,papers/01001-01500/01442-PROOF.pdf
1443,A280229,PROOF,budget,papers/01001-01500/01443-PROOF.pdf
1444,A221781,PROOF,occupancy-turn,papers/01001-01500/01444-PROOF.pdf
1445,A218523,PROOF,image-count,papers/01001-01500/01445-PROOF.pdf
1446,A279743,PROOF,budget,papers/01001-01500/01446-PROOF.pdf
1447,A279488,PROOF,budget,papers/01001-01500/01447-PROOF.pdf
1448,A219305,PROOF,image-count,papers/01001-01500/01448-PROOF.pdf
1449,A220065,PROOF,image-count,papers/01001-01500/01449-PROOF.pdf
1450,A254824,PROOF,partial-sum-divisibility,papers/01001-01500/01450-PROOF.pdf
1451,A281690,PROOF,budget,papers/01001-01500/01451-PROOF.pdf
1452,A221257,PROOF,occupancy-image,papers/01001-01500/01452-PROOF.pdf
1453,A281566,PROOF,budget,papers/01001-01500/01453-PROOF.pdf
1454,A281396,PROOF,budget,papers/01001-01500/01454-PROOF.pdf
1455,A236669,PROOF,table-order-recovery,papers/01001-01500/01455-PROOF.pdf
1456,A217960,PROOF,image-count,papers/01001-01500/01456-PROOF.pdf
1457,A279301,PROOF,budget,papers/01001-01500/01457-PROOF.pdf
1458,A280903,PROOF,budget,papers/01001-01500/01458-PROOF.pdf
1459,A237035,PROOF,table-order-recovery,papers/01001-01500/01459-PROOF.pdf
1460,A218315,PROOF,image-count,papers/01001-01500/01460-PROOF.pdf
1461,A263813,PROOF,index-change,papers/01001-01500/01461-PROOF.pdf
1462,A263961,PROOF,index-change,papers/01001-01500/01462-PROOF.pdf
1463,A264308,PROOF,index-change,papers/01001-01500/01463-PROOF.pdf
1464,A264477,PROOF,index-change,papers/01001-01500/01464-PROOF.pdf
1465,A264545,PROOF,index-change,papers/01001-01500/01465-PROOF.pdf
1466,A264564,PROOF,index-change,papers/01001-01500/01466-PROOF.pdf
1467,A264578,PROOF,index-change,papers/01001-01500/01467-PROOF.pdf
1468,A264630,PROOF,index-change,papers/01001-01500/01468-PROOF.pdf
1469,A219059,PROOF,image-count,papers/01001-01500/01469-PROOF.pdf
1470,A219101,PROOF,image-count,papers/01001-01500/01470-PROOF.pdf
1471,A218066,PROOF,image-count,papers/01001-01500/01471-PROOF.pdf
1472,A184705,PROOF,lattice-quasipolynomial,papers/01001-01500/01472-PROOF.pdf
1473,A202255,PROOF,lattice-quasipolynomial,papers/01001-01500/01473-PROOF.pdf
1474,A202966,PROOF,lattice-quasipolynomial,papers/01001-01500/01474-PROOF.pdf
1475,A281159,PROOF,budget,papers/01001-01500/01475-PROOF.pdf
1476,A246001,PROOF,lattice-quasipolynomial,papers/01001-01500/01476-PROOF.pdf
1477,A221036,PROOF,image-count,papers/01001-01500/01477-PROOF.pdf
1478,A220923,PROOF,image-count,papers/01001-01500/01478-PROOF.pdf
1479,A222022,PROOF,edge-maximum-image,papers/01001-01500/01479-PROOF.pdf
1480,A222126,PROOF,edge-maximum-image,papers/01001-01500/01480-PROOF.pdf
1481,A222125,PROOF,edge-maximum-image,papers/01001-01500/01481-PROOF.pdf
1482,A222333,PROOF,edge-maximum-image,papers/01001-01500/01482-PROOF.pdf
1483,A281405,PROOF,budget,papers/01001-01500/01483-PROOF.pdf
1484,A264108,PROOF,index-change,papers/01001-01500/01484-PROOF.pdf
1485,A264184,PROOF,index-change,papers/01001-01500/01485-PROOF.pdf
1486,A264191,PROOF,index-change,papers/01001-01500/01486-PROOF.pdf
1487,A264342,PROOF,index-change,papers/01001-01500/01487-PROOF.pdf
1488,A229457,PROOF,defective,papers/01001-01500/01488-PROOF.pdf
1489,A280119,PROOF,budget,papers/01001-01500/01489-PROOF.pdf
1490,A281134,PROOF,budget,papers/01001-01500/01490-PROOF.pdf
1491,A221115,PROOF,occupancy-image,papers/01001-01500/01491-PROOF.pdf
1492,A229590,PROOF,defective,papers/01001-01500/01492-PROOF.pdf
1493,A221421,PROOF,occupancy-image,papers/01001-01500/01493-PROOF.pdf
1494,A237557,PROOF,table-order-recovery,papers/01001-01500/01494-PROOF.pdf
1495,A255101,PROOF,table-order-recovery,papers/01001-01500/01495-PROOF.pdf
1496,A264111,PROOF,index-change,papers/01001-01500/01496-PROOF.pdf
1497,A264132,PROOF,index-change,papers/01001-01500/01497-PROOF.pdf
1498,A264314,PROOF,index-change,papers/01001-01500/01498-PROOF.pdf
1499,A264331,PROOF,index-change,papers/01001-01500/01499-PROOF.pdf
1500,A264501,PROOF,index-change,papers/01001-01500/01500-PROOF.pdf
1501,A221726,PROOF,occupancy-image,papers/01501-02000/01501-PROOF.pdf
1502,A221404,PROOF,occupancy-image,papers/01501-02000/01502-PROOF.pdf
1503,A221887,PROOF,occupancy-turn,papers/01501-02000/01503-PROOF.pdf
1504,A280156,PROOF,budget,papers/01501-02000/01504-PROOF.pdf
1505,A281395,PROOF,budget,papers/01501-02000/01505-PROOF.pdf
1506,A281883,PROOF,budget,papers/01501-02000/01506-PROOF.pdf
1507,A217640,PROOF,image-count,papers/01501-02000/01507-PROOF.pdf
1508,A218893,PROOF,image-count,papers/01501-02000/01508-PROOF.pdf
1509,A264508,PROOF,index-change,papers/01501-02000/01509-PROOF.pdf
1510,A281564,PROOF,budget,papers/01501-02000/01510-PROOF.pdf
1511,A281803,PROOF,budget,papers/01501-02000/01511-PROOF.pdf
1512,A218899,PROOF,image-count,papers/01501-02000/01512-PROOF.pdf
1513,A200156,PROOF,lattice-quasipolynomial,papers/01501-02000/01513-PROOF.pdf
1514,A220243,PROOF,image-count,papers/01501-02000/01514-PROOF.pdf
1515,A268076,PROOF,row-column-introduction-order,papers/01501-02000/01515-PROOF.pdf
1516,A281053,PROOF,budget,papers/01501-02000/01516-PROOF.pdf
1517,A236809,PROOF,table-order-recovery,papers/01501-02000/01517-PROOF.pdf
1518,A223201,PROOF,graph-array-lumped,papers/01501-02000/01518-PROOF.pdf
1519,A221930,PROOF,occupancy-turn,papers/01501-02000/01519-PROOF.pdf
1520,A236949,PROOF,table-order-recovery,papers/01501-02000/01520-PROOF.pdf
1521,A279658,PROOF,budget,papers/01501-02000/01521-PROOF.pdf
1522,A218175,PROOF,image-count,papers/01501-02000/01522-PROOF.pdf
1523,A221230,PROOF,occupancy-image,papers/01501-02000/01523-PROOF.pdf
1524,A199912,PROOF,lattice-quasipolynomial,papers/01501-02000/01524-PROOF.pdf
1525,A218080,PROOF,image-count,papers/01501-02000/01525-PROOF.pdf
1526,A199708,PROOF,lattice-quasipolynomial,papers/01501-02000/01526-PROOF.pdf
1527,A200060,PROOF,lattice-quasipolynomial,papers/01501-02000/01527-PROOF.pdf
1528,A219058,PROOF,image-count,papers/01501-02000/01528-PROOF.pdf
1529,A199850,PROOF,lattice-quasipolynomial,papers/01501-02000/01529-PROOF.pdf
1530,A218593,PROOF,image-count,papers/01501-02000/01530-PROOF.pdf
1531,A219447,PROOF,image-count,papers/01501-02000/01531-PROOF.pdf
1532,A220964,PROOF,image-count,papers/01501-02000/01532-PROOF.pdf
1533,A218190,PROOF,image-count,papers/01501-02000/01533-PROOF.pdf
1534,A245162,PROOF,introduction-order,papers/01501-02000/01534-PROOF.pdf
1535,A246000,PROOF,lattice-quasipolynomial,papers/01501-02000/01535-PROOF.pdf
1536,A218366,PROOF,image-count,papers/01501-02000/01536-PROOF.pdf
1537,A202078,PROOF,lattice-quasipolynomial,papers/01501-02000/01537-PROOF.pdf
1538,A222431,PROOF,edge-maximum-image,papers/01501-02000/01538-PROOF.pdf
1539,A222124,PROOF,edge-maximum-image,papers/01501-02000/01539-PROOF.pdf
1540,A222332,PROOF,edge-maximum-image,papers/01501-02000/01540-PROOF.pdf
1541,A223286,PROOF,graph-array-lumped,papers/01501-02000/01541-PROOF.pdf
1542,A281203,PROOF,budget,papers/01501-02000/01542-PROOF.pdf
1543,A264060,PROOF,index-change,papers/01501-02000/01543-PROOF.pdf
1544,A279867,PROOF,budget,papers/01501-02000/01544-PROOF.pdf
1545,A281404,PROOF,budget,papers/01501-02000/01545-PROOF.pdf
1546,A229508,PROOF,defective,papers/01501-02000/01546-PROOF.pdf
1547,A229668,PROOF,defective,papers/01501-02000/01547-PROOF.pdf
1548,A229682,PROOF,defective,papers/01501-02000/01548-PROOF.pdf
1549,A281052,PROOF,budget,papers/01501-02000/01549-PROOF.pdf
1550,A221430,PROOF,occupancy-turn,papers/01501-02000/01550-PROOF.pdf
1551,A229531,PROOF,defective,papers/01501-02000/01551-PROOF.pdf
1552,A217341,PROOF,occupancy-image,papers/01501-02000/01552-PROOF.pdf
1553,A279530,PROOF,budget,papers/01501-02000/01553-PROOF.pdf
1554,A281534,PROOF,budget,papers/01501-02000/01554-PROOF.pdf
1555,A281694,PROOF,budget,papers/01501-02000/01555-PROOF.pdf
1556,A282155,PROOF,budget,papers/01501-02000/01556-PROOF.pdf
1557,A256029,PROOF,table-order-recovery,papers/01501-02000/01557-PROOF.pdf
1558,A221870,PROOF,occupancy-turn,papers/01501-02000/01558-PROOF.pdf
1559,A229537,PROOF,defective,papers/01501-02000/01559-PROOF.pdf
1560,A279801,PROOF,budget,papers/01501-02000/01560-PROOF.pdf
1561,A281565,PROOF,budget,papers/01501-02000/01561-PROOF.pdf
1562,A221818,PROOF,occupancy-turn,papers/01501-02000/01562-PROOF.pdf
1563,A281075,PROOF,budget,papers/01501-02000/01563-PROOF.pdf
1564,A219590,PROOF,min-filter-image,papers/01501-02000/01564-PROOF.pdf
1565,A219811,PROOF,min-filter-image,papers/01501-02000/01565-PROOF.pdf
1566,A219123,PROOF,image-count,papers/01501-02000/01566-PROOF.pdf
1567,A219878,PROOF,min-filter-image,papers/01501-02000/01567-PROOF.pdf
1568,A219681,PROOF,min-filter-image,papers/01501-02000/01568-PROOF.pdf
1569,A219910,PROOF,min-filter-image,papers/01501-02000/01569-PROOF.pdf
1570,A220148,PROOF,min-filter-image,papers/01501-02000/01570-PROOF.pdf
1571,A209118,PROOF,necklace-condition,papers/01501-02000/01571-PROOF.pdf
1572,A219847,PROOF,min-filter-image,papers/01501-02000/01572-PROOF.pdf
1573,A281557,PROOF,budget,papers/01501-02000/01573-PROOF.pdf
1574,A220762,PROOF,image-count,papers/01501-02000/01574-PROOF.pdf
1575,A228972,PROOF,image-count,papers/01501-02000/01575-PROOF.pdf
1576,A200456,PROOF,lattice-quasipolynomial,papers/01501-02000/01576-PROOF.pdf
1577,A281074,PROOF,budget,papers/01501-02000/01577-PROOF.pdf
1578,A220994,PROOF,image-count,papers/01501-02000/01578-PROOF.pdf
1579,A200253,PROOF,lattice-quasipolynomial,papers/01501-02000/01579-PROOF.pdf
1580,A207101,PROOF,lattice-quasipolynomial,papers/01501-02000/01580-PROOF.pdf
1581,A212828,PROOF,introduction-order,papers/01501-02000/01581-PROOF.pdf
1582,A222036,PROOF,edge-maximum-image,papers/01501-02000/01582-PROOF.pdf
1583,A249851,PROOF,fixed-length-polynomial,papers/01501-02000/01583-PROOF.pdf
1584,A264315,PROOF,index-change,papers/01501-02000/01584-PROOF.pdf
1585,A279129,PROOF,budget,papers/01501-02000/01585-PROOF.pdf
1586,A218061,PROOF,image-count,papers/01501-02000/01586-PROOF.pdf
1587,A221031,PROOF,image-count,papers/01501-02000/01587-PROOF.pdf
1588,A221805,PROOF,occupancy-turn,papers/01501-02000/01588-PROOF.pdf
1589,A221810,PROOF,occupancy-turn,papers/01501-02000/01589-PROOF.pdf
1590,A219412,PROOF,image-count,papers/01501-02000/01590-PROOF.pdf
1591,A217965,PROOF,image-count,papers/01501-02000/01591-PROOF.pdf
1592,A279162,PROOF,budget,papers/01501-02000/01592-PROOF.pdf
1593,A209486,PROOF,necklace-condition,papers/01501-02000/01593-PROOF.pdf
1594,A228981,PROOF,image-count,papers/01501-02000/01594-PROOF.pdf
1595,A183954,PROOF,lattice-quasipolynomial,papers/01501-02000/01595-PROOF.pdf
1596,A199707,PROOF,lattice-quasipolynomial,papers/01501-02000/01596-PROOF.pdf
1597,A200059,PROOF,lattice-quasipolynomial,papers/01501-02000/01597-PROOF.pdf
1598,A202965,PROOF,lattice-quasipolynomial,papers/01501-02000/01598-PROOF.pdf
1599,A199849,PROOF,lattice-quasipolynomial,papers/01501-02000/01599-PROOF.pdf
1600,A219980,PROOF,image-count,papers/01501-02000/01600-PROOF.pdf
1601,A248463,PROOF,lattice-quasipolynomial,papers/01501-02000/01601-PROOF.pdf
1602,A245161,PROOF,introduction-order,papers/01501-02000/01602-PROOF.pdf
1603,A200555,PROOF,lattice-quasipolynomial,papers/01501-02000/01603-PROOF.pdf
1604,A201090,PROOF,lattice-quasipolynomial,papers/01501-02000/01604-PROOF.pdf
1605,A220407,PROOF,image-count,papers/01501-02000/01605-PROOF.pdf
1606,A199945,PROOF,lattice-quasipolynomial,papers/01501-02000/01606-PROOF.pdf
1607,A219436,PROOF,image-count,papers/01501-02000/01607-PROOF.pdf
1608,A245999,PROOF,lattice-quasipolynomial,papers/01501-02000/01608-PROOF.pdf
1609,A246482,PROOF,lattice-quasipolynomial,papers/01501-02000/01609-PROOF.pdf
1610,A183920,PROOF,zero-sum-multiset,papers/01501-02000/01610-PROOF.pdf
1611,A183928,PROOF,zero-sum-multiset,papers/01501-02000/01611-PROOF.pdf
1612,A222331,PROOF,edge-maximum-image,papers/01501-02000/01612-PROOF.pdf
1613,A249850,PROOF,fixed-length-polynomial,papers/01501-02000/01613-PROOF.pdf
1614,A249965,PROOF,fixed-length-polynomial,papers/01501-02000/01614-PROOF.pdf
1615,A250393,PROOF,fixed-length-polynomial,papers/01501-02000/01615-PROOF.pdf
1616,A264380,PROOF,index-change,papers/01501-02000/01616-PROOF.pdf
1617,A264535,PROOF,index-change,papers/01501-02000/01617-PROOF.pdf
1618,A264585,PROOF,index-change,papers/01501-02000/01618-PROOF.pdf
1619,A264649,PROOF,index-change,papers/01501-02000/01619-PROOF.pdf
1620,A264670,PROOF,index-change,papers/01501-02000/01620-PROOF.pdf
1621,A281649,PROOF,budget,papers/01501-02000/01621-PROOF.pdf
1622,A264478,PROOF,index-change,papers/01501-02000/01622-PROOF.pdf
1623,A264546,PROOF,index-change,papers/01501-02000/01623-PROOF.pdf
1624,A239537,PROOF,table-order-recovery,papers/01501-02000/01624-PROOF.pdf
1625,A229456,PROOF,defective,papers/01501-02000/01625-PROOF.pdf
1626,A221251,PROOF,occupancy-image,papers/01501-02000/01626-PROOF.pdf
1627,A281403,PROOF,budget,papers/01501-02000/01627-PROOF.pdf
1628,A230937,PROOF,chessboard-colour-class,papers/01501-02000/01628-PROOF.pdf
1629,A230930,PROOF,chessboard-colour-class,papers/01501-02000/01629-PROOF.pdf
1630,A221922,PROOF,occupancy-turn,papers/01501-02000/01630-PROOF.pdf
1631,A221757,PROOF,occupancy-turn,papers/01501-02000/01631-PROOF.pdf
1632,A220155,PROOF,min-filter-image,papers/01501-02000/01632-PROOF.pdf
1633,A280212,PROOF,budget,papers/01501-02000/01633-PROOF.pdf
1634,A281247,PROOF,budget,papers/01501-02000/01634-PROOF.pdf
1635,A264584,PROOF,index-change,papers/01501-02000/01635-PROOF.pdf
1636,A221338,PROOF,occupancy-turn,papers/01501-02000/01636-PROOF.pdf
1637,A279323,PROOF,budget,papers/01501-02000/01637-PROOF.pdf
1638,A281327,PROOF,budget,papers/01501-02000/01638-PROOF.pdf
1639,A219596,PROOF,min-filter-image,papers/01501-02000/01639-PROOF.pdf
1640,A221656,PROOF,occupancy-turn,papers/01501-02000/01640-PROOF.pdf
1641,A221796,PROOF,occupancy-turn,papers/01501-02000/01641-PROOF.pdf
1642,A219817,PROOF,min-filter-image,papers/01501-02000/01642-PROOF.pdf
1643,A219854,PROOF,min-filter-image,papers/01501-02000/01643-PROOF.pdf
1644,A219884,PROOF,min-filter-image,papers/01501-02000/01644-PROOF.pdf
1645,A219687,PROOF,min-filter-image,papers/01501-02000/01645-PROOF.pdf
1646,A225311,PROOF,lattice-count,papers/01501-02000/01646-PROOF.pdf
1647,A219916,PROOF,min-filter-image,papers/01501-02000/01647-PROOF.pdf
1648,A263969,PROOF,index-change,papers/01501-02000/01648-PROOF.pdf
1649,A264629,PROOF,index-change,papers/01501-02000/01649-PROOF.pdf
1650,A203293,PROOF,lattice-quasipolynomial,papers/01501-02000/01650-PROOF.pdf
1651,A280174,PROOF,budget,papers/01501-02000/01651-PROOF.pdf
1652,A199911,PROOF,lattice-quasipolynomial,papers/01501-02000/01652-PROOF.pdf
1653,A209074,PROOF,necklace-condition,papers/01501-02000/01653-PROOF.pdf
1654,A209117,PROOF,necklace-condition,papers/01501-02000/01654-PROOF.pdf
1655,A279460,PROOF,budget,papers/01501-02000/01655-PROOF.pdf
1656,A281028,PROOF,budget,papers/01501-02000/01656-PROOF.pdf
1657,A184704,PROOF,lattice-quasipolynomial,papers/01501-02000/01657-PROOF.pdf
1658,A208947,PROOF,necklace-condition,papers/01501-02000/01658-PROOF.pdf
1659,A219151,PROOF,image-count,papers/01501-02000/01659-PROOF.pdf
1660,A220304,PROOF,image-count,papers/01501-02000/01660-PROOF.pdf
1661,A212827,PROOF,introduction-order,papers/01501-02000/01661-PROOF.pdf
1662,A241970,PROOF,lattice-closed-form,papers/01501-02000/01662-PROOF.pdf
1663,A200791,PROOF,lattice-quasipolynomial,papers/01501-02000/01663-PROOF.pdf
1664,A200844,PROOF,lattice-quasipolynomial,papers/01501-02000/01664-PROOF.pdf
1665,A200877,PROOF,lattice-quasipolynomial,papers/01501-02000/01665-PROOF.pdf
1666,A200892,PROOF,lattice-quasipolynomial,papers/01501-02000/01666-PROOF.pdf
1667,A241622,PROOF,lattice-quasipolynomial,papers/01501-02000/01667-PROOF.pdf
1668,A249849,PROOF,fixed-length-polynomial,papers/01501-02000/01668-PROOF.pdf
1669,A249964,PROOF,fixed-length-polynomial,papers/01501-02000/01669-PROOF.pdf
1670,A250392,PROOF,fixed-length-polynomial,papers/01501-02000/01670-PROOF.pdf
1671,A208828,PROOF,necklace-burnside,papers/01501-02000/01671-PROOF.pdf
1672,A270258,PROOF,triangle-quasipolynomial,papers/01501-02000/01672-PROOF.pdf
1673,A270511,PROOF,triangle-quasipolynomial,papers/01501-02000/01673-PROOF.pdf
1674,A280553,PROOF,budget,papers/01501-02000/01674-PROOF.pdf
1675,A281062,PROOF,budget,papers/01501-02000/01675-PROOF.pdf
1676,A280552,PROOF,budget,papers/01501-02000/01676-PROOF.pdf
1677,A281061,PROOF,budget,papers/01501-02000/01677-PROOF.pdf
1678,A264246,PROOF,index-change,papers/01501-02000/01678-PROOF.pdf
1679,A264677,PROOF,index-change,papers/01501-02000/01679-PROOF.pdf
1680,A280551,PROOF,budget,papers/01501-02000/01680-PROOF.pdf
1681,A281060,PROOF,budget,papers/01501-02000/01681-PROOF.pdf
1682,A279652,PROOF,budget,papers/01501-02000/01682-PROOF.pdf
1683,A280475,PROOF,budget,papers/01501-02000/01683-PROOF.pdf
1684,A223361,PROOF,graph-array-lumped,papers/01501-02000/01684-PROOF.pdf
1685,A280550,PROOF,budget,papers/01501-02000/01685-PROOF.pdf
1686,A281059,PROOF,budget,papers/01501-02000/01686-PROOF.pdf
1687,A232406,PROOF,table-order-recovery,papers/01501-02000/01687-PROOF.pdf
1688,A221134,PROOF,occupancy-image,papers/01501-02000/01688-PROOF.pdf
1689,A221774,PROOF,occupancy-turn,papers/01501-02000/01689-PROOF.pdf
1690,A229602,PROOF,defective,papers/01501-02000/01690-PROOF.pdf
1691,A221103,PROOF,occupancy-image,papers/01501-02000/01691-PROOF.pdf
1692,A264300,PROOF,index-change,papers/01501-02000/01692-PROOF.pdf
1693,A264365,PROOF,index-change,papers/01501-02000/01693-PROOF.pdf
1694,A264484,PROOF,index-change,papers/01501-02000/01694-PROOF.pdf
1695,A219775,PROOF,min-filter-image,papers/01501-02000/01695-PROOF.pdf
1696,A219287,PROOF,min-filter-image,papers/01501-02000/01696-PROOF.pdf
1697,A219064,PROOF,image-count,papers/01501-02000/01697-PROOF.pdf
1698,A279972,PROOF,budget,papers/01501-02000/01698-PROOF.pdf
1699,A281797,PROOF,budget,papers/01501-02000/01699-PROOF.pdf
1700,A221694,PROOF,occupancy-turn,papers/01501-02000/01700-PROOF.pdf
1701,A218588,PROOF,image-count,papers/01501-02000/01701-PROOF.pdf
1702,A219521,PROOF,min-filter-image,papers/01501-02000/01702-PROOF.pdf
1703,A221938,PROOF,occupancy-turn,papers/01501-02000/01703-PROOF.pdf
1704,A219700,PROOF,min-filter-image,papers/01501-02000/01704-PROOF.pdf
1705,A219769,PROOF,min-filter-image,papers/01501-02000/01705-PROOF.pdf
1706,A219515,PROOF,min-filter-image,papers/01501-02000/01706-PROOF.pdf
1707,A164749,PROOF,connected-regions,papers/01501-02000/01707-PROOF.pdf
1708,A229639,PROOF,defective,papers/01501-02000/01708-PROOF.pdf
1709,A222015,PROOF,occupancy-turn,papers/01501-02000/01709-PROOF.pdf
1710,A219350,PROOF,min-filter-image,papers/01501-02000/01710-PROOF.pdf
1711,A166762,PROOF,connected-regions,papers/01501-02000/01711-PROOF.pdf
1712,A217451,PROOF,image-count,papers/01501-02000/01712-PROOF.pdf
1713,A219472,PROOF,min-filter-image,papers/01501-02000/01713-PROOF.pdf
1714,A219829,PROOF,min-filter-image,papers/01501-02000/01714-PROOF.pdf
1715,A283660,PROOF,budget,papers/01501-02000/01715-PROOF.pdf
1716,A221633,PROOF,image-count,papers/01501-02000/01716-PROOF.pdf
1717,A245875,PROOF,lattice-quasipolynomial,papers/01501-02000/01717-PROOF.pdf
1718,A281401,PROOF,budget,papers/01501-02000/01718-PROOF.pdf
1719,A281766,PROOF,budget,papers/01501-02000/01719-PROOF.pdf
1720,A220926,PROOF,min-filter-image,papers/01501-02000/01720-PROOF.pdf
1721,A209346,PROOF,necklace-condition,papers/01501-02000/01721-PROOF.pdf
1722,A220004,PROOF,min-filter-image,papers/01501-02000/01722-PROOF.pdf
1723,A219367,PROOF,min-filter-image,papers/01501-02000/01723-PROOF.pdf
1724,A219454,PROOF,min-filter-image,papers/01501-02000/01724-PROOF.pdf
1725,A219572,PROOF,min-filter-image,papers/01501-02000/01725-PROOF.pdf
1726,A220255,PROOF,image-count,papers/01501-02000/01726-PROOF.pdf
1727,A218200,PROOF,image-count,papers/01501-02000/01727-PROOF.pdf
1728,A220198,PROOF,min-filter-image,papers/01501-02000/01728-PROOF.pdf
1729,A219933,PROOF,min-filter-image,papers/01501-02000/01729-PROOF.pdf
1730,A245160,PROOF,introduction-order,papers/01501-02000/01730-PROOF.pdf
1731,A201875,PROOF,lattice-quasipolynomial,papers/01501-02000/01731-PROOF.pdf
1732,A220309,PROOF,image-count,papers/01501-02000/01732-PROOF.pdf
1733,A220538,PROOF,image-count,papers/01501-02000/01733-PROOF.pdf
1734,A218227,PROOF,image-count,papers/01501-02000/01734-PROOF.pdf
1735,A219465,PROOF,min-filter-image,papers/01501-02000/01735-PROOF.pdf
1736,A202125,PROOF,lattice-quasipolynomial,papers/01501-02000/01736-PROOF.pdf
1737,A220213,PROOF,image-count,papers/01501-02000/01737-PROOF.pdf
1738,A245953,PROOF,lattice-quasipolynomial,papers/01501-02000/01738-PROOF.pdf
1739,A218281,PROOF,image-count,papers/01501-02000/01739-PROOF.pdf
1740,A219708,PROOF,min-filter-image,papers/01501-02000/01740-PROOF.pdf
1741,A202077,PROOF,lattice-quasipolynomial,papers/01501-02000/01741-PROOF.pdf
1742,A245998,PROOF,lattice-quasipolynomial,papers/01501-02000/01742-PROOF.pdf
1743,A246481,PROOF,lattice-quasipolynomial,papers/01501-02000/01743-PROOF.pdf
1744,A254705,PROOF,fixed-length-polynomial,papers/01501-02000/01744-PROOF.pdf
1745,A199838,PROOF,lattice-quasipolynomial,papers/01501-02000/01745-PROOF.pdf
1746,A199839,PROOF,lattice-closed-form,papers/01501-02000/01746-PROOF.pdf
1747,A221993,PROOF,edge-maximum-image,papers/01501-02000/01747-PROOF.pdf
1748,A241969,PROOF,lattice-closed-form,papers/01501-02000/01748-PROOF.pdf
1749,A200790,PROOF,lattice-quasipolynomial,papers/01501-02000/01749-PROOF.pdf
1750,A200843,PROOF,lattice-quasipolynomial,papers/01501-02000/01750-PROOF.pdf
1751,A200876,PROOF,lattice-quasipolynomial,papers/01501-02000/01751-PROOF.pdf
1752,A200891,PROOF,lattice-quasipolynomial,papers/01501-02000/01752-PROOF.pdf
1753,A212841,PROOF,lattice-quasipolynomial,papers/01501-02000/01753-PROOF.pdf
1754,A241621,PROOF,lattice-quasipolynomial,papers/01501-02000/01754-PROOF.pdf
1755,A241968,PROOF,lattice-quasipolynomial,papers/01501-02000/01755-PROOF.pdf
1756,A250085,PROOF,fixed-length-polynomial,papers/01501-02000/01756-PROOF.pdf
1757,A250340,PROOF,fixed-length-polynomial,papers/01501-02000/01757-PROOF.pdf
1758,A183911,PROOF,multiset-profile,papers/01501-02000/01758-PROOF.pdf
1759,A222021,PROOF,edge-maximum-image,papers/01501-02000/01759-PROOF.pdf
1760,A222330,PROOF,edge-maximum-image,papers/01501-02000/01760-PROOF.pdf
1761,A249848,PROOF,fixed-length-polynomial,papers/01501-02000/01761-PROOF.pdf
1762,A249963,PROOF,fixed-length-polynomial,papers/01501-02000/01762-PROOF.pdf
1763,A250017,PROOF,fixed-length-polynomial,papers/01501-02000/01763-PROOF.pdf
1764,A250061,PROOF,fixed-length-polynomial,papers/01501-02000/01764-PROOF.pdf
1765,A250145,PROOF,fixed-length-polynomial,papers/01501-02000/01765-PROOF.pdf
1766,A250391,PROOF,fixed-length-polynomial,papers/01501-02000/01766-PROOF.pdf
1767,A223483,PROOF,graph-array-lumped,papers/01501-02000/01767-PROOF.pdf
1768,A264054,PROOF,index-change,papers/01501-02000/01768-PROOF.pdf
1769,A264091,PROOF,index-change,papers/01501-02000/01769-PROOF.pdf
1770,A264122,PROOF,index-change,papers/01501-02000/01770-PROOF.pdf
1771,A281202,PROOF,budget,papers/01501-02000/01771-PROOF.pdf
1772,A223320,PROOF,graph-array-lumped,papers/01501-02000/01772-PROOF.pdf
1773,A264138,PROOF,index-change,papers/01501-02000/01773-PROOF.pdf
1774,A221348,PROOF,occupancy-image,papers/01501-02000/01774-PROOF.pdf
1775,A229475,PROOF,defective,papers/01501-02000/01775-PROOF.pdf
1776,A229507,PROOF,defective,papers/01501-02000/01776-PROOF.pdf
1777,A221853,PROOF,occupancy-turn,papers/01501-02000/01777-PROOF.pdf
1778,A281201,PROOF,budget,papers/01501-02000/01778-PROOF.pdf
1779,A236155,PROOF,table-order-recovery,papers/01501-02000/01779-PROOF.pdf
1780,A279866,PROOF,budget,papers/01501-02000/01780-PROOF.pdf
1781,A280481,PROOF,budget,papers/01501-02000/01781-PROOF.pdf
1782,A264004,PROOF,index-change,papers/01501-02000/01782-PROOF.pdf
1783,A264158,PROOF,index-change,papers/01501-02000/01783-PROOF.pdf
1784,A264267,PROOF,index-change,papers/01501-02000/01784-PROOF.pdf
1785,A221883,PROOF,occupancy-turn,papers/01501-02000/01785-PROOF.pdf
1786,A231126,PROOF,chessboard-colour-class,papers/01501-02000/01786-PROOF.pdf
1787,A279523,PROOF,budget,papers/01501-02000/01787-PROOF.pdf
1788,A279581,PROOF,budget,papers/01501-02000/01788-PROOF.pdf
1789,A281133,PROOF,budget,papers/01501-02000/01789-PROOF.pdf
1790,A281654,PROOF,budget,papers/01501-02000/01790-PROOF.pdf
1791,A282125,PROOF,budget,papers/01501-02000/01791-PROOF.pdf
1792,A280549,PROOF,budget,papers/01501-02000/01792-PROOF.pdf
1793,A281058,PROOF,budget,papers/01501-02000/01793-PROOF.pdf
1794,A221751,PROOF,occupancy-turn,papers/01501-02000/01794-PROOF.pdf
1795,A281402,PROOF,budget,papers/01501-02000/01795-PROOF.pdf
1796,A221201,PROOF,occupancy-image,papers/01501-02000/01796-PROOF.pdf
1797,A221401,PROOF,occupancy-turn,papers/01501-02000/01797-PROOF.pdf
1798,A221063,PROOF,image-count,papers/01501-02000/01798-PROOF.pdf
1799,A209075,PROOF,necklace-condition,papers/01501-02000/01799-PROOF.pdf
1800,A264211,PROOF,index-change,papers/01501-02000/01800-PROOF.pdf
1801,A264251,PROOF,index-change,papers/01501-02000/01801-PROOF.pdf
1802,A264266,PROOF,index-change,papers/01501-02000/01802-PROOF.pdf
1803,A264294,PROOF,index-change,papers/01501-02000/01803-PROOF.pdf
1804,A218645,PROOF,image-count,papers/01501-02000/01804-PROOF.pdf
1805,A279128,PROOF,budget,papers/01501-02000/01805-PROOF.pdf
1806,A279978,PROOF,budget,papers/01501-02000/01806-PROOF.pdf
1807,A281057,PROOF,budget,papers/01501-02000/01807-PROOF.pdf
1808,A221256,PROOF,occupancy-image,papers/01501-02000/01808-PROOF.pdf
1809,A208948,PROOF,necklace-condition,papers/01501-02000/01809-PROOF.pdf
1810,A269623,PROOF,repeated-value-polynomial,papers/01501-02000/01810-PROOF.pdf
1811,A269644,PROOF,repeated-value-polynomial,papers/01501-02000/01811-PROOF.pdf
1812,A230984,PROOF,chessboard-colour-class,papers/01501-02000/01812-PROOF.pdf
1813,A281394,PROOF,budget,papers/01501-02000/01813-PROOF.pdf
1814,A245874,PROOF,lattice-quasipolynomial,papers/01501-02000/01814-PROOF.pdf
1815,A248435,PROOF,lattice-quasipolynomial,papers/01501-02000/01815-PROOF.pdf
1816,A269541,PROOF,repeated-value-polynomial,papers/01501-02000/01816-PROOF.pdf
1817,A269587,PROOF,repeated-value-polynomial,papers/01501-02000/01817-PROOF.pdf
1818,A269610,PROOF,repeated-value-polynomial,papers/01501-02000/01818-PROOF.pdf
1819,A219129,PROOF,image-count,papers/01501-02000/01819-PROOF.pdf
1820,A249291,PROOF,lattice-quasipolynomial,papers/01501-02000/01820-PROOF.pdf
1821,A202079,PROOF,lattice-quasipolynomial,papers/01501-02000/01821-PROOF.pdf
1822,A200155,PROOF,lattice-quasipolynomial,papers/01501-02000/01822-PROOF.pdf
1823,A200554,PROOF,lattice-quasipolynomial,papers/01501-02000/01823-PROOF.pdf
1824,A219137,PROOF,image-count,papers/01501-02000/01824-PROOF.pdf
1825,A220227,PROOF,image-count,papers/01501-02000/01825-PROOF.pdf
1826,A245952,PROOF,lattice-quasipolynomial,papers/01501-02000/01826-PROOF.pdf
1827,A247728,PROOF,lattice-quasipolynomial,papers/01501-02000/01827-PROOF.pdf
1828,A212826,PROOF,introduction-order,papers/01501-02000/01828-PROOF.pdf
1829,A249713,PROOF,fixed-length-polynomial,papers/01501-02000/01829-PROOF.pdf
1830,A254704,PROOF,fixed-length-polynomial,papers/01501-02000/01830-PROOF.pdf
1831,A199837,PROOF,lattice-quasipolynomial,papers/01501-02000/01831-PROOF.pdf
1832,A200435,PROOF,lattice-quasipolynomial,papers/01501-02000/01832-PROOF.pdf
1833,A254703,PROOF,fixed-length-polynomial,papers/01501-02000/01833-PROOF.pdf
1834,A200789,PROOF,lattice-quasipolynomial,papers/01501-02000/01834-PROOF.pdf
1835,A200842,PROOF,lattice-quasipolynomial,papers/01501-02000/01835-PROOF.pdf
1836,A200875,PROOF,lattice-quasipolynomial,papers/01501-02000/01836-PROOF.pdf
1837,A200890,PROOF,lattice-quasipolynomial,papers/01501-02000/01837-PROOF.pdf
1838,A201046,PROOF,lattice-quasipolynomial,papers/01501-02000/01838-PROOF.pdf
1839,A212840,PROOF,lattice-quasipolynomial,papers/01501-02000/01839-PROOF.pdf
1840,A241620,PROOF,lattice-quasipolynomial,papers/01501-02000/01840-PROOF.pdf
1841,A241967,PROOF,lattice-quasipolynomial,papers/01501-02000/01841-PROOF.pdf
1842,A250084,PROOF,fixed-length-polynomial,papers/01501-02000/01842-PROOF.pdf
1843,A250156,PROOF,fixed-length-polynomial,papers/01501-02000/01843-PROOF.pdf
1844,A250339,PROOF,fixed-length-polynomial,papers/01501-02000/01844-PROOF.pdf
1845,A254702,PROOF,fixed-length-polynomial,papers/01501-02000/01845-PROOF.pdf
1846,A183910,PROOF,multiset-profile,papers/01501-02000/01846-PROOF.pdf
1847,A222121,PROOF,edge-maximum-image,papers/01501-02000/01847-PROOF.pdf
1848,A249847,PROOF,fixed-length-polynomial,papers/01501-02000/01848-PROOF.pdf
1849,A249884,PROOF,fixed-length-polynomial,papers/01501-02000/01849-PROOF.pdf
1850,A249962,PROOF,fixed-length-polynomial,papers/01501-02000/01850-PROOF.pdf
1851,A250016,PROOF,fixed-length-polynomial,papers/01501-02000/01851-PROOF.pdf
1852,A250060,PROOF,fixed-length-polynomial,papers/01501-02000/01852-PROOF.pdf
1853,A250144,PROOF,fixed-length-polynomial,papers/01501-02000/01853-PROOF.pdf
1854,A250390,PROOF,fixed-length-polynomial,papers/01501-02000/01854-PROOF.pdf
1855,A267236,PROOF,fixed-length-polynomial,papers/01501-02000/01855-PROOF.pdf
1856,A267475,PROOF,fixed-length-polynomial,papers/01501-02000/01856-PROOF.pdf
1857,A269413,PROOF,fixed-length-polynomial,papers/01501-02000/01857-PROOF.pdf
1858,A269439,PROOF,fixed-length-polynomial,papers/01501-02000/01858-PROOF.pdf
1859,A269471,PROOF,fixed-length-polynomial,papers/01501-02000/01859-PROOF.pdf
1860,A264423,PROOF,index-change,papers/01501-02000/01860-PROOF.pdf
1861,A220037,PROOF,min-filter-image,papers/01501-02000/01861-PROOF.pdf
1862,A219501,PROOF,min-filter-image,papers/01501-02000/01862-PROOF.pdf
1863,A164760,PROOF,connected-regions,papers/01501-02000/01863-PROOF.pdf
1864,A222090,PROOF,occupancy-turn,papers/01501-02000/01864-PROOF.pdf
1865,A221226,PROOF,occupancy-image,papers/01501-02000/01865-PROOF.pdf
1866,A220031,PROOF,min-filter-image,papers/01501-02000/01866-PROOF.pdf
1867,A222094,PROOF,occupancy-turn,papers/01501-02000/01867-PROOF.pdf
1868,A220939,PROOF,occupancy-image,papers/01501-02000/01868-PROOF.pdf
1869,A221894,PROOF,occupancy-turn,papers/01501-02000/01869-PROOF.pdf
1870,A221899,PROOF,occupancy-turn,papers/01501-02000/01870-PROOF.pdf
1871,A221821,PROOF,occupancy-turn,papers/01501-02000/01871-PROOF.pdf
1872,A218517,PROOF,image-count,papers/01501-02000/01872-PROOF.pdf
1873,A221352,PROOF,occupancy-image,papers/01501-02000/01873-PROOF.pdf
1874,A221329,PROOF,occupancy-image,papers/01501-02000/01874-PROOF.pdf
1875,A221415,PROOF,occupancy-image,papers/01501-02000/01875-PROOF.pdf
1876,A221357,PROOF,occupancy-turn,papers/01501-02000/01876-PROOF.pdf
1877,A221297,PROOF,occupancy-image,papers/01501-02000/01877-PROOF.pdf
1878,A218237,PROOF,image-count,papers/01501-02000/01878-PROOF.pdf
1879,A221484,PROOF,occupancy-turn,papers/01501-02000/01879-PROOF.pdf
1880,A218805,PROOF,image-count,papers/01501-02000/01880-PROOF.pdf
1881,A217978,PROOF,image-count,papers/01501-02000/01881-PROOF.pdf
1882,A279152,PROOF,budget,papers/01501-02000/01882-PROOF.pdf
1883,A269622,PROOF,repeated-value-polynomial,papers/01501-02000/01883-PROOF.pdf
1884,A269643,PROOF,repeated-value-polynomial,papers/01501-02000/01884-PROOF.pdf
1885,A221667,PROOF,image-count,papers/01501-02000/01885-PROOF.pdf
1886,A269540,PROOF,repeated-value-polynomial,papers/01501-02000/01886-PROOF.pdf
1887,A269586,PROOF,repeated-value-polynomial,papers/01501-02000/01887-PROOF.pdf
1888,A269609,PROOF,repeated-value-polynomial,papers/01501-02000/01888-PROOF.pdf
1889,A218804,PROOF,image-count,papers/01501-02000/01889-PROOF.pdf
1890,A221526,PROOF,lattice-quasipolynomial,papers/01501-02000/01890-PROOF.pdf
1891,A218236,PROOF,image-count,papers/01501-02000/01891-PROOF.pdf
1892,A219398,PROOF,image-count,papers/01501-02000/01892-PROOF.pdf
1893,A245159,PROOF,introduction-order,papers/01501-02000/01893-PROOF.pdf
1894,A220971,PROOF,image-count,papers/01501-02000/01894-PROOF.pdf
1895,A222381,PROOF,image-count,papers/01501-02000/01895-PROOF.pdf
1896,A245873,PROOF,lattice-quasipolynomial,papers/01501-02000/01896-PROOF.pdf
1897,A218843,PROOF,image-count,papers/01501-02000/01897-PROOF.pdf
1898,A221576,PROOF,lattice-quasipolynomial,papers/01501-02000/01898-PROOF.pdf
1899,A201874,PROOF,lattice-quasipolynomial,papers/01501-02000/01899-PROOF.pdf
1900,A220191,PROOF,image-count,papers/01501-02000/01900-PROOF.pdf
1901,A218759,PROOF,image-count,papers/01501-02000/01901-PROOF.pdf
1902,A201089,PROOF,lattice-quasipolynomial,papers/01501-02000/01902-PROOF.pdf
1903,A218189,PROOF,image-count,papers/01501-02000/01903-PROOF.pdf
1904,A245997,PROOF,lattice-quasipolynomial,papers/01501-02000/01904-PROOF.pdf
1905,A246480,PROOF,lattice-quasipolynomial,papers/01501-02000/01905-PROOF.pdf
1906,A249712,PROOF,fixed-length-polynomial,papers/01501-02000/01906-PROOF.pdf
1907,A199534,PROOF,lattice-quasipolynomial,papers/01501-02000/01907-PROOF.pdf
1908,A199836,PROOF,lattice-quasipolynomial,papers/01501-02000/01908-PROOF.pdf
1909,A199902,PROOF,lattice-quasipolynomial,papers/01501-02000/01909-PROOF.pdf
1910,A200434,PROOF,lattice-quasipolynomial,papers/01501-02000/01910-PROOF.pdf
1911,A221466,PROOF,lattice-quasipolynomial,papers/01501-02000/01911-PROOF.pdf
1912,A200788,PROOF,lattice-quasipolynomial,papers/01501-02000/01912-PROOF.pdf
1913,A200841,PROOF,lattice-quasipolynomial,papers/01501-02000/01913-PROOF.pdf
1914,A200874,PROOF,lattice-quasipolynomial,papers/01501-02000/01914-PROOF.pdf
1915,A200889,PROOF,lattice-quasipolynomial,papers/01501-02000/01915-PROOF.pdf
1916,A201045,PROOF,lattice-quasipolynomial,papers/01501-02000/01916-PROOF.pdf
1917,A212839,PROOF,lattice-quasipolynomial,papers/01501-02000/01917-PROOF.pdf
1918,A220172,PROOF,image-count,papers/01501-02000/01918-PROOF.pdf
1919,A241966,PROOF,lattice-quasipolynomial,papers/01501-02000/01919-PROOF.pdf
1920,A250083,PROOF,fixed-length-polynomial,papers/01501-02000/01920-PROOF.pdf
1921,A250155,PROOF,fixed-length-polynomial,papers/01501-02000/01921-PROOF.pdf
1922,A250338,PROOF,fixed-length-polynomial,papers/01501-02000/01922-PROOF.pdf
1923,A250374,PROOF,fixed-length-polynomial,papers/01501-02000/01923-PROOF.pdf
1924,A254701,PROOF,fixed-length-polynomial,papers/01501-02000/01924-PROOF.pdf
1925,A183901,PROOF,multiset-profile,papers/01501-02000/01925-PROOF.pdf
1926,A183909,PROOF,multiset-profile,papers/01501-02000/01926-PROOF.pdf
1927,A208601,PROOF,necklace-burnside,papers/01501-02000/01927-PROOF.pdf
1928,A221992,PROOF,edge-maximum-image,papers/01501-02000/01928-PROOF.pdf
1929,A222329,PROOF,edge-maximum-image,papers/01501-02000/01929-PROOF.pdf
1930,A249846,PROOF,fixed-length-polynomial,papers/01501-02000/01930-PROOF.pdf
1931,A249961,PROOF,fixed-length-polynomial,papers/01501-02000/01931-PROOF.pdf
1932,A250015,PROOF,fixed-length-polynomial,papers/01501-02000/01932-PROOF.pdf
1933,A250143,PROOF,fixed-length-polynomial,papers/01501-02000/01933-PROOF.pdf
1934,A250389,PROOF,fixed-length-polynomial,papers/01501-02000/01934-PROOF.pdf
1935,A267235,PROOF,fixed-length-polynomial,papers/01501-02000/01935-PROOF.pdf
1936,A267474,PROOF,fixed-length-polynomial,papers/01501-02000/01936-PROOF.pdf
1937,A269412,PROOF,fixed-length-polynomial,papers/01501-02000/01937-PROOF.pdf
1938,A269438,PROOF,fixed-length-polynomial,papers/01501-02000/01938-PROOF.pdf
1939,A269470,PROOF,fixed-length-polynomial,papers/01501-02000/01939-PROOF.pdf
1940,A208826,PROOF,necklace-burnside,papers/01501-02000/01940-PROOF.pdf
1941,A280439,PROOF,budget,papers/01501-02000/01941-PROOF.pdf
1942,A281211,PROOF,budget,papers/01501-02000/01942-PROOF.pdf
1943,A229753,PROOF,defective,papers/01501-02000/01943-PROOF.pdf
1944,A280438,PROOF,budget,papers/01501-02000/01944-PROOF.pdf
1945,A281210,PROOF,budget,papers/01501-02000/01945-PROOF.pdf
1946,A229390,PROOF,image-count,papers/01501-02000/01946-PROOF.pdf
1947,A280897,PROOF,budget,papers/01501-02000/01947-PROOF.pdf
1948,A280437,PROOF,budget,papers/01501-02000/01948-PROOF.pdf
1949,A281209,PROOF,budget,papers/01501-02000/01949-PROOF.pdf
1950,A229584,PROOF,defective,papers/01501-02000/01950-PROOF.pdf
1951,A279575,PROOF,budget,papers/01501-02000/01951-PROOF.pdf
1952,A279852,PROOF,budget,papers/01501-02000/01952-PROOF.pdf
1953,A280393,PROOF,budget,papers/01501-02000/01953-PROOF.pdf
1954,A264281,PROOF,index-change,papers/01501-02000/01954-PROOF.pdf
1955,A264332,PROOF,index-change,papers/01501-02000/01955-PROOF.pdf
1956,A264360,PROOF,index-change,papers/01501-02000/01956-PROOF.pdf
1957,A264502,PROOF,index-change,papers/01501-02000/01957-PROOF.pdf
1958,A264565,PROOF,index-change,papers/01501-02000/01958-PROOF.pdf
1959,A264579,PROOF,index-change,papers/01501-02000/01959-PROOF.pdf
1960,A220036,PROOF,min-filter-image,papers/01501-02000/01960-PROOF.pdf
1961,A280436,PROOF,budget,papers/01501-02000/01961-PROOF.pdf
1962,A281208,PROOF,budget,papers/01501-02000/01962-PROOF.pdf
1963,A221687,PROOF,occupancy-turn,papers/01501-02000/01963-PROOF.pdf
1964,A221189,PROOF,occupancy-image,papers/01501-02000/01964-PROOF.pdf
1965,A229667,PROOF,defective,papers/01501-02000/01965-PROOF.pdf
1966,A229633,PROOF,defective,papers/01501-02000/01966-PROOF.pdf
1967,A279651,PROOF,budget,papers/01501-02000/01967-PROOF.pdf
1968,A280474,PROOF,budget,papers/01501-02000/01968-PROOF.pdf
1969,A280896,PROOF,budget,papers/01501-02000/01969-PROOF.pdf
1970,A282185,PROOF,budget,papers/01501-02000/01970-PROOF.pdf
1971,A264000,PROOF,index-change,papers/01501-02000/01971-PROOF.pdf
1972,A264166,PROOF,index-change,papers/01501-02000/01972-PROOF.pdf
1973,A264218,PROOF,index-change,papers/01501-02000/01973-PROOF.pdf
1974,A264239,PROOF,index-change,papers/01501-02000/01974-PROOF.pdf
1975,A264245,PROOF,index-change,papers/01501-02000/01975-PROOF.pdf
1976,A264359,PROOF,index-change,papers/01501-02000/01976-PROOF.pdf
1977,A221110,PROOF,occupancy-image,papers/01501-02000/01977-PROOF.pdf
1978,A229388,PROOF,image-count,papers/01501-02000/01978-PROOF.pdf
1979,A219500,PROOF,min-filter-image,papers/01501-02000/01979-PROOF.pdf
1980,A229455,PROOF,defective,papers/01501-02000/01980-PROOF.pdf
1981,A229589,PROOF,defective,papers/01501-02000/01981-PROOF.pdf
1982,A280118,PROOF,budget,papers/01501-02000/01982-PROOF.pdf
1983,A281124,PROOF,budget,papers/01501-02000/01983-PROOF.pdf
1984,A219940,PROOF,min-filter-image,papers/01501-02000/01984-PROOF.pdf
1985,A279263,PROOF,budget,papers/01501-02000/01985-PROOF.pdf
1986,A279736,PROOF,budget,papers/01501-02000/01986-PROOF.pdf
1987,A281760,PROOF,budget,papers/01501-02000/01987-PROOF.pdf
1988,A219004,PROOF,image-count,papers/01501-02000/01988-PROOF.pdf
1989,A221236,PROOF,occupancy-image,papers/01501-02000/01989-PROOF.pdf
1990,A229601,PROOF,defective,papers/01501-02000/01990-PROOF.pdf
1991,A229632,PROOF,defective,papers/01501-02000/01991-PROOF.pdf
1992,A219579,PROOF,min-filter-image,papers/01501-02000/01992-PROOF.pdf
1993,A220030,PROOF,min-filter-image,papers/01501-02000/01993-PROOF.pdf
1994,A221801,PROOF,occupancy-turn,papers/01501-02000/01994-PROOF.pdf
1995,A220205,PROOF,min-filter-image,papers/01501-02000/01995-PROOF.pdf
1996,A231125,PROOF,chessboard-colour-class,papers/01501-02000/01996-PROOF.pdf
1997,A229536,PROOF,defective,papers/01501-02000/01997-PROOF.pdf
1998,A231134,PROOF,chessboard-colour-class,papers/01501-02000/01998-PROOF.pdf
1999,A263999,PROOF,index-change,papers/01501-02000/01999-PROOF.pdf
2000,A264202,PROOF,index-change,papers/01501-02000/02000-PROOF.pdf
2001,A219715,PROOF,min-filter-image,papers/02001-02500/02001-PROOF.pdf
2002,A229387,PROOF,image-count,papers/02001-02500/02002-PROOF.pdf
2003,A279971,PROOF,budget,papers/02001-02500/02003-PROOF.pdf
2004,A281050,PROOF,budget,papers/02001-02500/02004-PROOF.pdf
2005,A281930,PROOF,budget,papers/02001-02500/02005-PROOF.pdf
2006,A218060,PROOF,image-count,papers/02001-02500/02006-PROOF.pdf
2007,A220011,PROOF,min-filter-image,papers/02001-02500/02007-PROOF.pdf
2008,A229638,PROOF,defective,papers/02001-02500/02008-PROOF.pdf
2009,A279300,PROOF,budget,papers/02001-02500/02009-PROOF.pdf
2010,A279865,PROOF,budget,papers/02001-02500/02010-PROOF.pdf
2011,A280309,PROOF,budget,papers/02001-02500/02011-PROOF.pdf
2012,A219406,PROOF,image-count,papers/02001-02500/02012-PROOF.pdf
2013,A221059,PROOF,image-count,papers/02001-02500/02013-PROOF.pdf
2014,A280155,PROOF,budget,papers/02001-02500/02014-PROOF.pdf
2015,A281982,PROOF,budget,papers/02001-02500/02015-PROOF.pdf
2016,A268055,PROOF,row-column-introduction-order,papers/02001-02500/02016-PROOF.pdf
2017,A220045,PROOF,min-filter-image,papers/02001-02500/02017-PROOF.pdf
2018,A229665,PROOF,defective,papers/02001-02500/02018-PROOF.pdf
2019,A221304,PROOF,occupancy-image,papers/02001-02500/02019-PROOF.pdf
2020,A219803,PROOF,min-filter-image,papers/02001-02500/02020-PROOF.pdf
2021,A269621,PROOF,repeated-value-polynomial,papers/02001-02500/02021-PROOF.pdf
2022,A269642,PROOF,repeated-value-polynomial,papers/02001-02500/02022-PROOF.pdf
2023,A209116,PROOF,necklace-condition,papers/02001-02500/02023-PROOF.pdf
2024,A217639,PROOF,image-count,papers/02001-02500/02024-PROOF.pdf
2025,A269496,PROOF,repeated-value-polynomial,papers/02001-02500/02025-PROOF.pdf
2026,A269539,PROOF,repeated-value-polynomial,papers/02001-02500/02026-PROOF.pdf
2027,A269585,PROOF,repeated-value-polynomial,papers/02001-02500/02027-PROOF.pdf
2028,A269608,PROOF,repeated-value-polynomial,papers/02001-02500/02028-PROOF.pdf
2029,A230983,PROOF,chessboard-colour-class,papers/02001-02500/02029-PROOF.pdf
2030,A221517,PROOF,lattice-quasipolynomial,papers/02001-02500/02030-PROOF.pdf
2031,A231067,PROOF,chessboard-colour-class,papers/02001-02500/02031-PROOF.pdf
2032,A199706,PROOF,lattice-quasipolynomial,papers/02001-02500/02032-PROOF.pdf
2033,A200058,PROOF,lattice-quasipolynomial,papers/02001-02500/02033-PROOF.pdf
2034,A202964,PROOF,lattice-quasipolynomial,papers/02001-02500/02034-PROOF.pdf
2035,A221525,PROOF,lattice-quasipolynomial,papers/02001-02500/02035-PROOF.pdf
2036,A264507,PROOF,index-change,papers/02001-02500/02036-PROOF.pdf
2037,A199848,PROOF,lattice-quasipolynomial,papers/02001-02500/02037-PROOF.pdf
2038,A208946,PROOF,necklace-condition,papers/02001-02500/02038-PROOF.pdf
2039,A209345,PROOF,necklace-condition,papers/02001-02500/02039-PROOF.pdf
2040,A221544,PROOF,lattice-quasipolynomial,papers/02001-02500/02040-PROOF.pdf
2041,A245872,PROOF,lattice-quasipolynomial,papers/02001-02500/02041-PROOF.pdf
2042,A247534,PROOF,lattice-quasipolynomial,papers/02001-02500/02042-PROOF.pdf
2043,A219422,PROOF,image-count,papers/02001-02500/02043-PROOF.pdf
2044,A221575,PROOF,lattice-quasipolynomial,papers/02001-02500/02044-PROOF.pdf
2045,A245951,PROOF,lattice-quasipolynomial,papers/02001-02500/02045-PROOF.pdf
2046,A212825,PROOF,introduction-order,papers/02001-02500/02046-PROOF.pdf
2047,A219136,PROOF,image-count,papers/02001-02500/02047-PROOF.pdf
2048,A201815,PROOF,lattice-quasipolynomial,papers/02001-02500/02048-PROOF.pdf
2049,A249711,PROOF,fixed-length-polynomial,papers/02001-02500/02049-PROOF.pdf
2050,A199533,PROOF,lattice-quasipolynomial,papers/02001-02500/02050-PROOF.pdf
2051,A199901,PROOF,lattice-quasipolynomial,papers/02001-02500/02051-PROOF.pdf
2052,A200433,PROOF,lattice-quasipolynomial,papers/02001-02500/02052-PROOF.pdf
2053,A201814,PROOF,lattice-quasipolynomial,papers/02001-02500/02053-PROOF.pdf
2054,A221465,PROOF,lattice-quasipolynomial,papers/02001-02500/02054-PROOF.pdf
2055,A249710,PROOF,fixed-length-polynomial,papers/02001-02500/02055-PROOF.pdf
2056,A200787,PROOF,lattice-quasipolynomial,papers/02001-02500/02056-PROOF.pdf
2057,A200840,PROOF,lattice-quasipolynomial,papers/02001-02500/02057-PROOF.pdf
2058,A200873,PROOF,lattice-quasipolynomial,papers/02001-02500/02058-PROOF.pdf
2059,A200888,PROOF,lattice-quasipolynomial,papers/02001-02500/02059-PROOF.pdf
2060,A201044,PROOF,lattice-quasipolynomial,papers/02001-02500/02060-PROOF.pdf
2061,A212838,PROOF,lattice-quasipolynomial,papers/02001-02500/02061-PROOF.pdf
2062,A221464,PROOF,lattice-quasipolynomial,papers/02001-02500/02062-PROOF.pdf
2063,A241965,PROOF,lattice-quasipolynomial,papers/02001-02500/02063-PROOF.pdf
2064,A249709,PROOF,fixed-length-polynomial,papers/02001-02500/02064-PROOF.pdf
2065,A250082,PROOF,fixed-length-polynomial,papers/02001-02500/02065-PROOF.pdf
2066,A250337,PROOF,fixed-length-polynomial,papers/02001-02500/02066-PROOF.pdf
2067,A254700,PROOF,fixed-length-polynomial,papers/02001-02500/02067-PROOF.pdf
2068,A124699,PROOF,circular-digit-trace,papers/02001-02500/02068-PROOF.pdf
2069,A183900,PROOF,multiset-profile,papers/02001-02500/02069-PROOF.pdf
2070,A183908,PROOF,multiset-profile,papers/02001-02500/02070-PROOF.pdf
2071,A208600,PROOF,necklace-burnside,papers/02001-02500/02071-PROOF.pdf
2072,A208827,PROOF,necklace-burnside,papers/02001-02500/02072-PROOF.pdf
2073,A222123,PROOF,edge-maximum-image,papers/02001-02500/02073-PROOF.pdf
2074,A249845,PROOF,fixed-length-polynomial,papers/02001-02500/02074-PROOF.pdf
2075,A250142,PROOF,fixed-length-polynomial,papers/02001-02500/02075-PROOF.pdf
2076,A250388,PROOF,fixed-length-polynomial,papers/02001-02500/02076-PROOF.pdf
2077,A267234,PROOF,fixed-length-polynomial,papers/02001-02500/02077-PROOF.pdf
2078,A267473,PROOF,fixed-length-polynomial,papers/02001-02500/02078-PROOF.pdf
2079,A269411,PROOF,fixed-length-polynomial,papers/02001-02500/02079-PROOF.pdf
2080,A269437,PROOF,fixed-length-polynomial,papers/02001-02500/02080-PROOF.pdf
2081,A269469,PROOF,fixed-length-polynomial,papers/02001-02500/02081-PROOF.pdf
2082,A264069,PROOF,index-change,papers/02001-02500/02082-PROOF.pdf
2083,A264130,PROOF,index-change,papers/02001-02500/02083-PROOF.pdf
2084,A264339,PROOF,index-change,papers/02001-02500/02084-PROOF.pdf
2085,A264167,PROOF,index-change,papers/02001-02500/02085-PROOF.pdf
2086,A264286,PROOF,index-change,papers/02001-02500/02086-PROOF.pdf
2087,A264491,PROOF,index-change,papers/02001-02500/02087-PROOF.pdf
2088,A165373,PROOF,connected-regions,papers/02001-02500/02088-PROOF.pdf
2089,A264203,PROOF,index-change,papers/02001-02500/02089-PROOF.pdf
2090,A264622,PROOF,index-change,papers/02001-02500/02090-PROOF.pdf
2091,A220035,PROOF,min-filter-image,papers/02001-02500/02091-PROOF.pdf
2092,A279851,PROOF,budget,papers/02001-02500/02092-PROOF.pdf
2093,A280400,PROOF,budget,papers/02001-02500/02093-PROOF.pdf
2094,A221323,PROOF,occupancy-image,papers/02001-02500/02094-PROOF.pdf
2095,A221933,PROOF,occupancy-turn,papers/02001-02500/02095-PROOF.pdf
2096,A221737,PROOF,occupancy-turn,papers/02001-02500/02096-PROOF.pdf
2097,A221769,PROOF,occupancy-turn,papers/02001-02500/02097-PROOF.pdf
2098,A280435,PROOF,budget,papers/02001-02500/02098-PROOF.pdf
2099,A281207,PROOF,budget,papers/02001-02500/02099-PROOF.pdf
2100,A221777,PROOF,occupancy-turn,papers/02001-02500/02100-PROOF.pdf
2101,A219499,PROOF,min-filter-image,papers/02001-02500/02101-PROOF.pdf
2102,A221610,PROOF,occupancy-turn,papers/02001-02500/02102-PROOF.pdf
2103,A263960,PROOF,index-change,papers/02001-02500/02103-PROOF.pdf
2104,A218314,PROOF,image-count,papers/02001-02500/02104-PROOF.pdf
2105,A221425,PROOF,occupancy-turn,papers/02001-02500/02105-PROOF.pdf
2106,A222382,PROOF,image-count,papers/02001-02500/02106-PROOF.pdf
2107,A220542,PROOF,image-count,papers/02001-02500/02107-PROOF.pdf
2108,A217959,PROOF,image-count,papers/02001-02500/02108-PROOF.pdf
2109,A221673,PROOF,occupancy-turn,papers/02001-02500/02109-PROOF.pdf
2110,A218838,PROOF,image-count,papers/02001-02500/02110-PROOF.pdf
2111,A220029,PROOF,min-filter-image,papers/02001-02500/02111-PROOF.pdf
2112,A219774,PROOF,min-filter-image,papers/02001-02500/02112-PROOF.pdf
2113,A221270,PROOF,occupancy-image,papers/02001-02500/02113-PROOF.pdf
2114,A221783,PROOF,occupancy-turn,papers/02001-02500/02114-PROOF.pdf
2115,A219520,PROOF,min-filter-image,papers/02001-02500/02115-PROOF.pdf
2116,A218516,PROOF,image-count,papers/02001-02500/02116-PROOF.pdf
2117,A218587,PROOF,image-count,papers/02001-02500/02117-PROOF.pdf
2118,A221587,PROOF,image-count,papers/02001-02500/02118-PROOF.pdf
2119,A279262,PROOF,budget,papers/02001-02500/02119-PROOF.pdf
2120,A279742,PROOF,budget,papers/02001-02500/02120-PROOF.pdf
2121,A281206,PROOF,budget,papers/02001-02500/02121-PROOF.pdf
2122,A219286,PROOF,min-filter-image,papers/02001-02500/02122-PROOF.pdf
2123,A218997,PROOF,image-count,papers/02001-02500/02123-PROOF.pdf
2124,A219699,PROOF,min-filter-image,papers/02001-02500/02124-PROOF.pdf
2125,A199910,PROOF,lattice-quasipolynomial,papers/02001-02500/02125-PROOF.pdf
2126,A219628,PROOF,min-filter-image,papers/02001-02500/02126-PROOF.pdf
2127,A220574,PROOF,image-count,papers/02001-02500/02127-PROOF.pdf
2128,A219349,PROOF,min-filter-image,papers/02001-02500/02128-PROOF.pdf
2129,A219382,PROOF,min-filter-image,papers/02001-02500/02129-PROOF.pdf
2130,A219514,PROOF,min-filter-image,papers/02001-02500/02130-PROOF.pdf
2131,A219768,PROOF,min-filter-image,papers/02001-02500/02131-PROOF.pdf
2132,A218079,PROOF,image-count,papers/02001-02500/02132-PROOF.pdf
2133,A221030,PROOF,image-count,papers/02001-02500/02133-PROOF.pdf
2134,A269620,PROOF,repeated-value-polynomial,papers/02001-02500/02134-PROOF.pdf
2135,A269641,PROOF,repeated-value-polynomial,papers/02001-02500/02135-PROOF.pdf
2136,A220381,PROOF,image-count,papers/02001-02500/02136-PROOF.pdf
2137,A218051,PROOF,image-count,papers/02001-02500/02137-PROOF.pdf
2138,A218892,PROOF,image-count,papers/02001-02500/02138-PROOF.pdf
2139,A220250,PROOF,image-count,papers/02001-02500/02139-PROOF.pdf
2140,A269495,PROOF,repeated-value-polynomial,papers/02001-02500/02140-PROOF.pdf
2141,A269538,PROOF,repeated-value-polynomial,papers/02001-02500/02141-PROOF.pdf
2142,A269584,PROOF,repeated-value-polynomial,papers/02001-02500/02142-PROOF.pdf
2143,A269607,PROOF,repeated-value-polynomial,papers/02001-02500/02143-PROOF.pdf
2144,A268054,PROOF,row-column-introduction-order,papers/02001-02500/02144-PROOF.pdf
2145,A218065,PROOF,image-count,papers/02001-02500/02145-PROOF.pdf
2146,A219293,PROOF,min-filter-image,papers/02001-02500/02146-PROOF.pdf
2147,A221516,PROOF,lattice-quasipolynomial,papers/02001-02500/02147-PROOF.pdf
2148,A202253,PROOF,lattice-quasipolynomial,papers/02001-02500/02148-PROOF.pdf
2149,A219211,PROOF,min-filter-image,papers/02001-02500/02149-PROOF.pdf
2150,A219680,PROOF,min-filter-image,papers/02001-02500/02150-PROOF.pdf
2151,A218313,PROOF,image-count,papers/02001-02500/02151-PROOF.pdf
2152,A219167,PROOF,min-filter-image,papers/02001-02500/02152-PROOF.pdf
2153,A219411,PROOF,image-count,papers/02001-02500/02153-PROOF.pdf
2154,A219589,PROOF,min-filter-image,papers/02001-02500/02154-PROOF.pdf
2155,A202254,PROOF,lattice-quasipolynomial,papers/02001-02500/02155-PROOF.pdf
2156,A219621,PROOF,min-filter-image,papers/02001-02500/02156-PROOF.pdf
2157,A219810,PROOF,min-filter-image,papers/02001-02500/02157-PROOF.pdf
2158,A221066,PROOF,image-count,papers/02001-02500/02158-PROOF.pdf
2159,A221543,PROOF,lattice-quasipolynomial,papers/02001-02500/02159-PROOF.pdf
2160,A245158,PROOF,introduction-order,papers/02001-02500/02160-PROOF.pdf
2161,A245871,PROOF,lattice-quasipolynomial,papers/02001-02500/02161-PROOF.pdf
2162,A219100,PROOF,image-count,papers/02001-02500/02162-PROOF.pdf
2163,A220147,PROOF,min-filter-image,papers/02001-02500/02163-PROOF.pdf
2164,A199944,PROOF,lattice-quasipolynomial,papers/02001-02500/02164-PROOF.pdf
2165,A200166,PROOF,lattice-quasipolynomial,papers/02001-02500/02165-PROOF.pdf
2166,A218898,PROOF,image-count,papers/02001-02500/02166-PROOF.pdf
2167,A248462,PROOF,lattice-quasipolynomial,papers/02001-02500/02167-PROOF.pdf
2168,A218199,PROOF,image-count,papers/02001-02500/02168-PROOF.pdf
2169,A219846,PROOF,min-filter-image,papers/02001-02500/02169-PROOF.pdf
2170,A199532,PROOF,lattice-quasipolynomial,papers/02001-02500/02170-PROOF.pdf
2171,A199900,PROOF,lattice-quasipolynomial,papers/02001-02500/02171-PROOF.pdf
2172,A200432,PROOF,lattice-quasipolynomial,papers/02001-02500/02172-PROOF.pdf
2173,A219150,PROOF,image-count,papers/02001-02500/02173-PROOF.pdf
2174,A268075,PROOF,row-column-introduction-order,papers/02001-02500/02174-PROOF.pdf
2175,A125316,PROOF,circular-digit-trace,papers/02001-02500/02175-PROOF.pdf
2176,A200786,PROOF,lattice-quasipolynomial,papers/02001-02500/02176-PROOF.pdf
2177,A200839,PROOF,lattice-quasipolynomial,papers/02001-02500/02177-PROOF.pdf
2178,A200872,PROOF,lattice-quasipolynomial,papers/02001-02500/02178-PROOF.pdf
2179,A200887,PROOF,lattice-quasipolynomial,papers/02001-02500/02179-PROOF.pdf
2180,A201043,PROOF,lattice-quasipolynomial,papers/02001-02500/02180-PROOF.pdf
2181,A212837,PROOF,lattice-quasipolynomial,papers/02001-02500/02181-PROOF.pdf
2182,A222122,PROOF,edge-maximum-image,papers/02001-02500/02182-PROOF.pdf
2183,A247727,PROOF,lattice-quasipolynomial,papers/02001-02500/02183-PROOF.pdf
2184,A249708,PROOF,fixed-length-polynomial,papers/02001-02500/02184-PROOF.pdf
2185,A254699,PROOF,fixed-length-polynomial,papers/02001-02500/02185-PROOF.pdf
2186,A183899,PROOF,multiset-profile,papers/02001-02500/02186-PROOF.pdf
2187,A183907,PROOF,multiset-profile,papers/02001-02500/02187-PROOF.pdf
2188,A208599,PROOF,necklace-burnside,papers/02001-02500/02188-PROOF.pdf
2189,A250141,PROOF,fixed-length-polynomial,papers/02001-02500/02189-PROOF.pdf
2190,A267233,PROOF,fixed-length-polynomial,papers/02001-02500/02190-PROOF.pdf
2191,A267472,PROOF,fixed-length-polynomial,papers/02001-02500/02191-PROOF.pdf
2192,A269410,PROOF,fixed-length-polynomial,papers/02001-02500/02192-PROOF.pdf
2193,A269436,PROOF,fixed-length-polynomial,papers/02001-02500/02193-PROOF.pdf
2194,A269468,PROOF,fixed-length-polynomial,papers/02001-02500/02194-PROOF.pdf
2195,A229577,PROOF,defective,papers/02001-02500/02195-PROOF.pdf
2196,A229576,PROOF,defective,papers/02001-02500/02196-PROOF.pdf
2197,A264018,PROOF,index-change,papers/02001-02500/02197-PROOF.pdf
2198,A264068,PROOF,index-change,papers/02001-02500/02198-PROOF.pdf
2199,A264085,PROOF,index-change,papers/02001-02500/02199-PROOF.pdf
2200,A264338,PROOF,index-change,papers/02001-02500/02200-PROOF.pdf
2201,A264366,PROOF,index-change,papers/02001-02500/02201-PROOF.pdf
2202,A264551,PROOF,index-change,papers/02001-02500/02202-PROOF.pdf
2203,A229575,PROOF,defective,papers/02001-02500/02203-PROOF.pdf
2204,A279897,PROOF,budget,papers/02001-02500/02204-PROOF.pdf
2205,A281321,PROOF,budget,papers/02001-02500/02205-PROOF.pdf
2206,A264107,PROOF,index-change,papers/02001-02500/02206-PROOF.pdf
2207,A221089,PROOF,occupancy-image,papers/02001-02500/02207-PROOF.pdf
2208,A221241,PROOF,occupancy-image,papers/02001-02500/02208-PROOF.pdf
2209,A229389,PROOF,image-count,papers/02001-02500/02209-PROOF.pdf
2210,A229574,PROOF,defective,papers/02001-02500/02210-PROOF.pdf
2211,A217268,PROOF,occupancy-image,papers/02001-02500/02211-PROOF.pdf
2212,A229583,PROOF,defective,papers/02001-02500/02212-PROOF.pdf
2213,A223356,PROOF,graph-array-lumped,papers/02001-02500/02213-PROOF.pdf
2214,A221689,PROOF,occupancy-turn,papers/02001-02500/02214-PROOF.pdf
2215,A221732,PROOF,occupancy-turn,papers/02001-02500/02215-PROOF.pdf
2216,A229474,PROOF,defective,papers/02001-02500/02216-PROOF.pdf
2217,A229573,PROOF,defective,papers/02001-02500/02217-PROOF.pdf
2218,A229530,PROOF,defective,papers/02001-02500/02218-PROOF.pdf
2219,A279574,PROOF,budget,papers/02001-02500/02219-PROOF.pdf
2220,A279896,PROOF,budget,papers/02001-02500/02220-PROOF.pdf
2221,A280392,PROOF,budget,papers/02001-02500/02221-PROOF.pdf
2222,A281320,PROOF,budget,papers/02001-02500/02222-PROOF.pdf
2223,A281051,PROOF,budget,papers/02001-02500/02223-PROOF.pdf
2224,A221126,PROOF,occupancy-image,papers/02001-02500/02224-PROOF.pdf
2225,A220997,PROOF,occupancy-image,papers/02001-02500/02225-PROOF.pdf
2226,A280228,PROOF,budget,papers/02001-02500/02226-PROOF.pdf
2227,A221246,PROOF,occupancy-image,papers/02001-02500/02227-PROOF.pdf
2228,A220034,PROOF,min-filter-image,papers/02001-02500/02228-PROOF.pdf
2229,A229454,PROOF,defective,papers/02001-02500/02229-PROOF.pdf
2230,A229529,PROOF,defective,papers/02001-02500/02230-PROOF.pdf
2231,A229588,PROOF,defective,papers/02001-02500/02231-PROOF.pdf
2232,A221478,PROOF,occupancy-turn,papers/02001-02500/02232-PROOF.pdf
2233,A263812,PROOF,index-change,papers/02001-02500/02233-PROOF.pdf
2234,A264106,PROOF,index-change,papers/02001-02500/02234-PROOF.pdf
2235,A264544,PROOF,index-change,papers/02001-02500/02235-PROOF.pdf
2236,A264570,PROOF,index-change,papers/02001-02500/02236-PROOF.pdf
2237,A230928,PROOF,chessboard-colour-class,papers/02001-02500/02237-PROOF.pdf
2238,A221088,PROOF,occupancy-image,papers/02001-02500/02238-PROOF.pdf
2239,A221604,PROOF,occupancy-turn,papers/02001-02500/02239-PROOF.pdf
2240,A229432,PROOF,image-count,papers/02001-02500/02240-PROOF.pdf
2241,A221891,PROOF,occupancy-turn,papers/02001-02500/02241-PROOF.pdf
2242,A220806,PROOF,image-count,papers/02001-02500/02242-PROOF.pdf
2243,A279735,PROOF,budget,papers/02001-02500/02243-PROOF.pdf
2244,A280227,PROOF,budget,papers/02001-02500/02244-PROOF.pdf
2245,A281199,PROOF,budget,papers/02001-02500/02245-PROOF.pdf
2246,A219498,PROOF,min-filter-image,papers/02001-02500/02246-PROOF.pdf
2247,A221756,PROOF,occupancy-turn,papers/02001-02500/02247-PROOF.pdf
2248,A220324,PROOF,image-count,papers/02001-02500/02248-PROOF.pdf
2249,A217340,PROOF,occupancy-image,papers/02001-02500/02249-PROOF.pdf
2250,A221795,PROOF,occupancy-turn,papers/02001-02500/02250-PROOF.pdf
2251,A229535,PROOF,defective,papers/02001-02500/02251-PROOF.pdf
2252,A279322,PROOF,budget,papers/02001-02500/02252-PROOF.pdf
2253,A280279,PROOF,budget,papers/02001-02500/02253-PROOF.pdf
2254,A280399,PROOF,budget,papers/02001-02500/02254-PROOF.pdf
2255,A221420,PROOF,occupancy-image,papers/02001-02500/02255-PROOF.pdf
2256,A189327,PROOF,lattice-quasipolynomial,papers/02001-02500/02256-PROOF.pdf
2257,A229472,PROOF,defective,papers/02001-02500/02257-PROOF.pdf
2258,A217958,PROOF,image-count,papers/02001-02500/02258-PROOF.pdf
2259,A221276,PROOF,occupancy-image,papers/02001-02500/02259-PROOF.pdf
2260,A221598,PROOF,lattice-quasipolynomial,papers/02001-02500/02260-PROOF.pdf
2261,A229314,PROOF,image-count,papers/02001-02500/02261-PROOF.pdf
2262,A217450,PROOF,image-count,papers/02001-02500/02262-PROOF.pdf
2263,A228980,PROOF,image-count,papers/02001-02500/02263-PROOF.pdf
2264,A229386,PROOF,image-count,papers/02001-02500/02264-PROOF.pdf
2265,A229514,PROOF,image-count,papers/02001-02500/02265-PROOF.pdf
2266,A199705,PROOF,lattice-quasipolynomial,papers/02001-02500/02266-PROOF.pdf
2267,A200039,PROOF,lattice-quasipolynomial,papers/02001-02500/02267-PROOF.pdf
2268,A200455,PROOF,lattice-quasipolynomial,papers/02001-02500/02268-PROOF.pdf
2269,A202963,PROOF,lattice-quasipolynomial,papers/02001-02500/02269-PROOF.pdf
2270,A268053,PROOF,row-column-introduction-order,papers/02001-02500/02270-PROOF.pdf
2271,A212824,PROOF,introduction-order,papers/02001-02500/02271-PROOF.pdf
2272,A219143,PROOF,image-count,papers/02001-02500/02272-PROOF.pdf
2273,A221574,PROOF,lattice-quasipolynomial,papers/02001-02500/02273-PROOF.pdf
2274,A201813,PROOF,lattice-quasipolynomial,papers/02001-02500/02274-PROOF.pdf
2275,A199531,PROOF,lattice-quasipolynomial,papers/02001-02500/02275-PROOF.pdf
2276,A199834,PROOF,lattice-closed-form,papers/02001-02500/02276-PROOF.pdf
2277,A199899,PROOF,lattice-quasipolynomial,papers/02001-02500/02277-PROOF.pdf
2278,A200431,PROOF,lattice-quasipolynomial,papers/02001-02500/02278-PROOF.pdf
2279,A201812,PROOF,lattice-quasipolynomial,papers/02001-02500/02279-PROOF.pdf
2280,A124698,PROOF,circular-digit-trace,papers/02001-02500/02280-PROOF.pdf
2281,A212836,PROOF,lattice-quasipolynomial,papers/02001-02500/02281-PROOF.pdf
2282,A257061,PROOF,partial-sum-divisibility,papers/02001-02500/02282-PROOF.pdf
2283,A183898,PROOF,multiset-profile,papers/02001-02500/02283-PROOF.pdf
2284,A183906,PROOF,multiset-profile,papers/02001-02500/02284-PROOF.pdf
2285,A208598,PROOF,necklace-burnside,papers/02001-02500/02285-PROOF.pdf
2286,A270257,PROOF,triangle-quasipolynomial,papers/02001-02500/02286-PROOF.pdf
2287,A270510,PROOF,triangle-quasipolynomial,papers/02001-02500/02287-PROOF.pdf
2288,A141135,DISPROOF,disproof,papers/02001-02500/02288-DISPROOF.pdf
2289,A264361,PROOF,index-change,papers/02001-02500/02289-PROOF.pdf
2290,A165381,PROOF,connected-regions,papers/02001-02500/02290-PROOF.pdf
2291,A165378,PROOF,connected-regions,papers/02001-02500/02291-PROOF.pdf
2292,A221083,PROOF,occupancy-image,papers/02001-02500/02292-PROOF.pdf
2293,A223319,PROOF,graph-array-lumped,papers/02001-02500/02293-PROOF.pdf
2294,A229681,PROOF,defective,papers/02001-02500/02294-PROOF.pdf
2295,A221223,PROOF,occupancy-image,papers/02001-02500/02295-PROOF.pdf
2296,A264280,PROOF,index-change,papers/02001-02500/02296-PROOF.pdf
2297,A221266,PROOF,occupancy-image,papers/02001-02500/02297-PROOF.pdf
2298,A221162,PROOF,occupancy-image,papers/02001-02500/02298-PROOF.pdf
2299,A230929,PROOF,chessboard-colour-class,papers/02001-02500/02299-PROOF.pdf
2300,A221397,PROOF,occupancy-turn,papers/02001-02500/02300-PROOF.pdf
2301,A221196,PROOF,occupancy-image,papers/02001-02500/02301-PROOF.pdf
2302,A229680,PROOF,defective,papers/02001-02500/02302-PROOF.pdf
2303,A229666,PROOF,defective,papers/02001-02500/02303-PROOF.pdf
2304,A164754,PROOF,connected-regions,papers/02001-02500/02304-PROOF.pdf
2305,A264238,PROOF,index-change,papers/02001-02500/02305-PROOF.pdf
2306,A264307,PROOF,index-change,papers/02001-02500/02306-PROOF.pdf
2307,A220154,PROOF,min-filter-image,papers/02001-02500/02307-PROOF.pdf
2308,A229600,PROOF,defective,papers/02001-02500/02308-PROOF.pdf
2309,A220033,PROOF,min-filter-image,papers/02001-02500/02309-PROOF.pdf
2310,A221652,PROOF,occupancy-turn,papers/02001-02500/02310-PROOF.pdf
2311,A219853,PROOF,min-filter-image,papers/02001-02500/02311-PROOF.pdf
2312,A218059,PROOF,image-count,papers/02001-02500/02312-PROOF.pdf
2313,A219405,PROOF,image-count,papers/02001-02500/02313-PROOF.pdf
2314,A221685,PROOF,lattice-quasipolynomial,papers/02001-02500/02314-PROOF.pdf
2315,A221597,PROOF,lattice-quasipolynomial,papers/02001-02500/02315-PROOF.pdf
2316,A125468,PROOF,circular-digit-trace,papers/02001-02500/02316-PROOF.pdf
2317,A218837,PROOF,image-count,papers/02001-02500/02317-PROOF.pdf
2318,A125445,PROOF,circular-digit-trace,papers/02001-02500/02318-PROOF.pdf
2319,A219003,PROOF,image-count,papers/02001-02500/02319-PROOF.pdf
2320,A125421,PROOF,circular-digit-trace,papers/02001-02500/02320-PROOF.pdf
2321,A125396,PROOF,circular-digit-trace,papers/02001-02500/02321-PROOF.pdf
2322,A218078,PROOF,image-count,papers/02001-02500/02322-PROOF.pdf
2323,A125370,PROOF,circular-digit-trace,papers/02001-02500/02323-PROOF.pdf
2324,A125343,PROOF,circular-digit-trace,papers/02001-02500/02324-PROOF.pdf
2325,A124999,PROOF,circular-digit-trace,papers/02001-02500/02325-PROOF.pdf
2326,A199833,PROOF,lattice-closed-form,papers/02001-02500/02326-PROOF.pdf
2327,A268052,PROOF,row-column-introduction-order,papers/02001-02500/02327-PROOF.pdf
2328,A257060,PROOF,partial-sum-divisibility,papers/02001-02500/02328-PROOF.pdf
2329,A183897,PROOF,multiset-profile,papers/02001-02500/02329-PROOF.pdf
2330,A183905,PROOF,multiset-profile,papers/02001-02500/02330-PROOF.pdf
2331,A076217,DISPROOF,disproof,papers/02001-02500/02331-DISPROOF.pdf
2332,A264067,PROOF,index-change,papers/02001-02500/02332-PROOF.pdf
2333,A264129,PROOF,index-change,papers/02001-02500/02333-PROOF.pdf
2334,A264337,PROOF,index-change,papers/02001-02500/02334-PROOF.pdf
2335,A164755,PROOF,connected-regions,papers/02001-02500/02335-PROOF.pdf
2336,A229506,PROOF,defective,papers/02001-02500/02336-PROOF.pdf
2337,A229582,PROOF,defective,papers/02001-02500/02337-PROOF.pdf
2338,A281200,PROOF,budget,papers/02001-02500/02338-PROOF.pdf
2339,A165372,PROOF,connected-regions,papers/02001-02500/02339-PROOF.pdf
2340,A229505,PROOF,defective,papers/02001-02500/02340-PROOF.pdf
2341,A229581,PROOF,defective,papers/02001-02500/02341-PROOF.pdf
2342,A229473,PROOF,defective,papers/02001-02500/02342-PROOF.pdf
2343,A229572,PROOF,defective,papers/02001-02500/02343-PROOF.pdf
2344,A221414,PROOF,occupancy-image,papers/02001-02500/02344-PROOF.pdf
2345,A229504,PROOF,defective,papers/02001-02500/02345-PROOF.pdf
2346,A229580,PROOF,defective,papers/02001-02500/02346-PROOF.pdf
2347,A220932,PROOF,image-count,papers/02001-02500/02347-PROOF.pdf
2348,A163733,PROOF,connected-ones,papers/02001-02500/02348-PROOF.pdf
2349,A199835,PROOF,lattice-closed-form,papers/02001-02500/02349-PROOF.pdf
2350,A212823,PROOF,introduction-order,papers/02001-02500/02350-PROOF.pdf
2351,A264273,PROOF,index-change,papers/02001-02500/02351-PROOF.pdf
2352,A189277,PROOF,array-permutation,papers/02001-02500/02352-PROOF.pdf
2353,A202801,PROOF,neighbour-existential,papers/02001-02500/02353-PROOF.pdf
2354,A203938,PROOF,pair-sum-order,papers/02001-02500/02354-PROOF.pdf
2355,A223666,PROOF,order-cond,papers/02001-02500/02355-PROOF.pdf
2356,A209811,PROOF,relabelling,papers/02001-02500/02356-PROOF.pdf
2357,A205750,PROOF,edge-count-pattern,papers/02001-02500/02357-PROOF.pdf
2358,A186123,PROOF,subblock-neighbour,papers/02001-02500/02358-PROOF.pdf
2359,A204738,PROOF,lex-subblock-statistic,papers/02001-02500/02359-PROOF.pdf
2360,A223185,PROOF,graph-adjacency-array,papers/02001-02500/02360-PROOF.pdf
2361,A208793,PROOF,neighbour-arithmetic,papers/02001-02500/02361-PROOF.pdf
2362,A240036,PROOF,ray-sum,papers/02001-02500/02362-PROOF.pdf
2363,A206363,PROOF,edge-count-pattern,papers/02001-02500/02363-PROOF.pdf
2364,A210049,PROOF,all-values-subblock,papers/02001-02500/02364-PROOF.pdf
2365,A204507,PROOF,canonical-subblock,papers/02001-02500/02365-PROOF.pdf
2366,A189607,PROOF,array-permutation,papers/02001-02500/02366-PROOF.pdf
2367,A189596,PROOF,displacement-set,papers/02001-02500/02367-PROOF.pdf
2368,A189597,PROOF,displacement-set,papers/02001-02500/02368-PROOF.pdf
2369,A189598,PROOF,displacement-set,papers/02001-02500/02369-PROOF.pdf
2370,A189599,PROOF,displacement-set,papers/02001-02500/02370-PROOF.pdf
2371,A203865,PROOF,pair-sum-order,papers/02001-02500/02371-PROOF.pdf
2372,A210058,PROOF,relabelling,papers/02001-02500/02372-PROOF.pdf
2373,A206653,PROOF,pattern-subblock,papers/02001-02500/02373-PROOF.pdf
2374,A203890,PROOF,pair-sum-order,papers/02001-02500/02374-PROOF.pdf
2375,A223785,PROOF,order-cond,papers/02001-02500/02375-PROOF.pdf
2376,A187957,PROOF,subblock-neighbour,papers/02001-02500/02376-PROOF.pdf
2377,A240790,PROOF,ray-sum,papers/02001-02500/02377-PROOF.pdf
2378,A240757,PROOF,ray-sum,papers/02001-02500/02378-PROOF.pdf
2379,A208442,PROOF,neighbour-arithmetic,papers/02001-02500/02379-PROOF.pdf
2380,A187933,PROOF,subblock-neighbour,papers/02001-02500/02380-PROOF.pdf
2381,A185499,PROOF,subblock-neighbour,papers/02001-02500/02381-PROOF.pdf
2382,A205259,PROOF,pattern-subblock,papers/02001-02500/02382-PROOF.pdf
2383,A208565,PROOF,relabelling,papers/02001-02500/02383-PROOF.pdf
2384,A202985,PROOF,neighbour-existential,papers/02001-02500/02384-PROOF.pdf
2385,A265994,PROOF,self-count,papers/02001-02500/02385-PROOF.pdf
2386,A223679,PROOF,order-cond,papers/02001-02500/02386-PROOF.pdf
2387,A263679,PROOF,bounded-displacement,papers/02001-02500/02387-PROOF.pdf
2388,A203960,PROOF,pair-sum-order,papers/02001-02500/02388-PROOF.pdf
2389,A203393,PROOF,neighbour-existential,papers/02001-02500/02389-PROOF.pdf
2390,A198650,PROOF,relabelling,papers/02001-02500/02390-PROOF.pdf
2391,A209015,PROOF,neighbour-arithmetic,papers/02001-02500/02391-PROOF.pdf
2392,A229009,PROOF,window-image,papers/02001-02500/02392-PROOF.pdf
2393,A186916,PROOF,subblock-neighbour,papers/02001-02500/02393-PROOF.pdf
2394,A204534,PROOF,pattern-subblock,papers/02001-02500/02394-PROOF.pdf
2395,A241351,PROOF,ray-sum,papers/02001-02500/02395-PROOF.pdf
2396,A205611,PROOF,edge-count-pattern,papers/02001-02500/02396-PROOF.pdf
2397,A206616,PROOF,edge-count-pattern,papers/02001-02500/02397-PROOF.pdf
2398,A209894,PROOF,relabelling,papers/02001-02500/02398-PROOF.pdf
2399,A183477,PROOF,neighbour-arithmetic,papers/02001-02500/02399-PROOF.pdf
2400,A189431,PROOF,array-permutation,papers/02001-02500/02400-PROOF.pdf
2401,A275397,PROOF,relabelling,papers/02001-02500/02401-PROOF.pdf
2402,A205349,PROOF,edge-count-pattern,papers/02001-02500/02402-PROOF.pdf
2403,A266103,PROOF,self-count,papers/02001-02500/02403-PROOF.pdf
2404,A204332,PROOF,pair-sum-order,papers/02001-02500/02404-PROOF.pdf
2405,A200663,PROOF,modular-previous-sum,papers/02001-02500/02405-PROOF.pdf
2406,A185800,PROOF,subblock-neighbour,papers/02001-02500/02406-PROOF.pdf
2407,A266077,PROOF,self-count,papers/02001-02500/02407-PROOF.pdf
2408,A275568,PROOF,offset-inequality,papers/02001-02500/02408-PROOF.pdf
2409,A209043,PROOF,neighbour-arithmetic,papers/02001-02500/02409-PROOF.pdf
2410,A207099,PROOF,modular-previous-sum,papers/02001-02500/02410-PROOF.pdf
2411,A263750,PROOF,bounded-displacement,papers/02001-02500/02411-PROOF.pdf
2412,A263749,PROOF,bounded-displacement,papers/02001-02500/02412-PROOF.pdf
2413,A209099,PROOF,relabelling,papers/02001-02500/02413-PROOF.pdf
2414,A263748,PROOF,bounded-displacement,papers/02001-02500/02414-PROOF.pdf
2415,A263747,PROOF,bounded-displacement,papers/02001-02500/02415-PROOF.pdf
2416,A203501,PROOF,neighbour-existential,papers/02001-02500/02416-PROOF.pdf
2417,A205605,PROOF,edge-count-pattern,papers/02001-02500/02417-PROOF.pdf
2418,A206596,PROOF,edge-count-pattern,papers/02001-02500/02418-PROOF.pdf
2419,A202794,PROOF,neighbour-existential,papers/02001-02500/02419-PROOF.pdf
2420,A252947,PROOF,consecutive-triple,papers/02001-02500/02420-PROOF.pdf
2421,A223508,PROOF,graph-adjacency-array,papers/02001-02500/02421-PROOF.pdf
2422,A205585,PROOF,edge-count-pattern,papers/02001-02500/02422-PROOF.pdf
2423,A198664,PROOF,relabelling,papers/02001-02500/02423-PROOF.pdf
2424,A193699,PROOF,covered-by-zero-block,papers/02001-02500/02424-PROOF.pdf
2425,A206393,PROOF,distance-inequality,papers/02001-02500/02425-PROOF.pdf
2426,A210170,PROOF,all-values-subblock,papers/02001-02500/02426-PROOF.pdf
2427,A209845,PROOF,relabelling,papers/02001-02500/02427-PROOF.pdf
2428,A189146,PROOF,array-permutation,papers/02001-02500/02428-PROOF.pdf
2429,A204957,PROOF,lex-subblock-statistic,papers/02001-02500/02429-PROOF.pdf
2430,A210104,PROOF,relabelling,papers/02001-02500/02430-PROOF.pdf
2431,A211503,PROOF,pairwise-compatible-array,papers/02001-02500/02431-PROOF.pdf
2432,A205755,PROOF,edge-count-pattern,papers/02001-02500/02432-PROOF.pdf
2433,A276250,PROOF,offset-inequality,papers/02001-02500/02433-PROOF.pdf
2434,A253038,PROOF,consecutive-triple,papers/02001-02500/02434-PROOF.pdf
2435,A193704,PROOF,covered-by-zero-block,papers/02001-02500/02435-PROOF.pdf
2436,A279380,PROOF,pattern-neighbour,papers/02001-02500/02436-PROOF.pdf
2437,A204861,PROOF,canonical-subblock,papers/02001-02500/02437-PROOF.pdf
2438,A186897,PROOF,subblock-neighbour,papers/02001-02500/02438-PROOF.pdf
2439,A250360,PROOF,shifted-multiplicity,papers/02001-02500/02439-PROOF.pdf
2440,A203449,PROOF,pair-sum-order,papers/02001-02500/02440-PROOF.pdf
2441,A232259,PROOF,neighbour-existential,papers/02001-02500/02441-PROOF.pdf
2442,A279712,PROOF,pattern-neighbour,papers/02001-02500/02442-PROOF.pdf
2443,A189589,PROOF,displacement-set,papers/02001-02500/02443-PROOF.pdf
2444,A189590,PROOF,displacement-set,papers/02001-02500/02444-PROOF.pdf
2445,A189591,PROOF,displacement-set,papers/02001-02500/02445-PROOF.pdf
2446,A189592,PROOF,displacement-set,papers/02001-02500/02446-PROOF.pdf
2447,A204798,PROOF,lex-subblock-statistic,papers/02001-02500/02447-PROOF.pdf
2448,A204394,PROOF,pattern-subblock,papers/02001-02500/02448-PROOF.pdf
2449,A206689,PROOF,distance-inequality,papers/02001-02500/02449-PROOF.pdf
2450,A204075,PROOF,relabelling,papers/02001-02500/02450-PROOF.pdf
2451,A235551,PROOF,lex-subblock-statistic,papers/02001-02500/02451-PROOF.pdf
2452,A240780,PROOF,pattern-neighbour,papers/02001-02500/02452-PROOF.pdf
2453,A198622,PROOF,relabelling,papers/02001-02500/02453-PROOF.pdf
2454,A235760,PROOF,lex-subblock-statistic,papers/02001-02500/02454-PROOF.pdf
2455,A203864,PROOF,pair-sum-order,papers/02001-02500/02455-PROOF.pdf
2456,A223502,PROOF,graph-adjacency-array,papers/02001-02500/02456-PROOF.pdf
2457,A210082,PROOF,all-values-subblock,papers/02001-02500/02457-PROOF.pdf
2458,A210305,PROOF,all-values-subblock,papers/02001-02500/02458-PROOF.pdf
2459,A262269,PROOF,digit-divisibility,papers/02001-02500/02459-PROOF.pdf
2460,A262790,PROOF,digit-divisibility,papers/02001-02500/02460-PROOF.pdf
2461,A186845,PROOF,subblock-neighbour,papers/02001-02500/02461-PROOF.pdf
2462,A189182,PROOF,array-permutation,papers/02001-02500/02462-PROOF.pdf
2463,A189250,PROOF,array-permutation,papers/02001-02500/02463-PROOF.pdf
2464,A189653,PROOF,array-permutation,papers/02001-02500/02464-PROOF.pdf
2465,A188304,PROOF,subblock-neighbour,papers/02001-02500/02465-PROOF.pdf
2466,A185482,PROOF,subblock-neighbour,papers/02001-02500/02466-PROOF.pdf
2467,A210092,PROOF,all-values-subblock,papers/02001-02500/02467-PROOF.pdf
2468,A252841,PROOF,consecutive-triple,papers/02001-02500/02468-PROOF.pdf
2469,A205194,PROOF,lex-subblock-statistic,papers/02001-02500/02469-PROOF.pdf
2470,A252987,PROOF,consecutive-triple,papers/02001-02500/02470-PROOF.pdf
2471,A231110,PROOF,modular-neighbour,papers/02001-02500/02471-PROOF.pdf
2472,A209500,PROOF,relabelling,papers/02001-02500/02472-PROOF.pdf
2473,A209826,PROOF,relabelling,papers/02001-02500/02473-PROOF.pdf
2474,A209523,PROOF,relabelling,papers/02001-02500/02474-PROOF.pdf
2475,A210179,PROOF,all-values-subblock,papers/02001-02500/02475-PROOF.pdf
2476,A210263,PROOF,all-values-subblock,papers/02001-02500/02476-PROOF.pdf
2477,A210316,PROOF,all-values-subblock,papers/02001-02500/02477-PROOF.pdf
2478,A186933,PROOF,subblock-neighbour,papers/02001-02500/02478-PROOF.pdf
2479,A297503,PROOF,neighbour-existential,papers/02001-02500/02479-PROOF.pdf
2480,A235518,PROOF,lex-subblock-statistic,papers/02001-02500/02480-PROOF.pdf
2481,A204285,PROOF,canonical-subblock,papers/02001-02500/02481-PROOF.pdf
2482,A230991,PROOF,modular-neighbour,papers/02001-02500/02482-PROOF.pdf
2483,A232593,PROOF,neighbour-existential,papers/02001-02500/02483-PROOF.pdf
2484,A187597,PROOF,subblock-neighbour,papers/02001-02500/02484-PROOF.pdf
2485,A281341,PROOF,pattern-neighbour,papers/02001-02500/02485-PROOF.pdf
2486,A210781,PROOF,distance-repeat,papers/02001-02500/02486-PROOF.pdf
2487,A203665,PROOF,pair-sum-order,papers/02001-02500/02487-PROOF.pdf
2488,A207098,PROOF,modular-previous-sum,papers/02001-02500/02488-PROOF.pdf
2489,A218662,PROOF,neighbour-existential,papers/02001-02500/02489-PROOF.pdf
2490,A206756,PROOF,edge-count-pattern,papers/02001-02500/02490-PROOF.pdf
2491,A210139,PROOF,all-values-subblock,papers/02001-02500/02491-PROOF.pdf
2492,A240515,PROOF,cell-condition-pattern,papers/02001-02500/02492-PROOF.pdf
2493,A250349,PROOF,shifted-multiplicity,papers/02001-02500/02493-PROOF.pdf
2494,A240291,PROOF,ray-sum,papers/02001-02500/02494-PROOF.pdf
2495,A240317,PROOF,ray-sum,papers/02001-02500/02495-PROOF.pdf
2496,A240383,PROOF,ray-sum,papers/02001-02500/02496-PROOF.pdf
2497,A240286,PROOF,ray-sum,papers/02001-02500/02497-PROOF.pdf
2498,A240390,PROOF,ray-sum,papers/02001-02500/02498-PROOF.pdf
2499,A240429,PROOF,ray-sum,papers/02001-02500/02499-PROOF.pdf
2500,A252877,PROOF,consecutive-triple,papers/02001-02500/02500-PROOF.pdf
2501,A193698,PROOF,covered-by-zero-block,papers/02501-03000/02501-PROOF.pdf
2502,A262483,PROOF,digit-divisibility,papers/02501-03000/02502-PROOF.pdf
2503,A263300,PROOF,digit-divisibility,papers/02501-03000/02503-PROOF.pdf
2504,A203272,PROOF,neighbour-existential,papers/02501-03000/02504-PROOF.pdf
2505,A240626,PROOF,cell-condition-pattern,papers/02501-03000/02505-PROOF.pdf
2506,A231140,PROOF,neighbour-arithmetic,papers/02501-03000/02506-PROOF.pdf
2507,A204522,PROOF,pattern-subblock,papers/02501-03000/02507-PROOF.pdf
2508,A203738,PROOF,pair-sum-order,papers/02501-03000/02508-PROOF.pdf
2509,A230827,PROOF,modular-neighbour,papers/02501-03000/02509-PROOF.pdf
2510,A232926,PROOF,clashing-pair,papers/02501-03000/02510-PROOF.pdf
2511,A269040,PROOF,global-count,papers/02501-03000/02511-PROOF.pdf
2512,A269057,PROOF,global-count,papers/02501-03000/02512-PROOF.pdf
2513,A180765,PROOF,neighbour-existential,papers/02501-03000/02513-PROOF.pdf
2514,A197437,PROOF,neighbour-arithmetic,papers/02501-03000/02514-PROOF.pdf
2515,A263639,PROOF,bounded-displacement,papers/02501-03000/02515-PROOF.pdf
2516,A223365,PROOF,graph-adjacency-array,papers/02501-03000/02516-PROOF.pdf
2517,A235676,PROOF,lex-subblock-statistic,papers/02501-03000/02517-PROOF.pdf
2518,A203781,PROOF,pair-sum-order,papers/02501-03000/02518-PROOF.pdf
2519,A262451,PROOF,digit-divisibility,papers/02501-03000/02519-PROOF.pdf
2520,A263120,PROOF,digit-divisibility,papers/02501-03000/02520-PROOF.pdf
2521,A229008,PROOF,window-image,papers/02501-03000/02521-PROOF.pdf
2522,A204105,PROOF,pair-sum-order,papers/02501-03000/02522-PROOF.pdf
2523,A205749,PROOF,edge-count-pattern,papers/02501-03000/02523-PROOF.pdf
2524,A202800,PROOF,neighbour-existential,papers/02501-03000/02524-PROOF.pdf
2525,A203983,PROOF,relabelling,papers/02501-03000/02525-PROOF.pdf
2526,A205471,PROOF,edge-count-pattern,papers/02501-03000/02526-PROOF.pdf
2527,A183469,PROOF,neighbour-arithmetic,papers/02501-03000/02527-PROOF.pdf
2528,A266014,PROOF,self-count,papers/02501-03000/02528-PROOF.pdf
2529,A230895,PROOF,modular-neighbour,papers/02501-03000/02529-PROOF.pdf
2530,A209965,PROOF,all-values-subblock,papers/02501-03000/02530-PROOF.pdf
2531,A204941,PROOF,pattern-subblock,papers/02501-03000/02531-PROOF.pdf
2532,A205267,PROOF,pattern-subblock,papers/02501-03000/02532-PROOF.pdf
2533,A239600,PROOF,modular-running-sum,papers/02501-03000/02533-PROOF.pdf
2534,A240261,PROOF,modular-running-sum,papers/02501-03000/02534-PROOF.pdf
2535,A275271,PROOF,offset-inequality,papers/02501-03000/02535-PROOF.pdf
2536,A189440,PROOF,array-permutation,papers/02501-03000/02536-PROOF.pdf
2537,A275262,PROOF,relabelling,papers/02501-03000/02537-PROOF.pdf
2538,A204737,PROOF,lex-subblock-statistic,papers/02501-03000/02538-PROOF.pdf
2539,A262315,PROOF,digit-divisibility,papers/02501-03000/02539-PROOF.pdf
2540,A262845,PROOF,digit-divisibility,papers/02501-03000/02540-PROOF.pdf
2541,A203736,PROOF,pair-sum-order,papers/02501-03000/02541-PROOF.pdf
2542,A235512,PROOF,lex-subblock-statistic,papers/02501-03000/02542-PROOF.pdf
2543,A204316,PROOF,canonical-subblock,papers/02501-03000/02543-PROOF.pdf
2544,A209173,PROOF,distance-repeat,papers/02501-03000/02544-PROOF.pdf
2545,A206355,PROOF,distance-inequality,papers/02501-03000/02545-PROOF.pdf
2546,A204526,PROOF,pattern-subblock,papers/02501-03000/02546-PROOF.pdf
2547,A269140,PROOF,capped-pair-count,papers/02501-03000/02547-PROOF.pdf
2548,A269149,PROOF,global-count,papers/02501-03000/02548-PROOF.pdf
2549,A232520,PROOF,neighbour-existential,papers/02501-03000/02549-PROOF.pdf
2550,A268796,PROOF,global-count,papers/02501-03000/02550-PROOF.pdf
2551,A268807,PROOF,global-count,papers/02501-03000/02551-PROOF.pdf
2552,A267731,PROOF,repeated-value,papers/02501-03000/02552-PROOF.pdf
2553,A204570,PROOF,relabelling,papers/02501-03000/02553-PROOF.pdf
2554,A203737,PROOF,pair-sum-order,papers/02501-03000/02554-PROOF.pdf
2555,A268739,PROOF,global-count,papers/02501-03000/02555-PROOF.pdf
2556,A268749,PROOF,capped-pair-count,papers/02501-03000/02556-PROOF.pdf
2557,A268787,PROOF,global-count,papers/02501-03000/02557-PROOF.pdf
2558,A268891,PROOF,global-count,papers/02501-03000/02558-PROOF.pdf
2559,A269000,PROOF,global-count,papers/02501-03000/02559-PROOF.pdf
2560,A269087,PROOF,global-count,papers/02501-03000/02560-PROOF.pdf
2561,A189307,PROOF,array-permutation,papers/02501-03000/02561-PROOF.pdf
2562,A224023,PROOF,order-cond,papers/02501-03000/02562-PROOF.pdf
2563,A276245,PROOF,relabelling,papers/02501-03000/02563-PROOF.pdf
2564,A189448,PROOF,array-permutation,papers/02501-03000/02564-PROOF.pdf
2565,A223560,PROOF,graph-adjacency-array,papers/02501-03000/02565-PROOF.pdf
2566,A275354,PROOF,offset-inequality,papers/02501-03000/02566-PROOF.pdf
2567,A265874,PROOF,self-count,papers/02501-03000/02567-PROOF.pdf
2568,A265961,PROOF,self-count,papers/02501-03000/02568-PROOF.pdf
2569,A224968,PROOF,subblock-matrix,papers/02501-03000/02569-PROOF.pdf
2570,A267994,PROOF,repeated-value,papers/02501-03000/02570-PROOF.pdf
2571,A205436,PROOF,edge-count-pattern,papers/02501-03000/02571-PROOF.pdf
2572,A269191,PROOF,capped-pair-count,papers/02501-03000/02572-PROOF.pdf
2573,A269183,PROOF,global-count,papers/02501-03000/02573-PROOF.pdf
2574,A214105,PROOF,circular-coloring,papers/02501-03000/02574-PROOF.pdf
2575,A183536,PROOF,neighbour-arithmetic,papers/02501-03000/02575-PROOF.pdf
2576,A252918,PROOF,consecutive-triple,papers/02501-03000/02576-PROOF.pdf
2577,A210161,PROOF,relabelling,papers/02501-03000/02577-PROOF.pdf
2578,A209461,PROOF,relabelling,papers/02501-03000/02578-PROOF.pdf
2579,A209605,PROOF,distance-repeat,papers/02501-03000/02579-PROOF.pdf
2580,A223997,PROOF,order-cond,papers/02501-03000/02580-PROOF.pdf
2581,A210009,PROOF,all-values-subblock,papers/02501-03000/02581-PROOF.pdf
2582,A205408,PROOF,pattern-subblock,papers/02501-03000/02582-PROOF.pdf
2583,A198703,PROOF,relabelling,papers/02501-03000/02583-PROOF.pdf
2584,A185605,PROOF,subblock-neighbour,papers/02501-03000/02584-PROOF.pdf
2585,A235568,PROOF,lex-subblock-statistic,papers/02501-03000/02585-PROOF.pdf
2586,A235433,PROOF,lex-subblock-statistic,papers/02501-03000/02586-PROOF.pdf
2587,A204965,PROOF,canonical-subblock,papers/02501-03000/02587-PROOF.pdf
2588,A269034,PROOF,global-count,papers/02501-03000/02588-PROOF.pdf
2589,A269051,PROOF,global-count,papers/02501-03000/02589-PROOF.pdf
2590,A187133,PROOF,subblock-neighbour,papers/02501-03000/02590-PROOF.pdf
2591,A232198,PROOF,neighbour-existential,papers/02501-03000/02591-PROOF.pdf
2592,A231637,PROOF,neighbour-arithmetic,papers/02501-03000/02592-PROOF.pdf
2593,A238723,PROOF,ray-sum,papers/02501-03000/02593-PROOF.pdf
2594,A239027,PROOF,ray-sum,papers/02501-03000/02594-PROOF.pdf
2595,A253611,PROOF,consecutive-triple,papers/02501-03000/02595-PROOF.pdf
2596,A235556,PROOF,lex-subblock-statistic,papers/02501-03000/02596-PROOF.pdf
2597,A240041,PROOF,ray-sum,papers/02501-03000/02597-PROOF.pdf
2598,A241392,PROOF,ray-sum,papers/02501-03000/02598-PROOF.pdf
2599,A224655,PROOF,subblock-matrix,papers/02501-03000/02599-PROOF.pdf
2600,A231033,PROOF,modular-neighbour,papers/02501-03000/02600-PROOF.pdf
2601,A230965,PROOF,modular-neighbour,papers/02501-03000/02601-PROOF.pdf
2602,A263796,PROOF,digit-divisibility,papers/02501-03000/02602-PROOF.pdf
2603,A263870,PROOF,digit-divisibility,papers/02501-03000/02603-PROOF.pdf
2604,A214145,PROOF,circular-coloring,papers/02501-03000/02604-PROOF.pdf
2605,A231910,PROOF,neighbour-arithmetic,papers/02501-03000/02605-PROOF.pdf
2606,A183964,PROOF,subblock-neighbour,papers/02501-03000/02606-PROOF.pdf
2607,A199144,PROOF,relabelling,papers/02501-03000/02607-PROOF.pdf
2608,A235768,PROOF,lex-subblock-statistic,papers/02501-03000/02608-PROOF.pdf
2609,A185490,PROOF,subblock-neighbour,papers/02501-03000/02609-PROOF.pdf
2610,A189350,PROOF,array-permutation,papers/02501-03000/02610-PROOF.pdf
2611,A236518,PROOF,lex-subblock-statistic,papers/02501-03000/02611-PROOF.pdf
2612,A231077,PROOF,modular-neighbour,papers/02501-03000/02612-PROOF.pdf
2613,A231046,PROOF,modular-neighbour,papers/02501-03000/02613-PROOF.pdf
2614,A204776,PROOF,pattern-subblock,papers/02501-03000/02614-PROOF.pdf
2615,A184692,PROOF,neighbour-arithmetic,papers/02501-03000/02615-PROOF.pdf
2616,A223678,PROOF,order-cond,papers/02501-03000/02616-PROOF.pdf
2617,A276244,PROOF,relabelling,papers/02501-03000/02617-PROOF.pdf
2618,A185744,PROOF,subblock-neighbour,papers/02501-03000/02618-PROOF.pdf
2619,A203282,PROOF,neighbour-existential,papers/02501-03000/02619-PROOF.pdf
2620,A204393,PROOF,pattern-subblock,papers/02501-03000/02620-PROOF.pdf
2621,A204741,PROOF,pattern-subblock,papers/02501-03000/02621-PROOF.pdf
2622,A231823,PROOF,neighbour-arithmetic,papers/02501-03000/02622-PROOF.pdf
2623,A185849,PROOF,subblock-neighbour,papers/02501-03000/02623-PROOF.pdf
2624,A208257,PROOF,relabelling,papers/02501-03000/02624-PROOF.pdf
2625,A214241,PROOF,circular-coloring,papers/02501-03000/02625-PROOF.pdf
2626,A187932,PROOF,subblock-neighbour,papers/02501-03000/02626-PROOF.pdf
2627,A225022,PROOF,subblock-matrix,papers/02501-03000/02627-PROOF.pdf
2628,A275091,PROOF,relabelling,papers/02501-03000/02628-PROOF.pdf
2629,A210121,PROOF,relabelling,papers/02501-03000/02629-PROOF.pdf
2630,A203937,PROOF,pair-sum-order,papers/02501-03000/02630-PROOF.pdf
2631,A189602,PROOF,displacement-set,papers/02501-03000/02631-PROOF.pdf
2632,A207097,PROOF,modular-previous-sum,papers/02501-03000/02632-PROOF.pdf
2633,A265977,PROOF,self-count,papers/02501-03000/02633-PROOF.pdf
2634,A204652,PROOF,pattern-subblock,papers/02501-03000/02634-PROOF.pdf
2635,A231082,PROOF,modular-neighbour,papers/02501-03000/02635-PROOF.pdf
2636,A275033,PROOF,relabelling,papers/02501-03000/02636-PROOF.pdf
2637,A219082,PROOF,neighbour-existential,papers/02501-03000/02637-PROOF.pdf
2638,A232118,PROOF,neighbour-existential,papers/02501-03000/02638-PROOF.pdf
2639,A267640,PROOF,repeated-value,papers/02501-03000/02639-PROOF.pdf
2640,A231857,PROOF,neighbour-arithmetic,papers/02501-03000/02640-PROOF.pdf
2641,A280066,PROOF,pattern-neighbour,papers/02501-03000/02641-PROOF.pdf
2642,A238770,PROOF,ray-sum,papers/02501-03000/02642-PROOF.pdf
2643,A238992,PROOF,ray-sum,papers/02501-03000/02643-PROOF.pdf
2644,A239644,PROOF,ray-sum,papers/02501-03000/02644-PROOF.pdf
2645,A239814,PROOF,ray-sum,papers/02501-03000/02645-PROOF.pdf
2646,A189582,PROOF,displacement-set,papers/02501-03000/02646-PROOF.pdf
2647,A189583,PROOF,displacement-set,papers/02501-03000/02647-PROOF.pdf
2648,A189584,PROOF,displacement-set,papers/02501-03000/02648-PROOF.pdf
2649,A189586,PROOF,displacement-set,papers/02501-03000/02649-PROOF.pdf
2650,A252860,PROOF,consecutive-triple,papers/02501-03000/02650-PROOF.pdf
2651,A223184,PROOF,graph-adjacency-array,papers/02501-03000/02651-PROOF.pdf
2652,A232416,PROOF,neighbour-existential,papers/02501-03000/02652-PROOF.pdf
2653,A223957,PROOF,order-cond,papers/02501-03000/02653-PROOF.pdf
2654,A184608,PROOF,subblock-neighbour,papers/02501-03000/02654-PROOF.pdf
2655,A236491,PROOF,lex-subblock-statistic,papers/02501-03000/02655-PROOF.pdf
2656,A224743,PROOF,subblock-matrix,papers/02501-03000/02656-PROOF.pdf
2657,A253037,PROOF,consecutive-triple,papers/02501-03000/02657-PROOF.pdf
2658,A189452,PROOF,array-permutation,papers/02501-03000/02658-PROOF.pdf
2659,A235731,PROOF,lex-subblock-statistic,papers/02501-03000/02659-PROOF.pdf
2660,A240148,PROOF,ray-sum,papers/02501-03000/02660-PROOF.pdf
2661,A241249,PROOF,ray-sum,papers/02501-03000/02661-PROOF.pdf
2662,A189601,PROOF,displacement-set,papers/02501-03000/02662-PROOF.pdf
2663,A232940,PROOF,clashing-pair,papers/02501-03000/02663-PROOF.pdf
2664,A206219,PROOF,lex-subblock-statistic,papers/02501-03000/02664-PROOF.pdf
2665,A276296,PROOF,relabelling,papers/02501-03000/02665-PROOF.pdf
2666,A202984,PROOF,neighbour-existential,papers/02501-03000/02666-PROOF.pdf
2667,A204475,PROOF,pattern-subblock,papers/02501-03000/02667-PROOF.pdf
2668,A224157,PROOF,order-cond,papers/02501-03000/02668-PROOF.pdf
2669,A185838,PROOF,subblock-neighbour,papers/02501-03000/02669-PROOF.pdf
2670,A198714,PROOF,relabelling,papers/02501-03000/02670-PROOF.pdf
2671,A232841,PROOF,neighbour-existential,papers/02501-03000/02671-PROOF.pdf
2672,A231039,PROOF,modular-neighbour,papers/02501-03000/02672-PROOF.pdf
2673,A262475,PROOF,digit-divisibility,papers/02501-03000/02673-PROOF.pdf
2674,A209810,PROOF,relabelling,papers/02501-03000/02674-PROOF.pdf
2675,A238249,PROOF,lex-subblock-statistic,papers/02501-03000/02675-PROOF.pdf
2676,A183511,PROOF,neighbour-arithmetic,papers/02501-03000/02676-PROOF.pdf
2677,A209470,PROOF,distance-repeat,papers/02501-03000/02677-PROOF.pdf
2678,A203545,PROOF,neighbour-existential,papers/02501-03000/02678-PROOF.pdf
2679,A274892,PROOF,relabelling,papers/02501-03000/02679-PROOF.pdf
2680,A275501,PROOF,relabelling,papers/02501-03000/02680-PROOF.pdf
2681,A275562,PROOF,relabelling,papers/02501-03000/02681-PROOF.pdf
2682,A235958,PROOF,lex-subblock-statistic,papers/02501-03000/02682-PROOF.pdf
2683,A185568,PROOF,subblock-neighbour,papers/02501-03000/02683-PROOF.pdf
2684,A210048,PROOF,all-values-subblock,papers/02501-03000/02684-PROOF.pdf
2685,A240632,PROOF,cell-condition-pattern,papers/02501-03000/02685-PROOF.pdf
2686,A269017,PROOF,global-count,papers/02501-03000/02686-PROOF.pdf
2687,A239189,PROOF,ray-sum,papers/02501-03000/02687-PROOF.pdf
2688,A210130,PROOF,relabelling,papers/02501-03000/02688-PROOF.pdf
2689,A210400,PROOF,relabelling,papers/02501-03000/02689-PROOF.pdf
2690,A235749,PROOF,lex-subblock-statistic,papers/02501-03000/02690-PROOF.pdf
2691,A206173,PROOF,canonical-subblock,papers/02501-03000/02691-PROOF.pdf
2692,A189430,PROOF,array-permutation,papers/02501-03000/02692-PROOF.pdf
2693,A208268,PROOF,relabelling,papers/02501-03000/02693-PROOF.pdf
2694,A208313,PROOF,relabelling,papers/02501-03000/02694-PROOF.pdf
2695,A204947,PROOF,canonical-subblock,papers/02501-03000/02695-PROOF.pdf
2696,A231059,PROOF,modular-neighbour,papers/02501-03000/02696-PROOF.pdf
2697,A231052,PROOF,modular-neighbour,papers/02501-03000/02697-PROOF.pdf
2698,A199651,PROOF,relabelling,papers/02501-03000/02698-PROOF.pdf
2699,A275224,PROOF,relabelling,papers/02501-03000/02699-PROOF.pdf
2700,A186122,PROOF,subblock-neighbour,papers/02501-03000/02700-PROOF.pdf
2701,A204885,PROOF,pattern-subblock,papers/02501-03000/02701-PROOF.pdf
2702,A262797,PROOF,digit-divisibility,papers/02501-03000/02702-PROOF.pdf
2703,A263034,PROOF,digit-divisibility,papers/02501-03000/02703-PROOF.pdf
2704,A193697,PROOF,covered-by-zero-block,papers/02501-03000/02704-PROOF.pdf
2705,A210409,PROOF,relabelling,papers/02501-03000/02705-PROOF.pdf
2706,A208792,PROOF,neighbour-arithmetic,papers/02501-03000/02706-PROOF.pdf
2707,A235407,PROOF,lex-subblock-statistic,papers/02501-03000/02707-PROOF.pdf
2708,A241278,PROOF,ray-sum,papers/02501-03000/02708-PROOF.pdf
2709,A240256,PROOF,ray-sum,papers/02501-03000/02709-PROOF.pdf
2710,A252808,PROOF,consecutive-triple,papers/02501-03000/02710-PROOF.pdf
2711,A206631,PROOF,edge-count-pattern,papers/02501-03000/02711-PROOF.pdf
2712,A202793,PROOF,neighbour-existential,papers/02501-03000/02712-PROOF.pdf
2713,A265956,PROOF,self-count,papers/02501-03000/02713-PROOF.pdf
2714,A240786,PROOF,pattern-neighbour,papers/02501-03000/02714-PROOF.pdf
2715,A183452,PROOF,gf-conjecture,papers/02501-03000/02715-PROOF.pdf
2716,A276303,PROOF,offset-inequality,papers/02501-03000/02716-PROOF.pdf
2717,A224306,PROOF,order-cond,papers/02501-03000/02717-PROOF.pdf
2718,A236486,PROOF,lex-subblock-statistic,papers/02501-03000/02718-PROOF.pdf
2719,A262796,PROOF,digit-divisibility,papers/02501-03000/02719-PROOF.pdf
2720,A263033,PROOF,digit-divisibility,papers/02501-03000/02720-PROOF.pdf
2721,A225021,PROOF,subblock-matrix,papers/02501-03000/02721-PROOF.pdf
2722,A208441,PROOF,neighbour-arithmetic,papers/02501-03000/02722-PROOF.pdf
2723,A203735,PROOF,pair-sum-order,papers/02501-03000/02723-PROOF.pdf
2724,A184569,PROOF,lex-subblock-statistic,papers/02501-03000/02724-PROOF.pdf
2725,A204797,PROOF,lex-subblock-statistic,papers/02501-03000/02725-PROOF.pdf
2726,A262316,PROOF,digit-divisibility,papers/02501-03000/02726-PROOF.pdf
2727,A262846,PROOF,digit-divisibility,papers/02501-03000/02727-PROOF.pdf
2728,A232910,PROOF,neighbour-existential,papers/02501-03000/02728-PROOF.pdf
2729,A204074,PROOF,relabelling,papers/02501-03000/02729-PROOF.pdf
2730,A214104,PROOF,circular-coloring,papers/02501-03000/02730-PROOF.pdf
2731,A214190,PROOF,circular-coloring,papers/02501-03000/02731-PROOF.pdf
2732,A240194,PROOF,ray-sum,papers/02501-03000/02732-PROOF.pdf
2733,A262237,PROOF,digit-divisibility,papers/02501-03000/02733-PROOF.pdf
2734,A263285,PROOF,digit-divisibility,papers/02501-03000/02734-PROOF.pdf
2735,A252883,PROOF,consecutive-triple,papers/02501-03000/02735-PROOF.pdf
2736,A235579,PROOF,lex-subblock-statistic,papers/02501-03000/02736-PROOF.pdf
2737,A209740,PROOF,relabelling,papers/02501-03000/02737-PROOF.pdf
2738,A205331,PROOF,canonical-subblock,papers/02501-03000/02738-PROOF.pdf
2739,A223208,PROOF,graph-adjacency-array,papers/02501-03000/02739-PROOF.pdf
2740,A267718,PROOF,repeated-value,papers/02501-03000/02740-PROOF.pdf
2741,A275040,PROOF,relabelling,papers/02501-03000/02741-PROOF.pdf
2742,A275128,PROOF,relabelling,papers/02501-03000/02742-PROOF.pdf
2743,A198509,PROOF,relabelling,papers/02501-03000/02743-PROOF.pdf
2744,A203727,PROOF,pair-sum-order,papers/02501-03000/02744-PROOF.pdf
2745,A268773,PROOF,global-count,papers/02501-03000/02745-PROOF.pdf
2746,A204635,PROOF,pattern-subblock,papers/02501-03000/02746-PROOF.pdf
2747,A203919,PROOF,pattern-subblock,papers/02501-03000/02747-PROOF.pdf
2748,A223871,PROOF,order-cond,papers/02501-03000/02748-PROOF.pdf
2749,A230906,PROOF,modular-neighbour,papers/02501-03000/02749-PROOF.pdf
2750,A269884,PROOF,global-count,papers/02501-03000/02750-PROOF.pdf
2751,A268015,PROOF,repeated-value,papers/02501-03000/02751-PROOF.pdf
2752,A268022,PROOF,repeated-value,papers/02501-03000/02752-PROOF.pdf
2753,A219075,PROOF,neighbour-existential,papers/02501-03000/02753-PROOF.pdf
2754,A231421,PROOF,pattern-neighbour,papers/02501-03000/02754-PROOF.pdf
2755,A204310,PROOF,pattern-subblock,papers/02501-03000/02755-PROOF.pdf
2756,A231026,PROOF,modular-neighbour,papers/02501-03000/02756-PROOF.pdf
2757,A223996,PROOF,order-cond,papers/02501-03000/02757-PROOF.pdf
2758,A268765,PROOF,global-count,papers/02501-03000/02758-PROOF.pdf
2759,A203448,PROOF,pair-sum-order,papers/02501-03000/02759-PROOF.pdf
2760,A281951,PROOF,pattern-neighbour,papers/02501-03000/02760-PROOF.pdf
2761,A268780,PROOF,capped-pair-count,papers/02501-03000/02761-PROOF.pdf
2762,A209098,PROOF,relabelling,papers/02501-03000/02762-PROOF.pdf
2763,A211690,PROOF,pairwise-compatible-array,papers/02501-03000/02763-PROOF.pdf
2764,A242321,PROOF,window-coverage-order,papers/02501-03000/02764-PROOF.pdf
2765,A210057,PROOF,relabelling,papers/02501-03000/02765-PROOF.pdf
2766,A206652,PROOF,pattern-subblock,papers/02501-03000/02766-PROOF.pdf
2767,A204506,PROOF,canonical-subblock,papers/02501-03000/02767-PROOF.pdf
2768,A209360,PROOF,distance-repeat,papers/02501-03000/02768-PROOF.pdf
2769,A189594,PROOF,displacement-set,papers/02501-03000/02769-PROOF.pdf
2770,A189595,PROOF,displacement-set,papers/02501-03000/02770-PROOF.pdf
2771,A275087,PROOF,relabelling,papers/02501-03000/02771-PROOF.pdf
2772,A233160,PROOF,clashing-pair,papers/02501-03000/02772-PROOF.pdf
2773,A223797,PROOF,order-cond,papers/02501-03000/02773-PROOF.pdf
2774,A233143,PROOF,clashing-pair,papers/02501-03000/02774-PROOF.pdf
2775,A198475,PROOF,relabelling,papers/02501-03000/02775-PROOF.pdf
2776,A202799,PROOF,neighbour-existential,papers/02501-03000/02776-PROOF.pdf
2777,A233102,PROOF,rowmajor-across-columns,papers/02501-03000/02777-PROOF.pdf
2778,A189646,PROOF,array-permutation,papers/02501-03000/02778-PROOF.pdf
2779,A297454,PROOF,neighbour-existential,papers/02501-03000/02779-PROOF.pdf
2780,A189181,PROOF,array-permutation,papers/02501-03000/02780-PROOF.pdf
2781,A189249,PROOF,array-permutation,papers/02501-03000/02781-PROOF.pdf
2782,A189652,PROOF,array-permutation,papers/02501-03000/02782-PROOF.pdf
2783,A208861,PROOF,relabelling,papers/02501-03000/02783-PROOF.pdf
2784,A229007,PROOF,window-image,papers/02501-03000/02784-PROOF.pdf
2785,A200662,PROOF,modular-previous-sum,papers/02501-03000/02785-PROOF.pdf
2786,A241105,PROOF,cell-condition-pattern,papers/02501-03000/02786-PROOF.pdf
2787,A223231,PROOF,graph-adjacency-array,papers/02501-03000/02787-PROOF.pdf
2788,A205604,PROOF,edge-count-pattern,papers/02501-03000/02788-PROOF.pdf
2789,A184568,PROOF,lex-subblock-statistic,papers/02501-03000/02789-PROOF.pdf
2790,A269107,PROOF,capped-pair-count,papers/02501-03000/02790-PROOF.pdf
2791,A266126,PROOF,self-count,papers/02501-03000/02791-PROOF.pdf
2792,A224349,PROOF,order-cond,papers/02501-03000/02792-PROOF.pdf
2793,A268627,PROOF,capped-pair-count,papers/02501-03000/02793-PROOF.pdf
2794,A268638,PROOF,capped-pair-count,papers/02501-03000/02794-PROOF.pdf
2795,A275135,PROOF,offset-inequality,papers/02501-03000/02795-PROOF.pdf
2796,A232959,PROOF,clashing-pair,papers/02501-03000/02796-PROOF.pdf
2797,A265982,PROOF,self-count,papers/02501-03000/02797-PROOF.pdf
2798,A241126,PROOF,cell-condition-pattern,papers/02501-03000/02798-PROOF.pdf
2799,A214115,PROOF,circular-coloring,papers/02501-03000/02799-PROOF.pdf
2800,A268795,PROOF,global-count,papers/02501-03000/02800-PROOF.pdf
2801,A268806,PROOF,global-count,papers/02501-03000/02801-PROOF.pdf
2802,A266034,PROOF,self-count,papers/02501-03000/02802-PROOF.pdf
2803,A266056,PROOF,self-count,papers/02501-03000/02803-PROOF.pdf
2804,A205258,PROOF,pattern-subblock,papers/02501-03000/02804-PROOF.pdf
2805,A263219,PROOF,digit-divisibility,papers/02501-03000/02805-PROOF.pdf
2806,A235417,PROOF,lex-subblock-statistic,papers/02501-03000/02806-PROOF.pdf
2807,A268786,PROOF,global-count,papers/02501-03000/02807-PROOF.pdf
2808,A268890,PROOF,global-count,papers/02501-03000/02808-PROOF.pdf
2809,A268999,PROOF,global-count,papers/02501-03000/02809-PROOF.pdf
2810,A269086,PROOF,global-count,papers/02501-03000/02810-PROOF.pdf
2811,A208564,PROOF,relabelling,papers/02501-03000/02811-PROOF.pdf
2812,A240272,PROOF,ray-sum,papers/02501-03000/02812-PROOF.pdf
2813,A239995,PROOF,ray-sum,papers/02501-03000/02813-PROOF.pdf
2814,A240423,PROOF,ray-sum,papers/02501-03000/02814-PROOF.pdf
2815,A240456,PROOF,ray-sum,papers/02501-03000/02815-PROOF.pdf
2816,A224175,PROOF,walk-closed-form,papers/02501-03000/02816-PROOF.pdf
2817,A230972,PROOF,modular-neighbour,papers/02501-03000/02817-PROOF.pdf
2818,A274956,PROOF,relabelling,papers/02501-03000/02818-PROOF.pdf
2819,A224022,PROOF,order-cond,papers/02501-03000/02819-PROOF.pdf
2820,A204296,PROOF,neighbour-existential,papers/02501-03000/02820-PROOF.pdf
2821,A203726,PROOF,pair-sum-order,papers/02501-03000/02821-PROOF.pdf
2822,A224046,PROOF,walk-closed-form,papers/02501-03000/02822-PROOF.pdf
2823,A275567,PROOF,offset-inequality,papers/02501-03000/02823-PROOF.pdf
2824,A224202,PROOF,order-cond,papers/02501-03000/02824-PROOF.pdf
2825,A203537,PROOF,neighbour-existential,papers/02501-03000/02825-PROOF.pdf
2826,A224276,PROOF,order-cond,papers/02501-03000/02826-PROOF.pdf
2827,A250359,PROOF,shifted-multiplicity,papers/02501-03000/02827-PROOF.pdf
2828,A189645,PROOF,array-permutation,papers/02501-03000/02828-PROOF.pdf
2829,A239407,PROOF,ray-sum,papers/02501-03000/02829-PROOF.pdf
2830,A239651,PROOF,ray-sum,papers/02501-03000/02830-PROOF.pdf
2831,A203863,PROOF,pair-sum-order,papers/02501-03000/02831-PROOF.pdf
2832,A207096,PROOF,modular-previous-sum,papers/02501-03000/02832-PROOF.pdf
2833,A239250,PROOF,ray-sum,papers/02501-03000/02833-PROOF.pdf
2834,A224803,PROOF,subblock-matrix,papers/02501-03000/02834-PROOF.pdf
2835,A223947,PROOF,order-cond,papers/02501-03000/02835-PROOF.pdf
2836,A224571,PROOF,subblock-matrix,papers/02501-03000/02836-PROOF.pdf
2837,A224654,PROOF,subblock-matrix,papers/02501-03000/02837-PROOF.pdf
2838,A267717,PROOF,repeated-value,papers/02501-03000/02838-PROOF.pdf
2839,A224156,PROOF,order-cond,papers/02501-03000/02839-PROOF.pdf
2840,A275270,PROOF,offset-inequality,papers/02501-03000/02840-PROOF.pdf
2841,A198523,PROOF,relabelling,papers/02501-03000/02841-PROOF.pdf
2842,A210169,PROOF,all-values-subblock,papers/02501-03000/02842-PROOF.pdf
2843,A232592,PROOF,neighbour-existential,papers/02501-03000/02843-PROOF.pdf
2844,A204355,PROOF,pattern-subblock,papers/02501-03000/02844-PROOF.pdf
2845,A269010,PROOF,global-count,papers/02501-03000/02845-PROOF.pdf
2846,A269074,PROOF,global-count,papers/02501-03000/02846-PROOF.pdf
2847,A281712,PROOF,pattern-neighbour,papers/02501-03000/02847-PROOF.pdf
2848,A275396,PROOF,relabelling,papers/02501-03000/02848-PROOF.pdf
2849,A240035,PROOF,ray-sum,papers/02501-03000/02849-PROOF.pdf
2850,A209844,PROOF,relabelling,papers/02501-03000/02850-PROOF.pdf
2851,A211501,PROOF,pairwise-compatible-array,papers/02501-03000/02851-PROOF.pdf
2852,A198656,PROOF,relabelling,papers/02501-03000/02852-PROOF.pdf
2853,A250348,PROOF,shifted-multiplicity,papers/02501-03000/02853-PROOF.pdf
2854,A211502,PROOF,pairwise-compatible-array,papers/02501-03000/02854-PROOF.pdf
2855,A252859,PROOF,consecutive-triple,papers/02501-03000/02855-PROOF.pdf
2856,A223274,PROOF,graph-adjacency-array,papers/02501-03000/02856-PROOF.pdf
2857,A204357,PROOF,pattern-subblock,papers/02501-03000/02857-PROOF.pdf
2858,A198288,PROOF,relabelling,papers/02501-03000/02858-PROOF.pdf
2859,A223665,PROOF,order-cond,papers/02501-03000/02859-PROOF.pdf
2860,A233226,PROOF,clashing-pair,papers/02501-03000/02860-PROOF.pdf
2861,A184567,PROOF,lex-subblock-statistic,papers/02501-03000/02861-PROOF.pdf
2862,A204356,PROOF,pattern-subblock,papers/02501-03000/02862-PROOF.pdf
2863,A232346,PROOF,neighbour-existential,papers/02501-03000/02863-PROOF.pdf
2864,A232925,PROOF,clashing-pair,papers/02501-03000/02864-PROOF.pdf
2865,A186896,PROOF,subblock-neighbour,papers/02501-03000/02865-PROOF.pdf
2866,A232519,PROOF,neighbour-existential,papers/02501-03000/02866-PROOF.pdf
2867,A281833,PROOF,pattern-neighbour,papers/02501-03000/02867-PROOF.pdf
2868,A199642,PROOF,relabelling,papers/02501-03000/02868-PROOF.pdf
2869,A240343,PROOF,ray-sum,papers/02501-03000/02869-PROOF.pdf
2870,A240462,PROOF,ray-sum,papers/02501-03000/02870-PROOF.pdf
2871,A279711,PROOF,pattern-neighbour,papers/02501-03000/02871-PROOF.pdf
2872,A211689,PROOF,pairwise-compatible-array,papers/02501-03000/02872-PROOF.pdf
2873,A211579,PROOF,pairwise-compatible-array,papers/02501-03000/02873-PROOF.pdf
2874,A209893,PROOF,relabelling,papers/02501-03000/02874-PROOF.pdf
2875,A211583,PROOF,pairwise-compatible-array,papers/02501-03000/02875-PROOF.pdf
2876,A205629,PROOF,canonical-subblock,papers/02501-03000/02876-PROOF.pdf
2877,A223384,PROOF,straight-line,papers/02501-03000/02877-PROOF.pdf
2878,A185475,PROOF,lex-subblock-statistic,papers/02501-03000/02878-PROOF.pdf
2879,A206516,PROOF,edge-count-pattern,papers/02501-03000/02879-PROOF.pdf
2880,A233096,PROOF,order-flag,papers/02501-03000/02880-PROOF.pdf
2881,A209540,PROOF,array-permutation,papers/02501-03000/02881-PROOF.pdf
2882,A203392,PROOF,neighbour-existential,papers/02501-03000/02882-PROOF.pdf
2883,A203256,PROOF,neighbour-existential,papers/02501-03000/02883-PROOF.pdf
2884,A231249,PROOF,modular-neighbour,papers/02501-03000/02884-PROOF.pdf
2885,A263663,PROOF,bounded-displacement,papers/02501-03000/02885-PROOF.pdf
2886,A203725,PROOF,pair-sum-order,papers/02501-03000/02886-PROOF.pdf
2887,A214169,PROOF,circular-coloring,papers/02501-03000/02887-PROOF.pdf
2888,A230690,PROOF,modular-neighbour,papers/02501-03000/02888-PROOF.pdf
2889,A205167,PROOF,relabelling,papers/02501-03000/02889-PROOF.pdf
2890,A210091,PROOF,all-values-subblock,papers/02501-03000/02890-PROOF.pdf
2891,A240779,PROOF,pattern-neighbour,papers/02501-03000/02891-PROOF.pdf
2892,A252946,PROOF,consecutive-triple,papers/02501-03000/02892-PROOF.pdf
2893,A186844,PROOF,subblock-neighbour,papers/02501-03000/02893-PROOF.pdf
2894,A204736,PROOF,lex-subblock-statistic,papers/02501-03000/02894-PROOF.pdf
2895,A235675,PROOF,lex-subblock-statistic,papers/02501-03000/02895-PROOF.pdf
2896,A268738,PROOF,global-count,papers/02501-03000/02896-PROOF.pdf
2897,A268748,PROOF,capped-pair-count,papers/02501-03000/02897-PROOF.pdf
2898,A203959,PROOF,pair-sum-order,papers/02501-03000/02898-PROOF.pdf
2899,A209538,PROOF,array-permutation,papers/02501-03000/02899-PROOF.pdf
2900,A235502,PROOF,lex-subblock-statistic,papers/02501-03000/02900-PROOF.pdf
2901,A210103,PROOF,relabelling,papers/02501-03000/02901-PROOF.pdf
2902,A233200,PROOF,clashing-pair,papers/02501-03000/02902-PROOF.pdf
2903,A241398,PROOF,modular-running-sum,papers/02501-03000/02903-PROOF.pdf
2904,A241436,PROOF,modular-running-sum,papers/02501-03000/02904-PROOF.pdf
2905,A211596,PROOF,pairwise-compatible-array,papers/02501-03000/02905-PROOF.pdf
2906,A217953,PROOF,window-image,papers/02501-03000/02906-PROOF.pdf
2907,A228460,PROOF,window-image,papers/02501-03000/02907-PROOF.pdf
2908,A224265,PROOF,walk-closed-form,papers/02501-03000/02908-PROOF.pdf
2909,A231852,PROOF,neighbour-arithmetic,papers/02501-03000/02909-PROOF.pdf
2910,A232253,PROOF,neighbour-existential,papers/02501-03000/02910-PROOF.pdf
2911,A253023,PROOF,consecutive-triple,papers/02501-03000/02911-PROOF.pdf
2912,A224648,PROOF,subblock-matrix,papers/02501-03000/02912-PROOF.pdf
2913,A262426,PROOF,digit-divisibility,papers/02501-03000/02913-PROOF.pdf
2914,A263059,PROOF,digit-divisibility,papers/02501-03000/02914-PROOF.pdf
2915,A218661,PROOF,neighbour-existential,papers/02501-03000/02915-PROOF.pdf
2916,A206362,PROOF,edge-count-pattern,papers/02501-03000/02916-PROOF.pdf
2917,A233070,PROOF,order-flag,papers/02501-03000/02917-PROOF.pdf
2918,A205748,PROOF,edge-count-pattern,papers/02501-03000/02918-PROOF.pdf
2919,A267669,PROOF,repeated-value,papers/02501-03000/02919-PROOF.pdf
2920,A202792,PROOF,neighbour-existential,papers/02501-03000/02920-PROOF.pdf
2921,A232953,PROOF,clashing-pair,papers/02501-03000/02921-PROOF.pdf
2922,A223507,PROOF,graph-adjacency-array,papers/02501-03000/02922-PROOF.pdf
2923,A231780,PROOF,neighbour-arithmetic,papers/02501-03000/02923-PROOF.pdf
2924,A198904,PROOF,relabelling,papers/02501-03000/02924-PROOF.pdf
2925,A223501,PROOF,graph-adjacency-array,papers/02501-03000/02925-PROOF.pdf
2926,A189606,PROOF,array-permutation,papers/02501-03000/02926-PROOF.pdf
2927,A266019,PROOF,self-count,papers/02501-03000/02927-PROOF.pdf
2928,A267929,PROOF,repeated-value,papers/02501-03000/02928-PROOF.pdf
2929,A267976,PROOF,repeated-value,papers/02501-03000/02929-PROOF.pdf
2930,A210315,PROOF,all-values-subblock,papers/02501-03000/02930-PROOF.pdf
2931,A232945,PROOF,clashing-pair,papers/02501-03000/02931-PROOF.pdf
2932,A231398,PROOF,pattern-neighbour,papers/02501-03000/02932-PROOF.pdf
2933,A275406,PROOF,offset-inequality,papers/02501-03000/02933-PROOF.pdf
2934,A203281,PROOF,neighbour-existential,papers/02501-03000/02934-PROOF.pdf
2935,A203724,PROOF,pair-sum-order,papers/02501-03000/02935-PROOF.pdf
2936,A205470,PROOF,edge-count-pattern,papers/02501-03000/02936-PROOF.pdf
2937,A209370,PROOF,distance-repeat,papers/02501-03000/02937-PROOF.pdf
2938,A208320,PROOF,relabelling,papers/02501-03000/02938-PROOF.pdf
2939,A203657,PROOF,pair-sum-order,papers/02501-03000/02939-PROOF.pdf
2940,A242320,PROOF,window-coverage-order,papers/02501-03000/02940-PROOF.pdf
2941,A209825,PROOF,relabelling,papers/02501-03000/02941-PROOF.pdf
2942,A204956,PROOF,lex-subblock-statistic,papers/02501-03000/02942-PROOF.pdf
2943,A235654,PROOF,lex-subblock-statistic,papers/02501-03000/02943-PROOF.pdf
2944,A205426,PROOF,canonical-subblock,papers/02501-03000/02944-PROOF.pdf
2945,A232939,PROOF,clashing-pair,papers/02501-03000/02945-PROOF.pdf
2946,A189587,PROOF,displacement-set,papers/02501-03000/02946-PROOF.pdf
2947,A189588,PROOF,displacement-set,papers/02501-03000/02947-PROOF.pdf
2948,A185474,PROOF,lex-subblock-statistic,papers/02501-03000/02948-PROOF.pdf
2949,A223335,PROOF,graph-adjacency-array,papers/02501-03000/02949-PROOF.pdf
2950,A223281,PROOF,graph-adjacency-array,papers/02501-03000/02950-PROOF.pdf
2951,A268001,PROOF,repeated-value,papers/02501-03000/02951-PROOF.pdf
2952,A223260,PROOF,graph-adjacency-array,papers/02501-03000/02952-PROOF.pdf
2953,A267785,PROOF,repeated-value,papers/02501-03000/02953-PROOF.pdf
2954,A224647,PROOF,subblock-matrix,papers/02501-03000/02954-PROOF.pdf
2955,A224646,PROOF,subblock-matrix,papers/02501-03000/02955-PROOF.pdf
2956,A269198,PROOF,capped-pair-count,papers/02501-03000/02956-PROOF.pdf
2957,A269211,PROOF,global-count,papers/02501-03000/02957-PROOF.pdf
2958,A267716,PROOF,repeated-value,papers/02501-03000/02958-PROOF.pdf
2959,A198529,PROOF,relabelling,papers/02501-03000/02959-PROOF.pdf
2960,A253031,PROOF,consecutive-triple,papers/02501-03000/02960-PROOF.pdf
2961,A269204,PROOF,capped-pair-count,papers/02501-03000/02961-PROOF.pdf
2962,A224645,PROOF,subblock-matrix,papers/02501-03000/02962-PROOF.pdf
2963,A269933,PROOF,global-count,papers/02501-03000/02963-PROOF.pdf
2964,A269139,PROOF,capped-pair-count,papers/02501-03000/02964-PROOF.pdf
2965,A224155,PROOF,order-cond,papers/02501-03000/02965-PROOF.pdf
2966,A269148,PROOF,global-count,papers/02501-03000/02966-PROOF.pdf
2967,A269217,PROOF,global-count,papers/02501-03000/02967-PROOF.pdf
2968,A269039,PROOF,global-count,papers/02501-03000/02968-PROOF.pdf
2969,A269056,PROOF,global-count,papers/02501-03000/02969-PROOF.pdf
2970,A210304,PROOF,all-values-subblock,papers/02501-03000/02970-PROOF.pdf
2971,A204569,PROOF,relabelling,papers/02501-03000/02971-PROOF.pdf
2972,A233023,PROOF,clashing-pair,papers/02501-03000/02972-PROOF.pdf
2973,A180764,PROOF,neighbour-existential,papers/02501-03000/02973-PROOF.pdf
2974,A197103,PROOF,neighbour-arithmetic,papers/02501-03000/02974-PROOF.pdf
2975,A205317,PROOF,edge-count-pattern,papers/02501-03000/02975-PROOF.pdf
2976,A198979,PROOF,relabelling,papers/02501-03000/02976-PROOF.pdf
2977,A184566,PROOF,lex-subblock-statistic,papers/02501-03000/02977-PROOF.pdf
2978,A263678,PROOF,bounded-displacement,papers/02501-03000/02978-PROOF.pdf
2979,A269016,PROOF,global-count,papers/02501-03000/02979-PROOF.pdf
2980,A224742,PROOF,subblock-matrix,papers/02501-03000/02980-PROOF.pdf
2981,A198649,PROOF,relabelling,papers/02501-03000/02981-PROOF.pdf
2982,A203723,PROOF,pair-sum-order,papers/02501-03000/02982-PROOF.pdf
2983,A240514,PROOF,cell-condition-pattern,papers/02501-03000/02983-PROOF.pdf
2984,A281717,PROOF,pattern-neighbour,papers/02501-03000/02984-PROOF.pdf
2985,A209522,PROOF,relabelling,papers/02501-03000/02985-PROOF.pdf
2986,A233173,PROOF,clashing-pair,papers/02501-03000/02986-PROOF.pdf
2987,A224570,PROOF,subblock-matrix,papers/02501-03000/02987-PROOF.pdf
2988,A231243,PROOF,modular-neighbour,papers/02501-03000/02988-PROOF.pdf
2989,A224174,PROOF,walk-closed-form,papers/02501-03000/02989-PROOF.pdf
2990,A224011,PROOF,order-cond,papers/02501-03000/02990-PROOF.pdf
2991,A204488,PROOF,pattern-subblock,papers/02501-03000/02991-PROOF.pdf
2992,A224282,PROOF,walk-closed-form,papers/02501-03000/02992-PROOF.pdf
2993,A263702,PROOF,bounded-displacement,papers/02501-03000/02993-PROOF.pdf
2994,A262331,PROOF,digit-divisibility,papers/02501-03000/02994-PROOF.pdf
2995,A262419,PROOF,digit-divisibility,papers/02501-03000/02995-PROOF.pdf
2996,A203500,PROOF,neighbour-existential,papers/02501-03000/02996-PROOF.pdf
2997,A224021,PROOF,order-cond,papers/02501-03000/02997-PROOF.pdf
2998,A263701,PROOF,bounded-displacement,papers/02501-03000/02998-PROOF.pdf
2999,A185481,PROOF,subblock-neighbour,papers/02501-03000/02999-PROOF.pdf
3000,A263700,PROOF,bounded-displacement,papers/02501-03000/03000-PROOF.pdf
3001,A230814,PROOF,modular-neighbour,papers/03001-03500/03001-PROOF.pdf
3002,A223677,PROOF,order-cond,papers/03001-03500/03002-PROOF.pdf
3003,A263795,PROOF,digit-divisibility,papers/03001-03500/03003-PROOF.pdf
3004,A210081,PROOF,all-values-subblock,papers/03001-03500/03004-PROOF.pdf
3005,A210138,PROOF,all-values-subblock,papers/03001-03500/03005-PROOF.pdf
3006,A224201,PROOF,order-cond,papers/03001-03500/03006-PROOF.pdf
3007,A263699,PROOF,bounded-displacement,papers/03001-03500/03007-PROOF.pdf
3008,A210008,PROOF,all-values-subblock,papers/03001-03500/03008-PROOF.pdf
3009,A204392,PROOF,pattern-subblock,papers/03001-03500/03009-PROOF.pdf
3010,A204486,PROOF,pattern-subblock,papers/03001-03500/03010-PROOF.pdf
3011,A224373,PROOF,order-cond,papers/03001-03500/03011-PROOF.pdf
3012,A235444,PROOF,lex-subblock-statistic,papers/03001-03500/03012-PROOF.pdf
3013,A208198,PROOF,relabelling,papers/03001-03500/03013-PROOF.pdf
3014,A263698,PROOF,bounded-displacement,papers/03001-03500/03014-PROOF.pdf
3015,A183519,PROOF,neighbour-arithmetic,papers/03001-03500/03015-PROOF.pdf
3016,A235550,PROOF,lex-subblock-statistic,papers/03001-03500/03016-PROOF.pdf
3017,A235542,PROOF,lex-subblock-statistic,papers/03001-03500/03017-PROOF.pdf
3018,A263367,PROOF,digit-divisibility,papers/03001-03500/03018-PROOF.pdf
3019,A205057,PROOF,lex-subblock-statistic,papers/03001-03500/03019-PROOF.pdf
3020,A263697,PROOF,bounded-displacement,papers/03001-03500/03020-PROOF.pdf
3021,A204860,PROOF,canonical-subblock,papers/03001-03500/03021-PROOF.pdf
3022,A232919,PROOF,clashing-pair,papers/03001-03500/03022-PROOF.pdf
3023,A217952,PROOF,window-image,papers/03001-03500/03023-PROOF.pdf
3024,A228459,PROOF,window-image,papers/03001-03500/03024-PROOF.pdf
3025,A185473,PROOF,lex-subblock-statistic,papers/03001-03500/03025-PROOF.pdf
3026,A253022,PROOF,consecutive-triple,papers/03001-03500/03026-PROOF.pdf
3027,A269293,PROOF,capped-pair-count,papers/03001-03500/03027-PROOF.pdf
3028,A269280,PROOF,global-count,papers/03001-03500/03028-PROOF.pdf
3029,A268909,PROOF,global-count,papers/03001-03500/03029-PROOF.pdf
3030,A268976,PROOF,global-count,papers/03001-03500/03030-PROOF.pdf
3031,A269033,PROOF,global-count,papers/03001-03500/03031-PROOF.pdf
3032,A269050,PROOF,global-count,papers/03001-03500/03032-PROOF.pdf
3033,A266062,PROOF,self-count,papers/03001-03500/03033-PROOF.pdf
3034,A205435,PROOF,edge-count-pattern,papers/03001-03500/03034-PROOF.pdf
3035,A231193,PROOF,pattern-neighbour,papers/03001-03500/03035-PROOF.pdf
3036,A223971,PROOF,order-cond,papers/03001-03500/03036-PROOF.pdf
3037,A204363,PROOF,pattern-subblock,papers/03001-03500/03037-PROOF.pdf
3038,A280675,PROOF,pattern-neighbour,papers/03001-03500/03038-PROOF.pdf
3039,A185637,PROOF,subblock-neighbour,papers/03001-03500/03039-PROOF.pdf
3040,A275353,PROOF,offset-inequality,papers/03001-03500/03040-PROOF.pdf
3041,A209964,PROOF,all-values-subblock,papers/03001-03500/03041-PROOF.pdf
3042,A210262,PROOF,all-values-subblock,papers/03001-03500/03042-PROOF.pdf
3043,A275269,PROOF,offset-inequality,papers/03001-03500/03043-PROOF.pdf
3044,A269824,PROOF,global-count,papers/03001-03500/03044-PROOF.pdf
3045,A223995,PROOF,order-cond,papers/03001-03500/03045-PROOF.pdf
3046,A281340,PROOF,pattern-neighbour,papers/03001-03500/03046-PROOF.pdf
3047,A185610,PROOF,subblock-neighbour,papers/03001-03500/03047-PROOF.pdf
3048,A252899,PROOF,consecutive-triple,papers/03001-03500/03048-PROOF.pdf
3049,A203909,PROOF,pair-sum-order,papers/03001-03500/03049-PROOF.pdf
3050,A238722,PROOF,ray-sum,papers/03001-03500/03050-PROOF.pdf
3051,A239026,PROOF,ray-sum,papers/03001-03500/03051-PROOF.pdf
3052,A183468,PROOF,neighbour-arithmetic,papers/03001-03500/03052-PROOF.pdf
3053,A268747,PROOF,capped-pair-count,papers/03001-03500/03053-PROOF.pdf
3054,A204485,PROOF,pattern-subblock,papers/03001-03500/03054-PROOF.pdf
3055,A268737,PROOF,global-count,papers/03001-03500/03055-PROOF.pdf
3056,A211593,PROOF,pairwise-compatible-array,papers/03001-03500/03056-PROOF.pdf
3057,A279379,PROOF,pattern-neighbour,papers/03001-03500/03057-PROOF.pdf
3058,A209499,PROOF,relabelling,papers/03001-03500/03058-PROOF.pdf
3059,A193696,PROOF,covered-by-zero-block,papers/03001-03500/03059-PROOF.pdf
3060,A240047,PROOF,modular-running-sum,papers/03001-03500/03060-PROOF.pdf
3061,A208267,PROOF,relabelling,papers/03001-03500/03061-PROOF.pdf
3062,A252966,PROOF,consecutive-triple,papers/03001-03500/03062-PROOF.pdf
3063,A223738,PROOF,walk-closed-form,papers/03001-03500/03063-PROOF.pdf
3064,A224264,PROOF,walk-closed-form,papers/03001-03500/03064-PROOF.pdf
3065,A268178,PROOF,repeated-value,papers/03001-03500/03065-PROOF.pdf
3066,A185564,PROOF,neighbour-arithmetic,papers/03001-03500/03066-PROOF.pdf
3067,A262425,PROOF,digit-divisibility,papers/03001-03500/03067-PROOF.pdf
3068,A263058,PROOF,digit-divisibility,papers/03001-03500/03068-PROOF.pdf
3069,A224376,PROOF,walk-closed-form,papers/03001-03500/03069-PROOF.pdf
3070,A275039,PROOF,relabelling,papers/03001-03500/03070-PROOF.pdf
3071,A275127,PROOF,relabelling,papers/03001-03500/03071-PROOF.pdf
3072,A203876,PROOF,relabelling,papers/03001-03500/03072-PROOF.pdf
3073,A204487,PROOF,pattern-subblock,papers/03001-03500/03073-PROOF.pdf
3074,A230921,PROOF,modular-neighbour,papers/03001-03500/03074-PROOF.pdf
3075,A223827,PROOF,walk-closed-form,papers/03001-03500/03075-PROOF.pdf
3076,A224053,PROOF,walk-closed-form,papers/03001-03500/03076-PROOF.pdf
3077,A184691,PROOF,neighbour-arithmetic,papers/03001-03500/03077-PROOF.pdf
3078,A262335,PROOF,digit-divisibility,papers/03001-03500/03078-PROOF.pdf
3079,A262817,PROOF,digit-divisibility,papers/03001-03500/03079-PROOF.pdf
3080,A232139,PROOF,pattern-neighbour,papers/03001-03500/03080-PROOF.pdf
3081,A265993,PROOF,self-count,papers/03001-03500/03081-PROOF.pdf
3082,A231904,PROOF,neighbour-arithmetic,papers/03001-03500/03082-PROOF.pdf
3083,A266132,PROOF,self-count,papers/03001-03500/03083-PROOF.pdf
3084,A224305,PROOF,order-cond,papers/03001-03500/03084-PROOF.pdf
3085,A208256,PROOF,relabelling,papers/03001-03500/03085-PROOF.pdf
3086,A275347,PROOF,relabelling,papers/03001-03500/03086-PROOF.pdf
3087,A186895,PROOF,subblock-neighbour,papers/03001-03500/03087-PROOF.pdf
3088,A235957,PROOF,lex-subblock-statistic,papers/03001-03500/03088-PROOF.pdf
3089,A186211,PROOF,subblock-neighbour,papers/03001-03500/03089-PROOF.pdf
3090,A262760,PROOF,digit-divisibility,papers/03001-03500/03090-PROOF.pdf
3091,A211500,PROOF,pairwise-compatible-array,papers/03001-03500/03091-PROOF.pdf
3092,A235574,PROOF,lex-subblock-statistic,papers/03001-03500/03092-PROOF.pdf
3093,A209014,PROOF,neighbour-arithmetic,papers/03001-03500/03093-PROOF.pdf
3094,A235527,PROOF,lex-subblock-statistic,papers/03001-03500/03094-PROOF.pdf
3095,A239859,PROOF,modular-running-sum,papers/03001-03500/03095-PROOF.pdf
3096,A241284,PROOF,modular-running-sum,papers/03001-03500/03096-PROOF.pdf
3097,A240793,PROOF,modular-running-sum,papers/03001-03500/03097-PROOF.pdf
3098,A240154,PROOF,modular-running-sum,papers/03001-03500/03098-PROOF.pdf
3099,A241357,PROOF,modular-running-sum,papers/03001-03500/03099-PROOF.pdf
3100,A240789,PROOF,ray-sum,papers/03001-03500/03100-PROOF.pdf
3101,A211572,PROOF,pairwise-compatible-array,papers/03001-03500/03101-PROOF.pdf
3102,A224170,PROOF,walk-closed-form,papers/03001-03500/03102-PROOF.pdf
3103,A266029,PROOF,self-count,papers/03001-03500/03103-PROOF.pdf
3104,A223965,PROOF,walk-closed-form,papers/03001-03500/03104-PROOF.pdf
3105,A224573,PROOF,subblock-matrix,papers/03001-03500/03105-PROOF.pdf
3106,A224572,PROOF,subblock-matrix,papers/03001-03500/03106-PROOF.pdf
3107,A252858,PROOF,consecutive-triple,papers/03001-03500/03107-PROOF.pdf
3108,A185472,PROOF,lex-subblock-statistic,papers/03001-03500/03108-PROOF.pdf
3109,A274752,PROOF,relabelling,papers/03001-03500/03109-PROOF.pdf
3110,A275180,PROOF,relabelling,papers/03001-03500/03110-PROOF.pdf
3111,A185986,PROOF,subblock-neighbour,papers/03001-03500/03111-PROOF.pdf
3112,A204147,PROOF,pattern-subblock,papers/03001-03500/03112-PROOF.pdf
3113,A223946,PROOF,order-cond,papers/03001-03500/03113-PROOF.pdf
3114,A206595,PROOF,edge-count-pattern,papers/03001-03500/03114-PROOF.pdf
3115,A252806,PROOF,consecutive-triple,papers/03001-03500/03115-PROOF.pdf
3116,A204079,PROOF,neighbour-existential,papers/03001-03500/03116-PROOF.pdf
3117,A268772,PROOF,global-count,papers/03001-03500/03117-PROOF.pdf
3118,A274891,PROOF,relabelling,papers/03001-03500/03118-PROOF.pdf
3119,A275500,PROOF,relabelling,papers/03001-03500/03119-PROOF.pdf
3120,A267784,PROOF,repeated-value,papers/03001-03500/03120-PROOF.pdf
3121,A203918,PROOF,pattern-subblock,papers/03001-03500/03121-PROOF.pdf
3122,A203271,PROOF,neighbour-existential,papers/03001-03500/03122-PROOF.pdf
3123,A282052,PROOF,pattern-neighbour,papers/03001-03500/03123-PROOF.pdf
3124,A262761,PROOF,digit-divisibility,papers/03001-03500/03124-PROOF.pdf
3125,A269190,PROOF,capped-pair-count,papers/03001-03500/03125-PROOF.pdf
3126,A267715,PROOF,repeated-value,papers/03001-03500/03126-PROOF.pdf
3127,A269182,PROOF,global-count,papers/03001-03500/03127-PROOF.pdf
3128,A210178,PROOF,all-values-subblock,papers/03001-03500/03128-PROOF.pdf
3129,A262850,PROOF,digit-divisibility,papers/03001-03500/03129-PROOF.pdf
3130,A263113,PROOF,digit-divisibility,papers/03001-03500/03130-PROOF.pdf
3131,A183972,PROOF,subblock-neighbour,papers/03001-03500/03131-PROOF.pdf
3132,A238809,PROOF,walk-closed-form,papers/03001-03500/03132-PROOF.pdf
3133,A267730,PROOF,repeated-value,papers/03001-03500/03133-PROOF.pdf
3134,A189276,PROOF,array-permutation,papers/03001-03500/03134-PROOF.pdf
3135,A266102,PROOF,self-count,papers/03001-03500/03135-PROOF.pdf
3136,A186932,PROOF,subblock-neighbour,papers/03001-03500/03136-PROOF.pdf
3137,A268794,PROOF,global-count,papers/03001-03500/03137-PROOF.pdf
3138,A268805,PROOF,global-count,papers/03001-03500/03138-PROOF.pdf
3139,A275032,PROOF,relabelling,papers/03001-03500/03139-PROOF.pdf
3140,A267662,PROOF,repeated-value,papers/03001-03500/03140-PROOF.pdf
3141,A275405,PROOF,offset-inequality,papers/03001-03500/03141-PROOF.pdf
3142,A268764,PROOF,global-count,papers/03001-03500/03142-PROOF.pdf
3143,A268779,PROOF,capped-pair-count,papers/03001-03500/03143-PROOF.pdf
3144,A208172,PROOF,relabelling,papers/03001-03500/03144-PROOF.pdf
3145,A198910,PROOF,relabelling,papers/03001-03500/03145-PROOF.pdf
3146,A198621,PROOF,relabelling,papers/03001-03500/03146-PROOF.pdf
3147,A204374,PROOF,pattern-subblock,papers/03001-03500/03147-PROOF.pdf
3148,A235759,PROOF,lex-subblock-statistic,papers/03001-03500/03148-PROOF.pdf
3149,A235838,PROOF,lex-subblock-statistic,papers/03001-03500/03149-PROOF.pdf
3150,A211462,PROOF,pairwise-compatible-array,papers/03001-03500/03150-PROOF.pdf
3151,A210160,PROOF,relabelling,papers/03001-03500/03151-PROOF.pdf
3152,A208312,PROOF,relabelling,papers/03001-03500/03152-PROOF.pdf
3153,A268785,PROOF,global-count,papers/03001-03500/03153-PROOF.pdf
3154,A268889,PROOF,global-count,papers/03001-03500/03154-PROOF.pdf
3155,A268998,PROOF,global-count,papers/03001-03500/03155-PROOF.pdf
3156,A269085,PROOF,global-count,papers/03001-03500/03156-PROOF.pdf
3157,A209460,PROOF,relabelling,papers/03001-03500/03157-PROOF.pdf
3158,A263218,PROOF,digit-divisibility,papers/03001-03500/03158-PROOF.pdf
3159,A203734,PROOF,pair-sum-order,papers/03001-03500/03159-PROOF.pdf
3160,A207095,PROOF,modular-previous-sum,papers/03001-03500/03160-PROOF.pdf
3161,A217951,PROOF,window-image,papers/03001-03500/03161-PROOF.pdf
3162,A228458,PROOF,window-image,papers/03001-03500/03162-PROOF.pdf
3163,A239041,PROOF,ray-sum,papers/03001-03500/03163-PROOF.pdf
3164,A239334,PROOF,ray-sum,papers/03001-03500/03164-PROOF.pdf
3165,A239399,PROOF,ray-sum,papers/03001-03500/03165-PROOF.pdf
3166,A239820,PROOF,ray-sum,papers/03001-03500/03166-PROOF.pdf
3167,A252718,PROOF,consecutive-triple,papers/03001-03500/03167-PROOF.pdf
3168,A224005,PROOF,walk-closed-form,papers/03001-03500/03168-PROOF.pdf
3169,A253024,PROOF,consecutive-triple,papers/03001-03500/03169-PROOF.pdf
3170,A184025,PROOF,common-sum,papers/03001-03500/03170-PROOF.pdf
3171,A252957,PROOF,consecutive-triple,papers/03001-03500/03171-PROOF.pdf
3172,A184024,PROOF,common-sum,papers/03001-03500/03172-PROOF.pdf
3173,A266097,PROOF,self-count,papers/03001-03500/03173-PROOF.pdf
3174,A274725,PROOF,relabelling,papers/03001-03500/03174-PROOF.pdf
3175,A233110,PROOF,clashing-pair,papers/03001-03500/03175-PROOF.pdf
3176,A230922,PROOF,modular-neighbour,papers/03001-03500/03176-PROOF.pdf
3177,A198206,PROOF,relabelling,papers/03001-03500/03177-PROOF.pdf
3178,A184023,PROOF,common-sum,papers/03001-03500/03178-PROOF.pdf
3179,A204104,PROOF,pair-sum-order,papers/03001-03500/03179-PROOF.pdf
3180,A263593,PROOF,bounded-displacement,papers/03001-03500/03180-PROOF.pdf
3181,A223784,PROOF,order-cond,papers/03001-03500/03181-PROOF.pdf
3182,A224386,PROOF,order-cond,papers/03001-03500/03182-PROOF.pdf
3183,A266013,PROOF,self-count,papers/03001-03500/03183-PROOF.pdf
3184,A184022,PROOF,common-sum,papers/03001-03500/03184-PROOF.pdf
3185,A204277,PROOF,pattern-subblock,papers/03001-03500/03185-PROOF.pdf
3186,A262330,PROOF,digit-divisibility,papers/03001-03500/03186-PROOF.pdf
3187,A204796,PROOF,lex-subblock-statistic,papers/03001-03500/03187-PROOF.pdf
3188,A189439,PROOF,array-permutation,papers/03001-03500/03188-PROOF.pdf
3189,A206615,PROOF,edge-count-pattern,papers/03001-03500/03189-PROOF.pdf
3190,A203982,PROOF,relabelling,papers/03001-03500/03190-PROOF.pdf
3191,A200796,PROOF,relabelling,papers/03001-03500/03191-PROOF.pdf
3192,A214111,PROOF,circular-coloring,papers/03001-03500/03192-PROOF.pdf
3193,A276302,PROOF,offset-inequality,papers/03001-03500/03193-PROOF.pdf
3194,A240785,PROOF,pattern-neighbour,papers/03001-03500/03194-PROOF.pdf
3195,A214144,PROOF,circular-coloring,papers/03001-03500/03195-PROOF.pdf
3196,A184021,PROOF,common-sum,papers/03001-03500/03196-PROOF.pdf
3197,A204627,PROOF,relabelling,papers/03001-03500/03197-PROOF.pdf
3198,A267961,PROOF,repeated-value,papers/03001-03500/03198-PROOF.pdf
3199,A268014,PROOF,repeated-value,papers/03001-03500/03199-PROOF.pdf
3200,A262467,PROOF,digit-divisibility,papers/03001-03500/03200-PROOF.pdf
3201,A214163,PROOF,circular-coloring,papers/03001-03500/03201-PROOF.pdf
3202,A189605,PROOF,array-permutation,papers/03001-03500/03202-PROOF.pdf
3203,A208869,PROOF,relabelling,papers/03001-03500/03203-PROOF.pdf
3204,A281711,PROOF,pattern-neighbour,papers/03001-03500/03204-PROOF.pdf
3205,A280065,PROOF,pattern-neighbour,papers/03001-03500/03205-PROOF.pdf
3206,A203710,PROOF,pair-sum-order,papers/03001-03500/03206-PROOF.pdf
3207,A235767,PROOF,lex-subblock-statistic,papers/03001-03500/03207-PROOF.pdf
3208,A242319,PROOF,window-coverage-order,papers/03001-03500/03208-PROOF.pdf
3209,A262314,PROOF,digit-divisibility,papers/03001-03500/03209-PROOF.pdf
3210,A262844,PROOF,digit-divisibility,papers/03001-03500/03210-PROOF.pdf
3211,A205228,PROOF,lex-subblock-statistic,papers/03001-03500/03211-PROOF.pdf
3212,A210120,PROOF,relabelling,papers/03001-03500/03212-PROOF.pdf
3213,A241055,PROOF,modular-running-sum,papers/03001-03500/03213-PROOF.pdf
3214,A236517,PROOF,lex-subblock-statistic,papers/03001-03500/03214-PROOF.pdf
3215,A240418,PROOF,ray-sum,papers/03001-03500/03215-PROOF.pdf
3216,A240279,PROOF,ray-sum,papers/03001-03500/03216-PROOF.pdf
3217,A240371,PROOF,ray-sum,papers/03001-03500/03217-PROOF.pdf
3218,A240401,PROOF,ray-sum,papers/03001-03500/03218-PROOF.pdf
3219,A240413,PROOF,ray-sum,papers/03001-03500/03219-PROOF.pdf
3220,A209604,PROOF,distance-repeat,papers/03001-03500/03220-PROOF.pdf
3221,A204964,PROOF,canonical-subblock,papers/03001-03500/03221-PROOF.pdf
3222,A189581,PROOF,displacement-set,papers/03001-03500/03222-PROOF.pdf
3223,A189585,PROOF,displacement-set,papers/03001-03500/03223-PROOF.pdf
3224,A212929,PROOF,column-domination,papers/03001-03500/03224-PROOF.pdf
3225,A212942,PROOF,column-domination,papers/03001-03500/03225-PROOF.pdf
3226,A217882,PROOF,window-image,papers/03001-03500/03226-PROOF.pdf
3227,A252958,PROOF,consecutive-triple,papers/03001-03500/03227-PROOF.pdf
3228,A240639,PROOF,cell-condition-pattern,papers/03001-03500/03228-PROOF.pdf
3229,A207297,PROOF,lex-subblock-statistic,papers/03001-03500/03229-PROOF.pdf
3230,A224576,PROOF,subblock-matrix,papers/03001-03500/03230-PROOF.pdf
3231,A224575,PROOF,subblock-matrix,papers/03001-03500/03231-PROOF.pdf
3232,A252965,PROOF,consecutive-triple,papers/03001-03500/03232-PROOF.pdf
3233,A233016,PROOF,order-flag,papers/03001-03500/03233-PROOF.pdf
3234,A270055,PROOF,global-count,papers/03001-03500/03234-PROOF.pdf
3235,A206218,PROOF,lex-subblock-statistic,papers/03001-03500/03235-PROOF.pdf
3236,A205610,PROOF,edge-count-pattern,papers/03001-03500/03236-PROOF.pdf
3237,A269106,PROOF,capped-pair-count,papers/03001-03500/03237-PROOF.pdf
3238,A185471,PROOF,lex-subblock-statistic,papers/03001-03500/03238-PROOF.pdf
3239,A269094,PROOF,global-count,papers/03001-03500/03239-PROOF.pdf
3240,A224010,PROOF,order-cond,papers/03001-03500/03240-PROOF.pdf
3241,A268637,PROOF,global-count,papers/03001-03500/03241-PROOF.pdf
3242,A275086,PROOF,relabelling,papers/03001-03500/03242-PROOF.pdf
3243,A268626,PROOF,capped-pair-count,papers/03001-03500/03243-PROOF.pdf
3244,A208712,PROOF,pattern-neighbour,papers/03001-03500/03244-PROOF.pdf
3245,A206688,PROOF,distance-inequality,papers/03001-03500/03245-PROOF.pdf
3246,A232408,PROOF,neighbour-existential,papers/03001-03500/03246-PROOF.pdf
3247,A189446,PROOF,array-permutation,papers/03001-03500/03247-PROOF.pdf
3248,A268908,PROOF,global-count,papers/03001-03500/03248-PROOF.pdf
3249,A268975,PROOF,global-count,papers/03001-03500/03249-PROOF.pdf
3250,A198713,PROOF,relabelling,papers/03001-03500/03250-PROOF.pdf
3251,A183512,PROOF,neighbour-arithmetic,papers/03001-03500/03251-PROOF.pdf
3252,A276249,PROOF,offset-inequality,papers/03001-03500/03252-PROOF.pdf
3253,A268885,PROOF,global-count,papers/03001-03500/03253-PROOF.pdf
3254,A268994,PROOF,global-count,papers/03001-03500/03254-PROOF.pdf
3255,A189438,PROOF,array-permutation,papers/03001-03500/03255-PROOF.pdf
3256,A275261,PROOF,relabelling,papers/03001-03500/03256-PROOF.pdf
3257,A224372,PROOF,order-cond,papers/03001-03500/03257-PROOF.pdf
3258,A205316,PROOF,edge-count-pattern,papers/03001-03500/03258-PROOF.pdf
3259,A269009,PROOF,global-count,papers/03001-03500/03259-PROOF.pdf
3260,A269073,PROOF,global-count,papers/03001-03500/03260-PROOF.pdf
3261,A263638,PROOF,bounded-displacement,papers/03001-03500/03261-PROOF.pdf
3262,A210047,PROOF,all-values-subblock,papers/03001-03500/03262-PROOF.pdf
3263,A252962,PROOF,consecutive-triple,papers/03001-03500/03263-PROOF.pdf
3264,A203447,PROOF,pair-sum-order,papers/03001-03500/03264-PROOF.pdf
3265,A204747,PROOF,pattern-subblock,papers/03001-03500/03265-PROOF.pdf
3266,A269015,PROOF,global-count,papers/03001-03500/03266-PROOF.pdf
3267,A269079,PROOF,global-count,papers/03001-03500/03267-PROOF.pdf
3268,A198663,PROOF,relabelling,papers/03001-03500/03268-PROOF.pdf
3269,A241307,PROOF,modular-running-sum,papers/03001-03500/03269-PROOF.pdf
3270,A209809,PROOF,relabelling,papers/03001-03500/03270-PROOF.pdf
3271,A240756,PROOF,ray-sum,papers/03001-03500/03271-PROOF.pdf
3272,A239420,PROOF,ray-sum,papers/03001-03500/03272-PROOF.pdf
3273,A240377,PROOF,ray-sum,papers/03001-03500/03273-PROOF.pdf
3274,A240407,PROOF,ray-sum,papers/03001-03500/03274-PROOF.pdf
3275,A235584,PROOF,lex-subblock-statistic,papers/03001-03500/03275-PROOF.pdf
3276,A189306,PROOF,array-permutation,papers/03001-03500/03276-PROOF.pdf
3277,A189451,PROOF,array-permutation,papers/03001-03500/03277-PROOF.pdf
3278,A203722,PROOF,pair-sum-order,papers/03001-03500/03278-PROOF.pdf
3279,A205222,PROOF,canonical-subblock,papers/03001-03500/03279-PROOF.pdf
3280,A211590,PROOF,pairwise-compatible-array,papers/03001-03500/03280-PROOF.pdf
3281,A233128,PROOF,clashing-pair,papers/03001-03500/03281-PROOF.pdf
3282,A223842,PROOF,walk-closed-form,papers/03001-03500/03282-PROOF.pdf
3283,A224260,PROOF,walk-closed-form,papers/03001-03500/03283-PROOF.pdf
3284,A197051,PROOF,self-count,papers/03001-03500/03284-PROOF.pdf
3285,A224004,PROOF,walk-closed-form,papers/03001-03500/03285-PROOF.pdf
3286,A197058,PROOF,self-count,papers/03001-03500/03286-PROOF.pdf
3287,A224169,PROOF,walk-closed-form,papers/03001-03500/03287-PROOF.pdf
3288,A224150,PROOF,walk-closed-form,papers/03001-03500/03288-PROOF.pdf
3289,A206392,PROOF,distance-inequality,papers/03001-03500/03289-PROOF.pdf
3290,A223790,PROOF,walk-closed-form,papers/03001-03500/03290-PROOF.pdf
3291,A224263,PROOF,walk-closed-form,papers/03001-03500/03291-PROOF.pdf
3292,A223555,PROOF,graph-adjacency-array,papers/03001-03500/03292-PROOF.pdf
3293,A224685,PROOF,subblock-matrix,papers/03001-03500/03293-PROOF.pdf
3294,A252964,PROOF,consecutive-triple,papers/03001-03500/03294-PROOF.pdf
3295,A224684,PROOF,subblock-matrix,papers/03001-03500/03295-PROOF.pdf
3296,A223860,PROOF,walk-closed-form,papers/03001-03500/03296-PROOF.pdf
3297,A230801,PROOF,modular-neighbour,papers/03001-03500/03297-PROOF.pdf
3298,A205603,PROOF,edge-count-pattern,papers/03001-03500/03298-PROOF.pdf
3299,A223720,PROOF,walk-closed-form,papers/03001-03500/03299-PROOF.pdf
3300,A223775,PROOF,walk-closed-form,papers/03001-03500/03300-PROOF.pdf
3301,A223928,PROOF,walk-closed-form,papers/03001-03500/03301-PROOF.pdf
3302,A198448,PROOF,relabelling,papers/03001-03500/03302-PROOF.pdf
3303,A224037,PROOF,order-cond,papers/03001-03500/03303-PROOF.pdf
3304,A223559,PROOF,graph-adjacency-array,papers/03001-03500/03304-PROOF.pdf
3305,A262418,PROOF,digit-divisibility,papers/03001-03500/03305-PROOF.pdf
3306,A202983,PROOF,neighbour-existential,papers/03001-03500/03306-PROOF.pdf
3307,A203544,PROOF,neighbour-existential,papers/03001-03500/03307-PROOF.pdf
3308,A281606,PROOF,pattern-neighbour,papers/03001-03500/03308-PROOF.pdf
3309,A280601,PROOF,pattern-neighbour,papers/03001-03500/03309-PROOF.pdf
3310,A186197,PROOF,subblock-neighbour,papers/03001-03500/03310-PROOF.pdf
3311,A223756,PROOF,walk-closed-form,papers/03001-03500/03311-PROOF.pdf
3312,A224154,PROOF,order-cond,papers/03001-03500/03312-PROOF.pdf
3313,A198903,PROOF,relabelling,papers/03001-03500/03313-PROOF.pdf
3314,A223956,PROOF,order-cond,papers/03001-03500/03314-PROOF.pdf
3315,A204073,PROOF,relabelling,papers/03001-03500/03315-PROOF.pdf
3316,A224188,PROOF,walk-closed-form,papers/03001-03500/03316-PROOF.pdf
3317,A252688,PROOF,consecutive-triple,papers/03001-03500/03317-PROOF.pdf
3318,A250358,PROOF,shifted-multiplicity,papers/03001-03500/03318-PROOF.pdf
3319,A204568,PROOF,relabelling,papers/03001-03500/03319-PROOF.pdf
3320,A205166,PROOF,relabelling,papers/03001-03500/03320-PROOF.pdf
3321,A198719,PROOF,relabelling,papers/03001-03500/03321-PROOF.pdf
3322,A262474,PROOF,digit-divisibility,papers/03001-03500/03322-PROOF.pdf
3323,A211688,PROOF,pairwise-compatible-array,papers/03001-03500/03323-PROOF.pdf
3324,A189275,PROOF,array-permutation,papers/03001-03500/03324-PROOF.pdf
3325,A252720,PROOF,consecutive-triple,papers/03001-03500/03325-PROOF.pdf
3326,A224741,PROOF,subblock-matrix,papers/03001-03500/03326-PROOF.pdf
3327,A206172,PROOF,canonical-subblock,papers/03001-03500/03327-PROOF.pdf
3328,A235511,PROOF,lex-subblock-statistic,papers/03001-03500/03328-PROOF.pdf
3329,A211592,PROOF,pairwise-compatible-array,papers/03001-03500/03329-PROOF.pdf
3330,A211589,PROOF,pairwise-compatible-array,papers/03001-03500/03330-PROOF.pdf
3331,A235730,PROOF,lex-subblock-statistic,papers/03001-03500/03331-PROOF.pdf
3332,A211598,PROOF,pairwise-compatible-array,papers/03001-03500/03332-PROOF.pdf
3333,A263746,PROOF,bounded-displacement,papers/03001-03500/03333-PROOF.pdf
3334,A239980,PROOF,ray-sum,papers/03001-03500/03334-PROOF.pdf
3335,A240187,PROOF,ray-sum,papers/03001-03500/03335-PROOF.pdf
3336,A240266,PROOF,ray-sum,papers/03001-03500/03336-PROOF.pdf
3337,A240322,PROOF,ray-sum,papers/03001-03500/03337-PROOF.pdf
3338,A205628,PROOF,canonical-subblock,papers/03001-03500/03338-PROOF.pdf
3339,A205330,PROOF,canonical-subblock,papers/03001-03500/03339-PROOF.pdf
3340,A198655,PROOF,relabelling,papers/03001-03500/03340-PROOF.pdf
3341,A232938,PROOF,clashing-pair,papers/03001-03500/03341-PROOF.pdf
3342,A217881,PROOF,window-image,papers/03001-03500/03342-PROOF.pdf
3343,A217950,PROOF,window-image,papers/03001-03500/03343-PROOF.pdf
3344,A228457,PROOF,window-image,papers/03001-03500/03344-PROOF.pdf
3345,A229006,PROOF,window-image,papers/03001-03500/03345-PROOF.pdf
3346,A263434,PROOF,digit-divisibility,papers/03001-03500/03346-PROOF.pdf
3347,A252959,PROOF,consecutive-triple,papers/03001-03500/03347-PROOF.pdf
3348,A224574,PROOF,subblock-matrix,papers/03001-03500/03348-PROOF.pdf
3349,A252807,PROOF,consecutive-triple,papers/03001-03500/03349-PROOF.pdf
3350,A223236,PROOF,graph-adjacency-array,papers/03001-03500/03350-PROOF.pdf
3351,A224683,PROOF,subblock-matrix,papers/03001-03500/03351-PROOF.pdf
3352,A223207,PROOF,graph-adjacency-array,papers/03001-03500/03352-PROOF.pdf
3353,A223183,PROOF,graph-adjacency-array,papers/03001-03500/03353-PROOF.pdf
3354,A252955,PROOF,consecutive-triple,papers/03001-03500/03354-PROOF.pdf
3355,A241109,PROOF,cell-condition-pattern,papers/03001-03500/03355-PROOF.pdf
3356,A231109,PROOF,modular-neighbour,papers/03001-03500/03356-PROOF.pdf
3357,A268771,PROOF,global-count,papers/03001-03500/03357-PROOF.pdf
3358,A269032,PROOF,global-count,papers/03001-03500/03358-PROOF.pdf
3359,A269049,PROOF,global-count,papers/03001-03500/03359-PROOF.pdf
3360,A230826,PROOF,modular-neighbour,papers/03001-03500/03360-PROOF.pdf
3361,A253020,PROOF,consecutive-triple,papers/03001-03500/03361-PROOF.pdf
3362,A185470,PROOF,lex-subblock-statistic,papers/03001-03500/03362-PROOF.pdf
3363,A224562,PROOF,subblock-matrix,papers/03001-03500/03363-PROOF.pdf
3364,A279706,PROOF,pattern-neighbour,papers/03001-03500/03364-PROOF.pdf
3365,A208406,PROOF,relabelling,papers/03001-03500/03365-PROOF.pdf
3366,A280358,PROOF,pattern-neighbour,papers/03001-03500/03366-PROOF.pdf
3367,A280956,PROOF,pattern-neighbour,papers/03001-03500/03367-PROOF.pdf
3368,A202798,PROOF,neighbour-existential,papers/03001-03500/03368-PROOF.pdf
3369,A267783,PROOF,repeated-value,papers/03001-03500/03369-PROOF.pdf
3370,A252954,PROOF,consecutive-triple,papers/03001-03500/03370-PROOF.pdf
3371,A214240,PROOF,circular-coloring,papers/03001-03500/03371-PROOF.pdf
3372,A269038,PROOF,global-count,papers/03001-03500/03372-PROOF.pdf
3373,A269055,PROOF,global-count,papers/03001-03500/03373-PROOF.pdf
3374,A267789,PROOF,repeated-value,papers/03001-03500/03374-PROOF.pdf
3375,A267714,PROOF,repeated-value,papers/03001-03500/03375-PROOF.pdf
3376,A185498,PROOF,subblock-neighbour,papers/03001-03500/03376-PROOF.pdf
3377,A252804,PROOF,consecutive-triple,papers/03001-03500/03377-PROOF.pdf
3378,A200803,PROOF,neighbour-arithmetic,papers/03001-03500/03378-PROOF.pdf
3379,A232197,PROOF,neighbour-existential,papers/03001-03500/03379-PROOF.pdf
3380,A232258,PROOF,neighbour-existential,papers/03001-03500/03380-PROOF.pdf
3381,A268778,PROOF,capped-pair-count,papers/03001-03500/03381-PROOF.pdf
3382,A268763,PROOF,global-count,papers/03001-03500/03382-PROOF.pdf
3383,A269008,PROOF,global-count,papers/03001-03500/03383-PROOF.pdf
3384,A269072,PROOF,global-count,papers/03001-03500/03384-PROOF.pdf
3385,A235426,PROOF,lex-subblock-statistic,papers/03001-03500/03385-PROOF.pdf
3386,A227555,PROOF,lex-source-subblock-image,papers/03001-03500/03386-PROOF.pdf
3387,A198522,PROOF,relabelling,papers/03001-03500/03387-PROOF.pdf
3388,A198702,PROOF,relabelling,papers/03001-03500/03388-PROOF.pdf
3389,A211687,PROOF,pairwise-compatible-array,papers/03001-03500/03389-PROOF.pdf
3390,A203889,PROOF,pair-sum-order,papers/03001-03500/03390-PROOF.pdf
3391,A204735,PROOF,lex-subblock-statistic,papers/03001-03500/03391-PROOF.pdf
3392,A235567,PROOF,lex-subblock-statistic,papers/03001-03500/03392-PROOF.pdf
3393,A226867,PROOF,lex-source-subblock-image,papers/03001-03500/03393-PROOF.pdf
3394,A210399,PROOF,relabelling,papers/03001-03500/03394-PROOF.pdf
3395,A225020,PROOF,subblock-matrix,papers/03001-03500/03395-PROOF.pdf
3396,A250347,PROOF,shifted-multiplicity,papers/03001-03500/03396-PROOF.pdf
3397,A211588,PROOF,pairwise-compatible-array,papers/03001-03500/03397-PROOF.pdf
3398,A235737,PROOF,lex-subblock-statistic,papers/03001-03500/03398-PROOF.pdf
3399,A208440,PROOF,neighbour-arithmetic,papers/03001-03500/03399-PROOF.pdf
3400,A205357,PROOF,canonical-subblock,papers/03001-03500/03400-PROOF.pdf
3401,A209739,PROOF,relabelling,papers/03001-03500/03401-PROOF.pdf
3402,A240296,PROOF,ray-sum,papers/03001-03500/03402-PROOF.pdf
3403,A240365,PROOF,ray-sum,papers/03001-03500/03403-PROOF.pdf
3404,A227086,PROOF,lex-source-subblock-image,papers/03001-03500/03404-PROOF.pdf
3405,A209367,PROOF,distance-repeat,papers/03001-03500/03405-PROOF.pdf
3406,A211464,PROOF,pairwise-compatible-array,papers/03001-03500/03406-PROOF.pdf
3407,A223672,PROOF,walk-closed-form,papers/03001-03500/03407-PROOF.pdf
3408,A223841,PROOF,walk-closed-form,papers/03001-03500/03408-PROOF.pdf
3409,A224259,PROOF,walk-closed-form,papers/03001-03500/03409-PROOF.pdf
3410,A184547,PROOF,lex-subblock-statistic,papers/03001-03500/03410-PROOF.pdf
3411,A224015,PROOF,walk-closed-form,papers/03001-03500/03411-PROOF.pdf
3412,A223230,PROOF,graph-adjacency-array,papers/03001-03500/03412-PROOF.pdf
3413,A206630,PROOF,edge-count-pattern,papers/03001-03500/03413-PROOF.pdf
3414,A224149,PROOF,walk-closed-form,papers/03001-03500/03414-PROOF.pdf
3415,A233095,PROOF,order-flag,papers/03001-03500/03415-PROOF.pdf
3416,A231076,PROOF,modular-neighbour,papers/03001-03500/03416-PROOF.pdf
3417,A276295,PROOF,relabelling,papers/03001-03500/03417-PROOF.pdf
3418,A233069,PROOF,order-flag,papers/03001-03500/03418-PROOF.pdf
3419,A262424,PROOF,digit-divisibility,papers/03001-03500/03419-PROOF.pdf
3420,A263057,PROOF,digit-divisibility,papers/03001-03500/03420-PROOF.pdf
3421,A224009,PROOF,order-cond,papers/03001-03500/03421-PROOF.pdf
3422,A230894,PROOF,modular-neighbour,papers/03001-03500/03422-PROOF.pdf
3423,A268070,PROOF,repeated-value,papers/03001-03500/03423-PROOF.pdf
3424,A268420,PROOF,repeated-value,papers/03001-03500/03424-PROOF.pdf
3425,A231139,PROOF,neighbour-arithmetic,papers/03001-03500/03425-PROOF.pdf
3426,A223617,PROOF,walk-closed-form,papers/03001-03500/03426-PROOF.pdf
3427,A223774,PROOF,walk-closed-form,papers/03001-03500/03427-PROOF.pdf
3428,A205754,PROOF,edge-count-pattern,papers/03001-03500/03428-PROOF.pdf
3429,A224036,PROOF,order-cond,papers/03001-03500/03429-PROOF.pdf
3430,A205747,PROOF,edge-count-pattern,papers/03001-03500/03430-PROOF.pdf
3431,A205434,PROOF,edge-count-pattern,papers/03001-03500/03431-PROOF.pdf
3432,A262329,PROOF,digit-divisibility,papers/03001-03500/03432-PROOF.pdf
3433,A262417,PROOF,digit-divisibility,papers/03001-03500/03433-PROOF.pdf
3434,A262423,PROOF,digit-divisibility,papers/03001-03500/03434-PROOF.pdf
3435,A263056,PROOF,digit-divisibility,papers/03001-03500/03435-PROOF.pdf
3436,A225012,PROOF,gf-conjecture,papers/03001-03500/03436-PROOF.pdf
3437,A185743,PROOF,subblock-neighbour,papers/03001-03500/03437-PROOF.pdf
3438,A233101,PROOF,rowmajor-across-columns,papers/03001-03500/03438-PROOF.pdf
3439,A267639,PROOF,repeated-value,papers/03001-03500/03439-PROOF.pdf
3440,A265992,PROOF,self-count,papers/03001-03500/03440-PROOF.pdf
3441,A214103,PROOF,circular-coloring,papers/03001-03500/03441-PROOF.pdf
3442,A197436,PROOF,neighbour-arithmetic,papers/03001-03500/03442-PROOF.pdf
3443,A224371,PROOF,order-cond,papers/03001-03500/03443-PROOF.pdf
3444,A238808,PROOF,walk-closed-form,papers/03001-03500/03444-PROOF.pdf
3445,A262334,PROOF,digit-divisibility,papers/03001-03500/03445-PROOF.pdf
3446,A205266,PROOF,pattern-subblock,papers/03001-03500/03446-PROOF.pdf
3447,A235674,PROOF,lex-subblock-statistic,papers/03001-03500/03447-PROOF.pdf
3448,A211499,PROOF,pairwise-compatible-array,papers/03001-03500/03448-PROOF.pdf
3449,A208860,PROOF,relabelling,papers/03001-03500/03449-PROOF.pdf
3450,A210056,PROOF,relabelling,papers/03001-03500/03450-PROOF.pdf
3451,A210129,PROOF,relabelling,papers/03001-03500/03451-PROOF.pdf
3452,A206379,PROOF,canonical-subblock,papers/03001-03500/03452-PROOF.pdf
3453,A198909,PROOF,relabelling,papers/03001-03500/03453-PROOF.pdf
3454,A211571,PROOF,pairwise-compatible-array,papers/03001-03500/03454-PROOF.pdf
3455,A241050,PROOF,ray-sum,papers/03001-03500/03455-PROOF.pdf
3456,A214233,PROOF,circular-coloring,papers/03001-03500/03456-PROOF.pdf
3457,A241429,PROOF,ray-sum,papers/03001-03500/03457-PROOF.pdf
3458,A211575,PROOF,pairwise-compatible-array,papers/03001-03500/03458-PROOF.pdf
3459,A211574,PROOF,pairwise-compatible-array,papers/03001-03500/03459-PROOF.pdf
3460,A223058,PROOF,straight-line,papers/03001-03500/03460-PROOF.pdf
3461,A198648,PROOF,relabelling,papers/03001-03500/03461-PROOF.pdf
3462,A209469,PROOF,distance-repeat,papers/03001-03500/03462-PROOF.pdf
3463,A212928,PROOF,column-domination,papers/03001-03500/03463-PROOF.pdf
3464,A212941,PROOF,column-domination,papers/03001-03500/03464-PROOF.pdf
3465,A217880,PROOF,window-image,papers/03001-03500/03465-PROOF.pdf
3466,A263667,PROOF,digit-divisibility,papers/03001-03500/03466-PROOF.pdf
3467,A252693,PROOF,consecutive-triple,papers/03001-03500/03467-PROOF.pdf
3468,A252716,PROOF,consecutive-triple,papers/03001-03500/03468-PROOF.pdf
3469,A222836,PROOF,distance-inequality,papers/03001-03500/03469-PROOF.pdf
3470,A184546,PROOF,lex-subblock-statistic,papers/03001-03500/03470-PROOF.pdf
3471,A266051,PROOF,self-count,papers/03001-03500/03471-PROOF.pdf
3472,A185860,PROOF,subblock-neighbour,papers/03001-03500/03472-PROOF.pdf
3473,A252691,PROOF,consecutive-triple,papers/03001-03500/03473-PROOF.pdf
3474,A252715,PROOF,consecutive-triple,papers/03001-03500/03474-PROOF.pdf
3475,A233172,PROOF,clashing-pair,papers/03001-03500/03475-PROOF.pdf
3476,A241104,PROOF,cell-condition-pattern,papers/03001-03500/03476-PROOF.pdf
3477,A206515,PROOF,edge-count-pattern,papers/03001-03500/03477-PROOF.pdf
3478,A223273,PROOF,graph-adjacency-array,papers/03001-03500/03478-PROOF.pdf
3479,A224392,PROOF,walk-closed-form,papers/03001-03500/03479-PROOF.pdf
3480,A252857,PROOF,consecutive-triple,papers/03001-03500/03480-PROOF.pdf
3481,A224168,PROOF,walk-closed-form,papers/03001-03500/03481-PROOF.pdf
3482,A189447,PROOF,array-permutation,papers/03001-03500/03482-PROOF.pdf
3483,A267914,PROOF,repeated-value,papers/03001-03500/03483-PROOF.pdf
3484,A268088,PROOF,repeated-value,papers/03001-03500/03484-PROOF.pdf
3485,A224566,PROOF,subblock-matrix,papers/03001-03500/03485-PROOF.pdf
3486,A223945,PROOF,order-cond,papers/03001-03500/03486-PROOF.pdf
3487,A198639,PROOF,relabelling,papers/03001-03500/03487-PROOF.pdf
3488,A275561,PROOF,relabelling,papers/03001-03500/03488-PROOF.pdf
3489,A270146,PROOF,global-count,papers/03001-03500/03489-PROOF.pdf
3490,A231058,PROOF,modular-neighbour,papers/03001-03500/03490-PROOF.pdf
3491,A239531,PROOF,cell-condition-pattern,papers/03001-03500/03491-PROOF.pdf
3492,A282271,PROOF,pattern-neighbour,papers/03001-03500/03492-PROOF.pdf
3493,A233086,PROOF,rowmajor-across-columns,papers/03001-03500/03493-PROOF.pdf
3494,A202937,PROOF,binary-window-order,papers/03001-03500/03494-PROOF.pdf
3495,A275134,PROOF,offset-inequality,papers/03001-03500/03495-PROOF.pdf
3496,A206755,PROOF,edge-count-pattern,papers/03001-03500/03496-PROOF.pdf
3497,A224348,PROOF,order-cond,papers/03001-03500/03497-PROOF.pdf
3498,A252689,PROOF,consecutive-triple,papers/03001-03500/03498-PROOF.pdf
3499,A269883,PROOF,capped-pair-count,papers/03001-03500/03499-PROOF.pdf
3500,A224020,PROOF,order-cond,papers/03001-03500/03500-PROOF.pdf
3501,A223963,PROOF,walk-closed-form,papers/03501-04000/03501-PROOF.pdf
3502,A224025,PROOF,walk-closed-form,papers/03501-04000/03502-PROOF.pdf
3503,A263662,PROOF,bounded-displacement,papers/03501-04000/03503-PROOF.pdf
3504,A268636,PROOF,global-count,papers/03501-04000/03504-PROOF.pdf
3505,A268625,PROOF,capped-pair-count,papers/03501-04000/03505-PROOF.pdf
3506,A233142,PROOF,clashing-pair,papers/03501-04000/03506-PROOF.pdf
3507,A233225,PROOF,clashing-pair,papers/03501-04000/03507-PROOF.pdf
3508,A208391,PROOF,relabelling,papers/03501-04000/03508-PROOF.pdf
3509,A252805,PROOF,consecutive-triple,papers/03501-04000/03509-PROOF.pdf
3510,A223796,PROOF,order-cond,papers/03501-04000/03510-PROOF.pdf
3511,A223859,PROOF,walk-closed-form,papers/03501-04000/03511-PROOF.pdf
3512,A240625,PROOF,cell-condition-pattern,papers/03501-04000/03512-PROOF.pdf
3513,A202051,PROOF,gf-conjecture,papers/03501-04000/03513-PROOF.pdf
3514,A232952,PROOF,clashing-pair,papers/03501-04000/03514-PROOF.pdf
3515,A206840,PROOF,gf-conjecture,papers/03501-04000/03515-PROOF.pdf
3516,A204650,PROOF,pair-sum-order,papers/03501-04000/03516-PROOF.pdf
3517,A203917,PROOF,pattern-subblock,papers/03501-04000/03517-PROOF.pdf
3518,A232958,PROOF,clashing-pair,papers/03501-04000/03518-PROOF.pdf
3519,A231051,PROOF,modular-neighbour,papers/03501-04000/03519-PROOF.pdf
3520,A232924,PROOF,clashing-pair,papers/03501-04000/03520-PROOF.pdf
3521,A202460,PROOF,binary-window-order,papers/03501-04000/03521-PROOF.pdf
3522,A203391,PROOF,neighbour-existential,papers/03501-04000/03522-PROOF.pdf
3523,A281466,PROOF,pattern-neighbour,papers/03501-04000/03523-PROOF.pdf
3524,A231464,PROOF,pattern-neighbour,papers/03501-04000/03524-PROOF.pdf
3525,A238907,PROOF,pattern-neighbour,papers/03501-04000/03525-PROOF.pdf
3526,A185480,PROOF,subblock-neighbour,papers/03501-04000/03526-PROOF.pdf
3527,A224200,PROOF,order-cond,papers/03501-04000/03527-PROOF.pdf
3528,A268884,PROOF,global-count,papers/03501-04000/03528-PROOF.pdf
3529,A268993,PROOF,global-count,papers/03501-04000/03529-PROOF.pdf
3530,A280600,PROOF,pattern-neighbour,papers/03501-04000/03530-PROOF.pdf
3531,A214189,PROOF,circular-coloring,papers/03501-04000/03531-PROOF.pdf
3532,A232944,PROOF,clashing-pair,papers/03501-04000/03532-PROOF.pdf
3533,A209963,PROOF,all-values-subblock,papers/03501-04000/03533-PROOF.pdf
3534,A210137,PROOF,all-values-subblock,papers/03501-04000/03534-PROOF.pdf
3535,A210168,PROOF,all-values-subblock,papers/03501-04000/03535-PROOF.pdf
3536,A210314,PROOF,all-values-subblock,papers/03501-04000/03536-PROOF.pdf
3537,A210007,PROOF,all-values-subblock,papers/03501-04000/03537-PROOF.pdf
3538,A210090,PROOF,all-values-subblock,papers/03501-04000/03538-PROOF.pdf
3539,A214114,PROOF,circular-coloring,papers/03501-04000/03539-PROOF.pdf
3540,A232415,PROOF,neighbour-existential,papers/03501-04000/03540-PROOF.pdf
3541,A239033,PROOF,gf-conjecture,papers/03501-04000/03541-PROOF.pdf
3542,A214138,PROOF,circular-coloring,papers/03501-04000/03542-PROOF.pdf
3543,A205469,PROOF,edge-count-pattern,papers/03501-04000/03543-PROOF.pdf
3544,A262919,PROOF,digit-divisibility,papers/03501-04000/03544-PROOF.pdf
3545,A281950,PROOF,pattern-neighbour,papers/03501-04000/03545-PROOF.pdf
3546,A198978,PROOF,relabelling,papers/03501-04000/03546-PROOF.pdf
3547,A185469,PROOF,lex-subblock-statistic,papers/03501-04000/03547-PROOF.pdf
3548,A204354,PROOF,pattern-subblock,papers/03501-04000/03548-PROOF.pdf
3549,A208319,PROOF,relabelling,papers/03501-04000/03549-PROOF.pdf
3550,A209097,PROOF,relabelling,papers/03501-04000/03550-PROOF.pdf
3551,A268793,PROOF,global-count,papers/03501-04000/03551-PROOF.pdf
3552,A268804,PROOF,global-count,papers/03501-04000/03552-PROOF.pdf
3553,A223982,PROOF,walk-closed-form,papers/03501-04000/03553-PROOF.pdf
3554,A206165,PROOF,canonical-subblock,papers/03501-04000/03554-PROOF.pdf
3555,A208197,PROOF,relabelling,papers/03501-04000/03555-PROOF.pdf
3556,A209843,PROOF,relabelling,papers/03501-04000/03556-PROOF.pdf
3557,A268746,PROOF,capped-pair-count,papers/03501-04000/03557-PROOF.pdf
3558,A227162,PROOF,lex-source-subblock-image,papers/03501-04000/03558-PROOF.pdf
3559,A227382,PROOF,lex-source-subblock-image,papers/03501-04000/03559-PROOF.pdf
3560,A189248,PROOF,array-permutation,papers/03501-04000/03560-PROOF.pdf
3561,A189349,PROOF,array-permutation,papers/03501-04000/03561-PROOF.pdf
3562,A189651,PROOF,array-permutation,papers/03501-04000/03562-PROOF.pdf
3563,A241256,PROOF,modular-running-sum,papers/03501-04000/03563-PROOF.pdf
3564,A211498,PROOF,pairwise-compatible-array,papers/03501-04000/03564-PROOF.pdf
3565,A235560,PROOF,lex-subblock-statistic,papers/03501-04000/03565-PROOF.pdf
3566,A242318,PROOF,window-coverage-order,papers/03501-04000/03566-PROOF.pdf
3567,A268736,PROOF,global-count,papers/03501-04000/03567-PROOF.pdf
3568,A227266,PROOF,lex-source-subblock-image,papers/03501-04000/03568-PROOF.pdf
3569,A211461,PROOF,pairwise-compatible-array,papers/03501-04000/03569-PROOF.pdf
3570,A208563,PROOF,relabelling,papers/03501-04000/03570-PROOF.pdf
3571,A211576,PROOF,pairwise-compatible-array,papers/03501-04000/03571-PROOF.pdf
3572,A233199,PROOF,clashing-pair,papers/03501-04000/03572-PROOF.pdf
3573,A227122,PROOF,lex-source-subblock-image,papers/03501-04000/03573-PROOF.pdf
3574,A238769,PROOF,ray-sum,papers/03501-04000/03574-PROOF.pdf
3575,A239643,PROOF,ray-sum,papers/03501-04000/03575-PROOF.pdf
3576,A239813,PROOF,ray-sum,papers/03501-04000/03576-PROOF.pdf
3577,A268784,PROOF,global-count,papers/03501-04000/03577-PROOF.pdf
3578,A269084,PROOF,global-count,papers/03501-04000/03578-PROOF.pdf
3579,A211582,PROOF,pairwise-compatible-array,papers/03501-04000/03579-PROOF.pdf
3580,A217949,PROOF,window-image,papers/03501-04000/03580-PROOF.pdf
3581,A252694,PROOF,consecutive-triple,papers/03501-04000/03581-PROOF.pdf
3582,A188559,PROOF,walk-closed-form,papers/03501-04000/03582-PROOF.pdf
3583,A184001,PROOF,common-sum,papers/03501-04000/03583-PROOF.pdf
3584,A252692,PROOF,consecutive-triple,papers/03501-04000/03584-PROOF.pdf
3585,A223640,PROOF,walk-closed-form,papers/03501-04000/03585-PROOF.pdf
3586,A252305,PROOF,table-column,papers/03501-04000/03586-PROOF.pdf
3587,A224355,PROOF,walk-closed-form,papers/03501-04000/03587-PROOF.pdf
3588,A223840,PROOF,walk-closed-form,papers/03501-04000/03588-PROOF.pdf
3589,A184000,PROOF,common-sum,papers/03501-04000/03589-PROOF.pdf
3590,A224258,PROOF,walk-closed-form,papers/03501-04000/03590-PROOF.pdf
3591,A184545,PROOF,lex-subblock-statistic,papers/03501-04000/03591-PROOF.pdf
3592,A183999,PROOF,common-sum,papers/03501-04000/03592-PROOF.pdf
3593,A223267,PROOF,graph-adjacency-array,papers/03501-04000/03593-PROOF.pdf
3594,A223334,PROOF,graph-adjacency-array,papers/03501-04000/03594-PROOF.pdf
3595,A231851,PROOF,neighbour-arithmetic,papers/03501-04000/03595-PROOF.pdf
3596,A197057,PROOF,self-count,papers/03501-04000/03596-PROOF.pdf
3597,A223280,PROOF,graph-adjacency-array,papers/03501-04000/03597-PROOF.pdf
3598,A232252,PROOF,neighbour-existential,papers/03501-04000/03598-PROOF.pdf
3599,A204049,PROOF,pattern-subblock,papers/03501-04000/03599-PROOF.pdf
3600,A223682,PROOF,walk-closed-form,papers/03501-04000/03600-PROOF.pdf
3601,A224160,PROOF,walk-closed-form,papers/03501-04000/03601-PROOF.pdf
3602,A224686,PROOF,subblock-matrix,papers/03501-04000/03602-PROOF.pdf
3603,A205348,PROOF,edge-count-pattern,papers/03501-04000/03603-PROOF.pdf
3604,A223633,PROOF,walk-closed-form,papers/03501-04000/03604-PROOF.pdf
3605,A223766,PROOF,walk-closed-form,papers/03501-04000/03605-PROOF.pdf
3606,A252690,PROOF,consecutive-triple,papers/03501-04000/03606-PROOF.pdf
3607,A183998,PROOF,common-sum,papers/03501-04000/03607-PROOF.pdf
3608,A253021,PROOF,consecutive-triple,papers/03501-04000/03608-PROOF.pdf
3609,A224002,PROOF,walk-closed-form,papers/03501-04000/03609-PROOF.pdf
3610,A224014,PROOF,walk-closed-form,papers/03501-04000/03610-PROOF.pdf
3611,A224148,PROOF,walk-closed-form,papers/03501-04000/03611-PROOF.pdf
3612,A274955,PROOF,relabelling,papers/03501-04000/03612-PROOF.pdf
3613,A275179,PROOF,relabelling,papers/03501-04000/03613-PROOF.pdf
3614,A231318,PROOF,pattern-neighbour,papers/03501-04000/03614-PROOF.pdf
3615,A223914,PROOF,walk-closed-form,papers/03501-04000/03615-PROOF.pdf
3616,A183997,PROOF,common-sum,papers/03501-04000/03616-PROOF.pdf
3617,A233159,PROOF,clashing-pair,papers/03501-04000/03617-PROOF.pdf
3618,A224564,PROOF,subblock-matrix,papers/03501-04000/03618-PROOF.pdf
3619,A266076,PROOF,self-count,papers/03501-04000/03619-PROOF.pdf
3620,A231032,PROOF,modular-neighbour,papers/03501-04000/03620-PROOF.pdf
3621,A202936,PROOF,binary-window-order,papers/03501-04000/03621-PROOF.pdf
3622,A252963,PROOF,consecutive-triple,papers/03501-04000/03622-PROOF.pdf
3623,A241323,PROOF,pattern-neighbour,papers/03501-04000/03623-PROOF.pdf
3624,A275566,PROOF,offset-inequality,papers/03501-04000/03624-PROOF.pdf
3625,A202050,PROOF,gf-conjecture,papers/03501-04000/03625-PROOF.pdf
3626,A202791,PROOF,neighbour-existential,papers/03501-04000/03626-PROOF.pdf
3627,A233241,PROOF,rowmajor-across-columns,papers/03501-04000/03627-PROOF.pdf
3628,A252855,PROOF,consecutive-triple,papers/03501-04000/03628-PROOF.pdf
3629,A214139,PROOF,circular-coloring,papers/03501-04000/03629-PROOF.pdf
3630,A224411,PROOF,walk-closed-form,papers/03501-04000/03630-PROOF.pdf
3631,A264520,PROOF,table-column,papers/03501-04000/03631-PROOF.pdf
3632,A275133,PROOF,offset-inequality,papers/03501-04000/03632-PROOF.pdf
3633,A183996,PROOF,common-sum,papers/03501-04000/03633-PROOF.pdf
3634,A230990,PROOF,modular-neighbour,papers/03501-04000/03634-PROOF.pdf
3635,A231264,PROOF,pattern-neighbour,papers/03501-04000/03635-PROOF.pdf
3636,A275187,PROOF,offset-inequality,papers/03501-04000/03636-PROOF.pdf
3637,A224035,PROOF,order-cond,papers/03501-04000/03637-PROOF.pdf
3638,A223616,PROOF,walk-closed-form,papers/03501-04000/03638-PROOF.pdf
3639,A223676,PROOF,order-cond,papers/03501-04000/03639-PROOF.pdf
3640,A223773,PROOF,walk-closed-form,papers/03501-04000/03640-PROOF.pdf
3641,A202459,PROOF,binary-window-order,papers/03501-04000/03641-PROOF.pdf
3642,A232518,PROOF,neighbour-existential,papers/03501-04000/03642-PROOF.pdf
3643,A204295,PROOF,neighbour-existential,papers/03501-04000/03643-PROOF.pdf
3644,A199650,PROOF,relabelling,papers/03501-04000/03644-PROOF.pdf
3645,A275038,PROOF,relabelling,papers/03501-04000/03645-PROOF.pdf
3646,A275085,PROOF,relabelling,papers/03501-04000/03646-PROOF.pdf
3647,A275126,PROOF,relabelling,papers/03501-04000/03647-PROOF.pdf
3648,A275223,PROOF,relabelling,papers/03501-04000/03648-PROOF.pdf
3649,A186121,PROOF,subblock-neighbour,papers/03501-04000/03649-PROOF.pdf
3650,A223719,PROOF,walk-closed-form,papers/03501-04000/03650-PROOF.pdf
3651,A223927,PROOF,walk-closed-form,papers/03501-04000/03651-PROOF.pdf
3652,A252712,PROOF,consecutive-triple,papers/03501-04000/03652-PROOF.pdf
3653,A253019,PROOF,consecutive-triple,papers/03501-04000/03653-PROOF.pdf
3654,A204649,PROOF,pair-sum-order,papers/03501-04000/03654-PROOF.pdf
3655,A209369,PROOF,distance-repeat,papers/03501-04000/03655-PROOF.pdf
3656,A232591,PROOF,neighbour-existential,papers/03501-04000/03656-PROOF.pdf
3657,A223919,PROOF,walk-closed-form,papers/03501-04000/03657-PROOF.pdf
3658,A240002,PROOF,gf-conjecture,papers/03501-04000/03658-PROOF.pdf
3659,A223364,PROOF,graph-adjacency-array,papers/03501-04000/03659-PROOF.pdf
3660,A232117,PROOF,neighbour-existential,papers/03501-04000/03660-PROOF.pdf
3661,A183963,PROOF,subblock-neighbour,papers/03501-04000/03661-PROOF.pdf
3662,A183995,PROOF,common-sum,papers/03501-04000/03662-PROOF.pdf
3663,A262422,PROOF,digit-divisibility,papers/03501-04000/03663-PROOF.pdf
3664,A223994,PROOF,order-cond,papers/03501-04000/03664-PROOF.pdf
3665,A225011,PROOF,gf-conjecture,papers/03501-04000/03665-PROOF.pdf
3666,A275404,PROOF,offset-inequality,papers/03501-04000/03666-PROOF.pdf
3667,A203280,PROOF,neighbour-existential,papers/03501-04000/03667-PROOF.pdf
3668,A214234,PROOF,circular-coloring,papers/03501-04000/03668-PROOF.pdf
3669,A281339,PROOF,pattern-neighbour,papers/03501-04000/03669-PROOF.pdf
3670,A184607,PROOF,subblock-neighbour,papers/03501-04000/03670-PROOF.pdf
3671,A224153,PROOF,order-cond,papers/03501-04000/03671-PROOF.pdf
3672,A202334,PROOF,binary-window-order,papers/03501-04000/03672-PROOF.pdf
3673,A224186,PROOF,walk-closed-form,papers/03501-04000/03673-PROOF.pdf
3674,A199143,PROOF,relabelling,papers/03501-04000/03674-PROOF.pdf
3675,A210408,PROOF,relabelling,papers/03501-04000/03675-PROOF.pdf
3676,A267729,PROOF,repeated-value,papers/03501-04000/03676-PROOF.pdf
3677,A211460,PROOF,pairwise-compatible-array,papers/03501-04000/03677-PROOF.pdf
3678,A203780,PROOF,pair-sum-order,papers/03501-04000/03678-PROOF.pdf
3679,A211584,PROOF,pairwise-compatible-array,papers/03501-04000/03679-PROOF.pdf
3680,A198718,PROOF,relabelling,papers/03501-04000/03680-PROOF.pdf
3681,A208791,PROOF,neighbour-arithmetic,papers/03501-04000/03681-PROOF.pdf
3682,A224740,PROOF,subblock-matrix,papers/03501-04000/03682-PROOF.pdf
3683,A209824,PROOF,relabelling,papers/03501-04000/03683-PROOF.pdf
3684,A209892,PROOF,relabelling,papers/03501-04000/03684-PROOF.pdf
3685,A210102,PROOF,relabelling,papers/03501-04000/03685-PROOF.pdf
3686,A240359,PROOF,gf-conjecture,papers/03501-04000/03686-PROOF.pdf
3687,A275260,PROOF,relabelling,papers/03501-04000/03687-PROOF.pdf
3688,A275395,PROOF,relabelling,papers/03501-04000/03688-PROOF.pdf
3689,A214182,PROOF,circular-coloring,papers/03501-04000/03689-PROOF.pdf
3690,A184130,PROOF,gf-conjecture,papers/03501-04000/03690-PROOF.pdf
3691,A208266,PROOF,relabelling,papers/03501-04000/03691-PROOF.pdf
3692,A211531,PROOF,pairwise-compatible-array,papers/03501-04000/03692-PROOF.pdf
3693,A238991,PROOF,ray-sum,papers/03501-04000/03693-PROOF.pdf
3694,A268888,PROOF,global-count,papers/03501-04000/03694-PROOF.pdf
3695,A268997,PROOF,global-count,papers/03501-04000/03695-PROOF.pdf
3696,A209521,PROOF,relabelling,papers/03501-04000/03696-PROOF.pdf
3697,A211693,PROOF,pairwise-compatible-array,papers/03501-04000/03697-PROOF.pdf
3698,A198620,PROOF,relabelling,papers/03501-04000/03698-PROOF.pdf
3699,A211527,PROOF,pairwise-compatible-array,papers/03501-04000/03699-PROOF.pdf
3700,A223383,PROOF,straight-line,papers/03501-04000/03700-PROOF.pdf
3701,A203721,PROOF,pair-sum-order,papers/03501-04000/03701-PROOF.pdf
3702,A211478,PROOF,pairwise-compatible-array,papers/03501-04000/03702-PROOF.pdf
3703,A232918,PROOF,clashing-pair,papers/03501-04000/03703-PROOF.pdf
3704,A207094,PROOF,modular-previous-sum,papers/03501-04000/03704-PROOF.pdf
3705,A217879,PROOF,window-image,papers/03501-04000/03705-PROOF.pdf
3706,A263375,PROOF,digit-divisibility,papers/03501-04000/03706-PROOF.pdf
3707,A223837,PROOF,walk-closed-form,papers/03501-04000/03707-PROOF.pdf
3708,A235954,PROOF,table-column,papers/03501-04000/03708-PROOF.pdf
3709,A186954,PROOF,subblock-neighbour,papers/03501-04000/03709-PROOF.pdf
3710,A188558,PROOF,walk-closed-form,papers/03501-04000/03710-PROOF.pdf
3711,A224043,PROOF,walk-closed-form,papers/03501-04000/03711-PROOF.pdf
3712,A224138,PROOF,walk-closed-form,papers/03501-04000/03712-PROOF.pdf
3713,A274855,PROOF,relabelling,papers/03501-04000/03713-PROOF.pdf
3714,A274897,PROOF,relabelling,papers/03501-04000/03714-PROOF.pdf
3715,A275145,PROOF,relabelling,papers/03501-04000/03715-PROOF.pdf
3716,A233127,PROOF,clashing-pair,papers/03501-04000/03716-PROOF.pdf
3717,A198247,PROOF,relabelling,papers/03501-04000/03717-PROOF.pdf
3718,A224689,PROOF,subblock-matrix,papers/03501-04000/03718-PROOF.pdf
3719,A224688,PROOF,subblock-matrix,papers/03501-04000/03719-PROOF.pdf
3720,A224687,PROOF,subblock-matrix,papers/03501-04000/03720-PROOF.pdf
3721,A237637,PROOF,table-column,papers/03501-04000/03721-PROOF.pdf
3722,A252956,PROOF,consecutive-triple,papers/03501-04000/03722-PROOF.pdf
3723,A268903,PROOF,global-count,papers/03501-04000/03723-PROOF.pdf
3724,A268970,PROOF,global-count,papers/03501-04000/03724-PROOF.pdf
3725,A204344,PROOF,pattern-subblock,papers/03501-04000/03725-PROOF.pdf
3726,A258894,PROOF,table-column,papers/03501-04000/03726-PROOF.pdf
3727,A224145,PROOF,walk-closed-form,papers/03501-04000/03727-PROOF.pdf
3728,A233015,PROOF,order-flag,papers/03501-04000/03728-PROOF.pdf
3729,A184544,PROOF,lex-subblock-statistic,papers/03501-04000/03729-PROOF.pdf
3730,A224567,PROOF,subblock-matrix,papers/03501-04000/03730-PROOF.pdf
3731,A224568,PROOF,table-column,papers/03501-04000/03731-PROOF.pdf
3732,A207258,PROOF,walk-closed-form,papers/03501-04000/03732-PROOF.pdf
3733,A208286,PROOF,walk-closed-form,papers/03501-04000/03733-PROOF.pdf
3734,A206232,PROOF,edge-count-pattern,papers/03501-04000/03734-PROOF.pdf
3735,A237249,PROOF,table-column,papers/03501-04000/03735-PROOF.pdf
3736,A237384,PROOF,table-column,papers/03501-04000/03736-PROOF.pdf
3737,A223554,PROOF,graph-adjacency-array,papers/03501-04000/03737-PROOF.pdf
3738,A236018,PROOF,table-column,papers/03501-04000/03738-PROOF.pdf
3739,A274724,PROOF,relabelling,papers/03501-04000/03739-PROOF.pdf
3740,A274751,PROOF,relabelling,papers/03501-04000/03740-PROOF.pdf
3741,A236055,PROOF,table-column,papers/03501-04000/03741-PROOF.pdf
3742,A185563,PROOF,neighbour-arithmetic,papers/03501-04000/03742-PROOF.pdf
3743,A252856,PROOF,consecutive-triple,papers/03501-04000/03743-PROOF.pdf
3744,A224565,PROOF,subblock-matrix,papers/03501-04000/03744-PROOF.pdf
3745,A207067,PROOF,walk-closed-form,papers/03501-04000/03745-PROOF.pdf
3746,A207390,PROOF,walk-closed-form,papers/03501-04000/03746-PROOF.pdf
3747,A237234,PROOF,table-column,papers/03501-04000/03747-PROOF.pdf
3748,A253367,PROOF,table-column,papers/03501-04000/03748-PROOF.pdf
3749,A269292,PROOF,capped-pair-count,papers/03501-04000/03749-PROOF.pdf
3750,A241365,PROOF,pattern-neighbour,papers/03501-04000/03750-PROOF.pdf
3751,A207110,PROOF,walk-closed-form,papers/03501-04000/03751-PROOF.pdf
3752,A224563,PROOF,subblock-matrix,papers/03501-04000/03752-PROOF.pdf
3753,A187956,PROOF,subblock-neighbour,papers/03501-04000/03753-PROOF.pdf
3754,A269279,PROOF,global-count,papers/03501-04000/03754-PROOF.pdf
3755,A230905,PROOF,modular-neighbour,papers/03501-04000/03755-PROOF.pdf
3756,A185799,PROOF,subblock-neighbour,papers/03501-04000/03756-PROOF.pdf
3757,A224561,PROOF,subblock-matrix,papers/03501-04000/03757-PROOF.pdf
3758,A207402,PROOF,walk-closed-form,papers/03501-04000/03758-PROOF.pdf
3759,A208141,PROOF,walk-closed-form,papers/03501-04000/03759-PROOF.pdf
3760,A202935,PROOF,binary-window-order,papers/03501-04000/03760-PROOF.pdf
3761,A205347,PROOF,edge-count-pattern,papers/03501-04000/03761-PROOF.pdf
3762,A206594,PROOF,edge-count-pattern,papers/03501-04000/03762-PROOF.pdf
3763,A183393,PROOF,neighbour-arithmetic,papers/03501-04000/03763-PROOF.pdf
3764,A263592,PROOF,bounded-displacement,papers/03501-04000/03764-PROOF.pdf
3765,A230964,PROOF,modular-neighbour,papers/03501-04000/03765-PROOF.pdf
3766,A224644,PROOF,subblock-matrix,papers/03501-04000/03766-PROOF.pdf
3767,A260207,PROOF,table-column,papers/03501-04000/03767-PROOF.pdf
3768,A260927,PROOF,table-column,papers/03501-04000/03768-PROOF.pdf
3769,A261380,PROOF,table-column,papers/03501-04000/03769-PROOF.pdf
3770,A264163,PROOF,table-column,papers/03501-04000/03770-PROOF.pdf
3771,A184690,PROOF,neighbour-arithmetic,papers/03501-04000/03771-PROOF.pdf
3772,A202049,PROOF,gf-conjecture,papers/03501-04000/03772-PROOF.pdf
3773,A275232,PROOF,offset-inequality,papers/03501-04000/03773-PROOF.pdf
3774,A269203,PROOF,capped-pair-count,papers/03501-04000/03774-PROOF.pdf
3775,A204795,PROOF,lex-subblock-statistic,papers/03501-04000/03775-PROOF.pdf
3776,A268770,PROOF,global-count,papers/03501-04000/03776-PROOF.pdf
3777,A269138,PROOF,capped-pair-count,papers/03501-04000/03777-PROOF.pdf
3778,A269189,PROOF,capped-pair-count,papers/03501-04000/03778-PROOF.pdf
3779,A274890,PROOF,relabelling,papers/03501-04000/03779-PROOF.pdf
3780,A231296,PROOF,pattern-neighbour,papers/03501-04000/03780-PROOF.pdf
3781,A188841,PROOF,walk-closed-form,papers/03501-04000/03781-PROOF.pdf
3782,A202458,PROOF,binary-window-order,papers/03501-04000/03782-PROOF.pdf
3783,A269147,PROOF,global-count,papers/03501-04000/03783-PROOF.pdf
3784,A269181,PROOF,global-count,papers/03501-04000/03784-PROOF.pdf
3785,A269216,PROOF,global-count,papers/03501-04000/03785-PROOF.pdf
3786,A279705,PROOF,pattern-neighbour,papers/03501-04000/03786-PROOF.pdf
3787,A198712,PROOF,relabelling,papers/03501-04000/03787-PROOF.pdf
3788,A233022,PROOF,clashing-pair,papers/03501-04000/03788-PROOF.pdf
3789,A210177,PROOF,all-values-subblock,papers/03501-04000/03789-PROOF.pdf
3790,A210261,PROOF,all-values-subblock,papers/03501-04000/03790-PROOF.pdf
3791,A232345,PROOF,neighbour-existential,papers/03501-04000/03791-PROOF.pdf
3792,A232840,PROOF,neighbour-existential,papers/03501-04000/03792-PROOF.pdf
3793,A281465,PROOF,pattern-neighbour,papers/03501-04000/03793-PROOF.pdf
3794,A232909,PROOF,neighbour-existential,papers/03501-04000/03794-PROOF.pdf
3795,A185848,PROOF,subblock-neighbour,papers/03501-04000/03795-PROOF.pdf
3796,A263055,PROOF,digit-divisibility,papers/03501-04000/03796-PROOF.pdf
3797,A231856,PROOF,neighbour-arithmetic,papers/03501-04000/03797-PROOF.pdf
3798,A240631,PROOF,cell-condition-pattern,papers/03501-04000/03798-PROOF.pdf
3799,A180763,PROOF,neighbour-existential,papers/03501-04000/03799-PROOF.pdf
3800,A202797,PROOF,neighbour-existential,papers/03501-04000/03800-PROOF.pdf
3801,A214168,PROOF,circular-coloring,papers/03501-04000/03801-PROOF.pdf
3802,A205315,PROOF,edge-count-pattern,papers/03501-04000/03802-PROOF.pdf
3803,A208708,PROOF,relabelling,papers/03501-04000/03803-PROOF.pdf
3804,A234728,PROOF,table-column,papers/03501-04000/03804-PROOF.pdf
3805,A256810,PROOF,table-column,papers/03501-04000/03805-PROOF.pdf
3806,A259770,PROOF,table-column,papers/03501-04000/03806-PROOF.pdf
3807,A259952,PROOF,table-column,papers/03501-04000/03807-PROOF.pdf
3808,A260284,PROOF,table-column,papers/03501-04000/03808-PROOF.pdf
3809,A264257,PROOF,table-column,papers/03501-04000/03809-PROOF.pdf
3810,A264299,PROOF,table-column,papers/03501-04000/03810-PROOF.pdf
3811,A268883,PROOF,global-count,papers/03501-04000/03811-PROOF.pdf
3812,A268992,PROOF,global-count,papers/03501-04000/03812-PROOF.pdf
3813,A242238,PROOF,window-coverage-order,papers/03501-04000/03813-PROOF.pdf
3814,A204072,PROOF,relabelling,papers/03501-04000/03814-PROOF.pdf
3815,A204626,PROOF,relabelling,papers/03501-04000/03815-PROOF.pdf
3816,A208255,PROOF,relabelling,papers/03501-04000/03816-PROOF.pdf
3817,A297584,PROOF,neighbour-existential,papers/03501-04000/03817-PROOF.pdf
3818,A235956,PROOF,lex-subblock-statistic,papers/03501-04000/03818-PROOF.pdf
3819,A250357,PROOF,shifted-multiplicity,papers/03501-04000/03819-PROOF.pdf
3820,A279710,PROOF,pattern-neighbour,papers/03501-04000/03820-PROOF.pdf
3821,A200795,PROOF,relabelling,papers/03501-04000/03821-PROOF.pdf
3822,A208171,PROOF,relabelling,papers/03501-04000/03822-PROOF.pdf
3823,A208868,PROOF,relabelling,papers/03501-04000/03823-PROOF.pdf
3824,A268777,PROOF,capped-pair-count,papers/03501-04000/03824-PROOF.pdf
3825,A202333,PROOF,binary-window-order,papers/03501-04000/03825-PROOF.pdf
3826,A189180,PROOF,array-permutation,papers/03501-04000/03826-PROOF.pdf
3827,A184138,PROOF,gf-conjecture,papers/03501-04000/03827-PROOF.pdf
3828,A185489,PROOF,subblock-neighbour,papers/03501-04000/03828-PROOF.pdf
3829,A268762,PROOF,global-count,papers/03501-04000/03829-PROOF.pdf
3830,A269014,PROOF,global-count,papers/03501-04000/03830-PROOF.pdf
3831,A269078,PROOF,global-count,papers/03501-04000/03831-PROOF.pdf
3832,A211578,PROOF,pairwise-compatible-array,papers/03501-04000/03832-PROOF.pdf
3833,A225009,PROOF,walk-closed-form,papers/03501-04000/03833-PROOF.pdf
3834,A227329,PROOF,lex-source-subblock-image,papers/03501-04000/03834-PROOF.pdf
3835,A238721,PROOF,ray-sum,papers/03501-04000/03835-PROOF.pdf
3836,A239025,PROOF,ray-sum,papers/03501-04000/03836-PROOF.pdf
3837,A262918,PROOF,digit-divisibility,papers/03501-04000/03837-PROOF.pdf
3838,A205622,PROOF,canonical-subblock,papers/03501-04000/03838-PROOF.pdf
3839,A211459,PROOF,pairwise-compatible-array,papers/03501-04000/03839-PROOF.pdf
3840,A262268,PROOF,digit-divisibility,papers/03501-04000/03840-PROOF.pdf
3841,A262466,PROOF,digit-divisibility,papers/03501-04000/03841-PROOF.pdf
3842,A262789,PROOF,digit-divisibility,papers/03501-04000/03842-PROOF.pdf
3843,A189145,PROOF,array-permutation,papers/03501-04000/03843-PROOF.pdf
3844,A240290,PROOF,ray-sum,papers/03501-04000/03844-PROOF.pdf
3845,A267928,PROOF,repeated-value,papers/03501-04000/03845-PROOF.pdf
3846,A267975,PROOF,repeated-value,papers/03501-04000/03846-PROOF.pdf
3847,A268745,PROOF,capped-pair-count,papers/03501-04000/03847-PROOF.pdf
3848,A209498,PROOF,relabelling,papers/03501-04000/03848-PROOF.pdf
3849,A240316,PROOF,ray-sum,papers/03501-04000/03849-PROOF.pdf
3850,A226988,PROOF,lex-source-subblock-image,papers/03501-04000/03850-PROOF.pdf
3851,A227099,PROOF,lex-source-subblock-image,papers/03501-04000/03851-PROOF.pdf
3852,A208311,PROOF,relabelling,papers/03501-04000/03852-PROOF.pdf
3853,A211530,PROOF,pairwise-compatible-array,papers/03501-04000/03853-PROOF.pdf
3854,A240285,PROOF,ray-sum,papers/03501-04000/03854-PROOF.pdf
3855,A240382,PROOF,ray-sum,papers/03501-04000/03855-PROOF.pdf
3856,A240389,PROOF,ray-sum,papers/03501-04000/03856-PROOF.pdf
3857,A240428,PROOF,ray-sum,papers/03501-04000/03857-PROOF.pdf
3858,A211569,PROOF,pairwise-compatible-array,papers/03501-04000/03858-PROOF.pdf
3859,A228279,PROOF,gf-conjecture,papers/03501-04000/03859-PROOF.pdf
3860,A228478,PROOF,gf-conjecture,papers/03501-04000/03860-PROOF.pdf
3861,A251028,PROOF,table-column,papers/03501-04000/03861-PROOF.pdf
3862,A251055,PROOF,table-column,papers/03501-04000/03862-PROOF.pdf
3863,A268735,PROOF,global-count,papers/03501-04000/03863-PROOF.pdf
3864,A209459,PROOF,relabelling,papers/03501-04000/03864-PROOF.pdf
3865,A205221,PROOF,canonical-subblock,papers/03501-04000/03865-PROOF.pdf
3866,A211568,PROOF,pairwise-compatible-array,papers/03501-04000/03866-PROOF.pdf
3867,A227056,PROOF,lex-source-subblock-image,papers/03501-04000/03867-PROOF.pdf
3868,A200250,PROOF,modular-previous-sum,papers/03501-04000/03868-PROOF.pdf
3869,A211463,PROOF,pairwise-compatible-array,papers/03501-04000/03869-PROOF.pdf
3870,A221540,PROOF,neighbour-obligation,papers/03501-04000/03870-PROOF.pdf
3871,A221541,PROOF,neighbour-obligation,papers/03501-04000/03871-PROOF.pdf
3872,A221571,PROOF,neighbour-obligation,papers/03501-04000/03872-PROOF.pdf
3873,A221572,PROOF,neighbour-obligation,papers/03501-04000/03873-PROOF.pdf
3874,A221594,PROOF,neighbour-obligation,papers/03501-04000/03874-PROOF.pdf
3875,A221595,PROOF,neighbour-obligation,papers/03501-04000/03875-PROOF.pdf
3876,A221681,PROOF,neighbour-obligation,papers/03501-04000/03876-PROOF.pdf
3877,A221682,PROOF,neighbour-obligation,papers/03501-04000/03877-PROOF.pdf
3878,A252717,PROOF,consecutive-triple,papers/03501-04000/03878-PROOF.pdf
3879,A223953,PROOF,walk-closed-form,papers/03501-04000/03879-PROOF.pdf
3880,A252254,PROOF,table-column,papers/03501-04000/03880-PROOF.pdf
3881,A252726,PROOF,consecutive-triple,papers/03501-04000/03881-PROOF.pdf
3882,A223836,PROOF,walk-closed-form,papers/03501-04000/03882-PROOF.pdf
3883,A206500,PROOF,distance-inequality,papers/03501-04000/03883-PROOF.pdf
3884,A252260,PROOF,table-column,papers/03501-04000/03884-PROOF.pdf
3885,A252725,PROOF,consecutive-triple,papers/03501-04000/03885-PROOF.pdf
3886,A250858,PROOF,walk-closed-form,papers/03501-04000/03886-PROOF.pdf
3887,A223324,PROOF,graph-adjacency-array,papers/03501-04000/03887-PROOF.pdf
3888,A274730,PROOF,relabelling,papers/03501-04000/03888-PROOF.pdf
3889,A274800,PROOF,relabelling,papers/03501-04000/03889-PROOF.pdf
3890,A223360,PROOF,graph-adjacency-array,papers/03501-04000/03890-PROOF.pdf
3891,A252228,PROOF,table-column,papers/03501-04000/03891-PROOF.pdf
3892,A232515,PROOF,table-column,papers/03501-04000/03892-PROOF.pdf
3893,A251088,PROOF,table-column,papers/03501-04000/03893-PROOF.pdf
3894,A251137,PROOF,table-column,papers/03501-04000/03894-PROOF.pdf
3895,A252724,PROOF,consecutive-triple,papers/03501-04000/03895-PROOF.pdf
3896,A223200,PROOF,graph-adjacency-array,papers/03501-04000/03896-PROOF.pdf
3897,A251652,PROOF,table-column,papers/03501-04000/03897-PROOF.pdf
3898,A188557,PROOF,walk-closed-form,papers/03501-04000/03898-PROOF.pdf
3899,A223670,PROOF,walk-closed-form,papers/03501-04000/03899-PROOF.pdf
3900,A224042,PROOF,walk-closed-form,papers/03501-04000/03900-PROOF.pdf
3901,A224137,PROOF,walk-closed-form,papers/03501-04000/03901-PROOF.pdf
3902,A250857,PROOF,gf-conjecture,papers/03501-04000/03902-PROOF.pdf
3903,A303682,PROOF,table-column,papers/03501-04000/03903-PROOF.pdf
3904,A223639,PROOF,walk-closed-form,papers/03501-04000/03904-PROOF.pdf
3905,A265988,PROOF,self-count,papers/03501-04000/03905-PROOF.pdf
3906,A231242,PROOF,modular-neighbour,papers/03501-04000/03906-PROOF.pdf
3907,A233171,PROOF,clashing-pair,papers/03501-04000/03907-PROOF.pdf
3908,A223839,PROOF,walk-closed-form,papers/03501-04000/03908-PROOF.pdf
3909,A258554,PROOF,table-column,papers/03501-04000/03909-PROOF.pdf
3910,A233109,PROOF,clashing-pair,papers/03501-04000/03910-PROOF.pdf
3911,A224354,PROOF,walk-closed-form,papers/03501-04000/03911-PROOF.pdf
3912,A223206,PROOF,graph-adjacency-array,papers/03501-04000/03912-PROOF.pdf
3913,A252723,PROOF,consecutive-triple,papers/03501-04000/03913-PROOF.pdf
3914,A224144,PROOF,walk-closed-form,papers/03501-04000/03914-PROOF.pdf
3915,A224257,PROOF,walk-closed-form,papers/03501-04000/03915-PROOF.pdf
3916,A224132,PROOF,order-cond,papers/03501-04000/03916-PROOF.pdf
3917,A250856,PROOF,gf-conjecture,papers/03501-04000/03917-PROOF.pdf
3918,A258966,PROOF,table-column,papers/03501-04000/03918-PROOF.pdf
3919,A184543,PROOF,lex-subblock-statistic,papers/03501-04000/03919-PROOF.pdf
3920,A207257,PROOF,walk-closed-form,papers/03501-04000/03920-PROOF.pdf
3921,A208285,PROOF,walk-closed-form,papers/03501-04000/03921-PROOF.pdf
3922,A252713,PROOF,consecutive-triple,papers/03501-04000/03922-PROOF.pdf
3923,A231414,PROOF,pattern-neighbour,papers/03501-04000/03923-PROOF.pdf
3924,A223681,PROOF,walk-closed-form,papers/03501-04000/03924-PROOF.pdf
3925,A224159,PROOF,walk-closed-form,papers/03501-04000/03925-PROOF.pdf
3926,A205584,PROOF,edge-count-pattern,papers/03501-04000/03926-PROOF.pdf
3927,A223632,PROOF,walk-closed-form,papers/03501-04000/03927-PROOF.pdf
3928,A223765,PROOF,walk-closed-form,papers/03501-04000/03928-PROOF.pdf
3929,A207066,PROOF,walk-closed-form,papers/03501-04000/03929-PROOF.pdf
3930,A207389,PROOF,walk-closed-form,papers/03501-04000/03930-PROOF.pdf
3931,A263713,PROOF,bounded-displacement,papers/03501-04000/03931-PROOF.pdf
3932,A206231,PROOF,edge-count-pattern,papers/03501-04000/03932-PROOF.pdf
3933,A206361,PROOF,edge-count-pattern,papers/03501-04000/03933-PROOF.pdf
3934,A231248,PROOF,modular-neighbour,papers/03501-04000/03934-PROOF.pdf
3935,A203875,PROOF,relabelling,papers/03501-04000/03935-PROOF.pdf
3936,A207109,PROOF,walk-closed-form,papers/03501-04000/03936-PROOF.pdf
3937,A208711,PROOF,pattern-neighbour,papers/03501-04000/03937-PROOF.pdf
3938,A214100,PROOF,circular-coloring,papers/03501-04000/03938-PROOF.pdf
3939,A207401,PROOF,walk-closed-form,papers/03501-04000/03939-PROOF.pdf
3940,A208140,PROOF,walk-closed-form,papers/03501-04000/03940-PROOF.pdf
3941,A224147,PROOF,walk-closed-form,papers/03501-04000/03941-PROOF.pdf
3942,A250855,PROOF,gf-conjecture,papers/03501-04000/03942-PROOF.pdf
3943,A233158,PROOF,clashing-pair,papers/03501-04000/03943-PROOF.pdf
3944,A224008,PROOF,order-cond,papers/03501-04000/03944-PROOF.pdf
3945,A202934,PROOF,binary-window-order,papers/03501-04000/03945-PROOF.pdf
3946,A267668,PROOF,repeated-value,papers/03501-04000/03946-PROOF.pdf
3947,A224001,PROOF,walk-closed-form,papers/03501-04000/03947-PROOF.pdf
3948,A224013,PROOF,walk-closed-form,papers/03501-04000/03948-PROOF.pdf
3949,A280854,PROOF,pattern-neighbour,papers/03501-04000/03949-PROOF.pdf
3950,A267906,PROOF,repeated-value,papers/03501-04000/03950-PROOF.pdf
3951,A223913,PROOF,walk-closed-form,papers/03501-04000/03951-PROOF.pdf
3952,A223970,PROOF,order-cond,papers/03501-04000/03952-PROOF.pdf
3953,A223500,PROOF,graph-adjacency-array,papers/03501-04000/03953-PROOF.pdf
3954,A263712,PROOF,bounded-displacement,papers/03501-04000/03954-PROOF.pdf
3955,A224019,PROOF,order-cond,papers/03501-04000/03955-PROOF.pdf
3956,A202048,PROOF,gf-conjecture,papers/03501-04000/03956-PROOF.pdf
3957,A275499,PROOF,relabelling,papers/03501-04000/03957-PROOF.pdf
3958,A223506,PROOF,graph-adjacency-array,papers/03501-04000/03958-PROOF.pdf
3959,A210080,PROOF,all-values-subblock,papers/03501-04000/03959-PROOF.pdf
3960,A210303,PROOF,all-values-subblock,papers/03501-04000/03960-PROOF.pdf
3961,A202457,PROOF,binary-window-order,papers/03501-04000/03961-PROOF.pdf
3962,A231038,PROOF,modular-neighbour,papers/03501-04000/03962-PROOF.pdf
3963,A262328,PROOF,digit-divisibility,papers/03501-04000/03963-PROOF.pdf
3964,A262416,PROOF,digit-divisibility,papers/03501-04000/03964-PROOF.pdf
3965,A224034,PROOF,order-cond,papers/03501-04000/03965-PROOF.pdf
3966,A231356,PROOF,pattern-neighbour,papers/03501-04000/03966-PROOF.pdf
3967,A231363,PROOF,table-column,papers/03501-04000/03967-PROOF.pdf
3968,A231636,PROOF,neighbour-arithmetic,papers/03501-04000/03968-PROOF.pdf
3969,A202982,PROOF,neighbour-existential,papers/03501-04000/03969-PROOF.pdf
3970,A240778,PROOF,pattern-neighbour,papers/03501-04000/03970-PROOF.pdf
3971,A281832,PROOF,pattern-neighbour,papers/03501-04000/03971-PROOF.pdf
3972,A188840,PROOF,walk-closed-form,papers/03501-04000/03972-PROOF.pdf
3973,A205257,PROOF,pattern-subblock,papers/03501-04000/03973-PROOF.pdf
3974,A223962,PROOF,walk-closed-form,papers/03501-04000/03974-PROOF.pdf
3975,A224410,PROOF,walk-closed-form,papers/03501-04000/03975-PROOF.pdf
3976,A234421,PROOF,table-column,papers/03501-04000/03976-PROOF.pdf
3977,A234738,PROOF,table-column,papers/03501-04000/03977-PROOF.pdf
3978,A250854,PROOF,gf-conjecture,papers/03501-04000/03978-PROOF.pdf
3979,A259962,PROOF,table-column,papers/03501-04000/03979-PROOF.pdf
3980,A260001,PROOF,table-column,papers/03501-04000/03980-PROOF.pdf
3981,A260370,PROOF,table-column,papers/03501-04000/03981-PROOF.pdf
3982,A232517,PROOF,neighbour-existential,papers/03501-04000/03982-PROOF.pdf
3983,A224553,PROOF,subblock-matrix,papers/03501-04000/03983-PROOF.pdf
3984,A224559,PROOF,table-column,papers/03501-04000/03984-PROOF.pdf
3985,A223615,PROOF,walk-closed-form,papers/03501-04000/03985-PROOF.pdf
3986,A223772,PROOF,walk-closed-form,papers/03501-04000/03986-PROOF.pdf
3987,A263711,PROOF,bounded-displacement,papers/03501-04000/03987-PROOF.pdf
3988,A198902,PROOF,relabelling,papers/03501-04000/03988-PROOF.pdf
3989,A224199,PROOF,order-cond,papers/03501-04000/03989-PROOF.pdf
3990,A193703,PROOF,covered-by-zero-block,papers/03501-04000/03990-PROOF.pdf
3991,A262753,PROOF,digit-divisibility,papers/03501-04000/03991-PROOF.pdf
3992,A214183,PROOF,circular-coloring,papers/03501-04000/03992-PROOF.pdf
3993,A224370,PROOF,order-cond,papers/03501-04000/03993-PROOF.pdf
3994,A242237,PROOF,window-coverage-order,papers/03501-04000/03994-PROOF.pdf
3995,A281464,PROOF,pattern-neighbour,papers/03501-04000/03995-PROOF.pdf
3996,A204567,PROOF,relabelling,papers/03501-04000/03996-PROOF.pdf
3997,A214239,PROOF,circular-coloring,papers/03501-04000/03997-PROOF.pdf
3998,A235443,PROOF,lex-subblock-statistic,papers/03501-04000/03998-PROOF.pdf
3999,A280064,PROOF,pattern-neighbour,papers/03501-04000/03999-PROOF.pdf
4000,A233215,PROOF,clashing-pair,papers/03501-04000/04000-PROOF.pdf
4001,A239032,PROOF,gf-conjecture,papers/04001-04500/04001-PROOF.pdf
4002,A202332,PROOF,binary-window-order,papers/04001-04500/04002-PROOF.pdf
4003,A224408,PROOF,order-cond,papers/04001-04500/04003-PROOF.pdf
4004,A235432,PROOF,lex-subblock-statistic,papers/04001-04500/04004-PROOF.pdf
4005,A235437,PROOF,table-column,papers/04001-04500/04005-PROOF.pdf
4006,A233644,PROOF,table-column,papers/04001-04500/04006-PROOF.pdf
4007,A238807,PROOF,gf-conjecture,papers/04001-04500/04007-PROOF.pdf
4008,A262421,PROOF,digit-divisibility,papers/04001-04500/04008-PROOF.pdf
4009,A263054,PROOF,digit-divisibility,papers/04001-04500/04009-PROOF.pdf
4010,A263060,PROOF,table-column,papers/04001-04500/04010-PROOF.pdf
4011,A214102,PROOF,circular-coloring,papers/04001-04500/04011-PROOF.pdf
4012,A263799,PROOF,table-column,papers/04001-04500/04012-PROOF.pdf
4013,A198977,PROOF,relabelling,papers/04001-04500/04013-PROOF.pdf
4014,A239188,PROOF,ray-sum,papers/04001-04500/04014-PROOF.pdf
4015,A224185,PROOF,walk-closed-form,papers/04001-04500/04015-PROOF.pdf
4016,A225008,PROOF,walk-closed-form,papers/04001-04500/04016-PROOF.pdf
4017,A183510,PROOF,neighbour-arithmetic,papers/04001-04500/04017-PROOF.pdf
4018,A238287,PROOF,table-column,papers/04001-04500/04018-PROOF.pdf
4019,A214161,PROOF,circular-coloring,papers/04001-04500/04019-PROOF.pdf
4020,A302081,PROOF,table-column,papers/04001-04500/04020-PROOF.pdf
4021,A209808,PROOF,relabelling,papers/04001-04500/04021-PROOF.pdf
4022,A210119,PROOF,relabelling,papers/04001-04500/04022-PROOF.pdf
4023,A210159,PROOF,relabelling,papers/04001-04500/04023-PROOF.pdf
4024,A235541,PROOF,lex-subblock-statistic,papers/04001-04500/04024-PROOF.pdf
4025,A235548,PROOF,table-column,papers/04001-04500/04025-PROOF.pdf
4026,A235765,PROOF,table-column,papers/04001-04500/04026-PROOF.pdf
4027,A224745,PROOF,table-column,papers/04001-04500/04027-PROOF.pdf
4028,A263710,PROOF,bounded-displacement,papers/04001-04500/04028-PROOF.pdf
4029,A211532,PROOF,pairwise-compatible-array,papers/04001-04500/04029-PROOF.pdf
4030,A239406,PROOF,ray-sum,papers/04001-04500/04030-PROOF.pdf
4031,A239650,PROOF,ray-sum,papers/04001-04500/04031-PROOF.pdf
4032,A297595,PROOF,table-column,papers/04001-04500/04032-PROOF.pdf
4033,A262236,PROOF,digit-divisibility,papers/04001-04500/04033-PROOF.pdf
4034,A211504,PROOF,pairwise-compatible-array,papers/04001-04500/04034-PROOF.pdf
4035,A198662,PROOF,relabelling,papers/04001-04500/04035-PROOF.pdf
4036,A227675,PROOF,lex-source-subblock-image,papers/04001-04500/04036-PROOF.pdf
4037,A251113,PROOF,table-column,papers/04001-04500/04037-PROOF.pdf
4038,A200661,PROOF,modular-previous-sum,papers/04001-04500/04038-PROOF.pdf
4039,A189593,PROOF,displacement-set,papers/04001-04500/04039-PROOF.pdf
4040,A212927,PROOF,column-domination,papers/04001-04500/04040-PROOF.pdf
4041,A212940,PROOF,column-domination,papers/04001-04500/04041-PROOF.pdf
4042,A217878,PROOF,window-image,papers/04001-04500/04042-PROOF.pdf
4043,A204607,PROOF,table-column,papers/04001-04500/04043-PROOF.pdf
4044,A252544,PROOF,table-column,papers/04001-04500/04044-PROOF.pdf
4045,A252114,PROOF,table-column,papers/04001-04500/04045-PROOF.pdf
4046,A252243,PROOF,table-column,papers/04001-04500/04046-PROOF.pdf
4047,A231105,PROOF,modular-neighbour,papers/04001-04500/04047-PROOF.pdf
4048,A252532,PROOF,table-column,papers/04001-04500/04048-PROOF.pdf
4049,A223952,PROOF,walk-closed-form,papers/04001-04500/04049-PROOF.pdf
4050,A223835,PROOF,walk-closed-form,papers/04001-04500/04050-PROOF.pdf
4051,A223479,PROOF,graph-adjacency-array,papers/04001-04500/04051-PROOF.pdf
4052,A223285,PROOF,graph-adjacency-array,papers/04001-04500/04052-PROOF.pdf
4053,A197050,PROOF,self-count,papers/04001-04500/04053-PROOF.pdf
4054,A269287,PROOF,capped-pair-count,papers/04001-04500/04054-PROOF.pdf
4055,A239532,PROOF,cell-condition-pattern,papers/04001-04500/04055-PROOF.pdf
4056,A204278,PROOF,pattern-subblock,papers/04001-04500/04056-PROOF.pdf
4057,A204284,PROOF,table-column,papers/04001-04500/04057-PROOF.pdf
4058,A204364,PROOF,pattern-subblock,papers/04001-04500/04058-PROOF.pdf
4059,A206118,PROOF,table-column,papers/04001-04500/04059-PROOF.pdf
4060,A240638,PROOF,cell-condition-pattern,papers/04001-04500/04060-PROOF.pdf
4061,A269898,PROOF,global-count,papers/04001-04500/04061-PROOF.pdf
4062,A255756,PROOF,table-column,papers/04001-04500/04062-PROOF.pdf
4063,A233126,PROOF,clashing-pair,papers/04001-04500/04063-PROOF.pdf
4064,A269763,PROOF,global-count,papers/04001-04500/04064-PROOF.pdf
4065,A207296,PROOF,lex-subblock-statistic,papers/04001-04500/04065-PROOF.pdf
4066,A223279,PROOF,graph-adjacency-array,papers/04001-04500/04066-PROOF.pdf
4067,A223266,PROOF,graph-adjacency-array,papers/04001-04500/04067-PROOF.pdf
4068,A223259,PROOF,graph-adjacency-array,papers/04001-04500/04068-PROOF.pdf
4069,A268902,PROOF,global-count,papers/04001-04500/04069-PROOF.pdf
4070,A268969,PROOF,global-count,papers/04001-04500/04070-PROOF.pdf
4071,A270054,PROOF,global-count,papers/04001-04500/04071-PROOF.pdf
4072,A209649,PROOF,walk-closed-form,papers/04001-04500/04072-PROOF.pdf
4073,A274729,PROOF,relabelling,papers/04001-04500/04073-PROOF.pdf
4074,A229755,PROOF,table-column,papers/04001-04500/04074-PROOF.pdf
4075,A232316,PROOF,table-column,papers/04001-04500/04075-PROOF.pdf
4076,A188556,PROOF,walk-closed-form,papers/04001-04500/04076-PROOF.pdf
4077,A224041,PROOF,walk-closed-form,papers/04001-04500/04077-PROOF.pdf
4078,A224136,PROOF,walk-closed-form,papers/04001-04500/04078-PROOF.pdf
4079,A257447,PROOF,table-column,papers/04001-04500/04079-PROOF.pdf
4080,A264285,PROOF,table-column,papers/04001-04500/04080-PROOF.pdf
4081,A264336,PROOF,table-column,papers/04001-04500/04081-PROOF.pdf
4082,A264364,PROOF,table-column,papers/04001-04500/04082-PROOF.pdf
4083,A264506,PROOF,table-column,papers/04001-04500/04083-PROOF.pdf
4084,A264569,PROOF,table-column,papers/04001-04500/04084-PROOF.pdf
4085,A264583,PROOF,table-column,papers/04001-04500/04085-PROOF.pdf
4086,A223272,PROOF,graph-adjacency-array,papers/04001-04500/04086-PROOF.pdf
4087,A203984,PROOF,table-column,papers/04001-04500/04087-PROOF.pdf
4088,A207304,PROOF,walk-closed-form,papers/04001-04500/04088-PROOF.pdf
4089,A204103,PROOF,pair-sum-order,papers/04001-04500/04089-PROOF.pdf
4090,A252343,PROOF,table-column,papers/04001-04500/04090-PROOF.pdf
4091,A253397,PROOF,table-column,papers/04001-04500/04091-PROOF.pdf
4092,A197056,PROOF,self-count,papers/04001-04500/04092-PROOF.pdf
4093,A224558,PROOF,subblock-matrix,papers/04001-04500/04093-PROOF.pdf
4094,A269105,PROOF,capped-pair-count,papers/04001-04500/04094-PROOF.pdf
4095,A269197,PROOF,capped-pair-count,papers/04001-04500/04095-PROOF.pdf
4096,A281473,PROOF,gf-conjecture,papers/04001-04500/04096-PROOF.pdf
4097,A224143,PROOF,walk-closed-form,papers/04001-04500/04097-PROOF.pdf
4098,A269093,PROOF,global-count,papers/04001-04500/04098-PROOF.pdf
4099,A269210,PROOF,global-count,papers/04001-04500/04099-PROOF.pdf
4100,A224131,PROOF,order-cond,papers/04001-04500/04100-PROOF.pdf
4101,A206217,PROOF,lex-subblock-statistic,papers/04001-04500/04101-PROOF.pdf
4102,A268165,PROOF,repeated-value,papers/04001-04500/04102-PROOF.pdf
4103,A231044,PROOF,modular-neighbour,papers/04001-04500/04103-PROOF.pdf
4104,A224557,PROOF,subblock-matrix,papers/04001-04500/04104-PROOF.pdf
4105,A207303,PROOF,walk-closed-form,papers/04001-04500/04105-PROOF.pdf
4106,A206514,PROOF,edge-count-pattern,papers/04001-04500/04106-PROOF.pdf
4107,A241372,PROOF,pattern-neighbour,papers/04001-04500/04107-PROOF.pdf
4108,A253030,PROOF,consecutive-triple,papers/04001-04500/04108-PROOF.pdf
4109,A207256,PROOF,walk-closed-form,papers/04001-04500/04109-PROOF.pdf
4110,A208284,PROOF,walk-closed-form,papers/04001-04500/04110-PROOF.pdf
4111,A236123,PROOF,table-column,papers/04001-04500/04111-PROOF.pdf
4112,A259642,PROOF,table-column,papers/04001-04500/04112-PROOF.pdf
4113,A259742,PROOF,table-column,papers/04001-04500/04113-PROOF.pdf
4114,A260138,PROOF,table-column,papers/04001-04500/04114-PROOF.pdf
4115,A261113,PROOF,table-column,papers/04001-04500/04115-PROOF.pdf
4116,A261265,PROOF,table-column,papers/04001-04500/04116-PROOF.pdf
4117,A264172,PROOF,table-column,papers/04001-04500/04117-PROOF.pdf
4118,A264207,PROOF,table-column,papers/04001-04500/04118-PROOF.pdf
4119,A264217,PROOF,table-column,papers/04001-04500/04119-PROOF.pdf
4120,A264244,PROOF,table-column,papers/04001-04500/04120-PROOF.pdf
4121,A264422,PROOF,table-column,papers/04001-04500/04121-PROOF.pdf
4122,A264550,PROOF,table-column,papers/04001-04500/04122-PROOF.pdf
4123,A264676,PROOF,table-column,papers/04001-04500/04123-PROOF.pdf
4124,A222890,PROOF,distance-inequality,papers/04001-04500/04124-PROOF.pdf
4125,A224556,PROOF,subblock-matrix,papers/04001-04500/04125-PROOF.pdf
4126,A241329,PROOF,pattern-neighbour,papers/04001-04500/04126-PROOF.pdf
4127,A205193,PROOF,table-column,papers/04001-04500/04127-PROOF.pdf
4128,A184542,PROOF,lex-subblock-statistic,papers/04001-04500/04128-PROOF.pdf
4129,A207065,PROOF,walk-closed-form,papers/04001-04500/04129-PROOF.pdf
4130,A207388,PROOF,walk-closed-form,papers/04001-04500/04130-PROOF.pdf
4131,A267913,PROOF,repeated-value,papers/04001-04500/04131-PROOF.pdf
4132,A183485,PROOF,neighbour-arithmetic,papers/04001-04500/04132-PROOF.pdf
4133,A207108,PROOF,walk-closed-form,papers/04001-04500/04133-PROOF.pdf
4134,A223243,PROOF,graph-adjacency-array,papers/04001-04500/04134-PROOF.pdf
4135,A268624,PROOF,capped-pair-count,papers/04001-04500/04135-PROOF.pdf
4136,A268907,PROOF,global-count,papers/04001-04500/04136-PROOF.pdf
4137,A268974,PROOF,global-count,papers/04001-04500/04137-PROOF.pdf
4138,A204078,PROOF,neighbour-existential,papers/04001-04500/04138-PROOF.pdf
4139,A203981,PROOF,relabelling,papers/04001-04500/04139-PROOF.pdf
4140,A208390,PROOF,relabelling,papers/04001-04500/04140-PROOF.pdf
4141,A276243,PROOF,relabelling,papers/04001-04500/04141-PROOF.pdf
4142,A224555,PROOF,subblock-matrix,papers/04001-04500/04142-PROOF.pdf
4143,A202933,PROOF,binary-window-order,papers/04001-04500/04143-PROOF.pdf
4144,A267947,PROOF,repeated-value,papers/04001-04500/04144-PROOF.pdf
4145,A268094,PROOF,repeated-value,papers/04001-04500/04145-PROOF.pdf
4146,A207400,PROOF,walk-closed-form,papers/04001-04500/04146-PROOF.pdf
4147,A208139,PROOF,walk-closed-form,papers/04001-04500/04147-PROOF.pdf
4148,A185837,PROOF,subblock-neighbour,papers/04001-04500/04148-PROOF.pdf
4149,A231997,PROOF,table-column,papers/04001-04500/04149-PROOF.pdf
4150,A234227,PROOF,table-column,papers/04001-04500/04150-PROOF.pdf
4151,A231396,PROOF,table-column,papers/04001-04500/04151-PROOF.pdf
4152,A252369,PROOF,table-column,papers/04001-04500/04152-PROOF.pdf
4153,A214110,PROOF,circular-coloring,papers/04001-04500/04153-PROOF.pdf
4154,A252269,PROOF,table-column,papers/04001-04500/04154-PROOF.pdf
4155,A231419,PROOF,table-column,papers/04001-04500/04155-PROOF.pdf
4156,A231420,PROOF,pattern-neighbour,papers/04001-04500/04156-PROOF.pdf
4157,A208405,PROOF,relabelling,papers/04001-04500/04157-PROOF.pdf
4158,A229606,PROOF,table-column,papers/04001-04500/04158-PROOF.pdf
4159,A231192,PROOF,pattern-neighbour,papers/04001-04500/04159-PROOF.pdf
4160,A231199,PROOF,table-column,papers/04001-04500/04160-PROOF.pdf
4161,A275186,PROOF,offset-inequality,papers/04001-04500/04161-PROOF.pdf
4162,A275268,PROOF,offset-inequality,papers/04001-04500/04162-PROOF.pdf
4163,A276301,PROOF,offset-inequality,papers/04001-04500/04163-PROOF.pdf
4164,A205583,PROOF,edge-count-pattern,papers/04001-04500/04164-PROOF.pdf
4165,A269932,PROOF,global-count,papers/04001-04500/04165-PROOF.pdf
4166,A224554,PROOF,subblock-matrix,papers/04001-04500/04166-PROOF.pdf
4167,A229672,PROOF,table-column,papers/04001-04500/04167-PROOF.pdf
4168,A231909,PROOF,neighbour-arithmetic,papers/04001-04500/04168-PROOF.pdf
4169,A205433,PROOF,edge-count-pattern,papers/04001-04500/04169-PROOF.pdf
4170,A231822,PROOF,neighbour-arithmetic,papers/04001-04500/04170-PROOF.pdf
4171,A232923,PROOF,clashing-pair,papers/04001-04500/04171-PROOF.pdf
4172,A253524,PROOF,table-column,papers/04001-04500/04172-PROOF.pdf
4173,A231397,PROOF,pattern-neighbour,papers/04001-04500/04173-PROOF.pdf
4174,A203536,PROOF,neighbour-existential,papers/04001-04500/04174-PROOF.pdf
4175,A183476,PROOF,neighbour-arithmetic,papers/04001-04500/04175-PROOF.pdf
4176,A229534,PROOF,table-column,papers/04001-04500/04176-PROOF.pdf
4177,A231137,PROOF,table-column,papers/04001-04500/04177-PROOF.pdf
4178,A252945,PROOF,consecutive-triple,papers/04001-04500/04178-PROOF.pdf
4179,A269823,PROOF,capped-pair-count,papers/04001-04500/04179-PROOF.pdf
4180,A234161,PROOF,table-column,papers/04001-04500/04180-PROOF.pdf
4181,A234233,PROOF,table-column,papers/04001-04500/04181-PROOF.pdf
4182,A255027,PROOF,table-column,papers/04001-04500/04182-PROOF.pdf
4183,A255159,PROOF,table-column,papers/04001-04500/04183-PROOF.pdf
4184,A260070,PROOF,table-column,papers/04001-04500/04184-PROOF.pdf
4185,A260248,PROOF,table-column,papers/04001-04500/04185-PROOF.pdf
4186,A264003,PROOF,table-column,papers/04001-04500/04186-PROOF.pdf
4187,A202456,PROOF,binary-window-order,papers/04001-04500/04187-PROOF.pdf
4188,A209368,PROOF,distance-repeat,papers/04001-04500/04188-PROOF.pdf
4189,A235212,PROOF,table-column,papers/04001-04500/04189-PROOF.pdf
4190,A268769,PROOF,global-count,papers/04001-04500/04190-PROOF.pdf
4191,A269037,PROOF,global-count,papers/04001-04500/04191-PROOF.pdf
4192,A269054,PROOF,global-count,papers/04001-04500/04192-PROOF.pdf
4193,A186843,PROOF,subblock-neighbour,papers/04001-04500/04193-PROOF.pdf
4194,A233903,PROOF,table-column,papers/04001-04500/04194-PROOF.pdf
4195,A234131,PROOF,table-column,papers/04001-04500/04195-PROOF.pdf
4196,A234175,PROOF,table-column,papers/04001-04500/04196-PROOF.pdf
4197,A234555,PROOF,table-column,papers/04001-04500/04197-PROOF.pdf
4198,A234690,PROOF,table-column,papers/04001-04500/04198-PROOF.pdf
4199,A235319,PROOF,table-column,papers/04001-04500/04199-PROOF.pdf
4200,A279657,PROOF,table-column,papers/04001-04500/04200-PROOF.pdf
4201,A280599,PROOF,pattern-neighbour,papers/04001-04500/04201-PROOF.pdf
4202,A268069,PROOF,repeated-value,papers/04001-04500/04202-PROOF.pdf
4203,A268419,PROOF,repeated-value,papers/04001-04500/04203-PROOF.pdf
4204,A214109,PROOF,circular-coloring,papers/04001-04500/04204-PROOF.pdf
4205,A229637,PROOF,table-column,papers/04001-04500/04205-PROOF.pdf
4206,A233081,PROOF,clashing-pair,papers/04001-04500/04206-PROOF.pdf
4207,A235107,PROOF,table-column,papers/04001-04500/04207-PROOF.pdf
4208,A235198,PROOF,table-column,papers/04001-04500/04208-PROOF.pdf
4209,A239178,PROOF,table-column,papers/04001-04500/04209-PROOF.pdf
4210,A214143,PROOF,circular-coloring,papers/04001-04500/04210-PROOF.pdf
4211,A267661,PROOF,repeated-value,papers/04001-04500/04211-PROOF.pdf
4212,A205165,PROOF,relabelling,papers/04001-04500/04212-PROOF.pdf
4213,A205314,PROOF,edge-count-pattern,papers/04001-04500/04213-PROOF.pdf
4214,A205318,PROOF,table-column,papers/04001-04500/04214-PROOF.pdf
4215,A240034,PROOF,ray-sum,papers/04001-04500/04215-PROOF.pdf
4216,A205468,PROOF,edge-count-pattern,papers/04001-04500/04216-PROOF.pdf
4217,A210006,PROOF,all-values-subblock,papers/04001-04500/04217-PROOF.pdf
4218,A210046,PROOF,all-values-subblock,papers/04001-04500/04218-PROOF.pdf
4219,A210089,PROOF,all-values-subblock,papers/04001-04500/04219-PROOF.pdf
4220,A224552,PROOF,subblock-matrix,papers/04001-04500/04220-PROOF.pdf
4221,A233818,PROOF,table-column,papers/04001-04500/04221-PROOF.pdf
4222,A234458,PROOF,table-column,papers/04001-04500/04222-PROOF.pdf
4223,A206267,PROOF,table-column,papers/04001-04500/04223-PROOF.pdf
4224,A242236,PROOF,window-coverage-order,papers/04001-04500/04224-PROOF.pdf
4225,A208707,PROOF,relabelling,papers/04001-04500/04225-PROOF.pdf
4226,A188839,PROOF,walk-closed-form,papers/04001-04500/04226-PROOF.pdf
4227,A240193,PROOF,ray-sum,papers/04001-04500/04227-PROOF.pdf
4228,A268882,PROOF,global-count,papers/04001-04500/04228-PROOF.pdf
4229,A268991,PROOF,global-count,papers/04001-04500/04229-PROOF.pdf
4230,A269007,PROOF,global-count,papers/04001-04500/04230-PROOF.pdf
4231,A269071,PROOF,global-count,papers/04001-04500/04231-PROOF.pdf
4232,A209962,PROOF,all-values-subblock,papers/04001-04500/04232-PROOF.pdf
4233,A210136,PROOF,all-values-subblock,papers/04001-04500/04233-PROOF.pdf
4234,A210313,PROOF,all-values-subblock,papers/04001-04500/04234-PROOF.pdf
4235,A234890,PROOF,table-column,papers/04001-04500/04235-PROOF.pdf
4236,A235026,PROOF,table-column,papers/04001-04500/04236-PROOF.pdf
4237,A235186,PROOF,table-column,papers/04001-04500/04237-PROOF.pdf
4238,A283572,PROOF,table-column,papers/04001-04500/04238-PROOF.pdf
4239,A185479,PROOF,subblock-neighbour,papers/04001-04500/04239-PROOF.pdf
4240,A214188,PROOF,circular-coloring,papers/04001-04500/04240-PROOF.pdf
4241,A233883,PROOF,table-column,papers/04001-04500/04241-PROOF.pdf
4242,A234443,PROOF,table-column,papers/04001-04500/04242-PROOF.pdf
4243,A251210,PROOF,table-column,papers/04001-04500/04243-PROOF.pdf
4244,A251335,PROOF,table-column,papers/04001-04500/04244-PROOF.pdf
4245,A234777,PROOF,table-column,papers/04001-04500/04245-PROOF.pdf
4246,A233928,PROOF,table-column,papers/04001-04500/04246-PROOF.pdf
4247,A234083,PROOF,table-column,papers/04001-04500/04247-PROOF.pdf
4248,A234114,PROOF,table-column,papers/04001-04500/04248-PROOF.pdf
4249,A235673,PROOF,lex-subblock-statistic,papers/04001-04500/04249-PROOF.pdf
4250,A235679,PROOF,table-column,papers/04001-04500/04250-PROOF.pdf
4251,A202331,PROOF,binary-window-order,papers/04001-04500/04251-PROOF.pdf
4252,A224407,PROOF,order-cond,papers/04001-04500/04252-PROOF.pdf
4253,A240333,PROOF,gf-conjecture,papers/04001-04500/04253-PROOF.pdf
4254,A183467,PROOF,neighbour-arithmetic,papers/04001-04500/04254-PROOF.pdf
4255,A268776,PROOF,capped-pair-count,papers/04001-04500/04255-PROOF.pdf
4256,A268781,PROOF,table-column,papers/04001-04500/04256-PROOF.pdf
4257,A206164,PROOF,canonical-subblock,papers/04001-04500/04257-PROOF.pdf
4258,A230989,PROOF,table-column,papers/04001-04500/04258-PROOF.pdf
4259,A280598,PROOF,pattern-neighbour,papers/04001-04500/04259-PROOF.pdf
4260,A203958,PROOF,pair-sum-order,papers/04001-04500/04260-PROOF.pdf
4261,A231070,PROOF,table-column,papers/04001-04500/04261-PROOF.pdf
4262,A268792,PROOF,global-count,papers/04001-04500/04262-PROOF.pdf
4263,A268803,PROOF,global-count,papers/04001-04500/04263-PROOF.pdf
4264,A206378,PROOF,canonical-subblock,papers/04001-04500/04264-PROOF.pdf
4265,A209013,PROOF,neighbour-arithmetic,papers/04001-04500/04265-PROOF.pdf
4266,A227021,PROOF,lex-source-subblock-image,papers/04001-04500/04266-PROOF.pdf
4267,A242317,PROOF,window-coverage-order,papers/04001-04500/04267-PROOF.pdf
4268,A259297,PROOF,table-column,papers/04001-04500/04268-PROOF.pdf
4269,A225007,PROOF,gf-conjecture,papers/04001-04500/04269-PROOF.pdf
4270,A236009,PROOF,table-column,papers/04001-04500/04270-PROOF.pdf
4271,A251258,PROOF,table-column,papers/04001-04500/04271-PROOF.pdf
4272,A268761,PROOF,global-count,papers/04001-04500/04272-PROOF.pdf
4273,A269006,PROOF,global-count,papers/04001-04500/04273-PROOF.pdf
4274,A269013,PROOF,global-count,papers/04001-04500/04274-PROOF.pdf
4275,A269070,PROOF,global-count,papers/04001-04500/04275-PROOF.pdf
4276,A269077,PROOF,global-count,papers/04001-04500/04276-PROOF.pdf
4277,A279977,PROOF,table-column,papers/04001-04500/04277-PROOF.pdf
4278,A198908,PROOF,relabelling,papers/04001-04500/04278-PROOF.pdf
4279,A208196,PROOF,relabelling,papers/04001-04500/04279-PROOF.pdf
4280,A209842,PROOF,relabelling,papers/04001-04500/04280-PROOF.pdf
4281,A210055,PROOF,relabelling,papers/04001-04500/04281-PROOF.pdf
4282,A231806,PROOF,table-column,papers/04001-04500/04282-PROOF.pdf
4283,A206163,PROOF,canonical-subblock,papers/04001-04500/04283-PROOF.pdf
4284,A206171,PROOF,canonical-subblock,papers/04001-04500/04284-PROOF.pdf
4285,A231764,PROOF,table-column,papers/04001-04500/04285-PROOF.pdf
4286,A231977,PROOF,table-column,papers/04001-04500/04286-PROOF.pdf
4287,A250346,PROOF,shifted-multiplicity,papers/04001-04500/04287-PROOF.pdf
4288,A267960,PROOF,repeated-value,papers/04001-04500/04288-PROOF.pdf
4289,A268013,PROOF,repeated-value,papers/04001-04500/04289-PROOF.pdf
4290,A226866,PROOF,lex-source-subblock-image,papers/04001-04500/04290-PROOF.pdf
4291,A227554,PROOF,lex-source-subblock-image,papers/04001-04500/04291-PROOF.pdf
4292,A211529,PROOF,pairwise-compatible-array,papers/04001-04500/04292-PROOF.pdf
4293,A211573,PROOF,pairwise-compatible-array,papers/04001-04500/04293-PROOF.pdf
4294,A227252,PROOF,lex-source-subblock-image,papers/04001-04500/04294-PROOF.pdf
4295,A263459,PROOF,digit-divisibility,papers/04001-04500/04295-PROOF.pdf
4296,A263464,PROOF,table-column,papers/04001-04500/04296-PROOF.pdf
4297,A211528,PROOF,pairwise-compatible-array,papers/04001-04500/04297-PROOF.pdf
4298,A211567,PROOF,pairwise-compatible-array,papers/04001-04500/04298-PROOF.pdf
4299,A211477,PROOF,pairwise-compatible-array,papers/04001-04500/04299-PROOF.pdf
4300,A251451,PROOF,table-column,papers/04001-04500/04300-PROOF.pdf
4301,A209603,PROOF,distance-repeat,papers/04001-04500/04301-PROOF.pdf
4302,A223057,PROOF,straight-line,papers/04001-04500/04302-PROOF.pdf
4303,A251317,PROOF,table-column,papers/04001-04500/04303-PROOF.pdf
4304,A268783,PROOF,global-count,papers/04001-04500/04304-PROOF.pdf
4305,A268887,PROOF,global-count,papers/04001-04500/04305-PROOF.pdf
4306,A268996,PROOF,global-count,papers/04001-04500/04306-PROOF.pdf
4307,A269083,PROOF,global-count,papers/04001-04500/04307-PROOF.pdf
4308,A227085,PROOF,lex-source-subblock-image,papers/04001-04500/04308-PROOF.pdf
4309,A263366,PROOF,digit-divisibility,papers/04001-04500/04309-PROOF.pdf
4310,A263373,PROOF,table-column,papers/04001-04500/04310-PROOF.pdf
4311,A221539,PROOF,neighbour-obligation,papers/04001-04500/04311-PROOF.pdf
4312,A221570,PROOF,neighbour-obligation,papers/04001-04500/04312-PROOF.pdf
4313,A221593,PROOF,neighbour-obligation,papers/04001-04500/04313-PROOF.pdf
4314,A221679,PROOF,neighbour-obligation,papers/04001-04500/04314-PROOF.pdf
4315,A221680,PROOF,neighbour-obligation,papers/04001-04500/04315-PROOF.pdf
4316,A232917,PROOF,clashing-pair,papers/04001-04500/04316-PROOF.pdf
4317,A232589,PROOF,table-column,papers/04001-04500/04317-PROOF.pdf
4318,A206206,PROOF,table-column,papers/04001-04500/04318-PROOF.pdf
4319,A274746,PROOF,relabelling,papers/04001-04500/04319-PROOF.pdf
4320,A233214,PROOF,clashing-pair,papers/04001-04500/04320-PROOF.pdf
4321,A222891,PROOF,distance-inequality,papers/04001-04500/04321-PROOF.pdf
4322,A250819,PROOF,gf-conjecture,papers/04001-04500/04322-PROOF.pdf
4323,A233198,PROOF,clashing-pair,papers/04001-04500/04323-PROOF.pdf
4324,A230971,PROOF,modular-neighbour,papers/04001-04500/04324-PROOF.pdf
4325,A230977,PROOF,table-column,papers/04001-04500/04325-PROOF.pdf
4326,A207050,PROOF,table-column,papers/04001-04500/04326-PROOF.pdf
4327,A204377,PROOF,pattern-subblock,papers/04001-04500/04327-PROOF.pdf
4328,A223951,PROOF,walk-closed-form,papers/04001-04500/04328-PROOF.pdf
4329,A223330,PROOF,graph-adjacency-array,papers/04001-04500/04329-PROOF.pdf
4330,A185859,PROOF,subblock-neighbour,papers/04001-04500/04330-PROOF.pdf
4331,A223834,PROOF,walk-closed-form,papers/04001-04500/04331-PROOF.pdf
4332,A206354,PROOF,distance-inequality,papers/04001-04500/04332-PROOF.pdf
4333,A205986,PROOF,table-column,papers/04001-04500/04333-PROOF.pdf
4334,A250818,PROOF,gf-conjecture,papers/04001-04500/04334-PROOF.pdf
4335,A233235,PROOF,clashing-pair,papers/04001-04500/04335-PROOF.pdf
4336,A207452,PROOF,walk-closed-form,papers/04001-04500/04336-PROOF.pdf
4337,A233100,PROOF,order-flag,papers/04001-04500/04337-PROOF.pdf
4338,A207598,PROOF,walk-closed-form,papers/04001-04500/04338-PROOF.pdf
4339,A236997,PROOF,table-column,papers/04001-04500/04339-PROOF.pdf
4340,A223199,PROOF,graph-adjacency-array,papers/04001-04500/04340-PROOF.pdf
4341,A203878,PROOF,table-column,papers/04001-04500/04341-PROOF.pdf
4342,A274799,PROOF,relabelling,papers/04001-04500/04342-PROOF.pdf
4343,A274854,PROOF,relabelling,papers/04001-04500/04343-PROOF.pdf
4344,A274858,PROOF,table-column,papers/04001-04500/04344-PROOF.pdf
4345,A274896,PROOF,relabelling,papers/04001-04500/04345-PROOF.pdf
4346,A275144,PROOF,relabelling,papers/04001-04500/04346-PROOF.pdf
4347,A266096,PROOF,self-count,papers/04001-04500/04347-PROOF.pdf
4348,A204376,PROOF,pattern-subblock,papers/04001-04500/04348-PROOF.pdf
4349,A223182,PROOF,graph-adjacency-array,papers/04001-04500/04349-PROOF.pdf
4350,A206629,PROOF,edge-count-pattern,papers/04001-04500/04350-PROOF.pdf
4351,A207168,PROOF,walk-closed-form,papers/04001-04500/04351-PROOF.pdf
4352,A204146,PROOF,pattern-subblock,papers/04001-04500/04352-PROOF.pdf
4353,A250817,PROOF,gf-conjecture,papers/04001-04500/04353-PROOF.pdf
4354,A207451,PROOF,walk-closed-form,papers/04001-04500/04354-PROOF.pdf
4355,A207597,PROOF,walk-closed-form,papers/04001-04500/04355-PROOF.pdf
4356,A209648,PROOF,walk-closed-form,papers/04001-04500/04356-PROOF.pdf
4357,A231241,PROOF,modular-neighbour,papers/04001-04500/04357-PROOF.pdf
4358,A252722,PROOF,consecutive-triple,papers/04001-04500/04358-PROOF.pdf
4359,A233108,PROOF,clashing-pair,papers/04001-04500/04359-PROOF.pdf
4360,A233234,PROOF,clashing-pair,papers/04001-04500/04360-PROOF.pdf
4361,A239150,PROOF,cell-condition-pattern,papers/04001-04500/04361-PROOF.pdf
4362,A239155,PROOF,table-column,papers/04001-04500/04362-PROOF.pdf
4363,A214136,PROOF,circular-coloring,papers/04001-04500/04363-PROOF.pdf
4364,A207167,PROOF,walk-closed-form,papers/04001-04500/04364-PROOF.pdf
4365,A233219,PROOF,rowmajor-across-columns,papers/04001-04500/04365-PROOF.pdf
4366,A204375,PROOF,pattern-subblock,papers/04001-04500/04366-PROOF.pdf
4367,A204748,PROOF,pattern-subblock,papers/04001-04500/04367-PROOF.pdf
4368,A204754,PROOF,table-column,papers/04001-04500/04368-PROOF.pdf
4369,A223944,PROOF,order-cond,papers/04001-04500/04369-PROOF.pdf
4370,A224040,PROOF,walk-closed-form,papers/04001-04500/04370-PROOF.pdf
4371,A224135,PROOF,walk-closed-form,papers/04001-04500/04371-PROOF.pdf
4372,A251128,PROOF,table-column,papers/04001-04500/04372-PROOF.pdf
4373,A264878,PROOF,table-column,papers/04001-04500/04373-PROOF.pdf
4374,A250816,PROOF,gf-conjecture,papers/04001-04500/04374-PROOF.pdf
4375,A208640,PROOF,pattern-neighbour,papers/04001-04500/04375-PROOF.pdf
4376,A281600,PROOF,pattern-neighbour,papers/04001-04500/04376-PROOF.pdf
4377,A238510,PROOF,pattern-neighbour,papers/04001-04500/04377-PROOF.pdf
4378,A238515,PROOF,table-column,papers/04001-04500/04378-PROOF.pdf
4379,A233085,PROOF,rowmajor-across-columns,papers/04001-04500/04379-PROOF.pdf
4380,A224130,PROOF,order-cond,papers/04001-04500/04380-PROOF.pdf
4381,A233068,PROOF,order-flag,papers/04001-04500/04381-PROOF.pdf
4382,A281472,PROOF,pattern-neighbour,papers/04001-04500/04382-PROOF.pdf
4383,A224142,PROOF,walk-closed-form,papers/04001-04500/04383-PROOF.pdf
4384,A222776,PROOF,distance-inequality,papers/04001-04500/04384-PROOF.pdf
4385,A207166,PROOF,walk-closed-form,papers/04001-04500/04385-PROOF.pdf
4386,A207302,PROOF,walk-closed-form,papers/04001-04500/04386-PROOF.pdf
4387,A189445,PROOF,array-permutation,papers/04001-04500/04387-PROOF.pdf
4388,A231080,PROOF,table-column,papers/04001-04500/04388-PROOF.pdf
4389,A231081,PROOF,modular-neighbour,papers/04001-04500/04389-PROOF.pdf
4390,A274723,PROOF,relabelling,papers/04001-04500/04390-PROOF.pdf
4391,A275178,PROOF,relabelling,papers/04001-04500/04391-PROOF.pdf
4392,A276294,PROOF,relabelling,papers/04001-04500/04392-PROOF.pdf
4393,A252721,PROOF,consecutive-triple,papers/04001-04500/04393-PROOF.pdf
4394,A231444,PROOF,pattern-neighbour,papers/04001-04500/04394-PROOF.pdf
4395,A231451,PROOF,table-column,papers/04001-04500/04395-PROOF.pdf
4396,A183645,PROOF,gf-conjecture,papers/04001-04500/04396-PROOF.pdf
4397,A224549,PROOF,subblock-matrix,papers/04001-04500/04397-PROOF.pdf
4398,A241125,PROOF,cell-condition-pattern,papers/04001-04500/04398-PROOF.pdf
4399,A282051,PROOF,pattern-neighbour,papers/04001-04500/04399-PROOF.pdf
4400,A282056,PROOF,table-column,papers/04001-04500/04400-PROOF.pdf
4401,A203874,PROOF,relabelling,papers/04001-04500/04401-PROOF.pdf
4402,A233141,PROOF,clashing-pair,papers/04001-04500/04402-PROOF.pdf
4403,A233224,PROOF,clashing-pair,papers/04001-04500/04403-PROOF.pdf
4404,A207255,PROOF,walk-closed-form,papers/04001-04500/04404-PROOF.pdf
4405,A208283,PROOF,walk-closed-form,papers/04001-04500/04405-PROOF.pdf
4406,A206754,PROOF,edge-count-pattern,papers/04001-04500/04406-PROOF.pdf
4407,A207107,PROOF,gf-conjecture,papers/04001-04500/04407-PROOF.pdf
4408,A275132,PROOF,offset-inequality,papers/04001-04500/04408-PROOF.pdf
4409,A280674,PROOF,pattern-neighbour,papers/04001-04500/04409-PROOF.pdf
4410,A230920,PROOF,modular-neighbour,papers/04001-04500/04410-PROOF.pdf
4411,A231025,PROOF,modular-neighbour,papers/04001-04500/04411-PROOF.pdf
4412,A207064,PROOF,walk-closed-form,papers/04001-04500/04412-PROOF.pdf
4413,A207399,PROOF,walk-closed-form,papers/04001-04500/04413-PROOF.pdf
4414,A208138,PROOF,walk-closed-form,papers/04001-04500/04414-PROOF.pdf
4415,A234122,PROOF,table-column,papers/04001-04500/04415-PROOF.pdf
4416,A250815,PROOF,gf-conjecture,papers/04001-04500/04416-PROOF.pdf
4417,A253749,PROOF,table-column,papers/04001-04500/04417-PROOF.pdf
4418,A224007,PROOF,order-cond,papers/04001-04500/04418-PROOF.pdf
4419,A231337,PROOF,pattern-neighbour,papers/04001-04500/04419-PROOF.pdf
4420,A231343,PROOF,table-column,papers/04001-04500/04420-PROOF.pdf
4421,A231463,PROOF,table-column,papers/04001-04500/04421-PROOF.pdf
4422,A235017,PROOF,table-column,papers/04001-04500/04422-PROOF.pdf
4423,A240784,PROOF,pattern-neighbour,papers/04001-04500/04423-PROOF.pdf
4424,A224548,PROOF,subblock-matrix,papers/04001-04500/04424-PROOF.pdf
4425,A231779,PROOF,neighbour-arithmetic,papers/04001-04500/04425-PROOF.pdf
4426,A184541,PROOF,lex-subblock-statistic,papers/04001-04500/04426-PROOF.pdf
4427,A223764,PROOF,walk-closed-form,papers/04001-04500/04427-PROOF.pdf
4428,A234490,PROOF,table-column,papers/04001-04500/04428-PROOF.pdf
4429,A234702,PROOF,table-column,papers/04001-04500/04429-PROOF.pdf
4430,A263964,PROOF,table-column,papers/04001-04500/04430-PROOF.pdf
4431,A303182,PROOF,table-column,papers/04001-04500/04431-PROOF.pdf
4432,A305523,PROOF,table-column,papers/04001-04500/04432-PROOF.pdf
4433,A231050,PROOF,modular-neighbour,papers/04001-04500/04433-PROOF.pdf
4434,A198405,PROOF,relabelling,papers/04001-04500/04434-PROOF.pdf
4435,A198508,PROOF,relabelling,papers/04001-04500/04435-PROOF.pdf
4436,A198535,PROOF,relabelling,papers/04001-04500/04436-PROOF.pdf
4437,A275230,PROOF,offset-inequality,papers/04001-04500/04437-PROOF.pdf
4438,A234665,PROOF,table-column,papers/04001-04500/04438-PROOF.pdf
4439,A189437,PROOF,array-permutation,papers/04001-04500/04439-PROOF.pdf
4440,A189444,PROOF,array-permutation,papers/04001-04500/04440-PROOF.pdf
4441,A224547,PROOF,subblock-matrix,papers/04001-04500/04441-PROOF.pdf
4442,A202455,PROOF,binary-window-order,papers/04001-04500/04442-PROOF.pdf
4443,A231441,PROOF,table-column,papers/04001-04500/04443-PROOF.pdf
4444,A267638,PROOF,repeated-value,papers/04001-04500/04444-PROOF.pdf
4445,A214162,PROOF,circular-coloring,papers/04001-04500/04445-PROOF.pdf
4446,A233240,PROOF,rowmajor-across-columns,papers/04001-04500/04446-PROOF.pdf
4447,A224000,PROOF,walk-closed-form,papers/04001-04500/04447-PROOF.pdf
4448,A234184,PROOF,table-column,papers/04001-04500/04448-PROOF.pdf
4449,A234497,PROOF,table-column,papers/04001-04500/04449-PROOF.pdf
4450,A234549,PROOF,table-column,papers/04001-04500/04450-PROOF.pdf
4451,A234658,PROOF,table-column,papers/04001-04500/04451-PROOF.pdf
4452,A235310,PROOF,table-column,papers/04001-04500/04452-PROOF.pdf
4453,A224033,PROOF,order-cond,papers/04001-04500/04453-PROOF.pdf
4454,A210079,PROOF,all-values-subblock,papers/04001-04500/04454-PROOF.pdf
4455,A210167,PROOF,all-values-subblock,papers/04001-04500/04455-PROOF.pdf
4456,A210302,PROOF,all-values-subblock,papers/04001-04500/04456-PROOF.pdf
4457,A232590,PROOF,neighbour-existential,papers/04001-04500/04457-PROOF.pdf
4458,A235098,PROOF,table-column,papers/04001-04500/04458-PROOF.pdf
4459,A263637,PROOF,bounded-displacement,papers/04001-04500/04459-PROOF.pdf
4460,A235902,PROOF,table-column,papers/04001-04500/04460-PROOF.pdf
4461,A235911,PROOF,table-column,papers/04001-04500/04461-PROOF.pdf
4462,A250814,PROOF,gf-conjecture,papers/04001-04500/04462-PROOF.pdf
4463,A186120,PROOF,subblock-neighbour,papers/04001-04500/04463-PROOF.pdf
4464,A224546,PROOF,subblock-matrix,papers/04001-04500/04464-PROOF.pdf
4465,A240395,PROOF,gf-conjecture,papers/04001-04500/04465-PROOF.pdf
4466,A234564,PROOF,table-column,papers/04001-04500/04466-PROOF.pdf
4467,A232516,PROOF,neighbour-existential,papers/04001-04500/04467-PROOF.pdf
4468,A239987,PROOF,gf-conjecture,papers/04001-04500/04468-PROOF.pdf
4469,A242235,PROOF,window-coverage-order,papers/04001-04500/04469-PROOF.pdf
4470,A199641,PROOF,relabelling,papers/04001-04500/04470-PROOF.pdf
4471,A203446,PROOF,pair-sum-order,papers/04001-04500/04471-PROOF.pdf
4472,A208318,PROOF,relabelling,papers/04001-04500/04472-PROOF.pdf
4473,A209096,PROOF,relabelling,papers/04001-04500/04473-PROOF.pdf
4474,A275222,PROOF,relabelling,papers/04001-04500/04474-PROOF.pdf
4475,A224369,PROOF,order-cond,papers/04001-04500/04475-PROOF.pdf
4476,A240513,PROOF,cell-condition-pattern,papers/04001-04500/04476-PROOF.pdf
4477,A281338,PROOF,pattern-neighbour,papers/04001-04500/04477-PROOF.pdf
4478,A281470,PROOF,pattern-neighbour,papers/04001-04500/04478-PROOF.pdf
4479,A281716,PROOF,pattern-neighbour,papers/04001-04500/04479-PROOF.pdf
4480,A197102,PROOF,neighbour-arithmetic,papers/04001-04500/04480-PROOF.pdf
4481,A214167,PROOF,circular-coloring,papers/04001-04500/04481-PROOF.pdf
4482,A218348,PROOF,gf-conjecture,papers/04001-04500/04482-PROOF.pdf
4483,A198901,PROOF,relabelling,papers/04001-04500/04483-PROOF.pdf
4484,A204734,PROOF,lex-subblock-statistic,papers/04001-04500/04484-PROOF.pdf
4485,A237859,PROOF,table-column,papers/04001-04500/04485-PROOF.pdf
4486,A283691,PROOF,table-column,papers/04001-04500/04486-PROOF.pdf
4487,A279378,PROOF,pattern-neighbour,papers/04001-04500/04487-PROOF.pdf
4488,A233255,PROOF,clashing-pair,papers/04001-04500/04488-PROOF.pdf
4489,A234769,PROOF,table-column,papers/04001-04500/04489-PROOF.pdf
4490,A188838,PROOF,walk-closed-form,papers/04001-04500/04490-PROOF.pdf
4491,A189429,PROOF,array-permutation,papers/04001-04500/04491-PROOF.pdf
4492,A202330,PROOF,binary-window-order,papers/04001-04500/04492-PROOF.pdf
4493,A224406,PROOF,order-cond,papers/04001-04500/04493-PROOF.pdf
4494,A233635,PROOF,table-column,papers/04001-04500/04494-PROOF.pdf
4495,A233967,PROOF,table-column,papers/04001-04500/04495-PROOF.pdf
4496,A239031,PROOF,gf-conjecture,papers/04001-04500/04496-PROOF.pdf
4497,A239852,PROOF,ray-sum,papers/04001-04500/04497-PROOF.pdf
4498,A298055,PROOF,table-column,papers/04001-04500/04498-PROOF.pdf
4499,A298320,PROOF,table-column,papers/04001-04500/04499-PROOF.pdf
4500,A299015,PROOF,table-column,papers/04001-04500/04500-PROOF.pdf
4501,A299388,PROOF,table-column,papers/04501-05000/04501-PROOF.pdf
4502,A299852,PROOF,table-column,papers/04501-05000/04502-PROOF.pdf
4503,A303254,PROOF,table-column,papers/04501-05000/04503-PROOF.pdf
4504,A304848,PROOF,table-column,papers/04501-05000/04504-PROOF.pdf
4505,A316686,PROOF,table-column,papers/04501-05000/04505-PROOF.pdf
4506,A316740,PROOF,table-column,papers/04501-05000/04506-PROOF.pdf
4507,A193695,PROOF,covered-by-zero-block,papers/04501-05000/04507-PROOF.pdf
4508,A204566,PROOF,relabelling,papers/04501-05000/04508-PROOF.pdf
4509,A208859,PROOF,relabelling,papers/04501-05000/04509-PROOF.pdf
4510,A210128,PROOF,relabelling,papers/04501-05000/04510-PROOF.pdf
4511,A210398,PROOF,relabelling,papers/04501-05000/04511-PROOF.pdf
4512,A224545,PROOF,subblock-matrix,papers/04501-05000/04512-PROOF.pdf
4513,A235549,PROOF,lex-subblock-statistic,papers/04501-05000/04513-PROOF.pdf
4514,A235555,PROOF,table-column,papers/04501-05000/04514-PROOF.pdf
4515,A235772,PROOF,table-column,papers/04501-05000/04515-PROOF.pdf
4516,A262450,PROOF,digit-divisibility,papers/04501-05000/04516-PROOF.pdf
4517,A263119,PROOF,gf-conjecture,papers/04501-05000/04517-PROOF.pdf
4518,A189436,PROOF,array-permutation,papers/04501-05000/04518-PROOF.pdf
4519,A239844,PROOF,gf-conjecture,papers/04501-05000/04519-PROOF.pdf
4520,A198717,PROOF,relabelling,papers/04501-05000/04520-PROOF.pdf
4521,A200572,PROOF,neighbour-arithmetic,papers/04501-05000/04521-PROOF.pdf
4522,A211570,PROOF,pairwise-compatible-array,papers/04501-05000/04522-PROOF.pdf
4523,A206377,PROOF,canonical-subblock,papers/04501-05000/04523-PROOF.pdf
4524,A238323,PROOF,table-column,papers/04501-05000/04524-PROOF.pdf
4525,A205356,PROOF,canonical-subblock,papers/04501-05000/04525-PROOF.pdf
4526,A209738,PROOF,relabelling,papers/04501-05000/04526-PROOF.pdf
4527,A235517,PROOF,table-column,papers/04501-05000/04527-PROOF.pdf
4528,A235736,PROOF,table-column,papers/04501-05000/04528-PROOF.pdf
4529,A241301,PROOF,ray-sum,papers/04501-05000/04529-PROOF.pdf
4530,A189305,PROOF,array-permutation,papers/04501-05000/04530-PROOF.pdf
4531,A189348,PROOF,array-permutation,papers/04501-05000/04531-PROOF.pdf
4532,A208439,PROOF,neighbour-arithmetic,papers/04501-05000/04532-PROOF.pdf
4533,A209823,PROOF,relabelling,papers/04501-05000/04533-PROOF.pdf
4534,A230708,PROOF,table-column,papers/04501-05000/04534-PROOF.pdf
4535,A239594,PROOF,ray-sum,papers/04501-05000/04535-PROOF.pdf
4536,A205424,PROOF,canonical-subblock,papers/04501-05000/04536-PROOF.pdf
4537,A208265,PROOF,relabelling,papers/04501-05000/04537-PROOF.pdf
4538,A227265,PROOF,lex-source-subblock-image,papers/04501-05000/04538-PROOF.pdf
4539,A230949,PROOF,table-column,papers/04501-05000/04539-PROOF.pdf
4540,A250813,PROOF,gf-conjecture,papers/04501-05000/04540-PROOF.pdf
4541,A250927,PROOF,table-column,papers/04501-05000/04541-PROOF.pdf
4542,A250982,PROOF,table-column,papers/04501-05000/04542-PROOF.pdf
4543,A251010,PROOF,table-column,papers/04501-05000/04543-PROOF.pdf
4544,A251019,PROOF,table-column,papers/04501-05000/04544-PROOF.pdf
4545,A251065,PROOF,table-column,papers/04501-05000/04545-PROOF.pdf
4546,A251410,PROOF,table-column,papers/04501-05000/04546-PROOF.pdf
4547,A259524,PROOF,table-column,papers/04501-05000/04547-PROOF.pdf
4548,A262333,PROOF,digit-divisibility,papers/04501-05000/04548-PROOF.pdf
4549,A262473,PROOF,digit-divisibility,papers/04501-05000/04549-PROOF.pdf
4550,A205627,PROOF,canonical-subblock,papers/04501-05000/04550-PROOF.pdf
4551,A224544,PROOF,subblock-matrix,papers/04501-05000/04551-PROOF.pdf
4552,A224550,PROOF,table-column,papers/04501-05000/04552-PROOF.pdf
4553,A224738,PROOF,subblock-matrix,papers/04501-05000/04553-PROOF.pdf
4554,A228278,PROOF,gf-conjecture,papers/04501-05000/04554-PROOF.pdf
4555,A241356,PROOF,table-column,papers/04501-05000/04555-PROOF.pdf
4556,A250973,PROOF,table-column,papers/04501-05000/04556-PROOF.pdf
4557,A251201,PROOF,table-column,papers/04501-05000/04557-PROOF.pdf
4558,A251219,PROOF,table-column,papers/04501-05000/04558-PROOF.pdf
4559,A251228,PROOF,table-column,papers/04501-05000/04559-PROOF.pdf
4560,A251292,PROOF,table-column,papers/04501-05000/04560-PROOF.pdf
4561,A251326,PROOF,table-column,papers/04501-05000/04561-PROOF.pdf
4562,A199142,PROOF,relabelling,papers/04501-05000/04562-PROOF.pdf
4563,A211465,PROOF,pairwise-compatible-array,papers/04501-05000/04563-PROOF.pdf
4564,A227121,PROOF,lex-source-subblock-image,papers/04501-05000/04564-PROOF.pdf
4565,A214232,PROOF,circular-coloring,papers/04501-05000/04565-PROOF.pdf
4566,A221538,PROOF,neighbour-obligation,papers/04501-05000/04566-PROOF.pdf
4567,A235849,PROOF,table-column,papers/04501-05000/04567-PROOF.pdf
4568,A235856,PROOF,table-column,papers/04501-05000/04568-PROOF.pdf
4569,A296327,PROOF,table-column,papers/04501-05000/04569-PROOF.pdf
4570,A212926,PROOF,column-domination,papers/04501-05000/04570-PROOF.pdf
4571,A212939,PROOF,column-domination,papers/04501-05000/04571-PROOF.pdf
4572,A129833,PROOF,telescoping-boundary,papers/04501-05000/04572-PROOF.pdf
4573,A206235,PROOF,edge-count-pattern,papers/04501-05000/04573-PROOF.pdf
4574,A206234,PROOF,edge-count-pattern,papers/04501-05000/04574-PROOF.pdf
4575,A185883,PROOF,subblock-neighbour,papers/04501-05000/04575-PROOF.pdf
4576,A250851,PROOF,gf-conjecture,papers/04501-05000/04576-PROOF.pdf
4577,A250875,PROOF,gf-conjecture,papers/04501-05000/04577-PROOF.pdf
4578,A223482,PROOF,graph-adjacency-array,papers/04501-05000/04578-PROOF.pdf
4579,A206384,PROOF,distance-inequality,papers/04501-05000/04579-PROOF.pdf
4580,A233080,PROOF,order-flag,papers/04501-05000/04580-PROOF.pdf
4581,A233254,PROOF,clashing-pair,papers/04501-05000/04581-PROOF.pdf
4582,A222835,PROOF,distance-inequality,papers/04501-05000/04582-PROOF.pdf
4583,A206233,PROOF,edge-count-pattern,papers/04501-05000/04583-PROOF.pdf
4584,A206238,PROOF,table-column,papers/04501-05000/04584-PROOF.pdf
4585,A250850,PROOF,gf-conjecture,papers/04501-05000/04585-PROOF.pdf
4586,A250874,PROOF,gf-conjecture,papers/04501-05000/04586-PROOF.pdf
4587,A250882,PROOF,gf-conjecture,papers/04501-05000/04587-PROOF.pdf
4588,A206215,PROOF,table-column,papers/04501-05000/04588-PROOF.pdf
4589,A206094,PROOF,table-column,papers/04501-05000/04589-PROOF.pdf
4590,A222777,PROOF,distance-inequality,papers/04501-05000/04590-PROOF.pdf
4591,A229578,PROOF,table-column,papers/04501-05000/04591-PROOF.pdf
4592,A252714,PROOF,consecutive-triple,papers/04501-05000/04592-PROOF.pdf
4593,A269286,PROOF,capped-pair-count,papers/04501-05000/04593-PROOF.pdf
4594,A269273,PROOF,global-count,papers/04501-05000/04594-PROOF.pdf
4595,A266028,PROOF,self-count,papers/04501-05000/04595-PROOF.pdf
4596,A208378,PROOF,walk-closed-form,papers/04501-05000/04596-PROOF.pdf
4597,A270113,PROOF,capped-pair-count,papers/04501-05000/04597-PROOF.pdf
4598,A266050,PROOF,self-count,papers/04501-05000/04598-PROOF.pdf
4599,A223235,PROOF,graph-adjacency-array,papers/04501-05000/04599-PROOF.pdf
4600,A203826,PROOF,table-column,papers/04501-05000/04600-PROOF.pdf
4601,A250849,PROOF,gf-conjecture,papers/04501-05000/04601-PROOF.pdf
4602,A250873,PROOF,gf-conjecture,papers/04501-05000/04602-PROOF.pdf
4603,A250881,PROOF,gf-conjecture,papers/04501-05000/04603-PROOF.pdf
4604,A264110,PROOF,table-column,papers/04501-05000/04604-PROOF.pdf
4605,A264341,PROOF,table-column,papers/04501-05000/04605-PROOF.pdf
4606,A223333,PROOF,graph-adjacency-array,papers/04501-05000/04606-PROOF.pdf
4607,A185985,PROOF,subblock-neighbour,papers/04501-05000/04607-PROOF.pdf
4608,A208394,PROOF,pattern-neighbour,papers/04501-05000/04608-PROOF.pdf
4609,A233125,PROOF,clashing-pair,papers/04501-05000/04609-PROOF.pdf
4610,A233014,PROOF,order-flag,papers/04501-05000/04610-PROOF.pdf
4611,A232908,PROOF,table-column,papers/04501-05000/04611-PROOF.pdf
4612,A230970,PROOF,modular-neighbour,papers/04501-05000/04612-PROOF.pdf
4613,A204775,PROOF,pattern-subblock,papers/04501-05000/04613-PROOF.pdf
4614,A233497,PROOF,table-column,papers/04501-05000/04614-PROOF.pdf
4615,A233618,PROOF,table-column,papers/04501-05000/04615-PROOF.pdf
4616,A269897,PROOF,global-count,papers/04501-05000/04616-PROOF.pdf
4617,A232137,PROOF,table-column,papers/04501-05000/04617-PROOF.pdf
4618,A209102,PROOF,pattern-neighbour,papers/04501-05000/04618-PROOF.pdf
4619,A223950,PROOF,walk-closed-form,papers/04501-05000/04619-PROOF.pdf
4620,A232251,PROOF,neighbour-existential,papers/04501-05000/04620-PROOF.pdf
4621,A232257,PROOF,table-column,papers/04501-05000/04621-PROOF.pdf
4622,A268901,PROOF,global-count,papers/04501-05000/04622-PROOF.pdf
4623,A268968,PROOF,global-count,papers/04501-05000/04623-PROOF.pdf
4624,A223833,PROOF,walk-closed-form,papers/04501-05000/04624-PROOF.pdf
4625,A208089,PROOF,edge-count-pattern,papers/04501-05000/04625-PROOF.pdf
4626,A269762,PROOF,global-count,papers/04501-05000/04626-PROOF.pdf
4627,A208409,PROOF,pattern-neighbour,papers/04501-05000/04627-PROOF.pdf
4628,A240637,PROOF,cell-condition-pattern,papers/04501-05000/04628-PROOF.pdf
4629,A208873,PROOF,pattern-neighbour,papers/04501-05000/04629-PROOF.pdf
4630,A206209,PROOF,edge-count-pattern,papers/04501-05000/04630-PROOF.pdf
4631,A207450,PROOF,gf-conjecture,papers/04501-05000/04631-PROOF.pdf
4632,A239359,PROOF,gf-conjecture,papers/04501-05000/04632-PROOF.pdf
4633,A185562,PROOF,neighbour-arithmetic,papers/04501-05000/04633-PROOF.pdf
4634,A259221,PROOF,gf-conjecture,papers/04501-05000/04634-PROOF.pdf
4635,A250775,PROOF,gf-conjecture,papers/04501-05000/04635-PROOF.pdf
4636,A250848,PROOF,gf-conjecture,papers/04501-05000/04636-PROOF.pdf
4637,A250872,PROOF,gf-conjecture,papers/04501-05000/04637-PROOF.pdf
4638,A250880,PROOF,gf-conjecture,papers/04501-05000/04638-PROOF.pdf
4639,A264142,PROOF,table-column,papers/04501-05000/04639-PROOF.pdf
4640,A264272,PROOF,table-column,papers/04501-05000/04640-PROOF.pdf
4641,A264379,PROOF,table-column,papers/04501-05000/04641-PROOF.pdf
4642,A264476,PROOF,table-column,papers/04501-05000/04642-PROOF.pdf
4643,A270053,PROOF,global-count,papers/04501-05000/04643-PROOF.pdf
4644,A204102,PROOF,pair-sum-order,papers/04501-05000/04644-PROOF.pdf
4645,A207596,PROOF,gf-conjecture,papers/04501-05000/04645-PROOF.pdf
4646,A231257,PROOF,pattern-neighbour,papers/04501-05000/04646-PROOF.pdf
4647,A231263,PROOF,table-column,papers/04501-05000/04647-PROOF.pdf
4648,A229479,PROOF,table-column,papers/04501-05000/04648-PROOF.pdf
4649,A269291,PROOF,capped-pair-count,papers/04501-05000/04649-PROOF.pdf
4650,A223558,PROOF,graph-adjacency-array,papers/04501-05000/04650-PROOF.pdf
4651,A269031,PROOF,global-count,papers/04501-05000/04651-PROOF.pdf
4652,A269048,PROOF,global-count,papers/04501-05000/04652-PROOF.pdf
4653,A269104,PROOF,capped-pair-count,papers/04501-05000/04653-PROOF.pdf
4654,A269196,PROOF,capped-pair-count,papers/04501-05000/04654-PROOF.pdf
4655,A230935,PROOF,table-column,papers/04501-05000/04655-PROOF.pdf
4656,A230940,PROOF,table-column,papers/04501-05000/04656-PROOF.pdf
4657,A274750,PROOF,relabelling,papers/04501-05000/04657-PROOF.pdf
4658,A274954,PROOF,relabelling,papers/04501-05000/04658-PROOF.pdf
4659,A275560,PROOF,relabelling,papers/04501-05000/04659-PROOF.pdf
4660,A266027,PROOF,self-count,papers/04501-05000/04660-PROOF.pdf
4661,A266049,PROOF,self-count,papers/04501-05000/04661-PROOF.pdf
4662,A208087,PROOF,edge-count-pattern,papers/04501-05000/04662-PROOF.pdf
4663,A259220,PROOF,gf-conjecture,papers/04501-05000/04663-PROOF.pdf
4664,A250774,PROOF,gf-conjecture,papers/04501-05000/04664-PROOF.pdf
4665,A269092,PROOF,global-count,papers/04501-05000/04665-PROOF.pdf
4666,A269097,PROOF,table-column,papers/04501-05000/04666-PROOF.pdf
4667,A269209,PROOF,global-count,papers/04501-05000/04667-PROOF.pdf
4668,A269278,PROOF,global-count,papers/04501-05000/04668-PROOF.pdf
4669,A270145,PROOF,global-count,papers/04501-05000/04669-PROOF.pdf
4670,A222867,PROOF,distance-inequality,papers/04501-05000/04670-PROOF.pdf
4671,A231213,PROOF,pattern-neighbour,papers/04501-05000/04671-PROOF.pdf
4672,A231219,PROOF,table-column,papers/04501-05000/04672-PROOF.pdf
4673,A241364,PROOF,pattern-neighbour,papers/04501-05000/04673-PROOF.pdf
4674,A207449,PROOF,gf-conjecture,papers/04501-05000/04674-PROOF.pdf
4675,A263661,PROOF,bounded-displacement,papers/04501-05000/04675-PROOF.pdf
4676,A239358,PROOF,gf-conjecture,papers/04501-05000/04676-PROOF.pdf
4677,A275231,PROOF,offset-inequality,papers/04501-05000/04677-PROOF.pdf
4678,A204076,PROOF,table-column,papers/04501-05000/04678-PROOF.pdf
4679,A206208,PROOF,edge-count-pattern,papers/04501-05000/04679-PROOF.pdf
4680,A206614,PROOF,edge-count-pattern,papers/04501-05000/04680-PROOF.pdf
4681,A207020,PROOF,gf-conjecture,papers/04501-05000/04681-PROOF.pdf
4682,A207165,PROOF,gf-conjecture,papers/04501-05000/04682-PROOF.pdf
4683,A232138,PROOF,pattern-neighbour,papers/04501-05000/04683-PROOF.pdf
4684,A208639,PROOF,pattern-neighbour,papers/04501-05000/04684-PROOF.pdf
4685,A184689,PROOF,neighbour-arithmetic,papers/04501-05000/04685-PROOF.pdf
4686,A237324,PROOF,table-column,papers/04501-05000/04686-PROOF.pdf
4687,A237375,PROOF,table-column,papers/04501-05000/04687-PROOF.pdf
4688,A224129,PROOF,order-cond,papers/04501-05000/04688-PROOF.pdf
4689,A230825,PROOF,modular-neighbour,papers/04501-05000/04689-PROOF.pdf
4690,A208710,PROOF,pattern-neighbour,papers/04501-05000/04690-PROOF.pdf
4691,A280853,PROOF,pattern-neighbour,papers/04501-05000/04691-PROOF.pdf
4692,A202790,PROOF,neighbour-existential,papers/04501-05000/04692-PROOF.pdf
4693,A231413,PROOF,pattern-neighbour,papers/04501-05000/04693-PROOF.pdf
4694,A255082,PROOF,table-column,papers/04501-05000/04694-PROOF.pdf
4695,A256735,PROOF,table-column,papers/04501-05000/04695-PROOF.pdf
4696,A258681,PROOF,table-column,papers/04501-05000/04696-PROOF.pdf
4697,A229460,PROOF,table-column,papers/04501-05000/04697-PROOF.pdf
4698,A229586,PROOF,table-column,papers/04501-05000/04698-PROOF.pdf
4699,A252854,PROOF,consecutive-triple,papers/04501-05000/04699-PROOF.pdf
4700,A269882,PROOF,global-count,papers/04501-05000/04700-PROOF.pdf
4701,A231138,PROOF,neighbour-arithmetic,papers/04501-05000/04701-PROOF.pdf
4702,A231144,PROOF,table-column,papers/04501-05000/04702-PROOF.pdf
4703,A214098,PROOF,circular-coloring,papers/04501-05000/04703-PROOF.pdf
4704,A208636,PROOF,relabelling,papers/04501-05000/04704-PROOF.pdf
4705,A259219,PROOF,gf-conjecture,papers/04501-05000/04705-PROOF.pdf
4706,A203916,PROOF,pattern-subblock,papers/04501-05000/04706-PROOF.pdf
4707,A204391,PROOF,pattern-subblock,papers/04501-05000/04707-PROOF.pdf
4708,A224039,PROOF,walk-closed-form,papers/04501-05000/04708-PROOF.pdf
4709,A224134,PROOF,walk-closed-form,papers/04501-05000/04709-PROOF.pdf
4710,A230813,PROOF,modular-neighbour,papers/04501-05000/04710-PROOF.pdf
4711,A232957,PROOF,clashing-pair,papers/04501-05000/04711-PROOF.pdf
4712,A250773,PROOF,gf-conjecture,papers/04501-05000/04712-PROOF.pdf
4713,A250847,PROOF,gf-conjecture,papers/04501-05000/04713-PROOF.pdf
4714,A250871,PROOF,gf-conjecture,papers/04501-05000/04714-PROOF.pdf
4715,A250879,PROOF,gf-conjecture,papers/04501-05000/04715-PROOF.pdf
4716,A255228,PROOF,table-column,papers/04501-05000/04716-PROOF.pdf
4717,A259894,PROOF,table-column,papers/04501-05000/04717-PROOF.pdf
4718,A263816,PROOF,table-column,papers/04501-05000/04718-PROOF.pdf
4719,A268623,PROOF,capped-pair-count,papers/04501-05000/04719-PROOF.pdf
4720,A232250,PROOF,neighbour-existential,papers/04501-05000/04720-PROOF.pdf
4721,A263692,PROOF,bounded-displacement,papers/04501-05000/04721-PROOF.pdf
4722,A281471,PROOF,pattern-neighbour,papers/04501-05000/04722-PROOF.pdf
4723,A203980,PROOF,relabelling,papers/04501-05000/04723-PROOF.pdf
4724,A231247,PROOF,modular-neighbour,papers/04501-05000/04724-PROOF.pdf
4725,A224141,PROOF,walk-closed-form,papers/04501-05000/04725-PROOF.pdf
4726,A268634,PROOF,global-count,papers/04501-05000/04726-PROOF.pdf
4727,A268906,PROOF,global-count,papers/04501-05000/04727-PROOF.pdf
4728,A268973,PROOF,global-count,papers/04501-05000/04728-PROOF.pdf
4729,A269030,PROOF,global-count,papers/04501-05000/04729-PROOF.pdf
4730,A269047,PROOF,global-count,papers/04501-05000/04730-PROOF.pdf
4731,A232042,PROOF,gf-conjecture,papers/04501-05000/04731-PROOF.pdf
4732,A269202,PROOF,capped-pair-count,papers/04501-05000/04732-PROOF.pdf
4733,A208086,PROOF,edge-count-pattern,papers/04501-05000/04733-PROOF.pdf
4734,A253350,PROOF,table-column,papers/04501-05000/04734-PROOF.pdf
4735,A204794,PROOF,lex-subblock-statistic,papers/04501-05000/04735-PROOF.pdf
4736,A269137,PROOF,capped-pair-count,papers/04501-05000/04736-PROOF.pdf
4737,A269188,PROOF,capped-pair-count,papers/04501-05000/04737-PROOF.pdf
4738,A202440,PROOF,gf-conjecture,papers/04501-05000/04738-PROOF.pdf
4739,A207106,PROOF,gf-conjecture,papers/04501-05000/04739-PROOF.pdf
4740,A238649,PROOF,pattern-neighbour,papers/04501-05000/04740-PROOF.pdf
4741,A238654,PROOF,table-column,papers/04501-05000/04741-PROOF.pdf
4742,A198711,PROOF,relabelling,papers/04501-05000/04742-PROOF.pdf
4743,A208404,PROOF,relabelling,papers/04501-05000/04743-PROOF.pdf
4744,A231295,PROOF,pattern-neighbour,papers/04501-05000/04744-PROOF.pdf
4745,A231302,PROOF,table-column,papers/04501-05000/04745-PROOF.pdf
4746,A232943,PROOF,clashing-pair,papers/04501-05000/04746-PROOF.pdf
4747,A233021,PROOF,clashing-pair,papers/04501-05000/04747-PROOF.pdf
4748,A234681,PROOF,table-column,papers/04501-05000/04748-PROOF.pdf
4749,A208635,PROOF,relabelling,papers/04501-05000/04749-PROOF.pdf
4750,A259218,PROOF,gf-conjecture,papers/04501-05000/04750-PROOF.pdf
4751,A250772,PROOF,gf-conjecture,papers/04501-05000/04751-PROOF.pdf
4752,A250956,PROOF,table-column,papers/04501-05000/04752-PROOF.pdf
4753,A269146,PROOF,global-count,papers/04501-05000/04753-PROOF.pdf
4754,A269152,PROOF,table-column,papers/04501-05000/04754-PROOF.pdf
4755,A269180,PROOF,global-count,papers/04501-05000/04755-PROOF.pdf
4756,A269215,PROOF,global-count,papers/04501-05000/04756-PROOF.pdf
4757,A280398,PROOF,table-column,papers/04501-05000/04757-PROOF.pdf
4758,A210176,PROOF,all-values-subblock,papers/04501-05000/04758-PROOF.pdf
4759,A210260,PROOF,all-values-subblock,papers/04501-05000/04759-PROOF.pdf
4760,A185742,PROOF,subblock-neighbour,papers/04501-05000/04760-PROOF.pdf
4761,A234832,PROOF,table-column,papers/04501-05000/04761-PROOF.pdf
4762,A189644,PROOF,array-permutation,papers/04501-05000/04762-PROOF.pdf
4763,A234036,PROOF,table-column,papers/04501-05000/04763-PROOF.pdf
4764,A234169,PROOF,table-column,papers/04501-05000/04764-PROOF.pdf
4765,A234217,PROOF,table-column,papers/04501-05000/04765-PROOF.pdf
4766,A234450,PROOF,table-column,papers/04501-05000/04766-PROOF.pdf
4767,A235280,PROOF,table-column,papers/04501-05000/04767-PROOF.pdf
4768,A263691,PROOF,bounded-displacement,papers/04501-05000/04768-PROOF.pdf
4769,A199649,PROOF,relabelling,papers/04501-05000/04769-PROOF.pdf
4770,A204071,PROOF,relabelling,papers/04501-05000/04770-PROOF.pdf
4771,A208254,PROOF,relabelling,papers/04501-05000/04771-PROOF.pdf
4772,A267905,PROOF,repeated-value,papers/04501-05000/04772-PROOF.pdf
4773,A275498,PROOF,relabelling,papers/04501-05000/04773-PROOF.pdf
4774,A180762,PROOF,neighbour-existential,papers/04501-05000/04774-PROOF.pdf
4775,A205313,PROOF,edge-count-pattern,papers/04501-05000/04775-PROOF.pdf
4776,A206839,PROOF,gf-conjecture,papers/04501-05000/04776-PROOF.pdf
4777,A214113,PROOF,circular-coloring,papers/04501-05000/04777-PROOF.pdf
4778,A234882,PROOF,table-column,papers/04501-05000/04778-PROOF.pdf
4779,A234921,PROOF,table-column,papers/04501-05000/04779-PROOF.pdf
4780,A235087,PROOF,table-column,papers/04501-05000/04780-PROOF.pdf
4781,A268768,PROOF,global-count,papers/04501-05000/04781-PROOF.pdf
4782,A269036,PROOF,global-count,papers/04501-05000/04782-PROOF.pdf
4783,A269053,PROOF,global-count,papers/04501-05000/04783-PROOF.pdf
4784,A184540,PROOF,lex-subblock-statistic,papers/04501-05000/04784-PROOF.pdf
4785,A259217,PROOF,gf-conjecture,papers/04501-05000/04785-PROOF.pdf
4786,A259250,PROOF,table-column,papers/04501-05000/04786-PROOF.pdf
4787,A184606,PROOF,subblock-neighbour,papers/04501-05000/04787-PROOF.pdf
4788,A186842,PROOF,subblock-neighbour,papers/04501-05000/04788-PROOF.pdf
4789,A233154,PROOF,clashing-pair,papers/04501-05000/04789-PROOF.pdf
4790,A233682,PROOF,table-column,papers/04501-05000/04790-PROOF.pdf
4791,A233733,PROOF,table-column,papers/04501-05000/04791-PROOF.pdf
4792,A233792,PROOF,table-column,papers/04501-05000/04792-PROOF.pdf
4793,A234333,PROOF,table-column,papers/04501-05000/04793-PROOF.pdf
4794,A235301,PROOF,table-column,papers/04501-05000/04794-PROOF.pdf
4795,A240342,PROOF,ray-sum,papers/04501-05000/04795-PROOF.pdf
4796,A240461,PROOF,ray-sum,papers/04501-05000/04796-PROOF.pdf
4797,A242234,PROOF,window-coverage-order,papers/04501-05000/04797-PROOF.pdf
4798,A250771,PROOF,gf-conjecture,papers/04501-05000/04798-PROOF.pdf
4799,A250878,PROOF,gf-conjecture,papers/04501-05000/04799-PROOF.pdf
4800,A250935,PROOF,table-column,papers/04501-05000/04800-PROOF.pdf
4801,A251381,PROOF,table-column,papers/04501-05000/04801-PROOF.pdf
4802,A251499,PROOF,table-column,papers/04501-05000/04802-PROOF.pdf
4803,A251507,PROOF,table-column,papers/04501-05000/04803-PROOF.pdf
4804,A268881,PROOF,global-count,papers/04501-05000/04804-PROOF.pdf
4805,A268990,PROOF,global-count,papers/04501-05000/04805-PROOF.pdf
4806,A278280,PROOF,table-column,papers/04501-05000/04806-PROOF.pdf
4807,A298070,PROOF,table-column,papers/04501-05000/04807-PROOF.pdf
4808,A298133,PROOF,table-column,papers/04501-05000/04808-PROOF.pdf
4809,A299514,PROOF,table-column,papers/04501-05000/04809-PROOF.pdf
4810,A302278,PROOF,table-column,papers/04501-05000/04810-PROOF.pdf
4811,A302953,PROOF,table-column,papers/04501-05000/04811-PROOF.pdf
4812,A304855,PROOF,table-column,papers/04501-05000/04812-PROOF.pdf
4813,A205164,PROOF,relabelling,papers/04501-05000/04813-PROOF.pdf
4814,A208170,PROOF,relabelling,papers/04501-05000/04814-PROOF.pdf
4815,A208867,PROOF,relabelling,papers/04501-05000/04815-PROOF.pdf
4816,A210407,PROOF,relabelling,papers/04501-05000/04816-PROOF.pdf
4817,A214142,PROOF,circular-coloring,papers/04501-05000/04817-PROOF.pdf
4818,A204713,PROOF,table-column,papers/04501-05000/04818-PROOF.pdf
4819,A210005,PROOF,all-values-subblock,papers/04501-05000/04819-PROOF.pdf
4820,A210045,PROOF,all-values-subblock,papers/04501-05000/04820-PROOF.pdf
4821,A210088,PROOF,all-values-subblock,papers/04501-05000/04821-PROOF.pdf
4822,A240001,PROOF,gf-conjecture,papers/04501-05000/04822-PROOF.pdf
4823,A197435,PROOF,neighbour-arithmetic,papers/04501-05000/04823-PROOF.pdf
4824,A235566,PROOF,lex-subblock-statistic,papers/04501-05000/04824-PROOF.pdf
4825,A235573,PROOF,table-column,papers/04501-05000/04825-PROOF.pdf
4826,A235653,PROOF,lex-subblock-statistic,papers/04501-05000/04826-PROOF.pdf
4827,A235660,PROOF,table-column,papers/04501-05000/04827-PROOF.pdf
4828,A235962,PROOF,table-column,papers/04501-05000/04828-PROOF.pdf
4829,A236523,PROOF,table-column,papers/04501-05000/04829-PROOF.pdf
4830,A263334,PROOF,digit-divisibility,papers/04501-05000/04830-PROOF.pdf
4831,A205621,PROOF,canonical-subblock,papers/04501-05000/04831-PROOF.pdf
4832,A268744,PROOF,capped-pair-count,papers/04501-05000/04832-PROOF.pdf
4833,A268775,PROOF,capped-pair-count,papers/04501-05000/04833-PROOF.pdf
4834,A198976,PROOF,relabelling,papers/04501-05000/04834-PROOF.pdf
4835,A224405,PROOF,order-cond,papers/04501-05000/04835-PROOF.pdf
4836,A229521,PROOF,table-column,papers/04501-05000/04836-PROOF.pdf
4837,A208562,PROOF,relabelling,papers/04501-05000/04837-PROOF.pdf
4838,A208790,PROOF,neighbour-arithmetic,papers/04501-05000/04838-PROOF.pdf
4839,A235223,PROOF,table-column,papers/04501-05000/04839-PROOF.pdf
4840,A205620,PROOF,canonical-subblock,papers/04501-05000/04840-PROOF.pdf
4841,A208310,PROOF,relabelling,papers/04501-05000/04841-PROOF.pdf
4842,A209497,PROOF,relabelling,papers/04501-05000/04842-PROOF.pdf
4843,A233949,PROOF,table-column,papers/04501-05000/04843-PROOF.pdf
4844,A238720,PROOF,ray-sum,papers/04501-05000/04844-PROOF.pdf
4845,A238806,PROOF,walk-closed-form,papers/04501-05000/04845-PROOF.pdf
4846,A250841,PROOF,table-column,papers/04501-05000/04846-PROOF.pdf
4847,A205355,PROOF,canonical-subblock,papers/04501-05000/04847-PROOF.pdf
4848,A205425,PROOF,canonical-subblock,papers/04501-05000/04848-PROOF.pdf
4849,A251100,PROOF,table-column,papers/04501-05000/04849-PROOF.pdf
4850,A251268,PROOF,table-column,papers/04501-05000/04850-PROOF.pdf
4851,A268989,PROOF,global-count,papers/04501-05000/04851-PROOF.pdf
4852,A269012,PROOF,global-count,papers/04501-05000/04852-PROOF.pdf
4853,A269076,PROOF,global-count,papers/04501-05000/04853-PROOF.pdf
4854,A206170,PROOF,canonical-subblock,papers/04501-05000/04854-PROOF.pdf
4855,A208195,PROOF,relabelling,papers/04501-05000/04855-PROOF.pdf
4856,A208866,PROOF,relabelling,papers/04501-05000/04856-PROOF.pdf
4857,A209807,PROOF,relabelling,papers/04501-05000/04857-PROOF.pdf
4858,A209841,PROOF,relabelling,papers/04501-05000/04858-PROOF.pdf
4859,A210054,PROOF,relabelling,papers/04501-05000/04859-PROOF.pdf
4860,A210158,PROOF,relabelling,papers/04501-05000/04860-PROOF.pdf
4861,A211526,PROOF,pairwise-compatible-array,papers/04501-05000/04861-PROOF.pdf
4862,A262917,PROOF,table-column,papers/04501-05000/04862-PROOF.pdf
4863,A211476,PROOF,pairwise-compatible-array,papers/04501-05000/04863-PROOF.pdf
4864,A220563,PROOF,gf-conjecture,papers/04501-05000/04864-PROOF.pdf
4865,A223056,PROOF,straight-line,papers/04501-05000/04865-PROOF.pdf
4866,A223382,PROOF,straight-line,papers/04501-05000/04866-PROOF.pdf
4867,A262472,PROOF,table-column,papers/04501-05000/04867-PROOF.pdf
4868,A184031,PROOF,subblock-same-values,papers/04501-05000/04868-PROOF.pdf
4869,A184032,PROOF,subblock-same-values,papers/04501-05000/04869-PROOF.pdf
4870,A184033,PROOF,subblock-same-values,papers/04501-05000/04870-PROOF.pdf
4871,A184034,PROOF,subblock-same-values,papers/04501-05000/04871-PROOF.pdf
4872,A184035,PROOF,subblock-same-values,papers/04501-05000/04872-PROOF.pdf
4873,A184036,PROOF,subblock-same-values,papers/04501-05000/04873-PROOF.pdf
4874,A184037,PROOF,subblock-same-values,papers/04501-05000/04874-PROOF.pdf
4875,A184038,PROOF,subblock-same-values,papers/04501-05000/04875-PROOF.pdf
4876,A184041,PROOF,subblock-same-values,papers/04501-05000/04876-PROOF.pdf
4877,A184042,PROOF,subblock-same-values,papers/04501-05000/04877-PROOF.pdf
4878,A184043,PROOF,subblock-same-values,papers/04501-05000/04878-PROOF.pdf
4879,A184044,PROOF,subblock-same-values,papers/04501-05000/04879-PROOF.pdf
4880,A184045,PROOF,subblock-same-values,papers/04501-05000/04880-PROOF.pdf
4881,A184046,PROOF,subblock-same-values,papers/04501-05000/04881-PROOF.pdf
4882,A184047,PROOF,subblock-same-values,papers/04501-05000/04882-PROOF.pdf
4883,A221536,PROOF,neighbour-obligation,papers/04501-05000/04883-PROOF.pdf
4884,A221537,PROOF,neighbour-obligation,papers/04501-05000/04884-PROOF.pdf
4885,A221567,PROOF,neighbour-obligation,papers/04501-05000/04885-PROOF.pdf
4886,A221678,PROOF,neighbour-obligation,papers/04501-05000/04886-PROOF.pdf
4887,A235981,PROOF,table-column,papers/04501-05000/04887-PROOF.pdf
4888,A236278,PROOF,table-column,papers/04501-05000/04888-PROOF.pdf
4889,A295051,PROOF,table-column,papers/04501-05000/04889-PROOF.pdf
4890,A306948,PROOF,telescoping-boundary,papers/04501-05000/04890-PROOF.pdf
4891,A222778,PROOF,distance-inequality,papers/04501-05000/04891-PROOF.pdf
4892,A204417,PROOF,table-column,papers/04501-05000/04892-PROOF.pdf
4893,A206213,PROOF,edge-count-pattern,papers/04501-05000/04893-PROOF.pdf
4894,A222942,PROOF,distance-inequality,papers/04501-05000/04894-PROOF.pdf
4895,A206212,PROOF,edge-count-pattern,papers/04501-05000/04895-PROOF.pdf
4896,A275139,PROOF,relabelling,papers/04501-05000/04896-PROOF.pdf
4897,A275505,PROOF,relabelling,papers/04501-05000/04897-PROOF.pdf
4898,A253495,PROOF,table-column,papers/04501-05000/04898-PROOF.pdf
4899,A232584,PROOF,gf-conjecture,papers/04501-05000/04899-PROOF.pdf
4900,A250754,PROOF,gf-conjecture,papers/04501-05000/04900-PROOF.pdf
4901,A250762,PROOF,gf-conjecture,papers/04501-05000/04901-PROOF.pdf
4902,A250811,PROOF,gf-conjecture,papers/04501-05000/04902-PROOF.pdf
4903,A223355,PROOF,graph-adjacency-array,papers/04501-05000/04903-PROOF.pdf
4904,A223478,PROOF,graph-adjacency-array,papers/04501-05000/04904-PROOF.pdf
4905,A222944,PROOF,table-column,papers/04501-05000/04905-PROOF.pdf
4906,A203732,PROOF,table-column,papers/04501-05000/04906-PROOF.pdf
4907,A204750,PROOF,pattern-subblock,papers/04501-05000/04907-PROOF.pdf
4908,A206211,PROOF,edge-count-pattern,papers/04501-05000/04908-PROOF.pdf
4909,A206391,PROOF,distance-inequality,papers/04501-05000/04909-PROOF.pdf
4910,A233079,PROOF,order-flag,papers/04501-05000/04910-PROOF.pdf
4911,A233253,PROOF,clashing-pair,papers/04501-05000/04911-PROOF.pdf
4912,A222834,PROOF,distance-inequality,papers/04501-05000/04912-PROOF.pdf
4913,A203887,PROOF,table-column,papers/04501-05000/04913-PROOF.pdf
4914,A250753,PROOF,gf-conjecture,papers/04501-05000/04914-PROOF.pdf
4915,A250761,PROOF,gf-conjecture,papers/04501-05000/04915-PROOF.pdf
4916,A250810,PROOF,gf-conjecture,papers/04501-05000/04916-PROOF.pdf
4917,A231045,PROOF,modular-neighbour,papers/04501-05000/04917-PROOF.pdf
4918,A233084,PROOF,order-flag,papers/04501-05000/04918-PROOF.pdf
4919,A222868,PROOF,distance-inequality,papers/04501-05000/04919-PROOF.pdf
4920,A223229,PROOF,graph-adjacency-array,papers/04501-05000/04920-PROOF.pdf
4921,A233197,PROOF,clashing-pair,papers/04501-05000/04921-PROOF.pdf
4922,A223359,PROOF,graph-adjacency-array,papers/04501-05000/04922-PROOF.pdf
4923,A203934,PROOF,table-column,papers/04501-05000/04923-PROOF.pdf
4924,A198279,PROOF,relabelling,papers/04501-05000/04924-PROOF.pdf
4925,A274745,PROOF,relabelling,papers/04501-05000/04925-PROOF.pdf
4926,A206210,PROOF,edge-count-pattern,papers/04501-05000/04926-PROOF.pdf
4927,A204749,PROOF,pattern-subblock,papers/04501-05000/04927-PROOF.pdf
4928,A264131,PROOF,table-column,papers/04501-05000/04928-PROOF.pdf
4929,A223329,PROOF,graph-adjacency-array,papers/04501-05000/04929-PROOF.pdf
4930,A223284,PROOF,graph-adjacency-array,papers/04501-05000/04930-PROOF.pdf
4931,A241103,PROOF,cell-condition-pattern,papers/04501-05000/04931-PROOF.pdf
4932,A233170,PROOF,clashing-pair,papers/04501-05000/04932-PROOF.pdf
4933,A233094,PROOF,order-flag,papers/04501-05000/04933-PROOF.pdf
4934,A250752,PROOF,gf-conjecture,papers/04501-05000/04934-PROOF.pdf
4935,A250760,PROOF,gf-conjecture,papers/04501-05000/04935-PROOF.pdf
4936,A250809,PROOF,gf-conjecture,papers/04501-05000/04936-PROOF.pdf
4937,A208377,PROOF,gf-conjecture,papers/04501-05000/04937-PROOF.pdf
4938,A231850,PROOF,neighbour-arithmetic,papers/04501-05000/04938-PROOF.pdf
4939,A232131,PROOF,pattern-neighbour,papers/04501-05000/04939-PROOF.pdf
4940,A223205,PROOF,graph-adjacency-array,papers/04501-05000/04940-PROOF.pdf
4941,A223553,PROOF,graph-adjacency-array,papers/04501-05000/04941-PROOF.pdf
4942,A206343,PROOF,table-column,papers/04501-05000/04942-PROOF.pdf
4943,A206353,PROOF,distance-inequality,papers/04501-05000/04943-PROOF.pdf
4944,A223198,PROOF,graph-adjacency-array,papers/04501-05000/04944-PROOF.pdf
4945,A229685,PROOF,table-column,papers/04501-05000/04945-PROOF.pdf
4946,A208376,PROOF,gf-conjecture,papers/04501-05000/04946-PROOF.pdf
4947,A188823,PROOF,walk-closed-form,papers/04501-05000/04947-PROOF.pdf
4948,A250661,PROOF,gf-conjecture,papers/04501-05000/04948-PROOF.pdf
4949,A250768,PROOF,gf-conjecture,papers/04501-05000/04949-PROOF.pdf
4950,A264090,PROOF,table-column,papers/04501-05000/04950-PROOF.pdf
4951,A264655,PROOF,table-column,papers/04501-05000/04951-PROOF.pdf
4952,A250751,PROOF,gf-conjecture,papers/04501-05000/04952-PROOF.pdf
4953,A250759,PROOF,gf-conjecture,papers/04501-05000/04953-PROOF.pdf
4954,A250808,PROOF,gf-conjecture,papers/04501-05000/04954-PROOF.pdf
4955,A233013,PROOF,order-flag,papers/04501-05000/04955-PROOF.pdf
4956,A233093,PROOF,order-flag,papers/04501-05000/04956-PROOF.pdf
4957,A223271,PROOF,graph-adjacency-array,papers/04501-05000/04957-PROOF.pdf
4958,A207149,PROOF,table-column,papers/04501-05000/04958-PROOF.pdf
4959,A238523,PROOF,table-column,papers/04501-05000/04959-PROOF.pdf
4960,A274798,PROOF,relabelling,papers/04501-05000/04960-PROOF.pdf
4961,A274853,PROOF,relabelling,papers/04501-05000/04961-PROOF.pdf
4962,A275143,PROOF,relabelling,papers/04501-05000/04962-PROOF.pdf
4963,A233099,PROOF,order-flag,papers/04501-05000/04963-PROOF.pdf
4964,A230800,PROOF,modular-neighbour,papers/04501-05000/04964-PROOF.pdf
4965,A250660,PROOF,gf-conjecture,papers/04501-05000/04965-PROOF.pdf
4966,A250767,PROOF,gf-conjecture,papers/04501-05000/04966-PROOF.pdf
4967,A183712,PROOF,gf-conjecture,papers/04501-05000/04967-PROOF.pdf
4968,A214099,PROOF,circular-coloring,papers/04501-05000/04968-PROOF.pdf
4969,A231390,PROOF,pattern-neighbour,papers/04501-05000/04969-PROOF.pdf
4970,A208375,PROOF,gf-conjecture,papers/04501-05000/04970-PROOF.pdf
4971,A231317,PROOF,pattern-neighbour,papers/04501-05000/04971-PROOF.pdf
4972,A231324,PROOF,table-column,papers/04501-05000/04972-PROOF.pdf
4973,A214107,PROOF,circular-coloring,papers/04501-05000/04973-PROOF.pdf
4974,A206628,PROOF,edge-count-pattern,papers/04501-05000/04974-PROOF.pdf
4975,A231057,PROOF,modular-neighbour,papers/04501-05000/04975-PROOF.pdf
4976,A253482,PROOF,table-column,papers/04501-05000/04976-PROOF.pdf
4977,A232582,PROOF,gf-conjecture,papers/04501-05000/04977-PROOF.pdf
4978,A203835,PROOF,table-column,papers/04501-05000/04978-PROOF.pdf
4979,A233157,PROOF,clashing-pair,papers/04501-05000/04979-PROOF.pdf
4980,A250750,PROOF,gf-conjecture,papers/04501-05000/04980-PROOF.pdf
4981,A250758,PROOF,gf-conjecture,papers/04501-05000/04981-PROOF.pdf
4982,A250807,PROOF,gf-conjecture,papers/04501-05000/04982-PROOF.pdf
4983,A253456,PROOF,table-column,papers/04501-05000/04983-PROOF.pdf
4984,A230893,PROOF,modular-neighbour,papers/04501-05000/04984-PROOF.pdf
4985,A230904,PROOF,modular-neighbour,papers/04501-05000/04985-PROOF.pdf
4986,A222939,PROOF,distance-inequality,papers/04501-05000/04986-PROOF.pdf
4987,A280955,PROOF,pattern-neighbour,papers/04501-05000/04987-PROOF.pdf
4988,A188821,PROOF,walk-closed-form,papers/04501-05000/04988-PROOF.pdf
4989,A250659,PROOF,gf-conjecture,papers/04501-05000/04989-PROOF.pdf
4990,A250766,PROOF,gf-conjecture,papers/04501-05000/04990-PROOF.pdf
4991,A264313,PROOF,table-column,papers/04501-05000/04991-PROOF.pdf
4992,A241371,PROOF,pattern-neighbour,papers/04501-05000/04992-PROOF.pdf
4993,A208389,PROOF,relabelling,papers/04501-05000/04993-PROOF.pdf
4994,A275185,PROOF,offset-inequality,papers/04501-05000/04994-PROOF.pdf
4995,A253018,PROOF,consecutive-triple,papers/04501-05000/04995-PROOF.pdf
4996,A238906,PROOF,pattern-neighbour,papers/04501-05000/04996-PROOF.pdf
4997,A238912,PROOF,table-column,papers/04501-05000/04997-PROOF.pdf
4998,A253231,PROOF,table-column,papers/04501-05000/04998-PROOF.pdf
4999,A229694,PROOF,table-column,papers/04501-05000/04999-PROOF.pdf
5000,A275267,PROOF,offset-inequality,papers/04501-05000/05000-PROOF.pdf
5001,A198205,PROOF,relabelling,papers/05001-05500/05001-PROOF.pdf
5002,A198287,PROOF,relabelling,papers/05001-05500/05002-PROOF.pdf
5003,A198482,PROOF,relabelling,papers/05001-05500/05003-PROOF.pdf
5004,A234786,PROOF,table-column,papers/05001-05500/05004-PROOF.pdf
5005,A279704,PROOF,pattern-neighbour,papers/05001-05500/05005-PROOF.pdf
5006,A208638,PROOF,pattern-neighbour,papers/05001-05500/05006-PROOF.pdf
5007,A223505,PROOF,graph-adjacency-array,papers/05001-05500/05007-PROOF.pdf
5008,A224128,PROOF,order-cond,papers/05001-05500/05008-PROOF.pdf
5009,A250658,PROOF,gf-conjecture,papers/05001-05500/05009-PROOF.pdf
5010,A250765,PROOF,gf-conjecture,papers/05001-05500/05010-PROOF.pdf
5011,A281710,PROOF,pattern-neighbour,papers/05001-05500/05011-PROOF.pdf
5012,A275184,PROOF,offset-inequality,papers/05001-05500/05012-PROOF.pdf
5013,A232922,PROOF,clashing-pair,papers/05001-05500/05013-PROOF.pdf
5014,A250749,PROOF,gf-conjecture,papers/05001-05500/05014-PROOF.pdf
5015,A250757,PROOF,gf-conjecture,papers/05001-05500/05015-PROOF.pdf
5016,A250806,PROOF,gf-conjecture,papers/05001-05500/05016-PROOF.pdf
5017,A250913,PROOF,table-column,papers/05001-05500/05017-PROOF.pdf
5018,A251373,PROOF,table-column,papers/05001-05500/05018-PROOF.pdf
5019,A262332,PROOF,table-column,papers/05001-05500/05019-PROOF.pdf
5020,A262420,PROOF,table-column,papers/05001-05500/05020-PROOF.pdf
5021,A214137,PROOF,circular-coloring,papers/05001-05500/05021-PROOF.pdf
5022,A275402,PROOF,offset-inequality,papers/05001-05500/05022-PROOF.pdf
5023,A198447,PROOF,relabelling,papers/05001-05500/05023-PROOF.pdf
5024,A204625,PROOF,relabelling,papers/05001-05500/05024-PROOF.pdf
5025,A267912,PROOF,repeated-value,papers/05001-05500/05025-PROOF.pdf
5026,A276293,PROOF,relabelling,papers/05001-05500/05026-PROOF.pdf
5027,A281831,PROOF,pattern-neighbour,papers/05001-05500/05027-PROOF.pdf
5028,A281949,PROOF,pattern-neighbour,papers/05001-05500/05028-PROOF.pdf
5029,A193645,PROOF,covered-by-zero-block,papers/05001-05500/05029-PROOF.pdf
5030,A202789,PROOF,neighbour-existential,papers/05001-05500/05030-PROOF.pdf
5031,A202796,PROOF,neighbour-existential,papers/05001-05500/05031-PROOF.pdf
5032,A268164,PROOF,repeated-value,papers/05001-05500/05032-PROOF.pdf
5033,A231227,PROOF,table-column,papers/05001-05500/05033-PROOF.pdf
5034,A193644,PROOF,covered-by-zero-block,papers/05001-05500/05034-PROOF.pdf
5035,A208634,PROOF,relabelling,papers/05001-05500/05035-PROOF.pdf
5036,A208706,PROOF,relabelling,papers/05001-05500/05036-PROOF.pdf
5037,A234796,PROOF,table-column,papers/05001-05500/05037-PROOF.pdf
5038,A234140,PROOF,table-column,papers/05001-05500/05038-PROOF.pdf
5039,A235289,PROOF,table-column,papers/05001-05500/05039-PROOF.pdf
5040,A250657,PROOF,walk-closed-form,papers/05001-05500/05040-PROOF.pdf
5041,A250764,PROOF,gf-conjecture,papers/05001-05500/05041-PROOF.pdf
5042,A250870,PROOF,gf-conjecture,papers/05001-05500/05042-PROOF.pdf
5043,A251300,PROOF,table-column,papers/05001-05500/05043-PROOF.pdf
5044,A251343,PROOF,table-column,papers/05001-05500/05044-PROOF.pdf
5045,A251524,PROOF,table-column,papers/05001-05500/05045-PROOF.pdf
5046,A299067,PROOF,table-column,papers/05001-05500/05046-PROOF.pdf
5047,A299081,PROOF,table-column,papers/05001-05500/05047-PROOF.pdf
5048,A299142,PROOF,table-column,papers/05001-05500/05048-PROOF.pdf
5049,A302820,PROOF,table-column,papers/05001-05500/05049-PROOF.pdf
5050,A198710,PROOF,relabelling,papers/05001-05500/05050-PROOF.pdf
5051,A233155,PROOF,table-column,papers/05001-05500/05051-PROOF.pdf
5052,A193643,PROOF,covered-by-zero-block,papers/05001-05500/05052-PROOF.pdf
5053,A205312,PROOF,edge-count-pattern,papers/05001-05500/05053-PROOF.pdf
5054,A267946,PROOF,repeated-value,papers/05001-05500/05054-PROOF.pdf
5055,A268093,PROOF,repeated-value,papers/05001-05500/05055-PROOF.pdf
5056,A203175,PROOF,gf-conjecture,papers/05001-05500/05056-PROOF.pdf
5057,A189179,PROOF,array-permutation,papers/05001-05500/05057-PROOF.pdf
5058,A189247,PROOF,array-permutation,papers/05001-05500/05058-PROOF.pdf
5059,A204070,PROOF,relabelling,papers/05001-05500/05059-PROOF.pdf
5060,A208317,PROOF,relabelling,papers/05001-05500/05060-PROOF.pdf
5061,A209095,PROOF,relabelling,papers/05001-05500/05061-PROOF.pdf
5062,A209891,PROOF,relabelling,papers/05001-05500/05062-PROOF.pdf
5063,A210101,PROOF,relabelling,papers/05001-05500/05063-PROOF.pdf
5064,A193642,PROOF,covered-by-zero-block,papers/05001-05500/05064-PROOF.pdf
5065,A198900,PROOF,relabelling,papers/05001-05500/05065-PROOF.pdf
5066,A208633,PROOF,relabelling,papers/05001-05500/05066-PROOF.pdf
5067,A234266,PROOF,table-column,papers/05001-05500/05067-PROOF.pdf
5068,A250756,PROOF,gf-conjecture,papers/05001-05500/05068-PROOF.pdf
5069,A251351,PROOF,table-column,papers/05001-05500/05069-PROOF.pdf
5070,A251390,PROOF,table-column,papers/05001-05500/05070-PROOF.pdf
5071,A259216,PROOF,gf-conjecture,papers/05001-05500/05071-PROOF.pdf
5072,A262414,PROOF,digit-divisibility,papers/05001-05500/05072-PROOF.pdf
5073,A233153,PROOF,clashing-pair,papers/05001-05500/05073-PROOF.pdf
5074,A250770,PROOF,gf-conjecture,papers/05001-05500/05074-PROOF.pdf
5075,A204565,PROOF,relabelling,papers/05001-05500/05075-PROOF.pdf
5076,A208402,PROOF,relabelling,papers/05001-05500/05076-PROOF.pdf
5077,A208858,PROOF,relabelling,papers/05001-05500/05077-PROOF.pdf
5078,A210118,PROOF,relabelling,papers/05001-05500/05078-PROOF.pdf
5079,A210127,PROOF,relabelling,papers/05001-05500/05079-PROOF.pdf
5080,A210397,PROOF,relabelling,papers/05001-05500/05080-PROOF.pdf
5081,A224404,PROOF,order-cond,papers/05001-05500/05081-PROOF.pdf
5082,A263551,PROOF,digit-divisibility,papers/05001-05500/05082-PROOF.pdf
5083,A263558,PROOF,table-column,papers/05001-05500/05083-PROOF.pdf
5084,A195000,PROOF,bounded-difference-triangle,papers/05001-05500/05084-PROOF.pdf
5085,A195237,PROOF,bounded-difference-triangle,papers/05001-05500/05085-PROOF.pdf
5086,A263053,PROOF,gf-conjecture,papers/05001-05500/05086-PROOF.pdf
5087,A193641,PROOF,covered-by-zero-block,papers/05001-05500/05087-PROOF.pdf
5088,A195236,PROOF,bounded-difference-triangle,papers/05001-05500/05088-PROOF.pdf
5089,A204644,PROOF,pair-sum-order,papers/05001-05500/05089-PROOF.pdf
5090,A208264,PROOF,relabelling,papers/05001-05500/05090-PROOF.pdf
5091,A209822,PROOF,relabelling,papers/05001-05500/05091-PROOF.pdf
5092,A210100,PROOF,relabelling,papers/05001-05500/05092-PROOF.pdf
5093,A222444,PROOF,table-column,papers/05001-05500/05093-PROOF.pdf
5094,A239249,PROOF,ray-sum,papers/05001-05500/05094-PROOF.pdf
5095,A195235,PROOF,bounded-difference-triangle,papers/05001-05500/05095-PROOF.pdf
5096,A195249,PROOF,bounded-difference-triangle,papers/05001-05500/05096-PROOF.pdf
5097,A211479,PROOF,pairwise-compatible-array,papers/05001-05500/05097-PROOF.pdf
5098,A221677,PROOF,neighbour-obligation,papers/05001-05500/05098-PROOF.pdf
5099,A238768,PROOF,ray-sum,papers/05001-05500/05099-PROOF.pdf
5100,A239812,PROOF,ray-sum,papers/05001-05500/05100-PROOF.pdf
5101,A239851,PROOF,ray-sum,papers/05001-05500/05101-PROOF.pdf
5102,A195234,PROOF,bounded-difference-triangle,papers/05001-05500/05102-PROOF.pdf
5103,A212925,PROOF,column-domination,papers/05001-05500/05103-PROOF.pdf
5104,A212938,PROOF,column-domination,papers/05001-05500/05104-PROOF.pdf
5105,A233129,PROOF,table-column,papers/05001-05500/05105-PROOF.pdf
5106,A195233,PROOF,bounded-difference-triangle,papers/05001-05500/05106-PROOF.pdf
5107,A129833,PROOF,telescoping-boundary,papers/05001-05500/05107-PROOF.pdf
5108,A222869,PROOF,distance-inequality,papers/05001-05500/05108-PROOF.pdf
5109,A228259,PROOF,window-image,papers/05001-05500/05109-PROOF.pdf
5110,A209533,PROOF,walk-closed-form,papers/05001-05500/05110-PROOF.pdf
5111,A231104,PROOF,modular-neighbour,papers/05001-05500/05111-PROOF.pdf
5112,A228258,PROOF,window-image,papers/05001-05500/05112-PROOF.pdf
5113,A223477,PROOF,graph-adjacency-array,papers/05001-05500/05113-PROOF.pdf
5114,A223354,PROOF,graph-adjacency-array,papers/05001-05500/05114-PROOF.pdf
5115,A223323,PROOF,graph-adjacency-array,papers/05001-05500/05115-PROOF.pdf
5116,A223481,PROOF,graph-adjacency-array,papers/05001-05500/05116-PROOF.pdf
5117,A275138,PROOF,relabelling,papers/05001-05500/05117-PROOF.pdf
5118,A264071,PROOF,table-column,papers/05001-05500/05118-PROOF.pdf
5119,A228257,PROOF,window-image,papers/05001-05500/05119-PROOF.pdf
5120,A233078,PROOF,order-flag,papers/05001-05500/05120-PROOF.pdf
5121,A222940,PROOF,distance-inequality,papers/05001-05500/05121-PROOF.pdf
5122,A253435,PROOF,table-column,papers/05001-05500/05122-PROOF.pdf
5123,A231103,PROOF,modular-neighbour,papers/05001-05500/05123-PROOF.pdf
5124,A269285,PROOF,capped-pair-count,papers/05001-05500/05124-PROOF.pdf
5125,A222462,PROOF,table-column,papers/05001-05500/05125-PROOF.pdf
5126,A269272,PROOF,global-count,papers/05001-05500/05126-PROOF.pdf
5127,A228217,PROOF,window-image,papers/05001-05500/05127-PROOF.pdf
5128,A280668,PROOF,pattern-neighbour,papers/05001-05500/05128-PROOF.pdf
5129,A223265,PROOF,graph-adjacency-array,papers/05001-05500/05129-PROOF.pdf
5130,A203873,PROOF,walk-closed-form,papers/05001-05500/05130-PROOF.pdf
5131,A208044,PROOF,relabelling,papers/05001-05500/05131-PROOF.pdf
5132,A223328,PROOF,graph-adjacency-array,papers/05001-05500/05132-PROOF.pdf
5133,A214108,PROOF,circular-coloring,papers/05001-05500/05133-PROOF.pdf
5134,A228256,PROOF,window-image,papers/05001-05500/05134-PROOF.pdf
5135,A188865,PROOF,walk-closed-form,papers/05001-05500/05135-PROOF.pdf
5136,A250655,PROOF,gf-conjecture,papers/05001-05500/05136-PROOF.pdf
5137,A250741,PROOF,gf-conjecture,papers/05001-05500/05137-PROOF.pdf
5138,A264534,PROOF,table-column,papers/05001-05500/05138-PROOF.pdf
5139,A228216,PROOF,window-image,papers/05001-05500/05139-PROOF.pdf
5140,A223358,PROOF,graph-adjacency-array,papers/05001-05500/05140-PROOF.pdf
5141,A208088,PROOF,edge-count-pattern,papers/05001-05500/05141-PROOF.pdf
5142,A229510,PROOF,table-column,papers/05001-05500/05142-PROOF.pdf
5143,A233077,PROOF,order-flag,papers/05001-05500/05143-PROOF.pdf
5144,A268900,PROOF,global-count,papers/05001-05500/05144-PROOF.pdf
5145,A268967,PROOF,global-count,papers/05001-05500/05145-PROOF.pdf
5146,A269284,PROOF,capped-pair-count,papers/05001-05500/05146-PROOF.pdf
5147,A223283,PROOF,graph-adjacency-array,papers/05001-05500/05147-PROOF.pdf
5148,A233083,PROOF,order-flag,papers/05001-05500/05148-PROOF.pdf
5149,A188864,PROOF,walk-closed-form,papers/05001-05500/05149-PROOF.pdf
5150,A206687,PROOF,distance-inequality,papers/05001-05500/05150-PROOF.pdf
5151,A250654,PROOF,gf-conjecture,papers/05001-05500/05151-PROOF.pdf
5152,A250740,PROOF,gf-conjecture,papers/05001-05500/05152-PROOF.pdf
5153,A269271,PROOF,global-count,papers/05001-05500/05153-PROOF.pdf
5154,A270112,PROOF,global-count,papers/05001-05500/05154-PROOF.pdf
5155,A208393,PROOF,pattern-neighbour,papers/05001-05500/05155-PROOF.pdf
5156,A228215,PROOF,window-image,papers/05001-05500/05156-PROOF.pdf
5157,A203872,PROOF,walk-closed-form,papers/05001-05500/05157-PROOF.pdf
5158,A269896,PROOF,global-count,papers/05001-05500/05158-PROOF.pdf
5159,A209101,PROOF,pattern-neighbour,papers/05001-05500/05159-PROOF.pdf
5160,A214135,PROOF,circular-coloring,papers/05001-05500/05160-PROOF.pdf
5161,A228255,PROOF,window-image,papers/05001-05500/05161-PROOF.pdf
5162,A253029,PROOF,consecutive-triple,papers/05001-05500/05162-PROOF.pdf
5163,A269761,PROOF,global-count,papers/05001-05500/05163-PROOF.pdf
5164,A185561,PROOF,neighbour-arithmetic,papers/05001-05500/05164-PROOF.pdf
5165,A188863,PROOF,walk-closed-form,papers/05001-05500/05165-PROOF.pdf
5166,A250739,PROOF,gf-conjecture,papers/05001-05500/05166-PROOF.pdf
5167,A268899,PROOF,global-count,papers/05001-05500/05167-PROOF.pdf
5168,A268966,PROOF,global-count,papers/05001-05500/05168-PROOF.pdf
5169,A270052,PROOF,global-count,papers/05001-05500/05169-PROOF.pdf
5170,A269290,PROOF,capped-pair-count,papers/05001-05500/05170-PROOF.pdf
5171,A269103,PROOF,capped-pair-count,papers/05001-05500/05171-PROOF.pdf
5172,A188862,PROOF,walk-closed-form,papers/05001-05500/05172-PROOF.pdf
5173,A223557,PROOF,graph-adjacency-array,papers/05001-05500/05173-PROOF.pdf
5174,A250738,PROOF,gf-conjecture,papers/05001-05500/05174-PROOF.pdf
5175,A269091,PROOF,global-count,papers/05001-05500/05175-PROOF.pdf
5176,A269270,PROOF,global-count,papers/05001-05500/05176-PROOF.pdf
5177,A269277,PROOF,global-count,papers/05001-05500/05177-PROOF.pdf
5178,A263660,PROOF,bounded-displacement,papers/05001-05500/05178-PROOF.pdf
5179,A233156,PROOF,clashing-pair,papers/05001-05500/05179-PROOF.pdf
5180,A268622,PROOF,capped-pair-count,papers/05001-05500/05180-PROOF.pdf
5181,A198474,PROOF,relabelling,papers/05001-05500/05181-PROOF.pdf
5182,A198638,PROOF,relabelling,papers/05001-05500/05182-PROOF.pdf
5183,A208388,PROOF,relabelling,papers/05001-05500/05183-PROOF.pdf
5184,A253698,PROOF,table-column,papers/05001-05500/05184-PROOF.pdf
5185,A238929,PROOF,table-column,papers/05001-05500/05185-PROOF.pdf
5186,A228254,PROOF,window-image,papers/05001-05500/05186-PROOF.pdf
5187,A268633,PROOF,global-count,papers/05001-05500/05187-PROOF.pdf
5188,A268898,PROOF,global-count,papers/05001-05500/05188-PROOF.pdf
5189,A268905,PROOF,global-count,papers/05001-05500/05189-PROOF.pdf
5190,A268965,PROOF,global-count,papers/05001-05500/05190-PROOF.pdf
5191,A268972,PROOF,global-count,papers/05001-05500/05191-PROOF.pdf
5192,A208085,PROOF,table-column,papers/05001-05500/05192-PROOF.pdf
5193,A188861,PROOF,walk-closed-form,papers/05001-05500/05193-PROOF.pdf
5194,A250737,PROOF,gf-conjecture,papers/05001-05500/05194-PROOF.pdf
5195,A251283,PROOF,table-column,papers/05001-05500/05195-PROOF.pdf
5196,A251491,PROOF,table-column,papers/05001-05500/05196-PROOF.pdf
5197,A263973,PROOF,table-column,papers/05001-05500/05197-PROOF.pdf
5198,A270111,PROOF,global-count,papers/05001-05500/05198-PROOF.pdf
5199,A208403,PROOF,relabelling,papers/05001-05500/05199-PROOF.pdf
5200,A269895,PROOF,global-count,papers/05001-05500/05200-PROOF.pdf
5201,A195003,PROOF,bounded-difference-triangle,papers/05001-05500/05201-PROOF.pdf
5202,A269760,PROOF,global-count,papers/05001-05500/05202-PROOF.pdf
5203,A194935,PROOF,bounded-difference-triangle,papers/05001-05500/05203-PROOF.pdf
5204,A195002,PROOF,bounded-difference-triangle,papers/05001-05500/05204-PROOF.pdf
5205,A204624,PROOF,relabelling,papers/05001-05500/05205-PROOF.pdf
5206,A208253,PROOF,relabelling,papers/05001-05500/05206-PROOF.pdf
5207,A269822,PROOF,global-count,papers/05001-05500/05207-PROOF.pdf
5208,A208705,PROOF,relabelling,papers/05001-05500/05208-PROOF.pdf
5209,A209727,PROOF,table-column,papers/05001-05500/05209-PROOF.pdf
5210,A251249,PROOF,table-column,papers/05001-05500/05210-PROOF.pdf
5211,A188707,PROOF,gf-conjecture,papers/05001-05500/05211-PROOF.pdf
5212,A194934,PROOF,bounded-difference-triangle,papers/05001-05500/05212-PROOF.pdf
5213,A195001,PROOF,bounded-difference-triangle,papers/05001-05500/05213-PROOF.pdf
5214,A205248,PROOF,gf-conjecture,papers/05001-05500/05214-PROOF.pdf
5215,A250777,PROOF,gf-conjecture,papers/05001-05500/05215-PROOF.pdf
5216,A205163,PROOF,relabelling,papers/05001-05500/05216-PROOF.pdf
5217,A210406,PROOF,relabelling,papers/05001-05500/05217-PROOF.pdf
5218,A194933,PROOF,bounded-difference-triangle,papers/05001-05500/05218-PROOF.pdf
5219,A200249,PROOF,modular-previous-sum,papers/05001-05500/05219-PROOF.pdf
5220,A223211,PROOF,gf-conjecture,papers/05001-05500/05220-PROOF.pdf
5221,A205328,PROOF,canonical-subblock,papers/05001-05500/05221-PROOF.pdf
5222,A208309,PROOF,relabelling,papers/05001-05500/05222-PROOF.pdf
5223,A208316,PROOF,relabelling,papers/05001-05500/05223-PROOF.pdf
5224,A208561,PROOF,relabelling,papers/05001-05500/05224-PROOF.pdf
5225,A209094,PROOF,relabelling,papers/05001-05500/05225-PROOF.pdf
5226,A209890,PROOF,relabelling,papers/05001-05500/05226-PROOF.pdf
5227,A194932,PROOF,bounded-difference-triangle,papers/05001-05500/05227-PROOF.pdf
5228,A194999,PROOF,bounded-difference-triangle,papers/05001-05500/05228-PROOF.pdf
5229,A205220,PROOF,canonical-subblock,papers/05001-05500/05229-PROOF.pdf
5230,A205329,PROOF,canonical-subblock,papers/05001-05500/05230-PROOF.pdf
5231,A205354,PROOF,canonical-subblock,papers/05001-05500/05231-PROOF.pdf
5232,A205219,PROOF,canonical-subblock,papers/05001-05500/05232-PROOF.pdf
5233,A223381,PROOF,straight-line,papers/05001-05500/05233-PROOF.pdf
5234,A233152,PROOF,clashing-pair,papers/05001-05500/05234-PROOF.pdf
5235,A000180,PROOF,telescoping-boundary,papers/05001-05500/05235-PROOF.pdf
5236,A222941,PROOF,distance-inequality,papers/05001-05500/05236-PROOF.pdf
5237,A263989,PROOF,table-column,papers/05001-05500/05237-PROOF.pdf
5238,A209539,PROOF,array-permutation,papers/05001-05500/05238-PROOF.pdf
5239,A203821,PROOF,walk-closed-form,papers/05001-05500/05239-PROOF.pdf
5240,A264017,PROOF,table-column,papers/05001-05500/05240-PROOF.pdf
5241,A264059,PROOF,table-column,papers/05001-05500/05241-PROOF.pdf
5242,A264128,PROOF,table-column,papers/05001-05500/05242-PROOF.pdf
5243,A264190,PROOF,table-column,papers/05001-05500/05243-PROOF.pdf
5244,A264195,PROOF,table-column,papers/05001-05500/05244-PROOF.pdf
5245,A264490,PROOF,table-column,papers/05001-05500/05245-PROOF.pdf
5246,A203979,PROOF,walk-closed-form,papers/05001-05500/05246-PROOF.pdf
5247,A203820,PROOF,walk-closed-form,papers/05001-05500/05247-PROOF.pdf
5248,A223186,PROOF,table-column,papers/05001-05500/05248-PROOF.pdf
5249,A203880,PROOF,walk-closed-form,papers/05001-05500/05249-PROOF.pdf
5250,A203927,PROOF,walk-closed-form,papers/05001-05500/05250-PROOF.pdf
5251,A203789,PROOF,walk-closed-form,papers/05001-05500/05251-PROOF.pdf
5252,A203819,PROOF,walk-closed-form,papers/05001-05500/05252-PROOF.pdf
5253,A263303,PROOF,table-column,papers/05001-05500/05253-PROOF.pdf
5254,A194936,PROOF,bounded-difference-triangle,papers/05001-05500/05254-PROOF.pdf
5255,A195253,PROOF,bounded-difference-triangle,papers/05001-05500/05255-PROOF.pdf
5256,A263288,PROOF,table-column,papers/05001-05500/05256-PROOF.pdf
5257,A195252,PROOF,bounded-difference-triangle,papers/05001-05500/05257-PROOF.pdf
5258,A208387,PROOF,relabelling,papers/05001-05500/05258-PROOF.pdf
5259,A195251,PROOF,bounded-difference-triangle,papers/05001-05500/05259-PROOF.pdf
5260,A195250,PROOF,bounded-difference-triangle,papers/05001-05500/05260-PROOF.pdf
5261,A204623,PROOF,relabelling,papers/05001-05500/05261-PROOF.pdf
5262,A208704,PROOF,relabelling,papers/05001-05500/05262-PROOF.pdf
5263,A262795,PROOF,table-column,papers/05001-05500/05263-PROOF.pdf
5264,A221394,PROOF,gf-conjecture,papers/05001-05500/05264-PROOF.pdf
5265,A252927,PROOF,gf-conjecture,papers/05001-05500/05265-PROOF.pdf
5266,A242545,PROOF,gf-conjecture,papers/05001-05500/05266-PROOF.pdf
5267,A252874,PROOF,gf-conjecture,papers/05001-05500/05267-PROOF.pdf
5268,A252926,PROOF,gf-conjecture,papers/05001-05500/05268-PROOF.pdf
5269,A252873,PROOF,gf-conjecture,papers/05001-05500/05269-PROOF.pdf
5270,A242544,PROOF,gf-conjecture,papers/05001-05500/05270-PROOF.pdf
5271,A252925,PROOF,gf-conjecture,papers/05001-05500/05271-PROOF.pdf
5272,A252872,PROOF,gf-conjecture,papers/05001-05500/05272-PROOF.pdf
5273,A252971,PROOF,gf-conjecture,papers/05001-05500/05273-PROOF.pdf
5274,A242543,PROOF,gf-conjecture,papers/05001-05500/05274-PROOF.pdf
5275,A252871,PROOF,gf-conjecture,papers/05001-05500/05275-PROOF.pdf
5276,A252924,PROOF,gf-conjecture,papers/05001-05500/05276-PROOF.pdf
5277,A270934,PROOF,gf-conjecture,papers/05001-05500/05277-PROOF.pdf
5278,A273334,PROOF,gf-conjecture,papers/05001-05500/05278-PROOF.pdf
5279,A273447,PROOF,gf-conjecture,papers/05001-05500/05279-PROOF.pdf
5280,A273781,PROOF,gf-conjecture,papers/05001-05500/05280-PROOF.pdf
5281,A252970,PROOF,gf-conjecture,papers/05001-05500/05281-PROOF.pdf
5282,A250846,PROOF,gf-conjecture,papers/05001-05500/05282-PROOF.pdf
5283,A289763,PROOF,gf-conjecture,papers/05001-05500/05283-PROOF.pdf
5284,A252870,PROOF,gf-conjecture,papers/05001-05500/05284-PROOF.pdf
5285,A287130,PROOF,gf-conjecture,papers/05001-05500/05285-PROOF.pdf
5286,A287132,PROOF,gf-conjecture,papers/05001-05500/05286-PROOF.pdf
5287,A278757,PROOF,gf-conjecture,papers/05001-05500/05287-PROOF.pdf
5288,A278758,PROOF,gf-conjecture,papers/05001-05500/05288-PROOF.pdf
5289,A278759,PROOF,gf-conjecture,papers/05001-05500/05289-PROOF.pdf
5290,A278760,PROOF,gf-conjecture,papers/05001-05500/05290-PROOF.pdf
5291,A285648,PROOF,gf-conjecture,papers/05001-05500/05291-PROOF.pdf
5292,A285650,PROOF,gf-conjecture,papers/05001-05500/05292-PROOF.pdf
5293,A285776,PROOF,gf-conjecture,papers/05001-05500/05293-PROOF.pdf
5294,A288828,PROOF,gf-conjecture,papers/05001-05500/05294-PROOF.pdf
5295,A279959,PROOF,gf-conjecture,papers/05001-05500/05295-PROOF.pdf
5296,A279960,PROOF,gf-conjecture,papers/05001-05500/05296-PROOF.pdf
5297,A279961,PROOF,gf-conjecture,papers/05001-05500/05297-PROOF.pdf
5298,A279962,PROOF,gf-conjecture,papers/05001-05500/05298-PROOF.pdf
5299,A283649,PROOF,gf-conjecture,papers/05001-05500/05299-PROOF.pdf
5300,A283650,PROOF,gf-conjecture,papers/05001-05500/05300-PROOF.pdf
5301,A283651,PROOF,gf-conjecture,papers/05001-05500/05301-PROOF.pdf
5302,A284483,PROOF,gf-conjecture,papers/05001-05500/05302-PROOF.pdf
5303,A284484,PROOF,gf-conjecture,papers/05001-05500/05303-PROOF.pdf
5304,A284485,PROOF,gf-conjecture,papers/05001-05500/05304-PROOF.pdf
5305,A286771,PROOF,gf-conjecture,papers/05001-05500/05305-PROOF.pdf
5306,A286773,PROOF,gf-conjecture,papers/05001-05500/05306-PROOF.pdf
5307,A287191,PROOF,gf-conjecture,papers/05001-05500/05307-PROOF.pdf
5308,A287193,PROOF,gf-conjecture,papers/05001-05500/05308-PROOF.pdf
5309,A289097,PROOF,gf-conjecture,papers/05001-05500/05309-PROOF.pdf
5310,A290193,PROOF,gf-conjecture,papers/05001-05500/05310-PROOF.pdf
5311,A290195,PROOF,gf-conjecture,papers/05001-05500/05311-PROOF.pdf
5312,A063081,PROOF,gf-conjecture,papers/05001-05500/05312-PROOF.pdf
5313,A063168,PROOF,gf-conjecture,papers/05001-05500/05313-PROOF.pdf
5314,A277797,PROOF,gf-conjecture,papers/05001-05500/05314-PROOF.pdf
5315,A277798,PROOF,gf-conjecture,papers/05001-05500/05315-PROOF.pdf
5316,A277799,PROOF,gf-conjecture,papers/05001-05500/05316-PROOF.pdf
5317,A277800,PROOF,gf-conjecture,papers/05001-05500/05317-PROOF.pdf
5318,A277864,PROOF,gf-conjecture,papers/05001-05500/05318-PROOF.pdf
5319,A277866,PROOF,gf-conjecture,papers/05001-05500/05319-PROOF.pdf
5320,A277926,PROOF,gf-conjecture,papers/05001-05500/05320-PROOF.pdf
5321,A277927,PROOF,gf-conjecture,papers/05001-05500/05321-PROOF.pdf
5322,A277928,PROOF,gf-conjecture,papers/05001-05500/05322-PROOF.pdf
5323,A277929,PROOF,gf-conjecture,papers/05001-05500/05323-PROOF.pdf
5324,A280367,PROOF,gf-conjecture,papers/05001-05500/05324-PROOF.pdf
5325,A280368,PROOF,gf-conjecture,papers/05001-05500/05325-PROOF.pdf
5326,A280369,PROOF,gf-conjecture,papers/05001-05500/05326-PROOF.pdf
5327,A280370,PROOF,gf-conjecture,papers/05001-05500/05327-PROOF.pdf
5328,A283504,PROOF,gf-conjecture,papers/05001-05500/05328-PROOF.pdf
5329,A283505,PROOF,gf-conjecture,papers/05001-05500/05329-PROOF.pdf
5330,A283506,PROOF,gf-conjecture,papers/05001-05500/05330-PROOF.pdf
5331,A283507,PROOF,gf-conjecture,papers/05001-05500/05331-PROOF.pdf
5332,A284351,PROOF,gf-conjecture,papers/05001-05500/05332-PROOF.pdf
5333,A284353,PROOF,gf-conjecture,papers/05001-05500/05333-PROOF.pdf
5334,A285541,PROOF,gf-conjecture,papers/05001-05500/05334-PROOF.pdf
5335,A287199,PROOF,gf-conjecture,papers/05001-05500/05335-PROOF.pdf
5336,A290072,PROOF,gf-conjecture,papers/05001-05500/05336-PROOF.pdf
5337,A290835,PROOF,gf-conjecture,papers/05001-05500/05337-PROOF.pdf
5338,A290837,PROOF,gf-conjecture,papers/05001-05500/05338-PROOF.pdf
5339,A277560,PROOF,gf-conjecture,papers/05001-05500/05339-PROOF.pdf
5340,A277936,PROOF,gf-conjecture,papers/05001-05500/05340-PROOF.pdf
5341,A282002,PROOF,gf-conjecture,papers/05001-05500/05341-PROOF.pdf
5342,A282003,PROOF,gf-conjecture,papers/05001-05500/05342-PROOF.pdf
5343,A282005,PROOF,gf-conjecture,papers/05001-05500/05343-PROOF.pdf
5344,A283523,PROOF,gf-conjecture,papers/05001-05500/05344-PROOF.pdf
5345,A284403,PROOF,gf-conjecture,papers/05001-05500/05345-PROOF.pdf
5346,A284404,PROOF,gf-conjecture,papers/05001-05500/05346-PROOF.pdf
5347,A284405,PROOF,gf-conjecture,papers/05001-05500/05347-PROOF.pdf
5348,A290661,PROOF,gf-conjecture,papers/05001-05500/05348-PROOF.pdf
5349,A290662,PROOF,gf-conjecture,papers/05001-05500/05349-PROOF.pdf
5350,A290681,PROOF,gf-conjecture,papers/05001-05500/05350-PROOF.pdf
5351,A290683,PROOF,gf-conjecture,papers/05001-05500/05351-PROOF.pdf
5352,A277865,PROOF,gf-conjecture,papers/05001-05500/05352-PROOF.pdf
5353,A277867,PROOF,gf-conjecture,papers/05001-05500/05353-PROOF.pdf
5354,A280410,PROOF,gf-conjecture,papers/05001-05500/05354-PROOF.pdf
5355,A280411,PROOF,gf-conjecture,papers/05001-05500/05355-PROOF.pdf
5356,A280412,PROOF,gf-conjecture,papers/05001-05500/05356-PROOF.pdf
5357,A283589,PROOF,gf-conjecture,papers/05001-05500/05357-PROOF.pdf
5358,A283590,PROOF,gf-conjecture,papers/05001-05500/05358-PROOF.pdf
5359,A283592,PROOF,gf-conjecture,papers/05001-05500/05359-PROOF.pdf
5360,A284352,PROOF,gf-conjecture,papers/05001-05500/05360-PROOF.pdf
5361,A284354,PROOF,gf-conjecture,papers/05001-05500/05361-PROOF.pdf
5362,A285474,PROOF,gf-conjecture,papers/05001-05500/05362-PROOF.pdf
5363,A286519,PROOF,gf-conjecture,papers/05001-05500/05363-PROOF.pdf
5364,A286521,PROOF,gf-conjecture,papers/05001-05500/05364-PROOF.pdf
5365,A267867,PROOF,gf-conjecture,papers/05001-05500/05365-PROOF.pdf
5366,A283508,PROOF,gf-conjecture,papers/05001-05500/05366-PROOF.pdf
5367,A259427,PROOF,table-column,papers/05001-05500/05367-PROOF.pdf
5368,A259515,PROOF,table-column,papers/05001-05500/05368-PROOF.pdf
5369,A262274,PROOF,table-column,papers/05001-05500/05369-PROOF.pdf
5370,A262319,PROOF,table-column,papers/05001-05500/05370-PROOF.pdf
5371,A262759,PROOF,table-column,papers/05001-05500/05371-PROOF.pdf
5372,A262849,PROOF,table-column,papers/05001-05500/05372-PROOF.pdf
5373,A263224,PROOF,table-column,papers/05001-05500/05373-PROOF.pdf
5374,A263337,PROOF,table-column,papers/05001-05500/05374-PROOF.pdf
5375,A263873,PROOF,table-column,papers/05001-05500/05375-PROOF.pdf
5376,A265960,PROOF,table-column,papers/05001-05500/05376-PROOF.pdf
5377,A295918,PROOF,table-column,papers/05001-05500/05377-PROOF.pdf
5378,A296739,PROOF,table-column,papers/05001-05500/05378-PROOF.pdf
5379,A298508,PROOF,table-column,papers/05001-05500/05379-PROOF.pdf
5380,A298917,PROOF,table-column,papers/05001-05500/05380-PROOF.pdf
5381,A303800,PROOF,table-column,papers/05001-05500/05381-PROOF.pdf
5382,A305911,PROOF,table-column,papers/05001-05500/05382-PROOF.pdf
5383,A326165,PROOF,table-column,papers/05001-05500/05383-PROOF.pdf
5384,A140943,PROOF,planepartition-box,papers/05001-05500/05384-PROOF.pdf
5385,A140942,PROOF,planepartition-box,papers/05001-05500/05385-PROOF.pdf
5386,A140933,PROOF,planepartition-box,papers/05001-05500/05386-PROOF.pdf
5387,A207927,PROOF,transfer-matrix,papers/05001-05500/05387-PROOF.pdf
5388,A188563,PROOF,transfer-matrix,papers/05001-05500/05388-PROOF.pdf
5389,A250451,PROOF,transfer-matrix,papers/05001-05500/05389-PROOF.pdf
5390,A237310,PROOF,transfer-matrix,papers/05001-05500/05390-PROOF.pdf
5391,A140941,PROOF,planepartition-box,papers/05001-05500/05391-PROOF.pdf
5392,A205092,PROOF,edge-count,papers/05001-05500/05392-PROOF.pdf
5393,A237857,PROOF,transfer-matrix,papers/05001-05500/05393-PROOF.pdf
5394,A205200,PROOF,matrix-subblock,papers/05001-05500/05394-PROOF.pdf
5395,A207965,PROOF,transfer-matrix,papers/05001-05500/05395-PROOF.pdf
5396,A207274,PROOF,transfer-matrix,papers/05001-05500/05396-PROOF.pdf
5397,A206729,PROOF,pattern-avoidance,papers/05001-05500/05397-PROOF.pdf
5398,A206507,PROOF,clockwise-perimeter,papers/05001-05500/05398-PROOF.pdf
5399,A237205,PROOF,transfer-matrix,papers/05001-05500/05399-PROOF.pdf
5400,A237393,PROOF,transfer-matrix,papers/05001-05500/05400-PROOF.pdf
5401,A205213,PROOF,transfer-matrix,papers/05001-05500/05401-PROOF.pdf
5402,A234110,PROOF,transfer-matrix,papers/05001-05500/05402-PROOF.pdf
5403,A207844,PROOF,transfer-matrix,papers/05001-05500/05403-PROOF.pdf
5404,A208038,PROOF,transfer-matrix,papers/05001-05500/05404-PROOF.pdf
5405,A207185,PROOF,transfer-matrix,papers/05001-05500/05405-PROOF.pdf
5406,A207441,PROOF,transfer-matrix,papers/05001-05500/05406-PROOF.pdf
5407,A236870,PROOF,transfer-matrix,papers/05001-05500/05407-PROOF.pdf
5408,A197066,PROOF,transfer-matrix,papers/05001-05500/05408-PROOF.pdf
5409,A196714,PROOF,transfer-matrix,papers/05001-05500/05409-PROOF.pdf
5410,A205734,PROOF,transfer-matrix,papers/05001-05500/05410-PROOF.pdf
5411,A195966,PROOF,transfer-matrix,papers/05001-05500/05411-PROOF.pdf
5412,A230691,PROOF,transfer-matrix,papers/05001-05500/05412-PROOF.pdf
5413,A207247,PROOF,transfer-matrix,papers/05001-05500/05413-PROOF.pdf
5414,A204871,PROOF,matrix-subblock,papers/05001-05500/05414-PROOF.pdf
5415,A237923,PROOF,transfer-matrix,papers/05001-05500/05415-PROOF.pdf
5416,A206538,PROOF,clockwise-perimeter,papers/05001-05500/05416-PROOF.pdf
5417,A206938,PROOF,transfer-matrix,papers/05001-05500/05417-PROOF.pdf
5418,A207445,PROOF,transfer-matrix,papers/05001-05500/05418-PROOF.pdf
5419,A205661,PROOF,edge-count,papers/05001-05500/05419-PROOF.pdf
5420,A205516,PROOF,edge-count,papers/05001-05500/05420-PROOF.pdf
5421,A208419,PROOF,transfer-matrix,papers/05001-05500/05421-PROOF.pdf
5422,A196963,PROOF,transfer-matrix,papers/05001-05500/05422-PROOF.pdf
5423,A237370,PROOF,subblock-difference,papers/05001-05500/05423-PROOF.pdf
5424,A234829,PROOF,transfer-matrix,papers/05001-05500/05424-PROOF.pdf
5425,A236981,PROOF,transfer-matrix,papers/05001-05500/05425-PROOF.pdf
5426,A207239,PROOF,transfer-matrix,papers/05001-05500/05426-PROOF.pdf
5427,A202315,PROOF,pattern-avoidance,papers/05001-05500/05427-PROOF.pdf
5428,A207856,PROOF,transfer-matrix,papers/05001-05500/05428-PROOF.pdf
5429,A206313,PROOF,edge-count,papers/05001-05500/05429-PROOF.pdf
5430,A207464,PROOF,transfer-matrix,papers/05001-05500/05430-PROOF.pdf
5431,A252645,PROOF,subblock-3x3,papers/05001-05500/05431-PROOF.pdf
5432,A206411,PROOF,transfer-matrix,papers/05001-05500/05432-PROOF.pdf
5433,A231129,PROOF,transfer-matrix,papers/05001-05500/05433-PROOF.pdf
5434,A231136,PROOF,transfer-matrix,papers/05001-05500/05434-PROOF.pdf
5435,A189614,PROOF,transfer-matrix,papers/05001-05500/05435-PROOF.pdf
5436,A196946,PROOF,transfer-matrix,papers/05001-05500/05436-PROOF.pdf
5437,A206998,PROOF,transfer-matrix,papers/05001-05500/05437-PROOF.pdf
5438,A202588,PROOF,pattern-avoidance,papers/05001-05500/05438-PROOF.pdf
5439,A208499,PROOF,transfer-matrix,papers/05001-05500/05439-PROOF.pdf
5440,A220723,PROOF,reciprocal-link,papers/05001-05500/05440-PROOF.pdf
5441,A140932,PROOF,planepartition-box,papers/05001-05500/05441-PROOF.pdf
5442,A196852,PROOF,transfer-matrix,papers/05001-05500/05442-PROOF.pdf
5443,A203369,PROOF,adjacency-precedence,papers/05001-05500/05443-PROOF.pdf
5444,A196425,PROOF,transfer-matrix,papers/05001-05500/05444-PROOF.pdf
5445,A205654,PROOF,edge-count,papers/05001-05500/05445-PROOF.pdf
5446,A196319,PROOF,transfer-matrix,papers/05001-05500/05446-PROOF.pdf
5447,A197043,PROOF,transfer-matrix,papers/05001-05500/05447-PROOF.pdf
5448,A203089,PROOF,pattern-avoidance,papers/05001-05500/05448-PROOF.pdf
5449,A235769,PROOF,transfer-matrix,papers/05001-05500/05449-PROOF.pdf
5450,A207487,PROOF,transfer-matrix,papers/05001-05500/05450-PROOF.pdf
5451,A253478,PROOF,transfer-matrix,papers/05001-05500/05451-PROOF.pdf
5452,A140940,PROOF,planepartition-box,papers/05001-05500/05452-PROOF.pdf
5453,A204038,PROOF,matrix-subblock,papers/05001-05500/05453-PROOF.pdf
5454,A253332,PROOF,transfer-matrix,papers/05001-05500/05454-PROOF.pdf
5455,A203841,PROOF,neighbour-set,papers/05001-05500/05455-PROOF.pdf
5456,A235677,PROOF,transfer-matrix,papers/05001-05500/05456-PROOF.pdf
5457,A225023,PROOF,transfer-matrix,papers/05001-05500/05457-PROOF.pdf
5458,A237304,PROOF,transfer-matrix,papers/05001-05500/05458-PROOF.pdf
5459,A237804,PROOF,transfer-matrix,papers/05001-05500/05459-PROOF.pdf
5460,A236814,PROOF,transfer-matrix,papers/05001-05500/05460-PROOF.pdf
5461,A206986,PROOF,pattern-avoidance,papers/05001-05500/05461-PROOF.pdf
5462,A209957,PROOF,transfer-matrix,papers/05001-05500/05462-PROOF.pdf
5463,A236742,PROOF,transfer-matrix,papers/05001-05500/05463-PROOF.pdf
5464,A235732,PROOF,transfer-matrix,papers/05001-05500/05464-PROOF.pdf
5465,A236898,PROOF,transfer-matrix,papers/05001-05500/05465-PROOF.pdf
5466,A207794,PROOF,perimeter-cycle,papers/05001-05500/05466-PROOF.pdf
5467,A196340,PROOF,transfer-matrix,papers/05001-05500/05467-PROOF.pdf
5468,A196693,PROOF,transfer-matrix,papers/05001-05500/05468-PROOF.pdf
5469,A207552,PROOF,pattern-avoidance,papers/05001-05500/05469-PROOF.pdf
5470,A206104,PROOF,clockwise-perimeter,papers/05001-05500/05470-PROOF.pdf
5471,A196703,PROOF,transfer-matrix,papers/05001-05500/05471-PROOF.pdf
5472,A188691,PROOF,transfer-matrix,papers/05001-05500/05472-PROOF.pdf
5473,A207499,PROOF,transfer-matrix,papers/05001-05500/05473-PROOF.pdf
5474,A207664,PROOF,transfer-matrix,papers/05001-05500/05474-PROOF.pdf
5475,A207127,PROOF,transfer-matrix,papers/05001-05500/05475-PROOF.pdf
5476,A197095,PROOF,transfer-matrix,papers/05001-05500/05476-PROOF.pdf
5477,A204615,PROOF,transfer-matrix,papers/05001-05500/05477-PROOF.pdf
5478,A236114,PROOF,transfer-matrix,papers/05001-05500/05478-PROOF.pdf
5479,A198151,PROOF,transfer-matrix,papers/05001-05500/05479-PROOF.pdf
5480,A196481,PROOF,transfer-matrix,papers/05001-05500/05480-PROOF.pdf
5481,A207907,PROOF,transfer-matrix,papers/05001-05500/05481-PROOF.pdf
5482,A203179,PROOF,adjacency-precedence,papers/05001-05500/05482-PROOF.pdf
5483,A238177,PROOF,transfer-matrix,papers/05001-05500/05483-PROOF.pdf
5484,A205287,PROOF,matrix-subblock,papers/05001-05500/05484-PROOF.pdf
5485,A235834,PROOF,transfer-matrix,papers/05001-05500/05485-PROOF.pdf
5486,A235829,PROOF,transfer-matrix,papers/05001-05500/05486-PROOF.pdf
5487,A236823,PROOF,transfer-matrix,papers/05001-05500/05487-PROOF.pdf
5488,A250455,PROOF,transfer-matrix,papers/05001-05500/05488-PROOF.pdf
5489,A197231,PROOF,transfer-matrix,papers/05001-05500/05489-PROOF.pdf
5490,A231399,PROOF,transfer-matrix,papers/05001-05500/05490-PROOF.pdf
5491,A207002,PROOF,transfer-matrix,papers/05001-05500/05491-PROOF.pdf
5492,A220715,PROOF,reciprocal-link,papers/05001-05500/05492-PROOF.pdf
5493,A236784,PROOF,transfer-matrix,papers/05001-05500/05493-PROOF.pdf
5494,A236793,PROOF,transfer-matrix,papers/05001-05500/05494-PROOF.pdf
5495,A207546,PROOF,pattern-avoidance,papers/05001-05500/05495-PROOF.pdf
5496,A206783,PROOF,transfer-matrix,papers/05001-05500/05496-PROOF.pdf
5497,A298090,PROOF,transfer-matrix,papers/05001-05500/05497-PROOF.pdf
5498,A236519,PROOF,transfer-matrix,papers/05001-05500/05498-PROOF.pdf
5499,A207521,PROOF,transfer-matrix,papers/05001-05500/05499-PROOF.pdf
5500,A202893,PROOF,pattern-avoidance,papers/05001-05500/05500-PROOF.pdf
5501,A207775,PROOF,transfer-matrix,papers/05501-06000/05501-PROOF.pdf
5502,A236078,PROOF,transfer-matrix,papers/05501-06000/05502-PROOF.pdf
5503,A207343,PROOF,transfer-matrix,papers/05501-06000/05503-PROOF.pdf
5504,A196586,PROOF,transfer-matrix,papers/05501-06000/05504-PROOF.pdf
5505,A205821,PROOF,edge-count,papers/05501-06000/05505-PROOF.pdf
5506,A207086,PROOF,transfer-matrix,papers/05501-06000/05506-PROOF.pdf
5507,A207504,PROOF,transfer-matrix,papers/05501-06000/05507-PROOF.pdf
5508,A257380,PROOF,transfer-matrix,papers/05501-06000/05508-PROOF.pdf
5509,A208026,PROOF,transfer-matrix,papers/05501-06000/05509-PROOF.pdf
5510,A184132,PROOF,transfer-matrix,papers/05501-06000/05510-PROOF.pdf
5511,A207179,PROOF,transfer-matrix,papers/05501-06000/05511-PROOF.pdf
5512,A207697,PROOF,transfer-matrix,papers/05501-06000/05512-PROOF.pdf
5513,A207349,PROOF,transfer-matrix,papers/05501-06000/05513-PROOF.pdf
5514,A236723,PROOF,transfer-matrix,papers/05501-06000/05514-PROOF.pdf
5515,A140924,PROOF,planepartition-box,papers/05501-06000/05515-PROOF.pdf
5516,A196726,PROOF,transfer-matrix,papers/05501-06000/05516-PROOF.pdf
5517,A232347,PROOF,transfer-matrix,papers/05501-06000/05517-PROOF.pdf
5518,A237490,PROOF,subblock-difference,papers/05501-06000/05518-PROOF.pdf
5519,A206887,PROOF,transfer-matrix,papers/05501-06000/05519-PROOF.pdf
5520,A207417,PROOF,transfer-matrix,papers/05501-06000/05520-PROOF.pdf
5521,A224969,PROOF,transfer-matrix,papers/05501-06000/05521-PROOF.pdf
5522,A208075,PROOF,transfer-matrix,papers/05501-06000/05522-PROOF.pdf
5523,A255085,PROOF,subblock-3x3,papers/05501-06000/05523-PROOF.pdf
5524,A220678,PROOF,reciprocal-link,papers/05501-06000/05524-PROOF.pdf
5525,A207423,PROOF,transfer-matrix,papers/05501-06000/05525-PROOF.pdf
5526,A140931,PROOF,planepartition-box,papers/05501-06000/05526-PROOF.pdf
5527,A252408,PROOF,subblock-3x3,papers/05501-06000/05527-PROOF.pdf
5528,A207772,PROOF,transfer-matrix,papers/05501-06000/05528-PROOF.pdf
5529,A204224,PROOF,matrix-subblock,papers/05501-06000/05529-PROOF.pdf
5530,A253376,PROOF,transfer-matrix,papers/05501-06000/05530-PROOF.pdf
5531,A189108,PROOF,transfer-matrix,papers/05501-06000/05531-PROOF.pdf
5532,A206833,PROOF,pattern-avoidance,papers/05501-06000/05532-PROOF.pdf
5533,A233985,PROOF,transfer-matrix,papers/05501-06000/05533-PROOF.pdf
5534,A250992,PROOF,transfer-matrix,papers/05501-06000/05534-PROOF.pdf
5535,A207716,PROOF,transfer-matrix,papers/05501-06000/05535-PROOF.pdf
5536,A206193,PROOF,edge-count,papers/05501-06000/05536-PROOF.pdf
5537,A203105,PROOF,adjacency-precedence,papers/05501-06000/05537-PROOF.pdf
5538,A220741,PROOF,reciprocal-link,papers/05501-06000/05538-PROOF.pdf
5539,A204836,PROOF,matrix-subblock,papers/05501-06000/05539-PROOF.pdf
5540,A235738,PROOF,transfer-matrix,papers/05501-06000/05540-PROOF.pdf
5541,A183351,PROOF,adjacency-precedence,papers/05501-06000/05541-PROOF.pdf
5542,A209948,PROOF,transfer-matrix,papers/05501-06000/05542-PROOF.pdf
5543,A235543,PROOF,transfer-matrix,papers/05501-06000/05543-PROOF.pdf
5544,A140939,PROOF,planepartition-box,papers/05501-06000/05544-PROOF.pdf
5545,A255790,PROOF,subblock-3x3,papers/05501-06000/05545-PROOF.pdf
5546,A195975,PROOF,transfer-matrix,papers/05501-06000/05546-PROOF.pdf
5547,A184660,PROOF,subblock-3x3,papers/05501-06000/05547-PROOF.pdf
5548,A297984,PROOF,transfer-matrix,papers/05501-06000/05548-PROOF.pdf
5549,A238307,PROOF,transfer-matrix,papers/05501-06000/05549-PROOF.pdf
5550,A206273,PROOF,clockwise-perimeter,papers/05501-06000/05550-PROOF.pdf
5551,A297855,PROOF,transfer-matrix,papers/05501-06000/05551-PROOF.pdf
5552,A204725,PROOF,matrix-subblock,papers/05501-06000/05552-PROOF.pdf
5553,A204870,PROOF,matrix-subblock,papers/05501-06000/05553-PROOF.pdf
5554,A205306,PROOF,forbidden-run,papers/05501-06000/05554-PROOF.pdf
5555,A207469,PROOF,transfer-matrix,papers/05501-06000/05555-PROOF.pdf
5556,A237170,PROOF,transfer-matrix,papers/05501-06000/05556-PROOF.pdf
5557,A205914,PROOF,clockwise-perimeter,papers/05501-06000/05557-PROOF.pdf
5558,A197313,PROOF,transfer-matrix,papers/05501-06000/05558-PROOF.pdf
5559,A196134,PROOF,transfer-matrix,papers/05501-06000/05559-PROOF.pdf
5560,A206124,PROOF,edge-count,papers/05501-06000/05560-PROOF.pdf
5561,A207959,PROOF,transfer-matrix,papers/05501-06000/05561-PROOF.pdf
5562,A207921,PROOF,transfer-matrix,papers/05501-06000/05562-PROOF.pdf
5563,A205240,PROOF,edge-count,papers/05501-06000/05563-PROOF.pdf
5564,A207273,PROOF,transfer-matrix,papers/05501-06000/05564-PROOF.pdf
5565,A196798,PROOF,transfer-matrix,papers/05501-06000/05565-PROOF.pdf
5566,A204037,PROOF,matrix-subblock,papers/05501-06000/05566-PROOF.pdf
5567,A234765,PROOF,transfer-matrix,papers/05501-06000/05567-PROOF.pdf
5568,A235408,PROOF,transfer-matrix,papers/05501-06000/05568-PROOF.pdf
5569,A237476,PROOF,transfer-matrix,papers/05501-06000/05569-PROOF.pdf
5570,A252620,PROOF,subblock-3x3,papers/05501-06000/05570-PROOF.pdf
5571,A252429,PROOF,subblock-3x3,papers/05501-06000/05571-PROOF.pdf
5572,A209551,PROOF,transfer-matrix,papers/05501-06000/05572-PROOF.pdf
5573,A260291,PROOF,subblock-3x3,papers/05501-06000/05573-PROOF.pdf
5574,A260606,PROOF,subblock-3x3,papers/05501-06000/05574-PROOF.pdf
5575,A185466,PROOF,transfer-matrix,papers/05501-06000/05575-PROOF.pdf
5576,A196901,PROOF,transfer-matrix,papers/05501-06000/05576-PROOF.pdf
5577,A220626,PROOF,reciprocal-link,papers/05501-06000/05577-PROOF.pdf
5578,A185528,PROOF,subblock-3x3,papers/05501-06000/05578-PROOF.pdf
5579,A188770,PROOF,transfer-matrix,papers/05501-06000/05579-PROOF.pdf
5580,A254839,PROOF,monotone-subblock,papers/05501-06000/05580-PROOF.pdf
5581,A255757,PROOF,monotone-subblock,papers/05501-06000/05581-PROOF.pdf
5582,A209782,PROOF,transfer-matrix,papers/05501-06000/05582-PROOF.pdf
5583,A210330,PROOF,transfer-matrix,papers/05501-06000/05583-PROOF.pdf
5584,A210350,PROOF,transfer-matrix,papers/05501-06000/05584-PROOF.pdf
5585,A298051,PROOF,transfer-matrix,papers/05501-06000/05585-PROOF.pdf
5586,A298656,PROOF,transfer-matrix,papers/05501-06000/05586-PROOF.pdf
5587,A220735,PROOF,reciprocal-link,papers/05501-06000/05587-PROOF.pdf
5588,A140923,PROOF,planepartition-box,papers/05501-06000/05588-PROOF.pdf
5589,A206134,PROOF,transfer-matrix,papers/05501-06000/05589-PROOF.pdf
5590,A230933,PROOF,transfer-matrix,papers/05501-06000/05590-PROOF.pdf
5591,A303798,PROOF,transfer-matrix,papers/05501-06000/05591-PROOF.pdf
5592,A188519,PROOF,transfer-matrix,papers/05501-06000/05592-PROOF.pdf
5593,A188854,PROOF,transfer-matrix,papers/05501-06000/05593-PROOF.pdf
5594,A205995,PROOF,edge-count,papers/05501-06000/05594-PROOF.pdf
5595,A203437,PROOF,neighbour-set,papers/05501-06000/05595-PROOF.pdf
5596,A207246,PROOF,transfer-matrix,papers/05501-06000/05596-PROOF.pdf
5597,A210072,PROOF,transfer-matrix,papers/05501-06000/05597-PROOF.pdf
5598,A302456,PROOF,transfer-matrix,papers/05501-06000/05598-PROOF.pdf
5599,A303238,PROOF,transfer-matrix,papers/05501-06000/05599-PROOF.pdf
5600,A305093,PROOF,transfer-matrix,papers/05501-06000/05600-PROOF.pdf
5601,A316753,PROOF,transfer-matrix,papers/05501-06000/05601-PROOF.pdf
5602,A203097,PROOF,transfer-matrix,papers/05501-06000/05602-PROOF.pdf
5603,A264552,PROOF,transfer-matrix,papers/05501-06000/05603-PROOF.pdf
5604,A264678,PROOF,transfer-matrix,papers/05501-06000/05604-PROOF.pdf
5605,A237458,PROOF,subblock-difference,papers/05501-06000/05605-PROOF.pdf
5606,A234783,PROOF,transfer-matrix,papers/05501-06000/05606-PROOF.pdf
5607,A207789,PROOF,transfer-matrix,papers/05501-06000/05607-PROOF.pdf
5608,A209514,PROOF,clockwise-perimeter,papers/05501-06000/05608-PROOF.pdf
5609,A209793,PROOF,transfer-matrix,papers/05501-06000/05609-PROOF.pdf
5610,A235928,PROOF,transfer-matrix,papers/05501-06000/05610-PROOF.pdf
5611,A236005,PROOF,transfer-matrix,papers/05501-06000/05611-PROOF.pdf
5612,A301665,PROOF,transfer-matrix,papers/05501-06000/05612-PROOF.pdf
5613,A303036,PROOF,transfer-matrix,papers/05501-06000/05613-PROOF.pdf
5614,A303199,PROOF,transfer-matrix,papers/05501-06000/05614-PROOF.pdf
5615,A304948,PROOF,transfer-matrix,papers/05501-06000/05615-PROOF.pdf
5616,A318020,PROOF,transfer-matrix,papers/05501-06000/05616-PROOF.pdf
5617,A250330,PROOF,window-condition,papers/05501-06000/05617-PROOF.pdf
5618,A230945,PROOF,transfer-matrix,papers/05501-06000/05618-PROOF.pdf
5619,A237144,PROOF,transfer-matrix,papers/05501-06000/05619-PROOF.pdf
5620,A207074,PROOF,transfer-matrix,papers/05501-06000/05620-PROOF.pdf
5621,A140930,PROOF,planepartition-box,papers/05501-06000/05621-PROOF.pdf
5622,A252675,PROOF,subblock-3x3,papers/05501-06000/05622-PROOF.pdf
5623,A205053,PROOF,transfer-matrix,papers/05501-06000/05623-PROOF.pdf
5624,A205741,PROOF,edge-count,papers/05501-06000/05624-PROOF.pdf
5625,A196633,PROOF,transfer-matrix,papers/05501-06000/05625-PROOF.pdf
5626,A196638,PROOF,transfer-matrix,papers/05501-06000/05626-PROOF.pdf
5627,A252098,PROOF,subblock-3x3,papers/05501-06000/05627-PROOF.pdf
5628,A207011,PROOF,pattern-avoidance,papers/05501-06000/05628-PROOF.pdf
5629,A188603,PROOF,transfer-matrix,papers/05501-06000/05629-PROOF.pdf
5630,A298954,PROOF,transfer-matrix,papers/05501-06000/05630-PROOF.pdf
5631,A205365,PROOF,clockwise-perimeter,papers/05501-06000/05631-PROOF.pdf
5632,A206858,PROOF,pattern-avoidance,papers/05501-06000/05632-PROOF.pdf
5633,A206671,PROOF,clockwise-perimeter,papers/05501-06000/05633-PROOF.pdf
5634,A206868,PROOF,transfer-matrix,papers/05501-06000/05634-PROOF.pdf
5635,A206991,PROOF,transfer-matrix,papers/05501-06000/05635-PROOF.pdf
5636,A304955,PROOF,transfer-matrix,papers/05501-06000/05636-PROOF.pdf
5637,A210272,PROOF,transfer-matrix,papers/05501-06000/05637-PROOF.pdf
5638,A235655,PROOF,transfer-matrix,papers/05501-06000/05638-PROOF.pdf
5639,A202466,PROOF,local-array-condition,papers/05501-06000/05639-PROOF.pdf
5640,A206696,PROOF,pattern-avoidance,papers/05501-06000/05640-PROOF.pdf
5641,A202433,PROOF,pattern-avoidance,papers/05501-06000/05641-PROOF.pdf
5642,A197675,PROOF,transfer-matrix,papers/05501-06000/05642-PROOF.pdf
5643,A198009,PROOF,transfer-matrix,papers/05501-06000/05643-PROOF.pdf
5644,A197746,PROOF,transfer-matrix,papers/05501-06000/05644-PROOF.pdf
5645,A208418,PROOF,transfer-matrix,papers/05501-06000/05645-PROOF.pdf
5646,A186529,PROOF,matrix-subblock,papers/05501-06000/05646-PROOF.pdf
5647,A203402,PROOF,pattern-avoidance,papers/05501-06000/05647-PROOF.pdf
5648,A189266,PROOF,transfer-matrix,papers/05501-06000/05648-PROOF.pdf
5649,A209853,PROOF,transfer-matrix,papers/05501-06000/05649-PROOF.pdf
5650,A298578,PROOF,transfer-matrix,papers/05501-06000/05650-PROOF.pdf
5651,A302429,PROOF,transfer-matrix,papers/05501-06000/05651-PROOF.pdf
5652,A302729,PROOF,transfer-matrix,papers/05501-06000/05652-PROOF.pdf
5653,A237094,PROOF,transfer-matrix,papers/05501-06000/05653-PROOF.pdf
5654,A208695,PROOF,transfer-matrix,papers/05501-06000/05654-PROOF.pdf
5655,A188751,PROOF,transfer-matrix,papers/05501-06000/05655-PROOF.pdf
5656,A252641,PROOF,subblock-3x3,papers/05501-06000/05656-PROOF.pdf
5657,A298175,PROOF,transfer-matrix,papers/05501-06000/05657-PROOF.pdf
5658,A197892,PROOF,transfer-matrix,papers/05501-06000/05658-PROOF.pdf
5659,A235959,PROOF,transfer-matrix,papers/05501-06000/05659-PROOF.pdf
5660,A207740,PROOF,transfer-matrix,papers/05501-06000/05660-PROOF.pdf
5661,A203971,PROOF,adjacency-precedence,papers/05501-06000/05661-PROOF.pdf
5662,A298164,PROOF,transfer-matrix,papers/05501-06000/05662-PROOF.pdf
5663,A239173,PROOF,transfer-matrix,papers/05501-06000/05663-PROOF.pdf
5664,A250467,PROOF,transfer-matrix,papers/05501-06000/05664-PROOF.pdf
5665,A298290,PROOF,transfer-matrix,papers/05501-06000/05665-PROOF.pdf
5666,A298556,PROOF,transfer-matrix,papers/05501-06000/05666-PROOF.pdf
5667,A299183,PROOF,transfer-matrix,papers/05501-06000/05667-PROOF.pdf
5668,A299570,PROOF,transfer-matrix,papers/05501-06000/05668-PROOF.pdf
5669,A304006,PROOF,transfer-matrix,papers/05501-06000/05669-PROOF.pdf
5670,A304540,PROOF,transfer-matrix,papers/05501-06000/05670-PROOF.pdf
5671,A306125,PROOF,transfer-matrix,papers/05501-06000/05671-PROOF.pdf
5672,A316307,PROOF,transfer-matrix,papers/05501-06000/05672-PROOF.pdf
5673,A235561,PROOF,transfer-matrix,papers/05501-06000/05673-PROOF.pdf
5674,A187723,PROOF,commuting-subblock,papers/05501-06000/05674-PROOF.pdf
5675,A252101,PROOF,subblock-3x3,papers/05501-06000/05675-PROOF.pdf
5676,A252403,PROOF,subblock-3x3,papers/05501-06000/05676-PROOF.pdf
5677,A251917,PROOF,subblock-line-sum,papers/05501-06000/05677-PROOF.pdf
5678,A252599,PROOF,subblock-3x3,papers/05501-06000/05678-PROOF.pdf
5679,A206895,PROOF,pattern-avoidance,papers/05501-06000/05679-PROOF.pdf
5680,A197533,PROOF,transfer-matrix,papers/05501-06000/05680-PROOF.pdf
5681,A249654,PROOF,window-condition,papers/05501-06000/05681-PROOF.pdf
5682,A256898,PROOF,monotone-subblock,papers/05501-06000/05682-PROOF.pdf
5683,A234792,PROOF,transfer-matrix,papers/05501-06000/05683-PROOF.pdf
5684,A302412,PROOF,transfer-matrix,papers/05501-06000/05684-PROOF.pdf
5685,A303179,PROOF,transfer-matrix,papers/05501-06000/05685-PROOF.pdf
5686,A206007,PROOF,edge-count,papers/05501-06000/05686-PROOF.pdf
5687,A207686,PROOF,transfer-matrix,papers/05501-06000/05687-PROOF.pdf
5688,A257355,PROOF,subblock-line-sum,papers/05501-06000/05688-PROOF.pdf
5689,A297947,PROOF,transfer-matrix,papers/05501-06000/05689-PROOF.pdf
5690,A298226,PROOF,transfer-matrix,papers/05501-06000/05690-PROOF.pdf
5691,A298766,PROOF,transfer-matrix,papers/05501-06000/05691-PROOF.pdf
5692,A300919,PROOF,transfer-matrix,papers/05501-06000/05692-PROOF.pdf
5693,A301604,PROOF,transfer-matrix,papers/05501-06000/05693-PROOF.pdf
5694,A304015,PROOF,transfer-matrix,papers/05501-06000/05694-PROOF.pdf
5695,A304152,PROOF,transfer-matrix,papers/05501-06000/05695-PROOF.pdf
5696,A304351,PROOF,transfer-matrix,papers/05501-06000/05696-PROOF.pdf
5697,A305363,PROOF,transfer-matrix,papers/05501-06000/05697-PROOF.pdf
5698,A249954,PROOF,window-condition,papers/05501-06000/05698-PROOF.pdf
5699,A222003,PROOF,permutation-row,papers/05501-06000/05699-PROOF.pdf
5700,A140938,PROOF,planepartition-box,papers/05501-06000/05700-PROOF.pdf
5701,A303960,PROOF,transfer-matrix,papers/05501-06000/05701-PROOF.pdf
5702,A187641,PROOF,subblock-content,papers/05501-06000/05702-PROOF.pdf
5703,A252385,PROOF,subblock-3x3,papers/05501-06000/05703-PROOF.pdf
5704,A317771,PROOF,transfer-matrix,papers/05501-06000/05704-PROOF.pdf
5705,A208701,PROOF,transfer-matrix,papers/05501-06000/05705-PROOF.pdf
5706,A202402,PROOF,pattern-avoidance,papers/05501-06000/05706-PROOF.pdf
5707,A209908,PROOF,transfer-matrix,papers/05501-06000/05707-PROOF.pdf
5708,A304475,PROOF,transfer-matrix,papers/05501-06000/05708-PROOF.pdf
5709,A305219,PROOF,transfer-matrix,papers/05501-06000/05709-PROOF.pdf
5710,A305638,PROOF,transfer-matrix,papers/05501-06000/05710-PROOF.pdf
5711,A306056,PROOF,transfer-matrix,papers/05501-06000/05711-PROOF.pdf
5712,A316300,PROOF,transfer-matrix,papers/05501-06000/05712-PROOF.pdf
5713,A317032,PROOF,transfer-matrix,papers/05501-06000/05713-PROOF.pdf
5714,A317234,PROOF,transfer-matrix,papers/05501-06000/05714-PROOF.pdf
5715,A236274,PROOF,transfer-matrix,papers/05501-06000/05715-PROOF.pdf
5716,A274893,PROOF,transfer-matrix,papers/05501-06000/05716-PROOF.pdf
5717,A275502,PROOF,transfer-matrix,papers/05501-06000/05717-PROOF.pdf
5718,A204405,PROOF,subblock-3x3,papers/05501-06000/05718-PROOF.pdf
5719,A264374,PROOF,transfer-matrix,papers/05501-06000/05719-PROOF.pdf
5720,A204777,PROOF,transfer-matrix,papers/05501-06000/05720-PROOF.pdf
5721,A204498,PROOF,subblock-3x3,papers/05501-06000/05721-PROOF.pdf
5722,A250442,PROOF,monotone-statistic,papers/05501-06000/05722-PROOF.pdf
5723,A260367,PROOF,subblock-3x3,papers/05501-06000/05723-PROOF.pdf
5724,A232409,PROOF,transfer-matrix,papers/05501-06000/05724-PROOF.pdf
5725,A304300,PROOF,transfer-matrix,papers/05501-06000/05725-PROOF.pdf
5726,A184141,PROOF,transfer-matrix,papers/05501-06000/05726-PROOF.pdf
5727,A196452,PROOF,transfer-matrix,papers/05501-06000/05727-PROOF.pdf
5728,A259007,PROOF,monotone-subblock,papers/05501-06000/05728-PROOF.pdf
5729,A189113,PROOF,transfer-matrix,papers/05501-06000/05729-PROOF.pdf
5730,A202643,PROOF,pattern-avoidance,papers/05501-06000/05730-PROOF.pdf
5731,A204195,PROOF,forbidden-run,papers/05501-06000/05731-PROOF.pdf
5732,A207659,PROOF,transfer-matrix,papers/05501-06000/05732-PROOF.pdf
5733,A203350,PROOF,pattern-avoidance,papers/05501-06000/05733-PROOF.pdf
5734,A184123,PROOF,transfer-matrix,papers/05501-06000/05734-PROOF.pdf
5735,A209711,PROOF,transfer-matrix,papers/05501-06000/05735-PROOF.pdf
5736,A298191,PROOF,transfer-matrix,papers/05501-06000/05736-PROOF.pdf
5737,A298618,PROOF,transfer-matrix,papers/05501-06000/05737-PROOF.pdf
5738,A299085,PROOF,transfer-matrix,papers/05501-06000/05738-PROOF.pdf
5739,A299341,PROOF,transfer-matrix,papers/05501-06000/05739-PROOF.pdf
5740,A299848,PROOF,transfer-matrix,papers/05501-06000/05740-PROOF.pdf
5741,A302281,PROOF,transfer-matrix,papers/05501-06000/05741-PROOF.pdf
5742,A316235,PROOF,transfer-matrix,papers/05501-06000/05742-PROOF.pdf
5743,A220551,PROOF,reciprocal-link,papers/05501-06000/05743-PROOF.pdf
5744,A220567,PROOF,reciprocal-link,papers/05501-06000/05744-PROOF.pdf
5745,A207708,PROOF,transfer-matrix,papers/05501-06000/05745-PROOF.pdf
5746,A202373,PROOF,pattern-avoidance,papers/05501-06000/05746-PROOF.pdf
5747,A140917,PROOF,planepartition-box,papers/05501-06000/05747-PROOF.pdf
5748,A207428,PROOF,transfer-matrix,papers/05501-06000/05748-PROOF.pdf
5749,A183318,PROOF,parity-difference,papers/05501-06000/05749-PROOF.pdf
5750,A303799,PROOF,transfer-matrix,papers/05501-06000/05750-PROOF.pdf
5751,A318544,PROOF,transfer-matrix,papers/05501-06000/05751-PROOF.pdf
5752,A302638,PROOF,transfer-matrix,papers/05501-06000/05752-PROOF.pdf
5753,A202120,PROOF,window-condition,papers/05501-06000/05753-PROOF.pdf
5754,A204036,PROOF,matrix-subblock,papers/05501-06000/05754-PROOF.pdf
5755,A207216,PROOF,pattern-avoidance,papers/05501-06000/05755-PROOF.pdf
5756,A207984,PROOF,transfer-matrix,papers/05501-06000/05756-PROOF.pdf
5757,A206874,PROOF,transfer-matrix,papers/05501-06000/05757-PROOF.pdf
5758,A208167,PROOF,transfer-matrix,papers/05501-06000/05758-PROOF.pdf
5759,A207091,PROOF,transfer-matrix,papers/05501-06000/05759-PROOF.pdf
5760,A282965,PROOF,neighbour-set,papers/05501-06000/05760-PROOF.pdf
5761,A210295,PROOF,transfer-matrix,papers/05501-06000/05761-PROOF.pdf
5762,A298715,PROOF,transfer-matrix,papers/05501-06000/05762-PROOF.pdf
5763,A298830,PROOF,transfer-matrix,papers/05501-06000/05763-PROOF.pdf
5764,A304259,PROOF,transfer-matrix,papers/05501-06000/05764-PROOF.pdf
5765,A305448,PROOF,transfer-matrix,papers/05501-06000/05765-PROOF.pdf
5766,A236879,PROOF,transfer-matrix,papers/05501-06000/05766-PROOF.pdf
5767,A140922,PROOF,planepartition-box,papers/05501-06000/05767-PROOF.pdf
5768,A251190,PROOF,monotone-statistic,papers/05501-06000/05768-PROOF.pdf
5769,A255789,PROOF,subblock-3x3,papers/05501-06000/05769-PROOF.pdf
5770,A204880,PROOF,transfer-matrix,papers/05501-06000/05770-PROOF.pdf
5771,A252327,PROOF,subblock-3x3,papers/05501-06000/05771-PROOF.pdf
5772,A305338,PROOF,transfer-matrix,papers/05501-06000/05772-PROOF.pdf
5773,A207285,PROOF,pattern-avoidance,papers/05501-06000/05773-PROOF.pdf
5774,A235207,PROOF,transfer-matrix,papers/05501-06000/05774-PROOF.pdf
5775,A235909,PROOF,transfer-matrix,papers/05501-06000/05775-PROOF.pdf
5776,A303621,PROOF,transfer-matrix,papers/05501-06000/05776-PROOF.pdf
5777,A207268,PROOF,transfer-matrix,papers/05501-06000/05777-PROOF.pdf
5778,A236776,PROOF,transfer-matrix,papers/05501-06000/05778-PROOF.pdf
5779,A297955,PROOF,transfer-matrix,papers/05501-06000/05779-PROOF.pdf
5780,A298066,PROOF,transfer-matrix,papers/05501-06000/05780-PROOF.pdf
5781,A298217,PROOF,transfer-matrix,papers/05501-06000/05781-PROOF.pdf
5782,A299310,PROOF,transfer-matrix,papers/05501-06000/05782-PROOF.pdf
5783,A299447,PROOF,transfer-matrix,papers/05501-06000/05783-PROOF.pdf
5784,A301537,PROOF,transfer-matrix,papers/05501-06000/05784-PROOF.pdf
5785,A303018,PROOF,transfer-matrix,papers/05501-06000/05785-PROOF.pdf
5786,A316214,PROOF,transfer-matrix,papers/05501-06000/05786-PROOF.pdf
5787,A202417,PROOF,local-array-condition,papers/05501-06000/05787-PROOF.pdf
5788,A196143,PROOF,transfer-matrix,papers/05501-06000/05788-PROOF.pdf
5789,A207313,PROOF,pattern-avoidance,papers/05501-06000/05789-PROOF.pdf
5790,A252150,PROOF,subblock-3x3,papers/05501-06000/05790-PROOF.pdf
5791,A252212,PROOF,subblock-3x3,papers/05501-06000/05791-PROOF.pdf
5792,A252507,PROOF,subblock-3x3,papers/05501-06000/05792-PROOF.pdf
5793,A252616,PROOF,subblock-3x3,papers/05501-06000/05793-PROOF.pdf
5794,A235243,PROOF,transfer-matrix,papers/05501-06000/05794-PROOF.pdf
5795,A197163,PROOF,transfer-matrix,papers/05501-06000/05795-PROOF.pdf
5796,A298097,PROOF,transfer-matrix,papers/05501-06000/05796-PROOF.pdf
5797,A298899,PROOF,transfer-matrix,papers/05501-06000/05797-PROOF.pdf
5798,A317899,PROOF,transfer-matrix,papers/05501-06000/05798-PROOF.pdf
5799,A318013,PROOF,transfer-matrix,papers/05501-06000/05799-PROOF.pdf
5800,A232025,PROOF,transfer-matrix,papers/05501-06000/05800-PROOF.pdf
5801,A207491,PROOF,transfer-matrix,papers/05501-06000/05801-PROOF.pdf
5802,A207771,PROOF,transfer-matrix,papers/05501-06000/05802-PROOF.pdf
5803,A231540,PROOF,transfer-matrix,papers/05501-06000/05803-PROOF.pdf
5804,A297317,PROOF,transfer-matrix,papers/05501-06000/05804-PROOF.pdf
5805,A299678,PROOF,transfer-matrix,papers/05501-06000/05805-PROOF.pdf
5806,A302214,PROOF,transfer-matrix,papers/05501-06000/05806-PROOF.pdf
5807,A302312,PROOF,transfer-matrix,papers/05501-06000/05807-PROOF.pdf
5808,A303042,PROOF,transfer-matrix,papers/05501-06000/05808-PROOF.pdf
5809,A316879,PROOF,transfer-matrix,papers/05501-06000/05809-PROOF.pdf
5810,A317607,PROOF,transfer-matrix,papers/05501-06000/05810-PROOF.pdf
5811,A235977,PROOF,transfer-matrix,papers/05501-06000/05811-PROOF.pdf
5812,A252643,PROOF,subblock-3x3,papers/05501-06000/05812-PROOF.pdf
5813,A252330,PROOF,subblock-3x3,papers/05501-06000/05813-PROOF.pdf
5814,A252644,PROOF,subblock-3x3,papers/05501-06000/05814-PROOF.pdf
5815,A251785,PROOF,subblock-line-sum,papers/05501-06000/05815-PROOF.pdf
5816,A252642,PROOF,subblock-3x3,papers/05501-06000/05816-PROOF.pdf
5817,A253403,PROOF,subblock-statistic-neighbour,papers/05501-06000/05817-PROOF.pdf
5818,A202600,PROOF,pattern-avoidance,papers/05501-06000/05818-PROOF.pdf
5819,A238067,PROOF,subblock-difference,papers/05501-06000/05819-PROOF.pdf
5820,A238076,PROOF,subblock-difference,papers/05501-06000/05820-PROOF.pdf
5821,A232364,PROOF,transfer-matrix,papers/05501-06000/05821-PROOF.pdf
5822,A188848,PROOF,transfer-matrix,papers/05501-06000/05822-PROOF.pdf
5823,A252298,PROOF,subblock-3x3,papers/05501-06000/05823-PROOF.pdf
5824,A305480,PROOF,transfer-matrix,papers/05501-06000/05824-PROOF.pdf
5825,A220593,PROOF,reciprocal-link,papers/05501-06000/05825-PROOF.pdf
5826,A220729,PROOF,reciprocal-link,papers/05501-06000/05826-PROOF.pdf
5827,A238050,PROOF,subblock-difference,papers/05501-06000/05827-PROOF.pdf
5828,A202314,PROOF,pattern-avoidance,papers/05501-06000/05828-PROOF.pdf
5829,A237562,PROOF,subblock-difference,papers/05501-06000/05829-PROOF.pdf
5830,A297227,PROOF,transfer-matrix,papers/05501-06000/05830-PROOF.pdf
5831,A250947,PROOF,transfer-matrix,papers/05501-06000/05831-PROOF.pdf
5832,A207843,PROOF,transfer-matrix,papers/05501-06000/05832-PROOF.pdf
5833,A207513,PROOF,transfer-matrix,papers/05501-06000/05833-PROOF.pdf
5834,A251040,PROOF,transfer-matrix,papers/05501-06000/05834-PROOF.pdf
5835,A298135,PROOF,transfer-matrix,papers/05501-06000/05835-PROOF.pdf
5836,A298926,PROOF,transfer-matrix,papers/05501-06000/05836-PROOF.pdf
5837,A301527,PROOF,transfer-matrix,papers/05501-06000/05837-PROOF.pdf
5838,A302305,PROOF,transfer-matrix,papers/05501-06000/05838-PROOF.pdf
5839,A302879,PROOF,transfer-matrix,papers/05501-06000/05839-PROOF.pdf
5840,A140929,PROOF,planepartition-box,papers/05501-06000/05840-PROOF.pdf
5841,A252061,PROOF,subblock-3x3,papers/05501-06000/05841-PROOF.pdf
5842,A185987,PROOF,transfer-matrix,papers/05501-06000/05842-PROOF.pdf
5843,A189063,PROOF,transfer-matrix,papers/05501-06000/05843-PROOF.pdf
5844,A260541,PROOF,subblock-3x3,papers/05501-06000/05844-PROOF.pdf
5845,A260838,PROOF,subblock-3x3,papers/05501-06000/05845-PROOF.pdf
5846,A196539,PROOF,transfer-matrix,papers/05501-06000/05846-PROOF.pdf
5847,A205052,PROOF,edge-count,papers/05501-06000/05847-PROOF.pdf
5848,A251916,PROOF,subblock-line-sum,papers/05501-06000/05848-PROOF.pdf
5849,A252046,PROOF,subblock-line-sum,papers/05501-06000/05849-PROOF.pdf
5850,A254974,PROOF,subblock-3x3,papers/05501-06000/05850-PROOF.pdf
5851,A297436,PROOF,transfer-matrix,papers/05501-06000/05851-PROOF.pdf
5852,A326102,PROOF,transfer-matrix,papers/05501-06000/05852-PROOF.pdf
5853,A236889,PROOF,transfer-matrix,papers/05501-06000/05853-PROOF.pdf
5854,A237335,PROOF,transfer-matrix,papers/05501-06000/05854-PROOF.pdf
5855,A204719,PROOF,matrix-subblock,papers/05501-06000/05855-PROOF.pdf
5856,A207783,PROOF,transfer-matrix,papers/05501-06000/05856-PROOF.pdf
5857,A300085,PROOF,transfer-matrix,papers/05501-06000/05857-PROOF.pdf
5858,A235219,PROOF,transfer-matrix,papers/05501-06000/05858-PROOF.pdf
5859,A235780,PROOF,transfer-matrix,papers/05501-06000/05859-PROOF.pdf
5860,A204404,PROOF,subblock-3x3,papers/05501-06000/05860-PROOF.pdf
5861,A204497,PROOF,subblock-3x3,papers/05501-06000/05861-PROOF.pdf
5862,A261291,PROOF,subblock-3x3,papers/05501-06000/05862-PROOF.pdf
5863,A252315,PROOF,subblock-3x3,papers/05501-06000/05863-PROOF.pdf
5864,A259998,PROOF,subblock-3x3,papers/05501-06000/05864-PROOF.pdf
5865,A196978,PROOF,transfer-matrix,papers/05501-06000/05865-PROOF.pdf
5866,A206934,PROOF,transfer-matrix,papers/05501-06000/05866-PROOF.pdf
5867,A220599,PROOF,reciprocal-link,papers/05501-06000/05867-PROOF.pdf
5868,A197075,PROOF,transfer-matrix,papers/05501-06000/05868-PROOF.pdf
5869,A298632,PROOF,transfer-matrix,papers/05501-06000/05869-PROOF.pdf
5870,A300469,PROOF,transfer-matrix,papers/05501-06000/05870-PROOF.pdf
5871,A207353,PROOF,transfer-matrix,papers/05501-06000/05871-PROOF.pdf
5872,A207931,PROOF,transfer-matrix,papers/05501-06000/05872-PROOF.pdf
5873,A237213,PROOF,transfer-matrix,papers/05501-06000/05873-PROOF.pdf
5874,A298504,PROOF,transfer-matrix,papers/05501-06000/05874-PROOF.pdf
5875,A298723,PROOF,transfer-matrix,papers/05501-06000/05875-PROOF.pdf
5876,A298891,PROOF,transfer-matrix,papers/05501-06000/05876-PROOF.pdf
5877,A303527,PROOF,transfer-matrix,papers/05501-06000/05877-PROOF.pdf
5878,A318419,PROOF,transfer-matrix,papers/05501-06000/05878-PROOF.pdf
5879,A207663,PROOF,transfer-matrix,papers/05501-06000/05879-PROOF.pdf
5880,A254505,PROOF,monotone-subblock,papers/05501-06000/05880-PROOF.pdf
5881,A207073,PROOF,transfer-matrix,papers/05501-06000/05881-PROOF.pdf
5882,A208365,PROOF,transfer-matrix,papers/05501-06000/05882-PROOF.pdf
5883,A252100,PROOF,subblock-3x3,papers/05501-06000/05883-PROOF.pdf
5884,A260282,PROOF,subblock-3x3,papers/05501-06000/05884-PROOF.pdf
5885,A196326,PROOF,transfer-matrix,papers/05501-06000/05885-PROOF.pdf
5886,A279868,PROOF,transfer-matrix,papers/05501-06000/05886-PROOF.pdf
5887,A220637,PROOF,reciprocal-link,papers/05501-06000/05887-PROOF.pdf
5888,A260102,PROOF,subblock-3x3,papers/05501-06000/05888-PROOF.pdf
5889,A297580,PROOF,transfer-matrix,papers/05501-06000/05889-PROOF.pdf
5890,A235253,PROOF,transfer-matrix,papers/05501-06000/05890-PROOF.pdf
5891,A188995,PROOF,transfer-matrix,papers/05501-06000/05891-PROOF.pdf
5892,A189192,PROOF,transfer-matrix,papers/05501-06000/05892-PROOF.pdf
5893,A231658,PROOF,transfer-matrix,papers/05501-06000/05893-PROOF.pdf
5894,A207788,PROOF,transfer-matrix,papers/05501-06000/05894-PROOF.pdf
5895,A207498,PROOF,transfer-matrix,papers/05501-06000/05895-PROOF.pdf
5896,A296584,PROOF,transfer-matrix,papers/05501-06000/05896-PROOF.pdf
5897,A297939,PROOF,transfer-matrix,papers/05501-06000/05897-PROOF.pdf
5898,A298083,PROOF,transfer-matrix,papers/05501-06000/05898-PROOF.pdf
5899,A302325,PROOF,transfer-matrix,papers/05501-06000/05899-PROOF.pdf
5900,A304054,PROOF,transfer-matrix,papers/05501-06000/05900-PROOF.pdf
5901,A304306,PROOF,transfer-matrix,papers/05501-06000/05901-PROOF.pdf
5902,A304343,PROOF,transfer-matrix,papers/05501-06000/05902-PROOF.pdf
5903,A305589,PROOF,transfer-matrix,papers/05501-06000/05903-PROOF.pdf
5904,A305772,PROOF,transfer-matrix,papers/05501-06000/05904-PROOF.pdf
5905,A316205,PROOF,transfer-matrix,papers/05501-06000/05905-PROOF.pdf
5906,A317007,PROOF,transfer-matrix,papers/05501-06000/05906-PROOF.pdf
5907,A317121,PROOF,transfer-matrix,papers/05501-06000/05907-PROOF.pdf
5908,A317600,PROOF,transfer-matrix,papers/05501-06000/05908-PROOF.pdf
5909,A260014,PROOF,subblock-3x3,papers/05501-06000/05909-PROOF.pdf
5910,A264168,PROOF,transfer-matrix,papers/05501-06000/05910-PROOF.pdf
5911,A264287,PROOF,transfer-matrix,papers/05501-06000/05911-PROOF.pdf
5912,A250441,PROOF,monotone-statistic,papers/05501-06000/05912-PROOF.pdf
5913,A208714,PROOF,transfer-matrix,papers/05501-06000/05913-PROOF.pdf
5914,A317739,PROOF,transfer-matrix,papers/05501-06000/05914-PROOF.pdf
5915,A318073,PROOF,transfer-matrix,papers/05501-06000/05915-PROOF.pdf
5916,A253402,PROOF,subblock-statistic-neighbour,papers/05501-06000/05916-PROOF.pdf
5917,A237467,PROOF,subblock-difference,papers/05501-06000/05917-PROOF.pdf
5918,A205091,PROOF,edge-count,papers/05501-06000/05918-PROOF.pdf
5919,A188759,PROOF,transfer-matrix,papers/05501-06000/05919-PROOF.pdf
5920,A207761,PROOF,transfer-matrix,papers/05501-06000/05920-PROOF.pdf
5921,A234212,PROOF,transfer-matrix,papers/05501-06000/05921-PROOF.pdf
5922,A283953,PROOF,neighbour-set,papers/05501-06000/05922-PROOF.pdf
5923,A205905,PROOF,edge-count,papers/05501-06000/05923-PROOF.pdf
5924,A300111,PROOF,transfer-matrix,papers/05501-06000/05924-PROOF.pdf
5925,A300772,PROOF,transfer-matrix,papers/05501-06000/05925-PROOF.pdf
5926,A302873,PROOF,transfer-matrix,papers/05501-06000/05926-PROOF.pdf
5927,A303080,PROOF,transfer-matrix,papers/05501-06000/05927-PROOF.pdf
5928,A316872,PROOF,transfer-matrix,papers/05501-06000/05928-PROOF.pdf
5929,A320360,PROOF,transfer-matrix,papers/05501-06000/05929-PROOF.pdf
5930,A247530,PROOF,window-condition,papers/05501-06000/05930-PROOF.pdf
5931,A140916,PROOF,planepartition-box,papers/05501-06000/05931-PROOF.pdf
5932,A250366,PROOF,window-condition,papers/05501-06000/05932-PROOF.pdf
5933,A261264,PROOF,subblock-3x3,papers/05501-06000/05933-PROOF.pdf
5934,A204345,PROOF,transfer-matrix,papers/05501-06000/05934-PROOF.pdf
5935,A297394,PROOF,transfer-matrix,papers/05501-06000/05935-PROOF.pdf
5936,A232427,PROOF,transfer-matrix,papers/05501-06000/05936-PROOF.pdf
5937,A183390,PROOF,king-move,papers/05501-06000/05937-PROOF.pdf
5938,A297455,PROOF,transfer-matrix,papers/05501-06000/05938-PROOF.pdf
5939,A281607,PROOF,transfer-matrix,papers/05501-06000/05939-PROOF.pdf
5940,A196908,PROOF,transfer-matrix,papers/05501-06000/05940-PROOF.pdf
5941,A205762,PROOF,edge-count,papers/05501-06000/05941-PROOF.pdf
5942,A189692,PROOF,transfer-matrix,papers/05501-06000/05942-PROOF.pdf
5943,A295940,PROOF,transfer-matrix,papers/05501-06000/05943-PROOF.pdf
5944,A296016,PROOF,transfer-matrix,papers/05501-06000/05944-PROOF.pdf
5945,A296036,PROOF,transfer-matrix,papers/05501-06000/05945-PROOF.pdf
5946,A297604,PROOF,transfer-matrix,papers/05501-06000/05946-PROOF.pdf
5947,A253734,PROOF,subblock-statistic-neighbour,papers/05501-06000/05947-PROOF.pdf
5948,A254769,PROOF,monotone-subblock,papers/05501-06000/05948-PROOF.pdf
5949,A207715,PROOF,transfer-matrix,papers/05501-06000/05949-PROOF.pdf
5950,A186798,PROOF,commuting-subblock,papers/05501-06000/05950-PROOF.pdf
5951,A203383,PROOF,neighbour-set,papers/05501-06000/05951-PROOF.pdf
5952,A207440,PROOF,transfer-matrix,papers/05501-06000/05952-PROOF.pdf
5953,A224744,PROOF,transfer-matrix,papers/05501-06000/05953-PROOF.pdf
5954,A234755,PROOF,transfer-matrix,papers/05501-06000/05954-PROOF.pdf
5955,A188705,PROOF,transfer-matrix,papers/05501-06000/05955-PROOF.pdf
5956,A205174,PROOF,matrix-subblock,papers/05501-06000/05956-PROOF.pdf
5957,A207126,PROOF,transfer-matrix,papers/05501-06000/05957-PROOF.pdf
5958,A297804,PROOF,transfer-matrix,papers/05501-06000/05958-PROOF.pdf
5959,A299048,PROOF,transfer-matrix,papers/05501-06000/05959-PROOF.pdf
5960,A299810,PROOF,transfer-matrix,papers/05501-06000/05960-PROOF.pdf
5961,A300310,PROOF,transfer-matrix,papers/05501-06000/05961-PROOF.pdf
5962,A303321,PROOF,transfer-matrix,papers/05501-06000/05962-PROOF.pdf
5963,A250008,PROOF,window-condition,papers/05501-06000/05963-PROOF.pdf
5964,A207030,PROOF,transfer-matrix,papers/05501-06000/05964-PROOF.pdf
5965,A235845,PROOF,transfer-matrix,papers/05501-06000/05965-PROOF.pdf
5966,A140937,PROOF,planepartition-box,papers/05501-06000/05966-PROOF.pdf
5967,A252438,PROOF,subblock-3x3,papers/05501-06000/05967-PROOF.pdf
5968,A252412,PROOF,subblock-3x3,papers/05501-06000/05968-PROOF.pdf
5969,A252554,PROOF,subblock-3x3,papers/05501-06000/05969-PROOF.pdf
5970,A252570,PROOF,subblock-3x3,papers/05501-06000/05970-PROOF.pdf
5971,A255090,PROOF,subblock-3x3,papers/05501-06000/05971-PROOF.pdf
5972,A260926,PROOF,subblock-3x3,papers/05501-06000/05972-PROOF.pdf
5973,A261379,PROOF,subblock-3x3,papers/05501-06000/05973-PROOF.pdf
5974,A252619,PROOF,subblock-3x3,papers/05501-06000/05974-PROOF.pdf
5975,A203795,PROOF,transfer-matrix,papers/05501-06000/05975-PROOF.pdf
5976,A253844,PROOF,monotone-subblock,papers/05501-06000/05976-PROOF.pdf
5977,A253931,PROOF,monotone-subblock,papers/05501-06000/05977-PROOF.pdf
5978,A223462,PROOF,transfer-matrix,papers/05501-06000/05978-PROOF.pdf
5979,A203834,PROOF,transfer-matrix,papers/05501-06000/05979-PROOF.pdf
5980,A252551,PROOF,subblock-3x3,papers/05501-06000/05980-PROOF.pdf
5981,A252567,PROOF,subblock-3x3,papers/05501-06000/05981-PROOF.pdf
5982,A260173,PROOF,subblock-3x3,papers/05501-06000/05982-PROOF.pdf
5983,A302633,PROOF,transfer-matrix,papers/05501-06000/05983-PROOF.pdf
5984,A280402,PROOF,transfer-matrix,papers/05501-06000/05984-PROOF.pdf
5985,A183350,PROOF,adjacency-precedence,papers/05501-06000/05985-PROOF.pdf
5986,A251000,PROOF,monotone-statistic,papers/05501-06000/05986-PROOF.pdf
5987,A196333,PROOF,transfer-matrix,papers/05501-06000/05987-PROOF.pdf
5988,A280957,PROOF,transfer-matrix,papers/05501-06000/05988-PROOF.pdf
5989,A234917,PROOF,transfer-matrix,papers/05501-06000/05989-PROOF.pdf
5990,A232080,PROOF,transfer-matrix,papers/05501-06000/05990-PROOF.pdf
5991,A297516,PROOF,transfer-matrix,papers/05501-06000/05991-PROOF.pdf
5992,A297541,PROOF,transfer-matrix,papers/05501-06000/05992-PROOF.pdf
5993,A305249,PROOF,transfer-matrix,papers/05501-06000/05993-PROOF.pdf
5994,A254477,PROOF,monotone-subblock,papers/05501-06000/05994-PROOF.pdf
5995,A254554,PROOF,monotone-subblock,papers/05501-06000/05995-PROOF.pdf
5996,A254236,PROOF,monotone-subblock,papers/05501-06000/05996-PROOF.pdf
5997,A257427,PROOF,monotone-subblock,papers/05501-06000/05997-PROOF.pdf
5998,A207196,PROOF,pattern-avoidance,papers/05501-06000/05998-PROOF.pdf
5999,A207512,PROOF,transfer-matrix,papers/05501-06000/05999-PROOF.pdf
6000,A255777,PROOF,subblock-3x3,papers/05501-06000/06000-PROOF.pdf
6001,A302227,PROOF,transfer-matrix,papers/06001-06500/06001-PROOF.pdf
6002,A305645,PROOF,transfer-matrix,papers/06001-06500/06002-PROOF.pdf
6003,A317892,PROOF,transfer-matrix,papers/06001-06500/06003-PROOF.pdf
6004,A207272,PROOF,transfer-matrix,papers/06001-06500/06004-PROOF.pdf
6005,A237103,PROOF,transfer-matrix,papers/06001-06500/06005-PROOF.pdf
6006,A206890,PROOF,transfer-matrix,papers/06001-06500/06006-PROOF.pdf
6007,A202610,PROOF,pattern-avoidance,papers/06001-06500/06007-PROOF.pdf
6008,A140921,PROOF,planepartition-box,papers/06001-06500/06008-PROOF.pdf
6009,A240481,PROOF,neighbour-reach,papers/06001-06500/06009-PROOF.pdf
6010,A260979,PROOF,subblock-3x3,papers/06001-06500/06010-PROOF.pdf
6011,A251994,PROOF,subblock-line-sum,papers/06001-06500/06011-PROOF.pdf
6012,A252142,PROOF,subblock-3x3,papers/06001-06500/06012-PROOF.pdf
6013,A250594,PROOF,monotone-statistic,papers/06001-06500/06013-PROOF.pdf
6014,A203186,PROOF,transfer-matrix,papers/06001-06500/06014-PROOF.pdf
6015,A232672,PROOF,transfer-matrix,papers/06001-06500/06015-PROOF.pdf
6016,A229843,PROOF,transfer-matrix,papers/06001-06500/06016-PROOF.pdf
6017,A253843,PROOF,monotone-subblock,papers/06001-06500/06017-PROOF.pdf
6018,A253930,PROOF,monotone-subblock,papers/06001-06500/06018-PROOF.pdf
6019,A206646,PROOF,forbidden-run,papers/06001-06500/06019-PROOF.pdf
6020,A197276,PROOF,transfer-matrix,papers/06001-06500/06020-PROOF.pdf
6021,A197446,PROOF,transfer-matrix,papers/06001-06500/06021-PROOF.pdf
6022,A197360,PROOF,transfer-matrix,papers/06001-06500/06022-PROOF.pdf
6023,A207681,PROOF,transfer-matrix,papers/06001-06500/06023-PROOF.pdf
6024,A207906,PROOF,transfer-matrix,papers/06001-06500/06024-PROOF.pdf
6025,A235445,PROOF,transfer-matrix,papers/06001-06500/06025-PROOF.pdf
6026,A253795,PROOF,monotone-subblock,papers/06001-06500/06026-PROOF.pdf
6027,A254190,PROOF,monotone-subblock,papers/06001-06500/06027-PROOF.pdf
6028,A188503,PROOF,transfer-matrix,papers/06001-06500/06028-PROOF.pdf
6029,A298129,PROOF,transfer-matrix,papers/06001-06500/06029-PROOF.pdf
6030,A298255,PROOF,transfer-matrix,papers/06001-06500/06030-PROOF.pdf
6031,A298450,PROOF,transfer-matrix,papers/06001-06500/06031-PROOF.pdf
6032,A299524,PROOF,transfer-matrix,papers/06001-06500/06032-PROOF.pdf
6033,A302071,PROOF,transfer-matrix,papers/06001-06500/06033-PROOF.pdf
6034,A318426,PROOF,transfer-matrix,papers/06001-06500/06034-PROOF.pdf
6035,A208161,PROOF,transfer-matrix,papers/06001-06500/06035-PROOF.pdf
6036,A252126,PROOF,subblock-3x3,papers/06001-06500/06036-PROOF.pdf
6037,A259720,PROOF,subblock-3x3,papers/06001-06500/06037-PROOF.pdf
6038,A256806,PROOF,subblock-3x3,papers/06001-06500/06038-PROOF.pdf
6039,A260763,PROOF,subblock-3x3,papers/06001-06500/06039-PROOF.pdf
6040,A254917,PROOF,monotone-subblock,papers/06001-06500/06040-PROOF.pdf
6041,A258532,PROOF,monotone-subblock,papers/06001-06500/06041-PROOF.pdf
6042,A197644,PROOF,transfer-matrix,papers/06001-06500/06042-PROOF.pdf
6043,A305689,PROOF,transfer-matrix,papers/06001-06500/06043-PROOF.pdf
6044,A317069,PROOF,transfer-matrix,papers/06001-06500/06044-PROOF.pdf
6045,A254547,PROOF,monotone-subblock,papers/06001-06500/06045-PROOF.pdf
6046,A232283,PROOF,transfer-matrix,papers/06001-06500/06046-PROOF.pdf
6047,A233880,PROOF,transfer-matrix,papers/06001-06500/06047-PROOF.pdf
6048,A234772,PROOF,transfer-matrix,papers/06001-06500/06048-PROOF.pdf
6049,A207486,PROOF,transfer-matrix,papers/06001-06500/06049-PROOF.pdf
6050,A189066,PROOF,transfer-matrix,papers/06001-06500/06050-PROOF.pdf
6051,A296401,PROOF,transfer-matrix,papers/06001-06500/06051-PROOF.pdf
6052,A297752,PROOF,transfer-matrix,papers/06001-06500/06052-PROOF.pdf
6053,A297765,PROOF,transfer-matrix,papers/06001-06500/06053-PROOF.pdf
6054,A297872,PROOF,transfer-matrix,papers/06001-06500/06054-PROOF.pdf
6055,A300461,PROOF,transfer-matrix,papers/06001-06500/06055-PROOF.pdf
6056,A317039,PROOF,transfer-matrix,papers/06001-06500/06056-PROOF.pdf
6057,A317693,PROOF,transfer-matrix,papers/06001-06500/06057-PROOF.pdf
6058,A251109,PROOF,transfer-matrix,papers/06001-06500/06058-PROOF.pdf
6059,A202401,PROOF,pattern-avoidance,papers/06001-06500/06059-PROOF.pdf
6060,A207855,PROOF,transfer-matrix,papers/06001-06500/06060-PROOF.pdf
6061,A208074,PROOF,transfer-matrix,papers/06001-06500/06061-PROOF.pdf
6062,A252674,PROOF,subblock-3x3,papers/06001-06500/06062-PROOF.pdf
6063,A302628,PROOF,transfer-matrix,papers/06001-06500/06063-PROOF.pdf
6064,A254563,PROOF,monotone-subblock,papers/06001-06500/06064-PROOF.pdf
6065,A197541,PROOF,transfer-matrix,papers/06001-06500/06065-PROOF.pdf
6066,A248985,PROOF,window-condition,papers/06001-06500/06066-PROOF.pdf
6067,A207563,PROOF,transfer-matrix,papers/06001-06500/06067-PROOF.pdf
6068,A282477,PROOF,king-move,papers/06001-06500/06068-PROOF.pdf
6069,A203088,PROOF,pattern-avoidance,papers/06001-06500/06069-PROOF.pdf
6070,A284071,PROOF,neighbour-set,papers/06001-06500/06070-PROOF.pdf
6071,A250991,PROOF,transfer-matrix,papers/06001-06500/06071-PROOF.pdf
6072,A283228,PROOF,neighbour-set,papers/06001-06500/06072-PROOF.pdf
6073,A254183,PROOF,monotone-subblock,papers/06001-06500/06073-PROOF.pdf
6074,A202587,PROOF,pattern-avoidance,papers/06001-06500/06074-PROOF.pdf
6075,A207888,PROOF,transfer-matrix,papers/06001-06500/06075-PROOF.pdf
6076,A206880,PROOF,transfer-matrix,papers/06001-06500/06076-PROOF.pdf
6077,A206663,PROOF,clockwise-perimeter,papers/06001-06500/06077-PROOF.pdf
6078,A205938,PROOF,clockwise-perimeter,papers/06001-06500/06078-PROOF.pdf
6079,A205033,PROOF,matrix-subblock,papers/06001-06500/06079-PROOF.pdf
6080,A251162,PROOF,transfer-matrix,papers/06001-06500/06080-PROOF.pdf
6081,A296959,PROOF,transfer-matrix,papers/06001-06500/06081-PROOF.pdf
6082,A297723,PROOF,transfer-matrix,papers/06001-06500/06082-PROOF.pdf
6083,A298497,PROOF,transfer-matrix,papers/06001-06500/06083-PROOF.pdf
6084,A302891,PROOF,transfer-matrix,papers/06001-06500/06084-PROOF.pdf
6085,A316921,PROOF,transfer-matrix,papers/06001-06500/06085-PROOF.pdf
6086,A263376,PROOF,transfer-matrix,papers/06001-06500/06086-PROOF.pdf
6087,A252348,PROOF,subblock-3x3,papers/06001-06500/06087-PROOF.pdf
6088,A188873,PROOF,transfer-matrix,papers/06001-06500/06088-PROOF.pdf
6089,A260473,PROOF,subblock-3x3,papers/06001-06500/06089-PROOF.pdf
6090,A254564,PROOF,monotone-subblock,papers/06001-06500/06090-PROOF.pdf
6091,A302520,PROOF,transfer-matrix,papers/06001-06500/06091-PROOF.pdf
6092,A231954,PROOF,transfer-matrix,papers/06001-06500/06092-PROOF.pdf
6093,A232073,PROOF,cell-condition,papers/06001-06500/06093-PROOF.pdf
6094,A202776,PROOF,pattern-avoidance,papers/06001-06500/06094-PROOF.pdf
6095,A238041,PROOF,subblock-difference,papers/06001-06500/06095-PROOF.pdf
6096,A237774,PROOF,subblock-difference,papers/06001-06500/06096-PROOF.pdf
6097,A296310,PROOF,transfer-matrix,papers/06001-06500/06097-PROOF.pdf
6098,A255037,PROOF,monotone-subblock,papers/06001-06500/06098-PROOF.pdf
6099,A256948,PROOF,monotone-subblock,papers/06001-06500/06099-PROOF.pdf
6100,A206985,PROOF,pattern-avoidance,papers/06001-06500/06100-PROOF.pdf
6101,A205929,PROOF,clockwise-perimeter,papers/06001-06500/06101-PROOF.pdf
6102,A236130,PROOF,transfer-matrix,papers/06001-06500/06102-PROOF.pdf
6103,A296574,PROOF,transfer-matrix,papers/06001-06500/06103-PROOF.pdf
6104,A296830,PROOF,transfer-matrix,papers/06001-06500/06104-PROOF.pdf
6105,A297911,PROOF,transfer-matrix,papers/06001-06500/06105-PROOF.pdf
6106,A302363,PROOF,transfer-matrix,papers/06001-06500/06106-PROOF.pdf
6107,A304593,PROOF,transfer-matrix,papers/06001-06500/06107-PROOF.pdf
6108,A306139,PROOF,transfer-matrix,papers/06001-06500/06108-PROOF.pdf
6109,A316379,PROOF,transfer-matrix,papers/06001-06500/06109-PROOF.pdf
6110,A317372,PROOF,transfer-matrix,papers/06001-06500/06110-PROOF.pdf
6111,A207915,PROOF,transfer-matrix,papers/06001-06500/06111-PROOF.pdf
6112,A230704,PROOF,white-squares,papers/06001-06500/06112-PROOF.pdf
6113,A254991,PROOF,monotone-subblock,papers/06001-06500/06113-PROOF.pdf
6114,A140928,PROOF,planepartition-box,papers/06001-06500/06114-PROOF.pdf
6115,A240652,PROOF,neighbour-condition,papers/06001-06500/06115-PROOF.pdf
6116,A252617,PROOF,subblock-3x3,papers/06001-06500/06116-PROOF.pdf
6117,A255156,PROOF,subblock-3x3,papers/06001-06500/06117-PROOF.pdf
6118,A297813,PROOF,transfer-matrix,papers/06001-06500/06118-PROOF.pdf
6119,A252194,PROOF,subblock-3x3,papers/06001-06500/06119-PROOF.pdf
6120,A297599,PROOF,transfer-matrix,papers/06001-06500/06120-PROOF.pdf
6121,A253309,PROOF,subblock-statistic-neighbour,papers/06001-06500/06121-PROOF.pdf
6122,A250568,PROOF,monotone-statistic,papers/06001-06500/06122-PROOF.pdf
6123,A205051,PROOF,edge-count,papers/06001-06500/06123-PROOF.pdf
6124,A197246,PROOF,transfer-matrix,papers/06001-06500/06124-PROOF.pdf
6125,A231973,PROOF,neighbour-set,papers/06001-06500/06125-PROOF.pdf
6126,A188906,PROOF,transfer-matrix,papers/06001-06500/06126-PROOF.pdf
6127,A295048,PROOF,transfer-matrix,papers/06001-06500/06127-PROOF.pdf
6128,A297820,PROOF,transfer-matrix,papers/06001-06500/06128-PROOF.pdf
6129,A229929,PROOF,transfer-matrix,papers/06001-06500/06129-PROOF.pdf
6130,A250589,PROOF,monotone-statistic,papers/06001-06500/06130-PROOF.pdf
6131,A250637,PROOF,monotone-statistic,papers/06001-06500/06131-PROOF.pdf
6132,A254355,PROOF,monotone-subblock,papers/06001-06500/06132-PROOF.pdf
6133,A254587,PROOF,monotone-subblock,papers/06001-06500/06133-PROOF.pdf
6134,A207503,PROOF,transfer-matrix,papers/06001-06500/06134-PROOF.pdf
6135,A207372,PROOF,transfer-matrix,papers/06001-06500/06135-PROOF.pdf
6136,A204035,PROOF,matrix-subblock,papers/06001-06500/06136-PROOF.pdf
6137,A188876,PROOF,transfer-matrix,papers/06001-06500/06137-PROOF.pdf
6138,A189112,PROOF,transfer-matrix,papers/06001-06500/06138-PROOF.pdf
6139,A296392,PROOF,transfer-matrix,papers/06001-06500/06139-PROOF.pdf
6140,A299131,PROOF,transfer-matrix,papers/06001-06500/06140-PROOF.pdf
6141,A299224,PROOF,transfer-matrix,papers/06001-06500/06141-PROOF.pdf
6142,A299889,PROOF,transfer-matrix,papers/06001-06500/06142-PROOF.pdf
6143,A300642,PROOF,transfer-matrix,papers/06001-06500/06143-PROOF.pdf
6144,A302816,PROOF,transfer-matrix,papers/06001-06500/06144-PROOF.pdf
6145,A303471,PROOF,transfer-matrix,papers/06001-06500/06145-PROOF.pdf
6146,A303509,PROOF,transfer-matrix,papers/06001-06500/06146-PROOF.pdf
6147,A304890,PROOF,transfer-matrix,papers/06001-06500/06147-PROOF.pdf
6148,A305950,PROOF,transfer-matrix,papers/06001-06500/06148-PROOF.pdf
6149,A234993,PROOF,transfer-matrix,papers/06001-06500/06149-PROOF.pdf
6150,A207245,PROOF,transfer-matrix,papers/06001-06500/06150-PROOF.pdf
6151,A235785,PROOF,transfer-matrix,papers/06001-06500/06151-PROOF.pdf
6152,A236732,PROOF,transfer-matrix,papers/06001-06500/06152-PROOF.pdf
6153,A207696,PROOF,transfer-matrix,papers/06001-06500/06153-PROOF.pdf
6154,A208041,PROOF,transfer-matrix,papers/06001-06500/06154-PROOF.pdf
6155,A207125,PROOF,transfer-matrix,papers/06001-06500/06155-PROOF.pdf
6156,A207707,PROOF,transfer-matrix,papers/06001-06500/06156-PROOF.pdf
6157,A207463,PROOF,transfer-matrix,papers/06001-06500/06157-PROOF.pdf
6158,A254692,PROOF,window-condition,papers/06001-06500/06158-PROOF.pdf
6159,A140911,PROOF,planepartition-box,papers/06001-06500/06159-PROOF.pdf
6160,A252428,PROOF,subblock-3x3,papers/06001-06500/06160-PROOF.pdf
6161,A261112,PROOF,subblock-3x3,papers/06001-06500/06161-PROOF.pdf
6162,A255089,PROOF,subblock-3x3,papers/06001-06500/06162-PROOF.pdf
6163,A254303,PROOF,monotone-subblock,papers/06001-06500/06163-PROOF.pdf
6164,A250705,PROOF,monotone-statistic,papers/06001-06500/06164-PROOF.pdf
6165,A298182,PROOF,transfer-matrix,papers/06001-06500/06165-PROOF.pdf
6166,A250440,PROOF,monotone-statistic,papers/06001-06500/06166-PROOF.pdf
6167,A281691,PROOF,transfer-matrix,papers/06001-06500/06167-PROOF.pdf
6168,A237969,PROOF,subblock-difference,papers/06001-06500/06168-PROOF.pdf
6169,A196926,PROOF,transfer-matrix,papers/06001-06500/06169-PROOF.pdf
6170,A252672,PROOF,subblock-3x3,papers/06001-06500/06170-PROOF.pdf
6171,A278096,PROOF,transfer-matrix,papers/06001-06500/06171-PROOF.pdf
6172,A195958,PROOF,transfer-matrix,papers/06001-06500/06172-PROOF.pdf
6173,A237540,PROOF,subblock-difference,papers/06001-06500/06173-PROOF.pdf
6174,A254562,PROOF,monotone-subblock,papers/06001-06500/06174-PROOF.pdf
6175,A278205,PROOF,transfer-matrix,papers/06001-06500/06175-PROOF.pdf
6176,A283127,PROOF,neighbour-set,papers/06001-06500/06176-PROOF.pdf
6177,A207884,PROOF,transfer-matrix,papers/06001-06500/06177-PROOF.pdf
6178,A257266,PROOF,transfer-matrix,papers/06001-06500/06178-PROOF.pdf
6179,A185772,PROOF,matrix-subblock,papers/06001-06500/06179-PROOF.pdf
6180,A250139,PROOF,window-condition,papers/06001-06500/06180-PROOF.pdf
6181,A207964,PROOF,transfer-matrix,papers/06001-06500/06181-PROOF.pdf
6182,A207184,PROOF,transfer-matrix,papers/06001-06500/06182-PROOF.pdf
6183,A186554,PROOF,commuting-subblock,papers/06001-06500/06183-PROOF.pdf
6184,A205921,PROOF,edge-count,papers/06001-06500/06184-PROOF.pdf
6185,A207586,PROOF,transfer-matrix,papers/06001-06500/06185-PROOF.pdf
6186,A210151,PROOF,transfer-matrix,papers/06001-06500/06186-PROOF.pdf
6187,A234328,PROOF,transfer-matrix,papers/06001-06500/06187-PROOF.pdf
6188,A236251,PROOF,transfer-matrix,papers/06001-06500/06188-PROOF.pdf
6189,A254561,PROOF,monotone-subblock,papers/06001-06500/06189-PROOF.pdf
6190,A296970,PROOF,transfer-matrix,papers/06001-06500/06190-PROOF.pdf
6191,A297016,PROOF,transfer-matrix,papers/06001-06500/06191-PROOF.pdf
6192,A297903,PROOF,transfer-matrix,papers/06001-06500/06192-PROOF.pdf
6193,A298333,PROOF,transfer-matrix,papers/06001-06500/06193-PROOF.pdf
6194,A298625,PROOF,transfer-matrix,papers/06001-06500/06194-PROOF.pdf
6195,A299598,PROOF,transfer-matrix,papers/06001-06500/06195-PROOF.pdf
6196,A302318,PROOF,transfer-matrix,papers/06001-06500/06196-PROOF.pdf
6197,A302810,PROOF,transfer-matrix,papers/06001-06500/06197-PROOF.pdf
6198,A317811,PROOF,transfer-matrix,papers/06001-06500/06198-PROOF.pdf
6199,A207342,PROOF,transfer-matrix,papers/06001-06500/06199-PROOF.pdf
6200,A240645,PROOF,neighbour-condition,papers/06001-06500/06200-PROOF.pdf
6201,A140915,PROOF,planepartition-box,papers/06001-06500/06201-PROOF.pdf
6202,A240890,PROOF,neighbour-condition,papers/06001-06500/06202-PROOF.pdf
6203,A183831,PROOF,subblock-condition,papers/06001-06500/06203-PROOF.pdf
6204,A251977,PROOF,subblock-line-sum,papers/06001-06500/06204-PROOF.pdf
6205,A252047,PROOF,subblock-line-sum,papers/06001-06500/06205-PROOF.pdf
6206,A258543,PROOF,subblock-line-sum,papers/06001-06500/06206-PROOF.pdf
6207,A252099,PROOF,subblock-3x3,papers/06001-06500/06207-PROOF.pdf
6208,A254264,PROOF,monotone-subblock,papers/06001-06500/06208-PROOF.pdf
6209,A256768,PROOF,subblock-line-sum,papers/06001-06500/06209-PROOF.pdf
6210,A301969,PROOF,transfer-matrix,papers/06001-06500/06210-PROOF.pdf
6211,A196743,PROOF,transfer-matrix,papers/06001-06500/06211-PROOF.pdf
6212,A256767,PROOF,subblock-line-sum,papers/06001-06500/06212-PROOF.pdf
6213,A258541,PROOF,subblock-line-sum,papers/06001-06500/06213-PROOF.pdf
6214,A189698,PROOF,transfer-matrix,papers/06001-06500/06214-PROOF.pdf
6215,A303453,PROOF,transfer-matrix,papers/06001-06500/06215-PROOF.pdf
6216,A257420,PROOF,monotone-subblock,papers/06001-06500/06216-PROOF.pdf
6217,A254169,PROOF,monotone-subblock,papers/06001-06500/06217-PROOF.pdf
6218,A254451,PROOF,monotone-subblock,papers/06001-06500/06218-PROOF.pdf
6219,A254916,PROOF,monotone-subblock,papers/06001-06500/06219-PROOF.pdf
6220,A258531,PROOF,monotone-subblock,papers/06001-06500/06220-PROOF.pdf
6221,A207267,PROOF,transfer-matrix,papers/06001-06500/06221-PROOF.pdf
6222,A297098,PROOF,king-move,papers/06001-06500/06222-PROOF.pdf
6223,A184684,PROOF,matrix-subblock,papers/06001-06500/06223-PROOF.pdf
6224,A207898,PROOF,transfer-matrix,papers/06001-06500/06224-PROOF.pdf
6225,A297862,PROOF,transfer-matrix,papers/06001-06500/06225-PROOF.pdf
6226,A298236,PROOF,transfer-matrix,papers/06001-06500/06226-PROOF.pdf
6227,A300423,PROOF,transfer-matrix,papers/06001-06500/06227-PROOF.pdf
6228,A300685,PROOF,transfer-matrix,papers/06001-06500/06228-PROOF.pdf
6229,A303521,PROOF,transfer-matrix,papers/06001-06500/06229-PROOF.pdf
6230,A304415,PROOF,transfer-matrix,papers/06001-06500/06230-PROOF.pdf
6231,A207116,PROOF,transfer-matrix,papers/06001-06500/06231-PROOF.pdf
6232,A207892,PROOF,transfer-matrix,papers/06001-06500/06232-PROOF.pdf
6233,A237892,PROOF,transfer-matrix,papers/06001-06500/06233-PROOF.pdf
6234,A252028,PROOF,subblock-3x3,papers/06001-06500/06234-PROOF.pdf
6235,A206323,PROOF,transfer-matrix,papers/06001-06500/06235-PROOF.pdf
6236,A253845,PROOF,monotone-subblock,papers/06001-06500/06236-PROOF.pdf
6237,A253932,PROOF,monotone-subblock,papers/06001-06500/06237-PROOF.pdf
6238,A204403,PROOF,subblock-3x3,papers/06001-06500/06238-PROOF.pdf
6239,A204496,PROOF,subblock-3x3,papers/06001-06500/06239-PROOF.pdf
6240,A303319,PROOF,transfer-matrix,papers/06001-06500/06240-PROOF.pdf
6241,A305039,PROOF,transfer-matrix,papers/06001-06500/06241-PROOF.pdf
6242,A316692,PROOF,transfer-matrix,papers/06001-06500/06242-PROOF.pdf
6243,A237856,PROOF,neighbour-set,papers/06001-06500/06243-PROOF.pdf
6244,A250704,PROOF,monotone-statistic,papers/06001-06500/06244-PROOF.pdf
6245,A252466,PROOF,subblock-3x3,papers/06001-06500/06245-PROOF.pdf
6246,A255097,PROOF,subblock-3x3,papers/06001-06500/06246-PROOF.pdf
6247,A304773,PROOF,transfer-matrix,papers/06001-06500/06247-PROOF.pdf
6248,A197176,PROOF,transfer-matrix,papers/06001-06500/06248-PROOF.pdf
6249,A237906,PROOF,subblock-difference,papers/06001-06500/06249-PROOF.pdf
6250,A197557,PROOF,transfer-matrix,papers/06001-06500/06250-PROOF.pdf
6251,A196970,PROOF,transfer-matrix,papers/06001-06500/06251-PROOF.pdf
6252,A259000,PROOF,monotone-subblock,papers/06001-06500/06252-PROOF.pdf
6253,A253842,PROOF,monotone-subblock,papers/06001-06500/06253-PROOF.pdf
6254,A253929,PROOF,monotone-subblock,papers/06001-06500/06254-PROOF.pdf
6255,A202775,PROOF,pattern-avoidance,papers/06001-06500/06255-PROOF.pdf
6256,A231379,PROOF,transfer-matrix,papers/06001-06500/06256-PROOF.pdf
6257,A255787,PROOF,subblock-3x3,papers/06001-06500/06257-PROOF.pdf
6258,A302738,PROOF,transfer-matrix,papers/06001-06500/06258-PROOF.pdf
6259,A234885,PROOF,transfer-matrix,papers/06001-06500/06259-PROOF.pdf
6260,A207085,PROOF,transfer-matrix,papers/06001-06500/06260-PROOF.pdf
6261,A283096,PROOF,neighbour-set,papers/06001-06500/06261-PROOF.pdf
6262,A283729,PROOF,neighbour-set,papers/06001-06500/06262-PROOF.pdf
6263,A202976,PROOF,neighbour-set,papers/06001-06500/06263-PROOF.pdf
6264,A206782,PROOF,transfer-matrix,papers/06001-06500/06264-PROOF.pdf
6265,A235170,PROOF,transfer-matrix,papers/06001-06500/06265-PROOF.pdf
6266,A236296,PROOF,subblock-coloring,papers/06001-06500/06266-PROOF.pdf
6267,A237946,PROOF,subblock-difference,papers/06001-06500/06267-PROOF.pdf
6268,A296948,PROOF,transfer-matrix,papers/06001-06500/06268-PROOF.pdf
6269,A297974,PROOF,transfer-matrix,papers/06001-06500/06269-PROOF.pdf
6270,A299362,PROOF,transfer-matrix,papers/06001-06500/06270-PROOF.pdf
6271,A304897,PROOF,transfer-matrix,papers/06001-06500/06271-PROOF.pdf
6272,A316579,PROOF,transfer-matrix,papers/06001-06500/06272-PROOF.pdf
6273,A207416,PROOF,transfer-matrix,papers/06001-06500/06273-PROOF.pdf
6274,A207029,PROOF,transfer-matrix,papers/06001-06500/06274-PROOF.pdf
6275,A207072,PROOF,transfer-matrix,papers/06001-06500/06275-PROOF.pdf
6276,A230651,PROOF,white-squares,papers/06001-06500/06276-PROOF.pdf
6277,A241346,PROOF,neighbour-condition,papers/06001-06500/06277-PROOF.pdf
6278,A252329,PROOF,subblock-3x3,papers/06001-06500/06278-PROOF.pdf
6279,A252402,PROOF,subblock-3x3,papers/06001-06500/06279-PROOF.pdf
6280,A252618,PROOF,subblock-3x3,papers/06001-06500/06280-PROOF.pdf
6281,A252510,PROOF,subblock-3x3,papers/06001-06500/06281-PROOF.pdf
6282,A253373,PROOF,monotone-subblock,papers/06001-06500/06282-PROOF.pdf
6283,A203825,PROOF,transfer-matrix,papers/06001-06500/06283-PROOF.pdf
6284,A203921,PROOF,transfer-matrix,papers/06001-06500/06284-PROOF.pdf
6285,A206254,PROOF,transfer-matrix,papers/06001-06500/06285-PROOF.pdf
6286,A252552,PROOF,subblock-3x3,papers/06001-06500/06286-PROOF.pdf
6287,A252568,PROOF,subblock-3x3,papers/06001-06500/06287-PROOF.pdf
6288,A260205,PROOF,subblock-3x3,papers/06001-06500/06288-PROOF.pdf
6289,A260978,PROOF,subblock-3x3,papers/06001-06500/06289-PROOF.pdf
6290,A264623,PROOF,transfer-matrix,papers/06001-06500/06290-PROOF.pdf
6291,A264874,PROOF,transfer-matrix,papers/06001-06500/06291-PROOF.pdf
6292,A253372,PROOF,monotone-subblock,papers/06001-06500/06292-PROOF.pdf
6293,A205212,PROOF,transfer-matrix,papers/06001-06500/06293-PROOF.pdf
6294,A304229,PROOF,transfer-matrix,papers/06001-06500/06294-PROOF.pdf
6295,A305585,PROOF,transfer-matrix,papers/06001-06500/06295-PROOF.pdf
6296,A253371,PROOF,monotone-subblock,papers/06001-06500/06296-PROOF.pdf
6297,A223215,PROOF,transfer-matrix,papers/06001-06500/06297-PROOF.pdf
6298,A183341,PROOF,adjacency-precedence,papers/06001-06500/06298-PROOF.pdf
6299,A258685,PROOF,subblock-line-sum,papers/06001-06500/06299-PROOF.pdf
6300,A251822,PROOF,subblock-line-sum,papers/06001-06500/06300-PROOF.pdf
6301,A260244,PROOF,subblock-3x3,papers/06001-06500/06301-PROOF.pdf
6302,A304131,PROOF,transfer-matrix,papers/06001-06500/06302-PROOF.pdf
6303,A253370,PROOF,monotone-subblock,papers/06001-06500/06303-PROOF.pdf
6304,A197346,PROOF,transfer-matrix,papers/06001-06500/06304-PROOF.pdf
6305,A237570,PROOF,subblock-difference,papers/06001-06500/06305-PROOF.pdf
6306,A233953,PROOF,transfer-matrix,papers/06001-06500/06306-PROOF.pdf
6307,A296722,PROOF,transfer-matrix,papers/06001-06500/06307-PROOF.pdf
6308,A305513,PROOF,transfer-matrix,papers/06001-06500/06308-PROOF.pdf
6309,A283854,PROOF,neighbour-set,papers/06001-06500/06309-PROOF.pdf
6310,A207691,PROOF,transfer-matrix,papers/06001-06500/06310-PROOF.pdf
6311,A207926,PROOF,transfer-matrix,papers/06001-06500/06311-PROOF.pdf
6312,A209222,PROOF,transfer-matrix,papers/06001-06500/06312-PROOF.pdf
6313,A254162,PROOF,monotone-subblock,papers/06001-06500/06313-PROOF.pdf
6314,A250386,PROOF,window-condition,papers/06001-06500/06314-PROOF.pdf
6315,A253369,PROOF,monotone-subblock,papers/06001-06500/06315-PROOF.pdf
6316,A253329,PROOF,monotone-subblock,papers/06001-06500/06316-PROOF.pdf
6317,A231759,PROOF,neighbour-set,papers/06001-06500/06317-PROOF.pdf
6318,A231801,PROOF,neighbour-set,papers/06001-06500/06318-PROOF.pdf
6319,A188562,PROOF,transfer-matrix,papers/06001-06500/06319-PROOF.pdf
6320,A295093,PROOF,transfer-matrix,papers/06001-06500/06320-PROOF.pdf
6321,A295249,PROOF,transfer-matrix,papers/06001-06500/06321-PROOF.pdf
6322,A295348,PROOF,transfer-matrix,papers/06001-06500/06322-PROOF.pdf
6323,A295527,PROOF,transfer-matrix,papers/06001-06500/06323-PROOF.pdf
6324,A295648,PROOF,transfer-matrix,papers/06001-06500/06324-PROOF.pdf
6325,A298837,PROOF,transfer-matrix,papers/06001-06500/06325-PROOF.pdf
6326,A301396,PROOF,transfer-matrix,papers/06001-06500/06326-PROOF.pdf
6327,A316548,PROOF,transfer-matrix,papers/06001-06500/06327-PROOF.pdf
6328,A206050,PROOF,edge-count,papers/06001-06500/06328-PROOF.pdf
6329,A234439,PROOF,transfer-matrix,papers/06001-06500/06329-PROOF.pdf
6330,A247722,PROOF,window-condition,papers/06001-06500/06330-PROOF.pdf
6331,A241614,PROOF,window-word,papers/06001-06500/06331-PROOF.pdf
6332,A241930,PROOF,window-condition,papers/06001-06500/06332-PROOF.pdf
6333,A183849,PROOF,subblock-condition,papers/06001-06500/06333-PROOF.pdf
6334,A140920,PROOF,planepartition-box,papers/06001-06500/06334-PROOF.pdf
6335,A252198,PROOF,subblock-3x3,papers/06001-06500/06335-PROOF.pdf
6336,A252452,PROOF,subblock-3x3,papers/06001-06500/06336-PROOF.pdf
6337,A252136,PROOF,subblock-3x3,papers/06001-06500/06337-PROOF.pdf
6338,A252072,PROOF,subblock-3x3,papers/06001-06500/06338-PROOF.pdf
6339,A252083,PROOF,subblock-3x3,papers/06001-06500/06339-PROOF.pdf
6340,A205733,PROOF,transfer-matrix,papers/06001-06500/06340-PROOF.pdf
6341,A232046,PROOF,transfer-matrix,papers/06001-06500/06341-PROOF.pdf
6342,A259891,PROOF,subblock-3x3,papers/06001-06500/06342-PROOF.pdf
6343,A197526,PROOF,transfer-matrix,papers/06001-06500/06343-PROOF.pdf
6344,A251189,PROOF,monotone-statistic,papers/06001-06500/06344-PROOF.pdf
6345,A234389,PROOF,forbidden-run,papers/06001-06500/06345-PROOF.pdf
6346,A232385,PROOF,cell-condition,papers/06001-06500/06346-PROOF.pdf
6347,A189261,PROOF,transfer-matrix,papers/06001-06500/06347-PROOF.pdf
6348,A252416,PROOF,subblock-3x3,papers/06001-06500/06348-PROOF.pdf
6349,A252559,PROOF,subblock-3x3,papers/06001-06500/06349-PROOF.pdf
6350,A255788,PROOF,subblock-3x3,papers/06001-06500/06350-PROOF.pdf
6351,A260366,PROOF,subblock-3x3,papers/06001-06500/06351-PROOF.pdf
6352,A316516,PROOF,transfer-matrix,papers/06001-06500/06352-PROOF.pdf
6353,A234032,PROOF,transfer-matrix,papers/06001-06500/06353-PROOF.pdf
6354,A197397,PROOF,transfer-matrix,papers/06001-06500/06354-PROOF.pdf
6355,A280359,PROOF,transfer-matrix,papers/06001-06500/06355-PROOF.pdf
6356,A237953,PROOF,subblock-difference,papers/06001-06500/06356-PROOF.pdf
6357,A237552,PROOF,subblock-difference,papers/06001-06500/06357-PROOF.pdf
6358,A278277,PROOF,transfer-matrix,papers/06001-06500/06358-PROOF.pdf
6359,A296332,PROOF,transfer-matrix,papers/06001-06500/06359-PROOF.pdf
6360,A255750,PROOF,monotone-subblock,papers/06001-06500/06360-PROOF.pdf
6361,A183496,PROOF,cell-condition,papers/06001-06500/06361-PROOF.pdf
6362,A257148,PROOF,monotone-subblock,papers/06001-06500/06362-PROOF.pdf
6363,A253726,PROOF,subblock-statistic-neighbour,papers/06001-06500/06363-PROOF.pdf
6364,A206272,PROOF,clockwise-perimeter,papers/06001-06500/06364-PROOF.pdf
6365,A207680,PROOF,transfer-matrix,papers/06001-06500/06365-PROOF.pdf
6366,A185793,PROOF,matrix-subblock,papers/06001-06500/06366-PROOF.pdf
6367,A207805,PROOF,transfer-matrix,papers/06001-06500/06367-PROOF.pdf
6368,A237672,PROOF,subblock-difference,papers/06001-06500/06368-PROOF.pdf
6369,A299685,PROOF,transfer-matrix,papers/06001-06500/06369-PROOF.pdf
6370,A302268,PROOF,transfer-matrix,papers/06001-06500/06370-PROOF.pdf
6371,A302967,PROOF,transfer-matrix,papers/06001-06500/06371-PROOF.pdf
6372,A233750,PROOF,transfer-matrix,papers/06001-06500/06372-PROOF.pdf
6373,A237136,PROOF,transfer-matrix,papers/06001-06500/06373-PROOF.pdf
6374,A254900,PROOF,monotone-subblock,papers/06001-06500/06374-PROOF.pdf
6375,A236904,PROOF,order-statistic,papers/06001-06500/06375-PROOF.pdf
6376,A296595,PROOF,neighbour-condition,papers/06001-06500/06376-PROOF.pdf
6377,A277763,PROOF,neighbour-reach,papers/06001-06500/06377-PROOF.pdf
6378,A140936,PROOF,planepartition-box,papers/06001-06500/06378-PROOF.pdf
6379,A252366,PROOF,subblock-3x3,papers/06001-06500/06379-PROOF.pdf
6380,A252266,PROOF,subblock-3x3,papers/06001-06500/06380-PROOF.pdf
6381,A252340,PROOF,subblock-3x3,papers/06001-06500/06381-PROOF.pdf
6382,A255024,PROOF,subblock-3x3,papers/06001-06500/06382-PROOF.pdf
6383,A259959,PROOF,subblock-3x3,papers/06001-06500/06383-PROOF.pdf
6384,A301950,PROOF,transfer-matrix,papers/06001-06500/06384-PROOF.pdf
6385,A197667,PROOF,transfer-matrix,papers/06001-06500/06385-PROOF.pdf
6386,A238318,PROOF,neighbour-set,papers/06001-06500/06386-PROOF.pdf
6387,A278190,PROOF,transfer-matrix,papers/06001-06500/06387-PROOF.pdf
6388,A295779,PROOF,transfer-matrix,papers/06001-06500/06388-PROOF.pdf
6389,A197499,PROOF,transfer-matrix,papers/06001-06500/06389-PROOF.pdf
6390,A204614,PROOF,transfer-matrix,papers/06001-06500/06390-PROOF.pdf
6391,A236496,PROOF,subblock-coloring,papers/06001-06500/06391-PROOF.pdf
6392,A186790,PROOF,subblock-content,papers/06001-06500/06392-PROOF.pdf
6393,A296317,PROOF,transfer-matrix,papers/06001-06500/06393-PROOF.pdf
6394,A302950,PROOF,transfer-matrix,papers/06001-06500/06394-PROOF.pdf
6395,A305179,PROOF,transfer-matrix,papers/06001-06500/06395-PROOF.pdf
6396,A316417,PROOF,transfer-matrix,papers/06001-06500/06396-PROOF.pdf
6397,A317380,PROOF,transfer-matrix,papers/06001-06500/06397-PROOF.pdf
6398,A250999,PROOF,monotone-statistic,papers/06001-06500/06398-PROOF.pdf
6399,A252598,PROOF,subblock-3x3,papers/06001-06500/06399-PROOF.pdf
6400,A250827,PROOF,monotone-statistic,papers/06001-06500/06400-PROOF.pdf
6401,A183333,PROOF,adjacency-precedence,papers/06001-06500/06401-PROOF.pdf
6402,A207223,PROOF,pattern-avoidance,papers/06001-06500/06402-PROOF.pdf
6403,A249706,PROOF,window-condition,papers/06001-06500/06403-PROOF.pdf
6404,A203178,PROOF,adjacency-precedence,papers/06001-06500/06404-PROOF.pdf
6405,A205636,PROOF,clockwise-perimeter,papers/06001-06500/06405-PROOF.pdf
6406,A282859,PROOF,neighbour-set,papers/06001-06500/06406-PROOF.pdf
6407,A188609,PROOF,transfer-matrix,papers/06001-06500/06407-PROOF.pdf
6408,A205417,PROOF,edge-count,papers/06001-06500/06408-PROOF.pdf
6409,A233962,PROOF,transfer-matrix,papers/06001-06500/06409-PROOF.pdf
6410,A250702,PROOF,monotone-statistic,papers/06001-06500/06410-PROOF.pdf
6411,A296153,PROOF,transfer-matrix,papers/06001-06500/06411-PROOF.pdf
6412,A296986,PROOF,transfer-matrix,papers/06001-06500/06412-PROOF.pdf
6413,A300368,PROOF,transfer-matrix,papers/06001-06500/06413-PROOF.pdf
6414,A302468,PROOF,transfer-matrix,papers/06001-06500/06414-PROOF.pdf
6415,A303012,PROOF,transfer-matrix,papers/06001-06500/06415-PROOF.pdf
6416,A303250,PROOF,transfer-matrix,papers/06001-06500/06416-PROOF.pdf
6417,A303626,PROOF,transfer-matrix,papers/06001-06500/06417-PROOF.pdf
6418,A207490,PROOF,transfer-matrix,papers/06001-06500/06418-PROOF.pdf
6419,A201086,PROOF,window-condition,papers/06001-06500/06419-PROOF.pdf
6420,A207511,PROOF,transfer-matrix,papers/06001-06500/06420-PROOF.pdf
6421,A254013,PROOF,monotone-subblock,papers/06001-06500/06421-PROOF.pdf
6422,A207520,PROOF,transfer-matrix,papers/06001-06500/06422-PROOF.pdf
6423,A235852,PROOF,transfer-matrix,papers/06001-06500/06423-PROOF.pdf
6424,A252509,PROOF,subblock-3x3,papers/06001-06500/06424-PROOF.pdf
6425,A252683,PROOF,subblock-3x3,papers/06001-06500/06425-PROOF.pdf
6426,A259641,PROOF,subblock-3x3,papers/06001-06500/06426-PROOF.pdf
6427,A260137,PROOF,subblock-3x3,papers/06001-06500/06427-PROOF.pdf
6428,A257359,PROOF,subblock-line-sum,papers/06001-06500/06428-PROOF.pdf
6429,A264529,PROOF,transfer-matrix,papers/06001-06500/06429-PROOF.pdf
6430,A255088,PROOF,subblock-3x3,papers/06001-06500/06430-PROOF.pdf
6431,A260472,PROOF,subblock-3x3,papers/06001-06500/06431-PROOF.pdf
6432,A232063,PROOF,value-neighbour,papers/06001-06500/06432-PROOF.pdf
6433,A280214,PROOF,transfer-matrix,papers/06001-06500/06433-PROOF.pdf
6434,A202599,PROOF,pattern-avoidance,papers/06001-06500/06434-PROOF.pdf
6435,A257357,PROOF,subblock-line-sum,papers/06001-06500/06435-PROOF.pdf
6436,A207231,PROOF,pattern-avoidance,papers/06001-06500/06436-PROOF.pdf
6437,A205071,PROOF,edge-count,papers/06001-06500/06437-PROOF.pdf
6438,A282788,PROOF,king-move,papers/06001-06500/06438-PROOF.pdf
6439,A202432,PROOF,pattern-avoidance,papers/06001-06500/06439-PROOF.pdf
6440,A232034,PROOF,cell-condition,papers/06001-06500/06440-PROOF.pdf
6441,A250703,PROOF,monotone-statistic,papers/06001-06500/06441-PROOF.pdf
6442,A255144,PROOF,subblock-3x3,papers/06001-06500/06442-PROOF.pdf
6443,A303805,PROOF,transfer-matrix,papers/06001-06500/06443-PROOF.pdf
6444,A283576,PROOF,neighbour-set,papers/06001-06500/06444-PROOF.pdf
6445,A282589,PROOF,king-move,papers/06001-06500/06445-PROOF.pdf
6446,A283569,PROOF,neighbour-set,papers/06001-06500/06446-PROOF.pdf
6447,A283780,PROOF,neighbour-set,papers/06001-06500/06447-PROOF.pdf
6448,A253743,PROOF,monotone-subblock,papers/06001-06500/06448-PROOF.pdf
6449,A236605,PROOF,subblock-coloring,papers/06001-06500/06449-PROOF.pdf
6450,A237001,PROOF,order-statistic,papers/06001-06500/06450-PROOF.pdf
6451,A258539,PROOF,subblock-line-sum,papers/06001-06500/06451-PROOF.pdf
6452,A297090,PROOF,king-move,papers/06001-06500/06452-PROOF.pdf
6453,A236585,PROOF,subblock-coloring,papers/06001-06500/06453-PROOF.pdf
6454,A297716,PROOF,transfer-matrix,papers/06001-06500/06454-PROOF.pdf
6455,A302383,PROOF,transfer-matrix,papers/06001-06500/06455-PROOF.pdf
6456,A302423,PROOF,transfer-matrix,papers/06001-06500/06456-PROOF.pdf
6457,A303104,PROOF,transfer-matrix,papers/06001-06500/06457-PROOF.pdf
6458,A303193,PROOF,transfer-matrix,papers/06001-06500/06458-PROOF.pdf
6459,A304061,PROOF,transfer-matrix,papers/06001-06500/06459-PROOF.pdf
6460,A304665,PROOF,transfer-matrix,papers/06001-06500/06460-PROOF.pdf
6461,A305018,PROOF,transfer-matrix,papers/06001-06500/06461-PROOF.pdf
6462,A316423,PROOF,transfer-matrix,papers/06001-06500/06462-PROOF.pdf
6463,A210386,PROOF,transfer-matrix,papers/06001-06500/06463-PROOF.pdf
6464,A282881,PROOF,neighbour-set,papers/06001-06500/06464-PROOF.pdf
6465,A284077,PROOF,neighbour-set,papers/06001-06500/06465-PROOF.pdf
6466,A207685,PROOF,transfer-matrix,papers/06001-06500/06466-PROOF.pdf
6467,A251315,PROOF,transfer-matrix,papers/06001-06500/06467-PROOF.pdf
6468,A202892,PROOF,pattern-avoidance,papers/06001-06500/06468-PROOF.pdf
6469,A250147,PROOF,window-condition,papers/06001-06500/06469-PROOF.pdf
6470,A140910,PROOF,planepartition-box,papers/06001-06500/06470-PROOF.pdf
6471,A241110,PROOF,neighbour-condition,papers/06001-06500/06471-PROOF.pdf
6472,A189201,PROOF,transfer-matrix,papers/06001-06500/06472-PROOF.pdf
6473,A261290,PROOF,subblock-3x3,papers/06001-06500/06473-PROOF.pdf
6474,A232020,PROOF,transfer-matrix,papers/06001-06500/06474-PROOF.pdf
6475,A252060,PROOF,subblock-3x3,papers/06001-06500/06475-PROOF.pdf
6476,A235235,PROOF,transfer-matrix,papers/06001-06500/06476-PROOF.pdf
6477,A254263,PROOF,monotone-subblock,papers/06001-06500/06477-PROOF.pdf
6478,A254302,PROOF,monotone-subblock,papers/06001-06500/06478-PROOF.pdf
6479,A206681,PROOF,perimeter-cycle,papers/06001-06500/06479-PROOF.pdf
6480,A251784,PROOF,subblock-line-sum,papers/06001-06500/06480-PROOF.pdf
6481,A183447,PROOF,king-move,papers/06001-06500/06481-PROOF.pdf
6482,A251943,PROOF,subblock-3x3,papers/06001-06500/06482-PROOF.pdf
6483,A282053,PROOF,transfer-matrix,papers/06001-06500/06483-PROOF.pdf
6484,A203368,PROOF,adjacency-precedence,papers/06001-06500/06484-PROOF.pdf
6485,A197619,PROOF,transfer-matrix,papers/06001-06500/06485-PROOF.pdf
6486,A254262,PROOF,monotone-subblock,papers/06001-06500/06486-PROOF.pdf
6487,A254301,PROOF,monotone-subblock,papers/06001-06500/06487-PROOF.pdf
6488,A208488,PROOF,clockwise-perimeter,papers/06001-06500/06488-PROOF.pdf
6489,A206017,PROOF,edge-count,papers/06001-06500/06489-PROOF.pdf
6490,A233687,PROOF,transfer-matrix,papers/06001-06500/06490-PROOF.pdf
6491,A297586,PROOF,transfer-matrix,papers/06001-06500/06491-PROOF.pdf
6492,A297685,PROOF,transfer-matrix,papers/06001-06500/06492-PROOF.pdf
6493,A183327,PROOF,adjacency-precedence,papers/06001-06500/06493-PROOF.pdf
6494,A231465,PROOF,transfer-matrix,papers/06001-06500/06494-PROOF.pdf
6495,A253979,PROOF,monotone-subblock,papers/06001-06500/06495-PROOF.pdf
6496,A254391,PROOF,monotone-subblock,papers/06001-06500/06496-PROOF.pdf
6497,A250138,PROOF,window-condition,papers/06001-06500/06497-PROOF.pdf
6498,A203332,PROOF,neighbour-set,papers/06001-06500/06498-PROOF.pdf
6499,A208417,PROOF,transfer-matrix,papers/06001-06500/06499-PROOF.pdf
6500,A298490,PROOF,transfer-matrix,papers/06001-06500/06500-PROOF.pdf
6501,A300542,PROOF,transfer-matrix,papers/06501-07000/06501-PROOF.pdf
6502,A300969,PROOF,transfer-matrix,papers/06501-07000/06502-PROOF.pdf
6503,A304851,PROOF,transfer-matrix,papers/06501-07000/06503-PROOF.pdf
6504,A236897,PROOF,order-statistic,papers/06501-07000/06504-PROOF.pdf
6505,A208431,PROOF,neighbour-reach,papers/06501-07000/06505-PROOF.pdf
6506,A207266,PROOF,transfer-matrix,papers/06501-07000/06506-PROOF.pdf
6507,A207782,PROOF,transfer-matrix,papers/06501-07000/06507-PROOF.pdf
6508,A206937,PROOF,transfer-matrix,papers/06501-07000/06508-PROOF.pdf
6509,A207001,PROOF,transfer-matrix,papers/06501-07000/06509-PROOF.pdf
6510,A250466,PROOF,monotone-statistic,papers/06501-07000/06510-PROOF.pdf
6511,A236722,PROOF,order-statistic,papers/06501-07000/06511-PROOF.pdf
6512,A251436,PROOF,transfer-matrix,papers/06501-07000/06512-PROOF.pdf
6513,A252162,PROOF,subblock-3x3,papers/06501-07000/06513-PROOF.pdf
6514,A260925,PROOF,subblock-3x3,papers/06501-07000/06514-PROOF.pdf
6515,A261378,PROOF,subblock-3x3,papers/06501-07000/06515-PROOF.pdf
6516,A259949,PROOF,subblock-3x3,papers/06501-07000/06516-PROOF.pdf
6517,A196490,PROOF,transfer-matrix,papers/06501-07000/06517-PROOF.pdf
6518,A196207,PROOF,transfer-matrix,papers/06501-07000/06518-PROOF.pdf
6519,A187373,PROOF,subblock-content,papers/06501-07000/06519-PROOF.pdf
6520,A256025,PROOF,subblock-3x3,papers/06501-07000/06520-PROOF.pdf
6521,A260290,PROOF,subblock-3x3,papers/06501-07000/06521-PROOF.pdf
6522,A260497,PROOF,subblock-3x3,papers/06501-07000/06522-PROOF.pdf
6523,A278268,PROOF,transfer-matrix,papers/06501-07000/06523-PROOF.pdf
6524,A297593,PROOF,transfer-matrix,papers/06501-07000/06524-PROOF.pdf
6525,A297812,PROOF,transfer-matrix,papers/06501-07000/06525-PROOF.pdf
6526,A250439,PROOF,monotone-statistic,papers/06501-07000/06526-PROOF.pdf
6527,A185465,PROOF,matrix-subblock,papers/06501-07000/06527-PROOF.pdf
6528,A249081,PROOF,window-condition,papers/06501-07000/06528-PROOF.pdf
6529,A281602,PROOF,transfer-matrix,papers/06501-07000/06529-PROOF.pdf
6530,A196283,PROOF,transfer-matrix,papers/06501-07000/06530-PROOF.pdf
6531,A197303,PROOF,transfer-matrix,papers/06501-07000/06531-PROOF.pdf
6532,A205515,PROOF,edge-count,papers/06501-07000/06532-PROOF.pdf
6533,A235234,PROOF,transfer-matrix,papers/06501-07000/06533-PROOF.pdf
6534,A256766,PROOF,subblock-line-sum,papers/06501-07000/06534-PROOF.pdf
6535,A295117,PROOF,transfer-matrix,papers/06501-07000/06535-PROOF.pdf
6536,A295272,PROOF,transfer-matrix,papers/06501-07000/06536-PROOF.pdf
6537,A306163,PROOF,transfer-matrix,papers/06501-07000/06537-PROOF.pdf
6538,A316612,PROOF,transfer-matrix,papers/06501-07000/06538-PROOF.pdf
6539,A231748,PROOF,transfer-matrix,papers/06501-07000/06539-PROOF.pdf
6540,A234109,PROOF,transfer-matrix,papers/06501-07000/06540-PROOF.pdf
6541,A283688,PROOF,neighbour-set,papers/06501-07000/06541-PROOF.pdf
6542,A250497,PROOF,monotone-statistic,papers/06501-07000/06542-PROOF.pdf
6543,A253401,PROOF,subblock-statistic-neighbour,papers/06501-07000/06543-PROOF.pdf
6544,A206886,PROOF,transfer-matrix,papers/06501-07000/06544-PROOF.pdf
6545,A237177,PROOF,subblock-coloring,papers/06501-07000/06545-PROOF.pdf
6546,A207751,PROOF,transfer-matrix,papers/06501-07000/06546-PROOF.pdf
6547,A235252,PROOF,transfer-matrix,papers/06501-07000/06547-PROOF.pdf
6548,A204303,PROOF,matrix-subblock,papers/06501-07000/06548-PROOF.pdf
6549,A206080,PROOF,edge-count,papers/06501-07000/06549-PROOF.pdf
6550,A207371,PROOF,transfer-matrix,papers/06501-07000/06550-PROOF.pdf
6551,A236124,PROOF,subblock-coloring,papers/06501-07000/06551-PROOF.pdf
6552,A237399,PROOF,subblock-difference,papers/06501-07000/06552-PROOF.pdf
6553,A237899,PROOF,subblock-difference,papers/06501-07000/06553-PROOF.pdf
6554,A251803,PROOF,transfer-matrix,papers/06501-07000/06554-PROOF.pdf
6555,A278173,PROOF,transfer-matrix,papers/06501-07000/06555-PROOF.pdf
6556,A278283,PROOF,transfer-matrix,papers/06501-07000/06556-PROOF.pdf
6557,A296382,PROOF,transfer-matrix,papers/06501-07000/06557-PROOF.pdf
6558,A297547,PROOF,transfer-matrix,papers/06501-07000/06558-PROOF.pdf
6559,A297640,PROOF,transfer-matrix,papers/06501-07000/06559-PROOF.pdf
6560,A297745,PROOF,transfer-matrix,papers/06501-07000/06560-PROOF.pdf
6561,A300142,PROOF,transfer-matrix,papers/06501-07000/06561-PROOF.pdf
6562,A300317,PROOF,transfer-matrix,papers/06501-07000/06562-PROOF.pdf
6563,A300807,PROOF,transfer-matrix,papers/06501-07000/06563-PROOF.pdf
6564,A301446,PROOF,transfer-matrix,papers/06501-07000/06564-PROOF.pdf
6565,A306168,PROOF,transfer-matrix,papers/06501-07000/06565-PROOF.pdf
6566,A317425,PROOF,transfer-matrix,papers/06501-07000/06566-PROOF.pdf
6567,A320398,PROOF,transfer-matrix,papers/06501-07000/06567-PROOF.pdf
6568,A235065,PROOF,transfer-matrix,papers/06501-07000/06568-PROOF.pdf
6569,A251386,PROOF,transfer-matrix,papers/06501-07000/06569-PROOF.pdf
6570,A229408,PROOF,transfer-matrix,papers/06501-07000/06570-PROOF.pdf
6571,A207396,PROOF,transfer-matrix,papers/06501-07000/06571-PROOF.pdf
6572,A268325,PROOF,repeated-value-chain,papers/06501-07000/06572-PROOF.pdf
6573,A249286,PROOF,window-condition,papers/06501-07000/06573-PROOF.pdf
6574,A249838,PROOF,window-condition,papers/06501-07000/06574-PROOF.pdf
6575,A296324,PROOF,neighbour-condition,papers/06501-07000/06575-PROOF.pdf
6576,A140914,PROOF,planepartition-box,papers/06501-07000/06576-PROOF.pdf
6577,A140927,PROOF,planepartition-box,papers/06501-07000/06577-PROOF.pdf
6578,A252553,PROOF,subblock-3x3,papers/06501-07000/06578-PROOF.pdf
6579,A252569,PROOF,subblock-3x3,papers/06501-07000/06579-PROOF.pdf
6580,A252437,PROOF,subblock-3x3,papers/06501-07000/06580-PROOF.pdf
6581,A252411,PROOF,subblock-3x3,papers/06501-07000/06581-PROOF.pdf
6582,A260067,PROOF,subblock-3x3,papers/06501-07000/06582-PROOF.pdf
6583,A260281,PROOF,subblock-3x3,papers/06501-07000/06583-PROOF.pdf
6584,A235194,PROOF,transfer-matrix,papers/06501-07000/06584-PROOF.pdf
6585,A250941,PROOF,monotone-statistic,papers/06501-07000/06585-PROOF.pdf
6586,A234048,PROOF,forbidden-run,papers/06501-07000/06586-PROOF.pdf
6587,A255087,PROOF,subblock-3x3,papers/06501-07000/06587-PROOF.pdf
6588,A234661,PROOF,transfer-matrix,papers/06501-07000/06588-PROOF.pdf
6589,A246890,PROOF,window-condition,papers/06501-07000/06589-PROOF.pdf
6590,A251070,PROOF,transfer-matrix,papers/06501-07000/06590-PROOF.pdf
6591,A183723,PROOF,clockwise-perimeter,papers/06501-07000/06591-PROOF.pdf
6592,A196310,PROOF,transfer-matrix,papers/06501-07000/06592-PROOF.pdf
6593,A235193,PROOF,transfer-matrix,papers/06501-07000/06593-PROOF.pdf
6594,A296125,PROOF,transfer-matrix,papers/06501-07000/06594-PROOF.pdf
6595,A299725,PROOF,transfer-matrix,papers/06501-07000/06595-PROOF.pdf
6596,A303633,PROOF,transfer-matrix,papers/06501-07000/06596-PROOF.pdf
6597,A205050,PROOF,edge-count,papers/06501-07000/06597-PROOF.pdf
6598,A283518,PROOF,neighbour-set,papers/06501-07000/06598-PROOF.pdf
6599,A253308,PROOF,subblock-statistic-neighbour,papers/06501-07000/06599-PROOF.pdf
6600,A250614,PROOF,monotone-statistic,papers/06501-07000/06600-PROOF.pdf
6601,A206997,PROOF,transfer-matrix,papers/06501-07000/06601-PROOF.pdf
6602,A207958,PROOF,transfer-matrix,papers/06501-07000/06602-PROOF.pdf
6603,A207658,PROOF,transfer-matrix,papers/06501-07000/06603-PROOF.pdf
6604,A231526,PROOF,transfer-matrix,papers/06501-07000/06604-PROOF.pdf
6605,A236139,PROOF,subblock-coloring,papers/06501-07000/06605-PROOF.pdf
6606,A296537,PROOF,transfer-matrix,papers/06501-07000/06606-PROOF.pdf
6607,A296631,PROOF,transfer-matrix,papers/06501-07000/06607-PROOF.pdf
6608,A296800,PROOF,transfer-matrix,papers/06501-07000/06608-PROOF.pdf
6609,A318064,PROOF,transfer-matrix,papers/06501-07000/06609-PROOF.pdf
6610,A234085,PROOF,transfer-matrix,papers/06501-07000/06610-PROOF.pdf
6611,A207115,PROOF,transfer-matrix,papers/06501-07000/06611-PROOF.pdf
6612,A204034,PROOF,matrix-subblock,papers/06501-07000/06612-PROOF.pdf
6613,A253328,PROOF,monotone-subblock,papers/06501-07000/06613-PROOF.pdf
6614,A202372,PROOF,pattern-avoidance,papers/06501-07000/06614-PROOF.pdf
6615,A237083,PROOF,order-statistic,papers/06501-07000/06615-PROOF.pdf
6616,A251060,PROOF,transfer-matrix,papers/06501-07000/06616-PROOF.pdf
6617,A236973,PROOF,order-statistic,papers/06501-07000/06617-PROOF.pdf
6618,A183365,PROOF,cell-condition,papers/06501-07000/06618-PROOF.pdf
6619,A251169,PROOF,transfer-matrix,papers/06501-07000/06619-PROOF.pdf
6620,A252328,PROOF,subblock-3x3,papers/06501-07000/06620-PROOF.pdf
6621,A280477,PROOF,transfer-matrix,papers/06501-07000/06621-PROOF.pdf
6622,A254583,PROOF,monotone-subblock,papers/06501-07000/06622-PROOF.pdf
6623,A196680,PROOF,transfer-matrix,papers/06501-07000/06623-PROOF.pdf
6624,A232835,PROOF,cell-condition,papers/06501-07000/06624-PROOF.pdf
6625,A278002,PROOF,transfer-matrix,papers/06501-07000/06625-PROOF.pdf
6626,A252680,PROOF,subblock-3x3,papers/06501-07000/06626-PROOF.pdf
6627,A261551,PROOF,subblock-3x3,papers/06501-07000/06627-PROOF.pdf
6628,A254770,PROOF,monotone-subblock,papers/06501-07000/06628-PROOF.pdf
6629,A279853,PROOF,transfer-matrix,papers/06501-07000/06629-PROOF.pdf
6630,A197453,PROOF,transfer-matrix,papers/06501-07000/06630-PROOF.pdf
6631,A295915,PROOF,transfer-matrix,papers/06501-07000/06631-PROOF.pdf
6632,A300205,PROOF,transfer-matrix,papers/06501-07000/06632-PROOF.pdf
6633,A234834,PROOF,subblock-content,papers/06501-07000/06633-PROOF.pdf
6634,A205820,PROOF,edge-count,papers/06501-07000/06634-PROOF.pdf
6635,A233911,PROOF,transfer-matrix,papers/06501-07000/06635-PROOF.pdf
6636,A237153,PROOF,order-statistic,papers/06501-07000/06636-PROOF.pdf
6637,A283343,PROOF,neighbour-set,papers/06501-07000/06637-PROOF.pdf
6638,A207760,PROOF,transfer-matrix,papers/06501-07000/06638-PROOF.pdf
6639,A250385,PROOF,window-condition,papers/06501-07000/06639-PROOF.pdf
6640,A255786,PROOF,subblock-3x3,papers/06501-07000/06640-PROOF.pdf
6641,A299056,PROOF,transfer-matrix,papers/06501-07000/06641-PROOF.pdf
6642,A299664,PROOF,transfer-matrix,papers/06501-07000/06642-PROOF.pdf
6643,A299817,PROOF,transfer-matrix,papers/06501-07000/06643-PROOF.pdf
6644,A303884,PROOF,transfer-matrix,papers/06501-07000/06644-PROOF.pdf
6645,A305526,PROOF,transfer-matrix,papers/06501-07000/06645-PROOF.pdf
6646,A305681,PROOF,transfer-matrix,papers/06501-07000/06646-PROOF.pdf
6647,A316818,PROOF,transfer-matrix,papers/06501-07000/06647-PROOF.pdf
6648,A317000,PROOF,transfer-matrix,papers/06501-07000/06648-PROOF.pdf
6649,A317568,PROOF,transfer-matrix,papers/06501-07000/06649-PROOF.pdf
6650,A206006,PROOF,edge-count,papers/06501-07000/06650-PROOF.pdf
6651,A236741,PROOF,order-statistic,papers/06501-07000/06651-PROOF.pdf
6652,A250946,PROOF,monotone-statistic,papers/06501-07000/06652-PROOF.pdf
6653,A233647,PROOF,transfer-matrix,papers/06501-07000/06653-PROOF.pdf
6654,A207502,PROOF,transfer-matrix,papers/06501-07000/06654-PROOF.pdf
6655,A208166,PROOF,transfer-matrix,papers/06501-07000/06655-PROOF.pdf
6656,A237533,PROOF,order-statistic,papers/06501-07000/06656-PROOF.pdf
6657,A207787,PROOF,transfer-matrix,papers/06501-07000/06657-PROOF.pdf
6658,A237303,PROOF,order-statistic,papers/06501-07000/06658-PROOF.pdf
6659,A254721,PROOF,monotone-subblock,papers/06501-07000/06659-PROOF.pdf
6660,A204869,PROOF,matrix-subblock,papers/06501-07000/06660-PROOF.pdf
6661,A236792,PROOF,order-statistic,papers/06501-07000/06661-PROOF.pdf
6662,A237392,PROOF,order-statistic,papers/06501-07000/06662-PROOF.pdf
6663,A297657,PROOF,neighbour-condition,papers/06501-07000/06663-PROOF.pdf
6664,A297691,PROOF,neighbour-condition,papers/06501-07000/06664-PROOF.pdf
6665,A252125,PROOF,subblock-3x3,papers/06501-07000/06665-PROOF.pdf
6666,A232315,PROOF,cell-condition,papers/06501-07000/06666-PROOF.pdf
6667,A189062,PROOF,transfer-matrix,papers/06501-07000/06667-PROOF.pdf
6668,A198180,PROOF,transfer-matrix,papers/06501-07000/06668-PROOF.pdf
6669,A221939,PROOF,transfer-matrix,papers/06501-07000/06669-PROOF.pdf
6670,A209550,PROOF,transfer-matrix,papers/06501-07000/06670-PROOF.pdf
6671,A260605,PROOF,subblock-3x3,papers/06501-07000/06671-PROOF.pdf
6672,A297429,PROOF,transfer-matrix,papers/06501-07000/06672-PROOF.pdf
6673,A318543,PROOF,transfer-matrix,papers/06501-07000/06673-PROOF.pdf
6674,A248485,PROOF,window-condition,papers/06501-07000/06674-PROOF.pdf
6675,A205913,PROOF,clockwise-perimeter,papers/06501-07000/06675-PROOF.pdf
6676,A197238,PROOF,transfer-matrix,papers/06501-07000/06676-PROOF.pdf
6677,A207568,PROOF,transfer-matrix,papers/06501-07000/06677-PROOF.pdf
6678,A295413,PROOF,transfer-matrix,papers/06501-07000/06678-PROOF.pdf
6679,A297983,PROOF,transfer-matrix,papers/06501-07000/06679-PROOF.pdf
6680,A302209,PROOF,transfer-matrix,papers/06501-07000/06680-PROOF.pdf
6681,A305344,PROOF,transfer-matrix,papers/06501-07000/06681-PROOF.pdf
6682,A283412,PROOF,neighbour-set,papers/06501-07000/06682-PROOF.pdf
6683,A232573,PROOF,cell-condition,papers/06501-07000/06683-PROOF.pdf
6684,A202774,PROOF,pattern-avoidance,papers/06501-07000/06684-PROOF.pdf
6685,A220620,PROOF,reciprocal-link,papers/06501-07000/06685-PROOF.pdf
6686,A254086,PROOF,monotone-subblock,papers/06501-07000/06686-PROOF.pdf
6687,A254093,PROOF,monotone-subblock,papers/06501-07000/06687-PROOF.pdf
6688,A203087,PROOF,pattern-avoidance,papers/06501-07000/06688-PROOF.pdf
6689,A249705,PROOF,window-condition,papers/06501-07000/06689-PROOF.pdf
6690,A237406,PROOF,subblock-difference,papers/06501-07000/06690-PROOF.pdf
6691,A188742,PROOF,transfer-matrix,papers/06501-07000/06691-PROOF.pdf
6692,A236195,PROOF,subblock-coloring,papers/06501-07000/06692-PROOF.pdf
6693,A236315,PROOF,subblock-coloring,papers/06501-07000/06693-PROOF.pdf
6694,A297798,PROOF,transfer-matrix,papers/06501-07000/06694-PROOF.pdf
6695,A298457,PROOF,transfer-matrix,papers/06501-07000/06695-PROOF.pdf
6696,A298997,PROOF,transfer-matrix,papers/06501-07000/06696-PROOF.pdf
6697,A299550,PROOF,transfer-matrix,papers/06501-07000/06697-PROOF.pdf
6698,A317819,PROOF,transfer-matrix,papers/06501-07000/06698-PROOF.pdf
6699,A318346,PROOF,transfer-matrix,papers/06501-07000/06699-PROOF.pdf
6700,A234147,PROOF,transfer-matrix,papers/06501-07000/06700-PROOF.pdf
6701,A207028,PROOF,transfer-matrix,papers/06501-07000/06701-PROOF.pdf
6702,A236980,PROOF,order-statistic,papers/06501-07000/06702-PROOF.pdf
6703,A248995,PROOF,window-condition,papers/06501-07000/06703-PROOF.pdf
6704,A251153,PROOF,transfer-matrix,papers/06501-07000/06704-PROOF.pdf
6705,A251405,PROOF,transfer-matrix,papers/06501-07000/06705-PROOF.pdf
6706,A236869,PROOF,order-statistic,papers/06501-07000/06706-PROOF.pdf
6707,A237309,PROOF,order-statistic,papers/06501-07000/06707-PROOF.pdf
6708,A252637,PROOF,subblock-3x3,papers/06501-07000/06708-PROOF.pdf
6709,A252520,PROOF,subblock-3x3,papers/06501-07000/06709-PROOF.pdf
6710,A252682,PROOF,subblock-3x3,papers/06501-07000/06710-PROOF.pdf
6711,A252275,PROOF,subblock-3x3,papers/06501-07000/06711-PROOF.pdf
6712,A251946,PROOF,subblock-3x3,papers/06501-07000/06712-PROOF.pdf
6713,A203922,PROOF,transfer-matrix,papers/06501-07000/06713-PROOF.pdf
6714,A274753,PROOF,transfer-matrix,papers/06501-07000/06714-PROOF.pdf
6715,A260013,PROOF,subblock-3x3,papers/06501-07000/06715-PROOF.pdf
6716,A234708,PROOF,transfer-matrix,papers/06501-07000/06716-PROOF.pdf
6717,A237246,PROOF,subblock-difference,papers/06501-07000/06717-PROOF.pdf
6718,A237381,PROOF,subblock-difference,papers/06501-07000/06718-PROOF.pdf
6719,A241331,PROOF,transfer-matrix,papers/06501-07000/06719-PROOF.pdf
6720,A257358,PROOF,subblock-line-sum,papers/06501-07000/06720-PROOF.pdf
6721,A261289,PROOF,subblock-3x3,papers/06501-07000/06721-PROOF.pdf
6722,A300181,PROOF,transfer-matrix,papers/06501-07000/06722-PROOF.pdf
6723,A318342,PROOF,transfer-matrix,papers/06501-07000/06723-PROOF.pdf
6724,A196213,PROOF,transfer-matrix,papers/06501-07000/06724-PROOF.pdf
6725,A231319,PROOF,transfer-matrix,papers/06501-07000/06725-PROOF.pdf
6726,A206471,PROOF,transfer-matrix,papers/06501-07000/06726-PROOF.pdf
6727,A196954,PROOF,transfer-matrix,papers/06501-07000/06727-PROOF.pdf
6728,A196433,PROOF,transfer-matrix,papers/06501-07000/06728-PROOF.pdf
6729,A205156,PROOF,forbidden-run,papers/06501-07000/06729-PROOF.pdf
6730,A231994,PROOF,neighbour-set,papers/06501-07000/06730-PROOF.pdf
6731,A234707,PROOF,transfer-matrix,papers/06501-07000/06731-PROOF.pdf
6732,A317731,PROOF,transfer-matrix,papers/06501-07000/06732-PROOF.pdf
6733,A281536,PROOF,transfer-matrix,papers/06501-07000/06733-PROOF.pdf
6734,A205834,PROOF,edge-count,papers/06501-07000/06734-PROOF.pdf
6735,A251969,PROOF,monotone-statistic,papers/06501-07000/06735-PROOF.pdf
6736,A232339,PROOF,value-neighbour,papers/06501-07000/06736-PROOF.pdf
6737,A205070,PROOF,edge-count,papers/06501-07000/06737-PROOF.pdf
6738,A257356,PROOF,subblock-line-sum,papers/06501-07000/06738-PROOF.pdf
6739,A188847,PROOF,transfer-matrix,papers/06501-07000/06739-PROOF.pdf
6740,A302167,PROOF,transfer-matrix,papers/06501-07000/06740-PROOF.pdf
6741,A255030,PROOF,monotone-subblock,papers/06501-07000/06741-PROOF.pdf
6742,A258561,PROOF,subblock-line-sum,papers/06501-07000/06742-PROOF.pdf
6743,A220625,PROOF,reciprocal-link,papers/06501-07000/06743-PROOF.pdf
6744,A220642,PROOF,reciprocal-link,papers/06501-07000/06744-PROOF.pdf
6745,A231646,PROOF,transfer-matrix,papers/06501-07000/06745-PROOF.pdf
6746,A208037,PROOF,transfer-matrix,papers/06501-07000/06746-PROOF.pdf
6747,A282334,PROOF,king-move,papers/06501-07000/06747-PROOF.pdf
6748,A236699,PROOF,subblock-coloring,papers/06501-07000/06748-PROOF.pdf
6749,A236713,PROOF,subblock-coloring,papers/06501-07000/06749-PROOF.pdf
6750,A236612,PROOF,subblock-coloring,papers/06501-07000/06750-PROOF.pdf
6751,A205949,PROOF,clockwise-perimeter,papers/06501-07000/06751-PROOF.pdf
6752,A282993,PROOF,neighbour-set,papers/06501-07000/06752-PROOF.pdf
6753,A232000,PROOF,neighbour-set,papers/06501-07000/06753-PROOF.pdf
6754,A183400,PROOF,transfer-matrix,papers/06501-07000/06754-PROOF.pdf
6755,A188518,PROOF,transfer-matrix,papers/06501-07000/06755-PROOF.pdf
6756,A207920,PROOF,transfer-matrix,papers/06501-07000/06756-PROOF.pdf
6757,A208025,PROOF,transfer-matrix,papers/06501-07000/06757-PROOF.pdf
6758,A208498,PROOF,transfer-matrix,papers/06501-07000/06758-PROOF.pdf
6759,A220685,PROOF,reciprocal-link,papers/06501-07000/06759-PROOF.pdf
6760,A237931,PROOF,subblock-difference,papers/06501-07000/06760-PROOF.pdf
6761,A298543,PROOF,transfer-matrix,papers/06501-07000/06761-PROOF.pdf
6762,A301953,PROOF,transfer-matrix,papers/06501-07000/06762-PROOF.pdf
6763,A303965,PROOF,transfer-matrix,papers/06501-07000/06763-PROOF.pdf
6764,A305284,PROOF,transfer-matrix,papers/06501-07000/06764-PROOF.pdf
6765,A305343,PROOF,transfer-matrix,papers/06501-07000/06765-PROOF.pdf
6766,A318218,PROOF,transfer-matrix,papers/06501-07000/06766-PROOF.pdf
6767,A205994,PROOF,edge-count,papers/06501-07000/06767-PROOF.pdf
6768,A209956,PROOF,transfer-matrix,papers/06501-07000/06768-PROOF.pdf
6769,A254838,PROOF,monotone-subblock,papers/06501-07000/06769-PROOF.pdf
6770,A220619,PROOF,reciprocal-link,papers/06501-07000/06770-PROOF.pdf
6771,A254235,PROOF,monotone-subblock,papers/06501-07000/06771-PROOF.pdf
6772,A259295,PROOF,clockwise-perimeter,papers/06501-07000/06772-PROOF.pdf
6773,A207585,PROOF,transfer-matrix,papers/06501-07000/06773-PROOF.pdf
6774,A207706,PROOF,transfer-matrix,papers/06501-07000/06774-PROOF.pdf
6775,A207859,PROOF,transfer-matrix,papers/06501-07000/06775-PROOF.pdf
6776,A207695,PROOF,transfer-matrix,papers/06501-07000/06776-PROOF.pdf
6777,A251446,PROOF,transfer-matrix,papers/06501-07000/06777-PROOF.pdf
6778,A237803,PROOF,order-statistic,papers/06501-07000/06778-PROOF.pdf
6779,A231766,PROOF,neighbour-set,papers/06501-07000/06779-PROOF.pdf
6780,A259512,PROOF,clockwise-perimeter,papers/06501-07000/06780-PROOF.pdf
6781,A259521,PROOF,clockwise-perimeter,papers/06501-07000/06781-PROOF.pdf
6782,A241613,PROOF,window-word,papers/06501-07000/06782-PROOF.pdf
6783,A251265,PROOF,transfer-matrix,papers/06501-07000/06783-PROOF.pdf
6784,A251323,PROOF,transfer-matrix,papers/06501-07000/06784-PROOF.pdf
6785,A183807,PROOF,subblock-condition,papers/06501-07000/06785-PROOF.pdf
6786,A140906,PROOF,planepartition-box,papers/06501-07000/06786-PROOF.pdf
6787,A140919,PROOF,planepartition-box,papers/06501-07000/06787-PROOF.pdf
6788,A184193,PROOF,subblock-multiset,papers/06501-07000/06788-PROOF.pdf
6789,A184203,PROOF,subblock-multiset,papers/06501-07000/06789-PROOF.pdf
6790,A275563,PROOF,transfer-matrix,papers/06501-07000/06790-PROOF.pdf
6791,A183716,PROOF,clockwise-perimeter,papers/06501-07000/06791-PROOF.pdf
6792,A252161,PROOF,subblock-3x3,papers/06501-07000/06792-PROOF.pdf
6793,A297313,PROOF,transfer-matrix,papers/06501-07000/06793-PROOF.pdf
6794,A302622,PROOF,transfer-matrix,papers/06501-07000/06794-PROOF.pdf
6795,A197777,PROOF,transfer-matrix,papers/06501-07000/06795-PROOF.pdf
6796,A206410,PROOF,perimeter-cycle,papers/06501-07000/06796-PROOF.pdf
6797,A281562,PROOF,transfer-matrix,papers/06501-07000/06797-PROOF.pdf
6798,A253745,PROOF,monotone-subblock,papers/06501-07000/06798-PROOF.pdf
6799,A197370,PROOF,transfer-matrix,papers/06501-07000/06799-PROOF.pdf
6800,A202885,PROOF,transfer-matrix,papers/06501-07000/06800-PROOF.pdf
6801,A221822,PROOF,transfer-matrix,papers/06501-07000/06801-PROOF.pdf
6802,A251898,PROOF,subblock-line-sum,papers/06501-07000/06802-PROOF.pdf
6803,A255658,PROOF,window-word,papers/06501-07000/06803-PROOF.pdf
6804,A302168,PROOF,transfer-matrix,papers/06501-07000/06804-PROOF.pdf
6805,A234120,PROOF,transfer-matrix,papers/06501-07000/06805-PROOF.pdf
6806,A253744,PROOF,monotone-subblock,papers/06501-07000/06806-PROOF.pdf
6807,A251188,PROOF,monotone-statistic,papers/06501-07000/06807-PROOF.pdf
6808,A197213,PROOF,transfer-matrix,papers/06501-07000/06808-PROOF.pdf
6809,A254973,PROOF,subblock-3x3,papers/06501-07000/06809-PROOF.pdf
6810,A295844,PROOF,transfer-matrix,papers/06501-07000/06810-PROOF.pdf
6811,A297730,PROOF,transfer-matrix,papers/06501-07000/06811-PROOF.pdf
6812,A207767,PROOF,transfer-matrix,papers/06501-07000/06812-PROOF.pdf
6813,A232276,PROOF,transfer-matrix,papers/06501-07000/06813-PROOF.pdf
6814,A237078,PROOF,subblock-coloring,papers/06501-07000/06814-PROOF.pdf
6815,A258524,PROOF,monotone-subblock,papers/06501-07000/06815-PROOF.pdf
6816,A207562,PROOF,transfer-matrix,papers/06501-07000/06816-PROOF.pdf
6817,A207948,PROOF,transfer-matrix,papers/06501-07000/06817-PROOF.pdf
6818,A235242,PROOF,transfer-matrix,papers/06501-07000/06818-PROOF.pdf
6819,A234171,PROOF,transfer-matrix,papers/06501-07000/06819-PROOF.pdf
6820,A234186,PROOF,transfer-matrix,papers/06501-07000/06820-PROOF.pdf
6821,A186056,PROOF,subblock-3x3,papers/06501-07000/06821-PROOF.pdf
6822,A188853,PROOF,transfer-matrix,papers/06501-07000/06822-PROOF.pdf
6823,A250671,PROOF,monotone-statistic,papers/06501-07000/06823-PROOF.pdf
6824,A296735,PROOF,transfer-matrix,papers/06501-07000/06824-PROOF.pdf
6825,A296823,PROOF,transfer-matrix,papers/06501-07000/06825-PROOF.pdf
6826,A298089,PROOF,transfer-matrix,papers/06501-07000/06826-PROOF.pdf
6827,A298663,PROOF,transfer-matrix,papers/06501-07000/06827-PROOF.pdf
6828,A301844,PROOF,transfer-matrix,papers/06501-07000/06828-PROOF.pdf
6829,A302885,PROOF,transfer-matrix,papers/06501-07000/06829-PROOF.pdf
6830,A303892,PROOF,transfer-matrix,papers/06501-07000/06830-PROOF.pdf
6831,A305765,PROOF,transfer-matrix,papers/06501-07000/06831-PROOF.pdf
6832,A317114,PROOF,transfer-matrix,papers/06501-07000/06832-PROOF.pdf
6833,A234202,PROOF,transfer-matrix,papers/06501-07000/06833-PROOF.pdf
6834,A209654,PROOF,transfer-matrix,papers/06501-07000/06834-PROOF.pdf
6835,A251199,PROOF,transfer-matrix,papers/06501-07000/06835-PROOF.pdf
6836,A251509,PROOF,transfer-matrix,papers/06501-07000/06836-PROOF.pdf
6837,A207468,PROOF,transfer-matrix,papers/06501-07000/06837-PROOF.pdf
6838,A236783,PROOF,order-statistic,papers/06501-07000/06838-PROOF.pdf
6839,A207238,PROOF,transfer-matrix,papers/06501-07000/06839-PROOF.pdf
6840,A207444,PROOF,transfer-matrix,papers/06501-07000/06840-PROOF.pdf
6841,A140909,PROOF,planepartition-box,papers/06501-07000/06841-PROOF.pdf
6842,A259741,PROOF,subblock-3x3,papers/06501-07000/06842-PROOF.pdf
6843,A275181,PROOF,transfer-matrix,papers/06501-07000/06843-PROOF.pdf
6844,A236016,PROOF,subblock-coloring,papers/06501-07000/06844-PROOF.pdf
6845,A252124,PROOF,subblock-3x3,papers/06501-07000/06845-PROOF.pdf
6846,A252508,PROOF,subblock-3x3,papers/06501-07000/06846-PROOF.pdf
6847,A264284,PROOF,transfer-matrix,papers/06501-07000/06847-PROOF.pdf
6848,A264343,PROOF,transfer-matrix,papers/06501-07000/06848-PROOF.pdf
6849,A236053,PROOF,subblock-coloring,papers/06501-07000/06849-PROOF.pdf
6850,A237232,PROOF,subblock-difference,papers/06501-07000/06850-PROOF.pdf
6851,A188704,PROOF,transfer-matrix,papers/06501-07000/06851-PROOF.pdf
6852,A228759,PROOF,transfer-matrix,papers/06501-07000/06852-PROOF.pdf
6853,A317516,PROOF,transfer-matrix,papers/06501-07000/06853-PROOF.pdf
6854,A197404,PROOF,transfer-matrix,papers/06501-07000/06854-PROOF.pdf
6855,A197426,PROOF,transfer-matrix,papers/06501-07000/06855-PROOF.pdf
6856,A205732,PROOF,edge-count,papers/06501-07000/06856-PROOF.pdf
6857,A232134,PROOF,transfer-matrix,papers/06501-07000/06857-PROOF.pdf
6858,A230271,PROOF,transfer-matrix,papers/06501-07000/06858-PROOF.pdf
6859,A231415,PROOF,transfer-matrix,papers/06501-07000/06859-PROOF.pdf
6860,A203096,PROOF,transfer-matrix,papers/06501-07000/06860-PROOF.pdf
6861,A236446,PROOF,subblock-coloring,papers/06501-07000/06861-PROOF.pdf
6862,A197338,PROOF,transfer-matrix,papers/06501-07000/06862-PROOF.pdf
6863,A196649,PROOF,transfer-matrix,papers/06501-07000/06863-PROOF.pdf
6864,A255086,PROOF,subblock-3x3,papers/06501-07000/06864-PROOF.pdf
6865,A260101,PROOF,subblock-3x3,papers/06501-07000/06865-PROOF.pdf
6866,A298143,PROOF,transfer-matrix,papers/06501-07000/06866-PROOF.pdf
6867,A303185,PROOF,transfer-matrix,papers/06501-07000/06867-PROOF.pdf
6868,A303327,PROOF,transfer-matrix,papers/06501-07000/06868-PROOF.pdf
6869,A304923,PROOF,transfer-matrix,papers/06501-07000/06869-PROOF.pdf
6870,A304928,PROOF,transfer-matrix,papers/06501-07000/06870-PROOF.pdf
6871,A305242,PROOF,transfer-matrix,papers/06501-07000/06871-PROOF.pdf
6872,A207878,PROOF,transfer-matrix,papers/06501-07000/06872-PROOF.pdf
6873,A282437,PROOF,king-move,papers/06501-07000/06873-PROOF.pdf
6874,A283946,PROOF,neighbour-set,papers/06501-07000/06874-PROOF.pdf
6875,A283199,PROOF,neighbour-set,papers/06501-07000/06875-PROOF.pdf
6876,A234551,PROOF,transfer-matrix,papers/06501-07000/06876-PROOF.pdf
6877,A238176,PROOF,order-statistic,papers/06501-07000/06877-PROOF.pdf
6878,A297081,PROOF,king-move,papers/06501-07000/06878-PROOF.pdf
6879,A231511,PROOF,transfer-matrix,papers/06501-07000/06879-PROOF.pdf
6880,A233787,PROOF,transfer-matrix,papers/06501-07000/06880-PROOF.pdf
6881,A236501,PROOF,subblock-coloring,papers/06501-07000/06881-PROOF.pdf
6882,A238140,PROOF,subblock-difference,papers/06501-07000/06882-PROOF.pdf
6883,A295036,PROOF,transfer-matrix,papers/06501-07000/06883-PROOF.pdf
6884,A297610,PROOF,transfer-matrix,papers/06501-07000/06884-PROOF.pdf
6885,A298440,PROOF,transfer-matrix,papers/06501-07000/06885-PROOF.pdf
6886,A298585,PROOF,transfer-matrix,papers/06501-07000/06886-PROOF.pdf
6887,A299517,PROOF,transfer-matrix,papers/06501-07000/06887-PROOF.pdf
6888,A299577,PROOF,transfer-matrix,papers/06501-07000/06888-PROOF.pdf
6889,A304844,PROOF,transfer-matrix,papers/06501-07000/06889-PROOF.pdf
6890,A316541,PROOF,transfer-matrix,papers/06501-07000/06890-PROOF.pdf
6891,A316928,PROOF,transfer-matrix,papers/06501-07000/06891-PROOF.pdf
6892,A250998,PROOF,monotone-statistic,papers/06501-07000/06892-PROOF.pdf
6893,A207905,PROOF,transfer-matrix,papers/06501-07000/06893-PROOF.pdf
6894,A250137,PROOF,window-condition,papers/06501-07000/06894-PROOF.pdf
6895,A207497,PROOF,transfer-matrix,papers/06501-07000/06895-PROOF.pdf
6896,A207370,PROOF,transfer-matrix,papers/06501-07000/06896-PROOF.pdf
6897,A207395,PROOF,transfer-matrix,papers/06501-07000/06897-PROOF.pdf
6898,A228802,PROOF,transfer-matrix,papers/06501-07000/06898-PROOF.pdf
6899,A201085,PROOF,window-condition,papers/06501-07000/06899-PROOF.pdf
6900,A207271,PROOF,transfer-matrix,papers/06501-07000/06900-PROOF.pdf
6901,A250977,PROOF,transfer-matrix,papers/06501-07000/06901-PROOF.pdf
6902,A251014,PROOF,transfer-matrix,papers/06501-07000/06902-PROOF.pdf
6903,A258887,PROOF,subblock-line-sum,papers/06501-07000/06903-PROOF.pdf
6904,A237688,PROOF,order-statistic,papers/06501-07000/06904-PROOF.pdf
6905,A207071,PROOF,transfer-matrix,papers/06501-07000/06905-PROOF.pdf
6906,A236813,PROOF,order-statistic,papers/06501-07000/06906-PROOF.pdf
6907,A240771,PROOF,neighbour-condition,papers/06501-07000/06907-PROOF.pdf
6908,A204051,PROOF,transfer-matrix,papers/06501-07000/06908-PROOF.pdf
6909,A252347,PROOF,subblock-3x3,papers/06501-07000/06909-PROOF.pdf
6910,A252635,PROOF,subblock-3x3,papers/06501-07000/06910-PROOF.pdf
6911,A223948,PROOF,transfer-matrix,papers/06501-07000/06911-PROOF.pdf
6912,A251823,PROOF,subblock-line-sum,papers/06501-07000/06912-PROOF.pdf
6913,A252346,PROOF,subblock-3x3,papers/06501-07000/06913-PROOF.pdf
6914,A252427,PROOF,subblock-3x3,papers/06501-07000/06914-PROOF.pdf
6915,A252673,PROOF,subblock-3x3,papers/06501-07000/06915-PROOF.pdf
6916,A264424,PROOF,transfer-matrix,papers/06501-07000/06916-PROOF.pdf
6917,A208397,PROOF,transfer-matrix,papers/06501-07000/06917-PROOF.pdf
6918,A232305,PROOF,value-neighbour,papers/06501-07000/06918-PROOF.pdf
6919,A234416,PROOF,transfer-matrix,papers/06501-07000/06919-PROOF.pdf
6920,A252345,PROOF,subblock-3x3,papers/06501-07000/06920-PROOF.pdf
6921,A252575,PROOF,subblock-3x3,papers/06501-07000/06921-PROOF.pdf
6922,A260837,PROOF,subblock-3x3,papers/06501-07000/06922-PROOF.pdf
6923,A250940,PROOF,monotone-statistic,papers/06501-07000/06923-PROOF.pdf
6924,A188750,PROOF,transfer-matrix,papers/06501-07000/06924-PROOF.pdf
6925,A297461,PROOF,transfer-matrix,papers/06501-07000/06925-PROOF.pdf
6926,A303194,PROOF,transfer-matrix,papers/06501-07000/06926-PROOF.pdf
6927,A303322,PROOF,transfer-matrix,papers/06501-07000/06927-PROOF.pdf
6928,A304601,PROOF,transfer-matrix,papers/06501-07000/06928-PROOF.pdf
6929,A316950,PROOF,transfer-matrix,papers/06501-07000/06929-PROOF.pdf
6930,A317738,PROOF,transfer-matrix,papers/06501-07000/06930-PROOF.pdf
6931,A317770,PROOF,transfer-matrix,papers/06501-07000/06931-PROOF.pdf
6932,A251069,PROOF,transfer-matrix,papers/06501-07000/06932-PROOF.pdf
6933,A206123,PROOF,edge-count,papers/06501-07000/06933-PROOF.pdf
6934,A254384,PROOF,monotone-subblock,papers/06501-07000/06934-PROOF.pdf
6935,A206537,PROOF,clockwise-perimeter,papers/06501-07000/06935-PROOF.pdf
6936,A202773,PROOF,pattern-avoidance,papers/06501-07000/06936-PROOF.pdf
6937,A237862,PROOF,subblock-difference,papers/06501-07000/06937-PROOF.pdf
6938,A188690,PROOF,transfer-matrix,papers/06501-07000/06938-PROOF.pdf
6939,A232050,PROOF,transfer-matrix,papers/06501-07000/06939-PROOF.pdf
6940,A278090,PROOF,transfer-matrix,papers/06501-07000/06940-PROOF.pdf
6941,A297758,PROOF,transfer-matrix,papers/06501-07000/06941-PROOF.pdf
6942,A299138,PROOF,transfer-matrix,papers/06501-07000/06942-PROOF.pdf
6943,A299933,PROOF,transfer-matrix,papers/06501-07000/06943-PROOF.pdf
6944,A209947,PROOF,transfer-matrix,papers/06501-07000/06944-PROOF.pdf
6945,A250588,PROOF,monotone-statistic,papers/06501-07000/06945-PROOF.pdf
6946,A250636,PROOF,monotone-statistic,papers/06501-07000/06946-PROOF.pdf
6947,A250990,PROOF,monotone-statistic,papers/06501-07000/06947-PROOF.pdf
6948,A251331,PROOF,transfer-matrix,papers/06501-07000/06948-PROOF.pdf
6949,A207439,PROOF,transfer-matrix,papers/06501-07000/06949-PROOF.pdf
6950,A207887,PROOF,transfer-matrix,papers/06501-07000/06950-PROOF.pdf
6951,A283786,PROOF,neighbour-set,papers/06501-07000/06951-PROOF.pdf
6952,A207090,PROOF,transfer-matrix,papers/06501-07000/06952-PROOF.pdf
6953,A254982,PROOF,monotone-subblock,papers/06501-07000/06953-PROOF.pdf
6954,A282964,PROOF,neighbour-set,papers/06501-07000/06954-PROOF.pdf
6955,A203104,PROOF,adjacency-precedence,papers/06501-07000/06955-PROOF.pdf
6956,A208160,PROOF,transfer-matrix,papers/06501-07000/06956-PROOF.pdf
6957,A237204,PROOF,order-statistic,papers/06501-07000/06957-PROOF.pdf
6958,A251289,PROOF,transfer-matrix,papers/06501-07000/06958-PROOF.pdf
6959,A140935,PROOF,planepartition-box,papers/06501-07000/06959-PROOF.pdf
6960,A252317,PROOF,subblock-3x3,papers/06501-07000/06960-PROOF.pdf
6961,A264061,PROOF,transfer-matrix,papers/06501-07000/06961-PROOF.pdf
6962,A251677,PROOF,subblock-line-sum,papers/06501-07000/06962-PROOF.pdf
6963,A260204,PROOF,subblock-3x3,papers/06501-07000/06963-PROOF.pdf
6964,A196295,PROOF,transfer-matrix,papers/06501-07000/06964-PROOF.pdf
6965,A197202,PROOF,transfer-matrix,papers/06501-07000/06965-PROOF.pdf
6966,A197608,PROOF,transfer-matrix,papers/06501-07000/06966-PROOF.pdf
6967,A197800,PROOF,transfer-matrix,papers/06501-07000/06967-PROOF.pdf
6968,A232147,PROOF,value-neighbour,papers/06501-07000/06968-PROOF.pdf
6969,A230671,PROOF,transfer-matrix,papers/06501-07000/06969-PROOF.pdf
6970,A253697,PROOF,subblock-statistic-neighbour,papers/06501-07000/06970-PROOF.pdf
6971,A301882,PROOF,transfer-matrix,papers/06501-07000/06971-PROOF.pdf
6972,A301997,PROOF,transfer-matrix,papers/06501-07000/06972-PROOF.pdf
6973,A302013,PROOF,transfer-matrix,papers/06501-07000/06973-PROOF.pdf
6974,A302079,PROOF,transfer-matrix,papers/06501-07000/06974-PROOF.pdf
6975,A303959,PROOF,transfer-matrix,papers/06501-07000/06975-PROOF.pdf
6976,A281561,PROOF,transfer-matrix,papers/06501-07000/06976-PROOF.pdf
6977,A281650,PROOF,transfer-matrix,papers/06501-07000/06977-PROOF.pdf
6978,A223427,PROOF,transfer-matrix,papers/06501-07000/06978-PROOF.pdf
6979,A195974,PROOF,transfer-matrix,papers/06501-07000/06979-PROOF.pdf
6980,A183340,PROOF,adjacency-precedence,papers/06501-07000/06980-PROOF.pdf
6981,A237319,PROOF,subblock-difference,papers/06501-07000/06981-PROOF.pdf
6982,A250438,PROOF,monotone-statistic,papers/06501-07000/06982-PROOF.pdf
6983,A279707,PROOF,transfer-matrix,papers/06501-07000/06983-PROOF.pdf
6984,A189107,PROOF,transfer-matrix,papers/06501-07000/06984-PROOF.pdf
6985,A260762,PROOF,subblock-3x3,papers/06501-07000/06985-PROOF.pdf
6986,A297302,PROOF,transfer-matrix,papers/06501-07000/06986-PROOF.pdf
6987,A304299,PROOF,transfer-matrix,papers/06501-07000/06987-PROOF.pdf
6988,A305337,PROOF,transfer-matrix,papers/06501-07000/06988-PROOF.pdf
6989,A283547,PROOF,neighbour-set,papers/06501-07000/06989-PROOF.pdf
6990,A234055,PROOF,forbidden-run,papers/06501-07000/06990-PROOF.pdf
6991,A235908,PROOF,minmax-median,papers/06501-07000/06991-PROOF.pdf
6992,A250431,PROOF,monotone-statistic,papers/06501-07000/06992-PROOF.pdf
6993,A206933,PROOF,transfer-matrix,papers/06501-07000/06993-PROOF.pdf
6994,A184140,PROOF,transfer-matrix,papers/06501-07000/06994-PROOF.pdf
6995,A254261,PROOF,monotone-subblock,papers/06501-07000/06995-PROOF.pdf
6996,A254300,PROOF,monotone-subblock,papers/06501-07000/06996-PROOF.pdf
6997,A207883,PROOF,transfer-matrix,papers/06501-07000/06997-PROOF.pdf
6998,A236059,PROOF,subblock-coloring,papers/06501-07000/06998-PROOF.pdf
6999,A233886,PROOF,transfer-matrix,papers/06501-07000/06999-PROOF.pdf
7000,A237326,PROOF,subblock-difference,papers/06501-07000/07000-PROOF.pdf
7001,A202642,PROOF,pattern-avoidance,papers/07001-07500/07001-PROOF.pdf
7002,A204194,PROOF,forbidden-run,papers/07001-07500/07002-PROOF.pdf
7003,A232319,PROOF,cell-condition,papers/07001-07500/07003-PROOF.pdf
7004,A205090,PROOF,edge-count,papers/07001-07500/07004-PROOF.pdf
7005,A237780,PROOF,subblock-difference,papers/07001-07500/07005-PROOF.pdf
7006,A238293,PROOF,subblock-difference,papers/07001-07500/07006-PROOF.pdf
7007,A251502,PROOF,transfer-matrix,papers/07001-07500/07007-PROOF.pdf
7008,A297515,PROOF,transfer-matrix,papers/07001-07500/07008-PROOF.pdf
7009,A297603,PROOF,transfer-matrix,papers/07001-07500/07009-PROOF.pdf
7010,A297633,PROOF,transfer-matrix,papers/07001-07500/07010-PROOF.pdf
7011,A297854,PROOF,transfer-matrix,papers/07001-07500/07011-PROOF.pdf
7012,A298571,PROOF,transfer-matrix,papers/07001-07500/07012-PROOF.pdf
7013,A302666,PROOF,transfer-matrix,papers/07001-07500/07013-PROOF.pdf
7014,A253834,PROOF,monotone-subblock,papers/07001-07500/07014-PROOF.pdf
7015,A283381,PROOF,neighbour-set,papers/07001-07500/07015-PROOF.pdf
7016,A254161,PROOF,monotone-subblock,papers/07001-07500/07016-PROOF.pdf
7017,A207114,PROOF,transfer-matrix,papers/07001-07500/07017-PROOF.pdf
7018,A220550,PROOF,reciprocal-link,papers/07001-07500/07018-PROOF.pdf
7019,A220566,PROOF,reciprocal-link,papers/07001-07500/07019-PROOF.pdf
7020,A259424,PROOF,clockwise-perimeter,papers/07001-07500/07020-PROOF.pdf
7021,A251039,PROOF,monotone-statistic,papers/07001-07500/07021-PROOF.pdf
7022,A251216,PROOF,transfer-matrix,papers/07001-07500/07022-PROOF.pdf
7023,A300634,PROOF,transfer-matrix,papers/07001-07500/07023-PROOF.pdf
7024,A318209,PROOF,transfer-matrix,papers/07001-07500/07024-PROOF.pdf
7025,A295202,PROOF,neighbour-condition,papers/07001-07500/07025-PROOF.pdf
7026,A265967,PROOF,parity-difference,papers/07001-07500/07026-PROOF.pdf
7027,A183548,PROOF,neighbour-reach,papers/07001-07500/07027-PROOF.pdf
7028,A202416,PROOF,local-array-condition,papers/07001-07500/07028-PROOF.pdf
7029,A140913,PROOF,planepartition-box,papers/07001-07500/07029-PROOF.pdf
7030,A229400,PROOF,parity-difference,papers/07001-07500/07030-PROOF.pdf
7031,A183317,PROOF,parity-difference,papers/07001-07500/07031-PROOF.pdf
7032,A185862,PROOF,transfer-matrix,papers/07001-07500/07032-PROOF.pdf
7033,A251773,PROOF,subblock-line-sum,papers/07001-07500/07033-PROOF.pdf
7034,A261263,PROOF,subblock-3x3,papers/07001-07500/07034-PROOF.pdf
7035,A301661,PROOF,transfer-matrix,papers/07001-07500/07035-PROOF.pdf
7036,A302685,PROOF,transfer-matrix,papers/07001-07500/07036-PROOF.pdf
7037,A223411,PROOF,transfer-matrix,papers/07001-07500/07037-PROOF.pdf
7038,A196783,PROOF,transfer-matrix,papers/07001-07500/07038-PROOF.pdf
7039,A196860,PROOF,transfer-matrix,papers/07001-07500/07039-PROOF.pdf
7040,A241366,PROOF,transfer-matrix,papers/07001-07500/07040-PROOF.pdf
7041,A251976,PROOF,subblock-line-sum,papers/07001-07500/07041-PROOF.pdf
7042,A251993,PROOF,subblock-line-sum,papers/07001-07500/07042-PROOF.pdf
7043,A183505,PROOF,cell-condition,papers/07001-07500/07043-PROOF.pdf
7044,A234487,PROOF,transfer-matrix,papers/07001-07500/07044-PROOF.pdf
7045,A234699,PROOF,transfer-matrix,papers/07001-07500/07045-PROOF.pdf
7046,A297399,PROOF,transfer-matrix,papers/07001-07500/07046-PROOF.pdf
7047,A303419,PROOF,transfer-matrix,papers/07001-07500/07047-PROOF.pdf
7048,A208687,PROOF,transfer-matrix,papers/07001-07500/07048-PROOF.pdf
7049,A207728,PROOF,transfer-matrix,papers/07001-07500/07049-PROOF.pdf
7050,A196318,PROOF,transfer-matrix,papers/07001-07500/07050-PROOF.pdf
7051,A196339,PROOF,transfer-matrix,papers/07001-07500/07051-PROOF.pdf
7052,A183731,PROOF,clockwise-perimeter,papers/07001-07500/07052-PROOF.pdf
7053,A282525,PROOF,king-move,papers/07001-07500/07053-PROOF.pdf
7054,A299651,PROOF,transfer-matrix,papers/07001-07500/07054-PROOF.pdf
7055,A301440,PROOF,transfer-matrix,papers/07001-07500/07055-PROOF.pdf
7056,A302418,PROOF,transfer-matrix,papers/07001-07500/07056-PROOF.pdf
7057,A232297,PROOF,value-neighbour,papers/07001-07500/07057-PROOF.pdf
7058,A239180,PROOF,neighbour-set,papers/07001-07500/07058-PROOF.pdf
7059,A208686,PROOF,transfer-matrix,papers/07001-07500/07059-PROOF.pdf
7060,A207727,PROOF,transfer-matrix,papers/07001-07500/07060-PROOF.pdf
7061,A246888,PROOF,window-condition,papers/07001-07500/07061-PROOF.pdf
7062,A234668,PROOF,transfer-matrix,papers/07001-07500/07062-PROOF.pdf
7063,A234706,PROOF,transfer-matrix,papers/07001-07500/07063-PROOF.pdf
7064,A236350,PROOF,subblock-coloring,papers/07001-07500/07064-PROOF.pdf
7065,A208700,PROOF,transfer-matrix,papers/07001-07500/07065-PROOF.pdf
7066,A209731,PROOF,transfer-matrix,papers/07001-07500/07066-PROOF.pdf
7067,A231840,PROOF,transfer-matrix,papers/07001-07500/07067-PROOF.pdf
7068,A236620,PROOF,subblock-coloring,papers/07001-07500/07068-PROOF.pdf
7069,A278153,PROOF,transfer-matrix,papers/07001-07500/07069-PROOF.pdf
7070,A297341,PROOF,transfer-matrix,papers/07001-07500/07070-PROOF.pdf
7071,A297522,PROOF,transfer-matrix,papers/07001-07500/07071-PROOF.pdf
7072,A297919,PROOF,transfer-matrix,papers/07001-07500/07072-PROOF.pdf
7073,A299369,PROOF,transfer-matrix,papers/07001-07500/07073-PROOF.pdf
7074,A302411,PROOF,transfer-matrix,papers/07001-07500/07074-PROOF.pdf
7075,A303178,PROOF,transfer-matrix,papers/07001-07500/07075-PROOF.pdf
7076,A303686,PROOF,transfer-matrix,papers/07001-07500/07076-PROOF.pdf
7077,A304763,PROOF,transfer-matrix,papers/07001-07500/07077-PROOF.pdf
7078,A233640,PROOF,transfer-matrix,papers/07001-07500/07078-PROOF.pdf
7079,A250384,PROOF,window-condition,papers/07001-07500/07079-PROOF.pdf
7080,A207963,PROOF,transfer-matrix,papers/07001-07500/07080-PROOF.pdf
7081,A207485,PROOF,transfer-matrix,papers/07001-07500/07081-PROOF.pdf
7082,A259248,PROOF,clockwise-perimeter,papers/07001-07500/07082-PROOF.pdf
7083,A251256,PROOF,transfer-matrix,papers/07001-07500/07083-PROOF.pdf
7084,A234976,PROOF,transfer-matrix,papers/07001-07500/07084-PROOF.pdf
7085,A236878,PROOF,order-statistic,papers/07001-07500/07085-PROOF.pdf
7086,A250922,PROOF,transfer-matrix,papers/07001-07500/07086-PROOF.pdf
7087,A251005,PROOF,transfer-matrix,papers/07001-07500/07087-PROOF.pdf
7088,A250970,PROOF,transfer-matrix,papers/07001-07500/07088-PROOF.pdf
7089,A251097,PROOF,transfer-matrix,papers/07001-07500/07089-PROOF.pdf
7090,A300430,PROOF,transfer-matrix,papers/07001-07500/07090-PROOF.pdf
7091,A300939,PROOF,transfer-matrix,papers/07001-07500/07091-PROOF.pdf
7092,A301356,PROOF,transfer-matrix,papers/07001-07500/07092-PROOF.pdf
7093,A318547,PROOF,transfer-matrix,papers/07001-07500/07093-PROOF.pdf
7094,A183841,PROOF,subblock-condition,papers/07001-07500/07094-PROOF.pdf
7095,A183589,PROOF,subblock-multiset,papers/07001-07500/07095-PROOF.pdf
7096,A252612,PROOF,subblock-3x3,papers/07001-07500/07096-PROOF.pdf
7097,A251945,PROOF,subblock-3x3,papers/07001-07500/07097-PROOF.pdf
7098,A252143,PROOF,subblock-3x3,papers/07001-07500/07098-PROOF.pdf
7099,A252410,PROOF,subblock-3x3,papers/07001-07500/07099-PROOF.pdf
7100,A252418,PROOF,subblock-3x3,papers/07001-07500/07100-PROOF.pdf
7101,A252436,PROOF,subblock-3x3,papers/07001-07500/07101-PROOF.pdf
7102,A252610,PROOF,subblock-3x3,papers/07001-07500/07102-PROOF.pdf
7103,A274726,PROOF,transfer-matrix,papers/07001-07500/07103-PROOF.pdf
7104,A252417,PROOF,subblock-3x3,papers/07001-07500/07104-PROOF.pdf
7105,A259640,PROOF,subblock-3x3,papers/07001-07500/07105-PROOF.pdf
7106,A260136,PROOF,subblock-3x3,papers/07001-07500/07106-PROOF.pdf
7107,A264197,PROOF,transfer-matrix,papers/07001-07500/07107-PROOF.pdf
7108,A234724,PROOF,transfer-matrix,papers/07001-07500/07108-PROOF.pdf
7109,A185768,PROOF,matrix-subblock,papers/07001-07500/07109-PROOF.pdf
7110,A270147,PROOF,transfer-matrix,papers/07001-07500/07110-PROOF.pdf
7111,A204601,PROOF,subblock-3x3,papers/07001-07500/07111-PROOF.pdf
7112,A252059,PROOF,subblock-3x3,papers/07001-07500/07112-PROOF.pdf
7113,A204680,PROOF,forbidden-run,papers/07001-07500/07113-PROOF.pdf
7114,A282645,PROOF,king-move,papers/07001-07500/07114-PROOF.pdf
7115,A230836,PROOF,transfer-matrix,papers/07001-07500/07115-PROOF.pdf
7116,A234723,PROOF,transfer-matrix,papers/07001-07500/07116-PROOF.pdf
7117,A298961,PROOF,transfer-matrix,papers/07001-07500/07117-PROOF.pdf
7118,A223339,PROOF,transfer-matrix,papers/07001-07500/07118-PROOF.pdf
7119,A255621,PROOF,window-condition,papers/07001-07500/07119-PROOF.pdf
7120,A183349,PROOF,adjacency-precedence,papers/07001-07500/07120-PROOF.pdf
7121,A185464,PROOF,matrix-subblock,papers/07001-07500/07121-PROOF.pdf
7122,A258676,PROOF,subblock-line-sum,papers/07001-07500/07122-PROOF.pdf
7123,A232072,PROOF,cell-condition,papers/07001-07500/07123-PROOF.pdf
7124,A197086,PROOF,transfer-matrix,papers/07001-07500/07124-PROOF.pdf
7125,A260172,PROOF,subblock-3x3,papers/07001-07500/07125-PROOF.pdf
7126,A260496,PROOF,subblock-3x3,papers/07001-07500/07126-PROOF.pdf
7127,A297579,PROOF,transfer-matrix,papers/07001-07500/07127-PROOF.pdf
7128,A297679,PROOF,transfer-matrix,papers/07001-07500/07128-PROOF.pdf
7129,A205833,PROOF,edge-count,papers/07001-07500/07129-PROOF.pdf
7130,A250910,PROOF,transfer-matrix,papers/07001-07500/07130-PROOF.pdf
7131,A205069,PROOF,edge-count,papers/07001-07500/07131-PROOF.pdf
7132,A234722,PROOF,transfer-matrix,papers/07001-07500/07132-PROOF.pdf
7133,A232156,PROOF,value-neighbour,papers/07001-07500/07133-PROOF.pdf
7134,A206182,PROOF,clockwise-perimeter,papers/07001-07500/07134-PROOF.pdf
7135,A283038,PROOF,neighbour-set,papers/07001-07500/07135-PROOF.pdf
7136,A236593,PROOF,subblock-coloring,papers/07001-07500/07136-PROOF.pdf
7137,A237786,PROOF,subblock-difference,papers/07001-07500/07137-PROOF.pdf
7138,A237922,PROOF,subblock-difference,papers/07001-07500/07138-PROOF.pdf
7139,A258519,PROOF,monotone-subblock,papers/07001-07500/07139-PROOF.pdf
7140,A297885,PROOF,transfer-matrix,papers/07001-07500/07140-PROOF.pdf
7141,A298276,PROOF,transfer-matrix,papers/07001-07500/07141-PROOF.pdf
7142,A299077,PROOF,transfer-matrix,papers/07001-07500/07142-PROOF.pdf
7143,A302220,PROOF,transfer-matrix,papers/07001-07500/07143-PROOF.pdf
7144,A316179,PROOF,transfer-matrix,papers/07001-07500/07144-PROOF.pdf
7145,A317898,PROOF,transfer-matrix,papers/07001-07500/07145-PROOF.pdf
7146,A251206,PROOF,transfer-matrix,papers/07001-07500/07146-PROOF.pdf
7147,A249704,PROOF,window-condition,papers/07001-07500/07147-PROOF.pdf
7148,A282372,PROOF,king-move,papers/07001-07500/07148-PROOF.pdf
7149,A202586,PROOF,pattern-avoidance,papers/07001-07500/07149-PROOF.pdf
7150,A237162,PROOF,order-statistic,papers/07001-07500/07150-PROOF.pdf
7151,A236888,PROOF,order-statistic,papers/07001-07500/07151-PROOF.pdf
7152,A283779,PROOF,neighbour-set,papers/07001-07500/07152-PROOF.pdf
7153,A204835,PROOF,matrix-subblock,papers/07001-07500/07153-PROOF.pdf
7154,A203349,PROOF,pattern-avoidance,papers/07001-07500/07154-PROOF.pdf
7155,A237475,PROOF,order-statistic,papers/07001-07500/07155-PROOF.pdf
7156,A236822,PROOF,order-statistic,papers/07001-07500/07156-PROOF.pdf
7157,A237143,PROOF,order-statistic,papers/07001-07500/07157-PROOF.pdf
7158,A250701,PROOF,monotone-statistic,papers/07001-07500/07158-PROOF.pdf
7159,A300600,PROOF,transfer-matrix,papers/07001-07500/07159-PROOF.pdf
7160,A301907,PROOF,transfer-matrix,papers/07001-07500/07160-PROOF.pdf
7161,A318032,PROOF,transfer-matrix,papers/07001-07500/07161-PROOF.pdf
7162,A220677,PROOF,reciprocal-link,papers/07001-07500/07162-PROOF.pdf
7163,A230944,PROOF,white-squares,papers/07001-07500/07163-PROOF.pdf
7164,A237482,PROOF,order-statistic,papers/07001-07500/07164-PROOF.pdf
7165,A202485,PROOF,pattern-avoidance,papers/07001-07500/07165-PROOF.pdf
7166,A140905,PROOF,planepartition-box,papers/07001-07500/07166-PROOF.pdf
7167,A140926,PROOF,planepartition-box,papers/07001-07500/07167-PROOF.pdf
7168,A204149,PROOF,transfer-matrix,papers/07001-07500/07168-PROOF.pdf
7169,A231835,PROOF,transfer-matrix,papers/07001-07500/07169-PROOF.pdf
7170,A232402,PROOF,cell-condition,papers/07001-07500/07170-PROOF.pdf
7171,A252027,PROOF,subblock-3x3,papers/07001-07500/07171-PROOF.pdf
7172,A206070,PROOF,transfer-matrix,papers/07001-07500/07172-PROOF.pdf
7173,A234686,PROOF,transfer-matrix,papers/07001-07500/07173-PROOF.pdf
7174,A196702,PROOF,transfer-matrix,papers/07001-07500/07174-PROOF.pdf
7175,A196851,PROOF,transfer-matrix,papers/07001-07500/07175-PROOF.pdf
7176,A196945,PROOF,transfer-matrix,papers/07001-07500/07176-PROOF.pdf
7177,A254841,PROOF,monotone-subblock,papers/07001-07500/07177-PROOF.pdf
7178,A255759,PROOF,monotone-subblock,papers/07001-07500/07178-PROOF.pdf
7179,A282272,PROOF,transfer-matrix,papers/07001-07500/07179-PROOF.pdf
7180,A204402,PROOF,subblock-3x3,papers/07001-07500/07180-PROOF.pdf
7181,A204495,PROOF,subblock-3x3,papers/07001-07500/07181-PROOF.pdf
7182,A208713,PROOF,transfer-matrix,papers/07001-07500/07182-PROOF.pdf
7183,A238924,PROOF,neighbour-set,papers/07001-07500/07183-PROOF.pdf
7184,A252434,PROOF,subblock-3x3,papers/07001-07500/07184-PROOF.pdf
7185,A255155,PROOF,subblock-3x3,papers/07001-07500/07185-PROOF.pdf
7186,A302627,PROOF,transfer-matrix,papers/07001-07500/07186-PROOF.pdf
7187,A186135,PROOF,matrix-subblock,papers/07001-07500/07187-PROOF.pdf
7188,A255038,PROOF,monotone-subblock,papers/07001-07500/07188-PROOF.pdf
7189,A256949,PROOF,monotone-subblock,papers/07001-07500/07189-PROOF.pdf
7190,A250821,PROOF,monotone-statistic,papers/07001-07500/07190-PROOF.pdf
7191,A234685,PROOF,transfer-matrix,papers/07001-07500/07191-PROOF.pdf
7192,A235966,PROOF,subblock-coloring,papers/07001-07500/07192-PROOF.pdf
7193,A197065,PROOF,transfer-matrix,papers/07001-07500/07193-PROOF.pdf
7194,A183306,PROOF,transfer-matrix,papers/07001-07500/07194-PROOF.pdf
7195,A189613,PROOF,transfer-matrix,papers/07001-07500/07195-PROOF.pdf
7196,A255096,PROOF,subblock-3x3,papers/07001-07500/07196-PROOF.pdf
7197,A260243,PROOF,subblock-3x3,papers/07001-07500/07197-PROOF.pdf
7198,A297435,PROOF,transfer-matrix,papers/07001-07500/07198-PROOF.pdf
7199,A302632,PROOF,transfer-matrix,papers/07001-07500/07199-PROOF.pdf
7200,A305479,PROOF,transfer-matrix,papers/07001-07500/07200-PROOF.pdf
7201,A318072,PROOF,transfer-matrix,papers/07001-07500/07201-PROOF.pdf
7202,A202313,PROOF,pattern-avoidance,papers/07001-07500/07202-PROOF.pdf
7203,A207766,PROOF,transfer-matrix,papers/07001-07500/07203-PROOF.pdf
7204,A253857,PROOF,monotone-subblock,papers/07001-07500/07204-PROOF.pdf
7205,A254492,PROOF,monotone-subblock,papers/07001-07500/07205-PROOF.pdf
7206,A235206,PROOF,transfer-matrix,papers/07001-07500/07206-PROOF.pdf
7207,A237505,PROOF,subblock-difference,papers/07001-07500/07207-PROOF.pdf
7208,A188602,PROOF,transfer-matrix,papers/07001-07500/07208-PROOF.pdf
7209,A189697,PROOF,transfer-matrix,papers/07001-07500/07209-PROOF.pdf
7210,A236083,PROOF,subblock-coloring,papers/07001-07500/07210-PROOF.pdf
7211,A297377,PROOF,transfer-matrix,papers/07001-07500/07211-PROOF.pdf
7212,A299317,PROOF,transfer-matrix,papers/07001-07500/07212-PROOF.pdf
7213,A299717,PROOF,transfer-matrix,papers/07001-07500/07213-PROOF.pdf
7214,A233879,PROOF,transfer-matrix,papers/07001-07500/07214-PROOF.pdf
7215,A203340,PROOF,neighbour-set,papers/07001-07500/07215-PROOF.pdf
7216,A207759,PROOF,transfer-matrix,papers/07001-07500/07216-PROOF.pdf
7217,A209653,PROOF,transfer-matrix,papers/07001-07500/07217-PROOF.pdf
7218,A247529,PROOF,window-condition,papers/07001-07500/07218-PROOF.pdf
7219,A268324,PROOF,repeated-value-chain,papers/07001-07500/07219-PROOF.pdf
7220,A207265,PROOF,transfer-matrix,papers/07001-07500/07220-PROOF.pdf
7221,A207914,PROOF,transfer-matrix,papers/07001-07500/07221-PROOF.pdf
7222,A237844,PROOF,order-statistic,papers/07001-07500/07222-PROOF.pdf
7223,A206312,PROOF,edge-count,papers/07001-07500/07223-PROOF.pdf
7224,A250530,PROOF,monotone-statistic,papers/07001-07500/07224-PROOF.pdf
7225,A250709,PROOF,monotone-statistic,papers/07001-07500/07225-PROOF.pdf
7226,A251225,PROOF,transfer-matrix,papers/07001-07500/07226-PROOF.pdf
7227,A180754,PROOF,neighbour-reach,papers/07001-07500/07227-PROOF.pdf
7228,A181251,PROOF,subblock-condition,papers/07001-07500/07228-PROOF.pdf
7229,A279577,PROOF,transfer-matrix,papers/07001-07500/07229-PROOF.pdf
7230,A203654,PROOF,transfer-matrix,papers/07001-07500/07230-PROOF.pdf
7231,A184380,PROOF,subblock-content,papers/07001-07500/07231-PROOF.pdf
7232,A189200,PROOF,transfer-matrix,papers/07001-07500/07232-PROOF.pdf
7233,A203794,PROOF,transfer-matrix,papers/07001-07500/07233-PROOF.pdf
7234,A259769,PROOF,subblock-3x3,papers/07001-07500/07234-PROOF.pdf
7235,A260977,PROOF,subblock-3x3,papers/07001-07500/07235-PROOF.pdf
7236,A261552,PROOF,subblock-3x3,papers/07001-07500/07236-PROOF.pdf
7237,A261708,PROOF,subblock-3x3,papers/07001-07500/07237-PROOF.pdf
7238,A297373,PROOF,transfer-matrix,papers/07001-07500/07238-PROOF.pdf
7239,A305229,PROOF,transfer-matrix,papers/07001-07500/07239-PROOF.pdf
7240,A250631,PROOF,monotone-statistic,papers/07001-07500/07240-PROOF.pdf
7241,A278010,PROOF,transfer-matrix,papers/07001-07500/07241-PROOF.pdf
7242,A260471,PROOF,subblock-3x3,papers/07001-07500/07242-PROOF.pdf
7243,A254840,PROOF,monotone-subblock,papers/07001-07500/07243-PROOF.pdf
7244,A255758,PROOF,monotone-subblock,papers/07001-07500/07244-PROOF.pdf
7245,A280120,PROOF,transfer-matrix,papers/07001-07500/07245-PROOF.pdf
7246,A203833,PROOF,transfer-matrix,papers/07001-07500/07246-PROOF.pdf
7247,A253696,PROOF,subblock-statistic-neighbour,papers/07001-07500/07247-PROOF.pdf
7248,A207953,PROOF,transfer-matrix,papers/07001-07500/07248-PROOF.pdf
7249,A197094,PROOF,transfer-matrix,papers/07001-07500/07249-PROOF.pdf
7250,A196142,PROOF,transfer-matrix,papers/07001-07500/07250-PROOF.pdf
7251,A256805,PROOF,subblock-3x3,papers/07001-07500/07251-PROOF.pdf
7252,A260365,PROOF,subblock-3x3,papers/07001-07500/07252-PROOF.pdf
7253,A207122,PROOF,transfer-matrix,papers/07001-07500/07253-PROOF.pdf
7254,A184787,PROOF,subblock-3x3,papers/07001-07500/07254-PROOF.pdf
7255,A204700,PROOF,forbidden-run,papers/07001-07500/07255-PROOF.pdf
7256,A207739,PROOF,transfer-matrix,papers/07001-07500/07256-PROOF.pdf
7257,A282556,PROOF,king-move,papers/07001-07500/07257-PROOF.pdf
7258,A206103,PROOF,clockwise-perimeter,papers/07001-07500/07258-PROOF.pdf
7259,A250430,PROOF,monotone-statistic,papers/07001-07500/07259-PROOF.pdf
7260,A283722,PROOF,neighbour-set,papers/07001-07500/07260-PROOF.pdf
7261,A206571,PROOF,pattern-avoidance,papers/07001-07500/07261-PROOF.pdf
7262,A258919,PROOF,subblock-line-sum,papers/07001-07500/07262-PROOF.pdf
7263,A283860,PROOF,neighbour-set,papers/07001-07500/07263-PROOF.pdf
7264,A183383,PROOF,transfer-matrix,papers/07001-07500/07264-PROOF.pdf
7265,A188905,PROOF,transfer-matrix,papers/07001-07500/07265-PROOF.pdf
7266,A189106,PROOF,transfer-matrix,papers/07001-07500/07266-PROOF.pdf
7267,A206192,PROOF,edge-count,papers/07001-07500/07267-PROOF.pdf
7268,A233728,PROOF,transfer-matrix,papers/07001-07500/07268-PROOF.pdf
7269,A236199,PROOF,subblock-coloring,papers/07001-07500/07269-PROOF.pdf
7270,A295712,PROOF,transfer-matrix,papers/07001-07500/07270-PROOF.pdf
7271,A300134,PROOF,transfer-matrix,papers/07001-07500/07271-PROOF.pdf
7272,A302208,PROOF,transfer-matrix,papers/07001-07500/07272-PROOF.pdf
7273,A303796,PROOF,transfer-matrix,papers/07001-07500/07273-PROOF.pdf
7274,A305241,PROOF,transfer-matrix,papers/07001-07500/07274-PROOF.pdf
7275,A305957,PROOF,transfer-matrix,papers/07001-07500/07275-PROOF.pdf
7276,A317218,PROOF,transfer-matrix,papers/07001-07500/07276-PROOF.pdf
7277,A317461,PROOF,transfer-matrix,papers/07001-07500/07277-PROOF.pdf
7278,A235233,PROOF,transfer-matrix,papers/07001-07500/07278-PROOF.pdf
7279,A234828,PROOF,clockwise-perimeter,papers/07001-07500/07279-PROOF.pdf
7280,A205049,PROOF,edge-count,papers/07001-07500/07280-PROOF.pdf
7281,A265924,PROOF,parity-difference,papers/07001-07500/07281-PROOF.pdf
7282,A207407,PROOF,transfer-matrix,papers/07001-07500/07282-PROOF.pdf
7283,A208146,PROOF,transfer-matrix,papers/07001-07500/07283-PROOF.pdf
7284,A205904,PROOF,edge-count,papers/07001-07500/07284-PROOF.pdf
7285,A234985,PROOF,transfer-matrix,papers/07001-07500/07285-PROOF.pdf
7286,A283952,PROOF,neighbour-set,papers/07001-07500/07286-PROOF.pdf
7287,A207394,PROOF,transfer-matrix,papers/07001-07500/07287-PROOF.pdf
7288,A208430,PROOF,neighbour-reach,papers/07001-07500/07288-PROOF.pdf
7289,A207124,PROOF,transfer-matrix,papers/07001-07500/07289-PROOF.pdf
7290,A207244,PROOF,transfer-matrix,papers/07001-07500/07290-PROOF.pdf
7291,A207510,PROOF,transfer-matrix,papers/07001-07500/07291-PROOF.pdf
7292,A207786,PROOF,transfer-matrix,papers/07001-07500/07292-PROOF.pdf
7293,A207027,PROOF,transfer-matrix,papers/07001-07500/07293-PROOF.pdf
7294,A251031,PROOF,monotone-statistic,papers/07001-07500/07294-PROOF.pdf
7295,A301325,PROOF,transfer-matrix,papers/07001-07500/07295-PROOF.pdf
7296,A326160,PROOF,transfer-matrix,papers/07001-07500/07296-PROOF.pdf
7297,A241612,PROOF,window-word,papers/07001-07500/07297-PROOF.pdf
7298,A295209,PROOF,neighbour-condition,papers/07001-07500/07298-PROOF.pdf
7299,A140908,PROOF,planepartition-box,papers/07001-07500/07299-PROOF.pdf
7300,A252316,PROOF,subblock-3x3,papers/07001-07500/07300-PROOF.pdf
7301,A251841,PROOF,subblock-3x3,papers/07001-07500/07301-PROOF.pdf
7302,A252611,PROOF,subblock-3x3,papers/07001-07500/07302-PROOF.pdf
7303,A252636,PROOF,subblock-3x3,papers/07001-07500/07303-PROOF.pdf
7304,A251870,PROOF,subblock-line-sum,papers/07001-07500/07304-PROOF.pdf
7305,A188991,PROOF,transfer-matrix,papers/07001-07500/07305-PROOF.pdf
7306,A252401,PROOF,subblock-3x3,papers/07001-07500/07306-PROOF.pdf
7307,A252435,PROOF,subblock-3x3,papers/07001-07500/07307-PROOF.pdf
7308,A252560,PROOF,subblock-3x3,papers/07001-07500/07308-PROOF.pdf
7309,A252576,PROOF,subblock-3x3,papers/07001-07500/07309-PROOF.pdf
7310,A252634,PROOF,subblock-3x3,papers/07001-07500/07310-PROOF.pdf
7311,A261111,PROOF,subblock-3x3,papers/07001-07500/07311-PROOF.pdf
7312,A184471,PROOF,subblock-content,papers/07001-07500/07312-PROOF.pdf
7313,A260924,PROOF,subblock-3x3,papers/07001-07500/07313-PROOF.pdf
7314,A302162,PROOF,transfer-matrix,papers/07001-07500/07314-PROOF.pdf
7315,A196585,PROOF,transfer-matrix,papers/07001-07500/07315-PROOF.pdf
7316,A196713,PROOF,transfer-matrix,papers/07001-07500/07316-PROOF.pdf
7317,A196962,PROOF,transfer-matrix,papers/07001-07500/07317-PROOF.pdf
7318,A197042,PROOF,transfer-matrix,papers/07001-07500/07318-PROOF.pdf
7319,A197312,PROOF,transfer-matrix,papers/07001-07500/07319-PROOF.pdf
7320,A205740,PROOF,edge-count,papers/07001-07500/07320-PROOF.pdf
7321,A257015,PROOF,subblock-line-sum,papers/07001-07500/07321-PROOF.pdf
7322,A251830,PROOF,subblock-line-sum,papers/07001-07500/07322-PROOF.pdf
7323,A258677,PROOF,subblock-line-sum,papers/07001-07500/07323-PROOF.pdf
7324,A252426,PROOF,subblock-3x3,papers/07001-07500/07324-PROOF.pdf
7325,A260540,PROOF,subblock-3x3,papers/07001-07500/07325-PROOF.pdf
7326,A278184,PROOF,transfer-matrix,papers/07001-07500/07326-PROOF.pdf
7327,A301968,PROOF,transfer-matrix,papers/07001-07500/07327-PROOF.pdf
7328,A235182,PROOF,transfer-matrix,papers/07001-07500/07328-PROOF.pdf
7329,A234126,PROOF,transfer-matrix,papers/07001-07500/07329-PROOF.pdf
7330,A196692,PROOF,transfer-matrix,papers/07001-07500/07330-PROOF.pdf
7331,A195965,PROOF,transfer-matrix,papers/07001-07500/07331-PROOF.pdf
7332,A231265,PROOF,transfer-matrix,papers/07001-07500/07332-PROOF.pdf
7333,A220636,PROOF,reciprocal-link,papers/07001-07500/07333-PROOF.pdf
7334,A300801,PROOF,transfer-matrix,papers/07001-07500/07334-PROOF.pdf
7335,A282834,PROOF,king-move,papers/07001-07500/07335-PROOF.pdf
7336,A251812,PROOF,subblock-line-sum,papers/07001-07500/07336-PROOF.pdf
7337,A253702,PROOF,subblock-statistic-neighbour,papers/07001-07500/07337-PROOF.pdf
7338,A250939,PROOF,monotone-statistic,papers/07001-07500/07338-PROOF.pdf
7339,A204973,PROOF,forbidden-run,papers/07001-07500/07339-PROOF.pdf
7340,A283541,PROOF,neighbour-set,papers/07001-07500/07340-PROOF.pdf
7341,A254485,PROOF,monotone-subblock,papers/07001-07500/07341-PROOF.pdf
7342,A207877,PROOF,transfer-matrix,papers/07001-07500/07342-PROOF.pdf
7343,A256765,PROOF,subblock-line-sum,papers/07001-07500/07343-PROOF.pdf
7344,A234764,PROOF,clockwise-perimeter,papers/07001-07500/07344-PROOF.pdf
7345,A185919,PROOF,matrix-subblock,papers/07001-07500/07345-PROOF.pdf
7346,A188758,PROOF,transfer-matrix,papers/07001-07500/07346-PROOF.pdf
7347,A188994,PROOF,transfer-matrix,papers/07001-07500/07347-PROOF.pdf
7348,A189191,PROOF,transfer-matrix,papers/07001-07500/07348-PROOF.pdf
7349,A189691,PROOF,transfer-matrix,papers/07001-07500/07349-PROOF.pdf
7350,A207714,PROOF,transfer-matrix,papers/07001-07500/07350-PROOF.pdf
7351,A295981,PROOF,transfer-matrix,papers/07001-07500/07351-PROOF.pdf
7352,A296670,PROOF,transfer-matrix,papers/07001-07500/07352-PROOF.pdf
7353,A297226,PROOF,transfer-matrix,papers/07001-07500/07353-PROOF.pdf
7354,A297736,PROOF,transfer-matrix,papers/07001-07500/07354-PROOF.pdf
7355,A299330,PROOF,transfer-matrix,papers/07001-07500/07355-PROOF.pdf
7356,A304423,PROOF,transfer-matrix,papers/07001-07500/07356-PROOF.pdf
7357,A316278,PROOF,transfer-matrix,papers/07001-07500/07357-PROOF.pdf
7358,A251068,PROOF,transfer-matrix,papers/07001-07500/07358-PROOF.pdf
7359,A207690,PROOF,transfer-matrix,papers/07001-07500/07359-PROOF.pdf
7360,A207925,PROOF,transfer-matrix,papers/07001-07500/07360-PROOF.pdf
7361,A209221,PROOF,transfer-matrix,papers/07001-07500/07361-PROOF.pdf
7362,A282476,PROOF,king-move,papers/07001-07500/07362-PROOF.pdf
7363,A283227,PROOF,neighbour-set,papers/07001-07500/07363-PROOF.pdf
7364,A207679,PROOF,transfer-matrix,papers/07001-07500/07364-PROOF.pdf
7365,A234884,PROOF,transfer-matrix,papers/07001-07500/07365-PROOF.pdf
7366,A283095,PROOF,neighbour-set,papers/07001-07500/07366-PROOF.pdf
7367,A254476,PROOF,monotone-subblock,papers/07001-07500/07367-PROOF.pdf
7368,A233711,PROOF,transfer-matrix,papers/07001-07500/07368-PROOF.pdf
7369,A250136,PROOF,window-condition,papers/07001-07500/07369-PROOF.pdf
7370,A184131,PROOF,transfer-matrix,papers/07001-07500/07370-PROOF.pdf
7371,A207348,PROOF,transfer-matrix,papers/07001-07500/07371-PROOF.pdf
7372,A208416,PROOF,transfer-matrix,papers/07001-07500/07372-PROOF.pdf
7373,A208497,PROOF,transfer-matrix,papers/07001-07500/07373-PROOF.pdf
7374,A202486,PROOF,pattern-avoidance,papers/07001-07500/07374-PROOF.pdf
7375,A207781,PROOF,transfer-matrix,papers/07001-07500/07375-PROOF.pdf
7376,A237212,PROOF,order-statistic,papers/07001-07500/07376-PROOF.pdf
7377,A247721,PROOF,window-condition,papers/07001-07500/07377-PROOF.pdf
7378,A251353,PROOF,transfer-matrix,papers/07001-07500/07378-PROOF.pdf
7379,A237169,PROOF,order-statistic,papers/07001-07500/07379-PROOF.pdf
7380,A187722,PROOF,commuting-subblock,papers/07001-07500/07380-PROOF.pdf
7381,A140918,PROOF,planepartition-box,papers/07001-07500/07381-PROOF.pdf
7382,A264672,PROOF,transfer-matrix,papers/07001-07500/07382-PROOF.pdf
7383,A252215,PROOF,subblock-3x3,papers/07001-07500/07383-PROOF.pdf
7384,A253747,PROOF,monotone-subblock,papers/07001-07500/07384-PROOF.pdf
7385,A204050,PROOF,transfer-matrix,papers/07001-07500/07385-PROOF.pdf
7386,A251899,PROOF,subblock-line-sum,papers/07001-07500/07386-PROOF.pdf
7387,A253746,PROOF,monotone-subblock,papers/07001-07500/07387-PROOF.pdf
7388,A209104,PROOF,transfer-matrix,papers/07001-07500/07388-PROOF.pdf
7389,A206133,PROOF,transfer-matrix,papers/07001-07500/07389-PROOF.pdf
7390,A236015,PROOF,subblock-coloring,papers/07001-07500/07390-PROOF.pdf
7391,A261377,PROOF,subblock-3x3,papers/07001-07500/07391-PROOF.pdf
7392,A301822,PROOF,transfer-matrix,papers/07001-07500/07392-PROOF.pdf
7393,A196797,PROOF,transfer-matrix,papers/07001-07500/07393-PROOF.pdf
7394,A197674,PROOF,transfer-matrix,papers/07001-07500/07394-PROOF.pdf
7395,A236052,PROOF,subblock-coloring,papers/07001-07500/07395-PROOF.pdf
7396,A237231,PROOF,subblock-difference,papers/07001-07500/07396-PROOF.pdf
7397,A269095,PROOF,transfer-matrix,papers/07001-07500/07397-PROOF.pdf
7398,A184470,PROOF,subblock-content,papers/07001-07500/07398-PROOF.pdf
7399,A196575,PROOF,transfer-matrix,papers/07001-07500/07399-PROOF.pdf
7400,A184769,PROOF,matrix-subblock,papers/07001-07500/07400-PROOF.pdf
7401,A259997,PROOF,subblock-3x3,papers/07001-07500/07401-PROOF.pdf
7402,A301949,PROOF,transfer-matrix,papers/07001-07500/07402-PROOF.pdf
7403,A205653,PROOF,edge-count,papers/07001-07500/07403-PROOF.pdf
7404,A253835,PROOF,monotone-subblock,papers/07001-07500/07404-PROOF.pdf
7405,A249653,PROOF,window-condition,papers/07001-07500/07405-PROOF.pdf
7406,A220712,PROOF,reciprocal-link,papers/07001-07500/07406-PROOF.pdf
7407,A231953,PROOF,cell-condition,papers/07001-07500/07407-PROOF.pdf
7408,A234157,PROOF,transfer-matrix,papers/07001-07500/07408-PROOF.pdf
7409,A256024,PROOF,subblock-3x3,papers/07001-07500/07409-PROOF.pdf
7410,A297598,PROOF,transfer-matrix,papers/07001-07500/07410-PROOF.pdf
7411,A235181,PROOF,transfer-matrix,papers/07001-07500/07411-PROOF.pdf
7412,A253695,PROOF,subblock-statistic-neighbour,papers/07001-07500/07412-PROOF.pdf
7413,A185517,PROOF,matrix-subblock,papers/07001-07500/07413-PROOF.pdf
7414,A230171,PROOF,transfer-matrix,papers/07001-07500/07414-PROOF.pdf
7415,A202431,PROOF,pattern-avoidance,papers/07001-07500/07415-PROOF.pdf
7416,A207545,PROOF,pattern-avoidance,papers/07001-07500/07416-PROOF.pdf
7417,A251187,PROOF,monotone-statistic,papers/07001-07500/07417-PROOF.pdf
7418,A283490,PROOF,neighbour-set,papers/07001-07500/07418-PROOF.pdf
7419,A205912,PROOF,clockwise-perimeter,papers/07001-07500/07419-PROOF.pdf
7420,A233898,PROOF,transfer-matrix,papers/07001-07500/07420-PROOF.pdf
7421,A188769,PROOF,transfer-matrix,papers/07001-07500/07421-PROOF.pdf
7422,A207750,PROOF,transfer-matrix,papers/07001-07500/07422-PROOF.pdf
7423,A238058,PROOF,subblock-difference,papers/07001-07500/07423-PROOF.pdf
7424,A238306,PROOF,subblock-difference,papers/07001-07500/07424-PROOF.pdf
7425,A251114,PROOF,monotone-statistic,papers/07001-07500/07425-PROOF.pdf
7426,A300926,PROOF,transfer-matrix,papers/07001-07500/07426-PROOF.pdf
7427,A302377,PROOF,transfer-matrix,papers/07001-07500/07427-PROOF.pdf
7428,A303098,PROOF,transfer-matrix,papers/07001-07500/07428-PROOF.pdf
7429,A305248,PROOF,transfer-matrix,papers/07001-07500/07429-PROOF.pdf
7430,A318012,PROOF,transfer-matrix,papers/07001-07500/07430-PROOF.pdf
7431,A234453,PROOF,transfer-matrix,papers/07001-07500/07431-PROOF.pdf
7432,A237070,PROOF,order-statistic,papers/07001-07500/07432-PROOF.pdf
7433,A184683,PROOF,matrix-subblock,papers/07001-07500/07433-PROOF.pdf
7434,A254354,PROOF,monotone-subblock,papers/07001-07500/07434-PROOF.pdf
7435,A234077,PROOF,transfer-matrix,papers/07001-07500/07435-PROOF.pdf
7436,A253794,PROOF,monotone-subblock,papers/07001-07500/07436-PROOF.pdf
7437,A207804,PROOF,transfer-matrix,papers/07001-07500/07437-PROOF.pdf
7438,A187433,PROOF,commuting-subblock,papers/07001-07500/07438-PROOF.pdf
7439,A201084,PROOF,window-condition,papers/07001-07500/07439-PROOF.pdf
7440,A207662,PROOF,transfer-matrix,papers/07001-07500/07440-PROOF.pdf
7441,A250587,PROOF,monotone-statistic,papers/07001-07500/07441-PROOF.pdf
7442,A250635,PROOF,monotone-statistic,papers/07001-07500/07442-PROOF.pdf
7443,A251108,PROOF,transfer-matrix,papers/07001-07500/07443-PROOF.pdf
7444,A237093,PROOF,order-statistic,papers/07001-07500/07444-PROOF.pdf
7445,A205920,PROOF,edge-count,papers/07001-07500/07445-PROOF.pdf
7446,A251314,PROOF,transfer-matrix,papers/07001-07500/07446-PROOF.pdf
7447,A300501,PROOF,transfer-matrix,papers/07001-07500/07447-PROOF.pdf
7448,A302082,PROOF,transfer-matrix,papers/07001-07500/07448-PROOF.pdf
7449,A317858,PROOF,transfer-matrix,papers/07001-07500/07449-PROOF.pdf
7450,A204834,PROOF,matrix-subblock,papers/07001-07500/07450-PROOF.pdf
7451,A237219,PROOF,order-statistic,papers/07001-07500/07451-PROOF.pdf
7452,A208429,PROOF,neighbour-reach,papers/07001-07500/07452-PROOF.pdf
7453,A250074,PROOF,window-condition,papers/07001-07500/07453-PROOF.pdf
7454,A241134,PROOF,neighbour-condition,papers/07001-07500/07454-PROOF.pdf
7455,A264275,PROOF,transfer-matrix,papers/07001-07500/07455-PROOF.pdf
7456,A204491,PROOF,transfer-matrix,papers/07001-07500/07456-PROOF.pdf
7457,A188872,PROOF,transfer-matrix,papers/07001-07500/07457-PROOF.pdf
7458,A203920,PROOF,transfer-matrix,papers/07001-07500/07458-PROOF.pdf
7459,A206253,PROOF,transfer-matrix,papers/07001-07500/07459-PROOF.pdf
7460,A261262,PROOF,subblock-3x3,papers/07001-07500/07460-PROOF.pdf
7461,A197532,PROOF,transfer-matrix,papers/07001-07500/07461-PROOF.pdf
7462,A198150,PROOF,transfer-matrix,papers/07001-07500/07462-PROOF.pdf
7463,A223301,PROOF,transfer-matrix,papers/07001-07500/07463-PROOF.pdf
7464,A254582,PROOF,monotone-subblock,papers/07001-07500/07464-PROOF.pdf
7465,A184379,PROOF,subblock-content,papers/07001-07500/07465-PROOF.pdf
7466,A253704,PROOF,subblock-statistic-neighbour,papers/07001-07500/07466-PROOF.pdf
7467,A238282,PROOF,neighbour-set,papers/07001-07500/07467-PROOF.pdf
7468,A252107,PROOF,subblock-3x3,papers/07001-07500/07468-PROOF.pdf
7469,A252294,PROOF,subblock-3x3,papers/07001-07500/07469-PROOF.pdf
7470,A252608,PROOF,subblock-3x3,papers/07001-07500/07470-PROOF.pdf
7471,A297393,PROOF,transfer-matrix,papers/07001-07500/07471-PROOF.pdf
7472,A301839,PROOF,transfer-matrix,papers/07001-07500/07472-PROOF.pdf
7473,A302067,PROOF,transfer-matrix,papers/07001-07500/07473-PROOF.pdf
7474,A244697,PROOF,window-word,papers/07001-07500/07474-PROOF.pdf
7475,A197471,PROOF,transfer-matrix,papers/07001-07500/07475-PROOF.pdf
7476,A206470,PROOF,transfer-matrix,papers/07001-07500/07476-PROOF.pdf
7477,A250630,PROOF,monotone-statistic,papers/07001-07500/07477-PROOF.pdf
7478,A254417,PROOF,monotone-subblock,papers/07001-07500/07478-PROOF.pdf
7479,A254424,PROOF,monotone-subblock,papers/07001-07500/07479-PROOF.pdf
7480,A238075,PROOF,subblock-difference,papers/07001-07500/07480-PROOF.pdf
7481,A249080,PROOF,window-condition,papers/07001-07500/07481-PROOF.pdf
7482,A304772,PROOF,transfer-matrix,papers/07001-07500/07482-PROOF.pdf
7483,A316515,PROOF,transfer-matrix,papers/07001-07500/07483-PROOF.pdf
7484,A320368,PROOF,transfer-matrix,papers/07001-07500/07484-PROOF.pdf
7485,A208373,PROOF,transfer-matrix,papers/07001-07500/07485-PROOF.pdf
7486,A220649,PROOF,reciprocal-link,papers/07001-07500/07486-PROOF.pdf
7487,A209228,PROOF,transfer-matrix,papers/07001-07500/07487-PROOF.pdf
7488,A232671,PROOF,cell-condition,papers/07001-07500/07488-PROOF.pdf
7489,A207551,PROOF,pattern-avoidance,papers/07001-07500/07489-PROOF.pdf
7490,A233984,PROOF,transfer-matrix,papers/07001-07500/07490-PROOF.pdf
7491,A254580,PROOF,monotone-subblock,papers/07001-07500/07491-PROOF.pdf
7492,A207010,PROOF,pattern-avoidance,papers/07001-07500/07492-PROOF.pdf
7493,A207230,PROOF,pattern-avoidance,papers/07001-07500/07493-PROOF.pdf
7494,A248536,PROOF,window-condition,papers/07001-07500/07494-PROOF.pdf
7495,A207567,PROOF,transfer-matrix,papers/07001-07500/07495-PROOF.pdf
7496,A209227,PROOF,transfer-matrix,papers/07001-07500/07496-PROOF.pdf
7497,A234782,PROOF,clockwise-perimeter,papers/07001-07500/07497-PROOF.pdf
7498,A220592,PROOF,reciprocal-link,papers/07001-07500/07498-PROOF.pdf
7499,A220728,PROOF,reciprocal-link,papers/07001-07500/07499-PROOF.pdf
7500,A186818,PROOF,subblock-content,papers/07001-07500/07500-PROOF.pdf
7501,A187310,PROOF,subblock-content,papers/07501-08000/07501-PROOF.pdf
7502,A206984,PROOF,pattern-avoidance,papers/07501-08000/07502-PROOF.pdf
7503,A295375,PROOF,transfer-matrix,papers/07501-08000/07503-PROOF.pdf
7504,A300171,PROOF,transfer-matrix,papers/07501-08000/07504-PROOF.pdf
7505,A300338,PROOF,transfer-matrix,papers/07501-08000/07505-PROOF.pdf
7506,A209513,PROOF,clockwise-perimeter,papers/07501-08000/07506-PROOF.pdf
7507,A209792,PROOF,transfer-matrix,papers/07501-08000/07507-PROOF.pdf
7508,A220598,PROOF,reciprocal-link,papers/07501-08000/07508-PROOF.pdf
7509,A207310,PROOF,transfer-matrix,papers/07501-08000/07509-PROOF.pdf
7510,A207566,PROOF,transfer-matrix,papers/07501-08000/07510-PROOF.pdf
7511,A204718,PROOF,matrix-subblock,papers/07501-08000/07511-PROOF.pdf
7512,A206879,PROOF,transfer-matrix,papers/07501-08000/07512-PROOF.pdf
7513,A237334,PROOF,order-statistic,papers/07501-08000/07513-PROOF.pdf
7514,A220722,PROOF,reciprocal-link,papers/07501-08000/07514-PROOF.pdf
7515,A233922,PROOF,transfer-matrix,papers/07501-08000/07515-PROOF.pdf
7516,A206506,PROOF,clockwise-perimeter,papers/07501-08000/07516-PROOF.pdf
7517,A207369,PROOF,transfer-matrix,papers/07501-08000/07517-PROOF.pdf
7518,A207415,PROOF,transfer-matrix,papers/07501-08000/07518-PROOF.pdf
7519,A207742,PROOF,transfer-matrix,papers/07501-08000/07519-PROOF.pdf
7520,A207909,PROOF,transfer-matrix,papers/07501-08000/07520-PROOF.pdf
7521,A210271,PROOF,transfer-matrix,papers/07501-08000/07521-PROOF.pdf
7522,A233944,PROOF,transfer-matrix,papers/07501-08000/07522-PROOF.pdf
7523,A250449,PROOF,monotone-statistic,papers/07501-08000/07523-PROOF.pdf
7524,A250836,PROOF,transfer-matrix,papers/07501-08000/07524-PROOF.pdf
7525,A231704,PROOF,neighbour-set,papers/07501-08000/07525-PROOF.pdf
7526,A207705,PROOF,transfer-matrix,papers/07501-08000/07526-PROOF.pdf
7527,A250465,PROOF,monotone-statistic,papers/07501-08000/07527-PROOF.pdf
7528,A250959,PROOF,transfer-matrix,papers/07501-08000/07528-PROOF.pdf
7529,A251396,PROOF,transfer-matrix,papers/07501-08000/07529-PROOF.pdf
7530,A300876,PROOF,transfer-matrix,papers/07501-08000/07530-PROOF.pdf
7531,A302151,PROOF,transfer-matrix,papers/07501-08000/07531-PROOF.pdf
7532,A181211,PROOF,local-array-condition,papers/07501-08000/07532-PROOF.pdf
7533,A236273,PROOF,subblock-multiset,papers/07501-08000/07533-PROOF.pdf
7534,A252144,PROOF,subblock-3x3,papers/07501-08000/07534-PROOF.pdf
7535,A251840,PROOF,subblock-3x3,papers/07501-08000/07535-PROOF.pdf
7536,A252273,PROOF,subblock-3x3,papers/07501-08000/07536-PROOF.pdf
7537,A252518,PROOF,subblock-3x3,papers/07501-08000/07537-PROOF.pdf
7538,A252561,PROOF,subblock-3x3,papers/07501-08000/07538-PROOF.pdf
7539,A252577,PROOF,subblock-3x3,papers/07501-08000/07539-PROOF.pdf
7540,A252071,PROOF,subblock-3x3,papers/07501-08000/07540-PROOF.pdf
7541,A252562,PROOF,subblock-3x3,papers/07501-08000/07541-PROOF.pdf
7542,A252578,PROOF,subblock-3x3,papers/07501-08000/07542-PROOF.pdf
7543,A252469,PROOF,subblock-3x3,papers/07501-08000/07543-PROOF.pdf
7544,A252197,PROOF,subblock-3x3,papers/07501-08000/07544-PROOF.pdf
7545,A280899,PROOF,transfer-matrix,papers/07501-08000/07545-PROOF.pdf
7546,A205023,PROOF,transfer-matrix,papers/07501-08000/07546-PROOF.pdf
7547,A252609,PROOF,subblock-3x3,papers/07501-08000/07547-PROOF.pdf
7548,A252681,PROOF,subblock-3x3,papers/07501-08000/07548-PROOF.pdf
7549,A184451,PROOF,subblock-content,papers/07501-08000/07549-PROOF.pdf
7550,A252135,PROOF,subblock-3x3,papers/07501-08000/07550-PROOF.pdf
7551,A280395,PROOF,transfer-matrix,papers/07501-08000/07551-PROOF.pdf
7552,A281569,PROOF,transfer-matrix,papers/07501-08000/07552-PROOF.pdf
7553,A279653,PROOF,transfer-matrix,papers/07501-08000/07553-PROOF.pdf
7554,A258542,PROOF,subblock-line-sum,papers/07501-08000/07554-PROOF.pdf
7555,A259639,PROOF,subblock-3x3,papers/07501-08000/07555-PROOF.pdf
7556,A260135,PROOF,subblock-3x3,papers/07501-08000/07556-PROOF.pdf
7557,A261110,PROOF,subblock-3x3,papers/07501-08000/07557-PROOF.pdf
7558,A304269,PROOF,transfer-matrix,papers/07501-08000/07558-PROOF.pdf
7559,A196480,PROOF,transfer-matrix,papers/07501-08000/07559-PROOF.pdf
7560,A197745,PROOF,transfer-matrix,papers/07501-08000/07560-PROOF.pdf
7561,A198008,PROOF,transfer-matrix,papers/07501-08000/07561-PROOF.pdf
7562,A281136,PROOF,transfer-matrix,papers/07501-08000/07562-PROOF.pdf
7563,A184450,PROOF,subblock-content,papers/07501-08000/07563-PROOF.pdf
7564,A230333,PROOF,transfer-matrix,papers/07501-08000/07564-PROOF.pdf
7565,A232045,PROOF,transfer-matrix,papers/07501-08000/07565-PROOF.pdf
7566,A252185,PROOF,subblock-3x3,papers/07501-08000/07566-PROOF.pdf
7567,A252400,PROOF,subblock-3x3,papers/07501-08000/07567-PROOF.pdf
7568,A259948,PROOF,subblock-3x3,papers/07501-08000/07568-PROOF.pdf
7569,A261288,PROOF,subblock-3x3,papers/07501-08000/07569-PROOF.pdf
7570,A279899,PROOF,transfer-matrix,papers/07501-08000/07570-PROOF.pdf
7571,A244180,PROOF,window-word,papers/07501-08000/07571-PROOF.pdf
7572,A207812,PROOF,transfer-matrix,papers/07501-08000/07572-PROOF.pdf
7573,A242548,PROOF,window-word,papers/07501-08000/07573-PROOF.pdf
7574,A258889,PROOF,subblock-line-sum,papers/07501-08000/07574-PROOF.pdf
7575,A184148,PROOF,transfer-matrix,papers/07501-08000/07575-PROOF.pdf
7576,A255657,PROOF,window-word,papers/07501-08000/07576-PROOF.pdf
7577,A260289,PROOF,subblock-3x3,papers/07501-08000/07577-PROOF.pdf
7578,A260604,PROOF,subblock-3x3,papers/07501-08000/07578-PROOF.pdf
7579,A303966,PROOF,transfer-matrix,papers/07501-08000/07579-PROOF.pdf
7580,A196632,PROOF,transfer-matrix,papers/07501-08000/07580-PROOF.pdf
7581,A204600,PROOF,subblock-3x3,papers/07501-08000/07581-PROOF.pdf
7582,A207952,PROOF,transfer-matrix,papers/07501-08000/07582-PROOF.pdf
7583,A283637,PROOF,neighbour-set,papers/07501-08000/07583-PROOF.pdf
7584,A207121,PROOF,transfer-matrix,papers/07501-08000/07584-PROOF.pdf
7585,A283630,PROOF,neighbour-set,papers/07501-08000/07585-PROOF.pdf
7586,A234684,PROOF,transfer-matrix,papers/07501-08000/07586-PROOF.pdf
7587,A237959,PROOF,subblock-difference,papers/07501-08000/07587-PROOF.pdf
7588,A250437,PROOF,monotone-statistic,papers/07501-08000/07588-PROOF.pdf
7589,A258888,PROOF,subblock-line-sum,papers/07501-08000/07589-PROOF.pdf
7590,A231519,PROOF,transfer-matrix,papers/07501-08000/07590-PROOF.pdf
7591,A237489,PROOF,subblock-difference,papers/07501-08000/07591-PROOF.pdf
7592,A250429,PROOF,monotone-statistic,papers/07501-08000/07592-PROOF.pdf
7593,A297509,PROOF,transfer-matrix,papers/07501-08000/07593-PROOF.pdf
7594,A297650,PROOF,transfer-matrix,papers/07501-08000/07594-PROOF.pdf
7595,A297697,PROOF,transfer-matrix,papers/07501-08000/07595-PROOF.pdf
7596,A297989,PROOF,transfer-matrix,papers/07501-08000/07596-PROOF.pdf
7597,A298283,PROOF,transfer-matrix,papers/07501-08000/07597-PROOF.pdf
7598,A299657,PROOF,transfer-matrix,papers/07501-08000/07598-PROOF.pdf
7599,A299736,PROOF,transfer-matrix,papers/07501-08000/07599-PROOF.pdf
7600,A300211,PROOF,transfer-matrix,papers/07501-08000/07600-PROOF.pdf
7601,A302955,PROOF,transfer-matrix,papers/07501-08000/07601-PROOF.pdf
7602,A251245,PROOF,transfer-matrix,papers/07501-08000/07602-PROOF.pdf
7603,A205068,PROOF,edge-count,papers/07501-08000/07603-PROOF.pdf
7604,A208036,PROOF,transfer-matrix,papers/07501-08000/07604-PROOF.pdf
7605,A282588,PROOF,king-move,papers/07501-08000/07605-PROOF.pdf
7606,A202312,PROOF,pattern-avoidance,papers/07501-08000/07606-PROOF.pdf
7607,A203970,PROOF,adjacency-precedence,papers/07501-08000/07607-PROOF.pdf
7608,A284070,PROOF,neighbour-set,papers/07501-08000/07608-PROOF.pdf
7609,A202772,PROOF,pattern-avoidance,papers/07501-08000/07609-PROOF.pdf
7610,A207178,PROOF,transfer-matrix,papers/07501-08000/07610-PROOF.pdf
7611,A206781,PROOF,transfer-matrix,papers/07501-08000/07611-PROOF.pdf
7612,A207406,PROOF,transfer-matrix,papers/07501-08000/07612-PROOF.pdf
7613,A208145,PROOF,transfer-matrix,papers/07501-08000/07613-PROOF.pdf
7614,A249703,PROOF,window-condition,papers/07501-08000/07614-PROOF.pdf
7615,A250383,PROOF,window-condition,papers/07501-08000/07615-PROOF.pdf
7616,A207770,PROOF,transfer-matrix,papers/07501-08000/07616-PROOF.pdf
7617,A208024,PROOF,transfer-matrix,papers/07501-08000/07617-PROOF.pdf
7618,A184491,PROOF,transfer-matrix,papers/07501-08000/07618-PROOF.pdf
7619,A207684,PROOF,transfer-matrix,papers/07501-08000/07619-PROOF.pdf
7620,A207113,PROOF,transfer-matrix,papers/07501-08000/07620-PROOF.pdf
7621,A251161,PROOF,transfer-matrix,papers/07501-08000/07621-PROOF.pdf
7622,A251302,PROOF,transfer-matrix,papers/07501-08000/07622-PROOF.pdf
7623,A300493,PROOF,transfer-matrix,papers/07501-08000/07623-PROOF.pdf
7624,A301486,PROOF,transfer-matrix,papers/07501-08000/07624-PROOF.pdf
7625,A301886,PROOF,transfer-matrix,papers/07501-08000/07625-PROOF.pdf
7626,A318077,PROOF,transfer-matrix,papers/07501-08000/07626-PROOF.pdf
7627,A318086,PROOF,transfer-matrix,papers/07501-08000/07627-PROOF.pdf
7628,A229368,PROOF,transfer-matrix,papers/07501-08000/07628-PROOF.pdf
7629,A229376,PROOF,transfer-matrix,papers/07501-08000/07629-PROOF.pdf
7630,A283380,PROOF,neighbour-set,papers/07501-08000/07630-PROOF.pdf
7631,A207427,PROOF,transfer-matrix,papers/07501-08000/07631-PROOF.pdf
7632,A140904,PROOF,planepartition-box,papers/07501-08000/07632-PROOF.pdf
7633,A140912,PROOF,planepartition-box,papers/07501-08000/07633-PROOF.pdf
7634,A252339,PROOF,subblock-3x3,papers/07501-08000/07634-PROOF.pdf
7635,A185406,PROOF,transfer-matrix,papers/07501-08000/07635-PROOF.pdf
7636,A185536,PROOF,neighbour-set,papers/07501-08000/07636-PROOF.pdf
7637,A234734,PROOF,transfer-matrix,papers/07501-08000/07637-PROOF.pdf
7638,A252365,PROOF,subblock-3x3,papers/07501-08000/07638-PROOF.pdf
7639,A253530,PROOF,monotone-subblock,papers/07501-08000/07639-PROOF.pdf
7640,A252265,PROOF,subblock-3x3,papers/07501-08000/07640-PROOF.pdf
7641,A234819,PROOF,transfer-matrix,papers/07501-08000/07641-PROOF.pdf
7642,A301322,PROOF,transfer-matrix,papers/07501-08000/07642-PROOF.pdf
7643,A185819,PROOF,neighbour-set,papers/07501-08000/07643-PROOF.pdf
7644,A206747,PROOF,perimeter-cycle,papers/07501-08000/07644-PROOF.pdf
7645,A234879,PROOF,transfer-matrix,papers/07501-08000/07645-PROOF.pdf
7646,A196014,PROOF,transfer-matrix,papers/07501-08000/07646-PROOF.pdf
7647,A205211,PROOF,transfer-matrix,papers/07501-08000/07647-PROOF.pdf
7648,A234654,PROOF,transfer-matrix,papers/07501-08000/07648-PROOF.pdf
7649,A230182,PROOF,transfer-matrix,papers/07501-08000/07649-PROOF.pdf
7650,A234382,PROOF,forbidden-run,papers/07501-08000/07650-PROOF.pdf
7651,A186162,PROOF,neighbour-set,papers/07501-08000/07651-PROOF.pdf
7652,A234733,PROOF,transfer-matrix,papers/07501-08000/07652-PROOF.pdf
7653,A251838,PROOF,subblock-3x3,papers/07501-08000/07653-PROOF.pdf
7654,A255023,PROOF,subblock-3x3,papers/07501-08000/07654-PROOF.pdf
7655,A259958,PROOF,subblock-3x3,papers/07501-08000/07655-PROOF.pdf
7656,A302519,PROOF,transfer-matrix,papers/07501-08000/07656-PROOF.pdf
7657,A303318,PROOF,transfer-matrix,papers/07501-08000/07657-PROOF.pdf
7658,A318341,PROOF,transfer-matrix,papers/07501-08000/07658-PROOF.pdf
7659,A235094,PROOF,transfer-matrix,papers/07501-08000/07659-PROOF.pdf
7660,A234191,PROOF,forbidden-run,papers/07501-08000/07660-PROOF.pdf
7661,A234818,PROOF,transfer-matrix,papers/07501-08000/07661-PROOF.pdf
7662,A246735,PROOF,window-condition,papers/07501-08000/07662-PROOF.pdf
7663,A236150,PROOF,subblock-coloring,papers/07501-08000/07663-PROOF.pdf
7664,A253751,PROOF,monotone-subblock,papers/07501-08000/07664-PROOF.pdf
7665,A258540,PROOF,subblock-line-sum,papers/07501-08000/07665-PROOF.pdf
7666,A189260,PROOF,transfer-matrix,papers/07501-08000/07666-PROOF.pdf
7667,A251279,PROOF,transfer-matrix,papers/07501-08000/07667-PROOF.pdf
7668,A261550,PROOF,subblock-3x3,papers/07501-08000/07668-PROOF.pdf
7669,A318542,PROOF,transfer-matrix,papers/07501-08000/07669-PROOF.pdf
7670,A204613,PROOF,matrix-subblock,papers/07501-08000/07670-PROOF.pdf
7671,A253347,PROOF,monotone-subblock,papers/07501-08000/07671-PROOF.pdf
7672,A253354,PROOF,monotone-subblock,papers/07501-08000/07672-PROOF.pdf
7673,A237032,PROOF,order-statistic,papers/07501-08000/07673-PROOF.pdf
7674,A185553,PROOF,neighbour-set,papers/07501-08000/07674-PROOF.pdf
7675,A252058,PROOF,subblock-3x3,papers/07501-08000/07675-PROOF.pdf
7676,A233595,PROOF,forbidden-run,papers/07501-08000/07676-PROOF.pdf
7677,A233603,PROOF,forbidden-run,papers/07501-08000/07677-PROOF.pdf
7678,A234732,PROOF,transfer-matrix,papers/07501-08000/07678-PROOF.pdf
7679,A234817,PROOF,transfer-matrix,papers/07501-08000/07679-PROOF.pdf
7680,A297690,PROOF,transfer-matrix,papers/07501-08000/07680-PROOF.pdf
7681,A298631,PROOF,transfer-matrix,papers/07501-08000/07681-PROOF.pdf
7682,A298966,PROOF,transfer-matrix,papers/07501-08000/07682-PROOF.pdf
7683,A317737,PROOF,transfer-matrix,papers/07501-08000/07683-PROOF.pdf
7684,A235192,PROOF,transfer-matrix,papers/07501-08000/07684-PROOF.pdf
7685,A184371,PROOF,transfer-matrix,papers/07501-08000/07685-PROOF.pdf
7686,A283694,PROOF,neighbour-set,papers/07501-08000/07686-PROOF.pdf
7687,A234492,PROOF,transfer-matrix,papers/07501-08000/07687-PROOF.pdf
7688,A207561,PROOF,transfer-matrix,papers/07501-08000/07688-PROOF.pdf
7689,A207765,PROOF,transfer-matrix,papers/07501-08000/07689-PROOF.pdf
7690,A206873,PROOF,transfer-matrix,papers/07501-08000/07690-PROOF.pdf
7691,A207749,PROOF,transfer-matrix,papers/07501-08000/07691-PROOF.pdf
7692,A234771,PROOF,clockwise-perimeter,papers/07501-08000/07692-PROOF.pdf
7693,A237940,PROOF,order-statistic,papers/07501-08000/07693-PROOF.pdf
7694,A209652,PROOF,transfer-matrix,papers/07501-08000/07694-PROOF.pdf
7695,A204223,PROOF,matrix-subblock,papers/07501-08000/07695-PROOF.pdf
7696,A205239,PROOF,edge-count,papers/07501-08000/07696-PROOF.pdf
7697,A207678,PROOF,transfer-matrix,papers/07501-08000/07697-PROOF.pdf
7698,A207758,PROOF,transfer-matrix,papers/07501-08000/07698-PROOF.pdf
7699,A236641,PROOF,subblock-coloring,papers/07501-08000/07699-PROOF.pdf
7700,A236658,PROOF,subblock-coloring,papers/07501-08000/07700-PROOF.pdf
7701,A250997,PROOF,monotone-statistic,papers/07501-08000/07701-PROOF.pdf
7702,A237061,PROOF,order-statistic,papers/07501-08000/07702-PROOF.pdf
7703,A188502,PROOF,transfer-matrix,papers/07501-08000/07703-PROOF.pdf
7704,A189265,PROOF,transfer-matrix,papers/07501-08000/07704-PROOF.pdf
7705,A297316,PROOF,transfer-matrix,papers/07501-08000/07705-PROOF.pdf
7706,A300375,PROOF,transfer-matrix,papers/07501-08000/07706-PROOF.pdf
7707,A300677,PROOF,transfer-matrix,papers/07501-08000/07707-PROOF.pdf
7708,A320404,PROOF,transfer-matrix,papers/07501-08000/07708-PROOF.pdf
7709,A237102,PROOF,order-statistic,papers/07501-08000/07709-PROOF.pdf
7710,A230650,PROOF,white-squares,papers/07501-08000/07710-PROOF.pdf
7711,A277783,PROOF,neighbour-reach,papers/07501-08000/07711-PROOF.pdf
7712,A277654,PROOF,neighbour-reach,papers/07501-08000/07712-PROOF.pdf
7713,A253838,PROOF,monotone-subblock,papers/07501-08000/07713-PROOF.pdf
7714,A204490,PROOF,transfer-matrix,papers/07501-08000/07714-PROOF.pdf
7715,A252451,PROOF,subblock-3x3,papers/07501-08000/07715-PROOF.pdf
7716,A264274,PROOF,transfer-matrix,papers/07501-08000/07716-PROOF.pdf
7717,A253837,PROOF,monotone-subblock,papers/07501-08000/07717-PROOF.pdf
7718,A204489,PROOF,transfer-matrix,papers/07501-08000/07718-PROOF.pdf
7719,A197162,PROOF,transfer-matrix,papers/07501-08000/07719-PROOF.pdf
7720,A197445,PROOF,transfer-matrix,papers/07501-08000/07720-PROOF.pdf
7721,A197891,PROOF,transfer-matrix,papers/07501-08000/07721-PROOF.pdf
7722,A255039,PROOF,monotone-subblock,papers/07501-08000/07722-PROOF.pdf
7723,A256950,PROOF,monotone-subblock,papers/07501-08000/07723-PROOF.pdf
7724,A253365,PROOF,subblock-statistic-neighbour,papers/07501-08000/07724-PROOF.pdf
7725,A259001,PROOF,monotone-subblock,papers/07501-08000/07725-PROOF.pdf
7726,A252082,PROOF,subblock-3x3,papers/07501-08000/07726-PROOF.pdf
7727,A253836,PROOF,monotone-subblock,papers/07501-08000/07727-PROOF.pdf
7728,A230612,PROOF,transfer-matrix,papers/07501-08000/07728-PROOF.pdf
7729,A196919,PROOF,transfer-matrix,papers/07501-08000/07729-PROOF.pdf
7730,A259719,PROOF,subblock-3x3,papers/07501-08000/07730-PROOF.pdf
7731,A259890,PROOF,subblock-3x3,papers/07501-08000/07731-PROOF.pdf
7732,A297312,PROOF,transfer-matrix,papers/07501-08000/07732-PROOF.pdf
7733,A298181,PROOF,transfer-matrix,papers/07501-08000/07733-PROOF.pdf
7734,A301405,PROOF,transfer-matrix,papers/07501-08000/07734-PROOF.pdf
7735,A232372,PROOF,value-neighbour,papers/07501-08000/07735-PROOF.pdf
7736,A205460,PROOF,edge-count,papers/07501-08000/07736-PROOF.pdf
7737,A205660,PROOF,edge-count,papers/07501-08000/07737-PROOF.pdf
7738,A202598,PROOF,pattern-avoidance,papers/07501-08000/07738-PROOF.pdf
7739,A236945,PROOF,order-statistic,papers/07501-08000/07739-PROOF.pdf
7740,A234179,PROOF,transfer-matrix,papers/07501-08000/07740-PROOF.pdf
7741,A196325,PROOF,transfer-matrix,papers/07501-08000/07741-PROOF.pdf
7742,A183705,PROOF,matrix-subblock,papers/07501-08000/07742-PROOF.pdf
7743,A260836,PROOF,subblock-3x3,papers/07501-08000/07743-PROOF.pdf
7744,A261287,PROOF,subblock-3x3,papers/07501-08000/07744-PROOF.pdf
7745,A295778,PROOF,transfer-matrix,papers/07501-08000/07745-PROOF.pdf
7746,A297592,PROOF,transfer-matrix,papers/07501-08000/07746-PROOF.pdf
7747,A316805,PROOF,transfer-matrix,papers/07501-08000/07747-PROOF.pdf
7748,A317522,PROOF,transfer-matrix,papers/07501-08000/07748-PROOF.pdf
7749,A233498,PROOF,forbidden-run,papers/07501-08000/07749-PROOF.pdf
7750,A233619,PROOF,forbidden-run,papers/07501-08000/07750-PROOF.pdf
7751,A235093,PROOF,transfer-matrix,papers/07501-08000/07751-PROOF.pdf
7752,A250629,PROOF,monotone-statistic,papers/07501-08000/07752-PROOF.pdf
7753,A206695,PROOF,pattern-avoidance,papers/07501-08000/07753-PROOF.pdf
7754,A207312,PROOF,pattern-avoidance,papers/07501-08000/07754-PROOF.pdf
7755,A237724,PROOF,subblock-difference,papers/07501-08000/07755-PROOF.pdf
7756,A253694,PROOF,subblock-statistic-neighbour,papers/07501-08000/07756-PROOF.pdf
7757,A207842,PROOF,transfer-matrix,papers/07501-08000/07757-PROOF.pdf
7758,A231694,PROOF,transfer-matrix,papers/07501-08000/07758-PROOF.pdf
7759,A236589,PROOF,subblock-coloring,papers/07501-08000/07759-PROOF.pdf
7760,A255143,PROOF,subblock-3x3,papers/07501-08000/07760-PROOF.pdf
7761,A296647,PROOF,transfer-matrix,papers/07501-08000/07761-PROOF.pdf
7762,A297540,PROOF,transfer-matrix,papers/07501-08000/07762-PROOF.pdf
7763,A297982,PROOF,transfer-matrix,papers/07501-08000/07763-PROOF.pdf
7764,A299063,PROOF,transfer-matrix,papers/07501-08000/07764-PROOF.pdf
7765,A299176,PROOF,transfer-matrix,papers/07501-08000/07765-PROOF.pdf
7766,A299835,PROOF,transfer-matrix,papers/07501-08000/07766-PROOF.pdf
7767,A300468,PROOF,transfer-matrix,papers/07501-08000/07767-PROOF.pdf
7768,A302166,PROOF,transfer-matrix,papers/07501-08000/07768-PROOF.pdf
7769,A302637,PROOF,transfer-matrix,papers/07501-08000/07769-PROOF.pdf
7770,A303620,PROOF,transfer-matrix,papers/07501-08000/07770-PROOF.pdf
7771,A326101,PROOF,transfer-matrix,papers/07501-08000/07771-PROOF.pdf
7772,A237236,PROOF,order-statistic,papers/07501-08000/07772-PROOF.pdf
7773,A203086,PROOF,pattern-avoidance,papers/07501-08000/07773-PROOF.pdf
7774,A207882,PROOF,transfer-matrix,papers/07501-08000/07774-PROOF.pdf
7775,A207957,PROOF,transfer-matrix,papers/07501-08000/07775-PROOF.pdf
7776,A253986,PROOF,monotone-subblock,papers/07501-08000/07776-PROOF.pdf
7777,A283728,PROOF,neighbour-set,papers/07501-08000/07777-PROOF.pdf
7778,A206271,PROOF,clockwise-perimeter,papers/07501-08000/07778-PROOF.pdf
7779,A207489,PROOF,transfer-matrix,papers/07501-08000/07779-PROOF.pdf
7780,A207501,PROOF,transfer-matrix,papers/07501-08000/07780-PROOF.pdf
7781,A282880,PROOF,neighbour-set,papers/07501-08000/07781-PROOF.pdf
7782,A236896,PROOF,order-statistic,papers/07501-08000/07782-PROOF.pdf
7783,A184666,PROOF,transfer-matrix,papers/07501-08000/07783-PROOF.pdf
7784,A207393,PROOF,transfer-matrix,papers/07501-08000/07784-PROOF.pdf
7785,A231539,PROOF,transfer-matrix,papers/07501-08000/07785-PROOF.pdf
7786,A237135,PROOF,order-statistic,papers/07501-08000/07786-PROOF.pdf
7787,A248460,PROOF,window-condition,papers/07501-08000/07787-PROOF.pdf
7788,A251198,PROOF,transfer-matrix,papers/07501-08000/07788-PROOF.pdf
7789,A251453,PROOF,transfer-matrix,papers/07501-08000/07789-PROOF.pdf
7790,A251802,PROOF,transfer-matrix,papers/07501-08000/07790-PROOF.pdf
7791,A296638,PROOF,transfer-matrix,papers/07501-08000/07791-PROOF.pdf
7792,A300534,PROOF,transfer-matrix,papers/07501-08000/07792-PROOF.pdf
7793,A300961,PROOF,transfer-matrix,papers/07501-08000/07793-PROOF.pdf
7794,A230703,PROOF,white-squares,papers/07501-08000/07794-PROOF.pdf
7795,A207070,PROOF,transfer-matrix,papers/07501-08000/07795-PROOF.pdf
7796,A235976,PROOF,subblock-multiset,papers/07501-08000/07796-PROOF.pdf
7797,A240480,PROOF,neighbour-reach,papers/07501-08000/07797-PROOF.pdf
7798,A252205,PROOF,subblock-3x3,papers/07501-08000/07798-PROOF.pdf
7799,A204360,PROOF,transfer-matrix,papers/07501-08000/07799-PROOF.pdf
7800,A253531,PROOF,monotone-subblock,papers/07501-08000/07800-PROOF.pdf
7801,A204359,PROOF,transfer-matrix,papers/07501-08000/07801-PROOF.pdf
7802,A251839,PROOF,subblock-3x3,papers/07501-08000/07802-PROOF.pdf
7803,A251944,PROOF,subblock-3x3,papers/07501-08000/07803-PROOF.pdf
7804,A252204,PROOF,subblock-3x3,papers/07501-08000/07804-PROOF.pdf
7805,A252272,PROOF,subblock-3x3,papers/07501-08000/07805-PROOF.pdf
7806,A252386,PROOF,subblock-3x3,papers/07501-08000/07806-PROOF.pdf
7807,A252409,PROOF,subblock-3x3,papers/07501-08000/07807-PROOF.pdf
7808,A252517,PROOF,subblock-3x3,papers/07501-08000/07808-PROOF.pdf
7809,A204358,PROOF,transfer-matrix,papers/07501-08000/07809-PROOF.pdf
7810,A196133,PROOF,transfer-matrix,papers/07501-08000/07810-PROOF.pdf
7811,A196977,PROOF,transfer-matrix,papers/07501-08000/07811-PROOF.pdf
7812,A197498,PROOF,transfer-matrix,papers/07501-08000/07812-PROOF.pdf
7813,A197540,PROOF,transfer-matrix,papers/07501-08000/07813-PROOF.pdf
7814,A280476,PROOF,transfer-matrix,papers/07501-08000/07814-PROOF.pdf
7815,A281568,PROOF,transfer-matrix,papers/07501-08000/07815-PROOF.pdf
7816,A251676,PROOF,subblock-line-sum,papers/07501-08000/07816-PROOF.pdf
7817,A239181,PROOF,neighbour-set,papers/07501-08000/07817-PROOF.pdf
7818,A230465,PROOF,transfer-matrix,papers/07501-08000/07818-PROOF.pdf
7819,A188703,PROOF,transfer-matrix,papers/07501-08000/07819-PROOF.pdf
7820,A228758,PROOF,transfer-matrix,papers/07501-08000/07820-PROOF.pdf
7821,A252123,PROOF,subblock-3x3,papers/07501-08000/07821-PROOF.pdf
7822,A252203,PROOF,subblock-3x3,papers/07501-08000/07822-PROOF.pdf
7823,A259768,PROOF,subblock-3x3,papers/07501-08000/07823-PROOF.pdf
7824,A260066,PROOF,subblock-3x3,papers/07501-08000/07824-PROOF.pdf
7825,A260280,PROOF,subblock-3x3,papers/07501-08000/07825-PROOF.pdf
7826,A261707,PROOF,subblock-3x3,papers/07501-08000/07826-PROOF.pdf
7827,A302621,PROOF,transfer-matrix,papers/07501-08000/07827-PROOF.pdf
7828,A236121,PROOF,subblock-coloring,papers/07501-08000/07828-PROOF.pdf
7829,A241373,PROOF,transfer-matrix,papers/07501-08000/07829-PROOF.pdf
7830,A253703,PROOF,subblock-statistic-neighbour,papers/07501-08000/07830-PROOF.pdf
7831,A253539,PROOF,monotone-subblock,papers/07501-08000/07831-PROOF.pdf
7832,A253873,PROOF,monotone-subblock,papers/07501-08000/07832-PROOF.pdf
7833,A221298,PROOF,transfer-matrix,papers/07501-08000/07833-PROOF.pdf
7834,A234653,PROOF,transfer-matrix,papers/07501-08000/07834-PROOF.pdf
7835,A248984,PROOF,window-condition,papers/07501-08000/07835-PROOF.pdf
7836,A207722,PROOF,transfer-matrix,papers/07501-08000/07836-PROOF.pdf
7837,A196900,PROOF,transfer-matrix,papers/07501-08000/07837-PROOF.pdf
7838,A237855,PROOF,neighbour-set,papers/07501-08000/07838-PROOF.pdf
7839,A282644,PROOF,king-move,papers/07501-08000/07839-PROOF.pdf
7840,A297398,PROOF,transfer-matrix,papers/07501-08000/07840-PROOF.pdf
7841,A302424,PROOF,transfer-matrix,papers/07501-08000/07841-PROOF.pdf
7842,A317730,PROOF,transfer-matrix,papers/07501-08000/07842-PROOF.pdf
7843,A229698,PROOF,transfer-matrix,papers/07501-08000/07843-PROOF.pdf
7844,A232363,PROOF,value-neighbour,papers/07501-08000/07844-PROOF.pdf
7845,A232426,PROOF,cell-condition,papers/07501-08000/07845-PROOF.pdf
7846,A184780,PROOF,subblock-3x3,papers/07501-08000/07846-PROOF.pdf
7847,A230186,PROOF,transfer-matrix,papers/07501-08000/07847-PROOF.pdf
7848,A254254,PROOF,monotone-subblock,papers/07501-08000/07848-PROOF.pdf
7849,A232338,PROOF,value-neighbour,papers/07501-08000/07849-PROOF.pdf
7850,A283546,PROOF,neighbour-set,papers/07501-08000/07850-PROOF.pdf
7851,A231972,PROOF,neighbour-set,papers/07501-08000/07851-PROOF.pdf
7852,A234791,PROOF,clockwise-perimeter,papers/07501-08000/07852-PROOF.pdf
7853,A296316,PROOF,transfer-matrix,papers/07501-08000/07853-PROOF.pdf
7854,A296331,PROOF,transfer-matrix,papers/07501-08000/07854-PROOF.pdf
7855,A298142,PROOF,transfer-matrix,papers/07501-08000/07855-PROOF.pdf
7856,A298778,PROOF,transfer-matrix,papers/07501-08000/07856-PROOF.pdf
7857,A302631,PROOF,transfer-matrix,papers/07501-08000/07857-PROOF.pdf
7858,A304468,PROOF,transfer-matrix,papers/07501-08000/07858-PROOF.pdf
7859,A306049,PROOF,transfer-matrix,papers/07501-08000/07859-PROOF.pdf
7860,A316285,PROOF,transfer-matrix,papers/07501-08000/07860-PROOF.pdf
7861,A317226,PROOF,transfer-matrix,papers/07501-08000/07861-PROOF.pdf
7862,A250628,PROOF,monotone-statistic,papers/07501-08000/07862-PROOF.pdf
7863,A250938,PROOF,monotone-statistic,papers/07501-08000/07863-PROOF.pdf
7864,A207738,PROOF,transfer-matrix,papers/07501-08000/07864-PROOF.pdf
7865,A283540,PROOF,neighbour-set,papers/07501-08000/07865-PROOF.pdf
7866,A207943,PROOF,transfer-matrix,papers/07501-08000/07866-PROOF.pdf
7867,A206867,PROOF,transfer-matrix,papers/07501-08000/07867-PROOF.pdf
7868,A206990,PROOF,transfer-matrix,papers/07501-08000/07868-PROOF.pdf
7869,A255029,PROOF,monotone-subblock,papers/07501-08000/07869-PROOF.pdf
7870,A235020,PROOF,transfer-matrix,papers/07501-08000/07870-PROOF.pdf
7871,A206885,PROOF,transfer-matrix,papers/07501-08000/07871-PROOF.pdf
7872,A207183,PROOF,transfer-matrix,papers/07501-08000/07872-PROOF.pdf
7873,A207309,PROOF,transfer-matrix,papers/07501-08000/07873-PROOF.pdf
7874,A205364,PROOF,edge-count,papers/07501-08000/07874-PROOF.pdf
7875,A282858,PROOF,neighbour-set,papers/07501-08000/07875-PROOF.pdf
7876,A207919,PROOF,transfer-matrix,papers/07501-08000/07876-PROOF.pdf
7877,A235218,PROOF,clockwise-perimeter,papers/07501-08000/07877-PROOF.pdf
7878,A183786,PROOF,transfer-matrix,papers/07501-08000/07878-PROOF.pdf
7879,A208165,PROOF,transfer-matrix,papers/07501-08000/07879-PROOF.pdf
7880,A236635,PROOF,subblock-coloring,papers/07501-08000/07880-PROOF.pdf
7881,A250945,PROOF,monotone-statistic,papers/07501-08000/07881-PROOF.pdf
7882,A251067,PROOF,transfer-matrix,papers/07501-08000/07882-PROOF.pdf
7883,A231758,PROOF,neighbour-set,papers/07501-08000/07883-PROOF.pdf
7884,A237293,PROOF,order-statistic,papers/07501-08000/07884-PROOF.pdf
7885,A228801,PROOF,transfer-matrix,papers/07501-08000/07885-PROOF.pdf
7886,A296583,PROOF,transfer-matrix,papers/07501-08000/07886-PROOF.pdf
7887,A296958,PROOF,transfer-matrix,papers/07501-08000/07887-PROOF.pdf
7888,A297803,PROOF,transfer-matrix,papers/07501-08000/07888-PROOF.pdf
7889,A300883,PROOF,transfer-matrix,papers/07501-08000/07889-PROOF.pdf
7890,A300918,PROOF,transfer-matrix,papers/07501-08000/07890-PROOF.pdf
7891,A318040,PROOF,transfer-matrix,papers/07501-08000/07891-PROOF.pdf
7892,A181260,PROOF,subblock-condition,papers/07501-08000/07892-PROOF.pdf
7893,A181259,PROOF,subblock-condition,papers/07501-08000/07893-PROOF.pdf
7894,A204033,PROOF,matrix-subblock,papers/07501-08000/07894-PROOF.pdf
7895,A253327,PROOF,monotone-subblock,papers/07501-08000/07895-PROOF.pdf
7896,A202609,PROOF,pattern-avoidance,papers/07501-08000/07896-PROOF.pdf
7897,A207443,PROOF,transfer-matrix,papers/07501-08000/07897-PROOF.pdf
7898,A241611,PROOF,window-word,papers/07501-08000/07898-PROOF.pdf
7899,A183848,PROOF,subblock-condition,papers/07501-08000/07899-PROOF.pdf
7900,A183438,PROOF,neighbour-condition,papers/07501-08000/07900-PROOF.pdf
7901,A140907,PROOF,planepartition-box,papers/07501-08000/07901-PROOF.pdf
7902,A202465,PROOF,local-array-condition,papers/07501-08000/07902-PROOF.pdf
7903,A228389,PROOF,local-array-condition,papers/07501-08000/07903-PROOF.pdf
7904,A259740,PROOF,subblock-3x3,papers/07501-08000/07904-PROOF.pdf
7905,A297337,PROOF,transfer-matrix,papers/07501-08000/07905-PROOF.pdf
7906,A303313,PROOF,transfer-matrix,papers/07501-08000/07906-PROOF.pdf
7907,A183715,PROOF,clockwise-perimeter,papers/07501-08000/07907-PROOF.pdf
7908,A197359,PROOF,transfer-matrix,papers/07501-08000/07908-PROOF.pdf
7909,A197618,PROOF,transfer-matrix,papers/07501-08000/07909-PROOF.pdf
7910,A206322,PROOF,perimeter-cycle,papers/07501-08000/07910-PROOF.pdf
7911,A280671,PROOF,transfer-matrix,papers/07501-08000/07911-PROOF.pdf
7912,A203361,PROOF,adjacency-precedence,papers/07501-08000/07912-PROOF.pdf
7913,A230783,PROOF,transfer-matrix,papers/07501-08000/07913-PROOF.pdf
7914,A260923,PROOF,subblock-3x3,papers/07501-08000/07914-PROOF.pdf
7915,A261376,PROOF,subblock-3x3,papers/07501-08000/07915-PROOF.pdf
7916,A301782,PROOF,transfer-matrix,papers/07501-08000/07916-PROOF.pdf
7917,A301904,PROOF,transfer-matrix,papers/07501-08000/07917-PROOF.pdf
7918,A234394,PROOF,forbidden-run,papers/07501-08000/07918-PROOF.pdf
7919,A253528,PROOF,monotone-subblock,papers/07501-08000/07919-PROOF.pdf
7920,A232062,PROOF,value-neighbour,papers/07501-08000/07920-PROOF.pdf
7921,A207850,PROOF,transfer-matrix,papers/07501-08000/07921-PROOF.pdf
7922,A238066,PROOF,subblock-difference,papers/07501-08000/07922-PROOF.pdf
7923,A208082,PROOF,transfer-matrix,papers/07501-08000/07923-PROOF.pdf
7924,A207756,PROOF,transfer-matrix,papers/07501-08000/07924-PROOF.pdf
7925,A183446,PROOF,king-move,papers/07501-08000/07925-PROOF.pdf
7926,A209549,PROOF,transfer-matrix,papers/07501-08000/07926-PROOF.pdf
7927,A297392,PROOF,transfer-matrix,papers/07501-08000/07927-PROOF.pdf
7928,A297428,PROOF,transfer-matrix,papers/07501-08000/07928-PROOF.pdf
7929,A242547,PROOF,window-word,papers/07501-08000/07929-PROOF.pdf
7930,A251370,PROOF,transfer-matrix,papers/07501-08000/07930-PROOF.pdf
7931,A255620,PROOF,window-word,papers/07501-08000/07931-PROOF.pdf
7932,A277940,PROOF,transfer-matrix,papers/07501-08000/07932-PROOF.pdf
7933,A207367,PROOF,transfer-matrix,papers/07501-08000/07933-PROOF.pdf
7934,A183348,PROOF,adjacency-precedence,papers/07501-08000/07934-PROOF.pdf
7935,A236090,PROOF,subblock-coloring,papers/07501-08000/07935-PROOF.pdf
7936,A220711,PROOF,reciprocal-link,papers/07501-08000/07936-PROOF.pdf
7937,A237773,PROOF,subblock-difference,papers/07501-08000/07937-PROOF.pdf
7938,A232033,PROOF,cell-condition,papers/07501-08000/07938-PROOF.pdf
7939,A232079,PROOF,cell-condition,papers/07501-08000/07939-PROOF.pdf
7940,A205254,PROOF,edge-count,papers/07501-08000/07940-PROOF.pdf
7941,A207951,PROOF,transfer-matrix,papers/07501-08000/07941-PROOF.pdf
7942,A236597,PROOF,subblock-coloring,papers/07501-08000/07942-PROOF.pdf
7943,A238049,PROOF,subblock-difference,papers/07501-08000/07943-PROOF.pdf
7944,A238148,PROOF,subblock-difference,papers/07501-08000/07944-PROOF.pdf
7945,A254972,PROOF,subblock-3x3,papers/07501-08000/07945-PROOF.pdf
7946,A260761,PROOF,subblock-3x3,papers/07501-08000/07946-PROOF.pdf
7947,A301611,PROOF,transfer-matrix,papers/07501-08000/07947-PROOF.pdf
7948,A303465,PROOF,transfer-matrix,papers/07501-08000/07948-PROOF.pdf
7949,A303804,PROOF,transfer-matrix,papers/07501-08000/07949-PROOF.pdf
7950,A207120,PROOF,transfer-matrix,papers/07501-08000/07950-PROOF.pdf
7951,A207253,PROOF,transfer-matrix,papers/07501-08000/07951-PROOF.pdf
7952,A207946,PROOF,transfer-matrix,papers/07501-08000/07952-PROOF.pdf
7953,A250428,PROOF,monotone-statistic,papers/07501-08000/07953-PROOF.pdf
7954,A282333,PROOF,king-move,papers/07501-08000/07954-PROOF.pdf
7955,A283721,PROOF,neighbour-set,papers/07501-08000/07955-PROOF.pdf
7956,A206662,PROOF,clockwise-perimeter,papers/07501-08000/07956-PROOF.pdf
7957,A238650,PROOF,transfer-matrix,papers/07501-08000/07957-PROOF.pdf
7958,A185792,PROOF,matrix-subblock,papers/07501-08000/07958-PROOF.pdf
7959,A207405,PROOF,transfer-matrix,papers/07501-08000/07959-PROOF.pdf
7960,A208144,PROOF,transfer-matrix,papers/07501-08000/07960-PROOF.pdf
7961,A202771,PROOF,pattern-avoidance,papers/07501-08000/07961-PROOF.pdf
7962,A237385,PROOF,subblock-coloring,papers/07501-08000/07962-PROOF.pdf
7963,A250627,PROOF,monotone-statistic,papers/07501-08000/07963-PROOF.pdf
7964,A250989,PROOF,monotone-statistic,papers/07501-08000/07964-PROOF.pdf
7965,A231800,PROOF,neighbour-set,papers/07501-08000/07965-PROOF.pdf
7966,A297097,PROOF,king-move,papers/07501-08000/07966-PROOF.pdf
7967,A259294,PROOF,clockwise-perimeter,papers/07501-08000/07967-PROOF.pdf
7968,A188608,PROOF,transfer-matrix,papers/07501-08000/07968-PROOF.pdf
7969,A189065,PROOF,transfer-matrix,papers/07501-08000/07969-PROOF.pdf
7970,A209781,PROOF,transfer-matrix,papers/07501-08000/07970-PROOF.pdf
7971,A209852,PROOF,transfer-matrix,papers/07501-08000/07971-PROOF.pdf
7972,A210071,PROOF,transfer-matrix,papers/07501-08000/07972-PROOF.pdf
7973,A210329,PROOF,transfer-matrix,papers/07501-08000/07973-PROOF.pdf
7974,A210349,PROOF,transfer-matrix,papers/07501-08000/07974-PROOF.pdf
7975,A250135,PROOF,window-condition,papers/07501-08000/07975-PROOF.pdf
7976,A250670,PROOF,monotone-statistic,papers/07501-08000/07976-PROOF.pdf
7977,A250678,PROOF,monotone-statistic,papers/07501-08000/07977-PROOF.pdf
7978,A251795,PROOF,transfer-matrix,papers/07501-08000/07978-PROOF.pdf
7979,A255084,PROOF,subblock-3x3,papers/07501-08000/07979-PROOF.pdf
7980,A296400,PROOF,transfer-matrix,papers/07501-08000/07980-PROOF.pdf
7981,A296985,PROOF,transfer-matrix,papers/07501-08000/07981-PROOF.pdf
7982,A297015,PROOF,transfer-matrix,papers/07501-08000/07982-PROOF.pdf
7983,A297946,PROOF,transfer-matrix,papers/07501-08000/07983-PROOF.pdf
7984,A298384,PROOF,transfer-matrix,papers/07501-08000/07984-PROOF.pdf
7985,A299460,PROOF,transfer-matrix,papers/07501-08000/07985-PROOF.pdf
7986,A300084,PROOF,transfer-matrix,papers/07501-08000/07986-PROOF.pdf
7987,A301526,PROOF,transfer-matrix,papers/07501-08000/07987-PROOF.pdf
7988,A301536,PROOF,transfer-matrix,papers/07501-08000/07988-PROOF.pdf
7989,A301664,PROOF,transfer-matrix,papers/07501-08000/07989-PROOF.pdf
7990,A302000,PROOF,transfer-matrix,papers/07501-08000/07990-PROOF.pdf
7991,A302878,PROOF,transfer-matrix,papers/07501-08000/07991-PROOF.pdf
7992,A303243,PROOF,transfer-matrix,papers/07501-08000/07992-PROOF.pdf
7993,A303526,PROOF,transfer-matrix,papers/07501-08000/07993-PROOF.pdf
7994,A304014,PROOF,transfer-matrix,papers/07501-08000/07994-PROOF.pdf
7995,A304546,PROOF,transfer-matrix,papers/07501-08000/07995-PROOF.pdf
7996,A304954,PROOF,transfer-matrix,papers/07501-08000/07996-PROOF.pdf
7997,A306131,PROOF,transfer-matrix,papers/07501-08000/07997-PROOF.pdf
7998,A316125,PROOF,transfer-matrix,papers/07501-08000/07998-PROOF.pdf
7999,A316443,PROOF,transfer-matrix,papers/07501-08000/07999-PROOF.pdf
8000,A317431,PROOF,transfer-matrix,papers/07501-08000/08000-PROOF.pdf
8001,A236731,PROOF,order-statistic,papers/08001-08500/08001-PROOF.pdf
8002,A220714,PROOF,reciprocal-link,papers/08001-08500/08002-PROOF.pdf
8003,A220740,PROOF,reciprocal-link,papers/08001-08500/08003-PROOF.pdf
8004,A202903,PROOF,neighbour-condition,papers/08001-08500/08004-PROOF.pdf
8005,A236721,PROOF,order-statistic,papers/08001-08500/08005-PROOF.pdf
8006,A207421,PROOF,transfer-matrix,papers/08001-08500/08006-PROOF.pdf
8007,A181258,PROOF,subblock-condition,papers/08001-08500/08007-PROOF.pdf
8008,A181257,PROOF,subblock-condition,papers/08001-08500/08008-PROOF.pdf
8009,A259423,PROOF,clockwise-perimeter,papers/08001-08500/08009-PROOF.pdf
8010,A220734,PROOF,reciprocal-link,papers/08001-08500/08010-PROOF.pdf
8011,A236791,PROOF,order-statistic,papers/08001-08500/08011-PROOF.pdf
8012,A240702,PROOF,neighbour-condition,papers/08001-08500/08012-PROOF.pdf
8013,A140902,PROOF,planepartition-box,papers/08001-08500/08013-PROOF.pdf
8014,A241115,PROOF,neighbour-condition,papers/08001-08500/08014-PROOF.pdf
8015,A297764,PROOF,neighbour-condition,papers/08001-08500/08015-PROOF.pdf
8016,A222100,PROOF,local-array-condition,papers/08001-08500/08016-PROOF.pdf
8017,A241074,PROOF,neighbour-condition,papers/08001-08500/08017-PROOF.pdf
8018,A220707,PROOF,reciprocal-link,papers/08001-08500/08018-PROOF.pdf
8019,A240644,PROOF,neighbour-condition,papers/08001-08500/08019-PROOF.pdf
8020,A252468,PROOF,subblock-3x3,papers/08001-08500/08020-PROOF.pdf
8021,A253754,PROOF,monotone-subblock,papers/08001-08500/08021-PROOF.pdf
8022,A185861,PROOF,transfer-matrix,papers/08001-08500/08022-PROOF.pdf
8023,A252151,PROOF,subblock-3x3,papers/08001-08500/08023-PROOF.pdf
8024,A253753,PROOF,monotone-subblock,papers/08001-08500/08024-PROOF.pdf
8025,A300349,PROOF,transfer-matrix,papers/08001-08500/08025-PROOF.pdf
8026,A197074,PROOF,transfer-matrix,papers/08001-08500/08026-PROOF.pdf
8027,A197245,PROOF,transfer-matrix,papers/08001-08500/08027-PROOF.pdf
8028,A197275,PROOF,transfer-matrix,papers/08001-08500/08028-PROOF.pdf
8029,A253752,PROOF,monotone-subblock,papers/08001-08500/08029-PROOF.pdf
8030,A204411,PROOF,subblock-3x3,papers/08001-08500/08030-PROOF.pdf
8031,A209510,PROOF,transfer-matrix,papers/08001-08500/08031-PROOF.pdf
8032,A258521,PROOF,monotone-subblock,papers/08001-08500/08032-PROOF.pdf
8033,A185767,PROOF,matrix-subblock,papers/08001-08500/08033-PROOF.pdf
8034,A231286,PROOF,transfer-matrix,papers/08001-08500/08034-PROOF.pdf
8035,A258728,PROOF,window-word,papers/08001-08500/08035-PROOF.pdf
8036,A260976,PROOF,subblock-3x3,papers/08001-08500/08036-PROOF.pdf
8037,A196598,PROOF,transfer-matrix,papers/08001-08500/08037-PROOF.pdf
8038,A281055,PROOF,transfer-matrix,papers/08001-08500/08038-PROOF.pdf
8039,A205739,PROOF,edge-count,papers/08001-08500/08039-PROOF.pdf
8040,A242583,PROOF,window-word,papers/08001-08500/08040-PROOF.pdf
8041,A243043,PROOF,window-word,papers/08001-08500/08041-PROOF.pdf
8042,A243388,PROOF,window-word,papers/08001-08500/08042-PROOF.pdf
8043,A196206,PROOF,transfer-matrix,papers/08001-08500/08043-PROOF.pdf
8044,A234878,PROOF,transfer-matrix,papers/08001-08500/08044-PROOF.pdf
8045,A259996,PROOF,subblock-3x3,papers/08001-08500/08045-PROOF.pdf
8046,A260470,PROOF,subblock-3x3,papers/08001-08500/08046-PROOF.pdf
8047,A260539,PROOF,subblock-3x3,papers/08001-08500/08047-PROOF.pdf
8048,A303424,PROOF,transfer-matrix,papers/08001-08500/08048-PROOF.pdf
8049,A244696,PROOF,window-word,papers/08001-08500/08049-PROOF.pdf
8050,A232151,PROOF,value-neighbour,papers/08001-08500/08050-PROOF.pdf
8051,A234374,PROOF,forbidden-run,papers/08001-08500/08051-PROOF.pdf
8052,A239172,PROOF,neighbour-set,papers/08001-08500/08052-PROOF.pdf
8053,A202884,PROOF,transfer-matrix,papers/08001-08500/08053-PROOF.pdf
8054,A278016,PROOF,transfer-matrix,papers/08001-08500/08054-PROOF.pdf
8055,A203367,PROOF,adjacency-precedence,papers/08001-08500/08055-PROOF.pdf
8056,A231214,PROOF,transfer-matrix,papers/08001-08500/08056-PROOF.pdf
8057,A253750,PROOF,monotone-subblock,papers/08001-08500/08057-PROOF.pdf
8058,A253538,PROOF,monotone-subblock,papers/08001-08500/08058-PROOF.pdf
8059,A253872,PROOF,monotone-subblock,papers/08001-08500/08059-PROOF.pdf
8060,A236029,PROOF,subblock-coloring,papers/08001-08500/08060-PROOF.pdf
8061,A234916,PROOF,transfer-matrix,papers/08001-08500/08061-PROOF.pdf
8062,A237457,PROOF,subblock-difference,papers/08001-08500/08062-PROOF.pdf
8063,A253701,PROOF,subblock-statistic-neighbour,papers/08001-08500/08063-PROOF.pdf
8064,A189612,PROOF,transfer-matrix,papers/08001-08500/08064-PROOF.pdf
8065,A203377,PROOF,transfer-matrix,papers/08001-08500/08065-PROOF.pdf
8066,A208685,PROOF,transfer-matrix,papers/08001-08500/08066-PROOF.pdf
8067,A231378,PROOF,transfer-matrix,papers/08001-08500/08067-PROOF.pdf
8068,A231741,PROOF,transfer-matrix,papers/08001-08500/08068-PROOF.pdf
8069,A278204,PROOF,transfer-matrix,papers/08001-08500/08069-PROOF.pdf
8070,A297729,PROOF,transfer-matrix,papers/08001-08500/08070-PROOF.pdf
8071,A302961,PROOF,transfer-matrix,papers/08001-08500/08071-PROOF.pdf
8072,A305085,PROOF,transfer-matrix,papers/08001-08500/08072-PROOF.pdf
8073,A316416,PROOF,transfer-matrix,papers/08001-08500/08073-PROOF.pdf
8074,A316736,PROOF,transfer-matrix,papers/08001-08500/08074-PROOF.pdf
8075,A317379,PROOF,transfer-matrix,papers/08001-08500/08075-PROOF.pdf
8076,A235101,PROOF,transfer-matrix,papers/08001-08500/08076-PROOF.pdf
8077,A183693,PROOF,matrix-subblock,papers/08001-08500/08077-PROOF.pdf
8078,A207726,PROOF,transfer-matrix,papers/08001-08500/08078-PROOF.pdf
8079,A233952,PROOF,transfer-matrix,papers/08001-08500/08079-PROOF.pdf
8080,A283278,PROOF,neighbour-set,papers/08001-08500/08080-PROOF.pdf
8081,A183332,PROOF,adjacency-precedence,papers/08001-08500/08081-PROOF.pdf
8082,A202975,PROOF,neighbour-set,papers/08001-08500/08082-PROOF.pdf
8083,A253693,PROOF,subblock-statistic-neighbour,papers/08001-08500/08083-PROOF.pdf
8084,A253700,PROOF,subblock-statistic-neighbour,papers/08001-08500/08084-PROOF.pdf
8085,A203177,PROOF,adjacency-precedence,papers/08001-08500/08085-PROOF.pdf
8086,A208684,PROOF,transfer-matrix,papers/08001-08500/08086-PROOF.pdf
8087,A203840,PROOF,neighbour-set,papers/08001-08500/08087-PROOF.pdf
8088,A205048,PROOF,edge-count,papers/08001-08500/08088-PROOF.pdf
8089,A205993,PROOF,edge-count,papers/08001-08500/08089-PROOF.pdf
8090,A207484,PROOF,transfer-matrix,papers/08001-08500/08090-PROOF.pdf
8091,A236705,PROOF,subblock-coloring,papers/08001-08500/08091-PROOF.pdf
8092,A297089,PROOF,king-move,papers/08001-08500/08092-PROOF.pdf
8093,A268323,PROOF,repeated-value-chain,papers/08001-08500/08093-PROOF.pdf
8094,A189618,PROOF,transfer-matrix,papers/08001-08500/08094-PROOF.pdf
8095,A209710,PROOF,transfer-matrix,papers/08001-08500/08095-PROOF.pdf
8096,A209907,PROOF,transfer-matrix,papers/08001-08500/08096-PROOF.pdf
8097,A233629,PROOF,transfer-matrix,papers/08001-08500/08097-PROOF.pdf
8098,A250513,PROOF,monotone-statistic,papers/08001-08500/08098-PROOF.pdf
8099,A296947,PROOF,transfer-matrix,papers/08001-08500/08099-PROOF.pdf
8100,A297751,PROOF,transfer-matrix,papers/08001-08500/08100-PROOF.pdf
8101,A298323,PROOF,transfer-matrix,papers/08001-08500/08101-PROOF.pdf
8102,A298549,PROOF,transfer-matrix,papers/08001-08500/08102-PROOF.pdf
8103,A298617,PROOF,transfer-matrix,papers/08001-08500/08103-PROOF.pdf
8104,A298765,PROOF,transfer-matrix,papers/08001-08500/08104-PROOF.pdf
8105,A298829,PROOF,transfer-matrix,papers/08001-08500/08105-PROOF.pdf
8106,A299216,PROOF,transfer-matrix,papers/08001-08500/08106-PROOF.pdf
8107,A299244,PROOF,transfer-matrix,papers/08001-08500/08107-PROOF.pdf
8108,A299556,PROOF,transfer-matrix,papers/08001-08500/08108-PROOF.pdf
8109,A299583,PROOF,transfer-matrix,papers/08001-08500/08109-PROOF.pdf
8110,A300091,PROOF,transfer-matrix,papers/08001-08500/08110-PROOF.pdf
8111,A301493,PROOF,transfer-matrix,papers/08001-08500/08111-PROOF.pdf
8112,A302213,PROOF,transfer-matrix,papers/08001-08500/08112-PROOF.pdf
8113,A302461,PROOF,transfer-matrix,papers/08001-08500/08113-PROOF.pdf
8114,A302473,PROOF,transfer-matrix,papers/08001-08500/08114-PROOF.pdf
8115,A304692,PROOF,transfer-matrix,papers/08001-08500/08115-PROOF.pdf
8116,A304889,PROOF,transfer-matrix,papers/08001-08500/08116-PROOF.pdf
8117,A316636,PROOF,transfer-matrix,papers/08001-08500/08117-PROOF.pdf
8118,A318093,PROOF,transfer-matrix,papers/08001-08500/08118-PROOF.pdf
8119,A318345,PROOF,transfer-matrix,papers/08001-08500/08119-PROOF.pdf
8120,A237891,PROOF,order-statistic,papers/08001-08500/08120-PROOF.pdf
8121,A202891,PROOF,pattern-avoidance,papers/08001-08500/08121-PROOF.pdf
8122,A207026,PROOF,transfer-matrix,papers/08001-08500/08122-PROOF.pdf
8123,A207270,PROOF,transfer-matrix,papers/08001-08500/08123-PROOF.pdf
8124,A259520,PROOF,clockwise-perimeter,papers/08001-08500/08124-PROOF.pdf
8125,A251288,PROOF,transfer-matrix,papers/08001-08500/08125-PROOF.pdf
8126,A251322,PROOF,transfer-matrix,papers/08001-08500/08126-PROOF.pdf
8127,A183598,PROOF,subblock-multiset,papers/08001-08500/08127-PROOF.pdf
8128,A183830,PROOF,subblock-condition,papers/08001-08500/08128-PROOF.pdf
8129,A184192,PROOF,subblock-multiset,papers/08001-08500/08129-PROOF.pdf
8130,A184202,PROOF,subblock-multiset,papers/08001-08500/08130-PROOF.pdf
8131,A252196,PROOF,subblock-3x3,papers/08001-08500/08131-PROOF.pdf
8132,A252214,PROOF,subblock-3x3,papers/08001-08500/08132-PROOF.pdf
8133,A264651,PROOF,transfer-matrix,papers/08001-08500/08133-PROOF.pdf
8134,A274731,PROOF,transfer-matrix,papers/08001-08500/08134-PROOF.pdf
8135,A251814,PROOF,subblock-line-sum,papers/08001-08500/08135-PROOF.pdf
8136,A232904,PROOF,cell-condition,papers/08001-08500/08136-PROOF.pdf
8137,A235315,PROOF,transfer-matrix,papers/08001-08500/08137-PROOF.pdf
8138,A232314,PROOF,cell-condition,papers/08001-08500/08138-PROOF.pdf
8139,A188990,PROOF,transfer-matrix,papers/08001-08500/08139-PROOF.pdf
8140,A259739,PROOF,subblock-3x3,papers/08001-08500/08140-PROOF.pdf
8141,A260012,PROOF,subblock-3x3,papers/08001-08500/08141-PROOF.pdf
8142,A304220,PROOF,transfer-matrix,papers/08001-08500/08142-PROOF.pdf
8143,A195957,PROOF,transfer-matrix,papers/08001-08500/08143-PROOF.pdf
8144,A196451,PROOF,transfer-matrix,papers/08001-08500/08144-PROOF.pdf
8145,A196907,PROOF,transfer-matrix,papers/08001-08500/08145-PROOF.pdf
8146,A197345,PROOF,transfer-matrix,papers/08001-08500/08146-PROOF.pdf
8147,A234677,PROOF,transfer-matrix,papers/08001-08500/08147-PROOF.pdf
8148,A253529,PROOF,monotone-subblock,papers/08001-08500/08148-PROOF.pdf
8149,A232019,PROOF,transfer-matrix,papers/08001-08500/08149-PROOF.pdf
8150,A196643,PROOF,transfer-matrix,papers/08001-08500/08150-PROOF.pdf
8151,A251869,PROOF,subblock-line-sum,papers/08001-08500/08151-PROOF.pdf
8152,A189061,PROOF,transfer-matrix,papers/08001-08500/08152-PROOF.pdf
8153,A252247,PROOF,subblock-3x3,papers/08001-08500/08153-PROOF.pdf
8154,A252633,PROOF,subblock-3x3,papers/08001-08500/08154-PROOF.pdf
8155,A260203,PROOF,subblock-3x3,papers/08001-08500/08155-PROOF.pdf
8156,A301660,PROOF,transfer-matrix,papers/08001-08500/08156-PROOF.pdf
8157,A254581,PROOF,monotone-subblock,papers/08001-08500/08157-PROOF.pdf
8158,A235314,PROOF,transfer-matrix,papers/08001-08500/08158-PROOF.pdf
8159,A206680,PROOF,perimeter-cycle,papers/08001-08500/08159-PROOF.pdf
8160,A234676,PROOF,transfer-matrix,papers/08001-08500/08160-PROOF.pdf
8161,A243032,PROOF,window-word,papers/08001-08500/08161-PROOF.pdf
8162,A234486,PROOF,transfer-matrix,papers/08001-08500/08162-PROOF.pdf
8163,A255154,PROOF,subblock-3x3,papers/08001-08500/08163-PROOF.pdf
8164,A255796,PROOF,subblock-3x3,papers/08001-08500/08164-PROOF.pdf
8165,A303797,PROOF,transfer-matrix,papers/08001-08500/08165-PROOF.pdf
8166,A223410,PROOF,transfer-matrix,papers/08001-08500/08166-PROOF.pdf
8167,A244179,PROOF,window-word,papers/08001-08500/08167-PROOF.pdf
8168,A183339,PROOF,adjacency-precedence,papers/08001-08500/08168-PROOF.pdf
8169,A202597,PROOF,pattern-avoidance,papers/08001-08500/08169-PROOF.pdf
8170,A282787,PROOF,king-move,papers/08001-08500/08170-PROOF.pdf
8171,A231391,PROOF,transfer-matrix,papers/08001-08500/08171-PROOF.pdf
8172,A235313,PROOF,transfer-matrix,papers/08001-08500/08172-PROOF.pdf
8173,A238930,PROOF,neighbour-set,papers/08001-08500/08173-PROOF.pdf
8174,A282312,PROOF,king-move,papers/08001-08500/08174-PROOF.pdf
8175,A188749,PROOF,transfer-matrix,papers/08001-08500/08175-PROOF.pdf
8176,A188846,PROOF,transfer-matrix,papers/08001-08500/08176-PROOF.pdf
8177,A236113,PROOF,subblock-coloring,papers/08001-08500/08177-PROOF.pdf
8178,A236654,PROOF,subblock-coloring,papers/08001-08500/08178-PROOF.pdf
8179,A237915,PROOF,subblock-difference,papers/08001-08500/08179-PROOF.pdf
8180,A251295,PROOF,transfer-matrix,papers/08001-08500/08180-PROOF.pdf
8181,A255795,PROOF,subblock-3x3,papers/08001-08500/08181-PROOF.pdf
8182,A260835,PROOF,subblock-3x3,papers/08001-08500/08182-PROOF.pdf
8183,A296721,PROOF,transfer-matrix,papers/08001-08500/08183-PROOF.pdf
8184,A297502,PROOF,transfer-matrix,papers/08001-08500/08184-PROOF.pdf
8185,A297819,PROOF,transfer-matrix,papers/08001-08500/08185-PROOF.pdf
8186,A302804,PROOF,transfer-matrix,papers/08001-08500/08186-PROOF.pdf
8187,A303326,PROOF,transfer-matrix,papers/08001-08500/08187-PROOF.pdf
8188,A306162,PROOF,transfer-matrix,papers/08001-08500/08188-PROOF.pdf
8189,A318071,PROOF,transfer-matrix,papers/08001-08500/08189-PROOF.pdf
8190,A205819,PROOF,edge-count,papers/08001-08500/08190-PROOF.pdf
8191,A268955,PROOF,repeated-value-chain,papers/08001-08500/08191-PROOF.pdf
8192,A233812,PROOF,transfer-matrix,papers/08001-08500/08192-PROOF.pdf
8193,A234675,PROOF,transfer-matrix,papers/08001-08500/08193-PROOF.pdf
8194,A282833,PROOF,king-move,papers/08001-08500/08194-PROOF.pdf
8195,A206122,PROOF,edge-count,papers/08001-08500/08195-PROOF.pdf
8196,A253813,PROOF,monotone-subblock,papers/08001-08500/08196-PROOF.pdf
8197,A235180,PROOF,transfer-matrix,papers/08001-08500/08197-PROOF.pdf
8198,A283636,PROOF,neighbour-set,papers/08001-08500/08198-PROOF.pdf
8199,A207942,PROOF,transfer-matrix,papers/08001-08500/08199-PROOF.pdf
8200,A282436,PROOF,king-move,papers/08001-08500/08200-PROOF.pdf
8201,A283629,PROOF,neighbour-set,papers/08001-08500/08201-PROOF.pdf
8202,A283198,PROOF,neighbour-set,papers/08001-08500/08202-PROOF.pdf
8203,A234108,PROOF,transfer-matrix,papers/08001-08500/08203-PROOF.pdf
8204,A207713,PROOF,transfer-matrix,papers/08001-08500/08204-PROOF.pdf
8205,A207841,PROOF,transfer-matrix,papers/08001-08500/08205-PROOF.pdf
8206,A208699,PROOF,transfer-matrix,papers/08001-08500/08206-PROOF.pdf
8207,A205067,PROOF,edge-count,papers/08001-08500/08207-PROOF.pdf
8208,A236740,PROOF,order-statistic,papers/08001-08500/08208-PROOF.pdf
8209,A283037,PROOF,neighbour-set,papers/08001-08500/08209-PROOF.pdf
8210,A206049,PROOF,edge-count,papers/08001-08500/08210-PROOF.pdf
8211,A237678,PROOF,subblock-coloring,papers/08001-08500/08211-PROOF.pdf
8212,A184210,PROOF,transfer-matrix,papers/08001-08500/08212-PROOF.pdf
8213,A188517,PROOF,transfer-matrix,papers/08001-08500/08213-PROOF.pdf
8214,A220684,PROOF,reciprocal-link,papers/08001-08500/08214-PROOF.pdf
8215,A255776,PROOF,subblock-3x3,papers/08001-08500/08215-PROOF.pdf
8216,A295248,PROOF,transfer-matrix,papers/08001-08500/08216-PROOF.pdf
8217,A295347,PROOF,transfer-matrix,papers/08001-08500/08217-PROOF.pdf
8218,A295526,PROOF,transfer-matrix,papers/08001-08500/08218-PROOF.pdf
8219,A295647,PROOF,transfer-matrix,papers/08001-08500/08219-PROOF.pdf
8220,A297639,PROOF,transfer-matrix,papers/08001-08500/08220-PROOF.pdf
8221,A297722,PROOF,transfer-matrix,papers/08001-08500/08221-PROOF.pdf
8222,A298050,PROOF,transfer-matrix,papers/08001-08500/08222-PROOF.pdf
8223,A298128,PROOF,transfer-matrix,papers/08001-08500/08223-PROOF.pdf
8224,A298149,PROOF,transfer-matrix,papers/08001-08500/08224-PROOF.pdf
8225,A298225,PROOF,transfer-matrix,papers/08001-08500/08225-PROOF.pdf
8226,A298254,PROOF,transfer-matrix,papers/08001-08500/08226-PROOF.pdf
8227,A298714,PROOF,transfer-matrix,papers/08001-08500/08227-PROOF.pdf
8228,A299003,PROOF,transfer-matrix,papers/08001-08500/08228-PROOF.pdf
8229,A299123,PROOF,transfer-matrix,papers/08001-08500/08229-PROOF.pdf
8230,A299446,PROOF,transfer-matrix,papers/08001-08500/08230-PROOF.pdf
8231,A299453,PROOF,transfer-matrix,papers/08001-08500/08231-PROOF.pdf
8232,A299670,PROOF,transfer-matrix,papers/08001-08500/08232-PROOF.pdf
8233,A299748,PROOF,transfer-matrix,papers/08001-08500/08233-PROOF.pdf
8234,A299881,PROOF,transfer-matrix,papers/08001-08500/08234-PROOF.pdf
8235,A300262,PROOF,transfer-matrix,papers/08001-08500/08235-PROOF.pdf
8236,A301349,PROOF,transfer-matrix,papers/08001-08500/08236-PROOF.pdf
8237,A301603,PROOF,transfer-matrix,papers/08001-08500/08237-PROOF.pdf
8238,A302273,PROOF,transfer-matrix,papers/08001-08500/08238-PROOF.pdf
8239,A302428,PROOF,transfer-matrix,papers/08001-08500/08239-PROOF.pdf
8240,A302523,PROOF,transfer-matrix,papers/08001-08500/08240-PROOF.pdf
8241,A303198,PROOF,transfer-matrix,papers/08001-08500/08241-PROOF.pdf
8242,A303406,PROOF,transfer-matrix,papers/08001-08500/08242-PROOF.pdf
8243,A304151,PROOF,transfer-matrix,papers/08001-08500/08243-PROOF.pdf
8244,A304350,PROOF,transfer-matrix,papers/08001-08500/08244-PROOF.pdf
8245,A304671,PROOF,transfer-matrix,papers/08001-08500/08245-PROOF.pdf
8246,A304947,PROOF,transfer-matrix,papers/08001-08500/08246-PROOF.pdf
8247,A305170,PROOF,transfer-matrix,papers/08001-08500/08247-PROOF.pdf
8248,A305362,PROOF,transfer-matrix,papers/08001-08500/08248-PROOF.pdf
8249,A305913,PROOF,transfer-matrix,papers/08001-08500/08249-PROOF.pdf
8250,A316171,PROOF,transfer-matrix,papers/08001-08500/08250-PROOF.pdf
8251,A316234,PROOF,transfer-matrix,papers/08001-08500/08251-PROOF.pdf
8252,A317155,PROOF,transfer-matrix,papers/08001-08500/08252-PROOF.pdf
8253,A317453,PROOF,transfer-matrix,papers/08001-08500/08253-PROOF.pdf
8254,A317866,PROOF,transfer-matrix,papers/08001-08500/08254-PROOF.pdf
8255,A318019,PROOF,transfer-matrix,papers/08001-08500/08255-PROOF.pdf
8256,A320359,PROOF,transfer-matrix,papers/08001-08500/08256-PROOF.pdf
8257,A282475,PROOF,king-move,papers/08001-08500/08257-PROOF.pdf
8258,A202371,PROOF,pattern-avoidance,papers/08001-08500/08258-PROOF.pdf
8259,A236782,PROOF,order-statistic,papers/08001-08500/08259-PROOF.pdf
8260,A237802,PROOF,order-statistic,papers/08001-08500/08260-PROOF.pdf
8261,A251445,PROOF,transfer-matrix,papers/08001-08500/08261-PROOF.pdf
8262,A277768,PROOF,neighbour-reach,papers/08001-08500/08262-PROOF.pdf
8263,A181250,PROOF,subblock-condition,papers/08001-08500/08263-PROOF.pdf
8264,A140903,PROOF,planepartition-box,papers/08001-08500/08264-PROOF.pdf
8265,A295047,PROOF,neighbour-condition,papers/08001-08500/08265-PROOF.pdf
8266,A236995,PROOF,subblock-difference,papers/08001-08500/08266-PROOF.pdf
8267,A252213,PROOF,subblock-3x3,papers/08001-08500/08267-PROOF.pdf
8268,A264055,PROOF,transfer-matrix,papers/08001-08500/08268-PROOF.pdf
8269,A204148,PROOF,transfer-matrix,papers/08001-08500/08269-PROOF.pdf
8270,A255040,PROOF,monotone-subblock,papers/08001-08500/08270-PROOF.pdf
8271,A256951,PROOF,monotone-subblock,papers/08001-08500/08271-PROOF.pdf
8272,A302009,PROOF,transfer-matrix,papers/08001-08500/08272-PROOF.pdf
8273,A196073,PROOF,transfer-matrix,papers/08001-08500/08273-PROOF.pdf
8274,A196332,PROOF,transfer-matrix,papers/08001-08500/08274-PROOF.pdf
8275,A197396,PROOF,transfer-matrix,papers/08001-08500/08275-PROOF.pdf
8276,A251813,PROOF,subblock-line-sum,papers/08001-08500/08276-PROOF.pdf
8277,A236807,PROOF,order-statistic,papers/08001-08500/08277-PROOF.pdf
8278,A252450,PROOF,subblock-3x3,papers/08001-08500/08278-PROOF.pdf
8279,A297372,PROOF,transfer-matrix,papers/08001-08500/08279-PROOF.pdf
8280,A300348,PROOF,transfer-matrix,papers/08001-08500/08280-PROOF.pdf
8281,A302684,PROOF,transfer-matrix,papers/08001-08500/08281-PROOF.pdf
8282,A305228,PROOF,transfer-matrix,papers/08001-08500/08282-PROOF.pdf
8283,A185926,PROOF,matrix-subblock,papers/08001-08500/08283-PROOF.pdf
8284,A280603,PROOF,transfer-matrix,papers/08001-08500/08284-PROOF.pdf
8285,A253866,PROOF,monotone-subblock,papers/08001-08500/08285-PROOF.pdf
8286,A237968,PROOF,subblock-difference,papers/08001-08500/08286-PROOF.pdf
8287,A196985,PROOF,transfer-matrix,papers/08001-08500/08287-PROOF.pdf
8288,A208006,PROOF,transfer-matrix,papers/08001-08500/08288-PROOF.pdf
8289,A260065,PROOF,subblock-3x3,papers/08001-08500/08289-PROOF.pdf
8290,A234119,PROOF,transfer-matrix,papers/08001-08500/08290-PROOF.pdf
8291,A252081,PROOF,subblock-3x3,papers/08001-08500/08291-PROOF.pdf
8292,A183687,PROOF,matrix-subblock,papers/08001-08500/08292-PROOF.pdf
8293,A253527,PROOF,monotone-subblock,papers/08001-08500/08293-PROOF.pdf
8294,A253865,PROOF,monotone-subblock,papers/08001-08500/08294-PROOF.pdf
8295,A208372,PROOF,transfer-matrix,papers/08001-08500/08295-PROOF.pdf
8296,A243606,PROOF,window-word,papers/08001-08500/08296-PROOF.pdf
8297,A248535,PROOF,window-condition,papers/08001-08500/08297-PROOF.pdf
8298,A237561,PROOF,subblock-difference,papers/08001-08500/08298-PROOF.pdf
8299,A282395,PROOF,king-move,papers/08001-08500/08299-PROOF.pdf
8300,A189259,PROOF,transfer-matrix,papers/08001-08500/08300-PROOF.pdf
8301,A233677,PROOF,transfer-matrix,papers/08001-08500/08301-PROOF.pdf
8302,A236037,PROOF,subblock-coloring,papers/08001-08500/08302-PROOF.pdf
8303,A236134,PROOF,subblock-coloring,papers/08001-08500/08303-PROOF.pdf
8304,A251338,PROOF,transfer-matrix,papers/08001-08500/08304-PROOF.pdf
8305,A260100,PROOF,subblock-3x3,papers/08001-08500/08305-PROOF.pdf
8306,A260495,PROOF,subblock-3x3,papers/08001-08500/08306-PROOF.pdf
8307,A278276,PROOF,transfer-matrix,papers/08001-08500/08307-PROOF.pdf
8308,A296035,PROOF,transfer-matrix,papers/08001-08500/08308-PROOF.pdf
8309,A297585,PROOF,transfer-matrix,papers/08001-08500/08309-PROOF.pdf
8310,A297684,PROOF,transfer-matrix,papers/08001-08500/08310-PROOF.pdf
8311,A302261,PROOF,transfer-matrix,papers/08001-08500/08311-PROOF.pdf
8312,A303184,PROOF,transfer-matrix,papers/08001-08500/08312-PROOF.pdf
8313,A304145,PROOF,transfer-matrix,papers/08001-08500/08313-PROOF.pdf
8314,A304600,PROOF,transfer-matrix,papers/08001-08500/08314-PROOF.pdf
8315,A305485,PROOF,transfer-matrix,papers/08001-08500/08315-PROOF.pdf
8316,A305688,PROOF,transfer-matrix,papers/08001-08500/08316-PROOF.pdf
8317,A316811,PROOF,transfer-matrix,papers/08001-08500/08317-PROOF.pdf
8318,A317068,PROOF,transfer-matrix,papers/08001-08500/08318-PROOF.pdf
8319,A317561,PROOF,transfer-matrix,papers/08001-08500/08319-PROOF.pdf
8320,A283853,PROOF,neighbour-set,papers/08001-08500/08320-PROOF.pdf
8321,A220624,PROOF,reciprocal-link,papers/08001-08500/08321-PROOF.pdf
8322,A220641,PROOF,reciprocal-link,papers/08001-08500/08322-PROOF.pdf
8323,A283126,PROOF,neighbour-set,papers/08001-08500/08323-PROOF.pdf
8324,A248534,PROOF,window-condition,papers/08001-08500/08324-PROOF.pdf
8325,A206996,PROOF,transfer-matrix,papers/08001-08500/08325-PROOF.pdf
8326,A234163,PROOF,transfer-matrix,papers/08001-08500/08326-PROOF.pdf
8327,A234445,PROOF,transfer-matrix,papers/08001-08500/08327-PROOF.pdf
8328,A238175,PROOF,order-statistic,papers/08001-08500/08328-PROOF.pdf
8329,A254253,PROOF,monotone-subblock,papers/08001-08500/08329-PROOF.pdf
8330,A254915,PROOF,monotone-subblock,papers/08001-08500/08330-PROOF.pdf
8331,A207308,PROOF,transfer-matrix,papers/08001-08500/08331-PROOF.pdf
8332,A207897,PROOF,transfer-matrix,papers/08001-08500/08332-PROOF.pdf
8333,A205286,PROOF,matrix-subblock,papers/08001-08500/08333-PROOF.pdf
8334,A207438,PROOF,transfer-matrix,papers/08001-08500/08334-PROOF.pdf
8335,A207496,PROOF,transfer-matrix,papers/08001-08500/08335-PROOF.pdf
8336,A207764,PROOF,transfer-matrix,papers/08001-08500/08336-PROOF.pdf
8337,A232024,PROOF,transfer-matrix,papers/08001-08500/08337-PROOF.pdf
8338,A236604,PROOF,subblock-coloring,papers/08001-08500/08338-PROOF.pdf
8339,A236775,PROOF,subblock-coloring,papers/08001-08500/08339-PROOF.pdf
8340,A269618,PROOF,repeated-value-chain,papers/08001-08500/08340-PROOF.pdf
8341,A297080,PROOF,king-move,papers/08001-08500/08341-PROOF.pdf
8342,A234754,PROOF,clockwise-perimeter,papers/08001-08500/08342-PROOF.pdf
8343,A259247,PROOF,clockwise-perimeter,papers/08001-08500/08343-PROOF.pdf
8344,A188852,PROOF,transfer-matrix,papers/08001-08500/08344-PROOF.pdf
8345,A209651,PROOF,transfer-matrix,papers/08001-08500/08345-PROOF.pdf
8346,A233934,PROOF,transfer-matrix,papers/08001-08500/08346-PROOF.pdf
8347,A235927,PROOF,minmax-median,papers/08001-08500/08347-PROOF.pdf
8348,A236004,PROOF,minmax-median,papers/08001-08500/08348-PROOF.pdf
8349,A249702,PROOF,window-condition,papers/08001-08500/08349-PROOF.pdf
8350,A250382,PROOF,window-condition,papers/08001-08500/08350-PROOF.pdf
8351,A251255,PROOF,transfer-matrix,papers/08001-08500/08351-PROOF.pdf
8352,A296594,PROOF,transfer-matrix,papers/08001-08500/08352-PROOF.pdf
8353,A296969,PROOF,transfer-matrix,papers/08001-08500/08353-PROOF.pdf
8354,A297546,PROOF,transfer-matrix,papers/08001-08500/08354-PROOF.pdf
8355,A297656,PROOF,transfer-matrix,papers/08001-08500/08355-PROOF.pdf
8356,A297871,PROOF,transfer-matrix,papers/08001-08500/08356-PROOF.pdf
8357,A298058,PROOF,transfer-matrix,papers/08001-08500/08357-PROOF.pdf
8358,A298065,PROOF,transfer-matrix,papers/08001-08500/08358-PROOF.pdf
8359,A298190,PROOF,transfer-matrix,papers/08001-08500/08359-PROOF.pdf
8360,A298289,PROOF,transfer-matrix,papers/08001-08500/08360-PROOF.pdf
8361,A298315,PROOF,transfer-matrix,papers/08001-08500/08361-PROOF.pdf
8362,A298377,PROOF,transfer-matrix,papers/08001-08500/08362-PROOF.pdf
8363,A298449,PROOF,transfer-matrix,papers/08001-08500/08363-PROOF.pdf
8364,A298707,PROOF,transfer-matrix,papers/08001-08500/08364-PROOF.pdf
8365,A298722,PROOF,transfer-matrix,papers/08001-08500/08365-PROOF.pdf
8366,A298890,PROOF,transfer-matrix,papers/08001-08500/08366-PROOF.pdf
8367,A299047,PROOF,transfer-matrix,papers/08001-08500/08367-PROOF.pdf
8368,A299084,PROOF,transfer-matrix,papers/08001-08500/08368-PROOF.pdf
8369,A299182,PROOF,transfer-matrix,papers/08001-08500/08369-PROOF.pdf
8370,A299189,PROOF,transfer-matrix,papers/08001-08500/08370-PROOF.pdf
8371,A299523,PROOF,transfer-matrix,papers/08001-08500/08371-PROOF.pdf
8372,A299809,PROOF,transfer-matrix,papers/08001-08500/08372-PROOF.pdf
8373,A300607,PROOF,transfer-matrix,papers/08001-08500/08373-PROOF.pdf
8374,A303085,PROOF,transfer-matrix,papers/08001-08500/08374-PROOF.pdf
8375,A304258,PROOF,transfer-matrix,papers/08001-08500/08375-PROOF.pdf
8376,A304699,PROOF,transfer-matrix,papers/08001-08500/08376-PROOF.pdf
8377,A305010,PROOF,transfer-matrix,papers/08001-08500/08377-PROOF.pdf
8378,A305447,PROOF,transfer-matrix,papers/08001-08500/08378-PROOF.pdf
8379,A305644,PROOF,transfer-matrix,papers/08001-08500/08379-PROOF.pdf
8380,A316118,PROOF,transfer-matrix,papers/08001-08500/08380-PROOF.pdf
8381,A316450,PROOF,transfer-matrix,papers/08001-08500/08381-PROOF.pdf
8382,A316643,PROOF,transfer-matrix,papers/08001-08500/08382-PROOF.pdf
8383,A316920,PROOF,transfer-matrix,papers/08001-08500/08383-PROOF.pdf
8384,A317038,PROOF,transfer-matrix,papers/08001-08500/08384-PROOF.pdf
8385,A317692,PROOF,transfer-matrix,papers/08001-08500/08385-PROOF.pdf
8386,A317768,PROOF,transfer-matrix,papers/08001-08500/08386-PROOF.pdf
8387,A317810,PROOF,transfer-matrix,papers/08001-08500/08387-PROOF.pdf
8388,A318425,PROOF,transfer-matrix,papers/08001-08500/08388-PROOF.pdf
8389,A237302,PROOF,order-statistic,papers/08001-08500/08389-PROOF.pdf
8390,A201083,PROOF,window-condition,papers/08001-08500/08390-PROOF.pdf
8391,A207112,PROOF,transfer-matrix,papers/08001-08500/08391-PROOF.pdf
8392,A207243,PROOF,transfer-matrix,papers/08001-08500/08392-PROOF.pdf
8393,A250969,PROOF,transfer-matrix,papers/08001-08500/08393-PROOF.pdf
8394,A251096,PROOF,transfer-matrix,papers/08001-08500/08394-PROOF.pdf
8395,A251224,PROOF,transfer-matrix,papers/08001-08500/08395-PROOF.pdf
8396,A183806,PROOF,subblock-condition,papers/08001-08500/08396-PROOF.pdf
8397,A252134,PROOF,subblock-3x3,papers/08001-08500/08397-PROOF.pdf
8398,A264425,PROOF,transfer-matrix,papers/08001-08500/08398-PROOF.pdf
8399,A252195,PROOF,subblock-3x3,papers/08001-08500/08399-PROOF.pdf
8400,A252467,PROOF,subblock-3x3,papers/08001-08500/08400-PROOF.pdf
8401,A252070,PROOF,subblock-3x3,papers/08001-08500/08401-PROOF.pdf
8402,A281323,PROOF,transfer-matrix,papers/08001-08500/08402-PROOF.pdf
8403,A254842,PROOF,monotone-subblock,papers/08001-08500/08403-PROOF.pdf
8404,A255760,PROOF,monotone-subblock,papers/08001-08500/08404-PROOF.pdf
8405,A236994,PROOF,subblock-difference,papers/08001-08500/08405-PROOF.pdf
8406,A232334,PROOF,value-neighbour,papers/08001-08500/08406-PROOF.pdf
8407,A258527,PROOF,monotone-subblock,papers/08001-08500/08407-PROOF.pdf
8408,A203824,PROOF,transfer-matrix,papers/08001-08500/08408-PROOF.pdf
8409,A228666,PROOF,transfer-matrix,papers/08001-08500/08409-PROOF.pdf
8410,A228688,PROOF,transfer-matrix,papers/08001-08500/08410-PROOF.pdf
8411,A250542,PROOF,monotone-statistic,papers/08001-08500/08411-PROOF.pdf
8412,A250697,PROOF,monotone-statistic,papers/08001-08500/08412-PROOF.pdf
8413,A297223,PROOF,transfer-matrix,papers/08001-08500/08413-PROOF.pdf
8414,A236808,PROOF,transfer-matrix,papers/08001-08500/08414-PROOF.pdf
8415,A196969,PROOF,transfer-matrix,papers/08001-08500/08415-PROOF.pdf
8416,A197556,PROOF,transfer-matrix,papers/08001-08500/08416-PROOF.pdf
8417,A234224,PROOF,transfer-matrix,papers/08001-08500/08417-PROOF.pdf
8418,A280857,PROOF,transfer-matrix,papers/08001-08500/08418-PROOF.pdf
8419,A279576,PROOF,transfer-matrix,papers/08001-08500/08419-PROOF.pdf
8420,A206069,PROOF,transfer-matrix,papers/08001-08500/08420-PROOF.pdf
8421,A258526,PROOF,monotone-subblock,papers/08001-08500/08421-PROOF.pdf
8422,A237245,PROOF,subblock-difference,papers/08001-08500/08422-PROOF.pdf
8423,A237380,PROOF,subblock-difference,papers/08001-08500/08423-PROOF.pdf
8424,A235084,PROOF,transfer-matrix,papers/08001-08500/08424-PROOF.pdf
8425,A189199,PROOF,transfer-matrix,papers/08001-08500/08425-PROOF.pdf
8426,A250541,PROOF,monotone-statistic,papers/08001-08500/08426-PROOF.pdf
8427,A250696,PROOF,monotone-statistic,papers/08001-08500/08427-PROOF.pdf
8428,A260011,PROOF,subblock-3x3,papers/08001-08500/08428-PROOF.pdf
8429,A261261,PROOF,subblock-3x3,papers/08001-08500/08429-PROOF.pdf
8430,A301821,PROOF,transfer-matrix,papers/08001-08500/08430-PROOF.pdf
8431,A316691,PROOF,transfer-matrix,papers/08001-08500/08431-PROOF.pdf
8432,A253364,PROOF,subblock-statistic-neighbour,papers/08001-08500/08432-PROOF.pdf
8433,A223252,PROOF,transfer-matrix,papers/08001-08500/08433-PROOF.pdf
8434,A234223,PROOF,transfer-matrix,papers/08001-08500/08434-PROOF.pdf
8435,A206409,PROOF,perimeter-cycle,papers/08001-08500/08435-PROOF.pdf
8436,A205731,PROOF,edge-count,papers/08001-08500/08436-PROOF.pdf
8437,A208117,PROOF,transfer-matrix,papers/08001-08500/08437-PROOF.pdf
8438,A235083,PROOF,transfer-matrix,papers/08001-08500/08438-PROOF.pdf
8439,A196489,PROOF,transfer-matrix,papers/08001-08500/08439-PROOF.pdf
8440,A256730,PROOF,subblock-line-sum,papers/08001-08500/08440-PROOF.pdf
8441,A248063,PROOF,window-condition,papers/08001-08500/08441-PROOF.pdf
8442,A250540,PROOF,monotone-statistic,papers/08001-08500/08442-PROOF.pdf
8443,A250695,PROOF,monotone-statistic,papers/08001-08500/08443-PROOF.pdf
8444,A258727,PROOF,window-word,papers/08001-08500/08444-PROOF.pdf
8445,A259718,PROOF,subblock-3x3,papers/08001-08500/08445-PROOF.pdf
8446,A259889,PROOF,subblock-3x3,papers/08001-08500/08446-PROOF.pdf
8447,A259947,PROOF,subblock-3x3,papers/08001-08500/08447-PROOF.pdf
8448,A302626,PROOF,transfer-matrix,papers/08001-08500/08448-PROOF.pdf
8449,A303418,PROOF,transfer-matrix,papers/08001-08500/08449-PROOF.pdf
8450,A304130,PROOF,transfer-matrix,papers/08001-08500/08450-PROOF.pdf
8451,A207734,PROOF,transfer-matrix,papers/08001-08500/08451-PROOF.pdf
8452,A208012,PROOF,transfer-matrix,papers/08001-08500/08452-PROOF.pdf
8453,A242582,PROOF,window-word,papers/08001-08500/08453-PROOF.pdf
8454,A243042,PROOF,window-word,papers/08001-08500/08454-PROOF.pdf
8455,A243387,PROOF,window-word,papers/08001-08500/08455-PROOF.pdf
8456,A187640,PROOF,subblock-content,papers/08001-08500/08456-PROOF.pdf
8457,A281601,PROOF,transfer-matrix,papers/08001-08500/08457-PROOF.pdf
8458,A230471,PROOF,transfer-matrix,papers/08001-08500/08458-PROOF.pdf
8459,A278001,PROOF,transfer-matrix,papers/08001-08500/08459-PROOF.pdf
8460,A207811,PROOF,transfer-matrix,papers/08001-08500/08460-PROOF.pdf
8461,A208553,PROOF,transfer-matrix,papers/08001-08500/08461-PROOF.pdf
8462,A231452,PROOF,transfer-matrix,papers/08001-08500/08462-PROOF.pdf
8463,A208116,PROOF,transfer-matrix,papers/08001-08500/08463-PROOF.pdf
8464,A234031,PROOF,transfer-matrix,papers/08001-08500/08464-PROOF.pdf
8465,A246733,PROOF,window-condition,papers/08001-08500/08465-PROOF.pdf
8466,A234415,PROOF,transfer-matrix,papers/08001-08500/08466-PROOF.pdf
8467,A207755,PROOF,transfer-matrix,papers/08001-08500/08467-PROOF.pdf
8468,A207733,PROOF,transfer-matrix,papers/08001-08500/08468-PROOF.pdf
8469,A242546,PROOF,window-word,papers/08001-08500/08469-PROOF.pdf
8470,A243640,PROOF,window-word,papers/08001-08500/08470-PROOF.pdf
8471,A208011,PROOF,transfer-matrix,papers/08001-08500/08471-PROOF.pdf
8472,A234660,PROOF,transfer-matrix,papers/08001-08500/08472-PROOF.pdf
8473,A245948,PROOF,window-condition,papers/08001-08500/08473-PROOF.pdf
8474,A207366,PROOF,transfer-matrix,papers/08001-08500/08474-PROOF.pdf
8475,A237369,PROOF,subblock-difference,papers/08001-08500/08475-PROOF.pdf
8476,A283575,PROOF,neighbour-set,papers/08001-08500/08476-PROOF.pdf
8477,A202430,PROOF,pattern-avoidance,papers/08001-08500/08477-PROOF.pdf
8478,A185572,PROOF,matrix-subblock,papers/08001-08500/08478-PROOF.pdf
8479,A237539,PROOF,subblock-difference,papers/08001-08500/08479-PROOF.pdf
8480,A237905,PROOF,subblock-difference,papers/08001-08500/08480-PROOF.pdf
8481,A250539,PROOF,monotone-statistic,papers/08001-08500/08481-PROOF.pdf
8482,A250694,PROOF,monotone-statistic,papers/08001-08500/08482-PROOF.pdf
8483,A250955,PROOF,transfer-matrix,papers/08001-08500/08483-PROOF.pdf
8484,A251274,PROOF,transfer-matrix,papers/08001-08500/08484-PROOF.pdf
8485,A251486,PROOF,transfer-matrix,papers/08001-08500/08485-PROOF.pdf
8486,A260469,PROOF,subblock-3x3,papers/08001-08500/08486-PROOF.pdf
8487,A261286,PROOF,subblock-3x3,papers/08001-08500/08487-PROOF.pdf
8488,A261549,PROOF,subblock-3x3,papers/08001-08500/08488-PROOF.pdf
8489,A295843,PROOF,transfer-matrix,papers/08001-08500/08489-PROOF.pdf
8490,A297578,PROOF,transfer-matrix,papers/08001-08500/08490-PROOF.pdf
8491,A297678,PROOF,transfer-matrix,papers/08001-08500/08491-PROOF.pdf
8492,A298096,PROOF,transfer-matrix,papers/08001-08500/08492-PROOF.pdf
8493,A298898,PROOF,transfer-matrix,papers/08001-08500/08493-PROOF.pdf
8494,A299724,PROOF,transfer-matrix,papers/08001-08500/08494-PROOF.pdf
8495,A302417,PROOF,transfer-matrix,papers/08001-08500/08495-PROOF.pdf
8496,A303632,PROOF,transfer-matrix,papers/08001-08500/08496-PROOF.pdf
8497,A316956,PROOF,transfer-matrix,papers/08001-08500/08497-PROOF.pdf
8498,A235907,PROOF,minmax-median,papers/08001-08500/08498-PROOF.pdf
8499,A283568,PROOF,neighbour-set,papers/08001-08500/08499-PROOF.pdf
8500,A207732,PROOF,transfer-matrix,papers/08001-08500/08500-PROOF.pdf
8501,A207754,PROOF,transfer-matrix,papers/08501-09000/08501-PROOF.pdf
8502,A205761,PROOF,edge-count,papers/08501-09000/08502-PROOF.pdf
8503,A206932,PROOF,transfer-matrix,papers/08501-09000/08503-PROOF.pdf
8504,A207365,PROOF,transfer-matrix,papers/08501-09000/08504-PROOF.pdf
8505,A208010,PROOF,transfer-matrix,papers/08501-09000/08505-PROOF.pdf
8506,A235092,PROOF,transfer-matrix,papers/08501-09000/08506-PROOF.pdf
8507,A207252,PROOF,transfer-matrix,papers/08501-09000/08507-PROOF.pdf
8508,A282555,PROOF,king-move,papers/08501-09000/08508-PROOF.pdf
8509,A206670,PROOF,clockwise-perimeter,papers/08501-09000/08509-PROOF.pdf
8510,A237152,PROOF,order-statistic,papers/08501-09000/08510-PROOF.pdf
8511,A283945,PROOF,neighbour-set,papers/08501-09000/08511-PROOF.pdf
8512,A184139,PROOF,transfer-matrix,papers/08501-09000/08512-PROOF.pdf
8513,A254736,PROOF,monotone-subblock,papers/08501-09000/08513-PROOF.pdf
8514,A283342,PROOF,neighbour-set,papers/08501-09000/08514-PROOF.pdf
8515,A202641,PROOF,pattern-avoidance,papers/08501-09000/08515-PROOF.pdf
8516,A204193,PROOF,forbidden-run,papers/08501-09000/08516-PROOF.pdf
8517,A207950,PROOF,transfer-matrix,papers/08501-09000/08517-PROOF.pdf
8518,A202585,PROOF,pattern-avoidance,papers/08501-09000/08518-PROOF.pdf
8519,A207119,PROOF,transfer-matrix,papers/08501-09000/08519-PROOF.pdf
8520,A207565,PROOF,transfer-matrix,papers/08501-09000/08520-PROOF.pdf
8521,A207731,PROOF,transfer-matrix,papers/08501-09000/08521-PROOF.pdf
8522,A208040,PROOF,transfer-matrix,papers/08501-09000/08522-PROOF.pdf
8523,A210385,PROOF,transfer-matrix,papers/08501-09000/08523-PROOF.pdf
8524,A234438,PROOF,transfer-matrix,papers/08501-09000/08524-PROOF.pdf
8525,A236712,PROOF,subblock-coloring,papers/08501-09000/08525-PROOF.pdf
8526,A237161,PROOF,order-statistic,papers/08501-09000/08526-PROOF.pdf
8527,A237176,PROOF,subblock-coloring,papers/08501-09000/08527-PROOF.pdf
8528,A237405,PROOF,subblock-difference,papers/08501-09000/08528-PROOF.pdf
8529,A250427,PROOF,monotone-statistic,papers/08501-09000/08529-PROOF.pdf
8530,A257354,PROOF,subblock-line-sum,papers/08501-09000/08530-PROOF.pdf
8531,A269408,PROOF,repeated-value-chain,papers/08501-09000/08531-PROOF.pdf
8532,A269434,PROOF,repeated-value-chain,papers/08501-09000/08532-PROOF.pdf
8533,A269639,PROOF,repeated-value-chain,papers/08501-09000/08533-PROOF.pdf
8534,A188601,PROOF,transfer-matrix,papers/08501-09000/08534-PROOF.pdf
8535,A188741,PROOF,transfer-matrix,papers/08501-09000/08535-PROOF.pdf
8536,A207404,PROOF,transfer-matrix,papers/08501-09000/08536-PROOF.pdf
8537,A208143,PROOF,transfer-matrix,papers/08501-09000/08537-PROOF.pdf
8538,A231510,PROOF,transfer-matrix,papers/08501-09000/08538-PROOF.pdf
8539,A231525,PROOF,transfer-matrix,papers/08501-09000/08539-PROOF.pdf
8540,A233718,PROOF,transfer-matrix,papers/08501-09000/08540-PROOF.pdf
8541,A250538,PROOF,monotone-statistic,papers/08501-09000/08541-PROOF.pdf
8542,A250929,PROOF,transfer-matrix,papers/08501-09000/08542-PROOF.pdf
8543,A278172,PROOF,transfer-matrix,papers/08501-09000/08543-PROOF.pdf
8544,A278282,PROOF,transfer-matrix,papers/08501-09000/08544-PROOF.pdf
8545,A295092,PROOF,transfer-matrix,papers/08501-09000/08545-PROOF.pdf
8546,A296381,PROOF,transfer-matrix,papers/08501-09000/08546-PROOF.pdf
8547,A296734,PROOF,transfer-matrix,papers/08501-09000/08547-PROOF.pdf
8548,A296799,PROOF,transfer-matrix,papers/08501-09000/08548-PROOF.pdf
8549,A296822,PROOF,transfer-matrix,papers/08501-09000/08549-PROOF.pdf
8550,A297938,PROOF,transfer-matrix,papers/08501-09000/08550-PROOF.pdf
8551,A298082,PROOF,transfer-matrix,papers/08501-09000/08551-PROOF.pdf
8552,A298503,PROOF,transfer-matrix,papers/08501-09000/08552-PROOF.pdf
8553,A299010,PROOF,transfer-matrix,papers/08501-09000/08553-PROOF.pdf
8554,A299092,PROOF,transfer-matrix,papers/08501-09000/08554-PROOF.pdf
8555,A299309,PROOF,transfer-matrix,papers/08501-09000/08555-PROOF.pdf
8556,A299340,PROOF,transfer-matrix,papers/08501-09000/08556-PROOF.pdf
8557,A299677,PROOF,transfer-matrix,papers/08501-09000/08557-PROOF.pdf
8558,A299801,PROOF,transfer-matrix,papers/08501-09000/08558-PROOF.pdf
8559,A299847,PROOF,transfer-matrix,papers/08501-09000/08559-PROOF.pdf
8560,A299874,PROOF,transfer-matrix,papers/08501-09000/08560-PROOF.pdf
8561,A300110,PROOF,transfer-matrix,papers/08501-09000/08561-PROOF.pdf
8562,A300309,PROOF,transfer-matrix,papers/08501-09000/08562-PROOF.pdf
8563,A302280,PROOF,transfer-matrix,papers/08501-09000/08563-PROOF.pdf
8564,A302369,PROOF,transfer-matrix,papers/08501-09000/08564-PROOF.pdf
8565,A302724,PROOF,transfer-matrix,papers/08501-09000/08565-PROOF.pdf
8566,A302890,PROOF,transfer-matrix,papers/08501-09000/08566-PROOF.pdf
8567,A303625,PROOF,transfer-matrix,papers/08501-09000/08567-PROOF.pdf
8568,A303685,PROOF,transfer-matrix,papers/08501-09000/08568-PROOF.pdf
8569,A303883,PROOF,transfer-matrix,papers/08501-09000/08569-PROOF.pdf
8570,A304005,PROOF,transfer-matrix,papers/08501-09000/08570-PROOF.pdf
8571,A304305,PROOF,transfer-matrix,papers/08501-09000/08571-PROOF.pdf
8572,A305092,PROOF,transfer-matrix,papers/08501-09000/08572-PROOF.pdf
8573,A305588,PROOF,transfer-matrix,papers/08501-09000/08573-PROOF.pdf
8574,A305771,PROOF,transfer-matrix,papers/08501-09000/08574-PROOF.pdf
8575,A305949,PROOF,transfer-matrix,papers/08501-09000/08575-PROOF.pdf
8576,A316204,PROOF,transfer-matrix,papers/08501-09000/08576-PROOF.pdf
8577,A316306,PROOF,transfer-matrix,papers/08501-09000/08577-PROOF.pdf
8578,A316752,PROOF,transfer-matrix,papers/08501-09000/08578-PROOF.pdf
8579,A316871,PROOF,transfer-matrix,papers/08501-09000/08579-PROOF.pdf
8580,A317006,PROOF,transfer-matrix,papers/08501-09000/08580-PROOF.pdf
8581,A317120,PROOF,transfer-matrix,papers/08501-09000/08581-PROOF.pdf
8582,A317261,PROOF,transfer-matrix,papers/08501-09000/08582-PROOF.pdf
8583,A317599,PROOF,transfer-matrix,papers/08501-09000/08583-PROOF.pdf
8584,A317818,PROOF,transfer-matrix,papers/08501-09000/08584-PROOF.pdf
8585,A317891,PROOF,transfer-matrix,papers/08501-09000/08585-PROOF.pdf
8586,A237532,PROOF,order-statistic,papers/08501-09000/08586-PROOF.pdf
8587,A248459,PROOF,window-condition,papers/08501-09000/08587-PROOF.pdf
8588,A253692,PROOF,subblock-statistic-neighbour,papers/08501-09000/08588-PROOF.pdf
8589,A253699,PROOF,subblock-statistic-neighbour,papers/08501-09000/08589-PROOF.pdf
8590,A236877,PROOF,order-statistic,papers/08501-09000/08590-PROOF.pdf
8591,A207414,PROOF,transfer-matrix,papers/08501-09000/08591-PROOF.pdf
8592,A207704,PROOF,transfer-matrix,papers/08501-09000/08592-PROOF.pdf
8593,A220549,PROOF,reciprocal-link,papers/08501-09000/08593-PROOF.pdf
8594,A283341,PROOF,neighbour-set,papers/08501-09000/08594-PROOF.pdf
8595,A184122,PROOF,transfer-matrix,papers/08501-09000/08595-PROOF.pdf
8596,A230943,PROOF,white-squares,papers/08501-09000/08596-PROOF.pdf
8597,A248441,PROOF,window-condition,papers/08501-09000/08597-PROOF.pdf
8598,A251215,PROOF,transfer-matrix,papers/08501-09000/08598-PROOF.pdf
8599,A251264,PROOF,transfer-matrix,papers/08501-09000/08599-PROOF.pdf
8600,A236868,PROOF,order-statistic,papers/08501-09000/08600-PROOF.pdf
8601,A251152,PROOF,transfer-matrix,papers/08501-09000/08601-PROOF.pdf
8602,A183840,PROOF,subblock-condition,papers/08501-09000/08602-PROOF.pdf
8603,A240889,PROOF,neighbour-condition,papers/08501-09000/08603-PROOF.pdf
8604,A229399,PROOF,parity-difference,papers/08501-09000/08604-PROOF.pdf
8605,A183316,PROOF,parity-difference,papers/08501-09000/08605-PROOF.pdf
8606,A250529,PROOF,monotone-statistic,papers/08501-09000/08606-PROOF.pdf
8607,A250700,PROOF,monotone-statistic,papers/08501-09000/08607-PROOF.pdf
8608,A250708,PROOF,monotone-statistic,papers/08501-09000/08608-PROOF.pdf
8609,A252238,PROOF,subblock-3x3,papers/08501-09000/08609-PROOF.pdf
8610,A252264,PROOF,subblock-3x3,papers/08501-09000/08610-PROOF.pdf
8611,A252364,PROOF,subblock-3x3,papers/08501-09000/08611-PROOF.pdf
8612,A252547,PROOF,subblock-3x3,papers/08501-09000/08612-PROOF.pdf
8613,A252548,PROOF,subblock-3x3,papers/08501-09000/08613-PROOF.pdf
8614,A185884,PROOF,transfer-matrix,papers/08501-09000/08614-PROOF.pdf
8615,A252419,PROOF,subblock-3x3,papers/08501-09000/08615-PROOF.pdf
8616,A252240,PROOF,subblock-3x3,papers/08501-09000/08616-PROOF.pdf
8617,A252009,PROOF,subblock-line-sum,papers/08501-09000/08617-PROOF.pdf
8618,A188830,PROOF,transfer-matrix,papers/08501-09000/08618-PROOF.pdf
8619,A252237,PROOF,subblock-3x3,papers/08501-09000/08619-PROOF.pdf
8620,A252546,PROOF,subblock-3x3,papers/08501-09000/08620-PROOF.pdf
8621,A264471,PROOF,transfer-matrix,papers/08501-09000/08621-PROOF.pdf
8622,A264650,PROOF,transfer-matrix,papers/08501-09000/08622-PROOF.pdf
8623,A264671,PROOF,transfer-matrix,papers/08501-09000/08623-PROOF.pdf
8624,A208396,PROOF,transfer-matrix,papers/08501-09000/08624-PROOF.pdf
8625,A252338,PROOF,subblock-3x3,papers/08501-09000/08625-PROOF.pdf
8626,A256745,PROOF,subblock-3x3,papers/08501-09000/08626-PROOF.pdf
8627,A302514,PROOF,transfer-matrix,papers/08501-09000/08627-PROOF.pdf
8628,A195973,PROOF,transfer-matrix,papers/08501-09000/08628-PROOF.pdf
8629,A196648,PROOF,transfer-matrix,papers/08501-09000/08629-PROOF.pdf
8630,A197302,PROOF,transfer-matrix,papers/08501-09000/08630-PROOF.pdf
8631,A197452,PROOF,transfer-matrix,papers/08501-09000/08631-PROOF.pdf
8632,A197643,PROOF,transfer-matrix,papers/08501-09000/08632-PROOF.pdf
8633,A237012,PROOF,order-statistic,papers/08501-09000/08633-PROOF.pdf
8634,A232455,PROOF,value-neighbour,papers/08501-09000/08634-PROOF.pdf
8635,A230522,PROOF,transfer-matrix,papers/08501-09000/08635-PROOF.pdf
8636,A230750,PROOF,transfer-matrix,papers/08501-09000/08636-PROOF.pdf
8637,A235901,PROOF,minmax-median,papers/08501-09000/08637-PROOF.pdf
8638,A241324,PROOF,transfer-matrix,papers/08501-09000/08638-PROOF.pdf
8639,A188871,PROOF,transfer-matrix,papers/08501-09000/08639-PROOF.pdf
8640,A202910,PROOF,transfer-matrix,papers/08501-09000/08640-PROOF.pdf
8641,A206252,PROOF,transfer-matrix,papers/08501-09000/08641-PROOF.pdf
8642,A300180,PROOF,transfer-matrix,papers/08501-09000/08642-PROOF.pdf
8643,A301321,PROOF,transfer-matrix,papers/08501-09000/08643-PROOF.pdf
8644,A302161,PROOF,transfer-matrix,papers/08501-09000/08644-PROOF.pdf
8645,A305584,PROOF,transfer-matrix,papers/08501-09000/08645-PROOF.pdf
8646,A317515,PROOF,transfer-matrix,papers/08501-09000/08646-PROOF.pdf
8647,A237011,PROOF,order-statistic,papers/08501-09000/08647-PROOF.pdf
8648,A255106,PROOF,window-condition,papers/08501-09000/08648-PROOF.pdf
8649,A258525,PROOF,monotone-subblock,papers/08501-09000/08649-PROOF.pdf
8650,A223214,PROOF,transfer-matrix,papers/08501-09000/08650-PROOF.pdf
8651,A237010,PROOF,order-statistic,papers/08501-09000/08651-PROOF.pdf
8652,A196953,PROOF,transfer-matrix,papers/08501-09000/08652-PROOF.pdf
8653,A255022,PROOF,subblock-3x3,papers/08501-09000/08653-PROOF.pdf
8654,A259957,PROOF,subblock-3x3,papers/08501-09000/08654-PROOF.pdf
8655,A300347,PROOF,transfer-matrix,papers/08501-09000/08655-PROOF.pdf
8656,A302620,PROOF,transfer-matrix,papers/08501-09000/08656-PROOF.pdf
8657,A303958,PROOF,transfer-matrix,papers/08501-09000/08657-PROOF.pdf
8658,A318340,PROOF,transfer-matrix,papers/08501-09000/08658-PROOF.pdf
8659,A280602,PROOF,transfer-matrix,papers/08501-09000/08659-PROOF.pdf
8660,A243031,PROOF,window-word,papers/08501-09000/08660-PROOF.pdf
8661,A184404,PROOF,subblock-content,papers/08501-09000/08661-PROOF.pdf
8662,A232304,PROOF,value-neighbour,papers/08501-09000/08662-PROOF.pdf
8663,A206469,PROOF,transfer-matrix,papers/08501-09000/08663-PROOF.pdf
8664,A229842,PROOF,transfer-matrix,papers/08501-09000/08664-PROOF.pdf
8665,A230677,PROOF,transfer-matrix,papers/08501-09000/08665-PROOF.pdf
8666,A196424,PROOF,transfer-matrix,papers/08501-09000/08666-PROOF.pdf
8667,A196538,PROOF,transfer-matrix,papers/08501-09000/08667-PROOF.pdf
8668,A232371,PROOF,value-neighbour,papers/08501-09000/08668-PROOF.pdf
8669,A185463,PROOF,matrix-subblock,papers/08501-09000/08669-PROOF.pdf
8670,A234698,PROOF,transfer-matrix,papers/08501-09000/08670-PROOF.pdf
8671,A236665,PROOF,subblock-coloring,papers/08501-09000/08671-PROOF.pdf
8672,A243728,PROOF,window-word,papers/08501-09000/08672-PROOF.pdf
8673,A237009,PROOF,order-statistic,papers/08501-09000/08673-PROOF.pdf
8674,A235082,PROOF,transfer-matrix,papers/08501-09000/08674-PROOF.pdf
8675,A243605,PROOF,window-word,papers/08501-09000/08675-PROOF.pdf
8676,A237031,PROOF,order-statistic,papers/08501-09000/08676-PROOF.pdf
8677,A207277,PROOF,pattern-avoidance,papers/08501-09000/08677-PROOF.pdf
8678,A256729,PROOF,subblock-line-sum,papers/08501-09000/08678-PROOF.pdf
8679,A232384,PROOF,cell-condition,papers/08501-09000/08679-PROOF.pdf
8680,A207947,PROOF,transfer-matrix,papers/08501-09000/08680-PROOF.pdf
8681,A231941,PROOF,transfer-matrix,papers/08501-09000/08681-PROOF.pdf
8682,A233686,PROOF,transfer-matrix,papers/08501-09000/08682-PROOF.pdf
8683,A250582,PROOF,monotone-statistic,papers/08501-09000/08683-PROOF.pdf
8684,A251519,PROOF,transfer-matrix,papers/08501-09000/08684-PROOF.pdf
8685,A260171,PROOF,subblock-3x3,papers/08501-09000/08685-PROOF.pdf
8686,A261705,PROOF,subblock-3x3,papers/08501-09000/08686-PROOF.pdf
8687,A297460,PROOF,transfer-matrix,papers/08501-09000/08687-PROOF.pdf
8688,A300204,PROOF,transfer-matrix,papers/08501-09000/08688-PROOF.pdf
8689,A302159,PROOF,transfer-matrix,papers/08501-09000/08689-PROOF.pdf
8690,A302737,PROOF,transfer-matrix,papers/08501-09000/08690-PROOF.pdf
8691,A302743,PROOF,transfer-matrix,papers/08501-09000/08691-PROOF.pdf
8692,A303452,PROOF,transfer-matrix,papers/08501-09000/08692-PROOF.pdf
8693,A303458,PROOF,transfer-matrix,papers/08501-09000/08693-PROOF.pdf
8694,A304298,PROOF,transfer-matrix,papers/08501-09000/08694-PROOF.pdf
8695,A305336,PROOF,transfer-matrix,papers/08501-09000/08695-PROOF.pdf
8696,A305519,PROOF,transfer-matrix,papers/08501-09000/08696-PROOF.pdf
8697,A234544,PROOF,transfer-matrix,papers/08501-09000/08697-PROOF.pdf
8698,A234652,PROOF,transfer-matrix,papers/08501-09000/08698-PROOF.pdf
8699,A283517,PROOF,neighbour-set,papers/08501-09000/08699-PROOF.pdf
8700,A268954,PROOF,repeated-value-chain,papers/08501-09000/08700-PROOF.pdf
8701,A256815,PROOF,window-condition,papers/08501-09000/08701-PROOF.pdf
8702,A234211,PROOF,transfer-matrix,papers/08501-09000/08702-PROOF.pdf
8703,A245946,PROOF,window-condition,papers/08501-09000/08703-PROOF.pdf
8704,A237008,PROOF,order-statistic,papers/08501-09000/08704-PROOF.pdf
8705,A282992,PROOF,neighbour-set,papers/08501-09000/08705-PROOF.pdf
8706,A207657,PROOF,transfer-matrix,papers/08501-09000/08706-PROOF.pdf
8707,A207941,PROOF,transfer-matrix,papers/08501-09000/08707-PROOF.pdf
8708,A206728,PROOF,pattern-avoidance,papers/08501-09000/08708-PROOF.pdf
8709,A237000,PROOF,order-statistic,papers/08501-09000/08709-PROOF.pdf
8710,A207422,PROOF,transfer-matrix,papers/08501-09000/08710-PROOF.pdf
8711,A207881,PROOF,transfer-matrix,papers/08501-09000/08711-PROOF.pdf
8712,A207886,PROOF,transfer-matrix,papers/08501-09000/08712-PROOF.pdf
8713,A207904,PROOF,transfer-matrix,papers/08501-09000/08713-PROOF.pdf
8714,A207956,PROOF,transfer-matrix,papers/08501-09000/08714-PROOF.pdf
8715,A231657,PROOF,transfer-matrix,papers/08501-09000/08715-PROOF.pdf
8716,A250937,PROOF,monotone-statistic,papers/08501-09000/08716-PROOF.pdf
8717,A251330,PROOF,transfer-matrix,papers/08501-09000/08717-PROOF.pdf
8718,A251385,PROOF,transfer-matrix,papers/08501-09000/08718-PROOF.pdf
8719,A236887,PROOF,order-statistic,papers/08501-09000/08719-PROOF.pdf
8720,A231999,PROOF,neighbour-set,papers/08501-09000/08720-PROOF.pdf
8721,A188561,PROOF,transfer-matrix,papers/08501-09000/08721-PROOF.pdf
8722,A200885,PROOF,window-condition,papers/08501-09000/08722-PROOF.pdf
8723,A202909,PROOF,transfer-matrix,papers/08501-09000/08723-PROOF.pdf
8724,A232049,PROOF,transfer-matrix,papers/08501-09000/08724-PROOF.pdf
8725,A296152,PROOF,transfer-matrix,papers/08501-09000/08725-PROOF.pdf
8726,A296829,PROOF,transfer-matrix,papers/08501-09000/08726-PROOF.pdf
8727,A297632,PROOF,transfer-matrix,papers/08501-09000/08727-PROOF.pdf
8728,A297757,PROOF,transfer-matrix,papers/08501-09000/08728-PROOF.pdf
8729,A297797,PROOF,transfer-matrix,papers/08501-09000/08729-PROOF.pdf
8730,A298391,PROOF,transfer-matrix,papers/08501-09000/08730-PROOF.pdf
8731,A298496,PROOF,transfer-matrix,papers/08501-09000/08731-PROOF.pdf
8732,A299509,PROOF,transfer-matrix,papers/08501-09000/08732-PROOF.pdf
8733,A299684,PROOF,transfer-matrix,papers/08501-09000/08733-PROOF.pdf
8734,A300141,PROOF,transfer-matrix,papers/08501-09000/08734-PROOF.pdf
8735,A300316,PROOF,transfer-matrix,papers/08501-09000/08735-PROOF.pdf
8736,A300460,PROOF,transfer-matrix,papers/08501-09000/08736-PROOF.pdf
8737,A300641,PROOF,transfer-matrix,papers/08501-09000/08737-PROOF.pdf
8738,A300771,PROOF,transfer-matrix,papers/08501-09000/08738-PROOF.pdf
8739,A301395,PROOF,transfer-matrix,papers/08501-09000/08739-PROOF.pdf
8740,A302070,PROOF,transfer-matrix,papers/08501-09000/08740-PROOF.pdf
8741,A302226,PROOF,transfer-matrix,papers/08501-09000/08741-PROOF.pdf
8742,A302311,PROOF,transfer-matrix,papers/08501-09000/08742-PROOF.pdf
8743,A302529,PROOF,transfer-matrix,papers/08501-09000/08743-PROOF.pdf
8744,A302821,PROOF,transfer-matrix,papers/08501-09000/08744-PROOF.pdf
8745,A303017,PROOF,transfer-matrix,papers/08501-09000/08745-PROOF.pdf
8746,A303514,PROOF,transfer-matrix,papers/08501-09000/08746-PROOF.pdf
8747,A304053,PROOF,transfer-matrix,papers/08501-09000/08747-PROOF.pdf
8748,A304342,PROOF,transfer-matrix,papers/08501-09000/08748-PROOF.pdf
8749,A304414,PROOF,transfer-matrix,papers/08501-09000/08749-PROOF.pdf
8750,A304592,PROOF,transfer-matrix,papers/08501-09000/08750-PROOF.pdf
8751,A304896,PROOF,transfer-matrix,papers/08501-09000/08751-PROOF.pdf
8752,A305017,PROOF,transfer-matrix,papers/08501-09000/08752-PROOF.pdf
8753,A305218,PROOF,transfer-matrix,papers/08501-09000/08753-PROOF.pdf
8754,A305283,PROOF,transfer-matrix,papers/08501-09000/08754-PROOF.pdf
8755,A305637,PROOF,transfer-matrix,papers/08501-09000/08755-PROOF.pdf
8756,A305906,PROOF,transfer-matrix,papers/08501-09000/08756-PROOF.pdf
8757,A306138,PROOF,transfer-matrix,papers/08501-09000/08757-PROOF.pdf
8758,A316213,PROOF,transfer-matrix,papers/08501-09000/08758-PROOF.pdf
8759,A316378,PROOF,transfer-matrix,papers/08501-09000/08759-PROOF.pdf
8760,A316547,PROOF,transfer-matrix,papers/08501-09000/08760-PROOF.pdf
8761,A316578,PROOF,transfer-matrix,papers/08501-09000/08761-PROOF.pdf
8762,A316878,PROOF,transfer-matrix,papers/08501-09000/08762-PROOF.pdf
8763,A317031,PROOF,transfer-matrix,papers/08501-09000/08763-PROOF.pdf
8764,A317148,PROOF,transfer-matrix,papers/08501-09000/08764-PROOF.pdf
8765,A317371,PROOF,transfer-matrix,papers/08501-09000/08765-PROOF.pdf
8766,A317606,PROOF,transfer-matrix,papers/08501-09000/08766-PROOF.pdf
8767,A269617,PROOF,repeated-value-chain,papers/08501-09000/08767-PROOF.pdf
8768,A283226,PROOF,neighbour-set,papers/08501-09000/08768-PROOF.pdf
8769,A283516,PROOF,neighbour-set,papers/08501-09000/08769-PROOF.pdf
8770,A283785,PROOF,neighbour-set,papers/08501-09000/08770-PROOF.pdf
8771,A282963,PROOF,neighbour-set,papers/08501-09000/08771-PROOF.pdf
8772,A207392,PROOF,transfer-matrix,papers/08501-09000/08772-PROOF.pdf
8773,A220565,PROOF,reciprocal-link,papers/08501-09000/08773-PROOF.pdf
8774,A250329,PROOF,window-condition,papers/08501-09000/08774-PROOF.pdf
8775,A250464,PROOF,monotone-statistic,papers/08501-09000/08775-PROOF.pdf
8776,A251313,PROOF,transfer-matrix,papers/08501-09000/08776-PROOF.pdf
8777,A237474,PROOF,order-statistic,papers/08501-09000/08777-PROOF.pdf
8778,A236812,PROOF,order-statistic,papers/08501-09000/08778-PROOF.pdf
8779,A241610,PROOF,window-word,papers/08501-09000/08779-PROOF.pdf
8780,A212781,PROOF,second-difference-nonzero,papers/08501-09000/08780-PROOF.pdf
8781,A140901,PROOF,planepartition-box,papers/08501-09000/08781-PROOF.pdf
8782,A235844,PROOF,subblock-multiset,papers/08501-09000/08782-PROOF.pdf
8783,A240651,PROOF,neighbour-condition,papers/08501-09000/08783-PROOF.pdf
8784,A254691,PROOF,window-condition,papers/08501-09000/08784-PROOF.pdf
8785,A181210,PROOF,local-array-condition,papers/08501-09000/08785-PROOF.pdf
8786,A264192,PROOF,transfer-matrix,papers/08501-09000/08786-PROOF.pdf
8787,A208411,PROOF,transfer-matrix,papers/08501-09000/08787-PROOF.pdf
8788,A256746,PROOF,subblock-3x3,papers/08501-09000/08788-PROOF.pdf
8789,A232511,PROOF,cell-condition,papers/08501-09000/08789-PROOF.pdf
8790,A208875,PROOF,transfer-matrix,papers/08501-09000/08790-PROOF.pdf
8791,A234062,PROOF,forbidden-run,papers/08501-09000/08791-PROOF.pdf
8792,A259002,PROOF,monotone-subblock,papers/08501-09000/08792-PROOF.pdf
8793,A254257,PROOF,monotone-subblock,papers/08501-09000/08793-PROOF.pdf
8794,A298916,PROOF,transfer-matrix,papers/08501-09000/08794-PROOF.pdf
8795,A301963,PROOF,transfer-matrix,papers/08501-09000/08795-PROOF.pdf
8796,A196282,PROOF,transfer-matrix,papers/08501-09000/08796-PROOF.pdf
8797,A197175,PROOF,transfer-matrix,papers/08501-09000/08797-PROOF.pdf
8798,A234561,PROOF,transfer-matrix,papers/08501-09000/08798-PROOF.pdf
8799,A269764,PROOF,transfer-matrix,papers/08501-09000/08799-PROOF.pdf
8800,A255752,PROOF,monotone-subblock,papers/08501-09000/08800-PROOF.pdf
8801,A235306,PROOF,transfer-matrix,papers/08501-09000/08801-PROOF.pdf
8802,A252026,PROOF,subblock-3x3,papers/08501-09000/08802-PROOF.pdf
8803,A205305,PROOF,forbidden-run,papers/08501-09000/08803-PROOF.pdf
8804,A251887,PROOF,subblock-line-sum,papers/08501-09000/08804-PROOF.pdf
8805,A252008,PROOF,subblock-line-sum,papers/08501-09000/08805-PROOF.pdf
8806,A252257,PROOF,subblock-3x3,papers/08501-09000/08806-PROOF.pdf
8807,A304219,PROOF,transfer-matrix,papers/08501-09000/08807-PROOF.pdf
8808,A280394,PROOF,transfer-matrix,papers/08501-09000/08808-PROOF.pdf
8809,A234560,PROOF,transfer-matrix,papers/08501-09000/08809-PROOF.pdf
8810,A203360,PROOF,adjacency-precedence,papers/08501-09000/08810-PROOF.pdf
8811,A208839,PROOF,transfer-matrix,papers/08501-09000/08811-PROOF.pdf
8812,A185766,PROOF,matrix-subblock,papers/08501-09000/08812-PROOF.pdf
8813,A253363,PROOF,subblock-statistic-neighbour,papers/08501-09000/08813-PROOF.pdf
8814,A208107,PROOF,transfer-matrix,papers/08501-09000/08814-PROOF.pdf
8815,A238511,PROOF,transfer-matrix,papers/08501-09000/08815-PROOF.pdf
8816,A235305,PROOF,transfer-matrix,papers/08501-09000/08816-PROOF.pdf
8817,A246889,PROOF,window-condition,papers/08501-09000/08817-PROOF.pdf
8818,A231993,PROOF,neighbour-set,papers/08501-09000/08818-PROOF.pdf
8819,A184768,PROOF,matrix-subblock,papers/08501-09000/08819-PROOF.pdf
8820,A232044,PROOF,transfer-matrix,papers/08501-09000/08820-PROOF.pdf
8821,A259767,PROOF,subblock-3x3,papers/08501-09000/08821-PROOF.pdf
8822,A260279,PROOF,subblock-3x3,papers/08501-09000/08822-PROOF.pdf
8823,A260975,PROOF,subblock-3x3,papers/08501-09000/08823-PROOF.pdf
8824,A261706,PROOF,subblock-3x3,papers/08501-09000/08824-PROOF.pdf
8825,A301320,PROOF,transfer-matrix,papers/08501-09000/08825-PROOF.pdf
8826,A301967,PROOF,transfer-matrix,papers/08501-09000/08826-PROOF.pdf
8827,A196432,PROOF,transfer-matrix,papers/08501-09000/08827-PROOF.pdf
8828,A251675,PROOF,subblock-line-sum,papers/08501-09000/08828-PROOF.pdf
8829,A204410,PROOF,subblock-3x3,papers/08501-09000/08829-PROOF.pdf
8830,A230615,PROOF,transfer-matrix,papers/08501-09000/08830-PROOF.pdf
8831,A208838,PROOF,transfer-matrix,papers/08501-09000/08831-PROOF.pdf
8832,A207594,PROOF,transfer-matrix,papers/08501-09000/08832-PROOF.pdf
8833,A208106,PROOF,transfer-matrix,papers/08501-09000/08833-PROOF.pdf
8834,A234559,PROOF,transfer-matrix,papers/08501-09000/08834-PROOF.pdf
8835,A231297,PROOF,transfer-matrix,papers/08501-09000/08835-PROOF.pdf
8836,A208122,PROOF,transfer-matrix,papers/08501-09000/08836-PROOF.pdf
8837,A237466,PROOF,subblock-difference,papers/08501-09000/08837-PROOF.pdf
8838,A234125,PROOF,transfer-matrix,papers/08501-09000/08838-PROOF.pdf
8839,A237551,PROOF,subblock-difference,papers/08501-09000/08839-PROOF.pdf
8840,A242471,PROOF,window-word,papers/08501-09000/08840-PROOF.pdf
8841,A243639,PROOF,window-word,papers/08501-09000/08841-PROOF.pdf
8842,A253733,PROOF,subblock-statistic-neighbour,papers/08501-09000/08842-PROOF.pdf
8843,A186789,PROOF,subblock-content,papers/08501-09000/08843-PROOF.pdf
8844,A282524,PROOF,king-move,papers/08501-09000/08844-PROOF.pdf
8845,A183305,PROOF,transfer-matrix,papers/08501-09000/08845-PROOF.pdf
8846,A237569,PROOF,subblock-difference,papers/08501-09000/08846-PROOF.pdf
8847,A250736,PROOF,monotone-statistic,papers/08501-09000/08847-PROOF.pdf
8848,A255095,PROOF,subblock-3x3,papers/08501-09000/08848-PROOF.pdf
8849,A256804,PROOF,subblock-3x3,papers/08501-09000/08849-PROOF.pdf
8850,A259995,PROOF,subblock-3x3,papers/08501-09000/08850-PROOF.pdf
8851,A260242,PROOF,subblock-3x3,papers/08501-09000/08851-PROOF.pdf
8852,A295116,PROOF,transfer-matrix,papers/08501-09000/08852-PROOF.pdf
8853,A295412,PROOF,transfer-matrix,papers/08501-09000/08853-PROOF.pdf
8854,A296323,PROOF,transfer-matrix,papers/08501-09000/08854-PROOF.pdf
8855,A297810,PROOF,transfer-matrix,papers/08501-09000/08855-PROOF.pdf
8856,A299650,PROOF,transfer-matrix,papers/08501-09000/08856-PROOF.pdf
8857,A305512,PROOF,transfer-matrix,papers/08501-09000/08857-PROOF.pdf
8858,A317769,PROOF,transfer-matrix,papers/08501-09000/08858-PROOF.pdf
8859,A185516,PROOF,matrix-subblock,papers/08501-09000/08859-PROOF.pdf
8860,A255619,PROOF,window-word,papers/08501-09000/08860-PROOF.pdf
8861,A185462,PROOF,matrix-subblock,papers/08501-09000/08861-PROOF.pdf
8862,A235304,PROOF,transfer-matrix,papers/08501-09000/08862-PROOF.pdf
8863,A207604,PROOF,transfer-matrix,papers/08501-09000/08863-PROOF.pdf
8864,A283687,PROOF,neighbour-set,papers/08501-09000/08864-PROOF.pdf
8865,A207876,PROOF,transfer-matrix,papers/08501-09000/08865-PROOF.pdf
8866,A207603,PROOF,transfer-matrix,papers/08501-09000/08866-PROOF.pdf
8867,A208120,PROOF,transfer-matrix,papers/08501-09000/08867-PROOF.pdf
8868,A205253,PROOF,edge-count,papers/08501-09000/08868-PROOF.pdf
8869,A228505,PROOF,transfer-matrix,papers/08501-09000/08869-PROOF.pdf
8870,A251273,PROOF,transfer-matrix,papers/08501-09000/08870-PROOF.pdf
8871,A234558,PROOF,transfer-matrix,papers/08501-09000/08871-PROOF.pdf
8872,A263869,PROOF,transfer-matrix,papers/08501-09000/08872-PROOF.pdf
8873,A205911,PROOF,clockwise-perimeter,papers/08501-09000/08873-PROOF.pdf
8874,A207251,PROOF,transfer-matrix,papers/08501-09000/08874-PROOF.pdf
8875,A207602,PROOF,transfer-matrix,papers/08501-09000/08875-PROOF.pdf
8876,A207930,PROOF,transfer-matrix,papers/08501-09000/08876-PROOF.pdf
8877,A203085,PROOF,pattern-avoidance,papers/08501-09000/08877-PROOF.pdf
8878,A206005,PROOF,edge-count,papers/08501-09000/08878-PROOF.pdf
8879,A209955,PROOF,transfer-matrix,papers/08501-09000/08879-PROOF.pdf
8880,A236058,PROOF,subblock-coloring,papers/08501-09000/08880-PROOF.pdf
8881,A237861,PROOF,subblock-difference,papers/08501-09000/08881-PROOF.pdf
8882,A246886,PROOF,window-condition,papers/08501-09000/08882-PROOF.pdf
8883,A251205,PROOF,transfer-matrix,papers/08501-09000/08883-PROOF.pdf
8884,A185829,PROOF,neighbour-set,papers/08501-09000/08884-PROOF.pdf
8885,A268260,PROOF,repeated-value-chain,papers/08501-09000/08885-PROOF.pdf
8886,A283859,PROOF,neighbour-set,papers/08501-09000/08886-PROOF.pdf
8887,A184682,PROOF,matrix-subblock,papers/08501-09000/08887-PROOF.pdf
8888,A188689,PROOF,transfer-matrix,papers/08501-09000/08888-PROOF.pdf
8889,A188768,PROOF,transfer-matrix,papers/08501-09000/08889-PROOF.pdf
8890,A207601,PROOF,transfer-matrix,papers/08501-09000/08890-PROOF.pdf
8891,A210294,PROOF,transfer-matrix,papers/08501-09000/08891-PROOF.pdf
8892,A233853,PROOF,transfer-matrix,papers/08501-09000/08892-PROOF.pdf
8893,A233869,PROOF,transfer-matrix,papers/08501-09000/08893-PROOF.pdf
8894,A233961,PROOF,transfer-matrix,papers/08501-09000/08894-PROOF.pdf
8895,A251562,PROOF,transfer-matrix,papers/08501-09000/08895-PROOF.pdf
8896,A255794,PROOF,subblock-3x3,papers/08501-09000/08896-PROOF.pdf
8897,A260760,PROOF,subblock-3x3,papers/08501-09000/08897-PROOF.pdf
8898,A260834,PROOF,subblock-3x3,papers/08501-09000/08898-PROOF.pdf
8899,A278152,PROOF,transfer-matrix,papers/08501-09000/08899-PROOF.pdf
8900,A296391,PROOF,transfer-matrix,papers/08501-09000/08900-PROOF.pdf
8901,A296573,PROOF,transfer-matrix,papers/08501-09000/08901-PROOF.pdf
8902,A297539,PROOF,transfer-matrix,papers/08501-09000/08902-PROOF.pdf
8903,A297861,PROOF,transfer-matrix,papers/08501-09000/08903-PROOF.pdf
8904,A298216,PROOF,transfer-matrix,papers/08501-09000/08904-PROOF.pdf
8905,A298577,PROOF,transfer-matrix,papers/08501-09000/08905-PROOF.pdf
8906,A299055,PROOF,transfer-matrix,papers/08501-09000/08906-PROOF.pdf
8907,A299223,PROOF,transfer-matrix,papers/08501-09000/08907-PROOF.pdf
8908,A299569,PROOF,transfer-matrix,papers/08501-09000/08908-PROOF.pdf
8909,A299816,PROOF,transfer-matrix,papers/08501-09000/08909-PROOF.pdf
8910,A300367,PROOF,transfer-matrix,papers/08501-09000/08910-PROOF.pdf
8911,A300684,PROOF,transfer-matrix,papers/08501-09000/08911-PROOF.pdf
8912,A301824,PROOF,transfer-matrix,papers/08501-09000/08912-PROOF.pdf
8913,A302317,PROOF,transfer-matrix,papers/08501-09000/08913-PROOF.pdf
8914,A302324,PROOF,transfer-matrix,papers/08501-09000/08914-PROOF.pdf
8915,A302382,PROOF,transfer-matrix,papers/08501-09000/08915-PROOF.pdf
8916,A302467,PROOF,transfer-matrix,papers/08501-09000/08916-PROOF.pdf
8917,A302665,PROOF,transfer-matrix,papers/08501-09000/08917-PROOF.pdf
8918,A302815,PROOF,transfer-matrix,papers/08501-09000/08918-PROOF.pdf
8919,A303103,PROOF,transfer-matrix,papers/08501-09000/08919-PROOF.pdf
8920,A303249,PROOF,transfer-matrix,papers/08501-09000/08920-PROOF.pdf
8921,A303470,PROOF,transfer-matrix,papers/08501-09000/08921-PROOF.pdf
8922,A303508,PROOF,transfer-matrix,papers/08501-09000/08922-PROOF.pdf
8923,A304060,PROOF,transfer-matrix,papers/08501-09000/08923-PROOF.pdf
8924,A304144,PROOF,transfer-matrix,papers/08501-09000/08924-PROOF.pdf
8925,A305084,PROOF,transfer-matrix,papers/08501-09000/08925-PROOF.pdf
8926,A305484,PROOF,transfer-matrix,papers/08501-09000/08926-PROOF.pdf
8927,A305680,PROOF,transfer-matrix,papers/08501-09000/08927-PROOF.pdf
8928,A316735,PROOF,transfer-matrix,papers/08501-09000/08928-PROOF.pdf
8929,A269407,PROOF,repeated-value-chain,papers/08501-09000/08929-PROOF.pdf
8930,A269433,PROOF,repeated-value-chain,papers/08501-09000/08930-PROOF.pdf
8931,A269638,PROOF,repeated-value-chain,papers/08501-09000/08931-PROOF.pdf
8932,A202399,PROOF,pattern-avoidance,papers/08501-09000/08932-PROOF.pdf
8933,A202770,PROOF,pattern-avoidance,papers/08501-09000/08933-PROOF.pdf
8934,A207600,PROOF,pattern-avoidance,papers/08501-09000/08934-PROOF.pdf
8935,A207237,PROOF,transfer-matrix,papers/08501-09000/08935-PROOF.pdf
8936,A207264,PROOF,transfer-matrix,papers/08501-09000/08936-PROOF.pdf
8937,A207903,PROOF,transfer-matrix,papers/08501-09000/08937-PROOF.pdf
8938,A220613,PROOF,reciprocal-link,papers/08501-09000/08938-PROOF.pdf
8939,A259511,PROOF,clockwise-perimeter,papers/08501-09000/08939-PROOF.pdf
8940,A220631,PROOF,reciprocal-link,papers/08501-09000/08940-PROOF.pdf
8941,A251197,PROOF,transfer-matrix,papers/08501-09000/08941-PROOF.pdf
8942,A250626,PROOF,monotone-statistic,papers/08501-09000/08942-PROOF.pdf
8943,A250976,PROOF,transfer-matrix,papers/08501-09000/08943-PROOF.pdf
8944,A250996,PROOF,monotone-statistic,papers/08501-09000/08944-PROOF.pdf
8945,A251013,PROOF,transfer-matrix,papers/08501-09000/08945-PROOF.pdf
8946,A236821,PROOF,order-statistic,papers/08501-09000/08946-PROOF.pdf
8947,A183577,PROOF,neighbour-reach,papers/08501-09000/08947-PROOF.pdf
8948,A220612,PROOF,reciprocal-link,papers/08501-09000/08948-PROOF.pdf
8949,A180753,PROOF,neighbour-reach,papers/08501-09000/08949-PROOF.pdf
8950,A297744,PROOF,neighbour-condition,papers/08501-09000/08950-PROOF.pdf
8951,A239151,PROOF,parity-difference,papers/08501-09000/08951-PROOF.pdf
8952,A264186,PROOF,transfer-matrix,papers/08501-09000/08952-PROOF.pdf
8953,A274856,PROOF,transfer-matrix,papers/08501-09000/08953-PROOF.pdf
8954,A274898,PROOF,transfer-matrix,papers/08501-09000/08954-PROOF.pdf
8955,A275146,PROOF,transfer-matrix,papers/08501-09000/08955-PROOF.pdf
8956,A232292,PROOF,value-neighbour,papers/08501-09000/08956-PROOF.pdf
8957,A206058,PROOF,perimeter-cycle,papers/08501-09000/08957-PROOF.pdf
8958,A250689,PROOF,monotone-statistic,papers/08501-09000/08958-PROOF.pdf
8959,A197085,PROOF,transfer-matrix,papers/08501-09000/08959-PROOF.pdf
8960,A197093,PROOF,transfer-matrix,papers/08501-09000/08960-PROOF.pdf
8961,A197470,PROOF,transfer-matrix,papers/08501-09000/08961-PROOF.pdf
8962,A222142,PROOF,transfer-matrix,papers/08501-09000/08962-PROOF.pdf
8963,A236014,PROOF,subblock-coloring,papers/08501-09000/08963-PROOF.pdf
8964,A206148,PROOF,transfer-matrix,papers/08501-09000/08964-PROOF.pdf
8965,A230246,PROOF,transfer-matrix,papers/08501-09000/08965-PROOF.pdf
8966,A250688,PROOF,monotone-statistic,papers/08501-09000/08966-PROOF.pdf
8967,A261109,PROOF,subblock-3x3,papers/08501-09000/08967-PROOF.pdf
8968,A296552,PROOF,transfer-matrix,papers/08501-09000/08968-PROOF.pdf
8969,A297336,PROOF,transfer-matrix,papers/08501-09000/08969-PROOF.pdf
8970,A305038,PROOF,transfer-matrix,papers/08501-09000/08970-PROOF.pdf
8971,A236051,PROOF,subblock-coloring,papers/08501-09000/08971-PROOF.pdf
8972,A253325,PROOF,monotone-subblock,papers/08501-09000/08972-PROOF.pdf
8973,A237230,PROOF,subblock-difference,papers/08501-09000/08973-PROOF.pdf
8974,A203060,PROOF,transfer-matrix,papers/08501-09000/08974-PROOF.pdf
8975,A209509,PROOF,transfer-matrix,papers/08501-09000/08975-PROOF.pdf
8976,A235900,PROOF,minmax-median,papers/08501-09000/08976-PROOF.pdf
8977,A236806,PROOF,order-statistic,papers/08501-09000/08977-PROOF.pdf
8978,A254255,PROOF,monotone-subblock,papers/08501-09000/08978-PROOF.pdf
8979,A253324,PROOF,monotone-subblock,papers/08501-09000/08979-PROOF.pdf
8980,A188702,PROOF,transfer-matrix,papers/08501-09000/08980-PROOF.pdf
8981,A228757,PROOF,transfer-matrix,papers/08501-09000/08981-PROOF.pdf
8982,A250687,PROOF,monotone-statistic,papers/08501-09000/08982-PROOF.pdf
8983,A301948,PROOF,transfer-matrix,papers/08501-09000/08983-PROOF.pdf
8984,A302518,PROOF,transfer-matrix,papers/08501-09000/08984-PROOF.pdf
8985,A196805,PROOF,transfer-matrix,papers/08501-09000/08985-PROOF.pdf
8986,A208032,PROOF,transfer-matrix,papers/08501-09000/08986-PROOF.pdf
8987,A232834,PROOF,cell-condition,papers/08501-09000/08987-PROOF.pdf
8988,A238317,PROOF,neighbour-set,papers/08501-09000/08988-PROOF.pdf
8989,A255105,PROOF,window-word,papers/08501-09000/08989-PROOF.pdf
8990,A253323,PROOF,monotone-subblock,papers/08501-09000/08990-PROOF.pdf
8991,A236805,PROOF,order-statistic,papers/08501-09000/08991-PROOF.pdf
8992,A208424,PROOF,transfer-matrix,papers/08501-09000/08992-PROOF.pdf
8993,A208005,PROOF,transfer-matrix,papers/08501-09000/08993-PROOF.pdf
8994,A232378,PROOF,value-neighbour,papers/08501-09000/08994-PROOF.pdf
8995,A223461,PROOF,transfer-matrix,papers/08501-09000/08995-PROOF.pdf
8996,A242581,PROOF,window-word,papers/08501-09000/08996-PROOF.pdf
8997,A243041,PROOF,window-word,papers/08501-09000/08997-PROOF.pdf
8998,A243386,PROOF,window-word,papers/08501-09000/08998-PROOF.pdf
8999,A236944,PROOF,order-statistic,papers/08501-09000/08999-PROOF.pdf
9000,A244695,PROOF,window-word,papers/08501-09000/09000-PROOF.pdf
9001,A238040,PROOF,subblock-difference,papers/09001-09500/09001-PROOF.pdf
9002,A231357,PROOF,transfer-matrix,papers/09001-09500/09002-PROOF.pdf
9003,A253322,PROOF,monotone-subblock,papers/09001-09500/09003-PROOF.pdf
9004,A243727,PROOF,window-word,papers/09001-09500/09004-PROOF.pdf
9005,A183504,PROOF,cell-condition,papers/09001-09500/09005-PROOF.pdf
9006,A208487,PROOF,clockwise-perimeter,papers/09001-09500/09006-PROOF.pdf
9007,A186045,PROOF,subblock-3x3,papers/09001-09500/09007-PROOF.pdf
9008,A206016,PROOF,edge-count,papers/09001-09500/09008-PROOF.pdf
9009,A220635,PROOF,reciprocal-link,papers/09001-09500/09009-PROOF.pdf
9010,A250686,PROOF,monotone-statistic,papers/09001-09500/09010-PROOF.pdf
9011,A250796,PROOF,monotone-statistic,papers/09001-09500/09011-PROOF.pdf
9012,A250804,PROOF,monotone-statistic,papers/09001-09500/09012-PROOF.pdf
9013,A260538,PROOF,subblock-3x3,papers/09001-09500/09013-PROOF.pdf
9014,A260603,PROOF,subblock-3x3,papers/09001-09500/09014-PROOF.pdf
9015,A300346,PROOF,transfer-matrix,papers/09001-09500/09015-PROOF.pdf
9016,A302949,PROOF,transfer-matrix,papers/09001-09500/09016-PROOF.pdf
9017,A303957,PROOF,transfer-matrix,papers/09001-09500/09017-PROOF.pdf
9018,A304922,PROOF,transfer-matrix,papers/09001-09500/09018-PROOF.pdf
9019,A316949,PROOF,transfer-matrix,papers/09001-09500/09019-PROOF.pdf
9020,A318541,PROOF,transfer-matrix,papers/09001-09500/09020-PROOF.pdf
9021,A283411,PROOF,neighbour-set,papers/09001-09500/09021-PROOF.pdf
9022,A247989,PROOF,window-condition,papers/09001-09500/09022-PROOF.pdf
9023,A248062,PROOF,window-condition,papers/09001-09500/09023-PROOF.pdf
9024,A250909,PROOF,transfer-matrix,papers/09001-09500/09024-PROOF.pdf
9025,A243604,PROOF,window-word,papers/09001-09500/09025-PROOF.pdf
9026,A208004,PROOF,transfer-matrix,papers/09001-09500/09026-PROOF.pdf
9027,A206536,PROOF,clockwise-perimeter,papers/09001-09500/09027-PROOF.pdf
9028,A203376,PROOF,transfer-matrix,papers/09001-09500/09028-PROOF.pdf
9029,A233983,PROOF,transfer-matrix,papers/09001-09500/09029-PROOF.pdf
9030,A253321,PROOF,monotone-subblock,papers/09001-09500/09030-PROOF.pdf
9031,A253978,PROOF,monotone-subblock,papers/09001-09500/09031-PROOF.pdf
9032,A234827,PROOF,clockwise-perimeter,papers/09001-09500/09032-PROOF.pdf
9033,A207560,PROOF,transfer-matrix,papers/09001-09500/09033-PROOF.pdf
9034,A207748,PROOF,transfer-matrix,papers/09001-09500/09034-PROOF.pdf
9035,A209946,PROOF,transfer-matrix,papers/09001-09500/09035-PROOF.pdf
9036,A229928,PROOF,transfer-matrix,papers/09001-09500/09036-PROOF.pdf
9037,A233639,PROOF,transfer-matrix,papers/09001-09500/09037-PROOF.pdf
9038,A236698,PROOF,subblock-coloring,papers/09001-09500/09038-PROOF.pdf
9039,A250613,PROOF,monotone-statistic,papers/09001-09500/09039-PROOF.pdf
9040,A234915,PROOF,transfer-matrix,papers/09001-09500/09040-PROOF.pdf
9041,A234763,PROOF,clockwise-perimeter,papers/09001-09500/09041-PROOF.pdf
9042,A188875,PROOF,transfer-matrix,papers/09001-09500/09042-PROOF.pdf
9043,A189690,PROOF,transfer-matrix,papers/09001-09500/09043-PROOF.pdf
9044,A207307,PROOF,transfer-matrix,papers/09001-09500/09044-PROOF.pdf
9045,A210150,PROOF,transfer-matrix,papers/09001-09500/09045-PROOF.pdf
9046,A231518,PROOF,transfer-matrix,papers/09001-09500/09046-PROOF.pdf
9047,A234338,PROOF,transfer-matrix,papers/09001-09500/09047-PROOF.pdf
9048,A248432,PROOF,window-condition,papers/09001-09500/09048-PROOF.pdf
9049,A250685,PROOF,monotone-statistic,papers/09001-09500/09049-PROOF.pdf
9050,A255142,PROOF,subblock-3x3,papers/09001-09500/09050-PROOF.pdf
9051,A278089,PROOF,transfer-matrix,papers/09001-09500/09051-PROOF.pdf
9052,A297225,PROOF,transfer-matrix,papers/09001-09500/09052-PROOF.pdf
9053,A297609,PROOF,transfer-matrix,papers/09001-09500/09053-PROOF.pdf
9054,A297715,PROOF,transfer-matrix,papers/09001-09500/09054-PROOF.pdf
9055,A297910,PROOF,transfer-matrix,papers/09001-09500/09055-PROOF.pdf
9056,A297973,PROOF,transfer-matrix,papers/09001-09500/09056-PROOF.pdf
9057,A298235,PROOF,transfer-matrix,papers/09001-09500/09057-PROOF.pdf
9058,A298332,PROOF,transfer-matrix,papers/09001-09500/09058-PROOF.pdf
9059,A298456,PROOF,transfer-matrix,papers/09001-09500/09059-PROOF.pdf
9060,A299549,PROOF,transfer-matrix,papers/09001-09500/09060-PROOF.pdf
9061,A299597,PROOF,transfer-matrix,papers/09001-09500/09061-PROOF.pdf
9062,A299888,PROOF,transfer-matrix,papers/09001-09500/09062-PROOF.pdf
9063,A300422,PROOF,transfer-matrix,papers/09001-09500/09063-PROOF.pdf
9064,A300806,PROOF,transfer-matrix,papers/09001-09500/09064-PROOF.pdf
9065,A301445,PROOF,transfer-matrix,papers/09001-09500/09065-PROOF.pdf
9066,A302304,PROOF,transfer-matrix,papers/09001-09500/09066-PROOF.pdf
9067,A302410,PROOF,transfer-matrix,papers/09001-09500/09067-PROOF.pdf
9068,A302809,PROOF,transfer-matrix,papers/09001-09500/09068-PROOF.pdf
9069,A302872,PROOF,transfer-matrix,papers/09001-09500/09069-PROOF.pdf
9070,A303035,PROOF,transfer-matrix,papers/09001-09500/09070-PROOF.pdf
9071,A303177,PROOF,transfer-matrix,papers/09001-09500/09071-PROOF.pdf
9072,A303237,PROOF,transfer-matrix,papers/09001-09500/09072-PROOF.pdf
9073,A303891,PROOF,transfer-matrix,papers/09001-09500/09073-PROOF.pdf
9074,A304539,PROOF,transfer-matrix,papers/09001-09500/09074-PROOF.pdf
9075,A304762,PROOF,transfer-matrix,papers/09001-09500/09075-PROOF.pdf
9076,A306055,PROOF,transfer-matrix,papers/09001-09500/09076-PROOF.pdf
9077,A306124,PROOF,transfer-matrix,papers/09001-09500/09077-PROOF.pdf
9078,A316927,PROOF,transfer-matrix,papers/09001-09500/09078-PROOF.pdf
9079,A317233,PROOF,transfer-matrix,papers/09001-09500/09079-PROOF.pdf
9080,A229407,PROOF,transfer-matrix,papers/09001-09500/09080-PROOF.pdf
9081,A204717,PROOF,matrix-subblock,papers/09001-09500/09081-PROOF.pdf
9082,A200884,PROOF,window-condition,papers/09001-09500/09082-PROOF.pdf
9083,A203059,PROOF,transfer-matrix,papers/09001-09500/09083-PROOF.pdf
9084,A233659,PROOF,transfer-matrix,papers/09001-09500/09084-PROOF.pdf
9085,A253320,PROOF,monotone-subblock,papers/09001-09500/09085-PROOF.pdf
9086,A269616,PROOF,repeated-value-chain,papers/09001-09500/09086-PROOF.pdf
9087,A228800,PROOF,transfer-matrix,papers/09001-09500/09087-PROOF.pdf
9088,A237060,PROOF,order-statistic,papers/09001-09500/09088-PROOF.pdf
9089,A236895,PROOF,order-statistic,papers/09001-09500/09089-PROOF.pdf
9090,A250134,PROOF,window-condition,papers/09001-09500/09090-PROOF.pdf
9091,A250586,PROOF,monotone-statistic,papers/09001-09500/09091-PROOF.pdf
9092,A250634,PROOF,monotone-statistic,papers/09001-09500/09092-PROOF.pdf
9093,A250921,PROOF,transfer-matrix,papers/09001-09500/09093-PROOF.pdf
9094,A251004,PROOF,transfer-matrix,papers/09001-09500/09094-PROOF.pdf
9095,A237843,PROOF,order-statistic,papers/09001-09500/09095-PROOF.pdf
9096,A202415,PROOF,local-array-condition,papers/09001-09500/09096-PROOF.pdf
9097,A235851,PROOF,subblock-multiset,papers/09001-09500/09097-PROOF.pdf
9098,A212780,PROOF,second-difference-nonzero,papers/09001-09500/09098-PROOF.pdf
9099,A251038,PROOF,monotone-statistic,papers/09001-09500/09099-PROOF.pdf
9100,A251168,PROOF,transfer-matrix,papers/09001-09500/09100-PROOF.pdf
9101,A252206,PROOF,subblock-3x3,papers/09001-09500/09101-PROOF.pdf
9102,A255800,PROOF,subblock-3x3,papers/09001-09500/09102-PROOF.pdf
9103,A256747,PROOF,subblock-3x3,papers/09001-09500/09103-PROOF.pdf
9104,A252519,PROOF,subblock-3x3,papers/09001-09500/09104-PROOF.pdf
9105,A252274,PROOF,subblock-3x3,papers/09001-09500/09105-PROOF.pdf
9106,A252248,PROOF,subblock-3x3,papers/09001-09500/09106-PROOF.pdf
9107,A252299,PROOF,subblock-3x3,papers/09001-09500/09107-PROOF.pdf
9108,A252307,PROOF,subblock-3x3,papers/09001-09500/09108-PROOF.pdf
9109,A255799,PROOF,subblock-3x3,papers/09001-09500/09109-PROOF.pdf
9110,A204602,PROOF,subblock-3x3,papers/09001-09500/09110-PROOF.pdf
9111,A233839,PROOF,forbidden-run,papers/09001-09500/09111-PROOF.pdf
9112,A233613,PROOF,forbidden-run,papers/09001-09500/09112-PROOF.pdf
9113,A203931,PROOF,transfer-matrix,papers/09001-09500/09113-PROOF.pdf
9114,A255033,PROOF,monotone-subblock,papers/09001-09500/09114-PROOF.pdf
9115,A255798,PROOF,subblock-3x3,papers/09001-09500/09115-PROOF.pdf
9116,A297298,PROOF,transfer-matrix,papers/09001-09500/09116-PROOF.pdf
9117,A302679,PROOF,transfer-matrix,papers/09001-09500/09117-PROOF.pdf
9118,A196691,PROOF,transfer-matrix,papers/09001-09500/09118-PROOF.pdf
9119,A197064,PROOF,transfer-matrix,papers/09001-09500/09119-PROOF.pdf
9120,A197212,PROOF,transfer-matrix,papers/09001-09500/09120-PROOF.pdf
9121,A197337,PROOF,transfer-matrix,papers/09001-09500/09121-PROOF.pdf
9122,A203653,PROOF,transfer-matrix,papers/09001-09500/09122-PROOF.pdf
9123,A205022,PROOF,transfer-matrix,papers/09001-09500/09123-PROOF.pdf
9124,A255032,PROOF,monotone-subblock,papers/09001-09500/09124-PROOF.pdf
9125,A280898,PROOF,transfer-matrix,papers/09001-09500/09125-PROOF.pdf
9126,A223349,PROOF,transfer-matrix,papers/09001-09500/09126-PROOF.pdf
9127,A236993,PROOF,subblock-difference,papers/09001-09500/09127-PROOF.pdf
9128,A232401,PROOF,cell-condition,papers/09001-09500/09128-PROOF.pdf
9129,A254256,PROOF,monotone-subblock,papers/09001-09500/09129-PROOF.pdf
9130,A232313,PROOF,cell-condition,papers/09001-09500/09130-PROOF.pdf
9131,A238519,PROOF,neighbour-set,papers/09001-09500/09131-PROOF.pdf
9132,A188989,PROOF,transfer-matrix,papers/09001-09500/09132-PROOF.pdf
9133,A203793,PROOF,transfer-matrix,papers/09001-09500/09133-PROOF.pdf
9134,A223397,PROOF,transfer-matrix,papers/09001-09500/09134-PROOF.pdf
9135,A252377,PROOF,subblock-3x3,papers/09001-09500/09135-PROOF.pdf
9136,A252525,PROOF,subblock-3x3,papers/09001-09500/09136-PROOF.pdf
9137,A252533,PROOF,subblock-3x3,papers/09001-09500/09137-PROOF.pdf
9138,A255797,PROOF,subblock-3x3,papers/09001-09500/09138-PROOF.pdf
9139,A259638,PROOF,subblock-3x3,papers/09001-09500/09139-PROOF.pdf
9140,A260134,PROOF,subblock-3x3,papers/09001-09500/09140-PROOF.pdf
9141,A304228,PROOF,transfer-matrix,papers/09001-09500/09141-PROOF.pdf
9142,A304268,PROOF,transfer-matrix,papers/09001-09500/09142-PROOF.pdf
9143,A255031,PROOF,monotone-subblock,papers/09001-09500/09143-PROOF.pdf
9144,A280856,PROOF,transfer-matrix,papers/09001-09500/09144-PROOF.pdf
9145,A206057,PROOF,perimeter-cycle,papers/09001-09500/09145-PROOF.pdf
9146,A205210,PROOF,matrix-subblock,papers/09001-09500/09146-PROOF.pdf
9147,A208068,PROOF,transfer-matrix,papers/09001-09500/09147-PROOF.pdf
9148,A197525,PROOF,transfer-matrix,papers/09001-09500/09148-PROOF.pdf
9149,A256743,PROOF,subblock-3x3,papers/09001-09500/09149-PROOF.pdf
9150,A260010,PROOF,subblock-3x3,papers/09001-09500/09150-PROOF.pdf
9151,A260922,PROOF,subblock-3x3,papers/09001-09500/09151-PROOF.pdf
9152,A261108,PROOF,subblock-3x3,papers/09001-09500/09152-PROOF.pdf
9153,A261260,PROOF,subblock-3x3,papers/09001-09500/09153-PROOF.pdf
9154,A261375,PROOF,subblock-3x3,papers/09001-09500/09154-PROOF.pdf
9155,A297311,PROOF,transfer-matrix,papers/09001-09500/09155-PROOF.pdf
9156,A297811,PROOF,transfer-matrix,papers/09001-09500/09156-PROOF.pdf
9157,A302012,PROOF,transfer-matrix,papers/09001-09500/09157-PROOF.pdf
9158,A302147,PROOF,transfer-matrix,papers/09001-09500/09158-PROOF.pdf
9159,A302160,PROOF,transfer-matrix,papers/09001-09500/09159-PROOF.pdf
9160,A303317,PROOF,transfer-matrix,papers/09001-09500/09160-PROOF.pdf
9161,A305227,PROOF,transfer-matrix,papers/09001-09500/09161-PROOF.pdf
9162,A281468,PROOF,transfer-matrix,papers/09001-09500/09162-PROOF.pdf
9163,A280855,PROOF,transfer-matrix,papers/09001-09500/09163-PROOF.pdf
9164,A203832,PROOF,transfer-matrix,papers/09001-09500/09164-PROOF.pdf
9165,A252068,PROOF,subblock-3x3,papers/09001-09500/09165-PROOF.pdf
9166,A207849,PROOF,transfer-matrix,papers/09001-09500/09166-PROOF.pdf
9167,A281204,PROOF,transfer-matrix,papers/09001-09500/09167-PROOF.pdf
9168,A207721,PROOF,transfer-matrix,papers/09001-09500/09168-PROOF.pdf
9169,A223460,PROOF,transfer-matrix,papers/09001-09500/09169-PROOF.pdf
9170,A243030,PROOF,window-word,papers/09001-09500/09170-PROOF.pdf
9171,A244178,PROOF,window-word,papers/09001-09500/09171-PROOF.pdf
9172,A237318,PROOF,subblock-difference,papers/09001-09500/09172-PROOF.pdf
9173,A208423,PROOF,transfer-matrix,papers/09001-09500/09173-PROOF.pdf
9174,A231952,PROOF,cell-condition,papers/09001-09500/09174-PROOF.pdf
9175,A185527,PROOF,subblock-3x3,papers/09001-09500/09175-PROOF.pdf
9176,A208552,PROOF,transfer-matrix,papers/09001-09500/09176-PROOF.pdf
9177,A237952,PROOF,subblock-difference,papers/09001-09500/09177-PROOF.pdf
9178,A255656,PROOF,window-word,papers/09001-09500/09178-PROOF.pdf
9179,A256023,PROOF,subblock-3x3,papers/09001-09500/09179-PROOF.pdf
9180,A258726,PROOF,window-word,papers/09001-09500/09180-PROOF.pdf
9181,A260364,PROOF,subblock-3x3,papers/09001-09500/09181-PROOF.pdf
9182,A297434,PROOF,transfer-matrix,papers/09001-09500/09182-PROOF.pdf
9183,A297597,PROOF,transfer-matrix,papers/09001-09500/09183-PROOF.pdf
9184,A183347,PROOF,adjacency-precedence,papers/09001-09500/09184-PROOF.pdf
9185,A208115,PROOF,transfer-matrix,papers/09001-09500/09185-PROOF.pdf
9186,A242470,PROOF,window-word,papers/09001-09500/09186-PROOF.pdf
9187,A243638,PROOF,window-word,papers/09001-09500/09187-PROOF.pdf
9188,A208371,PROOF,transfer-matrix,papers/09001-09500/09188-PROOF.pdf
9189,A282786,PROOF,king-move,papers/09001-09500/09189-PROOF.pdf
9190,A228659,PROOF,transfer-matrix,papers/09001-09500/09190-PROOF.pdf
9191,A228682,PROOF,transfer-matrix,papers/09001-09500/09191-PROOF.pdf
9192,A250581,PROOF,monotone-statistic,papers/09001-09500/09192-PROOF.pdf
9193,A250803,PROOF,monotone-statistic,papers/09001-09500/09193-PROOF.pdf
9194,A202118,PROOF,window-condition,papers/09001-09500/09194-PROOF.pdf
9195,A268953,PROOF,repeated-value-chain,papers/09001-09500/09195-PROOF.pdf
9196,A208551,PROOF,transfer-matrix,papers/09001-09500/09196-PROOF.pdf
9197,A202311,PROOF,pattern-avoidance,papers/09001-09500/09197-PROOF.pdf
9198,A283574,PROOF,neighbour-set,papers/09001-09500/09198-PROOF.pdf
9199,A283567,PROOF,neighbour-set,papers/09001-09500/09199-PROOF.pdf
9200,A186528,PROOF,matrix-subblock,papers/09001-09500/09200-PROOF.pdf
9201,A207364,PROOF,transfer-matrix,papers/09001-09500/09201-PROOF.pdf
9202,A207753,PROOF,transfer-matrix,papers/09001-09500/09202-PROOF.pdf
9203,A207875,PROOF,transfer-matrix,papers/09001-09500/09203-PROOF.pdf
9204,A207962,PROOF,transfer-matrix,papers/09001-09500/09204-PROOF.pdf
9205,A208009,PROOF,transfer-matrix,papers/09001-09500/09205-PROOF.pdf
9206,A233878,PROOF,transfer-matrix,papers/09001-09500/09206-PROOF.pdf
9207,A237325,PROOF,subblock-difference,papers/09001-09500/09207-PROOF.pdf
9208,A237504,PROOF,subblock-difference,papers/09001-09500/09208-PROOF.pdf
9209,A237958,PROOF,subblock-difference,papers/09001-09500/09209-PROOF.pdf
9210,A247921,PROOF,window-condition,papers/09001-09500/09210-PROOF.pdf
9211,A232318,PROOF,cell-condition,papers/09001-09500/09211-PROOF.pdf
9212,A221458,PROOF,window-condition,papers/09001-09500/09212-PROOF.pdf
9213,A188845,PROOF,transfer-matrix,papers/09001-09500/09213-PROOF.pdf
9214,A207940,PROOF,transfer-matrix,papers/09001-09500/09214-PROOF.pdf
9215,A233727,PROOF,transfer-matrix,papers/09001-09500/09215-PROOF.pdf
9216,A234424,PROOF,transfer-matrix,papers/09001-09500/09216-PROOF.pdf
9217,A250580,PROOF,monotone-statistic,papers/09001-09500/09217-PROOF.pdf
9218,A251272,PROOF,transfer-matrix,papers/09001-09500/09218-PROOF.pdf
9219,A251375,PROOF,transfer-matrix,papers/09001-09500/09219-PROOF.pdf
9220,A251493,PROOF,transfer-matrix,papers/09001-09500/09220-PROOF.pdf
9221,A255785,PROOF,subblock-3x3,papers/09001-09500/09221-PROOF.pdf
9222,A260468,PROOF,subblock-3x3,papers/09001-09500/09222-PROOF.pdf
9223,A260494,PROOF,subblock-3x3,papers/09001-09500/09223-PROOF.pdf
9224,A260602,PROOF,subblock-3x3,papers/09001-09500/09224-PROOF.pdf
9225,A261285,PROOF,subblock-3x3,papers/09001-09500/09225-PROOF.pdf
9226,A261548,PROOF,subblock-3x3,papers/09001-09500/09226-PROOF.pdf
9227,A295711,PROOF,transfer-matrix,papers/09001-09500/09227-PROOF.pdf
9228,A296536,PROOF,transfer-matrix,papers/09001-09500/09228-PROOF.pdf
9229,A296630,PROOF,transfer-matrix,papers/09001-09500/09229-PROOF.pdf
9230,A296669,PROOF,transfer-matrix,papers/09001-09500/09230-PROOF.pdf
9231,A297340,PROOF,transfer-matrix,papers/09001-09500/09231-PROOF.pdf
9232,A297376,PROOF,transfer-matrix,papers/09001-09500/09232-PROOF.pdf
9233,A297521,PROOF,transfer-matrix,papers/09001-09500/09233-PROOF.pdf
9234,A297902,PROOF,transfer-matrix,papers/09001-09500/09234-PROOF.pdf
9235,A297954,PROOF,transfer-matrix,papers/09001-09500/09235-PROOF.pdf
9236,A298439,PROOF,transfer-matrix,papers/09001-09500/09236-PROOF.pdf
9237,A298542,PROOF,transfer-matrix,papers/09001-09500/09237-PROOF.pdf
9238,A298662,PROOF,transfer-matrix,papers/09001-09500/09238-PROOF.pdf
9239,A298836,PROOF,transfer-matrix,papers/09001-09500/09239-PROOF.pdf
9240,A299130,PROOF,transfer-matrix,papers/09001-09500/09240-PROOF.pdf
9241,A299329,PROOF,transfer-matrix,papers/09001-09500/09241-PROOF.pdf
9242,A299361,PROOF,transfer-matrix,papers/09001-09500/09242-PROOF.pdf
9243,A299516,PROOF,transfer-matrix,papers/09001-09500/09243-PROOF.pdf
9244,A299716,PROOF,transfer-matrix,papers/09001-09500/09244-PROOF.pdf
9245,A301843,PROOF,transfer-matrix,papers/09001-09500/09245-PROOF.pdf
9246,A302267,PROOF,transfer-matrix,papers/09001-09500/09246-PROOF.pdf
9247,A302362,PROOF,transfer-matrix,papers/09001-09500/09247-PROOF.pdf
9248,A302455,PROOF,transfer-matrix,papers/09001-09500/09248-PROOF.pdf
9249,A302966,PROOF,transfer-matrix,papers/09001-09500/09249-PROOF.pdf
9250,A303520,PROOF,transfer-matrix,papers/09001-09500/09250-PROOF.pdf
9251,A303964,PROOF,transfer-matrix,papers/09001-09500/09251-PROOF.pdf
9252,A304474,PROOF,transfer-matrix,papers/09001-09500/09252-PROOF.pdf
9253,A304664,PROOF,transfer-matrix,papers/09001-09500/09253-PROOF.pdf
9254,A304850,PROOF,transfer-matrix,papers/09001-09500/09254-PROOF.pdf
9255,A305247,PROOF,transfer-matrix,papers/09001-09500/09255-PROOF.pdf
9256,A305342,PROOF,transfer-matrix,papers/09001-09500/09256-PROOF.pdf
9257,A316299,PROOF,transfer-matrix,papers/09001-09500/09257-PROOF.pdf
9258,A316422,PROOF,transfer-matrix,papers/09001-09500/09258-PROOF.pdf
9259,A317460,PROOF,transfer-matrix,papers/09001-09500/09259-PROOF.pdf
9260,A320397,PROOF,transfer-matrix,papers/09001-09500/09260-PROOF.pdf
9261,A282587,PROOF,king-move,papers/09001-09500/09261-PROOF.pdf
9262,A283277,PROOF,neighbour-set,papers/09001-09500/09262-PROOF.pdf
9263,A234905,PROOF,transfer-matrix,papers/09001-09500/09263-PROOF.pdf
9264,A235002,PROOF,transfer-matrix,papers/09001-09500/09264-PROOF.pdf
9265,A235072,PROOF,transfer-matrix,papers/09001-09500/09265-PROOF.pdf
9266,A268259,PROOF,repeated-value-chain,papers/09001-09500/09266-PROOF.pdf
9267,A284076,PROOF,neighbour-set,papers/09001-09500/09267-PROOF.pdf
9268,A237069,PROOF,order-statistic,papers/09001-09500/09268-PROOF.pdf
9269,A206878,PROOF,transfer-matrix,papers/09001-09500/09269-PROOF.pdf
9270,A237939,PROOF,order-statistic,papers/09001-09500/09270-PROOF.pdf
9271,A283094,PROOF,neighbour-set,papers/09001-09500/09271-PROOF.pdf
9272,A237333,PROOF,order-statistic,papers/09001-09500/09272-PROOF.pdf
9273,A203348,PROOF,pattern-avoidance,papers/09001-09500/09273-PROOF.pdf
9274,A269406,PROOF,repeated-value-chain,papers/09001-09500/09274-PROOF.pdf
9275,A269432,PROOF,repeated-value-chain,papers/09001-09500/09275-PROOF.pdf
9276,A205066,PROOF,edge-count,papers/09001-09500/09276-PROOF.pdf
9277,A268322,PROOF,repeated-value-chain,papers/09001-09500/09277-PROOF.pdf
9278,A282435,PROOF,king-move,papers/09001-09500/09278-PROOF.pdf
9279,A207118,PROOF,transfer-matrix,papers/09001-09500/09279-PROOF.pdf
9280,A207462,PROOF,transfer-matrix,papers/09001-09500/09280-PROOF.pdf
9281,A207584,PROOF,transfer-matrix,papers/09001-09500/09281-PROOF.pdf
9282,A207763,PROOF,transfer-matrix,papers/09001-09500/09282-PROOF.pdf
9283,A207961,PROOF,transfer-matrix,papers/09001-09500/09283-PROOF.pdf
9284,A248458,PROOF,window-condition,papers/09001-09500/09284-PROOF.pdf
9285,A250426,PROOF,monotone-statistic,papers/09001-09500/09285-PROOF.pdf
9286,A220721,PROOF,reciprocal-link,papers/09001-09500/09286-PROOF.pdf
9287,A251254,PROOF,transfer-matrix,papers/09001-09500/09287-PROOF.pdf
9288,A184557,PROOF,transfer-matrix,papers/09001-09500/09288-PROOF.pdf
9289,A230702,PROOF,white-squares,papers/09001-09500/09289-PROOF.pdf
9290,A249284,PROOF,window-condition,papers/09001-09500/09290-PROOF.pdf
9291,A250988,PROOF,monotone-statistic,papers/09001-09500/09291-PROOF.pdf
9292,A251066,PROOF,transfer-matrix,papers/09001-09500/09292-PROOF.pdf
9293,A251404,PROOF,transfer-matrix,papers/09001-09500/09293-PROOF.pdf
9294,A229375,PROOF,transfer-matrix,papers/09001-09500/09294-PROOF.pdf
9295,A251030,PROOF,monotone-statistic,papers/09001-09500/09295-PROOF.pdf
9296,A264624,PROOF,transfer-matrix,papers/09001-09500/09296-PROOF.pdf
9297,A251234,PROOF,transfer-matrix,papers/09001-09500/09297-PROOF.pdf
9298,A298186,PROOF,transfer-matrix,papers/09001-09500/09298-PROOF.pdf
9299,A196317,PROOF,transfer-matrix,papers/09001-09500/09299-PROOF.pdf
9300,A251233,PROOF,transfer-matrix,papers/09001-09500/09300-PROOF.pdf
9301,A252545,PROOF,subblock-3x3,papers/09001-09500/09301-PROOF.pdf
9302,A297222,PROOF,transfer-matrix,papers/09001-09500/09302-PROOF.pdf
9303,A301962,PROOF,transfer-matrix,papers/09001-09500/09303-PROOF.pdf
9304,A206132,PROOF,perimeter-cycle,papers/09001-09500/09304-PROOF.pdf
9305,A241330,PROOF,transfer-matrix,papers/09001-09500/09305-PROOF.pdf
9306,A209380,PROOF,transfer-matrix,papers/09001-09500/09306-PROOF.pdf
9307,A223601,PROOF,transfer-matrix,papers/09001-09500/09307-PROOF.pdf
9308,A203051,PROOF,transfer-matrix,papers/09001-09500/09308-PROOF.pdf
9309,A197369,PROOF,transfer-matrix,papers/09001-09500/09309-PROOF.pdf
9310,A183389,PROOF,king-move,papers/09001-09500/09310-PROOF.pdf
9311,A251232,PROOF,transfer-matrix,papers/09001-09500/09311-PROOF.pdf
9312,A260202,PROOF,subblock-3x3,papers/09001-09500/09312-PROOF.pdf
9313,A298960,PROOF,transfer-matrix,papers/09001-09500/09313-PROOF.pdf
9314,A301659,PROOF,transfer-matrix,papers/09001-09500/09314-PROOF.pdf
9315,A301838,PROOF,transfer-matrix,papers/09001-09500/09315-PROOF.pdf
9316,A301996,PROOF,transfer-matrix,papers/09001-09500/09316-PROOF.pdf
9317,A302066,PROOF,transfer-matrix,papers/09001-09500/09317-PROOF.pdf
9318,A302683,PROOF,transfer-matrix,papers/09001-09500/09318-PROOF.pdf
9319,A223300,PROOF,transfer-matrix,papers/09001-09500/09319-PROOF.pdf
9320,A184499,PROOF,subblock-content,papers/09001-09500/09320-PROOF.pdf
9321,A235899,PROOF,minmax-median,papers/09001-09500/09321-PROOF.pdf
9322,A252025,PROOF,subblock-3x3,papers/09001-09500/09322-PROOF.pdf
9323,A234047,PROOF,forbidden-run,papers/09001-09500/09323-PROOF.pdf
9324,A201373,PROOF,lexicographic-array,papers/09001-09500/09324-PROOF.pdf
9325,A234222,PROOF,transfer-matrix,papers/09001-09500/09325-PROOF.pdf
9326,A254416,PROOF,monotone-subblock,papers/09001-09500/09326-PROOF.pdf
9327,A254423,PROOF,monotone-subblock,papers/09001-09500/09327-PROOF.pdf
9328,A232061,PROOF,value-neighbour,papers/09001-09500/09328-PROOF.pdf
9329,A281467,PROOF,transfer-matrix,papers/09001-09500/09329-PROOF.pdf
9330,A205730,PROOF,edge-count,papers/09001-09500/09330-PROOF.pdf
9331,A208031,PROOF,transfer-matrix,papers/09001-09500/09331-PROOF.pdf
9332,A202446,PROOF,pattern-avoidance,papers/09001-09500/09332-PROOF.pdf
9333,A183338,PROOF,adjacency-precedence,papers/09001-09500/09333-PROOF.pdf
9334,A204612,PROOF,matrix-subblock,papers/09001-09500/09334-PROOF.pdf
9335,A253346,PROOF,monotone-subblock,papers/09001-09500/09335-PROOF.pdf
9336,A253353,PROOF,monotone-subblock,papers/09001-09500/09336-PROOF.pdf
9337,A234877,PROOF,transfer-matrix,papers/09001-09500/09337-PROOF.pdf
9338,A252817,PROOF,transfer-matrix,papers/09001-09500/09338-PROOF.pdf
9339,A237854,PROOF,neighbour-set,papers/09001-09500/09339-PROOF.pdf
9340,A209548,PROOF,transfer-matrix,papers/09001-09500/09340-PROOF.pdf
9341,A234156,PROOF,transfer-matrix,papers/09001-09500/09341-PROOF.pdf
9342,A234485,PROOF,transfer-matrix,papers/09001-09500/09342-PROOF.pdf
9343,A236445,PROOF,subblock-coloring,papers/09001-09500/09343-PROOF.pdf
9344,A236495,PROOF,subblock-coloring,papers/09001-09500/09344-PROOF.pdf
9345,A250782,PROOF,transfer-matrix,papers/09001-09500/09345-PROOF.pdf
9346,A251231,PROOF,transfer-matrix,papers/09001-09500/09346-PROOF.pdf
9347,A255153,PROOF,subblock-3x3,papers/09001-09500/09347-PROOF.pdf
9348,A259766,PROOF,subblock-3x3,papers/09001-09500/09348-PROOF.pdf
9349,A260064,PROOF,subblock-3x3,papers/09001-09500/09349-PROOF.pdf
9350,A260974,PROOF,subblock-3x3,papers/09001-09500/09350-PROOF.pdf
9351,A297453,PROOF,transfer-matrix,papers/09001-09500/09351-PROOF.pdf
9352,A300800,PROOF,transfer-matrix,papers/09001-09500/09352-PROOF.pdf
9353,A301439,PROOF,transfer-matrix,papers/09001-09500/09353-PROOF.pdf
9354,A305178,PROOF,transfer-matrix,papers/09001-09500/09354-PROOF.pdf
9355,A234118,PROOF,transfer-matrix,papers/09001-09500/09355-PROOF.pdf
9356,A255104,PROOF,window-word,papers/09001-09500/09356-PROOF.pdf
9357,A201696,PROOF,lexicographic-array,papers/09001-09500/09357-PROOF.pdf
9358,A236804,PROOF,order-statistic,papers/09001-09500/09358-PROOF.pdf
9359,A234178,PROOF,transfer-matrix,papers/09001-09500/09359-PROOF.pdf
9360,A243726,PROOF,window-word,papers/09001-09500/09360-PROOF.pdf
9361,A243603,PROOF,window-word,papers/09001-09500/09361-PROOF.pdf
9362,A231221,PROOF,transfer-matrix,papers/09001-09500/09362-PROOF.pdf
9363,A250735,PROOF,monotone-statistic,papers/09001-09500/09363-PROOF.pdf
9364,A250795,PROOF,monotone-statistic,papers/09001-09500/09364-PROOF.pdf
9365,A229442,PROOF,line-order-array,papers/09001-09500/09365-PROOF.pdf
9366,A206983,PROOF,pattern-avoidance,papers/09001-09500/09366-PROOF.pdf
9367,A229425,PROOF,line-order-array,papers/09001-09500/09367-PROOF.pdf
9368,A253856,PROOF,monotone-subblock,papers/09001-09500/09368-PROOF.pdf
9369,A232572,PROOF,cell-condition,papers/09001-09500/09369-PROOF.pdf
9370,A231645,PROOF,transfer-matrix,papers/09001-09500/09370-PROOF.pdf
9371,A231747,PROOF,transfer-matrix,papers/09001-09500/09371-PROOF.pdf
9372,A236611,PROOF,subblock-coloring,papers/09001-09500/09372-PROOF.pdf
9373,A236646,PROOF,subblock-coloring,papers/09001-09500/09373-PROOF.pdf
9374,A283693,PROOF,neighbour-set,papers/09001-09500/09374-PROOF.pdf
9375,A183382,PROOF,transfer-matrix,papers/09001-09500/09375-PROOF.pdf
9376,A188757,PROOF,transfer-matrix,papers/09001-09500/09376-PROOF.pdf
9377,A188993,PROOF,transfer-matrix,papers/09001-09500/09377-PROOF.pdf
9378,A189190,PROOF,transfer-matrix,papers/09001-09500/09378-PROOF.pdf
9379,A200870,PROOF,window-condition,papers/09001-09500/09379-PROOF.pdf
9380,A209730,PROOF,transfer-matrix,papers/09001-09500/09380-PROOF.pdf
9381,A228388,PROOF,transfer-matrix,papers/09001-09500/09381-PROOF.pdf
9382,A233786,PROOF,transfer-matrix,papers/09001-09500/09382-PROOF.pdf
9383,A233910,PROOF,transfer-matrix,papers/09001-09500/09383-PROOF.pdf
9384,A234327,PROOF,transfer-matrix,papers/09001-09500/09384-PROOF.pdf
9385,A255094,PROOF,subblock-3x3,papers/09001-09500/09385-PROOF.pdf
9386,A296034,PROOF,transfer-matrix,papers/09001-09500/09386-PROOF.pdf
9387,A296315,PROOF,transfer-matrix,papers/09001-09500/09387-PROOF.pdf
9388,A297501,PROOF,transfer-matrix,papers/09001-09500/09388-PROOF.pdf
9389,A297602,PROOF,transfer-matrix,papers/09001-09500/09389-PROOF.pdf
9390,A297649,PROOF,transfer-matrix,papers/09001-09500/09390-PROOF.pdf
9391,A297981,PROOF,transfer-matrix,papers/09001-09500/09391-PROOF.pdf
9392,A297988,PROOF,transfer-matrix,papers/09001-09500/09392-PROOF.pdf
9393,A298282,PROOF,transfer-matrix,papers/09001-09500/09393-PROOF.pdf
9394,A298489,PROOF,transfer-matrix,papers/09001-09500/09394-PROOF.pdf
9395,A298624,PROOF,transfer-matrix,papers/09001-09500/09395-PROOF.pdf
9396,A299663,PROOF,transfer-matrix,papers/09001-09500/09396-PROOF.pdf
9397,A300170,PROOF,transfer-matrix,papers/09001-09500/09397-PROOF.pdf
9398,A300337,PROOF,transfer-matrix,papers/09001-09500/09398-PROOF.pdf
9399,A302219,PROOF,transfer-matrix,papers/09001-09500/09399-PROOF.pdf
9400,A302376,PROOF,transfer-matrix,papers/09001-09500/09400-PROOF.pdf
9401,A303041,PROOF,transfer-matrix,papers/09001-09500/09401-PROOF.pdf
9402,A303079,PROOF,transfer-matrix,papers/09001-09500/09402-PROOF.pdf
9403,A303097,PROOF,transfer-matrix,papers/09001-09500/09403-PROOF.pdf
9404,A304843,PROOF,transfer-matrix,papers/09001-09500/09404-PROOF.pdf
9405,A305042,PROOF,transfer-matrix,papers/09001-09500/09405-PROOF.pdf
9406,A305525,PROOF,transfer-matrix,papers/09001-09500/09406-PROOF.pdf
9407,A305764,PROOF,transfer-matrix,papers/09001-09500/09407-PROOF.pdf
9408,A316178,PROOF,transfer-matrix,papers/09001-09500/09408-PROOF.pdf
9409,A316540,PROOF,transfer-matrix,papers/09001-09500/09409-PROOF.pdf
9410,A316817,PROOF,transfer-matrix,papers/09001-09500/09410-PROOF.pdf
9411,A316999,PROOF,transfer-matrix,papers/09001-09500/09411-PROOF.pdf
9412,A317567,PROOF,transfer-matrix,papers/09001-09500/09412-PROOF.pdf
9413,A318011,PROOF,transfer-matrix,papers/09001-09500/09413-PROOF.pdf
9414,A318063,PROOF,transfer-matrix,papers/09001-09500/09414-PROOF.pdf
9415,A318217,PROOF,transfer-matrix,papers/09001-09500/09415-PROOF.pdf
9416,A237235,PROOF,order-statistic,papers/09001-09500/09416-PROOF.pdf
9417,A206780,PROOF,transfer-matrix,papers/09001-09500/09417-PROOF.pdf
9418,A234400,PROOF,transfer-matrix,papers/09001-09500/09418-PROOF.pdf
9419,A203454,PROOF,neighbour-set,papers/09001-09500/09419-PROOF.pdf
9420,A282857,PROOF,neighbour-set,papers/09001-09500/09420-PROOF.pdf
9421,A200883,PROOF,window-condition,papers/09001-09500/09421-PROOF.pdf
9422,A203050,PROOF,transfer-matrix,papers/09001-09500/09422-PROOF.pdf
9423,A207747,PROOF,transfer-matrix,papers/09001-09500/09423-PROOF.pdf
9424,A259246,PROOF,clockwise-perimeter,papers/09001-09500/09424-PROOF.pdf
9425,A250448,PROOF,monotone-statistic,papers/09001-09500/09425-PROOF.pdf
9426,A250944,PROOF,monotone-statistic,papers/09001-09500/09426-PROOF.pdf
9427,A251059,PROOF,transfer-matrix,papers/09001-09500/09427-PROOF.pdf
9428,A237092,PROOF,order-statistic,papers/09001-09500/09428-PROOF.pdf
9429,A222002,PROOF,permutation-row,papers/09001-09500/09429-PROOF.pdf
9430,A229367,PROOF,transfer-matrix,papers/09001-09500/09430-PROOF.pdf
9431,A237101,PROOF,order-statistic,papers/09001-09500/09431-PROOF.pdf
9432,A277762,PROOF,neighbour-reach,papers/09001-09500/09432-PROOF.pdf
9433,A251287,PROOF,transfer-matrix,papers/09001-09500/09433-PROOF.pdf
9434,A181249,PROOF,subblock-condition,papers/09001-09500/09434-PROOF.pdf
9435,A183617,PROOF,subblock-multiset,papers/09001-09500/09435-PROOF.pdf
9436,A183588,PROOF,subblock-multiset,papers/09001-09500/09436-PROOF.pdf
9437,A204478,PROOF,transfer-matrix,papers/09001-09500/09437-PROOF.pdf
9438,A264537,PROOF,transfer-matrix,papers/09001-09500/09438-PROOF.pdf
9439,A186547,PROOF,transfer-matrix,papers/09001-09500/09439-PROOF.pdf
9440,A204477,PROOF,transfer-matrix,papers/09001-09500/09440-PROOF.pdf
9441,A204636,PROOF,transfer-matrix,papers/09001-09500/09441-PROOF.pdf
9442,A235296,PROOF,transfer-matrix,papers/09001-09500/09442-PROOF.pdf
9443,A303726,PROOF,transfer-matrix,papers/09001-09500/09443-PROOF.pdf
9444,A196899,PROOF,transfer-matrix,papers/09001-09500/09444-PROOF.pdf
9445,A230064,PROOF,transfer-matrix,papers/09001-09500/09445-PROOF.pdf
9446,A231282,PROOF,transfer-matrix,papers/09001-09500/09446-PROOF.pdf
9447,A235014,PROOF,transfer-matrix,papers/09001-09500/09447-PROOF.pdf
9448,A232291,PROOF,value-neighbour,papers/09001-09500/09448-PROOF.pdf
9449,A251772,PROOF,subblock-line-sum,papers/09001-09500/09449-PROOF.pdf
9450,A188828,PROOF,transfer-matrix,papers/09001-09500/09450-PROOF.pdf
9451,A228665,PROOF,transfer-matrix,papers/09001-09500/09451-PROOF.pdf
9452,A228687,PROOF,transfer-matrix,papers/09001-09500/09452-PROOF.pdf
9453,A231834,PROOF,transfer-matrix,papers/09001-09500/09453-PROOF.pdf
9454,A235295,PROOF,transfer-matrix,papers/09001-09500/09454-PROOF.pdf
9455,A252132,PROOF,subblock-3x3,papers/09001-09500/09455-PROOF.pdf
9456,A256744,PROOF,subblock-3x3,papers/09001-09500/09456-PROOF.pdf
9457,A259738,PROOF,subblock-3x3,papers/09001-09500/09457-PROOF.pdf
9458,A302008,PROOF,transfer-matrix,papers/09001-09500/09458-PROOF.pdf
9459,A209103,PROOF,transfer-matrix,papers/09001-09500/09459-PROOF.pdf
9460,A223444,PROOF,transfer-matrix,papers/09001-09500/09460-PROOF.pdf
9461,A183714,PROOF,clockwise-perimeter,papers/09001-09500/09461-PROOF.pdf
9462,A220998,PROOF,transfer-matrix,papers/09001-09500/09462-PROOF.pdf
9463,A207793,PROOF,perimeter-cycle,papers/09001-09500/09463-PROOF.pdf
9464,A196013,PROOF,transfer-matrix,papers/09001-09500/09464-PROOF.pdf
9465,A206746,PROOF,perimeter-cycle,papers/09001-09500/09465-PROOF.pdf
9466,A206201,PROOF,perimeter-cycle,papers/09001-09500/09466-PROOF.pdf
9467,A235013,PROOF,transfer-matrix,papers/09001-09500/09467-PROOF.pdf
9468,A258920,PROOF,subblock-line-sum,papers/09001-09500/09468-PROOF.pdf
9469,A188870,PROOF,transfer-matrix,papers/09001-09500/09469-PROOF.pdf
9470,A235294,PROOF,transfer-matrix,papers/09001-09500/09470-PROOF.pdf
9471,A259737,PROOF,subblock-3x3,papers/09001-09500/09471-PROOF.pdf
9472,A296551,PROOF,transfer-matrix,papers/09001-09500/09472-PROOF.pdf
9473,A298180,PROOF,transfer-matrix,papers/09001-09500/09473-PROOF.pdf
9474,A304218,PROOF,transfer-matrix,papers/09001-09500/09474-PROOF.pdf
9475,A196782,PROOF,transfer-matrix,papers/09001-09500/09475-PROOF.pdf
9476,A196574,PROOF,transfer-matrix,papers/09001-09500/09476-PROOF.pdf
9477,A196859,PROOF,transfer-matrix,papers/09001-09500/09477-PROOF.pdf
9478,A184469,PROOF,subblock-content,papers/09001-09500/09478-PROOF.pdf
9479,A204401,PROOF,subblock-3x3,papers/09001-09500/09479-PROOF.pdf
9480,A204494,PROOF,subblock-3x3,papers/09001-09500/09480-PROOF.pdf
9481,A230270,PROOF,transfer-matrix,papers/09001-09500/09481-PROOF.pdf
9482,A206645,PROOF,forbidden-run,papers/09001-09500/09482-PROOF.pdf
9483,A196212,PROOF,transfer-matrix,papers/09001-09500/09483-PROOF.pdf
9484,A197666,PROOF,transfer-matrix,papers/09001-09500/09484-PROOF.pdf
9485,A208081,PROOF,transfer-matrix,papers/09001-09500/09485-PROOF.pdf
9486,A250820,PROOF,monotone-statistic,papers/09001-09500/09486-PROOF.pdf
9487,A183722,PROOF,clockwise-perimeter,papers/09001-09500/09487-PROOF.pdf
9488,A205514,PROOF,edge-count,papers/09001-09500/09488-PROOF.pdf
9489,A246477,PROOF,window-condition,papers/09001-09500/09489-PROOF.pdf
9490,A202596,PROOF,pattern-avoidance,papers/09001-09500/09490-PROOF.pdf
9491,A232071,PROOF,cell-condition,papers/09001-09500/09491-PROOF.pdf
9492,A207810,PROOF,transfer-matrix,papers/09001-09500/09492-PROOF.pdf
9493,A208837,PROOF,transfer-matrix,papers/09001-09500/09493-PROOF.pdf
9494,A235293,PROOF,transfer-matrix,papers/09001-09500/09494-PROOF.pdf
9495,A235965,PROOF,subblock-coloring,papers/09001-09500/09495-PROOF.pdf
9496,A237967,PROOF,subblock-difference,papers/09001-09500/09496-PROOF.pdf
9497,A238065,PROOF,subblock-difference,papers/09001-09500/09497-PROOF.pdf
9498,A238074,PROOF,subblock-difference,papers/09001-09500/09498-PROOF.pdf
9499,A246887,PROOF,window-condition,papers/09001-09500/09499-PROOF.pdf
9500,A247399,PROOF,window-condition,papers/09001-09500/09500-PROOF.pdf
9501,A250728,PROOF,monotone-statistic,papers/09501-10000/09501-PROOF.pdf
9502,A250789,PROOF,monotone-statistic,papers/09501-10000/09502-PROOF.pdf
9503,A259717,PROOF,subblock-3x3,papers/09501-10000/09503-PROOF.pdf
9504,A260288,PROOF,subblock-3x3,papers/09501-10000/09504-PROOF.pdf
9505,A295777,PROOF,transfer-matrix,papers/09501-10000/09505-PROOF.pdf
9506,A304129,PROOF,transfer-matrix,papers/09501-10000/09506-PROOF.pdf
9507,A304771,PROOF,transfer-matrix,papers/09501-10000/09507-PROOF.pdf
9508,A305478,PROOF,transfer-matrix,papers/09501-10000/09508-PROOF.pdf
9509,A316514,PROOF,transfer-matrix,papers/09501-10000/09509-PROOF.pdf
9510,A205832,PROOF,edge-count,papers/09501-10000/09510-PROOF.pdf
9511,A251369,PROOF,transfer-matrix,papers/09501-10000/09511-PROOF.pdf
9512,A208105,PROOF,transfer-matrix,papers/09501-10000/09512-PROOF.pdf
9513,A242580,PROOF,window-word,papers/09501-10000/09513-PROOF.pdf
9514,A243040,PROOF,window-word,papers/09501-10000/09514-PROOF.pdf
9515,A243385,PROOF,window-word,papers/09501-10000/09515-PROOF.pdf
9516,A207720,PROOF,transfer-matrix,papers/09501-10000/09516-PROOF.pdf
9517,A208422,PROOF,transfer-matrix,papers/09501-10000/09517-PROOF.pdf
9518,A206266,PROOF,edge-count,papers/09501-10000/09518-PROOF.pdf
9519,A242469,PROOF,window-word,papers/09501-10000/09519-PROOF.pdf
9520,A243637,PROOF,window-word,papers/09501-10000/09520-PROOF.pdf
9521,A283489,PROOF,neighbour-set,papers/09501-10000/09521-PROOF.pdf
9522,A202429,PROOF,pattern-avoidance,papers/09501-10000/09522-PROOF.pdf
9523,A234781,PROOF,clockwise-perimeter,papers/09501-10000/09523-PROOF.pdf
9524,A220648,PROOF,reciprocal-link,papers/09501-10000/09524-PROOF.pdf
9525,A208836,PROOF,transfer-matrix,papers/09501-10000/09525-PROOF.pdf
9526,A236943,PROOF,order-statistic,papers/09501-10000/09526-PROOF.pdf
9527,A252823,PROOF,transfer-matrix,papers/09501-10000/09527-PROOF.pdf
9528,A254085,PROOF,monotone-subblock,papers/09501-10000/09528-PROOF.pdf
9529,A207009,PROOF,pattern-avoidance,papers/09501-10000/09529-PROOF.pdf
9530,A253307,PROOF,subblock-statistic-neighbour,papers/09501-10000/09530-PROOF.pdf
9531,A253400,PROOF,subblock-statistic-neighbour,papers/09501-10000/09531-PROOF.pdf
9532,A232155,PROOF,value-neighbour,papers/09501-10000/09532-PROOF.pdf
9533,A207725,PROOF,transfer-matrix,papers/09501-10000/09533-PROOF.pdf
9534,A207854,PROOF,transfer-matrix,papers/09501-10000/09534-PROOF.pdf
9535,A209791,PROOF,transfer-matrix,papers/09501-10000/09535-PROOF.pdf
9536,A232282,PROOF,transfer-matrix,papers/09501-10000/09536-PROOF.pdf
9537,A236028,PROOF,subblock-coloring,papers/09501-10000/09537-PROOF.pdf
9538,A236089,PROOF,subblock-coloring,papers/09501-10000/09538-PROOF.pdf
9539,A236349,PROOF,subblock-coloring,papers/09501-10000/09539-PROOF.pdf
9540,A236803,PROOF,order-statistic,papers/09501-10000/09540-PROOF.pdf
9541,A237077,PROOF,subblock-coloring,papers/09501-10000/09541-PROOF.pdf
9542,A237456,PROOF,subblock-difference,papers/09501-10000/09542-PROOF.pdf
9543,A237723,PROOF,subblock-difference,papers/09501-10000/09543-PROOF.pdf
9544,A237772,PROOF,subblock-difference,papers/09501-10000/09544-PROOF.pdf
9545,A251244,PROOF,transfer-matrix,papers/09501-10000/09545-PROOF.pdf
9546,A235081,PROOF,transfer-matrix,papers/09501-10000/09546-PROOF.pdf
9547,A282311,PROOF,king-move,papers/09501-10000/09547-PROOF.pdf
9548,A220623,PROOF,reciprocal-link,papers/09501-10000/09548-PROOF.pdf
9549,A183795,PROOF,transfer-matrix,papers/09501-10000/09549-PROOF.pdf
9550,A200837,PROOF,window-condition,papers/09501-10000/09550-PROOF.pdf
9551,A206079,PROOF,edge-count,papers/09501-10000/09551-PROOF.pdf
9552,A206191,PROOF,edge-count,papers/09501-10000/09552-PROOF.pdf
9553,A207250,PROOF,transfer-matrix,papers/09501-10000/09553-PROOF.pdf
9554,A220618,PROOF,reciprocal-link,papers/09501-10000/09554-PROOF.pdf
9555,A231377,PROOF,transfer-matrix,papers/09501-10000/09555-PROOF.pdf
9556,A233676,PROOF,transfer-matrix,papers/09501-10000/09556-PROOF.pdf
9557,A235292,PROOF,transfer-matrix,papers/09501-10000/09557-PROOF.pdf
9558,A250693,PROOF,monotone-statistic,papers/09501-10000/09558-PROOF.pdf
9559,A251501,PROOF,transfer-matrix,papers/09501-10000/09559-PROOF.pdf
9560,A254971,PROOF,subblock-3x3,papers/09501-10000/09560-PROOF.pdf
9561,A256814,PROOF,window-word,papers/09501-10000/09561-PROOF.pdf
9562,A260170,PROOF,subblock-3x3,papers/09501-10000/09562-PROOF.pdf
9563,A295115,PROOF,transfer-matrix,papers/09501-10000/09563-PROOF.pdf
9564,A295374,PROOF,transfer-matrix,papers/09501-10000/09564-PROOF.pdf
9565,A295980,PROOF,transfer-matrix,papers/09501-10000/09565-PROOF.pdf
9566,A296646,PROOF,transfer-matrix,papers/09501-10000/09566-PROOF.pdf
9567,A296720,PROOF,transfer-matrix,papers/09501-10000/09567-PROOF.pdf
9568,A297508,PROOF,transfer-matrix,papers/09501-10000/09568-PROOF.pdf
9569,A297884,PROOF,transfer-matrix,papers/09501-10000/09569-PROOF.pdf
9570,A298275,PROOF,transfer-matrix,papers/09501-10000/09570-PROOF.pdf
9571,A298996,PROOF,transfer-matrix,papers/09501-10000/09571-PROOF.pdf
9572,A299076,PROOF,transfer-matrix,papers/09501-10000/09572-PROOF.pdf
9573,A299137,PROOF,transfer-matrix,papers/09501-10000/09573-PROOF.pdf
9574,A299316,PROOF,transfer-matrix,papers/09501-10000/09574-PROOF.pdf
9575,A299368,PROOF,transfer-matrix,papers/09501-10000/09575-PROOF.pdf
9576,A299932,PROOF,transfer-matrix,papers/09501-10000/09576-PROOF.pdf
9577,A300133,PROOF,transfer-matrix,papers/09501-10000/09577-PROOF.pdf
9578,A301610,PROOF,transfer-matrix,papers/09501-10000/09578-PROOF.pdf
9579,A301952,PROOF,transfer-matrix,papers/09501-10000/09579-PROOF.pdf
9580,A302884,PROOF,transfer-matrix,papers/09501-10000/09580-PROOF.pdf
9581,A303011,PROOF,transfer-matrix,papers/09501-10000/09581-PROOF.pdf
9582,A303803,PROOF,transfer-matrix,papers/09501-10000/09582-PROOF.pdf
9583,A304467,PROOF,transfer-matrix,papers/09501-10000/09583-PROOF.pdf
9584,A305177,PROOF,transfer-matrix,papers/09501-10000/09584-PROOF.pdf
9585,A305511,PROOF,transfer-matrix,papers/09501-10000/09585-PROOF.pdf
9586,A306048,PROOF,transfer-matrix,papers/09501-10000/09586-PROOF.pdf
9587,A316284,PROOF,transfer-matrix,papers/09501-10000/09587-PROOF.pdf
9588,A317113,PROOF,transfer-matrix,papers/09501-10000/09588-PROOF.pdf
9589,A317225,PROOF,transfer-matrix,papers/09501-10000/09589-PROOF.pdf
9590,A317736,PROOF,transfer-matrix,papers/09501-10000/09590-PROOF.pdf
9591,A205635,PROOF,clockwise-perimeter,papers/09501-10000/09591-PROOF.pdf
9592,A205937,PROOF,clockwise-perimeter,papers/09501-10000/09592-PROOF.pdf
9593,A283686,PROOF,neighbour-set,papers/09501-10000/09593-PROOF.pdf
9594,A235251,PROOF,transfer-matrix,papers/09501-10000/09594-PROOF.pdf
9595,A221457,PROOF,window-condition,papers/09501-10000/09595-PROOF.pdf
9596,A265923,PROOF,parity-difference,papers/09501-10000/09596-PROOF.pdf
9597,A205903,PROOF,edge-count,papers/09501-10000/09597-PROOF.pdf
9598,A220591,PROOF,reciprocal-link,papers/09501-10000/09598-PROOF.pdf
9599,A220727,PROOF,reciprocal-link,papers/09501-10000/09599-PROOF.pdf
9600,A200869,PROOF,window-condition,papers/09501-10000/09600-PROOF.pdf
9601,A233885,PROOF,transfer-matrix,papers/09501-10000/09601-PROOF.pdf
9602,A233974,PROOF,transfer-matrix,papers/09501-10000/09602-PROOF.pdf
9603,A234406,PROOF,transfer-matrix,papers/09501-10000/09603-PROOF.pdf
9604,A251611,PROOF,transfer-matrix,papers/09501-10000/09604-PROOF.pdf
9605,A237151,PROOF,order-statistic,papers/09501-10000/09605-PROOF.pdf
9606,A202525,PROOF,pattern-avoidance,papers/09501-10000/09606-PROOF.pdf
9607,A202584,PROOF,pattern-avoidance,papers/09501-10000/09607-PROOF.pdf
9608,A203084,PROOF,pattern-avoidance,papers/09501-10000/09608-PROOF.pdf
9609,A234891,PROOF,transfer-matrix,papers/09501-10000/09609-PROOF.pdf
9610,A234992,PROOF,transfer-matrix,papers/09501-10000/09610-PROOF.pdf
9611,A235064,PROOF,transfer-matrix,papers/09501-10000/09611-PROOF.pdf
9612,A268258,PROOF,repeated-value-chain,papers/09501-10000/09612-PROOF.pdf
9613,A202974,PROOF,neighbour-set,papers/09501-10000/09613-PROOF.pdf
9614,A207341,PROOF,transfer-matrix,papers/09501-10000/09614-PROOF.pdf
9615,A207509,PROOF,transfer-matrix,papers/09501-10000/09615-PROOF.pdf
9616,A234201,PROOF,transfer-matrix,papers/09501-10000/09616-PROOF.pdf
9617,A251468,PROOF,transfer-matrix,papers/09501-10000/09617-PROOF.pdf
9618,A283197,PROOF,neighbour-set,papers/09501-10000/09618-PROOF.pdf
9619,A283488,PROOF,neighbour-set,papers/09501-10000/09619-PROOF.pdf
9620,A283727,PROOF,neighbour-set,papers/09501-10000/09620-PROOF.pdf
9621,A251271,PROOF,transfer-matrix,papers/09501-10000/09621-PROOF.pdf
9622,A269405,PROOF,repeated-value-chain,papers/09501-10000/09622-PROOF.pdf
9623,A269431,PROOF,repeated-value-chain,papers/09501-10000/09623-PROOF.pdf
9624,A204833,PROOF,matrix-subblock,papers/09501-10000/09624-PROOF.pdf
9625,A282879,PROOF,neighbour-set,papers/09501-10000/09625-PROOF.pdf
9626,A233943,PROOF,transfer-matrix,papers/09501-10000/09626-PROOF.pdf
9627,A249701,PROOF,window-condition,papers/09501-10000/09627-PROOF.pdf
9628,A250381,PROOF,window-condition,papers/09501-10000/09628-PROOF.pdf
9629,A250835,PROOF,transfer-matrix,papers/09501-10000/09629-PROOF.pdf
9630,A220617,PROOF,reciprocal-link,papers/09501-10000/09630-PROOF.pdf
9631,A236730,PROOF,order-statistic,papers/09501-10000/09631-PROOF.pdf
9632,A183364,PROOF,cell-condition,papers/09501-10000/09632-PROOF.pdf
9633,A259510,PROOF,clockwise-perimeter,papers/09501-10000/09633-PROOF.pdf
9634,A259519,PROOF,clockwise-perimeter,papers/09501-10000/09634-PROOF.pdf
9635,A187721,PROOF,commuting-subblock,papers/09501-10000/09635-PROOF.pdf
9636,A207025,PROOF,transfer-matrix,papers/09501-10000/09636-PROOF.pdf
9637,A207069,PROOF,transfer-matrix,papers/09501-10000/09637-PROOF.pdf
9638,A241609,PROOF,window-word,papers/09501-10000/09638-PROOF.pdf
9639,A251263,PROOF,transfer-matrix,papers/09501-10000/09639-PROOF.pdf
9640,A251312,PROOF,transfer-matrix,papers/09501-10000/09640-PROOF.pdf
9641,A251321,PROOF,transfer-matrix,papers/09501-10000/09641-PROOF.pdf
9642,A251435,PROOF,transfer-matrix,papers/09501-10000/09642-PROOF.pdf
9643,A183547,PROOF,neighbour-reach,papers/09501-10000/09643-PROOF.pdf
9644,A183847,PROOF,subblock-condition,papers/09501-10000/09644-PROOF.pdf
9645,A239538,PROOF,parity-difference,papers/09501-10000/09645-PROOF.pdf
9646,A212779,PROOF,second-difference-nonzero,papers/09501-10000/09646-PROOF.pdf
9647,A240770,PROOF,neighbour-condition,papers/09501-10000/09647-PROOF.pdf
9648,A241345,PROOF,neighbour-condition,papers/09501-10000/09648-PROOF.pdf
9649,A184191,PROOF,subblock-multiset,papers/09501-10000/09649-PROOF.pdf
9650,A184201,PROOF,subblock-multiset,papers/09501-10000/09650-PROOF.pdf
9651,A220706,PROOF,reciprocal-link,papers/09501-10000/09651-PROOF.pdf
9652,A252389,PROOF,subblock-3x3,papers/09501-10000/09652-PROOF.pdf
9653,A252152,PROOF,subblock-3x3,papers/09501-10000/09653-PROOF.pdf
9654,A252187,PROOF,subblock-3x3,papers/09501-10000/09654-PROOF.pdf
9655,A252300,PROOF,subblock-3x3,papers/09501-10000/09655-PROOF.pdf
9656,A252308,PROOF,subblock-3x3,papers/09501-10000/09656-PROOF.pdf
9657,A252379,PROOF,subblock-3x3,papers/09501-10000/09657-PROOF.pdf
9658,A252387,PROOF,subblock-3x3,papers/09501-10000/09658-PROOF.pdf
9659,A252301,PROOF,subblock-3x3,papers/09501-10000/09659-PROOF.pdf
9660,A252309,PROOF,subblock-3x3,papers/09501-10000/09660-PROOF.pdf
9661,A252188,PROOF,subblock-3x3,papers/09501-10000/09661-PROOF.pdf
9662,A252380,PROOF,subblock-3x3,papers/09501-10000/09662-PROOF.pdf
9663,A252388,PROOF,subblock-3x3,papers/09501-10000/09663-PROOF.pdf
9664,A184002,PROOF,transfer-matrix,papers/09501-10000/09664-PROOF.pdf
9665,A251646,PROOF,subblock-line-sum,papers/09501-10000/09665-PROOF.pdf
9666,A188097,PROOF,transfer-matrix,papers/09501-10000/09666-PROOF.pdf
9667,A251027,PROOF,transfer-matrix,papers/09501-10000/09667-PROOF.pdf
9668,A251054,PROOF,transfer-matrix,papers/09501-10000/09668-PROOF.pdf
9669,A252133,PROOF,subblock-3x3,papers/09501-10000/09669-PROOF.pdf
9670,A252186,PROOF,subblock-3x3,papers/09501-10000/09670-PROOF.pdf
9671,A252378,PROOF,subblock-3x3,papers/09501-10000/09671-PROOF.pdf
9672,A251026,PROOF,transfer-matrix,papers/09501-10000/09672-PROOF.pdf
9673,A251053,PROOF,transfer-matrix,papers/09501-10000/09673-PROOF.pdf
9674,A195964,PROOF,transfer-matrix,papers/09501-10000/09674-PROOF.pdf
9675,A196205,PROOF,transfer-matrix,papers/09501-10000/09675-PROOF.pdf
9676,A196324,PROOF,transfer-matrix,papers/09501-10000/09676-PROOF.pdf
9677,A196431,PROOF,transfer-matrix,papers/09501-10000/09677-PROOF.pdf
9678,A196631,PROOF,transfer-matrix,papers/09501-10000/09678-PROOF.pdf
9679,A196952,PROOF,transfer-matrix,papers/09501-10000/09679-PROOF.pdf
9680,A196984,PROOF,transfer-matrix,papers/09501-10000/09680-PROOF.pdf
9681,A197524,PROOF,transfer-matrix,papers/09501-10000/09681-PROOF.pdf
9682,A235275,PROOF,transfer-matrix,papers/09501-10000/09682-PROOF.pdf
9683,A206202,PROOF,transfer-matrix,papers/09501-10000/09683-PROOF.pdf
9684,A223375,PROOF,transfer-matrix,papers/09501-10000/09684-PROOF.pdf
9685,A250526,PROOF,monotone-statistic,papers/09501-10000/09685-PROOF.pdf
9686,A250905,PROOF,monotone-statistic,papers/09501-10000/09686-PROOF.pdf
9687,A252069,PROOF,subblock-3x3,papers/09501-10000/09687-PROOF.pdf
9688,A251025,PROOF,transfer-matrix,papers/09501-10000/09688-PROOF.pdf
9689,A251052,PROOF,transfer-matrix,papers/09501-10000/09689-PROOF.pdf
9690,A252271,PROOF,subblock-3x3,papers/09501-10000/09690-PROOF.pdf
9691,A252516,PROOF,subblock-3x3,papers/09501-10000/09691-PROOF.pdf
9692,A303725,PROOF,transfer-matrix,papers/09501-10000/09692-PROOF.pdf
9693,A235274,PROOF,transfer-matrix,papers/09501-10000/09693-PROOF.pdf
9694,A250525,PROOF,monotone-statistic,papers/09501-10000/09694-PROOF.pdf
9695,A250904,PROOF,monotone-statistic,papers/09501-10000/09695-PROOF.pdf
9696,A208112,PROOF,transfer-matrix,papers/09501-10000/09696-PROOF.pdf
9697,A189060,PROOF,transfer-matrix,papers/09501-10000/09697-PROOF.pdf
9698,A206251,PROOF,transfer-matrix,papers/09501-10000/09698-PROOF.pdf
9699,A251024,PROOF,transfer-matrix,papers/09501-10000/09699-PROOF.pdf
9700,A251051,PROOF,transfer-matrix,papers/09501-10000/09700-PROOF.pdf
9701,A259637,PROOF,subblock-3x3,papers/09501-10000/09701-PROOF.pdf
9702,A260133,PROOF,subblock-3x3,papers/09501-10000/09702-PROOF.pdf
9703,A297221,PROOF,transfer-matrix,papers/09501-10000/09703-PROOF.pdf
9704,A297371,PROOF,transfer-matrix,papers/09501-10000/09704-PROOF.pdf
9705,A300179,PROOF,transfer-matrix,papers/09501-10000/09705-PROOF.pdf
9706,A302512,PROOF,transfer-matrix,papers/09501-10000/09706-PROOF.pdf
9707,A303311,PROOF,transfer-matrix,papers/09501-10000/09707-PROOF.pdf
9708,A304267,PROOF,transfer-matrix,papers/09501-10000/09708-PROOF.pdf
9709,A184378,PROOF,subblock-content,papers/09501-10000/09709-PROOF.pdf
9710,A232454,PROOF,value-neighbour,papers/09501-10000/09710-PROOF.pdf
9711,A257014,PROOF,subblock-line-sum,papers/09501-10000/09711-PROOF.pdf
9712,A232400,PROOF,cell-condition,papers/09501-10000/09712-PROOF.pdf
9713,A232146,PROOF,value-neighbour,papers/09501-10000/09713-PROOF.pdf
9714,A230332,PROOF,transfer-matrix,papers/09501-10000/09714-PROOF.pdf
9715,A230521,PROOF,transfer-matrix,papers/09501-10000/09715-PROOF.pdf
9716,A250524,PROOF,monotone-statistic,papers/09501-10000/09716-PROOF.pdf
9717,A250903,PROOF,monotone-statistic,papers/09501-10000/09717-PROOF.pdf
9718,A278009,PROOF,transfer-matrix,papers/09501-10000/09718-PROOF.pdf
9719,A188098,PROOF,commuting-subblock,papers/09501-10000/09719-PROOF.pdf
9720,A185765,PROOF,matrix-subblock,papers/09501-10000/09720-PROOF.pdf
9721,A196132,PROOF,transfer-matrix,papers/09501-10000/09721-PROOF.pdf
9722,A196294,PROOF,transfer-matrix,papers/09501-10000/09722-PROOF.pdf
9723,A197403,PROOF,transfer-matrix,papers/09501-10000/09723-PROOF.pdf
9724,A197883,PROOF,transfer-matrix,papers/09501-10000/09724-PROOF.pdf
9725,A198179,PROOF,transfer-matrix,papers/09501-10000/09725-PROOF.pdf
9726,A203185,PROOF,transfer-matrix,papers/09501-10000/09726-PROOF.pdf
9727,A235273,PROOF,transfer-matrix,papers/09501-10000/09727-PROOF.pdf
9728,A186134,PROOF,matrix-subblock,papers/09501-10000/09728-PROOF.pdf
9729,A208111,PROOF,transfer-matrix,papers/09501-10000/09729-PROOF.pdf
9730,A253518,PROOF,monotone-subblock,papers/09501-10000/09730-PROOF.pdf
9731,A208017,PROOF,transfer-matrix,papers/09501-10000/09731-PROOF.pdf
9732,A208072,PROOF,transfer-matrix,papers/09501-10000/09732-PROOF.pdf
9733,A205738,PROOF,edge-count,papers/09501-10000/09733-PROOF.pdf
9734,A207593,PROOF,transfer-matrix,papers/09501-10000/09734-PROOF.pdf
9735,A236012,PROOF,subblock-coloring,papers/09501-10000/09735-PROOF.pdf
9736,A229697,PROOF,transfer-matrix,papers/09501-10000/09736-PROOF.pdf
9737,A202445,PROOF,pattern-avoidance,papers/09501-10000/09737-PROOF.pdf
9738,A183445,PROOF,king-move,papers/09501-10000/09738-PROOF.pdf
9739,A282643,PROOF,king-move,papers/09501-10000/09739-PROOF.pdf
9740,A183686,PROOF,matrix-subblock,papers/09501-10000/09740-PROOF.pdf
9741,A184147,PROOF,transfer-matrix,papers/09501-10000/09741-PROOF.pdf
9742,A188712,PROOF,transfer-matrix,papers/09501-10000/09742-PROOF.pdf
9743,A205459,PROOF,edge-count,papers/09501-10000/09743-PROOF.pdf
9744,A206056,PROOF,perimeter-cycle,papers/09501-10000/09744-PROOF.pdf
9745,A248996,PROOF,window-condition,papers/09501-10000/09745-PROOF.pdf
9746,A251023,PROOF,transfer-matrix,papers/09501-10000/09746-PROOF.pdf
9747,A251050,PROOF,transfer-matrix,papers/09501-10000/09747-PROOF.pdf
9748,A251278,PROOF,transfer-matrix,papers/09501-10000/09748-PROOF.pdf
9749,A259946,PROOF,subblock-3x3,papers/09501-10000/09749-PROOF.pdf
9750,A260009,PROOF,subblock-3x3,papers/09501-10000/09750-PROOF.pdf
9751,A260278,PROOF,subblock-3x3,papers/09501-10000/09751-PROOF.pdf
9752,A296124,PROOF,transfer-matrix,papers/09501-10000/09752-PROOF.pdf
9753,A297591,PROOF,transfer-matrix,papers/09501-10000/09753-PROOF.pdf
9754,A303423,PROOF,transfer-matrix,papers/09501-10000/09754-PROOF.pdf
9755,A305043,PROOF,transfer-matrix,papers/09501-10000/09755-PROOF.pdf
9756,A320367,PROOF,transfer-matrix,papers/09501-10000/09756-PROOF.pdf
9757,A206468,PROOF,transfer-matrix,papers/09501-10000/09757-PROOF.pdf
9758,A235898,PROOF,minmax-median,papers/09501-10000/09758-PROOF.pdf
9759,A250523,PROOF,monotone-statistic,papers/09501-10000/09759-PROOF.pdf
9760,A250902,PROOF,monotone-statistic,papers/09501-10000/09760-PROOF.pdf
9761,A183730,PROOF,clockwise-perimeter,papers/09501-10000/09761-PROOF.pdf
9762,A223426,PROOF,transfer-matrix,papers/09501-10000/09762-PROOF.pdf
9763,A243029,PROOF,window-word,papers/09501-10000/09763-PROOF.pdf
9764,A202444,PROOF,pattern-avoidance,papers/09501-10000/09764-PROOF.pdf
9765,A207175,PROOF,transfer-matrix,papers/09501-10000/09765-PROOF.pdf
9766,A208110,PROOF,transfer-matrix,papers/09501-10000/09766-PROOF.pdf
9767,A209226,PROOF,transfer-matrix,papers/09501-10000/09767-PROOF.pdf
9768,A207174,PROOF,transfer-matrix,papers/09501-10000/09768-PROOF.pdf
9769,A208015,PROOF,transfer-matrix,papers/09501-10000/09769-PROOF.pdf
9770,A208070,PROOF,transfer-matrix,papers/09501-10000/09770-PROOF.pdf
9771,A243725,PROOF,window-word,papers/09501-10000/09771-PROOF.pdf
9772,A252816,PROOF,transfer-matrix,papers/09501-10000/09772-PROOF.pdf
9773,A250727,PROOF,monotone-statistic,papers/09501-10000/09773-PROOF.pdf
9774,A250781,PROOF,transfer-matrix,papers/09501-10000/09774-PROOF.pdf
9775,A250788,PROOF,monotone-statistic,papers/09501-10000/09775-PROOF.pdf
9776,A250954,PROOF,transfer-matrix,papers/09501-10000/09776-PROOF.pdf
9777,A234030,PROOF,transfer-matrix,papers/09501-10000/09777-PROOF.pdf
9778,A235272,PROOF,transfer-matrix,papers/09501-10000/09778-PROOF.pdf
9779,A246475,PROOF,window-condition,papers/09501-10000/09779-PROOF.pdf
9780,A203366,PROOF,adjacency-precedence,papers/09501-10000/09780-PROOF.pdf
9781,A206265,PROOF,edge-count,papers/09501-10000/09781-PROOF.pdf
9782,A207173,PROOF,transfer-matrix,papers/09501-10000/09782-PROOF.pdf
9783,A237030,PROOF,order-statistic,papers/09501-10000/09783-PROOF.pdf
9784,A232296,PROOF,value-neighbour,papers/09501-10000/09784-PROOF.pdf
9785,A243602,PROOF,window-word,papers/09501-10000/09785-PROOF.pdf
9786,A183495,PROOF,cell-condition,papers/09501-10000/09786-PROOF.pdf
9787,A184370,PROOF,transfer-matrix,papers/09501-10000/09787-PROOF.pdf
9788,A185771,PROOF,matrix-subblock,papers/09501-10000/09788-PROOF.pdf
9789,A205831,PROOF,edge-count,papers/09501-10000/09789-PROOF.pdf
9790,A208003,PROOF,transfer-matrix,papers/09501-10000/09790-PROOF.pdf
9791,A208109,PROOF,transfer-matrix,papers/09501-10000/09791-PROOF.pdf
9792,A235906,PROOF,minmax-median,papers/09501-10000/09792-PROOF.pdf
9793,A250522,PROOF,monotone-statistic,papers/09501-10000/09793-PROOF.pdf
9794,A250901,PROOF,monotone-statistic,papers/09501-10000/09794-PROOF.pdf
9795,A255103,PROOF,window-word,papers/09501-10000/09795-PROOF.pdf
9796,A255618,PROOF,window-word,papers/09501-10000/09796-PROOF.pdf
9797,A234876,PROOF,transfer-matrix,papers/09501-10000/09797-PROOF.pdf
9798,A254847,PROOF,subblock-line-sum,papers/09501-10000/09798-PROOF.pdf
9799,A256764,PROOF,subblock-line-sum,papers/09501-10000/09799-PROOF.pdf
9800,A258538,PROOF,subblock-line-sum,papers/09501-10000/09800-PROOF.pdf
9801,A231971,PROOF,neighbour-set,papers/09501-10000/09801-PROOF.pdf
9802,A269493,PROOF,repeated-value-chain,papers/09501-10000/09802-PROOF.pdf
9803,A269536,PROOF,repeated-value-chain,papers/09501-10000/09803-PROOF.pdf
9804,A269582,PROOF,repeated-value-chain,papers/09501-10000/09804-PROOF.pdf
9805,A282394,PROOF,king-move,papers/09501-10000/09805-PROOF.pdf
9806,A268952,PROOF,repeated-value-chain,papers/09501-10000/09806-PROOF.pdf
9807,A283125,PROOF,neighbour-set,papers/09501-10000/09807-PROOF.pdf
9808,A183399,PROOF,transfer-matrix,papers/09501-10000/09808-PROOF.pdf
9809,A189105,PROOF,transfer-matrix,papers/09501-10000/09809-PROOF.pdf
9810,A207172,PROOF,transfer-matrix,papers/09501-10000/09810-PROOF.pdf
9811,A233685,PROOF,transfer-matrix,papers/09501-10000/09811-PROOF.pdf
9812,A250734,PROOF,monotone-statistic,papers/09501-10000/09812-PROOF.pdf
9813,A250794,PROOF,monotone-statistic,papers/09501-10000/09813-PROOF.pdf
9814,A250802,PROOF,monotone-statistic,papers/09501-10000/09814-PROOF.pdf
9815,A251022,PROOF,transfer-matrix,papers/09501-10000/09815-PROOF.pdf
9816,A251049,PROOF,transfer-matrix,papers/09501-10000/09816-PROOF.pdf
9817,A251230,PROOF,transfer-matrix,papers/09501-10000/09817-PROOF.pdf
9818,A256022,PROOF,subblock-3x3,papers/09501-10000/09818-PROOF.pdf
9819,A256741,PROOF,subblock-3x3,papers/09501-10000/09819-PROOF.pdf
9820,A260008,PROOF,subblock-3x3,papers/09501-10000/09820-PROOF.pdf
9821,A260099,PROOF,subblock-3x3,papers/09501-10000/09821-PROOF.pdf
9822,A260287,PROOF,subblock-3x3,papers/09501-10000/09822-PROOF.pdf
9823,A260537,PROOF,subblock-3x3,papers/09501-10000/09823-PROOF.pdf
9824,A261704,PROOF,subblock-3x3,papers/09501-10000/09824-PROOF.pdf
9825,A295046,PROOF,transfer-matrix,papers/09501-10000/09825-PROOF.pdf
9826,A295842,PROOF,transfer-matrix,papers/09501-10000/09826-PROOF.pdf
9827,A296330,PROOF,transfer-matrix,papers/09501-10000/09827-PROOF.pdf
9828,A297514,PROOF,transfer-matrix,papers/09501-10000/09828-PROOF.pdf
9829,A297696,PROOF,transfer-matrix,papers/09501-10000/09829-PROOF.pdf
9830,A297735,PROOF,transfer-matrix,papers/09501-10000/09830-PROOF.pdf
9831,A297818,PROOF,transfer-matrix,papers/09501-10000/09831-PROOF.pdf
9832,A297918,PROOF,transfer-matrix,papers/09501-10000/09832-PROOF.pdf
9833,A298141,PROOF,transfer-matrix,papers/09501-10000/09833-PROOF.pdf
9834,A298570,PROOF,transfer-matrix,papers/09501-10000/09834-PROOF.pdf
9835,A298584,PROOF,transfer-matrix,papers/09501-10000/09835-PROOF.pdf
9836,A299062,PROOF,transfer-matrix,papers/09501-10000/09836-PROOF.pdf
9837,A299576,PROOF,transfer-matrix,papers/09501-10000/09837-PROOF.pdf
9838,A299834,PROOF,transfer-matrix,papers/09501-10000/09838-PROOF.pdf
9839,A300968,PROOF,transfer-matrix,papers/09501-10000/09839-PROOF.pdf
9840,A302207,PROOF,transfer-matrix,papers/09501-10000/09840-PROOF.pdf
9841,A302618,PROOF,transfer-matrix,papers/09501-10000/09841-PROOF.pdf
9842,A302630,PROOF,transfer-matrix,papers/09501-10000/09842-PROOF.pdf
9843,A304297,PROOF,transfer-matrix,papers/09501-10000/09843-PROOF.pdf
9844,A304422,PROOF,transfer-matrix,papers/09501-10000/09844-PROOF.pdf
9845,A305956,PROOF,transfer-matrix,papers/09501-10000/09845-PROOF.pdf
9846,A316277,PROOF,transfer-matrix,papers/09501-10000/09846-PROOF.pdf
9847,A317217,PROOF,transfer-matrix,papers/09501-10000/09847-PROOF.pdf
9848,A326100,PROOF,transfer-matrix,papers/09501-10000/09848-PROOF.pdf
9849,A282832,PROOF,king-move,papers/09501-10000/09849-PROOF.pdf
9850,A205928,PROOF,clockwise-perimeter,papers/09501-10000/09850-PROOF.pdf
9851,A235169,PROOF,transfer-matrix,papers/09501-10000/09851-PROOF.pdf
9852,A269492,PROOF,repeated-value-chain,papers/09501-10000/09852-PROOF.pdf
9853,A269535,PROOF,repeated-value-chain,papers/09501-10000/09853-PROOF.pdf
9854,A269581,PROOF,repeated-value-chain,papers/09501-10000/09854-PROOF.pdf
9855,A183331,PROOF,adjacency-precedence,papers/09501-10000/09855-PROOF.pdf
9856,A229441,PROOF,line-order-array,papers/09501-10000/09856-PROOF.pdf
9857,A200836,PROOF,window-condition,papers/09501-10000/09857-PROOF.pdf
9858,A206872,PROOF,transfer-matrix,papers/09501-10000/09858-PROOF.pdf
9859,A207089,PROOF,transfer-matrix,papers/09501-10000/09859-PROOF.pdf
9860,A248431,PROOF,window-condition,papers/09501-10000/09860-PROOF.pdf
9861,A283635,PROOF,neighbour-set,papers/09501-10000/09861-PROOF.pdf
9862,A205363,PROOF,edge-count,papers/09501-10000/09862-PROOF.pdf
9863,A258548,PROOF,monotone-subblock,papers/09501-10000/09863-PROOF.pdf
9864,A267470,PROOF,repeated-value-chain,papers/09501-10000/09864-PROOF.pdf
9865,A202310,PROOF,pattern-avoidance,papers/09501-10000/09865-PROOF.pdf
9866,A229424,PROOF,line-order-array,papers/09501-10000/09866-PROOF.pdf
9867,A282991,PROOF,neighbour-set,papers/09501-10000/09867-PROOF.pdf
9868,A203176,PROOF,adjacency-precedence,papers/09501-10000/09868-PROOF.pdf
9869,A207171,PROOF,transfer-matrix,papers/09501-10000/09869-PROOF.pdf
9870,A207437,PROOF,transfer-matrix,papers/09501-10000/09870-PROOF.pdf
9871,A207483,PROOF,transfer-matrix,papers/09501-10000/09871-PROOF.pdf
9872,A207559,PROOF,transfer-matrix,papers/09501-10000/09872-PROOF.pdf
9873,A207712,PROOF,transfer-matrix,papers/09501-10000/09873-PROOF.pdf
9874,A207730,PROOF,transfer-matrix,papers/09501-10000/09874-PROOF.pdf
9875,A207939,PROOF,transfer-matrix,papers/09501-10000/09875-PROOF.pdf
9876,A208023,PROOF,transfer-matrix,papers/09501-10000/09876-PROOF.pdf
9877,A208496,PROOF,transfer-matrix,papers/09501-10000/09877-PROOF.pdf
9878,A233646,PROOF,transfer-matrix,papers/09501-10000/09878-PROOF.pdf
9879,A233749,PROOF,transfer-matrix,papers/09501-10000/09879-PROOF.pdf
9880,A234084,PROOF,transfer-matrix,papers/09501-10000/09880-PROOF.pdf
9881,A236739,PROOF,order-statistic,papers/09501-10000/09881-PROOF.pdf
9882,A203103,PROOF,adjacency-precedence,papers/09501-10000/09882-PROOF.pdf
9883,A203969,PROOF,adjacency-precedence,papers/09501-10000/09883-PROOF.pdf
9884,A259293,PROOF,clockwise-perimeter,papers/09501-10000/09884-PROOF.pdf
9885,A228387,PROOF,transfer-matrix,papers/09501-10000/09885-PROOF.pdf
9886,A228479,PROOF,transfer-matrix,papers/09501-10000/09886-PROOF.pdf
9887,A250579,PROOF,monotone-statistic,papers/09501-10000/09887-PROOF.pdf
9888,A236886,PROOF,order-statistic,papers/09501-10000/09888-PROOF.pdf
9889,A237160,PROOF,order-statistic,papers/09501-10000/09889-PROOF.pdf
9890,A184490,PROOF,transfer-matrix,papers/09501-10000/09890-PROOF.pdf
9891,A205992,PROOF,edge-count,papers/09501-10000/09891-PROOF.pdf
9892,A206004,PROOF,edge-count,papers/09501-10000/09892-PROOF.pdf
9893,A210270,PROOF,transfer-matrix,papers/09501-10000/09893-PROOF.pdf
9894,A245945,PROOF,window-condition,papers/09501-10000/09894-PROOF.pdf
9895,A250521,PROOF,monotone-statistic,papers/09501-10000/09895-PROOF.pdf
9896,A201533,PROOF,lexicographic-array,papers/09501-10000/09896-PROOF.pdf
9897,A200882,PROOF,window-condition,papers/09501-10000/09897-PROOF.pdf
9898,A201082,PROOF,window-condition,papers/09501-10000/09898-PROOF.pdf
9899,A203184,PROOF,transfer-matrix,papers/09501-10000/09899-PROOF.pdf
9900,A251508,PROOF,transfer-matrix,papers/09501-10000/09900-PROOF.pdf
9901,A237301,PROOF,order-statistic,papers/09501-10000/09901-PROOF.pdf
9902,A231703,PROOF,neighbour-set,papers/09501-10000/09902-PROOF.pdf
9903,A231765,PROOF,neighbour-set,papers/09501-10000/09903-PROOF.pdf
9904,A231998,PROOF,neighbour-set,papers/09501-10000/09904-PROOF.pdf
9905,A282831,PROOF,king-move,papers/09501-10000/09905-PROOF.pdf
9906,A204032,PROOF,matrix-subblock,papers/09501-10000/09906-PROOF.pdf
9907,A205065,PROOF,edge-count,papers/09501-10000/09907-PROOF.pdf
9908,A206311,PROOF,edge-count,papers/09501-10000/09908-PROOF.pdf
9909,A220630,PROOF,reciprocal-link,papers/09501-10000/09909-PROOF.pdf
9910,A250463,PROOF,monotone-statistic,papers/09501-10000/09910-PROOF.pdf
9911,A250968,PROOF,transfer-matrix,papers/09501-10000/09911-PROOF.pdf
9912,A251095,PROOF,transfer-matrix,papers/09501-10000/09912-PROOF.pdf
9913,A251196,PROOF,transfer-matrix,papers/09501-10000/09913-PROOF.pdf
9914,A251214,PROOF,transfer-matrix,papers/09501-10000/09914-PROOF.pdf
9915,A296399,PROOF,transfer-matrix,papers/09501-10000/09915-PROOF.pdf
9916,A296572,PROOF,transfer-matrix,papers/09501-10000/09916-PROOF.pdf
9917,A296582,PROOF,transfer-matrix,papers/09501-10000/09917-PROOF.pdf
9918,A297315,PROOF,transfer-matrix,papers/09501-10000/09918-PROOF.pdf
9919,A183437,PROOF,neighbour-condition,papers/09501-10000/09919-PROOF.pdf
9920,A183839,PROOF,subblock-condition,papers/09501-10000/09920-PROOF.pdf
9921,A239152,PROOF,parity-difference,papers/09501-10000/09921-PROOF.pdf
9922,A235975,PROOF,subblock-multiset,papers/09501-10000/09922-PROOF.pdf
9923,A236272,PROOF,subblock-multiset,papers/09501-10000/09923-PROOF.pdf
9924,A250585,PROOF,monotone-statistic,papers/09501-10000/09924-PROOF.pdf
9925,A250625,PROOF,monotone-statistic,papers/09501-10000/09925-PROOF.pdf
9926,A296390,PROOF,neighbour-condition,papers/09501-10000/09926-PROOF.pdf
9927,A204637,PROOF,transfer-matrix,papers/09501-10000/09927-PROOF.pdf
9928,A264056,PROOF,transfer-matrix,papers/09501-10000/09928-PROOF.pdf
9929,A264124,PROOF,transfer-matrix,papers/09501-10000/09929-PROOF.pdf
9930,A252153,PROOF,subblock-3x3,papers/09501-10000/09930-PROOF.pdf
9931,A258892,PROOF,subblock-line-sum,papers/09501-10000/09931-PROOF.pdf
9932,A252263,PROOF,subblock-3x3,papers/09501-10000/09932-PROOF.pdf
9933,A252363,PROOF,subblock-3x3,papers/09501-10000/09933-PROOF.pdf
9934,A264092,PROOF,transfer-matrix,papers/09501-10000/09934-PROOF.pdf
9935,A204412,PROOF,subblock-3x3,papers/09501-10000/09935-PROOF.pdf
9936,A258891,PROOF,subblock-line-sum,papers/09501-10000/09936-PROOF.pdf
9937,A303681,PROOF,transfer-matrix,papers/09501-10000/09937-PROOF.pdf
9938,A196488,PROOF,transfer-matrix,papers/09501-10000/09938-PROOF.pdf
9939,A196741,PROOF,transfer-matrix,papers/09501-10000/09939-PROOF.pdf
9940,A197368,PROOF,transfer-matrix,papers/09501-10000/09940-PROOF.pdf
9941,A280670,PROOF,transfer-matrix,papers/09501-10000/09941-PROOF.pdf
9942,A253520,PROOF,monotone-subblock,papers/09501-10000/09942-PROOF.pdf
9943,A232903,PROOF,cell-condition,papers/09501-10000/09943-PROOF.pdf
9944,A232937,PROOF,cell-condition,papers/09501-10000/09944-PROOF.pdf
9945,A281322,PROOF,transfer-matrix,papers/09501-10000/09945-PROOF.pdf
9946,A209381,PROOF,transfer-matrix,papers/09501-10000/09946-PROOF.pdf
9947,A252337,PROOF,subblock-3x3,papers/09501-10000/09947-PROOF.pdf
9948,A281475,PROOF,transfer-matrix,papers/09501-10000/09948-PROOF.pdf
9949,A208410,PROOF,transfer-matrix,papers/09501-10000/09949-PROOF.pdf
9950,A232132,PROOF,transfer-matrix,papers/09501-10000/09950-PROOF.pdf
9951,A258890,PROOF,subblock-line-sum,papers/09501-10000/09951-PROOF.pdf
9952,A223435,PROOF,transfer-matrix,papers/09501-10000/09952-PROOF.pdf
9953,A246736,PROOF,window-condition,papers/09501-10000/09953-PROOF.pdf
9954,A297297,PROOF,transfer-matrix,papers/09501-10000/09954-PROOF.pdf
9955,A298915,PROOF,transfer-matrix,papers/09501-10000/09955-PROOF.pdf
9956,A302513,PROOF,transfer-matrix,papers/09501-10000/09956-PROOF.pdf
9957,A303312,PROOF,transfer-matrix,papers/09501-10000/09957-PROOF.pdf
9958,A253519,PROOF,monotone-subblock,papers/09501-10000/09958-PROOF.pdf
9959,A206068,PROOF,perimeter-cycle,papers/09501-10000/09959-PROOF.pdf
9960,A258553,PROOF,monotone-subblock,papers/09501-10000/09960-PROOF.pdf
9961,A207702,PROOF,transfer-matrix,papers/09501-10000/09961-PROOF.pdf
9962,A237244,PROOF,subblock-difference,papers/09501-10000/09962-PROOF.pdf
9963,A237379,PROOF,subblock-difference,papers/09501-10000/09963-PROOF.pdf
9964,A236013,PROOF,subblock-coloring,papers/09501-10000/09964-PROOF.pdf
9965,A207937,PROOF,transfer-matrix,papers/09501-10000/09965-PROOF.pdf
9966,A236050,PROOF,subblock-coloring,papers/09501-10000/09966-PROOF.pdf
9967,A189198,PROOF,transfer-matrix,papers/09501-10000/09967-PROOF.pdf
9968,A298914,PROOF,transfer-matrix,papers/09501-10000/09968-PROOF.pdf
9969,A298921,PROOF,transfer-matrix,papers/09501-10000/09969-PROOF.pdf
9970,A301404,PROOF,transfer-matrix,papers/09501-10000/09970-PROOF.pdf
9971,A301781,PROOF,transfer-matrix,papers/09501-10000/09971-PROOF.pdf
9972,A303724,PROOF,transfer-matrix,papers/09501-10000/09972-PROOF.pdf
9973,A317514,PROOF,transfer-matrix,papers/09501-10000/09973-PROOF.pdf
9974,A258552,PROOF,monotone-subblock,papers/09501-10000/09974-PROOF.pdf
9975,A237229,PROOF,subblock-difference,papers/09501-10000/09975-PROOF.pdf
9976,A253362,PROOF,subblock-statistic-neighbour,papers/09501-10000/09976-PROOF.pdf
9977,A196918,PROOF,transfer-matrix,papers/09501-10000/09977-PROOF.pdf
9978,A196597,PROOF,transfer-matrix,papers/09501-10000/09978-PROOF.pdf
9979,A208067,PROOF,transfer-matrix,papers/09501-10000/09979-PROOF.pdf
9980,A196479,PROOF,transfer-matrix,papers/09501-10000/09980-PROOF.pdf
9981,A197174,PROOF,transfer-matrix,papers/09501-10000/09981-PROOF.pdf
9982,A197201,PROOF,transfer-matrix,papers/09501-10000/09982-PROOF.pdf
9983,A197444,PROOF,transfer-matrix,papers/09501-10000/09983-PROOF.pdf
9984,A197531,PROOF,transfer-matrix,papers/09501-10000/09984-PROOF.pdf
9985,A197539,PROOF,transfer-matrix,papers/09501-10000/09985-PROOF.pdf
9986,A197607,PROOF,transfer-matrix,papers/09501-10000/09986-PROOF.pdf
9987,A203359,PROOF,adjacency-precedence,papers/09501-10000/09987-PROOF.pdf
9988,A258551,PROOF,monotone-subblock,papers/09501-10000/09988-PROOF.pdf
9989,A205192,PROOF,edge-count,papers/09501-10000/09989-PROOF.pdf
9990,A229450,PROOF,line-order-array,papers/09501-10000/09990-PROOF.pdf
9991,A236149,PROOF,subblock-coloring,papers/09501-10000/09991-PROOF.pdf
9992,A253361,PROOF,subblock-statistic-neighbour,papers/09501-10000/09992-PROOF.pdf
9993,A243518,PROOF,window-word,papers/09501-10000/09993-PROOF.pdf
9994,A235012,PROOF,transfer-matrix,papers/09501-10000/09994-PROOF.pdf
9995,A235948,PROOF,subblock-coloring,papers/09501-10000/09995-PROOF.pdf
9996,A258675,PROOF,subblock-line-sum,papers/09501-10000/09996-PROOF.pdf
9997,A183388,PROOF,king-move,papers/09501-10000/09997-PROOF.pdf
9998,A237631,PROOF,subblock-difference,papers/09501-10000/09998-PROOF.pdf
9999,A183704,PROOF,matrix-subblock,papers/09501-10000/09999-PROOF.pdf
10000,A188701,PROOF,transfer-matrix,papers/09501-10000/10000-PROOF.pdf
10001,A207848,PROOF,transfer-matrix,papers/10001-10500/10001-PROOF.pdf
10002,A208066,PROOF,transfer-matrix,papers/10001-10500/10002-PROOF.pdf
10003,A208121,PROOF,transfer-matrix,papers/10001-10500/10003-PROOF.pdf
10004,A228756,PROOF,transfer-matrix,papers/10001-10500/10004-PROOF.pdf
10005,A232043,PROOF,transfer-matrix,papers/10001-10500/10005-PROOF.pdf
10006,A255021,PROOF,subblock-3x3,papers/10001-10500/10006-PROOF.pdf
10007,A256742,PROOF,subblock-3x3,papers/10001-10500/10007-PROOF.pdf
10008,A259888,PROOF,subblock-3x3,papers/10001-10500/10008-PROOF.pdf
10009,A259956,PROOF,subblock-3x3,papers/10001-10500/10009-PROOF.pdf
10010,A260201,PROOF,subblock-3x3,papers/10001-10500/10010-PROOF.pdf
10011,A260921,PROOF,subblock-3x3,papers/10001-10500/10011-PROOF.pdf
10012,A261374,PROOF,subblock-3x3,papers/10001-10500/10012-PROOF.pdf
10013,A278267,PROOF,transfer-matrix,papers/10001-10500/10013-PROOF.pdf
10014,A297310,PROOF,transfer-matrix,papers/10001-10500/10014-PROOF.pdf
10015,A297397,PROOF,transfer-matrix,papers/10001-10500/10015-PROOF.pdf
10016,A298920,PROOF,transfer-matrix,papers/10001-10500/10016-PROOF.pdf
10017,A301880,PROOF,transfer-matrix,papers/10001-10500/10017-PROOF.pdf
10018,A302077,PROOF,transfer-matrix,papers/10001-10500/10018-PROOF.pdf
10019,A302619,PROOF,transfer-matrix,papers/10001-10500/10019-PROOF.pdf
10020,A302625,PROOF,transfer-matrix,papers/10001-10500/10020-PROOF.pdf
10021,A318339,PROOF,transfer-matrix,papers/10001-10500/10021-PROOF.pdf
10022,A209378,PROOF,transfer-matrix,papers/10001-10500/10022-PROOF.pdf
10023,A258550,PROOF,monotone-subblock,papers/10001-10500/10023-PROOF.pdf
10024,A208080,PROOF,transfer-matrix,papers/10001-10500/10024-PROOF.pdf
10025,A223213,PROOF,transfer-matrix,papers/10001-10500/10025-PROOF.pdf
10026,A208291,PROOF,transfer-matrix,papers/10001-10500/10026-PROOF.pdf
10027,A183337,PROOF,adjacency-precedence,papers/10001-10500/10027-PROOF.pdf
10028,A183685,PROOF,matrix-subblock,papers/10001-10500/10028-PROOF.pdf
10029,A253757,PROOF,monotone-subblock,papers/10001-10500/10029-PROOF.pdf
10030,A255991,PROOF,window-condition,papers/10001-10500/10030-PROOF.pdf
10031,A232060,PROOF,value-neighbour,papers/10001-10500/10031-PROOF.pdf
10032,A283545,PROOF,neighbour-set,papers/10001-10500/10032-PROOF.pdf
10033,A202595,PROOF,pattern-avoidance,papers/10001-10500/10033-PROOF.pdf
10034,A232337,PROOF,value-neighbour,papers/10001-10500/10034-PROOF.pdf
10035,A258549,PROOF,monotone-subblock,papers/10001-10500/10035-PROOF.pdf
10036,A208065,PROOF,transfer-matrix,papers/10001-10500/10036-PROOF.pdf
10037,A202400,PROOF,pattern-avoidance,papers/10001-10500/10037-PROOF.pdf
10038,A242468,PROOF,window-word,papers/10001-10500/10038-PROOF.pdf
10039,A243636,PROOF,window-word,papers/10001-10500/10039-PROOF.pdf
10040,A253462,PROOF,subblock-statistic-neighbour,papers/10001-10500/10040-PROOF.pdf
10041,A232670,PROOF,cell-condition,papers/10001-10500/10041-PROOF.pdf
10042,A183346,PROOF,adjacency-precedence,papers/10001-10500/10042-PROOF.pdf
10043,A283539,PROOF,neighbour-set,papers/10001-10500/10043-PROOF.pdf
10044,A183325,PROOF,adjacency-precedence,papers/10001-10500/10044-PROOF.pdf
10045,A183692,PROOF,matrix-subblock,papers/10001-10500/10045-PROOF.pdf
10046,A205818,PROOF,edge-count,papers/10001-10500/10046-PROOF.pdf
10047,A206102,PROOF,clockwise-perimeter,papers/10001-10500/10047-PROOF.pdf
10048,A208114,PROOF,transfer-matrix,papers/10001-10500/10048-PROOF.pdf
10049,A208119,PROOF,transfer-matrix,papers/10001-10500/10049-PROOF.pdf
10050,A208370,PROOF,transfer-matrix,papers/10001-10500/10050-PROOF.pdf
10051,A237465,PROOF,subblock-difference,papers/10001-10500/10051-PROOF.pdf
10052,A237550,PROOF,subblock-difference,papers/10001-10500/10052-PROOF.pdf
10053,A237560,PROOF,subblock-difference,papers/10001-10500/10053-PROOF.pdf
10054,A238039,PROOF,subblock-difference,papers/10001-10500/10054-PROOF.pdf
10055,A253526,PROOF,monotone-subblock,papers/10001-10500/10055-PROOF.pdf
10056,A232377,PROOF,value-neighbour,papers/10001-10500/10056-PROOF.pdf
10057,A187309,PROOF,subblock-content,papers/10001-10500/10057-PROOF.pdf
10058,A206264,PROOF,transfer-matrix,papers/10001-10500/10058-PROOF.pdf
10059,A232078,PROOF,cell-condition,papers/10001-10500/10059-PROOF.pdf
10060,A282523,PROOF,king-move,papers/10001-10500/10060-PROOF.pdf
10061,A283852,PROOF,neighbour-set,papers/10001-10500/10061-PROOF.pdf
10062,A205252,PROOF,edge-count,papers/10001-10500/10062-PROOF.pdf
10063,A204648,PROOF,transfer-matrix,papers/10001-10500/10063-PROOF.pdf
10064,A189258,PROOF,transfer-matrix,papers/10001-10500/10064-PROOF.pdf
10065,A228504,PROOF,transfer-matrix,papers/10001-10500/10065-PROOF.pdf
10066,A234241,PROOF,transfer-matrix,papers/10001-10500/10066-PROOF.pdf
10067,A234476,PROOF,transfer-matrix,papers/10001-10500/10067-PROOF.pdf
10068,A234721,PROOF,transfer-matrix,papers/10001-10500/10068-PROOF.pdf
10069,A249285,PROOF,window-condition,papers/10001-10500/10069-PROOF.pdf
10070,A250726,PROOF,monotone-statistic,papers/10001-10500/10070-PROOF.pdf
10071,A250787,PROOF,monotone-statistic,papers/10001-10500/10071-PROOF.pdf
10072,A256803,PROOF,subblock-3x3,papers/10001-10500/10072-PROOF.pdf
10073,A258725,PROOF,window-word,papers/10001-10500/10073-PROOF.pdf
10074,A259765,PROOF,subblock-3x3,papers/10001-10500/10074-PROOF.pdf
10075,A259945,PROOF,subblock-3x3,papers/10001-10500/10075-PROOF.pdf
10076,A260277,PROOF,subblock-3x3,papers/10001-10500/10076-PROOF.pdf
10077,A260920,PROOF,subblock-3x3,papers/10001-10500/10077-PROOF.pdf
10078,A260973,PROOF,subblock-3x3,papers/10001-10500/10078-PROOF.pdf
10079,A278203,PROOF,transfer-matrix,papers/10001-10500/10079-PROOF.pdf
10080,A295411,PROOF,transfer-matrix,papers/10001-10500/10080-PROOF.pdf
10081,A296322,PROOF,transfer-matrix,papers/10001-10500/10081-PROOF.pdf
10082,A297459,PROOF,transfer-matrix,papers/10001-10500/10082-PROOF.pdf
10083,A297683,PROOF,transfer-matrix,papers/10001-10500/10083-PROOF.pdf
10084,A297689,PROOF,transfer-matrix,papers/10001-10500/10084-PROOF.pdf
10085,A297728,PROOF,transfer-matrix,papers/10001-10500/10085-PROOF.pdf
10086,A297853,PROOF,transfer-matrix,papers/10001-10500/10086-PROOF.pdf
10087,A298919,PROOF,transfer-matrix,papers/10001-10500/10087-PROOF.pdf
10088,A298965,PROOF,transfer-matrix,papers/10001-10500/10088-PROOF.pdf
10089,A299656,PROOF,transfer-matrix,papers/10001-10500/10089-PROOF.pdf
10090,A299735,PROOF,transfer-matrix,papers/10001-10500/10090-PROOF.pdf
10091,A300210,PROOF,transfer-matrix,papers/10001-10500/10091-PROOF.pdf
10092,A300345,PROOF,transfer-matrix,papers/10001-10500/10092-PROOF.pdf
10093,A300541,PROOF,transfer-matrix,papers/10001-10500/10093-PROOF.pdf
10094,A300925,PROOF,transfer-matrix,papers/10001-10500/10094-PROOF.pdf
10095,A302948,PROOF,transfer-matrix,papers/10001-10500/10095-PROOF.pdf
10096,A304136,PROOF,transfer-matrix,papers/10001-10500/10096-PROOF.pdf
10097,A305240,PROOF,transfer-matrix,papers/10001-10500/10097-PROOF.pdf
10098,A305687,PROOF,transfer-matrix,papers/10001-10500/10098-PROOF.pdf
10099,A317067,PROOF,transfer-matrix,papers/10001-10500/10099-PROOF.pdf
10100,A235241,PROOF,transfer-matrix,papers/10001-10500/10100-PROOF.pdf
10101,A206121,PROOF,edge-count,papers/10001-10500/10101-PROOF.pdf
10102,A206931,PROOF,transfer-matrix,papers/10001-10500/10102-PROOF.pdf
10103,A207177,PROOF,transfer-matrix,papers/10001-10500/10103-PROOF.pdf
10104,A238174,PROOF,order-statistic,papers/10001-10500/10104-PROOF.pdf
10105,A267231,PROOF,repeated-value-chain,papers/10001-10500/10105-PROOF.pdf
10106,A202640,PROOF,pattern-avoidance,papers/10001-10500/10106-PROOF.pdf
10107,A204192,PROOF,forbidden-run,papers/10001-10500/10107-PROOF.pdf
10108,A235232,PROOF,transfer-matrix,papers/10001-10500/10108-PROOF.pdf
10109,A221456,PROOF,window-condition,papers/10001-10500/10109-PROOF.pdf
10110,A220597,PROOF,reciprocal-link,papers/10001-10500/10110-PROOF.pdf
10111,A282554,PROOF,king-move,papers/10001-10500/10111-PROOF.pdf
10112,A200868,PROOF,window-condition,papers/10001-10500/10112-PROOF.pdf
10113,A207249,PROOF,transfer-matrix,papers/10001-10500/10113-PROOF.pdf
10114,A207363,PROOF,transfer-matrix,papers/10001-10500/10114-PROOF.pdf
10115,A234146,PROOF,transfer-matrix,papers/10001-10500/10115-PROOF.pdf
10116,A283951,PROOF,neighbour-set,papers/10001-10500/10116-PROOF.pdf
10117,A267469,PROOF,repeated-value-chain,papers/10001-10500/10117-PROOF.pdf
10118,A185460,PROOF,matrix-subblock,papers/10001-10500/10118-PROOF.pdf
10119,A201348,PROOF,lexicographic-array,papers/10001-10500/10119-PROOF.pdf
10120,A220560,PROOF,reciprocal-link,papers/10001-10500/10120-PROOF.pdf
10121,A250801,PROOF,monotone-statistic,papers/10001-10500/10121-PROOF.pdf
10122,A234984,PROOF,transfer-matrix,papers/10001-10500/10122-PROOF.pdf
10123,A268257,PROOF,repeated-value-chain,papers/10001-10500/10123-PROOF.pdf
10124,A283036,PROOF,neighbour-set,papers/10001-10500/10124-PROOF.pdf
10125,A235217,PROOF,clockwise-perimeter,papers/10001-10500/10125-PROOF.pdf
10126,A233710,PROOF,transfer-matrix,papers/10001-10500/10126-PROOF.pdf
10127,A283276,PROOF,neighbour-set,papers/10001-10500/10127-PROOF.pdf
10128,A259422,PROOF,clockwise-perimeter,papers/10001-10500/10128-PROOF.pdf
10129,A221514,PROOF,window-condition,papers/10001-10500/10129-PROOF.pdf
10130,A221523,PROOF,window-condition,papers/10001-10500/10130-PROOF.pdf
10131,A228799,PROOF,transfer-matrix,papers/10001-10500/10131-PROOF.pdf
10132,A230649,PROOF,white-squares,papers/10001-10500/10132-PROOF.pdf
10133,A231538,PROOF,transfer-matrix,papers/10001-10500/10133-PROOF.pdf
10134,A250578,PROOF,monotone-statistic,papers/10001-10500/10134-PROOF.pdf
10135,A251021,PROOF,transfer-matrix,papers/10001-10500/10135-PROOF.pdf
10136,A251048,PROOF,transfer-matrix,papers/10001-10500/10136-PROOF.pdf
10137,A251223,PROOF,transfer-matrix,papers/10001-10500/10137-PROOF.pdf
10138,A251270,PROOF,transfer-matrix,papers/10001-10500/10138-PROOF.pdf
10139,A296380,PROOF,transfer-matrix,papers/10001-10500/10139-PROOF.pdf
10140,A296593,PROOF,transfer-matrix,papers/10001-10500/10140-PROOF.pdf
10141,A317857,PROOF,transfer-matrix,papers/10001-10500/10141-PROOF.pdf
10142,A221513,PROOF,window-condition,papers/10001-10500/10142-PROOF.pdf
10143,A221522,PROOF,window-condition,papers/10001-10500/10143-PROOF.pdf
10144,A265929,PROOF,parity-difference,papers/10001-10500/10144-PROOF.pdf
10145,A265922,PROOF,parity-difference,papers/10001-10500/10145-PROOF.pdf
10146,A183829,PROOF,subblock-condition,papers/10001-10500/10146-PROOF.pdf
10147,A212778,PROOF,second-difference-nonzero,papers/10001-10500/10147-PROOF.pdf
10148,A229398,PROOF,parity-difference,papers/10001-10500/10148-PROOF.pdf
10149,A250633,PROOF,monotone-statistic,papers/10001-10500/10149-PROOF.pdf
10150,A183315,PROOF,parity-difference,papers/10001-10500/10150-PROOF.pdf
10151,A252251,PROOF,subblock-3x3,papers/10001-10500/10151-PROOF.pdf
10152,A252249,PROOF,subblock-3x3,papers/10001-10500/10152-PROOF.pdf
10153,A252259,PROOF,subblock-3x3,papers/10001-10500/10153-PROOF.pdf
10154,A186873,PROOF,transfer-matrix,papers/10001-10500/10154-PROOF.pdf
10155,A253522,PROOF,monotone-subblock,papers/10001-10500/10155-PROOF.pdf
10156,A206059,PROOF,transfer-matrix,papers/10001-10500/10156-PROOF.pdf
10157,A252250,PROOF,subblock-3x3,papers/10001-10500/10157-PROOF.pdf
10158,A251888,PROOF,subblock-line-sum,papers/10001-10500/10158-PROOF.pdf
10159,A252258,PROOF,subblock-3x3,papers/10001-10500/10159-PROOF.pdf
10160,A233492,PROOF,forbidden-run,papers/10001-10500/10160-PROOF.pdf
10161,A253521,PROOF,monotone-subblock,papers/10001-10500/10161-PROOF.pdf
10162,A203731,PROOF,transfer-matrix,papers/10001-10500/10162-PROOF.pdf
10163,A186560,PROOF,transfer-matrix,papers/10001-10500/10163-PROOF.pdf
10164,A203883,PROOF,transfer-matrix,papers/10001-10500/10164-PROOF.pdf
10165,A188711,PROOF,transfer-matrix,papers/10001-10500/10165-PROOF.pdf
10166,A317763,PROOF,transfer-matrix,papers/10001-10500/10166-PROOF.pdf
10167,A196781,PROOF,transfer-matrix,papers/10001-10500/10167-PROOF.pdf
10168,A232333,PROOF,value-neighbour,papers/10001-10500/10168-PROOF.pdf
10169,A203930,PROOF,transfer-matrix,papers/10001-10500/10169-PROOF.pdf
10170,A222278,PROOF,transfer-matrix,papers/10001-10500/10170-PROOF.pdf
10171,A208395,PROOF,transfer-matrix,papers/10001-10500/10171-PROOF.pdf
10172,A250897,PROOF,transfer-matrix,papers/10001-10500/10172-PROOF.pdf
10173,A251087,PROOF,transfer-matrix,papers/10001-10500/10173-PROOF.pdf
10174,A251136,PROOF,transfer-matrix,papers/10001-10500/10174-PROOF.pdf
10175,A233491,PROOF,forbidden-run,papers/10001-10500/10175-PROOF.pdf
10176,A233612,PROOF,forbidden-run,papers/10001-10500/10176-PROOF.pdf
10177,A251645,PROOF,subblock-line-sum,papers/10001-10500/10177-PROOF.pdf
10178,A223594,PROOF,transfer-matrix,papers/10001-10500/10178-PROOF.pdf
10179,A298185,PROOF,transfer-matrix,papers/10001-10500/10179-PROOF.pdf
10180,A302148,PROOF,transfer-matrix,papers/10001-10500/10180-PROOF.pdf
10181,A303680,PROOF,transfer-matrix,papers/10001-10500/10181-PROOF.pdf
10182,A317762,PROOF,transfer-matrix,papers/10001-10500/10182-PROOF.pdf
10183,A208874,PROOF,transfer-matrix,papers/10001-10500/10183-PROOF.pdf
10184,A202531,PROOF,pattern-avoidance,papers/10001-10500/10184-PROOF.pdf
10185,A234061,PROOF,forbidden-run,papers/10001-10500/10185-PROOF.pdf
10186,A203652,PROOF,transfer-matrix,papers/10001-10500/10186-PROOF.pdf
10187,A222141,PROOF,transfer-matrix,papers/10001-10500/10187-PROOF.pdf
10188,A230529,PROOF,transfer-matrix,papers/10001-10500/10188-PROOF.pdf
10189,A230567,PROOF,transfer-matrix,papers/10001-10500/10189-PROOF.pdf
10190,A250896,PROOF,transfer-matrix,papers/10001-10500/10190-PROOF.pdf
10191,A251086,PROOF,transfer-matrix,papers/10001-10500/10191-PROOF.pdf
10192,A251135,PROOF,transfer-matrix,papers/10001-10500/10192-PROOF.pdf
10193,A258560,PROOF,monotone-subblock,papers/10001-10500/10193-PROOF.pdf
10194,A281474,PROOF,transfer-matrix,papers/10001-10500/10194-PROOF.pdf
10195,A202530,PROOF,pattern-avoidance,papers/10001-10500/10195-PROOF.pdf
10196,A206147,PROOF,transfer-matrix,papers/10001-10500/10196-PROOF.pdf
10197,A208642,PROOF,transfer-matrix,papers/10001-10500/10197-PROOF.pdf
10198,A206321,PROOF,perimeter-cycle,papers/10001-10500/10198-PROOF.pdf
10199,A246734,PROOF,window-condition,papers/10001-10500/10199-PROOF.pdf
10200,A231258,PROOF,transfer-matrix,papers/10001-10500/10200-PROOF.pdf
10201,A203792,PROOF,transfer-matrix,papers/10001-10500/10201-PROOF.pdf
10202,A228664,PROOF,transfer-matrix,papers/10001-10500/10202-PROOF.pdf
10203,A228686,PROOF,transfer-matrix,papers/10001-10500/10203-PROOF.pdf
10204,A248484,PROOF,window-condition,papers/10001-10500/10204-PROOF.pdf
10205,A297335,PROOF,transfer-matrix,papers/10001-10500/10205-PROOF.pdf
10206,A301881,PROOF,transfer-matrix,papers/10001-10500/10206-PROOF.pdf
10207,A302078,PROOF,transfer-matrix,papers/10001-10500/10207-PROOF.pdf
10208,A305037,PROOF,transfer-matrix,papers/10001-10500/10208-PROOF.pdf
10209,A316690,PROOF,transfer-matrix,papers/10001-10500/10209-PROOF.pdf
10210,A258559,PROOF,monotone-subblock,papers/10001-10500/10210-PROOF.pdf
10211,A202529,PROOF,pattern-avoidance,papers/10001-10500/10211-PROOF.pdf
10212,A231445,PROOF,transfer-matrix,papers/10001-10500/10212-PROOF.pdf
10213,A184449,PROOF,subblock-content,papers/10001-10500/10213-PROOF.pdf
10214,A252221,PROOF,subblock-line-sum,papers/10001-10500/10214-PROOF.pdf
10215,A232509,PROOF,cell-condition,papers/10001-10500/10215-PROOF.pdf
10216,A209508,PROOF,transfer-matrix,papers/10001-10500/10216-PROOF.pdf
10217,A230464,PROOF,transfer-matrix,papers/10001-10500/10217-PROOF.pdf
10218,A232018,PROOF,transfer-matrix,papers/10001-10500/10218-PROOF.pdf
10219,A250895,PROOF,transfer-matrix,papers/10001-10500/10219-PROOF.pdf
10220,A251085,PROOF,transfer-matrix,papers/10001-10500/10220-PROOF.pdf
10221,A251134,PROOF,transfer-matrix,papers/10001-10500/10221-PROOF.pdf
10222,A186561,PROOF,commuting-subblock,papers/10001-10500/10222-PROOF.pdf
10223,A195972,PROOF,transfer-matrix,papers/10001-10500/10223-PROOF.pdf
10224,A196450,PROOF,transfer-matrix,papers/10001-10500/10224-PROOF.pdf
10225,A196584,PROOF,transfer-matrix,papers/10001-10500/10225-PROOF.pdf
10226,A196701,PROOF,transfer-matrix,papers/10001-10500/10226-PROOF.pdf
10227,A196850,PROOF,transfer-matrix,papers/10001-10500/10227-PROOF.pdf
10228,A196961,PROOF,transfer-matrix,papers/10001-10500/10228-PROOF.pdf
10229,A197274,PROOF,transfer-matrix,papers/10001-10500/10229-PROOF.pdf
10230,A197311,PROOF,transfer-matrix,papers/10001-10500/10230-PROOF.pdf
10231,A207701,PROOF,transfer-matrix,papers/10001-10500/10231-PROOF.pdf
10232,A190025,PROOF,commuting-subblock,papers/10001-10500/10232-PROOF.pdf
10233,A245949,PROOF,window-condition,papers/10001-10500/10233-PROOF.pdf
10234,A207936,PROOF,transfer-matrix,papers/10001-10500/10234-PROOF.pdf
10235,A206200,PROOF,perimeter-cycle,papers/10001-10500/10235-PROOF.pdf
10236,A258558,PROOF,monotone-subblock,papers/10001-10500/10236-PROOF.pdf
10237,A205980,PROOF,perimeter-cycle,papers/10001-10500/10237-PROOF.pdf
10238,A190028,PROOF,commuting-subblock,papers/10001-10500/10238-PROOF.pdf
10239,A202528,PROOF,pattern-avoidance,papers/10001-10500/10239-PROOF.pdf
10240,A231338,PROOF,transfer-matrix,papers/10001-10500/10240-PROOF.pdf
10241,A185764,PROOF,matrix-subblock,papers/10001-10500/10241-PROOF.pdf
10242,A184767,PROOF,matrix-subblock,papers/10001-10500/10242-PROOF.pdf
10243,A188869,PROOF,transfer-matrix,papers/10001-10500/10243-PROOF.pdf
10244,A188987,PROOF,transfer-matrix,papers/10001-10500/10244-PROOF.pdf
10245,A189059,PROOF,transfer-matrix,papers/10001-10500/10245-PROOF.pdf
10246,A189197,PROOF,transfer-matrix,papers/10001-10500/10246-PROOF.pdf
10247,A203095,PROOF,transfer-matrix,papers/10001-10500/10247-PROOF.pdf
10248,A206111,PROOF,perimeter-cycle,papers/10001-10500/10248-PROOF.pdf
10249,A206320,PROOF,perimeter-cycle,papers/10001-10500/10249-PROOF.pdf
10250,A231833,PROOF,transfer-matrix,papers/10001-10500/10250-PROOF.pdf
10251,A258960,PROOF,subblock-3x3,papers/10001-10500/10251-PROOF.pdf
10252,A278095,PROOF,transfer-matrix,papers/10001-10500/10252-PROOF.pdf
10253,A278189,PROOF,transfer-matrix,papers/10001-10500/10253-PROOF.pdf
10254,A296550,PROOF,transfer-matrix,papers/10001-10500/10254-PROOF.pdf
10255,A297391,PROOF,transfer-matrix,papers/10001-10500/10255-PROOF.pdf
10256,A297427,PROOF,transfer-matrix,papers/10001-10500/10256-PROOF.pdf
10257,A298163,PROOF,transfer-matrix,papers/10001-10500/10257-PROOF.pdf
10258,A301966,PROOF,transfer-matrix,papers/10001-10500/10258-PROOF.pdf
10259,A302511,PROOF,transfer-matrix,papers/10001-10500/10259-PROOF.pdf
10260,A302517,PROOF,transfer-matrix,papers/10001-10500/10260-PROOF.pdf
10261,A302682,PROOF,transfer-matrix,papers/10001-10500/10261-PROOF.pdf
10262,A303310,PROOF,transfer-matrix,papers/10001-10500/10262-PROOF.pdf
10263,A303316,PROOF,transfer-matrix,papers/10001-10500/10263-PROOF.pdf
10264,A304217,PROOF,transfer-matrix,papers/10001-10500/10264-PROOF.pdf
10265,A305036,PROOF,transfer-matrix,papers/10001-10500/10265-PROOF.pdf
10266,A305226,PROOF,transfer-matrix,papers/10001-10500/10266-PROOF.pdf
10267,A316689,PROOF,transfer-matrix,papers/10001-10500/10267-PROOF.pdf
10268,A316804,PROOF,transfer-matrix,papers/10001-10500/10268-PROOF.pdf
10269,A317521,PROOF,transfer-matrix,papers/10001-10500/10269-PROOF.pdf
10270,A203831,PROOF,transfer-matrix,papers/10001-10500/10270-PROOF.pdf
10271,A250894,PROOF,transfer-matrix,papers/10001-10500/10271-PROOF.pdf
10272,A251084,PROOF,transfer-matrix,papers/10001-10500/10272-PROOF.pdf
10273,A251133,PROOF,transfer-matrix,papers/10001-10500/10273-PROOF.pdf
10274,A243517,PROOF,window-word,papers/10001-10500/10274-PROOF.pdf
10275,A258557,PROOF,monotone-subblock,papers/10001-10500/10275-PROOF.pdf
10276,A245947,PROOF,window-condition,papers/10001-10500/10276-PROOF.pdf
10277,A202527,PROOF,pattern-avoidance,papers/10001-10500/10277-PROOF.pdf
10278,A229449,PROOF,line-order-array,papers/10001-10500/10278-PROOF.pdf
10279,A207592,PROOF,transfer-matrix,papers/10001-10500/10279-PROOF.pdf
10280,A208030,PROOF,transfer-matrix,papers/10001-10500/10280-PROOF.pdf
10281,A202443,PROOF,transfer-matrix,papers/10001-10500/10281-PROOF.pdf
10282,A208290,PROOF,transfer-matrix,papers/10001-10500/10282-PROOF.pdf
10283,A201372,PROOF,lexicographic-array,papers/10001-10500/10283-PROOF.pdf
10284,A228753,PROOF,transfer-matrix,papers/10001-10500/10284-PROOF.pdf
10285,A228795,PROOF,transfer-matrix,papers/10001-10500/10285-PROOF.pdf
10286,A204611,PROOF,matrix-subblock,papers/10001-10500/10286-PROOF.pdf
10287,A232370,PROOF,value-neighbour,papers/10001-10500/10287-PROOF.pdf
10288,A253345,PROOF,monotone-subblock,papers/10001-10500/10288-PROOF.pdf
10289,A253352,PROOF,monotone-subblock,papers/10001-10500/10289-PROOF.pdf
10290,A190026,PROOF,commuting-subblock,papers/10001-10500/10290-PROOF.pdf
10291,A202442,PROOF,transfer-matrix,papers/10001-10500/10291-PROOF.pdf
10292,A201976,PROOF,lexicographic-array,papers/10001-10500/10292-PROOF.pdf
10293,A258556,PROOF,monotone-subblock,papers/10001-10500/10293-PROOF.pdf
10294,A242579,PROOF,window-word,papers/10001-10500/10294-PROOF.pdf
10295,A243039,PROOF,window-word,papers/10001-10500/10295-PROOF.pdf
10296,A243384,PROOF,window-word,papers/10001-10500/10296-PROOF.pdf
10297,A244694,PROOF,window-word,papers/10001-10500/10297-PROOF.pdf
10298,A202526,PROOF,pattern-avoidance,papers/10001-10500/10298-PROOF.pdf
10299,A243724,PROOF,window-word,papers/10001-10500/10299-PROOF.pdf
10300,A220710,PROOF,reciprocal-link,papers/10001-10500/10300-PROOF.pdf
10301,A185515,PROOF,matrix-subblock,papers/10001-10500/10301-PROOF.pdf
10302,A205513,PROOF,edge-count,papers/10001-10500/10302-PROOF.pdf
10303,A205737,PROOF,edge-count,papers/10001-10500/10303-PROOF.pdf
10304,A205979,PROOF,perimeter-cycle,papers/10001-10500/10304-PROOF.pdf
10305,A230170,PROOF,transfer-matrix,papers/10001-10500/10305-PROOF.pdf
10306,A235897,PROOF,minmax-median,papers/10001-10500/10306-PROOF.pdf
10307,A236664,PROOF,subblock-coloring,papers/10001-10500/10307-PROOF.pdf
10308,A250893,PROOF,transfer-matrix,papers/10001-10500/10308-PROOF.pdf
10309,A250908,PROOF,transfer-matrix,papers/10001-10500/10309-PROOF.pdf
10310,A251083,PROOF,transfer-matrix,papers/10001-10500/10310-PROOF.pdf
10311,A251132,PROOF,transfer-matrix,papers/10001-10500/10311-PROOF.pdf
10312,A186817,PROOF,subblock-content,papers/10001-10500/10312-PROOF.pdf
10313,A232032,PROOF,cell-condition,papers/10001-10500/10313-PROOF.pdf
10314,A186055,PROOF,subblock-3x3,papers/10001-10500/10314-PROOF.pdf
10315,A203375,PROOF,transfer-matrix,papers/10001-10500/10315-PROOF.pdf
10316,A228658,PROOF,transfer-matrix,papers/10001-10500/10316-PROOF.pdf
10317,A228681,PROOF,transfer-matrix,papers/10001-10500/10317-PROOF.pdf
10318,A234414,PROOF,transfer-matrix,papers/10001-10500/10318-PROOF.pdf
10319,A234667,PROOF,transfer-matrix,papers/10001-10500/10319-PROOF.pdf
10320,A234705,PROOF,transfer-matrix,papers/10001-10500/10320-PROOF.pdf
10321,A234731,PROOF,transfer-matrix,papers/10001-10500/10321-PROOF.pdf
10322,A247528,PROOF,window-condition,papers/10001-10500/10322-PROOF.pdf
10323,A250780,PROOF,transfer-matrix,papers/10001-10500/10323-PROOF.pdf
10324,A250953,PROOF,transfer-matrix,papers/10001-10500/10324-PROOF.pdf
10325,A251294,PROOF,transfer-matrix,papers/10001-10500/10325-PROOF.pdf
10326,A251337,PROOF,transfer-matrix,papers/10001-10500/10326-PROOF.pdf
10327,A251485,PROOF,transfer-matrix,papers/10001-10500/10327-PROOF.pdf
10328,A252815,PROOF,transfer-matrix,papers/10001-10500/10328-PROOF.pdf
10329,A255990,PROOF,window-word,papers/10001-10500/10329-PROOF.pdf
10330,A259955,PROOF,subblock-3x3,papers/10001-10500/10330-PROOF.pdf
10331,A259994,PROOF,subblock-3x3,papers/10001-10500/10331-PROOF.pdf
10332,A260363,PROOF,subblock-3x3,papers/10001-10500/10332-PROOF.pdf
10333,A278275,PROOF,transfer-matrix,papers/10001-10500/10333-PROOF.pdf
10334,A297452,PROOF,transfer-matrix,papers/10001-10500/10334-PROOF.pdf
10335,A297596,PROOF,transfer-matrix,papers/10001-10500/10335-PROOF.pdf
10336,A300467,PROOF,transfer-matrix,papers/10001-10500/10336-PROOF.pdf
10337,A302158,PROOF,transfer-matrix,papers/10001-10500/10337-PROOF.pdf
10338,A302742,PROOF,transfer-matrix,papers/10001-10500/10338-PROOF.pdf
10339,A302954,PROOF,transfer-matrix,papers/10001-10500/10339-PROOF.pdf
10340,A303192,PROOF,transfer-matrix,papers/10001-10500/10340-PROOF.pdf
10341,A303457,PROOF,transfer-matrix,papers/10001-10500/10341-PROOF.pdf
10342,A303795,PROOF,transfer-matrix,papers/10001-10500/10342-PROOF.pdf
10343,A303956,PROOF,transfer-matrix,papers/10001-10500/10343-PROOF.pdf
10344,A304599,PROOF,transfer-matrix,papers/10001-10500/10344-PROOF.pdf
10345,A304921,PROOF,transfer-matrix,papers/10001-10500/10345-PROOF.pdf
10346,A305335,PROOF,transfer-matrix,papers/10001-10500/10346-PROOF.pdf
10347,A306161,PROOF,transfer-matrix,papers/10001-10500/10347-PROOF.pdf
10348,A316415,PROOF,transfer-matrix,papers/10001-10500/10348-PROOF.pdf
10349,A316948,PROOF,transfer-matrix,papers/10001-10500/10349-PROOF.pdf
10350,A317378,PROOF,transfer-matrix,papers/10001-10500/10350-PROOF.pdf
10351,A318540,PROOF,transfer-matrix,papers/10001-10500/10351-PROOF.pdf
10352,A243601,PROOF,window-word,papers/10001-10500/10352-PROOF.pdf
10353,A206263,PROOF,transfer-matrix,papers/10001-10500/10353-PROOF.pdf
10354,A206989,PROOF,transfer-matrix,papers/10001-10500/10354-PROOF.pdf
10355,A234185,PROOF,transfer-matrix,papers/10001-10500/10355-PROOF.pdf
10356,A234816,PROOF,transfer-matrix,papers/10001-10500/10356-PROOF.pdf
10357,A258555,PROOF,monotone-subblock,papers/10001-10500/10357-PROOF.pdf
10358,A269491,PROOF,repeated-value-chain,papers/10001-10500/10358-PROOF.pdf
10359,A269534,PROOF,repeated-value-chain,papers/10001-10500/10359-PROOF.pdf
10360,A269580,PROOF,repeated-value-chain,papers/10001-10500/10360-PROOF.pdf
10361,A252822,PROOF,transfer-matrix,papers/10001-10500/10361-PROOF.pdf
10362,A200835,PROOF,window-condition,papers/10001-10500/10362-PROOF.pdf
10363,A207306,PROOF,transfer-matrix,papers/10001-10500/10363-PROOF.pdf
10364,A207495,PROOF,transfer-matrix,papers/10001-10500/10364-PROOF.pdf
10365,A237029,PROOF,order-statistic,papers/10001-10500/10365-PROOF.pdf
10366,A248430,PROOF,window-condition,papers/10001-10500/10366-PROOF.pdf
10367,A267230,PROOF,repeated-value-chain,papers/10001-10500/10367-PROOF.pdf
10368,A204647,PROOF,transfer-matrix,papers/10001-10500/10368-PROOF.pdf
10369,A184681,PROOF,matrix-subblock,papers/10001-10500/10369-PROOF.pdf
10370,A250725,PROOF,monotone-statistic,papers/10001-10500/10370-PROOF.pdf
10371,A250733,PROOF,monotone-statistic,papers/10001-10500/10371-PROOF.pdf
10372,A250786,PROOF,monotone-statistic,papers/10001-10500/10372-PROOF.pdf
10373,A250793,PROOF,monotone-statistic,papers/10001-10500/10373-PROOF.pdf
10374,A206270,PROOF,clockwise-perimeter,papers/10001-10500/10374-PROOF.pdf
10375,A206505,PROOF,clockwise-perimeter,papers/10001-10500/10375-PROOF.pdf
10376,A206661,PROOF,clockwise-perimeter,papers/10001-10500/10376-PROOF.pdf
10377,A236942,PROOF,order-statistic,papers/10001-10500/10377-PROOF.pdf
10378,A269579,PROOF,repeated-value-chain,papers/10001-10500/10378-PROOF.pdf
10379,A269602,PROOF,repeated-value-chain,papers/10001-10500/10379-PROOF.pdf
10380,A269615,PROOF,repeated-value-chain,papers/10001-10500/10380-PROOF.pdf
10381,A269636,PROOF,repeated-value-chain,papers/10001-10500/10381-PROOF.pdf
10382,A209945,PROOF,transfer-matrix,papers/10001-10500/10382-PROOF.pdf
10383,A209954,PROOF,transfer-matrix,papers/10001-10500/10383-PROOF.pdf
10384,A233638,PROOF,transfer-matrix,papers/10001-10500/10384-PROOF.pdf
10385,A250892,PROOF,transfer-matrix,papers/10001-10500/10385-PROOF.pdf
10386,A250936,PROOF,monotone-statistic,papers/10001-10500/10386-PROOF.pdf
10387,A251082,PROOF,transfer-matrix,papers/10001-10500/10387-PROOF.pdf
10388,A251131,PROOF,transfer-matrix,papers/10001-10500/10388-PROOF.pdf
10389,A251345,PROOF,transfer-matrix,papers/10001-10500/10389-PROOF.pdf
10390,A267468,PROOF,repeated-value-chain,papers/10001-10500/10390-PROOF.pdf
10391,A263794,PROOF,transfer-matrix,papers/10001-10500/10391-PROOF.pdf
10392,A200867,PROOF,window-condition,papers/10001-10500/10392-PROOF.pdf
10393,A234975,PROOF,transfer-matrix,papers/10001-10500/10393-PROOF.pdf
10394,A206570,PROOF,pattern-avoidance,papers/10001-10500/10394-PROOF.pdf
10395,A229440,PROOF,line-order-array,papers/10001-10500/10395-PROOF.pdf
10396,A269614,PROOF,repeated-value-chain,papers/10001-10500/10396-PROOF.pdf
10397,A269635,PROOF,repeated-value-chain,papers/10001-10500/10397-PROOF.pdf
10398,A237938,PROOF,order-statistic,papers/10001-10500/10398-PROOF.pdf
10399,A229423,PROOF,line-order-array,papers/10001-10500/10399-PROOF.pdf
10400,A184665,PROOF,transfer-matrix,papers/10001-10500/10400-PROOF.pdf
10401,A200881,PROOF,window-condition,papers/10001-10500/10401-PROOF.pdf
10402,A203094,PROOF,transfer-matrix,papers/10001-10500/10402-PROOF.pdf
10403,A205919,PROOF,edge-count,papers/10001-10500/10403-PROOF.pdf
10404,A232048,PROOF,transfer-matrix,papers/10001-10500/10404-PROOF.pdf
10405,A250512,PROOF,monotone-statistic,papers/10001-10500/10405-PROOF.pdf
10406,A250669,PROOF,monotone-statistic,papers/10001-10500/10406-PROOF.pdf
10407,A250677,PROOF,monotone-statistic,papers/10001-10500/10407-PROOF.pdf
10408,A250692,PROOF,monotone-statistic,papers/10001-10500/10408-PROOF.pdf
10409,A250732,PROOF,monotone-statistic,papers/10001-10500/10409-PROOF.pdf
10410,A250958,PROOF,transfer-matrix,papers/10001-10500/10410-PROOF.pdf
10411,A251301,PROOF,transfer-matrix,papers/10001-10500/10411-PROOF.pdf
10412,A251352,PROOF,transfer-matrix,papers/10001-10500/10412-PROOF.pdf
10413,A251395,PROOF,transfer-matrix,papers/10001-10500/10413-PROOF.pdf
10414,A251452,PROOF,transfer-matrix,papers/10001-10500/10414-PROOF.pdf
10415,A297375,PROOF,transfer-matrix,papers/10001-10500/10415-PROOF.pdf
10416,A300374,PROOF,transfer-matrix,papers/10001-10500/10416-PROOF.pdf
10417,A300500,PROOF,transfer-matrix,papers/10001-10500/10417-PROOF.pdf
10418,A301885,PROOF,transfer-matrix,papers/10001-10500/10418-PROOF.pdf
10419,A318018,PROOF,transfer-matrix,papers/10001-10500/10419-PROOF.pdf
10420,A220676,PROOF,reciprocal-link,papers/10001-10500/10420-PROOF.pdf
10421,A201040,PROOF,window-condition,papers/10001-10500/10421-PROOF.pdf
10422,A220548,PROOF,reciprocal-link,papers/10001-10500/10422-PROOF.pdf
10423,A220564,PROOF,reciprocal-link,papers/10001-10500/10423-PROOF.pdf
10424,A181255,PROOF,subblock-condition,papers/10001-10500/10424-PROOF.pdf
10425,A183597,PROOF,subblock-multiset,papers/10001-10500/10425-PROOF.pdf
10426,A240701,PROOF,neighbour-condition,papers/10001-10500/10426-PROOF.pdf
10427,A250995,PROOF,monotone-statistic,papers/10001-10500/10427-PROOF.pdf
10428,A251106,PROOF,transfer-matrix,papers/10001-10500/10428-PROOF.pdf
10429,A181248,PROOF,subblock-condition,papers/10001-10500/10429-PROOF.pdf
10430,A252109,PROOF,subblock-3x3,papers/10001-10500/10430-PROOF.pdf
10431,A252527,PROOF,subblock-3x3,papers/10001-10500/10431-PROOF.pdf
10432,A252535,PROOF,subblock-3x3,papers/10001-10500/10432-PROOF.pdf
10433,A264472,PROOF,transfer-matrix,papers/10001-10500/10433-PROOF.pdf
10434,A264492,PROOF,transfer-matrix,papers/10001-10500/10434-PROOF.pdf
10435,A204605,PROOF,subblock-3x3,papers/10001-10500/10435-PROOF.pdf
10436,A204280,PROOF,transfer-matrix,papers/10001-10500/10436-PROOF.pdf
10437,A204366,PROOF,transfer-matrix,papers/10001-10500/10437-PROOF.pdf
10438,A204603,PROOF,subblock-3x3,papers/10001-10500/10438-PROOF.pdf
10439,A204604,PROOF,subblock-3x3,papers/10001-10500/10439-PROOF.pdf
10440,A234139,PROOF,transfer-matrix,papers/10001-10500/10440-PROOF.pdf
10441,A252108,PROOF,subblock-3x3,papers/10001-10500/10441-PROOF.pdf
10442,A252526,PROOF,subblock-3x3,papers/10001-10500/10442-PROOF.pdf
10443,A252534,PROOF,subblock-3x3,papers/10001-10500/10443-PROOF.pdf
10444,A258964,PROOF,subblock-3x3,papers/10001-10500/10444-PROOF.pdf
10445,A252223,PROOF,subblock-line-sum,papers/10001-10500/10445-PROOF.pdf
10446,A204279,PROOF,transfer-matrix,papers/10001-10500/10446-PROOF.pdf
10447,A204365,PROOF,transfer-matrix,papers/10001-10500/10447-PROOF.pdf
10448,A230181,PROOF,transfer-matrix,papers/10001-10500/10448-PROOF.pdf
10449,A252239,PROOF,subblock-3x3,papers/10001-10500/10449-PROOF.pdf
10450,A255753,PROOF,monotone-subblock,papers/10001-10500/10450-PROOF.pdf
10451,A253465,PROOF,subblock-statistic-neighbour,papers/10001-10500/10451-PROOF.pdf
10452,A234138,PROOF,transfer-matrix,papers/10001-10500/10452-PROOF.pdf
10453,A235287,PROOF,transfer-matrix,papers/10001-10500/10453-PROOF.pdf
10454,A299594,PROOF,transfer-matrix,papers/10001-10500/10454-PROOF.pdf
10455,A301789,PROOF,transfer-matrix,papers/10001-10500/10455-PROOF.pdf
10456,A303718,PROOF,transfer-matrix,papers/10001-10500/10456-PROOF.pdf
10457,A196573,PROOF,transfer-matrix,papers/10001-10500/10457-PROOF.pdf
10458,A196804,PROOF,transfer-matrix,papers/10001-10500/10458-PROOF.pdf
10459,A196858,PROOF,transfer-matrix,papers/10001-10500/10459-PROOF.pdf
10460,A269274,PROOF,transfer-matrix,papers/10001-10500/10460-PROOF.pdf
10461,A270114,PROOF,transfer-matrix,papers/10001-10500/10461-PROOF.pdf
10462,A252222,PROOF,subblock-line-sum,papers/10001-10500/10462-PROOF.pdf
10463,A223293,PROOF,transfer-matrix,papers/10001-10500/10463-PROOF.pdf
10464,A234265,PROOF,transfer-matrix,papers/10001-10500/10464-PROOF.pdf
10465,A230726,PROOF,transfer-matrix,papers/10001-10500/10465-PROOF.pdf
10466,A203823,PROOF,transfer-matrix,papers/10001-10500/10466-PROOF.pdf
10467,A234137,PROOF,transfer-matrix,papers/10001-10500/10467-PROOF.pdf
10468,A235286,PROOF,transfer-matrix,papers/10001-10500/10468-PROOF.pdf
10469,A252236,PROOF,subblock-3x3,papers/10001-10500/10469-PROOF.pdf
10470,A252262,PROOF,subblock-3x3,papers/10001-10500/10470-PROOF.pdf
10471,A252362,PROOF,subblock-3x3,papers/10001-10500/10471-PROOF.pdf
10472,A252543,PROOF,subblock-3x3,papers/10001-10500/10472-PROOF.pdf
10473,A258962,PROOF,subblock-3x3,papers/10001-10500/10473-PROOF.pdf
10474,A299593,PROOF,transfer-matrix,papers/10001-10500/10474-PROOF.pdf
10475,A301788,PROOF,transfer-matrix,papers/10001-10500/10475-PROOF.pdf
10476,A302678,PROOF,transfer-matrix,papers/10001-10500/10476-PROOF.pdf
10477,A303717,PROOF,transfer-matrix,papers/10001-10500/10477-PROOF.pdf
10478,A229752,PROOF,transfer-matrix,papers/10001-10500/10478-PROOF.pdf
10479,A255751,PROOF,monotone-subblock,papers/10001-10500/10479-PROOF.pdf
10480,A223419,PROOF,transfer-matrix,papers/10001-10500/10480-PROOF.pdf
10481,A205021,PROOF,matrix-subblock,papers/10001-10500/10481-PROOF.pdf
10482,A234264,PROOF,transfer-matrix,papers/10001-10500/10482-PROOF.pdf
10483,A238908,PROOF,transfer-matrix,papers/10001-10500/10483-PROOF.pdf
10484,A223348,PROOF,transfer-matrix,papers/10001-10500/10484-PROOF.pdf
10485,A206112,PROOF,perimeter-cycle,papers/10001-10500/10485-PROOF.pdf
10486,A229751,PROOF,transfer-matrix,papers/10001-10500/10486-PROOF.pdf
10487,A232312,PROOF,cell-condition,papers/10001-10500/10487-PROOF.pdf
10488,A188988,PROOF,transfer-matrix,papers/10001-10500/10488-PROOF.pdf
10489,A234136,PROOF,transfer-matrix,papers/10001-10500/10489-PROOF.pdf
10490,A235285,PROOF,transfer-matrix,papers/10001-10500/10490-PROOF.pdf
10491,A299592,PROOF,transfer-matrix,papers/10001-10500/10491-PROOF.pdf
10492,A301961,PROOF,transfer-matrix,papers/10001-10500/10492-PROOF.pdf
10493,A302007,PROOF,transfer-matrix,papers/10001-10500/10493-PROOF.pdf
10494,A303679,PROOF,transfer-matrix,papers/10001-10500/10494-PROOF.pdf
10495,A303716,PROOF,transfer-matrix,papers/10001-10500/10495-PROOF.pdf
10496,A304227,PROOF,transfer-matrix,papers/10001-10500/10496-PROOF.pdf
10497,A305583,PROOF,transfer-matrix,papers/10001-10500/10497-PROOF.pdf
10498,A229691,PROOF,transfer-matrix,papers/10001-10500/10498-PROOF.pdf
10499,A209379,PROOF,transfer-matrix,papers/10001-10500/10499-PROOF.pdf
10500,A223374,PROOF,transfer-matrix,papers/10001-10500/10500-PROOF.pdf
10501,A234263,PROOF,transfer-matrix,papers/10501-11000/10501-PROOF.pdf
10502,A252336,PROOF,subblock-3x3,papers/10501-11000/10502-PROOF.pdf
10503,A253396,PROOF,monotone-subblock,papers/10501-11000/10503-PROOF.pdf
10504,A234381,PROOF,forbidden-run,papers/10501-11000/10504-PROOF.pdf
10505,A183713,PROOF,clockwise-perimeter,papers/10501-11000/10505-PROOF.pdf
10506,A195956,PROOF,transfer-matrix,papers/10501-11000/10506-PROOF.pdf
10507,A196140,PROOF,transfer-matrix,papers/10501-11000/10507-PROOF.pdf
10508,A196906,PROOF,transfer-matrix,papers/10501-11000/10508-PROOF.pdf
10509,A196976,PROOF,transfer-matrix,papers/10501-11000/10509-PROOF.pdf
10510,A197229,PROOF,transfer-matrix,papers/10501-11000/10510-PROOF.pdf
10511,A197642,PROOF,transfer-matrix,papers/10501-11000/10511-PROOF.pdf
10512,A223251,PROOF,transfer-matrix,papers/10501-11000/10512-PROOF.pdf
10513,A253463,PROOF,subblock-statistic-neighbour,papers/10501-11000/10513-PROOF.pdf
10514,A208641,PROOF,transfer-matrix,papers/10501-11000/10514-PROOF.pdf
10515,A253395,PROOF,monotone-subblock,papers/10501-11000/10515-PROOF.pdf
10516,A205209,PROOF,matrix-subblock,papers/10501-11000/10516-PROOF.pdf
10517,A206408,PROOF,perimeter-cycle,papers/10501-11000/10517-PROOF.pdf
10518,A204679,PROOF,forbidden-run,papers/10501-11000/10518-PROOF.pdf
10519,A223418,PROOF,transfer-matrix,papers/10501-11000/10519-PROOF.pdf
10520,A229750,PROOF,transfer-matrix,papers/10501-11000/10520-PROOF.pdf
10521,A236049,PROOF,subblock-coloring,papers/10501-11000/10521-PROOF.pdf
10522,A206791,PROOF,pattern-avoidance,papers/10501-11000/10522-PROOF.pdf
10523,A237228,PROOF,subblock-difference,papers/10501-11000/10523-PROOF.pdf
10524,A188826,PROOF,transfer-matrix,papers/10501-11000/10524-PROOF.pdf
10525,A206250,PROOF,transfer-matrix,papers/10501-11000/10525-PROOF.pdf
10526,A208016,PROOF,transfer-matrix,papers/10501-11000/10526-PROOF.pdf
10527,A208071,PROOF,transfer-matrix,papers/10501-11000/10527-PROOF.pdf
10528,A230782,PROOF,transfer-matrix,papers/10501-11000/10528-PROOF.pdf
10529,A234135,PROOF,transfer-matrix,papers/10501-11000/10529-PROOF.pdf
10530,A235284,PROOF,transfer-matrix,papers/10501-11000/10530-PROOF.pdf
10531,A236120,PROOF,subblock-coloring,papers/10501-11000/10531-PROOF.pdf
10532,A259636,PROOF,subblock-3x3,papers/10501-11000/10532-PROOF.pdf
10533,A260132,PROOF,subblock-3x3,papers/10501-11000/10533-PROOF.pdf
10534,A261107,PROOF,subblock-3x3,papers/10501-11000/10534-PROOF.pdf
10535,A278183,PROOF,transfer-matrix,papers/10501-11000/10535-PROOF.pdf
10536,A295914,PROOF,transfer-matrix,papers/10501-11000/10536-PROOF.pdf
10537,A296309,PROOF,transfer-matrix,papers/10501-11000/10537-PROOF.pdf
10538,A299591,PROOF,transfer-matrix,papers/10501-11000/10538-PROOF.pdf
10539,A300178,PROOF,transfer-matrix,papers/10501-11000/10539-PROOF.pdf
10540,A301947,PROOF,transfer-matrix,papers/10501-11000/10540-PROOF.pdf
10541,A303417,PROOF,transfer-matrix,papers/10501-11000/10541-PROOF.pdf
10542,A303715,PROOF,transfer-matrix,papers/10501-11000/10542-PROOF.pdf
10543,A303723,PROOF,transfer-matrix,papers/10501-11000/10543-PROOF.pdf
10544,A304137,PROOF,transfer-matrix,papers/10501-11000/10544-PROOF.pdf
10545,A304226,PROOF,transfer-matrix,papers/10501-11000/10545-PROOF.pdf
10546,A304266,PROOF,transfer-matrix,papers/10501-11000/10546-PROOF.pdf
10547,A305582,PROOF,transfer-matrix,papers/10501-11000/10547-PROOF.pdf
10548,A317729,PROOF,transfer-matrix,papers/10501-11000/10548-PROOF.pdf
10549,A234262,PROOF,transfer-matrix,papers/10501-11000/10549-PROOF.pdf
10550,A207700,PROOF,transfer-matrix,papers/10501-11000/10550-PROOF.pdf
10551,A223338,PROOF,transfer-matrix,papers/10501-11000/10551-PROOF.pdf
10552,A223425,PROOF,transfer-matrix,papers/10501-11000/10552-PROOF.pdf
10553,A205191,PROOF,edge-count,papers/10501-11000/10553-PROOF.pdf
10554,A223347,PROOF,transfer-matrix,papers/10501-11000/10554-PROOF.pdf
10555,A253360,PROOF,subblock-statistic-neighbour,papers/10501-11000/10555-PROOF.pdf
10556,A207935,PROOF,transfer-matrix,papers/10501-11000/10556-PROOF.pdf
10557,A208383,PROOF,transfer-matrix,papers/10501-11000/10557-PROOF.pdf
10558,A243516,PROOF,window-word,papers/10501-11000/10558-PROOF.pdf
10559,A205190,PROOF,edge-count,papers/10501-11000/10559-PROOF.pdf
10560,A208382,PROOF,transfer-matrix,papers/10501-11000/10560-PROOF.pdf
10561,A234221,PROOF,transfer-matrix,papers/10501-11000/10561-PROOF.pdf
10562,A183721,PROOF,clockwise-perimeter,papers/10501-11000/10562-PROOF.pdf
10563,A229696,PROOF,transfer-matrix,papers/10501-11000/10563-PROOF.pdf
10564,A208289,PROOF,transfer-matrix,papers/10501-11000/10564-PROOF.pdf
10565,A208381,PROOF,transfer-matrix,papers/10501-11000/10565-PROOF.pdf
10566,A223408,PROOF,transfer-matrix,papers/10501-11000/10566-PROOF.pdf
10567,A243028,PROOF,window-word,papers/10501-11000/10567-PROOF.pdf
10568,A244177,PROOF,window-word,papers/10501-11000/10568-PROOF.pdf
10569,A185461,PROOF,matrix-subblock,papers/10501-11000/10569-PROOF.pdf
10570,A206694,PROOF,pattern-avoidance,papers/10501-11000/10570-PROOF.pdf
10571,A206857,PROOF,pattern-avoidance,papers/10501-11000/10571-PROOF.pdf
10572,A232145,PROOF,value-neighbour,papers/10501-11000/10572-PROOF.pdf
10573,A232150,PROOF,value-neighbour,papers/10501-11000/10573-PROOF.pdf
10574,A232425,PROOF,cell-condition,papers/10501-11000/10574-PROOF.pdf
10575,A239179,PROOF,neighbour-set,papers/10501-11000/10575-PROOF.pdf
10576,A206467,PROOF,transfer-matrix,papers/10501-11000/10576-PROOF.pdf
10577,A207591,PROOF,transfer-matrix,papers/10501-11000/10577-PROOF.pdf
10578,A207689,PROOF,transfer-matrix,papers/10501-11000/10578-PROOF.pdf
10579,A207737,PROOF,transfer-matrix,papers/10501-11000/10579-PROOF.pdf
10580,A207924,PROOF,transfer-matrix,papers/10501-11000/10580-PROOF.pdf
10581,A208014,PROOF,transfer-matrix,papers/10501-11000/10581-PROOF.pdf
10582,A208035,PROOF,transfer-matrix,papers/10501-11000/10582-PROOF.pdf
10583,A208104,PROOF,transfer-matrix,papers/10501-11000/10583-PROOF.pdf
10584,A209220,PROOF,transfer-matrix,papers/10501-11000/10584-PROOF.pdf
10585,A234261,PROOF,transfer-matrix,papers/10501-11000/10585-PROOF.pdf
10586,A235947,PROOF,subblock-coloring,papers/10501-11000/10586-PROOF.pdf
10587,A236011,PROOF,subblock-coloring,papers/10501-11000/10587-PROOF.pdf
10588,A236048,PROOF,subblock-coloring,papers/10501-11000/10588-PROOF.pdf
10589,A237227,PROOF,subblock-difference,papers/10501-11000/10589-PROOF.pdf
10590,A237630,PROOF,subblock-difference,papers/10501-11000/10590-PROOF.pdf
10591,A253517,PROOF,monotone-subblock,papers/10501-11000/10591-PROOF.pdf
10592,A229448,PROOF,line-order-array,papers/10501-11000/10592-PROOF.pdf
10593,A183444,PROOF,king-move,papers/10501-11000/10593-PROOF.pdf
10594,A231992,PROOF,neighbour-set,papers/10501-11000/10594-PROOF.pdf
10595,A282642,PROOF,king-move,papers/10501-11000/10595-PROOF.pdf
10596,A234927,PROOF,subblock-content,papers/10501-11000/10596-PROOF.pdf
10597,A234790,PROOF,clockwise-perimeter,papers/10501-11000/10597-PROOF.pdf
10598,A186044,PROOF,subblock-3x3,papers/10501-11000/10598-PROOF.pdf
10599,A188748,PROOF,transfer-matrix,papers/10501-11000/10599-PROOF.pdf
10600,A208380,PROOF,transfer-matrix,papers/10501-11000/10600-PROOF.pdf
10601,A209547,PROOF,transfer-matrix,papers/10501-11000/10601-PROOF.pdf
10602,A220561,PROOF,reciprocal-link,papers/10501-11000/10602-PROOF.pdf
10603,A220634,PROOF,reciprocal-link,papers/10501-11000/10603-PROOF.pdf
10604,A234134,PROOF,transfer-matrix,papers/10501-11000/10604-PROOF.pdf
10605,A234155,PROOF,transfer-matrix,papers/10501-11000/10605-PROOF.pdf
10606,A234228,PROOF,transfer-matrix,papers/10501-11000/10606-PROOF.pdf
10607,A235283,PROOF,transfer-matrix,papers/10501-11000/10607-PROOF.pdf
10608,A249190,PROOF,window-condition,papers/10501-11000/10608-PROOF.pdf
10609,A251518,PROOF,transfer-matrix,papers/10501-11000/10609-PROOF.pdf
10610,A255020,PROOF,subblock-3x3,papers/10501-11000/10610-PROOF.pdf
10611,A255152,PROOF,subblock-3x3,papers/10501-11000/10611-PROOF.pdf
10612,A257440,PROOF,subblock-3x3,papers/10501-11000/10612-PROOF.pdf
10613,A259735,PROOF,subblock-3x3,papers/10501-11000/10613-PROOF.pdf
10614,A260063,PROOF,subblock-3x3,papers/10501-11000/10614-PROOF.pdf
10615,A260241,PROOF,subblock-3x3,papers/10501-11000/10615-PROOF.pdf
10616,A261258,PROOF,subblock-3x3,papers/10501-11000/10616-PROOF.pdf
10617,A261373,PROOF,subblock-3x3,papers/10501-11000/10617-PROOF.pdf
10618,A297396,PROOF,transfer-matrix,papers/10501-11000/10618-PROOF.pdf
10619,A297426,PROOF,transfer-matrix,papers/10501-11000/10619-PROOF.pdf
10620,A297433,PROOF,transfer-matrix,papers/10501-11000/10620-PROOF.pdf
10621,A297577,PROOF,transfer-matrix,papers/10501-11000/10621-PROOF.pdf
10622,A297590,PROOF,transfer-matrix,papers/10501-11000/10622-PROOF.pdf
10623,A299723,PROOF,transfer-matrix,papers/10501-11000/10623-PROOF.pdf
10624,A303619,PROOF,transfer-matrix,papers/10501-11000/10624-PROOF.pdf
10625,A303722,PROOF,transfer-matrix,papers/10501-11000/10625-PROOF.pdf
10626,A305225,PROOF,transfer-matrix,papers/10501-11000/10626-PROOF.pdf
10627,A305477,PROOF,transfer-matrix,papers/10501-11000/10627-PROOF.pdf
10628,A317728,PROOF,transfer-matrix,papers/10501-11000/10628-PROOF.pdf
10629,A318070,PROOF,transfer-matrix,papers/10501-11000/10629-PROOF.pdf
10630,A282371,PROOF,king-move,papers/10501-11000/10630-PROOF.pdf
10631,A235205,PROOF,transfer-matrix,papers/10501-11000/10631-PROOF.pdf
10632,A243635,PROOF,window-word,papers/10501-11000/10632-PROOF.pdf
10633,A206866,PROOF,transfer-matrix,papers/10501-11000/10633-PROOF.pdf
10634,A207083,PROOF,transfer-matrix,papers/10501-11000/10634-PROOF.pdf
10635,A233897,PROOF,transfer-matrix,papers/10501-11000/10635-PROOF.pdf
10636,A234124,PROOF,transfer-matrix,papers/10501-11000/10636-PROOF.pdf
10637,A234170,PROOF,transfer-matrix,papers/10501-11000/10637-PROOF.pdf
10638,A234550,PROOF,transfer-matrix,papers/10501-11000/10638-PROOF.pdf
10639,A234683,PROOF,transfer-matrix,papers/10501-11000/10639-PROOF.pdf
10640,A235312,PROOF,transfer-matrix,papers/10501-11000/10640-PROOF.pdf
10641,A245867,PROOF,window-condition,papers/10501-11000/10641-PROOF.pdf
10642,A202428,PROOF,pattern-avoidance,papers/10501-11000/10642-PROOF.pdf
10643,A196012,PROOF,neighbour-set,papers/10501-11000/10643-PROOF.pdf
10644,A235100,PROOF,transfer-matrix,papers/10501-11000/10644-PROOF.pdf
10645,A235191,PROOF,transfer-matrix,papers/10501-11000/10645-PROOF.pdf
10646,A183345,PROOF,adjacency-precedence,papers/10501-11000/10646-PROOF.pdf
10647,A283544,PROOF,neighbour-set,papers/10501-11000/10647-PROOF.pdf
10648,A282785,PROOF,king-move,papers/10501-11000/10648-PROOF.pdf
10649,A205251,PROOF,edge-count,papers/10501-11000/10649-PROOF.pdf
10650,A207347,PROOF,transfer-matrix,papers/10501-11000/10650-PROOF.pdf
10651,A207683,PROOF,transfer-matrix,papers/10501-11000/10651-PROOF.pdf
10652,A207769,PROOF,transfer-matrix,papers/10501-11000/10652-PROOF.pdf
10653,A207840,PROOF,transfer-matrix,papers/10501-11000/10653-PROOF.pdf
10654,A208103,PROOF,transfer-matrix,papers/10501-11000/10654-PROOF.pdf
10655,A233811,PROOF,transfer-matrix,papers/10501-11000/10655-PROOF.pdf
10656,A234452,PROOF,transfer-matrix,papers/10501-11000/10656-PROOF.pdf
10657,A206262,PROOF,transfer-matrix,papers/10501-11000/10657-PROOF.pdf
10658,A283538,PROOF,neighbour-set,papers/10501-11000/10658-PROOF.pdf
10659,A228503,PROOF,transfer-matrix,papers/10501-11000/10659-PROOF.pdf
10660,A228657,PROOF,transfer-matrix,papers/10501-11000/10660-PROOF.pdf
10661,A228680,PROOF,transfer-matrix,papers/10501-11000/10661-PROOF.pdf
10662,A255989,PROOF,window-word,papers/10501-11000/10662-PROOF.pdf
10663,A234883,PROOF,transfer-matrix,papers/10501-11000/10663-PROOF.pdf
10664,A235019,PROOF,transfer-matrix,papers/10501-11000/10664-PROOF.pdf
10665,A235179,PROOF,transfer-matrix,papers/10501-11000/10665-PROOF.pdf
10666,A269490,PROOF,repeated-value-chain,papers/10501-11000/10666-PROOF.pdf
10667,A269533,PROOF,repeated-value-chain,papers/10501-11000/10667-PROOF.pdf
10668,A283573,PROOF,neighbour-set,papers/10501-11000/10668-PROOF.pdf
10669,A221455,PROOF,window-condition,papers/10501-11000/10669-PROOF.pdf
10670,A183785,PROOF,transfer-matrix,papers/10501-11000/10670-PROOF.pdf
10671,A206048,PROOF,edge-count,papers/10501-11000/10671-PROOF.pdf
10672,A210384,PROOF,transfer-matrix,papers/10501-11000/10672-PROOF.pdf
10673,A233877,PROOF,transfer-matrix,papers/10501-11000/10673-PROOF.pdf
10674,A234260,PROOF,transfer-matrix,papers/10501-11000/10674-PROOF.pdf
10675,A234437,PROOF,transfer-matrix,papers/10501-11000/10675-PROOF.pdf
10676,A236802,PROOF,order-statistic,papers/10501-11000/10676-PROOF.pdf
10677,A250900,PROOF,transfer-matrix,papers/10501-11000/10677-PROOF.pdf
10678,A251204,PROOF,transfer-matrix,papers/10501-11000/10678-PROOF.pdf
10679,A251329,PROOF,transfer-matrix,papers/10501-11000/10679-PROOF.pdf
10680,A251384,PROOF,transfer-matrix,papers/10501-11000/10680-PROOF.pdf
10681,A255102,PROOF,window-word,papers/10501-11000/10681-PROOF.pdf
10682,A267229,PROOF,repeated-value-chain,papers/10501-11000/10682-PROOF.pdf
10683,A220709,PROOF,reciprocal-link,papers/10501-11000/10683-PROOF.pdf
10684,A234770,PROOF,clockwise-perimeter,papers/10501-11000/10684-PROOF.pdf
10685,A200834,PROOF,window-condition,papers/10501-11000/10685-PROOF.pdf
10686,A233921,PROOF,transfer-matrix,papers/10501-11000/10686-PROOF.pdf
10687,A234076,PROOF,transfer-matrix,papers/10501-11000/10687-PROOF.pdf
10688,A234107,PROOF,transfer-matrix,papers/10501-11000/10688-PROOF.pdf
10689,A245865,PROOF,window-condition,papers/10501-11000/10689-PROOF.pdf
10690,A248457,PROOF,window-condition,papers/10501-11000/10690-PROOF.pdf
10691,A220622,PROOF,reciprocal-link,papers/10501-11000/10691-PROOF.pdf
10692,A231799,PROOF,neighbour-set,papers/10501-11000/10692-PROOF.pdf
10693,A267467,PROOF,repeated-value-chain,papers/10501-11000/10693-PROOF.pdf
10694,A268256,PROOF,repeated-value-chain,papers/10501-11000/10694-PROOF.pdf
10695,A268321,PROOF,repeated-value-chain,papers/10501-11000/10695-PROOF.pdf
10696,A282393,PROOF,king-move,papers/10501-11000/10696-PROOF.pdf
10697,A297079,PROOF,king-move,papers/10501-11000/10697-PROOF.pdf
10698,A297096,PROOF,king-move,papers/10501-11000/10698-PROOF.pdf
10699,A238173,PROOF,order-statistic,papers/10501-11000/10699-PROOF.pdf
10700,A204646,PROOF,transfer-matrix,papers/10501-11000/10700-PROOF.pdf
10701,A234753,PROOF,clockwise-perimeter,papers/10501-11000/10701-PROOF.pdf
10702,A259292,PROOF,clockwise-perimeter,papers/10501-11000/10702-PROOF.pdf
10703,A184209,PROOF,transfer-matrix,papers/10501-11000/10703-PROOF.pdf
10704,A188501,PROOF,transfer-matrix,papers/10501-11000/10704-PROOF.pdf
10705,A188516,PROOF,transfer-matrix,papers/10501-11000/10705-PROOF.pdf
10706,A204716,PROOF,matrix-subblock,papers/10501-11000/10706-PROOF.pdf
10707,A207170,PROOF,transfer-matrix,papers/10501-11000/10707-PROOF.pdf
10708,A207436,PROOF,transfer-matrix,papers/10501-11000/10708-PROOF.pdf
10709,A209709,PROOF,transfer-matrix,papers/10501-11000/10709-PROOF.pdf
10710,A209780,PROOF,transfer-matrix,papers/10501-11000/10710-PROOF.pdf
10711,A209851,PROOF,transfer-matrix,papers/10501-11000/10711-PROOF.pdf
10712,A209906,PROOF,transfer-matrix,papers/10501-11000/10712-PROOF.pdf
10713,A210070,PROOF,transfer-matrix,papers/10501-11000/10713-PROOF.pdf
10714,A210328,PROOF,transfer-matrix,papers/10501-11000/10714-PROOF.pdf
10715,A231509,PROOF,transfer-matrix,papers/10501-11000/10715-PROOF.pdf
10716,A235926,PROOF,minmax-median,papers/10501-11000/10716-PROOF.pdf
10717,A236003,PROOF,minmax-median,papers/10501-11000/10717-PROOF.pdf
10718,A248456,PROOF,window-condition,papers/10501-11000/10718-PROOF.pdf
10719,A250724,PROOF,monotone-statistic,papers/10501-11000/10719-PROOF.pdf
10720,A251253,PROOF,transfer-matrix,papers/10501-11000/10720-PROOF.pdf
10721,A278171,PROOF,transfer-matrix,papers/10501-11000/10721-PROOF.pdf
10722,A295346,PROOF,transfer-matrix,papers/10501-11000/10722-PROOF.pdf
10723,A295525,PROOF,transfer-matrix,papers/10501-11000/10723-PROOF.pdf
10724,A295937,PROOF,transfer-matrix,papers/10501-11000/10724-PROOF.pdf
10725,A295979,PROOF,transfer-matrix,papers/10501-11000/10725-PROOF.pdf
10726,A296109,PROOF,transfer-matrix,papers/10501-11000/10726-PROOF.pdf
10727,A296645,PROOF,transfer-matrix,papers/10501-11000/10727-PROOF.pdf
10728,A296668,PROOF,transfer-matrix,papers/10501-11000/10728-PROOF.pdf
10729,A296682,PROOF,transfer-matrix,papers/10501-11000/10729-PROOF.pdf
10730,A296733,PROOF,transfer-matrix,papers/10501-11000/10730-PROOF.pdf
10731,A296798,PROOF,transfer-matrix,papers/10501-11000/10731-PROOF.pdf
10732,A296821,PROOF,transfer-matrix,papers/10501-11000/10732-PROOF.pdf
10733,A296984,PROOF,transfer-matrix,papers/10501-11000/10733-PROOF.pdf
10734,A297545,PROOF,transfer-matrix,papers/10501-11000/10734-PROOF.pdf
10735,A297608,PROOF,transfer-matrix,papers/10501-11000/10735-PROOF.pdf
10736,A297638,PROOF,transfer-matrix,papers/10501-11000/10736-PROOF.pdf
10737,A297655,PROOF,transfer-matrix,papers/10501-11000/10737-PROOF.pdf
10738,A297721,PROOF,transfer-matrix,papers/10501-11000/10738-PROOF.pdf
10739,A297750,PROOF,transfer-matrix,papers/10501-11000/10739-PROOF.pdf
10740,A300421,PROOF,transfer-matrix,papers/10501-11000/10740-PROOF.pdf
10741,A300533,PROOF,transfer-matrix,papers/10501-11000/10741-PROOF.pdf
10742,A317735,PROOF,transfer-matrix,papers/10501-11000/10742-PROOF.pdf
10743,A317767,PROOF,transfer-matrix,papers/10501-11000/10743-PROOF.pdf
10744,A317809,PROOF,transfer-matrix,papers/10501-11000/10744-PROOF.pdf
10745,A317817,PROOF,transfer-matrix,papers/10501-11000/10745-PROOF.pdf
10746,A318031,PROOF,transfer-matrix,papers/10501-11000/10746-PROOF.pdf
10747,A318039,PROOF,transfer-matrix,papers/10501-11000/10747-PROOF.pdf
10748,A221512,PROOF,window-condition,papers/10501-11000/10748-PROOF.pdf
10749,A221521,PROOF,window-condition,papers/10501-11000/10749-PROOF.pdf
10750,A297370,PROOF,neighbour-condition,papers/10501-11000/10750-PROOF.pdf
10751,A297677,PROOF,neighbour-condition,papers/10501-11000/10751-PROOF.pdf
10752,A221511,PROOF,window-condition,papers/10501-11000/10752-PROOF.pdf
10753,A221520,PROOF,window-condition,papers/10501-11000/10753-PROOF.pdf
10754,A204645,PROOF,transfer-matrix,papers/10501-11000/10754-PROOF.pdf
10755,A241608,PROOF,window-word,papers/10501-11000/10755-PROOF.pdf
10756,A250987,PROOF,monotone-statistic,papers/10501-11000/10756-PROOF.pdf
10757,A251081,PROOF,transfer-matrix,papers/10501-11000/10757-PROOF.pdf
10758,A251130,PROOF,transfer-matrix,papers/10501-11000/10758-PROOF.pdf
10759,A251151,PROOF,transfer-matrix,papers/10501-11000/10759-PROOF.pdf
10760,A251444,PROOF,transfer-matrix,papers/10501-11000/10760-PROOF.pdf
10761,A259421,PROOF,clockwise-perimeter,papers/10501-11000/10761-PROOF.pdf
10762,A183436,PROOF,neighbour-condition,papers/10501-11000/10762-PROOF.pdf
10763,A220713,PROOF,reciprocal-link,papers/10501-11000/10763-PROOF.pdf
10764,A220739,PROOF,reciprocal-link,papers/10501-11000/10764-PROOF.pdf
10765,A239156,PROOF,parity-difference,papers/10501-11000/10765-PROOF.pdf
10766,A240479,PROOF,neighbour-reach,papers/10501-11000/10766-PROOF.pdf
10767,A250723,PROOF,monotone-statistic,papers/10501-11000/10767-PROOF.pdf
10768,A251311,PROOF,transfer-matrix,papers/10501-11000/10768-PROOF.pdf
10769,A202464,PROOF,local-array-condition,papers/10501-11000/10769-PROOF.pdf
10770,A241073,PROOF,neighbour-condition,papers/10501-11000/10770-PROOF.pdf
10771,A220705,PROOF,reciprocal-link,papers/10501-11000/10771-PROOF.pdf
10772,A264073,PROOF,transfer-matrix,papers/10501-11000/10772-PROOF.pdf
10773,A186011,PROOF,transfer-matrix,papers/10501-11000/10773-PROOF.pdf
10774,A204380,PROOF,transfer-matrix,papers/10501-11000/10774-PROOF.pdf
10775,A204379,PROOF,transfer-matrix,papers/10501-11000/10775-PROOF.pdf
10776,A223600,PROOF,transfer-matrix,papers/10501-11000/10776-PROOF.pdf
10777,A264072,PROOF,transfer-matrix,papers/10501-11000/10777-PROOF.pdf
10778,A264340,PROOF,transfer-matrix,papers/10501-11000/10778-PROOF.pdf
10779,A264536,PROOF,transfer-matrix,papers/10501-11000/10779-PROOF.pdf
10780,A232585,PROOF,cell-condition,papers/10501-11000/10780-PROOF.pdf
10781,A204378,PROOF,transfer-matrix,papers/10501-11000/10781-PROOF.pdf
10782,A196596,PROOF,transfer-matrix,papers/10501-11000/10782-PROOF.pdf
10783,A223250,PROOF,transfer-matrix,papers/10501-11000/10783-PROOF.pdf
10784,A223409,PROOF,transfer-matrix,papers/10501-11000/10784-PROOF.pdf
10785,A230180,PROOF,transfer-matrix,papers/10501-11000/10785-PROOF.pdf
10786,A230610,PROOF,transfer-matrix,papers/10501-11000/10786-PROOF.pdf
10787,A251148,PROOF,transfer-matrix,papers/10501-11000/10787-PROOF.pdf
10788,A185899,PROOF,neighbour-set,papers/10501-11000/10788-PROOF.pdf
10789,A188710,PROOF,transfer-matrix,papers/10501-11000/10789-PROOF.pdf
10790,A230509,PROOF,transfer-matrix,papers/10501-11000/10790-PROOF.pdf
10791,A198598,PROOF,transfer-matrix,papers/10501-11000/10791-PROOF.pdf
10792,A185405,PROOF,neighbour-set,papers/10501-11000/10792-PROOF.pdf
10793,A205981,PROOF,perimeter-cycle,papers/10501-11000/10793-PROOF.pdf
10794,A251147,PROOF,transfer-matrix,papers/10501-11000/10794-PROOF.pdf
10795,A236992,PROOF,subblock-difference,papers/10501-11000/10795-PROOF.pdf
10796,A185535,PROOF,neighbour-set,papers/10501-11000/10796-PROOF.pdf
10797,A186477,PROOF,commuting-subblock,papers/10501-11000/10797-PROOF.pdf
10798,A186476,PROOF,commuting-subblock,papers/10501-11000/10798-PROOF.pdf
10799,A301820,PROOF,transfer-matrix,papers/10501-11000/10799-PROOF.pdf
10800,A301903,PROOF,transfer-matrix,papers/10501-11000/10800-PROOF.pdf
10801,A302677,PROOF,transfer-matrix,papers/10501-11000/10801-PROOF.pdf
10802,A186468,PROOF,commuting-subblock,papers/10501-11000/10802-PROOF.pdf
10803,A208505,PROOF,transfer-matrix,papers/10501-11000/10803-PROOF.pdf
10804,A232936,PROOF,cell-condition,papers/10501-11000/10804-PROOF.pdf
10805,A223292,PROOF,transfer-matrix,papers/10501-11000/10805-PROOF.pdf
10806,A230670,PROOF,transfer-matrix,papers/10501-11000/10806-PROOF.pdf
10807,A251146,PROOF,transfer-matrix,papers/10501-11000/10807-PROOF.pdf
10808,A196072,PROOF,transfer-matrix,papers/10501-11000/10808-PROOF.pdf
10809,A196204,PROOF,transfer-matrix,papers/10501-11000/10809-PROOF.pdf
10810,A196316,PROOF,transfer-matrix,papers/10501-11000/10810-PROOF.pdf
10811,A197211,PROOF,transfer-matrix,papers/10501-11000/10811-PROOF.pdf
10812,A197244,PROOF,transfer-matrix,papers/10501-11000/10812-PROOF.pdf
10813,A197344,PROOF,transfer-matrix,papers/10501-11000/10813-PROOF.pdf
10814,A230393,PROOF,transfer-matrix,papers/10501-11000/10814-PROOF.pdf
10815,A206146,PROOF,perimeter-cycle,papers/10501-11000/10815-PROOF.pdf
10816,A186467,PROOF,commuting-subblock,papers/10501-11000/10816-PROOF.pdf
10817,A208504,PROOF,transfer-matrix,papers/10501-11000/10817-PROOF.pdf
10818,A186461,PROOF,commuting-subblock,papers/10501-11000/10818-PROOF.pdf
10819,A223242,PROOF,transfer-matrix,papers/10501-11000/10819-PROOF.pdf
10820,A206679,PROOF,perimeter-cycle,papers/10501-11000/10820-PROOF.pdf
10821,A253394,PROOF,monotone-subblock,papers/10501-11000/10821-PROOF.pdf
10822,A231458,PROOF,transfer-matrix,papers/10501-11000/10822-PROOF.pdf
10823,A186466,PROOF,commuting-subblock,papers/10501-11000/10823-PROOF.pdf
10824,A186161,PROOF,neighbour-set,papers/10501-11000/10824-PROOF.pdf
10825,A186474,PROOF,commuting-subblock,papers/10501-11000/10825-PROOF.pdf
10826,A205020,PROOF,matrix-subblock,papers/10501-11000/10826-PROOF.pdf
10827,A206199,PROOF,perimeter-cycle,papers/10501-11000/10827-PROOF.pdf
10828,A206745,PROOF,perimeter-cycle,papers/10501-11000/10828-PROOF.pdf
10829,A207792,PROOF,perimeter-cycle,papers/10501-11000/10829-PROOF.pdf
10830,A251127,PROOF,transfer-matrix,papers/10501-11000/10830-PROOF.pdf
10831,A261259,PROOF,subblock-3x3,papers/10501-11000/10831-PROOF.pdf
10832,A297220,PROOF,transfer-matrix,papers/10501-11000/10832-PROOF.pdf
10833,A297334,PROOF,transfer-matrix,papers/10501-11000/10833-PROOF.pdf
10834,A298179,PROOF,transfer-matrix,papers/10501-11000/10834-PROOF.pdf
10835,A298959,PROOF,transfer-matrix,papers/10501-11000/10835-PROOF.pdf
10836,A301403,PROOF,transfer-matrix,papers/10501-11000/10836-PROOF.pdf
10837,A301658,PROOF,transfer-matrix,papers/10501-11000/10837-PROOF.pdf
10838,A301837,PROOF,transfer-matrix,papers/10501-11000/10838-PROOF.pdf
10839,A302065,PROOF,transfer-matrix,papers/10501-11000/10839-PROOF.pdf
10840,A303678,PROOF,transfer-matrix,papers/10501-11000/10840-PROOF.pdf
10841,A317760,PROOF,transfer-matrix,papers/10501-11000/10841-PROOF.pdf
10842,A186460,PROOF,commuting-subblock,papers/10501-11000/10842-PROOF.pdf
10843,A209507,PROOF,transfer-matrix,papers/10501-11000/10843-PROOF.pdf
10844,A251145,PROOF,transfer-matrix,papers/10501-11000/10844-PROOF.pdf
10845,A186475,PROOF,commuting-subblock,papers/10501-11000/10845-PROOF.pdf
10846,A253393,PROOF,monotone-subblock,papers/10501-11000/10846-PROOF.pdf
10847,A186459,PROOF,commuting-subblock,papers/10501-11000/10847-PROOF.pdf
10848,A207044,PROOF,perimeter-cycle,papers/10501-11000/10848-PROOF.pdf
10849,A203358,PROOF,adjacency-precedence,papers/10501-11000/10849-PROOF.pdf
10850,A251126,PROOF,transfer-matrix,papers/10501-11000/10850-PROOF.pdf
10851,A248533,PROOF,window-condition,papers/10501-11000/10851-PROOF.pdf
10852,A221620,PROOF,permutation-row,papers/10501-11000/10852-PROOF.pdf
10853,A243515,PROOF,window-word,papers/10501-11000/10853-PROOF.pdf
10854,A186458,PROOF,commuting-subblock,papers/10501-11000/10854-PROOF.pdf
10855,A185763,PROOF,matrix-subblock,papers/10501-11000/10855-PROOF.pdf
10856,A253537,PROOF,monotone-subblock,papers/10501-11000/10856-PROOF.pdf
10857,A232303,PROOF,value-neighbour,papers/10501-11000/10857-PROOF.pdf
10858,A185552,PROOF,neighbour-set,papers/10501-11000/10858-PROOF.pdf
10859,A186465,PROOF,commuting-subblock,papers/10501-11000/10859-PROOF.pdf
10860,A186464,PROOF,commuting-subblock,papers/10501-11000/10860-PROOF.pdf
10861,A202883,PROOF,transfer-matrix,papers/10501-11000/10861-PROOF.pdf
10862,A205208,PROOF,matrix-subblock,papers/10501-11000/10862-PROOF.pdf
10863,A207719,PROOF,transfer-matrix,papers/10501-11000/10863-PROOF.pdf
10864,A208421,PROOF,transfer-matrix,papers/10501-11000/10864-PROOF.pdf
10865,A230185,PROOF,transfer-matrix,papers/10501-11000/10865-PROOF.pdf
10866,A230470,PROOF,transfer-matrix,papers/10501-11000/10866-PROOF.pdf
10867,A230676,PROOF,transfer-matrix,papers/10501-11000/10867-PROOF.pdf
10868,A232017,PROOF,transfer-matrix,papers/10501-11000/10868-PROOF.pdf
10869,A234117,PROOF,transfer-matrix,papers/10501-11000/10869-PROOF.pdf
10870,A236148,PROOF,subblock-coloring,papers/10501-11000/10870-PROOF.pdf
10871,A251144,PROOF,transfer-matrix,papers/10501-11000/10871-PROOF.pdf
10872,A251368,PROOF,transfer-matrix,papers/10501-11000/10872-PROOF.pdf
10873,A253742,PROOF,monotone-subblock,papers/10501-11000/10873-PROOF.pdf
10874,A235011,PROOF,transfer-matrix,papers/10501-11000/10874-PROOF.pdf
10875,A186788,PROOF,subblock-content,papers/10501-11000/10875-PROOF.pdf
10876,A202441,PROOF,pattern-avoidance,papers/10501-11000/10876-PROOF.pdf
10877,A232070,PROOF,cell-condition,papers/10501-11000/10877-PROOF.pdf
10878,A237853,PROOF,neighbour-set,papers/10501-11000/10878-PROOF.pdf
10879,A283410,PROOF,neighbour-set,papers/10501-11000/10879-PROOF.pdf
10880,A208486,PROOF,clockwise-perimeter,papers/10501-11000/10880-PROOF.pdf
10881,A188700,PROOF,transfer-matrix,papers/10501-11000/10881-PROOF.pdf
10882,A206015,PROOF,edge-count,papers/10501-11000/10882-PROOF.pdf
10883,A208288,PROOF,transfer-matrix,papers/10501-11000/10883-PROOF.pdf
10884,A228752,PROOF,transfer-matrix,papers/10501-11000/10884-PROOF.pdf
10885,A228794,PROOF,transfer-matrix,papers/10501-11000/10885-PROOF.pdf
10886,A234484,PROOF,transfer-matrix,papers/10501-11000/10886-PROOF.pdf
10887,A234697,PROOF,transfer-matrix,papers/10501-11000/10887-PROOF.pdf
10888,A251125,PROOF,transfer-matrix,papers/10501-11000/10888-PROOF.pdf
10889,A260200,PROOF,subblock-3x3,papers/10501-11000/10889-PROOF.pdf
10890,A295776,PROOF,transfer-matrix,papers/10501-11000/10890-PROOF.pdf
10891,A298095,PROOF,transfer-matrix,papers/10501-11000/10891-PROOF.pdf
10892,A298897,PROOF,transfer-matrix,papers/10501-11000/10892-PROOF.pdf
10893,A299590,PROOF,transfer-matrix,papers/10501-11000/10893-PROOF.pdf
10894,A299649,PROOF,transfer-matrix,papers/10501-11000/10894-PROOF.pdf
10895,A300203,PROOF,transfer-matrix,papers/10501-11000/10895-PROOF.pdf
10896,A302260,PROOF,transfer-matrix,papers/10501-11000/10896-PROOF.pdf
10897,A302416,PROOF,transfer-matrix,papers/10501-11000/10897-PROOF.pdf
10898,A302636,PROOF,transfer-matrix,papers/10501-11000/10898-PROOF.pdf
10899,A302736,PROOF,transfer-matrix,papers/10501-11000/10899-PROOF.pdf
10900,A302960,PROOF,transfer-matrix,papers/10501-11000/10900-PROOF.pdf
10901,A303183,PROOF,transfer-matrix,papers/10501-11000/10901-PROOF.pdf
10902,A303451,PROOF,transfer-matrix,papers/10501-11000/10902-PROOF.pdf
10903,A303464,PROOF,transfer-matrix,papers/10501-11000/10903-PROOF.pdf
10904,A303631,PROOF,transfer-matrix,papers/10501-11000/10904-PROOF.pdf
10905,A304770,PROOF,transfer-matrix,papers/10501-11000/10905-PROOF.pdf
10906,A305518,PROOF,transfer-matrix,papers/10501-11000/10906-PROOF.pdf
10907,A316513,PROOF,transfer-matrix,papers/10501-11000/10907-PROOF.pdf
10908,A316810,PROOF,transfer-matrix,papers/10501-11000/10908-PROOF.pdf
10909,A316955,PROOF,transfer-matrix,papers/10501-11000/10909-PROOF.pdf
10910,A317560,PROOF,transfer-matrix,papers/10501-11000/10910-PROOF.pdf
10911,A318338,PROOF,transfer-matrix,papers/10501-11000/10911-PROOF.pdf
10912,A186457,PROOF,commuting-subblock,papers/10501-11000/10912-PROOF.pdf
10913,A183336,PROOF,adjacency-precedence,papers/10501-11000/10913-PROOF.pdf
10914,A243723,PROOF,window-word,papers/10501-11000/10914-PROOF.pdf
10915,A234659,PROOF,transfer-matrix,papers/10501-11000/10915-PROOF.pdf
10916,A201695,PROOF,lexicographic-array,papers/10501-11000/10916-PROOF.pdf
10917,A206982,PROOF,pattern-avoidance,papers/10501-11000/10917-PROOF.pdf
10918,A186456,PROOF,commuting-subblock,papers/10501-11000/10918-PROOF.pdf
10919,A185791,PROOF,matrix-subblock,papers/10501-11000/10919-PROOF.pdf
10920,A207718,PROOF,transfer-matrix,papers/10501-11000/10920-PROOF.pdf
10921,A207896,PROOF,transfer-matrix,papers/10501-11000/10921-PROOF.pdf
10922,A234177,PROOF,transfer-matrix,papers/10501-11000/10922-PROOF.pdf
10923,A234491,PROOF,transfer-matrix,papers/10501-11000/10923-PROOF.pdf
10924,A234543,PROOF,transfer-matrix,papers/10501-11000/10924-PROOF.pdf
10925,A234651,PROOF,transfer-matrix,papers/10501-11000/10925-PROOF.pdf
10926,A235303,PROOF,transfer-matrix,papers/10501-11000/10926-PROOF.pdf
10927,A201371,PROOF,lexicographic-array,papers/10501-11000/10927-PROOF.pdf
10928,A229447,PROOF,line-order-array,papers/10501-11000/10928-PROOF.pdf
10929,A203374,PROOF,transfer-matrix,papers/10501-11000/10929-PROOF.pdf
10930,A232336,PROOF,value-neighbour,papers/10501-11000/10930-PROOF.pdf
10931,A250779,PROOF,transfer-matrix,papers/10501-11000/10931-PROOF.pdf
10932,A251124,PROOF,transfer-matrix,papers/10501-11000/10932-PROOF.pdf
10933,A235091,PROOF,transfer-matrix,papers/10501-11000/10933-PROOF.pdf
10934,A243600,PROOF,window-word,papers/10501-11000/10934-PROOF.pdf
10935,A209376,PROOF,transfer-matrix,papers/10501-11000/10935-PROOF.pdf
10936,A235896,PROOF,minmax-median,papers/10501-11000/10936-PROOF.pdf
10937,A235905,PROOF,minmax-median,papers/10501-11000/10937-PROOF.pdf
10938,A247527,PROOF,window-condition,papers/10501-11000/10938-PROOF.pdf
10939,A247720,PROOF,window-condition,papers/10501-11000/10939-PROOF.pdf
10940,A251143,PROOF,transfer-matrix,papers/10501-11000/10940-PROOF.pdf
10941,A251243,PROOF,transfer-matrix,papers/10501-11000/10941-PROOF.pdf
10942,A252814,PROOF,transfer-matrix,papers/10501-11000/10942-PROOF.pdf
10943,A234557,PROOF,transfer-matrix,papers/10501-11000/10943-PROOF.pdf
10944,A206261,PROOF,transfer-matrix,papers/10501-11000/10944-PROOF.pdf
10945,A204710,PROOF,matrix-subblock,papers/10501-11000/10945-PROOF.pdf
10946,A186455,PROOF,commuting-subblock,papers/10501-11000/10946-PROOF.pdf
10947,A207276,PROOF,pattern-avoidance,papers/10501-11000/10947-PROOF.pdf
10948,A267228,PROOF,repeated-value-chain,papers/10501-11000/10948-PROOF.pdf
10949,A269489,PROOF,repeated-value-chain,papers/10501-11000/10949-PROOF.pdf
10950,A269532,PROOF,repeated-value-chain,papers/10501-11000/10950-PROOF.pdf
10951,A283124,PROOF,neighbour-set,papers/10501-11000/10951-PROOF.pdf
10952,A283409,PROOF,neighbour-set,papers/10501-11000/10952-PROOF.pdf
10953,A283692,PROOF,neighbour-set,papers/10501-11000/10953-PROOF.pdf
10954,A297088,PROOF,king-move,papers/10501-11000/10954-PROOF.pdf
10955,A234762,PROOF,clockwise-perimeter,papers/10501-11000/10955-PROOF.pdf
10956,A184680,PROOF,matrix-subblock,papers/10501-11000/10956-PROOF.pdf
10957,A186454,PROOF,commuting-subblock,papers/10501-11000/10957-PROOF.pdf
10958,A200866,PROOF,window-condition,papers/10501-11000/10958-PROOF.pdf
10959,A206260,PROOF,edge-count,papers/10501-11000/10959-PROOF.pdf
10960,A210149,PROOF,transfer-matrix,papers/10501-11000/10960-PROOF.pdf
10961,A210348,PROOF,transfer-matrix,papers/10501-11000/10961-PROOF.pdf
10962,A220683,PROOF,reciprocal-link,papers/10501-11000/10962-PROOF.pdf
10963,A228386,PROOF,transfer-matrix,papers/10501-11000/10963-PROOF.pdf
10964,A229406,PROOF,pattern-avoidance,papers/10501-11000/10964-PROOF.pdf
10965,A231376,PROOF,transfer-matrix,papers/10501-11000/10965-PROOF.pdf
10966,A231524,PROOF,transfer-matrix,papers/10501-11000/10966-PROOF.pdf
10967,A233628,PROOF,transfer-matrix,papers/10501-11000/10967-PROOF.pdf
10968,A233960,PROOF,transfer-matrix,papers/10501-11000/10968-PROOF.pdf
10969,A250785,PROOF,monotone-statistic,papers/10501-11000/10969-PROOF.pdf
10970,A250792,PROOF,transfer-matrix,papers/10501-11000/10970-PROOF.pdf
10971,A250800,PROOF,monotone-statistic,papers/10501-11000/10971-PROOF.pdf
10972,A251123,PROOF,transfer-matrix,papers/10501-11000/10972-PROOF.pdf
10973,A255988,PROOF,window-word,papers/10501-11000/10973-PROOF.pdf
10974,A295091,PROOF,transfer-matrix,papers/10501-11000/10974-PROOF.pdf
10975,A295247,PROOF,transfer-matrix,papers/10501-11000/10975-PROOF.pdf
10976,A296033,PROOF,transfer-matrix,papers/10501-11000/10976-PROOF.pdf
10977,A296329,PROOF,transfer-matrix,papers/10501-11000/10977-PROOF.pdf
10978,A296957,PROOF,transfer-matrix,papers/10501-11000/10978-PROOF.pdf
10979,A296968,PROOF,transfer-matrix,papers/10501-11000/10979-PROOF.pdf
10980,A297339,PROOF,transfer-matrix,papers/10501-11000/10980-PROOF.pdf
10981,A297507,PROOF,transfer-matrix,papers/10501-11000/10981-PROOF.pdf
10982,A297734,PROOF,transfer-matrix,papers/10501-11000/10982-PROOF.pdf
10983,A297763,PROOF,transfer-matrix,papers/10501-11000/10983-PROOF.pdf
10984,A297817,PROOF,transfer-matrix,papers/10501-11000/10984-PROOF.pdf
10985,A297852,PROOF,transfer-matrix,papers/10501-11000/10985-PROOF.pdf
10986,A297883,PROOF,transfer-matrix,papers/10501-11000/10986-PROOF.pdf
10987,A297901,PROOF,transfer-matrix,papers/10501-11000/10987-PROOF.pdf
10988,A297945,PROOF,transfer-matrix,papers/10501-11000/10988-PROOF.pdf
10989,A298057,PROOF,transfer-matrix,papers/10501-11000/10989-PROOF.pdf
10990,A298148,PROOF,transfer-matrix,papers/10501-11000/10990-PROOF.pdf
10991,A298189,PROOF,transfer-matrix,papers/10501-11000/10991-PROOF.pdf
10992,A298215,PROOF,transfer-matrix,papers/10501-11000/10992-PROOF.pdf
10993,A298448,PROOF,transfer-matrix,papers/10501-11000/10993-PROOF.pdf
10994,A300344,PROOF,transfer-matrix,papers/10501-11000/10994-PROOF.pdf
10995,A302164,PROOF,transfer-matrix,papers/10501-11000/10995-PROOF.pdf
10996,A302225,PROOF,transfer-matrix,papers/10501-11000/10996-PROOF.pdf
10997,A302310,PROOF,transfer-matrix,papers/10501-11000/10997-PROOF.pdf
10998,A303684,PROOF,transfer-matrix,papers/10501-11000/10998-PROOF.pdf
10999,A303794,PROOF,transfer-matrix,papers/10501-11000/10999-PROOF.pdf
11000,A303882,PROOF,transfer-matrix,papers/10501-11000/11000-PROOF.pdf
11001,A304013,PROOF,transfer-matrix,papers/11001-11500/11001-PROOF.pdf
11002,A304052,PROOF,transfer-matrix,papers/11001-11500/11002-PROOF.pdf
11003,A304143,PROOF,transfer-matrix,papers/11001-11500/11003-PROOF.pdf
11004,A304257,PROOF,transfer-matrix,papers/11001-11500/11004-PROOF.pdf
11005,A304341,PROOF,transfer-matrix,papers/11001-11500/11005-PROOF.pdf
11006,A305091,PROOF,transfer-matrix,papers/11001-11500/11006-PROOF.pdf
11007,A317890,PROOF,transfer-matrix,papers/11001-11500/11007-PROOF.pdf
11008,A282856,PROOF,neighbour-set,papers/11001-11500/11008-PROOF.pdf
11009,A237028,PROOF,order-statistic,papers/11001-11500/11009-PROOF.pdf
11010,A267466,PROOF,repeated-value-chain,papers/11001-11500/11010-PROOF.pdf
11011,A206727,PROOF,pattern-avoidance,papers/11001-11500/11011-PROOF.pdf
11012,A202973,PROOF,neighbour-set,papers/11001-11500/11012-PROOF.pdf
11013,A269488,PROOF,repeated-value-chain,papers/11001-11500/11013-PROOF.pdf
11014,A269531,PROOF,repeated-value-chain,papers/11001-11500/11014-PROOF.pdf
11015,A235510,PROOF,transfer-matrix,papers/11001-11500/11015-PROOF.pdf
11016,A220611,PROOF,reciprocal-link,papers/11001-11500/11016-PROOF.pdf
11017,A230701,PROOF,white-squares,papers/11001-11500/11017-PROOF.pdf
11018,A183805,PROOF,subblock-condition,papers/11001-11500/11018-PROOF.pdf
11019,A183814,PROOF,subblock-condition,papers/11001-11500/11019-PROOF.pdf
11020,A184556,PROOF,transfer-matrix,papers/11001-11500/11020-PROOF.pdf
11021,A200880,PROOF,window-condition,papers/11001-11500/11021-PROOF.pdf
11022,A202882,PROOF,transfer-matrix,papers/11001-11500/11022-PROOF.pdf
11023,A205991,PROOF,edge-count,papers/11001-11500/11023-PROOF.pdf
11024,A229366,PROOF,pattern-avoidance,papers/11001-11500/11024-PROOF.pdf
11025,A230942,PROOF,white-squares,papers/11001-11500/11025-PROOF.pdf
11026,A245864,PROOF,window-condition,papers/11001-11500/11026-PROOF.pdf
11027,A250447,PROOF,monotone-statistic,papers/11001-11500/11027-PROOF.pdf
11028,A250899,PROOF,transfer-matrix,papers/11001-11500/11028-PROOF.pdf
11029,A250920,PROOF,transfer-matrix,papers/11001-11500/11029-PROOF.pdf
11030,A250943,PROOF,monotone-statistic,papers/11001-11500/11030-PROOF.pdf
11031,A250975,PROOF,transfer-matrix,papers/11001-11500/11031-PROOF.pdf
11032,A251003,PROOF,transfer-matrix,papers/11001-11500/11032-PROOF.pdf
11033,A251012,PROOF,transfer-matrix,papers/11001-11500/11033-PROOF.pdf
11034,A251403,PROOF,transfer-matrix,papers/11001-11500/11034-PROOF.pdf
11035,A259518,PROOF,clockwise-perimeter,papers/11001-11500/11035-PROOF.pdf
11036,A220629,PROOF,reciprocal-link,papers/11001-11500/11036-PROOF.pdf
11037,A220720,PROOF,reciprocal-link,papers/11001-11500/11037-PROOF.pdf
11038,A220733,PROOF,reciprocal-link,papers/11001-11500/11038-PROOF.pdf
11039,A228798,PROOF,transfer-matrix,papers/11001-11500/11039-PROOF.pdf
11040,A229439,PROOF,line-order-array,papers/11001-11500/11040-PROOF.pdf
11041,A250462,PROOF,monotone-statistic,papers/11001-11500/11041-PROOF.pdf
11042,A250577,PROOF,monotone-statistic,papers/11001-11500/11042-PROOF.pdf
11043,A250967,PROOF,transfer-matrix,papers/11001-11500/11043-PROOF.pdf
11044,A251122,PROOF,transfer-matrix,papers/11001-11500/11044-PROOF.pdf
11045,A251195,PROOF,transfer-matrix,papers/11001-11500/11045-PROOF.pdf
11046,A251213,PROOF,transfer-matrix,papers/11001-11500/11046-PROOF.pdf
11047,A251222,PROOF,transfer-matrix,papers/11001-11500/11047-PROOF.pdf
11048,A251252,PROOF,transfer-matrix,papers/11001-11500/11048-PROOF.pdf
11049,A251269,PROOF,transfer-matrix,papers/11001-11500/11049-PROOF.pdf
11050,A251286,PROOF,transfer-matrix,papers/11001-11500/11050-PROOF.pdf
11051,A251320,PROOF,transfer-matrix,papers/11001-11500/11051-PROOF.pdf
11052,A180752,PROOF,neighbour-reach,papers/11001-11500/11052-PROOF.pdf
11053,A222099,PROOF,local-array-condition,papers/11001-11500/11053-PROOF.pdf
11054,A229422,PROOF,line-order-array,papers/11001-11500/11054-PROOF.pdf
11055,A212777,PROOF,second-difference-nonzero,papers/11001-11500/11055-PROOF.pdf
11056,A235843,PROOF,subblock-multiset,papers/11001-11500/11056-PROOF.pdf
11057,A235850,PROOF,subblock-multiset,papers/11001-11500/11057-PROOF.pdf
11058,A241133,PROOF,neighbour-condition,papers/11001-11500/11058-PROOF.pdf
11059,A184190,PROOF,subblock-multiset,papers/11001-11500/11059-PROOF.pdf
11060,A184200,PROOF,subblock-multiset,papers/11001-11500/11060-PROOF.pdf
11061,A264019,PROOF,transfer-matrix,papers/11001-11500/11061-PROOF.pdf
11062,A264086,PROOF,transfer-matrix,papers/11001-11500/11062-PROOF.pdf
11063,A255227,PROOF,subblock-3x3,papers/11001-11500/11063-PROOF.pdf
11064,A257446,PROOF,subblock-3x3,papers/11001-11500/11064-PROOF.pdf
11065,A258965,PROOF,subblock-3x3,papers/11001-11500/11065-PROOF.pdf
11066,A275140,PROOF,transfer-matrix,papers/11001-11500/11066-PROOF.pdf
11067,A275506,PROOF,transfer-matrix,papers/11001-11500/11067-PROOF.pdf
11068,A255226,PROOF,subblock-3x3,papers/11001-11500/11068-PROOF.pdf
11069,A257445,PROOF,subblock-3x3,papers/11001-11500/11069-PROOF.pdf
11070,A235952,PROOF,subblock-coloring,papers/11001-11500/11070-PROOF.pdf
11071,A188822,PROOF,transfer-matrix,papers/11001-11500/11071-PROOF.pdf
11072,A188829,PROOF,transfer-matrix,papers/11001-11500/11072-PROOF.pdf
11073,A255225,PROOF,subblock-3x3,papers/11001-11500/11073-PROOF.pdf
11074,A257444,PROOF,subblock-3x3,papers/11001-11500/11074-PROOF.pdf
11075,A258963,PROOF,subblock-3x3,papers/11001-11500/11075-PROOF.pdf
11076,A196917,PROOF,transfer-matrix,papers/11001-11500/11076-PROOF.pdf
11077,A237635,PROOF,subblock-difference,papers/11001-11500/11077-PROOF.pdf
11078,A235951,PROOF,subblock-coloring,papers/11001-11500/11078-PROOF.pdf
11079,A253230,PROOF,monotone-subblock,papers/11001-11500/11079-PROOF.pdf
11080,A237634,PROOF,subblock-difference,papers/11001-11500/11080-PROOF.pdf
11081,A255224,PROOF,subblock-3x3,papers/11001-11500/11081-PROOF.pdf
11082,A257443,PROOF,subblock-3x3,papers/11001-11500/11082-PROOF.pdf
11083,A208046,PROOF,transfer-matrix,papers/11001-11500/11083-PROOF.pdf
11084,A253464,PROOF,subblock-statistic-neighbour,papers/11001-11500/11084-PROOF.pdf
11085,A233838,PROOF,forbidden-run,papers/11001-11500/11085-PROOF.pdf
11086,A235950,PROOF,subblock-coloring,papers/11001-11500/11086-PROOF.pdf
11087,A253229,PROOF,monotone-subblock,papers/11001-11500/11087-PROOF.pdf
11088,A280669,PROOF,transfer-matrix,papers/11001-11500/11088-PROOF.pdf
11089,A232332,PROOF,value-neighbour,papers/11001-11500/11089-PROOF.pdf
11090,A237633,PROOF,subblock-difference,papers/11001-11500/11090-PROOF.pdf
11091,A230588,PROOF,transfer-matrix,papers/11001-11500/11091-PROOF.pdf
11092,A188709,PROOF,transfer-matrix,papers/11001-11500/11092-PROOF.pdf
11093,A188820,PROOF,transfer-matrix,papers/11001-11500/11093-PROOF.pdf
11094,A188827,PROOF,transfer-matrix,papers/11001-11500/11094-PROOF.pdf
11095,A203822,PROOF,transfer-matrix,papers/11001-11500/11095-PROOF.pdf
11096,A255223,PROOF,subblock-3x3,papers/11001-11500/11096-PROOF.pdf
11097,A257442,PROOF,subblock-3x3,papers/11001-11500/11097-PROOF.pdf
11098,A258961,PROOF,subblock-3x3,papers/11001-11500/11098-PROOF.pdf
11099,A297296,PROOF,transfer-matrix,papers/11001-11500/11099-PROOF.pdf
11100,A301787,PROOF,transfer-matrix,papers/11001-11500/11100-PROOF.pdf
11101,A317761,PROOF,transfer-matrix,papers/11001-11500/11101-PROOF.pdf
11102,A208693,PROOF,transfer-matrix,papers/11001-11500/11102-PROOF.pdf
11103,A253228,PROOF,monotone-subblock,papers/11001-11500/11103-PROOF.pdf
11104,A235949,PROOF,subblock-coloring,papers/11001-11500/11104-PROOF.pdf
11105,A232583,PROOF,cell-condition,papers/11001-11500/11105-PROOF.pdf
11106,A232902,PROOF,cell-condition,papers/11001-11500/11106-PROOF.pdf
11107,A233490,PROOF,forbidden-run,papers/11001-11500/11107-PROOF.pdf
11108,A233611,PROOF,forbidden-run,papers/11001-11500/11108-PROOF.pdf
11109,A237632,PROOF,subblock-difference,papers/11001-11500/11109-PROOF.pdf
11110,A196630,PROOF,transfer-matrix,papers/11001-11500/11110-PROOF.pdf
11111,A196690,PROOF,transfer-matrix,papers/11001-11500/11111-PROOF.pdf
11112,A197092,PROOF,transfer-matrix,papers/11001-11500/11112-PROOF.pdf
11113,A197497,PROOF,transfer-matrix,papers/11001-11500/11113-PROOF.pdf
11114,A197617,PROOF,transfer-matrix,papers/11001-11500/11114-PROOF.pdf
11115,A206131,PROOF,perimeter-cycle,papers/11001-11500/11115-PROOF.pdf
11116,A232331,PROOF,value-neighbour,papers/11001-11500/11116-PROOF.pdf
11117,A206067,PROOF,perimeter-cycle,papers/11001-11500/11117-PROOF.pdf
11118,A246478,PROOF,window-condition,papers/11001-11500/11118-PROOF.pdf
11119,A252935,PROOF,transfer-matrix,papers/11001-11500/11119-PROOF.pdf
11120,A207045,PROOF,perimeter-cycle,papers/11001-11500/11120-PROOF.pdf
11121,A208692,PROOF,transfer-matrix,papers/11001-11500/11121-PROOF.pdf
11122,A208559,PROOF,transfer-matrix,papers/11001-11500/11122-PROOF.pdf
11123,A236991,PROOF,subblock-difference,papers/11001-11500/11123-PROOF.pdf
11124,A237243,PROOF,subblock-difference,papers/11001-11500/11124-PROOF.pdf
11125,A237378,PROOF,subblock-difference,papers/11001-11500/11125-PROOF.pdf
11126,A253227,PROOF,monotone-subblock,papers/11001-11500/11126-PROOF.pdf
11127,A253001,PROOF,transfer-matrix,papers/11001-11500/11127-PROOF.pdf
11128,A232311,PROOF,cell-condition,papers/11001-11500/11128-PROOF.pdf
11129,A206088,PROOF,perimeter-cycle,papers/11001-11500/11129-PROOF.pdf
11130,A185925,PROOF,matrix-subblock,papers/11001-11500/11130-PROOF.pdf
11131,A223396,PROOF,transfer-matrix,papers/11001-11500/11131-PROOF.pdf
11132,A228663,PROOF,transfer-matrix,papers/11001-11500/11132-PROOF.pdf
11133,A228685,PROOF,transfer-matrix,papers/11001-11500/11133-PROOF.pdf
11134,A230835,PROOF,transfer-matrix,papers/11001-11500/11134-PROOF.pdf
11135,A246732,PROOF,window-condition,papers/11001-11500/11135-PROOF.pdf
11136,A250610,PROOF,transfer-matrix,papers/11001-11500/11136-PROOF.pdf
11137,A255222,PROOF,subblock-3x3,papers/11001-11500/11137-PROOF.pdf
11138,A257441,PROOF,subblock-3x3,papers/11001-11500/11138-PROOF.pdf
11139,A259736,PROOF,subblock-3x3,papers/11001-11500/11139-PROOF.pdf
11140,A301780,PROOF,transfer-matrix,papers/11001-11500/11140-PROOF.pdf
11141,A301786,PROOF,transfer-matrix,papers/11001-11500/11141-PROOF.pdf
11142,A302006,PROOF,transfer-matrix,papers/11001-11500/11142-PROOF.pdf
11143,A302011,PROOF,transfer-matrix,papers/11001-11500/11143-PROOF.pdf
11144,A302676,PROOF,transfer-matrix,papers/11001-11500/11144-PROOF.pdf
11145,A252934,PROOF,transfer-matrix,papers/11001-11500/11145-PROOF.pdf
11146,A223442,PROOF,transfer-matrix,papers/11001-11500/11146-PROOF.pdf
11147,A253007,PROOF,transfer-matrix,papers/11001-11500/11147-PROOF.pdf
11148,A246476,PROOF,window-condition,papers/11001-11500/11148-PROOF.pdf
11149,A207458,PROOF,transfer-matrix,papers/11001-11500/11149-PROOF.pdf
11150,A208691,PROOF,transfer-matrix,papers/11001-11500/11150-PROOF.pdf
11151,A221788,PROOF,transfer-matrix,papers/11001-11500/11151-PROOF.pdf
11152,A207457,PROOF,transfer-matrix,papers/11001-11500/11152-PROOF.pdf
11153,A208557,PROOF,transfer-matrix,papers/11001-11500/11153-PROOF.pdf
11154,A253000,PROOF,transfer-matrix,papers/11001-11500/11154-PROOF.pdf
11155,A250609,PROOF,monotone-statistic,papers/11001-11500/11155-PROOF.pdf
11156,A253226,PROOF,monotone-subblock,papers/11001-11500/11156-PROOF.pdf
11157,A207456,PROOF,transfer-matrix,papers/11001-11500/11157-PROOF.pdf
11158,A207847,PROOF,transfer-matrix,papers/11001-11500/11158-PROOF.pdf
11159,A252933,PROOF,transfer-matrix,papers/11001-11500/11159-PROOF.pdf
11160,A253392,PROOF,monotone-subblock,papers/11001-11500/11160-PROOF.pdf
11161,A206065,PROOF,perimeter-cycle,papers/11001-11500/11161-PROOF.pdf
11162,A206087,PROOF,perimeter-cycle,papers/11001-11500/11162-PROOF.pdf
11163,A206407,PROOF,perimeter-cycle,papers/11001-11500/11163-PROOF.pdf
11164,A206678,PROOF,perimeter-cycle,papers/11001-11500/11164-PROOF.pdf
11165,A207043,PROOF,perimeter-cycle,papers/11001-11500/11165-PROOF.pdf
11166,A208029,PROOF,transfer-matrix,papers/11001-11500/11166-PROOF.pdf
11167,A208690,PROOF,transfer-matrix,papers/11001-11500/11167-PROOF.pdf
11168,A209225,PROOF,transfer-matrix,papers/11001-11500/11168-PROOF.pdf
11169,A209377,PROOF,transfer-matrix,papers/11001-11500/11169-PROOF.pdf
11170,A229841,PROOF,transfer-matrix,papers/11001-11500/11170-PROOF.pdf
11171,A236990,PROOF,subblock-difference,papers/11001-11500/11171-PROOF.pdf
11172,A237242,PROOF,subblock-difference,papers/11001-11500/11172-PROOF.pdf
11173,A237317,PROOF,subblock-difference,papers/11001-11500/11173-PROOF.pdf
11174,A237368,PROOF,subblock-difference,papers/11001-11500/11174-PROOF.pdf
11175,A237377,PROOF,subblock-difference,papers/11001-11500/11175-PROOF.pdf
11176,A277939,PROOF,transfer-matrix,papers/11001-11500/11176-PROOF.pdf
11177,A278000,PROOF,transfer-matrix,papers/11001-11500/11177-PROOF.pdf
11178,A278015,PROOF,transfer-matrix,papers/11001-11500/11178-PROOF.pdf
11179,A253006,PROOF,transfer-matrix,papers/11001-11500/11179-PROOF.pdf
11180,A255075,PROOF,subblock-line-sum,papers/11001-11500/11180-PROOF.pdf
11181,A256728,PROOF,subblock-line-sum,papers/11001-11500/11181-PROOF.pdf
11182,A258674,PROOF,subblock-line-sum,papers/11001-11500/11182-PROOF.pdf
11183,A205189,PROOF,edge-count,papers/11001-11500/11183-PROOF.pdf
11184,A231951,PROOF,cell-condition,papers/11001-11500/11184-PROOF.pdf
11185,A295913,PROOF,king-move,papers/11001-11500/11185-PROOF.pdf
11186,A243514,PROOF,window-word,papers/11001-11500/11186-PROOF.pdf
11187,A183684,PROOF,matrix-subblock,papers/11001-11500/11187-PROOF.pdf
11188,A183703,PROOF,matrix-subblock,papers/11001-11500/11188-PROOF.pdf
11189,A184146,PROOF,transfer-matrix,papers/11001-11500/11189-PROOF.pdf
11190,A184766,PROOF,matrix-subblock,papers/11001-11500/11190-PROOF.pdf
11191,A188819,PROOF,transfer-matrix,papers/11001-11500/11191-PROOF.pdf
11192,A188868,PROOF,transfer-matrix,papers/11001-11500/11192-PROOF.pdf
11193,A188986,PROOF,transfer-matrix,papers/11001-11500/11193-PROOF.pdf
11194,A206249,PROOF,transfer-matrix,papers/11001-11500/11194-PROOF.pdf
11195,A207455,PROOF,transfer-matrix,papers/11001-11500/11195-PROOF.pdf
11196,A228755,PROOF,transfer-matrix,papers/11001-11500/11196-PROOF.pdf
11197,A250608,PROOF,monotone-statistic,papers/11001-11500/11197-PROOF.pdf
11198,A251277,PROOF,transfer-matrix,papers/11001-11500/11198-PROOF.pdf
11199,A255221,PROOF,subblock-3x3,papers/11001-11500/11199-PROOF.pdf
11200,A259635,PROOF,subblock-3x3,papers/11001-11500/11200-PROOF.pdf
11201,A259716,PROOF,subblock-3x3,papers/11001-11500/11201-PROOF.pdf
11202,A259887,PROOF,subblock-3x3,papers/11001-11500/11202-PROOF.pdf
11203,A260131,PROOF,subblock-3x3,papers/11001-11500/11203-PROOF.pdf
11204,A297300,PROOF,transfer-matrix,papers/11001-11500/11204-PROOF.pdf
11205,A297309,PROOF,transfer-matrix,papers/11001-11500/11205-PROOF.pdf
11206,A297390,PROOF,transfer-matrix,papers/11001-11500/11206-PROOF.pdf
11207,A301657,PROOF,transfer-matrix,papers/11001-11500/11207-PROOF.pdf
11208,A301965,PROOF,transfer-matrix,papers/11001-11500/11208-PROOF.pdf
11209,A302165,PROOF,transfer-matrix,papers/11001-11500/11209-PROOF.pdf
11210,A302422,PROOF,transfer-matrix,papers/11001-11500/11210-PROOF.pdf
11211,A302510,PROOF,transfer-matrix,papers/11001-11500/11211-PROOF.pdf
11212,A302516,PROOF,transfer-matrix,papers/11001-11500/11212-PROOF.pdf
11213,A302624,PROOF,transfer-matrix,papers/11001-11500/11213-PROOF.pdf
11214,A302681,PROOF,transfer-matrix,papers/11001-11500/11214-PROOF.pdf
11215,A302803,PROOF,transfer-matrix,papers/11001-11500/11215-PROOF.pdf
11216,A303309,PROOF,transfer-matrix,papers/11001-11500/11216-PROOF.pdf
11217,A303315,PROOF,transfer-matrix,papers/11001-11500/11217-PROOF.pdf
11218,A303422,PROOF,transfer-matrix,papers/11001-11500/11218-PROOF.pdf
11219,A304216,PROOF,transfer-matrix,papers/11001-11500/11219-PROOF.pdf
11220,A316803,PROOF,transfer-matrix,papers/11001-11500/11220-PROOF.pdf
11221,A317520,PROOF,transfer-matrix,papers/11001-11500/11221-PROOF.pdf
11222,A221764,PROOF,transfer-matrix,papers/11001-11500/11222-PROOF.pdf
11223,A252999,PROOF,transfer-matrix,papers/11001-11500/11223-PROOF.pdf
11224,A245993,PROOF,window-condition,papers/11001-11500/11224-PROOF.pdf
11225,A205188,PROOF,edge-count,papers/11001-11500/11225-PROOF.pdf
11226,A204610,PROOF,matrix-subblock,papers/11001-11500/11226-PROOF.pdf
11227,A253344,PROOF,monotone-subblock,papers/11001-11500/11227-PROOF.pdf
11228,A204678,PROOF,forbidden-run,papers/11001-11500/11228-PROOF.pdf
11229,A253391,PROOF,monotone-subblock,papers/11001-11500/11229-PROOF.pdf
11230,A202594,PROOF,pattern-avoidance,papers/11001-11500/11230-PROOF.pdf
11231,A203357,PROOF,adjacency-precedence,papers/11001-11500/11231-PROOF.pdf
11232,A206535,PROOF,clockwise-perimeter,papers/11001-11500/11232-PROOF.pdf
11233,A252932,PROOF,transfer-matrix,papers/11001-11500/11233-PROOF.pdf
11234,A207454,PROOF,transfer-matrix,papers/11001-11500/11234-PROOF.pdf
11235,A207694,PROOF,transfer-matrix,papers/11001-11500/11235-PROOF.pdf
11236,A207929,PROOF,transfer-matrix,papers/11001-11500/11236-PROOF.pdf
11237,A208064,PROOF,transfer-matrix,papers/11001-11500/11237-PROOF.pdf
11238,A233951,PROOF,transfer-matrix,papers/11001-11500/11238-PROOF.pdf
11239,A234674,PROOF,transfer-matrix,papers/11001-11500/11239-PROOF.pdf
11240,A242578,PROOF,window-word,papers/11001-11500/11240-PROOF.pdf
11241,A243038,PROOF,window-word,papers/11001-11500/11241-PROOF.pdf
11242,A243383,PROOF,window-word,papers/11001-11500/11242-PROOF.pdf
11243,A228751,PROOF,transfer-matrix,papers/11001-11500/11243-PROOF.pdf
11244,A228793,PROOF,transfer-matrix,papers/11001-11500/11244-PROOF.pdf
11245,A236324,PROOF,subblock-coloring,papers/11001-11500/11245-PROOF.pdf
11246,A250607,PROOF,monotone-statistic,papers/11001-11500/11246-PROOF.pdf
11247,A250952,PROOF,transfer-matrix,papers/11001-11500/11247-PROOF.pdf
11248,A243722,PROOF,window-word,papers/11001-11500/11248-PROOF.pdf
11249,A183324,PROOF,adjacency-precedence,papers/11001-11500/11249-PROOF.pdf
11250,A234826,PROOF,clockwise-perimeter,papers/11001-11500/11250-PROOF.pdf
11251,A183691,PROOF,matrix-subblock,papers/11001-11500/11251-PROOF.pdf
11252,A184369,PROOF,transfer-matrix,papers/11001-11500/11252-PROOF.pdf
11253,A185514,PROOF,matrix-subblock,papers/11001-11500/11253-PROOF.pdf
11254,A202117,PROOF,window-condition,papers/11001-11500/11254-PROOF.pdf
11255,A205817,PROOF,edge-count,papers/11001-11500/11255-PROOF.pdf
11256,A206466,PROOF,transfer-matrix,papers/11001-11500/11256-PROOF.pdf
11257,A209790,PROOF,transfer-matrix,papers/11001-11500/11257-PROOF.pdf
11258,A234116,PROOF,transfer-matrix,papers/11001-11500/11258-PROOF.pdf
11259,A246473,PROOF,window-condition,papers/11001-11500/11259-PROOF.pdf
11260,A196423,PROOF,transfer-matrix,papers/11001-11500/11260-PROOF.pdf
11261,A196537,PROOF,transfer-matrix,papers/11001-11500/11261-PROOF.pdf
11262,A234029,PROOF,transfer-matrix,papers/11001-11500/11262-PROOF.pdf
11263,A234162,PROOF,transfer-matrix,papers/11001-11500/11263-PROOF.pdf
11264,A234210,PROOF,transfer-matrix,papers/11001-11500/11264-PROOF.pdf
11265,A234444,PROOF,transfer-matrix,papers/11001-11500/11265-PROOF.pdf
11266,A235271,PROOF,transfer-matrix,papers/11001-11500/11266-PROOF.pdf
11267,A245991,PROOF,window-condition,papers/11001-11500/11267-PROOF.pdf
11268,A248429,PROOF,window-condition,papers/11001-11500/11268-PROOF.pdf
11269,A221619,PROOF,permutation-row,papers/11001-11500/11269-PROOF.pdf
11270,A203365,PROOF,adjacency-precedence,papers/11001-11500/11270-PROOF.pdf
11271,A183503,PROOF,cell-condition,papers/11001-11500/11271-PROOF.pdf
11272,A185828,PROOF,neighbour-set,papers/11001-11500/11272-PROOF.pdf
11273,A205250,PROOF,edge-count,papers/11001-11500/11273-PROOF.pdf
11274,A232031,PROOF,cell-condition,papers/11001-11500/11274-PROOF.pdf
11275,A232077,PROOF,cell-condition,papers/11001-11500/11275-PROOF.pdf
11276,A232317,PROOF,cell-condition,papers/11001-11500/11276-PROOF.pdf
11277,A234875,PROOF,transfer-matrix,papers/11001-11500/11277-PROOF.pdf
11278,A234914,PROOF,transfer-matrix,papers/11001-11500/11278-PROOF.pdf
11279,A235080,PROOF,transfer-matrix,papers/11001-11500/11279-PROOF.pdf
11280,A282522,PROOF,king-move,papers/11001-11500/11280-PROOF.pdf
11281,A283858,PROOF,neighbour-set,papers/11001-11500/11281-PROOF.pdf
11282,A221454,PROOF,window-condition,papers/11001-11500/11282-PROOF.pdf
11283,A183330,PROOF,adjacency-precedence,papers/11001-11500/11283-PROOF.pdf
11284,A201975,PROOF,lexicographic-array,papers/11001-11500/11284-PROOF.pdf
11285,A259245,PROOF,clockwise-perimeter,papers/11001-11500/11285-PROOF.pdf
11286,A183794,PROOF,transfer-matrix,papers/11001-11500/11286-PROOF.pdf
11287,A185459,PROOF,matrix-subblock,papers/11001-11500/11287-PROOF.pdf
11288,A185790,PROOF,matrix-subblock,papers/11001-11500/11288-PROOF.pdf
11289,A200833,PROOF,window-condition,papers/11001-11500/11289-PROOF.pdf
11290,A204543,PROOF,matrix-subblock,papers/11001-11500/11290-PROOF.pdf
11291,A206078,PROOF,edge-count,papers/11001-11500/11291-PROOF.pdf
11292,A206190,PROOF,edge-count,papers/11001-11500/11292-PROOF.pdf
11293,A209546,PROOF,transfer-matrix,papers/11001-11500/11293-PROOF.pdf
11294,A210293,PROOF,transfer-matrix,papers/11001-11500/11294-PROOF.pdf
11295,A220559,PROOF,reciprocal-link,papers/11001-11500/11295-PROOF.pdf
11296,A228502,PROOF,transfer-matrix,papers/11001-11500/11296-PROOF.pdf
11297,A233675,PROOF,transfer-matrix,papers/11001-11500/11297-PROOF.pdf
11298,A233726,PROOF,transfer-matrix,papers/11001-11500/11298-PROOF.pdf
11299,A233785,PROOF,transfer-matrix,papers/11001-11500/11299-PROOF.pdf
11300,A234326,PROOF,transfer-matrix,papers/11001-11500/11300-PROOF.pdf
11301,A235291,PROOF,transfer-matrix,papers/11001-11500/11301-PROOF.pdf
11302,A236323,PROOF,subblock-coloring,papers/11001-11500/11302-PROOF.pdf
11303,A248428,PROOF,window-condition,papers/11001-11500/11303-PROOF.pdf
11304,A250606,PROOF,monotone-statistic,papers/11001-11500/11304-PROOF.pdf
11305,A250928,PROOF,transfer-matrix,papers/11001-11500/11305-PROOF.pdf
11306,A251229,PROOF,transfer-matrix,papers/11001-11500/11306-PROOF.pdf
11307,A251374,PROOF,transfer-matrix,papers/11001-11500/11307-PROOF.pdf
11308,A251492,PROOF,transfer-matrix,papers/11001-11500/11308-PROOF.pdf
11309,A251500,PROOF,transfer-matrix,papers/11001-11500/11309-PROOF.pdf
11310,A278281,PROOF,transfer-matrix,papers/11001-11500/11310-PROOF.pdf
11311,A295841,PROOF,transfer-matrix,papers/11001-11500/11311-PROOF.pdf
11312,A296946,PROOF,transfer-matrix,papers/11001-11500/11312-PROOF.pdf
11313,A297432,PROOF,transfer-matrix,papers/11001-11500/11313-PROOF.pdf
11314,A297458,PROOF,transfer-matrix,papers/11001-11500/11314-PROOF.pdf
11315,A297520,PROOF,transfer-matrix,papers/11001-11500/11315-PROOF.pdf
11316,A297583,PROOF,transfer-matrix,papers/11001-11500/11316-PROOF.pdf
11317,A297809,PROOF,transfer-matrix,papers/11001-11500/11317-PROOF.pdf
11318,A297860,PROOF,transfer-matrix,papers/11001-11500/11318-PROOF.pdf
11319,A297870,PROOF,transfer-matrix,papers/11001-11500/11319-PROOF.pdf
11320,A297909,PROOF,transfer-matrix,papers/11001-11500/11320-PROOF.pdf
11321,A297917,PROOF,transfer-matrix,papers/11001-11500/11321-PROOF.pdf
11322,A297937,PROOF,transfer-matrix,papers/11001-11500/11322-PROOF.pdf
11323,A297953,PROOF,transfer-matrix,papers/11001-11500/11323-PROOF.pdf
11324,A297980,PROOF,transfer-matrix,papers/11001-11500/11324-PROOF.pdf
11325,A298569,PROOF,transfer-matrix,papers/11001-11500/11325-PROOF.pdf
11326,A301842,PROOF,transfer-matrix,papers/11001-11500/11326-PROOF.pdf
11327,A302266,PROOF,transfer-matrix,papers/11001-11500/11327-PROOF.pdf
11328,A302279,PROOF,transfer-matrix,papers/11001-11500/11328-PROOF.pdf
11329,A302368,PROOF,transfer-matrix,papers/11001-11500/11329-PROOF.pdf
11330,A303677,PROOF,transfer-matrix,papers/11001-11500/11330-PROOF.pdf
11331,A303721,PROOF,transfer-matrix,papers/11001-11500/11331-PROOF.pdf
11332,A303802,PROOF,transfer-matrix,papers/11001-11500/11332-PROOF.pdf
11333,A303890,PROOF,transfer-matrix,papers/11001-11500/11333-PROOF.pdf
11334,A303963,PROOF,transfer-matrix,papers/11001-11500/11334-PROOF.pdf
11335,A304004,PROOF,transfer-matrix,papers/11001-11500/11335-PROOF.pdf
11336,A304304,PROOF,transfer-matrix,papers/11001-11500/11336-PROOF.pdf
11337,A304349,PROOF,transfer-matrix,papers/11001-11500/11337-PROOF.pdf
11338,A317759,PROOF,transfer-matrix,papers/11001-11500/11338-PROOF.pdf
11339,A318010,PROOF,transfer-matrix,papers/11001-11500/11339-PROOF.pdf
11340,A318062,PROOF,transfer-matrix,papers/11001-11500/11340-PROOF.pdf
11341,A229446,PROOF,line-order-array,papers/11001-11500/11341-PROOF.pdf
11342,A282990,PROOF,neighbour-set,papers/11001-11500/11342-PROOF.pdf
11343,A204709,PROOF,matrix-subblock,papers/11001-11500/11343-PROOF.pdf
11344,A211327,PROOF,transfer-matrix,papers/11001-11500/11344-PROOF.pdf
11345,A267227,PROOF,repeated-value-chain,papers/11001-11500/11345-PROOF.pdf
11346,A207008,PROOF,pattern-avoidance,papers/11001-11500/11346-PROOF.pdf
11347,A220647,PROOF,reciprocal-link,papers/11001-11500/11347-PROOF.pdf
11348,A183494,PROOF,cell-condition,papers/11001-11500/11348-PROOF.pdf
11349,A268255,PROOF,repeated-value-chain,papers/11001-11500/11349-PROOF.pdf
11350,A269578,PROOF,repeated-value-chain,papers/11001-11500/11350-PROOF.pdf
11351,A269601,PROOF,repeated-value-chain,papers/11001-11500/11351-PROOF.pdf
11352,A183357,PROOF,local-array-condition,papers/11001-11500/11352-PROOF.pdf
11353,A189450,PROOF,transfer-matrix,papers/11001-11500/11353-PROOF.pdf
11354,A235216,PROOF,clockwise-perimeter,papers/11001-11500/11354-PROOF.pdf
11355,A184489,PROOF,transfer-matrix,papers/11001-11500/11355-PROOF.pdf
11356,A200865,PROOF,window-condition,papers/11001-11500/11356-PROOF.pdf
11357,A201081,PROOF,window-condition,papers/11001-11500/11357-PROOF.pdf
11358,A201347,PROOF,lexicographic-array,papers/11001-11500/11358-PROOF.pdf
11359,A220616,PROOF,reciprocal-link,papers/11001-11500/11359-PROOF.pdf
11360,A233942,PROOF,transfer-matrix,papers/11001-11500/11360-PROOF.pdf
11361,A239024,PROOF,transfer-matrix,papers/11001-11500/11361-PROOF.pdf
11362,A250834,PROOF,transfer-matrix,papers/11001-11500/11362-PROOF.pdf
11363,A250891,PROOF,monotone-statistic,papers/11001-11500/11363-PROOF.pdf
11364,A259244,PROOF,clockwise-perimeter,papers/11001-11500/11364-PROOF.pdf
11365,A259509,PROOF,clockwise-perimeter,papers/11001-11500/11365-PROOF.pdf
11366,A267465,PROOF,repeated-value-chain,papers/11001-11500/11366-PROOF.pdf
11367,A201618,PROOF,lexicographic-array,papers/11001-11500/11367-PROOF.pdf
11368,A220558,PROOF,reciprocal-link,papers/11001-11500/11368-PROOF.pdf
11369,A220590,PROOF,reciprocal-link,papers/11001-11500/11369-PROOF.pdf
11370,A220726,PROOF,reciprocal-link,papers/11001-11500/11370-PROOF.pdf
11371,A221510,PROOF,window-condition,papers/11001-11500/11371-PROOF.pdf
11372,A221519,PROOF,window-condition,papers/11001-11500/11372-PROOF.pdf
11373,A228385,PROOF,transfer-matrix,papers/11001-11500/11373-PROOF.pdf
11374,A250605,PROOF,monotone-statistic,papers/11001-11500/11374-PROOF.pdf
11375,A250784,PROOF,transfer-matrix,papers/11001-11500/11375-PROOF.pdf
11376,A250791,PROOF,transfer-matrix,papers/11001-11500/11376-PROOF.pdf
11377,A250799,PROOF,monotone-statistic,papers/11001-11500/11377-PROOF.pdf
11378,A251094,PROOF,transfer-matrix,papers/11001-11500/11378-PROOF.pdf
11379,A251262,PROOF,transfer-matrix,papers/11001-11500/11379-PROOF.pdf
11380,A202414,PROOF,local-array-condition,papers/11001-11500/11380-PROOF.pdf
11381,A222001,PROOF,permutation-row,papers/11001-11500/11381-PROOF.pdf
11382,A230648,PROOF,white-squares,papers/11001-11500/11382-PROOF.pdf
11383,A240888,PROOF,neighbour-condition,papers/11001-11500/11383-PROOF.pdf
11384,A277653,PROOF,neighbour-reach,papers/11001-11500/11384-PROOF.pdf
11385,A181247,PROOF,subblock-condition,papers/11001-11500/11385-PROOF.pdf
11386,A183616,PROOF,subblock-multiset,papers/11001-11500/11386-PROOF.pdf
11387,A183838,PROOF,subblock-condition,papers/11001-11500/11387-PROOF.pdf
11388,A214181,PROOF,transfer-matrix,papers/11001-11500/11388-PROOF.pdf
11389,A220547,PROOF,reciprocal-link,papers/11001-11500/11389-PROOF.pdf
11390,A229397,PROOF,parity-difference,papers/11001-11500/11390-PROOF.pdf
11391,A230647,PROOF,white-squares,papers/11001-11500/11391-PROOF.pdf
11392,A262267,PROOF,transfer-matrix,papers/11001-11500/11392-PROOF.pdf
11393,A181207,PROOF,local-array-condition,papers/11001-11500/11393-PROOF.pdf
11394,A183314,PROOF,parity-difference,papers/11001-11500/11394-PROOF.pdf
11395,A183587,PROOF,subblock-multiset,papers/11001-11500/11395-PROOF.pdf
11396,A183596,PROOF,subblock-multiset,papers/11001-11500/11396-PROOF.pdf
11397,A212776,PROOF,second-difference-nonzero,papers/11001-11500/11397-PROOF.pdf
11398,A235974,PROOF,subblock-multiset,papers/11001-11500/11398-PROOF.pdf
11399,A236271,PROOF,subblock-multiset,papers/11001-11500/11399-PROOF.pdf
11400,A240478,PROOF,neighbour-reach,papers/11001-11500/11400-PROOF.pdf
11401,A250576,PROOF,monotone-statistic,papers/11001-11500/11401-PROOF.pdf
11402,A250730,PROOF,monotone-statistic,papers/11001-11500/11402-PROOF.pdf
11403,A251194,PROOF,transfer-matrix,papers/11001-11500/11403-PROOF.pdf
11404,A251285,PROOF,transfer-matrix,papers/11001-11500/11404-PROOF.pdf
11405,A251310,PROOF,transfer-matrix,papers/11001-11500/11405-PROOF.pdf
11406,A252110,PROOF,subblock-3x3,papers/11001-11500/11406-PROOF.pdf
11407,A204413,PROOF,subblock-3x3,papers/11001-11500/11407-PROOF.pdf
11408,A252528,PROOF,subblock-3x3,papers/11001-11500/11408-PROOF.pdf
11409,A252536,PROOF,subblock-3x3,papers/11001-11500/11409-PROOF.pdf
11410,A205984,PROOF,transfer-matrix,papers/11001-11500/11410-PROOF.pdf
11411,A204415,PROOF,subblock-3x3,papers/11001-11500/11411-PROOF.pdf
11412,A204753,PROOF,transfer-matrix,papers/11001-11500/11412-PROOF.pdf
11413,A206115,PROOF,transfer-matrix,papers/11001-11500/11413-PROOF.pdf
11414,A204752,PROOF,transfer-matrix,papers/11001-11500/11414-PROOF.pdf
11415,A223693,PROOF,transfer-matrix,papers/11001-11500/11415-PROOF.pdf
11416,A205983,PROOF,transfer-matrix,papers/11001-11500/11416-PROOF.pdf
11417,A204414,PROOF,subblock-3x3,papers/11001-11500/11417-PROOF.pdf
11418,A206092,PROOF,transfer-matrix,papers/11001-11500/11418-PROOF.pdf
11419,A206114,PROOF,transfer-matrix,papers/11001-11500/11419-PROOF.pdf
11420,A206203,PROOF,transfer-matrix,papers/11001-11500/11420-PROOF.pdf
11421,A253454,PROOF,monotone-subblock,papers/11001-11500/11421-PROOF.pdf
11422,A253493,PROOF,monotone-subblock,papers/11001-11500/11422-PROOF.pdf
11423,A253500,PROOF,monotone-subblock,papers/11001-11500/11423-PROOF.pdf
11424,A183631,PROOF,transfer-matrix,papers/11001-11500/11424-PROOF.pdf
11425,A204751,PROOF,transfer-matrix,papers/11001-11500/11425-PROOF.pdf
11426,A301796,PROOF,transfer-matrix,papers/11001-11500/11426-PROOF.pdf
11427,A266007,PROOF,cell-condition,papers/11001-11500/11427-PROOF.pdf
11428,A206091,PROOF,transfer-matrix,papers/11001-11500/11428-PROOF.pdf
11429,A205982,PROOF,perimeter-cycle,papers/11001-11500/11429-PROOF.pdf
11430,A253453,PROOF,monotone-subblock,papers/11001-11500/11430-PROOF.pdf
11431,A253492,PROOF,monotone-subblock,papers/11001-11500/11431-PROOF.pdf
11432,A253499,PROOF,monotone-subblock,papers/11001-11500/11432-PROOF.pdf
11433,A232510,PROOF,cell-condition,papers/11001-11500/11433-PROOF.pdf
11434,A183630,PROOF,transfer-matrix,papers/11001-11500/11434-PROOF.pdf
11435,A209726,PROOF,transfer-matrix,papers/11001-11500/11435-PROOF.pdf
11436,A206113,PROOF,perimeter-cycle,papers/11001-11500/11436-PROOF.pdf
11437,A207047,PROOF,transfer-matrix,papers/11001-11500/11437-PROOF.pdf
11438,A203730,PROOF,transfer-matrix,papers/11001-11500/11438-PROOF.pdf
11439,A222460,PROOF,transfer-matrix,papers/11001-11500/11439-PROOF.pdf
11440,A301795,PROOF,transfer-matrix,papers/11001-11500/11440-PROOF.pdf
11441,A253452,PROOF,monotone-subblock,papers/11001-11500/11441-PROOF.pdf
11442,A253491,PROOF,monotone-subblock,papers/11001-11500/11442-PROOF.pdf
11443,A253498,PROOF,monotone-subblock,papers/11001-11500/11443-PROOF.pdf
11444,A206090,PROOF,perimeter-cycle,papers/11001-11500/11444-PROOF.pdf
11445,A203882,PROOF,transfer-matrix,papers/11001-11500/11445-PROOF.pdf
11446,A222337,PROOF,transfer-matrix,papers/11001-11500/11446-PROOF.pdf
11447,A183629,PROOF,transfer-matrix,papers/11001-11500/11447-PROOF.pdf
11448,A209532,PROOF,transfer-matrix,papers/11001-11500/11448-PROOF.pdf
11449,A209725,PROOF,transfer-matrix,papers/11001-11500/11449-PROOF.pdf
11450,A207046,PROOF,perimeter-cycle,papers/11001-11500/11450-PROOF.pdf
11451,A253451,PROOF,monotone-subblock,papers/11001-11500/11451-PROOF.pdf
11452,A253490,PROOF,monotone-subblock,papers/11001-11500/11452-PROOF.pdf
11453,A253497,PROOF,monotone-subblock,papers/11001-11500/11453-PROOF.pdf
11454,A203929,PROOF,transfer-matrix,papers/11001-11500/11454-PROOF.pdf
11455,A222277,PROOF,transfer-matrix,papers/11001-11500/11455-PROOF.pdf
11456,A208844,PROOF,transfer-matrix,papers/11001-11500/11456-PROOF.pdf
11457,A301794,PROOF,transfer-matrix,papers/11001-11500/11457-PROOF.pdf
11458,A206089,PROOF,perimeter-cycle,papers/11001-11500/11458-PROOF.pdf
11459,A230063,PROOF,transfer-matrix,papers/11001-11500/11459-PROOF.pdf
11460,A252834,PROOF,transfer-matrix,papers/11001-11500/11460-PROOF.pdf
11461,A265987,PROOF,transfer-matrix,papers/11001-11500/11461-PROOF.pdf
11462,A197469,PROOF,transfer-matrix,papers/11001-11500/11462-PROOF.pdf
11463,A203651,PROOF,transfer-matrix,papers/11001-11500/11463-PROOF.pdf
11464,A222140,PROOF,transfer-matrix,papers/11001-11500/11464-PROOF.pdf
11465,A232290,PROOF,value-neighbour,papers/11001-11500/11465-PROOF.pdf
11466,A208843,PROOF,transfer-matrix,papers/11001-11500/11466-PROOF.pdf
11467,A252980,PROOF,transfer-matrix,papers/11001-11500/11467-PROOF.pdf
11468,A253221,PROOF,transfer-matrix,papers/11001-11500/11468-PROOF.pdf
11469,A206338,PROOF,commuting-subblock,papers/11001-11500/11469-PROOF.pdf
11470,A253450,PROOF,monotone-subblock,papers/11001-11500/11470-PROOF.pdf
11471,A253489,PROOF,monotone-subblock,papers/11001-11500/11471-PROOF.pdf
11472,A253496,PROOF,monotone-subblock,papers/11001-11500/11472-PROOF.pdf
11473,A252833,PROOF,transfer-matrix,papers/11001-11500/11473-PROOF.pdf
11474,A206339,PROOF,commuting-subblock,papers/11001-11500/11474-PROOF.pdf
11475,A229690,PROOF,transfer-matrix,papers/11001-11500/11475-PROOF.pdf
11476,A238518,PROOF,neighbour-set,papers/11001-11500/11476-PROOF.pdf
11477,A188708,PROOF,transfer-matrix,papers/11001-11500/11477-PROOF.pdf
11478,A203791,PROOF,transfer-matrix,papers/11001-11500/11478-PROOF.pdf
11479,A206130,PROOF,perimeter-cycle,papers/11001-11500/11479-PROOF.pdf
11480,A208558,PROOF,transfer-matrix,papers/11001-11500/11480-PROOF.pdf
11481,A223395,PROOF,transfer-matrix,papers/11001-11500/11481-PROOF.pdf
11482,A223434,PROOF,transfer-matrix,papers/11001-11500/11482-PROOF.pdf
11483,A230245,PROOF,transfer-matrix,papers/11001-11500/11483-PROOF.pdf
11484,A301793,PROOF,transfer-matrix,papers/11001-11500/11484-PROOF.pdf
11485,A301960,PROOF,transfer-matrix,papers/11001-11500/11485-PROOF.pdf
11486,A301995,PROOF,transfer-matrix,papers/11001-11500/11486-PROOF.pdf
11487,A317513,PROOF,transfer-matrix,papers/11001-11500/11487-PROOF.pdf
11488,A209531,PROOF,transfer-matrix,papers/11001-11500/11488-PROOF.pdf
11489,A209723,PROOF,transfer-matrix,papers/11001-11500/11489-PROOF.pdf
11490,A223337,PROOF,transfer-matrix,papers/11001-11500/11490-PROOF.pdf
11491,A253220,PROOF,transfer-matrix,papers/11001-11500/11491-PROOF.pdf
11492,A208842,PROOF,transfer-matrix,papers/11001-11500/11492-PROOF.pdf
11493,A206336,PROOF,transfer-matrix,papers/11001-11500/11493-PROOF.pdf
11494,A252979,PROOF,transfer-matrix,papers/11001-11500/11494-PROOF.pdf
11495,A208503,PROOF,transfer-matrix,papers/11001-11500/11495-PROOF.pdf
11496,A206145,PROOF,perimeter-cycle,papers/11001-11500/11496-PROOF.pdf
11497,A207146,PROOF,commuting-subblock,papers/11001-11500/11497-PROOF.pdf
11498,A252832,PROOF,transfer-matrix,papers/11001-11500/11498-PROOF.pdf
11499,A204699,PROOF,forbidden-run,papers/11001-11500/11499-PROOF.pdf
11500,A221374,PROOF,transfer-matrix,papers/11001-11500/11500-PROOF.pdf
11501,A229689,PROOF,transfer-matrix,papers/11501-12000/11501-PROOF.pdf
11502,A253219,PROOF,transfer-matrix,papers/11501-12000/11502-PROOF.pdf
11503,A206337,PROOF,commuting-subblock,papers/11501-12000/11503-PROOF.pdf
11504,A232453,PROOF,value-neighbour,papers/11501-12000/11504-PROOF.pdf
11505,A229749,PROOF,transfer-matrix,papers/11501-12000/11505-PROOF.pdf
11506,A232508,PROOF,cell-condition,papers/11501-12000/11506-PROOF.pdf
11507,A232901,PROOF,cell-condition,papers/11501-12000/11507-PROOF.pdf
11508,A232935,PROOF,cell-condition,papers/11501-12000/11508-PROOF.pdf
11509,A183626,PROOF,transfer-matrix,papers/11501-12000/11509-PROOF.pdf
11510,A186133,PROOF,matrix-subblock,papers/11501-12000/11510-PROOF.pdf
11511,A203830,PROOF,transfer-matrix,papers/11501-12000/11511-PROOF.pdf
11512,A208079,PROOF,transfer-matrix,papers/11501-12000/11512-PROOF.pdf
11513,A208556,PROOF,transfer-matrix,papers/11501-12000/11513-PROOF.pdf
11514,A208841,PROOF,transfer-matrix,papers/11501-12000/11514-PROOF.pdf
11515,A209506,PROOF,transfer-matrix,papers/11501-12000/11515-PROOF.pdf
11516,A209722,PROOF,transfer-matrix,papers/11501-12000/11516-PROOF.pdf
11517,A230269,PROOF,transfer-matrix,papers/11501-12000/11517-PROOF.pdf
11518,A230331,PROOF,transfer-matrix,papers/11501-12000/11518-PROOF.pdf
11519,A230520,PROOF,transfer-matrix,papers/11501-12000/11519-PROOF.pdf
11520,A253449,PROOF,monotone-subblock,papers/11501-12000/11520-PROOF.pdf
11521,A207144,PROOF,commuting-subblock,papers/11501-12000/11521-PROOF.pdf
11522,A258918,PROOF,subblock-line-sum,papers/11501-12000/11522-PROOF.pdf
11523,A268943,PROOF,repeated-value-chain,papers/11501-12000/11523-PROOF.pdf
11524,A269466,PROOF,repeated-value-chain,papers/11501-12000/11524-PROOF.pdf
11525,A269677,PROOF,repeated-value-chain,papers/11501-12000/11525-PROOF.pdf
11526,A269689,PROOF,repeated-value-chain,papers/11501-12000/11526-PROOF.pdf
11527,A269775,PROOF,repeated-value-chain,papers/11501-12000/11527-PROOF.pdf
11528,A232289,PROOF,value-neighbour,papers/11501-12000/11528-PROOF.pdf
11529,A252831,PROOF,transfer-matrix,papers/11501-12000/11529-PROOF.pdf
11530,A183304,PROOF,transfer-matrix,papers/11501-12000/11530-PROOF.pdf
11531,A228662,PROOF,transfer-matrix,papers/11501-12000/11531-PROOF.pdf
11532,A228684,PROOF,transfer-matrix,papers/11501-12000/11532-PROOF.pdf
11533,A246474,PROOF,window-condition,papers/11501-12000/11533-PROOF.pdf
11534,A252978,PROOF,transfer-matrix,papers/11501-12000/11534-PROOF.pdf
11535,A258959,PROOF,subblock-3x3,papers/11501-12000/11535-PROOF.pdf
11536,A261106,PROOF,subblock-3x3,papers/11501-12000/11536-PROOF.pdf
11537,A297219,PROOF,transfer-matrix,papers/11501-12000/11537-PROOF.pdf
11538,A297333,PROOF,transfer-matrix,papers/11501-12000/11538-PROOF.pdf
11539,A297369,PROOF,transfer-matrix,papers/11501-12000/11539-PROOF.pdf
11540,A300177,PROOF,transfer-matrix,papers/11501-12000/11540-PROOF.pdf
11541,A300799,PROOF,transfer-matrix,papers/11501-12000/11541-PROOF.pdf
11542,A301438,PROOF,transfer-matrix,papers/11501-12000/11542-PROOF.pdf
11543,A301792,PROOF,transfer-matrix,papers/11501-12000/11543-PROOF.pdf
11544,A301879,PROOF,transfer-matrix,papers/11501-12000/11544-PROOF.pdf
11545,A301902,PROOF,transfer-matrix,papers/11501-12000/11545-PROOF.pdf
11546,A301946,PROOF,transfer-matrix,papers/11501-12000/11546-PROOF.pdf
11547,A301959,PROOF,transfer-matrix,papers/11501-12000/11547-PROOF.pdf
11548,A301994,PROOF,transfer-matrix,papers/11501-12000/11548-PROOF.pdf
11549,A302076,PROOF,transfer-matrix,papers/11501-12000/11549-PROOF.pdf
11550,A302146,PROOF,transfer-matrix,papers/11501-12000/11550-PROOF.pdf
11551,A303416,PROOF,transfer-matrix,papers/11501-12000/11551-PROOF.pdf
11552,A303714,PROOF,transfer-matrix,papers/11501-12000/11552-PROOF.pdf
11553,A304128,PROOF,transfer-matrix,papers/11501-12000/11553-PROOF.pdf
11554,A304225,PROOF,transfer-matrix,papers/11501-12000/11554-PROOF.pdf
11555,A304265,PROOF,transfer-matrix,papers/11501-12000/11555-PROOF.pdf
11556,A305035,PROOF,transfer-matrix,papers/11501-12000/11556-PROOF.pdf
11557,A305581,PROOF,transfer-matrix,papers/11501-12000/11557-PROOF.pdf
11558,A316688,PROOF,transfer-matrix,papers/11501-12000/11558-PROOF.pdf
11559,A317512,PROOF,transfer-matrix,papers/11501-12000/11559-PROOF.pdf
11560,A320366,PROOF,transfer-matrix,papers/11501-12000/11560-PROOF.pdf
11561,A207145,PROOF,commuting-subblock,papers/11501-12000/11561-PROOF.pdf
11562,A268942,PROOF,repeated-value-chain,papers/11501-12000/11562-PROOF.pdf
11563,A269465,PROOF,repeated-value-chain,papers/11501-12000/11563-PROOF.pdf
11564,A269676,PROOF,repeated-value-chain,papers/11501-12000/11564-PROOF.pdf
11565,A269688,PROOF,repeated-value-chain,papers/11501-12000/11565-PROOF.pdf
11566,A269774,PROOF,repeated-value-chain,papers/11501-12000/11566-PROOF.pdf
11567,A223499,PROOF,transfer-matrix,papers/11501-12000/11567-PROOF.pdf
11568,A207142,PROOF,transfer-matrix,papers/11501-12000/11568-PROOF.pdf
11569,A253225,PROOF,monotone-subblock,papers/11501-12000/11569-PROOF.pdf
11570,A253351,PROOF,monotone-subblock,papers/11501-12000/11570-PROOF.pdf
11571,A253218,PROOF,transfer-matrix,papers/11501-12000/11571-PROOF.pdf
11572,A229695,PROOF,transfer-matrix,papers/11501-12000/11572-PROOF.pdf
11573,A268941,PROOF,repeated-value-chain,papers/11501-12000/11573-PROOF.pdf
11574,A269464,PROOF,repeated-value-chain,papers/11501-12000/11574-PROOF.pdf
11575,A269675,PROOF,repeated-value-chain,papers/11501-12000/11575-PROOF.pdf
11576,A269687,PROOF,repeated-value-chain,papers/11501-12000/11576-PROOF.pdf
11577,A269773,PROOF,repeated-value-chain,papers/11501-12000/11577-PROOF.pdf
11578,A233218,PROOF,transfer-matrix,papers/11501-12000/11578-PROOF.pdf
11579,A185762,PROOF,matrix-subblock,papers/11501-12000/11579-PROOF.pdf
11580,A276300,PROOF,transfer-matrix,papers/11501-12000/11580-PROOF.pdf
11581,A234780,PROOF,clockwise-perimeter,papers/11501-12000/11581-PROOF.pdf
11582,A243513,PROOF,window-word,papers/11501-12000/11582-PROOF.pdf
11583,A207656,PROOF,transfer-matrix,papers/11501-12000/11583-PROOF.pdf
11584,A208689,PROOF,transfer-matrix,papers/11501-12000/11584-PROOF.pdf
11585,A243027,PROOF,window-word,papers/11501-12000/11585-PROOF.pdf
11586,A245866,PROOF,window-condition,papers/11501-12000/11586-PROOF.pdf
11587,A232059,PROOF,value-neighbour,papers/11501-12000/11587-PROOF.pdf
11588,A183683,PROOF,matrix-subblock,papers/11501-12000/11588-PROOF.pdf
11589,A207143,PROOF,commuting-subblock,papers/11501-12000/11589-PROOF.pdf
11590,A268940,PROOF,repeated-value-chain,papers/11501-12000/11590-PROOF.pdf
11591,A269463,PROOF,repeated-value-chain,papers/11501-12000/11591-PROOF.pdf
11592,A269674,PROOF,repeated-value-chain,papers/11501-12000/11592-PROOF.pdf
11593,A269686,PROOF,repeated-value-chain,papers/11501-12000/11593-PROOF.pdf
11594,A269772,PROOF,repeated-value-chain,papers/11501-12000/11594-PROOF.pdf
11595,A183625,PROOF,transfer-matrix,papers/11501-12000/11595-PROOF.pdf
11596,A205830,PROOF,edge-count,papers/11501-12000/11596-PROOF.pdf
11597,A209530,PROOF,transfer-matrix,papers/11501-12000/11597-PROOF.pdf
11598,A250907,PROOF,transfer-matrix,papers/11501-12000/11598-PROOF.pdf
11599,A262327,PROOF,transfer-matrix,papers/11501-12000/11599-PROOF.pdf
11600,A262415,PROOF,transfer-matrix,papers/11501-12000/11600-PROOF.pdf
11601,A196700,PROOF,transfer-matrix,papers/11501-12000/11601-PROOF.pdf
11602,A233982,PROOF,transfer-matrix,papers/11501-12000/11602-PROOF.pdf
11603,A234220,PROOF,transfer-matrix,papers/11501-12000/11603-PROOF.pdf
11604,A223363,PROOF,transfer-matrix,papers/11501-12000/11604-PROOF.pdf
11605,A206790,PROOF,pattern-avoidance,papers/11501-12000/11605-PROOF.pdf
11606,A206981,PROOF,transfer-matrix,papers/11501-12000/11606-PROOF.pdf
11607,A231950,PROOF,cell-condition,papers/11501-12000/11607-PROOF.pdf
11608,A268939,PROOF,repeated-value-chain,papers/11501-12000/11608-PROOF.pdf
11609,A269462,PROOF,repeated-value-chain,papers/11501-12000/11609-PROOF.pdf
11610,A269673,PROOF,repeated-value-chain,papers/11501-12000/11610-PROOF.pdf
11611,A269685,PROOF,repeated-value-chain,papers/11501-12000/11611-PROOF.pdf
11612,A269771,PROOF,repeated-value-chain,papers/11501-12000/11612-PROOF.pdf
11613,A282310,PROOF,king-move,papers/11501-12000/11613-PROOF.pdf
11614,A282641,PROOF,king-move,papers/11501-12000/11614-PROOF.pdf
11615,A211490,PROOF,transfer-matrix,papers/11501-12000/11615-PROOF.pdf
11616,A183344,PROOF,adjacency-precedence,papers/11501-12000/11616-PROOF.pdf
11617,A234789,PROOF,transfer-matrix,papers/11501-12000/11617-PROOF.pdf
11618,A184765,PROOF,matrix-subblock,papers/11501-12000/11618-PROOF.pdf
11619,A203373,PROOF,transfer-matrix,papers/11501-12000/11619-PROOF.pdf
11620,A204609,PROOF,transfer-matrix,papers/11501-12000/11620-PROOF.pdf
11621,A209729,PROOF,transfer-matrix,papers/11501-12000/11621-PROOF.pdf
11622,A211322,PROOF,transfer-matrix,papers/11501-12000/11622-PROOF.pdf
11623,A220633,PROOF,reciprocal-link,papers/11501-12000/11623-PROOF.pdf
11624,A228656,PROOF,transfer-matrix,papers/11501-12000/11624-PROOF.pdf
11625,A228750,PROOF,transfer-matrix,papers/11501-12000/11625-PROOF.pdf
11626,A228792,PROOF,transfer-matrix,papers/11501-12000/11626-PROOF.pdf
11627,A233684,PROOF,transfer-matrix,papers/11501-12000/11627-PROOF.pdf
11628,A234133,PROOF,transfer-matrix,papers/11501-12000/11628-PROOF.pdf
11629,A234154,PROOF,transfer-matrix,papers/11501-12000/11629-PROOF.pdf
11630,A234483,PROOF,transfer-matrix,papers/11501-12000/11630-PROOF.pdf
11631,A235282,PROOF,transfer-matrix,papers/11501-12000/11631-PROOF.pdf
11632,A250778,PROOF,transfer-matrix,papers/11501-12000/11632-PROOF.pdf
11633,A250951,PROOF,transfer-matrix,papers/11501-12000/11633-PROOF.pdf
11634,A251293,PROOF,transfer-matrix,papers/11501-12000/11634-PROOF.pdf
11635,A251336,PROOF,transfer-matrix,papers/11501-12000/11635-PROOF.pdf
11636,A251517,PROOF,transfer-matrix,papers/11501-12000/11636-PROOF.pdf
11637,A258547,PROOF,monotone-subblock,papers/11501-12000/11637-PROOF.pdf
11638,A278088,PROOF,transfer-matrix,papers/11501-12000/11638-PROOF.pdf
11639,A278151,PROOF,transfer-matrix,papers/11501-12000/11639-PROOF.pdf
11640,A278274,PROOF,transfer-matrix,papers/11501-12000/11640-PROOF.pdf
11641,A296719,PROOF,transfer-matrix,papers/11501-12000/11641-PROOF.pdf
11642,A297695,PROOF,transfer-matrix,papers/11501-12000/11642-PROOF.pdf
11643,A297972,PROOF,transfer-matrix,papers/11501-12000/11643-PROOF.pdf
11644,A298234,PROOF,transfer-matrix,papers/11501-12000/11644-PROOF.pdf
11645,A301791,PROOF,transfer-matrix,papers/11501-12000/11645-PROOF.pdf
11646,A302323,PROOF,transfer-matrix,papers/11501-12000/11646-PROOF.pdf
11647,A304421,PROOF,transfer-matrix,papers/11501-12000/11647-PROOF.pdf
11648,A205249,PROOF,edge-count,papers/11501-12000/11648-PROOF.pdf
11649,A268938,PROOF,repeated-value-chain,papers/11501-12000/11649-PROOF.pdf
11650,A269461,PROOF,repeated-value-chain,papers/11501-12000/11650-PROOF.pdf
11651,A269613,PROOF,repeated-value-chain,papers/11501-12000/11651-PROOF.pdf
11652,A269684,PROOF,repeated-value-chain,papers/11501-12000/11652-PROOF.pdf
11653,A234825,PROOF,clockwise-perimeter,papers/11501-12000/11653-PROOF.pdf
11654,A183624,PROOF,transfer-matrix,papers/11501-12000/11654-PROOF.pdf
11655,A183784,PROOF,transfer-matrix,papers/11501-12000/11655-PROOF.pdf
11656,A185513,PROOF,matrix-subblock,papers/11501-12000/11656-PROOF.pdf
11657,A204708,PROOF,transfer-matrix,papers/11501-12000/11657-PROOF.pdf
11658,A205829,PROOF,edge-count,papers/11501-12000/11658-PROOF.pdf
11659,A206003,PROOF,edge-count,papers/11501-12000/11659-PROOF.pdf
11660,A206047,PROOF,edge-count,papers/11501-12000/11660-PROOF.pdf
11661,A209953,PROOF,transfer-matrix,papers/11501-12000/11661-PROOF.pdf
11662,A210269,PROOF,transfer-matrix,papers/11501-12000/11662-PROOF.pdf
11663,A210383,PROOF,transfer-matrix,papers/11501-12000/11663-PROOF.pdf
11664,A229374,PROOF,pattern-avoidance,papers/11501-12000/11664-PROOF.pdf
11665,A234259,PROOF,transfer-matrix,papers/11501-12000/11665-PROOF.pdf
11666,A235895,PROOF,transfer-matrix,papers/11501-12000/11666-PROOF.pdf
11667,A235904,PROOF,minmax-median,papers/11501-12000/11667-PROOF.pdf
11668,A251203,PROOF,transfer-matrix,papers/11501-12000/11668-PROOF.pdf
11669,A251328,PROOF,transfer-matrix,papers/11501-12000/11669-PROOF.pdf
11670,A251344,PROOF,transfer-matrix,papers/11501-12000/11670-PROOF.pdf
11671,A251383,PROOF,transfer-matrix,papers/11501-12000/11671-PROOF.pdf
11672,A259291,PROOF,clockwise-perimeter,papers/11501-12000/11672-PROOF.pdf
11673,A262326,PROOF,transfer-matrix,papers/11501-12000/11673-PROOF.pdf
11674,A267226,PROOF,repeated-value-chain,papers/11501-12000/11674-PROOF.pdf
11675,A184679,PROOF,transfer-matrix,papers/11501-12000/11675-PROOF.pdf
11676,A228501,PROOF,transfer-matrix,papers/11501-12000/11676-PROOF.pdf
11677,A228655,PROOF,transfer-matrix,papers/11501-12000/11677-PROOF.pdf
11678,A228678,PROOF,transfer-matrix,papers/11501-12000/11678-PROOF.pdf
11679,A250731,PROOF,monotone-statistic,papers/11501-12000/11679-PROOF.pdf
11680,A204707,PROOF,transfer-matrix,papers/11501-12000/11680-PROOF.pdf
11681,A183356,PROOF,local-array-condition,papers/11501-12000/11681-PROOF.pdf
11682,A183804,PROOF,subblock-condition,papers/11501-12000/11682-PROOF.pdf
11683,A183813,PROOF,subblock-condition,papers/11501-12000/11683-PROOF.pdf
11684,A222440,PROOF,local-array-condition,papers/11501-12000/11684-PROOF.pdf
11685,A233213,PROOF,transfer-matrix,papers/11501-12000/11685-PROOF.pdf
11686,A259508,PROOF,clockwise-perimeter,papers/11501-12000/11686-PROOF.pdf
11687,A259517,PROOF,clockwise-perimeter,papers/11501-12000/11687-PROOF.pdf
11688,A277761,PROOF,neighbour-reach,papers/11501-12000/11688-PROOF.pdf
11689,A277782,PROOF,neighbour-reach,papers/11501-12000/11689-PROOF.pdf
11690,A214160,PROOF,transfer-matrix,papers/11501-12000/11690-PROOF.pdf
11691,A228797,PROOF,transfer-matrix,papers/11501-12000/11691-PROOF.pdf
11692,A232951,PROOF,transfer-matrix,papers/11501-12000/11692-PROOF.pdf
11693,A233162,PROOF,transfer-matrix,papers/11501-12000/11693-PROOF.pdf
11694,A239530,PROOF,parity-difference,papers/11501-12000/11694-PROOF.pdf
11695,A250461,PROOF,transfer-matrix,papers/11501-12000/11695-PROOF.pdf
11696,A250798,PROOF,monotone-statistic,papers/11501-12000/11696-PROOF.pdf
11697,A251221,PROOF,transfer-matrix,papers/11501-12000/11697-PROOF.pdf
11698,A251251,PROOF,transfer-matrix,papers/11501-12000/11698-PROOF.pdf
11699,A251319,PROOF,transfer-matrix,papers/11501-12000/11699-PROOF.pdf
11700,A127905,PROOF,telescoping,papers/11501-12000/11700-PROOF.pdf
11701,A181246,PROOF,subblock-condition,papers/11501-12000/11701-PROOF.pdf
11702,A183435,PROOF,neighbour-condition,papers/11501-12000/11702-PROOF.pdf
11703,A184189,PROOF,subblock-multiset,papers/11501-12000/11703-PROOF.pdf
11704,A233106,PROOF,transfer-matrix,papers/11501-12000/11704-PROOF.pdf
11705,A233107,PROOF,transfer-matrix,papers/11501-12000/11705-PROOF.pdf
11706,A233124,PROOF,transfer-matrix,papers/11501-12000/11706-PROOF.pdf
11707,A233211,PROOF,transfer-matrix,papers/11501-12000/11707-PROOF.pdf
11708,A233212,PROOF,transfer-matrix,papers/11501-12000/11708-PROOF.pdf
11709,A235878,PROOF,subblock-median,papers/11501-12000/11709-PROOF.pdf
11710,A235879,PROOF,subblock-median,papers/11501-12000/11710-PROOF.pdf
11711,A235880,PROOF,subblock-median,papers/11501-12000/11711-PROOF.pdf
11712,A235881,PROOF,subblock-median,papers/11501-12000/11712-PROOF.pdf
11713,A235882,PROOF,subblock-median,papers/11501-12000/11713-PROOF.pdf
11714,A235883,PROOF,subblock-median,papers/11501-12000/11714-PROOF.pdf
11715,A235887,PROOF,subblock-median,papers/11501-12000/11715-PROOF.pdf
11716,A235888,PROOF,subblock-median,papers/11501-12000/11716-PROOF.pdf
11717,A235889,PROOF,subblock-median,papers/11501-12000/11717-PROOF.pdf
11718,A235890,PROOF,subblock-median,papers/11501-12000/11718-PROOF.pdf
11719,A235891,PROOF,subblock-median,papers/11501-12000/11719-PROOF.pdf
11720,A235892,PROOF,subblock-median,papers/11501-12000/11720-PROOF.pdf
11721,A045742,PROOF,telescoping,papers/11501-12000/11721-PROOF.pdf
11722,A264014,PROOF,transfer-matrix,papers/11501-12000/11722-PROOF.pdf
11723,A222276,PROOF,transfer-matrix,papers/11501-12000/11723-PROOF.pdf
11724,A222139,PROOF,transfer-matrix,papers/11501-12000/11724-PROOF.pdf
11725,A223299,PROOF,transfer-matrix,papers/11501-12000/11725-PROOF.pdf
11726,A223318,PROOF,transfer-matrix,papers/11501-12000/11726-PROOF.pdf
11727,A223291,PROOF,transfer-matrix,papers/11501-12000/11727-PROOF.pdf
11728,A223373,PROOF,transfer-matrix,papers/11501-12000/11728-PROOF.pdf
11729,A223687,PROOF,transfer-matrix,papers/11501-12000/11729-PROOF.pdf
11730,A231280,PROOF,transfer-matrix,papers/11501-12000/11730-PROOF.pdf
11731,A223241,PROOF,transfer-matrix,papers/11501-12000/11731-PROOF.pdf
11732,A208779,PROOF,transfer-matrix,papers/11501-12000/11732-PROOF.pdf
11733,A223212,PROOF,transfer-matrix,papers/11501-12000/11733-PROOF.pdf
11734,A230179,PROOF,transfer-matrix,papers/11501-12000/11734-PROOF.pdf
11735,A208778,PROOF,transfer-matrix,papers/11501-12000/11735-PROOF.pdf
11736,A223249,PROOF,transfer-matrix,papers/11501-12000/11736-PROOF.pdf
11737,A253158,PROOF,monotone-subblock,papers/11501-12000/11737-PROOF.pdf
11738,A253434,PROOF,monotone-subblock,papers/11501-12000/11738-PROOF.pdf
11739,A253441,PROOF,monotone-subblock,papers/11501-12000/11739-PROOF.pdf
11740,A223278,PROOF,transfer-matrix,papers/11501-12000/11740-PROOF.pdf
11741,A185858,PROOF,transfer-matrix,papers/11501-12000/11741-PROOF.pdf
11742,A203729,PROOF,transfer-matrix,papers/11501-12000/11742-PROOF.pdf
11743,A222459,PROOF,transfer-matrix,papers/11501-12000/11743-PROOF.pdf
11744,A203881,PROOF,transfer-matrix,papers/11501-12000/11744-PROOF.pdf
11745,A222336,PROOF,transfer-matrix,papers/11501-12000/11745-PROOF.pdf
11746,A253157,PROOF,monotone-subblock,papers/11501-12000/11746-PROOF.pdf
11747,A253433,PROOF,monotone-subblock,papers/11501-12000/11747-PROOF.pdf
11748,A253440,PROOF,monotone-subblock,papers/11501-12000/11748-PROOF.pdf
11749,A223228,PROOF,transfer-matrix,papers/11501-12000/11749-PROOF.pdf
11750,A223258,PROOF,transfer-matrix,papers/11501-12000/11750-PROOF.pdf
11751,A238923,PROOF,neighbour-set,papers/11501-12000/11751-PROOF.pdf
11752,A223181,PROOF,transfer-matrix,papers/11501-12000/11752-PROOF.pdf
11753,A221121,PROOF,transfer-matrix,papers/11501-12000/11753-PROOF.pdf
11754,A223443,PROOF,transfer-matrix,papers/11501-12000/11754-PROOF.pdf
11755,A203928,PROOF,transfer-matrix,papers/11501-12000/11755-PROOF.pdf
11756,A223204,PROOF,transfer-matrix,papers/11501-12000/11756-PROOF.pdf
11757,A223277,PROOF,transfer-matrix,papers/11501-12000/11757-PROOF.pdf
11758,A253156,PROOF,monotone-subblock,papers/11501-12000/11758-PROOF.pdf
11759,A253432,PROOF,monotone-subblock,papers/11501-12000/11759-PROOF.pdf
11760,A253439,PROOF,monotone-subblock,papers/11501-12000/11760-PROOF.pdf
11761,A223332,PROOF,transfer-matrix,papers/11501-12000/11761-PROOF.pdf
11762,A223552,PROOF,transfer-matrix,papers/11501-12000/11762-PROOF.pdf
11763,A206066,PROOF,perimeter-cycle,papers/11501-12000/11763-PROOF.pdf
11764,A223234,PROOF,transfer-matrix,papers/11501-12000/11764-PROOF.pdf
11765,A203650,PROOF,transfer-matrix,papers/11501-12000/11765-PROOF.pdf
11766,A253155,PROOF,monotone-subblock,papers/11501-12000/11766-PROOF.pdf
11767,A253431,PROOF,monotone-subblock,papers/11501-12000/11767-PROOF.pdf
11768,A253438,PROOF,monotone-subblock,papers/11501-12000/11768-PROOF.pdf
11769,A223197,PROOF,transfer-matrix,papers/11501-12000/11769-PROOF.pdf
11770,A239171,PROOF,neighbour-set,papers/11501-12000/11770-PROOF.pdf
11771,A221082,PROOF,transfer-matrix,papers/11501-12000/11771-PROOF.pdf
11772,A208502,PROOF,transfer-matrix,papers/11501-12000/11772-PROOF.pdf
11773,A223290,PROOF,transfer-matrix,papers/11501-12000/11773-PROOF.pdf
11774,A223372,PROOF,transfer-matrix,papers/11501-12000/11774-PROOF.pdf
11775,A278008,PROOF,transfer-matrix,papers/11501-12000/11775-PROOF.pdf
11776,A253154,PROOF,monotone-subblock,papers/11501-12000/11776-PROOF.pdf
11777,A253430,PROOF,monotone-subblock,papers/11501-12000/11777-PROOF.pdf
11778,A253437,PROOF,monotone-subblock,papers/11501-12000/11778-PROOF.pdf
11779,A211715,PROOF,transfer-matrix,papers/11501-12000/11779-PROOF.pdf
11780,A203790,PROOF,transfer-matrix,papers/11501-12000/11780-PROOF.pdf
11781,A245994,PROOF,window-condition,papers/11501-12000/11781-PROOF.pdf
11782,A298777,PROOF,transfer-matrix,papers/11501-12000/11782-PROOF.pdf
11783,A301402,PROOF,transfer-matrix,papers/11501-12000/11783-PROOF.pdf
11784,A301779,PROOF,transfer-matrix,papers/11501-12000/11784-PROOF.pdf
11785,A301836,PROOF,transfer-matrix,papers/11501-12000/11785-PROOF.pdf
11786,A302064,PROOF,transfer-matrix,papers/11501-12000/11786-PROOF.pdf
11787,A302675,PROOF,transfer-matrix,papers/11501-12000/11787-PROOF.pdf
11788,A206144,PROOF,perimeter-cycle,papers/11501-12000/11788-PROOF.pdf
11789,A223240,PROOF,transfer-matrix,papers/11501-12000/11789-PROOF.pdf
11790,A223417,PROOF,transfer-matrix,papers/11501-12000/11790-PROOF.pdf
11791,A253153,PROOF,monotone-subblock,papers/11501-12000/11791-PROOF.pdf
11792,A253429,PROOF,monotone-subblock,papers/11501-12000/11792-PROOF.pdf
11793,A253436,PROOF,monotone-subblock,papers/11501-12000/11793-PROOF.pdf
11794,A223270,PROOF,transfer-matrix,papers/11501-12000/11794-PROOF.pdf
11795,A207590,PROOF,transfer-matrix,papers/11501-12000/11795-PROOF.pdf
11796,A207846,PROOF,transfer-matrix,papers/11501-12000/11796-PROOF.pdf
11797,A245992,PROOF,window-condition,papers/11501-12000/11797-PROOF.pdf
11798,A184688,PROOF,transfer-matrix,papers/11501-12000/11798-PROOF.pdf
11799,A221829,PROOF,transfer-matrix,papers/11501-12000/11799-PROOF.pdf
11800,A203829,PROOF,transfer-matrix,papers/11501-12000/11800-PROOF.pdf
11801,A209505,PROOF,transfer-matrix,papers/11501-12000/11801-PROOF.pdf
11802,A221731,PROOF,transfer-matrix,papers/11501-12000/11802-PROOF.pdf
11803,A208485,PROOF,clockwise-perimeter,papers/11501-12000/11803-PROOF.pdf
11804,A275229,PROOF,transfer-matrix,papers/11501-12000/11804-PROOF.pdf
11805,A183702,PROOF,transfer-matrix,papers/11501-12000/11805-PROOF.pdf
11806,A184145,PROOF,transfer-matrix,papers/11501-12000/11806-PROOF.pdf
11807,A185761,PROOF,transfer-matrix,papers/11501-12000/11807-PROOF.pdf
11808,A205187,PROOF,edge-count,papers/11501-12000/11808-PROOF.pdf
11809,A206014,PROOF,edge-count,papers/11501-12000/11809-PROOF.pdf
11810,A221462,PROOF,window-condition,papers/11501-12000/11810-PROOF.pdf
11811,A245990,PROOF,window-condition,papers/11501-12000/11811-PROOF.pdf
11812,A251276,PROOF,transfer-matrix,papers/11501-12000/11812-PROOF.pdf
11813,A251484,PROOF,transfer-matrix,papers/11501-12000/11813-PROOF.pdf
11814,A253152,PROOF,monotone-subblock,papers/11501-12000/11814-PROOF.pdf
11815,A221461,PROOF,window-condition,papers/11501-12000/11815-PROOF.pdf
11816,A234779,PROOF,transfer-matrix,papers/11501-12000/11816-PROOF.pdf
11817,A183690,PROOF,transfer-matrix,papers/11501-12000/11817-PROOF.pdf
11818,A184368,PROOF,transfer-matrix,papers/11501-12000/11818-PROOF.pdf
11819,A209789,PROOF,transfer-matrix,papers/11501-12000/11819-PROOF.pdf
11820,A209944,PROOF,transfer-matrix,papers/11501-12000/11820-PROOF.pdf
11821,A233637,PROOF,transfer-matrix,papers/11501-12000/11821-PROOF.pdf
11822,A234436,PROOF,transfer-matrix,papers/11501-12000/11822-PROOF.pdf
11823,A183682,PROOF,transfer-matrix,papers/11501-12000/11823-PROOF.pdf
11824,A228791,PROOF,transfer-matrix,papers/11501-12000/11824-PROOF.pdf
11825,A208347,PROOF,neighbour-reach,papers/11501-12000/11825-PROOF.pdf
11826,A233164,PROOF,transfer-matrix,papers/11501-12000/11826-PROOF.pdf
11827,A233165,PROOF,transfer-matrix,papers/11501-12000/11827-PROOF.pdf
11828,A233166,PROOF,transfer-matrix,papers/11501-12000/11828-PROOF.pdf
11829,A259243,PROOF,transfer-matrix,papers/11501-12000/11829-PROOF.pdf
11830,A259290,PROOF,transfer-matrix,papers/11501-12000/11830-PROOF.pdf
11831,A233163,PROOF,transfer-matrix,papers/11501-12000/11831-PROOF.pdf
11832,A183615,PROOF,subblock-multiset,papers/11501-12000/11832-PROOF.pdf
11833,A222098,PROOF,local-array-condition,papers/11501-12000/11833-PROOF.pdf
11834,A222439,PROOF,local-array-condition,papers/11501-12000/11834-PROOF.pdf
11835,A233196,PROOF,transfer-matrix,papers/11501-12000/11835-PROOF.pdf
11836,A233252,PROOF,transfer-matrix,papers/11501-12000/11836-PROOF.pdf
11837,A183586,PROOF,subblock-multiset,papers/11501-12000/11837-PROOF.pdf
11838,A232921,PROOF,transfer-matrix,papers/11501-12000/11838-PROOF.pdf
11839,A232950,PROOF,transfer-matrix,papers/11501-12000/11839-PROOF.pdf
11840,A232956,PROOF,transfer-matrix,papers/11501-12000/11840-PROOF.pdf
11841,A233020,PROOF,transfer-matrix,papers/11501-12000/11841-PROOF.pdf
11842,A233123,PROOF,transfer-matrix,papers/11501-12000/11842-PROOF.pdf
11843,A233251,PROOF,transfer-matrix,papers/11501-12000/11843-PROOF.pdf
11844,A235877,PROOF,subblock-median,papers/11501-12000/11844-PROOF.pdf
11845,A235886,PROOF,subblock-median,papers/11501-12000/11845-PROOF.pdf
11846,A243585,PROOF,telescoping,papers/11501-12000/11846-PROOF.pdf
11847,A026005,PROOF,telescoping,papers/11501-12000/11847-PROOF.pdf
11848,A264123,PROOF,transfer-matrix,papers/11501-12000/11848-PROOF.pdf
11849,A264185,PROOF,transfer-matrix,papers/11501-12000/11849-PROOF.pdf
11850,A222335,PROOF,transfer-matrix,papers/11501-12000/11850-PROOF.pdf
11851,A222138,PROOF,transfer-matrix,papers/11501-12000/11851-PROOF.pdf
11852,A249227,PROOF,window-condition,papers/11501-12000/11852-PROOF.pdf
11853,A223322,PROOF,transfer-matrix,papers/11501-12000/11853-PROOF.pdf
11854,A206143,PROOF,perimeter-cycle,papers/11501-12000/11854-PROOF.pdf
11855,A188825,PROOF,transfer-matrix,papers/11501-12000/11855-PROOF.pdf
11856,A208428,PROOF,neighbour-reach,papers/11501-12000/11856-PROOF.pdf
11857,A183355,PROOF,local-array-condition,papers/11501-12000/11857-PROOF.pdf
11858,A359643,PROOF,diagonal,papers/11501-12000/11858-PROOF.pdf
11859,A371753,PROOF,diagonal,papers/11501-12000/11859-PROOF.pdf
11860,A226751,PROOF,diagonal,papers/11501-12000/11860-PROOF.pdf
11861,A386830,PROOF,diagonal,papers/11501-12000/11861-PROOF.pdf
11862,A172025,PROOF,diagonal,papers/11501-12000/11862-PROOF.pdf
11863,A348410,PROOF,diagonal,papers/11501-12000/11863-PROOF.pdf
11864,A243764,PROOF,algfield,papers/11501-12000/11864-PROOF.pdf
11865,A243760,PROOF,algfield,papers/11501-12000/11865-PROOF.pdf
11866,A285195,PROOF,algfield,papers/11501-12000/11866-PROOF.pdf
11867,A243814,PROOF,algfield,papers/11501-12000/11867-PROOF.pdf
11868,A055392,PROOF,algfield,papers/11501-12000/11868-PROOF.pdf
11869,A025758,PROOF,algfield,papers/11501-12000/11869-PROOF.pdf
11870,A308726,PROOF,algfield,papers/11501-12000/11870-PROOF.pdf
11871,A243022,PROOF,algfield,papers/11501-12000/11871-PROOF.pdf
11872,A168506,PROOF,algfield,papers/11501-12000/11872-PROOF.pdf
11873,A239425,PROOF,algfield,papers/11501-12000/11873-PROOF.pdf
11874,A025757,PROOF,algfield,papers/11501-12000/11874-PROOF.pdf
11875,A242566,PROOF,algfield,papers/11501-12000/11875-PROOF.pdf
11876,A270530,PROOF,algfield,papers/11501-12000/11876-PROOF.pdf
11877,A101478,PROOF,algfield,papers/11501-12000/11877-PROOF.pdf
11878,A025756,PROOF,algfield,papers/11501-12000/11878-PROOF.pdf
11879,A097180,PROOF,algfield,papers/11501-12000/11879-PROOF.pdf
11880,A097189,PROOF,algfield,papers/11501-12000/11880-PROOF.pdf
11881,A127632,PROOF,algfield,papers/11501-12000/11881-PROOF.pdf
11882,A130655,PROOF,algfield,papers/11501-12000/11882-PROOF.pdf
11883,A166135,PROOF,algfield,papers/11501-12000/11883-PROOF.pdf
11884,A212696,PROOF,algfield,papers/11501-12000/11884-PROOF.pdf
11885,A261196,PROOF,algfield,papers/11501-12000/11885-PROOF.pdf
11886,A270530,PROOF,algfield,papers/11501-12000/11886-PROOF.pdf
11887,A185010,PROOF,algfield,papers/11501-12000/11887-PROOF.pdf
11888,A185020,PROOF,algfield,papers/11501-12000/11888-PROOF.pdf
11889,A200312,PROOF,algfield,papers/11501-12000/11889-PROOF.pdf
11890,A025754,PROOF,algfield,papers/11501-12000/11890-PROOF.pdf
11891,A097188,PROOF,algfield,papers/11501-12000/11891-PROOF.pdf
11892,A097192,PROOF,algfield,papers/11501-12000/11892-PROOF.pdf
11893,A158826,PROOF,algfield,papers/11501-12000/11893-PROOF.pdf
11894,A159769,PROOF,algfield,papers/11501-12000/11894-PROOF.pdf
11895,A294159,PROOF,algfield,papers/11501-12000/11895-PROOF.pdf
11896,A392976,PROOF,algfield,papers/11501-12000/11896-PROOF.pdf
11897,A162972,PROOF,logexp,papers/11501-12000/11897-PROOF.pdf
11898,A001465,PROOF,logexp,papers/11501-12000/11898-PROOF.pdf
11899,A085387,PROOF,logexp,papers/11501-12000/11899-PROOF.pdf
11900,A096471,PROOF,logexp,papers/11501-12000/11900-PROOF.pdf
11901,A000704,PROOF,logexp,papers/11501-12000/11901-PROOF.pdf
11902,A001724,PROOF,logexp,papers/11501-12000/11902-PROOF.pdf
11903,A066052,PROOF,logexp,papers/11501-12000/11903-PROOF.pdf
11904,A097204,PROOF,logexp,papers/11501-12000/11904-PROOF.pdf
11905,A053532,PROOF,logexp,papers/11501-12000/11905-PROOF.pdf
11906,A000483,PROOF,logexp,papers/11501-12000/11906-PROOF.pdf
11907,A000276,PROOF,logexp,papers/11501-12000/11907-PROOF.pdf
11908,A002104,PROOF,logexp,papers/11501-12000/11908-PROOF.pdf
11909,A002538,PROOF,logexp,papers/11501-12000/11909-PROOF.pdf
11910,A066052,PROOF,logexp,papers/11501-12000/11910-PROOF.pdf
11911,A073591,PROOF,logexp,papers/11501-12000/11911-PROOF.pdf
11912,A108704,PROOF,logexp,papers/11501-12000/11912-PROOF.pdf
11913,A110322,PROOF,logexp,papers/11501-12000/11913-PROOF.pdf
11914,A185369,PROOF,logexp,papers/11501-12000/11914-PROOF.pdf
11915,A000276,PROOF,logexp,papers/11501-12000/11915-PROOF.pdf
11916,A000774,PROOF,logexp,papers/11501-12000/11916-PROOF.pdf
11917,A094905,PROOF,logexp,papers/11501-12000/11917-PROOF.pdf
11918,A098557,PROOF,logexp,papers/11501-12000/11918-PROOF.pdf
11919,A051560,PROOF,logexp,papers/11501-12000/11919-PROOF.pdf
11920,A129149,PROOF,logexp,papers/11501-12000/11920-PROOF.pdf
11921,A187252,PROOF,logexp,papers/11501-12000/11921-PROOF.pdf
11922,A005654,PROOF,parity,papers/11501-12000/11922-PROOF.pdf
11923,A116385,PROOF,parity,papers/11501-12000/11923-PROOF.pdf
11924,A005558,PROOF,parity,papers/11501-12000/11924-PROOF.pdf
11925,A065942,PROOF,parity,papers/11501-12000/11925-PROOF.pdf
11926,A081181,PROOF,parity,papers/11501-12000/11926-PROOF.pdf
11927,A081204,PROOF,parity,papers/11501-12000/11927-PROOF.pdf
11928,A005558,PROOF,parity,papers/11501-12000/11928-PROOF.pdf
11929,A005559,PROOF,parity,papers/11501-12000/11929-PROOF.pdf
11930,A005560,PROOF,parity,papers/11501-12000/11930-PROOF.pdf
11931,A005561,PROOF,parity,papers/11501-12000/11931-PROOF.pdf
11932,A005562,PROOF,parity,papers/11501-12000/11932-PROOF.pdf
11933,A081204,PROOF,parity,papers/11501-12000/11933-PROOF.pdf
11934,A081205,PROOF,parity,papers/11501-12000/11934-PROOF.pdf
11935,A213801,PROOF,parity,papers/11501-12000/11935-PROOF.pdf
11936,A006231,PROOF,holonomic,papers/11501-12000/11936-PROOF.pdf
11937,A213203,PROOF,closedform-direct,papers/11501-12000/11937-PROOF.pdf
11938,A242429,PROOF,closedform-direct,papers/11501-12000/11938-PROOF.pdf
11939,A026018,PROOF,closedform-direct,papers/11501-12000/11939-PROOF.pdf
11940,A092634,PROOF,closedform-direct,papers/11501-12000/11940-PROOF.pdf
11941,A026026,PROOF,closedform-direct,papers/11501-12000/11941-PROOF.pdf
11942,A052227,PROOF,closedform-direct,papers/11501-12000/11942-PROOF.pdf
11943,A228329,PROOF,closedform-direct,papers/11501-12000/11943-PROOF.pdf
11944,A259457,PROOF,closedform-direct,papers/11501-12000/11944-PROOF.pdf
11945,A268554,PROOF,closedform-direct,papers/11501-12000/11945-PROOF.pdf
11946,A214907,PROOF,gf-implies-rec,papers/11501-12000/11946-PROOF.pdf
11947,A163020,PROOF,gf-implies-rec,papers/11501-12000/11947-PROOF.pdf
11948,A220640,PROOF,gf-implies-rec,papers/11501-12000/11948-PROOF.pdf
11949,A262482,PROOF,gf-implies-rec,papers/11501-12000/11949-PROOF.pdf
11950,A220639,PROOF,gf-implies-rec,papers/11501-12000/11950-PROOF.pdf
11951,A102319,PROOF,multiquad,papers/11501-12000/11951-PROOF.pdf
11952,A115256,PROOF,multiquad,papers/11501-12000/11952-PROOF.pdf
11953,A157125,PROOF,multiquad,papers/11501-12000/11953-PROOF.pdf
11954,A102318,PROOF,multiquad,papers/11501-12000/11954-PROOF.pdf
11955,A107587,PROOF,multiquad,papers/11501-12000/11955-PROOF.pdf
11956,A218185,PROOF,multiquad,papers/11501-12000/11956-PROOF.pdf
11957,A025567,PROOF,multiquad,papers/11501-12000/11957-PROOF.pdf
11958,A071684,PROOF,multiquad,papers/11501-12000/11958-PROOF.pdf
11959,A179648,PROOF,multiquad,papers/11501-12000/11959-PROOF.pdf
11960,A184120,PROOF,multiquad,papers/11501-12000/11960-PROOF.pdf
11961,A026163,PROOF,multiquad,papers/11501-12000/11961-PROOF.pdf
11962,A102318,PROOF,multiquad,papers/11501-12000/11962-PROOF.pdf
11963,A101500,PROOF,multiquad,papers/11501-12000/11963-PROOF.pdf
11964,A102319,PROOF,multiquad,papers/11501-12000/11964-PROOF.pdf
11965,A107587,PROOF,multiquad,papers/11501-12000/11965-PROOF.pdf
11966,A263690,PROOF,gf-implies-rec,papers/11501-12000/11966-PROOF.pdf
11967,A072100,PROOF,multiquad,papers/11501-12000/11967-PROOF.pdf
11968,A211525,PROOF,gf-implies-rec,papers/11501-12000/11968-PROOF.pdf
11969,A189604,PROOF,gf-implies-rec,papers/11501-12000/11969-PROOF.pdf
11970,A025567,PROOF,multiquad,papers/11501-12000/11970-PROOF.pdf
11971,A189274,PROOF,gf-implies-rec,papers/11501-12000/11971-PROOF.pdf
11972,A110320,PROOF,cross,papers/11501-12000/11972-PROOF.pdf
11973,A346370,PROOF,cross,papers/11501-12000/11973-PROOF.pdf
11974,A233679,PROOF,order-line-tail,papers/11501-12000/11974-PROOF.pdf
11975,A298144,PROOF,order-line-tail,papers/11501-12000/11975-PROOF.pdf
11976,A301845,PROOF,order-line-tail,papers/11501-12000/11976-PROOF.pdf
11977,A251227,PROOF,order-line-tail,papers/11501-12000/11977-PROOF.pdf
11978,A297990,PROOF,order-line-tail,papers/11501-12000/11978-PROOF.pdf
11979,A281342,PROOF,order-line-tail,papers/11501-12000/11979-PROOF.pdf
11980,A281031,PROOF,order-line-tail,papers/11501-12000/11980-PROOF.pdf
11981,A251041,PROOF,order-line-tail,papers/11501-12000/11981-PROOF.pdf
11982,A305243,PROOF,order-line-tail,papers/11501-12000/11982-PROOF.pdf
11983,A297821,PROOF,order-line-tail,papers/11501-12000/11983-PROOF.pdf
11984,A252062,PROOF,order-line-tail,papers/11501-12000/11984-PROOF.pdf
11985,A278278,PROOF,order-line-tail,papers/11501-12000/11985-PROOF.pdf
11986,A277769,PROOF,order-line,papers/11501-12000/11986-PROOF.pdf
11987,A317740,PROOF,order-line-tail,papers/11501-12000/11987-PROOF.pdf
11988,A281834,PROOF,order-line-tail,papers/11501-12000/11988-PROOF.pdf
11989,A301441,PROOF,order-line-tail,papers/11501-12000/11989-PROOF.pdf
11990,A305086,PROOF,order-line-tail,papers/11501-12000/11990-PROOF.pdf
11991,A305486,PROOF,order-line-tail,papers/11501-12000/11991-PROOF.pdf
11992,A300877,PROOF,order-line-tail,papers/11501-12000/11992-PROOF.pdf
11993,A283639,PROOF,order-line,papers/11501-12000/11993-PROOF.pdf
11994,A264269,PROOF,order-line-tail,papers/11501-12000/11994-PROOF.pdf
11995,A283200,PROOF,order-line,papers/11501-12000/11995-PROOF.pdf
11996,A252141,PROOF,order-line-tail,papers/11501-12000/11996-PROOF.pdf
11997,A252845,PROOF,order-line-tail,papers/11501-12000/11997-PROOF.pdf
11998,A259999,PROOF,order-line-tail,papers/11501-12000/11998-PROOF.pdf
11999,A304924,PROOF,order-line-tail,papers/11501-12000/11999-PROOF.pdf
12000,A254087,PROOF,order-line-tail,papers/11501-12000/12000-PROOF.pdf
12001,A297611,PROOF,order-line,papers/12001-12500/12001-PROOF.pdf
12002,A240419,PROOF,order-line-tail,papers/12001-12500/12002-PROOF.pdf
12003,A300884,PROOF,order-line-tail,papers/12001-12500/12003-PROOF.pdf
12004,A241075,PROOF,order-line-tail,papers/12001-12500/12004-PROOF.pdf
12005,A316279,PROOF,order-line-tail,papers/12001-12500/12005-PROOF.pdf
12006,A232035,PROOF,order-line-tail,papers/12001-12500/12006-PROOF.pdf
12007,A297799,PROOF,order-line,papers/12001-12500/12007-PROOF.pdf
12008,A300933,PROOF,order-line-tail,papers/12001-12500/12008-PROOF.pdf
12009,A230815,PROOF,order-line-tail,papers/12001-12500/12009-PROOF.pdf
12010,A297587,PROOF,order-line,papers/12001-12500/12010-PROOF.pdf
12011,A236060,PROOF,order-line-tail,papers/12001-12500/12011-PROOF.pdf
12012,A240787,PROOF,order-line,papers/12001-12500/12012-PROOF.pdf
12013,A232157,PROOF,order-line-tail,papers/12001-12500/12013-PROOF.pdf
12014,A258520,PROOF,order-line-tail,papers/12001-12500/12014-PROOF.pdf
12015,A317820,PROOF,order-line-tail,papers/12001-12500/12015-PROOF.pdf
12016,A266057,PROOF,order-line-tail,papers/12001-12500/12016-PROOF.pdf
12017,A266020,PROOF,order-line-tail,papers/12001-12500/12017-PROOF.pdf
12018,A267641,PROOF,order-line,papers/12001-12500/12018-PROOF.pdf
12019,A282590,PROOF,order-line,papers/12001-12500/12019-PROOF.pdf
12020,A237137,PROOF,order-line,papers/12001-12500/12020-PROOF.pdf
12021,A267790,PROOF,order-line,papers/12001-12500/12021-PROOF.pdf
12022,A250711,PROOF,order-line-tail,papers/12001-12500/12022-PROOF.pdf
12023,A230187,PROOF,order-line-tail,papers/12001-12500/12023-PROOF.pdf
12024,A303687,PROOF,order-line-tail,papers/12001-12500/12024-PROOF.pdf
12025,A316737,PROOF,order-line-tail,papers/12001-12500/12025-PROOF.pdf
12026,A304146,PROOF,order-line-tail,papers/12001-12500/12026-PROOF.pdf
12027,A303466,PROOF,order-line-tail,papers/12001-12500/12027-PROOF.pdf
12028,A300502,PROOF,order-line-tail,papers/12001-12500/12028-PROOF.pdf
12029,A295916,PROOF,order-line,papers/12001-12500/12029-PROOF.pdf
12030,A264208,PROOF,order-line-tail,papers/12001-12500/12030-PROOF.pdf
12031,A236030,PROOF,order-line-tail,papers/12001-12500/12031-PROOF.pdf
12032,A253988,PROOF,order-line-tail,papers/12001-12500/12032-PROOF.pdf
12033,A304602,PROOF,order-line-tail,papers/12001-12500/12033-PROOF.pdf
12034,A229540,PROOF,order-line-tail,papers/12001-12500/12034-PROOF.pdf
12035,A269041,PROOF,order-line-tail,papers/12001-12500/12035-PROOF.pdf
12036,A269058,PROOF,order-line-tail,papers/12001-12500/12036-PROOF.pdf
12037,A302221,PROOF,order-line-tail,papers/12001-12500/12037-PROOF.pdf
12038,A303893,PROOF,order-line-tail,papers/12001-12500/12038-PROOF.pdf
12039,A260839,PROOF,order-line-tail,papers/12001-12500/12039-PROOF.pdf
12040,A296383,PROOF,order-line,papers/12001-12500/12040-PROOF.pdf
12041,A298277,PROOF,order-line-tail,papers/12001-12500/12041-PROOF.pdf
12042,A302083,PROOF,order-line-tail,papers/12001-12500/12042-PROOF.pdf
12043,A299726,PROOF,order-line-tail,papers/12001-12500/12043-PROOF.pdf
12044,A295780,PROOF,order-line,papers/12001-12500/12044-PROOF.pdf
12045,A254548,PROOF,order-line-tail,papers/12001-12500/12045-PROOF.pdf
12046,A305514,PROOF,order-line-tail,papers/12001-12500/12046-PROOF.pdf
12047,A239408,PROOF,order-line,papers/12001-12500/12047-PROOF.pdf
12048,A239652,PROOF,order-line,papers/12001-12500/12048-PROOF.pdf
12049,A260542,PROOF,order-line-tail,papers/12001-12500/12049-PROOF.pdf
12050,A304138,PROOF,order-line-tail,papers/12001-12500/12050-PROOF.pdf
12051,A295037,PROOF,order-line,papers/12001-12500/12051-PROOF.pdf
12052,A282836,PROOF,order-line,papers/12001-12500/12052-PROOF.pdf
12053,A283947,PROOF,order-line,papers/12001-12500/12053-PROOF.pdf
12054,A238724,PROOF,order-line,papers/12001-12500/12054-PROOF.pdf
12055,A239028,PROOF,order-line,papers/12001-12500/12055-PROOF.pdf
12056,A231995,PROOF,order-line-tail,papers/12001-12500/12056-PROOF.pdf
12057,A304424,PROOF,order-line-tail,papers/12001-12500/12057-PROOF.pdf
12058,A302805,PROOF,order-line-tail,papers/12001-12500/12058-PROOF.pdf
12059,A253483,PROOF,order-line-tail,papers/12001-12500/12059-PROOF.pdf
12060,A303099,PROOF,order-line-tail,papers/12001-12500/12060-PROOF.pdf
12061,A299652,PROOF,order-line,papers/12001-12500/12061-PROOF.pdf
12062,A299658,PROOF,order-line,papers/12001-12500/12062-PROOF.pdf
12063,A263220,PROOF,order-line,papers/12001-12500/12063-PROOF.pdf
12064,A230907,PROOF,order-line-tail,papers/12001-12500/12064-PROOF.pdf
12065,A316929,PROOF,order-line-tail,papers/12001-12500/12065-PROOF.pdf
12066,A301487,PROOF,order-line-tail,papers/12001-12500/12066-PROOF.pdf
12067,A252286,PROOF,order-line-tail,papers/12001-12500/12067-PROOF.pdf
12068,A278154,PROOF,order-line-tail,papers/12001-12500/12068-PROOF.pdf
12069,A250948,PROOF,order-line,papers/12001-12500/12069-PROOF.pdf
12070,A282438,PROOF,order-line,papers/12001-12500/12070-PROOF.pdf
12071,A279131,PROOF,order-line-tail,papers/12001-12500/12071-PROOF.pdf
12072,A237725,PROOF,order-line-tail,papers/12001-12500/12072-PROOF.pdf
12073,A224308,PROOF,order-line-tail,papers/12001-12500/12073-PROOF.pdf
12074,A257421,PROOF,order-line-tail,papers/12001-12500/12074-PROOF.pdf
12075,A251447,PROOF,order-line-tail,papers/12001-12500/12075-PROOF.pdf
12076,A237220,PROOF,order-line,papers/12001-12500/12076-PROOF.pdf
12077,A237483,PROOF,order-line,papers/12001-12500/12077-PROOF.pdf
12078,A263435,PROOF,order-line,papers/12001-12500/12078-PROOF.pdf
12079,A260498,PROOF,order-line-tail,papers/12001-12500/12079-PROOF.pdf
12080,A236038,PROOF,order-line-tail,papers/12001-12500/12080-PROOF.pdf
12081,A280067,PROOF,order-line-tail,papers/12001-12500/12081-PROOF.pdf
12082,A297717,PROOF,order-line,papers/12001-12500/12082-PROOF.pdf
12083,A297523,PROOF,order-line,papers/12001-12500/12083-PROOF.pdf
12084,A317700,PROOF,order-line-tail,papers/12001-12500/12084-PROOF.pdf
12085,A231742,PROOF,order-line-tail,papers/12001-12500/12085-PROOF.pdf
12086,A268027,PROOF,order-line-tail,papers/12001-12500/12086-PROOF.pdf
12087,A282882,PROOF,order-line,papers/12001-12500/12087-PROOF.pdf
12088,A253874,PROOF,order-line-tail,papers/12001-12500/12088-PROOF.pdf
12089,A253540,PROOF,order-line-tail,papers/12001-12500/12089-PROOF.pdf
12090,A278091,PROOF,order-line-tail,papers/12001-12500/12090-PROOF.pdf
12091,A297886,PROOF,order-line-tail,papers/12001-12500/12091-PROOF.pdf
12092,A260245,PROOF,order-line-tail,papers/12001-12500/12092-PROOF.pdf
12093,A232960,PROOF,order-line-tail,papers/12001-12500/12093-PROOF.pdf
12094,A233688,PROOF,order-line-tail,papers/12001-12500/12094-PROOF.pdf
12095,A295203,PROOF,order-line,papers/12001-12500/12095-PROOF.pdf
12096,A296318,PROOF,order-line,papers/12001-12500/12096-PROOF.pdf
12097,A282860,PROOF,order-line,papers/12001-12500/12097-PROOF.pdf
12098,A300802,PROOF,order-line-tail,papers/12001-12500/12098-PROOF.pdf
12099,A306050,PROOF,order-line-tail,papers/12001-12500/12099-PROOF.pdf
12100,A316286,PROOF,order-line-tail,papers/12001-12500/12100-PROOF.pdf
12101,A302152,PROOF,order-line-tail,papers/12001-12500/12101-PROOF.pdf
12102,A264479,PROOF,order-line-tail,papers/12001-12500/12102-PROOF.pdf
12103,A264503,PROOF,order-line-tail,papers/12001-12500/12103-PROOF.pdf
12104,A264547,PROOF,order-line-tail,papers/12001-12500/12104-PROOF.pdf
12105,A264566,PROOF,order-line-tail,papers/12001-12500/12105-PROOF.pdf
12106,A264580,PROOF,order-line-tail,papers/12001-12500/12106-PROOF.pdf
12107,A275092,PROOF,order-line-tail,papers/12001-12500/12107-PROOF.pdf
12108,A284078,PROOF,order-line,papers/12001-12500/12108-PROOF.pdf
12109,A283662,PROOF,order-line-tail,papers/12001-12500/12109-PROOF.pdf
12110,A279164,PROOF,order-line-tail,papers/12001-12500/12110-PROOF.pdf
12111,A303186,PROOF,order-line-tail,papers/12001-12500/12111-PROOF.pdf
12112,A297378,PROOF,order-line-tail,papers/12001-12500/12112-PROOF.pdf
12113,A317227,PROOF,order-line-tail,papers/12001-12500/12113-PROOF.pdf
12114,A304469,PROOF,order-line-tail,papers/12001-12500/12114-PROOF.pdf
12115,A259892,PROOF,order-line-tail,papers/12001-12500/12115-PROOF.pdf
12116,A259721,PROOF,order-line-tail,papers/12001-12500/12116-PROOF.pdf
12117,A302378,PROOF,order-line-tail,papers/12001-12500/12117-PROOF.pdf
12118,A297594,PROOF,order-line,papers/12001-12500/12118-PROOF.pdf
12119,A296325,PROOF,order-line,papers/12001-12500/12119-PROOF.pdf
12120,A283689,PROOF,order-line,papers/12001-12500/12120-PROOF.pdf
12121,A252029,PROOF,order-line-tail,papers/12001-12500/12121-PROOF.pdf
12122,A255098,PROOF,order-line-tail,papers/12001-12500/12122-PROOF.pdf
12123,A299718,PROOF,order-line-tail,papers/12001-12500/12123-PROOF.pdf
12124,A320405,PROOF,order-line-tail,papers/12001-12500/12124-PROOF.pdf
12125,A300494,PROOF,order-line-tail,papers/12001-12500/12125-PROOF.pdf
12126,A317867,PROOF,order-line-tail,papers/12001-12500/12126-PROOF.pdf
12127,A253040,PROOF,order-line-tail,papers/12001-12500/12127-PROOF.pdf
12128,A237960,PROOF,order-line-tail,papers/12001-12500/12128-PROOF.pdf
12129,A297342,PROOF,order-line,papers/12001-12500/12129-PROOF.pdf
12130,A300678,PROOF,order-line-tail,papers/12001-12500/12130-PROOF.pdf
12131,A297430,PROOF,order-line,papers/12001-12500/12131-PROOF.pdf
12132,A283632,PROOF,order-line,papers/12001-12500/12132-PROOF.pdf
12133,A238250,PROOF,order-line,papers/12001-12500/12133-PROOF.pdf
12134,A302639,PROOF,order-line-tail,papers/12001-12500/12134-PROOF.pdf
12135,A231905,PROOF,order-line-tail,papers/12001-12500/12135-PROOF.pdf
12136,A317732,PROOF,order-line-tail,papers/12001-12500/12136-PROOF.pdf
12137,A230172,PROOF,order-line-tail,papers/12001-12500/12137-PROOF.pdf
12138,A232340,PROOF,order-line-tail,papers/12001-12500/12138-PROOF.pdf
12139,A267663,PROOF,order-line,papers/12001-12500/12139-PROOF.pdf
12140,A253867,PROOF,order-line-tail,papers/12001-12500/12140-PROOF.pdf
12141,A302169,PROOF,order-line-tail,papers/12001-12500/12141-PROOF.pdf
12142,A240366,PROOF,order-line,papers/12001-12500/12142-PROOF.pdf
12143,A302962,PROOF,order-line-tail,papers/12001-12500/12143-PROOF.pdf
12144,A240297,PROOF,order-line-tail,papers/12001-12500/12144-PROOF.pdf
12145,A260206,PROOF,order-line-tail,papers/12001-12500/12145-PROOF.pdf
12146,A297737,PROOF,order-line,papers/12001-12500/12146-PROOF.pdf
12147,A253616,PROOF,order-line-tail,papers/12001-12500/12147-PROOF.pdf
12148,A300376,PROOF,order-line-tail,papers/12001-12500/12148-PROOF.pdf
12149,A231781,PROOF,order-line-tail,papers/12001-12500/12149-PROOF.pdf
12150,A263871,PROOF,order-line-tail,papers/12001-12500/12150-PROOF.pdf
12151,A299737,PROOF,order-line,papers/12001-12500/12151-PROOF.pdf
12152,A250639,PROOF,order-line-tail,papers/12001-12500/12152-PROOF.pdf
12153,A250591,PROOF,order-line-tail,papers/12001-12500/12153-PROOF.pdf
12154,A304132,PROOF,order-line-tail,papers/12001-12500/12154-PROOF.pdf
12155,A257149,PROOF,order-line-tail,papers/12001-12500/12155-PROOF.pdf
12156,A302419,PROOF,order-line-tail,papers/12001-12500/12156-PROOF.pdf
12157,A255157,PROOF,order-line-tail,papers/12001-12500/12157-PROOF.pdf
12158,A266063,PROOF,order-line,papers/12001-12500/12158-PROOF.pdf
12159,A295118,PROOF,order-line,papers/12001-12500/12159-PROOF.pdf
12160,A295273,PROOF,order-line,papers/12001-12500/12160-PROOF.pdf
12161,A295414,PROOF,order-line,papers/12001-12500/12161-PROOF.pdf
12162,A253039,PROOF,order-line-tail,papers/12001-12500/12162-PROOF.pdf
12163,A256731,PROOF,order-line-tail,papers/12001-12500/12163-PROOF.pdf
12164,A232051,PROOF,order-line-tail,papers/12001-12500/12164-PROOF.pdf
12165,A232320,PROOF,order-line-tail,papers/12001-12500/12165-PROOF.pdf
12166,A255778,PROOF,order-line-tail,papers/12001-12500/12166-PROOF.pdf
12167,A297759,PROOF,order-line,papers/12001-12500/12167-PROOF.pdf
12168,A295210,PROOF,order-line,papers/12001-12500/12168-PROOF.pdf
12169,A266133,PROOF,order-line,papers/12001-12500/12169-PROOF.pdf
12170,A297746,PROOF,order-line,papers/12001-12500/12170-PROOF.pdf
12171,A301494,PROOF,order-line-tail,papers/12001-12500/12171-PROOF.pdf
12172,A256026,PROOF,order-line-tail,papers/12001-12500/12172-PROOF.pdf
12173,A316951,PROOF,order-line,papers/12001-12500/12173-PROOF.pdf
12174,A255145,PROOF,order-line,papers/12001-12500/12174-PROOF.pdf
12175,A253656,PROOF,order-line-tail,papers/12001-12500/12175-PROOF.pdf
12176,A299331,PROOF,order-line-tail,papers/12001-12500/12176-PROOF.pdf
12177,A295713,PROOF,order-line,papers/12001-12500/12177-PROOF.pdf
12178,A254776,PROOF,order-line-tail,papers/12001-12500/12178-PROOF.pdf
12179,A254722,PROOF,order-line-tail,papers/12001-12500/12179-PROOF.pdf
12180,A260283,PROOF,order-line-tail,papers/12001-12500/12180-PROOF.pdf
12181,A252600,PROOF,order-line-tail,papers/12001-12500/12181-PROOF.pdf
12182,A229517,PROOF,order-line-tail,papers/12001-12500/12182-PROOF.pdf
12183,A300535,PROOF,order-line-tail,papers/12001-12500/12183-PROOF.pdf
12184,A300962,PROOF,order-line-tail,papers/12001-12500/12184-PROOF.pdf
12185,A283861,PROOF,order-line,papers/12001-12500/12185-PROOF.pdf
12186,A283491,PROOF,order-line-tail,papers/12001-12500/12186-PROOF.pdf
12187,A316180,PROOF,order-line-tail,papers/12001-12500/12187-PROOF.pdf
12188,A296639,PROOF,order-line,papers/12001-12500/12188-PROOF.pdf
12189,A241116,PROOF,order-line-tail,papers/12001-12500/12189-PROOF.pdf
12190,A295845,PROOF,order-line,papers/12001-12500/12190-PROOF.pdf
12191,A262468,PROOF,order-line,papers/12001-12500/12191-PROOF.pdf
12192,A236091,PROOF,order-line-tail,papers/12001-12500/12192-PROOF.pdf
12193,A254452,PROOF,order-line-tail,papers/12001-12500/12193-PROOF.pdf
12194,A254170,PROOF,order-line-tail,papers/12001-12500/12194-PROOF.pdf
12195,A302956,PROOF,order-line-tail,papers/12001-12500/12195-PROOF.pdf
12196,A297462,PROOF,order-line,papers/12001-12500/12196-PROOF.pdf
12197,A281799,PROOF,order-line-tail,papers/12001-12500/12197-PROOF.pdf
12198,A236636,PROOF,order-line-tail,papers/12001-12500/12198-PROOF.pdf
12199,A281718,PROOF,order-line-tail,papers/12001-12500/12199-PROOF.pdf
12200,A283413,PROOF,order-line-tail,papers/12001-12500/12200-PROOF.pdf
12201,A259296,PROOF,order-line,papers/12001-12500/12201-PROOF.pdf
12202,A302524,PROOF,order-line,papers/12001-12500/12202-PROOF.pdf
12203,A231582,PROOF,order-line-tail,papers/12001-12500/12203-PROOF.pdf
12204,A252073,PROOF,order-line-tail,papers/12001-12500/12204-PROOF.pdf
12205,A318041,PROOF,order-line-tail,papers/12001-12500/12205-PROOF.pdf
12206,A300608,PROOF,order-line-tail,papers/12001-12500/12206-PROOF.pdf
12207,A301350,PROOF,order-line-tail,papers/12001-12500/12207-PROOF.pdf
12208,A318094,PROOF,order-line-tail,papers/12001-12500/12208-PROOF.pdf
12209,A298550,PROOF,order-line-tail,papers/12001-12500/12209-PROOF.pdf
12210,A299245,PROOF,order-line-tail,papers/12001-12500/12210-PROOF.pdf
12211,A299557,PROOF,order-line-tail,papers/12001-12500/12211-PROOF.pdf
12212,A302274,PROOF,order-line-tail,papers/12001-12500/12212-PROOF.pdf
12213,A298059,PROOF,order-line,papers/12001-12500/12213-PROOF.pdf
12214,A252267,PROOF,order-line-tail,papers/12001-12500/12214-PROOF.pdf
12215,A252367,PROOF,order-line-tail,papers/12001-12500/12215-PROOF.pdf
12216,A259522,PROOF,order-line,papers/12001-12500/12216-PROOF.pdf
12217,A259960,PROOF,order-line-tail,papers/12001-12500/12217-PROOF.pdf
12218,A252341,PROOF,order-line-tail,papers/12001-12500/12218-PROOF.pdf
12219,A255025,PROOF,order-line-tail,papers/12001-12500/12219-PROOF.pdf
12220,A298316,PROOF,order-line-tail,papers/12001-12500/12220-PROOF.pdf
12221,A298378,PROOF,order-line-tail,papers/12001-12500/12221-PROOF.pdf
12222,A300092,PROOF,order-line-tail,papers/12001-12500/12222-PROOF.pdf
12223,A302462,PROOF,order-line-tail,papers/12001-12500/12223-PROOF.pdf
12224,A303411,PROOF,order-line-tail,papers/12001-12500/12224-PROOF.pdf
12225,A306132,PROOF,order-line-tail,papers/12001-12500/12225-PROOF.pdf
12226,A253858,PROOF,order-line,papers/12001-12500/12226-PROOF.pdf
12227,A254493,PROOF,order-line,papers/12001-12500/12227-PROOF.pdf
12228,A280158,PROOF,order-line-tail,papers/12001-12500/12228-PROOF.pdf
12229,A298708,PROOF,order-line,papers/12001-12500/12229-PROOF.pdf
12230,A320369,PROOF,order-line-tail,papers/12001-12500/12230-PROOF.pdf
12231,A237845,PROOF,order-line,papers/12001-12500/12231-PROOF.pdf
12232,A277941,PROOF,order-line-tail,papers/12001-12500/12232-PROOF.pdf
12233,A302262,PROOF,order-line-tail,papers/12001-12500/12233-PROOF.pdf
12234,A231520,PROOF,order-line-tail,papers/12001-12500/12234-PROOF.pdf
12235,A234862,PROOF,order-line-tail,papers/12001-12500/12235-PROOF.pdf
12236,A299454,PROOF,order-line-tail,papers/12001-12500/12236-PROOF.pdf
12237,A304547,PROOF,order-line-tail,papers/12001-12500/12237-PROOF.pdf
12238,A304672,PROOF,order-line-tail,papers/12001-12500/12238-PROOF.pdf
12239,A316119,PROOF,order-line-tail,papers/12001-12500/12239-PROOF.pdf
12240,A295376,PROOF,order-line,papers/12001-12500/12240-PROOF.pdf
12241,A297400,PROOF,order-line,papers/12001-12500/12241-PROOF.pdf
12242,A283548,PROOF,order-line,papers/12001-12500/12242-PROOF.pdf
12243,A254771,PROOF,order-line-tail,papers/12001-12500/12243-PROOF.pdf
12244,A282994,PROOF,order-line,papers/12001-12500/12244-PROOF.pdf
12245,A281952,PROOF,order-line-tail,papers/12001-12500/12245-PROOF.pdf
12246,A281932,PROOF,order-line-tail,papers/12001-12500/12246-PROOF.pdf
12247,A283787,PROOF,order-line,papers/12001-12500/12247-PROOF.pdf
12248,A283279,PROOF,order-line,papers/12001-12500/12248-PROOF.pdf
12249,A229642,PROOF,order-line-tail,papers/12001-12500/12249-PROOF.pdf
12250,A252453,PROOF,order-line-tail,papers/12001-12500/12250-PROOF.pdf
12251,A252084,PROOF,order-line-tail,papers/12001-12500/12251-PROOF.pdf
12252,A295603,PROOF,order-line,papers/12001-12500/12252-PROOF.pdf
12253,A298385,PROOF,order-line-tail,papers/12001-12500/12253-PROOF.pdf
12254,A299190,PROOF,order-line-tail,papers/12001-12500/12254-PROOF.pdf
12255,A299461,PROOF,order-line-tail,papers/12001-12500/12255-PROOF.pdf
12256,A305011,PROOF,order-line-tail,papers/12001-12500/12256-PROOF.pdf
12257,A316644,PROOF,order-line-tail,papers/12001-12500/12257-PROOF.pdf
12258,A304693,PROOF,order-line-tail,papers/12001-12500/12258-PROOF.pdf
12259,A305907,PROOF,order-line-tail,papers/12001-12500/12259-PROOF.pdf
12260,A316444,PROOF,order-line-tail,papers/12001-12500/12260-PROOF.pdf
12261,A316637,PROOF,order-line-tail,papers/12001-12500/12261-PROOF.pdf
12262,A317149,PROOF,order-line-tail,papers/12001-12500/12262-PROOF.pdf
12263,A230802,PROOF,order-line,papers/12001-12500/12263-PROOF.pdf
12264,A231215,PROOF,order-line-tail,papers/12001-12500/12264-PROOF.pdf
12265,A253980,PROOF,order-line,papers/12001-12500/12265-PROOF.pdf
12266,A282526,PROOF,order-line,papers/12001-12500/12266-PROOF.pdf
12267,A268797,PROOF,order-line-tail,papers/12001-12500/12267-PROOF.pdf
12268,A268808,PROOF,order-line-tail,papers/12001-12500/12268-PROOF.pdf
12269,A279980,PROOF,order-line-tail,papers/12001-12500/12269-PROOF.pdf
12270,A238651,PROOF,order-line,papers/12001-12500/12270-PROOF.pdf
12271,A251316,PROOF,order-line-tail,papers/12001-12500/12271-PROOF.pdf
12272,A268788,PROOF,order-line,papers/12001-12500/12272-PROOF.pdf
12273,A268892,PROOF,order-line,papers/12001-12500/12273-PROOF.pdf
12274,A269001,PROOF,order-line,papers/12001-12500/12274-PROOF.pdf
12275,A269088,PROOF,order-line,papers/12001-12500/12275-PROOF.pdf
12276,A254392,PROOF,order-line-tail,papers/12001-12500/12276-PROOF.pdf
12277,A303459,PROOF,order-line-tail,papers/12001-12500/12277-PROOF.pdf
12278,A297634,PROOF,order-line,papers/12001-12500/12278-PROOF.pdf
12279,A299836,PROOF,order-line-tail,papers/12001-12500/12279-PROOF.pdf
12280,A256897,PROOF,order-line-tail,papers/12001-12500/12280-PROOF.pdf
12281,A298392,PROOF,order-line-tail,papers/12001-12500/12281-PROOF.pdf
12282,A299303,PROOF,order-line-tail,papers/12001-12500/12282-PROOF.pdf
12283,A299510,PROOF,order-line-tail,papers/12001-12500/12283-PROOF.pdf
12284,A302530,PROOF,order-line-tail,papers/12001-12500/12284-PROOF.pdf
12285,A299093,PROOF,order-line-tail,papers/12001-12500/12285-PROOF.pdf
12286,A317432,PROOF,order-line-tail,papers/12001-12500/12286-PROOF.pdf
12287,A301612,PROOF,order-line-tail,papers/12001-12500/12287-PROOF.pdf
12288,A262476,PROOF,order-line,papers/12001-12500/12288-PROOF.pdf
12289,A251001,PROOF,order-line-tail,papers/12001-12500/12289-PROOF.pdf
12290,A295982,PROOF,order-line,papers/12001-12500/12290-PROOF.pdf
12291,A296671,PROOF,order-line,papers/12001-12500/12291-PROOF.pdf
12292,A237237,PROOF,order-line,papers/12001-12500/12292-PROOF.pdf
12293,A237679,PROOF,order-line-tail,papers/12001-12500/12293-PROOF.pdf
12294,A252127,PROOF,order-line-tail,papers/12001-12500/12294-PROOF.pdf
12295,A259950,PROOF,order-line-tail,papers/12001-12500/12295-PROOF.pdf
12296,A298324,PROOF,order-line-tail,papers/12001-12500/12296-PROOF.pdf
12297,A299563,PROOF,order-line-tail,papers/12001-12500/12297-PROOF.pdf
12298,A300104,PROOF,order-line-tail,papers/12001-12500/12298-PROOF.pdf
12299,A303086,PROOF,order-line-tail,papers/12001-12500/12299-PROOF.pdf
12300,A303244,PROOF,order-line-tail,papers/12001-12500/12300-PROOF.pdf
12301,A304700,PROOF,order-line-tail,papers/12001-12500/12301-PROOF.pdf
12302,A316451,PROOF,order-line-tail,papers/12001-12500/12302-PROOF.pdf
12303,A317262,PROOF,order-line-tail,papers/12001-12500/12303-PROOF.pdf
12304,A299875,PROOF,order-line-tail,papers/12001-12500/12304-PROOF.pdf
12305,A316126,PROOF,order-line-tail,papers/12001-12500/12305-PROOF.pdf
12306,A302822,PROOF,order-line-tail,papers/12001-12500/12306-PROOF.pdf
12307,A254486,PROOF,order-line,papers/12001-12500/12307-PROOF.pdf
12308,A282646,PROOF,order-line,papers/12001-12500/12308-PROOF.pdf
12309,A254163,PROOF,order-line-tail,papers/12001-12500/12309-PROOF.pdf
12310,A254356,PROOF,order-line-tail,papers/12001-12500/12310-PROOF.pdf
12311,A254588,PROOF,order-line-tail,papers/12001-12500/12311-PROOF.pdf
12312,A301825,PROOF,order-line-tail,papers/12001-12500/12312-PROOF.pdf
12313,A300339,PROOF,order-line-tail,papers/12001-12500/12313-PROOF.pdf
12314,A300172,PROOF,order-line-tail,papers/12001-12500/12314-PROOF.pdf
12315,A299011,PROOF,order-line-tail,papers/12001-12500/12315-PROOF.pdf
12316,A299217,PROOF,order-line-tail,papers/12001-12500/12316-PROOF.pdf
12317,A299802,PROOF,order-line-tail,papers/12001-12500/12317-PROOF.pdf
12318,A298150,PROOF,order-line-tail,papers/12001-12500/12318-PROOF.pdf
12319,A299124,PROOF,order-line-tail,papers/12001-12500/12319-PROOF.pdf
12320,A299882,PROOF,order-line-tail,papers/12001-12500/12320-PROOF.pdf
12321,A305914,PROOF,order-line-tail,papers/12001-12500/12321-PROOF.pdf
12322,A317156,PROOF,order-line-tail,papers/12001-12500/12322-PROOF.pdf
12323,A305171,PROOF,order-line-tail,papers/12001-12500/12323-PROOF.pdf
12324,A262920,PROOF,order-line,papers/12001-12500/12324-PROOF.pdf
12325,A253331,PROOF,order-line,papers/12001-12500/12325-PROOF.pdf
12326,A260474,PROOF,order-line-tail,papers/12001-12500/12326-PROOF.pdf
12327,A250710,PROOF,order-line-tail,papers/12001-12500/12327-PROOF.pdf
12328,A250531,PROOF,order-line-tail,papers/12001-12500/12328-PROOF.pdf
12329,A251831,PROOF,order-line-tail,papers/12001-12500/12329-PROOF.pdf
12330,A231936,PROOF,order-line-tail,papers/12001-12500/12330-PROOF.pdf
12331,A299004,PROOF,order-line-tail,papers/12001-12500/12331-PROOF.pdf
12332,A299671,PROOF,order-line-tail,papers/12001-12500/12332-PROOF.pdf
12333,A299749,PROOF,order-line-tail,papers/12001-12500/12333-PROOF.pdf
12334,A283577,PROOF,order-line,papers/12001-12500/12334-PROOF.pdf
12335,A232373,PROOF,order-line-tail,papers/12001-12500/12335-PROOF.pdf
12336,A252913,PROOF,order-line-tail,papers/12001-12500/12336-PROOF.pdf
12337,A237062,PROOF,order-line,papers/12001-12500/12337-PROOF.pdf
12338,A254094,PROOF,order-line-tail,papers/12001-12500/12338-PROOF.pdf
12339,A302744,PROOF,order-line-tail,papers/12001-12500/12339-PROOF.pdf
12340,A300927,PROOF,order-line-tail,papers/12001-12500/12340-PROOF.pdf
12341,A230678,PROOF,order-line-tail,papers/12001-12500/12341-PROOF.pdf
12342,A229377,PROOF,order-line-tail,papers/12001-12500/12342-PROOF.pdf
12343,A316172,PROOF,order-line-tail,papers/12001-12500/12343-PROOF.pdf
12344,A299584,PROOF,order-line-tail,papers/12001-12500/12344-PROOF.pdf
12345,A317454,PROOF,order-line-tail,papers/12001-12500/12345-PROOF.pdf
12346,A300263,PROOF,order-line-tail,papers/12001-12500/12346-PROOF.pdf
12347,A239042,PROOF,order-line,papers/12001-12500/12347-PROOF.pdf
12348,A239335,PROOF,order-line,papers/12001-12500/12348-PROOF.pdf
12349,A239400,PROOF,order-line,papers/12001-12500/12349-PROOF.pdf
12350,A239821,PROOF,order-line,papers/12001-12500/12350-PROOF.pdf
12351,A278017,PROOF,order-line,papers/12001-12500/12351-PROOF.pdf
12352,A283638,PROOF,order-line,papers/12001-12500/12352-PROOF.pdf
12353,A283631,PROOF,order-line,papers/12001-12500/12353-PROOF.pdf
12354,A296685,PROOF,order-line,papers/12001-12500/12354-PROOF.pdf
12355,A282835,PROOF,order-line,papers/12001-12500/12355-PROOF.pdf
12356,A254918,PROOF,order-line-tail,papers/12001-12500/12356-PROOF.pdf
12357,A253330,PROOF,order-line,papers/12001-12500/12357-PROOF.pdf
12358,A258533,PROOF,order-line-tail,papers/12001-12500/12358-PROOF.pdf
12359,A223958,PROOF,order-line-tail,papers/12001-12500/12359-PROOF.pdf
12360,A252771,PROOF,order-line-tail,papers/12001-12500/12360-PROOF.pdf
12361,A252905,PROOF,order-line-tail,papers/12001-12500/12361-PROOF.pdf
12362,A302370,PROOF,order-line-tail,papers/12001-12500/12362-PROOF.pdf
12363,A302474,PROOF,order-line-tail,papers/12001-12500/12363-PROOF.pdf
12364,A303515,PROOF,order-line-tail,papers/12001-12500/12364-PROOF.pdf
12365,A254919,PROOF,order-line-tail,papers/12001-12500/12365-PROOF.pdf
12366,A282557,PROOF,order-line,papers/12001-12500/12366-PROOF.pdf
12367,A253310,PROOF,order-line-tail,papers/12001-12500/12367-PROOF.pdf
12368,A237071,PROOF,order-line,papers/12001-12500/12368-PROOF.pdf
12369,A231250,PROOF,order-line-tail,papers/12001-12500/12369-PROOF.pdf
12370,A259425,PROOF,order-line,papers/12001-12500/12370-PROOF.pdf
12371,A316812,PROOF,order-line-tail,papers/12001-12500/12371-PROOF.pdf
12372,A317562,PROOF,order-line-tail,papers/12001-12500/12372-PROOF.pdf
12373,A299064,PROOF,order-line-tail,papers/12001-12500/12373-PROOF.pdf
12374,A258534,PROOF,order-line-tail,papers/12001-12500/12374-PROOF.pdf
12375,A224307,PROOF,order-line-tail,papers/12001-12500/12375-PROOF.pdf
12376,A317462,PROOF,order-line-tail,papers/12001-12500/12376-PROOF.pdf
12377,A267962,PROOF,order-line,papers/12001-12500/12377-PROOF.pdf
12378,A282789,PROOF,order-line,papers/12001-12500/12378-PROOF.pdf
12379,A232379,PROOF,order-line-tail,papers/12001-12500/12379-PROOF.pdf
12380,A297651,PROOF,order-line,papers/12001-12500/12380-PROOF.pdf
12381,A297698,PROOF,order-line,papers/12001-12500/12381-PROOF.pdf
12382,A316806,PROOF,order-line,papers/12001-12500/12382-PROOF.pdf
12383,A317523,PROOF,order-line,papers/12001-12500/12383-PROOF.pdf
12384,A276304,PROOF,order-line-tail,papers/12001-12500/12384-PROOF.pdf
12385,A283542,PROOF,order-line,papers/12001-12500/12385-PROOF.pdf
12386,A237163,PROOF,order-line,papers/12001-12500/12386-PROOF.pdf
12387,A236706,PROOF,order-line-tail,papers/12001-12500/12387-PROOF.pdf
12388,A230616,PROOF,order-line-tail,papers/12001-12500/12388-PROOF.pdf
12389,A251032,PROOF,order-line-tail,papers/12001-12500/12389-PROOF.pdf
12390,A297510,PROOF,order-line,papers/12001-12500/12390-PROOF.pdf
12391,A303420,PROOF,order-line,papers/12001-12500/12391-PROOF.pdf
12392,A232152,PROOF,order-line,papers/12001-12500/12392-PROOF.pdf
12393,A296648,PROOF,order-line,papers/12001-12500/12393-PROOF.pdf
12394,A237386,PROOF,order-line-tail,papers/12001-12500/12394-PROOF.pdf
12395,A250590,PROOF,order-line-tail,papers/12001-12500/12395-PROOF.pdf
12396,A250679,PROOF,order-line,papers/12001-12500/12396-PROOF.pdf
12397,A251290,PROOF,order-line-tail,papers/12001-12500/12397-PROOF.pdf
12398,A233071,PROOF,order-line-tail,papers/12001-12500/12398-PROOF.pdf
12399,A305520,PROOF,order-line-tail,papers/12001-12500/12399-PROOF.pdf
12400,A316957,PROOF,order-line-tail,papers/12001-12500/12400-PROOF.pdf
12401,A297680,PROOF,order-line,papers/12001-12500/12401-PROOF.pdf
12402,A282313,PROOF,order-line,papers/12001-12500/12402-PROOF.pdf
12403,A250638,PROOF,order-line-tail,papers/12001-12500/12403-PROOF.pdf
12404,A229636,PROOF,order-line-tail,papers/12001-12500/12404-PROOF.pdf
12405,A254737,PROOF,order-line-tail,papers/12001-12500/12405-PROOF.pdf
12406,A257155,PROOF,order-line-tail,papers/12001-12500/12406-PROOF.pdf
12407,A283382,PROOF,order-line-tail,papers/12001-12500/12407-PROOF.pdf
12408,A230472,PROOF,order-line-tail,papers/12001-12500/12408-PROOF.pdf
12409,A250971,PROOF,order-line-tail,papers/12001-12500/12409-PROOF.pdf
12410,A251098,PROOF,order-line-tail,papers/12001-12500/12410-PROOF.pdf
12411,A232946,PROOF,order-line-tail,papers/12001-12500/12411-PROOF.pdf
12412,A224350,PROOF,order-line,papers/12001-12500/12412-PROOF.pdf
12413,A267953,PROOF,order-line,papers/12001-12500/12413-PROOF.pdf
12414,A238149,PROOF,order-line-tail,papers/12001-12500/12414-PROOF.pdf
12415,A237916,PROOF,order-line,papers/12001-12500/12415-PROOF.pdf
12416,A283695,PROOF,order-line,papers/12001-12500/12416-PROOF.pdf
12417,A251200,PROOF,order-line-tail,papers/12001-12500/12417-PROOF.pdf
12418,A259513,PROOF,order-line,papers/12001-12500/12418-PROOF.pdf
12419,A265930,PROOF,order-line-tail,papers/12001-12500/12419-PROOF.pdf
12420,A279922,PROOF,order-line-tail,papers/12001-12500/12420-PROOF.pdf
12421,A283570,PROOF,order-line,papers/12001-12500/12421-PROOF.pdf
12422,A267907,PROOF,order-line-tail,papers/12001-12500/12422-PROOF.pdf
12423,A282373,PROOF,order-line,papers/12001-12500/12423-PROOF.pdf
12424,A229592,PROOF,order-line-tail,papers/12001-12500/12424-PROOF.pdf
12425,A268910,PROOF,order-line-tail,papers/12001-12500/12425-PROOF.pdf
12426,A268977,PROOF,order-line-tail,papers/12001-12500/12426-PROOF.pdf
12427,A237941,PROOF,order-line,papers/12001-12500/12427-PROOF.pdf
12428,A259249,PROOF,order-line,papers/12001-12500/12428-PROOF.pdf
12429,A223998,PROOF,order-line-tail,papers/12001-12500/12429-PROOF.pdf
12430,A251226,PROOF,order-line-tail,papers/12001-12500/12430-PROOF.pdf
12431,A302068,PROOF,order-line-tail,papers/12001-12500/12431-PROOF.pdf
12432,A254265,PROOF,order-line-tail,papers/12001-12500/12432-PROOF.pdf
12433,A301840,PROOF,order-line-tail,papers/12001-12500/12433-PROOF.pdf
12434,A237294,PROOF,order-line,papers/12001-12500/12434-PROOF.pdf
12435,A251804,PROOF,order-line-tail,papers/12001-12500/12435-PROOF.pdf
12436,A302080,PROOF,order-line-tail,papers/12001-12500/12436-PROOF.pdf
12437,A301883,PROOF,order-line-tail,papers/12001-12500/12437-PROOF.pdf
12438,A224277,PROOF,order-line-tail,papers/12001-12500/12438-PROOF.pdf
12439,A269205,PROOF,order-line-tail,papers/12001-12500/12439-PROOF.pdf
12440,A269218,PROOF,order-line-tail,papers/12001-12500/12440-PROOF.pdf
12441,A264205,PROOF,order-line-tail,papers/12001-12500/12441-PROOF.pdf
12442,A279302,PROOF,order-line-tail,papers/12001-12500/12442-PROOF.pdf
12443,A279659,PROOF,order-line-tail,papers/12001-12500/12443-PROOF.pdf
12444,A251246,PROOF,order-line-tail,papers/12001-12500/12444-PROOF.pdf
12445,A302149,PROOF,order-line-tail,papers/12001-12500/12445-PROOF.pdf
12446,A254385,PROOF,order-line,papers/12001-12500/12446-PROOF.pdf
12447,A250514,PROOF,order-line,papers/12001-12500/12447-PROOF.pdf
12448,A250450,PROOF,order-line,papers/12001-12500/12448-PROOF.pdf
12449,A229369,PROOF,order-line-tail,papers/12001-12500/12449-PROOF.pdf
12450,A233024,PROOF,order-line,papers/12001-12500/12450-PROOF.pdf
12451,A269825,PROOF,order-line-tail,papers/12001-12500/12451-PROOF.pdf
12452,A277784,PROOF,order-line-tail,papers/12001-12500/12452-PROOF.pdf
12453,A224387,PROOF,order-line,papers/12001-12500/12453-PROOF.pdf
12454,A250672,PROOF,order-line-tail,papers/12001-12500/12454-PROOF.pdf
12455,A263552,PROOF,order-line,papers/12001-12500/12455-PROOF.pdf
12456,A301783,PROOF,order-line,papers/12001-12500/12456-PROOF.pdf
12457,A229605,PROOF,order-line-tail,papers/12001-12500/12457-PROOF.pdf
12458,A229684,PROOF,order-line-tail,papers/12001-12500/12458-PROOF.pdf
12459,A301406,PROOF,order-line-tail,papers/12001-12500/12459-PROOF.pdf
12460,A303425,PROOF,order-line,papers/12001-12500/12460-PROOF.pdf
12461,A223972,PROOF,order-line,papers/12001-12500/12461-PROOF.pdf
12462,A253348,PROOF,order-line-tail,papers/12001-12500/12462-PROOF.pdf
12463,A253355,PROOF,order-line-tail,papers/12001-12500/12463-PROOF.pdf
12464,A269212,PROOF,order-line-tail,papers/12001-12500/12464-PROOF.pdf
12465,A224203,PROOF,order-line-tail,papers/12001-12500/12465-PROOF.pdf
12466,A233017,PROOF,order-line,papers/12001-12500/12466-PROOF.pdf
12467,A176126,PROOF,quadratic,papers/12001-12500/12467-PROOF.pdf
12468,A191625,PROOF,quadratic,papers/12001-12500/12468-PROOF.pdf
12469,A186341,PROOF,quadratic,papers/12001-12500/12469-PROOF.pdf
12470,A026743,PROOF,quadratic,papers/12001-12500/12470-PROOF.pdf
12471,A191786,PROOF,quadratic,papers/12001-12500/12471-PROOF.pdf
12472,A210496,PROOF,quadratic,papers/12001-12500/12472-PROOF.pdf
12473,A182892,PROOF,quadratic,papers/12001-12500/12473-PROOF.pdf
12474,A270724,PROOF,quadratic,papers/12001-12500/12474-PROOF.pdf
12475,A190171,PROOF,quadratic,papers/12001-12500/12475-PROOF.pdf
12476,A257515,PROOF,quadratic,papers/12001-12500/12476-PROOF.pdf
12477,A190788,PROOF,quadratic,papers/12001-12500/12477-PROOF.pdf
12478,A095981,PROOF,quadratic,papers/12001-12500/12478-PROOF.pdf
12479,A212205,PROOF,quadratic,papers/12001-12500/12479-PROOF.pdf
12480,A270661,PROOF,quadratic,papers/12001-12500/12480-PROOF.pdf
12481,A157021,PROOF,quadratic,papers/12001-12500/12481-PROOF.pdf
12482,A165537,PROOF,quadratic,papers/12001-12500/12482-PROOF.pdf
12483,A166287,PROOF,quadratic,papers/12001-12500/12483-PROOF.pdf
12484,A174013,PROOF,quadratic,papers/12001-12500/12484-PROOF.pdf
12485,A178072,PROOF,quadratic,papers/12001-12500/12485-PROOF.pdf
12486,A182894,PROOF,quadratic,papers/12001-12500/12486-PROOF.pdf
12487,A114584,PROOF,quadratic,papers/12001-12500/12487-PROOF.pdf
12488,A164586,PROOF,quadratic,papers/12001-12500/12488-PROOF.pdf
12489,A189053,PROOF,quadratic,papers/12001-12500/12489-PROOF.pdf
12490,A182904,PROOF,quadratic,papers/12001-12500/12490-PROOF.pdf
12491,A274295,PROOF,quadratic,papers/12001-12500/12491-PROOF.pdf
12492,A226434,PROOF,quadratic,papers/12001-12500/12492-PROOF.pdf
12493,A257104,PROOF,quadratic,papers/12001-12500/12493-PROOF.pdf
12494,A108600,PROOF,quadratic,papers/12001-12500/12494-PROOF.pdf
12495,A114851,PROOF,quadratic,papers/12001-12500/12495-PROOF.pdf
12496,A125306,PROOF,quadratic,papers/12001-12500/12496-PROOF.pdf
12497,A166290,PROOF,quadratic,papers/12001-12500/12497-PROOF.pdf
12498,A228770,PROOF,quadratic,papers/12001-12500/12498-PROOF.pdf
12499,A257300,PROOF,quadratic,papers/12001-12500/12499-PROOF.pdf
12500,A089324,PROOF,quadratic,papers/12001-12500/12500-PROOF.pdf
12501,A104625,PROOF,quadratic,papers/12501-13000/12501-PROOF.pdf
12502,A113956,PROOF,quadratic,papers/12501-13000/12502-PROOF.pdf
12503,A116383,PROOF,quadratic,papers/12501-13000/12503-PROOF.pdf
12504,A162548,PROOF,quadratic,papers/12501-13000/12504-PROOF.pdf
12505,A173993,PROOF,quadratic,papers/12501-13000/12505-PROOF.pdf
12506,A244886,PROOF,quadratic,papers/12501-13000/12506-PROOF.pdf
12507,A157003,PROOF,quadratic,papers/12501-13000/12507-PROOF.pdf
12508,A162482,PROOF,quadratic,papers/12501-13000/12508-PROOF.pdf
12509,A163493,PROOF,quadratic,papers/12501-13000/12509-PROOF.pdf
12510,A191398,PROOF,quadratic,papers/12501-13000/12510-PROOF.pdf
12511,A135582,PROOF,quadratic,papers/12501-13000/12511-PROOF.pdf
12512,A139376,PROOF,quadratic,papers/12501-13000/12512-PROOF.pdf
12513,A346074,PROOF,quadratic,papers/12501-13000/12513-PROOF.pdf
12514,A190166,PROOF,quadratic,papers/12501-13000/12514-PROOF.pdf
12515,A025251,PROOF,quadratic,papers/12501-13000/12515-PROOF.pdf
12516,A228771,PROOF,quadratic,papers/12501-13000/12516-PROOF.pdf
12517,A025268,PROOF,quadratic,papers/12501-13000/12517-PROOF.pdf
12518,A025272,PROOF,quadratic,papers/12501-13000/12518-PROOF.pdf
12519,A162475,PROOF,quadratic,papers/12501-13000/12519-PROOF.pdf
12520,A385252,PROOF,quadratic,papers/12501-13000/12520-PROOF.pdf
12521,A114464,PROOF,quadratic,papers/12501-13000/12521-PROOF.pdf
12522,A127154,PROOF,quadratic,papers/12501-13000/12522-PROOF.pdf
12523,A135335,PROOF,quadratic,papers/12501-13000/12523-PROOF.pdf
12524,A165540,PROOF,quadratic,papers/12501-13000/12524-PROOF.pdf
12525,A171416,PROOF,quadratic,papers/12501-13000/12525-PROOF.pdf
12526,A188314,PROOF,quadratic,papers/12501-13000/12526-PROOF.pdf
12527,A247170,PROOF,quadratic,papers/12501-13000/12527-PROOF.pdf
12528,A254314,PROOF,quadratic,papers/12501-13000/12528-PROOF.pdf
12529,A270661,PROOF,quadratic,papers/12501-13000/12529-PROOF.pdf
12530,A003440,PROOF,quadratic,papers/12501-13000/12530-PROOF.pdf
12531,A110521,PROOF,quadratic,papers/12501-13000/12531-PROOF.pdf
12532,A114190,PROOF,quadratic,papers/12501-13000/12532-PROOF.pdf
12533,A116387,PROOF,quadratic,papers/12501-13000/12533-PROOF.pdf
12534,A128096,PROOF,quadratic,papers/12501-13000/12534-PROOF.pdf
12535,A135052,PROOF,quadratic,papers/12501-13000/12535-PROOF.pdf
12536,A157021,PROOF,quadratic,papers/12501-13000/12536-PROOF.pdf
12537,A160823,PROOF,quadratic,papers/12501-13000/12537-PROOF.pdf
12538,A166287,PROOF,quadratic,papers/12501-13000/12538-PROOF.pdf
12539,A174808,PROOF,quadratic,papers/12501-13000/12539-PROOF.pdf
12540,A185089,PROOF,quadratic,papers/12501-13000/12540-PROOF.pdf
12541,A186940,PROOF,quadratic,papers/12501-13000/12541-PROOF.pdf
12542,A190736,PROOF,quadratic,papers/12501-13000/12542-PROOF.pdf
12543,A219314,PROOF,quadratic,papers/12501-13000/12543-PROOF.pdf
12544,A100095,PROOF,quadratic,papers/12501-13000/12544-PROOF.pdf
12545,A100097,PROOF,quadratic,papers/12501-13000/12545-PROOF.pdf
12546,A191313,PROOF,quadratic,papers/12501-13000/12546-PROOF.pdf
12547,A191790,PROOF,quadratic,papers/12501-13000/12547-PROOF.pdf
12548,A273351,PROOF,quadratic,papers/12501-13000/12548-PROOF.pdf
12549,A278472,PROOF,quadratic,papers/12501-13000/12549-PROOF.pdf
12550,A108296,PROOF,quadratic,papers/12501-13000/12550-PROOF.pdf
12551,A116391,PROOF,quadratic,papers/12501-13000/12551-PROOF.pdf
12552,A110198,PROOF,quadratic,papers/12501-13000/12552-PROOF.pdf
12553,A182879,PROOF,quadratic,papers/12501-13000/12553-PROOF.pdf
12554,A182887,PROOF,quadratic,papers/12501-13000/12554-PROOF.pdf
12555,A135925,PROOF,quadratic,papers/12501-13000/12555-PROOF.pdf
12556,A007901,PROOF,quadratic,papers/12501-13000/12556-PROOF.pdf
12557,A025256,PROOF,quadratic,papers/12501-13000/12557-PROOF.pdf
12558,A025258,PROOF,quadratic,papers/12501-13000/12558-PROOF.pdf
12559,A000781,PROOF,quadratic,papers/12501-13000/12559-PROOF.pdf
12560,A025245,PROOF,quadratic,papers/12501-13000/12560-PROOF.pdf
12561,A025257,PROOF,quadratic,papers/12501-13000/12561-PROOF.pdf
12562,A025269,PROOF,quadratic,papers/12501-13000/12562-PROOF.pdf
12563,A025270,PROOF,quadratic,papers/12501-13000/12563-PROOF.pdf
12564,A025275,PROOF,quadratic,papers/12501-13000/12564-PROOF.pdf
12565,A102880,PROOF,quadratic,papers/12501-13000/12565-PROOF.pdf
12566,A111053,PROOF,quadratic,papers/12501-13000/12566-PROOF.pdf
12567,A152120,PROOF,quadratic,papers/12501-13000/12567-PROOF.pdf
12568,A159771,PROOF,quadratic,papers/12501-13000/12568-PROOF.pdf
12569,A166694,PROOF,quadratic,papers/12501-13000/12569-PROOF.pdf
12570,A166696,PROOF,quadratic,papers/12501-13000/12570-PROOF.pdf
12571,A191796,PROOF,quadratic,papers/12501-13000/12571-PROOF.pdf
12572,A217711,PROOF,quadratic,papers/12501-13000/12572-PROOF.pdf
12573,A278023,PROOF,quadratic,papers/12501-13000/12573-PROOF.pdf
12574,A279014,PROOF,quadratic,papers/12501-13000/12574-PROOF.pdf
12575,A000483,PROOF,quadratic,papers/12501-13000/12575-PROOF.pdf
12576,A026030,PROOF,quadratic,papers/12501-13000/12576-PROOF.pdf
12577,A026031,PROOF,quadratic,papers/12501-13000/12577-PROOF.pdf
12578,A048775,PROOF,quadratic,papers/12501-13000/12578-PROOF.pdf
12579,A116409,PROOF,quadratic,papers/12501-13000/12579-PROOF.pdf
12580,A126322,PROOF,quadratic,papers/12501-13000/12580-PROOF.pdf
12581,A128750,PROOF,quadratic,papers/12501-13000/12581-PROOF.pdf
12582,A143955,PROOF,quadratic,papers/12501-13000/12582-PROOF.pdf
12583,A165203,PROOF,quadratic,papers/12501-13000/12583-PROOF.pdf
12584,A168505,PROOF,quadratic,papers/12501-13000/12584-PROOF.pdf
12585,A176605,PROOF,quadratic,papers/12501-13000/12585-PROOF.pdf
12586,A181933,PROOF,quadratic,papers/12501-13000/12586-PROOF.pdf
12587,A191585,PROOF,quadratic,papers/12501-13000/12587-PROOF.pdf
12588,A215973,PROOF,quadratic,papers/12501-13000/12588-PROOF.pdf
12589,A234269,PROOF,quadratic,papers/12501-13000/12589-PROOF.pdf
12590,A236407,PROOF,quadratic,papers/12501-13000/12590-PROOF.pdf
12591,A270363,PROOF,quadratic,papers/12501-13000/12591-PROOF.pdf
12592,A098521,PROOF,quadratic,papers/12501-13000/12592-PROOF.pdf
12593,A100096,PROOF,quadratic,papers/12501-13000/12593-PROOF.pdf
12594,A100099,PROOF,quadratic,papers/12501-13000/12594-PROOF.pdf
12595,A105849,PROOF,quadratic,papers/12501-13000/12595-PROOF.pdf
12596,A105864,PROOF,quadratic,papers/12501-13000/12596-PROOF.pdf
12597,A105865,PROOF,quadratic,papers/12501-13000/12597-PROOF.pdf
12598,A108308,PROOF,quadratic,papers/12501-13000/12598-PROOF.pdf
12599,A114194,PROOF,quadratic,papers/12501-13000/12599-PROOF.pdf
12600,A115967,PROOF,quadratic,papers/12501-13000/12600-PROOF.pdf
12601,A117186,PROOF,quadratic,papers/12501-13000/12601-PROOF.pdf
12602,A120010,PROOF,quadratic,papers/12501-13000/12602-PROOF.pdf
12603,A124431,PROOF,quadratic,papers/12501-13000/12603-PROOF.pdf
12604,A126568,PROOF,quadratic,papers/12501-13000/12604-PROOF.pdf
12605,A132364,PROOF,quadratic,papers/12501-13000/12605-PROOF.pdf
12606,A141342,PROOF,quadratic,papers/12501-13000/12606-PROOF.pdf
12607,A155051,PROOF,quadratic,papers/12501-13000/12607-PROOF.pdf
12608,A157002,PROOF,quadratic,papers/12501-13000/12608-PROOF.pdf
12609,A157100,PROOF,quadratic,papers/12501-13000/12609-PROOF.pdf
12610,A166076,PROOF,quadratic,papers/12501-13000/12610-PROOF.pdf
12611,A166300,PROOF,quadratic,papers/12501-13000/12611-PROOF.pdf
12612,A168503,PROOF,quadratic,papers/12501-13000/12612-PROOF.pdf
12613,A174107,PROOF,quadratic,papers/12501-13000/12613-PROOF.pdf
12614,A174169,PROOF,quadratic,papers/12501-13000/12614-PROOF.pdf
12615,A176332,PROOF,quadratic,papers/12501-13000/12615-PROOF.pdf
12616,A184018,PROOF,quadratic,papers/12501-13000/12616-PROOF.pdf
12617,A188312,PROOF,quadratic,papers/12501-13000/12617-PROOF.pdf
12618,A188482,PROOF,quadratic,papers/12501-13000/12618-PROOF.pdf
12619,A191782,PROOF,quadratic,papers/12501-13000/12619-PROOF.pdf
12620,A217333,PROOF,quadratic,papers/12501-13000/12620-PROOF.pdf
12621,A257072,PROOF,quadratic,papers/12501-13000/12621-PROOF.pdf
12622,A261681,PROOF,quadratic,papers/12501-13000/12622-PROOF.pdf
12623,A073155,PROOF,quadratic,papers/12501-13000/12623-PROOF.pdf
12624,A105524,PROOF,quadratic,papers/12501-13000/12624-PROOF.pdf
12625,A114589,PROOF,quadratic,papers/12501-13000/12625-PROOF.pdf
12626,A114590,PROOF,quadratic,papers/12501-13000/12626-PROOF.pdf
12627,A162481,PROOF,quadratic,papers/12501-13000/12627-PROOF.pdf
12628,A174783,PROOF,quadratic,papers/12501-13000/12628-PROOF.pdf
12629,A188460,PROOF,quadratic,papers/12501-13000/12629-PROOF.pdf
12630,A188464,PROOF,quadratic,papers/12501-13000/12630-PROOF.pdf
12631,A190725,PROOF,quadratic,papers/12501-13000/12631-PROOF.pdf
12632,A191526,PROOF,quadratic,papers/12501-13000/12632-PROOF.pdf
12633,A191531,PROOF,quadratic,papers/12501-13000/12633-PROOF.pdf
12634,A211278,PROOF,quadratic,papers/12501-13000/12634-PROOF.pdf
12635,A026327,PROOF,quadratic,papers/12501-13000/12635-PROOF.pdf
12636,A081207,PROOF,quadratic,papers/12501-13000/12636-PROOF.pdf
12637,A102882,PROOF,quadratic,papers/12501-13000/12637-PROOF.pdf
12638,A182881,PROOF,quadratic,papers/12501-13000/12638-PROOF.pdf
12639,A191309,PROOF,quadratic,papers/12501-13000/12639-PROOF.pdf
12640,A191319,PROOF,quadratic,papers/12501-13000/12640-PROOF.pdf
12641,A191790,PROOF,quadratic,papers/12501-13000/12641-PROOF.pdf
12642,A273351,PROOF,quadratic,papers/12501-13000/12642-PROOF.pdf
12643,A025248,PROOF,quadratic,papers/12501-13000/12643-PROOF.pdf
12644,A025249,PROOF,quadratic,papers/12501-13000/12644-PROOF.pdf
12645,A026017,PROOF,quadratic,papers/12501-13000/12645-PROOF.pdf
12646,A071717,PROOF,quadratic,papers/12501-13000/12646-PROOF.pdf
12647,A104722,PROOF,quadratic,papers/12501-13000/12647-PROOF.pdf
12648,A109263,PROOF,quadratic,papers/12501-13000/12648-PROOF.pdf
12649,A118093,PROOF,quadratic,papers/12501-13000/12649-PROOF.pdf
12650,A118974,PROOF,quadratic,papers/12501-13000/12650-PROOF.pdf
12651,A121320,PROOF,quadratic,papers/12501-13000/12651-PROOF.pdf
12652,A126323,PROOF,quadratic,papers/12501-13000/12652-PROOF.pdf
12653,A128723,PROOF,quadratic,papers/12501-13000/12653-PROOF.pdf
12654,A135334,PROOF,quadratic,papers/12501-13000/12654-PROOF.pdf
12655,A141351,PROOF,quadratic,papers/12501-13000/12655-PROOF.pdf
12656,A141353,PROOF,quadratic,papers/12501-13000/12656-PROOF.pdf
12657,A163824,PROOF,quadratic,papers/12501-13000/12657-PROOF.pdf
12658,A165201,PROOF,quadratic,papers/12501-13000/12658-PROOF.pdf
12659,A279014,PROOF,quadratic,papers/12501-13000/12659-PROOF.pdf
12660,A026027,PROOF,quadratic,papers/12501-13000/12660-PROOF.pdf
12661,A026135,PROOF,quadratic,papers/12501-13000/12661-PROOF.pdf
12662,A050168,PROOF,quadratic,papers/12501-13000/12662-PROOF.pdf
12663,A059279,PROOF,quadratic,papers/12501-13000/12663-PROOF.pdf
12664,A063395,PROOF,quadratic,papers/12501-13000/12664-PROOF.pdf
12665,A071722,PROOF,quadratic,papers/12501-13000/12665-PROOF.pdf
12666,A082134,PROOF,quadratic,papers/12501-13000/12666-PROOF.pdf
12667,A097331,PROOF,quadratic,papers/12501-13000/12667-PROOF.pdf
12668,A100193,PROOF,quadratic,papers/12501-13000/12668-PROOF.pdf
12669,A103973,PROOF,quadratic,papers/12501-13000/12669-PROOF.pdf
12670,A106181,PROOF,quadratic,papers/12501-13000/12670-PROOF.pdf
12671,A108623,PROOF,quadratic,papers/12501-13000/12671-PROOF.pdf
12672,A126180,PROOF,quadratic,papers/12501-13000/12672-PROOF.pdf
12673,A128732,PROOF,quadratic,papers/12501-13000/12673-PROOF.pdf
12674,A134389,PROOF,quadratic,papers/12501-13000/12674-PROOF.pdf
12675,A143013,PROOF,quadratic,papers/12501-13000/12675-PROOF.pdf
12676,A143954,PROOF,quadratic,papers/12501-13000/12676-PROOF.pdf
12677,A157418,PROOF,quadratic,papers/12501-13000/12677-PROOF.pdf
12678,A158196,PROOF,quadratic,papers/12501-13000/12678-PROOF.pdf
12679,A158197,PROOF,quadratic,papers/12501-13000/12679-PROOF.pdf
12680,A191585,PROOF,quadratic,papers/12501-13000/12680-PROOF.pdf
12681,A257290,PROOF,quadratic,papers/12501-13000/12681-PROOF.pdf
12682,A054341,PROOF,quadratic,papers/12501-13000/12682-PROOF.pdf
12683,A071715,PROOF,quadratic,papers/12501-13000/12683-PROOF.pdf
12684,A090413,PROOF,quadratic,papers/12501-13000/12684-PROOF.pdf
12685,A090826,PROOF,quadratic,papers/12501-13000/12685-PROOF.pdf
12686,A091699,PROOF,quadratic,papers/12501-13000/12686-PROOF.pdf
12687,A098664,PROOF,quadratic,papers/12501-13000/12687-PROOF.pdf
12688,A099363,PROOF,quadratic,papers/12501-13000/12688-PROOF.pdf
12689,A100098,PROOF,quadratic,papers/12501-13000/12689-PROOF.pdf
12690,A119975,PROOF,quadratic,papers/12501-13000/12690-PROOF.pdf
12691,A121724,PROOF,quadratic,papers/12501-13000/12691-PROOF.pdf
12692,A121725,PROOF,quadratic,papers/12501-13000/12692-PROOF.pdf
12693,A126931,PROOF,quadratic,papers/12501-13000/12693-PROOF.pdf
12694,A126932,PROOF,quadratic,papers/12501-13000/12694-PROOF.pdf
12695,A127363,PROOF,quadratic,papers/12501-13000/12695-PROOF.pdf
12696,A155051,PROOF,quadratic,papers/12501-13000/12696-PROOF.pdf
12697,A166078,PROOF,quadratic,papers/12501-13000/12697-PROOF.pdf
12698,A166588,PROOF,quadratic,papers/12501-13000/12698-PROOF.pdf
12699,A176006,PROOF,quadratic,papers/12501-13000/12699-PROOF.pdf
12700,A185087,PROOF,quadratic,papers/12501-13000/12700-PROOF.pdf
12701,A190724,PROOF,quadratic,papers/12501-13000/12701-PROOF.pdf
12702,A225887,PROOF,quadratic,papers/12501-13000/12702-PROOF.pdf
12703,A227081,PROOF,quadratic,papers/12501-13000/12703-PROOF.pdf
12704,A257178,PROOF,quadratic,papers/12501-13000/12704-PROOF.pdf
12705,A257388,PROOF,quadratic,papers/12501-13000/12705-PROOF.pdf
12706,A257838,PROOF,quadratic,papers/12501-13000/12706-PROOF.pdf
12707,A001712,PROOF,quadratic,papers/12501-13000/12707-PROOF.pdf
12708,A025175,PROOF,quadratic,papers/12501-13000/12708-PROOF.pdf
12709,A025577,PROOF,quadratic,papers/12501-13000/12709-PROOF.pdf
12710,A026023,PROOF,quadratic,papers/12501-13000/12710-PROOF.pdf
12711,A055217,PROOF,quadratic,papers/12501-13000/12711-PROOF.pdf
12712,A081052,PROOF,quadratic,papers/12501-13000/12712-PROOF.pdf
12713,A103821,PROOF,quadratic,papers/12501-13000/12713-PROOF.pdf
12714,A107231,PROOF,quadratic,papers/12501-13000/12714-PROOF.pdf
12715,A110199,PROOF,quadratic,papers/12501-13000/12715-PROOF.pdf
12716,A116406,PROOF,quadratic,papers/12501-13000/12716-PROOF.pdf
12717,A128734,PROOF,quadratic,papers/12501-13000/12717-PROOF.pdf
12718,A191307,PROOF,quadratic,papers/12501-13000/12718-PROOF.pdf
12719,A278472,PROOF,quadratic,papers/12501-13000/12719-PROOF.pdf
12720,A034863,PROOF,quadratic,papers/12501-13000/12720-PROOF.pdf
12721,A128652,PROOF,quadratic,papers/12501-13000/12721-PROOF.pdf
12722,A174195,PROOF,quadratic,papers/12501-13000/12722-PROOF.pdf
12723,A192480,PROOF,quadratic,papers/12501-13000/12723-PROOF.pdf
12724,A158495,PROOF,quadratic,papers/12501-13000/12724-PROOF.pdf
12725,A189176,PROOF,quadratic,papers/12501-13000/12725-PROOF.pdf
12726,A194724,PROOF,quadratic,papers/12501-13000/12726-PROOF.pdf
12727,A210474,PROOF,quadratic,papers/12501-13000/12727-PROOF.pdf
12728,A262768,PROOF,quadratic,papers/12501-13000/12728-PROOF.pdf
12729,A026029,PROOF,quadratic,papers/12501-13000/12729-PROOF.pdf
12730,A064088,PROOF,quadratic,papers/12501-13000/12730-PROOF.pdf
12731,A064089,PROOF,quadratic,papers/12501-13000/12731-PROOF.pdf
12732,A064090,PROOF,quadratic,papers/12501-13000/12732-PROOF.pdf
12733,A064091,PROOF,quadratic,papers/12501-13000/12733-PROOF.pdf
12734,A064092,PROOF,quadratic,papers/12501-13000/12734-PROOF.pdf
12735,A067299,PROOF,quadratic,papers/12501-13000/12735-PROOF.pdf
12736,A068551,PROOF,quadratic,papers/12501-13000/12736-PROOF.pdf
12737,A080243,PROOF,quadratic,papers/12501-13000/12737-PROOF.pdf
12738,A114191,PROOF,quadratic,papers/12501-13000/12738-PROOF.pdf
12739,A116881,PROOF,quadratic,papers/12501-13000/12739-PROOF.pdf
12740,A122920,PROOF,quadratic,papers/12501-13000/12740-PROOF.pdf
12741,A132864,PROOF,quadratic,papers/12501-13000/12741-PROOF.pdf
12742,A133305,PROOF,quadratic,papers/12501-13000/12742-PROOF.pdf
12743,A133306,PROOF,quadratic,papers/12501-13000/12743-PROOF.pdf
12744,A133307,PROOF,quadratic,papers/12501-13000/12744-PROOF.pdf
12745,A133308,PROOF,quadratic,papers/12501-13000/12745-PROOF.pdf
12746,A141222,PROOF,quadratic,papers/12501-13000/12746-PROOF.pdf
12747,A154623,PROOF,quadratic,papers/12501-13000/12747-PROOF.pdf
12748,A157328,PROOF,quadratic,papers/12501-13000/12748-PROOF.pdf
12749,A158196,PROOF,quadratic,papers/12501-13000/12749-PROOF.pdf
12750,A158197,PROOF,quadratic,papers/12501-13000/12750-PROOF.pdf
12751,A191993,PROOF,quadratic,papers/12501-13000/12751-PROOF.pdf
12752,A225034,PROOF,quadratic,papers/12501-13000/12752-PROOF.pdf
12753,A242172,PROOF,quadratic,papers/12501-13000/12753-PROOF.pdf
12754,A002867,PROOF,quadratic,papers/12501-13000/12754-PROOF.pdf
12755,A014533,PROOF,quadratic,papers/12501-13000/12755-PROOF.pdf
12756,A051524,PROOF,quadratic,papers/12501-13000/12756-PROOF.pdf
12757,A071264,PROOF,quadratic,papers/12501-13000/12757-PROOF.pdf
12758,A081046,PROOF,quadratic,papers/12501-13000/12758-PROOF.pdf
12759,A098519,PROOF,quadratic,papers/12501-13000/12759-PROOF.pdf
12760,A098520,PROOF,quadratic,papers/12501-13000/12760-PROOF.pdf
12761,A101596,PROOF,quadratic,papers/12501-13000/12761-PROOF.pdf
12762,A101601,PROOF,quadratic,papers/12501-13000/12762-PROOF.pdf
12763,A101602,PROOF,quadratic,papers/12501-13000/12763-PROOF.pdf
12764,A111779,PROOF,quadratic,papers/12501-13000/12764-PROOF.pdf
12765,A112703,PROOF,quadratic,papers/12501-13000/12765-PROOF.pdf
12766,A119012,PROOF,quadratic,papers/12501-13000/12766-PROOF.pdf
12767,A128057,PROOF,quadratic,papers/12501-13000/12767-PROOF.pdf
12768,A128746,PROOF,quadratic,papers/12501-13000/12768-PROOF.pdf
12769,A132900,PROOF,quadratic,papers/12501-13000/12769-PROOF.pdf
12770,A151483,PROOF,quadratic,papers/12501-13000/12770-PROOF.pdf
12771,A167481,PROOF,quadratic,papers/12501-13000/12771-PROOF.pdf
12772,A171556,PROOF,quadratic,papers/12501-13000/12772-PROOF.pdf
12773,A176479,PROOF,quadratic,papers/12501-13000/12773-PROOF.pdf
12774,A182401,PROOF,quadratic,papers/12501-13000/12774-PROOF.pdf
12775,A208355,PROOF,quadratic,papers/12501-13000/12775-PROOF.pdf
12776,A210064,PROOF,quadratic,papers/12501-13000/12776-PROOF.pdf
12777,A240558,PROOF,quadratic,papers/12501-13000/12777-PROOF.pdf
12778,A141771,PROOF,quadratic,papers/12501-13000/12778-PROOF.pdf
12779,A176606,PROOF,quadratic,papers/12501-13000/12779-PROOF.pdf
12780,A176607,PROOF,quadratic,papers/12501-13000/12780-PROOF.pdf
12781,A176609,PROOF,quadratic,papers/12501-13000/12781-PROOF.pdf
12782,A176610,PROOF,quadratic,papers/12501-13000/12782-PROOF.pdf
12783,A176611,PROOF,quadratic,papers/12501-13000/12783-PROOF.pdf
12784,A176675,PROOF,quadratic,papers/12501-13000/12784-PROOF.pdf
12785,A176749,PROOF,quadratic,papers/12501-13000/12785-PROOF.pdf
12786,A176750,PROOF,quadratic,papers/12501-13000/12786-PROOF.pdf
12787,A176751,PROOF,quadratic,papers/12501-13000/12787-PROOF.pdf
12788,A176752,PROOF,quadratic,papers/12501-13000/12788-PROOF.pdf
12789,A176753,PROOF,quadratic,papers/12501-13000/12789-PROOF.pdf
12790,A176754,PROOF,quadratic,papers/12501-13000/12790-PROOF.pdf
12791,A176755,PROOF,quadratic,papers/12501-13000/12791-PROOF.pdf
12792,A176756,PROOF,quadratic,papers/12501-13000/12792-PROOF.pdf
12793,A176757,PROOF,quadratic,papers/12501-13000/12793-PROOF.pdf
12794,A176759,PROOF,quadratic,papers/12501-13000/12794-PROOF.pdf
12795,A176828,PROOF,quadratic,papers/12501-13000/12795-PROOF.pdf
12796,A176829,PROOF,quadratic,papers/12501-13000/12796-PROOF.pdf
12797,A176830,PROOF,quadratic,papers/12501-13000/12797-PROOF.pdf
12798,A176832,PROOF,quadratic,papers/12501-13000/12798-PROOF.pdf
12799,A176854,PROOF,quadratic,papers/12501-13000/12799-PROOF.pdf
12800,A176855,PROOF,quadratic,papers/12501-13000/12800-PROOF.pdf
12801,A176856,PROOF,quadratic,papers/12501-13000/12801-PROOF.pdf
12802,A176857,PROOF,quadratic,papers/12501-13000/12802-PROOF.pdf
12803,A176858,PROOF,quadratic,papers/12501-13000/12803-PROOF.pdf
12804,A176859,PROOF,quadratic,papers/12501-13000/12804-PROOF.pdf
12805,A176952,PROOF,quadratic,papers/12501-13000/12805-PROOF.pdf
12806,A176953,PROOF,quadratic,papers/12501-13000/12806-PROOF.pdf
12807,A176956,PROOF,quadratic,papers/12501-13000/12807-PROOF.pdf
12808,A176957,PROOF,quadratic,papers/12501-13000/12808-PROOF.pdf
12809,A176958,PROOF,quadratic,papers/12501-13000/12809-PROOF.pdf
12810,A176959,PROOF,quadratic,papers/12501-13000/12810-PROOF.pdf
12811,A176962,PROOF,quadratic,papers/12501-13000/12811-PROOF.pdf
12812,A176964,PROOF,quadratic,papers/12501-13000/12812-PROOF.pdf
12813,A176966,PROOF,quadratic,papers/12501-13000/12813-PROOF.pdf
12814,A176967,PROOF,quadratic,papers/12501-13000/12814-PROOF.pdf
12815,A177123,PROOF,quadratic,papers/12501-13000/12815-PROOF.pdf
12816,A177124,PROOF,quadratic,papers/12501-13000/12816-PROOF.pdf
12817,A177125,PROOF,quadratic,papers/12501-13000/12817-PROOF.pdf
12818,A177126,PROOF,quadratic,papers/12501-13000/12818-PROOF.pdf
12819,A177127,PROOF,quadratic,papers/12501-13000/12819-PROOF.pdf
12820,A177128,PROOF,quadratic,papers/12501-13000/12820-PROOF.pdf
12821,A177129,PROOF,quadratic,papers/12501-13000/12821-PROOF.pdf
12822,A177130,PROOF,quadratic,papers/12501-13000/12822-PROOF.pdf
12823,A177131,PROOF,quadratic,papers/12501-13000/12823-PROOF.pdf
12824,A177163,PROOF,quadratic,papers/12501-13000/12824-PROOF.pdf
12825,A177165,PROOF,quadratic,papers/12501-13000/12825-PROOF.pdf
12826,A177166,PROOF,quadratic,papers/12501-13000/12826-PROOF.pdf
12827,A177167,PROOF,quadratic,papers/12501-13000/12827-PROOF.pdf
12828,A177168,PROOF,quadratic,papers/12501-13000/12828-PROOF.pdf
12829,A177169,PROOF,quadratic,papers/12501-13000/12829-PROOF.pdf
12830,A177170,PROOF,quadratic,papers/12501-13000/12830-PROOF.pdf
12831,A177171,PROOF,quadratic,papers/12501-13000/12831-PROOF.pdf
12832,A177172,PROOF,quadratic,papers/12501-13000/12832-PROOF.pdf
12833,A177175,PROOF,quadratic,papers/12501-13000/12833-PROOF.pdf
12834,A177177,PROOF,quadratic,papers/12501-13000/12834-PROOF.pdf
12835,A177178,PROOF,quadratic,papers/12501-13000/12835-PROOF.pdf
12836,A177179,PROOF,quadratic,papers/12501-13000/12836-PROOF.pdf
12837,A177180,PROOF,quadratic,papers/12501-13000/12837-PROOF.pdf
12838,A177181,PROOF,quadratic,papers/12501-13000/12838-PROOF.pdf
12839,A177182,PROOF,quadratic,papers/12501-13000/12839-PROOF.pdf
12840,A177183,PROOF,quadratic,papers/12501-13000/12840-PROOF.pdf
12841,A177184,PROOF,quadratic,papers/12501-13000/12841-PROOF.pdf
12842,A177185,PROOF,quadratic,papers/12501-13000/12842-PROOF.pdf
12843,A177197,PROOF,quadratic,papers/12501-13000/12843-PROOF.pdf
12844,A177198,PROOF,quadratic,papers/12501-13000/12844-PROOF.pdf
12845,A177199,PROOF,quadratic,papers/12501-13000/12845-PROOF.pdf
12846,A177200,PROOF,quadratic,papers/12501-13000/12846-PROOF.pdf
12847,A177203,PROOF,quadratic,papers/12501-13000/12847-PROOF.pdf
12848,A081670,PROOF,closedform-name,papers/12501-13000/12848-PROOF.pdf
12849,A085781,PROOF,closedform-name,papers/12501-13000/12849-PROOF.pdf
12850,A026019,PROOF,closedform-name,papers/12501-13000/12850-PROOF.pdf
12851,A052183,PROOF,closedform-name,papers/12501-13000/12851-PROOF.pdf
12852,A052204,PROOF,closedform-name,papers/12501-13000/12852-PROOF.pdf
12853,A157713,PROOF,closedform-name,papers/12501-13000/12853-PROOF.pdf
12854,A049486,PROOF,closedform,papers/12501-13000/12854-PROOF.pdf
12855,A126501,PROOF,closedform,papers/12501-13000/12855-PROOF.pdf
12856,A248434,PROOF,closedform,papers/12501-13000/12856-PROOF.pdf
12857,A126089,PROOF,ore-complete,papers/12501-13000/12857-PROOF.pdf
12858,A025271,PROOF,ore,papers/12501-13000/12858-PROOF.pdf
12859,A138164,PROOF,ore,papers/12501-13000/12859-PROOF.pdf
12860,A143017,PROOF,ore,papers/12501-13000/12860-PROOF.pdf
12861,A159772,PROOF,ore,papers/12501-13000/12861-PROOF.pdf
12862,A000986,PROOF,ore,papers/12501-13000/12862-PROOF.pdf
12863,A022917,PROOF,ore,papers/12501-13000/12863-PROOF.pdf
12864,A217447,PROOF,ore,papers/12501-13000/12864-PROOF.pdf
12865,A226302,PROOF,ore,papers/12501-13000/12865-PROOF.pdf
12866,A245088,PROOF,ore,papers/12501-13000/12866-PROOF.pdf
12867,A026165,PROOF,ore,papers/12501-13000/12867-PROOF.pdf
12868,A185966,PROOF,ore,papers/12501-13000/12868-PROOF.pdf
12869,A200753,PROOF,ore,papers/12501-13000/12869-PROOF.pdf
12870,A217358,PROOF,ore,papers/12501-13000/12870-PROOF.pdf
12871,A228960,PROOF,ore,papers/12501-13000/12871-PROOF.pdf
12872,A003435,PROOF,ore,papers/12501-13000/12872-PROOF.pdf
12873,A228331,PROOF,ore,papers/12501-13000/12873-PROOF.pdf
12874,A273019,PROOF,ore,papers/12501-13000/12874-PROOF.pdf
12875,A386834,PROOF,ore,papers/12501-13000/12875-PROOF.pdf
12876,A228330,PROOF,ore,papers/12501-13000/12876-PROOF.pdf
12877,A228333,PROOF,ore,papers/12501-13000/12877-PROOF.pdf
